datetime,tcc,lcc,mcc,hcc,temperature_2m,relative_humidity_2m,dew_point_2m,surface_pressure,wind_gusts_10m,u10,v10
2017-01-01 00:00:00,0.08,0.01,0.04,0.28,21.6,83.0,18.6,1005.0,15.8,1.113384807680527,-7.922144549932562
2017-01-01 01:00:00,0.21,0.01,0.2,0.13,21.2,85.0,18.6,1004.3,15.1,2.225843787881678,-8.306962106085987
2017-01-01 02:00:00,0.07,0.22,0.36,0.0,20.9,86.0,18.5,1003.9,15.1,2.8649997592229792,-8.320563465273988
2017-01-01 03:00:00,0.16,0.1,0.26,0.0,20.7,87.0,18.5,1003.5,15.8,4.9961746444860236,-6.876644452187052
2017-01-01 04:00:00,0.21,0.13,0.23,0.01,20.6,87.0,18.4,1003.2,16.9,4.366085533908785,-8.211412613588022
2017-01-01 05:00:00,0.5,0.17,0.08,0.39,21.2,85.0,18.6,1003.7,18.0,2.952954217699645,-9.658678035226657
2017-01-01 06:00:00,0.21,0.05,0.01,0.17,21.8,83.0,18.8,1004.4,18.7,-0.7533699164365533,-10.773691742806102
2017-01-01 07:00:00,0.69,0.03,0.0,0.67,23.5,76.0,19.0,1005.5,24.5,-3.2417534010355475,-13.001962732098352
2017-01-01 08:00:00,0.68,0.03,0.03,0.67,25.8,68.0,19.4,1006.5,34.9,-4.970318980286525,-16.2571808513716
2017-01-01 09:00:00,0.75,0.02,0.01,0.75,27.5,61.0,19.3,1007.1,35.6,-4.573451516749222,-14.075636441168273
2017-01-01 10:00:00,0.72,0.13,0.01,0.69,29.5,52.0,18.8,1006.7,33.1,-6.1371960550470845,-12.583116648188339
2017-01-01 11:00:00,0.52,0.22,0.01,0.39,31.5,46.0,18.3,1005.8,36.0,-9.110671410533334,-12.539763412811686
2017-01-01 12:00:00,0.45,0.22,0.05,0.31,32.7,41.0,17.6,1004.1,36.0,-10.093575728924979,-10.824034783963723
2017-01-01 13:00:00,0.53,0.44,0.19,0.08,33.5,36.0,16.1,1002.6,34.6,-10.480543022969403,-8.188297621831255
2017-01-01 14:00:00,0.43,0.0,0.43,0.0,33.5,34.0,15.5,1001.4,32.0,-12.22684500917257,-2.598896135221993
2017-01-01 15:00:00,0.91,0.0,0.76,0.62,30.1,61.0,21.9,1000.9,42.5,-19.791905041740677,7.597400530360366
2017-01-01 16:00:00,0.98,0.0,0.2,0.98,29.4,60.0,20.7,1001.1,43.6,-19.032981579578713,5.457619645176582
2017-01-01 17:00:00,1.0,0.0,0.02,0.98,28.4,62.0,20.5,1001.4,39.2,-14.748495039395145,3.67721281311495
2017-01-01 18:00:00,1.0,0.0,0.0,1.0,26.8,71.0,21.1,1002.0,28.4,-11.85817897394164,3.6254091385619347
2017-01-01 19:00:00,1.0,0.0,0.01,1.0,26.1,73.0,21.0,1003.1,25.6,-14.094155353306771,-1.7305446763530943
2017-01-01 20:00:00,1.0,0.0,0.0,1.0,25.5,75.0,20.7,1004.4,25.9,-13.331811915950366,-4.59051097784591
2017-01-01 21:00:00,1.0,0.01,0.0,1.0,24.9,80.0,21.2,1005.5,25.2,-12.229903587113343,-4.694620139043435
2017-01-01 22:00:00,0.98,0.0,0.0,0.98,24.5,83.0,21.5,1005.8,23.8,-8.683011669463312,-6.079910225321088
2017-01-01 23:00:00,1.0,0.14,0.0,0.99,24.3,85.0,21.6,1005.5,19.1,-2.902780391316932,-7.5620014546273335
2017-01-02 00:00:00,0.98,0.14,0.0,0.97,24.1,86.0,21.7,1005.0,15.1,-1.8221035401853065,-7.892397524760405
2017-01-02 01:00:00,0.99,0.26,0.0,0.97,24.0,87.0,21.7,1004.4,16.2,-1.8296228791962823,-8.607698886457491
2017-01-02 02:00:00,0.97,0.34,0.03,0.97,24.0,86.0,21.5,1003.7,20.9,-2.8788705576360463,-11.546519142684359
2017-01-02 03:00:00,0.96,0.45,0.07,0.95,23.6,86.0,21.2,1003.4,21.6,-2.101142949769857,-11.916173811447717
2017-01-02 04:00:00,0.98,0.27,0.08,0.97,23.8,84.0,21.0,1003.5,22.0,-0.40134421207876114,-11.492994510719601
2017-01-02 05:00:00,0.98,0.34,0.0,0.94,23.6,85.0,21.0,1004.2,21.2,2.204364238465236e-15,-9.0
2017-01-02 06:00:00,1.0,0.88,0.01,0.96,24.1,83.0,21.0,1004.9,18.0,0.655710853194781,-9.377102072442348
2017-01-02 07:00:00,0.96,0.26,0.06,0.96,25.0,77.0,20.8,1005.5,24.8,-2.158795617555186,-13.630099100212902
2017-01-02 08:00:00,0.93,0.16,0.02,0.93,26.5,69.0,20.4,1006.6,33.1,-3.576721764067454,-15.49248403008524
2017-01-02 09:00:00,0.88,0.05,0.01,0.88,28.1,61.0,19.8,1006.7,34.2,-3.4867413423299074,-15.102736004171147
2017-01-02 10:00:00,0.87,0.13,0.04,0.84,29.8,52.0,19.0,1006.5,35.6,-4.437761428653687,-15.476313304606936
2017-01-02 11:00:00,0.9,0.09,0.04,0.9,31.2,46.0,18.4,1005.9,36.0,-4.619472934619242,-15.10961514421596
2017-01-02 12:00:00,0.36,0.14,0.15,0.21,31.8,42.0,17.4,1004.9,36.0,-5.394334945189133,-13.351447505761739
2017-01-02 13:00:00,0.23,0.19,0.15,0.01,33.0,38.0,16.7,1003.4,34.2,-7.24369916569986,-11.154318553674141
2017-01-02 14:00:00,0.22,0.03,0.21,0.0,34.0,35.0,16.2,1002.1,31.7,-7.866504888122967,-9.714324518212136
2017-01-02 15:00:00,0.16,0.0,0.16,0.0,33.3,35.0,15.8,1001.4,30.2,-12.267257993871167,-3.2870018728020134
2017-01-02 16:00:00,0.24,0.0,0.24,0.0,29.1,60.0,20.5,1001.6,42.1,-17.947550154032072,11.655275349321581
2017-01-02 17:00:00,0.03,0.0,0.06,0.83,27.4,65.0,20.1,1002.5,42.5,-16.15094137840159,6.199765527133695
2017-01-02 18:00:00,0.08,0.0,0.06,0.02,25.9,75.0,21.1,1002.8,32.0,-15.812898136355546,1.6620025659556916
2017-01-02 19:00:00,0.01,0.0,0.01,0.0,26.1,76.0,21.6,1004.0,33.5,-18.02198188012341,-3.177761651304827
2017-01-02 20:00:00,0.02,0.0,0.02,0.0,25.8,76.0,21.1,1005.3,33.5,-15.854843913092067,-6.405772747412095
2017-01-02 21:00:00,0.06,0.0,0.06,0.0,25.0,80.0,21.3,1006.0,31.3,-14.708081868045875,-6.548459953520384
2017-01-02 22:00:00,0.26,0.01,0.26,0.0,24.7,82.0,21.4,1006.4,28.8,-10.064046815345089,-6.5356684201803255
2017-01-02 23:00:00,0.34,0.04,0.33,0.0,24.1,84.0,21.3,1006.4,20.9,1.0611580849203348,-3.96029588778518
2017-01-03 00:00:00,0.3,0.24,0.16,0.0,24.1,84.0,21.3,1005.8,8.6,1.7489675652259407,-3.9282454678631837
2017-01-03 01:00:00,0.38,0.37,0.02,0.04,24.2,83.0,21.1,1005.1,12.6,1.7634913907721887e-15,-7.2
2017-01-03 02:00:00,0.86,0.83,0.01,0.1,24.0,82.0,20.8,1004.4,15.5,1.4586446924022154,-8.272385125302547
2017-01-03 03:00:00,0.36,0.35,0.0,0.01,23.8,83.0,20.7,1004.1,16.2,1.423553631866103,-8.987963899415753
2017-01-03 04:00:00,0.13,0.13,0.0,0.0,23.6,83.0,20.5,1004.1,18.4,0.35248491669525833,-10.093847352892867
2017-01-03 05:00:00,0.08,0.14,0.0,0.7,23.6,83.0,20.5,1004.7,18.4,2.375814790345865e-15,-9.7
2017-01-03 06:00:00,0.8,0.13,0.0,0.77,23.6,82.0,20.4,1005.3,18.4,0.32805526900350773,-9.394273773979501
2017-01-03 07:00:00,0.91,0.39,0.0,0.85,24.4,79.0,20.5,1006.0,22.0,-1.0720156357961954,-12.253194786528471
2017-01-03 08:00:00,0.94,0.43,0.0,0.89,26.1,68.0,19.8,1006.8,33.5,-5.33931773309737,-15.506504639828796
2017-01-03 09:00:00,0.93,0.23,0.0,0.89,27.6,59.0,19.0,1007.1,34.2,-6.0954056044326705,-14.35987571385807
2017-01-03 10:00:00,0.86,0.07,0.0,0.84,29.5,50.0,18.1,1006.6,34.2,-6.043441142892003,-12.960201354624095
2017-01-03 11:00:00,0.8,0.0,0.0,0.8,31.0,45.0,17.6,1006.1,33.1,-5.856477446640154,-11.493984162029946
2017-01-03 12:00:00,0.78,0.16,0.15,0.76,32.5,39.0,16.8,1004.7,32.0,-5.72028029671829,-11.226682204773436
2017-01-03 13:00:00,0.62,0.16,0.12,0.54,33.2,35.0,15.9,1002.9,31.7,-6.077449283938639,-10.114574148284927
2017-01-03 14:00:00,0.24,0.0,0.24,0.0,34.2,32.0,15.1,1001.6,30.2,-7.572636146505597,-9.69253226936268
2017-01-03 15:00:00,0.17,0.0,0.17,0.0,33.3,35.0,15.9,1000.9,31.3,-13.31479122813215,-4.326237921249264
2017-01-03 16:00:00,0.0,0.0,0.0,0.0,30.0,55.0,19.9,1001.0,38.2,-17.66622127077508,6.429978694522572
2017-01-03 17:00:00,0.0,0.0,0.01,0.0,28.5,58.0,19.5,1001.5,37.8,-14.378193193978237,2.5352633939371825
2017-01-03 18:00:00,0.01,0.0,0.01,0.0,27.1,72.0,21.8,1002.1,28.4,-14.420676958821483,3.3292756042892027
2017-01-03 19:00:00,0.01,0.01,0.01,0.0,25.6,80.0,22.0,1003.1,28.1,-14.380265300465863,-0.7536377698983932
2017-01-03 20:00:00,0.03,0.02,0.02,0.0,25.3,86.0,22.8,1004.3,28.4,-14.380265300465863,-0.7536377698983932
2017-01-03 21:00:00,0.18,0.03,0.04,0.14,25.0,85.0,22.2,1005.1,26.3,-8.337387673787106,-1.023702484603239
2017-01-03 22:00:00,0.28,0.03,0.08,0.22,24.5,86.0,22.0,1006.0,14.4,-1.8364363038995868,-4.32637281122647
2017-01-03 23:00:00,0.62,0.1,0.15,0.53,24.5,82.0,21.1,1005.8,9.7,-1.7613968679372003,-5.421022142882375
2017-01-04 00:00:00,0.9,0.13,0.03,0.87,24.1,81.0,20.8,1005.3,11.9,-3.634753872559855,-5.388744221607771
2017-01-04 01:00:00,0.88,0.2,0.01,0.83,23.5,84.0,20.7,1004.4,11.5,-1.079765060850552,-4.676976310969129
2017-01-04 02:00:00,0.98,0.29,0.0,0.97,23.1,86.0,20.6,1004.0,8.6,1.0797650608505536,-4.6769763109691285
2017-01-04 03:00:00,0.98,0.21,0.0,0.97,23.0,86.0,20.5,1003.7,10.4,1.0766187015349684,-6.10580806867569
2017-01-04 04:00:00,0.94,0.07,0.01,0.94,22.9,85.0,20.1,1003.8,12.6,0.7526049355271046,-7.160557646651568
2017-01-04 05:00:00,0.51,0.06,0.0,0.87,22.5,86.0,19.9,1004.3,14.0,-0.662383644882202,-7.571079705497266
2017-01-04 06:00:00,0.92,0.05,0.01,0.92,22.8,80.0,19.2,1004.9,15.5,-1.7672493719509543,-8.314254606237348
2017-01-04 07:00:00,0.21,0.0,0.0,0.21,24.0,70.0,18.2,1006.0,19.1,-3.2833933759264196,-9.02104915954472
2017-01-04 08:00:00,0.02,0.0,0.0,0.02,26.0,59.0,17.4,1006.7,25.9,-2.8987733051482323,-10.818369254437565
2017-01-04 09:00:00,0.0,0.0,0.0,0.0,27.9,48.0,15.8,1006.8,26.6,-3.2755801403744425,-10.081199072728626
2017-01-04 10:00:00,0.0,0.0,0.0,0.0,29.8,40.0,14.9,1006.2,29.9,-4.727846654720213,-11.138108726774528
2017-01-04 11:00:00,0.0,0.0,0.0,0.0,31.5,35.0,14.2,1005.5,34.2,-7.630837404958151,-12.211892584652533
2017-01-04 12:00:00,0.0,0.0,0.0,0.0,33.0,31.0,13.8,1004.0,36.7,-9.062507694346529,-12.94260229976607
2017-01-04 13:00:00,0.13,0.0,0.03,0.1,33.5,30.0,13.6,1002.3,36.7,-12.979329615026224,-6.901231972952595
2017-01-04 14:00:00,0.55,0.01,0.41,0.28,31.1,49.0,19.0,1001.6,40.3,-17.975593714046564,5.154418553777882
2017-01-04 15:00:00,0.29,0.0,0.2,0.11,29.8,47.0,17.4,1001.3,43.2,-18.410097069048806,7.814622569785476
2017-01-04 16:00:00,0.01,0.0,0.01,0.0,29.4,47.0,16.8,1001.2,42.1,-16.19808878576026,2.565525226659785
2017-01-04 17:00:00,0.72,0.0,0.0,0.04,27.4,55.0,17.5,1001.8,36.0,-19.79698436409655,-0.34555764745821527
2017-01-04 18:00:00,0.02,0.0,0.0,0.02,25.6,70.0,19.7,1001.9,37.1,-19.772864788140563,-1.0362519336102907
2017-01-04 19:00:00,0.02,0.0,0.0,0.02,25.5,73.0,20.2,1003.3,36.0,-16.933583975480854,-2.3798600264171195
2017-01-04 20:00:00,0.17,0.0,0.0,0.17,25.2,63.0,17.8,1004.6,31.3,-12.575397055470914,-4.330056454280185
2017-01-04 21:00:00,0.44,0.01,0.0,0.44,24.5,65.0,17.5,1005.6,23.8,-7.5442419102508795,-5.088655421583796
2017-01-04 22:00:00,0.53,0.02,0.0,0.53,23.7,71.0,18.1,1006.1,15.8,-1.7918397477265013,-4.667902132486009
2017-01-04 23:00:00,0.96,0.02,0.0,0.96,23.1,74.0,18.3,1005.7,8.3,1.2246467991473533e-15,-5.0
2017-01-05 00:00:00,0.55,0.01,0.0,0.55,22.9,77.0,18.5,1005.1,9.0,0.37668495821827847,-5.386845871403051
2017-01-05 01:00:00,0.04,0.04,0.0,0.0,22.6,78.0,18.6,1004.1,10.1,2.8637765329939335,-5.385980316439454
2017-01-05 02:00:00,0.11,0.11,0.0,0.0,22.2,79.0,18.5,1003.1,10.4,3.2447398719333433,-5.400153994423306
2017-01-05 03:00:00,0.08,0.08,0.0,0.0,22.1,80.0,18.5,1002.7,12.6,2.4967470462773806,-6.859756131737131
2017-01-05 04:00:00,0.12,0.12,0.0,0.0,21.9,81.0,18.4,1002.8,13.0,2.1927877854205287,-7.172285669722765
2017-01-05 05:00:00,0.15,0.17,0.0,0.0,22.0,81.0,18.5,1004.3,14.4,3.2687315981247385,-6.415246974156248
2017-01-05 06:00:00,0.26,0.23,0.0,0.03,22.1,79.0,18.2,1004.7,13.7,3.213219480298821,-7.217009115376547
2017-01-05 07:00:00,0.23,0.19,0.0,0.05,23.6,72.0,18.4,1005.8,19.4,2.588190451025207,-9.659258262890683
2017-01-05 08:00:00,0.42,0.16,0.0,0.32,25.5,66.0,18.7,1006.4,29.9,-3.314329969715448,-13.293051449981151
2017-01-05 09:00:00,0.51,0.19,0.0,0.42,27.1,55.0,17.4,1006.8,30.6,-5.040431557511631,-11.874512609536481
2017-01-05 10:00:00,0.87,0.29,0.0,0.8,29.1,47.0,16.5,1006.4,33.1,-7.996458519631681,-11.855237287537097
2017-01-05 11:00:00,0.98,0.49,0.11,0.98,31.0,40.0,15.8,1005.6,35.6,-8.224049428726909,-12.663925575975902
2017-01-05 12:00:00,0.88,0.36,0.65,0.7,32.1,36.0,15.0,1004.2,37.4,-9.34929591252205,-13.352178321910566
2017-01-05 13:00:00,0.78,0.0,0.41,0.63,33.0,32.0,14.1,1002.5,37.4,-10.027486711110011,-11.950293312656056
2017-01-05 14:00:00,0.5,0.0,0.5,0.03,32.9,31.0,13.8,1001.5,36.0,-14.093194589415168,-5.694020219921861
2017-01-05 15:00:00,0.0,0.0,0.0,0.0,29.8,54.0,19.5,1001.0,42.5,-19.8014794389259,5.305790424601677
2017-01-05 16:00:00,0.04,0.0,0.04,0.0,28.9,50.0,17.5,1001.0,44.3,-18.743573216875497,5.730485412565639
2017-01-05 17:00:00,0.0,0.0,0.0,0.0,26.5,63.0,19.0,1001.5,39.6,-21.183316371344223,2.2264562676010207
2017-01-05 18:00:00,0.0,0.0,0.0,0.0,25.5,72.0,20.0,1001.5,40.3,-20.5,-1.255262969126037e-15
2017-01-05 19:00:00,0.0,0.0,0.0,0.0,25.4,75.0,20.5,1002.8,37.4,-17.626771623599954,-2.4772811970891655
2017-01-05 20:00:00,0.03,0.0,0.03,0.0,25.1,67.0,18.6,1003.9,32.4,-15.476313304606936,-4.437761428653687
2017-01-05 21:00:00,0.05,0.0,0.05,0.0,24.8,63.0,17.1,1004.4,28.8,-12.960201354624095,-6.043441142892003
2017-01-05 22:00:00,0.03,0.0,0.03,0.0,24.1,67.0,17.5,1004.8,25.9,-8.980088637561916,-6.524416300446451
2017-01-05 23:00:00,0.09,0.0,0.09,0.0,23.5,71.0,17.9,1005.0,20.2,-3.211898789229316,-6.887939181478539
2017-01-06 00:00:00,0.01,0.01,0.01,0.0,22.9,74.0,18.0,1004.7,13.3,-0.7068421917498553,-5.756767679519667
2017-01-06 01:00:00,0.02,0.02,0.0,0.0,22.5,76.0,18.0,1003.8,9.7,-0.40458754771592675,-5.78587149150698
2017-01-06 02:00:00,0.08,0.08,0.0,0.0,22.5,76.0,18.0,1002.9,13.3,1.469229264399394,-7.558529312547013
2017-01-06 03:00:00,0.25,0.25,0.0,0.0,22.5,76.0,18.1,1002.4,14.8,3.2039952536120455,-7.548139798310009
2017-01-06 04:00:00,0.24,0.24,0.0,0.0,22.3,78.0,18.2,1002.4,14.4,2.4967470462773806,-6.859756131737131
2017-01-06 05:00:00,0.36,0.86,0.0,0.0,22.5,75.0,17.9,1003.0,13.0,1.8221035401853092,-7.892397524760404
2017-01-06 06:00:00,0.62,0.62,0.0,0.0,22.8,74.0,17.9,1003.7,15.8,1.376623292354034,-8.691657397237211
2017-01-06 07:00:00,0.95,0.95,0.0,0.0,24.0,71.0,18.5,1005.0,22.0,-1.0110066158728348,-11.555858497864248
2017-01-06 08:00:00,0.59,0.59,0.0,0.0,25.5,66.0,18.8,1005.9,31.7,-7.175182379645789,-12.944371665663057
2017-01-06 09:00:00,0.24,0.24,0.0,0.0,27.1,58.0,18.1,1006.6,32.8,-7.951729911219395,-12.24459029200319
2017-01-06 10:00:00,0.15,0.15,0.0,0.0,28.5,50.0,17.0,1005.9,32.8,-7.516018683207374,-11.573653837646852
2017-01-06 11:00:00,0.33,0.31,0.0,0.03,30.7,41.0,16.1,1005.2,34.6,-8.276054971367055,-12.269756073814618
2017-01-06 12:00:00,0.41,0.3,0.31,0.13,31.9,37.0,15.2,1003.7,36.4,-8.319732448461316,-13.314355109655887
2017-01-06 13:00:00,0.18,0.02,0.16,0.02,33.2,32.0,14.4,1001.9,36.7,-8.640443208699354,-11.892549817311727
2017-01-06 14:00:00,0.37,0.0,0.37,0.0,31.1,44.0,17.5,1001.1,37.4,-17.679621296652964,2.8001769242201315
2017-01-06 15:00:00,0.0,0.0,0.0,0.0,28.0,55.0,18.0,1000.8,51.8,-22.631565714384543,11.531358693384487
2017-01-06 16:00:00,0.08,0.0,0.08,0.0,28.2,54.0,18.0,1000.7,50.4,-20.95550497145535,6.00889435681058
2017-01-06 17:00:00,0.0,0.0,0.0,0.0,26.6,59.0,18.0,1001.4,43.2,-19.06238497348616,3.019185175276455
2017-01-06 18:00:00,0.0,0.0,0.0,0.0,25.6,66.0,18.9,1001.5,36.7,-17.989034886343724,0.6281909406450172
2017-01-06 19:00:00,0.01,0.0,0.01,0.0,25.5,68.0,19.1,1002.7,33.1,-15.803013449522204,-2.502951440643695
2017-01-06 20:00:00,0.05,0.0,0.05,0.0,25.0,68.0,18.8,1004.0,29.2,-12.22684500917257,-2.598896135221993
2017-01-06 21:00:00,0.05,0.0,0.05,0.0,24.7,70.0,18.9,1005.0,22.3,-7.8859391664594325,-4.738350289172498
2017-01-06 22:00:00,0.12,0.06,0.08,0.0,23.9,77.0,19.6,1005.4,16.6,-1.1110124779463997,-3.6339580726595346
2017-01-06 23:00:00,0.05,0.04,0.04,0.0,23.8,77.0,19.5,1005.3,12.2,1.0793978087775948,-6.81504955010645
2017-01-07 00:00:00,0.06,0.06,0.04,0.0,23.2,79.0,19.4,1004.6,12.6,1.592040838891559e-15,-6.5
2017-01-07 01:00:00,0.22,0.2,0.18,0.0,23.1,80.0,19.5,1003.8,11.5,-0.7068421917498553,-5.756767679519667
2017-01-07 02:00:00,0.12,0.12,0.07,0.0,22.9,82.0,19.7,1002.7,11.2,-1.0766187015349682,-6.10580806867569
2017-01-07 03:00:00,0.18,0.17,0.1,0.0,22.6,84.0,19.8,1002.3,11.2,-1.0324674692655236,-6.518743047927909
2017-01-07 04:00:00,0.26,0.11,0.05,0.16,22.1,87.0,19.8,1002.1,11.5,-1.4171916423663495,-6.1385314081469815
2017-01-07 05:00:00,0.19,0.21,0.02,0.79,22.5,87.0,20.1,1002.5,11.2,-1.4326213531414103,-4.685893304218874
2017-01-07 06:00:00,0.87,0.43,0.2,0.7,22.5,87.0,20.2,1003.0,11.5,-2.472403516545019,-6.1194134401407965
2017-01-07 07:00:00,0.54,0.16,0.12,0.41,23.6,82.0,20.4,1004.1,17.3,-4.040515447681967,-7.929958065276475
2017-01-07 08:00:00,0.24,0.16,0.04,0.08,25.2,73.0,20.0,1005.0,27.0,-7.281961780139784,-9.663489671572243
2017-01-07 09:00:00,0.21,0.2,0.08,0.0,26.9,62.0,19.1,1005.2,28.4,-6.542556970607738,-9.699739598893988
2017-01-07 10:00:00,0.23,0.23,0.04,0.0,28.9,49.0,17.2,1004.7,29.9,-6.077449283938639,-10.114574148284927
2017-01-07 11:00:00,0.18,0.18,0.05,0.0,30.3,41.0,15.4,1003.8,29.9,-6.818308926592688,-9.38459713474939
2017-01-07 12:00:00,0.0,0.0,0.0,0.0,31.4,36.0,14.4,1002.5,29.9,-6.538771374401925,-9.338333304894507
2017-01-07 13:00:00,0.24,0.06,0.04,0.18,32.7,33.0,14.1,1000.8,31.3,-7.284420741658284,-10.403230962470195
2017-01-07 14:00:00,0.12,0.02,0.07,0.05,31.9,39.0,16.1,999.8,35.6,-16.141369520487597,-2.268521545649067
2017-01-07 15:00:00,0.02,0.0,0.02,0.0,29.0,54.0,18.6,999.4,46.4,-21.63673850887513,5.797546610296466
2017-01-07 16:00:00,0.0,0.0,0.0,0.0,27.9,56.0,18.2,999.1,46.4,-20.543917484378866,3.2538368728368012
2017-01-07 17:00:00,0.0,0.0,0.0,0.0,26.4,62.0,18.6,999.5,42.1,-19.8,-1.2124003311558797e-15
2017-01-07 18:00:00,0.0,0.0,0.0,0.0,24.6,71.0,19.1,999.7,37.1,-17.975927798831506,2.847107263732201
2017-01-07 19:00:00,0.0,0.0,0.0,0.0,24.8,74.0,19.8,1000.8,33.5,-18.4,-1.1266750552155648e-15
2017-01-07 20:00:00,0.0,0.0,0.0,0.0,24.6,72.0,19.2,1001.9,33.1,-15.161287811373986,-3.2226312076752714
2017-01-07 21:00:00,0.01,0.0,0.01,0.0,24.1,73.0,19.0,1002.5,28.4,-10.73871500692704,-6.200000000000002
2017-01-07 22:00:00,0.05,0.0,0.05,0.0,23.0,78.0,19.0,1003.1,22.3,1.3226185430791415e-15,-5.4
2017-01-07 23:00:00,0.48,0.08,0.11,0.42,23.1,76.0,18.6,1003.1,11.5,4.680663690362691,-4.364789504399992
2017-01-08 00:00:00,0.77,0.07,0.07,0.75,23.0,75.0,18.4,1003.0,11.5,0.3401837155791384,-6.49109197590473
2017-01-08 01:00:00,0.86,0.06,0.0,0.85,23.0,75.0,18.2,1002.4,11.9,-1.484676958669509,-6.430842427582553
2017-01-08 02:00:00,0.1,0.1,0.0,0.0,22.4,78.0,18.2,1001.7,11.9,-0.6794350112397476,-6.4643923198937765
2017-01-08 03:00:00,0.12,0.12,0.05,0.0,22.1,79.0,18.2,1001.4,11.5,1.4940690949597709e-15,-6.1
2017-01-08 04:00:00,0.11,0.1,0.04,0.0,21.5,82.0,18.3,1001.6,10.4,1.0811407922523513,-5.086367523815789
2017-01-08 05:00:00,0.11,0.01,0.0,0.0,21.2,86.0,18.9,1002.0,9.0,-0.3747696938149301,-4.283637201794505
2017-01-08 06:00:00,0.02,0.02,0.0,0.0,21.5,85.0,18.8,1002.6,9.0,-0.7097828148963337,-5.050367150582009
2017-01-08 07:00:00,0.08,0.08,0.0,0.0,23.0,76.0,18.5,1003.9,14.8,-0.721246396546809,-6.862201078041086
2017-01-08 08:00:00,0.58,0.14,0.0,0.49,25.2,64.0,18.0,1004.6,23.4,-4.585304047369423,-8.999165894302516
2017-01-08 09:00:00,0.85,0.19,0.0,0.81,27.1,55.0,17.4,1004.6,28.1,-7.199221228489239,-8.579697762932554
2017-01-08 10:00:00,0.84,0.14,0.0,0.81,29.0,46.0,16.3,1004.2,30.6,-7.281961780139784,-9.663489671572243
2017-01-08 11:00:00,0.7,0.17,0.0,0.63,30.5,40.0,15.4,1003.2,31.0,-7.2648054088427685,-9.29852689255932
2017-01-08 12:00:00,0.56,0.04,0.0,0.55,32.1,35.0,14.6,1001.5,32.4,-9.030558815966964,-9.351417404402465
2017-01-08 13:00:00,0.48,0.27,0.42,0.05,31.4,41.0,16.5,1000.2,37.1,-16.197532661533536,-0.2827289842839943
2017-01-08 14:00:00,0.02,0.02,0.0,0.0,29.0,53.0,18.6,999.5,47.2,-21.2503681783595,5.694018992255459
2017-01-08 15:00:00,0.0,0.0,0.0,0.0,29.1,50.0,17.7,999.1,47.2,-19.488121126872368,0.6805401856987686
2017-01-08 16:00:00,0.0,0.0,0.0,0.0,27.8,56.0,18.1,999.0,45.4,-22.269438625026996,1.1670918242176478
2017-01-08 17:00:00,0.0,0.0,0.0,0.0,26.4,61.0,18.1,999.2,45.4,-20.196923442159104,0.3525386100331262
2017-01-08 18:00:00,0.0,0.0,0.0,0.0,24.9,66.0,18.0,1000.0,38.2,-17.989034886343724,0.6281909406450172
2017-01-08 19:00:00,0.0,0.0,0.0,0.0,24.8,69.0,18.6,1001.0,34.2,-18.4,-1.1266750552155648e-15
2017-01-08 20:00:00,0.0,0.0,0.0,0.0,24.4,69.0,18.3,1002.0,33.1,-13.987510690493421,-2.9731371786939604
2017-01-08 21:00:00,0.0,0.0,0.0,0.0,23.9,69.0,17.8,1002.7,26.3,-9.393110360988748,-6.099957192168303
2017-01-08 22:00:00,0.0,0.0,0.0,0.0,23.2,71.0,17.5,1003.2,19.8,1.4205902870109297e-15,-5.8
2017-01-08 23:00:00,0.03,0.03,0.01,0.0,22.6,72.0,17.4,1003.1,11.2,2.562440851377541,-5.755336383148386
2017-01-09 00:00:00,0.0,0.0,0.0,0.0,22.4,74.0,17.4,1002.8,10.8,1.1257730727216135,-5.791600382341218
2017-01-09 01:00:00,0.0,0.0,0.0,0.0,21.8,77.0,17.6,1002.3,9.7,1.7918397477265038,-4.667902132486008
2017-01-09 02:00:00,0.0,0.0,0.0,0.0,21.8,77.0,17.5,1001.9,10.8,2.9055391983331007,-5.702441754805554
2017-01-09 03:00:00,0.0,0.0,0.0,0.0,21.5,77.0,17.3,1001.9,11.5,1.0793978087775948,-6.81504955010645
2017-01-09 04:00:00,0.0,0.0,0.0,0.0,21.1,78.0,17.1,1002.0,11.9,1.8467702839738929,-6.440453362786736
2017-01-09 05:00:00,0.0,0.01,0.0,0.0,21.4,77.0,17.1,1002.1,11.9,-1.8221035401853065,-7.892397524760405
2017-01-09 06:00:00,0.09,0.09,0.0,0.0,21.2,77.0,17.0,1003.0,14.8,1.7902220274375422,-7.180188374442374
2017-01-09 07:00:00,0.11,0.11,0.0,0.0,22.5,73.0,17.3,1004.1,19.8,0.35248491669525833,-10.093847352892867
2017-01-09 08:00:00,0.0,0.0,0.0,0.0,24.4,64.0,17.1,1004.8,28.1,-5.040431557511631,-11.874512609536481
2017-01-09 09:00:00,0.1,0.1,0.0,0.0,26.4,53.0,16.0,1005.1,29.9,-6.518006950068421,-10.43099158272404
2017-01-09 10:00:00,0.0,0.0,0.0,0.0,28.2,43.0,14.4,1004.9,30.6,-6.518006950068421,-10.43099158272404
2017-01-09 11:00:00,0.01,0.0,0.01,0.0,30.1,36.0,13.4,1003.8,31.7,-6.489479743866682,-10.800307988846615
2017-01-09 12:00:00,0.01,0.0,0.01,0.0,31.6,32.0,12.9,1002.2,32.4,-6.157082177128481,-11.107670280670325
2017-01-09 13:00:00,0.0,0.0,0.0,0.0,32.8,29.0,12.4,1000.7,32.4,-6.049999999999999,-10.478907385791707
2017-01-09 14:00:00,0.16,0.0,0.0,0.16,33.2,28.0,12.3,999.8,31.3,-10.785062665736135,-5.029157314714324
2017-01-09 15:00:00,0.3,0.0,0.01,0.29,30.7,46.0,17.7,999.3,38.5,-17.628058778918522,3.1083023802380523
2017-01-09 16:00:00,0.63,0.0,0.05,0.61,29.1,46.0,16.3,999.5,41.8,-17.31321253298836,3.6800369274743403
2017-01-09 17:00:00,0.7,0.0,0.0,0.61,28.0,54.0,18.0,999.7,36.7,-16.533701170139086,4.740962520052384
2017-01-09 18:00:00,0.27,0.0,0.0,0.27,24.9,64.0,17.7,1000.4,34.9,-16.544770250605094,2.917289384804429
2017-01-09 19:00:00,0.01,0.0,0.0,0.01,25.1,65.0,18.0,1001.1,30.2,-13.34900895442939,1.1678869528186204
2017-01-09 20:00:00,0.08,0.0,0.08,0.0,24.5,66.0,17.6,1002.3,24.1,-4.679622242152313,2.4881992827652217
2017-01-09 21:00:00,0.02,0.0,0.02,0.0,24.0,69.0,18.0,1003.1,9.7,0.6883116461770152,4.3458286986186065
2017-01-09 22:00:00,0.0,0.0,0.0,0.0,23.0,74.0,18.1,1003.3,5.0,-1.0886485301985047,-4.366330768241984
2017-01-09 23:00:00,0.01,0.0,0.01,0.0,22.6,74.0,17.7,1003.3,6.8,-1.0886485301985047,-4.366330768241984
2017-01-10 00:00:00,0.01,0.01,0.01,0.0,22.7,69.0,16.8,1003.1,9.7,-1.4493866525741161,-5.4091846272187825
2017-01-10 01:00:00,0.06,0.06,0.02,0.0,22.5,68.0,16.3,1002.6,11.2,0.6794350112397471,-6.4643923198937765
2017-01-10 02:00:00,0.04,0.04,0.0,0.0,22.1,71.0,16.5,1002.2,12.2,0.7212463965468086,-6.862201078041086
2017-01-10 03:00:00,0.03,0.02,0.02,0.0,22.0,75.0,17.3,1002.1,13.3,0.3977532674463772,-7.589584464134761
2017-01-10 04:00:00,0.15,0.03,0.04,0.11,21.8,78.0,17.8,1002.2,13.7,-0.3558845024520181,-6.790680836331102
2017-01-10 05:00:00,0.06,0.02,0.1,0.0,21.4,79.0,17.5,1002.5,11.9,1.4273391840380405,-5.7247447850283795
2017-01-10 06:00:00,0.05,0.02,0.05,0.0,21.6,77.0,17.4,1003.2,11.5,0.37668495821827847,-5.386845871403051
2017-01-10 07:00:00,0.02,0.01,0.02,0.0,23.2,68.0,17.0,1004.2,16.2,-2.5648410533120636,-7.893769085249775
2017-01-10 08:00:00,0.07,0.02,0.07,0.0,25.2,60.0,17.0,1005.1,23.8,-3.9860191021428424,-8.95274548489749
2017-01-10 09:00:00,0.01,0.0,0.01,0.0,27.0,52.0,16.5,1005.4,25.6,-5.36825187331917,-7.9587606965284
2017-01-10 10:00:00,0.01,0.0,0.01,0.0,28.9,44.0,15.6,1005.1,27.4,-6.877117867544073,-7.121464023352647
2017-01-10 11:00:00,0.02,0.01,0.02,0.0,30.6,38.0,14.8,1004.4,28.4,-7.212489168102784,-7.212489168102785
2017-01-10 12:00:00,0.01,0.01,0.0,0.0,32.1,34.0,14.2,1003.0,28.8,-6.85893577750951,-6.858935777509511
2017-01-10 13:00:00,0.38,0.0,0.38,0.0,33.5,29.0,13.2,1001.4,28.1,-4.702282018339785,-6.47213595499958
2017-01-10 14:00:00,0.66,0.0,0.66,0.0,33.0,32.0,14.1,1000.4,25.6,-8.268415994161488,0.7233926648055634
2017-01-10 15:00:00,0.08,0.0,0.08,0.0,30.5,47.0,18.0,1000.4,34.9,-14.434018230753095,6.426438960597644
2017-01-10 16:00:00,0.04,0.0,0.04,0.0,29.4,54.0,19.0,1000.3,41.8,-20.484001262653926,3.6118820954721502
2017-01-10 17:00:00,0.27,0.0,0.47,0.0,26.9,56.0,17.5,1001.0,44.6,-18.716066499215678,2.630371608145235
2017-01-10 18:00:00,0.08,0.0,0.08,0.0,25.8,63.0,18.0,1001.6,35.3,-9.056514962673266,7.8727083478860855
2017-01-10 19:00:00,0.24,0.0,0.24,0.0,25.3,68.0,19.0,1002.6,22.3,-3.644268564213334,5.015905365124674
2017-01-10 20:00:00,0.4,0.02,0.4,0.0,25.1,70.0,19.4,1003.6,11.5,-0.7555899291119148,6.153786140176196
2017-01-10 21:00:00,0.3,0.09,0.3,0.0,25.0,71.0,19.2,1004.4,13.0,0.7166571251241974,2.499280409439629
2017-01-10 22:00:00,0.36,0.06,0.36,0.0,24.2,74.0,19.4,1004.6,4.7,2.507952682562337,1.822134282106667
2017-01-10 23:00:00,0.31,0.05,0.31,0.0,23.8,74.0,18.9,1004.4,4.3,2.138415658052083,-1.089577199374912
2017-01-11 00:00:00,0.86,0.0,0.86,0.0,24.4,71.0,18.6,1003.9,7.9,2.8991378028648453,-2.899137802864844
2017-01-11 01:00:00,1.0,0.03,1.0,0.0,24.0,71.0,18.5,1003.2,9.4,4.310995377286217,-2.9078030980478844
2017-01-11 02:00:00,0.58,0.05,0.58,0.0,24.0,70.0,18.1,1002.7,10.1,3.9467090073008153,-1.43648460196781
2017-01-11 03:00:00,0.68,0.03,0.68,0.0,24.5,66.0,17.8,1002.4,9.0,3.230844089787559,-2.5242120488352
2017-01-11 04:00:00,0.98,0.08,0.98,0.0,24.0,67.0,17.6,1002.4,6.8,1.4235782507653005,-3.197409101749103
2017-01-11 05:00:00,1.0,0.03,0.16,0.25,22.5,80.0,18.8,1002.4,7.2,-1.0886485301985047,-4.366330768241984
2017-01-11 06:00:00,0.31,0.07,0.31,0.0,22.5,79.0,18.6,1003.2,7.9,-2.8801477362331185,-3.9641832724372428
2017-01-11 07:00:00,0.33,0.02,0.33,0.0,24.3,69.0,18.2,1004.2,13.0,-3.6324027044213842,-4.64926344627966
2017-01-11 08:00:00,0.26,0.01,0.26,0.0,27.2,47.0,15.1,1005.2,17.6,-4.329989591337347,-4.981083229470295
2017-01-11 09:00:00,0.35,0.0,0.25,0.18,28.8,40.0,13.8,1005.8,22.0,-5.811263767715345,-5.051654523226906
2017-01-11 10:00:00,0.38,0.0,0.28,0.12,30.2,36.0,13.4,1005.6,23.0,-6.472185832831529,-3.587591189822895
2017-01-11 11:00:00,0.38,0.0,0.31,0.14,31.4,34.0,13.6,1004.9,23.4,-6.8597561317371305,-2.4967470462773824
2017-01-11 12:00:00,0.77,0.02,0.74,0.08,32.7,31.0,13.6,1003.4,23.8,-6.467184310807044,-2.1013155617496424
2017-01-11 13:00:00,1.0,0.0,1.0,0.09,31.8,35.0,14.2,1002.0,27.7,-11.57128754715273,3.5376976271451133
2017-01-11 14:00:00,1.0,0.06,0.99,0.21,30.4,38.0,14.5,1001.1,40.3,-17.217478060749073,9.154695474324873
2017-01-11 15:00:00,0.87,0.03,0.74,0.54,29.4,48.0,17.2,1000.7,40.7,-16.89732807042434,8.241377559634657
2017-01-11 16:00:00,0.82,0.0,0.48,0.71,29.1,44.0,15.6,1000.6,40.7,-20.521610780689958,1.7954083006017598
2017-01-11 17:00:00,0.97,0.0,0.06,0.05,28.4,39.0,13.1,1000.7,41.8,-18.716066499215678,-2.630371608145237
2017-01-11 18:00:00,0.2,0.0,0.02,0.18,26.5,61.0,18.2,1001.4,35.3,-11.535140351259827,3.3076482698039884
2017-01-11 19:00:00,0.1,0.0,0.1,0.0,25.2,70.0,19.5,1002.2,22.3,-9.329933825428427,-1.1455718280083864
2017-01-11 20:00:00,0.19,0.0,0.19,0.0,24.6,74.0,19.8,1003.3,16.9,-4.6421352007971475,-0.7352419856890854
2017-01-11 21:00:00,0.27,0.0,0.27,0.0,24.0,78.0,20.0,1004.2,8.3,1.7874357113510326,-1.447436899414626
2017-01-11 22:00:00,0.42,0.0,0.42,0.0,23.8,77.0,19.6,1004.6,5.8,2.493024310163928,-2.867896404846533
2017-01-11 23:00:00,0.96,0.0,0.96,0.0,24.2,73.0,19.0,1004.5,9.7,2.9145559532826275,-4.664264528860342
2017-01-12 00:00:00,0.89,0.02,0.89,0.0,24.9,67.0,18.4,1004.1,11.5,3.5670951622914937,-3.2118269105225172
2017-01-12 01:00:00,0.49,0.04,0.49,0.0,24.7,66.0,18.0,1003.4,9.0,3.211826910522519,-3.567095162291493
2017-01-12 02:00:00,0.5,0.08,0.5,0.0,24.5,65.0,17.5,1002.7,12.2,1.4553818357243191,-6.847033205136639
2017-01-12 03:00:00,0.35,0.05,0.34,0.0,24.0,67.0,17.5,1002.3,12.6,0.3401837155791384,-6.49109197590473
2017-01-12 04:00:00,0.45,0.04,0.45,0.0,24.5,64.0,17.2,1002.3,12.6,-0.31924933308195735,-6.0916401620029
2017-01-12 05:00:00,0.25,0.02,0.04,0.0,22.2,70.0,16.6,1002.6,11.5,-3.6324027044213842,-4.64926344627966
2017-01-12 06:00:00,0.12,0.06,0.07,0.0,22.5,70.0,16.8,1003.2,9.4,-2.1727182418122895,-5.377666356487367
2017-01-12 07:00:00,0.15,0.05,0.13,0.0,24.4,65.0,17.4,1004.2,17.6,-3.5165801564034638,-8.284543681071963
2017-01-12 08:00:00,0.11,0.02,0.11,0.0,25.8,66.0,18.8,1005.0,23.0,-6.156001578501495,-6.836932394392027
2017-01-12 09:00:00,0.56,0.14,0.16,0.45,27.5,54.0,17.2,1005.3,23.0,-5.387787044493738,-5.777694242791447
2017-01-12 10:00:00,0.75,0.0,0.11,0.71,29.3,44.0,15.8,1005.0,23.0,-5.358438019581681,-4.658019105832602
2017-01-12 11:00:00,0.87,0.0,0.17,0.83,30.8,38.0,14.8,1004.3,24.1,-6.122295146001595,-3.9758649556096977
2017-01-12 12:00:00,0.98,0.0,0.92,0.78,32.6,32.0,13.9,1003.1,25.9,-6.151828996322962,-6.151828996322964
2017-01-12 13:00:00,1.0,0.0,1.0,0.7,32.7,32.0,13.7,1001.6,29.2,-10.513876985422742,-5.357087896926653
2017-01-12 14:00:00,1.0,0.0,0.94,0.9,30.2,48.0,18.1,1000.5,40.0,-18.749079203850382,3.644451811692006
2017-01-12 15:00:00,0.92,0.0,0.02,0.92,30.1,45.0,16.9,1000.1,42.8,-17.628058778918522,3.1083023802380523
2017-01-12 16:00:00,0.95,0.05,0.15,0.95,29.9,50.0,18.2,1000.1,37.8,-16.174543075434908,3.73418750210816
2017-01-12 17:00:00,0.97,0.0,0.04,0.47,27.2,56.0,17.5,1000.2,35.6,-18.02287885109658,2.5329504374731893
2017-01-12 18:00:00,0.45,0.0,0.0,0.45,25.8,67.0,19.3,1000.6,34.6,-13.619554150675864,3.6493485359455438
2017-01-12 19:00:00,0.48,0.0,0.15,0.42,25.1,73.0,19.9,1001.8,25.9,-9.659258262890683,2.5881904510252083
2017-01-12 20:00:00,0.53,0.0,0.35,0.33,24.5,77.0,20.2,1002.8,18.0,-1.8159619989581874,3.564026096753471
2017-01-12 21:00:00,0.56,0.0,0.17,0.49,24.4,78.0,20.2,1003.9,6.8,2.8512208774027776,-1.4527695991665492
2017-01-12 22:00:00,0.55,0.01,0.3,0.39,23.8,80.0,20.1,1004.5,7.2,2.5242120488351985,-3.2308440897875603
2017-01-12 23:00:00,0.63,0.02,0.33,0.46,24.2,78.0,20.0,1004.4,7.6,0.37476969381493075,-4.283637201794505
2017-01-13 00:00:00,0.57,0.1,0.36,0.34,24.1,77.0,19.8,1004.1,10.1,-1.1257730727216144,-5.791600382341218
2017-01-13 01:00:00,0.35,0.11,0.34,0.0,24.0,74.0,19.0,1003.3,12.6,0.7526049355271046,-7.160557646651568
2017-01-13 02:00:00,0.38,0.15,0.35,0.0,24.0,69.0,18.0,1002.7,15.5,-0.7582549619046259,-8.666893873398186
2017-01-13 03:00:00,0.25,0.12,0.23,0.0,23.5,70.0,17.6,1002.4,15.8,-1.1133848076805235,-7.922144549932563
2017-01-13 04:00:00,0.36,0.21,0.29,0.01,23.5,72.0,18.2,1002.2,14.8,-1.392905666248777,-7.165878439167947
2017-01-13 05:00:00,0.28,0.33,0.11,0.0,22.4,82.0,19.2,1002.4,13.0,1.1511679911985121e-15,-4.7
2017-01-13 06:00:00,0.33,0.26,0.26,0.0,23.0,80.0,19.4,1003.1,10.8,1.4273391840380405,-5.7247447850283795
2017-01-13 07:00:00,0.36,0.29,0.29,0.0,24.1,76.0,19.6,1004.1,15.5,0.7526049355271046,-7.160557646651568
2017-01-13 08:00:00,0.28,0.21,0.2,0.0,25.7,70.0,19.8,1005.1,21.6,-6.069785404556237,-6.509047944410617
2017-01-13 09:00:00,0.41,0.29,0.34,0.0,26.7,65.0,19.5,1005.2,28.8,-9.288192010563463,-8.66137917279373
2017-01-13 10:00:00,0.38,0.31,0.32,0.0,27.8,59.0,19.0,1004.9,33.8,-8.684621396487756,-10.7246142681062
2017-01-13 11:00:00,0.22,0.18,0.15,0.0,29.9,49.0,18.0,1004.1,32.4,-9.00237835282498,-9.65386886137305
2017-01-13 12:00:00,0.58,0.49,0.56,0.01,31.6,42.0,17.2,1002.9,32.8,-9.65386886137305,-9.00237835282498
2017-01-13 13:00:00,0.67,0.01,0.64,0.06,31.8,40.0,16.4,1001.5,32.8,-12.238826880281593,-4.944807033090037
2017-01-13 14:00:00,0.68,0.07,0.57,0.32,30.0,53.0,19.4,1000.6,37.4,-17.606656813208502,3.7424104347196683
2017-01-13 15:00:00,0.41,0.25,0.32,0.16,27.5,58.0,18.6,1000.5,47.5,-21.179616093424695,7.292726659840309
2017-01-13 16:00:00,0.49,0.07,0.49,0.01,27.8,60.0,19.2,1000.2,45.4,-21.603383811406147,8.728333626590752
2017-01-13 17:00:00,0.45,0.0,0.04,0.28,27.2,62.0,19.2,1000.1,45.7,-22.35513599337712,3.9418136330393176
2017-01-13 18:00:00,0.02,0.0,0.0,0.02,26.0,68.0,19.7,1000.4,42.5,-19.1,-1.1695376931857224e-15
2017-01-13 19:00:00,0.2,0.0,0.0,0.2,26.1,55.0,16.2,1001.1,35.6,-17.689651203089856,-5.747716095374023
2017-01-13 20:00:00,0.6,0.01,0.21,0.46,25.7,54.0,15.6,1002.1,33.8,-14.708081868045875,-6.548459953520384
2017-01-13 21:00:00,0.92,0.07,0.9,0.2,25.2,57.0,15.9,1002.8,29.2,-11.807366046381842,-6.544929873325551
2017-01-13 22:00:00,0.92,0.1,0.91,0.27,25.5,52.0,14.9,1003.2,25.2,-9.80536887192292,-8.227681403987704
2017-01-13 23:00:00,1.0,0.02,1.0,0.68,25.5,51.0,14.7,1003.5,23.4,-6.419067988708341,-7.926888806861102
2017-01-14 00:00:00,1.0,0.03,1.0,0.62,25.2,57.0,16.2,1003.6,18.7,-6.069785404556237,-6.509047944410617
2017-01-14 01:00:00,1.0,0.08,1.0,0.0,24.9,63.0,17.5,1003.4,15.8,-5.387787044493738,-5.777694242791447
2017-01-14 02:00:00,0.92,0.25,0.92,0.0,24.5,67.0,18.0,1002.7,14.4,-1.7542302283364206,-5.737828535778212
2017-01-14 03:00:00,0.64,0.28,0.58,0.0,24.6,67.0,18.1,1002.5,11.9,-0.7352419856890852,-4.6421352007971475
2017-01-14 04:00:00,0.57,0.43,0.52,0.0,23.8,72.0,18.5,1002.7,10.1,8.817456953860943e-16,-3.6
2017-01-14 05:00:00,0.46,0.35,0.72,0.0,23.5,77.0,19.2,1003.3,8.6,-1.8159619989581872,-3.5640260967534716
2017-01-14 06:00:00,0.82,0.58,0.72,0.0,23.0,79.0,19.1,1003.9,18.0,-0.37630246776355253,-3.580278823325784
2017-01-14 07:00:00,0.53,0.35,0.45,0.0,23.5,76.0,19.1,1005.0,11.5,2.1976149610516362,-4.71280049259058
2017-01-14 08:00:00,0.42,0.37,0.32,0.0,25.1,70.0,19.4,1005.8,19.1,-2.2258437878816784,-8.306962106085987
2017-01-14 09:00:00,0.74,0.32,0.69,0.03,26.9,62.0,19.0,1005.9,28.8,-9.377888001196464,-9.711087304571791
2017-01-14 10:00:00,0.76,0.24,0.7,0.14,28.4,55.0,18.4,1005.7,33.5,-11.189711634773309,-10.434574908956227
2017-01-14 11:00:00,0.51,0.15,0.37,0.2,29.3,48.0,17.2,1005.2,34.2,-11.547056577408412,-10.037703143554761
2017-01-14 12:00:00,0.55,0.19,0.3,0.34,30.9,41.0,16.2,1004.1,37.8,-13.753288904374106,-9.992349288972044
2017-01-14 13:00:00,0.72,0.18,0.25,0.58,31.6,37.0,15.1,1002.8,38.2,-15.09840383788765,-8.027963723638734
2017-01-14 14:00:00,0.98,0.0,0.86,0.87,29.1,59.0,20.2,1002.0,41.4,-19.417486257954042,5.567874587503381
2017-01-14 15:00:00,0.97,0.0,0.56,0.94,28.8,57.0,19.3,1001.3,42.8,-19.054450466465514,8.088134359727967
2017-01-14 16:00:00,0.94,0.0,0.37,0.92,28.2,60.0,19.6,1001.3,44.6,-22.313074483581886,5.151379144474509
2017-01-14 17:00:00,0.92,0.0,0.25,0.89,27.1,65.0,20.0,1001.7,46.1,-19.508280954208935,2.7417100889132873
2017-01-14 18:00:00,0.89,0.0,0.08,0.88,25.7,71.0,20.1,1002.4,37.1,-15.441017820422056,1.3509140125887027
2017-01-14 19:00:00,0.92,0.0,0.03,0.9,25.4,69.0,19.2,1003.1,30.2,-15.78753817049955,-5.129682106624128
2017-01-14 20:00:00,0.96,0.0,0.02,0.95,25.0,67.0,18.5,1004.2,31.0,-15.164854596867176,-6.751828275058284
2017-01-14 21:00:00,0.98,0.0,0.0,0.98,24.5,69.0,18.5,1005.0,30.6,-13.644067431374573,-7.563030075842859
2017-01-14 22:00:00,0.98,0.0,0.01,0.98,24.0,73.0,18.9,1005.5,28.8,-11.222383006759188,-7.85799717800933
2017-01-14 23:00:00,0.72,0.0,0.03,0.71,23.5,78.0,19.5,1005.8,24.8,-4.981241083792126,-7.9716521038704045
2017-01-15 00:00:00,0.86,0.1,0.0,0.85,23.2,81.0,19.7,1006.0,16.6,-1.484676958669509,-6.430842427582553
2017-01-15 01:00:00,0.93,0.2,0.04,0.93,22.9,82.0,19.8,1005.8,11.5,1.592040838891559e-15,-6.5
2017-01-15 02:00:00,0.92,0.25,0.06,0.86,23.0,82.0,19.6,1005.4,15.5,-1.4235536318661008,-8.987963899415753
2017-01-15 03:00:00,0.88,0.18,0.01,0.85,23.2,80.0,19.5,1005.0,20.5,-0.802199448057441,-11.471986577987979
2017-01-15 04:00:00,0.97,0.18,0.01,0.94,23.0,80.0,19.5,1005.2,22.3,-0.6437322617882092,-12.283143277481258
2017-01-15 05:00:00,0.82,0.27,0.1,0.87,23.1,80.0,19.5,1005.6,22.7,-0.4641633061432629,-13.291897999353974
2017-01-15 06:00:00,0.72,0.32,0.12,0.55,23.4,79.0,19.5,1006.2,25.6,-0.7170026005283305,-13.681224626137661
2017-01-15 07:00:00,0.7,0.22,0.06,0.6,23.9,76.0,19.5,1007.1,27.0,-1.0044932219154044,-14.36492232374147
2017-01-15 08:00:00,0.6,0.47,0.02,0.25,25.5,68.0,19.2,1007.8,36.7,-7.9029614945510795,-16.947955617585354
2017-01-15 09:00:00,0.58,0.33,0.19,0.33,27.3,58.0,18.5,1008.0,39.2,-10.553806428859247,-15.072397614917447
2017-01-15 10:00:00,0.69,0.39,0.27,0.43,29.4,48.0,17.0,1007.4,40.7,-12.020128301138284,-14.325031086324888
2017-01-15 11:00:00,0.73,0.51,0.38,0.47,30.5,42.0,16.3,1006.7,41.0,-11.910524793187678,-13.227977893497618
2017-01-15 12:00:00,0.98,0.96,0.91,0.6,30.2,44.0,16.5,1005.6,39.6,-16.18046458207882,-8.968977974557237
2017-01-15 13:00:00,0.83,0.0,0.67,0.51,29.5,47.0,17.0,1004.7,40.3,-17.70921162222564,-7.154985934243919
2017-01-15 14:00:00,0.83,0.71,0.77,0.14,30.4,45.0,17.1,1003.5,41.4,-17.317470201360035,-9.599230480877475
2017-01-15 15:00:00,0.84,0.69,0.72,0.23,30.0,47.0,17.3,1002.7,41.8,-16.928805990053732,-5.500502499874065
2017-01-15 16:00:00,1.0,1.0,0.65,0.39,29.5,49.0,17.7,1002.7,37.1,-17.659382218223136,-4.402978499913951
2017-01-15 17:00:00,0.48,0.0,0.19,0.1,28.0,61.0,19.7,1003.0,37.8,-17.689217638237995,0.6177210916342669
2017-01-15 18:00:00,0.34,0.0,0.07,0.3,26.6,67.0,20.0,1003.4,33.8,-15.079305974794064,-0.7902729392684539
2017-01-15 19:00:00,0.65,0.01,0.09,0.61,26.0,68.0,19.5,1004.0,28.1,-14.344571339445531,-4.385575570841052
2017-01-15 20:00:00,0.67,0.04,0.05,0.66,25.6,66.0,18.8,1004.8,28.8,-14.434018230753095,-6.426438960597643
2017-01-15 21:00:00,0.55,0.0,0.04,0.53,25.0,69.0,18.8,1005.4,29.2,-13.685687689313367,-7.276809223181308
2017-01-15 22:00:00,0.58,0.0,0.05,0.56,24.6,72.0,19.3,1005.7,29.2,-14.077903082176213,-7.173049895884841
2017-01-15 23:00:00,0.58,0.0,0.0,0.58,24.1,77.0,19.8,1005.7,29.2,-11.957478155805605,-7.471861625688189
2017-01-16 00:00:00,0.78,0.01,0.01,0.78,23.6,80.0,20.0,1005.9,25.6,-7.159697488039782,-7.951649632608118
2017-01-16 01:00:00,0.89,0.29,0.02,0.85,23.2,83.0,20.1,1005.5,19.4,-3.296985135816762,-8.588939923774255
2017-01-16 02:00:00,0.71,0.2,0.02,0.65,22.8,86.0,20.2,1005.0,18.0,-3.1519733426244634,-9.700776466210565
2017-01-16 03:00:00,0.65,0.25,0.06,0.52,22.6,86.0,20.1,1005.1,19.8,-2.0988989491419927,-10.797899017924303
2017-01-16 04:00:00,0.68,0.38,0.26,0.39,22.1,88.0,20.0,1005.3,20.5,1.3771235804781636,-11.21577151354694
2017-01-16 05:00:00,0.78,0.86,0.35,0.54,22.3,90.0,20.5,1005.7,20.2,-0.7844016847289235,-8.96575228282571
2017-01-16 06:00:00,1.0,1.0,0.63,0.32,23.1,86.0,20.6,1006.3,19.1,-2.873804179836756,-6.162892951849219
2017-01-16 07:00:00,0.92,0.87,0.83,0.0,23.2,85.0,20.5,1007.1,19.4,-4.60082131530173,-8.652886410017485
2017-01-16 08:00:00,0.68,0.59,0.48,0.0,23.8,82.0,20.5,1007.9,20.5,-3.2833933759264196,-9.02104915954472
2017-01-16 09:00:00,0.49,0.42,0.36,0.0,25.9,72.0,20.5,1008.4,29.2,-6.099957192168303,-9.393110360988748
2017-01-16 10:00:00,0.36,0.28,0.31,0.0,27.7,62.0,19.7,1007.7,31.0,-10.032455143944823,-9.033263185844586
2017-01-16 11:00:00,0.35,0.32,0.24,0.0,29.0,53.0,18.5,1007.1,34.2,-11.892549817311727,-8.640443208699354
2017-01-16 12:00:00,0.34,0.3,0.24,0.0,29.5,49.0,17.8,1006.0,34.2,-11.184248869537079,-9.384699101423475
2017-01-16 13:00:00,0.59,0.55,0.33,0.0,30.1,47.0,17.5,1004.6,34.6,-11.87770464219038,-8.316858327090168
2017-01-16 14:00:00,0.58,0.42,0.57,0.0,31.3,42.0,16.9,1003.1,33.8,-11.154318553674141,-7.24369916569986
2017-01-16 15:00:00,0.55,0.25,0.55,0.0,31.8,39.0,16.2,1002.0,32.0,-12.235155124994774,-5.705346533499442
2017-01-16 16:00:00,0.29,0.18,0.29,0.0,30.3,47.0,17.8,1001.9,31.3,-12.98218395180946,-0.6803674311582716
2017-01-16 17:00:00,0.11,0.01,0.01,0.0,27.0,65.0,19.8,1002.6,29.9,-19.054450466465514,8.088134359727967
2017-01-16 18:00:00,0.0,0.0,0.0,0.0,25.3,74.0,20.3,1003.1,39.2,-18.33858922661633,4.5723238268337205
2017-01-16 19:00:00,0.0,0.0,0.0,0.0,25.4,71.0,19.6,1004.0,37.4,-19.105270408436834,-3.3687746467384496
2017-01-16 20:00:00,0.0,0.0,0.0,0.0,24.7,72.0,19.4,1005.1,36.0,-16.61773159165019,-6.378949501906347
2017-01-16 21:00:00,0.05,0.0,0.05,0.0,24.2,74.0,19.4,1005.8,32.8,-14.021187122267003,-6.838589889909608
2017-01-16 22:00:00,0.07,0.0,0.07,0.0,23.9,76.0,19.3,1006.2,28.4,-7.926888806861102,-6.419067988708341
2017-01-16 23:00:00,0.13,0.02,0.12,0.0,23.5,77.0,19.2,1006.4,18.7,-1.8376152202278973,-6.858073366652385
2017-01-17 00:00:00,0.14,0.05,0.05,0.08,23.2,78.0,19.1,1005.8,13.3,-1.1419715947936853,-7.210124886344506
2017-01-17 01:00:00,0.18,0.17,0.02,0.0,22.7,80.0,19.0,1005.2,13.3,0.37681888494919946,-7.190132650232932
2017-01-17 02:00:00,0.53,0.28,0.09,0.33,22.4,80.0,18.7,1004.7,14.0,0.6972459419812665,-7.969557584733964
2017-01-17 03:00:00,0.58,0.25,0.04,0.43,22.5,78.0,18.5,1004.4,15.1,0.30013567164150706,-8.594761112364223
2017-01-17 04:00:00,0.31,0.18,0.02,0.13,22.5,76.0,18.1,1004.7,16.2,0.3140954703225074,-8.994517443171862
2017-01-17 05:00:00,0.17,0.15,0.0,0.0,21.6,78.0,17.6,1005.1,16.2,1.469229264399394,-7.558529312547013
2017-01-17 06:00:00,0.13,0.13,0.0,0.0,21.8,76.0,17.4,1005.9,15.1,1.389185421335443,-7.878462024097664
2017-01-17 07:00:00,0.05,0.05,0.0,0.0,23.1,70.0,17.4,1006.9,19.4,-0.3524849166952598,-10.093847352892867
2017-01-17 08:00:00,0.01,0.01,0.0,0.0,25.1,62.0,17.3,1007.9,31.0,-6.212488447588282,-13.322724469438754
2017-01-17 09:00:00,0.12,0.12,0.0,0.0,27.0,52.0,16.4,1008.0,37.1,-8.910158695943938,-14.828994302146544
2017-01-17 10:00:00,0.64,0.64,0.0,0.0,29.0,44.0,15.4,1007.6,38.9,-7.077217589518923,-15.895690962981254
2017-01-17 11:00:00,0.57,0.57,0.06,0.0,30.7,38.0,14.6,1006.5,39.6,-8.035631845389979,-15.77081547813411
2017-01-17 12:00:00,0.02,0.0,0.02,0.0,31.8,34.0,13.9,1005.2,40.7,-9.322189155871982,-15.514728142708234
2017-01-17 13:00:00,0.01,0.0,0.01,0.0,32.8,31.0,13.4,1003.8,41.4,-8.65263965848891,-14.400410651795488
2017-01-17 14:00:00,0.03,0.0,0.03,0.0,33.0,29.0,12.9,1002.6,38.9,-10.775599969422217,-9.702393792203445
2017-01-17 15:00:00,0.17,0.0,0.02,0.15,31.8,39.0,15.9,1001.8,35.6,-16.177798463024097,-0.8478424911356922
2017-01-17 16:00:00,0.24,0.0,0.0,0.24,29.5,53.0,19.0,1001.7,39.6,-17.681197363707224,6.088124488348829
2017-01-17 17:00:00,0.04,0.0,0.0,0.0,27.2,61.0,19.0,1002.5,39.6,-16.627687752661224,9.599999999999996
2017-01-17 18:00:00,0.0,0.0,0.0,0.0,25.2,70.0,19.4,1003.0,37.1,-17.266009149445154,7.687322554132624
2017-01-17 19:00:00,0.0,0.0,0.0,0.0,25.0,66.0,18.1,1004.2,34.6,-17.96508534470793,-2.2058351156331697
2017-01-17 20:00:00,0.0,0.0,0.0,0.0,24.4,64.0,17.1,1005.3,33.5,-16.632559387910575,-6.053756536864338
2017-01-17 21:00:00,0.0,0.0,0.0,0.0,23.8,66.0,17.1,1006.1,32.4,-15.818775214865338,-7.715332183487764
2017-01-17 22:00:00,0.0,0.0,0.0,0.0,23.4,67.0,17.0,1006.4,32.0,-13.685687689313367,-7.276809223181308
2017-01-17 23:00:00,0.0,0.0,0.0,0.0,22.8,67.0,16.3,1006.6,28.1,-9.42234665036343,-7.906287599144434
2017-01-18 00:00:00,0.0,0.0,0.0,0.0,22.0,66.0,15.2,1006.5,22.3,-2.872969203935617,-7.8934180146016315
2017-01-18 01:00:00,0.0,0.0,0.0,0.0,21.2,65.0,14.5,1005.9,15.1,-1.3891854213354426,-7.878462024097664
2017-01-18 02:00:00,0.0,0.0,0.0,0.0,21.0,66.0,14.3,1005.4,16.6,-1.4861274178821933,-9.38303923565381
2017-01-18 03:00:00,0.0,0.0,0.0,0.0,20.5,70.0,14.9,1005.1,17.6,2.4737865342776532e-15,-10.1
2017-01-18 04:00:00,0.01,0.01,0.0,0.0,20.2,73.0,15.4,1005.1,19.4,0.781272505934207,-11.17271736291003
2017-01-18 05:00:00,0.0,0.03,0.0,0.0,20.5,75.0,16.0,1005.8,20.5,1.7712114122026898,-10.045039080724521
2017-01-18 06:00:00,0.0,0.0,0.0,0.0,20.6,74.0,15.8,1006.4,18.7,2.4807362023529906,-8.65135526344487
2017-01-18 07:00:00,0.01,0.01,0.0,0.0,21.6,70.0,15.9,1007.4,19.1,3.6336839561343495,-8.993683389297836
2017-01-18 08:00:00,0.0,0.0,0.0,0.0,23.9,63.0,16.4,1008.2,28.4,-2.518678738970391,-12.957478821509163
2017-01-18 09:00:00,0.15,0.15,0.0,0.0,26.0,52.0,15.6,1008.6,36.4,-8.193282582163096,-14.781073050655786
2017-01-18 10:00:00,0.24,0.24,0.0,0.0,27.7,45.0,14.6,1008.3,40.0,-10.381733497953935,-14.826652001630753
2017-01-18 11:00:00,0.23,0.23,0.0,0.0,29.4,38.0,13.8,1007.0,41.0,-10.075822147778002,-15.515405506990344
2017-01-18 12:00:00,0.2,0.07,0.0,0.14,30.8,33.0,12.8,1005.6,42.5,-11.050362743098495,-15.209519494249014
2017-01-18 13:00:00,0.06,0.06,0.0,0.0,31.9,30.0,12.1,1004.3,42.5,-12.821569169174971,-13.749449590440404
2017-01-18 14:00:00,0.2,0.0,0.01,0.19,32.7,27.0,11.4,1003.2,42.5,-14.299485690808263,-11.579495195317007
2017-01-18 15:00:00,0.51,0.0,0.0,0.51,32.2,29.0,11.9,1002.6,41.0,-15.815820338298742,-3.943326898274583
2017-01-18 16:00:00,0.6,0.0,0.09,0.55,30.8,37.0,14.4,1002.8,37.8,-17.997258512815044,-0.3141433158711048
2017-01-18 17:00:00,0.55,0.0,0.0,0.88,27.6,52.0,16.9,1003.7,40.0,-21.17336668976247,3.7334358198390016
2017-01-18 18:00:00,0.92,0.0,0.0,0.92,25.8,57.0,16.5,1004.3,41.4,-21.270809090272422,-1.1147558679747065
2017-01-18 19:00:00,0.57,0.0,0.0,0.57,25.1,57.0,15.9,1005.5,39.6,-20.96059043047278,-5.6163732787247
2017-01-18 20:00:00,0.02,0.0,0.0,0.02,24.6,58.0,15.9,1006.5,40.0,-16.900590966388116,-7.524627896902304
2017-01-18 21:00:00,0.01,0.0,0.0,0.01,24.2,61.0,16.1,1007.3,34.9,-17.256845688944004,-8.416726018350287
2017-01-18 22:00:00,0.0,0.0,0.0,0.0,23.9,62.0,16.1,1007.5,34.9,-15.06884202584923,-8.700000000000001
2017-01-18 23:00:00,0.01,0.0,0.0,0.01,23.7,60.0,15.4,1007.5,32.0,-12.94427190999916,-9.40456403667957
2017-01-19 00:00:00,0.01,0.0,0.0,0.01,23.2,60.0,15.1,1007.3,29.2,-10.792346997185641,-9.381644114564255
2017-01-19 01:00:00,0.0,0.0,0.0,0.0,22.8,62.0,15.2,1006.7,25.9,-8.181165083647887,-10.10289749894062
2017-01-19 02:00:00,0.02,0.02,0.0,0.0,22.3,64.0,15.2,1006.0,23.4,-4.345436483624579,-10.755332712974734
2017-01-19 03:00:00,0.03,0.03,0.0,0.0,22.0,66.0,15.4,1005.4,20.9,-1.4613175600806871,-10.397814721786489
2017-01-19 04:00:00,0.08,0.08,0.0,0.0,21.6,67.0,15.2,1005.4,19.1,2.645237086158283e-15,-10.8
2017-01-19 05:00:00,0.17,0.74,0.0,0.0,22.2,67.0,15.8,1005.8,19.1,2.5186787389703893,-12.957478821509163
2017-01-19 06:00:00,0.84,0.84,0.0,0.0,22.9,66.0,16.1,1006.2,25.6,3.171809866248501,-13.738617913471815
2017-01-19 07:00:00,0.99,0.99,0.0,0.0,23.3,66.0,16.6,1006.9,27.7,3.2392951825516607,-14.030928932907386
2017-01-19 08:00:00,1.0,1.0,0.0,0.0,24.4,61.0,16.5,1007.9,30.2,2.3934473151155364,-15.111631611105606
2017-01-19 09:00:00,0.67,0.67,0.0,0.0,26.6,51.0,15.6,1007.9,35.6,-7.199238582441663,-16.169754600274036
2017-01-19 10:00:00,1.0,1.0,0.0,0.0,28.5,45.0,15.5,1007.6,39.6,-9.69752253546765,-15.519280159662596
2017-01-19 11:00:00,1.0,1.0,0.52,0.0,28.5,46.0,15.6,1007.0,40.0,-11.579495195317007,-14.299485690808263
2017-01-19 12:00:00,1.0,1.0,0.68,0.0,28.2,49.0,16.4,1005.9,42.5,-14.185568854807794,-15.754670300120758
2017-01-19 13:00:00,0.68,0.38,0.06,0.49,28.9,44.0,15.3,1004.4,42.8,-9.640110919765979,-14.844469052634006
2017-01-19 14:00:00,0.66,0.0,0.46,0.45,32.0,33.0,13.6,1002.8,39.6,-12.020128301138284,-14.325031086324888
2017-01-19 15:00:00,0.98,0.0,0.95,0.67,32.0,33.0,13.7,1002.1,40.7,-14.005798484688581,-9.095471884750951
2017-01-19 16:00:00,0.89,0.02,0.18,0.87,31.7,32.0,13.1,1002.2,36.7,-12.356620787165838,-10.006194217692414
2017-01-19 17:00:00,0.91,0.0,0.29,0.78,27.6,62.0,19.5,1003.5,34.2,-16.58949940026552,3.224672021863607
2017-01-19 18:00:00,0.34,0.31,0.0,0.03,26.4,62.0,18.4,1003.9,34.2,-15.839495699658755,1.385776309687766
2017-01-19 19:00:00,0.67,0.0,0.1,0.64,26.0,59.0,17.4,1004.9,29.5,-15.102736004171147,-3.486741342329906
2017-01-19 20:00:00,0.56,0.01,0.01,0.55,25.2,61.0,17.1,1006.1,28.4,-11.87770464219038,-8.316858327090168
2017-01-19 21:00:00,0.73,0.0,0.04,0.72,24.9,64.0,17.5,1006.7,28.1,-11.950293312656056,-10.027486711110013
2017-01-19 22:00:00,0.7,0.0,0.05,0.7,24.4,70.0,18.5,1006.7,29.2,-12.92337635915024,-10.096848195340796
2017-01-19 23:00:00,0.36,0.09,0.1,0.26,24.1,70.0,18.4,1006.7,32.8,-14.37543918085127,-10.83267041673687
2017-01-20 00:00:00,0.21,0.17,0.12,0.02,23.8,70.0,17.9,1006.4,33.1,-12.301766157631185,-10.693762172545268
2017-01-20 01:00:00,0.27,0.25,0.14,0.02,23.9,69.0,17.8,1005.8,29.2,-10.07254637165546,-10.430427104910443
2017-01-20 02:00:00,0.28,0.27,0.12,0.0,23.5,70.0,17.8,1004.9,26.3,-6.901510203794726,-11.486041829408306
2017-01-20 03:00:00,0.35,0.35,0.2,0.0,23.1,72.0,17.9,1004.7,24.1,-4.645121758357309,-11.497079796628164
2017-01-20 04:00:00,0.08,0.08,0.07,0.0,22.8,74.0,18.0,1004.7,22.3,-2.8987733051482323,-10.818369254437565
2017-01-20 05:00:00,0.1,0.28,0.3,0.0,23.0,77.0,18.8,1005.2,20.2,-4.232386007943037,-12.291741482791119
2017-01-20 06:00:00,0.23,0.18,0.19,0.0,23.3,75.0,18.7,1005.7,25.2,-4.719877977894228,-12.967758166845536
2017-01-20 07:00:00,0.34,0.21,0.33,0.0,24.0,73.0,18.9,1006.3,29.2,-4.385575570841052,-14.344571339445531
2017-01-20 08:00:00,0.45,0.01,0.45,0.0,25.4,66.0,18.6,1007.1,35.6,-3.824167923845705,-16.564291101349
2017-01-20 09:00:00,0.03,0.0,0.03,0.0,27.2,57.0,17.9,1007.4,38.2,-5.17497917359244,-16.926594180545727
2017-01-20 10:00:00,0.02,0.01,0.02,0.0,29.5,47.0,16.8,1007.0,39.6,-6.378949501906345,-16.61773159165019
2017-01-20 11:00:00,0.0,0.0,0.0,0.0,31.4,40.0,16.0,1006.0,41.0,-8.63827675526039,-16.246235708604257
2017-01-20 12:00:00,0.69,0.11,0.68,0.0,33.5,34.0,15.6,1004.5,44.3,-11.183858069414939,-16.580751451100834
2017-01-20 13:00:00,1.0,0.0,1.0,0.0,33.5,35.0,15.8,1003.0,44.3,-15.034201827077807,-14.518359942593042
2017-01-20 14:00:00,0.88,0.0,0.88,0.0,32.4,38.0,16.2,1002.0,44.3,-15.50185472774145,-8.950000000000001
2017-01-20 15:00:00,0.39,0.0,0.39,0.0,33.0,35.0,15.6,1001.4,38.2,-12.269756073814618,-8.276054971367053
2017-01-20 16:00:00,0.69,0.02,0.69,0.0,31.5,47.0,18.8,1001.4,32.4,-15.839495699658755,-1.3857763096877644
2017-01-20 17:00:00,0.57,0.0,0.29,0.0,28.4,64.0,20.9,1002.4,35.6,-20.18879447597595,-2.121927804333365
2017-01-20 18:00:00,0.5,0.09,0.49,0.0,27.1,69.0,21.0,1003.1,38.5,-17.659382218223136,-4.402978499913951
2017-01-20 19:00:00,0.45,0.11,0.44,0.0,26.4,71.0,20.8,1003.5,34.2,-14.750570738655789,-5.662213602815746
2017-01-20 20:00:00,1.0,0.02,1.0,0.25,25.9,74.0,20.9,1004.8,32.4,-15.096070223017634,-9.803502630270488
2017-01-20 21:00:00,1.0,0.0,1.0,0.58,24.8,82.0,21.5,1005.8,34.2,-14.299485690808263,-11.579495195317007
2017-01-20 22:00:00,1.0,0.82,1.0,0.72,24.1,89.0,22.2,1006.1,33.8,-11.17228714274745,-11.172287142747452
2017-01-20 23:00:00,1.0,0.8,1.0,0.74,23.5,94.0,22.4,1006.1,31.0,-9.41157736886248,-10.092681082344553
2017-01-21 00:00:00,0.91,0.23,0.59,0.75,24.0,89.0,22.1,1005.7,29.9,-10.050310886639206,-13.33721301778979
2017-01-21 01:00:00,0.88,0.32,0.46,0.8,23.9,88.0,21.8,1004.9,30.2,-9.992349288972044,-13.753288904374106
2017-01-21 02:00:00,0.87,0.31,0.51,0.78,24.0,86.0,21.5,1004.2,31.3,-7.950877772039927,-14.343763197086089
2017-01-21 03:00:00,0.68,0.24,0.46,0.31,24.0,84.0,21.1,1003.8,29.9,-6.25169805582838,-14.728077655239046
2017-01-21 04:00:00,0.62,0.44,0.35,0.3,23.9,83.0,20.9,1003.9,28.8,-5.5188664229976245,-14.377138568056907
2017-01-21 05:00:00,0.88,0.27,0.44,0.01,24.5,81.0,21.0,1003.9,29.2,-4.573451516749222,-14.075636441168273
2017-01-21 06:00:00,0.55,0.31,0.46,0.06,24.4,82.0,21.1,1004.5,26.6,-4.719877977894228,-12.967758166845536
2017-01-21 07:00:00,0.69,0.6,0.58,0.08,24.9,79.0,21.0,1005.6,26.6,-6.446665096301564,-12.652292643474823
2017-01-21 08:00:00,0.93,0.89,0.45,0.19,25.7,75.0,20.9,1006.6,36.4,-9.803502630270488,-15.096070223017634
2017-01-21 09:00:00,0.67,0.59,0.33,0.04,26.4,73.0,21.1,1007.0,42.1,-10.84059464703477,-15.481973637061945
2017-01-21 10:00:00,0.85,0.75,0.42,0.37,28.5,64.0,21.0,1006.7,48.2,-13.267974875766848,-13.739390186468238
2017-01-21 11:00:00,1.0,1.0,0.27,0.54,30.5,56.0,20.8,1005.8,50.0,-13.968855700926158,-13.026168677193722
2017-01-21 12:00:00,0.9,0.29,0.67,0.57,27.8,69.0,21.5,1005.1,49.7,-10.177310843167593,-15.088483820501759
2017-01-21 13:00:00,0.99,0.86,0.91,0.78,26.5,77.0,22.1,1004.1,44.6,-11.899669099704663,-8.96704384496552
2017-01-21 14:00:00,0.96,0.81,0.81,0.79,24.5,89.0,22.5,1004.0,35.6,-15.058010258783415,-7.672439445598341
2017-01-21 15:00:00,0.99,0.13,0.84,0.88,25.5,86.0,23.0,1003.2,31.0,-9.267951356541543,-12.29898685472831
2017-01-21 16:00:00,0.98,0.12,0.76,0.81,25.4,83.0,22.4,1003.8,39.2,-16.212300853960045,-12.21684496998658
2017-01-21 17:00:00,0.91,0.08,0.25,0.78,25.9,82.0,22.5,1003.6,38.5,-6.0954056044326705,-14.35987571385807
2017-01-21 18:00:00,0.92,0.24,0.29,0.87,25.2,84.0,22.4,1004.2,30.6,-7.18928680734087,-14.740222359306339
2017-01-21 19:00:00,0.86,0.4,0.23,0.74,25.3,83.0,22.3,1005.5,30.2,-6.550583056980841,-14.047770699068074
2017-01-21 20:00:00,0.85,0.4,0.16,0.73,25.4,81.0,22.0,1006.5,31.3,-10.094945279778411,-14.417075979486256
2017-01-21 21:00:00,0.82,0.5,0.15,0.57,25.1,82.0,22.0,1007.2,34.9,-10.553806428859247,-15.072397614917447
2017-01-21 22:00:00,0.75,0.58,0.15,0.43,24.6,85.0,22.0,1007.7,34.2,-8.549999999999999,-14.809034404713904
2017-01-21 23:00:00,1.0,1.0,0.36,0.26,24.4,86.0,21.9,1007.6,32.0,-8.65263965848891,-14.400410651795488
2017-01-22 00:00:00,1.0,0.99,0.33,0.5,24.2,86.0,21.8,1007.4,31.3,-7.828578738632823,-13.028942970672107
2017-01-22 01:00:00,0.89,0.81,0.4,0.37,24.2,86.0,21.8,1006.4,28.4,-6.849999999999999,-11.864548031846809
2017-01-22 02:00:00,1.0,1.0,0.47,0.27,23.8,88.0,21.6,1005.9,27.4,-7.996458519631681,-11.855237287537097
2017-01-22 03:00:00,1.0,1.0,0.39,0.33,23.6,88.0,21.5,1005.6,27.0,-8.184684314867857,-10.861442936643183
2017-01-22 04:00:00,0.9,0.84,0.38,0.08,23.5,89.0,21.6,1005.5,26.6,-8.181165083647887,-10.10289749894062
2017-01-22 05:00:00,0.92,0.35,0.37,0.03,23.2,91.0,21.7,1005.6,23.8,-4.418943019561748,-13.600108183020696
2017-01-22 06:00:00,0.54,0.46,0.27,0.0,23.3,91.0,21.7,1006.1,27.7,-4.573451516749222,-14.075636441168273
2017-01-22 07:00:00,0.68,0.64,0.32,0.0,24.1,88.0,21.9,1007.2,28.8,-6.751828275058284,-15.164854596867176
2017-01-22 08:00:00,0.57,0.48,0.24,0.07,25.5,80.0,21.8,1008.3,39.6,-9.744673366951375,-17.579856113501855
2017-01-22 09:00:00,1.0,1.0,0.25,0.0,26.3,74.0,21.4,1008.7,40.7,-11.586244014291129,-16.546871294637633
2017-01-22 10:00:00,0.89,0.87,0.33,0.13,28.0,68.0,21.5,1008.7,41.4,-12.202697939223436,-14.03759819214356
2017-01-22 11:00:00,0.94,0.71,0.71,0.83,26.2,75.0,21.4,1008.4,42.5,-16.952593782891395,-9.013854005489105
2017-01-22 12:00:00,0.94,0.86,0.74,0.56,25.8,83.0,22.6,1007.5,38.9,-5.36825187331917,-7.9587606965284
2017-01-22 13:00:00,1.0,0.87,1.0,1.0,24.9,85.0,22.2,1006.7,27.0,-9.334970206477495,-4.352968095929205
2017-01-22 14:00:00,0.98,0.46,0.92,0.92,25.9,85.0,23.1,1005.2,23.4,-7.61298541110786,-3.5499933986218752
2017-01-22 15:00:00,0.96,0.18,0.64,0.91,27.0,74.0,22.1,1004.4,26.6,-7.587037345449282,-5.717242719944458
2017-01-22 16:00:00,0.83,0.16,0.7,0.39,28.0,65.0,21.0,1004.1,26.3,-6.156001578501495,-6.836932394392027
2017-01-22 17:00:00,0.83,0.14,0.47,0.02,28.1,64.0,20.8,1004.5,26.6,-11.107818738551682,-2.5644420195200603
2017-01-22 18:00:00,0.59,0.12,0.5,0.14,27.5,64.0,20.0,1004.9,22.7,-12.613844441587954,-3.14498464279568
2017-01-22 19:00:00,0.32,0.01,0.17,0.17,26.5,68.0,20.0,1005.7,27.0,-13.685247584253414,-6.381535752284561
2017-01-22 20:00:00,0.33,0.04,0.13,0.22,25.5,72.0,20.0,1006.9,27.4,-11.864548031846809,-6.850000000000001
2017-01-22 21:00:00,0.6,0.08,0.08,0.56,25.0,73.0,19.9,1007.8,24.8,-11.101033589657371,-8.36522882181347
2017-01-22 22:00:00,0.5,0.0,0.05,0.49,24.6,74.0,19.8,1007.7,24.8,-10.092681082344553,-9.41157736886248
2017-01-22 23:00:00,0.88,0.0,0.01,0.88,24.1,75.0,19.5,1007.5,24.8,-9.377888001196464,-9.711087304571791
2017-01-23 00:00:00,0.7,0.0,0.0,0.7,23.5,77.0,19.1,1007.0,26.6,-10.093575728924979,-10.824034783963723
2017-01-23 01:00:00,0.78,0.0,0.0,0.78,22.8,79.0,18.9,1006.3,27.0,-9.384699101423474,-11.184248869537079
2017-01-23 02:00:00,0.87,0.0,0.0,0.87,22.0,82.0,18.9,1005.8,26.6,-7.159029241249753,-11.914625479759362
2017-01-23 03:00:00,0.78,0.02,0.0,0.77,21.7,85.0,19.0,1005.5,24.8,-7.206901993571586,-11.533454107727392
2017-01-23 04:00:00,0.42,0.09,0.0,0.35,21.4,88.0,19.2,1005.5,24.5,-5.124881702755083,-11.510672766296771
2017-01-23 05:00:00,0.32,0.24,0.02,0.01,20.9,91.0,19.3,1006.7,22.7,2.0329136865846065e-15,-8.3
2017-01-23 06:00:00,0.42,0.36,0.01,0.06,21.5,89.0,19.5,1007.2,16.6,1.4861274178821957,-9.383039235653808
2017-01-23 07:00:00,0.72,0.28,0.03,0.62,22.8,83.0,19.8,1008.2,19.4,0.35248491669525833,-10.093847352892867
2017-01-23 08:00:00,0.84,0.44,0.02,0.74,24.5,75.0,19.6,1008.9,34.6,-6.486459886769936,-16.897805719599354
2017-01-23 09:00:00,0.96,0.95,0.08,0.66,26.2,64.0,18.9,1009.2,38.2,-9.114420860631137,-16.44285049422064
2017-01-23 10:00:00,0.83,0.62,0.04,0.58,27.9,56.0,18.3,1008.8,38.5,-8.403540973867445,-15.804761912174792
2017-01-23 11:00:00,1.0,1.0,0.02,0.51,29.1,51.0,18.0,1007.9,38.5,-9.856498314737612,-15.773694588509525
2017-01-23 12:00:00,1.0,0.98,0.0,0.63,29.1,53.0,18.6,1006.7,39.2,-10.121457946854214,-16.197718636587737
2017-01-23 13:00:00,0.98,0.94,0.0,0.74,29.6,51.0,18.4,1005.3,38.9,-10.381733497953935,-14.826652001630753
2017-01-23 14:00:00,1.0,1.0,0.0,0.83,29.9,49.0,18.1,1004.3,37.1,-10.446718491427301,-12.900622960185718
2017-01-23 15:00:00,0.98,0.78,0.69,0.84,31.2,43.0,17.2,1003.3,36.7,-10.531762905160845,-13.976121425827625
2017-01-23 16:00:00,1.0,0.77,0.94,0.98,31.4,43.0,17.3,1003.4,38.9,-15.698348421430811,-12.712271899206716
2017-01-23 17:00:00,0.92,0.0,0.61,1.0,27.7,71.0,22.0,1004.1,39.2,-12.919594600731335,6.582862246223428
2017-01-23 18:00:00,0.97,0.0,0.14,0.97,26.4,74.0,21.5,1004.6,27.4,-12.268629060207482,3.986319227436821
2017-01-23 19:00:00,1.0,0.01,0.01,1.0,26.6,71.0,21.0,1005.4,29.2,-15.464481538001,-6.564282958619799
2017-01-23 20:00:00,1.0,0.0,0.0,1.0,26.0,71.0,20.4,1006.0,32.4,-13.289195940914203,-10.76137868695222
2017-01-23 21:00:00,1.0,0.0,0.0,1.0,25.5,74.0,20.5,1006.6,31.7,-12.484833068020224,-11.241394186828819
2017-01-23 22:00:00,1.0,0.0,0.0,1.0,25.1,75.0,20.5,1007.0,30.6,-13.348780407186633,-9.698456662825807
2017-01-23 23:00:00,0.96,0.0,0.0,0.96,24.6,71.0,19.0,1006.8,31.0,-11.241394186828819,-12.484833068020224
2017-01-24 00:00:00,1.0,0.0,0.0,1.0,23.8,71.0,18.2,1006.5,31.0,-8.65976065673893,-13.334862030332243
2017-01-24 01:00:00,1.0,0.01,0.0,1.0,23.0,75.0,18.2,1005.7,28.8,-6.223070639059744,-13.977245501931794
2017-01-24 02:00:00,1.0,0.0,0.0,1.0,22.9,76.0,18.5,1005.1,29.2,-5.036977008311643,-15.502221215611003
2017-01-24 03:00:00,0.99,0.0,0.0,0.99,22.6,80.0,18.9,1004.4,29.5,-3.9433268982745844,-15.815820338298742
2017-01-24 04:00:00,0.98,0.0,0.0,0.98,22.3,83.0,19.3,1004.1,31.3,-4.425805671253105,-16.51733162954307
2017-01-24 05:00:00,0.99,0.0,0.0,1.0,22.6,83.0,19.7,1004.6,31.3,-5.376895702124084,-16.54838338353567
2017-01-24 06:00:00,0.92,0.01,0.0,0.92,22.9,84.0,20.0,1005.0,34.6,-4.917561856947894,-18.352590699492296
2017-01-24 07:00:00,0.98,0.04,0.0,0.98,23.4,81.0,20.0,1005.7,34.9,-5.058030491703346,-16.544072278160513
2017-01-24 08:00:00,0.95,0.04,0.0,0.95,24.5,75.0,19.9,1006.7,40.0,-8.244426811123677,-19.422652407846492
2017-01-24 09:00:00,0.99,0.3,0.0,0.99,26.0,68.0,19.5,1007.5,46.1,-12.917356070174254,-19.150767926021466
2017-01-24 10:00:00,1.0,0.51,0.0,0.98,26.9,62.0,18.9,1007.5,47.2,-15.548598987075023,-17.886617051279696
2017-01-24 11:00:00,1.0,0.82,0.0,0.99,27.8,56.0,18.2,1006.7,47.9,-12.917356070174254,-19.150767926021466
2017-01-24 12:00:00,1.0,0.97,0.14,1.0,30.4,47.0,17.9,1005.1,48.2,-13.901927034812315,-18.448480282092465
2017-01-24 13:00:00,1.0,1.0,0.46,1.0,30.1,48.0,17.8,1003.9,47.9,-16.94966423919953,-17.551891128263087
2017-01-24 14:00:00,1.0,0.9,0.48,1.0,30.2,46.0,17.5,1003.1,47.9,-15.839191898578662,-15.839191898578665
2017-01-24 15:00:00,1.0,0.48,0.44,1.0,30.3,50.0,18.7,1002.4,47.5,-18.65705811544137,-11.658223813130508
2017-01-24 16:00:00,0.99,0.25,0.24,0.98,29.7,52.0,18.8,1002.5,43.9,-17.7242052096693,-11.075312622473982
2017-01-24 17:00:00,0.92,0.05,0.13,1.0,27.9,63.0,20.1,1003.0,42.5,-15.129051194653126,-5.506524307543269
2017-01-24 18:00:00,1.0,0.11,0.12,1.0,26.5,71.0,20.8,1003.7,30.2,-14.05767991265662,-4.2978640594242306
2017-01-24 19:00:00,0.98,0.16,0.22,0.95,26.1,72.0,20.7,1004.7,29.2,-14.077903082176213,-7.173049895884841
2017-01-24 20:00:00,0.9,0.12,0.35,0.83,25.6,74.0,20.6,1005.7,28.8,-13.68320137979413,-7.900000000000002
2017-01-24 21:00:00,0.99,0.04,0.91,0.93,25.4,75.0,20.6,1006.2,28.8,-12.538577507742497,-9.448495863487157
2017-01-24 22:00:00,0.83,0.12,0.67,0.57,25.6,72.0,20.2,1006.3,31.7,-12.003171137099974,-12.8718251484974
2017-01-24 23:00:00,0.79,0.1,0.54,0.66,25.4,67.0,18.7,1006.1,33.5,-10.75647011695226,-14.805010997061538
2017-01-25 00:00:00,0.74,0.2,0.24,0.71,24.8,66.0,18.0,1005.9,33.5,-8.74366785984788,-13.992793586581028
2017-01-25 01:00:00,0.76,0.21,0.3,0.7,24.4,67.0,17.9,1005.1,30.2,-7.65238647341002,-14.39204576360051
2017-01-25 02:00:00,0.96,0.11,0.83,0.63,24.0,70.0,18.4,1004.5,30.6,-6.21846945070414,-15.391251985808672
2017-01-25 03:00:00,0.78,0.21,0.67,0.47,24.0,73.0,18.9,1004.1,30.6,-5.129682106624127,-15.78753817049955
2017-01-25 04:00:00,0.81,0.34,0.51,0.65,24.0,75.0,19.1,1004.0,31.3,-4.425805671253105,-16.51733162954307
2017-01-25 05:00:00,1.0,0.29,0.45,0.67,22.4,87.0,20.1,1004.6,32.0,-2.7957356604375785,-15.855404823496551
2017-01-25 06:00:00,0.84,0.14,0.45,0.79,22.8,86.0,20.3,1005.4,30.6,-3.5968722511472366,-16.92195349269484
2017-01-25 07:00:00,1.0,1.0,0.83,0.85,23.1,85.0,20.5,1006.3,33.5,-5.154418553777884,-17.975593714046564
2017-01-25 08:00:00,1.0,1.0,1.0,0.88,23.2,85.0,20.6,1007.3,35.3,-5.840421193686505,-17.9749681579784
2017-01-25 09:00:00,1.0,1.0,0.98,0.92,23.4,85.0,20.8,1007.8,36.7,-5.098735188519658,-19.028738777894645
2017-01-25 10:00:00,1.0,1.0,1.0,0.9,24.3,84.0,21.5,1007.6,35.6,-4.244815279581787,-14.80343011745011
2017-01-25 11:00:00,1.0,1.0,0.82,0.92,25.5,76.0,20.9,1007.0,33.1,-5.33931773309737,-15.506504639828796
2017-01-25 12:00:00,1.0,1.0,0.62,0.99,26.1,71.0,20.4,1005.8,35.6,-9.962482167584252,-15.943304207740809
2017-01-25 13:00:00,1.0,1.0,0.93,0.97,27.0,64.0,19.6,1004.9,43.9,-12.905469817898537,-18.430920996502316
2017-01-25 14:00:00,1.0,1.0,0.95,0.99,27.5,61.0,19.4,1003.8,43.6,-10.096848195340796,-12.923376359150238
2017-01-25 15:00:00,1.0,1.0,0.45,0.99,27.6,61.0,19.4,1003.3,37.1,-11.241394186828819,-12.484833068020224
2017-01-25 16:00:00,1.0,1.0,0.66,0.99,28.0,59.0,19.3,1003.4,35.3,-14.788582027000144,-13.315699066541278
2017-01-25 17:00:00,1.0,0.34,0.37,0.87,27.7,62.0,19.8,1003.3,40.7,-8.395120621033882,-13.971827001444431
2017-01-25 18:00:00,1.0,1.0,0.9,0.33,26.8,66.0,19.9,1003.9,30.6,-9.053614600069,-10.414992207074254
2017-01-25 19:00:00,0.88,0.72,0.37,0.45,26.4,69.0,20.3,1004.5,25.2,-10.064046815345089,-6.5356684201803255
2017-01-25 20:00:00,0.64,0.4,0.34,0.32,25.5,76.0,21.0,1005.9,24.5,-13.029474273243602,-4.2335328229367795
2017-01-25 21:00:00,1.0,1.0,0.59,0.61,24.7,81.0,21.1,1006.4,24.8,-12.20678938138064,-6.219669846431792
2017-01-25 22:00:00,0.99,0.31,0.25,0.98,24.5,81.0,21.1,1006.3,24.8,-10.10289749894062,-8.181165083647887
2017-01-25 23:00:00,1.0,0.89,0.27,0.92,24.2,82.0,21.0,1006.0,23.8,-9.714324518212136,-7.866504888122967
2017-01-26 00:00:00,1.0,1.0,0.2,0.93,24.2,82.0,20.9,1005.8,25.9,-10.458357933154138,-9.752576548893728
2017-01-26 01:00:00,1.0,0.87,0.3,0.96,24.2,81.0,20.8,1005.2,26.3,-9.367828489024015,-10.40402755668352
2017-01-26 02:00:00,0.99,0.95,0.47,0.81,24.1,80.0,20.5,1005.0,25.9,-7.099999999999999,-12.29756073373903
2017-01-26 03:00:00,0.63,0.55,0.35,0.22,24.1,80.0,20.5,1004.6,26.3,-5.786499137615822,-11.864081411149003
2017-01-26 04:00:00,1.0,1.0,0.2,0.02,23.8,81.0,20.4,1004.6,24.5,-3.9863192274368213,-12.26862906020748
2017-01-26 05:00:00,1.0,1.0,0.37,0.82,23.4,84.0,20.5,1004.8,24.1,-4.309453805903425,-11.840127021902445
2017-01-26 06:00:00,1.0,1.0,0.69,0.66,23.8,82.0,20.4,1005.4,24.8,-5.450271017215723,-12.241509132410853
2017-01-26 07:00:00,1.0,1.0,0.4,0.57,24.3,79.0,20.5,1006.2,24.5,-3.93323164824519,-10.806465139037947
2017-01-26 08:00:00,0.92,0.78,0.43,0.72,25.4,73.0,20.2,1007.4,32.8,-8.262627095259752,-16.216318740228296
2017-01-26 09:00:00,1.0,1.0,0.5,0.67,26.7,69.0,20.5,1007.5,38.9,-9.599999999999998,-16.627687752661224
2017-01-26 10:00:00,1.0,1.0,0.73,0.63,27.5,67.0,20.8,1007.3,38.2,-9.322189155871982,-15.514728142708234
2017-01-26 11:00:00,0.93,0.92,0.82,0.19,27.8,67.0,21.1,1007.1,36.4,-9.729956520390996,-14.425253762457725
2017-01-26 12:00:00,1.0,1.0,1.0,0.86,27.0,71.0,21.3,1005.8,40.3,-8.346550582553117,-11.488041320124253
2017-01-26 13:00:00,0.93,0.62,0.49,0.84,26.2,75.0,21.5,1004.5,37.8,-4.993539088537272,-9.008582983535776
2017-01-26 14:00:00,1.0,0.93,0.53,0.95,27.6,69.0,21.4,1003.5,28.8,-9.377888001196464,-9.711087304571791
2017-01-26 15:00:00,1.0,1.0,0.47,0.97,28.2,66.0,21.3,1002.9,30.6,-9.789017457677968,-12.529370982346878
2017-01-26 16:00:00,0.99,0.64,0.27,0.99,26.8,73.0,21.5,1003.0,34.9,-10.446718491427301,-12.900622960185718
2017-01-26 17:00:00,1.0,1.0,0.16,0.97,27.5,68.0,21.0,1003.1,32.0,-10.168684864659786,-13.995994002686592
2017-01-26 18:00:00,0.98,0.26,0.14,0.93,26.9,71.0,21.1,1003.6,32.0,-8.395120621033882,-13.971827001444431
2017-01-26 19:00:00,1.0,0.28,0.13,1.0,26.2,74.0,21.2,1004.2,29.9,-6.094071538681856,-9.7525531057989
2017-01-26 20:00:00,0.97,0.28,0.08,0.97,25.8,76.0,21.3,1005.0,22.7,-5.856477446640154,-11.493984162029946
2017-01-26 21:00:00,1.0,0.79,0.08,0.9,25.5,77.0,21.1,1005.7,25.2,-4.232386007943037,-12.291741482791119
2017-01-26 22:00:00,1.0,1.0,0.15,0.97,25.1,79.0,21.1,1005.8,24.1,-5.856477446640154,-11.493984162029946
2017-01-26 23:00:00,0.99,0.86,0.24,0.9,24.9,81.0,21.3,1005.6,23.8,-6.399486987251649,-11.544980134240022
2017-01-27 00:00:00,1.0,1.0,0.3,0.03,24.8,81.0,21.4,1005.1,24.8,-5.094649670456404,-12.60970042210831
2017-01-27 01:00:00,0.94,0.93,0.35,0.24,24.5,82.0,21.3,1004.2,25.2,-4.063966695646041,-13.292636107886192
2017-01-27 02:00:00,0.99,0.42,0.47,0.94,24.2,84.0,21.4,1003.3,27.0,-4.385575570841052,-14.344571339445531
2017-01-27 03:00:00,0.98,0.84,0.52,0.85,23.7,87.0,21.5,1002.9,27.4,-3.1718098662484966,-13.738617913471817
2017-01-27 04:00:00,0.98,0.56,0.41,0.92,23.6,88.0,21.6,1002.7,25.9,-3.2392951825516563,-14.030928932907388
2017-01-27 05:00:00,0.99,0.19,0.37,0.96,24.0,87.0,21.6,1003.1,25.9,-3.610849361202689,-12.592528216791978
2017-01-27 06:00:00,1.0,0.95,0.61,1.0,23.9,88.0,21.7,1003.7,24.8,-4.309453805903425,-11.840127021902445
2017-01-27 07:00:00,1.0,1.0,1.0,0.96,23.9,90.0,22.0,1004.8,23.0,-6.049999999999999,-10.478907385791707
2017-01-27 08:00:00,1.0,1.0,0.67,0.98,23.6,93.0,22.4,1005.9,22.3,-4.727846654720213,-11.138108726774528
2017-01-27 09:00:00,1.0,0.91,0.25,1.0,24.6,87.0,22.2,1005.8,37.1,-3.4382339178052206,-19.49919350964172
2017-01-27 10:00:00,1.0,0.79,0.24,0.99,26.6,75.0,21.9,1005.6,40.3,-7.850017211362944,-17.6314273325022
2017-01-27 11:00:00,1.0,1.0,0.96,1.0,26.9,73.0,21.6,1005.6,38.5,-10.404678933003625,-13.3173817359536
2017-01-27 12:00:00,1.0,0.98,0.77,1.0,25.5,83.0,22.3,1004.6,33.8,-12.29898685472831,-9.267951356541543
2017-01-27 13:00:00,1.0,0.99,0.98,1.0,24.2,92.0,23.0,1003.7,30.2,-8.621990754572435,-5.815606196095767
2017-01-27 14:00:00,1.0,0.91,1.0,1.0,23.8,95.0,23.0,1002.6,20.5,-6.104407793183422,-7.538315826132617
2017-01-27 15:00:00,1.0,0.9,1.0,1.0,23.8,95.0,23.0,1002.2,18.4,-5.437846722219899,-2.5357095704441965
2017-01-27 16:00:00,1.0,1.0,1.0,1.0,23.6,96.0,22.9,1002.7,16.9,-4.023790324368742,-4.314986839553106
2017-01-27 17:00:00,1.0,0.11,0.88,0.99,24.5,92.0,23.1,1003.3,18.0,-7.159697488039782,-7.951649632608118
2017-01-27 18:00:00,1.0,0.0,0.89,1.0,23.9,94.0,22.9,1003.6,19.4,-5.416335208368435,-7.187719590425635
2017-01-27 19:00:00,1.0,0.05,1.0,1.0,23.9,94.0,22.8,1004.6,18.4,-5.82763767466079,-8.973775077016036
2017-01-27 20:00:00,1.0,0.22,0.99,1.0,23.9,94.0,22.8,1005.1,22.7,-6.157082177128481,-11.107670280670325
2017-01-27 21:00:00,1.0,0.12,0.69,1.0,23.6,94.0,22.6,1005.6,23.8,-7.24369916569986,-11.154318553674141
2017-01-27 22:00:00,1.0,0.36,1.0,1.0,23.2,94.0,22.2,1005.5,24.5,-5.705346533499442,-12.235155124994774
2017-01-27 23:00:00,1.0,0.52,1.0,1.0,22.9,96.0,22.2,1005.2,26.3,-5.470235798849833,-12.887067948334165
2017-01-28 00:00:00,1.0,1.0,1.0,1.0,22.9,96.0,22.1,1004.7,25.9,-4.590510977845909,-13.331811915950368
2017-01-28 01:00:00,0.99,0.85,0.99,0.98,22.9,96.0,22.2,1003.7,27.0,-4.385575570841052,-14.344571339445531
2017-01-28 02:00:00,1.0,0.3,0.69,1.0,22.8,96.0,22.0,1002.9,28.4,-5.078863209531645,-14.750089779349343
2017-01-28 03:00:00,1.0,1.0,0.71,0.99,22.5,97.0,22.0,1002.2,28.1,-3.2417534010355475,-13.001962732098352
2017-01-28 04:00:00,1.0,1.0,0.5,1.0,22.5,97.0,22.1,1002.1,25.2,-4.590510977845909,-13.331811915950368
2017-01-28 05:00:00,0.92,1.0,0.99,0.97,22.8,96.0,22.1,1003.0,27.4,-0.7324429743133156,-10.474422527728153
2017-01-28 06:00:00,1.0,1.0,0.38,0.55,23.1,95.0,22.2,1003.2,22.3,-1.8231676225768572,-12.972511700514572
2017-01-28 07:00:00,0.95,0.95,0.27,0.01,23.5,93.0,22.4,1003.7,26.3,-2.535263393937183,-14.378193193978237
2017-01-28 08:00:00,1.0,1.0,0.39,0.05,24.2,90.0,22.5,1005.1,30.2,-5.129682106624127,-15.78753817049955
2017-01-28 09:00:00,1.0,1.0,0.73,0.26,25.1,85.0,22.4,1005.8,34.9,-9.640110919765979,-14.844469052634006
2017-01-28 10:00:00,1.0,1.0,0.32,0.16,25.7,80.0,22.0,1006.0,34.2,-11.107568065557048,-12.336204102924745
2017-01-28 11:00:00,1.0,1.0,0.55,0.03,26.5,78.0,22.3,1005.4,33.5,-11.525840533340725,-11.525840533340727
2017-01-28 12:00:00,0.64,0.54,0.38,0.11,27.9,73.0,22.6,1004.3,35.6,-11.154318553674141,-7.24369916569986
2017-01-28 13:00:00,0.99,0.98,0.27,0.66,28.9,71.0,23.0,1003.0,36.7,-12.575397055470914,-4.330056454280185
2017-01-28 14:00:00,0.95,0.34,0.3,0.91,27.8,72.0,22.2,1002.1,37.1,-14.466434206669547,-4.981192763194499
2017-01-28 15:00:00,0.94,0.11,0.3,0.93,28.1,72.0,22.5,1001.8,34.9,-11.107670280670325,-6.157082177128481
2017-01-28 16:00:00,0.94,0.33,0.38,0.91,26.1,79.0,22.2,1002.2,36.0,-9.053614600069,-10.414992207074254
2017-01-28 17:00:00,0.95,0.15,0.14,0.75,27.2,75.0,22.5,1002.7,27.0,-10.091075553270363,-2.515987714236544
2017-01-28 18:00:00,0.24,0.18,0.08,0.06,26.0,80.0,22.4,1002.7,19.4,-5.7247447850283795,-1.4273391840380394
2017-01-28 19:00:00,0.18,0.18,0.03,0.0,25.1,86.0,22.6,1004.0,10.1,-3.5748714227020657,-2.8948737988292517
2017-01-28 20:00:00,0.71,0.15,0.06,0.65,25.0,84.0,22.2,1005.0,11.5,-2.873804179836756,-6.162892951849219
2017-01-28 21:00:00,0.87,0.15,0.06,0.85,24.5,87.0,22.1,1005.9,12.2,-3.268731598124737,-6.415246974156249
2017-01-28 22:00:00,0.78,0.26,0.16,0.73,24.3,88.0,22.2,1006.1,13.7,-3.211898789229316,-6.887939181478539
2017-01-28 23:00:00,0.96,0.48,0.35,0.9,24.0,89.0,22.2,1005.7,13.7,-3.5499933986218752,-7.61298541110786
2017-01-29 00:00:00,0.99,0.93,0.47,0.95,23.4,94.0,22.4,1005.3,19.4,-5.760295472466237,-7.9283665448744856
2017-01-29 01:00:00,1.0,1.0,0.53,1.0,23.2,94.0,22.3,1004.7,17.3,-5.789747597658503,-7.149742845404131
2017-01-29 02:00:00,1.0,1.0,0.49,0.85,23.2,96.0,22.5,1004.0,18.4,-5.356254835333226,-6.85569355637848
2017-01-29 03:00:00,1.0,1.0,0.46,0.7,23.1,95.0,22.4,1003.9,18.7,-6.156614753256583,-7.880107536067219
2017-01-29 04:00:00,1.0,1.0,0.44,0.35,23.0,95.0,22.1,1003.6,17.6,-4.363286582217033,-7.871577364254562
2017-01-29 05:00:00,0.74,0.9,0.25,0.31,23.1,94.0,22.2,1004.3,18.4,-2.153104870837043,-8.635631963856369
2017-01-29 06:00:00,1.0,1.0,0.18,0.44,23.5,93.0,22.2,1004.8,18.0,-2.1414904154229215,-10.0749202875582
2017-01-29 07:00:00,1.0,1.0,0.3,0.62,23.8,92.0,22.3,1005.5,19.4,-2.5159877142365445,-10.091075553270363
2017-01-29 08:00:00,0.99,0.96,0.27,0.7,24.9,87.0,22.5,1006.5,24.1,-3.303800263366926,-10.806243742382302
2017-01-29 09:00:00,0.89,0.59,0.17,0.71,26.2,83.0,23.0,1007.0,26.6,-5.727553065987867,-10.771960632878908
2017-01-29 10:00:00,0.99,0.96,0.23,0.64,27.6,77.0,23.3,1007.1,31.7,-6.901510203794726,-11.486041829408306
2017-01-29 11:00:00,0.76,0.75,0.1,0.0,28.6,74.0,23.5,1006.1,37.1,-7.24369916569986,-11.154318553674141
2017-01-29 12:00:00,1.0,1.0,0.14,0.0,29.4,71.0,23.6,1004.9,37.8,-7.5712089598338075,-10.81280698461469
2017-01-29 13:00:00,0.61,0.6,0.11,0.0,29.5,71.0,23.6,1003.5,37.8,-9.00237835282498,-9.65386886137305
2017-01-29 14:00:00,1.0,1.0,0.13,0.0,29.5,71.0,23.8,1002.4,37.4,-11.10943005964918,-6.941942361454984
2017-01-29 15:00:00,0.48,0.39,0.26,0.02,29.1,73.0,23.7,1001.9,38.2,-10.4771775566047,-4.233054505599806
2017-01-29 16:00:00,0.62,0.46,0.29,0.17,27.2,77.0,22.9,1002.3,35.6,-12.184676781453192,-6.478707566445294
2017-01-29 17:00:00,0.32,0.15,0.06,0.0,28.3,74.0,23.3,1002.4,27.4,-11.471986577987979,-0.8021994480574401
2017-01-29 18:00:00,0.06,0.05,0.02,0.0,27.1,80.0,23.4,1002.9,21.6,-9.74959675482086,-1.7191169589026112
2017-01-29 19:00:00,0.04,0.04,0.01,0.0,26.8,78.0,22.5,1003.9,22.0,-10.800307988846615,-6.489479743866682
2017-01-29 20:00:00,0.03,0.03,0.02,0.0,26.1,80.0,22.3,1004.9,22.7,-9.692532269362681,-7.572636146505597
2017-01-29 21:00:00,0.16,0.08,0.14,0.0,25.5,83.0,22.4,1006.1,23.0,-9.80536887192292,-8.227681403987704
2017-01-29 22:00:00,0.1,0.07,0.08,0.0,25.1,84.0,22.3,1006.3,24.1,-9.351417404402465,-9.030558815966964
2017-01-29 23:00:00,0.1,0.03,0.1,0.0,24.6,87.0,22.3,1005.7,23.8,-7.872708347886087,-9.056514962673264
2017-01-30 00:00:00,0.16,0.01,0.11,0.05,24.2,89.0,22.3,1005.2,22.0,-6.095202647831141,-9.036509540849956
2017-01-30 01:00:00,0.32,0.19,0.12,0.11,24.0,90.0,22.4,1004.5,20.5,-4.233054505599806,-10.4771775566047
2017-01-30 02:00:00,0.48,0.38,0.19,0.13,23.9,92.0,22.5,1003.8,20.2,-3.1519733426244634,-9.700776466210565
2017-01-30 03:00:00,0.51,0.34,0.07,0.18,23.7,92.0,22.4,1003.4,22.3,-5.367251924106883,-11.510108895365454
2017-01-30 04:00:00,0.72,0.31,0.61,0.14,23.3,90.0,21.5,1003.8,23.0,-5.3813867847343415,-9.708278749247292
2017-01-30 05:00:00,1.0,0.45,0.09,0.0,23.9,91.0,22.4,1003.8,20.2,-5.874393838195722,-12.597678239809435
2017-01-30 06:00:00,0.5,0.47,0.04,0.0,23.9,91.0,22.4,1005.0,25.2,-4.233054505599806,-10.4771775566047
2017-01-30 07:00:00,0.42,0.4,0.12,0.0,24.6,87.0,22.3,1005.9,22.3,-3.9719314843773117,-11.535326622311665
2017-01-30 08:00:00,0.39,0.34,0.2,0.0,25.5,82.0,22.2,1006.8,25.6,-4.610627316173431,-10.861957270738797
2017-01-30 09:00:00,0.41,0.38,0.17,0.0,26.6,76.0,22.1,1007.3,29.2,-8.184684314867857,-10.861442936643183
2017-01-30 10:00:00,0.63,0.58,0.37,0.0,27.9,71.0,22.1,1007.2,34.9,-10.861442936643183,-8.184684314867857
2017-01-30 11:00:00,1.0,1.0,0.17,0.0,29.0,68.0,22.6,1006.4,35.6,-10.436319227436822,-7.582429754572904
2017-01-30 12:00:00,1.0,1.0,0.98,0.0,28.9,67.0,22.2,1005.0,35.3,-9.692532269362681,-7.572636146505597
2017-01-30 13:00:00,0.8,0.57,0.21,0.5,29.0,69.0,22.7,1003.8,32.8,-9.03932442880394,-7.5848937943011645
2017-01-30 14:00:00,0.6,0.54,0.21,0.01,29.9,67.0,23.1,1002.7,34.9,-9.663489671572243,-7.281961780139784
2017-01-30 15:00:00,0.8,0.41,0.78,0.0,29.8,65.0,22.4,1002.2,34.9,-11.571287547152728,-3.5376976271451146
2017-01-30 16:00:00,0.39,0.13,0.38,0.0,27.1,77.0,22.7,1002.9,33.1,-8.95274548489749,3.986019102142843
2017-01-30 17:00:00,0.32,0.01,0.11,0.0,27.8,74.0,22.6,1002.7,22.0,-12.569373835729534,2.901868601035859
2017-01-30 18:00:00,0.13,0.01,0.13,0.0,26.5,79.0,22.6,1003.1,24.5,-10.818369254437565,2.898773305148233
2017-01-30 19:00:00,0.02,0.0,0.02,0.0,25.6,83.0,22.6,1004.2,22.7,-12.992080751248245,0.4536934571325124
2017-01-30 20:00:00,0.89,0.05,0.01,0.89,25.4,82.0,22.0,1004.9,23.8,-12.623222778712067,-3.859306502340125
2017-01-30 21:00:00,0.93,0.01,0.01,0.93,24.6,80.0,21.0,1005.6,24.5,-12.241509132410853,-5.450271017215723
2017-01-30 22:00:00,0.95,0.0,0.0,0.95,23.7,81.0,20.2,1006.0,24.5,-10.771960632878907,-5.727553065987868
2017-01-30 23:00:00,0.95,0.0,0.0,0.95,22.8,83.0,19.8,1005.5,22.0,-10.4833820993178,-6.807987937687838
2017-01-31 00:00:00,0.93,0.0,0.0,0.93,21.8,88.0,19.6,1005.2,22.3,-9.056514962673264,-7.872708347886087
2017-01-31 01:00:00,0.97,0.0,0.0,0.97,21.2,93.0,20.0,1005.0,20.9,-6.104407793183422,-7.538315826132617
2017-01-31 02:00:00,0.97,0.0,0.0,0.97,20.9,95.0,20.1,1004.5,16.9,-3.221616703376843,-7.973781149274371
2017-01-31 03:00:00,0.94,0.12,0.0,0.94,20.6,96.0,20.0,1004.0,14.8,-1.1133848076805235,-7.922144549932563
2017-01-31 04:00:00,0.94,0.21,0.0,0.91,20.5,96.0,19.8,1003.9,15.5,0.30013567164150706,-8.594761112364223
2017-01-31 05:00:00,1.0,1.0,0.0,0.0,20.8,94.0,19.9,1004.4,16.2,0.4134540543192605,-7.889173324561134
2017-01-31 06:00:00,1.0,1.0,0.0,0.0,21.8,89.0,19.9,1004.9,16.6,0.6972459419812665,-7.969557584733964
2017-01-31 07:00:00,1.0,1.0,0.0,0.0,22.8,86.0,20.2,1005.5,16.2,0.3977532674463772,-7.589584464134761
2017-01-31 08:00:00,0.97,0.97,0.0,0.11,23.9,81.0,20.4,1006.4,19.8,-2.8649997592229792,-8.320563465273988
2017-01-31 09:00:00,0.82,0.65,0.0,0.42,24.9,75.0,20.1,1006.9,21.2,-4.716281451675524,-7.547628055792192
2017-01-31 10:00:00,0.75,0.56,0.0,0.41,26.5,66.0,19.7,1006.7,24.5,-5.391926446648768,-8.302838622659698
2017-01-31 11:00:00,0.13,0.0,0.0,0.13,27.9,59.0,19.2,1006.1,27.4,-6.524416300446451,-8.980088637561916
2017-01-31 12:00:00,0.52,0.0,0.0,0.52,28.9,56.0,19.1,1004.9,28.8,-6.818308926592688,-9.38459713474939
2017-01-31 13:00:00,0.6,0.01,0.0,0.59,29.6,53.0,19.0,1003.6,28.4,-7.544678833390834,-8.679160172561879
2017-01-31 14:00:00,0.68,0.04,0.0,0.66,30.0,52.0,19.0,1002.8,28.1,-8.579697762932554,-7.1992212284892405
2017-01-31 15:00:00,0.87,0.12,0.0,0.85,29.7,53.0,19.1,1002.4,27.4,-11.1506356728845,-3.19739332747719
2017-01-31 16:00:00,0.0,0.0,0.0,0.0,27.8,69.0,21.5,1002.6,30.6,-14.001420049710037,5.096100135552464
2017-01-31 17:00:00,0.0,0.0,0.0,0.0,26.0,71.0,20.3,1002.7,32.4,-13.719512263474263,4.993494092554763
2017-01-31 18:00:00,0.0,0.0,0.0,0.0,25.1,76.0,20.6,1003.3,27.4,-11.19054989130337,2.175222547292611
2017-01-31 19:00:00,0.0,0.0,0.0,0.0,24.2,81.0,20.8,1004.1,20.5,-9.676371287520293,0.6766377953180156
2017-01-31 20:00:00,0.0,0.0,0.0,0.0,24.0,83.0,21.0,1005.3,19.8,-11.215771513546938,-1.3771235804781667
2017-01-31 21:00:00,0.0,0.0,0.0,0.0,23.5,84.0,20.6,1005.8,19.8,-9.355568503977864,-4.766900247265242
2017-01-31 22:00:00,0.06,0.06,0.0,0.0,23.2,84.0,20.3,1005.9,18.7,-5.356254835333226,-6.85569355637848
2017-01-31 23:00:00,0.08,0.08,0.0,0.0,22.8,85.0,20.1,1005.6,16.2,-5.46640284632,-7.523858047687012
2017-02-01 00:00:00,0.14,0.14,0.0,0.0,22.5,86.0,20.1,1005.4,16.9,-3.2039952536120446,-7.54813979831001
2017-02-01 01:00:00,0.01,0.01,0.0,0.0,21.9,91.0,20.3,1004.9,14.4,-1.469229264399395,-7.558529312547013
2017-02-01 02:00:00,0.03,0.03,0.0,0.0,21.5,93.0,20.3,1004.5,13.7,-1.7902220274375413,-7.180188374442374
2017-02-01 03:00:00,0.05,0.05,0.0,0.0,21.0,95.0,20.1,1004.2,13.7,-1.7902220274375413,-7.180188374442374
2017-02-01 04:00:00,0.12,0.12,0.0,0.0,20.8,95.0,20.0,1004.5,13.3,-1.754618223882147,-7.6000865053248345
2017-02-01 05:00:00,0.47,0.24,0.0,0.0,20.9,95.0,20.1,1004.8,13.7,-0.7233926648055629,-8.268415994161488
2017-02-01 06:00:00,0.24,0.24,0.0,0.0,21.1,93.0,20.0,1005.6,17.3,-2.159530121701104,-9.353952621938259
2017-02-01 07:00:00,0.29,0.29,0.0,0.0,21.9,87.0,19.7,1006.5,20.5,-3.186851581477831,-10.423721839997087
2017-02-01 08:00:00,0.33,0.33,0.0,0.0,23.5,79.0,19.7,1007.2,26.3,-6.489479743866682,-10.800307988846615
2017-02-01 09:00:00,0.3,0.3,0.0,0.0,25.0,71.0,19.3,1007.7,28.4,-6.782966582185023,-10.855015630802253
2017-02-01 10:00:00,0.33,0.33,0.0,0.0,26.1,64.0,18.6,1007.5,28.8,-5.856477446640154,-11.493984162029946
2017-02-01 11:00:00,0.21,0.21,0.0,0.0,27.4,57.0,18.1,1006.7,30.2,-4.962187045524762,-11.14525458323973
2017-02-01 12:00:00,0.14,0.14,0.0,0.0,28.3,52.0,17.6,1005.5,29.2,-5.351975815759156,-10.065602558591769
2017-02-01 13:00:00,0.11,0.11,0.0,0.0,29.2,49.0,17.5,1004.2,28.4,-6.818308926592688,-9.38459713474939
2017-02-01 14:00:00,0.05,0.05,0.0,0.0,29.8,47.0,17.4,1003.4,29.2,-8.66137917279373,-9.288192010563463
2017-02-01 15:00:00,0.11,0.11,0.0,0.0,29.5,50.0,18.0,1002.8,29.9,-12.977032895167305,-3.7211043035294886
2017-02-01 16:00:00,0.0,0.0,0.0,0.0,27.5,69.0,21.2,1003.1,33.1,-15.492137046601176,4.736421616508333
2017-02-01 17:00:00,0.0,0.0,0.0,0.0,26.0,65.0,18.8,1003.3,34.2,-14.003706397458027,5.375519243179504
2017-02-01 18:00:00,0.0,0.0,0.0,0.0,24.6,68.0,18.3,1003.7,28.1,-11.19054989130337,2.175222547292611
2017-02-01 19:00:00,0.0,0.0,0.0,0.0,24.1,74.0,19.2,1004.4,20.5,-11.555858497864248,1.0110066158728355
2017-02-01 20:00:00,0.0,0.0,0.0,0.0,23.8,79.0,20.0,1005.5,20.2,-11.513535359039334,-1.4136843834997108
2017-02-01 21:00:00,0.0,0.0,0.0,0.0,23.4,80.0,19.8,1006.2,20.5,-10.45610077676866,-4.013721034907364
2017-02-01 22:00:00,0.0,0.0,0.0,0.0,22.9,79.0,19.1,1006.7,19.8,-9.328529057720685,-5.829111906565254
2017-02-01 23:00:00,0.0,0.0,0.0,0.0,22.1,82.0,19.0,1006.7,19.4,-7.566042558696057,-7.566042558696059
2017-02-02 00:00:00,0.0,0.0,0.0,0.0,21.4,87.0,19.1,1006.5,19.1,-4.366085533908785,-8.211412613588022
2017-02-02 01:00:00,0.0,0.0,0.0,0.0,20.8,91.0,19.2,1005.9,16.2,-2.8649997592229792,-8.320563465273988
2017-02-02 02:00:00,0.06,0.06,0.0,0.0,20.4,93.0,19.2,1005.4,15.1,-2.2258437878816784,-8.306962106085987
2017-02-02 03:00:00,0.2,0.13,0.0,0.07,20.1,95.0,19.2,1005.2,14.8,-1.1133848076805235,-7.922144549932563
2017-02-02 04:00:00,0.14,0.09,0.0,0.07,20.0,96.0,19.2,1005.5,14.4,-0.2896658226307581,-8.294943864258496
2017-02-02 05:00:00,0.42,0.09,0.0,0.0,19.8,95.0,19.0,1005.8,14.4,1.392905666248776,-7.165878439167947
2017-02-02 06:00:00,0.44,0.25,0.0,0.23,20.0,95.0,19.1,1007.0,14.4,1.8221035401853092,-7.892397524760404
2017-02-02 07:00:00,0.58,0.31,0.0,0.44,21.1,90.0,19.4,1008.2,18.0,1.7554427574642109,-9.030970087718508
2017-02-02 08:00:00,0.56,0.16,0.0,0.49,23.2,81.0,19.8,1008.9,22.0,-0.6766377953180154,-9.676371287520293
2017-02-02 09:00:00,0.6,0.53,0.0,0.11,25.2,70.0,19.5,1009.2,28.8,-7.883776803291832,-10.462125181619536
2017-02-02 10:00:00,0.48,0.33,0.0,0.23,26.2,64.0,19.0,1009.2,29.2,-7.582869291715808,-10.062807426595889
2017-02-02 11:00:00,0.48,0.26,0.0,0.3,27.6,54.0,17.6,1008.2,29.9,-6.807987937687838,-10.4833820993178
2017-02-02 12:00:00,0.31,0.05,0.0,0.28,28.5,50.0,17.1,1007.2,30.6,-6.941942361454984,-11.10943005964918
2017-02-02 13:00:00,0.4,0.06,0.0,0.37,29.4,45.0,16.1,1005.8,32.0,-8.188297621831255,-10.480543022969401
2017-02-02 14:00:00,0.0,0.0,0.0,0.0,30.0,42.0,15.8,1004.9,31.3,-9.333809511662427,-9.333809511662427
2017-02-02 15:00:00,0.03,0.03,0.0,0.0,30.1,42.0,15.8,1004.2,30.6,-11.544980134240022,-6.39948698725165
2017-02-02 16:00:00,0.0,0.0,0.0,0.0,28.2,60.0,19.8,1004.5,32.0,-15.411546780128324,2.9957012274117534
2017-02-02 17:00:00,0.0,0.0,0.0,0.0,26.8,66.0,19.8,1004.7,33.8,-14.377138568056907,5.5188664229976245
2017-02-02 18:00:00,0.0,0.0,0.0,0.0,24.9,66.0,18.0,1005.1,28.4,-14.082750868074575,2.4831689406371034
2017-02-02 19:00:00,0.0,0.0,0.0,0.0,24.1,67.0,17.6,1005.8,25.6,-13.688827766869691,-2.413709669570333
2017-02-02 20:00:00,0.0,0.0,0.0,0.0,23.6,72.0,18.2,1006.6,25.9,-13.719512263474261,-4.993494092554765
2017-02-02 21:00:00,0.0,0.0,0.0,0.0,23.1,74.0,18.3,1007.4,25.9,-12.241509132410853,-5.450271017215723
2017-02-02 22:00:00,0.0,0.0,0.0,0.0,22.5,77.0,18.2,1007.5,23.4,-10.800307988846615,-6.489479743866682
2017-02-02 23:00:00,0.0,0.0,0.0,0.0,21.9,80.0,18.2,1007.5,22.3,-7.840803823691297,-7.57177623800307
2017-02-03 00:00:00,0.0,0.0,0.0,0.0,21.1,84.0,18.2,1007.3,19.4,-2.474317973874391,-7.185941174554808
2017-02-03 01:00:00,0.0,0.0,0.0,0.0,20.4,88.0,18.4,1006.7,13.3,1.0577155672965006,-7.526037322435934
2017-02-03 02:00:00,0.0,0.0,0.0,0.0,20.1,90.0,18.4,1006.0,15.5,1.7554427574642109,-9.030970087718508
2017-02-03 03:00:00,0.06,0.06,0.0,0.0,20.0,91.0,18.4,1005.8,18.0,1.0975488643103608,-10.44247990136687
2017-02-03 04:00:00,0.1,0.1,0.0,0.0,19.7,91.0,18.2,1005.9,19.4,2.743208830090071e-15,-11.2
2017-02-03 05:00:00,0.13,0.17,0.0,0.0,20.4,87.0,18.1,1006.5,21.2,1.8772135804827734,-11.852260087141651
2017-02-03 06:00:00,0.24,0.24,0.0,0.0,20.3,87.0,18.0,1007.0,21.6,2.8788705576360476,-11.546519142684359
2017-02-03 07:00:00,0.2,0.2,0.0,0.0,21.5,83.0,18.4,1008.1,23.4,2.442355140819772,-12.5648279481301
2017-02-03 08:00:00,0.22,0.22,0.0,0.0,23.5,74.0,18.5,1008.7,30.6,1.5470212563612706,-14.718924051450445
2017-02-03 09:00:00,0.24,0.24,0.0,0.0,25.8,63.0,18.2,1008.9,39.2,-6.916501426224295,-18.018102231395993
2017-02-03 10:00:00,0.14,0.14,0.0,0.0,27.1,54.0,17.0,1008.8,40.0,-6.156362579862037,-16.914467174146353
2017-02-03 11:00:00,0.02,0.02,0.0,0.0,28.6,45.0,15.6,1007.8,38.9,-6.705458022144825,-16.596590996745494
2017-02-03 12:00:00,0.0,0.0,0.0,0.0,29.9,42.0,15.4,1006.3,39.2,-7.890680642203394,-16.178292833385008
2017-02-03 13:00:00,0.0,0.0,0.0,0.0,30.8,39.0,15.4,1004.9,39.2,-9.322189155871982,-15.514728142708234
2017-02-03 14:00:00,0.02,0.02,0.0,0.0,31.4,36.0,14.4,1003.7,38.5,-12.003171137099974,-12.8718251484974
2017-02-03 15:00:00,0.0,0.0,0.0,0.0,31.5,34.0,13.9,1002.9,37.4,-12.652419038011649,-11.798571629081223
2017-02-03 16:00:00,0.0,0.0,0.0,0.0,30.7,38.0,14.7,1002.8,35.6,-14.075636441168273,-4.5734515167492225
2017-02-03 17:00:00,0.0,0.0,0.0,0.0,27.9,66.0,20.9,1003.0,29.5,-13.005744681097283,3.9762551842292186
2017-02-03 18:00:00,0.0,0.0,0.0,0.0,25.4,75.0,20.6,1003.2,25.6,-12.887067948334163,5.470235798849833
2017-02-03 19:00:00,0.0,0.0,0.0,0.0,25.0,72.0,19.5,1004.2,29.5,-16.249327924701433,-2.8651949315043517
2017-02-03 20:00:00,0.0,0.0,0.0,0.0,24.3,72.0,18.9,1005.3,30.2,-15.78753817049955,-5.129682106624128
2017-02-03 21:00:00,0.0,0.0,0.0,0.0,23.6,74.0,18.9,1006.1,30.6,-15.464481538001,-6.564282958619799
2017-02-03 22:00:00,0.0,0.0,0.0,0.0,23.1,78.0,19.1,1006.1,30.2,-14.021187122267003,-6.838589889909608
2017-02-03 23:00:00,0.0,0.0,0.0,0.0,22.5,81.0,19.0,1006.0,28.1,-11.807366046381842,-6.544929873325551
2017-02-04 00:00:00,0.0,0.0,0.0,0.0,21.6,84.0,18.8,1005.8,23.8,-9.29852689255932,-7.2648054088427685
2017-02-04 01:00:00,0.0,0.0,0.0,0.0,20.8,87.0,18.5,1005.3,20.5,-5.391926446648768,-8.302838622659698
2017-02-04 02:00:00,0.0,0.0,0.0,0.0,20.2,88.0,18.2,1004.8,17.3,-2.092044805397945,-9.06164160250269
2017-02-04 03:00:00,0.08,0.08,0.0,0.0,20.0,88.0,18.0,1004.7,16.6,0.3140954703225074,-8.994517443171862
2017-02-04 04:00:00,0.21,0.21,0.0,0.0,19.9,89.0,18.0,1004.9,16.9,2.5105447374944503,-9.369480515003962
2017-02-04 05:00:00,0.23,0.62,0.0,0.0,20.6,87.0,18.4,1005.2,17.6,1.8126854560771744,-9.325458242752807
2017-02-04 06:00:00,0.29,0.29,0.0,0.0,21.4,83.0,18.4,1005.8,19.8,1.3771235804781636,-11.21577151354694
2017-02-04 07:00:00,0.16,0.16,0.0,0.0,22.0,81.0,18.6,1006.8,22.0,0.622797879291038,-11.88369146357943
2017-02-04 08:00:00,0.48,0.48,0.0,0.0,24.0,73.0,18.8,1007.4,32.4,-5.4369881794345165,-15.79016021250859
2017-02-04 09:00:00,0.17,0.17,0.0,0.0,25.6,65.0,18.6,1008.0,38.9,-8.63827675526039,-16.246235708604257
2017-02-04 10:00:00,0.2,0.2,0.0,0.0,27.2,55.0,17.4,1007.5,38.5,-8.262699505031678,-15.539877634317117
2017-02-04 11:00:00,0.17,0.17,0.0,0.0,28.7,46.0,16.1,1006.6,37.8,-8.193282582163096,-14.781073050655786
2017-02-04 12:00:00,0.18,0.18,0.0,0.0,29.7,42.0,15.4,1005.3,37.4,-9.636084130697574,-13.761754344055063
2017-02-04 13:00:00,0.15,0.15,0.01,0.0,30.2,41.0,15.4,1003.9,37.1,-11.241394186828819,-12.484833068020224
2017-02-04 14:00:00,0.32,0.32,0.04,0.0,30.6,39.0,15.2,1002.8,36.7,-11.17228714274745,-11.172287142747452
2017-02-04 15:00:00,0.2,0.04,0.2,0.0,30.9,37.0,14.7,1002.1,34.6,-12.597678239809435,-5.874393838195722
2017-02-04 16:00:00,0.17,0.02,0.17,0.0,29.4,52.0,18.4,1002.1,30.6,-13.33379259803436,2.111865278043116
2017-02-04 17:00:00,0.16,0.0,0.02,0.0,28.3,54.0,18.0,1002.1,28.8,-13.630099100212902,2.1587956175551852
2017-02-04 18:00:00,0.0,0.0,0.0,0.0,25.5,65.0,18.4,1002.9,32.4,-18.061940175437016,3.510885514928424
2017-02-04 19:00:00,0.0,0.0,0.0,0.0,25.0,66.0,18.2,1003.9,33.5,-18.299202874776228,-1.9233237241248236
2017-02-04 20:00:00,0.0,0.0,0.0,0.0,24.3,66.0,17.6,1004.9,34.2,-17.64467006079711,-6.773154246406176
2017-02-04 21:00:00,0.0,0.0,0.0,0.0,23.8,68.0,17.6,1005.8,33.8,-15.924733964727219,-6.759648522864436
2017-02-04 22:00:00,0.0,0.0,0.0,0.0,23.4,70.0,17.6,1006.1,31.7,-15.5035135208776,-7.8994346954681145
2017-02-04 23:00:00,0.0,0.0,0.0,0.0,22.6,71.0,17.2,1006.1,31.3,-12.990381056766578,-7.500000000000002
2017-02-05 00:00:00,0.0,0.0,0.0,0.0,21.8,73.0,16.6,1006.0,27.0,-9.32575153748365,-7.551844692598049
2017-02-05 01:00:00,0.0,0.0,0.0,0.0,20.6,77.0,16.5,1005.6,21.2,-4.738350289172498,-7.8859391664594325
2017-02-05 02:00:00,0.0,0.0,0.0,0.0,19.8,82.0,16.5,1004.9,15.8,0.6623836448822031,-7.571079705497266
2017-02-05 03:00:00,0.0,0.0,0.0,0.0,19.4,81.0,16.1,1004.7,13.7,3.213219480298821,-7.217009115376547
2017-02-05 04:00:00,0.0,0.0,0.0,0.0,19.2,80.0,15.7,1004.7,14.0,3.6319239979163758,-7.128052193506942
2017-02-05 05:00:00,0.0,0.0,0.0,0.0,19.8,80.0,16.2,1004.7,13.7,2.902780391316936,-7.562001454627332
2017-02-05 06:00:00,0.0,0.0,0.0,0.0,20.1,79.0,16.4,1005.4,15.1,2.1223161698406696,-7.92059177557036
2017-02-05 07:00:00,0.0,0.0,0.0,0.0,21.5,74.0,16.7,1006.2,18.4,2.588190451025207,-9.659258262890683
2017-02-05 08:00:00,0.0,0.0,0.0,0.0,23.9,67.0,17.2,1007.2,23.0,0.35248491669525833,-10.093847352892867
2017-02-05 09:00:00,0.01,0.01,0.0,0.0,25.9,58.0,16.9,1007.8,25.9,-3.933369230867076,-9.735430472951268
2017-02-05 10:00:00,0.44,0.05,0.0,0.42,27.6,45.0,14.6,1007.4,30.2,-7.880466884168427,-10.086537646166041
2017-02-05 11:00:00,0.19,0.0,0.0,0.19,29.0,39.0,13.6,1006.5,32.0,-8.188297621831255,-10.480543022969401
2017-02-05 12:00:00,0.2,0.0,0.0,0.2,30.0,35.0,12.9,1005.4,32.0,-8.181165083647887,-10.10289749894062
2017-02-05 13:00:00,0.14,0.0,0.0,0.14,30.8,32.0,12.4,1003.9,32.0,-9.65386886137305,-9.00237835282498
2017-02-05 14:00:00,0.26,0.0,0.0,0.26,31.0,32.0,12.3,1002.8,31.7,-12.241509132410853,-5.450271017215723
2017-02-05 15:00:00,0.28,0.0,0.0,0.28,29.1,51.0,18.0,1002.4,36.0,-16.564291101349,3.8241679238457054
2017-02-05 16:00:00,0.0,0.0,0.0,0.0,27.2,54.0,17.1,1002.6,40.3,-18.45049641612598,5.9949296908739775
2017-02-05 17:00:00,0.0,0.0,0.0,0.0,26.8,54.0,16.8,1002.6,39.2,-18.031124035460596,1.5775189437326143
2017-02-05 18:00:00,0.0,0.0,0.0,0.0,25.2,59.0,16.8,1002.9,34.2,-13.34900895442939,1.1678869528186204
2017-02-05 19:00:00,0.0,0.0,0.0,0.0,24.6,62.0,16.9,1003.8,25.6,-13.688827766869691,2.413709669570331
2017-02-05 20:00:00,0.0,0.0,0.0,0.0,23.6,68.0,17.3,1004.9,24.8,-8.594761112364223,-0.3001356716415093
2017-02-05 21:00:00,0.0,0.0,0.0,0.0,22.9,75.0,18.2,1005.6,15.1,-5.062776693988422,-2.1490212066910055
2017-02-05 22:00:00,0.0,0.0,0.0,0.0,22.6,77.0,18.4,1006.3,9.0,2.5237363199446046,-3.604268994871563
2017-02-05 23:00:00,0.0,0.0,0.0,0.0,22.1,77.0,18.0,1006.0,11.9,4.329989591337348,-4.981083229470294
2017-02-06 00:00:00,0.0,0.0,0.0,0.0,22.0,75.0,17.4,1005.6,12.6,3.9758649556096968,-6.122295146001595
2017-02-06 01:00:00,0.01,0.01,0.0,0.0,21.6,74.0,16.8,1004.8,14.0,4.292346040288961,-6.869189578867049
2017-02-06 02:00:00,0.09,0.09,0.0,0.0,21.4,73.0,16.5,1004.2,14.0,2.887830165838181,-6.486172749262466
2017-02-06 03:00:00,0.03,0.03,0.0,0.0,21.2,74.0,16.4,1004.1,12.2,1.4846769586695112,-6.430842427582552
2017-02-06 04:00:00,0.1,0.1,0.0,0.0,21.2,74.0,16.5,1004.3,11.5,1.4846769586695112,-6.430842427582552
2017-02-06 05:00:00,0.08,0.04,0.0,0.0,20.9,79.0,17.1,1004.8,11.5,1.0494494745709957,-5.3989495089621515
2017-02-06 06:00:00,0.0,0.0,0.0,0.0,21.3,77.0,17.1,1005.6,10.8,2.1727182418122917,-5.377666356487366
2017-02-06 07:00:00,0.01,0.01,0.0,0.0,22.7,73.0,17.5,1006.7,14.8,2.4967470462773806,-6.859756131737131
2017-02-06 08:00:00,0.04,0.04,0.0,0.0,24.9,68.0,18.5,1007.6,19.1,-1.469229264399395,-7.558529312547013
2017-02-06 09:00:00,0.02,0.02,0.0,0.0,26.6,60.0,18.2,1007.9,21.2,-3.9758649556096977,-6.122295146001595
2017-02-06 10:00:00,0.55,0.55,0.0,0.0,28.4,52.0,17.7,1007.5,22.7,-4.301823272632845,-6.143640332167439
2017-02-06 11:00:00,0.36,0.36,0.0,0.0,29.5,48.0,17.4,1006.4,24.5,-4.349999999999999,-7.534421012924616
2017-02-06 12:00:00,0.0,0.0,0.0,0.0,30.6,44.0,16.9,1005.1,25.9,-4.033014550459512,-8.268905225952336
2017-02-06 13:00:00,0.09,0.09,0.0,0.0,31.7,40.0,16.4,1003.6,25.9,-5.416335208368435,-7.187719590425635
2017-02-06 14:00:00,0.06,0.05,0.01,0.0,32.2,38.0,16.1,1002.4,25.9,-8.609923976848174,-4.014873486536644
2017-02-06 15:00:00,0.02,0.02,0.0,0.0,31.4,45.0,18.2,1001.8,32.4,-15.097700196861508,0.2635313372029805
2017-02-06 16:00:00,0.0,0.0,0.0,0.0,28.7,55.0,18.8,1001.8,43.2,-20.182151106540726,5.03197542847309
2017-02-06 17:00:00,0.19,0.0,0.06,0.0,27.0,64.0,19.6,1002.4,41.8,-17.948129057010853,6.532584737520273
2017-02-06 18:00:00,0.05,0.0,0.05,0.0,25.4,69.0,19.3,1003.0,36.0,-12.60533612584479,1.5477406612453715
2017-02-06 19:00:00,0.04,0.0,0.04,0.0,25.0,73.0,19.9,1004.0,27.4,-11.87451260953648,5.040431557511631
2017-02-06 20:00:00,0.46,0.0,0.46,0.0,24.5,77.0,20.2,1005.4,23.0,-1.837615220227899,6.858073366652384
2017-02-06 21:00:00,0.04,0.0,0.04,0.0,24.1,79.0,20.2,1006.4,13.0,1.7918397477265022,4.667902132486008
2017-02-06 22:00:00,0.05,0.0,0.05,0.0,23.0,85.0,20.4,1006.7,8.3,4.3109953772862175,2.907803098047882
2017-02-06 23:00:00,0.02,0.0,0.02,0.0,22.8,86.0,20.4,1006.3,7.2,6.10580806867569,1.0766187015349682
2017-02-07 00:00:00,0.0,0.0,0.0,0.0,22.5,87.0,20.1,1005.8,6.8,3.616017032810471,-1.4609657143220567
2017-02-07 01:00:00,0.0,0.0,0.0,0.0,22.2,87.0,20.0,1004.9,7.9,3.985826051935203,-2.490620541896062
2017-02-07 02:00:00,0.0,0.0,0.0,0.0,22.0,88.0,19.9,1004.1,9.0,3.5670951622914937,-3.2118269105225172
2017-02-07 03:00:00,0.0,0.0,0.0,0.0,21.4,91.0,19.9,1003.6,8.3,2.894873798829254,-3.5748714227020644
2017-02-07 04:00:00,0.0,0.0,0.0,0.0,21.2,91.0,19.7,1003.4,8.3,2.88014773623312,-3.9641832724372423
2017-02-07 05:00:00,0.0,0.0,0.0,0.0,21.0,95.0,20.1,1003.8,9.0,2.1808523235359116,-3.233246532964663
2017-02-07 06:00:00,0.0,0.0,0.0,0.0,21.2,93.0,20.1,1004.2,6.8,1.801725498392897,-2.8833635269318476
2017-02-07 07:00:00,0.0,0.0,0.0,0.0,23.2,84.0,20.2,1004.9,11.2,0.688311646177017,-4.345828698618606
2017-02-07 08:00:00,0.0,0.0,0.0,0.0,25.9,67.0,19.4,1006.2,16.2,-2.149021206691006,-5.062776693988422
2017-02-07 09:00:00,0.0,0.0,0.0,0.0,27.6,55.0,17.8,1006.6,19.8,-3.9402334420842133,-5.043268823083021
2017-02-07 10:00:00,0.0,0.0,0.0,0.0,29.4,45.0,16.2,1006.5,21.6,-4.329989591337347,-4.981083229470295
2017-02-07 11:00:00,0.0,0.0,0.0,0.0,31.0,37.0,14.7,1006.0,24.5,-5.727564927611034,-5.727564927611035
2017-02-07 12:00:00,0.0,0.0,0.0,0.0,32.2,34.0,14.2,1004.6,26.3,-6.069785404556237,-6.509047944410617
2017-02-07 13:00:00,0.0,0.0,0.0,0.0,33.1,31.0,13.9,1003.2,27.0,-8.302838622659698,-5.391926446648768
2017-02-07 14:00:00,0.0,0.0,0.0,0.0,33.0,35.0,15.4,1001.8,32.0,-13.997867732189478,-0.24433369012197037
2017-02-07 15:00:00,0.0,0.0,0.0,0.0,31.0,44.0,17.2,1001.4,41.8,-19.415109108410274,5.202262806560669
2017-02-07 16:00:00,0.0,0.0,0.0,0.0,29.6,53.0,19.0,1001.7,42.5,-18.749079203850382,3.644451811692006
2017-02-07 17:00:00,0.0,0.0,0.0,0.0,26.9,62.0,19.0,1002.1,39.2,-16.9372893035249,7.1894527642026365
2017-02-07 18:00:00,0.0,0.0,0.0,0.0,25.5,69.0,19.4,1002.4,34.6,-15.086701504948095,1.85241401975824
2017-02-07 19:00:00,0.0,0.0,0.0,0.0,24.8,73.0,19.6,1003.2,29.5,-13.33379259803436,2.111865278043116
2017-02-07 20:00:00,0.0,0.0,0.0,0.0,23.9,79.0,20.0,1004.6,23.8,-0.7097828148963331,5.050367150582009
2017-02-07 21:00:00,0.01,0.0,0.01,0.0,23.8,78.0,19.8,1005.8,12.6,5.702441754805554,2.9055391983331007
2017-02-07 22:00:00,0.0,0.0,0.0,0.0,22.9,83.0,20.0,1005.9,10.4,4.998560818879258,-1.4333142502483969
2017-02-07 23:00:00,0.0,0.0,0.0,0.0,22.9,81.0,19.5,1005.5,6.5,2.5242120488351985,-3.2308440897875603
2017-02-08 00:00:00,0.0,0.0,0.0,0.0,22.8,81.0,19.3,1004.8,12.6,4.333068166694748,-5.750175672340508
2017-02-08 01:00:00,0.0,0.0,0.0,0.0,22.0,84.0,19.1,1004.2,13.0,3.9381611903595717,-5.420413862312147
2017-02-08 02:00:00,0.0,0.0,0.0,0.0,21.2,85.0,18.6,1003.6,11.5,1.4493866525741157,-5.4091846272187825
2017-02-08 03:00:00,0.0,0.0,0.0,0.0,21.0,82.0,17.9,1003.5,10.1,-0.7555899291119144,-6.153786140176196
2017-02-08 04:00:00,0.0,0.0,0.0,0.0,21.0,82.0,17.8,1003.6,11.2,-1.484676958669509,-6.430842427582553
2017-02-08 05:00:00,0.0,0.0,0.0,0.0,21.1,88.0,19.0,1004.1,12.2,-3.2039952536120446,-7.54813979831001
2017-02-08 06:00:00,0.0,0.0,0.0,0.0,21.2,86.0,18.8,1005.0,14.8,-3.2039952536120446,-7.54813979831001
2017-02-08 07:00:00,0.0,0.0,0.0,0.0,22.8,75.0,18.0,1005.9,18.7,-4.766900247265242,-9.355568503977864
2017-02-08 08:00:00,0.0,0.0,0.0,0.0,25.5,53.0,15.2,1007.0,28.1,-6.0834726965099275,-11.93948742412413
2017-02-08 09:00:00,0.0,0.0,0.0,0.0,27.2,43.0,13.6,1007.7,30.2,-5.856477446640154,-11.493984162029946
2017-02-08 10:00:00,0.0,0.0,0.0,0.0,29.0,35.0,12.1,1007.7,32.0,-6.901510203794726,-11.486041829408306
2017-02-08 11:00:00,0.0,0.0,0.0,0.0,30.7,29.0,10.8,1006.7,34.2,-8.640443208699354,-11.892549817311727
2017-02-08 12:00:00,0.0,0.0,0.0,0.0,32.1,25.0,9.6,1005.2,37.4,-10.541716798859243,-12.563128867151239
2017-02-08 13:00:00,0.0,0.0,0.0,0.0,33.0,24.0,9.7,1003.6,38.5,-13.33721301778979,-10.050310886639206
2017-02-08 14:00:00,0.0,0.0,0.0,0.0,31.0,45.0,17.6,1002.8,38.9,-17.270303038559003,2.120526575249564
2017-02-08 15:00:00,0.0,0.0,0.0,0.0,29.0,48.0,17.0,1002.2,42.1,-18.018102231395993,6.916501426224295
2017-02-08 16:00:00,0.0,0.0,0.0,0.0,28.7,48.0,16.6,1002.2,41.4,-19.772864788140563,1.036251933610288
2017-02-08 17:00:00,0.0,0.0,0.0,0.0,27.0,53.0,16.6,1002.7,41.8,-19.40591452551993,4.838437911993355
2017-02-08 18:00:00,0.0,0.0,0.0,0.0,25.3,63.0,17.8,1003.2,37.4,-15.448181872368497,2.1711003749770197
2017-02-08 19:00:00,0.0,0.0,0.0,0.0,24.5,68.0,18.1,1004.0,28.8,-14.420567482839962,1.5156627173809765
2017-02-08 20:00:00,0.0,0.0,0.0,0.0,24.0,67.0,17.5,1005.0,25.9,-13.738617913471817,-3.1718098662484953
2017-02-08 21:00:00,0.0,0.0,0.0,0.0,23.3,69.0,17.2,1006.1,24.8,-2.542346798541462,-4.98963653545486
2017-02-08 22:00:00,0.0,0.0,0.0,0.0,22.5,70.0,16.7,1006.6,12.6,2.9000000000000026,-5.022947341949743
2017-02-08 23:00:00,0.0,0.0,0.0,0.0,22.0,72.0,16.8,1006.4,10.1,1.4326213531414123,-4.685893304218873
2017-02-09 00:00:00,0.0,0.0,0.0,0.0,21.0,78.0,17.1,1005.8,7.9,2.1490212066910064,-5.062776693988422
2017-02-09 01:00:00,0.0,0.0,0.0,0.0,20.6,81.0,17.3,1005.2,9.0,2.4881992827652213,-4.679622242152313
2017-02-09 02:00:00,0.01,0.01,0.0,0.0,20.3,83.0,17.3,1004.5,9.7,-0.40458754771592675,-5.78587149150698
2017-02-09 03:00:00,0.0,0.0,0.0,0.0,20.7,82.0,17.5,1004.0,12.6,-3.6149310334513594,-6.798696465013738
2017-02-09 04:00:00,0.0,0.0,0.0,0.0,20.5,83.0,17.5,1003.9,14.0,-3.9754388860199636,-7.171881598543044
2017-02-09 05:00:00,0.0,0.07,0.0,0.0,20.6,85.0,18.1,1004.2,14.8,-5.391926446648768,-8.302838622659698
2017-02-09 06:00:00,0.09,0.09,0.0,0.0,21.0,85.0,18.3,1004.8,18.4,-5.391926446648768,-8.302838622659698
2017-02-09 07:00:00,0.29,0.29,0.0,0.0,22.5,77.0,18.4,1005.5,20.5,-5.3999999999999995,-9.353074360871938
2017-02-09 08:00:00,0.51,0.51,0.0,0.0,24.5,66.0,17.8,1006.5,31.3,-8.316858327090168,-11.87770464219038
2017-02-09 09:00:00,0.33,0.33,0.0,0.0,25.9,57.0,16.9,1007.2,31.3,-7.24369916569986,-11.154318553674141
2017-02-09 10:00:00,0.04,0.04,0.0,0.0,27.8,48.0,15.9,1006.9,31.7,-6.782966582185023,-10.855015630802253
2017-02-09 11:00:00,0.0,0.0,0.0,0.0,29.6,40.0,14.5,1005.8,32.8,-7.24369916569986,-11.154318553674141
2017-02-09 12:00:00,0.0,0.0,0.0,0.0,31.4,33.0,13.3,1004.1,34.6,-7.996458519631681,-11.855237287537097
2017-02-09 13:00:00,0.0,0.0,0.0,0.0,32.8,29.0,12.5,1002.6,35.6,-8.96704384496552,-11.899669099704663
2017-02-09 14:00:00,0.0,0.0,0.0,0.0,33.0,29.0,12.4,1001.4,35.6,-13.351447505761739,-5.394334945189132
2017-02-09 15:00:00,0.0,0.0,0.0,0.0,29.4,52.0,18.6,1001.1,43.6,-19.470860945902537,7.866738461734154
2017-02-09 16:00:00,0.0,0.0,0.0,0.0,28.0,52.0,17.3,1001.2,45.0,-19.49919350964172,3.43823391780522
2017-02-09 17:00:00,0.0,0.0,0.0,0.0,26.5,60.0,18.1,1002.0,41.0,-21.235299322795463,3.3633409983649627
2017-02-09 18:00:00,0.0,0.0,0.0,0.0,25.0,67.0,18.6,1002.2,40.7,-19.01314691983815,2.672123538433255
2017-02-09 19:00:00,0.0,0.0,0.0,0.0,24.5,71.0,19.0,1003.1,35.3,-18.697151899424515,-0.32636000037720325
2017-02-09 20:00:00,0.0,0.0,0.0,0.0,24.0,70.0,18.2,1004.2,34.2,-15.091808626231606,-4.327506486326887
2017-02-09 21:00:00,0.0,0.0,0.0,0.0,23.5,71.0,17.9,1005.3,28.1,-7.200817765318393,-6.04220353105347
2017-02-09 22:00:00,0.0,0.0,0.0,0.0,22.8,72.0,17.5,1005.8,16.6,2.1927877854205287,-7.172285669722765
2017-02-09 23:00:00,0.0,0.0,0.0,0.0,22.4,73.0,17.3,1005.7,13.3,1.6655196468404002e-15,-6.8
2017-02-10 00:00:00,0.0,0.0,0.0,0.0,22.0,75.0,17.4,1005.4,11.9,1.4205902870109297e-15,-5.8
2017-02-10 01:00:00,0.03,0.03,0.0,0.0,21.1,80.0,17.5,1004.5,9.7,1.4493866525741157,-5.4091846272187825
2017-02-10 02:00:00,0.01,0.01,0.0,0.0,20.8,82.0,17.6,1003.9,7.9,2.500000000000002,-4.330127018922192
2017-02-10 03:00:00,0.02,0.02,0.0,0.0,20.6,83.0,17.6,1003.7,8.6,1.8469087739586105,-5.074340152243906
2017-02-10 04:00:00,0.0,0.0,0.0,0.0,20.5,84.0,17.6,1003.6,9.0,1.8469087739586105,-5.074340152243906
2017-02-10 05:00:00,0.02,0.08,0.0,0.0,20.6,86.0,18.2,1004.3,10.1,1.0494494745709957,-5.3989495089621515
2017-02-10 06:00:00,0.13,0.13,0.0,0.0,21.1,84.0,18.2,1004.7,11.2,1.0494494745709957,-5.3989495089621515
2017-02-10 07:00:00,0.15,0.15,0.0,0.0,22.8,76.0,18.4,1005.4,15.8,1.7546182238821495,-7.600086505324834
2017-02-10 08:00:00,0.25,0.25,0.0,0.0,25.0,66.0,18.2,1006.2,22.0,-2.153104870837043,-8.635631963856369
2017-02-10 09:00:00,0.24,0.24,0.0,0.0,26.9,56.0,17.5,1006.3,24.8,-4.033014550459512,-8.268905225952336
2017-02-10 10:00:00,0.11,0.11,0.0,0.0,28.4,49.0,16.5,1006.0,27.0,-4.585304047369423,-8.999165894302516
2017-02-10 11:00:00,0.0,0.0,0.0,0.0,30.1,42.0,15.8,1004.7,29.5,-5.829111906565254,-9.328529057720685
2017-02-10 12:00:00,0.0,0.0,0.0,0.0,31.7,37.0,15.2,1003.4,31.0,-6.542556970607738,-9.699739598893988
2017-02-10 13:00:00,0.0,0.0,0.0,0.0,33.1,33.0,14.5,1002.0,32.4,-8.980256121069152,-8.980256121069154
2017-02-10 14:00:00,0.0,0.0,0.0,0.0,32.1,40.0,16.8,1001.0,36.0,-15.797593583470983,-0.27574802170908086
2017-02-10 15:00:00,0.0,0.0,0.0,0.0,29.5,51.0,18.4,1000.5,44.6,-20.46177136048994,4.723972141221165
2017-02-10 16:00:00,0.0,0.0,0.0,0.0,29.6,48.0,17.4,1000.5,44.6,-19.08836479606473,-0.6665803870177707
2017-02-10 17:00:00,0.0,0.0,0.0,0.0,27.7,53.0,17.3,1001.1,40.7,-19.453904572169915,2.3886391307408887
2017-02-10 18:00:00,0.0,0.0,0.0,0.0,25.5,62.0,17.8,1001.3,37.4,-16.55956323431308,1.1579574641524806
2017-02-10 19:00:00,0.0,0.0,0.0,0.0,25.0,66.0,18.2,1002.0,30.2,-16.197532661533536,0.2827289842839923
2017-02-10 20:00:00,0.0,0.0,0.0,0.0,24.4,70.0,18.6,1003.0,29.5,-13.630099100212902,-2.158795617555187
2017-02-10 21:00:00,0.0,0.0,0.0,0.0,24.1,70.0,18.4,1004.0,24.8,-9.389149505214892,-3.985457510590592
2017-02-10 22:00:00,0.0,0.0,0.0,0.0,23.2,72.0,17.9,1005.0,18.0,3.644268564213335,-5.015905365124674
2017-02-10 23:00:00,0.0,0.0,0.0,0.0,22.8,70.0,17.0,1005.0,11.9,0.37668495821827847,-5.386845871403051
2017-02-11 00:00:00,0.0,0.0,0.0,0.0,22.8,67.0,16.4,1004.6,12.2,-1.4553818357243153,-6.84703320513664
2017-02-11 01:00:00,0.0,0.0,0.0,0.0,22.5,70.0,16.6,1003.9,12.6,0.3558845024520217,-6.790680836331102
2017-02-11 02:00:00,0.0,0.0,0.0,0.0,22.0,73.0,16.8,1003.3,12.2,2.101315561749644,-6.467184310807044
2017-02-11 03:00:00,0.0,0.0,0.0,0.0,21.6,75.0,17.0,1003.2,12.2,2.508575646817105,-6.535062985480411
2017-02-11 04:00:00,0.01,0.01,0.0,0.0,21.5,77.0,17.2,1003.3,11.9,1.7640790772287933,-6.1520748540052415
2017-02-11 05:00:00,0.03,0.1,0.0,0.0,21.4,81.0,18.0,1003.7,11.2,0.7555899291119128,-6.153786140176197
2017-02-11 06:00:00,0.11,0.11,0.0,0.0,21.9,79.0,18.0,1004.4,12.6,1.592040838891559e-15,-6.5
2017-02-11 07:00:00,0.39,0.39,0.0,0.0,23.2,73.0,18.2,1005.3,16.2,-0.6972459419812653,-7.969557584733964
2017-02-11 08:00:00,0.78,0.78,0.0,0.0,25.4,64.0,18.0,1006.4,25.6,-5.8199302464836125,-9.68599049793387
2017-02-11 09:00:00,0.78,0.78,0.0,0.0,27.1,55.0,17.2,1006.7,30.6,-6.54492987332555,-11.807366046381842
2017-02-11 10:00:00,0.26,0.26,0.0,0.0,28.1,50.0,16.8,1006.6,31.3,-5.287576359985403,-11.876090949353811
2017-02-11 11:00:00,0.24,0.24,0.0,0.0,29.8,42.0,15.6,1005.6,32.0,-6.10313031621658,-11.47831870716605
2017-02-11 12:00:00,0.0,0.0,0.0,0.0,31.5,35.0,14.2,1004.3,33.5,-7.549104196855083,-11.192007229493063
2017-02-11 13:00:00,0.0,0.0,0.0,0.0,33.1,28.0,11.9,1002.8,34.6,-9.053614600069,-10.414992207074254
2017-02-11 14:00:00,0.0,0.0,0.0,0.0,32.5,32.0,13.9,1001.9,35.6,-15.483719965604623,-1.9011617571203008
2017-02-11 15:00:00,0.0,0.0,0.0,0.0,29.4,48.0,17.4,1001.5,45.4,-20.863997847843876,5.590491374214451
2017-02-11 16:00:00,0.0,0.0,0.0,0.0,28.2,52.0,17.4,1001.5,45.7,-22.321756497450114,3.535418909909217
2017-02-11 17:00:00,0.0,0.0,0.0,0.0,26.9,61.0,18.8,1002.0,46.1,-21.56570785208536,8.278299634496436
2017-02-11 18:00:00,0.0,0.0,0.0,0.0,25.8,65.0,18.7,1002.3,43.2,-17.975593714046564,5.154418553777882
2017-02-11 19:00:00,0.0,0.0,0.0,0.0,25.3,62.0,17.5,1003.1,34.2,-16.935309867559674,-1.4816476267101883
2017-02-11 20:00:00,0.0,0.0,0.0,0.0,24.8,60.0,16.5,1004.2,31.0,-15.854843913092067,-6.405772747412095
2017-02-11 21:00:00,0.0,0.0,0.0,0.0,24.2,67.0,17.7,1005.3,30.6,-13.644067431374573,-7.563030075842859
2017-02-11 22:00:00,0.0,0.0,0.0,0.0,23.6,70.0,17.8,1006.0,28.1,-3.268731598124737,-6.415246974156249
2017-02-11 23:00:00,0.0,0.0,0.0,0.0,22.8,73.0,17.8,1006.3,13.3,0.31924933308196063,-6.0916401620029
2017-02-12 00:00:00,0.01,0.01,0.0,0.0,22.2,76.0,17.9,1005.9,10.4,-1.079765060850552,-4.676976310969129
2017-02-12 01:00:00,0.01,0.01,0.0,0.0,21.4,81.0,18.0,1005.2,8.3,1.6655196468404002e-15,-6.8
2017-02-12 02:00:00,0.04,0.04,0.0,0.0,21.5,80.0,18.0,1004.6,8.3,0.709782814896336,-5.050367150582008
2017-02-12 03:00:00,0.23,0.23,0.0,0.0,21.8,79.0,17.9,1004.3,11.5,1.4553818357243191,-6.847033205136639
2017-02-12 04:00:00,0.36,0.36,0.0,0.0,22.0,77.0,17.8,1004.2,13.7,2.1927877854205287,-7.172285669722765
2017-02-12 05:00:00,0.3,0.27,0.0,0.0,21.8,79.0,18.0,1004.8,14.0,2.1775351109542918,-7.59396739791272
2017-02-12 06:00:00,0.26,0.26,0.0,0.0,22.1,76.0,17.8,1005.7,15.5,0.30013567164150706,-8.594761112364223
2017-02-12 07:00:00,0.18,0.18,0.0,0.0,23.2,71.0,17.6,1006.7,19.8,-1.0557374790033,-10.04467114321956
2017-02-12 08:00:00,0.25,0.25,0.0,0.0,25.1,63.0,17.7,1007.9,27.0,-6.822153422343112,-10.114258385171508
2017-02-12 09:00:00,0.19,0.19,0.0,0.0,27.1,52.0,16.5,1008.2,32.8,-11.957478155805605,-7.471861625688189
2017-02-12 10:00:00,0.2,0.2,0.0,0.0,28.8,45.0,15.6,1008.2,34.2,-12.55736835487436,-7.250000000000002
2017-02-12 11:00:00,0.18,0.18,0.0,0.0,29.5,41.0,15.1,1007.5,34.6,-11.533454107727392,-7.206901993571586
2017-02-12 12:00:00,0.1,0.1,0.0,0.0,31.2,36.0,14.4,1006.2,34.9,-10.458357933154138,-9.752576548893728
2017-02-12 13:00:00,0.13,0.13,0.0,0.0,31.9,36.0,14.9,1004.9,41.0,-18.025846198526853,-4.161594505361501
2017-02-12 14:00:00,0.0,0.0,0.0,0.0,30.9,45.0,17.5,1004.0,47.2,-20.896816828768575,0.3647552945392246
2017-02-12 15:00:00,0.0,0.0,0.0,0.0,31.1,41.0,16.4,1003.3,45.7,-20.17231660204239,-1.0571863161074682
2017-02-12 16:00:00,0.0,0.0,0.0,0.0,29.9,45.0,16.7,1003.4,43.2,-20.521610780689958,1.7954083006017598
2017-02-12 17:00:00,0.0,0.0,0.0,0.0,27.5,52.0,16.9,1003.7,44.6,-21.923326457667795,5.061398722736963
2017-02-12 18:00:00,0.0,0.0,0.0,0.0,26.4,54.0,16.3,1004.0,42.8,-18.02287885109658,2.5329504374731893
2017-02-12 19:00:00,0.0,0.0,0.0,0.0,26.0,51.0,15.0,1004.7,33.5,-15.815820338298742,-3.943326898274583
2017-02-12 20:00:00,0.0,0.0,0.0,0.0,25.5,52.0,14.8,1005.7,33.1,-16.53781045190467,-8.066029100919025
2017-02-12 21:00:00,0.0,0.0,0.0,0.0,24.6,60.0,16.3,1006.7,33.5,-14.809034404713902,-8.550000000000002
2017-02-12 22:00:00,0.0,0.0,0.0,0.0,24.0,66.0,17.2,1007.2,31.0,-13.250188677901912,-7.650000000000002
2017-02-12 23:00:00,0.0,0.0,0.0,0.0,23.6,67.0,17.2,1007.2,27.7,-11.222383006759188,-7.85799717800933
2017-02-13 00:00:00,0.0,0.0,0.0,0.0,23.1,70.0,17.4,1007.2,24.5,-7.224447052773572,-7.4811339235219725
2017-02-13 01:00:00,0.0,0.0,0.0,0.0,22.5,74.0,17.5,1006.8,18.7,-3.2039952536120446,-7.54813979831001
2017-02-13 02:00:00,0.14,0.14,0.0,0.0,22.1,75.0,17.5,1006.1,15.5,-2.153104870837043,-8.635631963856369
2017-02-13 03:00:00,0.2,0.2,0.0,0.0,22.0,74.0,17.3,1006.1,18.0,-1.7712114122026892,-10.045039080724521
2017-02-13 04:00:00,0.2,0.2,0.0,0.0,22.1,72.0,16.8,1006.1,19.8,-1.1393602496174229,-10.84028865951418
2017-02-13 05:00:00,0.67,0.25,0.0,0.0,21.7,73.0,16.8,1006.1,20.2,2.645237086158283e-15,-10.8
2017-02-13 06:00:00,0.28,0.28,0.01,0.0,22.0,72.0,16.6,1007.1,19.8,2.645237086158283e-15,-10.8
2017-02-13 07:00:00,0.37,0.37,0.0,0.0,23.1,69.0,17.0,1007.9,23.0,2.9146593819707008e-15,-11.9
2017-02-13 08:00:00,0.22,0.21,0.05,0.0,25.1,66.0,18.4,1008.8,29.5,-4.063966695646041,-13.292636107886192
2017-02-13 09:00:00,0.47,0.45,0.03,0.0,27.7,56.0,18.1,1009.3,39.6,-11.579495195317007,-14.299485690808263
2017-02-13 10:00:00,0.17,0.17,0.03,0.0,29.3,48.0,17.1,1009.1,39.6,-9.749403375063181,-12.937895262766144
2017-02-13 11:00:00,0.27,0.06,0.27,0.0,31.2,39.0,15.8,1008.1,36.7,-12.356620787165838,-10.006194217692414
2017-02-13 12:00:00,0.19,0.03,0.19,0.0,32.9,33.0,14.5,1006.9,37.8,-14.708081868045875,-6.548459953520384
2017-02-13 13:00:00,0.06,0.0,0.06,0.0,33.5,32.0,14.7,1005.4,40.7,-18.355178524780765,-1.2835191168919042
2017-02-13 14:00:00,0.01,0.0,0.01,0.0,32.0,44.0,18.4,1004.4,47.9,-21.595798035848606,4.197797898283985
2017-02-13 15:00:00,0.01,0.0,0.01,0.0,31.6,46.0,18.6,1003.8,47.2,-21.595798035848606,4.197797898283985
2017-02-13 16:00:00,0.04,0.0,0.04,0.0,31.0,50.0,19.3,1003.7,46.4,-22.282937064261972,4.331364195047567
2017-02-13 17:00:00,0.01,0.0,0.0,0.0,29.0,56.0,19.4,1004.1,47.2,-21.665770566268577,3.8202599086724667
2017-02-13 18:00:00,0.0,0.0,0.0,0.0,27.3,66.0,20.5,1004.6,41.8,-16.889704976622717,0.5898014942722661
2017-02-13 19:00:00,0.0,0.0,0.0,0.0,27.0,65.0,19.9,1005.5,31.0,-15.476313304606936,-4.437761428653687
2017-02-13 20:00:00,0.0,0.0,0.0,0.0,26.3,66.0,19.5,1006.5,32.0,-16.20088542076295,-6.876867861411218
2017-02-13 21:00:00,0.01,0.0,0.01,0.0,25.6,72.0,20.1,1007.2,33.5,-16.494801724067027,-7.6916523636807295
2017-02-13 22:00:00,0.05,0.04,0.01,0.0,25.4,74.0,20.3,1007.8,33.8,-15.761662348876781,-9.100000000000001
2017-02-13 23:00:00,0.09,0.09,0.0,0.0,25.1,76.0,20.5,1007.9,33.1,-13.317381735953601,-10.404678933003625
2017-02-14 00:00:00,0.17,0.17,0.06,0.0,24.9,75.0,20.2,1007.7,31.3,-11.555388485582894,-10.775574088987476
2017-02-14 01:00:00,0.21,0.21,0.09,0.0,24.8,75.0,20.0,1007.1,28.8,-8.93433583484559,-12.2970583144992
2017-02-14 02:00:00,0.27,0.27,0.18,0.0,24.6,76.0,20.0,1006.5,28.4,-6.901231972952594,-12.979329615026225
2017-02-14 03:00:00,0.61,0.61,0.23,0.05,24.5,76.0,20.1,1006.3,27.0,-5.35301646030305,-12.610916492298433
2017-02-14 04:00:00,1.0,1.0,0.4,0.19,24.2,78.0,20.2,1006.3,24.8,-5.094649670456404,-12.60970042210831
2017-02-14 05:00:00,1.0,1.0,0.64,0.0,24.7,77.0,20.5,1006.8,24.8,-2.1532374030699364,-12.21161613735138
2017-02-14 06:00:00,1.0,1.0,0.93,0.0,24.6,79.0,20.8,1007.4,25.9,-3.859306502340125,-12.623222778712067
2017-02-14 07:00:00,1.0,1.0,0.72,0.0,24.5,81.0,21.0,1008.3,29.5,-5.66560136309447,-13.347320375060386
2017-02-14 08:00:00,1.0,1.0,0.93,0.0,24.8,82.0,21.5,1009.1,30.2,-5.769234480931411,-10.40797451495881
2017-02-14 09:00:00,1.0,1.0,0.73,0.0,25.9,76.0,21.4,1009.6,27.4,-7.582429754572904,-10.436319227436822
2017-02-14 10:00:00,0.61,0.54,0.3,0.0,27.0,71.0,21.4,1009.8,36.4,-8.030070108914645,-11.468128620045885
2017-02-14 11:00:00,1.0,1.0,1.0,0.0,31.0,53.0,20.5,1008.4,47.2,-7.571059701177796,-12.60035932032105
2017-02-14 12:00:00,1.0,1.0,0.94,0.0,26.3,79.0,22.5,1008.1,41.0,-10.861442936643183,-8.184684314867857
2017-02-14 13:00:00,1.0,0.97,1.0,0.05,30.0,59.0,21.2,1006.8,38.5,-13.644067431374573,-7.563030075842859
2017-02-14 14:00:00,0.44,0.19,0.32,0.13,29.6,61.0,21.5,1005.6,42.5,-12.91552674635953,-8.387441139231417
2017-02-14 15:00:00,0.56,0.3,0.28,0.37,29.7,57.0,20.4,1004.9,45.0,-16.132999069462098,-6.518154725436868
2017-02-14 16:00:00,0.82,0.77,0.27,0.07,29.8,59.0,20.9,1005.1,39.6,-15.49248403008524,-3.5767217640674525
2017-02-14 17:00:00,0.26,0.31,0.26,0.06,30.1,55.0,20.0,1005.1,38.9,-19.093100064730358,-8.500795840284225
2017-02-14 18:00:00,0.2,0.18,0.16,0.0,28.4,63.0,20.8,1005.7,40.7,-17.24561969494225,-6.967682637535963
2017-02-14 19:00:00,0.19,0.15,0.15,0.0,27.5,69.0,21.2,1006.9,35.6,-16.61777443564852,-9.211382784680405
2017-02-14 20:00:00,0.2,0.16,0.18,0.0,26.8,73.0,21.5,1007.7,35.3,-15.773694588509525,-9.856498314737612
2017-02-14 21:00:00,0.32,0.25,0.29,0.0,26.2,78.0,22.0,1008.6,34.2,-13.995994002686592,-10.168684864659786
2017-02-14 22:00:00,0.28,0.18,0.24,0.0,25.9,78.0,21.8,1009.1,31.7,-12.538577507742497,-9.448495863487157
2017-02-14 23:00:00,1.0,1.0,0.44,0.0,24.4,85.0,21.8,1009.2,35.3,-14.345205039432724,-7.309247045806705
2017-02-15 00:00:00,1.0,1.0,0.35,0.0,24.0,88.0,22.0,1008.5,31.7,-11.184248869537079,-9.384699101423475
2017-02-15 01:00:00,0.98,0.98,0.36,0.0,24.1,88.0,22.0,1007.6,28.1,-9.030558815966964,-9.351417404402465
2017-02-15 02:00:00,0.77,0.66,0.46,0.0,24.3,84.0,21.5,1006.7,26.3,-9.313941787537594,-11.50176022956317
2017-02-15 03:00:00,0.72,0.63,0.57,0.0,24.0,85.0,21.3,1006.5,29.2,-7.895797037074753,-12.635916632730748
2017-02-15 04:00:00,0.81,0.78,0.65,0.0,24.0,81.0,20.6,1006.5,27.4,-7.17304989588484,-14.077903082176213
2017-02-15 05:00:00,0.91,0.55,0.56,0.0,23.9,84.0,21.0,1007.0,31.3,-6.381535752284561,-13.685247584253414
2017-02-15 06:00:00,0.67,0.59,0.63,0.0,24.4,82.0,21.0,1007.7,31.0,-8.035631845389979,-15.77081547813411
2017-02-15 07:00:00,1.0,0.76,1.0,0.0,24.9,78.0,20.9,1008.4,34.2,-7.502037666994056,-17.673693186286854
2017-02-15 08:00:00,1.0,0.42,1.0,0.0,25.8,72.0,20.5,1009.1,43.2,-10.214786244139804,-20.04764679423828
2017-02-15 09:00:00,0.89,0.43,0.89,0.0,26.9,65.0,19.8,1009.9,43.9,-11.049999999999999,-19.139161423636097
2017-02-15 10:00:00,0.9,0.41,0.89,0.0,28.6,57.0,19.2,1010.1,44.6,-13.236721719501654,-16.94223120254452
2017-02-15 11:00:00,0.89,0.21,0.88,0.0,29.4,52.0,18.6,1009.3,43.9,-13.055574676911094,-15.018720646433161
2017-02-15 12:00:00,0.75,0.13,0.72,0.0,30.7,46.0,17.9,1008.3,41.0,-14.03759819214356,-12.202697939223436
2017-02-15 13:00:00,0.22,0.12,0.19,0.0,32.0,39.0,16.2,1006.8,40.3,-15.934740790963057,-10.348141665285514
2017-02-15 14:00:00,0.08,0.0,0.08,0.0,33.7,33.0,15.1,1005.3,44.6,-19.067539617631073,-9.715396694426301
2017-02-15 15:00:00,0.29,0.0,0.29,0.0,33.5,34.0,15.4,1004.5,50.0,-23.772245293761912,-5.927086442191858
2017-02-15 16:00:00,0.16,0.0,0.16,0.0,32.0,39.0,16.2,1004.7,50.0,-21.63673850887513,-5.797546610296465
2017-02-15 17:00:00,0.1,0.0,0.12,0.0,30.2,44.0,16.6,1005.0,45.0,-21.531605824974005,-3.410271337877034
2017-02-15 18:00:00,0.13,0.0,0.13,0.0,27.6,58.0,18.6,1006.1,41.4,-18.299202874776228,-1.9233237241248236
2017-02-15 19:00:00,0.1,0.0,0.1,0.0,26.8,62.0,18.8,1007.0,34.6,-17.689651203089856,-5.747716095374023
2017-02-15 20:00:00,0.13,0.0,0.13,0.0,26.0,65.0,19.0,1007.9,34.2,-16.937289303524903,-7.189452764202636
2017-02-15 21:00:00,0.11,0.0,0.11,0.0,25.4,69.0,19.3,1008.6,33.5,-15.09840383788765,-8.027963723638734
2017-02-15 22:00:00,0.03,0.0,0.03,0.0,24.9,72.0,19.4,1009.0,31.0,-13.644067431374573,-7.563030075842859
2017-02-15 23:00:00,0.04,0.0,0.04,0.0,24.4,74.0,19.4,1008.5,28.4,-12.269756073814618,-8.276054971367053
2017-02-16 00:00:00,0.02,0.0,0.02,0.0,23.8,76.0,19.4,1008.0,26.6,-9.6873629022557,-9.687362902255702
2017-02-16 01:00:00,0.01,0.01,0.01,0.0,23.1,78.0,19.1,1007.6,24.5,-5.769234480931411,-10.40797451495881
2017-02-16 02:00:00,0.19,0.19,0.0,0.0,22.6,80.0,19.0,1006.9,21.6,-5.493285046848516,-10.78117894267925
2017-02-16 03:00:00,0.18,0.18,0.0,0.0,22.3,82.0,19.1,1006.5,22.3,-4.4079257794071935,-11.483039245915583
2017-02-16 04:00:00,0.13,0.13,0.0,0.0,22.1,83.0,19.0,1006.3,24.5,-3.97625518422922,-13.005744681097282
2017-02-16 05:00:00,0.15,0.7,0.0,0.0,22.4,84.0,19.5,1006.7,25.2,-3.625409138561936,-11.858178973941639
2017-02-16 06:00:00,0.3,0.3,0.0,0.0,22.6,82.0,19.4,1007.1,22.0,-1.7677094549546088,-11.160878248725057
2017-02-16 07:00:00,0.2,0.2,0.0,0.0,23.3,78.0,19.2,1007.6,25.9,-2.9107636714486307,-13.69406641027328
2017-02-16 08:00:00,0.17,0.17,0.0,0.0,25.2,67.0,18.8,1008.6,35.6,-7.072233425655856,-16.661137847489172
2017-02-16 09:00:00,0.73,0.73,0.0,0.0,27.7,55.0,17.9,1008.9,44.3,-12.578604399058925,-17.312963679623874
2017-02-16 10:00:00,0.63,0.63,0.0,0.0,29.5,45.0,16.5,1009.0,44.6,-11.65527534932158,-17.947550154032072
2017-02-16 11:00:00,0.28,0.23,0.09,0.05,30.6,40.0,15.5,1007.7,44.6,-12.21684496998658,-16.212300853960045
2017-02-16 12:00:00,0.56,0.0,0.3,0.29,32.4,33.0,14.2,1006.2,45.0,-14.185568854807794,-15.754670300120758
2017-02-16 13:00:00,0.78,0.0,0.46,0.55,33.7,29.0,13.4,1004.4,46.8,-14.818399886976213,-14.309962431455345
2017-02-16 14:00:00,0.87,0.0,0.27,0.81,34.1,28.0,12.9,1003.2,45.0,-17.580315696824105,-10.150000000000002
2017-02-16 15:00:00,0.94,0.0,0.5,0.9,32.7,37.0,16.0,1002.3,43.6,-18.707905243876517,-4.319060243402206
2017-02-16 16:00:00,0.87,0.0,0.0,0.87,30.2,54.0,19.8,1002.4,46.4,-23.370326422301062,3.2844851826575425
2017-02-16 17:00:00,0.96,0.0,0.0,0.5,28.6,56.0,19.0,1002.4,48.6,-23.027070718078672,2.827368766999419
2017-02-16 18:00:00,0.0,0.0,0.0,0.0,27.2,58.0,18.2,1002.9,43.9,-21.183316371344223,-2.226456267601019
2017-02-16 19:00:00,0.0,0.0,0.0,0.0,26.4,58.0,17.4,1004.1,39.6,-17.987366778595675,-7.267367912268692
2017-02-16 20:00:00,0.0,0.0,0.0,0.0,25.4,64.0,18.1,1005.0,35.3,-16.947955617585354,-7.9029614945510795
2017-02-16 21:00:00,0.0,0.0,0.0,0.0,24.5,67.0,18.1,1005.7,35.6,-16.880160347790337,-9.356825670754306
2017-02-16 22:00:00,0.0,0.0,0.0,0.0,24.1,67.0,17.7,1006.2,35.3,-14.805010997061538,-10.75647011695226
2017-02-16 23:00:00,0.0,0.0,0.0,0.0,23.6,68.0,17.5,1006.3,33.8,-13.237501999306986,-12.344170317131223
2017-02-17 00:00:00,0.0,0.0,0.0,0.0,22.9,71.0,17.2,1006.1,32.8,-10.365732658050016,-11.924411367519799
2017-02-17 01:00:00,0.0,0.0,0.0,0.0,22.2,74.0,17.4,1005.9,28.4,-7.996458519631681,-11.855237287537097
2017-02-17 02:00:00,0.0,0.0,0.0,0.0,21.9,77.0,17.6,1005.4,25.9,-5.35301646030305,-12.610916492298433
2017-02-17 03:00:00,0.03,0.03,0.0,0.0,21.5,78.0,17.6,1005.3,25.6,-3.914050452601388,-13.649916082324127
2017-02-17 04:00:00,0.12,0.12,0.0,0.0,21.5,77.0,17.4,1005.2,27.4,-3.6772128131149495,-14.748495039395145
2017-02-17 05:00:00,0.04,0.03,0.0,0.0,21.2,78.0,17.3,1005.6,27.4,-1.473851332073914,-14.022758724692652
2017-02-17 06:00:00,0.62,0.62,0.0,0.0,22.0,74.0,17.0,1006.5,27.4,-0.7536377698983913,-14.380265300465863
2017-02-17 07:00:00,0.53,0.53,0.0,0.0,23.0,69.0,17.0,1007.2,27.7,2.283943189587374,-14.42024977268901
2017-02-17 08:00:00,0.48,0.48,0.0,0.0,24.6,62.0,16.8,1008.0,34.9,-1.4816476267101888,-16.935309867559674
2017-02-17 09:00:00,0.61,0.61,0.0,0.0,26.2,52.0,15.5,1008.3,38.9,-7.6916523636807295,-16.494801724067027
2017-02-17 10:00:00,0.64,0.13,0.0,0.58,27.6,45.0,14.7,1008.0,39.2,-8.726573164434066,-15.743154728509124
2017-02-17 11:00:00,0.27,0.08,0.0,0.21,29.7,38.0,14.0,1007.0,41.8,-9.856498314737612,-15.773694588509525
2017-02-17 12:00:00,0.47,0.04,0.0,0.45,31.0,34.0,13.5,1005.7,41.8,-10.381733497953935,-14.826652001630753
2017-02-17 13:00:00,0.44,0.02,0.0,0.43,32.1,31.0,12.9,1004.4,41.8,-11.878658134848854,-12.300710585790936
2017-02-17 14:00:00,0.71,0.0,0.04,0.69,32.8,30.0,12.8,1003.3,39.6,-16.263066428647125,-5.284190603811602
2017-02-17 15:00:00,0.77,0.0,0.0,0.77,31.8,38.0,15.6,1002.6,41.8,-19.772864788140563,1.036251933610288
2017-02-17 16:00:00,0.59,0.0,0.0,0.59,30.8,39.0,15.2,1002.3,45.7,-22.7,-1.389974117032246e-15
2017-02-17 17:00:00,0.46,0.0,0.0,0.12,29.0,42.0,14.9,1002.0,46.1,-21.946409105716132,-1.534642422370755
2017-02-17 18:00:00,0.07,0.0,0.0,0.07,27.0,48.0,15.0,1002.2,41.8,-18.659867650856853,-2.291143656016773
2017-02-17 19:00:00,0.0,0.0,0.0,0.0,25.7,54.0,15.8,1003.5,34.6,-16.928805990053732,-5.500502499874065
2017-02-17 20:00:00,0.01,0.0,0.0,0.01,24.6,58.0,15.9,1004.7,32.4,-15.09840383788765,-8.027963723638734
2017-02-17 21:00:00,0.15,0.0,0.0,0.15,23.9,62.0,16.2,1005.6,31.7,-15.043458962797606,-8.338725468236998
2017-02-17 22:00:00,0.0,0.0,0.0,0.0,23.1,67.0,16.6,1006.3,31.3,-13.68320137979413,-7.900000000000002
2017-02-17 23:00:00,0.01,0.0,0.0,0.01,22.5,73.0,17.5,1006.3,28.8,-10.80122664797759,-9.063305296580205
2017-02-18 00:00:00,0.0,0.0,0.0,0.0,22.1,77.0,17.9,1006.0,25.2,-7.5712089598338075,-10.81280698461469
2017-02-18 01:00:00,0.0,0.0,0.0,0.0,21.8,76.0,17.3,1005.9,23.8,-6.199999999999999,-10.73871500692704
2017-02-18 02:00:00,0.0,0.0,0.0,0.0,21.4,74.0,16.5,1005.2,23.0,-3.9863192274368213,-12.26862906020748
2017-02-18 03:00:00,0.0,0.0,0.0,0.0,21.1,75.0,16.5,1004.8,24.8,-1.6817969389910352,-13.697136892650244
2017-02-18 04:00:00,0.0,0.0,0.0,0.0,20.9,76.0,16.5,1004.9,24.8,1.0981623586204947,-12.552053195955994
2017-02-18 05:00:00,0.02,0.02,0.0,0.0,20.4,78.0,16.5,1006.0,22.3,2.1775351109542918,-7.59396739791272
2017-02-18 06:00:00,0.02,0.02,0.0,0.0,20.9,77.0,16.7,1006.5,17.6,1.0557374790032994,-10.04467114321956
2017-02-18 07:00:00,0.0,0.0,0.0,0.0,22.5,71.0,17.0,1007.4,23.8,0.43973365845151036,-12.592324420440606
2017-02-18 08:00:00,0.57,0.0,0.0,0.57,24.8,63.0,17.2,1008.5,32.0,-2.862134930648172,-14.72440775171496
2017-02-18 09:00:00,0.97,0.0,0.0,0.97,27.0,54.0,16.8,1008.6,35.6,-5.806402197946636,-14.371349745785205
2017-02-18 10:00:00,0.74,0.0,0.0,0.74,29.1,44.0,15.6,1008.6,35.3,-6.582862246223429,-12.919594600731335
2017-02-18 11:00:00,0.39,0.0,0.0,0.39,31.0,36.0,14.4,1007.8,34.9,-7.5712089598338075,-10.81280698461469
2017-02-18 12:00:00,0.21,0.0,0.0,0.21,32.5,32.0,13.7,1006.3,34.9,-10.11162697096763,-10.111626970967631
2017-02-18 13:00:00,0.39,0.01,0.0,0.39,33.6,30.0,13.6,1004.6,37.1,-14.077903082176213,-7.173049895884841
2017-02-18 14:00:00,0.94,0.0,0.0,0.94,32.5,42.0,18.0,1003.8,42.5,-19.01314691983815,2.672123538433255
2017-02-18 15:00:00,0.94,0.01,0.0,0.94,30.8,50.0,19.1,1003.3,46.4,-20.895960520744904,7.195056213503162
2017-02-18 16:00:00,0.92,0.0,0.0,0.92,29.2,53.0,18.7,1003.2,46.8,-20.182151106540726,5.03197542847309
2017-02-18 17:00:00,0.15,0.0,0.0,0.64,28.2,56.0,18.5,1003.4,42.5,-19.04356735888468,3.7016945103049688
2017-02-18 18:00:00,0.85,0.0,0.0,0.85,26.2,63.0,18.7,1003.8,37.8,-16.980175209829937,4.233633172994186
2017-02-18 19:00:00,0.71,0.0,0.0,0.71,25.5,67.0,19.0,1004.9,31.7,-13.647867363856914,-1.1940336756429164
2017-02-18 20:00:00,0.94,0.0,0.0,0.94,25.1,66.0,18.4,1005.9,24.5,-10.806243742382302,-3.303800263366926
2017-02-18 21:00:00,0.98,0.0,0.0,0.98,24.6,67.0,18.0,1006.5,20.5,-9.706975700031004,-4.734408385322037
2017-02-18 22:00:00,0.98,0.0,0.0,0.98,23.8,73.0,18.6,1007.6,19.4,-2.4881992827652213,-4.679622242152313
2017-02-18 23:00:00,0.94,0.02,0.0,0.94,23.4,73.0,18.2,1008.1,11.9,1.4846769586695112,-6.430842427582552
2017-02-19 00:00:00,0.95,0.02,0.0,0.95,23.5,75.0,18.9,1007.3,17.3,-3.5836794954530027,-9.335804264972017
2017-02-19 01:00:00,0.97,0.0,0.0,0.97,23.3,79.0,19.5,1006.5,18.7,-3.6336839561343464,-8.993683389297837
2017-02-19 02:00:00,0.72,0.03,0.0,0.71,23.0,83.0,19.9,1005.9,18.4,-1.0557374790033,-10.04467114321956
2017-02-19 03:00:00,0.89,0.18,0.0,0.84,22.5,86.0,20.0,1005.3,18.4,-0.3524849166952598,-10.093847352892867
2017-02-19 04:00:00,0.93,0.27,0.0,0.88,22.2,87.0,20.0,1005.4,18.4,0.4134540543192605,-7.889173324561134
2017-02-19 05:00:00,0.91,0.33,0.0,0.93,22.2,87.0,19.9,1005.5,14.0,1.0577155672965006,-7.526037322435934
2017-02-19 06:00:00,0.96,0.65,0.0,0.9,22.2,85.0,19.5,1006.1,16.2,1.423553631866103,-8.987963899415753
2017-02-19 07:00:00,0.96,0.62,0.0,0.9,23.2,78.0,19.1,1007.3,19.4,-1.1455718280083864,-9.329933825428427
2017-02-19 08:00:00,0.72,0.2,0.0,0.66,24.9,70.0,19.1,1007.9,25.6,-5.82763767466079,-8.973775077016036
2017-02-19 09:00:00,0.83,0.17,0.0,0.79,26.9,58.0,18.0,1008.0,25.6,-5.46640284632,-7.523858047687012
2017-02-19 10:00:00,0.95,0.02,0.0,0.94,29.3,44.0,15.9,1007.7,28.4,-5.815606196095768,-8.621990754572435
2017-02-19 11:00:00,0.02,0.0,0.0,0.02,31.5,33.0,13.2,1006.7,31.3,-6.5356684201803255,-10.064046815345089
2017-02-19 12:00:00,0.0,0.0,0.0,0.0,33.6,24.0,10.3,1005.2,32.8,-7.284420741658284,-10.403230962470195
2017-02-19 13:00:00,0.87,0.0,0.0,0.87,35.0,19.0,8.0,1003.7,34.2,-9.030558815966964,-9.351417404402465
2017-02-19 14:00:00,0.79,0.0,0.0,0.79,32.9,40.0,17.4,1003.0,39.6,-17.997915853502022,3.8255751110467715
2017-02-19 15:00:00,0.71,0.0,0.0,0.71,31.5,42.0,17.0,1002.3,45.7,-18.356428330471317,3.568128213541388
2017-02-19 16:00:00,0.98,0.0,0.0,0.98,31.0,46.0,18.1,1002.1,40.7,-18.36210380536446,2.254582852995226
2017-02-19 17:00:00,0.99,0.0,0.0,1.0,28.2,56.0,18.5,1002.9,39.2,-16.926594180545727,5.174979173592439
2017-02-19 18:00:00,1.0,0.0,0.0,1.0,26.6,55.0,17.0,1003.6,34.2,-14.378193193978237,2.5352633939371825
2017-02-19 19:00:00,1.0,0.0,0.0,1.0,25.6,64.0,18.2,1004.4,26.6,-12.208317665188263,1.4989929238833126
2017-02-19 20:00:00,1.0,0.0,0.0,1.0,25.1,70.0,19.2,1005.1,22.3,-10.04467114321956,1.055737479003301
2017-02-19 21:00:00,1.0,0.0,0.0,1.0,24.2,75.0,19.5,1005.7,18.0,-3.244739871933341,-5.400153994423308
2017-02-19 22:00:00,0.99,0.0,0.0,0.99,24.1,69.0,18.1,1006.5,16.9,7.871577364254561,-4.363286582217036
2017-02-19 23:00:00,1.0,0.0,0.0,1.0,24.6,63.0,17.1,1006.1,15.1,2.490620541896064,-3.985826051935202
2017-02-20 00:00:00,1.0,0.0,0.0,1.0,23.1,67.0,16.8,1005.4,5.4,1.0531962472667237e-15,-4.3
2017-02-20 01:00:00,0.98,0.01,0.0,0.98,22.6,68.0,16.4,1004.8,7.6,1.2246467991473533e-15,-5.0
2017-02-20 02:00:00,0.99,0.01,0.0,0.99,22.3,68.0,16.0,1004.0,9.4,-1.4493866525741161,-5.4091846272187825
2017-02-20 03:00:00,1.0,0.01,0.0,1.0,21.9,70.0,16.2,1003.5,9.7,-1.4333142502483958,-4.998560818879258
2017-02-20 04:00:00,1.0,0.0,0.0,1.0,21.5,75.0,16.8,1003.2,8.3,-0.7352419856890852,-4.6421352007971475
2017-02-20 05:00:00,1.0,0.0,0.0,0.95,21.6,76.0,17.2,1003.7,10.1,-2.197614961051637,-4.7128004925905795
2017-02-20 06:00:00,0.95,0.0,0.0,0.95,22.0,77.0,17.8,1004.1,10.1,-2.4881992827652213,-4.679622242152313
2017-02-20 07:00:00,0.89,0.0,0.0,0.89,23.6,72.0,18.2,1004.7,12.6,-1.8469087739586112,-5.074340152243906
2017-02-20 08:00:00,0.67,0.0,0.0,0.67,26.8,56.0,17.3,1005.5,14.8,-1.7937955949114472,-3.2360929164157644
2017-02-20 09:00:00,0.74,0.0,0.0,0.74,29.2,43.0,15.3,1005.8,16.9,-0.37630246776355253,-3.580278823325784
2017-02-20 10:00:00,0.83,0.0,0.0,0.83,31.5,35.0,14.4,1005.7,19.1,1.1110124779464012,-3.633958072659534
2017-02-20 11:00:00,0.88,0.0,0.0,0.88,33.5,30.0,13.3,1004.5,20.2,1.4364846019678081,-3.9467090073008158
2017-02-20 12:00:00,0.94,0.0,0.0,0.94,35.2,25.0,12.4,1003.0,22.0,1.0494494745709957,-5.3989495089621515
2017-02-20 13:00:00,0.9,0.0,0.0,0.9,36.5,22.0,11.4,1001.3,22.3,0.7352419856890863,-4.6421352007971475
2017-02-20 14:00:00,0.7,0.0,0.0,0.7,37.2,20.0,10.6,999.8,21.2,-2.5114736709748717,-1.4500000000000002
2017-02-20 15:00:00,0.97,0.0,0.0,0.97,35.8,31.0,15.8,999.1,28.1,-9.747909327039002,6.8255595925774495
2017-02-20 16:00:00,0.86,0.0,0.22,0.85,31.2,54.0,20.9,999.5,48.6,-12.099999999999998,20.957814771583415
2017-02-20 17:00:00,0.98,0.0,0.0,0.87,30.9,49.0,18.8,999.9,48.2,-9.992349288972045,13.753288904374104
2017-02-20 18:00:00,0.85,0.0,0.0,0.85,27.8,65.0,20.6,1000.5,36.4,-8.932080174246448,13.754197314304951
2017-02-20 19:00:00,0.86,0.0,0.0,0.86,26.8,67.0,20.0,1001.6,32.4,-4.297864059424228,14.057679912656623
2017-02-20 20:00:00,0.74,0.0,0.0,0.74,26.5,72.0,21.1,1002.5,26.3,-1.0243789400230068,9.746314574609078
2017-02-20 21:00:00,0.85,0.0,0.0,0.85,26.1,76.0,21.5,1002.9,16.9,-3.9402334420842138,5.043268823083021
2017-02-20 22:00:00,0.99,0.0,0.0,0.99,25.4,80.0,21.6,1003.3,10.8,1.7874357113510326,-1.447436899414626
2017-02-20 23:00:00,0.97,0.0,0.0,0.97,25.1,80.0,21.4,1003.0,6.8,4.664264528860344,-2.9145559532826257
2017-02-21 00:00:00,0.99,0.0,0.0,0.99,25.7,74.0,20.8,1002.4,14.4,8.691657397237213,-1.37662329235403
2017-02-21 01:00:00,0.96,0.0,0.0,0.96,25.4,77.0,21.0,1002.1,19.8,11.190549891303368,-2.175222547292614
2017-02-21 02:00:00,0.94,0.0,0.0,0.94,25.0,80.0,21.2,1001.4,21.2,11.835585968879046,-2.5157314588948894
2017-02-21 03:00:00,0.97,0.0,0.0,0.97,24.6,82.0,21.4,1001.0,21.2,11.535140351259825,-3.307648269803993
2017-02-21 04:00:00,0.97,0.0,0.0,0.97,24.5,83.0,21.4,1001.0,22.0,12.277062816293963,-2.8343832847326977
2017-02-21 05:00:00,0.98,0.0,0.0,0.98,24.0,89.0,22.0,1000.9,22.7,7.871577364254561,-4.363286582217036
2017-02-21 06:00:00,0.94,0.0,0.0,0.94,23.9,90.0,22.0,1001.7,15.8,6.188618557826731,-5.379684037722157
2017-02-21 07:00:00,0.98,0.0,0.0,0.98,25.2,82.0,22.0,1002.8,16.6,4.702282018339787,-6.472135954999579
2017-02-21 08:00:00,0.97,0.0,0.0,0.97,28.0,66.0,21.0,1003.7,19.1,2.4724035165450213,-6.119413440140796
2017-02-21 09:00:00,0.99,0.0,0.0,0.99,30.5,50.0,18.9,1004.5,18.7,8.817456953860943e-16,-3.6
2017-02-21 10:00:00,0.96,0.0,0.0,0.96,32.8,37.0,16.2,1004.6,17.6,-1.0895771993749124,-2.138415658052083
2017-02-21 11:00:00,0.96,0.0,0.0,0.96,34.7,30.0,14.8,1003.8,19.1,-2.5114736709748717,-1.4500000000000002
2017-02-21 12:00:00,0.91,0.0,0.0,0.91,36.0,28.0,14.6,1002.3,22.7,-5.791600382341218,-1.125773072721615
2017-02-21 13:00:00,0.88,0.0,0.04,0.86,36.8,28.0,15.4,1001.2,28.1,-9.7,-5.939536975864663e-16
2017-02-21 14:00:00,0.97,0.0,0.49,0.95,35.7,31.0,16.0,999.9,37.4,-15.844289099865126,2.2267696153610457
2017-02-21 15:00:00,0.98,0.0,0.1,0.98,34.7,30.0,14.7,999.2,40.0,-17.64467006079711,6.7731542464061745
2017-02-21 16:00:00,0.95,0.0,0.01,0.95,33.7,33.0,15.4,999.2,42.5,-18.36530993146568,9.76500850594653
2017-02-21 17:00:00,0.92,0.0,0.01,0.94,30.8,41.0,16.2,999.9,42.8,-15.501854727741451,8.949999999999996
2017-02-21 18:00:00,0.97,0.0,0.0,0.97,28.2,62.0,20.1,1000.6,34.2,-7.876322380719142,10.840827724624294
2017-02-21 19:00:00,0.5,0.0,0.0,0.5,26.8,76.0,22.1,1001.8,24.5,-4.407925779407193,11.483039245915583
2017-02-21 20:00:00,0.96,0.0,0.0,0.96,25.8,80.0,22.1,1002.6,22.7,-3.9719314843773104,11.535326622311665
2017-02-21 21:00:00,0.96,0.0,0.0,0.96,24.9,82.0,21.5,1003.2,21.6,-0.7844016847289237,8.96575228282571
2017-02-21 22:00:00,0.97,0.0,0.0,0.97,23.6,90.0,21.9,1003.5,15.8,4.981083229470295,4.329989591337347
2017-02-21 23:00:00,0.98,0.0,0.0,0.98,24.5,85.0,21.9,1003.1,7.9,4.366330768241984,1.088648530198505
2017-02-22 00:00:00,0.99,0.0,0.0,0.99,23.4,90.0,21.7,1002.3,4.7,2.164994795668674,-2.490541614735147
2017-02-22 01:00:00,0.96,0.0,0.0,0.96,22.6,92.0,21.2,1001.2,5.8,1.4364846019678081,-3.9467090073008158
2017-02-22 02:00:00,0.95,0.0,0.0,0.95,22.0,93.0,20.9,1000.6,7.6,1.7542302283364228,-5.7378285357782115
2017-02-22 03:00:00,0.98,0.0,0.0,0.98,22.1,90.0,20.5,1000.3,7.6,0.37476969381493075,-4.283637201794505
2017-02-22 04:00:00,0.94,0.0,0.0,0.94,22.6,86.0,20.2,1000.5,5.0,-0.710739087062379,-2.1874299874788528
2017-02-22 05:00:00,0.54,0.0,0.0,0.43,21.7,92.0,20.4,1000.6,3.2,-1.7489675652259409,-3.9282454678631837
2017-02-22 06:00:00,0.21,0.0,0.0,0.21,21.6,93.0,20.5,1001.4,6.1,-2.4881992827652213,-4.679622242152313
2017-02-22 07:00:00,0.0,0.0,0.0,0.0,24.6,79.0,20.8,1002.9,11.9,-3.2118269105225195,-3.5670951622914924
2017-02-22 08:00:00,0.0,0.0,0.0,0.0,27.9,59.0,19.1,1003.8,16.2,-3.9858260519352022,-2.490620541896063
2017-02-22 09:00:00,0.19,0.0,0.0,0.19,30.4,46.0,17.6,1004.4,18.4,-3.935788682127281,-2.181643291108517
2017-02-22 10:00:00,0.29,0.0,0.0,0.29,32.5,38.0,16.2,1004.7,20.2,-3.9641832724372428,-2.8801477362331185
2017-02-22 11:00:00,0.4,0.0,0.0,0.4,34.5,30.0,14.4,1003.8,23.4,-5.420413862312148,-3.93816119035957
2017-02-22 12:00:00,0.1,0.0,0.0,0.1,36.0,25.0,12.9,1002.6,26.3,-7.505054539300878,-3.9905082836800725
2017-02-22 13:00:00,0.0,0.0,0.0,0.0,36.5,27.0,14.5,1001.1,29.5,-10.773691742806102,-0.7533699164365526
2017-02-22 14:00:00,0.0,0.0,0.0,0.0,35.2,38.0,18.5,1000.1,38.5,-16.162713077517623,5.882746465201501
2017-02-22 15:00:00,0.0,0.0,0.0,0.0,33.5,41.0,18.4,999.8,45.0,-20.13954566026545,6.934601689937437
2017-02-22 16:00:00,0.0,0.0,0.0,0.0,32.0,41.0,17.1,999.8,45.7,-20.517753090505174,7.064828951720299
2017-02-22 17:00:00,0.0,0.0,0.0,0.0,29.5,51.0,18.4,999.7,44.6,-17.97852941210507,5.49658804878745
2017-02-22 18:00:00,0.01,0.0,0.01,0.0,27.7,65.0,20.4,1000.4,36.0,-12.24459029200319,7.951729911219397
2017-02-22 19:00:00,0.0,0.0,0.0,0.0,26.5,70.0,20.6,1002.0,27.7,-3.933231648245192,10.806465139037945
2017-02-22 20:00:00,0.0,0.0,0.0,0.0,26.1,72.0,20.8,1003.2,20.9,-1.1879073951729326e-15,9.7
2017-02-22 21:00:00,0.0,0.0,0.0,0.0,25.6,75.0,20.8,1004.7,17.3,6.86918957886705,4.292346040288961
2017-02-22 22:00:00,0.0,0.0,0.0,0.0,25.0,78.0,20.9,1005.1,14.0,5.386845871403051,0.37668495821827813
2017-02-22 23:00:00,0.0,0.0,0.0,0.0,25.4,75.0,20.5,1004.7,8.3,-0.3479327524001636,-2.475670171853926
2017-02-23 00:00:00,0.0,0.0,0.0,0.0,23.7,81.0,20.3,1004.4,6.5,-2.180852323535913,-3.233246532964663
2017-02-23 01:00:00,0.0,0.0,0.0,0.0,23.4,81.0,19.9,1003.7,8.6,-2.8801477362331185,-3.9641832724372428
2017-02-23 02:00:00,0.0,0.0,0.0,0.0,23.2,80.0,19.5,1003.0,9.4,-3.5996106142446194,-4.289848881466277
2017-02-23 03:00:00,0.09,0.09,0.0,0.0,22.8,82.0,19.6,1002.5,9.4,-3.6133052743378347,-4.012982057577929
2017-02-23 04:00:00,0.19,0.19,0.0,0.0,22.5,84.0,19.7,1002.5,8.6,-4.666904755831213,-4.666904755831213
2017-02-23 05:00:00,0.42,0.37,0.0,0.0,23.0,88.0,20.9,1002.9,8.6,-3.252691193458118,-3.2526911934581184
2017-02-23 06:00:00,0.51,0.51,0.0,0.0,23.7,84.0,20.9,1003.6,9.0,-3.252691193458118,-3.2526911934581184
2017-02-23 07:00:00,0.47,0.47,0.0,0.0,26.0,73.0,20.8,1004.3,9.7,-1.0549740469210394,-2.485363104321589
2017-02-23 08:00:00,0.33,0.33,0.0,0.0,27.5,63.0,20.0,1005.3,13.3,-1.4499999999999997,-2.511473670974872
2017-02-23 09:00:00,0.15,0.15,0.0,0.0,29.1,56.0,19.5,1005.8,19.1,-2.197614961051637,-4.7128004925905795
2017-02-23 10:00:00,0.27,0.27,0.0,0.0,31.0,48.0,18.7,1005.9,22.3,-3.2678342100901627,-5.032023407672544
2017-02-23 11:00:00,0.08,0.08,0.0,0.0,32.8,40.0,17.3,1004.8,25.6,-5.387787044493738,-5.777694242791447
2017-02-23 12:00:00,0.07,0.07,0.0,0.0,34.3,34.0,16.2,1003.6,28.4,-6.85893577750951,-6.858935777509511
2017-02-23 13:00:00,0.1,0.1,0.04,0.0,35.5,30.0,15.4,1002.4,31.0,-10.513876985422742,-5.357087896926653
2017-02-23 14:00:00,0.1,0.01,0.1,0.0,35.1,35.0,17.3,1001.0,37.8,-16.55956323431308,-1.157957464152479
2017-02-23 15:00:00,0.09,0.0,0.09,0.0,32.7,47.0,19.8,1000.7,45.4,-20.87792436385881,3.6813413665389225
2017-02-23 16:00:00,0.04,0.0,0.04,0.0,31.5,53.0,20.9,1000.8,45.4,-20.18879447597595,2.1219278043333674
2017-02-23 17:00:00,0.0,0.0,0.01,0.0,29.4,58.0,20.1,1001.2,43.2,-20.12335726067711,3.9115844052191684
2017-02-23 18:00:00,0.0,0.0,0.0,0.0,27.2,64.0,19.9,1001.6,39.2,-14.080676440039491,0.7379369830255081
2017-02-23 19:00:00,0.0,0.0,0.0,0.0,26.1,75.0,21.2,1002.5,25.9,-12.279324052395474,1.7257464519048105
2017-02-23 20:00:00,0.0,0.0,0.0,0.0,25.5,72.0,20.0,1003.7,22.3,-11.17271736291003,-0.7812725059342026
2017-02-23 21:00:00,0.0,0.0,0.0,0.0,24.9,70.0,19.0,1004.4,19.8,-6.10580806867569,-1.0766187015349686
2017-02-23 22:00:00,0.0,0.0,0.0,0.0,24.5,69.0,18.3,1005.2,9.7,6.430842427582553,-1.4846769586695083
2017-02-23 23:00:00,0.01,0.01,0.0,0.0,24.0,66.0,17.3,1005.3,15.1,2.8738041798367546,-6.16289295184922
2017-02-24 00:00:00,0.01,0.01,0.0,0.0,23.4,67.0,16.8,1004.7,7.6,-2.4999999999999996,-4.330127018922194
2017-02-24 01:00:00,0.14,0.14,0.0,0.0,23.0,65.0,16.1,1004.1,9.4,-4.996174644486022,-6.876644452187053
2017-02-24 02:00:00,0.33,0.33,0.0,0.0,23.9,61.0,15.9,1003.5,10.4,-3.2678342100901627,-5.032023407672544
2017-02-24 03:00:00,0.24,0.24,0.0,0.0,24.3,59.0,15.6,1003.3,13.0,-2.192787785420526,-7.172285669722766
2017-02-24 04:00:00,0.19,0.19,0.0,0.0,24.0,59.0,15.4,1003.2,14.4,-0.7233926648055629,-8.268415994161488
2017-02-24 05:00:00,0.21,0.24,0.0,0.0,23.8,64.0,16.5,1003.2,14.4,-1.469229264399395,-7.558529312547013
2017-02-24 06:00:00,0.32,0.32,0.0,0.0,23.7,74.0,18.8,1003.9,14.4,-0.4134540543192563,-7.889173324561134
2017-02-24 07:00:00,0.78,0.78,0.0,0.0,24.9,82.0,21.5,1004.9,19.4,-0.6557108531947778,-9.377102072442348
2017-02-24 08:00:00,0.22,0.22,0.0,0.0,26.9,73.0,21.6,1005.8,23.8,-4.995869326627525,-8.31452281681049
2017-02-24 09:00:00,0.33,0.33,0.0,0.0,29.1,57.0,19.9,1006.4,26.3,-6.85893577750951,-6.858935777509511
2017-02-24 10:00:00,0.14,0.14,0.0,0.0,30.7,48.0,18.4,1006.5,28.8,-8.668118289673941,-6.772276228582241
2017-02-24 11:00:00,0.21,0.19,0.0,0.04,31.9,42.0,17.3,1006.0,31.0,-10.478907385791707,-6.050000000000002
2017-02-24 12:00:00,0.38,0.31,0.0,0.07,33.7,35.0,16.2,1004.7,31.7,-10.114574148284927,-6.077449283938639
2017-02-24 13:00:00,0.4,0.29,0.03,0.2,34.2,35.0,16.6,1003.5,34.6,-13.987510690493421,-2.9731371786939604
2017-02-24 14:00:00,0.16,0.03,0.06,0.11,33.0,42.0,18.5,1002.7,40.3,-17.626771623599954,2.4772811970891633
2017-02-24 15:00:00,0.06,0.04,0.06,0.0,32.5,44.0,18.8,1002.2,40.3,-16.575520732410077,2.0352180348659608
2017-02-24 16:00:00,0.01,0.01,0.01,0.0,31.4,48.0,19.1,1002.1,38.5,-17.329691202977482,2.4355292668011437
2017-02-24 17:00:00,0.91,0.0,0.0,0.0,29.0,49.0,17.3,1002.0,37.8,-16.95403912726309,3.9141483455832513
2017-02-24 18:00:00,0.55,0.0,0.0,0.55,27.5,53.0,17.2,1002.7,34.9,-14.718924051450445,1.5470212563612726
2017-02-24 19:00:00,0.07,0.0,0.0,0.07,26.2,59.0,17.6,1003.6,27.7,-10.773691742806102,-0.7533699164365526
2017-02-24 20:00:00,0.0,0.0,0.0,0.0,25.5,58.0,16.6,1004.7,19.4,-10.44247990136687,-1.0975488643103612
2017-02-24 21:00:00,0.0,0.0,0.0,0.0,25.0,60.0,16.9,1005.7,18.7,-10.431998923921938,-2.795245687107224
2017-02-24 22:00:00,0.1,0.0,0.0,0.1,24.4,65.0,17.4,1006.3,19.4,-2.5357095704441965,-5.437846722219899
2017-02-24 23:00:00,0.21,0.0,0.0,0.21,23.6,63.0,16.2,1006.3,10.4,0.7352419856890863,-4.6421352007971475
2017-02-25 00:00:00,0.1,0.01,0.0,0.09,23.4,64.0,16.3,1005.7,8.3,-2.149021206691006,-5.062776693988422
2017-02-25 01:00:00,0.06,0.06,0.0,0.0,23.6,72.0,18.3,1004.8,12.6,1.8614631347039767e-15,-7.6
2017-02-25 02:00:00,0.07,0.07,0.0,0.0,22.9,82.0,19.5,1004.0,14.8,2.0329136865846065e-15,-8.3
2017-02-25 03:00:00,0.08,0.08,0.0,0.0,22.1,89.0,20.3,1003.6,16.9,-1.7191169589026103,-9.74959675482086
2017-02-25 04:00:00,0.17,0.17,0.0,0.0,21.7,93.0,20.5,1003.6,17.6,-4.716281451675524,-7.547628055792192
2017-02-25 05:00:00,0.32,0.83,0.0,0.29,21.5,94.0,20.6,1004.1,15.8,-6.4347733221994154,-5.399415921366931
2017-02-25 06:00:00,0.67,0.56,0.0,0.28,22.4,92.0,21.0,1004.9,16.6,-6.509047944410617,-6.069785404556237
2017-02-25 07:00:00,0.85,0.07,0.0,0.84,24.0,84.0,21.0,1005.9,22.3,-7.2166493188955805,-8.301805382450492
2017-02-25 08:00:00,0.67,0.04,0.0,0.66,26.0,72.0,20.5,1006.6,24.5,-6.877117867544073,-7.121464023352647
2017-02-25 09:00:00,0.58,0.27,0.0,0.4,28.5,57.0,19.2,1007.2,24.8,-5.379684037722159,-6.18861855782673
2017-02-25 10:00:00,0.63,0.15,0.0,0.56,30.5,47.0,17.9,1007.0,25.9,-6.855693556378481,-5.356254835333226
2017-02-25 11:00:00,0.61,0.17,0.0,0.57,32.2,41.0,17.2,1006.1,28.4,-8.302838622659698,-5.391926446648768
2017-02-25 12:00:00,0.74,0.04,0.0,0.73,33.8,36.0,16.5,1004.8,29.5,-9.334970206477495,-4.352968095929205
2017-02-25 13:00:00,0.55,0.0,0.1,0.51,34.8,34.0,16.5,1003.3,31.0,-11.215771513546938,-1.3771235804781667
2017-02-25 14:00:00,0.13,0.0,0.13,0.0,34.2,38.0,17.8,1001.8,34.6,-14.36492232374147,1.0044932219154048
2017-02-25 15:00:00,0.61,0.01,0.03,0.61,32.8,43.0,18.6,1001.0,38.2,-16.933583975480854,2.3798600264171177
2017-02-25 16:00:00,0.32,0.0,0.0,0.32,31.9,47.0,19.2,1001.0,39.2,-17.28454596041491,2.7376031382040393
2017-02-25 17:00:00,0.04,0.0,0.0,0.05,29.0,60.0,20.5,1001.8,37.8,-16.533701170139086,4.740962520052384
2017-02-25 18:00:00,0.77,0.0,0.0,0.77,27.0,64.0,19.7,1002.1,33.8,-15.086701504948095,1.85241401975824
2017-02-25 19:00:00,1.0,0.0,0.03,1.0,26.0,68.0,19.6,1002.8,28.8,-11.555858497864248,1.0110066158728355
2017-02-25 20:00:00,0.99,0.0,0.02,0.99,25.4,70.0,19.5,1003.7,20.5,-8.666893873398186,0.7582549619046266
2017-02-25 21:00:00,1.0,0.0,0.0,1.0,24.7,77.0,20.5,1004.2,15.1,-7.2,-4.4087284769304716e-16
2017-02-25 22:00:00,1.0,0.0,0.0,1.0,24.4,83.0,21.4,1004.5,13.7,-3.9282454678631837,-1.7489675652259409
2017-02-25 23:00:00,1.0,0.01,0.02,1.0,24.6,79.0,20.7,1004.6,8.6,1.4326213531414123,-4.685893304218873
2017-02-26 00:00:00,0.99,0.0,0.0,0.99,24.9,72.0,19.4,1003.8,11.2,-2.5624408513775414,-5.755336383148386
2017-02-26 01:00:00,0.95,0.0,0.0,0.95,25.0,67.0,18.5,1002.9,12.2,-2.5085756468171017,-6.535062985480412
2017-02-26 02:00:00,0.97,0.0,0.0,0.97,24.5,69.0,18.5,1002.0,12.6,-2.1161930039715187,-6.1458707413955596
2017-02-26 03:00:00,0.82,0.0,0.0,0.82,24.0,75.0,19.2,1001.8,12.6,-1.1419715947936853,-7.210124886344506
2017-02-26 04:00:00,0.05,0.03,0.0,0.02,23.1,83.0,20.0,1001.8,13.0,-1.392905666248777,-7.165878439167947
2017-02-26 05:00:00,0.77,0.04,0.03,0.9,23.5,84.0,20.5,1002.0,14.0,-2.2258437878816784,-8.306962106085987
2017-02-26 06:00:00,0.98,0.02,0.37,0.98,23.4,86.0,21.0,1002.7,16.6,-1.8296228791962823,-8.607698886457491
2017-02-26 07:00:00,1.0,0.06,0.05,1.0,23.9,85.0,21.2,1003.7,17.3,-3.6319239979163744,-7.128052193506943
2017-02-26 08:00:00,0.99,0.2,0.0,0.99,25.3,77.0,21.0,1004.7,20.5,-5.39941592136693,-6.4347733221994154
2017-02-26 09:00:00,0.52,0.28,0.11,0.3,27.2,67.0,20.5,1005.1,20.5,-4.289848881466277,-3.5996106142446203
2017-02-26 10:00:00,0.63,0.27,0.23,0.35,29.7,53.0,19.0,1004.9,19.8,-3.195522749552795,-2.8772616073430903
2017-02-26 11:00:00,0.69,0.14,0.66,0.0,31.5,44.0,17.6,1004.1,20.2,-3.600102662948872,-2.1631599146222276
2017-02-26 12:00:00,0.8,0.11,0.79,0.07,33.0,38.0,16.6,1002.7,22.3,-5.737828535778212,-1.7542302283364206
2017-02-26 13:00:00,0.89,0.0,0.73,0.69,33.0,38.0,16.8,1001.4,25.9,-9.329933825428428,1.1455718280083853
2017-02-26 14:00:00,0.82,0.0,0.67,0.59,32.3,45.0,18.7,1000.3,31.3,-12.62322277871207,3.859306502340124
2017-02-26 15:00:00,0.6,0.0,0.6,0.04,31.3,46.0,18.4,999.4,33.8,-14.748495039395145,3.67721281311495
2017-02-26 16:00:00,0.98,0.0,0.17,0.98,30.7,50.0,19.0,999.3,34.9,-16.575520732410077,2.0352180348659608
2017-02-26 17:00:00,0.99,0.0,0.74,1.0,27.6,62.0,19.6,1000.5,39.6,-17.64467006079711,6.7731542464061745
2017-02-26 18:00:00,1.0,0.0,0.87,0.99,27.0,63.0,19.4,1001.0,35.6,-16.196848526886455,3.148348423712989
2017-02-26 19:00:00,1.0,0.0,0.58,1.0,26.1,66.0,19.4,1002.0,31.0,-11.916173811447717,2.101142949769857
2017-02-26 20:00:00,1.0,0.0,0.24,1.0,26.2,65.0,19.2,1002.7,24.1,-13.291897999353974,0.46416330614326273
2017-02-26 21:00:00,1.0,0.0,0.02,1.0,25.8,70.0,20.0,1003.3,24.8,-12.304149708010483,-3.5281581544575893
2017-02-26 22:00:00,0.99,0.0,0.0,0.99,25.4,75.0,20.5,1004.1,23.4,-3.9499999999999997,-6.841600689897066
2017-02-26 23:00:00,0.98,0.0,0.01,0.98,24.9,72.0,19.5,1004.5,14.4,-0.31924933308195735,-6.0916401620029
2017-02-27 00:00:00,0.85,0.0,0.13,0.85,24.8,67.0,18.2,1003.9,15.8,-4.716281451675524,-7.547628055792192
2017-02-27 01:00:00,0.96,0.01,0.51,0.92,24.1,70.0,18.2,1002.9,16.9,-4.403707847473604,-8.642763284627168
2017-02-27 02:00:00,0.85,0.3,0.8,0.34,23.8,75.0,19.1,1002.4,18.0,-3.5836794954530027,-9.335804264972017
2017-02-27 03:00:00,0.97,0.32,0.97,0.23,23.8,80.0,20.0,1002.0,20.5,-3.5812496990287235,-10.400704331592486
2017-02-27 04:00:00,0.99,0.37,0.49,0.99,23.7,82.0,20.4,1001.9,21.2,-3.19739332747719,-11.1506356728845
2017-02-27 05:00:00,1.0,0.82,0.06,0.97,24.6,81.0,21.1,1002.0,21.6,-3.5165801564034638,-8.284543681071963
2017-02-27 06:00:00,0.99,0.8,0.32,0.81,24.8,79.0,20.9,1002.9,19.4,-4.60082131530173,-8.652886410017485
2017-02-27 07:00:00,0.99,0.56,0.3,0.99,25.4,75.0,20.6,1003.7,22.0,-7.2648054088427685,-9.29852689255932
2017-02-27 08:00:00,1.0,0.44,0.37,1.0,26.2,71.0,20.5,1004.7,29.2,-8.36522882181347,-11.101033589657371
2017-02-27 09:00:00,1.0,0.63,0.53,1.0,27.9,63.0,20.0,1005.7,31.7,-8.999281592012675,-11.113187248834684
2017-02-27 10:00:00,1.0,0.54,0.8,1.0,29.0,56.0,19.4,1005.8,33.1,-10.824034783963723,-10.093575728924979
2017-02-27 11:00:00,1.0,0.73,0.85,1.0,29.6,51.0,18.4,1005.0,33.1,-10.414992207074254,-9.053614600069
2017-02-27 12:00:00,1.0,1.0,0.5,1.0,30.9,44.0,17.4,1003.7,31.7,-12.24459029200319,-7.951729911219395
2017-02-27 13:00:00,1.0,0.77,0.39,1.0,31.0,45.0,17.8,1002.4,34.2,-12.932986131858652,-8.72340929414365
2017-02-27 14:00:00,1.0,0.13,0.22,1.0,31.3,46.0,18.2,1001.2,34.2,-11.50176022956317,-9.313941787537594
2017-02-27 15:00:00,1.0,0.28,0.33,1.0,29.8,58.0,20.6,1000.5,32.0,-15.162973563949327,1.060298400910705
2017-02-27 16:00:00,1.0,0.0,0.08,1.0,28.5,69.0,22.2,1000.4,33.1,-10.800307988846615,6.489479743866683
2017-02-27 17:00:00,1.0,0.0,0.01,0.99,31.1,47.0,18.4,1000.6,26.6,-15.124002909254667,-5.805560782633866
2017-02-27 18:00:00,1.0,0.0,0.01,1.0,29.3,56.0,19.5,1001.0,32.8,-15.161287811373986,-3.2226312076752714
2017-02-27 19:00:00,0.99,0.0,0.0,0.99,27.9,64.0,20.4,1001.7,30.6,-16.237973578895453,-1.4206386067868277
2017-02-27 20:00:00,1.0,0.0,0.0,1.0,27.2,65.0,20.0,1002.6,30.6,-15.49248403008524,-3.5767217640674525
2017-02-27 21:00:00,0.99,0.0,0.0,0.99,26.6,68.0,20.3,1003.5,29.9,-12.979329615026224,-6.901231972952595
2017-02-27 22:00:00,0.97,0.0,0.0,0.97,26.3,69.0,20.2,1003.6,27.4,-11.573653837646852,-7.516018683207374
2017-02-27 23:00:00,0.92,0.0,0.0,0.92,26.0,72.0,20.5,1003.6,25.6,-10.81280698461469,-7.5712089598338075
2017-02-28 00:00:00,0.97,0.0,0.06,0.97,25.7,74.0,20.7,1003.3,24.1,-8.980256121069152,-8.980256121069154
2017-02-28 01:00:00,0.95,0.0,0.02,0.95,25.4,76.0,20.8,1002.7,23.0,-8.323222045346816,-7.494262791219212
2017-02-28 02:00:00,0.99,0.02,0.1,0.99,25.2,76.0,20.7,1002.4,20.5,-5.407899786555569,-9.00025665737218
2017-02-28 03:00:00,0.71,0.1,0.07,0.7,24.9,76.0,20.3,1002.2,19.4,-3.1519733426244634,-9.700776466210565
2017-02-28 04:00:00,0.91,0.17,0.13,0.9,24.8,75.0,20.0,1002.2,20.9,-1.3771235804781665,-11.215771513546938
2017-02-28 05:00:00,0.97,0.3,0.26,0.96,24.3,76.0,19.9,1002.4,20.9,3.08610993385133e-15,-12.6
2017-02-28 06:00:00,0.98,0.49,0.34,0.95,24.5,76.0,20.0,1003.3,23.4,1.725746451904817,-12.279324052395472
2017-02-28 07:00:00,0.99,0.4,0.34,0.96,25.1,74.0,20.2,1004.3,27.4,0.24433369012196984,-13.997867732189478
2017-02-28 08:00:00,1.0,0.7,0.43,0.97,26.0,71.0,20.4,1005.0,34.2,-2.502951440643694,-15.803013449522204
2017-02-28 09:00:00,1.0,0.96,0.33,1.0,27.1,65.0,20.0,1005.5,36.0,-5.17497917359244,-16.926594180545727
2017-02-28 10:00:00,0.97,0.79,0.46,0.94,29.0,58.0,20.0,1005.3,41.8,-12.005398768850336,-15.366209695331078
2017-02-28 11:00:00,0.99,0.34,0.35,0.96,29.7,56.0,19.9,1004.3,43.2,-13.215728212046585,-16.320065190596388
2017-02-28 12:00:00,0.89,0.27,0.38,0.86,31.6,49.0,19.6,1003.1,45.0,-11.586244014291129,-16.546871294637633
2017-02-28 13:00:00,0.91,0.21,0.58,0.87,32.1,46.0,19.2,1001.9,46.4,-12.81865999313863,-17.01093636400734
2017-02-28 14:00:00,0.98,0.41,0.85,0.92,31.7,48.0,19.5,1000.9,45.7,-11.184504408545783,-13.329173310270216
2017-02-28 15:00:00,1.0,1.0,0.85,0.62,29.9,59.0,21.0,1000.4,43.6,-16.15094137840159,6.199765527133695
2017-02-28 16:00:00,0.92,0.24,0.59,0.83,28.8,67.0,22.0,1000.8,45.7,-12.253194786528471,1.0720156357961963
2017-02-28 17:00:00,1.0,0.2,0.96,0.81,30.4,53.0,19.8,1000.5,26.6,-14.778665142222746,-3.9599313900685673
2017-02-28 18:00:00,1.0,0.05,1.0,0.91,29.0,63.0,21.2,1001.1,29.5,-14.397806810252035,0.2513146526968821
2017-02-28 19:00:00,0.95,0.01,0.25,0.94,28.8,60.0,20.2,1002.3,29.2,-15.129051194653126,-5.506524307543269
2017-02-28 20:00:00,0.94,0.0,0.62,0.86,27.9,61.0,19.6,1003.4,32.8,-16.178292833385004,-7.890680642203394
2017-02-28 21:00:00,1.0,0.0,0.98,0.94,27.2,64.0,20.0,1004.0,35.6,-16.62174268466595,-10.386417578970816
2017-02-28 22:00:00,1.0,0.0,1.0,0.97,27.0,66.0,20.1,1004.4,36.4,-16.166232664823315,-10.904261617679563
2017-02-28 23:00:00,0.99,0.0,0.95,0.89,26.6,68.0,20.2,1004.2,36.4,-14.735801092445701,-11.51286958858981
2017-03-01 00:00:00,0.91,0.01,0.32,0.87,26.0,72.0,20.5,1003.5,34.9,-13.237501999306986,-12.344170317131223
2017-03-01 01:00:00,1.0,0.0,0.0,1.0,24.9,78.0,20.7,1002.9,33.8,-11.461863112573454,-11.869106705587745
2017-03-01 02:00:00,1.0,0.07,0.01,1.0,24.1,83.0,21.0,1002.6,30.6,-8.93433583484559,-12.2970583144992
2017-03-01 03:00:00,0.96,0.03,0.0,0.96,23.6,85.0,21.0,1002.5,27.4,-6.901510203794726,-11.486041829408306
2017-03-01 04:00:00,0.98,0.0,0.0,0.98,23.3,86.0,20.9,1002.5,24.1,-4.232386007943037,-12.291741482791119
2017-03-01 05:00:00,1.0,0.43,0.0,0.99,23.1,90.0,21.4,1002.2,26.6,-4.232386007943037,-12.291741482791119
2017-03-01 06:00:00,1.0,1.0,0.0,0.95,23.5,87.0,21.4,1003.0,24.1,-3.859306502340125,-12.623222778712067
2017-03-01 07:00:00,1.0,0.91,0.0,0.95,24.3,83.0,21.3,1004.0,31.3,-6.548459953520384,-14.708081868045875
2017-03-01 08:00:00,0.99,0.47,0.0,0.98,26.0,74.0,21.0,1004.9,34.9,-8.193282582163096,-14.781073050655786
2017-03-01 09:00:00,1.0,0.66,0.0,1.0,28.3,62.0,20.4,1005.6,36.0,-11.107568065557048,-12.336204102924745
2017-03-01 10:00:00,1.0,0.26,0.0,1.0,30.1,53.0,19.4,1004.9,41.0,-12.31200315700299,-13.673864788784053
2017-03-01 11:00:00,1.0,0.38,0.0,1.0,31.8,43.0,17.8,1004.2,40.3,-13.018095888821234,-12.139570809112474
2017-03-01 12:00:00,1.0,0.23,0.0,1.0,32.8,40.0,17.3,1003.0,41.8,-14.805010997061538,-10.75647011695226
2017-03-01 13:00:00,0.96,0.04,0.11,0.96,33.8,35.0,16.5,1001.7,41.8,-16.222909387956033,-7.564866885158519
2017-03-01 14:00:00,1.0,0.0,0.38,1.0,33.8,37.0,17.2,1000.4,45.0,-20.920088659926655,-1.830270597700821
2017-03-01 15:00:00,1.0,0.0,0.2,1.0,32.3,44.0,18.6,999.9,46.4,-21.969849764600625,-1.1513910373447673
2017-03-01 16:00:00,1.0,0.0,0.18,1.0,32.4,42.0,17.8,999.8,45.4,-20.148842148140808,-3.191263086820711
2017-03-01 17:00:00,0.99,0.0,0.0,1.0,30.2,52.0,19.1,1001.2,41.8,-17.60303754801844,-1.8501537998374662
2017-03-01 18:00:00,0.75,0.0,0.0,0.75,27.8,67.0,21.1,1001.8,34.9,-15.151101451746028,2.129348444689
2017-03-01 19:00:00,1.0,0.02,0.01,1.0,27.1,69.0,20.9,1002.9,29.2,-15.878209602597725,-0.8321417042628091
2017-03-01 20:00:00,1.0,0.1,0.06,1.0,26.6,69.0,20.6,1003.8,29.2,-14.42991959668066,-2.8048922320352103
2017-03-01 21:00:00,1.0,0.05,0.04,1.0,26.4,71.0,20.6,1004.0,28.1,-14.360953396056818,-4.666156615061706
2017-03-01 22:00:00,1.0,0.11,0.28,1.0,26.0,73.0,20.9,1004.4,28.1,-13.738617913471817,-3.1718098662484953
2017-03-01 23:00:00,1.0,0.15,0.43,1.0,25.8,76.0,21.2,1003.8,25.9,-11.493984162029946,-5.856477446640155
2017-03-02 00:00:00,0.98,0.17,0.47,0.98,25.5,78.0,21.4,1003.5,23.8,-9.036509540849956,-6.09520264783114
2017-03-02 01:00:00,0.97,0.12,0.3,0.97,24.0,90.0,22.2,1002.8,20.2,-3.2132194802988217,-7.217009115376547
2017-03-02 02:00:00,0.6,0.38,0.28,0.32,23.8,92.0,22.4,1001.8,15.1,-1.3766232923540318,-8.691657397237213
2017-03-02 03:00:00,0.92,0.29,0.51,0.83,23.8,91.0,22.2,1001.5,19.4,-2.8987733051482323,-10.818369254437565
2017-03-02 04:00:00,1.0,0.83,0.39,0.93,23.4,92.0,22.1,1001.8,21.2,-4.233054505599806,-10.4771775566047
2017-03-02 05:00:00,1.0,0.87,0.47,0.98,23.9,90.0,22.1,1001.8,20.5,-5.39941592136693,-6.4347733221994154
2017-03-02 06:00:00,0.98,0.32,0.39,0.96,24.3,87.0,22.0,1002.0,19.4,-5.3813867847343415,-9.708278749247292
2017-03-02 07:00:00,1.0,0.92,0.37,0.98,25.1,81.0,21.6,1002.9,23.4,-5.435802220184561,-11.145046174109671
2017-03-02 08:00:00,0.99,0.7,0.79,0.97,26.5,72.0,21.0,1003.7,37.1,-9.154695474324871,-17.217478060749077
2017-03-02 09:00:00,0.97,0.74,0.56,0.89,28.3,64.0,20.9,1004.0,44.6,-12.199914384336607,-18.786220721977497
2017-03-02 10:00:00,0.98,0.4,0.92,0.89,29.9,56.0,20.2,1004.0,45.0,-13.421420162099352,-17.178634428626538
2017-03-02 11:00:00,0.93,0.28,0.76,0.79,29.5,59.0,20.8,1003.1,44.6,-15.431563104164498,-14.390165397318718
2017-03-02 12:00:00,0.9,0.31,0.84,0.73,30.4,56.0,20.5,1002.0,46.4,-18.76919426949878,-13.636617853185376
2017-03-02 13:00:00,0.97,0.26,0.5,0.89,29.9,58.0,20.8,1001.0,46.4,-17.7242052096693,-11.075312622473982
2017-03-02 14:00:00,0.87,0.26,0.47,0.72,31.0,53.0,20.3,999.7,43.2,-18.800237660374563,-9.579199544504439
2017-03-02 15:00:00,0.95,0.19,0.69,0.82,30.1,57.0,20.6,999.1,43.2,-19.85092303282644,-2.4373868681029496
2017-03-02 16:00:00,0.94,0.22,0.63,0.82,29.7,60.0,21.1,999.4,42.5,-19.073878214309207,-4.054277970946309
2017-03-02 17:00:00,0.65,0.01,0.28,0.0,29.5,60.0,20.9,999.5,39.2,-19.126938203361515,-1.6733902607550362
2017-03-02 18:00:00,0.12,0.02,0.1,0.0,28.0,68.0,21.6,999.8,37.1,-17.667321499215532,-2.1692743126116256
2017-03-02 19:00:00,0.08,0.06,0.04,0.02,27.4,69.0,21.2,1000.8,32.8,-15.504928242967488,-5.643332364873536
2017-03-02 20:00:00,0.19,0.18,0.1,0.0,26.5,73.0,21.3,1001.8,30.2,-13.644067431374573,-7.563030075842859
2017-03-02 21:00:00,0.37,0.16,0.11,0.28,26.1,77.0,21.7,1002.4,28.8,-11.855237287537097,-7.9964585196316795
2017-03-02 22:00:00,0.55,0.2,0.2,0.43,26.0,78.0,21.8,1002.4,26.6,-11.11095162585478,-8.680826802091781
2017-03-02 23:00:00,0.89,0.22,0.21,0.85,25.8,78.0,21.5,1002.1,27.0,-11.101033589657371,-8.36522882181347
2017-03-03 00:00:00,0.9,0.33,0.62,0.71,25.6,78.0,21.4,1001.6,25.2,-9.7525531057989,-6.094071538681856
2017-03-03 01:00:00,1.0,1.0,0.96,0.58,25.4,78.0,21.2,1000.9,21.2,-8.621990754572435,-5.815606196095767
2017-03-03 02:00:00,0.52,0.22,0.47,0.03,25.5,77.0,21.1,1000.0,18.7,-7.547628055792192,-4.716281451675524
2017-03-03 03:00:00,1.0,0.79,1.0,0.01,25.1,78.0,21.0,999.6,16.2,-4.666904755831213,-4.666904755831213
2017-03-03 04:00:00,0.72,0.38,0.34,0.47,25.1,77.0,20.8,999.5,11.9,-2.5624408513775414,-5.755336383148386
2017-03-03 05:00:00,0.57,0.3,0.26,0.0,24.9,76.0,20.4,999.2,14.0,-1.0324674692655236,-6.518743047927909
2017-03-03 06:00:00,0.42,0.39,0.18,0.0,25.1,74.0,20.2,999.8,15.5,-1.060263287624783,-8.6351515192795
2017-03-03 07:00:00,0.32,0.3,0.19,0.0,26.0,71.0,20.4,1000.9,20.5,-2.8941922360784913,-10.093247807352348
2017-03-03 08:00:00,0.43,0.36,0.28,0.0,27.5,69.0,21.1,1001.8,25.9,-7.2648054088427685,-9.29852689255932
2017-03-03 09:00:00,1.0,1.0,0.43,0.0,28.6,64.0,21.1,1002.2,31.0,-12.972345498524932,-5.775660331676363
2017-03-03 10:00:00,0.38,0.16,0.35,0.0,29.0,66.0,22.0,1002.5,36.7,-11.088372925273719,-4.035837691242892
2017-03-03 11:00:00,0.36,0.04,0.36,0.0,31.0,58.0,22.0,1001.5,34.9,-10.818369254437565,-2.8987733051482323
2017-03-03 12:00:00,0.45,0.25,0.42,0.02,30.0,61.0,21.5,1001.0,38.2,-14.081377284944272,-7.8054348859660285
2017-03-03 13:00:00,0.62,0.41,0.5,0.1,30.2,61.0,21.9,999.8,37.1,-10.086537646166043,-7.880466884168427
2017-03-03 14:00:00,0.58,0.37,0.53,0.06,31.1,57.0,21.5,998.5,33.1,-10.73871500692704,-6.200000000000002
2017-03-03 15:00:00,0.49,0.33,0.38,0.16,29.4,64.0,21.8,998.1,33.1,-9.03932442880394,-7.5848937943011645
2017-03-03 16:00:00,0.78,0.28,0.23,0.69,29.7,59.0,21.0,998.1,28.4,-9.699739598893988,-6.542556970607737
2017-03-03 17:00:00,0.84,0.13,0.17,0.88,29.3,63.0,21.5,998.4,25.9,-7.551844692598049,-9.32575153748365
2017-03-03 18:00:00,0.8,0.24,0.05,0.76,28.1,68.0,21.6,998.7,25.2,-5.1300926470568795,-10.068373723328557
2017-03-03 19:00:00,0.72,0.34,0.35,0.52,27.0,75.0,22.1,1000.0,21.2,-5.0886554215837965,-7.5442419102508795
2017-03-03 20:00:00,0.43,0.13,0.28,0.21,26.4,78.0,22.2,1000.6,15.8,-5.046340541172277,-4.70578868443124
2017-03-03 21:00:00,0.45,0.03,0.19,0.32,26.4,78.0,22.2,1001.4,12.2,-4.666904755831213,-4.666904755831213
2017-03-03 22:00:00,0.43,0.07,0.1,0.34,26.0,80.0,22.3,1001.9,12.2,-4.656970893768797,-5.750880114781585
2017-03-03 23:00:00,0.56,0.17,0.06,0.45,25.5,82.0,22.2,1001.7,14.4,-5.379684037722159,-6.18861855782673
2017-03-04 00:00:00,0.78,0.48,0.04,0.63,25.1,84.0,22.3,1001.1,14.4,-4.666904755831213,-4.666904755831213
2017-03-04 01:00:00,0.99,0.67,0.06,0.95,24.8,87.0,22.5,1000.1,11.9,-2.8999999999999995,-5.022947341949744
2017-03-04 02:00:00,1.0,1.0,0.06,0.77,24.6,89.0,22.7,999.4,12.2,-3.5499999999999994,-6.148780366869515
2017-03-04 03:00:00,1.0,1.0,0.17,0.58,24.9,88.0,22.7,999.1,14.8,-5.387787044493738,-5.777694242791447
2017-03-04 04:00:00,1.0,1.0,0.3,0.97,24.6,89.0,22.8,999.1,17.3,-6.855693556378481,-5.356254835333226
2017-03-04 05:00:00,0.92,0.77,0.11,0.96,24.8,86.0,22.4,999.6,15.8,-1.8017254983928965,-2.883363526931848
2017-03-04 06:00:00,1.0,1.0,0.26,0.89,25.0,85.0,22.4,1000.1,10.8,-1.7918397477265013,-4.667902132486009
2017-03-04 07:00:00,0.97,0.82,0.28,0.79,25.9,81.0,22.4,1001.1,13.7,-1.0811407922523486,-5.08636752381579
2017-03-04 08:00:00,0.99,0.89,0.15,0.81,27.5,72.0,22.0,1001.8,16.6,-1.8469087739586112,-5.074340152243906
2017-03-04 09:00:00,0.73,0.56,0.12,0.35,28.9,67.0,22.0,1002.4,18.4,-1.0506577808748212,-3.233592155403522
2017-03-04 10:00:00,0.76,0.71,0.15,0.12,30.5,61.0,22.0,1002.7,18.4,-1.7145055188062944e-16,1.4
2017-03-04 11:00:00,0.92,0.6,0.17,0.72,32.0,56.0,22.1,1001.7,21.2,-0.6883116461770163,4.345828698618606
2017-03-04 12:00:00,0.99,0.98,0.16,0.74,32.8,54.0,22.5,1000.3,24.8,-5.387787044493739,5.777694242791447
2017-03-04 13:00:00,1.0,0.47,0.4,1.0,28.2,73.0,23.0,999.5,41.8,-2.5950023371210116,13.350129694888228
2017-03-04 14:00:00,0.91,0.37,0.48,0.77,28.4,75.0,23.5,998.5,31.3,-2.891410350820626,6.811735915548059
2017-03-04 15:00:00,0.99,0.19,0.38,0.97,30.8,64.0,23.2,997.6,21.6,-1.801725498392897,2.883363526931848
2017-03-04 16:00:00,1.0,0.5,0.11,0.98,28.3,71.0,22.6,998.2,23.4,-5.793122007145564,8.273435647318818
2017-03-04 17:00:00,0.99,0.4,0.13,0.98,28.1,74.0,23.0,998.6,23.0,-7.548139798310009,3.2039952536120446
2017-03-04 18:00:00,0.99,0.04,0.06,0.99,27.0,84.0,24.0,999.1,18.4,-7.128052193506943,3.631923997916374
2017-03-04 19:00:00,0.99,0.01,0.02,0.99,26.4,88.0,24.1,1000.0,15.1,-6.535062985480412,2.5085756468171017
2017-03-04 20:00:00,0.88,0.07,0.07,0.88,26.2,87.0,24.0,1001.3,12.6,-3.914289369316413,6.514471485336053
2017-03-04 21:00:00,0.85,0.03,0.07,0.83,26.1,85.0,23.4,1001.7,16.6,-3.2833933759264213,9.02104915954472
2017-03-04 22:00:00,0.92,0.11,0.12,0.91,25.6,85.0,23.0,1002.1,16.2,-0.6972459419812655,7.969557584733964
2017-03-04 23:00:00,0.63,0.07,0.18,0.54,25.4,85.0,22.8,1001.9,13.3,1.1419715947936844,7.210124886344506
2017-03-05 00:00:00,0.57,0.05,0.18,0.47,25.1,89.0,23.1,1001.4,13.3,0.4134540543192542,7.889173324561134
2017-03-05 01:00:00,0.94,0.08,0.21,0.91,24.7,92.0,23.4,1000.7,16.6,-0.33852511801426105,9.694091022085228
2017-03-05 02:00:00,0.94,0.13,0.23,0.89,24.5,94.0,23.4,1000.0,17.6,0.7045403848156653,10.075396907624224
2017-03-05 03:00:00,0.92,0.11,0.3,0.89,24.5,94.0,23.4,999.8,17.3,0.758254961904624,8.666893873398186
2017-03-05 04:00:00,0.3,0.07,0.22,0.09,24.5,92.0,23.1,999.7,15.1,2.5436338310878095,8.319851376878407
2017-03-05 05:00:00,0.18,0.02,0.55,0.01,24.9,89.0,22.9,1000.1,14.8,2.5648410533120627,7.893769085249776
2017-03-05 06:00:00,0.44,0.01,0.44,0.0,24.8,88.0,22.5,1000.8,15.1,3.5386087947594613,7.947845481490627
2017-03-05 07:00:00,0.54,0.0,0.54,0.02,25.9,80.0,22.1,1001.4,20.5,4.734408385322037,9.706975700031004
2017-03-05 08:00:00,0.48,0.01,0.44,0.07,27.6,70.0,21.5,1001.8,25.9,5.493285046848515,10.78117894267925
2017-03-05 09:00:00,0.19,0.01,0.0,0.19,29.4,63.0,21.5,1002.2,26.3,4.605691392340201,8.30888721782426
2017-03-05 10:00:00,0.12,0.0,0.01,0.12,31.2,56.0,21.3,1002.3,24.1,5.048424097670397,6.46168817957512
2017-03-05 11:00:00,0.23,0.03,0.11,0.12,32.8,51.0,21.4,1001.4,28.8,5.760295472466236,7.9283665448744856
2017-03-05 12:00:00,0.95,0.93,0.07,0.24,34.0,49.0,21.9,999.9,28.4,4.605691392340201,8.30888721782426
2017-03-05 13:00:00,1.0,0.98,0.24,0.84,32.7,56.0,22.6,999.0,26.3,-6.841600689897066,3.949999999999999
2017-03-05 14:00:00,0.97,0.05,0.14,0.96,30.9,60.0,22.3,998.0,30.2,-4.383711467890773,8.98794046299167
2017-03-05 15:00:00,0.96,0.54,0.11,0.91,31.4,56.0,21.6,997.3,25.6,1.3771235804781647,11.21577151354694
2017-03-05 16:00:00,0.94,0.31,0.38,0.92,30.0,63.0,22.2,998.0,29.2,-0.6803674311582695,12.98218395180946
2017-03-05 17:00:00,0.9,0.39,0.22,0.13,30.2,65.0,23.0,997.8,27.4,-7.23718449707313,8.937178556755166
2017-03-05 18:00:00,0.16,0.01,0.16,0.03,29.0,71.0,23.2,998.2,24.5,-8.69869788266516,9.660882731206122
2017-03-05 19:00:00,0.27,0.02,0.25,0.0,27.9,75.0,23.0,999.3,26.3,-5.088824883543262,13.256842056260265
2017-03-05 20:00:00,0.26,0.01,0.25,0.01,27.0,79.0,23.1,1000.6,28.1,-3.5804440548750827,14.360376748884748
2017-03-05 21:00:00,0.22,0.04,0.21,0.0,26.8,83.0,23.7,1001.4,27.7,-2.413709669570331,13.688827766869691
2017-03-05 22:00:00,0.27,0.07,0.25,0.0,26.5,85.0,23.9,1001.7,27.0,-1.060298400910708,15.162973563949327
2017-03-05 23:00:00,0.18,0.13,0.14,0.0,26.6,85.0,23.8,1001.5,28.4,-0.2705122997778933,15.497639274924065
2017-03-06 00:00:00,0.21,0.18,0.08,0.0,26.2,86.0,23.8,1000.9,28.1,0.25131465269688436,14.397806810252035
2017-03-06 01:00:00,0.29,0.22,0.2,0.0,26.0,87.0,23.7,1000.1,25.9,2.0492914920270224,12.938717261796304
2017-03-06 02:00:00,0.23,0.16,0.19,0.0,25.9,87.0,23.5,999.3,23.4,3.5812496990287244,10.400704331592484
2017-03-06 03:00:00,0.46,0.19,0.42,0.03,25.6,87.0,23.4,999.4,19.1,3.283393375926419,9.02104915954472
2017-03-06 04:00:00,0.5,0.17,0.38,0.19,25.2,90.0,23.4,999.4,16.6,1.0237024846032374,8.337387673787106
2017-03-06 05:00:00,0.56,0.07,0.24,0.13,25.8,87.0,23.5,999.7,14.0,1.7902220274375396,7.180188374442374
2017-03-06 06:00:00,0.24,0.09,0.03,0.16,26.0,85.0,23.3,1000.1,15.8,2.225843787881679,8.306962106085987
2017-03-06 07:00:00,0.37,0.16,0.05,0.22,26.8,80.0,23.1,1000.9,19.8,3.283393375926419,9.02104915954472
2017-03-06 08:00:00,0.19,0.06,0.0,0.13,28.5,72.0,23.0,1001.6,23.0,3.6336839561343464,8.993683389297837
2017-03-06 09:00:00,0.33,0.07,0.02,0.27,30.5,63.0,22.5,1002.0,24.1,3.203995253612043,7.54813979831001
2017-03-06 10:00:00,0.79,0.17,0.11,0.7,32.2,56.0,22.4,1002.0,24.8,3.9905082836800725,7.505054539300878
2017-03-06 11:00:00,0.93,0.27,0.16,0.86,33.4,52.0,22.4,1001.0,26.3,3.5386087947594613,7.947845481490627
2017-03-06 12:00:00,0.93,0.62,0.31,0.83,33.9,50.0,22.1,999.9,25.9,-3.2833933759264213,9.02104915954472
2017-03-06 13:00:00,0.93,0.15,0.22,0.93,32.4,57.0,22.9,998.5,27.0,-6.876644452187053,4.996174644486021
2017-03-06 14:00:00,1.0,0.03,0.21,1.0,30.8,60.0,22.0,998.0,35.3,-0.35248491669526155,10.093847352892867
2017-03-06 15:00:00,0.98,0.23,0.33,0.97,30.6,59.0,21.9,997.8,24.5,-1.0243789400230068,9.746314574609078
2017-03-06 16:00:00,0.95,0.38,0.15,0.9,30.0,63.0,22.4,998.1,24.1,1.0110066158728321,11.555858497864248
2017-03-06 17:00:00,0.99,0.02,0.05,0.84,31.0,59.0,22.1,997.5,24.5,-0.6883116461770163,4.345828698618606
2017-03-06 18:00:00,0.7,0.06,0.07,0.68,29.5,65.0,22.1,997.9,14.0,1.0793978087775922,6.815049550106451
2017-03-06 19:00:00,0.2,0.09,0.04,0.09,28.8,69.0,22.5,999.1,11.5,-2.891410350820626,6.811735915548059
2017-03-06 20:00:00,0.17,0.11,0.06,0.02,27.6,78.0,23.5,1000.0,19.4,-4.948496447161061,9.71197111365321
2017-03-06 21:00:00,0.14,0.12,0.06,0.01,27.0,82.0,23.7,1000.3,19.1,-2.159530121701106,9.353952621938257
2017-03-06 22:00:00,0.05,0.01,0.03,0.01,26.9,82.0,23.5,1000.9,16.9,0.30013567164150773,8.594761112364223
2017-03-06 23:00:00,0.16,0.07,0.04,0.07,26.6,83.0,23.5,1000.9,15.1,1.8376152202278975,6.858073366652385
2017-03-07 00:00:00,0.15,0.09,0.08,0.03,26.3,85.0,23.5,1000.6,12.2,1.0324674692655227,6.518743047927909
2017-03-07 01:00:00,0.13,0.09,0.05,0.0,26.1,86.0,23.6,999.8,12.6,0.3768188849491937,7.190132650232932
2017-03-07 02:00:00,0.27,0.22,0.1,0.0,25.7,88.0,23.6,999.0,12.6,-7.960204194457795e-16,6.5
2017-03-07 03:00:00,0.22,0.1,0.19,0.01,25.5,89.0,23.5,998.8,11.9,0.7212463965468092,6.862201078041086
2017-03-07 04:00:00,0.29,0.16,0.28,0.02,25.4,89.0,23.5,998.8,12.2,1.0766187015349689,6.10580806867569
2017-03-07 05:00:00,0.37,0.16,0.01,0.0,25.5,89.0,23.5,999.3,10.4,-0.7212463965468108,6.862201078041086
2017-03-07 06:00:00,0.18,0.18,0.0,0.0,25.5,90.0,23.6,1000.0,13.0,-0.3977532674463729,7.589584464134761
2017-03-07 07:00:00,0.06,0.05,0.01,0.0,26.8,84.0,24.0,1000.6,19.4,-1.1511679911985121e-15,9.4
2017-03-07 08:00:00,0.0,0.0,0.0,0.0,28.9,73.0,23.6,1001.3,24.5,2.8941922360784895,10.093247807352348
2017-03-07 09:00:00,0.14,0.13,0.11,0.0,31.0,60.0,22.5,1001.8,26.6,4.311408416603482,9.683581851011569
2017-03-07 10:00:00,0.22,0.19,0.12,0.0,32.5,53.0,21.5,1001.9,26.6,3.557009490586954,9.772803256173448
2017-03-07 11:00:00,0.25,0.07,0.23,0.01,33.5,49.0,21.5,1001.3,26.6,2.153104870837041,8.635631963856369
2017-03-07 12:00:00,0.94,0.92,0.37,0.02,34.2,48.0,21.6,1000.1,24.5,-1.102182119232618e-15,9.0
2017-03-07 13:00:00,0.73,0.58,0.4,0.17,32.5,54.0,22.0,998.9,31.0,-10.045894683899489,5.799999999999998
2017-03-07 14:00:00,0.85,0.05,0.35,0.74,30.2,63.0,22.5,998.4,31.7,-8.988657539754612,11.50495700265814
2017-03-07 15:00:00,0.35,0.02,0.17,0.27,31.9,53.0,21.1,997.6,33.1,-1.1393602496174258,10.84028865951418
2017-03-07 16:00:00,0.59,0.05,0.22,0.45,32.2,52.0,21.1,997.6,26.3,-4.636797731064125,10.414418217125649
2017-03-07 17:00:00,0.86,0.62,0.32,0.38,31.5,55.0,21.4,998.0,26.6,-4.794964395723677,11.867953338454878
2017-03-07 18:00:00,0.59,0.02,0.24,0.45,29.6,66.0,22.5,998.6,27.0,-4.694620139043432,12.229903587113343
2017-03-07 19:00:00,0.55,0.01,0.14,0.53,28.4,74.0,23.3,999.6,26.3,-4.024305394928189,14.034420760699456
2017-03-07 20:00:00,0.32,0.01,0.17,0.19,27.4,81.0,23.8,1000.6,27.0,-3.862712429686844,11.888206453689419
2017-03-07 21:00:00,0.1,0.01,0.1,0.0,26.9,84.0,24.0,1001.6,22.3,-3.537697627145113,11.57128754715273
2017-03-07 22:00:00,0.35,0.0,0.11,0.29,26.5,88.0,24.2,1002.0,22.0,-2.5157314588948876,11.835585968879048
2017-03-07 23:00:00,0.38,0.05,0.14,0.25,26.1,90.0,24.5,1001.7,22.3,-1.8772135804827719,11.852260087141651
2017-03-08 00:00:00,0.24,0.03,0.16,0.08,26.0,91.0,24.4,1001.0,21.6,-1.4624321208617705,11.910553819695863
2017-03-08 01:00:00,0.45,0.03,0.08,0.38,25.8,90.0,24.0,1000.1,21.6,0.4153040107597607,11.89275084152724
2017-03-08 02:00:00,0.57,0.13,0.08,0.51,25.4,92.0,23.9,999.5,21.6,1.5169868004647142,10.793921949283115
2017-03-08 03:00:00,0.6,0.19,0.05,0.48,25.1,92.0,23.6,999.2,19.8,0.30013567164150773,8.594761112364223
2017-03-08 04:00:00,0.2,0.18,0.06,0.02,25.0,92.0,23.5,999.3,15.5,0.7526049355271052,7.160557646651568
2017-03-08 05:00:00,0.2,0.04,0.07,0.16,25.3,90.0,23.5,999.5,12.6,1.057715567296498,7.526037322435934
2017-03-08 06:00:00,0.19,0.08,0.07,0.09,25.6,88.0,23.4,1000.2,14.8,1.8376152202278975,6.858073366652385
2017-03-08 07:00:00,0.12,0.06,0.07,0.03,26.8,82.0,23.4,1001.2,14.8,1.4171916423663493,6.1385314081469815
2017-03-08 08:00:00,0.28,0.08,0.15,0.14,28.8,71.0,23.1,1001.8,19.1,1.8376152202278975,6.858073366652385
2017-03-08 09:00:00,0.27,0.08,0.19,0.07,30.5,61.0,22.1,1002.2,20.9,1.4846769586695088,6.430842427582553
2017-03-08 10:00:00,0.31,0.18,0.18,0.07,31.9,54.0,21.5,1002.4,22.3,-0.7352419856890856,4.6421352007971475
2017-03-08 11:00:00,0.36,0.16,0.28,0.07,33.5,50.0,21.6,1001.7,22.3,-2.4999999999999996,4.330127018922194
2017-03-08 12:00:00,0.41,0.22,0.34,0.05,34.0,49.0,21.9,1000.5,24.1,-6.841600689897066,3.949999999999999
2017-03-08 13:00:00,0.66,0.1,0.32,0.55,29.8,65.0,22.4,999.6,29.9,-9.68599049793387,5.819930246483613
2017-03-08 14:00:00,0.57,0.17,0.24,0.48,32.5,53.0,21.8,998.0,28.1,-7.538315826132618,6.104407793183421
2017-03-08 15:00:00,0.53,0.15,0.34,0.26,32.3,53.0,21.6,997.3,25.6,-7.505054539300878,3.990508283680073
2017-03-08 16:00:00,0.46,0.18,0.38,0.12,31.4,56.0,21.5,997.5,27.7,-7.872708347886087,9.056514962673264
2017-03-08 17:00:00,0.43,0.0,0.25,0.05,31.5,56.0,21.5,997.4,26.3,-8.666136333389494,11.500351344681018
2017-03-08 18:00:00,0.26,0.01,0.26,0.0,29.5,65.0,22.2,998.0,29.5,-6.399486987251651,11.544980134240022
2017-03-08 19:00:00,0.22,0.0,0.22,0.01,28.7,69.0,22.4,999.1,24.1,-1.3588700224794985,12.928784639787553
2017-03-08 20:00:00,0.26,0.0,0.25,0.01,27.9,75.0,23.0,1000.1,23.4,-0.6227978792910314,11.88369146357943
2017-03-08 21:00:00,0.14,0.0,0.14,0.0,27.2,79.0,23.3,1001.1,21.6,0.35248491669525905,10.093847352892867
2017-03-08 22:00:00,0.2,0.0,0.2,0.0,26.6,84.0,23.6,1001.4,18.0,-0.30013567164150984,8.594761112364223
2017-03-08 23:00:00,0.19,0.0,0.19,0.0,26.1,87.0,23.8,1001.0,15.1,-1.1133848076805226,7.922144549932563
2017-03-09 00:00:00,0.11,0.0,0.11,0.0,25.9,88.0,23.8,1000.7,14.0,-0.3977532674463729,7.589584464134761
2017-03-09 01:00:00,0.28,0.07,0.18,0.08,25.6,90.0,23.8,999.9,13.7,-8.817456953860943e-16,7.2
2017-03-09 02:00:00,0.23,0.08,0.15,0.07,25.4,91.0,23.9,999.2,12.6,-0.40458754771592803,5.78587149150698
2017-03-09 03:00:00,0.25,0.09,0.09,0.18,25.1,93.0,23.9,998.8,9.7,0.7352419856890845,4.6421352007971475
2017-03-09 04:00:00,0.23,0.09,0.09,0.1,25.0,93.0,23.9,998.9,9.7,-1.7613968679372007,5.421022142882375
2017-03-09 05:00:00,0.3,0.03,0.1,0.55,25.4,92.0,24.0,999.1,9.7,-0.7068421917498557,5.756767679519667
2017-03-09 06:00:00,0.45,0.09,0.11,0.38,25.8,90.0,24.1,999.9,12.6,0.3768188849491937,7.190132650232932
2017-03-09 07:00:00,0.35,0.09,0.19,0.2,27.0,83.0,23.9,1000.9,18.4,0.30013567164150773,8.594761112364223
2017-03-09 08:00:00,0.41,0.14,0.19,0.18,28.5,73.0,23.1,1001.3,21.6,-0.7582549619046263,8.666893873398186
2017-03-09 09:00:00,0.31,0.17,0.09,0.11,30.2,61.0,22.0,1002.2,22.3,-1.1133848076805226,7.922144549932563
2017-03-09 10:00:00,0.98,0.96,0.06,0.1,32.0,56.0,22.1,1002.3,22.7,-2.101315561749643,6.467184310807044
2017-03-09 11:00:00,1.0,1.0,0.1,0.09,32.7,56.0,22.9,1001.2,26.3,-7.924450592339108,6.888619804400325
2017-03-09 12:00:00,0.85,0.53,0.19,0.65,28.5,73.0,23.2,1001.4,36.4,-12.244675899951542,6.787334683448718
2017-03-09 13:00:00,0.81,0.37,0.21,0.69,30.8,63.0,22.8,999.6,31.3,-6.042203531053471,7.2008177653183925
2017-03-09 14:00:00,0.8,0.05,0.08,0.78,29.8,67.0,22.9,999.0,34.2,-8.320379992762483,8.922515159753878
2017-03-09 15:00:00,0.77,0.1,0.07,0.75,31.2,59.0,22.3,997.9,29.9,-1.837615220227899,6.858073366652384
2017-03-09 16:00:00,0.82,0.28,0.02,0.76,31.0,59.0,22.0,997.7,21.6,-1.4692292643993963,7.558529312547012
2017-03-09 17:00:00,0.8,0.02,0.16,0.72,31.5,57.0,22.0,997.2,19.1,-4.766900247265242,9.355568503977862
2017-03-09 18:00:00,0.67,0.08,0.21,0.59,30.0,64.0,22.4,997.9,22.3,-5.727553065987866,10.771960632878908
2017-03-09 19:00:00,0.44,0.01,0.23,0.35,28.9,69.0,22.5,999.0,23.0,-2.5644420195200635,11.10781873855168
2017-03-09 20:00:00,0.41,0.0,0.21,0.23,28.1,73.0,22.8,1000.2,20.5,-1.7051356689385178,10.765802912487
2017-03-09 21:00:00,0.5,0.0,0.18,0.4,27.2,78.0,23.1,1001.2,19.8,-2.510544737494454,9.36948051500396
2017-03-09 22:00:00,0.63,0.0,0.18,0.54,26.8,81.0,23.4,1001.6,17.6,-2.543633831087808,8.31985137687841
2017-03-09 23:00:00,0.68,0.02,0.14,0.62,26.4,84.0,23.5,1001.4,15.1,-0.3768188849491954,7.190132650232932
2017-03-10 00:00:00,0.59,0.04,0.08,0.57,26.1,85.0,23.5,1001.2,12.2,0.6794350112397477,6.4643923198937765
2017-03-10 01:00:00,0.73,0.05,0.22,0.69,25.9,86.0,23.4,1000.3,12.2,-0.3768188849491954,7.190132650232932
2017-03-10 02:00:00,0.74,0.01,0.12,0.74,25.5,88.0,23.5,999.5,13.3,1.3929056662487764,7.165878439167947
2017-03-10 03:00:00,0.83,0.04,0.15,0.81,25.2,91.0,23.5,999.2,12.6,2.863776532993934,5.385980316439453
2017-03-10 04:00:00,0.88,0.01,0.09,0.86,25.1,91.0,23.5,999.3,10.8,3.5996106142446194,4.289848881466277
2017-03-10 05:00:00,0.83,0.0,0.06,0.55,25.1,90.0,23.3,999.4,9.4,1.0797650608505518,4.676976310969129
2017-03-10 06:00:00,0.41,0.0,0.05,0.37,25.4,89.0,23.4,1000.1,10.4,1.0811407922523495,5.086367523815789
2017-03-10 07:00:00,0.44,0.01,0.04,0.42,26.9,81.0,23.3,1001.4,13.7,2.914555953282626,4.664264528860343
2017-03-10 08:00:00,0.46,0.01,0.04,0.43,29.1,68.0,22.6,1001.9,16.6,2.5000000000000004,4.330127018922193
2017-03-10 09:00:00,0.19,0.11,0.09,0.06,30.6,61.0,22.2,1002.7,18.0,2.179154398749824,4.276831316104166
2017-03-10 10:00:00,0.33,0.17,0.14,0.19,32.4,54.0,21.9,1002.6,20.5,1.4273391840380383,5.7247447850283795
2017-03-10 11:00:00,0.48,0.32,0.06,0.22,33.7,50.0,21.6,1001.6,23.0,0.3977532674463711,7.589584464134761
2017-03-10 12:00:00,0.65,0.53,0.08,0.16,34.2,48.0,21.6,1000.1,24.1,-1.1133848076805226,7.922144549932563
2017-03-10 13:00:00,0.77,0.02,0.24,0.69,31.0,57.0,21.6,999.7,36.0,-3.5812496990287226,10.400704331592486
2017-03-10 14:00:00,0.83,0.47,0.59,0.38,30.7,58.0,21.6,999.0,30.2,1.1678869528186164,13.34900895442939
2017-03-10 15:00:00,0.47,0.03,0.27,0.33,31.4,56.0,21.5,998.2,29.9,7.929958065276474,4.040515447681968
2017-03-10 16:00:00,0.73,0.23,0.19,0.61,31.0,57.0,21.3,998.7,23.0,2.9000000000000004,5.0229473419497435
2017-03-10 17:00:00,0.62,0.06,0.33,0.49,31.3,56.0,21.5,998.1,19.4,1.5156627173809758,14.420567482839962
2017-03-10 18:00:00,0.5,0.04,0.34,0.29,29.8,65.0,22.5,998.9,28.8,-1.0720156357961959,12.253194786528471
2017-03-10 19:00:00,0.44,0.02,0.24,0.29,29.0,68.0,22.6,999.7,22.0,-1.3638963894086402,9.70462707366739
2017-03-10 20:00:00,0.35,0.07,0.2,0.16,28.5,72.0,23.0,1000.9,16.9,0.7515347451843538,5.34744757120448
2017-03-10 21:00:00,0.38,0.02,0.19,0.27,27.9,75.0,23.0,1001.8,9.0,0.3486229709906318,3.984778792366982
2017-03-10 22:00:00,0.57,0.02,0.1,0.51,27.1,78.0,23.0,1002.2,7.2,0.7059932828932155,3.632020578756357
2017-03-10 23:00:00,0.93,0.0,0.03,0.93,26.8,79.0,22.9,1001.9,6.8,1.4364846019678084,3.9467090073008158
2017-03-11 00:00:00,0.97,0.0,0.06,0.97,26.4,80.0,22.8,1001.5,8.6,1.4326213531414103,4.685893304218874
2017-03-11 01:00:00,0.8,0.0,0.0,0.8,25.9,83.0,22.8,1000.7,8.3,0.6883116461770152,4.3458286986186065
2017-03-11 02:00:00,0.23,0.0,0.02,0.22,25.4,86.0,22.9,1000.1,7.6,0.6945927106677219,3.939231012048832
2017-03-11 03:00:00,0.11,0.05,0.0,0.07,25.1,88.0,22.9,1000.0,6.8,0.7059932828932155,3.632020578756357
2017-03-11 04:00:00,0.29,0.12,0.01,0.18,24.9,89.0,23.0,1000.1,5.8,1.0506577808748208,3.2335921554035223
2017-03-11 05:00:00,0.27,0.06,0.01,0.12,24.8,88.0,22.7,1000.6,5.4,0.6883116461770152,4.3458286986186065
2017-03-11 06:00:00,0.1,0.04,0.02,0.06,24.9,88.0,22.7,1001.3,8.6,0.3534210958749272,2.878383839759834
2017-03-11 07:00:00,0.2,0.05,0.02,0.15,26.8,77.0,22.5,1002.4,10.1,0.3479327524001638,2.475670171853926
2017-03-11 08:00:00,0.17,0.02,0.02,0.15,29.3,64.0,21.8,1003.4,13.3,1.4500000000000002,2.5114736709748717
2017-03-11 09:00:00,0.07,0.01,0.01,0.06,31.1,55.0,21.1,1004.3,21.6,2.907803098047883,4.3109953772862175
2017-03-11 10:00:00,0.26,0.03,0.24,0.04,32.4,51.0,21.0,1004.5,25.9,4.301823272632846,6.143640332167439
2017-03-11 11:00:00,0.49,0.34,0.25,0.1,33.5,49.0,21.1,1003.6,26.3,4.330127018922192,2.500000000000002
2017-03-11 12:00:00,0.78,0.31,0.33,0.67,30.4,63.0,22.4,1003.2,33.5,-7.173049895884841,14.077903082176212
2017-03-11 13:00:00,0.24,0.01,0.09,0.19,31.4,58.0,22.1,1001.8,36.7,5.400000000000001,9.353074360871938
2017-03-11 14:00:00,0.49,0.11,0.17,0.38,32.3,52.0,21.4,1000.7,28.4,7.171881598543046,3.975438886019962
2017-03-11 15:00:00,0.51,0.04,0.34,0.32,31.6,54.0,21.1,1000.1,26.6,4.361704647071823,-6.466493065929326
2017-03-11 16:00:00,0.33,0.01,0.17,0.22,32.2,51.0,20.9,999.9,22.3,-1.0895771993749124,2.138415658052083
2017-03-11 17:00:00,0.35,0.0,0.29,0.09,31.2,55.0,21.2,999.8,15.1,-3.2755801403744433,10.081199072728626
2017-03-11 18:00:00,0.28,0.0,0.28,0.03,30.0,62.0,21.9,1000.3,22.0,-2.8652427062828187,9.371786608437748
2017-03-11 19:00:00,0.32,0.01,0.3,0.05,29.4,65.0,22.1,1001.3,17.3,-3.5386087947594635,7.947845481490626
2017-03-11 20:00:00,0.8,0.01,0.21,0.69,28.2,77.0,23.7,1002.4,15.1,-2.1223161698406723,7.920591775570359
2017-03-11 21:00:00,0.97,0.0,0.19,0.96,27.6,80.0,23.8,1003.3,14.8,-1.1133848076805226,7.922144549932563
2017-03-11 22:00:00,0.95,0.0,0.19,0.95,27.1,81.0,23.5,1003.5,14.0,-1.7546182238821486,7.600086505324834
2017-03-11 23:00:00,0.94,0.0,0.11,0.91,26.5,83.0,23.5,1003.1,13.7,-1.3929056662487782,7.165878439167946
2017-03-12 00:00:00,0.96,0.0,0.09,0.96,26.1,85.0,23.5,1002.4,13.0,-1.0494494745709972,5.3989495089621515
2017-03-12 01:00:00,0.96,0.0,0.05,0.96,25.6,88.0,23.5,1001.6,9.7,-0.6945927106677211,3.939231012048832
2017-03-12 02:00:00,0.95,0.0,0.02,0.95,25.5,89.0,23.5,1000.6,6.8,-0.716657125124198,2.499280409439629
2017-03-12 03:00:00,0.8,0.0,0.01,0.8,24.9,92.0,23.5,1000.4,4.7,-1.0549740469210394,2.485363104321589
2017-03-12 04:00:00,0.94,0.0,0.02,0.93,24.6,94.0,23.6,1000.5,4.3,-1.801725498392897,2.883363526931848
2017-03-12 05:00:00,0.82,0.0,0.02,0.75,24.9,95.0,24.0,1000.7,4.3,-1.7145055188062944e-16,1.4
2017-03-12 06:00:00,0.73,0.0,0.01,0.73,25.1,94.0,24.0,1001.7,4.3,1.0461621679246689,0.33991869381244233
2017-03-12 07:00:00,0.24,0.0,0.0,0.24,27.0,80.0,23.4,1002.7,8.3,1.7669289302057951,0.3434561916777803
2017-03-12 08:00:00,0.01,0.01,0.0,0.0,29.1,66.0,22.1,1003.5,16.6,5.3989495089621515,-1.0494494745709981
2017-03-12 09:00:00,0.05,0.01,0.0,0.04,31.0,58.0,21.6,1004.0,19.1,4.676976310969129,-1.0797650608505516
2017-03-12 10:00:00,0.2,0.12,0.2,0.0,32.5,52.0,21.4,1004.0,20.9,2.4853631043215887,1.0549740469210394
2017-03-12 11:00:00,0.32,0.08,0.3,0.01,33.7,48.0,21.3,1003.2,19.4,-2.2043642384652358e-16,1.8
2017-03-12 12:00:00,0.29,0.16,0.19,0.0,34.5,47.0,21.5,1002.5,18.4,-2.1449244407331385,1.7998053071223101
2017-03-12 13:00:00,0.79,0.27,0.32,0.66,31.7,55.0,21.5,1001.3,23.0,-4.301823272632845,6.14364033216744
2017-03-12 14:00:00,0.59,0.01,0.25,0.47,30.6,63.0,22.7,1000.3,23.4,-4.012982057577929,3.6133052743378347
2017-03-12 15:00:00,0.39,0.0,0.23,0.27,31.0,60.0,22.5,999.7,19.4,-5.050367150582009,0.7097828148963332
2017-03-12 16:00:00,0.72,0.1,0.15,0.7,30.5,60.0,21.9,1000.1,17.3,3.96344440343055,3.2095339943541727
2017-03-12 17:00:00,0.71,0.0,0.28,0.35,31.1,57.0,21.5,999.9,16.2,-5.047472639889205,7.208537989743129
2017-03-12 18:00:00,0.39,0.02,0.23,0.21,30.4,58.0,21.4,1000.5,18.0,-6.410784584587487,6.874724795220202
2017-03-12 19:00:00,0.4,0.08,0.3,0.19,29.0,70.0,23.0,1001.5,18.0,-7.212489168102785,7.212489168102784
2017-03-12 20:00:00,0.42,0.07,0.23,0.22,27.9,77.0,23.5,1002.6,18.0,-5.734064310022942,4.015035054457323
2017-03-12 21:00:00,0.46,0.05,0.37,0.13,27.2,81.0,23.8,1003.3,12.2,-2.8512208774027776,1.4527695991665497
2017-03-12 22:00:00,0.38,0.0,0.27,0.2,27.1,83.0,24.1,1003.5,5.4,1.4500000000000002,2.5114736709748717
2017-03-12 23:00:00,0.34,0.0,0.19,0.17,27.4,77.0,23.0,1003.0,11.2,6.859756131737131,2.49674704627738
2017-03-13 00:00:00,0.64,0.0,0.16,0.59,27.1,71.0,21.5,1002.2,16.9,9.74631457460908,1.024378940023003
2017-03-13 01:00:00,0.43,0.0,0.13,0.35,26.6,73.0,21.4,1001.3,16.9,8.96575228282571,0.7844016847289242
2017-03-13 02:00:00,0.04,0.0,0.03,0.01,26.2,75.0,21.5,1000.4,15.8,8.268415994161488,0.7233926648055635
2017-03-13 03:00:00,0.55,0.0,0.05,0.51,25.9,77.0,21.5,1000.0,14.4,7.889173324561134,-0.4134540543192572
2017-03-13 04:00:00,0.75,0.0,0.03,0.75,25.6,78.0,21.5,999.9,13.7,7.160557646651569,-0.7526049355271015
2017-03-13 05:00:00,0.21,0.0,0.01,0.96,25.4,83.0,22.4,1000.3,12.6,3.1974091017491033,1.4235782507653003
2017-03-13 06:00:00,0.99,0.0,0.11,0.99,25.5,84.0,22.5,1001.1,4.0,2.8783838397598336,-0.35342109587492826
2017-03-13 07:00:00,1.0,0.0,0.18,1.0,27.1,75.0,22.2,1002.6,9.4,2.1449244407331385,-1.7998053071223097
2017-03-13 08:00:00,0.98,0.0,0.16,0.97,29.0,67.0,22.2,1003.4,12.6,0.7107390870623796,-2.1874299874788528
2017-03-13 09:00:00,0.98,0.0,0.07,0.98,30.8,60.0,22.1,1004.1,13.0,-0.33991869381244216,-1.0461621679246689
2017-03-13 10:00:00,0.89,0.01,0.1,0.88,32.4,53.0,21.8,1004.1,20.5,-1.800051331474436,1.081579957311114
2017-03-13 11:00:00,0.85,0.17,0.08,0.81,33.7,49.0,21.5,1003.3,21.2,-3.5670951622914924,3.2118269105225195
2017-03-13 12:00:00,0.9,0.26,0.36,0.82,33.3,49.0,21.1,1002.3,29.2,-11.14504617410967,5.435802220184561
2017-03-13 13:00:00,0.76,0.01,0.3,0.68,33.0,50.0,21.2,1001.1,33.1,-5.412017391981863,5.046787864462488
2017-03-13 14:00:00,0.75,0.13,0.17,0.68,34.4,44.0,20.4,999.7,22.3,-5.04678786446249,5.412017391981862
2017-03-13 15:00:00,0.76,0.01,0.35,0.62,32.7,50.0,21.0,999.5,28.8,-9.747909327039002,6.8255595925774495
2017-03-13 16:00:00,0.78,0.06,0.18,0.75,32.8,46.0,19.7,999.8,27.4,-1.4692292643993963,7.558529312547012
2017-03-13 17:00:00,0.51,0.05,0.22,0.69,31.9,53.0,21.0,1000.3,22.3,-11.567271091096568,9.706092906266743
2017-03-13 18:00:00,0.31,0.06,0.2,0.12,29.7,65.0,22.4,1000.9,30.2,-11.950293312656056,10.027486711110013
2017-03-13 19:00:00,0.28,0.01,0.12,0.21,28.5,68.0,22.0,1001.8,28.8,-7.206901993571588,11.533454107727392
2017-03-13 20:00:00,0.45,0.07,0.08,0.38,28.0,72.0,22.4,1002.7,24.5,-3.2216167033768452,7.97378114927437
2017-03-13 21:00:00,0.3,0.05,0.15,0.19,27.6,77.0,23.2,1003.7,14.8,-0.34018371557913474,6.49109197590473
2017-03-13 22:00:00,0.22,0.0,0.09,0.14,27.3,81.0,23.6,1004.2,11.2,1.460965714322057,3.616017032810471
2017-03-13 23:00:00,0.16,0.0,0.07,0.1,27.0,82.0,23.7,1003.9,6.1,0.7423384793347544,3.2154212137912763
2017-03-14 00:00:00,0.3,0.0,0.08,0.26,26.3,87.0,24.0,1003.2,5.8,-5.755839955992561e-16,4.7
2017-03-14 01:00:00,0.58,0.0,0.05,0.54,26.3,85.0,23.6,1002.3,5.4,1.1110124779463997,3.6339580726595346
2017-03-14 02:00:00,0.67,0.0,0.06,0.66,25.8,86.0,23.3,1001.2,4.7,2.8991378028648445,2.8991378028648453
2017-03-14 03:00:00,0.83,0.01,0.03,0.83,25.8,85.0,23.1,1001.1,4.7,-0.7117525274902332,1.7616493236768958
2017-03-14 04:00:00,0.52,0.0,0.02,0.51,25.2,89.0,23.4,1001.0,2.5,1.0815799573111138,1.800051331474436
2017-03-14 05:00:00,0.07,0.0,0.02,0.13,25.1,90.0,23.3,1001.3,5.4,1.0797650608505518,4.676976310969129
2017-03-14 06:00:00,0.02,0.0,0.02,0.0,25.4,90.0,23.6,1002.4,5.4,-4.4087284769304716e-16,3.6
2017-03-14 07:00:00,0.21,0.0,0.07,0.15,27.6,74.0,22.7,1003.2,8.3,0.3628828433995013,1.4554435894139948
2017-03-14 08:00:00,0.17,0.0,0.03,0.15,29.7,65.0,22.4,1004.0,12.6,-2.1554976886431088,1.4539015490239415
2017-03-14 09:00:00,0.19,0.14,0.08,0.0,31.3,58.0,22.0,1004.7,22.0,-5.772490067120012,3.199743493625824
2017-03-14 10:00:00,0.24,0.12,0.21,0.0,32.7,53.0,21.9,1004.7,23.4,-5.750880114781586,4.656970893768796
2017-03-14 11:00:00,0.85,0.07,0.19,0.84,29.0,68.0,22.4,1004.4,35.6,-15.844289099865126,2.2267696153610457
2017-03-14 12:00:00,0.43,0.03,0.24,0.29,31.1,60.0,22.6,1003.1,36.4,-11.914625479759362,7.159029241249755
2017-03-14 13:00:00,0.4,0.07,0.26,0.19,31.4,62.0,23.1,1001.8,34.2,-12.576404473017943,1.7674983821928298
2017-03-14 14:00:00,0.88,0.64,0.26,0.63,30.7,64.0,23.2,1000.9,31.3,-8.679160172561879,7.544678833390832
2017-03-14 15:00:00,0.63,0.33,0.34,0.27,29.7,65.0,22.4,1000.4,33.1,-13.028942970672107,7.8285787386328245
2017-03-14 16:00:00,0.76,0.37,0.34,0.51,29.2,71.0,23.4,1000.7,32.0,-6.149493427364154,4.633975678270772
2017-03-14 17:00:00,0.92,0.0,0.21,0.69,30.4,64.0,22.9,1000.0,23.0,-11.226682204773436,5.720280296718289
2017-03-14 18:00:00,0.9,0.0,0.15,0.88,28.6,72.0,23.0,1000.7,25.6,-10.065602558591767,5.351975815759157
2017-03-14 19:00:00,0.99,0.01,0.08,0.99,27.8,78.0,23.6,1001.8,20.9,-4.981083229470296,4.329989591337347
2017-03-14 20:00:00,0.93,0.06,0.06,0.92,27.4,81.0,24.0,1002.8,12.6,-5.734064310022942,4.015035054457323
2017-03-14 21:00:00,0.92,0.18,0.24,0.9,27.0,84.0,24.1,1003.6,13.0,-4.326372811226469,1.8364363038995868
2017-03-14 22:00:00,0.92,0.19,0.24,0.91,26.9,83.0,23.8,1004.4,7.9,-2.1649947956686737,-2.4905416147351476
2017-03-14 23:00:00,0.88,0.19,0.24,0.8,26.5,84.0,23.5,1003.9,9.7,-0.3747696938149301,-4.283637201794505
2017-03-15 00:00:00,0.99,0.93,0.3,0.86,24.8,94.0,23.7,1003.7,13.0,-0.35575801609503904,-5.087576656325103
2017-03-15 01:00:00,1.0,0.53,0.37,0.94,24.6,94.0,23.5,1003.1,11.2,-1.079765060850552,-4.676976310969129
2017-03-15 02:00:00,1.0,1.0,0.44,0.96,24.0,95.0,23.2,1002.5,17.3,-1.754618223882147,-7.6000865053248345
2017-03-15 03:00:00,1.0,0.97,0.41,0.92,24.1,94.0,23.0,1002.3,19.8,-0.31409547032250873,-8.994517443171862
2017-03-15 04:00:00,1.0,1.0,0.35,0.96,24.0,92.0,22.7,1002.3,20.2,0.3977532674463772,-7.589584464134761
2017-03-15 05:00:00,0.97,0.25,0.21,0.97,24.3,92.0,23.0,1002.7,18.4,0.7515347451843558,-5.34744757120448
2017-03-15 06:00:00,1.0,0.21,0.09,0.98,24.3,92.0,22.9,1003.5,19.1,3.5996106142446216,-4.289848881466275
2017-03-15 07:00:00,0.97,0.32,0.47,0.95,24.7,88.0,22.6,1004.0,24.1,3.516580156403465,-8.284543681071963
2017-03-15 08:00:00,0.91,0.2,0.19,0.9,26.6,78.0,22.5,1004.7,19.4,0.7526049355271046,-7.160557646651568
2017-03-15 09:00:00,0.97,0.24,0.06,0.97,29.0,68.0,22.5,1005.1,20.5,-7.185941174554807,-2.474317973874391
2017-03-15 10:00:00,0.98,0.2,0.17,0.96,30.5,61.0,22.0,1005.3,25.9,-10.091075553270363,-2.515987714236544
2017-03-15 11:00:00,1.0,0.14,0.34,0.99,32.1,54.0,21.5,1004.6,29.2,-10.818369254437565,-2.8987733051482323
2017-03-15 12:00:00,1.0,0.22,0.72,0.99,30.5,57.0,21.0,1003.8,34.9,-15.151101451746028,-2.129348444689002
2017-03-15 13:00:00,0.95,0.01,0.08,0.94,31.5,54.0,21.2,1002.3,34.6,-11.854716907291772,1.037153338697133
2017-03-15 14:00:00,0.95,0.17,0.43,0.94,30.8,56.0,21.0,1001.6,36.0,-15.079305974794064,-0.7902729392684539
2017-03-15 15:00:00,1.0,0.12,0.16,1.0,30.5,60.0,22.0,1001.2,34.2,-12.592528216791978,3.6108493612026873
2017-03-15 16:00:00,0.98,0.19,0.24,0.97,29.9,62.0,21.8,1001.4,30.6,-10.438962181929405,-1.8406706832694624
2017-03-15 17:00:00,1.0,0.21,0.35,0.94,28.5,69.0,22.3,1002.0,23.8,-6.841600689897065,-3.950000000000001
2017-03-15 18:00:00,1.0,0.09,0.17,0.99,28.3,71.0,22.6,1002.7,16.2,-7.589584464134761,0.3977532674463732
2017-03-15 19:00:00,0.99,0.09,0.17,0.99,27.7,78.0,23.5,1003.4,15.5,-8.306962106085987,2.2258437878816792
2017-03-15 20:00:00,0.98,0.11,0.25,0.98,27.0,83.0,23.9,1004.1,15.1,-4.676976310969129,-1.0797650608505516
2017-03-15 21:00:00,0.94,0.28,0.12,0.93,26.0,89.0,24.1,1005.0,7.6,3.429011037612589e-16,-1.4
2017-03-15 22:00:00,1.0,0.8,0.08,0.99,24.1,95.0,23.3,1005.0,16.9,5.046340541172276,-4.7057886844312415
2017-03-15 23:00:00,1.0,0.36,0.19,1.0,24.5,92.0,23.0,1004.9,12.2,4.98963653545486,-2.542346798541461
2017-03-16 00:00:00,1.0,0.93,0.32,1.0,24.3,94.0,23.4,1004.3,11.5,2.851220877402777,1.4527695991665504
2017-03-16 01:00:00,1.0,1.0,0.4,1.0,24.0,99.0,23.8,1003.8,16.6,1.7918397477265022,4.667902132486008
2017-03-16 02:00:00,1.0,0.93,0.64,0.99,24.0,93.0,22.8,1003.2,17.6,3.606244584051392,3.606244584051393
2017-03-16 03:00:00,0.97,0.03,0.47,0.97,24.0,93.0,22.8,1002.6,11.5,3.616017032810471,-1.4609657143220567
2017-03-16 04:00:00,0.97,0.12,0.43,0.97,23.8,95.0,23.0,1002.3,9.4,2.187429987478853,-0.7107390870623785
2017-03-16 05:00:00,0.92,0.28,0.18,0.99,24.6,91.0,23.0,1002.5,7.2,4.667902132486009,-1.791839747726502
2017-03-16 06:00:00,1.0,0.15,0.11,1.0,24.7,90.0,23.0,1003.1,11.9,5.766727053863698,-3.6034509967857917
2017-03-16 07:00:00,0.98,0.06,0.06,0.98,25.5,84.0,22.7,1004.1,15.8,5.020458146424488,-5.0204581464244855
2017-03-16 08:00:00,0.96,0.04,0.07,0.96,27.4,73.0,22.2,1005.2,18.0,4.364789504399989,-4.680663690362692
2017-03-16 09:00:00,0.98,0.2,0.08,0.95,28.8,66.0,21.9,1005.3,18.0,-2.523736319944603,-3.604268994871564
2017-03-16 10:00:00,0.95,0.22,0.09,0.95,29.9,61.0,21.5,1005.3,19.4,-5.702441754805555,-2.9055391983331003
2017-03-16 11:00:00,0.96,0.14,0.14,0.95,31.0,55.0,21.0,1005.0,23.4,-8.268415994161488,-0.7233926648055626
2017-03-16 12:00:00,0.93,0.07,0.09,0.93,31.6,52.0,20.5,1004.0,25.2,-9.394273773979501,-0.3280552690035102
2017-03-16 13:00:00,0.98,0.12,0.17,0.96,32.5,49.0,20.5,1002.8,27.0,-10.1,-6.184466335694133e-16
2017-03-16 14:00:00,0.99,0.13,0.24,0.99,32.5,48.0,20.2,1001.4,29.5,-11.546519142684359,2.8788705576360467
2017-03-16 15:00:00,0.98,0.09,0.36,0.96,31.9,49.0,19.9,1000.8,30.2,-11.138108726774528,4.727846654720213
2017-03-16 16:00:00,0.99,0.03,0.59,0.98,30.8,54.0,20.3,1000.9,29.9,-13.256842056260265,5.088824883543263
2017-03-16 17:00:00,1.0,0.01,0.06,1.0,29.4,57.0,20.0,1001.6,29.9,-9.743700647852352,2.2495105434386504
2017-03-16 18:00:00,0.99,0.01,0.04,0.99,28.2,64.0,20.8,1002.0,19.1,-6.430842427582553,1.4846769586695092
2017-03-16 19:00:00,0.98,0.01,0.01,0.98,27.3,72.0,21.8,1002.9,12.2,-6.10580806867569,-1.0766187015349686
2017-03-16 20:00:00,0.32,0.0,0.02,0.3,26.5,78.0,22.3,1003.6,11.2,-5.4,-3.3065463576978537e-16
2017-03-16 21:00:00,0.69,0.0,0.0,0.69,25.8,82.0,22.5,1004.1,9.4,-4.7,-2.8779199779962803e-16
2017-03-16 22:00:00,0.14,0.0,0.0,0.14,25.2,85.0,22.5,1004.3,7.6,-3.9282454678631837,-1.7489675652259409
2017-03-16 23:00:00,0.19,0.0,0.0,0.19,25.0,86.0,22.4,1004.2,7.6,-3.2118269105225195,-3.5670951622914924
2017-03-17 00:00:00,0.98,0.0,0.0,0.98,24.6,87.0,22.4,1003.4,8.6,-4.3109953772862175,-2.9078030980478835
2017-03-17 01:00:00,0.97,0.0,0.0,0.97,24.4,90.0,22.6,1002.6,9.0,-4.330127018922193,-2.5000000000000004
2017-03-17 02:00:00,0.89,0.0,0.0,0.89,24.0,92.0,22.7,1001.6,8.6,-1.8159619989581872,-3.5640260967534716
2017-03-17 03:00:00,0.89,0.0,0.0,0.89,24.0,93.0,22.7,1001.2,7.6,-1.0886485301985047,-4.366330768241984
2017-03-17 04:00:00,0.91,0.01,0.01,0.91,23.6,94.0,22.6,1001.5,7.6,0.3486229709906333,-3.984778792366982
2017-03-17 05:00:00,0.95,0.21,0.0,0.9,24.0,93.0,22.9,1001.9,7.2,2.894873798829254,-3.5748714227020644
2017-03-17 06:00:00,0.55,0.27,0.02,0.36,24.8,88.0,22.8,1002.7,11.9,3.267834210090162,-5.032023407672544
2017-03-17 07:00:00,0.35,0.29,0.12,0.02,26.2,82.0,23.0,1003.6,13.3,0.709782814896336,-5.050367150582008
2017-03-17 08:00:00,0.46,0.46,0.03,0.0,28.0,74.0,23.0,1004.5,15.1,-3.604268994871564,-2.523736319944603
2017-03-17 09:00:00,0.44,0.33,0.43,0.0,29.5,67.0,22.8,1005.0,19.4,-5.788198644282651,-2.2218812871808624
2017-03-17 10:00:00,0.53,0.32,0.51,0.0,29.5,68.0,23.0,1005.3,24.1,-7.160557646651568,-0.752604935527105
2017-03-17 11:00:00,0.37,0.16,0.35,0.0,30.8,66.0,23.5,1004.6,25.9,-5.788198644282651,-2.2218812871808624
2017-03-17 12:00:00,0.37,0.1,0.34,0.0,31.3,62.0,23.2,1003.1,25.6,-6.1194134401407965,-2.4724035165450187
2017-03-17 13:00:00,0.34,0.27,0.23,0.0,31.9,59.0,22.9,1001.9,24.1,-8.6351515192795,-1.060263287624783
2017-03-17 14:00:00,0.57,0.19,0.44,0.28,31.1,56.0,21.3,1001.0,28.1,-7.171881598543044,-3.975438886019964
2017-03-17 15:00:00,0.42,0.06,0.33,0.13,31.2,56.0,21.5,1000.1,25.9,-11.127361240653297,3.6154988341868837
2017-03-17 16:00:00,0.27,0.07,0.25,0.03,31.0,61.0,22.7,1000.4,29.5,-8.650090580795545,5.405176495178688
2017-03-17 17:00:00,0.24,0.01,0.21,0.0,29.5,69.0,23.2,1000.9,24.5,-10.426010937070336,5.085105302753299
2017-03-17 18:00:00,0.12,0.0,0.12,0.0,28.2,73.0,23.0,1001.3,23.8,-8.30888721782426,4.605691392340201
2017-03-17 19:00:00,0.14,0.02,0.14,0.0,27.5,79.0,23.6,1002.2,17.3,-5.720809726210201,6.817795543758904
2017-03-17 20:00:00,0.12,0.0,0.12,0.0,27.1,81.0,23.7,1003.0,15.8,-3.549993398621876,7.61298541110786
2017-03-17 21:00:00,0.12,0.0,0.12,0.0,26.5,85.0,23.6,1003.6,14.8,1.4692292643993945,7.558529312547013
2017-03-17 22:00:00,0.04,0.0,0.04,0.0,26.0,87.0,23.6,1003.9,13.7,2.179154398749824,4.276831316104166
2017-03-17 23:00:00,0.07,0.01,0.07,0.01,25.6,89.0,23.6,1004.0,7.9,0.6945927106677219,3.939231012048832
2017-03-18 00:00:00,0.02,0.02,0.01,0.0,25.0,92.0,23.6,1003.5,6.5,1.7918397477265022,4.667902132486008
2017-03-18 01:00:00,0.06,0.03,0.03,0.0,24.8,92.0,23.5,1003.0,6.5,4.276831316104166,2.179154398749825
2017-03-18 02:00:00,0.03,0.01,0.03,0.01,24.4,94.0,23.4,1002.3,6.8,5.032023407672545,3.267834210090162
2017-03-18 03:00:00,0.0,0.0,0.0,0.0,24.0,96.0,23.4,1002.1,7.2,-1.4609657143220578,3.6160170328104706
2017-03-18 04:00:00,0.0,0.0,0.0,0.0,23.5,99.0,23.2,1002.3,7.6,-2.5242120488351993,3.2308440897875594
2017-03-18 05:00:00,0.02,0.0,0.05,0.02,23.7,98.0,23.4,1002.9,7.2,-3.6,-2.2043642384652358e-16
2017-03-18 06:00:00,0.0,0.0,0.0,0.0,24.0,97.0,23.5,1003.5,5.8,-3.2335921554035223,1.050657780874821
2017-03-18 07:00:00,0.02,0.0,0.02,0.0,26.5,84.0,23.5,1004.3,9.7,-2.187429987478853,0.7107390870623789
2017-03-18 08:00:00,0.03,0.0,0.03,0.0,29.0,69.0,22.8,1005.2,14.0,-2.5079526825623373,1.8221342821066664
2017-03-18 09:00:00,0.03,0.03,0.0,0.0,31.0,53.0,20.5,1005.7,16.2,-2.1920310216782974,2.192031021678297
2017-03-18 10:00:00,0.03,0.01,0.03,0.0,32.7,46.0,19.5,1005.6,18.7,-2.877261607343091,3.195522749552794
2017-03-18 11:00:00,0.15,0.06,0.13,0.0,34.0,41.0,18.9,1004.5,21.2,-4.289848881466277,3.5996106142446203
2017-03-18 12:00:00,0.27,0.14,0.26,0.0,34.9,38.0,18.5,1003.3,25.2,-7.505054539300878,3.990508283680073
2017-03-18 13:00:00,0.26,0.0,0.26,0.0,34.8,40.0,19.4,1002.0,31.0,-11.483039245915583,4.4079257794071935
2017-03-18 14:00:00,0.68,0.11,0.51,0.31,32.9,48.0,20.4,1001.6,31.3,-11.47831870716605,6.103130316216582
2017-03-18 15:00:00,0.42,0.0,0.28,0.23,33.3,47.0,20.6,1000.5,30.6,-9.338333304894505,6.538771374401926
2017-03-18 16:00:00,0.59,0.0,0.37,0.4,32.1,52.0,21.0,1001.0,30.2,-11.488041320124253,8.346550582553117
2017-03-18 17:00:00,0.69,0.0,0.09,0.09,31.1,57.0,21.7,1001.1,30.2,-13.348780407186633,9.698456662825805
2017-03-18 18:00:00,0.48,0.0,0.08,0.42,29.4,65.0,22.1,1001.5,31.7,-7.580077219869421,6.825132184860354
2017-03-18 19:00:00,0.55,0.0,0.14,0.49,28.5,73.0,23.2,1002.4,18.4,-5.379684037722159,6.18861855782673
2017-03-18 20:00:00,0.08,0.0,0.08,0.0,27.7,74.0,22.8,1003.3,14.4,-3.5499999999999994,6.148780366869515
2017-03-18 21:00:00,0.11,0.0,0.11,0.0,27.1,75.0,22.4,1003.9,13.0,-3.5875911898228954,6.472185832831529
2017-03-18 22:00:00,0.17,0.0,0.17,0.0,26.5,82.0,23.1,1004.2,12.6,-0.32785542659739,4.688551036221174
2017-03-18 23:00:00,0.12,0.0,0.12,0.0,25.8,87.0,23.5,1004.4,7.6,3.564026096753471,1.8159619989581879
2017-03-19 00:00:00,0.09,0.0,0.09,0.01,25.8,87.0,23.5,1003.9,7.6,5.086367523815789,1.0811407922523508
2017-03-19 01:00:00,0.04,0.0,0.04,0.01,25.6,86.0,23.1,1003.0,8.6,6.152074854005242,1.7640790772287929
2017-03-19 02:00:00,0.06,0.0,0.06,0.0,26.0,83.0,22.8,1002.1,10.8,6.862201078041087,0.7212463965468082
2017-03-19 03:00:00,0.07,0.0,0.07,0.0,26.0,83.0,22.9,1001.8,17.6,9.735430472951268,-3.9333692308670756
2017-03-19 04:00:00,0.01,0.0,0.01,0.0,25.9,84.0,23.0,1002.0,19.4,10.060016436106812,-4.691062705321765
2017-03-19 05:00:00,0.07,0.0,0.04,0.0,26.1,82.0,22.9,1002.7,19.4,8.939931253174445,-2.904759747124504
2017-03-19 06:00:00,0.08,0.0,0.08,0.0,26.4,82.0,23.0,1003.2,16.9,7.5476280557921935,-4.716281451675522
2017-03-19 07:00:00,0.06,0.0,0.06,0.0,28.0,74.0,23.0,1004.1,18.4,6.461688179575118,-5.0484240976704
2017-03-19 08:00:00,0.07,0.0,0.07,0.0,30.1,63.0,22.2,1004.6,18.7,3.5670951622914937,-3.2118269105225172
2017-03-19 09:00:00,0.1,0.0,0.1,0.0,32.3,52.0,21.3,1005.2,16.9,2.1554976886431083,-1.4539015490239422
2017-03-19 10:00:00,0.13,0.0,0.13,0.0,34.1,40.0,18.5,1005.0,15.8,1.0832670416736871,1.437543918085127
2017-03-19 11:00:00,0.3,0.0,0.3,0.0,35.5,33.0,17.0,1004.4,17.3,-1.7677669529663689,1.7677669529663687
2017-03-19 12:00:00,0.24,0.0,0.24,0.0,36.0,32.0,16.8,1003.4,20.2,-4.98963653545486,2.5423467985414616
2017-03-19 13:00:00,0.26,0.0,0.26,0.0,35.4,36.0,18.0,1002.4,33.8,-13.719512263474263,4.993494092554763
2017-03-19 14:00:00,0.39,0.0,0.39,0.0,34.8,38.0,18.6,1001.5,34.9,-9.743700647852352,2.2495105434386504
2017-03-19 15:00:00,0.4,0.0,0.4,0.0,34.9,37.0,18.2,1001.1,26.3,-8.21141261358802,4.366085533908786
2017-03-19 16:00:00,0.31,0.0,0.31,0.0,33.3,44.0,19.4,1001.2,24.5,-3.9499999999999997,6.841600689897066
2017-03-19 17:00:00,0.36,0.0,0.29,0.0,33.1,44.0,19.1,1001.1,19.4,-7.264805408842769,9.29852689255932
2017-03-19 18:00:00,0.14,0.0,0.14,0.0,31.5,53.0,20.6,1001.5,23.0,-8.273435647318816,5.793122007145566
2017-03-19 19:00:00,0.21,0.01,0.12,0.08,29.8,66.0,22.7,1002.2,18.4,-7.5442419102508795,5.088655421583795
2017-03-19 20:00:00,0.19,0.0,0.1,0.1,28.8,76.0,24.1,1003.1,16.2,-6.4347733221994154,5.399415921366931
2017-03-19 21:00:00,0.32,0.0,0.26,0.1,28.0,82.0,24.6,1003.9,14.8,-5.022947341949744,2.899999999999999
2017-03-19 22:00:00,0.13,0.0,0.12,0.02,27.8,85.0,25.0,1004.4,11.5,-5.702441754805555,2.9055391983330994
2017-03-19 23:00:00,0.03,0.0,0.03,0.0,26.8,91.0,25.1,1004.0,11.5,-1.111012477946399,3.633958072659535
2017-03-20 00:00:00,0.02,0.0,0.02,0.0,26.3,93.0,25.1,1003.4,5.8,1.460965714322057,3.616017032810471
2017-03-20 01:00:00,0.03,0.0,0.03,0.0,26.0,94.0,25.0,1002.6,6.5,1.0611580849203353,3.96029588778518
2017-03-20 02:00:00,0.03,0.0,0.03,0.0,25.5,96.0,24.8,1002.1,6.5,1.8364363038995857,4.32637281122647
2017-03-20 03:00:00,0.1,0.0,0.1,0.0,25.4,94.0,24.4,1001.9,6.1,6.1,1.120551821219828e-15
2017-03-20 04:00:00,0.21,0.0,0.21,0.0,25.9,86.0,23.2,1002.0,10.8,6.415246974156249,-3.268731598124736
2017-03-20 05:00:00,0.26,0.0,0.36,0.0,26.4,82.0,23.1,1002.4,21.2,8.939931253174445,-2.904759747124504
2017-03-20 06:00:00,0.39,0.0,0.39,0.01,27.0,78.0,22.8,1003.1,20.9,11.571287547152728,-3.537697627145114
2017-03-20 07:00:00,0.29,0.0,0.29,0.01,28.6,69.0,22.4,1003.8,24.5,12.267257993871167,-3.2870018728020076
2017-03-20 08:00:00,0.43,0.0,0.42,0.01,30.8,59.0,21.9,1004.4,29.5,13.724402156082174,-1.4424927930936113
2017-03-20 09:00:00,0.33,0.0,0.19,0.19,32.5,51.0,21.0,1004.6,29.5,10.793921949283117,-1.5169868004647136
2017-03-20 10:00:00,0.45,0.15,0.04,0.36,34.5,43.0,20.0,1004.7,26.6,7.589584464134761,0.39775326744637673
2017-03-20 11:00:00,0.28,0.17,0.18,0.0,36.1,37.0,19.2,1003.7,23.8,5.755336383148386,2.5624408513775405
2017-03-20 12:00:00,0.45,0.0,0.45,0.0,37.0,34.0,18.7,1002.5,23.0,-0.3486229709906328,3.984778792366982
2017-03-20 13:00:00,0.51,0.1,0.51,0.0,35.5,36.0,18.4,1001.5,23.8,-7.534421012924616,4.349999999999998
2017-03-20 14:00:00,0.34,0.0,0.34,0.0,33.5,45.0,19.8,1000.9,34.9,-13.600108183020698,4.418943019561747
2017-03-20 15:00:00,0.58,0.0,0.36,0.34,33.6,44.0,19.5,1000.0,32.8,-7.872708347886087,9.056514962673264
2017-03-20 16:00:00,0.65,0.0,0.48,0.31,34.2,40.0,18.6,1000.1,27.4,-1.111012477946399,3.633958072659535
2017-03-20 17:00:00,0.69,0.0,0.35,0.39,33.7,39.0,17.9,999.9,15.8,-4.013721034907362,10.45610077676866
2017-03-20 18:00:00,0.44,0.0,0.35,0.18,32.7,42.0,18.0,1000.5,23.4,-2.543633831087808,8.31985137687841
2017-03-20 19:00:00,0.23,0.0,0.2,0.04,32.0,45.0,18.8,1001.2,16.9,2.225843787881679,8.306962106085987
2017-03-20 20:00:00,0.2,0.0,0.2,0.0,30.2,54.0,20.0,1002.4,19.8,11.5,2.112515728529184e-15
2017-03-20 21:00:00,0.14,0.0,0.14,0.0,28.7,66.0,21.6,1003.2,20.9,10.393664600998596,-0.3629547657060133
2017-03-20 22:00:00,0.02,0.0,0.02,0.0,28.1,69.0,22.0,1003.3,18.4,10.045039080724521,1.7712114122026892
2017-03-20 23:00:00,0.08,0.0,0.08,0.0,27.5,73.0,22.2,1003.3,17.6,8.691657397237211,1.3766232923540331
2017-03-21 00:00:00,0.09,0.0,0.09,0.0,27.0,75.0,22.1,1003.0,15.1,8.306962106085987,2.2258437878816775
2017-03-21 01:00:00,0.09,0.0,0.08,0.01,26.5,77.0,22.1,1002.5,15.1,7.185941174554808,2.4743179738743906
2017-03-21 02:00:00,0.67,0.0,0.24,0.54,26.3,77.0,22.0,1002.1,14.0,7.878462024097664,1.3891854213354426
2017-03-21 03:00:00,0.75,0.0,0.26,0.68,26.5,76.0,22.0,1002.0,15.8,8.994517443171862,-0.3140954703225115
2017-03-21 04:00:00,0.8,0.0,0.09,0.75,26.5,75.0,21.8,1002.1,17.3,9.676371287520295,-0.6766377953180146
2017-03-21 05:00:00,0.74,0.0,0.26,0.31,26.5,77.0,22.1,1002.2,17.6,8.994517443171862,0.31409547032250684
2017-03-21 06:00:00,0.75,0.0,0.16,0.73,26.4,77.0,22.0,1002.9,16.2,4.672871103025765,3.9210044190878905
2017-03-21 07:00:00,0.91,0.0,0.09,0.9,28.0,69.0,21.9,1003.9,14.8,4.313351365237939,4.31335136523794
2017-03-21 08:00:00,0.54,0.0,0.01,0.53,30.1,61.0,21.6,1004.6,20.5,7.180188374442374,1.7902220274375418
2017-03-21 09:00:00,0.76,0.0,0.0,0.76,32.5,51.0,21.0,1005.0,21.6,5.386845871403052,-0.3766849582182762
2017-03-21 10:00:00,0.56,0.0,0.02,0.56,35.0,39.0,18.9,1005.1,20.2,1.4375439180851277,-1.0832670416736863
2017-03-21 11:00:00,0.46,0.04,0.04,0.45,36.8,30.0,16.2,1004.0,19.8,-3.6339580726595346,-1.1110124779463997
2017-03-21 12:00:00,0.31,0.0,0.21,0.11,38.0,25.0,14.7,1002.9,29.5,-11.215771513546938,-1.3771235804781667
2017-03-21 13:00:00,0.64,0.0,0.64,0.0,37.2,26.0,14.8,1001.7,40.7,-17.304680979407955,-1.81879526085717
2017-03-21 14:00:00,0.22,0.0,0.22,0.0,36.2,28.0,15.1,1000.8,40.3,-17.234168276987198,1.5077943495344874
2017-03-21 15:00:00,0.1,0.0,0.1,0.0,35.2,33.0,16.7,1000.4,42.8,-19.030464643664406,5.818196923982459
2017-03-21 16:00:00,0.07,0.0,0.07,0.01,34.7,35.0,16.8,1000.4,42.1,-16.92478250322777,5.827669964783103
2017-03-21 17:00:00,0.15,0.0,0.09,0.0,32.0,48.0,19.5,1001.1,37.4,-15.464481538000998,6.5642829586198
2017-03-21 18:00:00,0.04,0.0,0.04,0.01,30.2,60.0,21.5,1001.6,32.4,-10.430991582724042,6.518006950068419
2017-03-21 19:00:00,0.08,0.0,0.04,0.07,28.7,70.0,22.8,1002.3,22.7,-7.971652103870405,4.981241083792125
2017-03-21 20:00:00,0.08,0.0,0.06,0.07,27.7,78.0,23.5,1003.2,16.6,-5.043268823083022,3.9402334420842133
2017-03-21 21:00:00,0.15,0.0,0.15,0.03,27.0,84.0,24.1,1004.1,11.2,-4.289848881466277,3.5996106142446203
2017-03-21 22:00:00,0.14,0.0,0.14,0.01,26.5,89.0,24.6,1004.3,10.4,-2.4930243101639276,2.8678964048465336
2017-03-21 23:00:00,0.2,0.0,0.2,0.01,26.0,94.0,24.9,1004.3,6.5,-2.5237363199446023,3.6042689948715645
2017-03-22 00:00:00,0.22,0.0,0.22,0.01,26.0,94.0,25.0,1004.0,5.4,-1.800051331474436,-1.0815799573111138
2017-03-22 01:00:00,0.08,0.0,0.08,0.01,26.0,94.0,25.0,1003.3,4.3,-2.2,-1.3471114790620887e-16
2017-03-22 02:00:00,0.13,0.04,0.12,0.01,25.2,98.0,24.9,1002.6,4.3,-2.1554976886431088,-1.4539015490239418
2017-03-22 03:00:00,0.13,0.07,0.1,0.0,25.2,96.0,24.6,1002.5,4.3,-1.453901549023942,-2.1554976886431088
2017-03-22 04:00:00,0.07,0.03,0.05,0.0,25.0,96.0,24.3,1002.5,5.4,-1.4235782507653008,-3.197409101749103
2017-03-22 05:00:00,0.2,0.02,0.07,0.0,25.0,97.0,24.5,1002.6,6.8,-4.664264528860342,-2.914555953282627
2017-03-22 06:00:00,0.01,0.01,0.0,0.0,25.3,98.0,25.0,1003.4,10.8,-3.9641832724372428,-2.8801477362331185
2017-03-22 07:00:00,0.09,0.09,0.0,0.0,27.5,85.0,24.8,1004.5,14.0,-3.9641832724372428,-2.8801477362331185
2017-03-22 08:00:00,0.2,0.18,0.03,0.0,29.6,66.0,22.6,1005.1,28.1,-5.791600382341218,-1.125773072721615
2017-03-22 09:00:00,0.33,0.18,0.26,0.0,31.0,62.0,22.9,1005.7,29.5,-7.160557646651568,-0.752604935527105
2017-03-22 10:00:00,0.53,0.14,0.51,0.0,32.0,59.0,22.9,1005.3,32.4,-9.329933825428427,-1.1455718280083864
2017-03-22 11:00:00,0.42,0.2,0.39,0.0,33.1,49.0,20.8,1004.6,32.4,-11.13864522812466,-1.1707187885977186
2017-03-22 12:00:00,0.29,0.07,0.28,0.0,33.6,42.0,19.0,1003.5,31.0,-12.208317665188261,-1.4989929238833142
2017-03-22 13:00:00,0.52,0.12,0.51,0.0,32.2,48.0,19.9,1002.6,37.1,-15.142159410994532,-1.3247672897644036
2017-03-22 14:00:00,0.44,0.11,0.43,0.0,31.2,54.0,20.9,1001.7,36.0,-15.839495699658755,1.385776309687766
2017-03-22 15:00:00,0.29,0.0,0.29,0.0,31.9,49.0,19.8,1001.0,35.6,-10.81550771911611,2.4969567032169016
2017-03-22 16:00:00,0.21,0.13,0.2,0.0,32.0,48.0,19.5,1000.9,33.5,-15.1,-9.246083333562517e-16
2017-03-22 17:00:00,0.22,0.0,0.21,0.0,30.0,59.0,21.2,1000.9,33.1,-14.093194589415168,5.694020219921863
2017-03-22 18:00:00,0.05,0.0,0.05,0.0,28.5,63.0,20.8,1001.2,30.6,-10.093247807352348,2.89419223607849
2017-03-22 19:00:00,0.04,0.0,0.04,0.0,27.6,71.0,21.9,1001.6,19.4,-8.650090580795545,5.405176495178688
2017-03-22 20:00:00,0.02,0.0,0.02,0.0,27.0,73.0,21.6,1002.6,18.4,-6.790680836331102,0.35588450245201814
2017-03-22 21:00:00,0.01,0.0,0.01,0.0,26.9,77.0,22.5,1003.5,11.9,-6.1520748540052415,-1.7640790772287946
2017-03-22 22:00:00,0.05,0.0,0.05,0.0,26.5,81.0,23.0,1003.8,10.4,-2.8637765329939335,-5.385980316439454
2017-03-22 23:00:00,0.03,0.0,0.03,0.0,26.0,81.0,22.5,1004.1,13.0,-2.192787785420526,-7.172285669722766
2017-03-23 00:00:00,0.07,0.01,0.06,0.0,25.7,78.0,21.6,1003.7,13.3,-2.1013155617496424,-6.467184310807044
2017-03-23 01:00:00,0.12,0.1,0.04,0.0,25.5,78.0,21.4,1002.9,13.7,-3.2132194802988217,-7.217009115376547
2017-03-23 02:00:00,0.23,0.19,0.04,0.0,25.5,80.0,21.6,1002.3,15.8,-4.040515447681967,-7.929958065276475
2017-03-23 03:00:00,0.32,0.32,0.0,0.0,25.5,80.0,21.8,1002.3,16.9,-4.363286582217033,-7.871577364254562
2017-03-23 04:00:00,0.4,0.39,0.02,0.0,25.2,82.0,22.0,1002.5,15.8,-4.716281451675524,-7.547628055792192
2017-03-23 05:00:00,0.16,0.28,0.01,0.0,25.5,84.0,22.6,1003.1,15.8,-2.2249223594996215,-6.8476069173251055
2017-03-23 06:00:00,0.32,0.32,0.0,0.0,25.6,85.0,22.9,1003.8,14.0,-3.211898789229316,-6.887939181478539
2017-03-23 07:00:00,0.18,0.18,0.0,0.0,26.9,79.0,23.0,1004.4,19.4,-5.7208097262102,-6.817795543758905
2017-03-23 08:00:00,0.17,0.17,0.0,0.0,28.5,66.0,21.6,1005.0,21.2,-5.702441754805555,-2.9055391983331003
2017-03-23 09:00:00,0.19,0.18,0.08,0.0,30.5,54.0,20.2,1005.2,20.5,-5.421022142882375,-1.7613968679372005
2017-03-23 10:00:00,0.2,0.2,0.1,0.0,32.5,45.0,19.1,1005.1,26.3,-8.319851376878407,-2.5436338310878095
2017-03-23 11:00:00,0.19,0.18,0.04,0.0,33.7,41.0,18.5,1004.1,29.5,-10.423721839997087,-3.186851581477831
2017-03-23 12:00:00,0.49,0.44,0.19,0.0,34.8,37.0,17.9,1003.1,33.1,-12.26862906020748,-3.986319227436822
2017-03-23 13:00:00,0.24,0.06,0.24,0.0,34.3,40.0,18.7,1002.0,37.1,-15.462242779027275,-1.0812253430339411
2017-03-23 14:00:00,0.72,0.03,0.52,0.39,32.9,48.0,20.4,1000.9,40.3,-17.000294542687605,4.555215193804368
2017-03-23 15:00:00,0.67,0.0,0.18,0.59,32.5,47.0,19.8,1000.5,41.8,-17.67369318628685,7.502037666994056
2017-03-23 16:00:00,0.76,0.0,0.05,0.76,31.6,51.0,20.1,1000.6,42.5,-19.07576020195394,6.943008909511075
2017-03-23 17:00:00,0.83,0.0,0.06,0.85,30.5,55.0,20.5,1000.6,42.1,-19.04356735888468,3.7016945103049688
2017-03-23 18:00:00,0.85,0.0,0.0,0.85,28.1,62.0,20.2,1001.0,38.2,-13.623471831096117,5.782820701641252
2017-03-23 19:00:00,0.89,0.0,0.0,0.89,27.4,66.0,20.5,1001.8,27.4,-10.797899017924303,2.0988989491419927
2017-03-23 20:00:00,0.92,0.0,0.0,0.92,26.8,70.0,20.9,1002.7,19.8,-10.045039080724521,1.771211412202689
2017-03-23 21:00:00,0.9,0.0,0.0,0.9,26.5,69.0,20.5,1003.7,18.4,-1.460965714322057,-3.616017032810471
2017-03-23 22:00:00,0.81,0.0,0.0,0.81,25.7,72.0,20.4,1004.3,19.8,11.107818738551682,-2.5644420195200603
2017-03-23 23:00:00,0.0,0.0,0.0,0.0,25.2,72.0,19.8,1004.1,19.4,2.9145559532826275,-4.664264528860342
2017-03-24 00:00:00,0.0,0.0,0.0,0.0,24.9,73.0,19.8,1003.5,7.9,0.7352419856890863,-4.6421352007971475
2017-03-24 01:00:00,0.4,0.0,0.0,0.4,24.0,76.0,19.6,1002.4,7.9,-0.7515347451843534,-5.34744757120448
2017-03-24 02:00:00,0.42,0.0,0.0,0.42,23.4,77.0,19.2,1001.8,8.6,-0.37668495821827663,-5.386845871403051
2017-03-24 03:00:00,0.52,0.01,0.0,0.51,23.0,79.0,19.0,1001.4,8.3,0.3557580160950407,-5.087576656325103
2017-03-24 04:00:00,0.22,0.17,0.0,0.07,23.4,76.0,18.9,1001.5,12.6,0.6623836448822031,-7.571079705497266
2017-03-24 05:00:00,0.43,0.1,0.0,0.0,23.2,76.0,18.8,1001.9,14.4,-4.342310698243878,-5.3623071340531
2017-03-24 06:00:00,0.13,0.03,0.0,0.11,24.9,71.0,19.1,1002.8,11.2,-5.043268823083022,-3.9402334420842133
2017-03-24 07:00:00,0.41,0.07,0.0,0.4,27.3,65.0,20.1,1003.9,19.1,-7.5442419102508795,-5.088655421583796
2017-03-24 08:00:00,0.43,0.03,0.0,0.41,29.1,51.0,18.0,1004.8,24.5,-8.30888721782426,-4.605691392340202
2017-03-24 09:00:00,0.08,0.06,0.0,0.02,30.6,46.0,17.6,1005.0,27.4,-9.360633898433235,-3.223124729125852
2017-03-24 10:00:00,0.11,0.11,0.0,0.0,32.2,40.0,17.1,1005.0,29.2,-10.074920287558198,-2.1414904154229224
2017-03-24 11:00:00,0.13,0.13,0.0,0.0,33.7,37.0,17.0,1004.4,31.3,-11.17271736291003,-0.7812725059342026
2017-03-24 12:00:00,0.4,0.12,0.01,0.3,34.5,36.0,17.0,1003.3,33.5,-12.2,-7.470345474798854e-16
2017-03-24 13:00:00,0.78,0.08,0.0,0.74,35.0,34.0,17.0,1002.1,33.5,-11.88369146357943,0.6227978792910317
2017-03-24 14:00:00,0.69,0.0,0.0,0.69,34.8,37.0,17.9,1000.6,34.6,-13.738617913471817,3.171809866248497
2017-03-24 15:00:00,0.74,0.0,0.02,0.73,33.6,43.0,19.4,999.8,40.7,-17.591089035671235,5.044163611451083
2017-03-24 16:00:00,0.79,0.0,0.05,0.79,32.7,44.0,18.9,999.7,42.8,-19.42579661278904,1.6995369835793357
2017-03-24 17:00:00,0.03,0.0,0.02,0.56,30.1,51.0,18.8,1000.1,41.4,-19.097090977487074,0.33334096295211446
2017-03-24 18:00:00,0.09,0.0,0.0,0.09,28.5,55.0,18.6,1000.7,37.8,-14.057679912656623,4.297864059424229
2017-03-24 19:00:00,0.01,0.0,0.0,0.01,27.2,59.0,18.5,1001.7,27.4,-10.431998923921938,2.7952456871072253
2017-03-24 20:00:00,0.01,0.0,0.01,0.0,26.8,63.0,19.0,1002.6,19.8,-8.98794046299167,4.383711467890775
2017-03-24 21:00:00,0.0,0.0,0.0,0.0,26.0,62.0,18.1,1003.5,17.6,-4.330127018922194,2.499999999999999
2017-03-24 22:00:00,0.0,0.0,0.0,0.0,25.6,62.0,17.9,1004.3,13.7,8.6,1.5797943709000855e-15
2017-03-24 23:00:00,0.0,0.0,0.0,0.0,24.8,66.0,17.9,1004.2,16.2,6.1385314081469815,-1.4171916423663489
2017-03-25 00:00:00,0.0,0.0,0.0,0.0,24.1,69.0,18.0,1003.7,8.6,4.649263446279659,-3.6324027044213856
2017-03-25 01:00:00,0.0,0.0,0.0,0.0,23.6,71.0,18.0,1002.9,7.6,3.2526911934581193,-3.2526911934581175
2017-03-25 02:00:00,0.0,0.0,0.0,0.0,23.1,72.0,17.9,1002.4,6.8,2.5237363199446046,-3.604268994871563
2017-03-25 03:00:00,0.0,0.0,0.0,0.0,22.5,74.0,17.5,1002.1,6.8,0.7515347451843558,-5.34744757120448
2017-03-25 04:00:00,0.02,0.02,0.0,0.0,22.1,74.0,17.4,1002.4,8.3,-3.9758649556096977,-6.122295146001595
2017-03-25 05:00:00,0.0,0.0,0.0,0.0,22.5,83.0,19.5,1002.8,9.7,-2.1816432911085166,-3.935788682127281
2017-03-25 06:00:00,0.0,0.0,0.0,0.0,23.1,79.0,19.4,1003.4,9.0,-2.1816432911085166,-3.935788682127281
2017-03-25 07:00:00,0.01,0.01,0.0,0.0,26.5,62.0,18.6,1004.0,14.4,-3.9597979746446654,-3.9597979746446663
2017-03-25 08:00:00,0.0,0.0,0.0,0.0,28.7,56.0,19.2,1004.8,19.8,-4.6806636903626915,-4.36478950439999
2017-03-25 09:00:00,0.0,0.0,0.0,0.0,31.0,46.0,17.9,1005.1,21.6,-3.6324027044213842,-4.64926344627966
2017-03-25 10:00:00,0.02,0.02,0.0,0.0,33.3,36.0,16.1,1005.2,25.6,-5.379684037722159,-6.18861855782673
2017-03-25 11:00:00,0.0,0.0,0.0,0.0,35.0,30.0,15.0,1004.4,30.2,-7.566042558696057,-7.566042558696059
2017-03-25 12:00:00,0.0,0.0,0.0,0.0,36.4,27.0,14.1,1003.1,31.3,-9.71197111365321,-4.948496447161061
2017-03-25 13:00:00,0.04,0.0,0.04,0.0,36.2,32.0,16.6,1001.8,35.6,-14.0,-8.572527594031472e-16
2017-03-25 14:00:00,0.14,0.0,0.14,0.0,35.2,37.0,18.2,1000.9,39.2,-16.593164121998313,2.628099012675878
2017-03-25 15:00:00,0.09,0.0,0.09,0.0,34.0,40.0,18.5,1000.2,42.8,-19.508280954208935,2.7417100889132873
2017-03-25 16:00:00,0.11,0.0,0.04,0.07,31.9,46.0,19.0,1000.5,43.6,-20.498549022950506,2.880883189873353
2017-03-25 17:00:00,0.0,0.0,0.0,0.0,30.8,47.0,18.1,1001.2,43.2,-19.126938203361515,1.6733902607550382
2017-03-25 18:00:00,0.0,0.0,0.0,0.0,28.2,59.0,19.5,1001.4,37.4,-13.629602662131774,5.506716923213907
2017-03-25 19:00:00,0.0,0.0,0.0,0.0,27.0,65.0,20.0,1002.2,27.4,-11.107670280670327,6.15708217712848
2017-03-25 20:00:00,0.0,0.0,0.0,0.0,26.0,69.0,19.9,1003.0,22.7,-6.836932394392027,6.156001578501495
2017-03-25 21:00:00,0.0,0.0,0.0,0.0,24.6,74.0,19.6,1003.8,15.8,0.7068421917498544,5.756767679519668
2017-03-25 22:00:00,0.0,0.0,0.0,0.0,24.7,74.0,19.7,1004.7,18.0,10.091075553270365,-2.5159877142365414
2017-03-25 23:00:00,0.0,0.0,0.0,0.0,24.3,76.0,19.7,1004.3,18.0,3.9634444034305507,-3.209533994354171
2017-03-26 00:00:00,0.0,0.0,0.0,0.0,24.1,76.0,19.5,1003.5,7.9,3.5748714227020653,-2.894873798829252
2017-03-26 01:00:00,0.0,0.0,0.0,0.0,23.6,77.0,19.2,1002.8,7.6,3.1955227495527967,-2.8772616073430886
2017-03-26 02:00:00,0.0,0.0,0.0,0.0,22.8,80.0,19.0,1002.0,7.2,3.2693856872009652,-4.669166652447252
2017-03-26 03:00:00,0.08,0.0,0.0,0.08,22.6,79.0,18.8,1001.6,7.2,0.7352419856890863,-4.6421352007971475
2017-03-26 04:00:00,0.56,0.0,0.0,0.56,22.5,79.0,18.5,1001.8,7.2,-1.421478174124758,-4.3748599749577055
2017-03-26 05:00:00,0.58,0.0,0.0,0.0,23.0,86.0,20.5,1002.0,11.9,-4.329989591337347,-4.981083229470295
2017-03-26 06:00:00,0.0,0.0,0.0,0.0,23.6,80.0,20.0,1002.7,14.4,-5.39941592136693,-6.4347733221994154
2017-03-26 07:00:00,0.0,0.0,0.0,0.0,26.5,68.0,20.1,1003.6,22.7,-8.579697762932554,-7.1992212284892405
2017-03-26 08:00:00,0.0,0.0,0.0,0.0,29.0,60.0,20.4,1004.8,29.5,-10.062807426595889,-7.582869291715808
2017-03-26 09:00:00,0.16,0.02,0.0,0.14,31.0,50.0,19.3,1005.4,29.5,-8.301805382450492,-7.2166493188955805
2017-03-26 10:00:00,0.31,0.02,0.0,0.3,33.1,40.0,17.9,1005.1,29.5,-7.159697488039782,-7.951649632608118
2017-03-26 11:00:00,0.03,0.03,0.0,0.0,35.3,32.0,16.2,1003.8,32.8,-8.320379992762481,-8.922515159753878
2017-03-26 12:00:00,0.0,0.0,0.0,0.0,36.9,27.0,15.0,1002.6,36.0,-12.55736835487436,-7.250000000000002
2017-03-26 13:00:00,0.02,0.0,0.02,0.0,35.7,38.0,19.2,1001.5,40.7,-17.257858069494958,1.2067869957733683
2017-03-26 14:00:00,0.0,0.0,0.0,0.0,34.2,44.0,20.1,1000.6,42.5,-17.997915853502022,3.8255751110467715
2017-03-26 15:00:00,0.0,0.0,0.0,0.0,33.6,46.0,20.2,1000.0,43.9,-20.187849769441527,5.409318042642686
2017-03-26 16:00:00,0.0,0.0,0.0,0.0,31.1,51.0,19.9,1000.3,47.9,-20.579268395211393,7.490241138832144
2017-03-26 17:00:00,0.0,0.0,0.0,0.0,30.1,53.0,19.6,1000.3,45.4,-19.367322494529354,4.116651478191635
2017-03-26 18:00:00,0.0,0.0,0.0,0.0,28.1,59.0,19.4,1000.7,38.9,-14.741376002574881,4.789763412811684
2017-03-26 19:00:00,0.0,0.0,0.0,0.0,27.6,59.0,19.0,1001.8,28.8,-12.938717261796304,2.0492914920270238
2017-03-26 20:00:00,0.0,0.0,0.0,0.0,27.5,57.0,18.1,1002.7,24.1,-12.192568089632967,-0.42577385977051313
2017-03-26 21:00:00,0.0,0.0,0.0,0.0,26.1,63.0,18.5,1004.0,21.6,1.801725498392897,-2.8833635269318476
2017-03-26 22:00:00,0.0,0.0,0.0,0.0,25.4,66.0,18.5,1004.8,11.9,5.7340643100229425,-4.015035054457322
2017-03-26 23:00:00,0.0,0.0,0.0,0.0,26.2,63.0,18.6,1004.7,8.3,-1.8221342821066668,-2.5079526825623373
2017-03-27 00:00:00,0.0,0.0,0.0,0.0,24.4,71.0,18.9,1004.4,7.9,-4.664264528860342,-2.914555953282627
2017-03-27 01:00:00,0.04,0.0,0.0,0.04,24.2,71.0,18.6,1004.0,11.9,-6.148780366869514,-3.5500000000000007
2017-03-27 02:00:00,0.36,0.05,0.0,0.32,23.9,72.0,18.5,1003.5,12.2,-4.314986839553106,-4.023790324368742
2017-03-27 03:00:00,0.26,0.09,0.0,0.17,23.5,74.0,18.6,1003.3,10.4,-1.7542302283364206,-5.737828535778212
2017-03-27 04:00:00,0.01,0.01,0.0,0.0,23.2,75.0,18.5,1003.5,12.6,-1.4553818357243153,-6.84703320513664
2017-03-27 05:00:00,0.07,0.0,0.0,0.01,22.8,77.0,18.5,1003.5,12.6,-2.873804179836756,-6.162892951849219
2017-03-27 06:00:00,0.23,0.0,0.0,0.23,23.6,75.0,19.0,1004.2,14.4,-1.4273391840380396,-5.7247447850283795
2017-03-27 07:00:00,0.25,0.0,0.0,0.25,26.0,70.0,20.0,1004.9,15.8,0.4045875477159287,-5.78587149150698
2017-03-27 08:00:00,0.26,0.01,0.0,0.25,28.5,50.0,17.1,1005.6,16.2,0.7423384793347556,-3.215421213791276
2017-03-27 09:00:00,0.82,0.02,0.0,0.81,31.0,36.0,14.0,1006.2,19.4,0.7352419856890863,-4.6421352007971475
2017-03-27 10:00:00,0.31,0.0,0.0,0.31,33.2,26.0,11.1,1005.8,23.0,-1.4171916423663495,-6.1385314081469815
2017-03-27 11:00:00,0.24,0.0,0.0,0.24,35.2,22.0,9.9,1004.9,26.3,-5.051654523226906,-5.811263767715345
2017-03-27 12:00:00,0.32,0.0,0.0,0.32,36.4,21.0,10.9,1003.6,27.4,-7.61298541110786,-3.5499933986218752
2017-03-27 13:00:00,0.43,0.0,0.07,0.39,37.0,24.0,13.1,1002.3,30.2,-10.793420931806235,0.3769145643870103
2017-03-27 14:00:00,0.71,0.0,0.0,0.71,36.6,28.0,15.4,1001.0,34.9,-14.06565310866352,0.9835662797921672
2017-03-27 15:00:00,0.75,0.0,0.02,0.74,36.0,30.0,15.4,1000.3,37.8,-16.889704976622717,0.5898014942722661
2017-03-27 16:00:00,0.23,0.0,0.0,0.23,34.2,35.0,16.5,1000.3,42.8,-20.543917484378866,3.2538368728368012
2017-03-27 17:00:00,0.02,0.0,0.02,0.26,31.5,43.0,17.6,1001.1,43.2,-19.01314691983815,2.672123538433255
2017-03-27 18:00:00,0.3,0.0,0.0,0.3,29.3,56.0,19.6,1001.5,37.8,-13.256842056260265,5.088824883543263
2017-03-27 19:00:00,0.28,0.0,0.0,0.28,28.1,64.0,20.7,1002.7,27.0,-8.30888721782426,4.605691392340201
2017-03-27 20:00:00,0.61,0.0,0.0,0.61,27.4,72.0,22.0,1003.8,17.3,-4.326319829244457,7.200205325897743
2017-03-27 21:00:00,0.89,0.0,0.0,0.89,26.6,78.0,22.5,1004.9,15.1,-1.1133848076805226,7.922144549932563
2017-03-27 22:00:00,0.86,0.0,0.0,0.86,26.3,79.0,22.3,1005.9,14.8,2.921931428644114,7.232034065620942
2017-03-27 23:00:00,0.27,0.0,0.01,0.26,26.1,78.0,22.1,1006.0,13.7,4.289848881466276,3.5996106142446207
2017-03-28 00:00:00,0.2,0.0,0.0,0.2,25.8,79.0,21.9,1005.3,9.7,3.935788682127282,2.1816432911085157
2017-03-28 01:00:00,0.0,0.0,0.0,0.0,25.9,78.0,21.9,1004.2,6.8,3.939231012048832,0.6945927106677213
2017-03-28 02:00:00,0.08,0.03,0.0,0.05,25.5,80.0,21.8,1003.5,4.7,3.2335921554035223,-1.0506577808748205
2017-03-28 03:00:00,0.13,0.09,0.0,0.05,25.0,82.0,21.6,1003.3,4.3,3.1974091017491038,-1.4235782507652992
2017-03-28 04:00:00,0.3,0.29,0.01,0.02,25.1,81.0,21.5,1003.3,4.7,2.475670171853926,0.3479327524001646
2017-03-28 05:00:00,0.41,0.1,0.12,0.62,25.3,86.0,22.8,1003.7,4.0,1.8159619989581868,3.5640260967534716
2017-03-28 06:00:00,0.69,0.14,0.19,0.61,25.4,85.0,22.7,1004.2,7.6,-2.9108871788279895,0.7257656867990033
2017-03-28 07:00:00,0.55,0.19,0.11,0.39,27.1,74.0,22.1,1004.9,11.9,-2.8512208774027776,1.4527695991665497
2017-03-28 08:00:00,0.73,0.17,0.13,0.66,29.2,60.0,20.8,1005.7,16.9,-3.2526911934581184,3.252691193458118
2017-03-28 09:00:00,0.8,0.28,0.19,0.67,31.2,50.0,19.7,1006.0,18.7,-2.5455844122715714,2.545584412271571
2017-03-28 10:00:00,0.85,0.33,0.23,0.76,33.0,45.0,19.6,1005.9,20.9,-3.984778792366982,0.34862297099063294
2017-03-28 11:00:00,0.91,0.17,0.32,0.87,33.7,43.0,19.3,1005.4,23.0,-6.10580806867569,-1.0766187015349686
2017-03-28 12:00:00,0.93,0.18,0.23,0.91,34.0,42.0,19.2,1004.4,25.6,-7.922144549932563,-1.1133848076805237
2017-03-28 13:00:00,0.99,0.06,0.21,0.99,35.0,40.0,19.2,1002.9,29.2,-9.659258262890683,-2.5881904510252074
2017-03-28 14:00:00,0.99,0.14,0.37,0.97,34.2,41.0,19.2,1001.5,33.5,-14.080676440039491,0.7379369830255081
2017-03-28 15:00:00,0.99,0.0,0.22,0.99,33.1,46.0,20.0,1001.0,37.4,-13.365097862825518,6.809857496093201
2017-03-28 16:00:00,0.98,0.02,0.1,0.96,32.8,48.0,20.2,1001.1,33.8,-12.60035932032105,7.571059701177798
2017-03-28 17:00:00,0.98,0.0,0.19,0.97,31.7,50.0,20.1,1001.3,34.6,-9.660882731206126,8.698697882665158
2017-03-28 18:00:00,0.99,0.0,0.05,0.99,30.2,55.0,20.2,1001.6,27.0,-8.980088637561916,6.52441630044645
2017-03-28 19:00:00,0.96,0.0,0.02,0.96,29.2,64.0,21.6,1002.0,21.2,-9.393110360988748,6.099957192168304
2017-03-28 20:00:00,1.0,0.0,0.04,1.0,28.4,68.0,22.0,1003.2,21.2,-7.212489168102785,7.212489168102784
2017-03-28 21:00:00,0.98,0.0,0.0,0.98,27.9,70.0,22.0,1004.3,18.4,-2.8729692039356185,7.893418014601631
2017-03-28 22:00:00,0.97,0.0,0.02,0.97,27.1,74.0,22.1,1004.9,15.1,1.0797650608505518,4.676976310969129
2017-03-28 23:00:00,0.96,0.0,0.03,0.96,26.4,78.0,22.3,1004.4,7.9,-0.3486229709906328,3.984778792366982
2017-03-29 00:00:00,0.99,0.0,0.0,0.99,25.8,82.0,22.4,1003.9,6.5,-3.9282454678631837,1.748967565225941
2017-03-29 01:00:00,0.99,0.0,0.0,0.99,25.7,82.0,22.3,1003.0,6.1,-3.580278823325784,0.3763024677635528
2017-03-29 02:00:00,1.0,0.0,0.0,1.0,25.5,82.0,22.1,1002.3,7.2,-3.580278823325784,-0.3763024677635525
2017-03-29 03:00:00,0.99,0.02,0.0,0.99,25.3,82.0,22.0,1001.8,6.5,-3.233592155403522,-1.0506577808748212
2017-03-29 04:00:00,0.81,0.02,0.0,0.81,25.0,83.0,21.9,1001.8,5.8,-3.9282454678631837,-1.7489675652259409
2017-03-29 05:00:00,0.24,0.05,0.0,0.82,25.4,84.0,22.4,1002.5,6.1,-6.145870741395559,-2.116193003971519
2017-03-29 06:00:00,0.95,0.16,0.04,0.93,26.1,84.0,23.2,1003.3,13.7,-5.702441754805555,-2.9055391983331003
2017-03-29 07:00:00,0.85,0.09,0.05,0.83,27.8,78.0,23.5,1004.1,14.4,-4.685893304218874,-1.4326213531414103
2017-03-29 08:00:00,0.91,0.24,0.16,0.89,29.8,62.0,21.8,1004.8,15.5,-2.8783838397598336,-0.3534210958749277
2017-03-29 09:00:00,0.92,0.24,0.26,0.89,31.5,54.0,21.0,1005.1,18.7,-4.366330768241984,-1.0886485301985045
2017-03-29 10:00:00,0.4,0.21,0.21,0.23,33.3,47.0,20.4,1004.9,24.1,-6.8476069173251055,-2.224922359499622
2017-03-29 11:00:00,0.21,0.09,0.21,0.0,34.0,44.0,19.9,1004.1,25.9,-8.314254606237347,-1.7672493719509554
2017-03-29 12:00:00,0.64,0.03,0.2,0.54,35.2,40.0,19.5,1003.3,29.2,-9.74959675482086,-1.7191169589026112
2017-03-29 13:00:00,0.98,0.03,0.33,0.97,34.8,41.0,19.7,1001.8,29.2,-10.44247990136687,-1.0975488643103612
2017-03-29 14:00:00,0.99,0.02,0.32,0.98,33.7,46.0,20.4,1000.8,34.2,-14.36492232374147,1.0044932219154048
2017-03-29 15:00:00,0.96,0.04,0.25,0.93,33.7,47.0,20.8,1000.2,34.9,-11.87451260953648,5.040431557511631
2017-03-29 16:00:00,0.98,0.0,0.18,0.98,32.9,51.0,21.5,1000.3,34.9,-10.09357572892498,10.824034783963723
2017-03-29 17:00:00,0.97,0.01,0.15,0.95,31.6,53.0,20.9,1001.0,35.3,-11.87451260953648,5.040431557511631
2017-03-29 18:00:00,0.91,0.0,0.16,0.89,30.1,62.0,22.0,1001.2,27.4,-10.840827724624296,7.876322380719139
2017-03-29 19:00:00,0.9,0.0,0.06,0.9,29.1,67.0,22.3,1002.2,25.6,-8.92251515975388,8.32037999276248
2017-03-29 20:00:00,0.83,0.0,0.04,0.83,28.5,73.0,23.1,1003.3,23.0,-2.8652427062828187,9.371786608437748
2017-03-29 21:00:00,0.86,0.0,0.0,0.86,28.0,75.0,23.1,1004.4,18.0,1.1419715947936844,7.210124886344506
2017-03-29 22:00:00,0.99,0.0,0.0,0.99,27.6,76.0,23.0,1005.0,12.6,0.7515347451843538,5.34744757120448
2017-03-29 23:00:00,0.76,0.0,0.0,0.76,27.1,79.0,23.1,1004.9,9.4,-2.4999999999999996,4.330127018922194
2017-03-30 00:00:00,0.25,0.0,0.01,0.25,26.4,84.0,23.4,1004.2,8.6,-3.5748714227020666,2.894873798829251
2017-03-30 01:00:00,0.25,0.01,0.0,0.24,25.7,87.0,23.3,1003.6,8.3,-3.2154212137912763,0.7423384793347546
2017-03-30 02:00:00,0.34,0.12,0.0,0.26,25.6,86.0,23.2,1002.9,5.8,-1.414213562373095,-1.4142135623730951
2017-03-30 03:00:00,0.61,0.13,0.0,0.55,25.2,88.0,23.2,1002.4,4.0,1.800051331474436,-1.0815799573111138
2017-03-30 04:00:00,0.83,0.13,0.02,0.81,25.0,89.0,23.1,1002.4,5.0,3.2154212137912763,-0.7423384793347542
2017-03-30 05:00:00,0.71,0.09,0.01,0.94,25.5,88.0,23.4,1002.6,4.7,-1.4474368994146258,-1.7874357113510329
2017-03-30 06:00:00,0.95,0.02,0.0,0.95,26.2,84.0,23.2,1002.8,7.9,-0.37630246776355253,-3.580278823325784
2017-03-30 07:00:00,0.97,0.0,0.0,0.97,28.3,73.0,23.0,1003.7,11.5,-0.35342109587492765,-2.8783838397598336
2017-03-30 08:00:00,0.93,0.07,0.18,0.92,30.5,58.0,21.2,1004.5,15.5,-2.1649947956686737,-2.4905416147351476
2017-03-30 09:00:00,0.87,0.09,0.24,0.81,32.5,49.0,20.4,1004.6,20.2,-4.312631754255381,-3.2498011250210608
2017-03-30 10:00:00,0.81,0.29,0.23,0.69,33.8,44.0,20.0,1004.3,24.5,-6.841600689897065,-3.950000000000001
2017-03-30 11:00:00,0.94,0.27,0.19,0.93,34.5,42.0,19.8,1003.6,28.8,-9.683581851011569,-4.311408416603482
2017-03-30 12:00:00,0.76,0.12,0.32,0.65,35.0,41.0,19.7,1002.7,31.0,-10.400704331592484,-3.5812496990287244
2017-03-30 13:00:00,0.43,0.09,0.26,0.27,34.8,41.0,19.6,1001.6,30.6,-11.513535359039334,-1.4136843834997108
2017-03-30 14:00:00,0.56,0.24,0.54,0.0,34.1,45.0,20.5,1000.7,33.5,-12.291741482791117,-4.232386007943038
2017-03-30 15:00:00,0.26,0.06,0.16,0.13,33.8,49.0,21.5,1000.0,32.8,-12.279324052395474,1.7257464519048105
2017-03-30 16:00:00,0.1,0.04,0.09,0.01,33.0,53.0,22.4,1000.1,32.4,-13.34900895442939,1.1678869528186204
2017-03-30 17:00:00,0.09,0.0,0.15,0.0,32.2,56.0,22.2,1000.2,32.0,-12.967758166845536,4.719877977894228
2017-03-30 18:00:00,0.08,0.0,0.08,0.0,30.3,66.0,23.1,1000.9,31.0,-12.557368354874361,7.249999999999997
2017-03-30 19:00:00,0.12,0.0,0.12,0.0,29.4,70.0,23.2,1002.1,27.7,-9.03932442880394,7.5848937943011645
2017-03-30 20:00:00,0.02,0.0,0.02,0.0,28.9,75.0,24.0,1003.0,22.7,-6.042203531053471,7.2008177653183925
2017-03-30 21:00:00,0.03,0.0,0.02,0.01,28.5,78.0,24.4,1003.9,18.4,-3.2216167033768452,7.97378114927437
2017-03-30 22:00:00,0.07,0.0,0.04,0.03,28.0,80.0,24.2,1004.6,15.8,0.7068421917498544,5.756767679519668
2017-03-30 23:00:00,0.09,0.0,0.02,0.07,27.7,81.0,24.0,1004.4,10.1,2.8991378028648445,2.8991378028648453
2017-03-31 00:00:00,0.72,0.18,0.28,0.54,27.5,81.0,24.0,1003.8,6.8,1.7677669529663687,1.7677669529663693
2017-03-31 01:00:00,0.97,0.29,0.47,0.88,27.0,78.0,22.7,1003.6,7.9,-3.23084408978756,2.524212048835199
2017-03-31 02:00:00,0.94,0.22,0.23,0.86,26.9,79.0,22.9,1003.0,12.2,-6.1385314081469815,1.4171916423663498
2017-03-31 03:00:00,1.0,0.65,0.47,0.88,26.0,85.0,23.4,1002.7,17.6,-7.210124886344506,1.1419715947936848
2017-03-31 04:00:00,0.91,0.24,0.28,0.85,26.0,86.0,23.4,1002.8,14.4,-4.7,-2.8779199779962803e-16
2017-03-31 05:00:00,0.86,0.21,0.2,0.93,26.5,84.0,23.6,1003.0,11.2,-3.2154212137912763,0.7423384793347546
2017-03-31 06:00:00,0.88,0.23,0.28,0.8,26.8,83.0,23.7,1003.6,10.1,-3.9467090073008153,-1.436484601967809
2017-03-31 07:00:00,0.7,0.31,0.34,0.55,28.0,77.0,23.6,1004.6,15.1,-3.9597979746446654,-3.9597979746446663
2017-03-31 08:00:00,0.45,0.37,0.26,0.01,29.6,69.0,23.5,1005.2,20.5,-4.329989591337347,-4.981083229470295
2017-03-31 09:00:00,0.33,0.22,0.29,0.0,30.7,64.0,23.2,1005.6,21.2,-5.7340643100229425,-4.015035054457322
2017-03-31 10:00:00,0.68,0.65,0.34,0.1,32.5,58.0,23.0,1005.8,29.9,-7.6000865053248345,-1.7546182238821464
2017-03-31 11:00:00,0.85,0.72,0.18,0.35,34.0,52.0,22.8,1005.1,30.6,-8.994517443171862,0.3140954703225086
2017-03-31 12:00:00,0.71,0.3,0.19,0.55,34.2,50.0,22.4,1004.1,34.9,-13.697136892650244,-1.6817969389910354
2017-03-31 13:00:00,0.05,0.01,0.05,0.0,35.4,42.0,20.6,1002.6,36.0,-10.84028865951418,-1.1393602496174227
2017-03-31 14:00:00,0.5,0.14,0.47,0.0,33.9,46.0,20.5,1001.8,43.9,-19.787938374978097,0.6910100347095189
2017-03-31 15:00:00,0.59,0.15,0.39,0.31,33.5,47.0,20.7,1001.4,43.9,-16.906872221260645,-1.7769838755501088
2017-03-31 16:00:00,0.56,0.0,0.26,0.37,32.9,52.0,21.6,1001.3,38.5,-13.691654330161612,0.47812310482426307
2017-03-31 17:00:00,0.67,0.0,0.1,0.0,31.4,56.0,21.5,1001.8,31.0,-14.094155353306773,1.7305446763530925
2017-03-31 18:00:00,0.13,0.0,0.13,0.0,30.1,58.0,21.0,1002.5,29.2,-10.438962181929405,1.8406706832694613
2017-03-31 19:00:00,0.19,0.0,0.18,0.02,29.5,63.0,21.7,1003.1,20.5,-6.815049550106451,1.0793978087775926
2017-03-31 20:00:00,0.12,0.0,0.11,0.01,29.0,68.0,22.4,1004.1,13.3,-4.6421352007971475,0.7352419856890848
2017-03-31 21:00:00,0.07,0.0,0.07,0.0,28.5,73.0,23.0,1004.6,8.6,-3.6042689948715636,2.5237363199446032
2017-03-31 22:00:00,0.01,0.0,0.01,0.0,27.4,78.0,23.1,1005.0,7.6,0.3763024677635526,3.580278823325784
2017-03-31 23:00:00,0.02,0.0,0.02,0.0,26.5,82.0,23.2,1004.9,6.8,1.4364846019678084,3.9467090073008158
2017-04-01 00:00:00,0.0,0.0,0.0,0.0,26.6,81.0,23.2,1004.4,7.2,3.600102662948871,2.1631599146222285
2017-04-01 01:00:00,0.0,0.0,0.0,0.0,26.4,82.0,23.1,1003.4,5.0,1.800051331474436,-1.0815799573111138
2017-04-01 02:00:00,0.03,0.03,0.0,0.0,25.7,85.0,23.0,1002.6,3.6,2.9108871788279895,-0.7257656867990023
2017-04-01 03:00:00,0.03,0.03,0.0,0.0,25.4,86.0,22.9,1002.2,5.0,3.984778792366982,0.348622970990633
2017-04-01 04:00:00,0.04,0.04,0.0,0.0,25.3,86.0,22.8,1002.4,5.4,3.2154212137912763,-0.7423384793347542
2017-04-01 05:00:00,0.02,0.0,0.01,0.0,25.4,94.0,24.4,1002.9,4.0,2.8991378028648445,2.8991378028648453
2017-04-01 06:00:00,0.0,0.0,0.0,0.0,25.9,93.0,24.6,1003.7,10.1,4.330127018922192,2.500000000000002
2017-04-01 07:00:00,0.06,0.0,0.06,0.0,28.2,75.0,23.2,1004.5,12.2,2.851220877402777,1.4527695991665504
2017-04-01 08:00:00,0.03,0.0,0.03,0.0,30.6,55.0,20.6,1005.1,14.4,1.447436899414627,-1.7874357113510322
2017-04-01 09:00:00,0.03,0.0,0.03,0.0,33.0,43.0,18.7,1005.3,18.0,-0.7423384793347545,-3.2154212137912763
2017-04-01 10:00:00,0.03,0.03,0.0,0.0,35.1,34.0,16.7,1005.0,21.6,-2.8801477362331185,-3.9641832724372428
2017-04-01 11:00:00,0.02,0.01,0.02,0.0,36.9,28.0,15.2,1004.1,25.6,-6.122295146001595,-3.9758649556096977
2017-04-01 12:00:00,0.14,0.0,0.14,0.0,37.9,27.0,15.8,1002.7,29.2,-9.676371287520293,-0.6766377953180147
2017-04-01 13:00:00,0.35,0.0,0.35,0.0,37.2,31.0,17.1,1001.4,36.4,-15.102736004171147,3.486741342329908
2017-04-01 14:00:00,0.16,0.0,0.16,0.0,36.0,35.0,18.2,1000.6,38.5,-10.478907385791707,6.049999999999998
2017-04-01 15:00:00,0.28,0.0,0.28,0.0,36.7,33.0,17.9,999.6,31.7,-10.480543022969403,8.188297621831255
2017-04-01 16:00:00,0.24,0.0,0.24,0.0,34.6,42.0,19.8,999.5,37.8,-12.65241903801165,11.798571629081222
2017-04-01 17:00:00,0.09,0.0,0.13,0.0,33.3,47.0,20.4,1000.1,36.7,-12.538577507742495,9.448495863487159
2017-04-01 18:00:00,0.1,0.0,0.1,0.0,30.9,58.0,21.5,1000.6,31.7,-10.430427104910441,10.072546371655461
2017-04-01 19:00:00,0.06,0.0,0.06,0.0,29.8,66.0,22.7,1001.3,26.6,-5.351975815759154,10.065602558591769
2017-04-01 20:00:00,0.04,0.0,0.04,0.0,29.1,68.0,22.6,1002.1,22.0,-1.4573296909853504e-15,11.9
2017-04-01 21:00:00,0.01,0.0,0.01,0.0,28.4,72.0,22.8,1003.0,21.6,2.0920448053979444,9.06164160250269
2017-04-01 22:00:00,0.03,0.0,0.03,0.0,27.9,74.0,22.8,1003.4,16.6,1.7902220274375396,7.180188374442374
2017-04-01 23:00:00,0.0,0.0,0.0,0.0,27.1,78.0,22.9,1003.1,12.6,2.875087836170254,2.166534083347374
2017-04-02 00:00:00,0.0,0.0,0.0,0.0,27.3,77.0,22.9,1002.4,6.1,2.4853631043215887,1.0549740469210394
2017-04-02 01:00:00,0.0,0.0,0.0,0.0,26.7,79.0,22.9,1001.8,3.2,-0.7071067811865475,-0.7071067811865476
2017-04-02 02:00:00,0.0,0.0,0.0,0.0,26.1,82.0,22.9,1001.1,1.8,-0.7128052193506944,-0.36319239979163753
2017-04-02 03:00:00,0.0,0.0,0.0,0.0,25.8,84.0,22.9,1000.7,2.9,2.144924440733138,1.7998053071223103
2017-04-02 04:00:00,0.0,0.0,0.0,0.0,25.1,87.0,22.8,1000.8,6.1,4.998560818879259,1.4333142502483942
2017-04-02 05:00:00,0.01,0.0,0.01,0.0,25.8,81.0,22.4,1001.2,7.6,4.345828698618606,0.6883116461770166
2017-04-02 06:00:00,0.01,0.0,0.01,0.0,26.4,79.0,22.5,1002.1,10.4,5.4091846272187825,-1.4493866525741135
2017-04-02 07:00:00,0.01,0.0,0.01,0.0,28.5,70.0,22.5,1002.8,16.9,5.755336383148387,-2.5624408513775383
2017-04-02 08:00:00,0.0,0.0,0.0,0.0,30.6,60.0,21.9,1003.6,19.1,4.312631754255383,-3.249801125021059
2017-04-02 09:00:00,0.02,0.0,0.02,0.0,33.0,47.0,20.4,1003.8,19.1,1.460965714322058,-3.6160170328104706
2017-04-02 10:00:00,0.04,0.04,0.01,0.0,35.2,37.0,18.5,1003.5,20.5,-2.1631599146222276,-3.600102662948872
2017-04-02 11:00:00,0.07,0.07,0.0,0.0,37.2,28.0,15.9,1002.5,25.9,-6.841600689897065,-3.950000000000001
2017-04-02 12:00:00,0.02,0.0,0.02,0.0,38.6,23.0,13.7,1001.7,31.7,-11.555953584963111,-1.8302832409707017
2017-04-02 13:00:00,0.04,0.0,0.04,0.0,38.5,23.0,13.9,1000.5,37.4,-15.478757788695894,-0.8112073217656315
2017-04-02 14:00:00,0.05,0.0,0.05,0.0,38.0,23.0,13.2,999.4,40.0,-17.289461307430358,-0.6037612929532687
2017-04-02 15:00:00,0.03,0.0,0.03,0.0,37.3,24.0,13.1,998.3,44.3,-20.46177136048994,4.723972141221165
2017-04-02 16:00:00,0.02,0.0,0.02,0.0,34.8,37.0,18.1,998.4,46.1,-16.857278415703025,10.947244603802048
2017-04-02 17:00:00,0.02,0.0,0.03,0.0,32.5,44.0,18.6,999.5,41.8,-16.186341961346685,10.511533375790025
2017-04-02 18:00:00,0.02,0.0,0.01,0.01,30.4,56.0,20.5,1000.4,37.8,-9.381644114564255,10.792346997185641
2017-04-02 19:00:00,0.03,0.0,0.02,0.01,29.2,62.0,21.2,1001.3,26.6,-6.58286224622343,12.919594600731333
2017-04-02 20:00:00,0.0,0.0,0.0,0.0,28.6,61.0,20.4,1002.0,26.3,-3.3076482698039906,11.535140351259827
2017-04-02 21:00:00,0.0,0.0,0.0,0.0,27.8,68.0,21.2,1002.8,21.2,1.8467702839738933,6.440453362786736
2017-04-02 22:00:00,0.0,0.0,0.0,0.0,27.3,75.0,22.5,1003.1,11.2,0.7212463965468092,6.862201078041086
2017-04-02 23:00:00,0.0,0.0,0.0,0.0,26.5,79.0,22.6,1003.1,11.5,2.1631599146222276,3.600102662948872
2017-04-03 00:00:00,0.0,0.0,0.0,0.0,26.5,79.0,22.5,1002.4,7.6,4.688551036221174,0.32785542659739025
2017-04-03 01:00:00,0.02,0.0,0.0,0.02,26.0,81.0,22.6,1001.9,8.3,4.276831316104166,2.179154398749825
2017-04-03 02:00:00,0.33,0.01,0.0,0.33,25.6,83.0,22.5,1000.9,11.2,6.486172749262467,2.8878301658381806
2017-04-03 03:00:00,0.32,0.0,0.0,0.32,25.5,83.0,22.5,1000.6,14.0,8.337387673787106,1.0237024846032363
2017-04-03 04:00:00,0.02,0.02,0.0,0.0,25.4,84.0,22.5,1000.6,15.5,9.03216997993603,1.1090110249868392
2017-04-03 05:00:00,0.0,0.0,0.0,0.0,26.1,78.0,21.9,1001.0,17.3,10.081199072728626,3.2755801403744442
2017-04-03 06:00:00,0.31,0.0,0.0,0.31,26.7,75.0,21.9,1002.1,19.4,8.609923976848176,4.014873486536642
2017-04-03 07:00:00,0.4,0.0,0.0,0.4,28.8,66.0,21.8,1002.9,21.6,9.371786608437747,2.8652427062828236
2017-04-03 08:00:00,0.33,0.0,0.0,0.33,31.1,55.0,21.0,1003.6,27.0,11.2,2.057406622567553e-15
2017-04-03 09:00:00,0.22,0.0,0.0,0.22,33.4,45.0,19.8,1004.0,27.0,6.440453362786736,-1.846770283973896
2017-04-03 10:00:00,0.16,0.0,0.0,0.16,35.6,34.0,17.5,1003.6,22.7,2.164994795668674,-2.490541614735147
2017-04-03 11:00:00,0.33,0.0,0.01,0.32,37.5,27.0,15.6,1002.6,19.4,-0.35342109587492765,-2.8783838397598336
2017-04-03 12:00:00,0.05,0.0,0.05,0.0,39.4,22.0,14.0,1001.4,22.3,-4.667902132486009,-1.791839747726502
2017-04-03 13:00:00,0.08,0.0,0.08,0.01,40.4,21.0,13.6,999.7,31.0,-11.837607860567156,2.951447126315947
2017-04-03 14:00:00,0.26,0.0,0.25,0.01,36.0,40.0,20.4,999.2,47.5,-16.113211527585783,15.56034749828154
2017-04-03 15:00:00,0.29,0.0,0.18,0.13,37.6,29.0,16.7,998.0,47.5,-10.4182044264181,8.741911491736936
2017-04-03 16:00:00,0.09,0.0,0.09,0.01,35.5,39.0,19.5,998.3,37.8,-11.546638910232929,13.28288861192079
2017-04-03 17:00:00,0.02,0.0,0.04,0.03,34.3,43.0,20.1,998.9,37.4,-12.225987320078351,12.660380485960264
2017-04-03 18:00:00,0.02,0.0,0.02,0.0,32.5,52.0,21.2,999.3,35.6,-9.349295912522049,13.352178321910568
2017-04-03 19:00:00,0.02,0.0,0.02,0.0,31.6,57.0,22.1,1000.5,29.5,-5.493285046848517,10.781178942679249
2017-04-03 20:00:00,0.04,0.0,0.04,0.0,30.6,64.0,23.0,1001.5,22.3,-1.1707187885977217,11.13864522812466
2017-04-03 21:00:00,0.01,0.0,0.01,0.0,30.2,64.0,22.6,1002.3,19.8,0.3977532674463711,7.589584464134761
2017-04-03 22:00:00,0.0,0.0,0.0,0.0,29.5,67.0,22.6,1002.8,13.0,3.9597979746446654,3.9597979746446668
2017-04-03 23:00:00,0.0,0.0,0.0,0.0,28.7,70.0,22.7,1002.5,10.8,4.71280049259058,2.197614961051636
2017-04-04 00:00:00,0.0,0.0,0.0,0.0,28.0,73.0,22.9,1001.8,8.6,3.633958072659534,1.111012477946401
2017-04-04 01:00:00,0.0,0.0,0.0,0.0,27.5,76.0,22.9,1001.1,6.5,2.4930243101639267,2.867896404846534
2017-04-04 02:00:00,0.0,0.0,0.0,0.0,27.0,79.0,23.0,1000.9,7.9,2.894873798829253,3.5748714227020653
2017-04-04 03:00:00,0.0,0.0,0.0,0.0,26.7,80.0,23.0,1000.5,10.1,5.755336383148386,2.5624408513775405
2017-04-04 04:00:00,0.0,0.0,0.0,0.0,26.7,80.0,23.0,1000.6,15.5,9.03216997993603,1.1090110249868392
2017-04-04 05:00:00,0.0,0.0,0.0,0.0,27.0,80.0,23.3,1001.0,17.3,8.635631963856369,2.1531048708370433
2017-04-04 06:00:00,0.0,0.0,0.0,0.0,27.4,79.0,23.4,1001.9,16.9,9.74631457460908,1.024378940023003
2017-04-04 07:00:00,0.0,0.0,0.0,0.0,29.4,69.0,23.2,1003.1,23.0,10.397814721786489,-1.4613175600806874
2017-04-04 08:00:00,0.08,0.08,0.0,0.0,31.6,59.0,22.6,1004.1,23.8,6.143640332167439,-4.301823272632845
2017-04-04 09:00:00,0.16,0.07,0.02,0.09,33.7,49.0,21.5,1004.3,23.4,1.4553818357243191,-6.847033205136639
2017-04-04 10:00:00,0.13,0.13,0.0,0.0,35.8,39.0,19.5,1004.0,25.6,-0.662383644882202,-7.571079705497266
2017-04-04 11:00:00,0.12,0.11,0.09,0.0,37.7,31.0,17.6,1002.9,27.0,-3.2039952536120446,-7.54813979831001
2017-04-04 12:00:00,0.1,0.0,0.1,0.0,39.2,25.0,15.8,1001.2,29.5,-7.926888806861102,-6.419067988708341
2017-04-04 13:00:00,0.43,0.0,0.43,0.0,39.3,25.0,15.9,999.7,38.2,-16.889704976622717,-0.5898014942722682
2017-04-04 14:00:00,0.51,0.0,0.45,0.15,35.7,40.0,20.1,999.9,50.0,-15.934740790963057,10.348141665285517
2017-04-04 15:00:00,0.38,0.0,0.32,0.17,34.8,44.0,21.0,999.4,42.1,-14.071424945612296,14.071424945612293
2017-04-04 16:00:00,0.21,0.0,0.19,0.1,34.7,43.0,20.2,999.8,41.8,-3.625409138561934,11.85817897394164
2017-04-04 17:00:00,0.21,0.0,0.17,0.0,34.2,43.0,20.0,999.6,29.2,-10.724614268106201,8.684621396487755
2017-04-04 18:00:00,0.16,0.0,0.16,0.0,32.7,48.0,20.1,1000.6,28.1,-9.7525531057989,6.094071538681855
2017-04-04 19:00:00,0.09,0.0,0.09,0.0,31.4,59.0,22.4,1001.7,22.3,-8.273149339882606,8.273149339882604
2017-04-04 20:00:00,0.09,0.0,0.09,0.0,30.8,62.0,22.8,1002.6,21.6,-2.1011429497698564,11.916173811447717
2017-04-04 21:00:00,0.07,0.02,0.06,0.0,30.2,61.0,21.8,1003.1,21.6,4.3500000000000005,7.534421012924615
2017-04-04 22:00:00,0.03,0.0,0.03,0.0,29.5,65.0,22.3,1003.5,16.2,8.939733772226367,2.56342740909809
2017-04-04 23:00:00,0.04,0.0,0.04,0.0,28.7,70.0,22.6,1003.1,19.1,10.793921949283115,1.5169868004647176
2017-04-05 00:00:00,0.02,0.0,0.02,0.0,28.3,71.0,22.5,1002.5,22.7,12.569373835729534,2.901868601035862
2017-04-05 01:00:00,0.03,0.0,0.03,0.0,27.9,73.0,22.6,1001.8,23.0,12.569373835729534,2.901868601035862
2017-04-05 02:00:00,0.04,0.0,0.04,0.0,27.6,74.0,22.7,1000.9,23.8,13.326593397934865,1.400681407786555
2017-04-05 03:00:00,0.07,0.0,0.01,0.06,27.4,76.0,22.6,1000.5,24.5,13.691654330161612,-0.4781231048242675
2017-04-05 04:00:00,0.07,0.0,0.01,0.06,27.1,76.0,22.6,1000.7,25.6,14.094155353306771,-1.730544676353097
2017-04-05 05:00:00,0.0,0.0,0.0,0.0,26.9,79.0,22.9,1001.3,25.6,9.74959675482086,-1.7191169589026067
2017-04-05 06:00:00,0.01,0.01,0.0,0.0,27.2,77.0,22.9,1002.0,17.6,8.308865795825096,-3.1894747509531736
2017-04-05 07:00:00,0.08,0.08,0.0,0.0,29.3,68.0,22.8,1002.9,19.8,6.869189578867052,-4.292346040288957
2017-04-05 08:00:00,0.0,0.0,0.0,0.0,31.2,61.0,22.9,1003.6,20.2,2.907803098047882,-4.3109953772862175
2017-04-05 09:00:00,0.12,0.11,0.01,0.0,33.3,51.0,21.9,1004.0,19.4,0.3486229709906333,-3.984778792366982
2017-04-05 10:00:00,0.04,0.02,0.04,0.0,35.7,39.0,19.7,1003.5,21.6,-1.421478174124758,-4.3748599749577055
2017-04-05 11:00:00,0.0,0.0,0.0,0.0,37.6,30.0,16.9,1002.5,22.3,-2.1791543987498248,-4.276831316104166
2017-04-05 12:00:00,0.08,0.0,0.08,0.0,39.7,23.0,14.6,1001.2,24.5,-5.388744221607771,-3.634753872559854
2017-04-05 13:00:00,0.32,0.0,0.32,0.0,40.7,20.0,13.6,999.3,29.5,-11.13864522812466,1.1707187885977197
2017-04-05 14:00:00,0.48,0.0,0.38,0.22,35.0,39.0,18.9,999.6,45.4,-12.68427486009214,8.555651423102425
2017-04-05 15:00:00,0.16,0.0,0.09,0.11,37.5,27.0,15.6,998.2,36.0,-7.5717762380030695,7.840803823691299
2017-04-05 16:00:00,0.18,0.0,0.18,0.0,36.2,39.0,20.0,997.9,37.8,-10.446718491427301,12.900622960185718
2017-04-05 17:00:00,0.05,0.0,0.1,0.0,34.3,41.0,19.1,998.3,35.6,-11.898962379461501,9.29648827741744
2017-04-05 18:00:00,0.08,0.0,0.08,0.0,32.5,49.0,20.5,998.7,30.6,-11.184248869537079,9.384699101423475
2017-04-05 19:00:00,0.05,0.0,0.05,0.0,31.5,58.0,22.1,999.6,26.6,-6.042203531053471,7.2008177653183925
2017-04-05 20:00:00,0.0,0.0,0.0,0.0,30.7,64.0,23.0,1000.7,16.2,2.8991378028648445,2.8991378028648453
2017-04-05 21:00:00,0.06,0.0,0.06,0.0,30.4,62.0,22.4,1001.5,20.5,12.192568089632967,-0.42577385977051563
2017-04-05 22:00:00,0.03,0.0,0.03,0.0,29.5,68.0,22.9,1001.9,25.6,14.420249772689012,-2.283943189587368
2017-04-05 23:00:00,0.03,0.0,0.03,0.0,29.2,70.0,23.0,1001.8,28.1,15.5,2.847303808017596e-15
2017-04-06 00:00:00,0.0,0.0,0.0,0.0,28.7,73.0,23.3,1001.0,28.4,15.878209602597725,-0.8321417042628088
2017-04-06 01:00:00,0.31,0.0,0.0,0.31,28.1,75.0,23.4,1000.4,29.2,15.506706947343663,-2.4560211011316215
2017-04-06 02:00:00,0.21,0.0,0.0,0.21,27.8,76.0,23.2,999.8,28.4,14.770028771080463,-3.1394665313481678
2017-04-06 03:00:00,0.0,0.0,0.0,0.0,27.4,77.0,23.1,999.5,27.0,14.034420760699454,-4.024305394928191
2017-04-06 04:00:00,0.0,0.0,0.0,0.0,27.0,80.0,23.2,999.6,26.3,11.840127021902445,-4.309453805903429
2017-04-06 05:00:00,0.0,0.0,0.0,0.26,26.9,83.0,23.7,999.9,23.0,8.993683389297837,-3.633683956134346
2017-04-06 06:00:00,0.0,0.0,0.0,0.0,27.4,81.0,23.8,1000.5,18.0,7.1718815985430435,-3.9754388860199654
2017-04-06 07:00:00,0.05,0.05,0.0,0.0,29.5,71.0,23.7,1001.5,18.4,3.9758649556096968,-6.122295146001595
2017-04-06 08:00:00,0.12,0.12,0.0,0.0,31.4,65.0,23.9,1002.0,22.7,-0.4134540543192563,-7.889173324561134
2017-04-06 09:00:00,0.09,0.09,0.0,0.0,33.5,54.0,23.0,1002.2,25.2,-2.5648410533120636,-7.893769085249775
2017-04-06 10:00:00,0.14,0.09,0.12,0.0,36.1,41.0,20.8,1002.0,26.3,-3.9754388860199636,-7.171881598543044
2017-04-06 11:00:00,0.13,0.03,0.12,0.0,38.2,30.0,17.7,1001.2,27.7,-7.200817765318393,-6.04220353105347
2017-04-06 12:00:00,0.39,0.0,0.32,0.21,39.2,26.0,16.2,1000.1,36.7,-15.845991131887649,-3.368169391247703
2017-04-06 13:00:00,0.33,0.0,0.32,0.04,37.7,29.0,16.9,999.3,45.4,-15.497639274924065,-0.27051229977789576
2017-04-06 14:00:00,0.3,0.0,0.3,0.0,37.0,31.0,16.9,998.4,42.5,-18.398048076843995,8.579150713336197
2017-04-06 15:00:00,0.26,0.0,0.26,0.0,36.1,36.0,18.8,998.1,45.4,-12.202697939223436,14.03759819214356
2017-04-06 16:00:00,0.12,0.0,0.12,0.0,34.7,40.0,19.1,998.3,41.0,-9.095471884750955,14.00579848468858
2017-04-06 17:00:00,0.15,0.0,0.17,0.0,34.2,43.0,20.0,998.0,35.3,-13.055574676911094,15.018720646433161
2017-04-06 18:00:00,0.1,0.0,0.1,0.0,33.0,47.0,20.2,998.6,38.5,-9.381644114564255,10.792346997185641
2017-04-06 19:00:00,0.09,0.0,0.09,0.0,31.6,57.0,22.2,999.8,26.3,-2.8987733051482354,10.818369254437563
2017-04-06 20:00:00,0.1,0.0,0.1,0.0,31.2,59.0,22.2,1000.8,20.2,0.6557108531947776,9.377102072442348
2017-04-06 21:00:00,0.03,0.0,0.03,0.0,30.4,62.0,22.1,1001.6,16.2,8.314254606237347,1.767249371950958
2017-04-06 22:00:00,0.05,0.0,0.05,0.0,28.9,71.0,23.0,1002.5,26.6,15.161287811373986,-3.2226312076752714
2017-04-06 23:00:00,0.0,0.0,0.0,0.0,28.3,73.0,23.0,1002.1,36.7,20.150793815248452,-1.4090807696313294
2017-04-07 00:00:00,0.0,0.0,0.0,0.0,27.8,74.0,22.7,1001.3,37.1,18.68860846525709,-0.6526205883367739
2017-04-07 01:00:00,0.0,0.0,0.0,0.0,27.7,73.0,22.4,1000.6,33.5,17.632646156223895,-1.5426566466335445
2017-04-07 02:00:00,0.0,0.0,0.0,0.0,27.5,73.0,22.3,999.6,31.7,17.329691202977482,-2.4355292668011455
2017-04-07 03:00:00,0.0,0.0,0.0,0.0,27.4,74.0,22.2,999.6,31.0,16.589499400265517,-3.2246720218636122
2017-04-07 04:00:00,0.0,0.0,0.0,0.0,27.1,75.0,22.2,999.7,31.0,16.533701170139082,-4.740962520052389
2017-04-07 05:00:00,0.0,0.0,0.0,0.0,27.2,76.0,22.6,1000.3,31.0,14.803430117450109,-4.244815279581791
2017-04-07 06:00:00,0.0,0.0,0.0,0.0,27.5,74.0,22.5,1001.0,27.7,12.241509132410854,-5.450271017215717
2017-04-07 07:00:00,0.0,0.0,0.0,0.0,29.7,64.0,22.2,1001.9,24.5,9.328529057720688,-5.8291119065652515
2017-04-07 08:00:00,0.0,0.0,0.0,0.0,32.1,54.0,21.5,1002.7,24.1,2.887830165838181,-6.486172749262466
2017-04-07 09:00:00,0.06,0.0,0.0,0.06,34.6,40.0,19.1,1002.7,22.0,-1.1257730727216144,-5.791600382341218
2017-04-07 10:00:00,0.04,0.0,0.0,0.04,36.7,32.0,17.0,1002.1,21.6,-2.907803098047884,-4.3109953772862175
2017-04-07 11:00:00,0.08,0.0,0.08,0.0,38.5,26.0,15.8,1001.1,25.9,-5.750175672340508,-4.333068166694748
2017-04-07 12:00:00,0.38,0.0,0.38,0.01,39.5,23.0,14.7,999.9,32.8,-12.291741482791117,-4.232386007943038
2017-04-07 13:00:00,0.13,0.0,0.13,0.0,38.4,26.0,15.8,998.7,34.6,-8.939733772226367,2.5634274090980913
2017-04-07 14:00:00,0.27,0.0,0.27,0.0,38.2,28.0,16.2,997.5,37.1,-16.889704976622717,-0.5898014942722682
2017-04-07 15:00:00,0.17,0.0,0.17,0.0,37.5,27.0,15.4,997.0,40.7,-17.67369318628685,7.502037666994056
2017-04-07 16:00:00,0.07,0.0,0.07,0.0,35.7,35.0,18.0,997.2,41.8,-16.546871294637633,11.586244014291132
2017-04-07 17:00:00,0.03,0.0,0.06,0.0,33.9,42.0,19.3,997.5,41.8,-16.580751451100834,11.183858069414933
2017-04-07 18:00:00,0.05,0.0,0.05,0.0,31.5,57.0,21.9,998.1,37.8,-14.010734976180204,9.450360068655618
2017-04-07 19:00:00,0.07,0.0,0.07,0.0,29.9,63.0,22.1,999.0,31.0,-11.500351344681015,8.666136333389497
2017-04-07 20:00:00,0.02,0.0,0.02,0.0,29.0,71.0,23.0,1000.1,25.9,2.179154398749824,4.276831316104166
2017-04-07 21:00:00,0.01,0.0,0.01,0.0,29.0,65.0,21.7,1000.8,12.6,5.086367523815789,1.0811407922523508
2017-04-07 22:00:00,0.02,0.0,0.02,0.0,30.3,56.0,20.5,1001.3,9.0,2.4905416147351485,-2.1649947956686733
2017-04-07 23:00:00,0.0,0.0,0.0,0.0,28.6,59.0,19.9,1001.1,7.6,3.5748714227020653,-2.894873798829252
2017-04-08 00:00:00,0.0,0.0,0.0,0.0,28.2,65.0,21.0,1000.3,12.6,5.750175672340511,-4.333068166694745
2017-04-08 01:00:00,0.0,0.0,0.0,0.0,27.3,75.0,22.5,999.8,12.6,3.604268994871564,-2.523736319944603
2017-04-08 02:00:00,0.0,0.0,0.0,0.0,26.6,80.0,23.0,999.0,7.2,3.2526911934581193,-3.2526911934581175
2017-04-08 03:00:00,0.01,0.0,0.01,0.0,26.7,80.0,23.0,999.0,8.6,3.964183272437243,-2.8801477362331176
2017-04-08 04:00:00,0.0,0.0,0.0,0.0,26.4,82.0,23.1,999.2,9.0,3.604268994871564,-2.523736319944603
2017-04-08 05:00:00,0.0,0.0,0.0,0.0,26.8,80.0,23.1,999.4,7.9,-1.8017254983928965,-2.883363526931848
2017-04-08 06:00:00,0.02,0.02,0.0,0.0,27.0,82.0,23.8,1000.1,4.0,2.1554976886431083,-1.4539015490239422
2017-04-08 07:00:00,0.01,0.01,0.0,0.0,28.8,80.0,25.0,1001.1,12.6,1.0549740469210396,-2.4853631043215887
2017-04-08 08:00:00,0.01,0.01,0.0,0.0,31.2,65.0,23.8,1002.1,15.8,-1.8221342821066668,-2.5079526825623373
2017-04-08 09:00:00,0.1,0.1,0.0,0.0,34.0,48.0,21.5,1002.2,20.9,-5.062776693988422,-2.1490212066910055
2017-04-08 10:00:00,0.07,0.06,0.03,0.0,36.2,38.0,19.6,1002.0,27.7,-9.030970087718508,-1.755442757464213
2017-04-08 11:00:00,0.38,0.0,0.38,0.0,37.6,29.0,16.7,1001.3,35.3,-14.788937659455698,-1.8158532167366976
2017-04-08 12:00:00,0.27,0.0,0.27,0.0,37.6,27.0,15.1,1000.6,40.3,-16.58949940026552,-3.2246720218636087
2017-04-08 13:00:00,0.09,0.0,0.09,0.0,38.2,24.0,13.8,999.3,39.6,-15.086701504948095,1.85241401975824
2017-04-08 14:00:00,0.2,0.0,0.2,0.0,37.4,28.0,15.6,998.2,42.5,-18.667309637248103,2.9566113892603623
2017-04-08 15:00:00,0.22,0.0,0.22,0.0,36.2,30.0,16.0,998.1,42.5,-19.01779623500953,4.741669153753489
2017-04-08 16:00:00,0.17,0.0,0.17,0.0,35.0,37.0,18.0,998.1,42.8,-17.213440759560633,7.3066721027494195
2017-04-08 17:00:00,0.25,0.0,0.07,0.0,33.1,47.0,20.3,998.5,39.6,-16.596590996745494,6.705458022144826
2017-04-08 18:00:00,0.17,0.0,0.17,0.0,31.0,57.0,21.5,999.0,34.6,-11.109430059649181,6.9419423614549824
2017-04-08 19:00:00,0.06,0.0,0.06,0.0,30.0,64.0,22.4,999.9,24.5,-6.772276228582243,8.668118289673941
2017-04-08 20:00:00,0.01,0.0,0.01,0.0,29.4,66.0,22.4,1000.7,19.8,-1.7712114122026887,10.045039080724521
2017-04-08 21:00:00,0.01,0.0,0.01,0.0,28.9,67.0,22.0,1001.5,18.4,-0.6766377953180175,9.676371287520293
2017-04-08 22:00:00,0.0,0.0,0.0,0.0,28.2,73.0,22.9,1002.2,16.9,2.863776532993934,5.385980316439453
2017-04-08 23:00:00,0.0,0.0,0.0,0.0,27.9,76.0,23.2,1002.1,10.4,4.3,7.898971854500428e-16
2017-04-09 00:00:00,0.0,0.0,0.0,0.0,27.6,74.0,22.6,1001.4,7.6,3.9282454678631846,-1.7489675652259389
2017-04-09 01:00:00,0.11,0.0,0.0,0.11,27.4,74.0,22.4,1000.7,9.0,4.6796222421523135,-2.488199282765219
2017-04-09 02:00:00,0.92,0.0,0.0,0.92,26.9,79.0,23.0,999.9,10.8,5.702441754805555,-2.9055391983330985
2017-04-09 03:00:00,0.65,0.0,0.0,0.65,26.4,85.0,23.6,999.7,11.9,5.702441754805555,-2.9055391983330985
2017-04-09 04:00:00,0.2,0.0,0.0,0.2,26.1,86.0,23.6,999.9,11.5,4.98963653545486,-2.542346798541461
2017-04-09 05:00:00,0.0,0.0,0.0,0.86,26.5,84.0,23.7,1000.3,11.2,2.475670171853926,0.3479327524001646
2017-04-09 06:00:00,0.71,0.0,0.0,0.71,26.9,83.0,23.8,1000.8,5.0,2.9,5.327213576290986e-16
2017-04-09 07:00:00,0.63,0.0,0.0,0.63,29.0,71.0,23.1,1001.7,13.3,3.6320205787563564,-0.705993282893217
2017-04-09 08:00:00,0.71,0.0,0.02,0.71,31.8,54.0,21.2,1002.5,17.3,4.3,7.898971854500428e-16
2017-04-09 09:00:00,0.54,0.0,0.01,0.53,34.3,41.0,19.1,1002.7,17.6,1.8000513314744355,1.0815799573111142
2017-04-09 10:00:00,0.05,0.02,0.05,0.0,36.3,33.0,17.4,1002.2,19.4,-1.4474368994146258,1.7874357113510329
2017-04-09 11:00:00,0.08,0.0,0.08,0.0,37.8,28.0,16.0,1001.6,22.7,-5.7247447850283795,1.42733918403804
2017-04-09 12:00:00,0.57,0.0,0.57,0.0,39.0,23.0,14.1,1000.4,33.8,-14.025174436450955,2.2213694035712774
2017-04-09 13:00:00,0.22,0.0,0.22,0.0,37.8,24.0,13.8,999.2,43.9,-19.094820391070847,2.006946494738948
2017-04-09 14:00:00,0.25,0.0,0.1,0.17,37.7,25.0,14.2,997.8,42.5,-18.74460307079722,5.374928438431482
2017-04-09 15:00:00,0.27,0.0,0.19,0.09,37.0,27.0,15.1,997.3,44.3,-16.20046198326992,9.734219615800026
2017-04-09 16:00:00,0.14,0.0,0.14,0.0,35.5,31.0,15.6,997.5,40.7,-15.41366534391275,11.615029946834534
2017-04-09 17:00:00,0.15,0.0,0.16,0.0,33.5,41.0,18.5,998.2,39.6,-13.673864788784053,12.31200315700299
2017-04-09 18:00:00,0.1,0.0,0.1,0.0,31.5,52.0,20.4,998.7,36.0,-10.348880515953287,12.333315534215545
2017-04-09 19:00:00,0.15,0.0,0.15,0.0,30.2,64.0,22.6,999.7,29.9,-5.3943349451891365,13.351447505761737
2017-04-09 20:00:00,0.1,0.0,0.1,0.0,29.4,69.0,23.1,1000.5,26.3,-1.8772135804827719,11.852260087141651
2017-04-09 21:00:00,0.31,0.0,0.06,0.25,28.8,74.0,23.8,1001.2,22.3,0.7324429743133154,10.474422527728153
2017-04-09 22:00:00,0.34,0.0,0.01,0.33,28.5,76.0,23.8,1002.1,18.7,0.723392664805561,8.268415994161488
2017-04-09 23:00:00,0.33,0.0,0.0,0.33,28.0,76.0,23.3,1001.8,14.8,1.846908773958611,5.074340152243906
2017-04-10 00:00:00,0.35,0.0,0.0,0.35,27.3,78.0,23.0,1001.4,9.0,3.2360929164157652,1.7937955949114464
2017-04-10 01:00:00,0.76,0.0,0.0,0.76,27.1,77.0,22.8,1000.6,6.1,4.283637201794505,0.37476969381493047
2017-04-10 02:00:00,0.81,0.0,0.0,0.81,27.1,76.0,22.5,999.7,8.6,5.086367523815789,-1.0811407922523493
2017-04-10 03:00:00,0.74,0.0,0.0,0.74,26.6,79.0,22.7,999.3,9.0,5.086367523815789,-1.0811407922523493
2017-04-10 04:00:00,0.78,0.0,0.0,0.78,26.3,81.0,22.8,999.4,9.7,5.785871491506981,-0.40458754771592625
2017-04-10 05:00:00,0.69,0.0,0.0,0.49,26.1,85.0,23.5,999.7,11.9,2.894873798829253,3.5748714227020653
2017-04-10 06:00:00,0.43,0.0,0.0,0.43,26.6,82.0,23.2,1000.2,11.2,5.388744221607772,3.6347538725598527
2017-04-10 07:00:00,0.22,0.0,0.0,0.22,29.0,68.0,22.5,1000.9,19.8,7.612985411107861,3.549993398621873
2017-04-10 08:00:00,0.79,0.0,0.0,0.79,31.7,55.0,21.5,1001.7,24.1,8.588939923774253,3.296985135816766
2017-04-10 09:00:00,0.81,0.0,0.0,0.81,34.0,44.0,19.9,1002.1,24.5,6.16289295184922,2.873804179836754
2017-04-10 10:00:00,0.84,0.05,0.18,0.82,36.1,33.0,17.4,1001.8,23.0,2.4905416147351476,2.1649947956686737
2017-04-10 11:00:00,0.87,0.0,0.09,0.85,38.0,27.0,15.6,1000.9,19.8,-1.453901549023942,2.1554976886431083
2017-04-10 12:00:00,0.96,0.0,0.19,0.93,39.2,24.0,14.8,999.6,25.9,-7.171881598543045,3.975438886019963
2017-04-10 13:00:00,0.95,0.0,0.58,0.93,37.5,29.0,16.3,998.6,37.4,-14.772816928697397,6.8886776663733995
2017-04-10 14:00:00,0.85,0.0,0.19,0.78,37.1,30.0,16.8,997.4,37.4,-10.81280698461469,7.571208959833809
2017-04-10 15:00:00,0.98,0.0,0.38,0.95,36.8,32.0,17.3,996.5,34.6,-12.663925575975902,8.22404942872691
2017-04-10 16:00:00,0.81,0.0,0.08,0.79,36.0,32.0,16.8,996.4,35.3,-13.762023704413695,9.282602197614395
2017-04-10 17:00:00,0.99,0.0,0.16,0.99,34.0,40.0,18.6,996.7,37.1,-12.484833068020224,11.241394186828819
2017-04-10 18:00:00,0.99,0.0,0.11,0.99,32.3,47.0,19.8,997.5,32.8,-7.284420741658283,10.403230962470197
2017-04-10 19:00:00,0.95,0.0,0.02,0.95,31.6,56.0,21.7,998.2,23.0,-4.311408416603484,9.683581851011567
2017-04-10 20:00:00,0.94,0.0,0.01,0.94,31.4,59.0,22.4,999.4,19.4,1.846908773958611,5.074340152243906
2017-04-10 21:00:00,0.98,0.0,0.0,0.98,30.8,58.0,21.5,1000.3,18.0,10.793420931806235,-0.3769145643870139
2017-04-10 22:00:00,0.75,0.0,0.01,0.75,29.5,67.0,22.6,1000.9,24.8,13.997867732189478,-0.24433369012196382
2017-04-10 23:00:00,0.12,0.0,0.02,0.1,29.0,69.0,22.8,1000.6,27.0,15.097700196861508,0.26353133720298083
2017-04-11 00:00:00,0.31,0.0,0.02,0.31,28.5,72.0,23.0,1000.0,28.1,15.878209602597725,-0.8321417042628088
2017-04-11 01:00:00,0.64,0.0,0.12,0.61,28.0,75.0,23.2,999.2,28.4,15.812898136355548,-1.6620025659556825
2017-04-11 02:00:00,0.78,0.0,0.0,0.78,27.7,77.0,23.2,998.4,29.9,16.249327924701433,-2.8651949315043446
2017-04-11 03:00:00,0.83,0.0,0.0,0.83,27.5,76.0,23.0,998.0,29.9,15.117058625094025,-2.9384585287987948
2017-04-11 04:00:00,0.03,0.0,0.0,0.03,27.4,77.0,22.9,998.1,27.4,14.075636441168275,-4.573451516749219
2017-04-11 05:00:00,0.18,0.0,0.03,0.68,27.5,79.0,23.5,997.8,26.6,10.755332712974734,-4.345436483624579
2017-04-11 06:00:00,0.88,0.0,0.02,0.88,27.9,77.0,23.5,998.7,20.5,8.993683389297837,-3.633683956134346
2017-04-11 07:00:00,0.86,0.0,0.0,0.86,30.0,66.0,23.0,999.7,19.4,6.81173591554806,-2.891410350820624
2017-04-11 08:00:00,0.77,0.0,0.03,0.77,31.9,59.0,22.8,1000.7,19.1,2.493024310163928,-2.867896404846533
2017-04-11 09:00:00,0.97,0.04,0.09,0.95,34.0,50.0,22.0,1001.2,17.6,0.3479327524001647,-2.475670171853926
2017-04-11 10:00:00,0.93,0.05,0.07,0.92,36.0,40.0,20.1,1000.8,19.8,5.388445916248355e-16,-2.2
2017-04-11 11:00:00,1.0,0.13,0.15,1.0,37.8,33.0,18.7,1000.0,19.8,5.388445916248355e-16,-2.2
2017-04-11 12:00:00,0.95,0.03,0.27,0.95,39.8,29.0,18.2,998.3,19.8,-1.7669289302057951,0.34345619167778063
2017-04-11 13:00:00,0.99,0.0,0.63,0.97,36.8,35.0,19.0,997.8,39.2,-16.544072278160517,5.058030491703344
2017-04-11 14:00:00,0.94,0.0,0.32,0.92,36.8,35.0,19.0,996.8,40.0,-3.633958072659535,1.1110124779463992
2017-04-11 15:00:00,0.94,0.0,0.22,0.94,36.1,39.0,20.0,996.2,29.5,-10.05471104240922,3.659615533584655
2017-04-11 16:00:00,0.96,0.0,0.16,0.96,35.5,42.0,20.5,996.0,28.1,-3.5875911898228954,6.472185832831529
2017-04-11 17:00:00,0.96,0.0,0.28,0.64,35.0,40.0,19.5,996.6,21.6,-9.355568503977864,4.766900247265241
2017-04-11 18:00:00,0.68,0.0,0.06,0.65,33.3,47.0,20.5,997.3,23.0,-8.268905225952334,4.033014550459513
2017-04-11 19:00:00,0.9,0.0,0.1,0.89,32.7,51.0,21.2,998.7,17.3,-2.1874299874788528,-0.7107390870623791
2017-04-11 20:00:00,1.0,0.02,0.08,1.0,31.6,55.0,21.5,999.8,13.7,8.306962106085988,-2.2258437878816744
2017-04-11 21:00:00,0.98,0.0,0.0,0.98,30.1,64.0,22.6,1000.8,22.3,11.535326622311667,-3.971931484377307
2017-04-11 22:00:00,0.98,0.0,0.0,0.98,29.8,66.0,22.6,1001.1,22.7,11.542141688658907,-2.453357951649562
2017-04-11 23:00:00,1.0,0.0,0.0,1.0,29.4,68.0,22.8,1001.1,23.8,12.29174148279112,-4.232386007943032
2017-04-12 00:00:00,0.99,0.0,0.0,0.99,28.8,70.0,22.9,1000.5,24.8,12.575397055470916,-4.33005645428018
2017-04-12 01:00:00,1.0,0.0,0.01,1.0,28.5,72.0,23.0,999.7,25.2,12.976767928311105,-4.981314498679676
2017-04-12 02:00:00,0.99,0.0,0.0,0.99,27.9,75.0,23.0,999.0,25.6,12.976767928311105,-4.981314498679676
2017-04-12 03:00:00,0.98,0.0,0.0,0.98,27.5,76.0,22.9,998.3,24.8,11.876090949353815,-5.287576359985397
2017-04-12 04:00:00,0.99,0.0,0.0,0.99,27.2,77.0,22.8,998.3,23.4,11.145046174109671,-5.43580222018456
2017-04-12 05:00:00,0.94,0.0,0.06,0.99,27.5,78.0,23.4,998.9,22.3,9.355568503977864,-4.76690024726524
2017-04-12 06:00:00,0.93,0.0,0.0,0.93,27.9,76.0,23.4,999.4,19.8,9.328529057720688,-5.8291119065652515
2017-04-12 07:00:00,0.82,0.0,0.02,0.82,30.0,66.0,22.9,1000.1,21.2,6.876644452187055,-4.99617464448602
2017-04-12 08:00:00,0.38,0.0,0.05,0.36,32.2,56.0,22.2,1000.8,20.5,1.7613968679372018,-5.421022142882375
2017-04-12 09:00:00,0.04,0.0,0.04,0.0,34.8,44.0,20.8,1001.5,21.6,-1.4273391840380396,-5.7247447850283795
2017-04-12 10:00:00,0.08,0.02,0.04,0.03,37.2,33.0,18.4,1001.3,27.0,-4.702282018339785,-6.47213595499958
2017-04-12 11:00:00,0.04,0.01,0.04,0.0,38.9,27.0,16.5,1000.4,30.2,-7.159697488039782,-7.951649632608118
2017-04-12 12:00:00,0.06,0.0,0.06,0.0,40.0,23.0,14.8,999.0,33.8,-10.861442936643183,-8.184684314867857
2017-04-12 13:00:00,0.55,0.0,0.49,0.23,40.4,20.0,13.1,997.6,41.4,-18.356428330471317,-3.5681282135413896
2017-04-12 14:00:00,0.96,0.0,0.27,0.93,37.8,33.0,18.6,996.6,52.9,-25.184648840881213,0.879467316903024
2017-04-12 15:00:00,0.95,0.0,0.17,0.92,36.2,39.0,20.2,996.4,52.6,-20.46341825119426,9.110900804897925
2017-04-12 16:00:00,0.96,0.0,0.28,0.95,34.7,42.0,19.9,996.8,46.1,-17.944894183325673,8.367841582465847
2017-04-12 17:00:00,0.99,0.0,0.27,0.89,33.5,46.0,20.4,997.2,41.0,-19.470860945902537,7.866738461734154
2017-04-12 18:00:00,0.81,0.0,0.23,0.76,31.5,59.0,22.6,997.7,40.3,-15.761662348876785,9.099999999999996
2017-04-12 19:00:00,0.47,0.0,0.21,0.32,30.5,67.0,23.7,998.9,33.8,-10.430991582724042,6.518006950068419
2017-04-12 20:00:00,0.15,0.0,0.12,0.04,30.0,69.0,23.6,999.9,22.7,-2.863776532993933,5.385980316439454
2017-04-12 21:00:00,0.13,0.0,0.08,0.08,29.5,71.0,23.5,1001.1,10.1,1.761649323676896,-0.7117525274902327
2017-04-12 22:00:00,0.96,0.0,0.04,0.95,29.1,71.0,23.4,1001.6,6.8,-0.7059932828932158,-3.632020578756357
2017-04-12 23:00:00,0.99,0.0,0.02,0.99,28.9,71.0,23.1,1001.2,9.0,-2.197614961051637,-4.7128004925905795
2017-04-13 00:00:00,0.97,0.0,0.01,0.97,28.5,71.0,22.8,1000.2,11.2,-0.31924933308195735,-6.0916401620029
2017-04-13 01:00:00,0.1,0.0,0.0,0.1,28.0,72.0,22.5,999.4,11.2,1.8364363038995872,-4.326372811226469
2017-04-13 02:00:00,0.03,0.0,0.02,0.01,27.5,74.0,22.5,999.0,9.4,3.2095339943541727,-3.96344440343055
2017-04-13 03:00:00,0.09,0.0,0.01,0.08,27.1,75.0,22.3,999.0,9.7,1.8159619989581879,-3.564026096753471
2017-04-13 04:00:00,0.4,0.0,0.0,0.4,26.9,76.0,22.4,999.3,8.3,3.2526911934581193,-3.2526911934581175
2017-04-13 05:00:00,0.54,0.0,0.01,0.18,27.0,75.0,22.2,999.7,11.2,2.181643291108516,-3.9357886821272814
2017-04-13 06:00:00,0.15,0.0,0.0,0.15,27.8,71.0,22.1,1000.0,13.3,5.387787044493737,-5.777694242791449
2017-04-13 07:00:00,0.41,0.02,0.03,0.39,30.0,63.0,22.4,1000.8,20.5,4.040515447681968,-7.929958065276474
2017-04-13 08:00:00,0.48,0.04,0.06,0.44,32.8,50.0,21.0,1001.6,23.8,2.204364238465236e-15,-9.0
2017-04-13 09:00:00,0.5,0.01,0.35,0.22,35.3,38.0,18.7,1002.2,24.1,-4.326319829244455,-7.200205325897744
2017-04-13 10:00:00,0.55,0.0,0.34,0.37,36.2,34.0,17.9,1002.2,28.1,-8.196675541373065,-6.877827423645971
2017-04-13 11:00:00,0.76,0.0,0.38,0.69,37.0,32.0,17.5,1001.5,34.2,-11.855237287537097,-7.9964585196316795
2017-04-13 12:00:00,0.61,0.0,0.35,0.39,37.0,31.0,16.9,1000.5,36.7,-10.790097005079765,-10.419875556884959
2017-04-13 13:00:00,0.27,0.0,0.27,0.01,37.9,30.0,17.5,998.8,36.0,-9.334970206477495,-4.352968095929205
2017-04-13 14:00:00,0.49,0.0,0.45,0.14,34.8,41.0,19.8,998.4,44.3,-19.488121126872368,0.6805401856987686
2017-04-13 15:00:00,0.38,0.0,0.26,0.15,36.5,32.0,17.4,997.7,42.5,-12.938717261796304,-2.049291492027025
2017-04-13 16:00:00,0.45,0.0,0.34,0.24,33.8,49.0,21.7,998.3,32.0,-12.277062816293963,2.8343832847326995
2017-04-13 17:00:00,0.49,0.0,0.36,0.15,33.5,55.0,23.3,998.1,30.2,-16.26306642864713,5.2841906038115996
2017-04-13 18:00:00,0.3,0.0,0.3,0.04,31.3,63.0,23.5,998.9,34.9,-11.107670280670327,6.15708217712848
2017-04-13 19:00:00,0.34,0.0,0.25,0.13,30.0,78.0,25.6,1000.1,24.5,-8.632077604063813,8.335900445507969
2017-04-13 20:00:00,0.04,0.0,0.03,0.02,29.4,80.0,25.6,1000.7,23.8,-3.9333692308670787,9.735430472951267
2017-04-13 21:00:00,0.48,0.02,0.03,0.45,28.9,85.0,26.2,1001.5,19.8,-1.4171916423663506,6.1385314081469815
2017-04-13 22:00:00,0.93,0.01,0.03,0.93,28.5,87.0,26.2,1002.1,11.5,-2.5079526825623373,1.8221342821066664
2017-04-13 23:00:00,0.97,0.01,0.05,0.97,28.2,89.0,26.1,1001.9,7.6,-3.9467090073008158,1.4364846019678086
2017-04-14 00:00:00,0.96,0.03,0.0,0.96,27.9,91.0,26.3,1001.1,7.6,-2.875087836170254,-2.166534083347374
2017-04-14 01:00:00,0.78,0.13,0.01,0.72,27.5,93.0,26.2,1000.2,7.2,0.6945927106677215,-3.939231012048832
2017-04-14 02:00:00,0.93,0.13,0.0,0.91,27.2,94.0,26.1,999.3,9.4,3.2095339943541727,-3.96344440343055
2017-04-14 03:00:00,0.95,0.21,0.01,0.93,27.5,89.0,25.6,998.8,10.8,5.377666356487367,-2.1727182418122895
2017-04-14 04:00:00,1.0,0.12,0.0,1.0,27.3,84.0,24.3,999.0,14.8,8.63563196385637,-2.1531048708370406
2017-04-14 05:00:00,0.99,0.03,0.0,0.97,27.2,80.0,23.4,999.7,21.6,8.609923976848174,-4.014873486536646
2017-04-14 06:00:00,0.99,0.04,0.06,0.99,27.7,76.0,23.1,1000.2,22.3,11.510672766296773,-5.124881702755077
2017-04-14 07:00:00,0.96,0.08,0.08,0.95,29.3,68.0,22.8,1000.9,24.1,9.708278749247292,-5.381386784734343
2017-04-14 08:00:00,0.94,0.07,0.07,0.94,31.5,58.0,22.3,1001.6,24.1,6.509047944410616,-6.069785404556239
2017-04-14 09:00:00,0.65,0.0,0.02,0.64,34.0,48.0,21.5,1001.7,23.4,3.267834210090162,-5.032023407672544
2017-04-14 10:00:00,0.91,0.03,0.02,0.91,36.4,36.0,19.0,1001.4,21.6,3.2095339943541727,-3.96344440343055
2017-04-14 11:00:00,0.7,0.0,0.15,0.66,38.4,28.0,16.4,1000.4,23.8,1.0793978087775948,-6.81504955010645
2017-04-14 12:00:00,0.36,0.0,0.11,0.34,40.0,20.0,13.1,998.8,28.4,-0.3280552690035091,-9.394273773979501
2017-04-14 13:00:00,0.21,0.0,0.17,0.04,41.0,17.0,11.4,997.2,29.5,-4.60082131530173,-8.652886410017485
2017-04-14 14:00:00,0.76,0.0,0.12,0.76,39.2,24.0,15.2,996.1,33.1,-12.94437166566306,7.175182379645788
2017-04-14 15:00:00,0.96,0.0,0.24,0.94,36.0,35.0,18.1,995.9,54.0,-17.505390935566727,18.127362968534012
2017-04-14 16:00:00,0.82,0.0,0.12,0.79,35.3,43.0,20.8,995.9,50.8,-16.886195823831613,10.14625007572807
2017-04-14 17:00:00,0.4,0.0,0.18,0.96,35.0,36.0,17.6,997.1,40.3,-10.365732658050016,11.924411367519799
2017-04-14 18:00:00,0.97,0.0,0.07,0.97,33.5,40.0,18.1,997.6,30.6,-7.9283665448744856,5.760295472466236
2017-04-14 19:00:00,0.9,0.0,0.07,0.9,32.3,49.0,20.2,998.4,17.6,-2.8750878361702537,2.1665340833473743
2017-04-14 20:00:00,0.71,0.0,0.04,0.71,31.6,51.0,20.2,999.4,19.4,11.916173811447718,-2.1011429497698524
2017-04-14 21:00:00,0.26,0.0,0.06,0.23,29.9,65.0,22.6,1000.2,28.8,15.102736004171147,-3.486741342329906
2017-04-14 22:00:00,0.17,0.0,0.04,0.13,29.4,69.0,23.0,1000.7,32.0,17.632646156223895,-1.5426566466335445
2017-04-14 23:00:00,0.74,0.0,0.05,0.72,28.8,72.0,23.3,1000.2,34.6,18.667309637248103,-2.9566113892603596
2017-04-15 00:00:00,1.0,0.0,0.02,1.0,28.3,74.0,23.2,999.5,36.0,19.794635835545385,-3.4903283711052926
2017-04-15 01:00:00,0.88,0.0,0.02,0.88,27.9,75.0,23.1,998.7,36.0,18.749079203850382,-3.644451811692012
2017-04-15 02:00:00,0.36,0.0,0.03,0.34,27.6,76.0,23.1,997.9,33.8,15.502221215611005,-5.03697700831164
2017-04-15 03:00:00,0.01,0.0,0.01,0.0,27.4,78.0,23.1,997.5,29.2,13.629602662131774,-5.506716923213905
2017-04-15 04:00:00,0.02,0.0,0.02,0.0,27.1,79.0,23.1,997.5,26.6,12.887067948334167,-5.470235798849829
2017-04-15 05:00:00,0.01,0.0,0.0,0.81,27.0,79.0,23.1,998.4,25.2,7.947845481490629,-3.5386087947594578
2017-04-15 06:00:00,0.82,0.0,0.0,0.82,27.5,77.0,23.1,999.0,16.6,8.319851376878407,-2.543633831087809
2017-04-15 07:00:00,0.78,0.0,0.0,0.78,29.8,66.0,22.6,999.8,19.4,7.1859411745548085,-2.474317973874388
2017-04-15 08:00:00,0.92,0.0,0.0,0.92,32.0,56.0,22.0,1000.5,19.4,2.8678964048465345,-2.4930243101639267
2017-04-15 09:00:00,0.59,0.0,0.0,0.59,34.2,47.0,21.2,1000.5,16.9,0.3434561916777804,-1.7669289302057951
2017-04-15 10:00:00,0.47,0.0,0.0,0.47,36.5,38.0,19.8,1000.1,16.9,-0.33991869381244216,-1.0461621679246689
2017-04-15 11:00:00,0.4,0.03,0.13,0.35,38.8,28.0,16.9,999.1,20.5,-2.1631599146222276,-3.600102662948872
2017-04-15 12:00:00,0.33,0.0,0.2,0.19,40.5,20.0,13.0,997.8,29.5,-6.4996022500421216,-8.625263508510763
2017-04-15 13:00:00,0.26,0.0,0.25,0.02,40.7,19.0,12.7,996.4,31.7,-9.663489671572243,-7.281961780139784
2017-04-15 14:00:00,0.17,0.0,0.14,0.07,40.0,21.0,13.8,995.6,31.3,-11.14504617410967,5.435802220184561
2017-04-15 15:00:00,0.57,0.0,0.49,0.13,36.3,39.0,20.0,995.0,45.7,-13.781564030181903,18.288753180083006
2017-04-15 16:00:00,0.56,0.0,0.51,0.15,36.2,37.0,19.2,995.0,47.2,-9.384699101423475,11.184248869537077
2017-04-15 17:00:00,0.66,0.0,0.46,0.73,35.0,38.0,18.5,995.4,31.3,-9.628601983062513,11.890333210291656
2017-04-15 18:00:00,0.23,0.0,0.23,0.01,34.4,38.0,18.1,995.9,29.2,-4.971631089293716,6.139453095510071
2017-04-15 19:00:00,0.09,0.0,0.09,0.01,33.2,42.0,18.7,997.3,14.0,5.821436275322065,-6.4653599816533305
2017-04-15 20:00:00,0.05,0.0,0.0,0.05,30.5,64.0,23.0,998.0,35.6,19.45390457216991,-2.388639130740895
2017-04-15 21:00:00,0.08,0.0,0.08,0.01,30.2,66.0,23.2,998.8,35.3,18.3971975908776,0.3211242784460163
2017-04-15 22:00:00,0.05,0.0,0.05,0.01,29.5,69.0,23.2,999.1,35.3,19.053473359962645,-1.3323486485127918
2017-04-15 23:00:00,0.02,0.0,0.02,0.01,29.0,71.0,23.3,999.1,35.3,17.96508534470793,-2.2058351156331732
2017-04-16 00:00:00,0.04,0.0,0.04,0.0,28.5,73.0,23.1,998.7,33.8,18.371003135069564,-2.909681049748291
2017-04-16 01:00:00,0.08,0.0,0.08,0.0,28.1,74.0,23.1,998.0,33.8,18.317424206027074,-3.229856104604898
2017-04-16 02:00:00,0.01,0.0,0.01,0.0,28.0,74.0,23.0,997.4,35.3,19.508280954208935,-2.7417100889132895
2017-04-16 03:00:00,0.07,0.0,0.07,0.01,27.8,74.0,22.9,997.0,36.7,20.188558936750265,-3.5597876421720644
2017-04-16 04:00:00,0.01,0.0,0.01,0.0,27.8,74.0,22.8,997.2,36.7,19.105270408436837,-3.368774646738441
2017-04-16 05:00:00,0.04,0.0,0.0,0.0,27.8,78.0,23.5,997.8,34.9,14.770028771080463,-3.1394665313481678
2017-04-16 06:00:00,0.08,0.0,0.02,0.06,28.3,75.0,23.4,998.6,26.6,13.269592121137043,-1.8649195528648772
2017-04-16 07:00:00,0.0,0.0,0.0,0.0,30.5,64.0,23.0,999.5,31.0,15.079305974794064,-0.7902729392684535
2017-04-16 08:00:00,0.02,0.0,0.01,0.01,33.0,54.0,22.4,1000.3,34.6,15.861268399131205,1.1091279325315968
2017-04-16 09:00:00,0.01,0.0,0.01,0.0,35.3,45.0,21.5,1000.6,36.7,15.855404823496551,2.7957356604375785
2017-04-16 10:00:00,0.02,0.0,0.02,0.0,37.6,35.0,19.5,1000.5,37.8,14.778665142222746,3.959931390068566
2017-04-16 11:00:00,0.25,0.01,0.25,0.0,39.2,27.0,17.0,999.5,36.7,12.267257993871167,3.2870018728020116
2017-04-16 12:00:00,0.32,0.0,0.32,0.0,40.5,23.0,15.1,998.3,32.8,6.81504955010645,1.0793978087775942
2017-04-16 13:00:00,0.44,0.0,0.41,0.27,39.5,22.0,13.9,997.6,24.1,-0.7071067811865476,0.7071067811865475
2017-04-16 14:00:00,0.23,0.0,0.22,0.07,38.5,24.0,14.1,996.9,29.9,-9.676371287520293,0.6766377953180156
2017-04-16 15:00:00,0.56,0.0,0.56,0.25,38.2,23.0,13.6,996.2,26.6,10.8062437423823,3.3038002633669294
2017-04-16 16:00:00,0.69,0.0,0.69,0.08,36.8,28.0,15.6,996.5,33.5,15.462242779027275,1.0812253430339465
2017-04-16 17:00:00,0.31,0.0,0.3,0.02,36.4,29.0,15.4,996.4,42.8,9.355568503977862,4.7669002472652435
2017-04-16 18:00:00,0.17,0.0,0.17,0.01,34.0,43.0,19.8,997.0,27.0,15.151101451746028,-2.129348444689002
2017-04-16 19:00:00,0.1,0.0,0.1,0.0,31.8,56.0,22.0,997.6,34.2,18.371003135069564,-2.909681049748291
2017-04-16 20:00:00,0.08,0.0,0.07,0.01,30.9,62.0,22.6,998.8,34.6,18.697151899424515,-0.32636000037719454
2017-04-16 21:00:00,0.04,0.0,0.03,0.02,30.1,67.0,23.2,999.6,38.2,20.84908865043033,-1.457910301252217
2017-04-16 22:00:00,0.05,0.0,0.05,0.01,29.6,69.0,23.3,1000.6,38.5,20.84908865043033,-1.457910301252217
2017-04-16 23:00:00,0.04,0.0,0.04,0.0,29.0,71.0,23.4,1000.4,38.9,21.596710215378053,-0.37697197904531565
2017-04-17 00:00:00,0.08,0.0,0.08,0.0,28.6,73.0,23.2,1000.0,39.6,21.596710215378053,-0.37697197904531565
2017-04-17 01:00:00,0.06,0.0,0.06,0.0,28.5,72.0,23.0,999.4,39.6,21.986598194420107,-0.7677889274550282
2017-04-17 02:00:00,0.04,0.0,0.04,0.0,28.1,73.0,23.0,998.6,40.0,22.0,4.0413344371862654e-15
2017-04-17 03:00:00,0.02,0.0,0.02,0.0,27.8,75.0,23.0,998.4,41.0,22.69654268005008,-0.39616962612632706
2017-04-17 04:00:00,0.04,0.01,0.03,0.0,27.6,76.0,23.0,998.6,41.0,21.58684186361247,-0.7538291287740277
2017-04-17 05:00:00,0.02,0.01,0.03,0.0,27.8,77.0,23.4,999.5,39.6,21.986598194420107,-0.7677889274550282
2017-04-17 06:00:00,0.08,0.05,0.03,0.0,28.1,74.0,23.1,1000.2,41.0,21.196771137315494,0.36999101647041016
2017-04-17 07:00:00,0.01,0.0,0.01,0.0,30.1,65.0,22.8,1000.9,42.8,21.986598194420107,-0.7677889274550282
2017-04-17 08:00:00,0.01,0.0,0.01,0.0,32.8,53.0,22.1,1001.2,43.6,21.24811427053426,-1.485812890749867
2017-04-17 09:00:00,0.01,0.0,0.01,0.0,35.6,43.0,21.0,1001.4,43.6,19.47327592771419,-1.0205511467374069
2017-04-17 10:00:00,0.03,0.0,0.02,0.01,37.4,35.0,19.4,1001.4,42.1,17.59731943475249,0.30716235329618957
2017-04-17 11:00:00,0.32,0.0,0.23,0.11,39.4,26.0,16.4,1000.4,39.6,14.420567482839964,1.5156627173809738
2017-04-17 12:00:00,0.28,0.0,0.28,0.0,40.8,20.0,13.4,999.2,36.0,9.383039235653808,1.4861274178821948
2017-04-17 13:00:00,0.29,0.0,0.29,0.0,40.5,19.0,12.4,998.1,27.7,-6.1394530955100715,4.971631089293715
2017-04-17 14:00:00,0.95,0.0,0.95,0.13,40.2,19.0,12.1,997.1,32.0,-12.304149708010483,-3.5281581544575893
2017-04-17 15:00:00,0.45,0.0,0.43,0.14,38.7,23.0,14.1,996.4,32.4,-3.9467090073008153,-1.436484601967809
2017-04-17 16:00:00,0.56,0.0,0.56,0.03,38.5,22.0,13.3,996.4,16.6,2.9000000000000004,5.0229473419497435
2017-04-17 17:00:00,0.09,0.0,0.17,0.01,37.5,27.0,15.6,996.9,38.9,-8.991747504233139,8.683229630737467
2017-04-17 18:00:00,0.05,0.0,0.05,0.0,34.5,35.0,16.8,997.8,24.1,9.061641602502688,2.092044805397947
2017-04-17 19:00:00,0.11,0.0,0.11,0.04,31.5,58.0,22.1,998.8,33.1,18.37478343948416,0.9629815948701752
2017-04-17 20:00:00,0.06,0.0,0.06,0.01,30.5,63.0,22.6,999.6,37.8,18.697151899424515,0.3263600003772014
2017-04-17 21:00:00,0.04,0.0,0.04,0.02,29.9,66.0,22.8,1000.2,34.6,18.389174893795545,-3.908739787373878
2017-04-17 22:00:00,0.09,0.0,0.09,0.02,29.5,67.0,22.8,1001.0,33.8,18.02287885109658,-2.5329504374731915
2017-04-17 23:00:00,0.09,0.0,0.09,0.0,29.0,69.0,22.9,1000.7,33.1,16.530694452401313,-3.5137075748201343
2017-04-18 00:00:00,0.01,0.0,0.01,0.0,28.6,71.0,22.8,999.9,30.6,15.102736004171147,-3.486741342329906
2017-04-18 01:00:00,0.01,0.0,0.01,0.0,28.1,72.0,22.5,999.3,28.1,14.36037674888475,-3.5804440548750787
2017-04-18 02:00:00,0.0,0.0,0.0,0.0,27.6,73.0,22.5,998.7,26.6,13.738617913471817,-3.1718098662484953
2017-04-18 03:00:00,0.02,0.0,0.02,0.0,27.4,74.0,22.4,998.4,25.2,14.094155353306771,-1.730544676353097
2017-04-18 04:00:00,0.0,0.0,0.0,0.0,27.1,73.0,21.8,998.6,24.8,12.58273213790763,0.6594330486610982
2017-04-18 05:00:00,0.0,0.0,0.01,0.0,26.9,74.0,21.8,998.9,22.3,14.025174436450955,-2.2213694035712757
2017-04-18 06:00:00,0.31,0.0,0.04,0.28,27.2,73.0,22.0,999.5,25.6,13.724402156082174,-1.4424927930936113
2017-04-18 07:00:00,0.16,0.0,0.01,0.15,29.8,63.0,22.0,1000.2,28.8,14.080676440039491,-0.7379369830255096
2017-04-18 08:00:00,0.04,0.0,0.02,0.02,32.8,50.0,20.9,1001.1,30.2,13.291897999353974,-0.46416330614326706
2017-04-18 09:00:00,0.19,0.0,0.0,0.19,35.2,40.0,19.6,1001.3,33.8,14.420567482839964,1.5156627173809738
2017-04-18 10:00:00,0.07,0.0,0.0,0.07,37.6,31.0,17.7,1001.1,34.6,13.329776402789143,3.571702822414785
2017-04-18 11:00:00,0.35,0.0,0.26,0.14,39.7,23.0,14.6,999.9,33.8,9.334970206477497,4.352968095929202
2017-04-18 12:00:00,0.25,0.0,0.11,0.15,41.0,19.0,12.4,999.0,29.5,1.8467702839738933,6.440453362786736
2017-04-18 13:00:00,0.56,0.0,0.53,0.11,40.2,21.0,13.6,998.0,33.5,-11.468128620045883,8.030070108914646
2017-04-18 14:00:00,0.61,0.0,0.61,0.02,39.5,23.0,14.4,996.9,38.5,-15.924733964727217,6.7596485228644365
2017-04-18 15:00:00,0.67,0.0,0.67,0.0,38.2,23.0,13.6,996.6,41.4,-17.580315696824105,10.149999999999997
2017-04-18 16:00:00,0.36,0.0,0.36,0.0,38.0,21.0,11.9,996.5,41.8,-12.563128867151239,10.541716798859245
2017-04-18 17:00:00,0.34,0.0,0.34,0.0,36.2,26.0,13.6,997.1,33.5,-10.40402755668352,9.367828489024015
2017-04-18 18:00:00,0.26,0.0,0.26,0.0,34.5,30.0,14.4,997.8,27.7,-2.8948737988292517,3.5748714227020657
2017-04-18 19:00:00,0.23,0.0,0.23,0.0,33.2,40.0,17.8,999.1,20.5,12.967758166845535,-4.719877977894233
2017-04-18 20:00:00,0.22,0.0,0.22,0.0,31.0,61.0,22.6,999.8,31.3,15.448181872368497,-2.171100374977021
2017-04-18 21:00:00,0.23,0.0,0.23,0.0,30.5,63.0,22.7,1000.5,29.2,14.803430117450109,-4.244815279581791
2017-04-18 22:00:00,0.16,0.0,0.16,0.0,29.6,67.0,22.9,1000.7,30.2,15.815820338298746,-3.9433268982745795
2017-04-18 23:00:00,0.14,0.0,0.14,0.02,29.2,68.0,22.6,1000.3,31.0,16.227553881656352,-4.348159957722341
2017-04-19 00:00:00,0.16,0.0,0.16,0.02,28.7,68.0,22.1,999.8,30.6,16.20393862880914,-4.040095656514446
2017-04-19 01:00:00,0.24,0.0,0.12,0.16,28.4,68.0,22.0,999.1,30.2,15.111631611105608,-2.3934473151155293
2017-04-19 02:00:00,0.31,0.0,0.05,0.29,27.9,71.0,22.1,998.8,27.7,13.333792598034359,2.111865278043119
2017-04-19 03:00:00,0.04,0.0,0.04,0.0,27.6,71.0,21.9,998.5,24.8,13.688827766869691,2.4137096695703315
2017-04-19 04:00:00,0.01,0.0,0.01,0.0,27.3,73.0,22.0,998.9,25.6,14.082750868074575,2.483168940637104
2017-04-19 05:00:00,0.0,0.0,0.0,0.0,26.9,75.0,22.0,999.6,25.2,8.314254606237347,1.767249371950958
2017-04-19 06:00:00,0.0,0.0,0.0,0.0,27.4,72.0,22.0,1000.6,15.5,3.9381611903595695,5.420413862312148
2017-04-19 07:00:00,0.0,0.0,0.0,0.0,29.6,65.0,22.4,1001.6,20.2,7.885939166459431,4.7383502891725
2017-04-19 08:00:00,0.0,0.0,0.0,0.0,32.5,54.0,21.9,1002.3,34.9,16.196848526886455,3.148348423712986
2017-04-19 09:00:00,0.01,0.01,0.0,0.0,34.9,44.0,20.8,1002.5,39.6,17.667321499215532,2.16927431261162
2017-04-19 10:00:00,0.0,0.0,0.0,0.0,36.7,38.0,20.0,1001.9,39.6,16.141369520487597,2.2685215456490733
2017-04-19 11:00:00,0.13,0.0,0.13,0.0,38.5,31.0,18.1,1001.0,38.2,14.030928932907386,3.23929518255166
2017-04-19 12:00:00,0.51,0.0,0.51,0.0,39.8,23.0,14.8,999.7,35.6,10.46617932785172,2.2246550917500296
2017-04-19 13:00:00,0.36,0.0,0.31,0.06,39.9,21.0,13.2,998.2,29.5,4.989636535454859,2.542346798541463
2017-04-19 14:00:00,0.53,0.0,0.53,0.0,39.8,21.0,13.0,997.0,21.2,-1.0815799573111138,-1.800051331474436
2017-04-19 15:00:00,0.62,0.0,0.62,0.0,39.3,22.0,13.7,996.5,22.0,-4.313351365237939,-4.31335136523794
2017-04-19 16:00:00,0.4,0.0,0.4,0.0,37.7,25.0,14.1,996.9,20.5,5.750880114781583,4.656970893768801
2017-04-19 17:00:00,0.44,0.0,0.18,0.0,36.0,38.0,19.4,997.4,38.2,-11.18971163477331,10.434574908956225
2017-04-19 18:00:00,0.2,0.0,0.2,0.0,34.4,46.0,21.1,997.4,29.9,-5.0291573147143245,10.785062665736135
2017-04-19 19:00:00,0.0,0.0,0.0,0.0,33.4,49.0,21.2,998.7,20.9,11.15840085217396,2.7821017993961794
2017-04-19 20:00:00,0.07,0.0,0.07,0.0,31.4,62.0,23.2,999.7,29.2,15.878209602597725,-0.8321417042628088
2017-04-19 21:00:00,0.08,0.0,0.08,0.01,30.0,67.0,23.1,1000.3,30.6,15.797593583470983,0.27574802170907925
2017-04-19 22:00:00,0.02,0.0,0.02,0.0,29.5,67.0,22.7,1000.8,28.8,15.162973563949327,1.0602984009107088
2017-04-19 23:00:00,0.04,0.0,0.04,0.01,29.1,67.0,22.5,1000.4,27.7,14.06565310866352,0.9835662797921707
2017-04-20 00:00:00,0.0,0.0,0.0,0.0,28.5,70.0,22.5,999.9,27.4,15.5,2.847303808017596e-15
2017-04-20 01:00:00,0.01,0.0,0.01,0.0,28.0,73.0,22.8,999.5,28.8,15.878209602597725,0.8321417042628145
2017-04-20 02:00:00,0.0,0.0,0.0,0.0,27.8,73.0,22.5,998.8,28.8,15.50670694734366,2.4560211011316273
2017-04-20 03:00:00,0.01,0.0,0.01,0.0,27.5,74.0,22.5,998.6,28.4,14.06928803100195,3.507867486195183
2017-04-20 04:00:00,0.0,0.0,0.0,0.0,27.2,76.0,22.7,998.8,26.3,12.977032895167307,3.721104303529485
2017-04-20 05:00:00,0.0,0.0,0.0,0.0,27.0,76.0,22.5,999.4,24.1,7.9716521038704045,4.981241083792128
2017-04-20 06:00:00,0.0,0.0,0.0,0.0,27.4,76.0,22.8,1000.1,16.9,5.387787044493737,5.777694242791448
2017-04-20 07:00:00,0.0,0.0,0.0,0.0,29.2,68.0,22.8,1001.0,19.8,5.727564927611034,5.727564927611036
2017-04-20 08:00:00,0.0,0.0,0.0,0.0,31.5,57.0,22.0,1001.9,24.8,8.642763284627167,4.403707847473605
2017-04-20 09:00:00,0.0,0.0,0.0,0.0,33.9,48.0,21.4,1001.9,29.2,9.708278749247295,5.381386784734339
2017-04-20 10:00:00,0.07,0.01,0.07,0.0,36.1,40.0,20.4,1001.5,29.9,8.973775077016038,5.827637674660788
2017-04-20 11:00:00,0.21,0.05,0.19,0.0,38.0,32.0,18.4,1000.7,29.9,6.505382386916236,6.505382386916239
2017-04-20 12:00:00,0.35,0.0,0.35,0.0,38.8,27.0,16.4,999.6,28.1,3.2095339943541714,3.9634444034305507
2017-04-20 13:00:00,0.46,0.0,0.46,0.0,39.6,25.0,15.7,998.4,22.3,-0.34345619167778096,1.766928930205795
2017-04-20 14:00:00,0.36,0.0,0.36,0.0,38.7,25.0,15.4,997.5,30.2,10.73871500692704,-6.200000000000002
2017-04-20 15:00:00,0.6,0.0,0.6,0.0,36.9,30.0,16.6,997.5,34.9,15.812898136355548,-1.6620025659556825
2017-04-20 16:00:00,0.4,0.0,0.4,0.0,34.8,40.0,19.1,997.6,40.7,18.352590699492296,4.917561856947892
2017-04-20 17:00:00,0.42,0.0,0.49,0.0,36.0,33.0,17.1,997.5,41.4,14.345205039432722,7.309247045806707
2017-04-20 18:00:00,0.38,0.0,0.23,0.23,34.0,37.0,17.5,998.1,35.3,17.689217638237995,0.6177210916342635
2017-04-20 19:00:00,0.39,0.0,0.11,0.31,32.7,39.0,17.0,999.4,33.5,17.234168276987198,1.5077943495344879
2017-04-20 20:00:00,0.18,0.0,0.09,0.12,31.4,43.0,17.4,1000.5,32.0,13.997867732189478,0.24433369012196898
2017-04-20 21:00:00,0.33,0.0,0.04,0.29,30.5,46.0,17.7,1001.2,25.6,12.992080751248245,-0.45369345713251663
2017-04-20 22:00:00,0.28,0.0,0.07,0.21,29.4,52.0,18.6,1001.6,23.8,12.6,2.3145824503884972e-15
2017-04-20 23:00:00,0.25,0.0,0.01,0.24,28.6,58.0,19.5,1001.5,24.1,13.291897999353974,0.4641633061432601
2017-04-21 00:00:00,0.0,0.0,0.0,0.0,27.9,65.0,20.6,1000.8,25.2,14.025174436450953,2.2213694035712805
2017-04-21 01:00:00,0.01,0.0,0.0,0.01,27.5,66.0,20.6,1000.1,26.3,14.420676958821481,3.3292756042892058
2017-04-21 02:00:00,0.0,0.0,0.0,0.0,27.3,67.0,20.8,999.6,26.6,14.06928803100195,3.507867486195183
2017-04-21 03:00:00,0.01,0.0,0.01,0.0,27.1,69.0,21.0,999.5,26.3,13.293051449981151,3.3143299697154487
2017-04-21 04:00:00,0.0,0.0,0.0,0.0,26.9,72.0,21.4,999.8,24.8,12.21161613735138,2.1532374030699364
2017-04-21 05:00:00,0.0,0.0,0.01,0.0,26.5,67.0,20.0,1000.5,23.8,4.364789504399989,4.6806636903626915
2017-04-21 06:00:00,0.0,0.0,0.0,0.0,27.1,66.0,20.2,1001.3,13.7,4.705788684431239,5.0463405411722775
2017-04-21 07:00:00,0.0,0.0,0.0,0.0,29.1,59.0,20.4,1002.0,20.5,6.8556935563784815,5.356254835333225
2017-04-21 08:00:00,0.01,0.0,0.01,0.0,31.5,51.0,20.0,1002.6,25.9,9.00858298353578,4.99353908853727
2017-04-21 09:00:00,0.0,0.0,0.0,0.0,33.9,43.0,19.7,1002.6,29.9,10.861957270738795,4.6106273161734315
2017-04-21 10:00:00,0.01,0.0,0.01,0.0,36.1,37.0,19.0,1002.5,32.0,11.888206453689419,3.8627124296868445
2017-04-21 11:00:00,0.22,0.01,0.22,0.0,38.0,30.0,17.5,1001.7,32.8,11.127361240653295,3.6154988341868863
2017-04-21 12:00:00,0.23,0.0,0.23,0.0,39.2,25.0,15.6,1000.3,31.7,8.939733772226367,2.56342740909809
2017-04-21 13:00:00,0.27,0.0,0.27,0.0,39.2,24.0,14.9,998.9,28.4,7.922144549932563,-1.1133848076805237
2017-04-21 14:00:00,0.32,0.0,0.32,0.0,39.4,23.0,14.2,997.4,29.5,12.29174148279112,-4.232386007943032
2017-04-21 15:00:00,0.59,0.0,0.59,0.01,36.2,37.0,19.0,997.5,47.9,23.084283377317814,-4.906715903299124
2017-04-21 16:00:00,0.77,0.0,0.33,0.7,35.5,39.0,19.5,997.4,49.0,23.371264541154424,2.4564188867898538
2017-04-21 17:00:00,0.71,0.0,0.5,0.01,33.3,48.0,20.9,998.0,47.2,23.073246001678587,3.242733252369534
2017-04-21 18:00:00,0.22,0.0,0.19,0.07,31.8,53.0,21.0,998.6,43.6,23.085928104141114,-0.8061783738277797
2017-04-21 19:00:00,0.14,0.0,0.14,0.09,30.6,57.0,21.1,999.5,42.5,20.8872682846991,-0.7293994810822767
2017-04-21 20:00:00,0.1,0.0,0.1,0.02,30.2,58.0,21.0,1000.3,39.6,20.920088659926655,1.8302705977008231
2017-04-21 21:00:00,0.09,0.0,0.09,0.0,29.6,62.0,21.6,1001.3,38.2,18.061940175437016,3.5108855149284204
2017-04-21 22:00:00,0.03,0.0,0.03,0.0,29.2,64.0,21.8,1001.5,35.6,18.061940175437016,3.5108855149284204
2017-04-21 23:00:00,0.04,0.0,0.0,0.04,28.9,66.0,21.9,1001.3,35.3,19.105270408436834,3.3687746467384483
2017-04-22 00:00:00,0.0,0.0,0.0,0.0,28.6,67.0,22.0,1000.6,37.1,19.85253564596227,3.144332747308644
2017-04-22 01:00:00,0.02,0.0,0.02,0.0,28.4,69.0,22.0,999.9,37.1,19.04356735888468,3.701694510304965
2017-04-22 02:00:00,0.0,0.0,0.0,0.0,28.1,69.0,22.0,999.3,35.3,18.356428330471317,3.568128213541384
2017-04-22 03:00:00,0.0,0.0,0.0,0.0,28.0,69.0,21.9,999.2,33.8,17.997915853502022,3.82557511104678
2017-04-22 04:00:00,0.02,0.0,0.02,0.0,28.0,69.0,21.8,999.5,34.6,18.389174893795545,3.908739787373884
2017-04-22 05:00:00,0.02,0.0,0.0,0.0,28.0,69.0,21.9,999.7,34.2,18.37100313506956,2.9096810497482974
2017-04-22 06:00:00,0.0,0.0,0.0,0.0,28.5,67.0,21.8,1000.5,33.8,16.249327924701433,2.8651949315043503
2017-04-22 07:00:00,0.0,0.0,0.0,0.0,30.2,60.0,21.7,1001.5,36.4,18.37100313506956,2.9096810497482974
2017-04-22 08:00:00,0.0,0.0,0.0,0.0,32.6,52.0,21.4,1002.1,40.0,19.126938203361515,1.6733902607550384
2017-04-22 09:00:00,0.0,0.0,0.0,0.0,35.0,43.0,20.5,1002.4,40.7,18.031124035460596,1.5775189437326145
2017-04-22 10:00:00,0.08,0.0,0.08,0.0,37.0,36.0,19.4,1001.9,39.6,15.151101451746026,2.129348444689007
2017-04-22 11:00:00,0.1,0.0,0.1,0.0,38.0,32.0,18.4,1001.0,36.7,14.030928932907386,3.23929518255166
2017-04-22 12:00:00,0.29,0.0,0.29,0.0,39.7,27.0,17.2,999.6,34.9,10.477177556604698,4.233054505599809
2017-04-22 13:00:00,0.19,0.0,0.19,0.0,39.5,27.0,16.9,998.2,31.0,6.81504955010645,1.0793978087775942
2017-04-22 14:00:00,0.26,0.0,0.26,0.0,39.7,26.0,16.5,997.1,23.8,-1.45276959916655,-2.8512208774027776
2017-04-22 15:00:00,0.54,0.0,0.54,0.0,37.3,30.0,16.6,997.3,19.4,5.78587149150698,0.40458754771592836
2017-04-22 16:00:00,0.2,0.0,0.2,0.0,33.6,47.0,20.9,997.9,47.2,23.4240891787352,2.8761165043614736
2017-04-22 17:00:00,0.27,0.0,0.13,0.04,34.3,45.0,20.5,997.6,49.3,19.80199093632937,5.678129529830177
2017-04-22 18:00:00,0.17,0.0,0.16,0.05,32.5,50.0,20.6,998.3,42.8,21.547383485612205,1.5067398328731125
2017-04-22 19:00:00,0.23,0.0,0.23,0.0,31.5,55.0,21.4,999.3,40.0,20.17231660204239,1.057186316107475
2017-04-22 20:00:00,0.51,0.0,0.18,0.39,31.0,57.0,21.5,1000.1,39.2,21.617424948590877,1.891279617624184
2017-04-22 21:00:00,0.63,0.0,0.12,0.56,30.5,59.0,21.5,1000.7,42.8,23.068342252830657,1.2089605892120137
2017-04-22 22:00:00,0.1,0.0,0.1,0.0,30.0,63.0,22.1,1001.3,43.2,23.396436066659554,0.4083863106324338
2017-04-22 23:00:00,0.09,0.0,0.09,0.0,29.8,64.0,22.3,1001.0,42.8,22.296603601987528,0.389188663551422
2017-04-23 00:00:00,0.05,0.0,0.05,0.0,29.4,65.0,22.1,999.9,41.4,21.58684186361247,0.7538291287740165
2017-04-23 01:00:00,0.01,0.0,0.01,0.0,29.0,66.0,22.1,999.3,39.6,20.49687775070602,0.3577743319643117
2017-04-23 02:00:00,0.0,0.0,0.0,0.0,28.6,68.0,22.2,998.3,37.4,19.452498980066572,1.3602512380104488
2017-04-23 03:00:00,0.05,0.0,0.05,0.0,28.5,69.0,22.1,998.0,35.3,18.754204144884696,1.311421706389561
2017-04-23 04:00:00,0.15,0.0,0.15,0.0,28.4,68.0,21.9,998.4,33.8,17.975927798831506,2.847107263732205
2017-04-23 05:00:00,0.25,0.0,0.09,0.0,28.4,68.0,22.0,999.1,33.5,15.441017820422056,1.350914012588703
2017-04-23 06:00:00,0.07,0.0,0.07,0.0,28.9,65.0,21.6,1000.0,28.8,14.718924051450447,1.5470212563612697
2017-04-23 07:00:00,0.02,0.0,0.02,0.0,30.6,59.0,21.8,1000.8,34.6,17.29736512620557,0.3019266313650045
2017-04-23 08:00:00,0.05,0.0,0.05,0.0,33.1,49.0,20.9,1001.7,35.3,13.302807369979755,-2.8275989951215283
2017-04-23 09:00:00,0.01,0.0,0.01,0.0,35.3,40.0,19.6,1002.0,31.0,5.032023407672545,-3.26783421009016
2017-04-23 10:00:00,0.08,0.0,0.08,0.0,37.3,34.0,19.0,1001.6,22.0,1.7874357113510326,-1.447436899414626
2017-04-23 11:00:00,0.33,0.0,0.33,0.0,39.2,29.0,18.0,1000.7,19.8,2.4992804094396295,0.7166571251241971
2017-04-23 12:00:00,0.36,0.0,0.36,0.0,39.4,27.0,17.0,999.5,19.8,-1.079765060850553,4.6769763109691285
2017-04-23 13:00:00,0.47,0.0,0.43,0.19,37.2,34.0,18.6,999.2,40.3,-18.000846306165748,1.8919651851445294
2017-04-23 14:00:00,0.47,0.0,0.42,0.07,37.8,32.0,18.0,998.2,41.4,-2.172718241812291,5.377666356487366
2017-04-23 15:00:00,0.56,0.0,0.4,0.23,35.5,38.0,19.1,998.1,36.4,16.544770250605094,2.91728938480443
2017-04-23 16:00:00,0.7,0.0,0.31,0.59,35.5,40.0,20.0,997.9,37.4,15.784795049520808,3.644207080370617
2017-04-23 17:00:00,0.74,0.0,0.19,0.62,35.0,42.0,20.0,998.1,42.5,12.192568089632967,0.42577385977050924
2017-04-23 18:00:00,0.22,0.0,0.21,0.02,33.4,50.0,21.6,998.3,32.0,16.958588854417012,-1.1858600536501287
2017-04-23 19:00:00,0.28,0.0,0.28,0.0,31.9,57.0,22.2,999.2,33.1,17.59731943475249,-0.30716235329618313
2017-04-23 20:00:00,0.21,0.0,0.21,0.0,31.1,61.0,22.8,1000.0,32.4,17.25785806949496,-1.2067869957733663
2017-04-23 21:00:00,0.15,0.0,0.15,0.0,30.5,64.0,23.0,1000.5,34.6,19.42579661278904,-1.6995369835793288
2017-04-23 22:00:00,0.14,0.0,0.14,0.0,30.1,67.0,23.2,1001.2,35.3,17.997258512815044,-0.31414331587109634
2017-04-23 23:00:00,0.11,0.0,0.11,0.0,29.8,69.0,23.5,1000.9,33.5,18.00084630616575,1.891965185144526
2017-04-24 00:00:00,0.12,0.0,0.12,0.0,29.5,70.0,23.5,1000.0,33.1,18.299202874776228,1.9233237241248218
2017-04-24 01:00:00,0.07,0.0,0.07,0.0,29.2,71.0,23.4,999.2,34.6,18.6673096372481,2.9566113892603663
2017-04-24 02:00:00,0.05,0.0,0.05,0.0,28.9,73.0,23.5,998.5,36.0,19.453904572169915,2.3886391307408847
2017-04-24 03:00:00,0.14,0.0,0.14,0.0,28.5,75.0,23.6,998.3,36.4,19.453904572169915,2.3886391307408847
2017-04-24 04:00:00,0.04,0.0,0.04,0.0,28.4,74.0,23.3,998.5,38.2,20.545705338975367,2.5226954084865465
2017-04-24 05:00:00,0.05,0.0,0.07,0.02,28.5,74.0,23.5,998.9,37.8,20.18879447597595,2.1219278043333634
2017-04-24 06:00:00,0.01,0.01,0.01,0.0,28.4,74.0,23.4,999.7,36.7,19.772864788140563,1.0362519336102973
2017-04-24 07:00:00,0.01,0.0,0.0,0.01,29.9,67.0,23.0,1000.8,43.2,22.286415442525836,0.778258776465767
2017-04-24 08:00:00,0.29,0.0,0.0,0.29,32.5,56.0,22.6,1001.6,48.6,24.08531893116021,0.8410778705302684
2017-04-24 09:00:00,0.0,0.0,0.0,0.0,34.7,47.0,21.9,1001.8,51.5,24.884831592775484,-0.8689974678922818
2017-04-24 10:00:00,0.15,0.0,0.15,0.0,36.7,40.0,21.0,1001.4,51.1,20.5,3.7657889073781105e-15
2017-04-24 11:00:00,0.28,0.0,0.28,0.0,37.6,37.0,20.5,1001.0,45.4,17.289461307430358,0.6037612929532632
2017-04-24 12:00:00,0.33,0.0,0.33,0.0,38.4,31.0,18.5,999.9,39.6,14.080676440039491,-0.7379369830255096
2017-04-24 13:00:00,0.61,0.0,0.33,0.49,37.7,31.0,17.8,999.1,42.1,18.4,3.3800251656466943e-15
2017-04-24 14:00:00,0.25,0.0,0.21,0.04,38.0,32.0,18.2,998.0,41.0,11.914625479759362,-7.159029241249753
2017-04-24 15:00:00,0.67,0.0,0.22,0.59,36.8,36.0,19.5,997.7,37.1,12.208317665188263,1.4989929238833102
2017-04-24 16:00:00,0.47,0.01,0.3,0.26,35.0,42.0,20.2,998.1,30.6,12.267257993871167,-3.2870018728020076
2017-04-24 17:00:00,0.15,0.0,0.12,0.05,36.0,35.0,18.0,997.6,34.6,8.306962106085988,-2.2258437878816744
2017-04-24 18:00:00,0.19,0.0,0.15,0.04,33.3,51.0,21.9,998.3,30.6,16.575520732410077,-2.035218034865966
2017-04-24 19:00:00,0.08,0.0,0.08,0.0,31.5,59.0,22.5,999.7,32.4,16.210706894502856,-1.7038139512627437
2017-04-24 20:00:00,0.11,0.0,0.11,0.0,30.9,62.0,22.9,1000.3,33.5,18.77423525338599,-0.9839159773673463
2017-04-24 21:00:00,0.12,0.0,0.12,0.0,30.5,63.0,22.8,1001.0,34.9,19.4,3.563722185518797e-15
2017-04-24 22:00:00,0.13,0.0,0.13,0.0,30.3,64.0,22.9,1001.9,35.6,18.7542041448847,-1.3114217063895541
2017-04-24 23:00:00,0.12,0.0,0.12,0.0,29.9,67.0,23.1,1001.5,34.2,18.3971975908776,-0.32112427844600955
2017-04-25 00:00:00,0.1,0.0,0.1,0.0,29.5,68.0,23.0,1000.7,34.6,18.7,3.4351342716083256e-15
2017-04-25 01:00:00,0.12,0.0,0.12,0.0,29.0,69.0,22.8,1000.2,36.0,19.07382411381236,0.9996167642402364
2017-04-25 02:00:00,0.04,0.0,0.04,0.0,28.8,68.0,22.2,999.4,35.3,18.299202874776228,1.9233237241248218
2017-04-25 03:00:00,0.04,0.0,0.04,0.0,28.7,67.0,22.0,999.3,33.8,18.355178524780765,1.2835191168919107
2017-04-25 04:00:00,0.03,0.0,0.03,0.0,28.5,68.0,22.0,999.4,34.2,18.754204144884696,1.311421706389561
2017-04-25 05:00:00,0.01,0.0,0.0,0.1,28.2,72.0,22.6,999.5,33.8,15.78479504952081,-3.6442070803706117
2017-04-25 06:00:00,0.04,0.0,0.03,0.02,28.6,70.0,22.6,1000.6,28.8,14.37819319397824,-2.5352633939371776
2017-04-25 07:00:00,0.0,0.0,0.0,0.0,30.5,61.0,22.0,1001.4,32.8,15.844289099865126,-2.2267696153610474
2017-04-25 08:00:00,0.0,0.0,0.0,0.0,33.2,49.0,21.0,1002.2,33.1,14.718924051450447,-1.5470212563612642
2017-04-25 09:00:00,0.0,0.0,0.0,0.0,35.5,40.0,19.8,1002.1,33.1,12.208317665188261,-1.4989929238833166
2017-04-25 10:00:00,0.0,0.0,0.0,0.0,37.5,34.0,18.9,1001.6,31.0,11.5,2.112515728529184e-15
2017-04-25 11:00:00,0.42,0.0,0.42,0.0,39.5,27.0,17.4,1000.8,31.3,10.093847352892867,0.35248491669525767
2017-04-25 12:00:00,0.37,0.0,0.36,0.01,40.0,25.0,16.4,999.6,29.5,2.8991378028648445,2.8991378028648453
2017-04-25 13:00:00,0.37,0.0,0.3,0.2,37.5,31.0,17.7,999.3,25.9,-8.635631963856369,-2.1531048708370424
2017-04-25 14:00:00,0.49,0.0,0.46,0.08,37.5,30.0,17.2,998.2,28.4,4.012982057577931,-3.6133052743378324
2017-04-25 15:00:00,0.53,0.0,0.31,0.38,36.4,33.0,17.4,998.0,25.9,9.694091022085228,-0.3385251180142624
2017-04-25 16:00:00,0.31,0.0,0.28,0.05,35.9,38.0,19.2,998.1,31.3,15.162973563949329,-1.0602984009107033
2017-04-25 17:00:00,0.23,0.0,0.15,0.06,36.5,32.0,17.0,997.5,39.6,9.700776466210566,-3.1519733426244616
2017-04-25 18:00:00,0.11,0.0,0.09,0.03,33.7,48.0,21.2,998.0,30.2,16.933583975480854,-2.3798600264171195
2017-04-25 19:00:00,0.07,0.0,0.07,0.0,31.5,59.0,22.4,999.1,37.1,19.787938374978097,-0.6910100347095254
2017-04-25 20:00:00,0.06,0.0,0.04,0.03,30.6,63.0,22.8,999.9,37.4,20.487511953891463,0.7154396824012657
2017-04-25 21:00:00,0.07,0.0,0.07,0.0,30.0,66.0,22.9,1000.6,38.2,19.39704528603399,-0.3385766848832927
2017-04-25 22:00:00,0.02,0.0,0.02,0.0,29.6,68.0,23.0,1001.1,34.9,17.60303754801844,-1.8501537998374578
2017-04-25 23:00:00,0.02,0.0,0.02,0.0,29.2,69.0,23.0,1000.4,32.8,16.608515652650166,-1.7456253365698047
2017-04-26 00:00:00,0.01,0.0,0.01,0.0,28.8,71.0,23.0,999.9,30.6,16.58988772851699,0.5793316452615127
2017-04-26 01:00:00,0.0,0.0,0.0,0.0,28.5,71.0,22.8,999.4,30.6,16.597471739596095,0.2897099468589061
2017-04-26 02:00:00,0.02,0.0,0.02,0.0,28.2,73.0,22.9,998.9,31.3,16.9,3.1044796358385398e-15
2017-04-26 03:00:00,0.0,0.0,0.0,0.0,28.0,74.0,23.0,998.5,31.3,16.160537614209154,-1.1300548746548285
2017-04-26 04:00:00,0.0,0.0,0.0,0.0,28.0,75.0,23.0,998.6,29.2,14.7549942242494,-2.0736792043049754
2017-04-26 05:00:00,0.0,0.0,0.0,0.0,28.0,75.0,23.2,999.2,27.0,11.172717362910031,-0.7812725059342024
2017-04-26 06:00:00,0.0,0.0,0.0,0.0,28.5,73.0,23.3,1000.2,20.9,11.513535359039334,-1.413684383499713
2017-04-26 07:00:00,0.0,0.0,0.0,0.0,30.7,63.0,23.0,1000.8,26.6,12.192568089632967,-0.42577385977051563
2017-04-26 08:00:00,0.0,0.0,0.0,0.0,33.4,51.0,21.9,1001.6,27.4,10.397814721786487,1.4613175600806911
2017-04-26 09:00:00,0.0,0.0,0.0,0.0,35.6,42.0,20.9,1001.9,26.6,6.5187430479279085,1.0324674692655247
2017-04-26 10:00:00,0.01,0.0,0.01,0.0,37.5,36.0,19.8,1001.6,22.7,3.215421213791276,0.7423384793347553
2017-04-26 11:00:00,0.04,0.03,0.04,0.0,39.5,29.0,18.1,1000.7,19.8,-1.0815799573111142,1.8000513314744357
2017-04-26 12:00:00,0.11,0.0,0.11,0.0,40.5,26.0,17.0,999.8,28.8,-9.036509540849956,6.095202647831139
2017-04-26 13:00:00,0.58,0.0,0.58,0.0,39.5,29.0,18.1,998.8,42.8,-16.194675050769003,9.349999999999996
2017-04-26 14:00:00,0.47,0.0,0.44,0.05,38.9,27.0,16.6,998.0,42.5,-6.88793918147854,3.211898789229315
2017-04-26 15:00:00,0.6,0.0,0.42,0.35,37.9,30.0,17.5,997.8,30.6,-9.699739598893988,6.542556970607736
2017-04-26 16:00:00,0.48,0.0,0.14,0.44,37.9,30.0,17.1,997.9,28.4,-3.233592155403522,-1.0506577808748212
2017-04-26 17:00:00,0.37,0.0,0.06,0.54,36.3,38.0,19.8,998.3,21.2,-12.583116648188337,6.137196055047085
2017-04-26 18:00:00,0.73,0.0,0.1,0.68,34.0,50.0,22.1,998.7,30.6,-10.064046815345089,6.535668420180326
2017-04-26 19:00:00,0.72,0.03,0.02,0.71,33.2,56.0,23.2,999.9,22.0,-2.180852323535913,3.2332465329646625
2017-04-26 20:00:00,0.6,0.08,0.01,0.57,32.5,56.0,22.6,1000.6,10.4,5.400153994423306,3.2447398719333425
2017-04-26 21:00:00,0.02,0.0,0.02,0.0,31.2,60.0,22.6,1001.2,18.0,10.393664600998596,0.36295476570600793
2017-04-26 22:00:00,0.0,0.0,0.0,0.0,30.0,67.0,23.3,1001.7,22.0,11.89275084152724,-0.41530401075976525
2017-04-26 23:00:00,0.0,0.0,0.0,0.0,29.4,71.0,23.5,1001.7,24.1,13.3,2.4431703642989694e-15
2017-04-27 00:00:00,0.04,0.0,0.04,0.0,29.0,72.0,23.5,1001.2,27.0,14.8,2.718715894107124e-15
2017-04-27 01:00:00,0.01,0.0,0.01,0.0,28.6,74.0,23.6,1000.5,27.7,15.079305974794064,-0.7902729392684535
2017-04-27 02:00:00,0.0,0.0,0.0,0.0,28.3,76.0,23.6,999.9,27.4,14.391919198799169,-1.7671054793746415
2017-04-27 03:00:00,0.0,0.0,0.0,0.0,28.0,77.0,23.6,999.7,25.9,13.33379259803436,-2.111865278043114
2017-04-27 04:00:00,0.0,0.0,0.0,0.0,27.9,77.0,23.6,999.9,24.1,12.959121861643629,-2.991849022773404
2017-04-27 05:00:00,0.0,0.0,0.0,0.02,27.9,78.0,23.6,1000.3,23.8,12.592324420440606,0.4397336584515096
2017-04-27 06:00:00,0.0,0.0,0.0,0.0,28.3,76.0,23.7,1001.1,22.3,11.88369146357943,-0.6227978792910329
2017-04-27 07:00:00,0.0,0.0,0.0,0.0,30.3,68.0,23.8,1001.6,27.4,12.552053195955994,-1.0981623586204894
2017-04-27 08:00:00,0.0,0.0,0.0,0.0,33.0,55.0,22.6,1002.2,27.4,9.74959675482086,-1.7191169589026067
2017-04-27 09:00:00,0.01,0.01,0.0,0.0,35.2,45.0,21.3,1002.6,25.6,4.998560818879258,-1.4333142502483969
2017-04-27 10:00:00,0.07,0.03,0.06,0.0,37.5,33.0,18.5,1002.0,21.2,0.33991869381244244,-1.0461621679246689
2017-04-27 11:00:00,0.08,0.0,0.08,0.0,39.3,26.0,16.5,1001.0,23.8,-6.790680836331102,0.35588450245201814
2017-04-27 12:00:00,0.16,0.0,0.16,0.0,40.0,27.0,17.4,1000.1,38.9,-16.608515652650162,1.7456253365698142
2017-04-27 13:00:00,0.1,0.0,0.1,0.0,39.7,25.0,15.7,999.3,45.4,-20.148842148140808,3.1912630868207086
2017-04-27 14:00:00,0.11,0.0,0.03,0.08,38.3,28.0,16.5,998.4,45.4,-20.182151106540726,5.03197542847309
2017-04-27 15:00:00,0.19,0.0,0.14,0.09,37.5,31.0,17.7,997.9,45.0,-16.166232664823315,10.90426161767956
2017-04-27 16:00:00,0.2,0.0,0.01,0.19,36.7,32.0,17.4,998.3,42.1,-12.528179031698018,10.89057988124242
2017-04-27 17:00:00,0.24,0.0,0.08,0.24,34.8,41.0,19.7,998.7,35.6,-12.139570809112476,13.018095888821234
2017-04-27 18:00:00,0.33,0.0,0.01,0.32,32.5,50.0,20.7,999.0,34.6,-9.053614600069,10.414992207074254
2017-04-27 19:00:00,0.15,0.0,0.0,0.15,31.0,63.0,23.0,999.8,25.2,-6.157082177128482,11.107670280670325
2017-04-27 20:00:00,0.15,0.0,0.0,0.15,30.8,68.0,24.1,1000.9,23.0,1.458644692402216,8.272385125302547
2017-04-27 21:00:00,0.22,0.0,0.0,0.22,30.3,66.0,23.2,1001.6,18.4,11.471986577987979,0.8021994480574441
2017-04-27 22:00:00,0.28,0.0,0.0,0.28,29.3,70.0,23.4,1002.4,28.4,15.878209602597725,0.8321417042628145
2017-04-27 23:00:00,0.22,0.0,0.0,0.22,29.0,72.0,23.4,1002.5,33.1,17.975927798831506,2.847107263732205
2017-04-28 00:00:00,0.02,0.0,0.0,0.02,28.5,74.0,23.3,1001.9,34.6,18.299202874776228,1.9233237241248218
2017-04-28 01:00:00,0.01,0.0,0.0,0.01,28.1,75.0,23.2,1001.4,33.5,17.304680979407955,1.8187952608571683
2017-04-28 02:00:00,0.02,0.0,0.0,0.02,27.9,76.0,23.2,1000.8,31.7,16.90687222126065,1.776983875550107
2017-04-28 03:00:00,0.02,0.0,0.0,0.02,27.6,77.0,23.1,1000.4,31.3,17.29736512620557,0.3019266313650045
2017-04-28 04:00:00,0.01,0.0,0.0,0.01,27.4,78.0,23.2,1000.4,31.3,16.597471739596095,-0.2897099468589
2017-04-28 05:00:00,0.03,0.0,0.0,0.01,27.1,78.0,23.0,1001.2,29.9,13.691654330161612,0.4781231048242604
2017-04-28 06:00:00,0.0,0.0,0.0,0.0,27.8,75.0,23.0,1001.8,24.8,13.291897999353974,0.4641633061432601
2017-04-28 07:00:00,0.0,0.0,0.0,0.0,29.8,66.0,22.7,1002.4,31.3,15.097700196861508,-0.2635313372029753
2017-04-28 08:00:00,0.0,0.0,0.0,0.0,32.2,56.0,22.2,1003.0,32.4,13.269592121137043,-1.8649195528648772
2017-04-28 09:00:00,0.0,0.0,0.0,0.0,34.5,45.0,20.9,1003.1,31.3,8.987963899415753,-1.423553631866099
2017-04-28 10:00:00,0.0,0.0,0.0,0.0,36.7,34.0,18.5,1002.6,26.3,4.688551036221175,-0.32785542659738853
2017-04-28 11:00:00,0.02,0.0,0.02,0.0,39.0,25.0,15.6,1001.7,21.6,1.0832670416736871,1.437543918085127
2017-04-28 12:00:00,0.1,0.0,0.1,0.0,40.4,20.0,13.4,1000.7,25.9,-7.505054539300878,3.990508283680073
2017-04-28 13:00:00,0.1,0.0,0.09,0.06,39.2,26.0,16.4,999.5,40.3,-16.967464538572212,6.855300659511191
2017-04-28 14:00:00,0.06,0.0,0.06,0.0,36.9,35.0,18.8,998.6,46.1,-19.413951400062007,9.468816770644075
2017-04-28 15:00:00,0.06,0.0,0.06,0.0,36.8,33.0,17.8,997.7,45.7,-14.805010997061538,10.756470116952256
2017-04-28 16:00:00,0.07,0.0,0.07,0.02,36.2,32.0,16.8,997.4,40.0,-13.755483517788386,11.13897092158212
2017-04-28 17:00:00,0.49,0.0,0.14,0.32,34.7,39.0,18.9,998.2,37.8,-11.546638910232929,13.28288861192079
2017-04-28 18:00:00,0.47,0.0,0.12,0.42,32.4,51.0,21.0,998.3,35.6,-9.404564036679572,12.944271909999157
2017-04-28 19:00:00,0.37,0.0,0.04,0.34,31.0,58.0,21.9,998.9,29.2,-7.8837768032918305,10.462125181619538
2017-04-28 20:00:00,0.47,0.0,0.04,0.44,29.7,69.0,23.4,1000.1,23.8,-1.4553818357243151,6.84703320513664
2017-04-28 21:00:00,0.62,0.0,0.02,0.62,29.6,72.0,24.0,1000.7,14.8,-0.7233926648055631,8.268415994161488
2017-04-28 22:00:00,0.22,0.0,0.02,0.21,29.3,73.0,23.9,1001.1,14.0,3.9858260519352022,2.490620541896064
2017-04-28 23:00:00,0.01,0.0,0.01,0.0,29.2,71.0,23.5,1001.2,21.2,12.592324420440606,-0.43973365845151613
2017-04-29 00:00:00,0.03,0.0,0.02,0.02,28.6,74.0,23.5,1000.6,26.3,14.380265300465863,-0.7536377698983928
2017-04-29 01:00:00,0.03,0.0,0.03,0.0,28.3,76.0,23.6,1000.3,26.3,13.7,2.5166491722478104e-15
2017-04-29 02:00:00,0.02,0.0,0.01,0.01,28.0,77.0,23.5,999.6,25.6,14.364922323741471,-1.0044932219154032
2017-04-29 03:00:00,0.0,0.0,0.0,0.0,27.8,77.0,23.5,999.6,27.0,14.7549942242494,-2.0736792043049754
2017-04-29 04:00:00,0.0,0.0,0.0,0.0,27.5,79.0,23.5,999.8,26.6,13.738617913471817,-3.1718098662484953
2017-04-29 05:00:00,0.0,0.0,0.0,0.0,27.6,80.0,23.9,1000.8,24.8,9.369480515003962,-2.5105447374944467
2017-04-29 06:00:00,0.0,0.0,0.0,0.0,28.3,78.0,24.0,1001.5,19.8,10.093247807352347,-2.8941922360784935
2017-04-29 07:00:00,0.01,0.0,0.0,0.01,30.2,67.0,23.5,1002.0,23.0,8.652886410017485,-4.600821315301727
2017-04-29 08:00:00,0.0,0.0,0.0,0.0,32.5,55.0,22.1,1002.7,23.0,3.603450996785794,-5.766727053863695
2017-04-29 09:00:00,0.02,0.01,0.01,0.01,34.8,42.0,20.1,1002.8,22.0,-0.7068421917498553,-5.756767679519667
2017-04-29 10:00:00,0.1,0.0,0.1,0.0,37.0,32.0,17.8,1002.4,22.0,-2.524212048835199,-3.2308440897875594
2017-04-29 11:00:00,0.32,0.0,0.32,0.0,39.0,25.0,15.5,1001.7,24.1,-6.858073366652385,-1.8376152202278973
2017-04-29 12:00:00,0.44,0.0,0.38,0.09,39.4,24.0,15.2,1000.9,31.7,-12.928784639787553,1.3588700224794963
2017-04-29 13:00:00,0.57,0.0,0.47,0.26,38.0,30.0,17.2,1000.2,42.5,-17.96508534470793,-2.2058351156331697
2017-04-29 14:00:00,0.38,0.0,0.25,0.22,37.8,28.0,16.2,999.2,40.7,-15.464481538000998,6.5642829586198
2017-04-29 15:00:00,0.39,0.0,0.38,0.15,36.7,33.0,17.8,998.6,38.5,-10.513876985422742,5.357087896926652
2017-04-29 16:00:00,0.24,0.0,0.19,0.09,35.8,37.0,18.9,998.6,31.7,-11.468128620045883,8.030070108914646
2017-04-29 17:00:00,0.24,0.0,0.23,0.06,34.5,41.0,19.3,998.9,31.7,-13.971827001444431,8.395120621033884
2017-04-29 18:00:00,0.24,0.0,0.17,0.11,32.9,46.0,19.7,999.4,31.7,-8.579697762932554,7.1992212284892405
2017-04-29 19:00:00,0.15,0.0,0.1,0.06,31.6,54.0,21.2,1000.3,20.9,-6.143371093601033,5.7287862245249865
2017-04-29 20:00:00,0.24,0.0,0.11,0.17,30.0,63.0,22.2,1001.0,15.1,-1.7489675652259418,3.9282454678631833
2017-04-29 21:00:00,0.25,0.0,0.08,0.2,29.6,62.0,21.7,1001.5,8.3,4.330127018922192,2.500000000000002
2017-04-29 22:00:00,0.11,0.0,0.11,0.01,29.5,58.0,20.5,1001.7,10.1,5.72474478502838,-1.427339184038038
2017-04-29 23:00:00,0.13,0.0,0.13,0.01,29.1,63.0,21.4,1001.4,11.5,6.162892951849218,-2.8738041798367573
2017-04-30 00:00:00,0.09,0.0,0.09,0.0,28.6,73.0,23.3,1000.9,16.2,7.871577364254561,-4.363286582217036
2017-04-30 01:00:00,0.08,0.0,0.08,0.0,28.0,77.0,23.6,1000.2,16.6,7.505054539300881,-3.9905082836800685
2017-04-30 02:00:00,0.0,0.0,0.0,0.0,27.6,78.0,23.5,999.8,15.5,5.750175672340511,-4.333068166694745
2017-04-30 03:00:00,0.03,0.0,0.03,0.0,27.2,80.0,23.5,999.6,13.0,3.6347538725598527,-5.388744221607772
2017-04-30 04:00:00,0.01,0.0,0.01,0.0,26.8,82.0,23.4,1000.0,11.5,0.7352419856890863,-4.6421352007971475
2017-04-30 05:00:00,0.0,0.0,0.05,0.0,26.8,81.0,23.1,1000.5,8.3,-1.8017254983928965,-2.883363526931848
2017-04-30 06:00:00,0.02,0.0,0.02,0.0,27.3,78.0,23.1,1001.3,10.1,-4.664264528860342,-2.914555953282627
2017-04-30 07:00:00,0.03,0.02,0.01,0.0,29.5,80.0,25.5,1001.8,20.2,-8.272385125302547,-1.4586446924022156
2017-04-30 08:00:00,0.09,0.06,0.04,0.0,32.2,62.0,24.0,1002.5,25.6,-9.746314574609078,-1.024378940023004
2017-04-30 09:00:00,0.1,0.08,0.03,0.0,34.5,47.0,21.6,1002.8,27.0,-9.7,-5.939536975864663e-16
2017-04-30 10:00:00,0.1,0.0,0.1,0.0,36.5,37.0,19.6,1002.4,30.6,-11.471986577987979,0.8021994480574413
2017-04-30 11:00:00,0.15,0.0,0.15,0.01,37.7,31.0,17.6,1001.6,35.6,-14.36492232374147,1.0044932219154048
2017-04-30 12:00:00,0.47,0.0,0.47,0.0,37.7,28.0,16.1,1001.2,37.1,-12.279324052395474,1.7257464519048105
2017-04-30 13:00:00,0.41,0.0,0.39,0.19,37.6,30.0,16.9,1000.0,38.5,-15.84599113188765,3.3681693912477013
2017-04-30 14:00:00,0.35,0.0,0.33,0.02,37.0,28.0,15.2,999.1,41.4,-18.711347307231954,3.299315375671676
2017-04-30 15:00:00,0.28,0.0,0.28,0.04,36.4,30.0,16.2,998.5,42.8,-17.70921162222564,7.154985934243921
2017-04-30 16:00:00,0.31,0.0,0.22,0.2,34.3,42.0,19.4,998.3,41.0,-15.9175213930568,10.736503746638336
2017-04-30 17:00:00,0.21,0.0,0.19,0.09,32.9,46.0,19.8,998.8,39.2,-14.34376319708609,7.950877772039926
2017-04-30 18:00:00,0.11,0.0,0.1,0.04,31.0,59.0,22.1,999.4,32.4,-10.086537646166043,7.880466884168427
2017-04-30 19:00:00,0.09,0.0,0.08,0.01,29.5,69.0,23.2,1000.6,24.5,-5.1300926470568795,10.068373723328557
2017-04-30 20:00:00,0.17,0.0,0.12,0.09,28.7,78.0,24.5,1001.2,21.2,1.0371533386971297,11.854716907291772
2017-04-30 21:00:00,0.17,0.0,0.11,0.12,28.3,75.0,23.4,1002.0,21.2,-1.1511679911985121e-15,9.4
2017-04-30 22:00:00,0.13,0.0,0.07,0.09,27.9,72.0,22.4,1002.5,16.6,-5.755839955992561e-16,4.7
2017-04-30 23:00:00,0.13,0.0,0.09,0.04,27.9,71.0,22.2,1002.3,7.2,-1.414213562373095,-1.4142135623730951
2017-05-01 00:00:00,0.12,0.0,0.06,0.09,27.0,75.0,22.2,1001.9,2.9,-1.0777488443215544,-0.7269507745119709
2017-05-01 01:00:00,0.03,0.0,0.02,0.02,26.5,78.0,22.3,1001.3,4.7,-2.499280409439629,-0.7166571251241979
2017-05-01 02:00:00,0.08,0.0,0.03,0.06,26.1,80.0,22.4,1000.7,5.8,-3.233592155403522,-1.0506577808748212
2017-05-01 03:00:00,0.26,0.01,0.02,0.24,25.9,81.0,22.5,1000.7,5.8,-2.1874299874788528,-0.7107390870623791
2017-05-01 04:00:00,0.27,0.02,0.04,0.23,25.8,82.0,22.5,1000.8,4.0,-1.7874357113510329,-1.4474368994146258
2017-05-01 05:00:00,0.92,0.0,0.01,0.2,26.1,83.0,23.0,1001.0,2.9,-1.111012477946399,3.633958072659535
2017-05-01 06:00:00,0.02,0.01,0.01,0.0,27.0,82.0,23.7,1001.6,10.1,0.3278554265973888,4.688551036221174
2017-05-01 07:00:00,0.88,0.01,0.0,0.88,29.4,70.0,23.4,1002.0,14.8,1.4364846019678084,3.9467090073008158
2017-05-01 08:00:00,0.92,0.01,0.0,0.92,32.0,54.0,21.5,1002.9,18.4,2.880147736233118,3.9641832724372428
2017-05-01 09:00:00,0.83,0.03,0.0,0.83,34.4,41.0,19.2,1003.0,19.8,2.4906205418960625,3.9858260519352027
2017-05-01 10:00:00,0.56,0.08,0.09,0.53,36.0,35.0,18.2,1002.8,21.2,0.3557580160950389,5.087576656325103
2017-05-01 11:00:00,0.23,0.0,0.22,0.02,37.5,31.0,17.4,1002.0,23.4,-2.535709570444197,5.437846722219899
2017-05-01 12:00:00,0.36,0.0,0.36,0.0,37.7,30.0,17.1,1001.1,30.6,-10.4833820993178,6.80798793768784
2017-05-01 13:00:00,0.66,0.0,0.66,0.0,35.2,36.0,18.0,1000.6,40.7,-11.500351344681015,8.666136333389497
2017-05-01 14:00:00,0.65,0.0,0.62,0.05,36.2,35.0,18.3,999.4,34.9,-8.276054971367055,12.269756073814616
2017-05-01 15:00:00,0.33,0.0,0.33,0.03,34.5,41.0,19.4,999.1,43.2,-3.911584405219172,20.12335726067711
2017-05-01 16:00:00,0.41,0.01,0.32,0.25,34.8,39.0,18.7,998.9,43.6,1.8772135804827688,11.852260087141653
2017-05-01 17:00:00,0.5,0.0,0.2,0.0,34.0,44.0,20.0,999.1,31.3,-5.775660331676366,12.97234549852493
2017-05-01 18:00:00,0.19,0.0,0.19,0.0,32.2,54.0,21.7,1000.1,29.5,-3.6772128131149495,14.748495039395145
2017-05-01 19:00:00,0.19,0.0,0.18,0.03,30.9,63.0,23.0,1001.1,28.4,-4.573451516749223,14.075636441168273
2017-05-01 20:00:00,0.17,0.0,0.17,0.0,29.6,70.0,23.6,1001.7,28.4,-3.862712429686844,11.888206453689419
2017-05-01 21:00:00,0.15,0.0,0.07,0.08,29.2,71.0,23.3,1002.6,23.4,0.3629547657060094,10.393664600998596
2017-05-01 22:00:00,0.18,0.0,0.18,0.0,28.9,71.0,23.1,1002.9,19.1,0.7045403848156653,10.075396907624224
2017-05-01 23:00:00,0.12,0.0,0.12,0.0,28.5,72.0,23.0,1002.9,18.0,0.3768188849491937,7.190132650232932
2017-05-02 00:00:00,0.56,0.0,0.16,0.45,27.9,75.0,23.1,1002.4,13.0,-1.0766187015349677,6.10580806867569
2017-05-02 01:00:00,0.83,0.0,0.11,0.81,27.3,79.0,23.4,1002.0,11.2,-1.7613968679372007,5.421022142882375
2017-05-02 02:00:00,0.75,0.0,0.12,0.72,26.8,83.0,23.6,1001.4,10.4,-1.8364363038995868,4.32637281122647
2017-05-02 03:00:00,0.46,0.0,0.05,0.45,26.4,86.0,23.9,1001.6,9.0,-2.1649947956686737,2.4905416147351476
2017-05-02 04:00:00,0.28,0.0,0.1,0.21,26.1,88.0,24.0,1001.9,7.6,-2.8750878361702537,2.1665340833473743
2017-05-02 05:00:00,0.28,0.0,0.05,0.25,25.8,91.0,24.2,1002.1,7.9,-5.386845871403051,0.3766849582182768
2017-05-02 06:00:00,0.29,0.0,0.07,0.24,26.4,89.0,24.5,1002.7,10.4,-3.2154212137912763,0.7423384793347546
2017-05-02 07:00:00,0.41,0.0,0.02,0.39,29.1,70.0,23.1,1003.1,11.9,-1.4142135623730951,1.414213562373095
2017-05-02 08:00:00,0.19,0.0,0.02,0.18,31.0,60.0,22.4,1003.8,13.7,-0.3399186938124423,1.0461621679246689
2017-05-02 09:00:00,0.16,0.04,0.11,0.07,33.2,48.0,20.5,1004.0,16.6,-2.187429987478853,0.7107390870623789
2017-05-02 10:00:00,0.21,0.04,0.14,0.07,34.8,41.0,19.5,1003.7,23.8,-5.0,-3.061616997868383e-16
2017-05-02 11:00:00,0.44,0.16,0.12,0.26,36.5,36.0,18.9,1002.9,26.6,-9.03216997993603,1.109011024986841
2017-05-02 12:00:00,0.41,0.0,0.4,0.02,35.8,40.0,20.0,1002.3,38.2,-16.608515652650162,1.7456253365698142
2017-05-02 13:00:00,0.33,0.07,0.3,0.07,35.1,41.0,19.8,1001.3,41.8,-12.92337635915024,10.096848195340796
2017-05-02 14:00:00,0.39,0.05,0.35,0.24,34.6,40.0,19.0,1000.4,40.0,-13.227977893497618,11.910524793187678
2017-05-02 15:00:00,0.51,0.08,0.27,0.38,34.2,43.0,19.7,1000.1,40.7,-5.782820701641252,13.623471831096118
2017-05-02 16:00:00,0.56,0.0,0.37,0.31,33.5,44.0,19.4,1000.0,34.2,-5.375519243179503,14.003706397458027
2017-05-02 17:00:00,0.22,0.0,0.19,0.09,32.8,50.0,21.2,1000.2,32.4,-7.983090161105843,13.28609316088274
2017-05-02 18:00:00,0.3,0.0,0.3,0.0,31.5,57.0,21.9,1000.8,31.3,-5.088824883543262,13.256842056260265
2017-05-02 19:00:00,0.18,0.0,0.17,0.01,30.1,68.0,23.5,1002.0,27.0,-3.57170282241479,13.329776402789141
2017-05-02 20:00:00,0.19,0.0,0.18,0.02,29.2,73.0,23.8,1002.6,25.6,-2.8941922360784917,10.093247807352348
2017-05-02 21:00:00,0.04,0.0,0.01,0.03,28.6,76.0,24.0,1003.1,19.1,-1.3766232923540327,8.691657397237211
2017-05-02 22:00:00,0.03,0.0,0.03,0.0,28.2,77.0,23.9,1003.6,15.5,1.4333142502483949,4.998560818879258
2017-05-02 23:00:00,0.01,0.0,0.01,0.0,27.9,78.0,23.8,1003.6,9.4,1.0815799573111138,1.800051331474436
2017-05-03 00:00:00,0.05,0.0,0.03,0.04,27.5,81.0,23.9,1003.0,3.6,-1.0815799573111142,1.8000513314744357
2017-05-03 01:00:00,0.89,0.0,0.01,0.89,27.1,82.0,23.9,1002.5,2.9,-1.4256104387013888,0.7263847995832748
2017-05-03 02:00:00,0.85,0.0,0.01,0.85,26.5,85.0,23.9,1002.2,12.2,-6.467184310807045,2.101315561749642
2017-05-03 03:00:00,0.18,0.0,0.02,0.18,26.3,88.0,24.1,1002.0,14.0,-6.143640332167438,4.301823272632846
2017-05-03 04:00:00,0.9,0.0,0.03,0.89,26.1,89.0,24.1,1001.9,13.3,-1.4171916423663506,6.1385314081469815
2017-05-03 05:00:00,0.97,0.02,0.24,0.86,26.3,89.0,24.3,1002.1,12.6,-1.4527695991665501,2.851220877402777
2017-05-03 06:00:00,0.93,0.03,0.5,0.89,27.0,84.0,24.1,1002.8,7.9,2.144924440733138,1.7998053071223103
2017-05-03 07:00:00,0.93,0.0,0.32,0.93,29.0,69.0,22.9,1003.2,15.1,4.688551036221175,-0.32785542659738853
2017-05-03 08:00:00,0.92,0.0,0.16,0.92,31.0,59.0,22.0,1003.9,15.8,2.1449244407331385,-1.7998053071223097
2017-05-03 09:00:00,0.31,0.02,0.31,0.02,32.6,52.0,21.5,1004.0,18.0,-1.4499999999999997,-2.511473670974872
2017-05-03 10:00:00,0.31,0.05,0.23,0.12,34.5,44.0,20.5,1003.8,21.6,-5.086367523815789,-1.0811407922523493
2017-05-03 11:00:00,0.39,0.0,0.39,0.01,35.5,40.0,19.9,1003.2,25.2,-8.306962106085987,2.2258437878816792
2017-05-03 12:00:00,0.99,0.18,0.99,0.12,33.3,51.0,22.0,1002.9,33.1,-13.997867732189478,-0.24433369012197037
2017-05-03 13:00:00,0.52,0.08,0.44,0.17,33.2,51.0,21.6,1002.2,34.9,-7.121464023352646,6.877117867544074
2017-05-03 14:00:00,0.43,0.13,0.41,0.01,33.9,49.0,21.5,1000.8,31.0,-9.325751537483653,7.551844692598047
2017-05-03 15:00:00,0.39,0.13,0.34,0.07,33.1,47.0,20.2,1000.3,32.8,-7.571059701177799,12.600359320321049
2017-05-03 16:00:00,0.41,0.08,0.3,0.14,32.4,50.0,20.6,1000.2,33.1,-1.7674983821928296,12.576404473017943
2017-05-03 17:00:00,0.29,0.03,0.05,0.22,32.2,54.0,21.9,1000.2,27.7,-9.288192010563465,8.661379172793728
2017-05-03 18:00:00,0.05,0.01,0.0,0.04,30.5,65.0,23.1,1000.9,27.4,-8.683229630737465,8.99174750423314
2017-05-03 19:00:00,0.15,0.0,0.01,0.14,29.5,70.0,23.4,1001.8,23.4,-5.357087896926653,10.51387698542274
2017-05-03 20:00:00,0.21,0.0,0.0,0.21,28.8,72.0,23.2,1002.5,23.4,-1.72574645190481,12.279324052395474
2017-05-03 21:00:00,0.32,0.0,0.0,0.32,28.0,77.0,23.5,1003.2,23.0,-1.1393602496174258,10.84028865951418
2017-05-03 22:00:00,0.31,0.0,0.0,0.31,27.4,81.0,23.7,1003.5,20.2,-0.3629547657060119,10.393664600998596
2017-05-03 23:00:00,0.37,0.0,0.0,0.37,27.0,83.0,23.9,1003.4,18.7,1.1090110249868406,9.03216997993603
2017-05-04 00:00:00,0.0,0.0,0.0,0.0,26.8,84.0,23.9,1002.8,16.2,2.1013155617496415,6.467184310807045
2017-05-04 01:00:00,0.0,0.0,0.0,0.0,26.5,86.0,23.9,1002.4,12.2,3.9597979746446654,3.9597979746446668
2017-05-04 02:00:00,0.0,0.0,0.0,0.0,26.2,87.0,23.9,1001.6,10.1,3.604268994871563,2.523736319944604
2017-05-04 03:00:00,0.0,0.0,0.0,0.0,25.9,89.0,23.9,1001.3,7.2,2.138415658052083,1.0895771993749126
2017-05-04 04:00:00,0.01,0.0,0.0,0.01,25.9,89.0,23.9,1001.4,3.6,1.8221342821066675,-2.507952682562337
2017-05-04 05:00:00,0.03,0.0,0.0,0.71,26.0,90.0,24.2,1001.7,5.4,-1.1,-6.735557395310444e-17
2017-05-04 06:00:00,0.67,0.0,0.0,0.67,27.1,82.0,23.8,1002.3,5.8,-1.046162167924669,0.3399186938124421
2017-05-04 07:00:00,0.65,0.0,0.0,0.65,29.2,69.0,23.0,1002.9,12.2,1.0549740469210387,2.485363104321589
2017-05-04 08:00:00,0.4,0.0,0.0,0.4,31.5,57.0,21.9,1003.7,16.6,1.8017254983928963,2.8833635269318485
2017-05-04 09:00:00,0.31,0.0,0.01,0.3,33.7,45.0,20.3,1003.7,18.0,0.3479327524001638,2.475670171853926
2017-05-04 10:00:00,0.24,0.22,0.04,0.02,35.5,39.0,19.5,1003.7,19.4,-2.1665340833473734,2.8750878361702545
2017-05-04 11:00:00,0.23,0.17,0.06,0.08,37.2,36.0,19.5,1003.1,25.6,-6.46168817957512,5.048424097670398
2017-05-04 12:00:00,0.65,0.0,0.53,0.33,35.0,44.0,21.0,1002.4,36.4,-14.021187122267003,6.838589889909609
2017-05-04 13:00:00,0.55,0.0,0.14,0.48,36.1,39.0,20.0,1001.2,39.6,-10.031810730249349,7.288537128426666
2017-05-04 14:00:00,0.66,0.0,0.23,0.59,35.5,39.0,19.4,1000.2,38.9,-11.172287142747452,11.17228714274745
2017-05-04 15:00:00,0.52,0.0,0.49,0.06,35.5,36.0,18.4,999.6,36.7,-12.35662078716584,10.006194217692412
2017-05-04 16:00:00,0.36,0.0,0.07,0.31,34.6,43.0,20.1,999.8,36.0,-9.75257654889373,10.458357933154138
2017-05-04 17:00:00,0.09,0.0,0.0,0.11,32.9,54.0,22.4,1000.2,32.4,-13.995994002686592,10.168684864659784
2017-05-04 18:00:00,0.01,0.0,0.0,0.01,31.1,60.0,22.4,1000.6,34.9,-10.111626970967631,10.11162697096763
2017-05-04 19:00:00,0.0,0.0,0.0,0.0,30.0,67.0,23.3,1001.5,26.6,-5.2875763599854055,11.87609094935381
2017-05-04 20:00:00,0.0,0.0,0.0,0.0,29.0,71.0,23.2,1002.1,24.5,-1.8772135804827719,11.852260087141651
2017-05-04 21:00:00,0.09,0.0,0.01,0.08,28.2,78.0,24.0,1002.7,22.0,0.39087436306801004,11.193177262613872
2017-05-04 22:00:00,0.47,0.0,0.02,0.46,27.9,81.0,24.4,1003.3,20.2,-1.3226185430791415e-15,10.8
2017-05-04 23:00:00,0.58,0.0,0.02,0.58,27.6,81.0,24.1,1003.4,19.4,-1.4195656297926662,10.100734301164017
2017-05-05 00:00:00,0.39,0.0,0.03,0.37,27.4,83.0,24.3,1002.8,18.4,-1.2368932671388266e-15,10.1
2017-05-05 01:00:00,0.48,0.0,0.02,0.47,27.2,85.0,24.5,1002.1,17.6,1.3766232923540305,8.691657397237213
2017-05-05 02:00:00,0.28,0.0,0.01,0.27,27.0,87.0,24.5,1001.5,15.5,2.508575646817103,6.535062985480412
2017-05-05 03:00:00,0.02,0.0,0.0,0.02,26.8,88.0,24.6,1001.0,11.9,3.2498011250210617,4.312631754255381
2017-05-05 04:00:00,0.0,0.0,0.0,0.0,26.5,90.0,24.7,1001.1,9.4,2.5242120488351985,3.23084408978756
2017-05-05 05:00:00,0.0,0.0,0.0,0.26,26.7,91.0,25.0,1001.6,7.2,-0.3486229709906328,3.984778792366982
2017-05-05 06:00:00,0.48,0.0,0.0,0.48,27.4,87.0,25.0,1002.3,9.7,-0.7059932828932164,3.6320205787563564
2017-05-05 07:00:00,0.54,0.0,0.0,0.54,29.5,74.0,24.3,1002.9,13.0,0.3534210958749272,2.878383839759834
2017-05-05 08:00:00,0.86,0.07,0.15,0.79,31.8,60.0,23.0,1003.6,15.1,-0.3479327524001633,2.475670171853926
2017-05-05 09:00:00,0.86,0.11,0.06,0.85,33.9,47.0,21.1,1003.7,23.8,-2.8738041798367564,6.162892951849219
2017-05-05 10:00:00,0.9,0.04,0.16,0.88,35.6,41.0,20.3,1003.6,26.6,-4.363286582217034,7.871577364254562
2017-05-05 11:00:00,0.8,0.04,0.11,0.77,37.1,37.0,20.0,1002.7,29.9,-7.2166493188955805,8.301805382450492
2017-05-05 12:00:00,0.87,0.2,0.2,0.86,37.3,37.0,20.2,1001.7,36.7,-12.2970583144992,8.934335834845589
2017-05-05 13:00:00,0.93,0.02,0.36,0.87,34.2,43.0,19.8,1001.3,39.2,-9.110671410533335,12.539763412811684
2017-05-05 14:00:00,0.8,0.0,0.06,0.78,36.4,36.0,19.1,1000.0,36.0,-6.524416300446453,8.980088637561915
2017-05-05 15:00:00,0.79,0.0,0.05,0.78,35.5,38.0,19.0,999.4,33.5,-2.951447126315946,11.837607860567156
2017-05-05 16:00:00,0.44,0.01,0.08,0.41,34.5,41.0,19.4,999.4,30.6,-2.5988961352219913,12.226845009172571
2017-05-05 17:00:00,0.15,0.01,0.07,0.21,34.3,44.0,20.4,999.6,29.9,-3.862712429686844,11.888206453689419
2017-05-05 18:00:00,0.09,0.0,0.06,0.05,32.5,53.0,21.7,1000.2,28.8,-4.297864059424228,14.057679912656623
2017-05-05 19:00:00,0.02,0.0,0.02,0.0,30.9,61.0,22.5,1001.5,29.5,-3.285004714920597,15.454732091594131
2017-05-05 20:00:00,0.01,0.0,0.01,0.0,29.6,70.0,23.5,1002.3,29.2,-3.6493485359455464,13.619554150675862
2017-05-05 21:00:00,0.02,0.0,0.02,0.0,29.0,74.0,23.9,1003.1,25.9,-1.8649195528648754,13.269592121137043
2017-05-05 22:00:00,0.0,0.0,0.0,0.0,28.6,77.0,24.2,1003.5,24.1,-1.4940690949597709e-15,12.2
2017-05-05 23:00:00,0.0,0.0,0.0,0.0,28.5,78.0,24.3,1003.4,22.0,2.1414904154229233,10.074920287558198
2017-05-06 00:00:00,0.0,0.0,0.0,0.0,28.1,80.0,24.4,1003.1,18.7,4.363286582217032,7.871577364254563
2017-05-06 01:00:00,0.0,0.0,0.0,0.0,27.8,82.0,24.5,1002.3,16.2,1.4846769586695088,6.430842427582553
2017-05-06 02:00:00,0.0,0.0,0.0,0.0,27.4,84.0,24.5,1001.6,11.9,-1.4846769586695103,6.430842427582552
2017-05-06 03:00:00,0.01,0.01,0.01,0.0,27.1,86.0,24.6,1001.4,11.2,-1.1257730727216153,5.791600382341217
2017-05-06 04:00:00,0.02,0.0,0.01,0.01,27.0,88.0,24.7,1001.9,11.2,-0.7068421917498557,5.756767679519667
2017-05-06 05:00:00,0.03,0.0,0.01,0.0,27.3,87.0,25.0,1002.6,10.1,-1.0494494745709972,5.3989495089621515
2017-05-06 06:00:00,0.14,0.0,0.04,0.12,27.8,85.0,25.0,1003.0,13.7,-1.0324674692655245,6.5187430479279085
2017-05-06 07:00:00,0.1,0.0,0.03,0.07,29.5,75.0,24.6,1003.9,19.4,0.6623836448822004,7.571079705497266
2017-05-06 08:00:00,0.2,0.04,0.06,0.14,31.6,62.0,23.6,1004.5,20.5,1.7542302283364206,5.737828535778212
2017-05-06 09:00:00,0.23,0.12,0.12,0.08,33.5,52.0,22.3,1004.5,20.2,1.0811407922523495,5.086367523815789
2017-05-06 10:00:00,0.19,0.09,0.09,0.06,35.6,44.0,21.5,1003.9,20.9,0.7352419856890845,4.6421352007971475
2017-05-06 11:00:00,0.49,0.25,0.16,0.22,37.5,39.0,21.1,1002.8,23.0,-1.4171916423663506,6.1385314081469815
2017-05-06 12:00:00,0.56,0.37,0.26,0.22,37.5,39.0,21.0,1002.1,30.2,-9.433869752784652,8.20073786238134
2017-05-06 13:00:00,0.55,0.19,0.12,0.46,34.5,50.0,22.4,1002.0,43.9,-6.7596485228644365,15.924733964727219
2017-05-06 14:00:00,0.24,0.03,0.09,0.2,34.5,45.0,20.8,1001.1,40.7,-6.629807066588054,17.271237890198233
2017-05-06 15:00:00,0.55,0.38,0.34,0.28,33.2,49.0,21.2,1001.0,41.0,-1.818795260857175,17.304680979407955
2017-05-06 16:00:00,0.2,0.14,0.08,0.06,33.6,47.0,20.8,1000.9,39.2,2.917289384804432,16.544770250605094
2017-05-06 17:00:00,0.17,0.12,0.06,0.26,33.2,48.0,20.9,1000.9,36.0,1.109127932531592,15.861268399131205
2017-05-06 18:00:00,0.02,0.0,0.01,0.01,31.5,57.0,22.0,1001.2,32.8,-1.8492166667125033e-15,15.1
2017-05-06 19:00:00,0.18,0.0,0.02,0.16,30.7,63.0,22.8,1002.1,29.2,-1.934941942652818e-15,15.8
2017-05-06 20:00:00,0.43,0.0,0.0,0.43,29.8,69.0,23.4,1002.6,29.2,1.4006814077865568,13.326593397934863
2017-05-06 21:00:00,0.78,0.0,0.0,0.78,29.2,70.0,23.1,1002.8,24.5,2.8343832847326986,12.277062816293963
2017-05-06 22:00:00,0.47,0.0,0.0,0.47,28.8,73.0,23.4,1003.5,22.3,3.5386087947594613,7.947845481490627
2017-05-06 23:00:00,0.03,0.0,0.03,0.0,28.4,75.0,23.5,1003.4,15.1,2.221881287180863,5.78819864428265
2017-05-07 00:00:00,0.58,0.0,0.01,0.58,28.0,78.0,23.8,1003.2,10.4,1.4333142502483949,4.998560818879258
2017-05-07 01:00:00,0.99,0.0,0.0,0.99,27.8,79.0,23.9,1002.7,9.4,0.6883116461770152,4.3458286986186065
2017-05-07 02:00:00,0.98,0.0,0.0,0.98,27.4,81.0,24.0,1002.0,7.6,-0.7059932828932164,3.6320205787563564
2017-05-07 03:00:00,0.96,0.0,0.0,0.96,27.1,83.0,24.0,1001.7,5.8,0.3434561916777805,1.7669289302057951
2017-05-07 04:00:00,0.97,0.0,0.01,0.97,27.0,84.0,24.1,1002.0,5.0,0.3534210958749272,2.878383839759834
2017-05-07 05:00:00,0.89,0.02,0.07,0.8,27.1,83.0,24.0,1002.7,7.6,-5.265981236333618e-16,4.3
2017-05-07 06:00:00,0.56,0.03,0.06,0.53,27.8,79.0,23.9,1003.1,9.7,-0.716657125124198,2.499280409439629
2017-05-07 07:00:00,0.68,0.03,0.16,0.62,29.9,66.0,22.9,1004.1,17.6,-2.9055391983331003,5.702441754805554
2017-05-07 08:00:00,0.8,0.0,0.07,0.79,31.5,59.0,22.5,1004.8,19.1,-2.490620541896064,3.9858260519352022
2017-05-07 09:00:00,0.91,0.11,0.07,0.91,33.0,53.0,22.2,1005.1,17.6,-2.1554976886431088,1.4539015490239415
2017-05-07 10:00:00,0.98,0.81,0.2,0.98,31.9,59.0,22.8,1005.3,28.1,-7.551844692598049,9.32575153748365
2017-05-07 11:00:00,1.0,0.03,0.02,1.0,31.4,60.0,22.8,1004.8,30.6,-4.585304047369423,8.999165894302514
2017-05-07 12:00:00,1.0,0.02,0.02,1.0,32.1,58.0,22.8,1003.7,28.8,-1.0557374790033027,10.04467114321956
2017-05-07 13:00:00,0.98,0.04,0.06,0.97,33.2,54.0,22.5,1002.2,25.9,-1.1419715947936862,7.210124886344505
2017-05-07 14:00:00,0.99,0.07,0.02,0.99,35.0,49.0,22.5,1001.1,22.7,-1.0886485301985047,4.366330768241984
2017-05-07 15:00:00,1.0,0.29,0.37,1.0,32.5,57.0,22.7,1000.6,25.2,-7.9885712602784675,8.27240770389449
2017-05-07 16:00:00,0.98,0.45,0.28,0.96,31.6,58.0,22.5,1000.7,30.6,3.9754388860199628,7.171881598543045
2017-05-07 17:00:00,0.98,0.14,0.01,0.98,32.2,55.0,22.0,1000.4,21.2,4.976398565530443,9.359244484304625
2017-05-07 18:00:00,0.93,0.01,0.0,0.93,31.4,57.0,22.0,1001.0,24.8,1.1678869528186164,13.34900895442939
2017-05-07 19:00:00,0.99,0.01,0.01,0.99,29.6,68.0,23.1,1002.3,30.6,-2.565525226659788,16.198088785760255
2017-05-07 20:00:00,0.09,0.0,0.02,0.08,28.5,76.0,23.9,1003.2,30.6,-0.7536377698983908,14.380265300465863
2017-05-07 21:00:00,0.02,0.0,0.01,0.01,28.0,78.0,23.9,1003.5,26.6,1.1330246557195534,12.950531075192693
2017-05-07 22:00:00,0.0,0.0,0.0,0.0,27.7,79.0,23.8,1003.6,23.8,0.753369916436553,10.773691742806102
2017-05-07 23:00:00,0.01,0.0,0.0,0.01,27.5,80.0,23.7,1003.4,19.4,1.8296228791962839,8.60769888645749
2017-05-08 00:00:00,0.0,0.0,0.0,0.0,27.4,80.0,23.6,1003.0,16.2,1.3929056662487764,7.165878439167947
2017-05-08 01:00:00,0.0,0.0,0.0,0.0,27.1,81.0,23.6,1002.4,13.0,1.0793978087775922,6.815049550106451
2017-05-08 02:00:00,0.0,0.0,0.0,0.0,27.0,81.0,23.6,1001.8,14.0,1.8221035401853063,7.892397524760405
2017-05-08 03:00:00,0.84,0.04,0.01,0.84,26.9,82.0,23.6,1001.6,14.4,4.6580191058326,5.358438019581682
2017-05-08 04:00:00,0.87,0.03,0.01,0.86,26.8,83.0,23.6,1001.8,12.6,1.846908773958611,5.074340152243906
2017-05-08 05:00:00,1.0,0.0,0.0,0.79,26.4,87.0,24.0,1001.9,9.7,1.0611580849203353,3.96029588778518
2017-05-08 06:00:00,0.92,0.04,0.0,0.92,27.0,84.0,24.0,1002.3,10.8,2.5000000000000004,4.330127018922193
2017-05-08 07:00:00,0.96,0.04,0.0,0.96,28.9,73.0,23.6,1003.5,15.1,1.4326213531414103,4.685893304218874
2017-05-08 08:00:00,0.94,0.18,0.1,0.94,30.6,65.0,23.2,1004.3,17.6,-6.123233995736766e-16,5.0
2017-05-08 09:00:00,0.95,0.03,0.02,0.95,32.2,59.0,23.1,1004.1,20.5,-0.7068421917498557,5.756767679519667
2017-05-08 10:00:00,0.94,0.2,0.12,0.93,34.1,52.0,22.8,1003.7,20.9,-1.079765060850553,4.6769763109691285
2017-05-08 11:00:00,0.98,0.38,0.09,0.93,35.3,47.0,22.5,1003.0,21.6,-1.0494494745709972,5.3989495089621515
2017-05-08 12:00:00,0.96,0.65,0.06,0.87,36.2,45.0,22.4,1001.8,22.3,-1.7542302283364197,5.737828535778213
2017-05-08 13:00:00,0.87,0.15,0.21,0.85,34.5,48.0,22.0,1000.8,33.8,-4.037577103599328,15.068442890109464
2017-05-08 14:00:00,0.97,0.0,0.19,0.95,34.5,48.0,21.9,999.6,37.1,1.057715567296498,7.526037322435934
2017-05-08 15:00:00,0.9,0.0,0.29,0.88,33.9,47.0,20.9,999.1,27.7,3.516580156403462,8.284543681071963
2017-05-08 16:00:00,0.93,0.16,0.43,0.84,34.2,46.0,20.9,998.6,23.4,7.217009115376548,3.2132194802988208
2017-05-08 17:00:00,0.44,0.03,0.24,0.91,33.2,52.0,22.0,998.9,20.5,1.125773072721614,5.791600382341218
2017-05-08 18:00:00,0.92,0.02,0.18,0.92,32.7,53.0,21.8,999.4,14.0,-2.224922359499622,6.8476069173251055
2017-05-08 19:00:00,0.52,0.0,0.21,0.45,30.6,68.0,24.0,1000.4,25.2,-4.5905109778459074,13.331811915950368
2017-05-08 20:00:00,0.39,0.0,0.23,0.22,29.8,72.0,24.0,1001.1,25.2,-2.795245687107227,10.431998923921936
2017-05-08 21:00:00,0.53,0.0,0.17,0.49,29.5,72.0,23.9,1001.6,19.1,1.0602632876247815,8.635151519279502
2017-05-08 22:00:00,0.59,0.0,0.12,0.54,29.2,73.0,23.9,1002.0,15.1,3.1997434936258236,5.772490067120012
2017-05-08 23:00:00,0.03,0.0,0.03,0.0,28.9,74.0,23.8,1001.8,12.2,4.672871103025765,3.9210044190878905
2017-05-09 00:00:00,0.02,0.0,0.02,0.0,28.6,74.0,23.4,1001.1,13.7,7.892397524760404,1.8221035401853085
2017-05-09 01:00:00,0.0,0.0,0.0,0.0,28.5,72.0,22.9,1000.2,16.6,9.325458242752807,1.812685456077174
2017-05-09 02:00:00,0.0,0.0,0.0,0.0,28.2,73.0,23.0,999.3,16.6,8.939931253174443,2.904759747124507
2017-05-09 03:00:00,0.03,0.0,0.03,0.0,27.9,75.0,23.0,999.1,16.6,8.320563465273988,2.864999759222979
2017-05-09 04:00:00,0.15,0.0,0.15,0.0,27.6,76.0,22.9,999.5,17.3,9.353952621938257,2.1595301217011063
2017-05-09 05:00:00,0.3,0.0,0.07,0.0,27.3,78.0,23.2,1000.2,20.2,1.8221342821066664,2.5079526825623373
2017-05-09 06:00:00,0.15,0.0,0.15,0.0,28.0,75.0,23.2,1001.1,12.6,6.119413440140796,2.472403516545021
2017-05-09 07:00:00,0.06,0.01,0.06,0.0,29.8,68.0,23.1,1001.9,26.3,12.304149708010485,3.5281581544575857
2017-05-09 08:00:00,0.11,0.01,0.11,0.0,32.1,57.0,22.5,1002.4,33.1,14.754994224249398,2.0736792043049808
2017-05-09 09:00:00,0.35,0.0,0.0,0.35,34.0,49.0,21.8,1002.6,33.1,11.910553819695865,1.462432120861766
2017-05-09 10:00:00,0.28,0.01,0.0,0.27,35.5,43.0,21.1,1002.4,29.9,8.96575228282571,0.7844016847289242
2017-05-09 11:00:00,0.69,0.16,0.23,0.6,37.2,39.0,20.9,1001.3,26.6,7.892397524760404,1.8221035401853085
2017-05-09 12:00:00,0.9,0.56,0.2,0.71,38.2,37.0,20.9,999.9,25.9,6.514471485336052,3.914289369316413
2017-05-09 13:00:00,0.43,0.06,0.28,0.19,38.7,35.0,20.5,998.5,25.2,0.3278554265973888,4.688551036221174
2017-05-09 14:00:00,0.89,0.0,0.21,0.85,32.7,53.0,21.7,998.9,26.6,8.635151519279502,1.0602632876247804
2017-05-09 15:00:00,0.81,0.15,0.19,0.76,33.8,48.0,21.0,997.4,25.2,7.969557584733964,-0.6972459419812631
2017-05-09 16:00:00,0.85,0.0,0.06,0.84,34.3,45.0,20.8,997.3,22.0,9.74959675482086,1.7191169589026103
2017-05-09 17:00:00,0.92,0.0,0.08,0.88,33.6,49.0,21.5,997.2,32.8,14.094155353306773,1.7305446763530898
2017-05-09 18:00:00,0.97,0.0,0.05,0.97,31.8,55.0,21.5,997.8,28.8,13.688827766869691,2.4137096695703315
2017-05-09 19:00:00,0.72,0.0,0.12,0.69,30.8,59.0,21.7,998.8,25.2,12.277062816293963,2.834383284732702
2017-05-09 20:00:00,0.79,0.0,0.08,0.78,30.5,61.0,22.2,999.7,24.5,13.001962732098352,3.2417534010355484
2017-05-09 21:00:00,0.84,0.0,0.05,0.84,30.2,63.0,22.4,1000.4,29.2,16.210706894502856,1.70381395126275
2017-05-09 22:00:00,0.84,0.0,0.09,0.84,29.8,66.0,22.6,1000.8,31.0,16.608515652650166,1.7456253365698111
2017-05-09 23:00:00,0.86,0.0,0.06,0.85,29.4,68.0,22.9,1000.7,29.9,14.718924051450447,1.5470212563612697
2017-05-10 00:00:00,0.92,0.0,0.01,0.92,29.2,69.0,23.0,1000.2,27.0,14.779717114367694,0.7745721523955758
2017-05-10 01:00:00,0.97,0.0,0.0,0.97,28.8,70.0,22.9,999.2,27.4,15.162973563949327,1.0602984009107088
2017-05-10 02:00:00,0.91,0.0,0.01,0.91,28.5,72.0,23.0,998.4,28.1,15.497639274924065,0.2705122997778942
2017-05-10 03:00:00,0.91,0.0,0.0,0.91,28.3,73.0,23.0,997.9,27.7,14.397806810252035,0.25131465269688236
2017-05-10 04:00:00,0.89,0.0,0.0,0.89,28.1,73.0,22.9,998.3,25.6,13.291897999353974,-0.46416330614326706
2017-05-10 05:00:00,0.41,0.0,0.0,0.89,27.9,76.0,23.1,999.5,24.1,10.397814721786489,-1.4613175600806874
2017-05-10 06:00:00,0.89,0.0,0.0,0.89,28.4,73.0,23.1,1000.0,19.8,10.793921949283117,-1.5169868004647136
2017-05-10 07:00:00,0.74,0.0,0.0,0.74,30.6,62.0,22.5,1000.7,23.0,9.659258262890685,-2.588190451025203
2017-05-10 08:00:00,0.16,0.0,0.0,0.16,33.0,51.0,21.5,1001.3,23.8,6.1194134401407965,-2.4724035165450187
2017-05-10 09:00:00,0.14,0.0,0.0,0.14,34.8,45.0,21.0,1001.5,20.9,0.7117525274902334,-1.7616493236768958
2017-05-10 10:00:00,0.29,0.01,0.06,0.25,36.5,39.0,20.5,1001.3,21.2,-2.883363526931848,-1.8017254983928965
2017-05-10 11:00:00,0.32,0.1,0.04,0.25,38.3,35.0,20.1,1000.3,22.3,-5.087576656325103,-0.35575801609503865
2017-05-10 12:00:00,0.85,0.03,0.79,0.42,38.8,34.0,19.9,999.2,30.2,-7.906287599144436,9.422346650363428
2017-05-10 13:00:00,0.71,0.0,0.53,0.45,35.3,42.0,20.4,998.9,40.0,-4.366085533908784,8.211412613588022
2017-05-10 14:00:00,0.86,0.14,0.37,0.75,33.0,53.0,22.2,999.2,25.9,2.472403516545019,6.1194134401407965
2017-05-10 15:00:00,0.49,0.05,0.33,0.21,32.5,55.0,22.2,998.7,28.4,3.5376976271451195,-11.571287547152727
2017-05-10 16:00:00,0.72,0.0,0.25,0.61,31.1,58.0,22.0,998.6,28.8,5.3989495089621515,-1.0494494745709981
2017-05-10 17:00:00,0.63,0.04,0.28,0.57,33.2,52.0,21.9,998.0,17.3,-4.705788684431241,5.046340541172277
2017-05-10 18:00:00,0.67,0.0,0.33,0.54,29.0,74.0,23.9,999.5,15.8,-2.4881992827652204,4.679622242152313
2017-05-10 19:00:00,0.65,0.0,0.31,0.51,27.2,83.0,24.0,1000.1,15.1,5.387787044493737,5.777694242791448
2017-05-10 20:00:00,0.52,0.05,0.32,0.35,27.0,84.0,24.0,1000.6,14.8,5.4091846272187825,-1.4493866525741135
2017-05-10 21:00:00,0.47,0.06,0.23,0.33,26.8,84.0,23.9,1001.9,15.1,3.9381611903595717,-5.420413862312147
2017-05-10 22:00:00,0.77,0.0,0.5,0.47,27.1,82.0,23.8,1002.6,18.0,10.125553387976845,-4.298042413382008
2017-05-10 23:00:00,0.69,0.01,0.18,0.64,26.5,85.0,23.8,1002.0,25.2,14.37819319397824,-2.5352633939371776
2017-05-11 00:00:00,0.63,0.06,0.19,0.54,26.8,82.0,23.4,1000.9,29.2,16.19808878576026,-2.565525226659783
2017-05-11 01:00:00,0.59,0.03,0.42,0.33,27.1,78.0,23.0,1000.0,28.8,15.102736004171147,-3.486741342329906
2017-05-11 02:00:00,0.44,0.01,0.32,0.22,27.1,77.0,22.8,999.0,29.2,15.855404823496553,-2.7957356604375727
2017-05-11 03:00:00,0.39,0.04,0.22,0.22,27.1,77.0,22.8,998.7,28.1,14.034420760699454,-4.024305394928191
2017-05-11 04:00:00,0.58,0.02,0.18,0.5,27.2,76.0,22.6,999.1,25.6,13.269592121137043,-1.8649195528648772
2017-05-11 05:00:00,0.19,0.0,0.0,0.52,26.6,80.0,22.9,999.2,23.8,1.8221342821066664,2.5079526825623373
2017-05-11 06:00:00,0.31,0.0,0.03,0.29,27.4,77.0,23.0,1000.2,7.2,-1.4474368994146258,1.7874357113510329
2017-05-11 07:00:00,0.25,0.0,0.0,0.25,29.0,70.0,23.0,1001.1,10.4,-0.7071067811865476,0.7071067811865475
2017-05-11 08:00:00,0.42,0.0,0.01,0.41,30.9,63.0,23.0,1002.2,14.4,2.475670171853926,-0.34793275240016364
2017-05-11 09:00:00,0.07,0.0,0.04,0.03,33.0,55.0,22.7,1002.3,19.4,5.0,9.184850993605148e-16
2017-05-11 10:00:00,0.18,0.13,0.01,0.05,34.5,49.0,22.1,1002.1,19.8,3.6160170328104706,1.460965714322058
2017-05-11 11:00:00,0.26,0.2,0.04,0.06,35.8,44.0,21.6,1001.1,19.1,0.3486229709906318,3.984778792366982
2017-05-11 12:00:00,0.88,0.22,0.13,0.85,32.4,59.0,23.5,1000.6,35.6,-14.030928932907388,3.2392951825516567
2017-05-11 13:00:00,0.88,0.12,0.17,0.85,31.9,59.0,22.9,999.8,34.2,-8.320563465273988,2.864999759222979
2017-05-11 14:00:00,0.99,0.01,0.17,0.98,32.5,57.0,22.8,999.2,24.5,2.914555953282626,4.664264528860343
2017-05-11 15:00:00,1.0,0.0,0.27,1.0,29.0,75.0,24.0,999.3,32.0,8.650090580795544,5.405176495178691
2017-05-11 16:00:00,1.0,0.05,0.29,1.0,30.8,64.0,23.2,998.4,24.5,2.1808523235359116,-3.233246532964663
2017-05-11 17:00:00,1.0,0.0,0.08,0.68,33.2,53.0,22.4,997.7,14.0,-5.377666356487367,2.17271824181229
2017-05-11 18:00:00,0.94,0.17,0.26,0.9,31.7,62.0,23.5,998.2,13.0,-2.4930243101639276,2.8678964048465336
2017-05-11 19:00:00,0.97,0.06,0.09,0.97,31.2,65.0,23.8,999.2,16.9,-7.212489168102785,7.212489168102784
2017-05-11 20:00:00,0.78,0.07,0.09,0.78,30.1,72.0,24.5,1000.1,18.4,-6.855693556378481,5.356254835333226
2017-05-11 21:00:00,0.89,0.1,0.07,0.87,29.6,75.0,24.8,1001.1,15.5,-5.788198644282651,2.2218812871808615
2017-05-11 22:00:00,0.77,0.09,0.12,0.75,29.2,80.0,25.4,1001.6,11.2,-2.883363526931848,-1.8017254983928965
2017-05-11 23:00:00,0.54,0.06,0.21,0.46,29.0,82.0,25.6,1001.6,7.2,0.7059932828932153,-3.632020578756357
2017-05-12 00:00:00,0.27,0.07,0.27,0.01,28.9,82.0,25.4,1001.0,9.0,3.2498011250210608,-4.312631754255381
2017-05-12 01:00:00,0.16,0.0,0.16,0.0,28.6,79.0,24.5,1000.2,11.2,6.415246974156249,-3.268731598124736
2017-05-12 02:00:00,0.23,0.0,0.22,0.04,28.3,75.0,23.5,999.6,23.0,7.28853712842667,-10.031810730249347
2017-05-12 03:00:00,0.25,0.05,0.11,0.16,26.9,83.0,23.8,999.0,22.7,1.7677094549546117,-11.160878248725057
2017-05-12 04:00:00,0.19,0.03,0.08,0.14,26.5,86.0,24.0,999.1,23.0,-0.7812725059342034,-11.17271736291003
2017-05-12 05:00:00,0.48,1.0,0.12,0.75,26.7,93.0,25.5,1000.6,21.2,1.0577155672965006,-7.526037322435934
2017-05-12 06:00:00,0.96,0.4,0.06,0.92,27.4,89.0,25.4,1001.0,15.5,-1.079397808777593,-6.815049550106451
2017-05-12 07:00:00,0.91,0.19,0.09,0.9,28.8,81.0,25.2,1001.6,16.6,-2.197614961051637,-4.7128004925905795
2017-05-12 08:00:00,0.86,0.18,0.2,0.86,30.6,70.0,24.6,1001.9,18.7,0.3534210958749269,-2.878383839759834
2017-05-12 09:00:00,0.91,0.15,0.11,0.89,32.0,61.0,23.5,1001.9,17.6,3.1955227495527967,-2.8772616073430886
2017-05-12 10:00:00,0.94,0.13,0.12,0.92,33.8,52.0,22.5,1001.7,19.4,3.9357886821272805,-2.181643291108518
2017-05-12 11:00:00,0.68,0.1,0.21,0.55,34.7,46.0,21.5,1001.2,19.4,2.475670171853926,-0.34793275240016364
2017-05-12 12:00:00,0.91,0.12,0.27,0.87,35.8,42.0,21.1,1000.4,17.3,0.0,0.0
2017-05-12 13:00:00,0.8,0.34,0.34,0.64,35.6,43.0,21.2,999.3,18.7,-5.08636752381579,1.0811407922523486
2017-05-12 14:00:00,0.9,0.58,0.3,0.8,31.7,61.0,23.1,998.9,30.2,1.139360249617423,10.84028865951418
2017-05-12 15:00:00,0.1,0.02,0.02,0.08,33.0,53.0,22.3,998.0,27.0,6.152074854005242,1.7640790772287929
2017-05-12 16:00:00,0.27,0.12,0.19,0.12,33.6,51.0,22.0,997.5,20.2,3.233592155403522,1.0506577808748216
2017-05-12 17:00:00,0.29,0.06,0.14,0.46,32.1,59.0,23.1,998.0,14.0,-4.981241083792128,7.9716521038704045
2017-05-12 18:00:00,0.39,0.06,0.11,0.34,31.6,59.0,22.6,998.3,19.8,-5.3994159213669315,6.434773322199415
2017-05-12 19:00:00,0.67,0.0,0.08,0.66,30.6,64.0,23.1,999.2,15.8,-6.509047944410618,6.069785404556236
2017-05-12 20:00:00,0.76,0.0,0.06,0.76,30.0,69.0,23.5,1000.3,15.8,-6.156001578501497,6.836932394392025
2017-05-12 21:00:00,0.93,0.0,0.07,0.92,29.4,74.0,24.4,1000.9,16.9,-5.8214362753220685,6.465359981653328
2017-05-12 22:00:00,0.78,0.02,0.06,0.78,29.0,78.0,24.8,1001.6,15.1,-1.7489675652259418,3.9282454678631833
2017-05-12 23:00:00,0.25,0.02,0.07,0.18,28.6,82.0,25.3,1001.4,6.8,2.5114736709748713,1.4500000000000013
2017-05-13 00:00:00,0.61,0.0,0.04,0.59,28.1,82.0,24.9,1000.8,4.7,2.192031021678298,-2.192031021678297
2017-05-13 01:00:00,0.4,0.0,0.01,0.39,27.9,82.0,24.6,1000.3,6.5,-1.1110124779463997,-3.6339580726595346
2017-05-13 02:00:00,0.26,0.0,0.02,0.25,27.4,85.0,24.7,999.6,6.5,-0.7423384793347545,-3.2154212137912763
2017-05-13 03:00:00,0.67,0.0,0.02,0.65,27.0,89.0,25.0,998.8,5.8,-0.7257656867990032,-2.9108871788279895
2017-05-13 04:00:00,0.95,0.01,0.02,0.95,26.7,92.0,25.2,998.7,5.4,1.083267041673687,-1.437543918085127
2017-05-13 05:00:00,0.92,0.03,0.01,0.78,27.1,87.0,24.9,999.9,5.4,3.604268994871564,-2.523736319944603
2017-05-13 06:00:00,0.87,0.0,0.0,0.87,27.8,83.0,24.5,1000.0,10.1,2.87726160734309,-3.195522749552796
2017-05-13 07:00:00,0.8,0.02,0.0,0.8,29.4,77.0,25.0,1000.4,15.8,3.2498011250210608,-4.312631754255381
2017-05-13 08:00:00,0.97,0.18,0.05,0.96,31.1,67.0,24.4,1001.4,18.4,2.9145559532826275,-4.664264528860342
2017-05-13 09:00:00,0.92,0.12,0.09,0.92,32.7,60.0,23.9,1001.8,21.2,4.672871103025766,-3.921004419087889
2017-05-13 10:00:00,0.99,0.12,0.12,0.99,33.6,55.0,23.2,1001.6,21.2,2.1808523235359116,-3.233246532964663
2017-05-13 11:00:00,0.9,0.1,0.12,0.89,34.8,49.0,22.5,1000.3,18.7,-2.545584412271571,-2.5455844122715714
2017-05-13 12:00:00,0.45,0.18,0.23,0.27,36.0,43.0,21.6,999.4,19.4,-3.632020578756357,-0.7059932828932162
2017-05-13 13:00:00,0.19,0.07,0.19,0.0,36.3,42.0,21.1,998.2,19.8,-5.032023407672544,3.267834210090163
2017-05-13 14:00:00,0.71,0.41,0.51,0.3,34.8,48.0,22.0,997.4,33.1,-11.500351344681015,8.666136333389497
2017-05-13 15:00:00,0.63,0.19,0.3,0.51,33.7,52.0,22.6,997.1,33.5,-4.981192763194496,14.466434206669549
2017-05-13 16:00:00,0.35,0.05,0.15,0.25,33.9,50.0,22.1,996.9,33.5,2.5648410533120627,7.893769085249776
2017-05-13 17:00:00,0.19,0.05,0.17,0.22,32.1,56.0,22.4,997.3,23.4,4.610627316173428,10.861957270738797
2017-05-13 18:00:00,0.23,0.06,0.19,0.03,32.0,56.0,22.1,998.0,23.0,5.400153994423306,3.2447398719333425
2017-05-13 19:00:00,0.16,0.0,0.16,0.01,31.6,58.0,22.4,998.7,10.8,2.8783838397598336,-0.35342109587492826
2017-05-13 20:00:00,0.09,0.0,0.09,0.0,30.9,60.0,22.2,999.3,17.3,10.100734301164017,-1.4195656297926678
2017-05-13 21:00:00,0.1,0.0,0.1,0.0,29.6,68.0,23.0,1000.0,18.7,10.442479901366871,-1.0975488643103564
2017-05-13 22:00:00,0.42,0.0,0.06,0.4,29.1,70.0,23.2,1000.5,23.0,12.992080751248245,-0.45369345713251663
2017-05-13 23:00:00,0.77,0.0,0.13,0.73,29.0,71.0,23.2,1000.6,26.3,14.763947943845398,1.0323958114130587
2017-05-14 00:00:00,0.83,0.0,0.22,0.8,28.8,72.0,23.1,1000.1,27.7,13.987510690493421,2.973137178693965
2017-05-14 01:00:00,0.97,0.0,0.17,0.96,28.5,72.0,23.0,999.6,25.6,11.852260087141651,1.8772135804827723
2017-05-14 02:00:00,0.28,0.0,0.1,0.22,28.4,71.0,22.6,998.9,22.0,12.60533612584479,1.547740661245369
2017-05-14 03:00:00,0.31,0.0,0.07,0.26,28.1,71.0,22.5,998.4,29.9,16.889704976622717,0.5898014942722628
2017-05-14 04:00:00,0.28,0.0,0.06,0.22,28.0,73.0,22.6,997.9,32.0,14.779717114367694,0.7745721523955758
2017-05-14 05:00:00,0.15,0.0,0.05,0.0,28.0,76.0,23.3,998.8,26.3,16.210706894502856,1.70381395126275
2017-05-14 06:00:00,0.04,0.0,0.04,0.0,28.5,73.0,23.2,999.2,29.9,14.718924051450447,1.5470212563612697
2017-05-14 07:00:00,0.01,0.0,0.01,0.0,30.2,64.0,22.8,999.8,31.7,15.50670694734366,2.4560211011316273
2017-05-14 08:00:00,0.06,0.0,0.02,0.04,32.3,56.0,22.4,1000.1,36.4,16.921953492694836,3.5968722511472446
2017-05-14 09:00:00,0.27,0.0,0.0,0.27,34.5,48.0,22.0,1000.2,37.1,16.198088785760255,2.5655252266597888
2017-05-14 10:00:00,0.52,0.0,0.05,0.5,36.0,43.0,21.5,1000.2,37.1,14.754994224249398,2.0736792043049808
2017-05-14 11:00:00,0.77,0.01,0.35,0.61,37.1,39.0,20.9,999.8,35.3,12.21161613735138,2.1532374030699364
2017-05-14 12:00:00,0.62,0.02,0.44,0.39,33.8,48.0,21.1,999.7,36.4,13.724402156082174,-1.4424927930936113
2017-05-14 13:00:00,0.33,0.02,0.24,0.12,35.1,44.0,20.9,998.6,36.0,16.980175209829937,4.233633172994186
2017-05-14 14:00:00,0.4,0.0,0.27,0.26,35.2,45.0,21.7,997.4,41.8,17.29736512620557,0.3019266313650045
2017-05-14 15:00:00,0.58,0.2,0.32,0.48,33.2,51.0,21.6,997.3,46.8,16.544770250605094,2.91728938480443
2017-05-14 16:00:00,0.66,0.01,0.22,0.58,33.6,49.0,21.5,996.5,39.6,19.8,3.637200993467639e-15
2017-05-14 17:00:00,0.77,0.0,0.12,0.01,32.8,52.0,21.8,996.7,40.3,21.570397950698798,-1.1304566548475894
2017-05-14 18:00:00,0.12,0.0,0.09,0.04,31.7,58.0,22.4,997.3,41.0,17.67644262108995,4.736388525376127
2017-05-14 19:00:00,0.29,0.0,0.15,0.15,30.6,61.0,22.3,998.3,38.5,19.457460309724212,3.081758961292551
2017-05-14 20:00:00,0.24,0.0,0.12,0.15,29.8,66.0,22.8,998.8,37.1,18.6673096372481,2.9566113892603663
2017-05-14 21:00:00,0.07,0.01,0.07,0.01,29.4,69.0,23.0,999.5,34.9,16.196848526886455,3.148348423712986
2017-05-14 22:00:00,0.15,0.0,0.15,0.0,29.2,69.0,23.0,1000.3,30.2,16.198088785760255,2.5655252266597888
2017-05-14 23:00:00,0.32,0.0,0.3,0.02,28.9,71.0,23.0,1000.6,33.5,18.355178524780765,1.2835191168919107
2017-05-15 00:00:00,0.51,0.0,0.06,0.48,28.0,73.0,22.8,999.4,35.6,17.997258512815044,-0.31414331587109634
2017-05-15 01:00:00,0.08,0.0,0.08,0.0,27.4,75.0,22.5,998.8,36.4,20.849088650430325,1.4579103012522245
2017-05-15 02:00:00,0.08,0.0,0.01,0.08,27.6,72.0,22.1,998.5,42.8,19.04356735888468,3.701694510304965
2017-05-15 03:00:00,0.71,0.0,0.0,0.71,27.1,76.0,22.5,998.0,38.2,20.9,3.8392677153269515e-15
2017-05-15 04:00:00,0.04,0.01,0.02,0.01,26.8,76.0,22.1,998.3,43.6,24.06697178758523,1.2612965454549578
2017-05-15 05:00:00,0.33,0.0,0.0,0.14,27.2,74.0,22.3,997.4,44.3,18.7,3.4351342716083256e-15
2017-05-15 06:00:00,0.0,0.0,0.0,0.0,27.5,74.0,22.5,997.9,39.2,21.93526995127322,2.6933124892537528
2017-05-15 07:00:00,0.13,0.0,0.0,0.13,29.6,64.0,22.1,999.0,45.0,22.675099214396635,2.383248962502497
2017-05-15 08:00:00,0.32,0.0,0.0,0.32,31.5,56.0,21.9,999.4,52.2,26.63821104914824,3.7437564158257706
2017-05-15 09:00:00,0.61,0.0,0.0,0.61,33.5,50.0,21.6,999.6,54.4,24.912908406197186,3.058920519469194
2017-05-15 10:00:00,0.64,0.0,0.0,0.64,35.8,43.0,21.4,999.0,50.8,21.581125129491532,2.2682676529080776
2017-05-15 11:00:00,0.66,0.0,0.47,0.42,36.5,40.0,20.9,998.8,49.3,23.342998776079884,1.6323014856125384
2017-05-15 12:00:00,0.46,0.0,0.28,0.23,38.3,34.0,19.5,997.8,49.3,18.37478343948416,0.9629815948701752
2017-05-15 13:00:00,0.53,0.0,0.39,0.25,37.4,37.0,20.5,996.7,45.7,20.487151044586433,2.1532863433136593
2017-05-15 14:00:00,0.38,0.0,0.36,0.03,37.5,36.0,20.0,995.7,43.9,19.028738777894645,5.098735188519656
2017-05-15 15:00:00,0.25,0.0,0.24,0.11,37.1,38.0,20.5,995.1,46.1,20.871357276370592,1.0938214854775359
2017-05-15 16:00:00,0.09,0.0,0.07,0.03,35.3,45.0,21.8,994.9,48.2,24.839344851469622,1.7369361962287269
2017-05-15 17:00:00,0.15,0.0,0.12,0.0,33.3,51.0,21.9,995.7,51.8,25.238370471573557,-1.764838785726368
2017-05-15 18:00:00,0.99,0.0,0.06,0.99,31.5,58.0,22.1,996.2,47.9,24.096329453269032,0.42060299513853233
2017-05-15 19:00:00,0.95,0.0,0.13,0.94,30.3,62.0,22.3,997.1,45.7,24.86587541538889,1.303165310449313
2017-05-15 20:00:00,0.95,0.0,0.22,0.94,29.5,66.0,22.6,998.0,45.0,22.69654268005008,-0.39616962612632706
2017-05-15 21:00:00,0.92,0.0,0.11,0.91,29.2,68.0,22.8,998.8,41.0,20.896816828768575,0.36475529453922506
2017-05-15 22:00:00,0.99,0.0,0.11,0.99,29.2,67.0,22.6,999.2,37.8,18.37478343948416,0.9629815948701752
2017-05-15 23:00:00,0.97,0.0,0.11,0.97,29.0,67.0,22.3,999.0,33.1,15.812898136355548,1.6620025659556885
2017-05-16 00:00:00,0.93,0.0,0.05,0.93,28.9,65.0,21.7,998.4,29.5,16.608515652650166,1.7456253365698111
2017-05-16 01:00:00,0.66,0.0,0.01,0.65,28.6,64.0,21.2,997.7,29.9,16.58988772851699,0.5793316452615127
2017-05-16 02:00:00,0.19,0.0,0.0,0.19,28.3,66.0,21.5,996.9,29.5,16.237973578895453,1.4206386067868295
2017-05-16 03:00:00,0.46,0.0,0.0,0.46,28.1,68.0,21.6,996.5,29.5,16.210706894502856,1.70381395126275
2017-05-16 04:00:00,0.09,0.0,0.0,0.09,28.0,68.0,21.6,996.6,29.2,16.141369520487597,2.2685215456490733
2017-05-16 05:00:00,0.59,0.0,0.0,0.45,28.0,69.0,21.9,997.1,32.4,14.803430117450112,4.244815279581783
2017-05-16 06:00:00,0.34,0.0,0.0,0.34,28.8,68.0,22.2,997.5,31.3,15.815820338298742,3.9433268982745853
2017-05-16 07:00:00,0.76,0.0,0.0,0.76,30.6,61.0,22.2,998.0,37.1,18.711347307231954,3.2993153756716764
2017-05-16 08:00:00,0.86,0.0,0.0,0.86,33.0,52.0,22.0,998.6,39.6,19.01314691983815,2.672123538433264
2017-05-16 09:00:00,0.77,0.0,0.0,0.77,35.6,43.0,21.0,998.8,40.7,17.989034886343724,0.6281909406450137
2017-05-16 10:00:00,0.66,0.0,0.03,0.66,37.5,37.0,20.1,998.8,39.2,12.60533612584479,1.547740661245369
2017-05-16 11:00:00,0.52,0.0,0.23,0.39,38.6,34.0,19.9,998.2,32.0,10.100734301164016,1.4195656297926713
2017-05-16 12:00:00,0.98,0.01,0.33,0.96,39.3,32.0,19.5,997.2,28.4,6.859756131737131,2.49674704627738
2017-05-16 13:00:00,0.98,0.02,0.37,0.95,37.8,35.0,19.5,996.4,23.8,5.087576656325103,0.35575801609504043
2017-05-16 14:00:00,0.97,0.01,0.3,0.97,36.3,39.0,20.1,995.9,25.2,9.7,1.7818610927593987e-15
2017-05-16 15:00:00,0.9,0.06,0.3,0.86,35.8,40.0,20.2,995.1,36.0,14.41681763465924,9.008627491964486
2017-05-16 16:00:00,0.91,0.0,0.22,0.89,36.2,39.0,20.1,994.8,36.7,15.492137046601172,4.736421616508341
2017-05-16 17:00:00,0.7,0.0,0.1,0.86,33.9,49.0,21.9,995.0,39.6,21.270809090272422,1.1147558679747138
2017-05-16 18:00:00,0.3,0.0,0.1,0.23,31.8,57.0,22.1,996.1,41.4,20.54981943535238,1.4369833591289871
2017-05-16 19:00:00,0.13,0.0,0.08,0.07,30.9,60.0,22.3,997.2,40.0,21.986598194420107,0.7677889274550167
2017-05-16 20:00:00,0.05,0.0,0.05,0.01,30.0,64.0,22.5,998.0,41.0,19.79463583554538,3.4903283711052997
2017-05-16 21:00:00,0.04,0.0,0.04,0.0,29.5,65.0,22.4,998.6,36.7,19.04356735888468,3.701694510304965
2017-05-16 22:00:00,0.0,0.0,0.0,0.0,29.0,68.0,22.6,999.1,35.6,19.09765326979061,4.409040665139759
2017-05-16 23:00:00,0.09,0.0,0.0,0.09,28.6,70.0,22.8,998.9,36.4,19.457460309724212,3.081758961292551
2017-05-17 00:00:00,0.21,0.0,0.0,0.21,28.4,73.0,23.1,998.5,37.8,20.849088650430325,1.4579103012522245
2017-05-17 01:00:00,0.6,0.0,0.0,0.6,28.0,75.0,23.0,997.5,40.7,22.34543472582006,1.562545011868413
2017-05-17 02:00:00,0.79,0.0,0.0,0.79,27.9,74.0,22.9,996.9,41.4,22.7132391164918,1.987150934646608
2017-05-17 03:00:00,0.83,0.0,0.0,0.83,27.8,74.0,22.8,996.6,42.1,22.282937064261972,4.331364195047563
2017-05-17 04:00:00,0.96,0.0,0.0,0.96,27.6,75.0,22.8,996.7,41.8,21.17336668976247,3.733435819839002
2017-05-17 05:00:00,0.98,0.0,0.0,1.0,28.0,76.0,23.4,996.7,40.0,19.850923032826444,2.4373868681029434
2017-05-17 06:00:00,0.95,0.0,0.0,0.95,28.4,75.0,23.6,997.2,36.4,19.85253564596227,3.144332747308644
2017-05-17 07:00:00,0.96,0.0,0.0,0.96,30.1,66.0,23.0,998.3,43.2,21.961212892172238,3.8723543619725467
2017-05-17 08:00:00,0.94,0.0,0.0,0.94,32.2,58.0,22.9,998.6,47.2,23.769073299301734,2.498230272096915
2017-05-17 09:00:00,0.95,0.0,0.0,0.95,34.1,51.0,22.5,999.0,52.2,25.584405171688854,0.8934271155840195
2017-05-17 10:00:00,1.0,0.0,0.0,1.0,35.9,44.0,21.8,999.2,52.9,24.466423601487058,1.2822309279521356
2017-05-17 11:00:00,0.99,0.0,0.03,0.99,37.2,39.0,21.0,998.8,51.5,21.581125129491532,2.2682676529080776
2017-05-17 12:00:00,0.99,0.0,0.07,0.99,38.5,34.0,20.0,997.9,47.2,20.20146860232803,2.8391312595853426
2017-05-17 13:00:00,1.0,0.0,0.28,0.99,38.9,31.0,18.7,996.7,44.6,17.6,3.2330675497490124e-15
2017-05-17 14:00:00,1.0,0.0,0.31,0.99,38.5,31.0,18.5,995.3,40.3,16.933583975480854,2.3798600264171257
2017-05-17 15:00:00,0.99,0.0,0.31,0.97,38.1,32.0,18.8,994.3,42.5,18.061940175437016,3.5108855149284204
2017-05-17 16:00:00,0.94,0.0,0.17,0.94,36.2,43.0,21.5,994.1,47.9,24.485075261967847,0.8550376692112687
2017-05-17 17:00:00,0.89,0.0,0.0,0.91,34.2,49.0,21.9,994.5,49.3,26.66340857794712,-1.3973700316866033
2017-05-17 18:00:00,0.93,0.0,0.0,0.93,31.5,60.0,22.8,995.3,51.1,23.76738292715886,-1.2455957585820658
2017-05-17 19:00:00,0.87,0.0,0.0,0.87,30.1,67.0,23.2,996.5,47.5,25.584405171688854,0.8934271155840195
2017-05-17 20:00:00,0.9,0.0,0.0,0.9,29.6,69.0,23.4,997.6,47.9,26.263956764045293,1.3764356491894354
2017-05-17 21:00:00,0.87,0.0,0.0,0.87,29.4,70.0,23.3,998.3,49.3,26.28397875060222,0.91785676327577
2017-05-17 22:00:00,0.79,0.0,0.0,0.79,29.4,69.0,23.1,998.6,48.2,25.238370471573553,1.7648387857263772
2017-05-17 23:00:00,0.6,0.0,0.0,0.6,29.1,70.0,23.2,998.5,47.2,25.56491608971709,1.3398004798193743
2017-05-18 00:00:00,0.0,0.0,0.0,0.0,28.8,72.0,23.2,997.9,47.2,25.184648840881213,0.8794673169030192
2017-05-18 01:00:00,0.0,0.0,0.0,0.0,28.4,74.0,23.3,997.1,46.1,23.396436066659554,-0.4083863106324252
2017-05-18 02:00:00,0.0,0.0,0.0,0.0,28.2,75.0,23.4,996.9,42.8,22.296603601987528,0.389188663551422
2017-05-18 03:00:00,0.21,0.0,0.0,0.21,28.1,76.0,23.4,996.7,40.7,20.196923442159104,0.35253861003312664
2017-05-18 04:00:00,0.07,0.02,0.0,0.05,28.0,76.0,23.5,997.3,36.4,17.997258512815044,0.31414331587110295
2017-05-18 05:00:00,0.77,0.0,0.0,0.41,28.5,77.0,24.0,997.6,32.0,15.861268399131205,1.1091279325315968
2017-05-18 06:00:00,0.41,0.0,0.01,0.4,29.1,74.0,24.0,998.2,29.5,16.141369520487597,2.2685215456490733
2017-05-18 07:00:00,0.54,0.01,0.0,0.53,31.1,65.0,23.6,998.9,37.8,19.1,3.508613079557167e-15
2017-05-18 08:00:00,0.83,0.01,0.03,0.83,33.7,54.0,23.2,999.5,38.2,15.462242779027276,-1.081225343033941
2017-05-18 09:00:00,0.94,0.0,0.14,0.94,36.0,44.0,22.0,999.9,34.2,9.032169979936029,-1.109011024986844
2017-05-18 10:00:00,0.83,0.0,0.14,0.8,38.1,36.0,20.6,999.7,26.3,7.128052193506942,3.6319239979163758
2017-05-18 11:00:00,0.99,0.04,0.27,0.98,34.4,47.0,21.4,999.4,40.7,16.222909387956033,7.564866885158515
2017-05-18 12:00:00,0.95,0.05,0.16,0.94,37.9,34.0,19.5,998.2,40.7,7.544678833390831,8.679160172561879
2017-05-18 13:00:00,1.0,0.0,0.59,1.0,35.2,44.0,21.0,998.5,38.2,0.31924933308195574,6.0916401620029
2017-05-18 14:00:00,1.0,0.0,0.24,1.0,34.5,46.0,21.1,997.7,31.3,13.647867363856914,-1.194033675642913
2017-05-18 15:00:00,1.0,0.01,0.2,0.99,34.5,47.0,21.5,997.2,35.3,12.990381056766577,7.500000000000007
2017-05-18 16:00:00,0.99,0.17,0.17,0.99,32.5,56.0,22.5,997.8,42.1,18.669940412954993,8.705936191858404
2017-05-18 17:00:00,0.98,0.19,0.15,0.99,32.8,55.0,22.7,998.2,41.4,18.682619174015688,3.971113294619212
2017-05-18 18:00:00,0.99,0.1,0.16,0.98,31.4,61.0,23.0,999.2,37.4,17.679621296652964,2.8001769242201355
2017-05-18 19:00:00,0.88,0.02,0.2,0.85,30.4,65.0,23.0,1000.6,33.8,13.703181864639015,6.101049646137001
2017-05-18 20:00:00,0.93,0.0,0.24,0.93,29.6,68.0,23.0,1001.1,28.4,12.977032895167307,3.721104303529485
2017-05-18 21:00:00,1.0,0.0,0.17,1.0,29.4,68.0,22.9,1001.6,25.6,11.21577151354694,1.3771235804781632
2017-05-18 22:00:00,0.97,0.0,0.05,0.97,29.0,68.0,22.6,1002.0,20.5,10.818369254437565,2.898773305148231
2017-05-18 23:00:00,0.99,0.0,0.02,0.99,28.5,70.0,22.5,1001.7,31.0,16.2571808513716,4.970318980286531
2017-05-19 00:00:00,1.0,0.01,0.0,1.0,28.1,72.0,22.6,1000.5,32.4,16.921953492694836,3.5968722511472446
2017-05-19 01:00:00,1.0,0.0,0.0,1.0,28.2,72.0,22.7,999.8,32.0,18.3971975908776,0.3211242784460163
2017-05-19 02:00:00,0.99,0.02,0.02,0.99,27.3,76.0,22.8,999.1,42.5,23.043729561001943,-1.6113745434892928
2017-05-19 03:00:00,0.99,0.0,0.0,0.99,27.2,77.0,22.9,998.9,41.4,21.986598194420107,-0.7677889274550282
2017-05-19 04:00:00,0.99,0.0,0.0,0.99,27.5,76.0,22.8,998.7,42.5,23.068342252830657,1.2089605892120137
2017-05-19 05:00:00,0.99,0.0,0.0,0.98,27.8,72.0,22.4,999.3,43.2,13.256842056260261,5.0888248835432695
2017-05-19 06:00:00,0.99,0.0,0.0,0.99,28.4,69.0,22.2,999.7,27.4,13.322724469438755,6.212488447588277
2017-05-19 07:00:00,0.97,0.0,0.0,0.97,29.9,62.0,21.9,1000.5,30.6,13.703181864639015,6.101049646137001
2017-05-19 08:00:00,0.99,0.0,0.01,0.99,31.9,55.0,21.7,1000.9,32.4,14.420676958821481,3.3292756042892058
2017-05-19 09:00:00,0.98,0.0,0.1,0.98,34.2,46.0,21.1,1001.1,32.4,11.485038046337667,2.232465245905572
2017-05-19 10:00:00,0.97,0.0,0.19,0.96,36.4,39.0,20.4,1000.9,29.5,11.10781873855168,2.564442019520064
2017-05-19 11:00:00,0.95,0.0,0.0,0.95,37.8,35.0,19.6,1000.0,35.3,14.770028771080463,3.1394665313481727
2017-05-19 12:00:00,0.98,0.0,0.29,0.96,38.9,32.0,19.0,999.1,42.8,19.062384973486157,3.019185175276459
2017-05-19 13:00:00,1.0,0.0,0.83,0.99,38.5,32.0,18.9,997.9,46.8,22.314761237255098,1.9522886375475446
2017-05-19 14:00:00,0.99,0.0,0.38,0.99,36.8,36.0,19.5,997.4,53.3,24.416635330376526,2.9979858477666204
2017-05-19 15:00:00,0.98,0.0,0.23,0.98,37.5,35.0,19.5,996.7,49.7,21.248114270534256,1.4858128907498749
2017-05-19 16:00:00,0.95,0.0,0.2,0.95,35.2,44.0,21.2,996.7,52.2,26.66340857794712,1.397370031686613
2017-05-19 17:00:00,0.94,0.0,0.26,0.95,34.1,46.0,21.0,997.1,52.6,25.584405171688854,0.8934271155840195
2017-05-19 18:00:00,0.96,0.0,0.57,0.91,32.2,54.0,21.8,997.6,48.6,22.3,4.096443543147897e-15
2017-05-19 19:00:00,0.98,0.0,0.69,0.97,31.4,59.0,22.4,998.5,41.0,21.9162833580184,1.9174263404484815
2017-05-19 20:00:00,1.0,0.0,0.72,0.92,30.4,64.0,22.8,999.2,40.3,20.49687775070602,-0.3577743319643042
2017-05-19 21:00:00,0.96,0.0,0.43,0.89,30.0,67.0,23.2,999.8,37.1,19.47327592771419,-1.0205511467374069
2017-05-19 22:00:00,0.97,0.0,0.52,0.93,29.6,70.0,23.5,1000.3,34.6,18.0,3.3065463576978533e-15
2017-05-19 23:00:00,0.95,0.0,0.74,0.95,29.5,69.0,23.2,1000.4,33.1,17.989034886343724,0.6281909406450137
2017-05-20 00:00:00,0.97,0.0,0.62,0.93,29.5,65.0,22.1,999.8,33.1,17.289461307430358,0.6037612929532632
2017-05-20 01:00:00,0.91,0.0,0.53,0.89,29.2,64.0,21.6,999.0,31.7,17.65688368959889,1.2346895852710227
2017-05-20 02:00:00,0.96,0.0,0.64,0.88,29.2,64.0,21.8,998.4,33.1,18.3971975908776,-0.32112427844600955
2017-05-20 03:00:00,0.85,0.0,0.35,0.75,28.9,65.0,21.7,998.0,33.5,18.697151899424515,-0.32636000037719454
2017-05-20 04:00:00,0.82,0.0,0.12,0.81,28.5,68.0,22.0,998.0,33.5,18.697151899424515,-0.32636000037719454
2017-05-20 05:00:00,0.87,0.0,0.45,0.09,28.3,70.0,22.3,999.0,37.4,20.17231660204239,1.057186316107475
2017-05-20 06:00:00,0.58,0.0,0.18,0.49,29.1,65.0,22.0,999.3,39.2,19.50828095420893,2.7417100889132966
2017-05-20 07:00:00,0.82,0.0,0.1,0.82,30.5,64.0,22.8,999.9,46.4,24.08531893116021,0.8410778705302684
2017-05-20 08:00:00,0.93,0.0,0.16,0.91,32.7,56.0,22.7,1000.3,47.5,23.371264541154424,2.4564188867898538
2017-05-20 09:00:00,0.93,0.0,0.03,0.93,34.5,49.0,22.5,1000.6,48.6,23.37032642230106,3.2844851826575536
2017-05-20 10:00:00,0.91,0.0,0.09,0.91,36.2,42.0,21.2,1000.1,48.6,20.851519386404032,4.8139525629587165
2017-05-20 11:00:00,0.85,0.0,0.06,0.85,38.2,35.0,20.2,998.9,45.7,18.061940175437016,3.5108855149284204
2017-05-20 12:00:00,0.94,0.04,0.23,0.92,36.0,41.0,20.6,998.5,46.4,23.76738292715886,1.2455957585820745
2017-05-20 13:00:00,0.85,0.03,0.45,0.83,36.2,42.0,21.1,998.0,54.0,19.123094306473316,8.917245322728753
2017-05-20 14:00:00,0.7,0.0,0.16,0.69,34.8,47.0,22.0,996.8,46.1,23.76738292715886,-1.2455957585820658
2017-05-20 15:00:00,0.86,0.11,0.11,0.84,34.4,50.0,22.5,996.1,52.9,25.85756927957511,-2.7177400449589775
2017-05-20 16:00:00,0.92,0.0,0.07,0.92,33.5,51.0,22.0,995.5,52.9,25.161403952817317,-2.6445701206716206
2017-05-20 17:00:00,0.89,0.0,0.35,0.98,33.6,51.0,22.0,995.0,49.7,24.45369001834514,5.197792270443995
2017-05-20 18:00:00,0.95,0.0,0.3,0.94,31.4,59.0,22.5,996.0,49.3,22.296603601987528,-0.3891886635514138
2017-05-20 19:00:00,0.96,0.03,0.46,0.93,31.0,63.0,23.0,997.3,41.0,21.203147162469545,4.121474300133364
2017-05-20 20:00:00,0.98,0.02,0.51,0.92,29.6,69.0,23.3,998.3,43.9,23.78550168305448,0.8306080215195182
2017-05-20 21:00:00,0.42,0.0,0.03,0.39,29.4,70.0,23.4,998.7,43.6,23.068342252830657,-1.2089605892120052
2017-05-20 22:00:00,0.35,0.0,0.0,0.35,29.0,72.0,23.5,998.8,43.9,22.64470394089801,-1.5834719539916424
2017-05-20 23:00:00,0.39,0.0,0.0,0.39,28.8,73.0,23.5,998.5,40.7,19.39704528603399,-0.3385766848832927
2017-05-21 00:00:00,0.88,0.0,0.0,0.88,28.7,73.0,23.4,998.1,34.9,18.659867650856857,2.291143656016767
2017-05-21 01:00:00,0.97,0.0,0.0,0.97,28.5,73.0,23.2,997.3,34.9,19.094820391070847,2.0069464947389446
2017-05-21 02:00:00,0.96,0.0,0.0,0.96,28.2,75.0,23.5,996.8,36.7,20.521610780689958,1.79540830060176
2017-05-21 03:00:00,0.94,0.05,0.0,0.93,28.0,76.0,23.5,996.4,39.2,21.9162833580184,1.9174263404484815
2017-05-21 04:00:00,1.0,0.03,0.0,1.0,27.5,76.0,22.9,996.3,41.8,22.286415442525836,0.778258776465767
2017-05-21 05:00:00,1.0,0.0,0.0,0.96,27.6,77.0,23.2,996.4,42.5,12.283143277481258,-0.6437322617882105
2017-05-21 06:00:00,0.99,0.0,0.0,0.99,28.3,74.0,23.2,997.1,21.2,11.21577151354694,1.3771235804781632
2017-05-21 07:00:00,0.99,0.0,0.0,0.99,30.2,64.0,22.7,998.0,27.7,13.001962732098352,3.2417534010355484
2017-05-21 08:00:00,0.97,0.0,0.08,0.95,32.6,54.0,22.0,998.8,29.2,11.535326622311665,3.971931484377311
2017-05-21 09:00:00,0.93,0.0,0.28,0.91,35.0,45.0,21.3,999.1,28.4,10.09324780735235,2.894192236078488
2017-05-21 10:00:00,0.94,0.0,0.26,0.93,36.5,41.0,21.3,998.7,30.6,11.485038046337667,2.232465245905572
2017-05-21 11:00:00,1.0,0.01,0.02,1.0,37.7,39.0,21.2,997.4,30.6,10.442479901366871,1.0975488643103604
2017-05-21 12:00:00,1.0,0.52,0.45,1.0,37.6,37.0,20.5,997.2,35.3,15.839495699658755,-1.3857763096877604
2017-05-21 13:00:00,1.0,0.06,0.58,1.0,35.4,43.0,21.0,996.5,41.8,14.420249772689012,-2.283943189587368
2017-05-21 14:00:00,0.98,0.0,0.2,0.98,35.5,45.0,21.8,995.6,33.8,13.619554150675864,3.6493485359455407
2017-05-21 15:00:00,1.0,0.0,0.85,1.0,34.8,48.0,22.2,995.0,38.5,16.889704976622717,-0.5898014942722716
2017-05-21 16:00:00,0.97,0.01,0.29,0.96,33.7,52.0,22.5,995.1,40.7,19.094820391070847,2.0069464947389446
2017-05-21 17:00:00,1.0,0.0,0.29,1.0,33.7,53.0,22.6,995.5,40.0,11.138108726774528,4.727846654720214
2017-05-21 18:00:00,1.0,0.0,0.1,1.0,32.0,59.0,22.9,995.9,29.2,15.129051194653128,5.506524307543264
2017-05-21 19:00:00,1.0,0.0,0.22,1.0,30.9,63.0,23.0,996.6,29.2,14.082750868074575,2.483168940637104
2017-05-21 20:00:00,0.99,0.0,0.36,0.99,29.9,67.0,23.1,997.6,27.4,13.7,2.5166491722478104e-15
2017-05-21 21:00:00,0.96,0.0,0.36,0.91,29.5,69.0,23.2,998.5,25.6,14.788937659455698,-1.8158532167367005
2017-05-21 22:00:00,0.98,0.0,0.1,0.98,29.2,71.0,23.5,999.0,29.9,16.536831988322977,-1.446785329611121
2017-05-21 23:00:00,0.98,0.0,0.39,0.98,28.6,74.0,23.5,998.7,29.9,16.141369520487597,-2.268521545649067
2017-05-22 00:00:00,0.97,0.0,0.66,0.94,28.0,75.0,23.3,998.0,30.2,16.177798463024097,-0.8478424911356919
2017-05-22 01:00:00,0.92,0.0,0.21,0.92,28.0,74.0,23.0,997.3,29.9,16.575520732410077,-2.035218034865966
2017-05-22 02:00:00,0.95,0.0,0.0,0.95,27.8,75.0,23.0,996.8,32.0,17.25785806949496,-1.2067869957733663
2017-05-22 03:00:00,0.59,0.0,0.0,0.59,27.4,77.0,23.0,996.4,31.7,17.667321499215532,-2.1692743126116287
2017-05-22 04:00:00,0.66,0.02,0.06,0.65,27.1,79.0,23.2,996.7,33.5,18.659867650856853,-2.2911436560167764
2017-05-22 05:00:00,0.75,0.01,0.16,0.76,28.0,78.0,23.7,996.6,33.8,16.89742604814301,0.2949456687900911
2017-05-22 06:00:00,0.79,0.0,0.24,0.79,28.8,73.0,23.5,997.6,30.2,15.161287811373986,3.2226312076752768
2017-05-22 07:00:00,0.46,0.0,0.05,0.44,30.7,64.0,23.1,998.4,35.3,17.271263927712738,4.3062097416740865
2017-05-22 08:00:00,0.74,0.0,0.01,0.74,32.8,58.0,23.4,999.0,40.3,19.457460309724212,3.081758961292551
2017-05-22 09:00:00,0.72,0.01,0.01,0.72,34.4,52.0,23.2,999.1,48.2,23.367931113257026,1.2246613760848968
2017-05-22 10:00:00,0.86,0.0,0.01,0.85,35.6,46.0,22.1,999.1,49.0,21.99664929344061,0.38395294162023696
2017-05-22 11:00:00,0.8,0.0,0.01,0.8,36.9,42.0,21.8,998.6,46.4,17.289461307430358,0.6037612929532632
2017-05-22 12:00:00,0.84,0.08,0.27,0.83,35.2,48.0,22.6,997.9,43.2,17.948129057010853,6.53258473752027
2017-05-22 13:00:00,0.91,0.0,0.09,0.9,33.7,52.0,22.4,996.9,49.0,22.380058353559487,3.145312081697488
2017-05-22 14:00:00,1.0,0.0,0.1,1.0,34.1,51.0,22.6,996.3,49.0,23.408213672104765,-3.707496821453467
2017-05-22 15:00:00,0.99,0.0,0.14,0.99,35.0,44.0,20.8,995.8,46.8,9.298526892559318,-7.264805408842771
2017-05-22 16:00:00,0.87,0.0,0.0,0.87,34.5,48.0,21.8,995.6,26.6,11.172717362910031,-0.7812725059342024
2017-05-22 17:00:00,1.0,0.0,0.01,1.0,31.5,61.0,23.0,996.1,33.5,18.3971975908776,-0.32112427844600955
2017-05-22 18:00:00,1.0,0.0,0.03,1.0,30.2,63.0,22.5,996.6,36.0,19.488121126872368,0.6805401856987648
2017-05-22 19:00:00,1.0,0.0,0.04,1.0,29.5,68.0,23.0,997.2,36.0,19.47327592771419,1.020551146737414
2017-05-22 20:00:00,1.0,0.0,0.01,1.0,29.4,67.0,22.6,998.2,35.3,17.975331625582328,-0.942047212372991
2017-05-22 21:00:00,1.0,0.0,0.0,1.0,29.3,67.0,22.6,998.8,32.4,15.478757788695894,-0.8112073217656312
2017-05-22 22:00:00,1.0,0.0,0.19,1.0,29.1,69.0,22.8,999.4,27.4,15.462242779027276,-1.081225343033941
2017-05-22 23:00:00,1.0,0.0,0.2,1.0,28.8,70.0,22.9,999.2,28.1,15.079305974794064,-0.7902729392684535
2017-05-23 00:00:00,1.0,0.0,0.14,1.0,28.2,72.0,22.8,998.8,28.8,14.778665142222748,-3.9599313900685607
2017-05-23 01:00:00,0.96,0.0,0.07,0.95,28.1,73.0,22.9,997.9,27.0,14.082750868074577,-2.483168940637099
2017-05-23 02:00:00,0.84,0.0,0.02,0.84,28.0,73.0,22.7,996.9,25.6,13.293051449981153,-3.314329969715444
2017-05-23 03:00:00,0.81,0.0,0.01,0.81,28.0,72.0,22.5,996.8,24.1,12.972511700514572,-1.8231676225768576
2017-05-23 04:00:00,0.95,0.0,0.02,0.95,28.0,72.0,22.4,997.0,23.4,12.950531075192693,-1.1330246557195525
2017-05-23 05:00:00,0.92,0.03,0.15,0.85,28.0,77.0,23.6,998.1,25.2,8.268415994161488,-0.7233926648055605
2017-05-23 06:00:00,0.74,0.0,0.01,0.74,28.4,75.0,23.6,998.2,16.9,8.987963899415753,-1.423553631866099
2017-05-23 07:00:00,0.61,0.0,0.1,0.56,30.8,64.0,23.2,998.8,20.9,9.06164160250269,-2.092044805397944
2017-05-23 08:00:00,0.86,0.0,0.16,0.85,32.8,55.0,22.6,999.6,25.2,10.474422527728155,-0.7324429743133148
2017-05-23 09:00:00,0.84,0.0,0.12,0.83,34.5,50.0,22.5,999.8,28.8,12.2,2.241103642439656e-15
2017-05-23 10:00:00,0.89,0.0,0.03,0.89,36.0,43.0,21.5,999.6,33.1,13.691654330161612,0.4781231048242604
2017-05-23 11:00:00,0.89,0.0,0.06,0.89,37.2,38.0,20.5,998.9,33.1,13.724402156082174,1.4424927930936164
2017-05-23 12:00:00,1.0,0.0,0.79,1.0,38.0,31.0,18.1,997.9,36.4,15.483719965604623,-1.9011617571203039
2017-05-23 13:00:00,1.0,0.0,0.48,1.0,38.5,32.0,18.6,996.7,36.0,13.286093160882738,7.983090161105843
2017-05-23 14:00:00,1.0,0.0,0.22,1.0,37.0,33.0,17.9,996.2,36.0,11.854716907291772,1.0371533386971332
2017-05-23 15:00:00,1.0,0.03,0.57,1.0,35.0,42.0,20.0,996.0,29.5,11.510108895365455,5.3672519241068795
2017-05-23 16:00:00,1.0,0.0,0.41,1.0,35.3,43.0,21.0,995.8,32.4,14.770028771080463,-3.1394665313481678
2017-05-23 17:00:00,0.99,0.0,0.35,0.99,33.5,51.0,22.0,995.9,37.1,18.37100313506956,2.9096810497482974
2017-05-23 18:00:00,1.0,0.0,0.2,1.0,32.0,56.0,22.2,996.5,35.3,16.196848526886455,3.148348423712986
2017-05-23 19:00:00,1.0,0.0,0.01,1.0,30.6,64.0,23.1,997.3,32.0,17.276638428678886,3.3582383186271856
2017-05-23 20:00:00,1.0,0.0,0.19,1.0,29.9,68.0,23.4,998.3,34.6,19.01314691983815,2.672123538433264
2017-05-23 21:00:00,0.97,0.0,0.08,0.97,29.6,69.0,23.4,999.0,36.0,18.711347307231954,3.2993153756716764
2017-05-23 22:00:00,0.99,0.0,0.18,0.99,29.4,69.0,23.2,999.2,35.3,18.716066499215675,2.6303716081452437
2017-05-23 23:00:00,1.0,0.0,0.16,1.0,29.2,69.0,23.0,998.8,36.0,19.79098571782864,2.0801164190263015
2017-05-24 00:00:00,1.0,0.0,0.14,1.0,29.0,71.0,23.3,998.0,37.1,20.148686878318838,2.4739476711244874
2017-05-24 01:00:00,0.88,0.0,0.0,0.88,28.9,73.0,23.5,997.3,38.2,20.920088659926655,1.8302705977008231
2017-05-24 02:00:00,0.91,0.0,0.0,0.91,28.6,73.0,23.4,996.4,38.2,19.824274492025737,1.734399280678399
2017-05-24 03:00:00,0.99,0.0,0.0,0.99,28.5,73.0,23.3,996.2,36.4,19.824274492025737,1.734399280678399
2017-05-24 04:00:00,0.93,0.0,0.03,0.92,28.3,74.0,23.3,996.4,38.2,20.920088659926655,1.8302705977008231
2017-05-24 05:00:00,0.99,0.0,0.1,1.0,28.2,77.0,23.7,997.8,38.5,17.975331625582328,0.9420472123729975
2017-05-24 06:00:00,1.0,0.01,0.1,1.0,28.5,75.0,23.8,998.1,33.8,18.37478343948416,0.9629815948701752
2017-05-24 07:00:00,1.0,0.0,0.17,1.0,30.1,68.0,23.6,998.6,36.7,18.37478343948416,0.9629815948701752
2017-05-24 08:00:00,1.0,0.0,0.05,1.0,32.7,58.0,23.2,999.0,37.4,16.889704976622717,-0.5898014942722716
2017-05-24 09:00:00,1.0,0.0,0.01,1.0,35.0,47.0,22.0,998.9,36.4,13.291897999353974,0.4641633061432601
2017-05-24 10:00:00,1.0,0.0,0.06,1.0,36.8,40.0,21.0,998.7,31.3,11.485038046337667,2.232465245905572
2017-05-24 11:00:00,1.0,0.0,0.04,1.0,38.2,36.0,20.5,998.1,30.6,11.542141688658907,2.453357951649566
2017-05-24 12:00:00,1.0,0.0,0.14,1.0,39.2,33.0,19.8,997.1,31.0,9.676371287520295,-0.6766377953180146
2017-05-24 13:00:00,1.0,0.0,0.28,1.0,39.8,27.0,17.2,996.2,27.7,10.074920287558198,2.141490415422926
2017-05-24 14:00:00,1.0,0.0,0.49,1.0,35.2,42.0,20.5,996.0,36.4,15.787538170499552,-5.1296821066241245
2017-05-24 15:00:00,1.0,0.0,0.55,1.0,35.5,41.0,20.1,995.2,36.4,16.177798463024097,0.8478424911356978
2017-05-24 16:00:00,0.96,0.0,0.5,0.95,34.6,46.0,21.3,995.0,42.5,21.173366689762474,-3.7334358198389945
2017-05-24 17:00:00,0.96,0.0,0.07,0.86,32.9,56.0,22.9,995.1,48.2,24.884831592775484,0.868997467892269
2017-05-24 18:00:00,0.7,0.0,0.25,0.57,30.6,64.0,22.9,995.8,47.2,23.38574535224684,0.8166482228385178
2017-05-24 19:00:00,0.84,0.0,0.2,0.83,30.1,66.0,23.1,996.7,51.1,26.598398439049607,2.3270583313624753
2017-05-24 20:00:00,0.8,0.0,0.64,0.47,29.3,70.0,23.2,997.6,50.8,25.184648840881213,0.8794673169030192
2017-05-24 21:00:00,0.82,0.0,0.75,0.36,29.3,69.0,23.0,998.3,49.0,25.596100996003617,0.44678160479445755
2017-05-24 22:00:00,0.94,0.0,0.88,0.63,28.4,71.0,22.5,998.6,47.5,23.396436066659554,-0.4083863106324252
2017-05-24 23:00:00,0.94,0.0,0.15,0.93,28.2,71.0,22.5,998.3,43.2,22.69654268005008,-0.39616962612632706
2017-05-25 00:00:00,0.94,0.0,0.0,0.94,28.4,71.0,22.6,997.5,46.4,23.796375144722113,0.41536727320734723
2017-05-25 01:00:00,0.92,0.01,0.02,0.92,28.6,70.0,22.6,996.8,43.2,20.49687775070602,0.3577743319643117
2017-05-25 02:00:00,0.94,0.0,0.2,0.92,28.6,70.0,22.6,996.5,37.4,20.148842148140808,3.191263086820713
2017-05-25 03:00:00,0.84,0.0,0.03,0.84,28.6,70.0,22.7,996.0,38.5,20.840223986557405,3.300767212348875
2017-05-25 04:00:00,0.63,0.0,0.0,0.63,28.4,71.0,22.6,996.0,39.2,20.498549022950503,2.8808831898733627
2017-05-25 05:00:00,0.88,0.01,0.0,0.61,28.2,70.0,22.2,996.3,37.8,19.51183091379151,7.489890145496784
2017-05-25 06:00:00,0.84,0.0,0.0,0.84,28.7,68.0,22.1,996.5,38.5,17.644670060797107,6.773154246406183
2017-05-25 07:00:00,0.67,0.0,0.0,0.67,30.1,64.0,22.5,997.4,43.2,21.63673850887513,5.797546610296462
2017-05-25 08:00:00,0.43,0.0,0.1,0.38,32.1,57.0,22.4,998.0,47.9,23.766433649797687,3.3401544230415796
2017-05-25 09:00:00,0.29,0.01,0.14,0.18,34.0,51.0,22.4,998.4,50.8,24.81365379103305,3.0467335851286794
2017-05-25 10:00:00,0.65,0.0,0.45,0.39,35.8,43.0,21.5,998.1,53.3,25.957021469111936,2.7281928912857527
2017-05-25 11:00:00,0.61,0.0,0.32,0.53,37.0,40.0,21.0,997.7,53.3,23.367931113257026,1.2246613760848968
2017-05-25 12:00:00,0.61,0.06,0.53,0.59,35.2,46.0,21.7,997.6,49.3,20.20146860232803,2.8391312595853426
2017-05-25 13:00:00,0.7,0.1,0.44,0.52,33.5,55.0,23.1,996.9,51.5,25.88422241979458,-0.9038969645947832
2017-05-25 14:00:00,0.77,0.0,0.57,0.68,34.3,46.0,21.2,996.0,54.7,27.395826847285118,-0.4781959363815577
2017-05-25 15:00:00,0.75,0.0,0.43,0.59,33.7,48.0,21.1,995.3,55.4,27.683125908428952,-0.9667160586592854
2017-05-25 16:00:00,0.89,0.0,0.77,0.39,33.0,53.0,22.1,995.4,56.9,29.195552698566626,0.5096102679686781
2017-05-25 17:00:00,0.99,0.0,0.77,0.73,32.5,54.0,22.1,994.9,56.5,23.78550168305448,0.8306080215195182
2017-05-25 18:00:00,0.99,0.0,0.42,0.99,31.5,61.0,22.9,995.7,44.3,21.28702461550674,0.7433592797632662
2017-05-25 19:00:00,1.0,0.0,0.86,0.99,30.1,66.0,23.2,996.5,42.8,23.371264541154424,2.4564188867898538
2017-05-25 20:00:00,1.0,0.0,0.68,0.98,29.5,69.0,23.3,997.2,45.0,19.805361374831406,2.7834620192013166
2017-05-25 21:00:00,0.92,0.0,0.08,0.91,29.2,70.0,23.1,997.6,38.9,20.516008134056175,3.9879080033697822
2017-05-25 22:00:00,0.99,0.0,0.05,0.99,28.5,73.0,23.2,998.3,43.9,23.76738292715886,1.2455957585820745
2017-05-25 23:00:00,0.97,0.03,0.1,0.96,28.4,73.0,23.0,998.3,44.3,21.596710215378053,0.3769719790453236
2017-05-26 00:00:00,0.98,0.03,0.0,0.98,27.6,76.0,23.0,997.5,40.3,20.196923442159104,-0.3525386100331192
2017-05-26 01:00:00,0.96,0.02,0.0,0.96,27.5,77.0,23.2,996.7,39.2,22.376742645786152,2.3518904235222005
2017-05-26 02:00:00,0.93,0.01,0.0,0.93,27.5,78.0,23.2,996.3,45.7,24.855728525413415,3.4932448340976525
2017-05-26 03:00:00,1.0,0.0,0.06,1.0,27.7,77.0,23.2,995.8,46.8,24.863047384206833,2.613211581691334
2017-05-26 04:00:00,0.99,0.01,0.12,0.98,27.6,76.0,23.0,995.4,46.1,22.314761237255098,1.9522886375475446
2017-05-26 05:00:00,0.98,0.06,0.03,1.0,27.6,75.0,22.8,996.1,41.8,22.650578319280786,3.9939080863393976
2017-05-26 06:00:00,1.0,0.02,0.1,1.0,28.0,74.0,23.0,996.6,41.8,21.92332645766779,5.061398722736969
2017-05-26 07:00:00,0.94,0.01,0.08,0.94,29.4,69.0,23.0,997.5,50.0,26.294367005425954,4.63640634370704
2017-05-26 08:00:00,0.98,0.0,0.08,0.97,31.4,61.0,22.9,998.2,58.0,29.93510905058503,3.1463067443563664
2017-05-26 09:00:00,0.89,0.0,0.1,0.88,33.4,53.0,22.4,998.2,60.1,29.835656861048204,3.135853898029601
2017-05-26 10:00:00,0.91,0.0,0.12,0.91,35.2,47.0,22.1,998.3,61.6,30.95751557739179,1.6224146435312734
2017-05-26 11:00:00,0.78,0.0,0.06,0.77,36.4,43.0,21.9,998.0,64.1,31.6951719364576,0.5532412840618869
2017-05-26 12:00:00,0.77,0.07,0.19,0.74,35.2,47.0,22.0,997.2,63.7,27.34935212262752,2.8745327398604674
2017-05-26 13:00:00,0.86,0.0,0.45,0.83,35.8,45.0,21.9,996.5,59.0,27.683125908428952,0.966716058659271
2017-05-26 14:00:00,0.93,0.0,0.42,0.92,35.5,45.0,21.6,995.8,56.5,29.128870267586866,2.036889033328467
2017-05-26 15:00:00,0.98,0.0,0.46,0.97,34.1,49.0,22.0,995.2,58.0,28.79561362050407,-0.5026293053937542
2017-05-26 16:00:00,0.96,0.05,0.79,0.96,33.5,50.0,21.6,995.3,60.5,30.595339471785575,0.5340436369808751
2017-05-26 17:00:00,0.95,0.0,0.98,1.0,31.6,57.0,22.1,995.5,58.7,26.983552329515586,0.9422864109675205
2017-05-26 18:00:00,0.98,0.0,0.91,0.97,30.2,63.0,22.5,995.5,50.8,27.39427378530049,3.363593877982062
2017-05-26 19:00:00,1.0,0.0,0.08,1.0,29.5,66.0,22.5,996.2,51.5,27.395826847285118,-0.4781959363815577
2017-05-26 20:00:00,0.95,0.0,0.01,0.95,29.3,68.0,22.8,997.0,51.1,25.96436790361892,1.360734862316552
2017-05-26 21:00:00,0.93,0.0,0.08,0.93,29.1,69.0,23.0,998.0,48.2,26.28397875060222,-0.9178567632757837
2017-05-26 22:00:00,0.91,0.0,0.06,0.91,28.9,72.0,23.4,998.5,48.6,26.28397875060222,0.91785676327577
2017-05-26 23:00:00,0.74,0.05,0.08,0.71,28.5,75.0,23.6,998.3,49.3,26.683735081409857,0.9318165619567703
2017-05-27 00:00:00,0.91,0.0,0.09,0.89,28.4,75.0,23.5,997.7,49.7,25.60769071234611,3.144229059852797
2017-05-27 01:00:00,0.33,0.0,0.18,0.25,28.4,73.0,23.1,996.9,47.5,25.21067225168958,3.095481322490738
2017-05-27 02:00:00,0.86,0.04,0.04,0.85,28.1,75.0,23.2,996.3,48.2,25.957021469111936,2.7281928912857527
2017-05-27 03:00:00,0.14,0.05,0.12,0.0,28.0,73.0,22.8,996.1,48.2,25.238370471573553,1.7648387857263772
2017-05-27 04:00:00,1.0,0.04,0.18,1.0,28.1,70.0,22.2,996.0,46.8,25.60220374095786,2.2399025886148167
2017-05-27 05:00:00,1.0,0.0,0.24,0.92,28.0,67.0,21.3,997.0,47.2,19.8515246001705,1.388153827508099
2017-05-27 06:00:00,0.98,0.0,0.58,0.97,28.5,68.0,22.0,997.7,38.9,20.543917484378863,3.2538368728368057
2017-05-27 07:00:00,0.93,0.0,0.26,0.92,29.8,64.0,22.2,998.1,47.2,24.81365379103305,3.0467335851286794
2017-05-27 08:00:00,0.91,0.0,0.06,0.9,31.8,56.0,21.8,998.5,48.6,24.466423601487058,1.2822309279521356
2017-05-27 09:00:00,0.91,0.0,0.03,0.91,34.4,45.0,20.6,998.6,48.6,23.38574535224684,0.8166482228385178
2017-05-27 10:00:00,0.94,0.0,0.09,0.94,36.4,37.0,19.4,998.5,49.7,23.769073299301734,2.498230272096915
2017-05-27 11:00:00,0.65,0.0,0.07,0.64,36.8,37.0,19.9,998.0,51.1,23.0682388110201,4.4840113913487984
2017-05-27 12:00:00,0.34,0.0,0.12,0.29,37.6,35.0,19.6,997.3,50.4,21.93526995127322,2.6933124892537528
2017-05-27 13:00:00,0.66,0.0,0.24,0.57,35.0,43.0,20.6,996.8,47.9,21.630374659033514,3.4259147843810593
2017-05-27 14:00:00,0.92,0.13,0.49,0.85,34.7,45.0,20.9,996.1,48.6,21.208560313381923,6.891078974561331
2017-05-27 15:00:00,0.84,0.0,0.3,0.81,34.7,45.0,21.1,995.3,54.7,28.43057543240499,1.988059501707579
2017-05-27 16:00:00,0.86,0.0,0.22,0.85,32.8,50.0,21.0,994.9,60.1,30.581359306784332,1.0679245990965234
2017-05-27 17:00:00,0.91,0.0,0.21,0.94,33.6,44.0,19.6,995.6,58.3,28.095720233894596,-0.49041262088765597
2017-05-27 18:00:00,0.42,0.0,0.14,0.31,32.0,51.0,20.5,996.0,52.9,27.383308660323223,-0.956246209648535
2017-05-27 19:00:00,0.94,0.0,0.06,0.94,30.9,56.0,21.0,996.6,50.8,26.995887769222563,0.47121497380665445
2017-05-27 20:00:00,0.95,0.0,0.08,0.95,30.4,57.0,21.0,997.6,50.0,23.41057540515602,2.048159954569969
2017-05-27 21:00:00,0.79,0.0,0.08,0.78,30.0,57.0,20.5,998.1,43.9,23.704520174283303,3.7544271609655446
2017-05-27 22:00:00,0.97,0.0,0.07,0.97,29.5,59.0,20.8,998.9,44.6,24.166882057449044,2.5400416574039766
2017-05-27 23:00:00,0.99,0.0,0.1,0.99,29.1,64.0,21.7,998.6,46.8,25.184648840881213,0.8794673169030192
2017-05-28 00:00:00,0.99,0.0,0.04,0.99,28.9,68.0,22.3,998.3,46.8,24.107911693820242,2.1091689744933295
2017-05-28 01:00:00,0.99,0.01,0.13,0.99,28.6,70.0,22.7,997.7,44.3,23.769073299301734,2.498230272096915
2017-05-28 02:00:00,0.94,0.0,0.02,0.94,28.3,72.0,22.8,997.1,49.3,26.683735081409857,0.9318165619567703
2017-05-28 03:00:00,0.95,0.0,0.07,0.95,28.1,70.0,22.2,996.7,50.8,26.29599438261309,0.45899828930055603
2017-05-28 04:00:00,0.97,0.0,0.02,0.97,27.6,75.0,22.8,996.4,50.4,27.4,5.033298344495621e-15
2017-05-28 05:00:00,0.96,0.0,0.28,0.96,27.8,74.0,22.6,997.1,52.6,27.383308660323223,0.9562462096485208
2017-05-28 06:00:00,0.95,0.0,0.0,0.95,27.8,74.0,22.8,997.3,49.0,22.282937064261972,4.331364195047563
2017-05-28 07:00:00,0.97,0.0,0.03,0.97,29.2,67.0,22.5,998.0,48.2,24.44251686784683,4.75114398487596
2017-05-28 08:00:00,1.0,0.0,0.0,1.0,31.5,56.0,21.6,998.7,49.0,23.774629580759736,5.488805725990312
2017-05-28 09:00:00,0.93,0.0,0.0,0.93,33.4,49.0,21.2,998.5,55.8,28.045517449385308,2.947702664147825
2017-05-28 10:00:00,0.92,0.0,0.0,0.92,34.7,45.0,21.0,998.1,65.5,33.17977545703398,1.1586632905230254
2017-05-28 11:00:00,0.92,0.0,0.0,0.92,36.0,41.0,20.8,997.5,70.2,35.67825252458172,-1.2459120322792958
2017-05-28 12:00:00,0.87,0.0,0.03,0.87,36.6,39.0,20.2,996.9,72.0,36.39445610369264,0.6352675943171193
2017-05-28 13:00:00,0.91,0.0,0.06,0.9,36.8,37.0,19.6,996.2,72.0,32.42083163344429,-2.26708539668407
2017-05-28 14:00:00,0.89,0.0,0.05,0.86,36.2,38.0,19.7,995.1,65.5,32.692484073699056,5.177980792831647
2017-05-28 15:00:00,0.83,0.0,0.34,0.71,35.6,43.0,21.0,995.1,67.3,30.226190722872673,2.113621154447005
2017-05-28 16:00:00,0.63,0.0,0.33,0.49,33.9,45.0,20.2,995.2,62.6,32.72010084852223,2.288012338807319
2017-05-28 17:00:00,0.65,0.0,0.6,0.79,32.3,51.0,20.9,995.7,63.0,30.98165511065329,2.710543599452172
2017-05-28 18:00:00,0.97,0.0,0.73,0.9,30.6,61.0,22.2,996.4,57.6,30.625216342976604,2.141523743944655
2017-05-28 19:00:00,0.64,0.0,0.5,0.51,29.1,66.0,22.2,997.1,58.3,27.050995554017035,2.8431742008801715
2017-05-28 20:00:00,0.91,0.0,0.34,0.84,28.6,70.0,22.5,997.9,50.0,25.94502340102914,3.6463352451537245
2017-05-28 21:00:00,0.15,0.0,0.12,0.04,28.8,69.0,22.5,998.5,51.1,26.589809331329615,4.688500797007119
2017-05-28 22:00:00,0.47,0.0,0.03,0.46,28.4,72.0,22.8,998.7,52.6,27.377655533739382,4.827419339140663
2017-05-28 23:00:00,0.41,0.0,0.36,0.31,28.0,75.0,23.2,998.7,51.8,24.45369001834514,5.197792270443995
2017-05-29 00:00:00,0.8,0.0,0.18,0.78,28.5,70.0,22.5,998.2,49.0,25.920911419445847,5.509659806670634
2017-05-29 01:00:00,0.99,0.0,0.93,0.98,28.2,72.0,22.6,997.7,52.6,27.34935212262752,2.8745327398604674
2017-05-29 02:00:00,1.0,0.0,0.35,1.0,28.2,72.0,22.6,997.3,53.3,28.829601052508917,2.015962091205229
2017-05-29 03:00:00,0.98,0.01,0.91,0.97,28.0,71.0,22.4,996.5,56.2,30.281542058678603,1.0574547500857732
2017-05-29 04:00:00,1.0,0.0,0.98,1.0,27.2,75.0,22.4,996.6,55.4,25.21067225168958,3.095481322490738
2017-05-29 05:00:00,1.0,0.01,0.61,0.99,27.9,75.0,23.1,996.3,46.1,25.559212710964626,2.6863815059786913
2017-05-29 06:00:00,1.0,0.01,0.52,1.0,27.9,75.0,23.0,996.7,46.1,24.912908406197186,3.058920519469194
2017-05-29 07:00:00,0.97,0.0,0.33,0.96,29.0,71.0,23.1,997.3,51.1,26.634960141937306,1.862497848968153
2017-05-29 08:00:00,0.99,0.01,0.13,0.97,31.3,59.0,22.2,998.0,56.9,29.49550700711354,0.5148459898998632
2017-05-29 09:00:00,0.96,0.0,0.24,0.93,32.8,55.0,22.5,998.1,62.6,31.99512624500452,-0.5584770059930602
2017-05-29 10:00:00,0.98,0.0,0.13,0.97,34.8,46.0,21.5,997.8,63.0,27.683125908428952,-0.9667160586592854
2017-05-29 11:00:00,0.93,0.0,0.07,0.92,36.6,41.0,21.1,996.9,56.2,24.796222839878503,0.43281967964463075
2017-05-29 12:00:00,0.96,0.0,0.26,0.96,37.1,39.0,20.6,996.3,57.2,27.681886573224123,5.380813669618558
2017-05-29 13:00:00,0.98,0.0,0.75,0.95,37.0,37.0,19.8,995.6,59.8,27.695781155832037,0.48343165831275287
2017-05-29 14:00:00,0.96,0.0,0.77,0.9,35.2,42.0,20.2,995.3,56.5,29.128870267586866,2.036889033328467
2017-05-29 15:00:00,1.0,0.0,1.0,0.9,33.7,48.0,21.0,995.2,58.0,28.79561362050407,0.5026293053937647
2017-05-29 16:00:00,1.0,0.0,1.0,0.82,31.5,54.0,21.2,995.2,57.6,29.559434228735388,1.5491443047911515
2017-05-29 17:00:00,0.99,0.0,0.7,0.99,30.3,60.0,21.6,996.0,56.5,31.99512624500452,0.5584770059930719
2017-05-29 18:00:00,1.0,0.0,1.0,0.92,29.1,67.0,22.4,996.6,59.0,24.884831592775484,0.868997467892269
2017-05-29 19:00:00,1.0,0.0,1.0,1.0,28.9,67.0,22.1,997.5,45.7,21.30130988081431,4.1405551996710175
2017-05-29 20:00:00,1.0,0.0,1.0,1.0,28.8,68.0,22.2,998.3,41.8,20.46341825119426,9.110900804897922
2017-05-29 21:00:00,1.0,0.0,1.0,1.0,28.4,70.0,22.4,999.1,41.8,20.15905629060844,8.557011713915097
2017-05-29 22:00:00,1.0,0.0,0.97,0.99,28.0,71.0,22.4,999.9,40.3,16.546575072988045,5.697442703000242
2017-05-29 23:00:00,1.0,0.0,1.0,0.99,28.0,72.0,22.4,999.6,32.0,12.235155124994776,5.705346533499439
2017-05-30 00:00:00,1.0,0.0,0.98,0.94,27.7,72.0,22.1,999.3,29.5,15.524731620415944,3.8707503295946846
2017-05-30 01:00:00,0.98,0.0,0.61,0.93,27.3,72.0,21.9,998.5,30.2,14.72440775171496,2.8621349306481694
2017-05-30 02:00:00,0.93,0.01,0.35,0.89,27.0,74.0,22.0,998.0,28.4,12.605539238556263,2.2226966741367082
2017-05-30 03:00:00,0.96,0.0,0.38,0.95,26.8,74.0,21.9,997.3,25.9,13.724402156082174,1.4424927930936164
2017-05-30 04:00:00,1.0,0.0,0.27,1.0,26.9,74.0,21.8,996.9,25.2,10.125553387976844,4.298042413382012
2017-05-30 05:00:00,0.97,0.06,0.04,0.98,26.4,76.0,21.8,997.2,28.4,18.721267796866478,-6.446249458251695
2017-05-30 06:00:00,0.96,0.01,0.01,0.96,27.1,73.0,22.0,997.6,36.0,19.105270408436837,-3.368774646738441
2017-05-30 07:00:00,0.93,0.01,0.0,0.93,27.9,71.0,22.2,998.1,47.2,26.29954002962208,2.3009116085381778
2017-05-30 08:00:00,0.97,0.0,0.0,0.97,29.3,68.0,22.8,998.8,53.3,27.694212606950526,2.4229296483848994
2017-05-30 09:00:00,0.98,0.0,0.1,0.98,28.6,71.0,22.8,998.9,53.3,26.683735081409857,0.9318165619567703
2017-05-30 10:00:00,0.92,0.0,0.15,0.92,30.4,63.0,22.4,999.3,63.0,32.35559692604819,-1.6956849822713838
2017-05-30 11:00:00,0.94,0.0,0.0,0.94,31.9,54.0,21.4,998.7,69.5,35.99451702563009,0.6282866317422059
2017-05-30 12:00:00,0.95,0.0,0.14,0.95,33.7,48.0,21.2,997.7,73.8,36.75958435958541,3.216046907388589
2017-05-30 13:00:00,0.94,0.0,0.09,0.94,34.0,45.0,20.5,996.9,72.7,37.094349490302115,0.6474842788232178
2017-05-30 14:00:00,0.89,0.0,0.04,0.88,32.8,51.0,21.2,996.5,80.3,39.99390780625565,-0.6980962574913252
2017-05-30 15:00:00,0.53,0.0,0.02,0.53,32.5,53.0,21.6,995.6,78.1,37.109382669665465,2.5949408232814717
2017-05-30 16:00:00,0.58,0.0,0.05,0.56,31.6,54.0,21.2,995.2,72.7,33.07983637433207,1.1551733408527753
2017-05-30 17:00:00,0.93,0.0,0.13,0.72,30.1,62.0,22.0,995.6,64.1,31.327439704100613,3.2926465929310806
2017-05-30 18:00:00,0.66,0.0,0.33,0.59,28.4,70.0,22.5,996.2,58.3,27.39427378530049,3.363593877982062
2017-05-30 19:00:00,0.99,0.01,0.91,0.98,27.6,75.0,22.9,997.2,51.1,26.598398439049607,2.3270583313624753
2017-05-30 20:00:00,0.94,0.0,0.75,0.92,27.5,75.0,22.8,997.9,49.0,24.459621297916783,3.4375755937136256
2017-05-30 21:00:00,0.8,0.0,0.49,0.79,27.4,76.0,22.8,998.5,45.0,24.148028712812536,4.693901286262998
2017-05-30 22:00:00,0.9,0.01,0.0,0.9,27.4,75.0,22.6,999.0,45.0,24.817155375907642,4.375934077206645
2017-05-30 23:00:00,0.97,0.0,0.15,0.97,27.4,75.0,22.5,998.9,50.8,27.377655533739382,4.827419339140663
2017-05-31 00:00:00,0.99,0.0,0.09,0.99,27.0,77.0,22.6,998.3,52.6,28.123613152260592,3.9525160672658695
2017-05-31 01:00:00,0.88,0.0,0.08,0.87,27.0,78.0,22.7,997.3,52.2,24.506389573056943,2.144031271592393
2017-05-31 02:00:00,0.92,0.0,0.19,0.91,26.9,79.0,22.8,997.6,49.0,26.58379599870795,0.9283266122865202
2017-05-31 03:00:00,0.92,0.0,0.56,0.88,26.8,78.0,22.5,997.5,48.6,21.99664929344061,0.38395294162023696
2017-05-31 04:00:00,0.87,0.0,0.6,0.72,26.9,76.0,22.4,997.4,43.2,23.44275518110587,1.639277132986951
2017-05-31 05:00:00,0.68,0.0,0.36,0.66,26.9,75.0,22.1,997.4,46.8,16.897805719599347,6.486459886769944
2017-05-31 06:00:00,0.73,0.0,0.06,0.72,27.1,74.0,22.0,997.5,33.1,15.784795049520808,3.644207080370617
2017-05-31 07:00:00,0.2,0.0,0.01,0.19,29.0,65.0,21.6,998.3,32.4,15.492137046601172,4.736421616508341
2017-05-31 08:00:00,0.48,0.0,0.0,0.48,31.1,56.0,21.2,998.6,42.5,20.461771360489937,4.723972141221171
2017-05-31 09:00:00,0.88,0.01,0.01,0.88,32.8,51.0,21.4,999.0,50.0,23.375404996195453,6.263420891480999
2017-05-31 10:00:00,0.97,0.01,0.06,0.97,34.7,45.0,21.0,999.0,50.8,23.704520174283303,3.7544271609655446
2017-05-31 11:00:00,0.96,0.04,0.12,0.96,34.9,42.0,20.0,998.5,53.3,25.184648840881213,0.8794673169030192
2017-05-31 12:00:00,0.99,0.02,0.2,0.97,35.8,38.0,19.5,997.7,56.9,26.996876318286304,-2.361920628461529
2017-05-31 13:00:00,0.92,0.01,0.18,0.89,35.5,39.0,19.6,996.7,55.8,22.296603601987528,0.389188663551422
2017-05-31 14:00:00,0.54,0.18,0.53,0.03,34.7,43.0,20.1,996.2,51.1,24.11072367778258,8.301987938657495
2017-05-31 15:00:00,0.43,0.0,0.43,0.0,31.8,57.0,22.0,995.8,53.6,25.52849569737316,5.89371762380927
2017-05-31 16:00:00,0.36,0.0,0.36,0.0,31.5,55.0,21.4,995.3,55.8,24.855728525413415,3.4932448340976525
2017-05-31 17:00:00,0.32,0.0,0.25,0.0,30.5,59.0,21.6,995.4,50.0,32.080445547312976,1.1202738441502744
2017-05-31 18:00:00,0.14,0.0,0.14,0.0,29.1,65.0,21.8,996.2,59.8,26.683735081409857,0.9318165619567703
2017-05-31 19:00:00,0.4,0.0,0.19,0.28,28.9,66.0,21.9,997.3,51.8,27.395354197523,2.396782925560602
2017-05-31 20:00:00,0.25,0.01,0.24,0.01,28.1,69.0,22.0,998.5,53.3,24.884831592775484,0.868997467892269
2017-05-31 21:00:00,0.19,0.0,0.19,0.0,27.6,74.0,22.5,998.9,46.8,24.466423601487058,1.2822309279521356
2017-05-31 22:00:00,0.09,0.0,0.07,0.02,27.1,75.0,22.4,999.1,46.1,26.28397875060222,0.91785676327577
2017-05-31 23:00:00,0.16,0.0,0.08,0.12,26.9,76.0,22.2,998.9,47.5,26.995887769222563,0.47121497380665445
2017-06-01 00:00:00,0.18,0.0,0.1,0.11,27.2,73.0,21.9,998.1,50.4,26.995887769222563,0.47121497380665445
2017-06-01 01:00:00,0.11,0.0,0.08,0.04,27.2,72.0,21.8,997.1,50.0,26.634960141937306,1.862497848968153
2017-06-01 02:00:00,0.09,0.01,0.08,0.01,26.9,74.0,21.9,996.8,49.3,24.466423601487058,1.2822309279521356
2017-06-01 03:00:00,0.77,0.01,0.37,0.66,26.9,73.0,21.6,996.4,45.4,20.87792436385881,3.681341366538923
2017-06-01 04:00:00,0.31,0.0,0.31,0.0,27.1,73.0,21.8,996.5,38.5,21.196771137315494,-0.36999101647040233
2017-06-01 05:00:00,0.34,0.0,0.17,0.33,26.8,75.0,22.0,996.8,45.7,21.58784389856623,3.033973600929435
2017-06-01 06:00:00,1.0,0.0,0.99,0.34,27.1,74.0,22.1,997.2,39.6,21.538251490616688,2.6445647518916937
2017-06-01 07:00:00,1.0,0.0,1.0,0.82,28.2,69.0,22.0,997.6,41.4,20.884959802733743,2.1950977286207207
2017-06-01 08:00:00,1.0,0.0,1.0,0.02,28.6,68.0,22.0,998.4,40.0,20.15079381524845,1.4090807696313368
2017-06-01 09:00:00,0.79,0.0,0.77,0.3,26.2,86.0,23.6,998.8,49.0,22.996496988597,0.40140534805752043
2017-06-01 10:00:00,0.97,0.0,0.97,0.0,27.0,81.0,23.4,998.9,43.9,24.096329453269032,0.42060299513853233
2017-06-01 11:00:00,0.68,0.0,0.68,0.0,30.0,65.0,22.6,998.2,50.4,26.995887769222563,0.47121497380665445
2017-06-01 12:00:00,0.52,0.0,0.27,0.34,32.5,53.0,21.8,997.4,58.3,27.732280597223113,1.939229970086691
2017-06-01 13:00:00,0.59,0.0,0.2,0.46,34.0,47.0,21.0,996.6,56.2,28.491168365423924,2.492654242583026
2017-06-01 14:00:00,0.21,0.0,0.17,0.09,34.1,46.0,20.9,995.8,59.4,29.559434228735388,1.5491443047911515
2017-06-01 15:00:00,0.33,0.0,0.25,0.11,33.8,48.0,21.2,995.3,63.7,32.8,6.025262251804977e-15
2017-06-01 16:00:00,0.2,0.0,0.17,0.05,31.7,55.0,21.5,995.4,65.2,31.72253679826241,2.2182558650631936
2017-06-01 17:00:00,0.24,0.02,0.38,0.42,30.4,58.0,21.1,996.6,61.6,26.24244429911611,7.52489981380407
2017-06-01 18:00:00,0.62,0.0,0.53,0.21,28.4,68.0,21.9,997.3,51.8,18.699883153639576,6.806200852180804
2017-06-01 19:00:00,0.88,0.0,0.79,0.46,26.9,80.0,23.2,998.2,37.4,19.032981579578717,5.457619645176578
2017-06-01 20:00:00,0.89,0.0,0.85,0.47,26.3,85.0,23.6,999.0,36.4,14.748495039395145,3.67721281311495
2017-06-01 21:00:00,1.0,0.0,1.0,0.68,26.2,87.0,23.8,999.4,27.4,14.718924051450447,1.5470212563612697
2017-06-01 22:00:00,0.96,0.0,0.96,0.57,26.6,83.0,23.5,999.7,31.3,17.659382218223136,4.402978499913954
2017-06-01 23:00:00,1.0,0.0,1.0,0.79,26.8,80.0,23.0,999.7,31.7,15.111631611105606,2.393447315115535
2017-06-02 00:00:00,1.0,0.0,0.98,0.46,27.1,75.0,22.2,998.5,40.7,22.7132391164918,1.987150934646608
2017-06-02 01:00:00,1.0,0.0,0.55,1.0,27.1,76.0,22.5,997.6,42.1,19.457460309724212,3.081758961292551
2017-06-02 02:00:00,1.0,0.0,0.56,0.99,27.1,74.0,22.1,997.2,36.0,16.196848526886455,3.148348423712986
2017-06-02 03:00:00,0.9,0.0,0.15,0.9,27.1,74.0,22.0,996.9,31.3,16.938693351809977,2.9867486558712018
2017-06-02 04:00:00,0.92,0.0,0.24,0.87,26.9,77.0,22.5,997.1,31.3,15.784795049520808,3.644207080370617
2017-06-02 05:00:00,0.92,0.0,0.71,0.68,27.1,71.0,21.3,997.9,29.9,17.949844642322585,7.61925700554084
2017-06-02 06:00:00,0.99,0.0,0.95,0.79,27.5,69.0,21.3,998.0,34.9,17.000294542687605,4.555215193804363
2017-06-02 07:00:00,0.99,0.0,0.98,0.9,28.3,65.0,21.1,998.4,37.1,19.09765326979061,4.409040665139759
2017-06-02 08:00:00,1.0,0.0,1.0,0.53,30.1,59.0,21.2,998.7,45.4,23.07290797254394,2.425060347809558
2017-06-02 09:00:00,1.0,0.0,0.98,0.92,30.8,58.0,21.6,999.3,46.1,22.380058353559487,3.145312081697488
2017-06-02 10:00:00,0.98,0.0,0.75,0.97,31.6,53.0,21.0,999.2,45.4,21.191736671069602,2.9783043605454087
2017-06-02 11:00:00,0.96,0.0,0.42,0.9,33.5,47.0,20.6,998.7,48.2,23.027070718078672,2.827368766999414
2017-06-02 12:00:00,0.85,0.07,0.44,0.76,34.5,44.0,20.6,998.2,51.8,25.21067225168958,3.095481322490738
2017-06-02 13:00:00,0.58,0.3,0.41,0.15,34.7,44.0,20.5,997.1,56.5,28.44332620753262,2.989514049454886
2017-06-02 14:00:00,0.84,0.3,0.53,0.51,33.8,48.0,21.1,996.8,57.2,26.983552329515586,0.9422864109675205
2017-06-02 15:00:00,0.91,0.37,0.78,0.65,33.0,50.0,21.2,996.4,54.0,25.203725861721164,2.2050402915157536
2017-06-02 16:00:00,0.92,0.02,0.41,0.82,31.6,55.0,21.5,996.8,49.7,21.28702461550674,-0.7433592797632773
2017-06-02 17:00:00,0.55,0.0,0.18,0.85,31.0,59.0,22.0,997.3,45.7,22.686171773333474,-0.7922185751467791
2017-06-02 18:00:00,0.96,0.0,0.09,0.96,29.1,67.0,22.4,997.8,43.6,20.487151044586433,-2.1532863433136518
2017-06-02 19:00:00,0.98,0.07,0.22,0.94,28.4,71.0,22.7,998.7,38.5,18.355178524780765,-1.283519116891904
2017-06-02 20:00:00,0.72,0.03,0.2,0.63,27.5,75.0,22.6,999.5,32.8,16.559563234313085,-1.1579574641524788
2017-06-02 21:00:00,0.15,0.0,0.1,0.05,27.4,74.0,22.5,1000.0,29.5,11.88088766335554,3.1834742547610038
2017-06-02 22:00:00,0.25,0.0,0.08,0.17,27.0,76.0,22.5,1000.3,22.3,7.892397524760404,1.8221035401853085
2017-06-02 23:00:00,0.21,0.02,0.07,0.14,26.9,77.0,22.5,1000.3,14.4,6.815049550106451,-1.0793978087775917
2017-06-03 00:00:00,0.25,0.04,0.19,0.06,26.6,78.0,22.5,999.6,11.9,2.5242120488351985,3.23084408978756
2017-06-03 01:00:00,0.53,0.0,0.32,0.34,26.7,78.0,22.5,999.2,7.6,3.600102662948871,2.1631599146222285
2017-06-03 02:00:00,0.74,0.0,0.34,0.64,26.5,79.0,22.5,998.5,11.9,7.2,1.3226185430791415e-15
2017-06-03 03:00:00,0.93,0.01,0.43,0.88,26.7,77.0,22.2,998.6,24.8,14.0,2.5717582782094417e-15
2017-06-03 04:00:00,0.92,0.01,0.62,0.87,26.8,75.0,22.0,998.9,27.0,14.79774588831459,0.2582956152717958
2017-06-03 05:00:00,0.69,0.04,0.57,0.08,27.3,76.0,22.6,999.2,28.8,19.794032816030327,4.935206670233223
2017-06-03 06:00:00,0.24,0.0,0.22,0.04,27.3,76.0,22.6,999.6,37.4,10.771960632878908,5.727553065987867
2017-06-03 07:00:00,0.32,0.0,0.2,0.2,28.6,70.0,22.6,1000.3,27.4,11.510108895365455,5.3672519241068795
2017-06-03 08:00:00,0.3,0.0,0.23,0.14,30.6,62.0,22.5,1001.2,27.4,10.423721839997086,3.1868515814778346
2017-06-03 09:00:00,0.59,0.24,0.43,0.13,32.5,54.0,22.0,1001.4,38.9,17.975927798831506,2.847107263732205
2017-06-03 10:00:00,0.52,0.03,0.24,0.35,32.8,53.0,21.9,1001.1,60.8,24.459621297916783,3.4375755937136256
2017-06-03 11:00:00,0.33,0.02,0.07,0.27,34.1,47.0,21.1,1000.6,66.2,28.092690486187223,2.4577919454839625
2017-06-03 12:00:00,0.71,0.0,0.22,0.62,34.2,48.0,21.7,1000.1,70.6,24.485075261967847,0.8550376692112687
2017-06-03 13:00:00,0.77,0.03,0.23,0.71,33.5,50.0,21.6,999.0,60.5,25.905454557838507,3.180789862874341
2017-06-03 14:00:00,0.86,0.36,0.31,0.82,33.7,48.0,21.1,998.6,64.8,31.2809328856977,-1.09235424678829
2017-06-03 15:00:00,0.83,0.0,0.14,0.8,32.7,53.0,21.9,998.1,64.4,29.559434228735388,1.5491443047911515
2017-06-03 16:00:00,0.78,0.02,0.08,0.78,31.9,57.0,22.2,997.8,58.3,29.859023089161756,1.5648450916640346
2017-06-03 17:00:00,0.71,0.0,0.11,0.74,30.6,59.0,21.7,997.6,59.0,29.938155691571122,5.278904601074681
2017-06-03 18:00:00,0.78,0.0,0.1,0.77,29.3,64.0,21.9,998.4,56.9,27.377655533739382,4.827419339140663
2017-06-03 19:00:00,0.77,0.0,0.06,0.77,28.3,71.0,22.5,999.6,56.5,25.227688883175908,6.289969285591362
2017-06-03 20:00:00,0.28,0.0,0.08,0.24,27.9,72.0,22.3,1000.2,51.8,26.703429500032893,5.675989159324843
2017-06-03 21:00:00,0.08,0.0,0.07,0.02,27.6,74.0,22.5,1001.0,50.0,24.8351677412259,4.8274675830265785
2017-06-03 22:00:00,0.07,0.0,0.07,0.0,27.5,74.0,22.6,1001.0,46.4,24.099595510521358,3.817000946981637
2017-06-03 23:00:00,0.06,0.0,0.06,0.0,27.2,75.0,22.5,1000.4,46.8,24.099595510521358,3.817000946981637
2017-06-04 00:00:00,0.02,0.0,0.02,0.0,27.3,74.0,22.4,999.5,45.4,24.099595510521358,3.817000946981637
2017-06-04 01:00:00,0.04,0.0,0.04,0.0,27.2,76.0,22.5,998.7,45.7,24.06243097805162,5.114627594116891
2017-06-04 02:00:00,0.02,0.0,0.02,0.0,27.2,76.0,22.5,998.1,45.7,24.494670846759416,3.87957473299773
2017-06-04 03:00:00,0.0,0.0,0.0,0.0,27.2,75.0,22.5,997.9,45.7,23.438424521690553,4.132826628472942
2017-06-04 04:00:00,0.01,0.0,0.01,0.0,27.3,74.0,22.3,997.9,43.2,21.595798035848606,4.197797898283982
2017-06-04 05:00:00,0.02,0.0,0.0,0.0,27.5,73.0,22.3,998.4,40.3,21.961212892172238,3.8723543619725467
2017-06-04 06:00:00,0.01,0.01,0.01,0.0,28.0,71.0,22.2,999.2,41.0,18.33858922661633,4.5723238268337205
2017-06-04 07:00:00,0.0,0.0,0.0,0.0,29.6,64.0,22.1,999.8,44.6,23.0682388110201,4.4840113913487984
2017-06-04 08:00:00,0.0,0.0,0.0,0.0,31.5,56.0,21.6,1000.3,52.6,26.63821104914824,3.7437564158257706
2017-06-04 09:00:00,0.04,0.0,0.01,0.03,33.0,50.0,21.1,1000.5,54.0,26.99725532464396,3.314846140620003
2017-06-04 10:00:00,0.24,0.03,0.02,0.22,34.0,48.0,21.4,1000.5,57.6,28.045517449385308,2.947702664147825
2017-06-04 11:00:00,0.36,0.01,0.01,0.35,35.5,44.0,21.2,999.7,58.3,27.692037630792885,3.400154681003606
2017-06-04 12:00:00,0.21,0.09,0.19,0.02,35.3,43.0,21.0,999.2,60.8,30.195400393723016,-0.5270626744059506
2017-06-04 13:00:00,0.35,0.0,0.22,0.24,34.8,46.0,21.4,998.3,62.3,28.43057543240499,1.988059501707579
2017-06-04 14:00:00,0.39,0.0,0.31,0.17,34.0,47.0,21.1,997.6,60.8,30.631274377342823,3.2194766686437237
2017-06-04 15:00:00,0.26,0.0,0.13,0.15,33.5,48.0,21.1,997.1,61.2,29.53730029243772,3.1044953590493045
2017-06-04 16:00:00,0.36,0.02,0.21,0.17,32.4,53.0,21.5,997.4,61.9,31.265203776701647,3.838884317262136
2017-06-04 17:00:00,0.54,0.0,0.2,0.1,32.1,55.0,22.0,997.6,63.4,31.01341389468732,4.912042202263255
2017-06-04 18:00:00,0.1,0.0,0.06,0.04,29.6,65.0,22.4,998.1,59.4,26.996876318286304,2.361920628461539
2017-06-04 19:00:00,0.03,0.0,0.03,0.0,28.4,71.0,22.6,998.7,52.6,27.791292245957017,3.4123416153441206
2017-06-04 20:00:00,0.06,0.0,0.05,0.01,28.1,72.0,22.7,999.7,51.5,26.63821104914824,3.7437564158257706
2017-06-04 21:00:00,0.07,0.01,0.07,0.01,27.9,75.0,23.0,1000.0,52.6,26.69801790885878,2.3357739056372413
2017-06-04 22:00:00,0.03,0.0,0.03,0.0,27.6,76.0,22.9,1000.5,50.0,26.962997438373492,1.4130708185594962
2017-06-04 23:00:00,0.04,0.0,0.04,0.01,27.5,75.0,22.7,1000.2,49.7,26.29599438261309,0.45899828930055603
2017-06-05 00:00:00,0.0,0.0,0.0,0.0,27.6,76.0,23.0,999.8,51.8,28.4,5.216995364367724e-15
2017-06-05 01:00:00,0.0,0.0,0.0,0.0,27.2,76.0,22.5,999.0,54.7,29.49550700711354,0.5148459898998632
2017-06-05 02:00:00,0.28,0.0,0.0,0.28,27.1,76.0,22.5,998.5,54.4,24.8,4.5556860928281535e-15
2017-06-05 03:00:00,0.88,0.0,0.0,0.88,27.0,76.0,22.5,998.1,45.7,24.466423601487058,1.2822309279521356
2017-06-05 04:00:00,0.77,0.0,0.01,0.77,27.0,76.0,22.5,998.2,45.0,24.465238626059527,2.571400196384273
2017-06-05 05:00:00,0.78,0.0,0.0,0.0,27.5,72.0,22.0,998.3,48.6,22.716831833688165,3.597992695925314
2017-06-05 06:00:00,0.11,0.01,0.0,0.1,28.0,71.0,22.2,999.0,42.1,20.541099615409916,4.366145507172956
2017-06-05 07:00:00,0.94,0.0,0.0,0.94,29.4,65.0,22.1,999.7,48.2,25.25183575291004,3.5489140744816785
2017-06-05 08:00:00,0.97,0.0,0.0,0.97,31.4,57.0,21.8,1000.0,54.7,27.694212606950526,2.4229296483848994
2017-06-05 09:00:00,0.34,0.0,0.0,0.34,33.4,50.0,21.5,1000.1,55.8,27.761901066177153,1.4549395835538517
2017-06-05 10:00:00,0.05,0.01,0.0,0.04,35.1,45.0,21.4,999.8,56.5,27.383308660323223,0.9562462096485208
2017-06-05 11:00:00,0.11,0.0,0.06,0.05,36.3,41.0,21.0,998.9,56.2,24.485075261967847,0.8550376692112687
2017-06-05 12:00:00,0.31,0.03,0.18,0.2,35.9,42.0,21.0,998.6,54.4,27.0,4.95981953654678e-15
2017-06-05 13:00:00,0.39,0.08,0.19,0.24,35.2,43.0,20.6,997.9,57.2,26.683735081409857,0.9318165619567703
2017-06-05 14:00:00,0.43,0.0,0.14,0.36,34.8,44.0,20.9,997.1,54.7,27.683125908428952,-0.9667160586592854
2017-06-05 15:00:00,0.44,0.04,0.1,0.37,34.7,46.0,21.2,996.7,59.0,30.6,5.621128808086351e-15
2017-06-05 16:00:00,0.42,0.05,0.21,0.26,31.5,54.0,21.2,996.9,61.6,30.92448555805455,2.162450686067893
2017-06-05 17:00:00,0.31,0.0,0.07,0.74,30.9,57.0,21.4,997.2,59.4,28.829601052508917,2.015962091205229
2017-06-05 18:00:00,0.54,0.0,0.07,0.5,29.9,61.0,21.5,997.9,53.6,26.69801790885878,2.3357739056372413
2017-06-05 19:00:00,0.74,0.0,0.13,0.71,28.5,69.0,22.4,998.7,52.9,28.089056091449415,3.448902418365665
2017-06-05 20:00:00,0.68,0.0,0.2,0.59,28.0,73.0,22.5,999.6,51.1,25.957021469111936,2.7281928912857527
2017-06-05 21:00:00,0.72,0.0,0.23,0.64,27.7,74.0,22.7,1000.4,46.8,24.863047384206833,2.613211581691334
2017-06-05 22:00:00,0.34,0.0,0.19,0.21,27.5,75.0,22.6,1000.7,45.4,24.063514070420158,3.3819063533295997
2017-06-05 23:00:00,0.16,0.0,0.12,0.04,27.6,73.0,22.5,1000.5,44.3,23.4240891787352,2.8761165043614736
2017-06-06 00:00:00,0.19,0.0,0.08,0.11,27.5,74.0,22.4,999.8,42.8,22.729306872586275,2.79080796397787
2017-06-06 01:00:00,0.93,0.0,0.04,0.93,27.3,75.0,22.5,998.8,43.6,23.769073299301734,2.498230272096915
2017-06-06 02:00:00,0.72,0.0,0.07,0.68,27.1,76.0,22.5,998.3,43.6,21.183316371344223,2.2264562676010167
2017-06-06 03:00:00,0.64,0.01,0.15,0.58,27.0,77.0,22.6,998.2,38.9,19.42579661278904,1.699536983579336
2017-06-06 04:00:00,0.94,0.0,0.16,0.93,27.0,77.0,22.5,998.6,35.6,19.79098571782864,2.0801164190263015
2017-06-06 05:00:00,0.96,0.02,0.14,0.91,27.1,74.0,22.1,999.0,36.7,22.27729045624932,2.341437577195435
2017-06-06 06:00:00,0.93,0.0,0.07,0.93,28.0,69.0,21.8,999.4,41.8,20.484001262653926,3.611882095472151
2017-06-06 07:00:00,0.81,0.0,0.05,0.81,29.5,62.0,21.5,1000.2,45.0,23.0682388110201,4.4840113913487984
2017-06-06 08:00:00,0.98,0.0,0.11,0.98,31.5,54.0,21.0,1000.8,50.8,25.559212710964626,2.6863815059786913
2017-06-06 09:00:00,0.96,0.0,0.16,0.96,33.3,47.0,20.6,1001.2,51.5,24.506389573056943,2.144031271592393
2017-06-06 10:00:00,0.99,0.0,0.2,0.99,34.3,45.0,20.6,1000.8,50.8,24.166882057449044,2.5400416574039766
2017-06-06 11:00:00,0.92,0.01,0.17,0.91,35.2,43.0,20.6,1000.1,54.0,25.94502340102914,3.6463352451537245
2017-06-06 12:00:00,0.91,0.02,0.4,0.88,35.5,42.0,20.5,999.7,58.7,28.78245581814996,1.005105505032022
2017-06-06 13:00:00,0.78,0.01,0.27,0.67,34.7,43.0,20.4,998.2,58.7,22.7132391164918,1.987150934646608
2017-06-06 14:00:00,0.89,0.0,0.07,0.86,35.5,40.0,19.8,997.4,52.6,25.85756927957511,2.7177400449589872
2017-06-06 15:00:00,0.92,0.0,0.15,0.91,34.0,46.0,20.6,997.3,58.0,30.23346561919551,3.177665283336662
2017-06-06 16:00:00,0.88,0.01,0.26,0.86,31.8,52.0,20.8,997.2,60.5,29.5,5.4190620862270374e-15
2017-06-06 17:00:00,0.86,0.0,0.13,0.85,31.7,54.0,21.2,997.2,57.6,28.790026774851444,2.518800965407323
2017-06-06 18:00:00,0.81,0.0,0.36,0.71,29.9,62.0,21.8,997.9,54.4,27.39427378530049,3.363593877982062
2017-06-06 19:00:00,0.75,0.0,0.51,0.45,28.9,67.0,22.1,998.7,51.5,25.97620335765212,4.114226430558077
2017-06-06 20:00:00,0.74,0.0,0.53,0.48,28.4,70.0,22.4,1000.0,47.9,24.817155375907642,4.375934077206645
2017-06-06 21:00:00,0.47,0.0,0.37,0.2,27.9,73.0,22.5,1000.8,46.1,23.733866847594214,4.184921081773021
2017-06-06 22:00:00,0.71,0.01,0.15,0.67,27.5,73.0,22.4,1001.4,45.0,23.80328900834282,3.770070607469568
2017-06-06 23:00:00,0.82,0.0,0.22,0.77,27.4,74.0,22.4,1001.5,46.4,24.141050016287746,1.688106664607839
2017-06-07 00:00:00,0.93,0.0,0.16,0.93,27.1,75.0,22.3,1000.8,44.3,23.027070718078672,2.827368766999414
2017-06-07 01:00:00,0.96,0.02,0.24,0.95,27.0,75.0,22.1,1000.0,43.9,22.7132391164918,1.987150934646608
2017-06-07 02:00:00,0.98,0.03,0.18,0.98,26.9,76.0,22.2,999.6,42.5,22.7132391164918,1.987150934646608
2017-06-07 03:00:00,0.99,0.03,0.24,0.98,26.8,77.0,22.4,999.2,42.1,21.21894706935418,1.8564173205251209
2017-06-07 04:00:00,0.99,0.05,0.25,0.98,26.9,76.0,22.2,999.3,39.2,20.884959802733743,2.1950977286207207
2017-06-07 05:00:00,0.99,0.0,0.41,0.93,27.0,75.0,22.2,999.7,38.5,21.191736671069602,2.9783043605454087
2017-06-07 06:00:00,0.96,0.0,0.2,0.96,27.4,74.0,22.4,1000.1,38.5,18.711347307231954,3.2993153756716764
2017-06-07 07:00:00,0.99,0.0,0.18,0.99,28.6,69.0,22.4,1001.1,41.8,21.9162833580184,1.9174263404484815
2017-06-07 08:00:00,0.98,0.01,0.05,0.98,30.0,64.0,22.4,1001.6,42.1,18.37100313506956,2.9096810497482974
2017-06-07 09:00:00,0.99,0.0,0.03,0.99,32.2,55.0,22.0,1001.9,38.5,15.162973563949327,1.0602984009107088
2017-06-07 10:00:00,0.99,0.0,0.07,0.99,34.0,48.0,21.5,1001.5,37.4,14.397806810252035,0.25131465269688236
2017-06-07 11:00:00,0.98,0.04,0.06,0.98,35.0,45.0,21.4,1000.8,38.9,16.177798463024097,-0.8478424911356919
2017-06-07 12:00:00,1.0,0.14,0.29,1.0,34.2,44.0,20.3,1000.5,38.9,16.58949940026552,3.224672021863604
2017-06-07 13:00:00,1.0,0.18,0.18,0.99,34.2,45.0,20.6,999.6,45.4,21.547383485612208,-1.5067398328731048
2017-06-07 14:00:00,0.99,0.02,0.19,0.99,34.5,44.0,20.6,998.5,44.6,21.547383485612205,1.5067398328731125
2017-06-07 15:00:00,1.0,0.01,0.09,1.0,33.4,48.0,20.9,997.9,45.7,23.721853024227595,2.9126773073830172
2017-06-07 16:00:00,1.0,0.0,0.14,1.0,32.2,52.0,21.0,997.8,50.0,25.537639686651502,1.7857657278496148
2017-06-07 17:00:00,1.0,0.0,0.3,1.0,31.5,55.0,21.4,999.2,50.0,14.778665142222748,-3.9599313900685607
2017-06-07 18:00:00,1.0,0.0,0.07,1.0,30.0,62.0,21.9,999.3,28.4,12.6,2.3145824503884972e-15
2017-06-07 19:00:00,1.0,0.0,0.02,1.0,28.8,66.0,21.9,1000.1,25.6,14.420567482839964,1.5156627173809738
2017-06-07 20:00:00,1.0,0.0,0.0,1.0,27.8,71.0,22.1,1000.9,27.4,14.025174436450953,2.2213694035712805
2017-06-07 21:00:00,0.99,0.0,0.03,0.99,27.7,71.0,22.0,1001.3,30.6,17.234168276987198,1.5077943495344879
2017-06-07 22:00:00,1.0,0.0,0.01,1.0,27.4,73.0,22.0,1001.8,32.8,18.37478343948416,0.9629815948701752
2017-06-07 23:00:00,1.0,0.0,0.0,1.0,27.0,75.0,22.2,1001.6,33.8,18.754204144884696,1.311421706389561
2017-06-08 00:00:00,1.0,0.0,0.0,1.0,27.0,76.0,22.4,1000.9,35.3,19.39704528603399,0.33857668488329984
2017-06-08 01:00:00,0.99,0.0,0.0,0.99,27.0,76.0,22.3,1000.0,35.6,19.4,3.563722185518797e-15
2017-06-08 02:00:00,1.0,0.01,0.11,1.0,27.0,76.0,22.4,999.4,35.3,19.08836479606473,0.6665803870177646
2017-06-08 03:00:00,1.0,0.0,0.08,1.0,27.0,76.0,22.3,998.8,34.6,18.38879121715136,0.642150739326014
2017-06-08 04:00:00,0.99,0.01,0.15,0.99,27.0,75.0,22.2,999.0,33.1,17.6,3.2330675497490124e-15
2017-06-08 05:00:00,1.0,0.0,0.06,0.86,26.9,77.0,22.5,999.0,32.0,14.36492232374147,1.0044932219154084
2017-06-08 06:00:00,1.0,0.0,0.0,1.0,27.5,74.0,22.3,999.5,27.7,15.462242779027275,1.0812253430339465
2017-06-08 07:00:00,0.93,0.0,0.01,0.92,28.8,68.0,22.2,999.7,32.0,15.839495699658755,1.3857763096877662
2017-06-08 08:00:00,0.99,0.0,0.0,0.99,31.0,57.0,21.4,1000.3,31.7,13.691654330161612,0.4781231048242604
2017-06-08 09:00:00,0.89,0.0,0.0,0.89,33.6,46.0,20.2,1000.2,30.6,12.58273213790763,-0.6594330486610936
2017-06-08 10:00:00,0.28,0.0,0.03,0.25,35.8,39.0,19.7,1000.2,32.4,12.98218395180946,-0.6803674311582713
2017-06-08 11:00:00,0.13,0.0,0.11,0.02,36.8,37.0,19.9,999.8,38.2,14.79774588831459,-0.25829561527179035
2017-06-08 12:00:00,0.1,0.0,0.09,0.01,37.7,35.0,19.6,998.8,37.1,15.1,2.773825000068755e-15
2017-06-08 13:00:00,0.62,0.0,0.5,0.36,37.0,36.0,19.4,997.9,38.2,15.839495699658755,1.3857763096877662
2017-06-08 14:00:00,0.81,0.08,0.75,0.38,35.3,40.0,19.6,997.2,37.1,13.291897999353974,-0.46416330614326706
2017-06-08 15:00:00,0.54,0.0,0.2,0.4,35.5,38.0,19.1,996.3,31.3,15.068442890109464,4.037577103599322
2017-06-08 16:00:00,0.64,0.0,0.15,0.57,34.5,41.0,19.5,996.2,45.0,19.07382411381236,-0.9996167642402294
2017-06-08 17:00:00,0.84,0.0,0.2,0.46,32.3,49.0,20.4,997.0,47.2,24.863047384206833,2.613211581691334
2017-06-08 18:00:00,0.91,0.0,0.04,0.91,30.5,58.0,21.4,997.4,46.1,24.81365379103305,3.0467335851286794
2017-06-08 19:00:00,0.36,0.0,0.06,0.33,29.2,64.0,21.7,998.2,50.0,27.34935212262752,2.8745327398604674
2017-06-08 20:00:00,0.98,0.0,0.0,0.98,28.5,68.0,22.0,999.2,50.8,26.255378037722416,2.7595514302660487
2017-06-08 21:00:00,0.94,0.0,0.0,0.94,28.0,71.0,22.2,999.7,48.2,24.416635330376526,2.9979858477666204
2017-06-08 22:00:00,0.98,0.0,0.03,0.98,27.8,72.0,22.2,1000.1,45.4,24.466423601487058,1.2822309279521356
2017-06-08 23:00:00,1.0,0.0,0.0,1.0,27.6,73.0,22.3,1000.0,44.6,24.141050016287746,1.688106664607839
2017-06-09 00:00:00,1.0,0.0,0.0,1.0,27.4,74.0,22.2,999.4,43.9,23.38574535224684,0.8166482228385178
2017-06-09 01:00:00,1.0,0.0,0.0,1.0,27.3,74.0,22.2,998.6,43.2,21.946409105716132,1.5346424223707626
2017-06-09 02:00:00,0.99,0.0,0.0,0.99,27.2,73.0,22.0,998.2,40.3,20.894656250447134,2.936552430257389
2017-06-09 03:00:00,0.92,0.02,0.0,0.92,27.0,74.0,22.0,997.8,39.2,21.17336668976247,3.733435819839002
2017-06-09 04:00:00,1.0,0.0,0.08,1.0,27.0,74.0,22.0,997.8,42.1,22.650578319280786,3.9939080863393976
2017-06-09 05:00:00,0.98,0.0,0.35,0.8,27.8,75.0,23.0,997.8,42.8,20.487511953891463,0.7154396824012657
2017-06-09 06:00:00,0.93,0.0,0.41,0.89,28.2,73.0,23.0,998.2,37.4,17.289461307430358,0.6037612929532632
2017-06-09 07:00:00,0.86,0.01,0.64,0.7,29.5,68.0,23.0,999.1,40.7,21.183316371344223,2.2264562676010167
2017-06-09 08:00:00,0.9,0.0,0.87,0.76,31.2,59.0,22.2,999.6,45.4,22.970076092675335,4.464930491811144
2017-06-09 09:00:00,0.91,0.0,0.64,0.91,32.0,54.0,21.5,999.7,51.5,26.65318679586973,2.80136281557311
2017-06-09 10:00:00,0.96,0.0,0.69,0.96,33.2,49.0,21.2,999.6,60.1,30.55806376348996,1.601480261034096
2017-06-09 11:00:00,0.82,0.0,0.76,0.79,33.2,49.0,21.0,999.1,60.1,27.694212606950526,2.4229296483848994
2017-06-09 12:00:00,0.75,0.0,0.46,0.72,33.5,47.0,20.6,998.7,60.5,30.95751557739179,1.6224146435312734
2017-06-09 13:00:00,0.63,0.0,0.31,0.49,34.0,45.0,20.3,997.6,64.8,32.77480556721843,2.867423936397956
2017-06-09 14:00:00,0.59,0.0,0.4,0.31,33.8,45.0,20.1,996.7,65.2,33.11912646862616,2.3159149283049696
2017-06-09 15:00:00,0.95,0.0,0.34,0.92,33.1,47.0,20.1,996.0,66.6,34.21644692391197,2.3926470494235073
2017-06-09 16:00:00,1.0,0.0,0.15,1.0,32.0,52.0,20.9,995.9,67.3,34.21644692391197,2.3926470494235073
2017-06-09 17:00:00,1.0,0.0,0.03,1.0,31.5,53.0,20.8,997.0,65.2,30.195400393723016,-0.5270626744059506
2017-06-09 18:00:00,1.0,0.0,0.04,1.0,29.6,61.0,21.2,997.4,56.2,26.263956764045293,1.3764356491894354
2017-06-09 19:00:00,0.99,0.0,0.17,0.99,29.0,65.0,21.6,998.3,50.8,27.39427378530049,3.363593877982062
2017-06-09 20:00:00,1.0,0.0,0.0,1.0,28.4,69.0,22.1,999.3,51.1,27.39427378530049,3.363593877982062
2017-06-09 21:00:00,0.98,0.0,0.0,0.98,28.0,70.0,22.1,1000.0,51.8,26.99725532464396,3.314846140620003
2017-06-09 22:00:00,1.0,0.0,0.01,1.0,27.8,71.0,22.1,1000.6,50.0,26.69801790885878,2.3357739056372413
2017-06-09 23:00:00,1.0,0.0,0.02,1.0,27.5,74.0,22.4,1000.7,49.0,25.21067225168958,3.095481322490738
2017-06-10 00:00:00,1.0,0.0,0.02,1.0,27.0,75.0,22.2,1000.1,47.2,25.60769071234611,3.144229059852797
2017-06-10 01:00:00,1.0,0.0,0.44,1.0,26.5,76.0,22.0,999.5,47.5,24.466423601487058,1.2822309279521356
2017-06-10 02:00:00,1.0,0.0,0.82,1.0,26.4,76.0,21.8,998.8,45.0,23.4240891787352,2.8761165043614736
2017-06-10 03:00:00,1.0,0.0,0.37,1.0,26.4,75.0,21.5,998.3,44.3,22.67713877418196,3.187064011985507
2017-06-10 04:00:00,0.98,0.0,0.0,0.98,26.5,75.0,21.6,998.5,46.4,22.605385503017455,5.218864460777674
2017-06-10 05:00:00,0.98,0.0,0.95,1.0,26.8,76.0,22.1,998.4,44.6,23.733866847594214,4.184921081773021
2017-06-10 06:00:00,1.0,0.0,0.74,1.0,27.1,74.0,22.1,998.5,43.9,23.768986697831476,5.052254086871563
2017-06-10 07:00:00,0.98,0.0,0.31,0.97,28.3,69.0,22.1,999.1,51.1,26.93529146977071,3.78550834611379
2017-06-10 08:00:00,0.94,0.0,0.22,0.94,29.6,62.0,21.5,999.9,54.4,28.445424209139965,4.505312593158654
2017-06-10 09:00:00,0.98,0.0,0.14,0.98,32.0,53.0,21.2,1000.2,63.0,32.0592406980147,3.936379791986253
2017-06-10 10:00:00,0.94,0.0,0.02,0.94,33.4,47.0,20.5,1000.1,69.1,35.26529231244779,3.085313293267102
2017-06-10 11:00:00,1.0,0.03,0.07,1.0,34.0,44.0,20.1,999.6,72.0,36.36110648034871,3.181184610289526
2017-06-10 12:00:00,0.98,0.0,0.16,0.98,33.2,47.0,20.3,999.1,72.0,34.91474175909385,2.4414765810443955
2017-06-10 13:00:00,0.99,0.02,0.3,0.99,33.1,49.0,21.0,998.4,70.6,35.64965047469653,5.01023163456237
2017-06-10 14:00:00,0.99,0.0,0.31,0.99,32.5,51.0,21.1,997.7,70.9,35.95185559766301,5.69421452746441
2017-06-10 15:00:00,0.95,0.01,0.3,0.94,31.4,54.0,21.0,996.9,70.9,33.86716795096171,4.759720052834251
2017-06-10 16:00:00,0.99,0.0,0.85,0.95,30.2,59.0,21.4,997.0,65.9,32.76794462458248,6.965041642394953
2017-06-10 17:00:00,1.0,0.0,0.85,0.98,28.9,63.0,21.2,997.7,64.1,27.39427378530049,3.363593877982062
2017-06-10 18:00:00,1.0,0.0,0.74,1.0,28.3,65.0,21.0,997.6,51.1,24.83957059266551,6.193200527351496
2017-06-10 19:00:00,1.0,0.0,0.69,1.0,27.6,70.0,21.5,998.3,47.2,22.413831276975518,5.588395788352326
2017-06-10 20:00:00,1.0,0.0,0.81,1.0,27.0,73.0,21.9,999.3,42.8,21.6840885715295,7.045587471748805
2017-06-10 21:00:00,1.0,0.0,0.3,1.0,26.6,75.0,21.8,999.8,42.1,21.229965582379382,6.490651844844764
2017-06-10 22:00:00,1.0,0.0,0.31,1.0,26.6,73.0,21.5,1000.1,50.0,25.559639285376708,9.302947898458184
2017-06-10 23:00:00,1.0,0.0,0.22,1.0,26.5,74.0,21.4,1000.4,48.6,23.04694461870915,7.046158083817964
2017-06-11 00:00:00,1.0,0.0,0.35,0.99,27.0,68.0,20.5,999.7,46.4,22.27071511262603,8.105877396818345
2017-06-11 01:00:00,1.0,0.0,0.38,1.0,27.4,62.0,19.4,999.2,43.6,21.33102249184012,7.7638572534926755
2017-06-11 02:00:00,1.0,0.0,0.2,1.0,27.4,64.0,19.9,998.6,42.1,21.565707852085357,8.278299634496447
2017-06-11 03:00:00,1.0,0.0,0.17,1.0,26.9,69.0,20.8,998.6,47.2,24.83957059266551,6.193200527351496
2017-06-11 04:00:00,1.0,0.0,0.99,1.0,26.6,70.0,20.8,998.6,48.6,25.130659310548307,6.265777096031395
2017-06-11 05:00:00,1.0,0.0,0.98,0.97,27.4,64.0,20.0,998.7,48.2,23.460889684399167,4.560334989499416
2017-06-11 06:00:00,1.0,0.0,0.97,1.0,27.0,68.0,20.6,999.4,45.4,23.41057540515602,2.048159954569969
2017-06-11 07:00:00,1.0,0.0,1.0,0.99,26.5,73.0,21.4,999.8,43.2,19.49919350964172,3.4382339178052206
2017-06-11 08:00:00,1.0,0.0,0.98,0.98,27.1,71.0,21.5,1000.2,37.1,19.36732249452935,4.116651478191644
2017-06-11 09:00:00,1.0,0.0,1.0,0.92,29.1,63.0,21.2,1000.6,44.3,22.282937064261972,4.331364195047563
2017-06-11 10:00:00,0.99,0.0,0.92,0.92,30.0,59.0,21.2,1001.0,46.8,22.605385503017455,5.218864460777674
2017-06-11 11:00:00,1.0,0.0,0.73,1.0,31.8,52.0,20.6,1000.6,49.3,23.40821367210476,3.7074968214534754
2017-06-11 12:00:00,1.0,0.0,0.99,0.98,32.5,50.0,20.6,1000.1,50.8,23.371264541154424,2.4564188867898538
2017-06-11 13:00:00,1.0,0.0,0.29,1.0,32.4,50.0,20.8,999.3,49.7,24.1,4.427098178917682e-15
2017-06-11 14:00:00,0.87,0.0,0.36,0.84,33.0,46.0,20.0,998.6,57.2,28.395674542441512,0.49564834281885134
2017-06-11 15:00:00,1.0,0.04,1.0,0.98,31.8,50.0,20.0,997.9,57.2,26.29954002962208,-2.300911608538168
2017-06-11 16:00:00,1.0,0.0,0.52,1.0,31.4,51.0,20.2,997.3,52.6,24.496268531331587,0.4275839577134457
2017-06-11 17:00:00,0.99,0.0,0.62,1.0,30.4,59.0,21.6,997.7,48.2,23.068342252830657,1.2089605892120137
2017-06-11 18:00:00,1.0,0.0,0.0,1.0,29.1,64.0,21.6,997.8,43.6,18.68860846525709,0.6526205883367642
2017-06-11 19:00:00,0.98,0.0,0.01,0.98,28.2,68.0,21.8,998.6,36.0,19.39704528603399,0.33857668488329984
2017-06-11 20:00:00,1.0,0.0,0.02,1.0,27.5,73.0,22.1,999.4,36.7,19.07382411381236,0.9996167642402364
2017-06-11 21:00:00,0.76,0.0,0.02,0.76,26.6,77.0,22.2,1000.0,38.5,21.538251490616688,2.6445647518916937
2017-06-11 22:00:00,0.6,0.0,0.0,0.6,26.9,74.0,21.9,999.8,45.4,24.465238626059527,2.571400196384273
2017-06-11 23:00:00,1.0,0.0,0.04,1.0,26.7,76.0,22.0,999.6,46.1,24.506389573056943,2.144031271592393
2017-06-12 00:00:00,1.0,0.0,0.03,1.0,26.5,75.0,21.8,999.0,45.4,23.769073299301734,2.498230272096915
2017-06-12 01:00:00,0.97,0.0,0.0,0.97,26.4,77.0,21.9,998.4,44.6,23.769073299301734,2.498230272096915
2017-06-12 02:00:00,0.94,0.0,0.0,0.94,26.3,76.0,21.8,998.2,43.9,21.531605824974,3.410271337877037
2017-06-12 03:00:00,0.96,0.0,0.0,0.96,26.5,75.0,21.7,997.9,40.0,20.851519386404032,4.8139525629587165
2017-06-12 04:00:00,0.97,0.0,0.01,0.97,26.4,76.0,21.8,997.8,41.0,21.665770566268577,3.820259908672467
2017-06-12 05:00:00,0.95,0.0,0.0,0.94,27.0,74.0,22.0,998.0,40.7,21.191736671069602,2.9783043605454087
2017-06-12 06:00:00,0.95,0.0,0.06,0.95,27.3,74.0,22.3,998.5,39.2,16.22755388165635,4.348159957722347
2017-06-12 07:00:00,1.0,0.0,0.01,1.0,28.8,67.0,22.1,999.3,37.8,19.49919350964172,3.4382339178052206
2017-06-12 08:00:00,0.97,0.01,0.0,0.97,30.6,59.0,21.8,999.8,46.8,23.769073299301734,2.498230272096915
2017-06-12 09:00:00,0.95,0.0,0.0,0.95,32.0,54.0,21.5,1000.2,50.4,24.805247982484463,2.17017799441669
2017-06-12 10:00:00,0.94,0.0,0.01,0.94,33.5,48.0,20.9,1000.2,53.6,26.29954002962208,2.3009116085381778
2017-06-12 11:00:00,0.86,0.0,0.07,0.85,34.2,45.0,20.8,999.7,56.2,27.395826847285118,-0.4781959363815577
2017-06-12 12:00:00,0.97,0.04,0.06,0.96,34.0,48.0,21.5,999.1,61.2,29.159982414833554,-1.5282099222939631
2017-06-12 13:00:00,0.97,0.02,0.23,0.97,34.6,44.0,20.5,998.3,64.4,32.42083163344429,-2.26708539668407
2017-06-12 14:00:00,0.99,0.0,0.29,0.99,33.4,48.0,21.0,997.7,67.0,34.179166284053075,-1.1935627872255439
2017-06-12 15:00:00,1.0,0.0,0.18,1.0,32.2,50.0,20.6,997.0,66.6,31.6951719364576,0.5532412840618869
2017-06-12 16:00:00,1.0,0.0,0.13,1.0,31.0,57.0,21.5,997.0,61.9,30.99527854984813,0.5410245995557884
2017-06-12 17:00:00,1.0,0.0,0.06,0.98,31.0,56.0,21.1,997.3,59.4,26.99474754481076,5.247247372854977
2017-06-12 18:00:00,0.99,0.0,0.09,0.99,28.9,65.0,21.6,997.4,51.8,23.755377839433468,4.617577688112379
2017-06-12 19:00:00,0.99,0.0,0.02,0.98,28.2,68.0,21.8,997.8,44.6,22.282937064261972,4.331364195047563
2017-06-12 20:00:00,1.0,0.0,0.08,1.0,28.1,70.0,22.1,998.8,41.4,23.073246001678587,3.242733252369534
2017-06-12 21:00:00,0.97,0.0,0.02,0.97,27.9,72.0,22.4,999.7,42.1,20.516008134056175,3.9879080033697822
2017-06-12 22:00:00,0.97,0.0,0.0,0.97,27.8,72.0,22.1,999.8,45.4,24.494670846759416,3.87957473299773
2017-06-12 23:00:00,0.99,0.0,0.01,0.99,27.5,72.0,22.0,999.9,46.1,23.438424521690553,4.132826628472942
2017-06-13 00:00:00,0.93,0.0,0.0,0.93,27.2,74.0,22.1,999.4,44.3,23.80328900834282,3.770070607469568
2017-06-13 01:00:00,0.96,0.0,0.0,0.96,27.0,75.0,22.2,998.5,44.3,22.321756497450114,3.5354189099092217
2017-06-13 02:00:00,0.96,0.03,0.0,0.96,27.0,75.0,22.1,998.2,41.4,21.665770566268577,3.820259908672467
2017-06-13 03:00:00,0.93,0.01,0.0,0.93,26.9,75.0,22.0,998.2,40.3,20.541099615409916,4.366145507172956
2017-06-13 04:00:00,0.94,0.0,0.0,0.94,27.0,73.0,21.8,997.9,37.8,18.41559422444094,4.251574927099053
2017-06-13 05:00:00,0.94,0.0,0.0,0.99,27.3,74.0,22.3,997.9,34.6,18.726707517126734,4.669092585073589
2017-06-13 06:00:00,0.95,0.0,0.01,0.95,28.0,71.0,22.2,998.3,36.0,17.689651203089856,5.747716095374025
2017-06-13 07:00:00,0.89,0.0,0.02,0.89,29.4,66.0,22.4,999.1,40.7,20.17803035082005,6.1690429696497535
2017-06-13 08:00:00,0.89,0.0,0.01,0.89,31.5,57.0,22.0,999.7,44.6,21.241267412318127,4.9039329846962625
2017-06-13 09:00:00,0.93,0.0,0.09,0.92,33.5,50.0,21.5,999.9,45.0,21.203147162469545,4.121474300133364
2017-06-13 10:00:00,0.91,0.0,0.16,0.88,34.6,46.0,21.5,999.6,52.2,23.012097525919323,2.013297657470906
2017-06-13 11:00:00,0.91,0.0,0.11,0.9,35.1,45.0,21.4,999.1,56.5,27.033985762041237,1.8904004384658033
2017-06-13 12:00:00,0.94,0.0,0.28,0.92,35.7,42.0,20.9,998.1,56.2,26.983552329515586,0.9422864109675205
2017-06-13 13:00:00,0.59,0.1,0.32,0.46,35.3,43.0,21.0,997.2,59.0,29.926921507794727,2.0926942123237673
2017-06-13 14:00:00,0.34,0.0,0.22,0.18,35.4,43.0,20.9,996.3,62.3,29.859023089161756,1.5648450916640346
2017-06-13 15:00:00,0.3,0.01,0.18,0.18,34.0,47.0,21.0,996.0,62.6,32.056008065621825,1.6799841953985124
2017-06-13 16:00:00,0.54,0.0,0.17,0.44,33.0,51.0,21.5,996.0,63.0,31.6951719364576,0.5532412840618869
2017-06-13 17:00:00,0.4,0.0,0.15,0.64,31.5,58.0,22.1,996.5,61.6,27.732280597223113,1.939229970086691
2017-06-13 18:00:00,0.49,0.0,0.16,0.45,29.9,64.0,22.3,996.7,53.3,24.889746182997467,3.942148519013822
2017-06-13 19:00:00,0.15,0.0,0.14,0.04,28.7,70.0,22.7,997.5,46.8,24.127789948799098,4.254380352839793
2017-06-13 20:00:00,0.24,0.0,0.03,0.22,28.1,73.0,22.8,998.4,45.0,23.438424521690553,4.132826628472942
2017-06-13 21:00:00,0.25,0.0,0.09,0.21,27.8,74.0,22.8,999.2,43.6,22.970076092675335,4.464930491811144
2017-06-13 22:00:00,0.1,0.0,0.03,0.07,27.8,74.0,22.8,999.5,46.4,25.548916173532515,3.5906660047696985
2017-06-13 23:00:00,0.09,0.0,0.07,0.02,27.6,75.0,22.9,999.8,48.2,24.459621297916783,3.4375755937136256
2017-06-14 00:00:00,0.11,0.0,0.09,0.03,27.6,74.0,22.7,999.6,46.1,23.733866847594214,4.184921081773021
2017-06-14 01:00:00,0.43,0.0,0.1,0.41,27.5,75.0,22.6,998.9,44.6,24.16254087729431,3.395823663425606
2017-06-14 02:00:00,0.49,0.0,0.09,0.43,27.5,75.0,22.5,998.7,44.6,22.650578319280786,3.9939080863393976
2017-06-14 03:00:00,0.67,0.0,0.07,0.64,27.4,75.0,22.5,998.5,42.1,21.98844890922767,4.274121496434599
2017-06-14 04:00:00,0.31,0.0,0.01,0.31,27.2,76.0,22.5,998.4,41.4,21.595798035848606,4.197797898283982
2017-06-14 05:00:00,0.37,0.0,0.04,0.67,27.5,75.0,22.5,998.7,40.7,16.132999069462098,6.518154725436873
2017-06-14 06:00:00,0.85,0.0,0.07,0.84,27.9,72.0,22.5,999.2,31.0,14.708081868045877,6.548459953520382
2017-06-14 07:00:00,0.71,0.0,0.05,0.71,29.6,64.0,22.2,999.6,38.5,18.43761222418668,6.348579011914555
2017-06-14 08:00:00,0.4,0.0,0.18,0.26,31.4,57.0,21.9,1000.1,45.0,22.008321016510624,4.678013043399595
2017-06-14 09:00:00,0.35,0.0,0.23,0.15,33.1,52.0,21.8,1000.7,50.0,23.4240891787352,2.8761165043614736
2017-06-14 10:00:00,0.24,0.0,0.21,0.03,34.7,46.0,21.4,1000.6,48.6,20.498549022950503,2.8808831898733627
2017-06-14 11:00:00,0.87,0.05,0.16,0.87,34.0,46.0,20.8,1000.3,46.4,20.541099615409916,4.366145507172956
2017-06-14 12:00:00,0.87,0.11,0.22,0.83,36.2,40.0,20.3,999.3,44.6,19.824274492025737,1.734399280678399
2017-06-14 13:00:00,0.95,0.19,0.33,0.9,34.8,45.0,21.0,999.2,49.7,23.766433649797687,3.3401544230415796
2017-06-14 14:00:00,0.98,0.0,0.18,0.98,34.9,44.0,21.0,998.1,50.8,23.013138335866707,3.644923035437383
2017-06-14 15:00:00,0.91,0.09,0.23,0.89,34.3,45.0,20.8,997.3,51.5,23.4240891787352,2.8761165043614736
2017-06-14 16:00:00,0.93,0.02,0.15,0.9,33.5,48.0,21.1,997.0,48.2,23.012097525919323,2.013297657470906
2017-06-14 17:00:00,0.95,0.13,0.22,0.92,32.8,51.0,21.4,997.2,48.6,21.928683413837522,5.467434840552492
2017-06-14 18:00:00,0.96,0.02,0.17,0.95,30.6,60.0,21.9,998.0,44.3,20.863997847843876,5.590491374214446
2017-06-14 19:00:00,0.92,0.0,0.04,0.92,29.5,65.0,22.1,999.1,40.3,20.13954566026545,6.934601689937437
2017-06-14 20:00:00,0.94,0.0,0.07,0.94,28.7,69.0,22.4,999.5,40.3,20.473239824423526,5.10455199715299
2017-06-14 21:00:00,0.88,0.0,0.07,0.88,28.2,70.0,22.4,1000.4,39.2,20.908659007435244,4.0642316015204
2017-06-14 22:00:00,0.89,0.0,0.11,0.87,27.9,72.0,22.4,1000.6,40.7,21.98844890922767,4.274121496434599
2017-06-14 23:00:00,0.9,0.0,0.09,0.9,27.8,73.0,22.5,1000.8,44.3,23.80328900834282,3.770070607469568
2017-06-15 00:00:00,0.92,0.01,0.06,0.9,27.4,76.0,22.7,1000.1,44.3,23.044501420485666,4.06336735740617
2017-06-15 01:00:00,0.85,0.02,0.11,0.85,27.2,76.0,22.6,999.7,43.2,21.665770566268577,3.820259908672467
2017-06-15 02:00:00,0.92,0.01,0.07,0.91,27.1,75.0,22.4,999.1,41.4,21.203147162469545,4.121474300133364
2017-06-15 03:00:00,0.98,0.0,0.11,0.97,27.1,75.0,22.2,998.9,39.6,19.85253564596227,3.144332747308644
2017-06-15 04:00:00,0.96,0.01,0.03,0.96,27.2,74.0,22.1,998.9,36.7,19.073878214309207,4.054277970946316
2017-06-15 05:00:00,0.98,0.01,0.03,0.94,27.1,75.0,22.3,999.4,35.3,17.31321253298836,3.6800369274743483
2017-06-15 06:00:00,0.89,0.0,0.1,0.87,27.6,72.0,22.2,1000.0,31.7,15.476313304606938,4.437761428653682
2017-06-15 07:00:00,0.99,0.0,0.33,0.97,29.3,65.0,22.0,1000.8,35.3,16.92478250322777,5.827669964783103
2017-06-15 08:00:00,0.85,0.01,0.27,0.8,30.9,58.0,21.6,1001.4,36.7,16.617731591650188,6.378949501906353
2017-06-15 09:00:00,0.85,0.0,0.21,0.82,32.7,51.0,21.1,1001.5,37.1,16.564291101348996,3.8241679238457094
2017-06-15 10:00:00,0.7,0.0,0.06,0.68,34.4,45.0,20.7,1001.0,41.4,19.07382411381236,0.9996167642402364
2017-06-15 11:00:00,0.72,0.0,0.08,0.71,36.0,40.0,20.2,1000.0,43.2,19.453904572169915,2.3886391307408847
2017-06-15 12:00:00,0.38,0.01,0.26,0.21,35.3,41.0,20.2,999.5,47.2,21.665770566268577,3.820259908672467
2017-06-15 13:00:00,0.3,0.01,0.13,0.25,37.2,36.0,19.5,998.3,46.8,21.93526995127322,2.6933124892537528
2017-06-15 14:00:00,0.7,0.02,0.34,0.59,35.2,42.0,20.2,997.8,54.7,22.664422716323937,6.929209401928869
2017-06-15 15:00:00,0.88,0.0,0.04,0.88,33.8,47.0,20.8,997.3,49.0,23.38574535224684,0.8166482228385178
2017-06-15 16:00:00,0.83,0.02,0.03,0.83,34.0,46.0,20.6,997.2,49.3,23.769073299301734,2.498230272096915
2017-06-15 17:00:00,0.86,0.01,0.08,0.89,33.1,50.0,21.2,997.0,47.9,21.538251490616688,2.6445647518916937
2017-06-15 18:00:00,0.9,0.08,0.09,0.9,31.0,59.0,22.0,997.3,42.8,21.191736671069602,2.9783043605454087
2017-06-15 19:00:00,0.92,0.04,0.04,0.92,30.1,63.0,22.4,997.8,38.9,20.545705338975367,2.5226954084865465
2017-06-15 20:00:00,0.91,0.0,0.02,0.9,29.4,67.0,22.6,998.6,41.8,23.78550168305448,0.8306080215195182
2017-06-15 21:00:00,0.96,0.02,0.02,0.96,29.0,69.0,22.7,999.3,43.6,23.367931113257026,1.2246613760848968
2017-06-15 22:00:00,0.92,0.0,0.0,0.92,28.9,69.0,22.6,999.8,42.8,22.27729045624932,2.341437577195435
2017-06-15 23:00:00,0.99,0.0,0.05,0.98,28.5,71.0,22.7,1000.0,41.0,21.191736671069602,2.9783043605454087
2017-06-16 00:00:00,0.98,0.0,0.04,0.98,27.9,75.0,23.0,999.7,39.6,20.484001262653926,3.611882095472151
2017-06-16 01:00:00,0.99,0.06,0.1,0.99,27.7,75.0,22.9,999.1,37.4,19.01314691983815,2.672123538433264
2017-06-16 02:00:00,0.97,0.01,0.06,0.97,27.6,74.0,22.6,998.3,34.9,16.593164121998313,2.6280990126758814
2017-06-16 03:00:00,0.97,0.0,0.08,0.97,27.2,75.0,22.5,998.2,32.8,18.02198188012341,3.177761651304825
2017-06-16 04:00:00,0.95,0.0,0.06,0.94,27.2,75.0,22.4,998.6,34.2,18.352590699492296,4.917561856947892
2017-06-16 05:00:00,0.96,0.01,0.0,0.97,27.4,76.0,22.9,998.7,35.6,15.50670694734366,2.4560211011316273
2017-06-16 06:00:00,0.94,0.0,0.0,0.94,28.1,72.0,22.6,999.4,30.2,15.815820338298742,3.9433268982745853
2017-06-16 07:00:00,0.86,0.0,0.0,0.86,29.6,66.0,22.6,1000.2,38.5,19.01779623500953,4.741669153753489
2017-06-16 08:00:00,0.8,0.0,0.01,0.8,31.6,57.0,22.1,1000.5,38.9,17.975927798831506,2.847107263732205
2017-06-16 09:00:00,0.93,0.01,0.03,0.92,33.5,50.0,21.5,1000.7,39.6,18.37478343948416,0.9629815948701752
2017-06-16 10:00:00,0.94,0.02,0.08,0.92,33.6,49.0,21.5,1000.9,43.2,19.452498980066576,-1.3602512380104417
2017-06-16 11:00:00,0.97,0.0,0.09,0.97,36.0,42.0,21.0,999.7,46.8,17.596007509719847,5.379639366898362
2017-06-16 12:00:00,0.83,0.0,0.08,0.83,35.9,41.0,20.7,998.5,41.4,12.597678239809436,5.874393838195719
2017-06-16 13:00:00,0.82,0.0,0.03,0.81,36.1,41.0,20.9,998.0,41.4,15.464481538000998,6.564282958619801
2017-06-16 14:00:00,0.9,0.11,0.27,0.85,35.7,42.0,20.9,997.6,42.1,16.197532661533536,0.2827289842839927
2017-06-16 15:00:00,0.98,0.27,0.38,0.97,33.3,50.0,21.5,997.7,48.6,18.389174893795545,3.908739787373884
2017-06-16 16:00:00,0.97,0.11,0.17,0.97,32.7,51.0,21.2,997.5,43.2,21.248114270534256,1.4858128907498749
2017-06-16 17:00:00,0.98,0.08,0.17,0.95,32.0,53.0,21.1,997.2,43.6,20.5,3.7657889073781105e-15
2017-06-16 18:00:00,0.9,0.1,0.21,0.88,30.0,62.0,21.8,998.3,40.7,17.689217638237995,0.6177210916342635
2017-06-16 19:00:00,0.83,0.02,0.09,0.83,29.5,64.0,21.9,999.4,34.9,19.452498980066572,1.3602512380104488
2017-06-16 20:00:00,0.79,0.01,0.1,0.78,28.5,68.0,22.0,999.8,37.8,20.871357276370592,1.0938214854775359
2017-06-16 21:00:00,0.97,0.02,0.06,0.97,28.2,70.0,22.2,1000.3,37.8,19.08836479606473,0.6665803870177646
2017-06-16 22:00:00,0.8,0.0,0.09,0.77,28.0,71.0,22.3,1000.8,33.5,16.530694452401313,3.51370757482014
2017-06-16 23:00:00,0.9,0.0,0.01,0.9,27.9,71.0,22.2,1000.7,33.1,17.997915853502022,3.82557511104678
2017-06-17 00:00:00,0.95,0.0,0.02,0.94,27.7,72.0,22.1,1000.1,36.0,19.36732249452935,4.116651478191644
2017-06-17 01:00:00,0.87,0.0,0.01,0.87,27.4,74.0,22.3,999.5,37.8,20.843469184467764,2.5592562115080906
2017-06-17 02:00:00,0.88,0.0,0.04,0.88,27.0,76.0,22.5,999.0,41.4,22.644703940898008,1.5834719539916506
2017-06-17 03:00:00,0.83,0.0,0.02,0.83,27.0,78.0,22.8,998.8,41.4,21.596710215378053,0.3769719790453236
2017-06-17 04:00:00,0.56,0.01,0.01,0.55,26.9,77.0,22.6,998.9,41.4,22.686171773333474,0.7922185751467673
2017-06-17 05:00:00,0.63,0.0,0.02,0.73,27.1,78.0,22.9,999.1,41.0,19.42579661278904,1.699536983579336
2017-06-17 06:00:00,0.39,0.0,0.07,0.37,27.6,74.0,22.5,999.9,35.6,17.6066568132085,3.7424104347196763
2017-06-17 07:00:00,0.51,0.01,0.16,0.39,29.5,64.0,22.0,1000.3,38.5,19.85253564596227,3.144332747308644
2017-06-17 08:00:00,0.53,0.01,0.16,0.45,31.3,57.0,21.6,1000.8,44.3,21.581125129491532,2.2682676529080776
2017-06-17 09:00:00,0.29,0.01,0.0,0.28,33.5,48.0,21.0,1000.8,44.3,18.77423525338599,0.983915977367353
2017-06-17 10:00:00,0.27,0.05,0.11,0.19,35.1,43.0,20.6,1000.3,40.7,17.989034886343724,0.6281909406450137
2017-06-17 11:00:00,0.17,0.04,0.05,0.13,36.0,40.0,20.4,999.5,40.7,17.234168276987198,1.5077943495344879
2017-06-17 12:00:00,0.53,0.07,0.27,0.36,34.0,44.0,19.9,999.6,51.1,25.19616191794106,0.4398006422195441
2017-06-17 13:00:00,0.47,0.0,0.29,0.35,33.7,46.0,20.3,998.6,54.4,23.027070718078672,2.827368766999414
2017-06-17 14:00:00,0.76,0.0,0.1,0.74,34.9,44.0,21.0,997.0,47.2,20.871357276370592,1.0938214854775359
2017-06-17 15:00:00,0.83,0.0,0.12,0.83,34.8,42.0,20.1,996.6,46.8,22.7132391164918,1.987150934646608
2017-06-17 16:00:00,0.57,0.0,0.07,0.56,33.9,46.0,20.8,996.3,47.5,23.40821367210476,3.7074968214534754
2017-06-17 17:00:00,0.8,0.0,0.14,0.29,33.3,47.0,20.4,996.5,49.3,22.644703940898008,1.5834719539916506
2017-06-17 18:00:00,0.34,0.0,0.11,0.27,31.6,54.0,21.3,996.7,43.2,21.23529932279546,3.363340998364967
2017-06-17 19:00:00,0.18,0.0,0.07,0.13,30.1,60.0,21.6,997.1,42.5,23.44275518110587,1.639277132986951
2017-06-17 20:00:00,0.13,0.0,0.09,0.05,29.3,66.0,22.4,998.1,45.4,24.863047384206833,2.613211581691334
2017-06-17 21:00:00,0.06,0.0,0.04,0.04,28.8,70.0,22.8,998.7,46.4,23.371264541154424,2.4564188867898538
2017-06-17 22:00:00,0.07,0.0,0.05,0.02,28.4,72.0,22.9,999.3,42.8,20.920088659926655,1.8302705977008231
2017-06-17 23:00:00,0.21,0.0,0.06,0.16,28.0,72.0,22.5,999.0,38.2,20.487151044586433,2.1532863433136593
2017-06-18 00:00:00,0.24,0.0,0.0,0.24,27.6,73.0,22.4,998.6,37.8,20.498549022950503,2.8808831898733627
2017-06-18 01:00:00,0.48,0.0,0.02,0.46,27.4,73.0,22.2,998.1,37.8,20.148686878318838,2.4739476711244874
2017-06-18 02:00:00,0.75,0.0,0.01,0.75,27.1,74.0,22.1,997.7,36.7,18.728460324124818,1.638527963655975
2017-06-18 03:00:00,0.86,0.0,0.02,0.86,26.9,75.0,22.2,997.4,33.8,17.289461307430358,0.6037612929532632
2017-06-18 04:00:00,0.69,0.0,0.03,0.68,26.9,75.0,22.0,997.6,31.0,16.58988772851699,0.5793316452615127
2017-06-18 05:00:00,0.12,0.0,0.02,0.23,26.8,76.0,22.1,998.1,29.9,15.878209602597725,0.8321417042628145
2017-06-18 06:00:00,0.2,0.0,0.0,0.2,27.6,72.0,22.0,998.5,28.8,15.162973563949327,1.0602984009107088
2017-06-18 07:00:00,0.24,0.0,0.0,0.24,29.5,63.0,21.8,999.2,33.5,16.536831988322977,1.446785329611127
2017-06-18 08:00:00,0.2,0.0,0.0,0.2,31.9,54.0,21.4,999.8,34.2,15.462242779027275,1.0812253430339465
2017-06-18 09:00:00,0.26,0.0,0.0,0.26,34.0,46.0,20.8,1000.0,33.8,13.681224626137661,0.717002600528337
2017-06-18 10:00:00,0.42,0.03,0.19,0.29,35.6,41.0,20.1,999.7,34.2,14.080676440039491,0.7379369830255147
2017-06-18 11:00:00,0.43,0.06,0.36,0.12,36.0,40.0,20.4,999.1,38.2,17.304680979407955,1.8187952608571683
2017-06-18 12:00:00,0.3,0.07,0.23,0.13,35.3,40.0,19.5,998.5,46.4,16.958588854417012,1.185860053650135
2017-06-18 13:00:00,0.32,0.04,0.24,0.11,34.8,42.0,20.0,997.7,46.8,22.7,4.169922351096738e-15
2017-06-18 14:00:00,0.42,0.09,0.13,0.36,36.5,38.0,19.8,996.6,49.0,17.63609817261276,4.071614083623961
2017-06-18 15:00:00,0.81,0.02,0.19,0.76,35.2,42.0,20.3,996.3,51.1,22.269438625026996,-1.16709182421765
2017-06-18 16:00:00,0.98,0.0,0.17,0.97,33.2,49.0,21.0,996.1,49.0,25.60220374095786,2.2399025886148167
2017-06-18 17:00:00,0.9,0.0,0.12,0.87,32.7,48.0,20.4,996.4,52.9,25.88422241979458,0.9038969645947696
2017-06-18 18:00:00,0.92,0.0,0.09,0.91,30.9,57.0,21.5,996.6,49.3,25.21067225168958,3.095481322490738
2017-06-18 19:00:00,0.83,0.0,0.18,0.78,30.0,61.0,21.8,997.4,46.8,23.755377839433468,4.617577688112379
2017-06-18 20:00:00,0.57,0.0,0.08,0.53,28.9,67.0,22.2,998.1,49.3,24.44251686784683,4.75114398487596
2017-06-18 21:00:00,0.45,0.0,0.11,0.38,28.4,70.0,22.4,998.5,45.7,23.80328900834282,3.770070607469568
2017-06-18 22:00:00,0.98,0.01,0.07,0.98,28.4,70.0,22.4,998.9,47.5,24.889746182997467,3.942148519013822
2017-06-18 23:00:00,0.99,0.0,0.06,0.99,28.0,73.0,22.5,998.9,50.8,27.791292245957017,3.4123416153441206
2017-06-19 00:00:00,0.93,0.0,0.02,0.93,27.8,73.0,22.5,998.1,51.8,25.905454557838507,3.180789862874341
2017-06-19 01:00:00,0.96,0.0,0.0,0.96,27.5,73.0,22.3,997.7,47.9,23.766433649797687,3.3401544230415796
2017-06-19 02:00:00,0.95,0.0,0.03,0.95,27.2,75.0,22.4,997.1,44.3,23.40821367210476,3.7074968214534754
2017-06-19 03:00:00,0.94,0.0,0.01,0.94,27.2,74.0,22.2,996.6,43.6,23.40821367210476,3.7074968214534754
2017-06-19 04:00:00,0.9,0.0,0.01,0.9,27.1,74.0,22.1,996.7,43.2,23.40821367210476,3.7074968214534754
2017-06-19 05:00:00,0.95,0.0,0.02,0.87,27.2,73.0,22.0,997.5,43.2,22.332288411929746,2.7420602266158114
2017-06-19 06:00:00,0.86,0.0,0.01,0.86,27.6,72.0,22.0,998.0,40.3,20.149840575116396,4.282980830845852
2017-06-19 07:00:00,0.88,0.0,0.06,0.88,29.0,66.0,22.0,998.5,43.6,22.282937064261972,4.331364195047563
2017-06-19 08:00:00,0.42,0.0,0.0,0.42,31.3,56.0,21.5,999.1,49.3,24.912908406197186,3.058920519469194
2017-06-19 09:00:00,0.9,0.0,0.0,0.9,33.2,49.0,21.1,999.4,50.8,24.466423601487058,1.2822309279521356
2017-06-19 10:00:00,0.88,0.0,0.06,0.87,34.8,44.0,20.9,999.1,50.4,21.98395112606286,3.089642841313461
2017-06-19 11:00:00,0.6,0.0,0.04,0.59,36.2,40.0,20.4,998.7,47.5,18.389174893795545,3.908739787373884
2017-06-19 12:00:00,0.78,0.01,0.5,0.54,36.8,32.0,17.4,998.1,47.2,21.63673850887513,5.797546610296462
2017-06-19 13:00:00,0.49,0.0,0.16,0.44,36.7,36.0,19.2,997.4,47.5,20.84346918446776,-2.5592562115081012
2017-06-19 14:00:00,0.76,0.05,0.26,0.69,35.0,41.0,19.8,996.9,49.0,19.8014794389259,5.305790424601673
2017-06-19 15:00:00,0.43,0.06,0.26,0.22,33.3,45.0,20.0,996.7,45.4,19.79550844843483,6.052094287760657
2017-06-19 16:00:00,0.29,0.01,0.08,0.27,33.9,44.0,19.9,996.5,44.6,19.790854349227466,8.400719262519388
2017-06-19 17:00:00,0.48,0.0,0.14,0.55,32.4,51.0,20.9,996.0,44.6,28.092690486187223,2.4577919454839625
2017-06-19 18:00:00,0.2,0.0,0.1,0.14,30.4,58.0,21.3,996.6,54.4,25.97620335765212,4.114226430558077
2017-06-19 19:00:00,0.47,0.0,0.12,0.46,29.5,63.0,21.6,997.7,48.2,25.90044390422107,4.566947072640268
2017-06-19 20:00:00,0.54,0.0,0.14,0.51,29.2,65.0,21.9,998.8,50.4,26.602096671431696,5.1709237747043595
2017-06-19 21:00:00,0.11,0.0,0.04,0.07,28.6,68.0,22.0,999.4,50.4,26.294367005425954,4.63640634370704
2017-06-19 22:00:00,0.08,0.0,0.08,0.0,28.3,69.0,22.1,999.2,48.6,24.148028712812536,4.693901286262998
2017-06-19 23:00:00,0.02,0.0,0.02,0.0,28.1,70.0,22.0,999.5,44.6,23.460889684399167,4.560334989499416
2017-06-20 00:00:00,0.42,0.0,0.02,0.41,27.8,71.0,22.0,999.1,44.3,23.092570535410072,5.331339987949606
2017-06-20 01:00:00,0.55,0.0,0.04,0.52,27.5,72.0,22.0,998.4,43.9,23.0682388110201,4.4840113913487984
2017-06-20 02:00:00,0.81,0.0,0.01,0.81,27.5,72.0,22.0,998.2,43.2,21.93526995127322,2.6933124892537528
2017-06-20 03:00:00,0.94,0.0,0.02,0.94,27.1,74.0,22.2,998.1,40.7,21.17336668976247,3.733435819839002
2017-06-20 04:00:00,0.91,0.0,0.02,0.9,27.0,75.0,22.1,997.7,40.3,21.617424948590877,1.891279617624184
2017-06-20 05:00:00,0.94,0.0,0.01,0.98,27.4,73.0,22.0,998.3,40.0,20.87792436385881,3.681341366538923
2017-06-20 06:00:00,0.56,0.0,0.01,0.56,27.7,72.0,22.2,998.9,37.8,17.96622036897667,4.814034238906884
2017-06-20 07:00:00,0.52,0.0,0.01,0.52,29.4,65.0,22.1,999.8,40.7,20.83454389563006,4.428519014418284
2017-06-20 08:00:00,0.94,0.0,0.01,0.94,31.5,54.0,21.2,1000.3,46.1,22.35513599337712,3.9418136330393185
2017-06-20 09:00:00,0.52,0.0,0.01,0.52,33.2,48.0,20.9,1000.6,47.5,23.04372956100194,1.611374543489301
2017-06-20 10:00:00,0.77,0.01,0.03,0.75,34.9,42.0,19.9,1000.0,49.3,23.07290797254394,2.425060347809558
2017-06-20 11:00:00,0.65,0.01,0.05,0.62,36.0,38.0,19.5,999.1,50.0,23.027070718078672,2.827368766999414
2017-06-20 12:00:00,0.88,0.01,0.08,0.88,35.6,38.0,19.0,998.9,50.0,24.506389573056943,2.144031271592393
2017-06-20 13:00:00,0.99,0.0,0.12,0.98,36.0,37.0,19.2,997.9,51.8,21.986598194420107,-0.7677889274550282
2017-06-20 14:00:00,0.97,0.0,0.28,0.97,34.3,43.0,19.8,997.5,53.3,26.65318679586973,-2.8013628155731003
2017-06-20 15:00:00,0.93,0.0,0.18,0.92,33.2,46.0,19.9,997.0,54.4,28.082882239236593,0.9806758573402714
2017-06-20 16:00:00,0.91,0.0,0.15,0.9,31.5,52.0,20.4,997.1,60.1,30.929630945953303,3.2508352076240197
2017-06-20 17:00:00,0.91,0.0,0.13,0.94,31.5,54.0,21.1,996.9,59.8,30.583177231416588,2.6756813023531083
2017-06-20 18:00:00,0.99,0.0,0.16,0.99,29.3,63.0,21.5,997.2,57.2,25.94502340102914,3.6463352451537245
2017-06-20 19:00:00,0.85,0.0,0.03,0.85,28.6,67.0,21.8,998.1,48.2,23.774629580759736,5.488805725990312
2017-06-20 20:00:00,0.67,0.0,0.03,0.65,28.5,68.0,22.0,999.0,44.6,23.80328900834282,3.770070607469568
2017-06-20 21:00:00,0.07,0.0,0.02,0.05,28.0,70.0,22.1,999.7,45.0,23.438424521690553,4.132826628472942
2017-06-20 22:00:00,0.78,0.0,0.03,0.77,27.9,71.0,22.1,999.8,43.9,23.044501420485666,4.06336735740617
2017-06-20 23:00:00,0.75,0.0,0.0,0.75,27.7,72.0,22.1,999.9,45.0,24.16254087729431,3.395823663425606
2017-06-21 00:00:00,0.5,0.0,0.0,0.5,27.1,76.0,22.5,999.4,44.6,24.127789948799098,4.254380352839793
2017-06-21 01:00:00,0.63,0.0,0.0,0.63,26.8,77.0,22.5,998.9,47.2,25.211078477112526,4.4453933482734165
2017-06-21 02:00:00,0.85,0.0,0.03,0.85,26.7,77.0,22.2,998.6,46.8,23.80328900834282,3.770070607469568
2017-06-21 03:00:00,0.92,0.0,0.0,0.92,26.7,76.0,22.0,998.2,44.3,23.37032642230106,3.2844851826575536
2017-06-21 04:00:00,0.91,0.01,0.01,0.9,26.5,77.0,22.1,998.3,43.2,23.4240891787352,2.8761165043614736
2017-06-21 05:00:00,0.84,0.0,0.02,0.98,26.9,75.0,22.2,998.5,43.2,19.50828095420893,2.7417100889132966
2017-06-21 06:00:00,0.97,0.0,0.04,0.97,27.5,72.0,22.0,999.4,34.6,14.778665142222746,3.959931390068566
2017-06-21 07:00:00,0.74,0.0,0.01,0.74,29.2,64.0,21.8,1000.1,33.5,15.497863158326718,7.226772275765956
2017-06-21 08:00:00,0.62,0.0,0.07,0.6,31.0,57.0,21.5,1000.8,40.7,19.415109108410274,5.202262806560665
2017-06-21 09:00:00,0.82,0.0,0.07,0.81,32.8,49.0,20.9,1001.1,46.4,22.332288411929746,2.7420602266158114
2017-06-21 10:00:00,0.37,0.01,0.03,0.35,34.2,44.0,20.2,1000.8,54.0,23.4240891787352,2.8761165043614736
2017-06-21 11:00:00,0.92,0.02,0.07,0.91,33.9,45.0,20.2,1000.5,54.0,24.466423601487058,-1.2822309279521267
2017-06-21 12:00:00,0.96,0.06,0.19,0.93,34.2,44.0,20.3,999.7,57.2,22.974154532925823,6.587732804026273
2017-06-21 13:00:00,0.67,0.08,0.46,0.45,33.5,45.0,20.1,999.2,54.4,23.809053284392718,2.083022251669032
2017-06-21 14:00:00,0.96,0.08,0.28,0.92,33.8,43.0,19.5,998.3,52.6,24.8351677412259,4.8274675830265785
2017-06-21 15:00:00,0.96,0.0,0.34,0.93,32.6,49.0,20.5,998.2,58.7,26.99474754481076,5.247247372854977
2017-06-21 16:00:00,0.95,0.0,0.25,0.94,32.0,49.0,20.0,997.9,60.1,29.895446085176097,0.5218269524747765
2017-06-21 17:00:00,0.93,0.0,0.17,1.0,31.5,51.0,20.3,997.9,57.2,28.486074552105944,3.4976501557277238
2017-06-21 18:00:00,0.95,0.0,0.06,0.95,29.7,57.0,20.4,998.2,53.3,24.889746182997467,3.942148519013822
2017-06-21 19:00:00,0.95,0.0,0.06,0.95,28.8,65.0,21.5,999.2,46.8,23.80328900834282,3.770070607469568
2017-06-21 20:00:00,0.88,0.0,0.1,0.86,28.4,67.0,21.8,1000.2,45.7,24.099595510521358,3.817000946981637
2017-06-21 21:00:00,0.86,0.0,0.05,0.86,28.0,70.0,22.0,1000.6,45.4,23.377727657537953,4.969089410544458
2017-06-21 22:00:00,0.99,0.0,0.05,0.99,27.9,71.0,22.1,1001.0,45.7,24.127789948799098,4.254380352839793
2017-06-21 23:00:00,0.87,0.0,0.1,0.86,27.8,71.0,22.0,1000.8,45.4,23.084283377317814,4.906715903299132
2017-06-22 00:00:00,0.93,0.0,0.06,0.93,27.5,71.0,21.9,1000.2,43.6,22.301765296730768,4.740386550644923
2017-06-22 01:00:00,0.98,0.0,0.05,0.98,27.4,72.0,21.9,999.4,42.5,22.35513599337712,3.9418136330393185
2017-06-22 02:00:00,0.98,0.0,0.02,0.98,27.2,73.0,22.0,998.9,41.4,22.025449995271572,3.488488570397152
2017-06-22 03:00:00,0.96,0.0,0.01,0.96,27.0,73.0,21.9,998.8,41.0,20.182151106540726,5.03197542847309
2017-06-22 04:00:00,0.99,0.0,0.02,0.99,27.1,73.0,21.9,998.8,40.0,20.83454389563006,4.428519014418284
2017-06-22 05:00:00,0.99,0.0,0.01,0.99,27.4,72.0,21.9,999.4,39.2,18.743573216875493,5.730485412565647
2017-06-22 06:00:00,0.96,0.01,0.13,0.96,27.6,71.0,22.0,1000.2,35.3,16.96746453857221,6.855300659511196
2017-06-22 07:00:00,0.94,0.0,0.11,0.94,29.0,67.0,22.1,1000.7,41.8,20.96059043047278,5.616373278724698
2017-06-22 08:00:00,0.98,0.0,0.04,0.98,30.9,58.0,21.8,1001.2,46.8,22.970076092675335,4.464930491811144
2017-06-22 09:00:00,0.8,0.0,0.05,0.78,32.5,51.0,21.2,1001.6,49.0,23.733866847594214,4.184921081773021
2017-06-22 10:00:00,0.34,0.02,0.06,0.27,34.2,45.0,20.6,1001.5,52.2,25.25183575291004,3.5489140744816785
2017-06-22 11:00:00,0.27,0.02,0.04,0.25,35.3,41.0,20.0,1000.7,53.6,26.302473018495036,3.2295376002364002
2017-06-22 12:00:00,0.61,0.04,0.08,0.61,35.0,42.0,20.0,999.8,58.0,28.79561362050407,-0.5026293053937542
2017-06-22 13:00:00,0.92,0.0,0.17,0.89,35.3,40.0,19.7,998.5,59.8,25.584405171688854,-0.8934271155840329
2017-06-22 14:00:00,0.9,0.0,0.03,0.89,34.1,43.0,19.6,998.0,59.8,29.895446085176097,0.5218269524747765
2017-06-22 15:00:00,0.79,0.02,0.06,0.76,33.3,46.0,20.0,997.4,60.8,30.18469935217989,2.6408190052540452
2017-06-22 16:00:00,0.71,0.0,0.03,0.7,32.3,50.0,20.5,997.5,59.8,30.55806376348996,1.601480261034096
2017-06-22 17:00:00,0.96,0.0,0.11,0.34,32.6,48.0,20.0,997.5,59.4,29.48736306351567,2.579809985330684
2017-06-22 18:00:00,0.2,0.0,0.13,0.07,30.1,58.0,21.0,997.7,56.2,28.050348872901907,4.442738807142561
2017-06-22 19:00:00,0.06,0.0,0.06,0.0,29.0,64.0,21.5,998.5,52.2,28.841134965679927,3.0313254347619476
2017-06-22 20:00:00,0.05,0.0,0.05,0.0,28.5,67.0,21.9,999.5,52.6,27.050995554017035,2.8431742008801715
2017-06-22 21:00:00,0.21,0.0,0.07,0.16,28.5,67.0,21.8,1000.5,50.4,24.8351677412259,4.8274675830265785
2017-06-22 22:00:00,0.16,0.0,0.05,0.12,28.1,70.0,22.0,1001.2,46.4,24.551504778418522,5.218583439525771
2017-06-22 23:00:00,0.12,0.02,0.01,0.1,27.6,72.0,22.0,1001.2,46.4,24.16036358427231,6.023855200431727
2017-06-23 00:00:00,0.32,0.0,0.0,0.32,27.4,72.0,22.0,1000.6,45.7,23.774629580759736,5.488805725990312
2017-06-23 01:00:00,0.7,0.0,0.05,0.68,27.0,74.0,22.1,999.9,45.0,23.768986697831476,5.052254086871563
2017-06-23 02:00:00,0.86,0.01,0.07,0.85,26.9,75.0,22.1,999.4,44.6,22.996008712741116,5.733548925712126
2017-06-23 03:00:00,0.77,0.0,0.02,0.77,26.9,75.0,22.0,999.1,44.3,23.755377839433468,4.617577688112379
2017-06-23 04:00:00,0.29,0.0,0.06,0.24,26.8,75.0,22.0,999.0,46.4,24.127789948799098,4.254380352839793
2017-06-23 05:00:00,0.31,0.0,0.14,0.56,27.2,72.0,21.8,999.2,45.0,21.92651625676185,5.875192323827218
2017-06-23 06:00:00,0.75,0.0,0.19,0.7,27.7,69.0,21.6,999.5,42.1,20.477627517328248,5.486963756173437
2017-06-23 07:00:00,0.93,0.01,0.14,0.92,28.9,66.0,21.9,1000.6,50.4,25.918243723287254,5.983698045546816
2017-06-23 08:00:00,0.26,0.0,0.05,0.23,30.7,58.0,21.4,1000.4,51.1,24.063514070420158,3.3819063533295997
2017-06-23 09:00:00,0.91,0.01,0.91,0.01,32.2,52.0,21.2,1001.3,60.1,29.509988448498795,4.1473584086099615
2017-06-23 10:00:00,0.65,0.0,0.08,0.64,33.3,47.0,20.5,1001.1,59.4,26.996876318286304,2.361920628461539
2017-06-23 11:00:00,0.7,0.04,0.1,0.65,33.5,48.0,21.1,1000.2,60.5,28.756386387956475,5.070526787874366
2017-06-23 12:00:00,0.63,0.28,0.36,0.5,32.5,51.0,20.9,999.9,61.9,30.98111563759197,-1.0818843977775396
2017-06-23 13:00:00,0.53,0.01,0.12,0.48,34.2,44.0,20.2,998.4,64.8,28.78245581814996,-1.005105505032037
2017-06-23 14:00:00,0.73,0.06,0.07,0.71,33.3,46.0,20.2,997.9,64.4,32.35559692604819,-1.6956849822713838
2017-06-23 15:00:00,0.54,0.01,0.12,0.5,32.8,49.0,20.6,997.3,65.2,32.35559692604819,1.6956849822713955
2017-06-23 16:00:00,0.42,0.0,0.05,0.4,31.8,50.0,20.2,997.1,64.8,32.75504873995002,1.716619364768573
2017-06-23 17:00:00,0.33,0.0,0.55,0.38,30.5,56.0,20.8,997.2,63.7,30.272657625060322,3.7170149738569886
2017-06-23 18:00:00,0.82,0.0,0.04,0.82,29.2,63.0,21.5,997.8,56.9,26.9837324325345,4.757960068073891
2017-06-23 19:00:00,0.45,0.0,0.15,0.45,28.0,70.0,22.0,998.6,52.2,27.34935212262752,2.8745327398604674
2017-06-23 20:00:00,0.95,0.0,0.04,0.95,27.8,72.0,22.3,999.3,51.8,27.75404237072337,4.395808467630492
2017-06-23 21:00:00,0.62,0.0,0.07,0.61,27.7,73.0,22.4,999.9,52.9,26.294367005425954,4.63640634370704
2017-06-23 22:00:00,0.58,0.0,0.12,0.54,27.3,74.0,22.2,1000.3,50.0,25.914957643018326,5.037357477940778
2017-06-23 23:00:00,0.85,0.0,0.09,0.81,27.1,74.0,22.0,1000.2,48.6,24.494670846759416,3.87957473299773
2017-06-24 00:00:00,0.88,0.01,0.0,0.88,27.0,74.0,22.0,999.5,45.7,21.928683413837522,5.467434840552492
2017-06-24 01:00:00,0.85,0.0,0.02,0.85,27.0,74.0,22.0,998.9,41.4,20.187849769441527,5.40931804264268
2017-06-24 02:00:00,0.89,0.0,0.16,0.87,26.9,74.0,22.0,998.6,38.5,18.43761222418668,6.348579011914555
2017-06-24 03:00:00,0.9,0.0,0.05,0.9,26.7,75.0,21.9,997.8,40.0,20.923243358493377,6.798373876248847
2017-06-24 04:00:00,0.92,0.01,0.06,0.92,26.6,74.0,21.5,997.6,44.3,22.012892836987504,6.312095448209274
2017-06-24 05:00:00,0.99,0.04,0.28,0.82,26.8,74.0,21.7,997.7,42.1,20.071979169689833,7.704910915223965
2017-06-24 06:00:00,0.86,0.02,0.25,0.81,27.1,72.0,21.7,998.2,38.2,16.546575072988045,5.697442703000242
2017-06-24 07:00:00,0.9,0.07,0.39,0.84,28.3,67.0,21.7,998.3,39.2,19.8014794389259,5.305790424601673
2017-06-24 08:00:00,0.89,0.02,0.19,0.87,29.6,61.0,21.4,999.3,52.9,26.93529146977071,3.78550834611379
2017-06-24 09:00:00,0.92,0.0,0.23,0.91,31.6,55.0,21.4,999.7,53.3,25.25183575291004,3.5489140744816785
2017-06-24 10:00:00,0.86,0.04,0.17,0.83,32.6,48.0,20.2,999.8,62.3,31.265203776701647,3.838884317262136
2017-06-24 11:00:00,0.99,0.01,0.31,0.99,32.2,51.0,20.8,999.4,63.0,30.6,5.621128808086351e-15
2017-06-24 12:00:00,1.0,0.07,0.11,1.0,33.0,47.0,20.2,998.7,63.4,32.080445547312976,1.1202738441502744
2017-06-24 13:00:00,1.0,0.04,0.34,1.0,33.5,46.0,20.2,997.7,64.1,29.938155691571122,5.278904601074681
2017-06-24 14:00:00,1.0,0.15,0.23,1.0,33.0,46.0,19.9,997.2,68.0,34.91474175909385,2.4414765810443955
2017-06-24 15:00:00,1.0,0.0,0.6,1.0,31.1,54.0,20.9,996.8,68.0,30.59928332411452,4.300448819666034
2017-06-24 16:00:00,1.0,0.0,0.35,1.0,30.5,57.0,21.0,996.6,64.4,32.78634792715197,6.373020445576589
2017-06-24 17:00:00,1.0,0.01,0.01,0.89,29.8,61.0,21.4,997.2,63.7,29.128870267586866,2.036889033328467
2017-06-24 18:00:00,1.0,0.0,0.13,1.0,28.6,66.0,21.6,997.6,55.1,23.371264541154424,2.4564188867898538
2017-06-24 19:00:00,0.98,0.0,0.12,0.98,27.2,72.0,21.6,998.1,48.2,26.63821104914824,3.7437564158257706
2017-06-24 20:00:00,0.98,0.0,0.42,0.98,26.0,78.0,21.9,998.8,50.4,26.272509859830663,4.1611567700701455
2017-06-24 21:00:00,0.91,0.0,0.38,0.89,26.2,76.0,21.7,999.1,49.3,24.465238626059527,2.571400196384273
2017-06-24 22:00:00,0.95,0.0,0.65,0.95,26.0,78.0,21.8,999.2,45.4,21.63759469595472,5.394858271872592
2017-06-24 23:00:00,0.97,0.0,0.23,0.97,26.1,76.0,21.5,999.3,39.6,20.474874123486195,5.871075678902076
2017-06-25 00:00:00,1.0,0.0,0.93,0.9,26.1,76.0,21.5,999.1,41.8,22.313074483581882,5.151379144474514
2017-06-25 01:00:00,1.0,0.0,0.5,1.0,26.0,77.0,21.6,998.3,43.9,23.38488155484564,5.398825304252766
2017-06-25 02:00:00,0.95,0.0,0.55,0.93,25.8,76.0,21.4,998.1,47.2,25.60769071234611,3.144229059852797
2017-06-25 03:00:00,1.0,0.0,0.9,0.99,24.8,84.0,21.9,997.8,46.8,23.377727657537953,4.969089410544458
2017-06-25 04:00:00,1.0,0.0,0.95,0.99,24.4,85.0,21.6,997.6,48.2,26.294367005425954,4.63640634370704
2017-06-25 05:00:00,1.0,0.0,0.65,0.96,25.6,76.0,21.0,996.7,49.0,22.650578319280786,3.9939080863393976
2017-06-25 06:00:00,0.99,0.0,0.36,0.98,25.9,74.0,20.9,997.4,44.3,24.506389573056943,2.144031271592393
2017-06-25 07:00:00,1.0,0.0,0.78,1.0,25.9,78.0,21.8,998.0,46.1,22.376742645786152,-2.351890423522192
2017-06-25 08:00:00,0.98,0.0,0.45,0.98,26.5,75.0,21.8,998.7,44.6,23.085928104141114,-0.8061783738277797
2017-06-25 09:00:00,1.0,0.0,0.52,1.0,28.1,68.0,21.6,999.2,44.3,22.69654268005008,-0.39616962612632706
2017-06-25 10:00:00,0.99,0.0,0.93,0.98,27.9,70.0,21.8,999.7,50.8,26.683735081409857,-0.9318165619567842
2017-06-25 11:00:00,0.99,0.0,0.77,0.98,25.6,87.0,23.3,999.3,50.4,20.12313290145326,-1.7605460035026892
2017-06-25 12:00:00,1.0,0.0,0.55,1.0,30.6,58.0,21.5,998.6,45.0,23.76738292715886,1.2455957585820745
2017-06-25 13:00:00,1.0,0.11,0.38,1.0,30.5,57.0,21.0,997.7,52.6,25.236208098932185,5.364121623098202
2017-06-25 14:00:00,0.99,0.0,0.13,0.99,31.3,54.0,20.8,996.7,50.4,16.90059096638812,7.5246278969023015
2017-06-25 15:00:00,1.0,0.0,0.21,1.0,31.4,54.0,20.9,996.3,38.2,16.222909387956033,7.564866885158515
2017-06-25 16:00:00,1.0,0.0,0.13,1.0,31.0,56.0,21.1,996.6,38.9,16.162713077517623,5.882746465201499
2017-06-25 17:00:00,1.0,0.0,0.06,0.98,31.3,52.0,20.1,996.6,54.4,24.459621297916783,3.4375755937136256
2017-06-25 18:00:00,1.0,0.0,0.03,1.0,29.6,58.0,20.6,997.6,46.4,21.6,3.9678556292374245e-15
2017-06-25 19:00:00,1.0,0.0,0.03,1.0,27.4,72.0,21.9,997.6,41.0,22.296603601987528,0.389188663551422
2017-06-25 20:00:00,1.0,0.0,0.18,1.0,26.5,73.0,21.4,998.4,42.1,17.234168276987198,1.5077943495344879
2017-06-25 21:00:00,1.0,0.0,0.43,0.99,26.8,73.0,21.6,999.4,31.7,12.97251170051457,1.8231676225768623
2017-06-25 22:00:00,1.0,0.01,0.28,1.0,26.8,74.0,21.7,999.8,25.2,13.738617913471815,3.1718098662485
2017-06-25 23:00:00,1.0,0.0,0.25,1.0,26.2,78.0,22.0,1000.0,25.2,12.592324420440606,0.4397336584515096
2017-06-26 00:00:00,1.0,0.0,0.15,1.0,25.8,81.0,22.2,999.6,23.0,11.88369146357943,0.6227978792910372
2017-06-26 01:00:00,1.0,0.0,0.1,1.0,25.8,80.0,22.0,998.5,23.0,11.546519142684359,2.8788705576360467
2017-06-26 02:00:00,1.0,0.01,0.1,1.0,25.6,80.0,21.9,998.3,21.6,11.88369146357943,0.6227978792910372
2017-06-26 03:00:00,1.0,0.0,0.12,1.0,25.5,80.0,21.8,998.3,21.6,10.045039080724521,1.7712114122026892
2017-06-26 04:00:00,1.0,0.01,0.12,1.0,25.4,80.0,21.7,998.5,22.0,12.208317665188263,1.4989929238833102
2017-06-26 05:00:00,1.0,0.0,0.45,0.96,26.3,77.0,21.9,998.1,24.5,14.750089779349343,5.078863209531644
2017-06-26 06:00:00,1.0,0.0,0.29,0.96,26.8,75.0,22.0,998.7,28.8,9.747909327039,6.825559592577452
2017-06-26 07:00:00,0.97,0.0,0.34,0.97,28.0,69.0,21.9,999.2,25.2,9.714324518212132,7.866504888122973
2017-06-26 08:00:00,0.82,0.0,0.33,0.78,30.1,60.0,21.4,999.6,34.2,15.50492824296749,5.643332364873531
2017-06-26 09:00:00,0.78,0.0,0.18,0.74,31.8,53.0,20.9,999.9,40.0,18.735813371014522,6.087634789186467
2017-06-26 10:00:00,0.86,0.0,0.38,0.78,32.8,49.0,20.8,1000.1,49.0,24.118871484884128,2.9614250447450763
2017-06-26 11:00:00,0.59,0.07,0.2,0.52,33.0,47.0,20.3,999.9,52.6,24.16437760667383,5.578786147727858
2017-06-26 12:00:00,0.88,0.39,0.1,0.82,34.1,42.0,19.2,999.6,57.2,25.13874767145907,5.803737202071724
2017-06-26 13:00:00,0.84,0.2,0.17,0.79,33.9,43.0,19.4,998.8,57.6,25.559212710964626,2.6863815059786913
2017-06-26 14:00:00,0.4,0.01,0.15,0.35,33.7,44.0,19.6,998.0,59.8,25.559212710964626,2.6863815059786913
2017-06-26 15:00:00,0.76,0.0,0.2,0.73,34.0,41.0,18.9,997.3,56.5,28.44332620753262,2.989514049454886
2017-06-26 16:00:00,0.84,0.0,0.1,0.83,32.2,48.0,19.7,997.4,57.2,26.996876318286304,2.361920628461539
2017-06-26 17:00:00,0.72,0.0,0.15,0.96,30.1,60.0,21.5,997.7,52.9,23.44275518110587,1.639277132986951
2017-06-26 18:00:00,0.75,0.0,0.05,0.74,28.6,66.0,21.6,998.4,46.4,18.68860846525709,0.6526205883367642
2017-06-26 19:00:00,0.23,0.0,0.15,0.13,27.5,70.0,21.6,998.5,35.3,17.289461307430358,-0.6037612929532722
2017-06-26 20:00:00,0.17,0.0,0.05,0.12,27.0,72.0,21.6,999.4,31.7,14.79774588831459,-0.25829561527179035
2017-06-26 21:00:00,0.41,0.0,0.03,0.4,26.8,74.0,21.7,1000.2,26.3,14.065653108663522,-0.9835662797921656
2017-06-26 22:00:00,0.55,0.0,0.08,0.53,26.1,79.0,22.2,1000.7,27.7,15.117058625094025,-2.9384585287987948
2017-06-26 23:00:00,0.09,0.0,0.05,0.05,26.2,78.0,22.1,1000.8,27.7,16.237973578895453,-1.4206386067868237
2017-06-27 00:00:00,0.68,0.0,0.11,0.66,26.2,79.0,22.2,1000.5,33.8,17.989034886343724,-0.628190940645023
2017-06-27 01:00:00,0.35,0.0,0.28,0.11,26.0,79.0,22.0,999.6,33.1,18.0,3.3065463576978533e-15
2017-06-27 02:00:00,0.34,0.0,0.34,0.02,26.0,77.0,21.6,999.1,38.2,20.884959802733743,2.1950977286207207
2017-06-27 03:00:00,0.75,0.0,0.36,0.61,25.8,77.0,21.4,998.8,40.7,22.286415442525836,0.778258776465767
2017-06-27 04:00:00,0.74,0.0,0.53,0.41,26.1,75.0,21.2,999.1,41.8,20.521610780689958,1.79540830060176
2017-06-27 05:00:00,0.81,0.0,0.59,0.01,25.4,81.0,22.0,999.4,38.2,3.9858260519352022,2.490620541896064
2017-06-27 06:00:00,0.98,0.0,0.74,0.94,26.0,79.0,22.0,999.5,10.1,3.233246532964663,2.1808523235359116
2017-06-27 07:00:00,0.98,0.01,0.9,0.94,27.1,74.0,22.0,1000.2,14.8,6.5187430479279085,1.0324674692655247
2017-06-27 08:00:00,0.93,0.0,0.29,0.92,28.7,66.0,21.8,1000.7,20.9,7.190132650232932,-0.3768188849491964
2017-06-27 09:00:00,1.0,0.12,0.51,0.98,31.3,55.0,21.2,1000.9,34.9,15.124002909254664,5.805560782633871
2017-06-27 10:00:00,1.0,0.02,0.84,0.99,32.0,52.0,20.9,1001.0,45.4,21.9162833580184,1.9174263404484815
2017-06-27 11:00:00,0.93,0.06,0.05,0.92,32.2,52.0,21.0,1000.6,49.0,24.08531893116021,-0.8410778705302809
2017-06-27 12:00:00,0.98,0.03,0.94,0.88,33.2,47.0,20.4,1000.3,56.2,26.23593452183338,1.8345952594705028
2017-06-27 13:00:00,0.89,0.0,0.02,0.87,32.5,48.0,20.0,999.2,56.9,29.53730029243772,-3.1044953590492934
2017-06-27 14:00:00,0.89,0.01,0.22,0.87,32.7,47.0,20.0,998.7,65.9,32.8,6.025262251804977e-15
2017-06-27 15:00:00,0.89,0.0,0.43,0.87,32.0,51.0,20.5,998.3,65.9,31.7,5.823195529945664e-15
2017-06-27 16:00:00,1.0,0.0,0.98,0.95,31.3,54.0,21.0,998.1,62.3,27.383308660323223,0.9562462096485208
2017-06-27 17:00:00,0.98,0.0,0.9,0.98,29.2,62.0,21.1,999.7,54.0,20.1864956147047,5.788384472156976
2017-06-27 18:00:00,0.99,0.0,0.84,0.99,27.8,70.0,21.9,1000.1,39.6,14.42991959668066,2.8048922320352054
2017-06-27 19:00:00,0.99,0.0,0.95,0.95,27.3,73.0,22.0,1000.8,29.2,15.50670694734366,2.4560211011316273
2017-06-27 20:00:00,1.0,0.0,0.78,1.0,26.7,75.0,22.0,1001.4,34.9,20.17231660204239,1.057186316107475
2017-06-27 21:00:00,0.97,0.0,0.85,0.97,25.3,79.0,21.5,1001.9,42.1,21.986598194420107,0.7677889274550167
2017-06-27 22:00:00,1.0,0.0,1.0,1.0,24.7,82.0,21.4,1002.2,39.6,19.772864788140563,-1.0362519336102902
2017-06-27 23:00:00,1.0,0.0,0.82,1.0,24.6,83.0,21.5,1002.1,36.0,19.08836479606473,0.6665803870177646
2017-06-28 00:00:00,1.0,0.0,0.11,1.0,25.0,81.0,21.6,1001.3,34.6,16.89742604814301,0.2949456687900911
2017-06-28 01:00:00,1.0,0.0,0.02,1.0,25.1,80.0,21.5,1000.5,31.0,15.839495699658755,1.3857763096877662
2017-06-28 02:00:00,1.0,0.0,0.77,1.0,24.9,81.0,21.4,1000.1,34.9,19.1,3.508613079557167e-15
2017-06-28 03:00:00,1.0,0.0,0.95,1.0,24.9,79.0,21.1,999.6,34.9,16.237973578895453,1.4206386067868295
2017-06-28 04:00:00,0.99,0.0,0.87,0.96,25.0,78.0,20.9,999.5,30.2,16.597471739596095,0.2897099468589061
2017-06-28 05:00:00,0.98,0.0,0.36,0.83,25.6,79.0,21.8,999.7,30.6,14.748495039395145,3.67721281311495
2017-06-28 06:00:00,0.92,0.01,0.48,0.92,25.6,79.0,21.7,1000.3,31.0,17.679621296652964,2.8001769242201355
2017-06-28 07:00:00,0.95,0.0,0.7,0.9,26.1,74.0,21.1,1001.0,45.7,23.76738292715886,1.2455957585820745
2017-06-28 08:00:00,0.97,0.0,0.84,0.92,24.1,92.0,22.8,1001.6,47.5,20.2,3.71067980141648e-15
2017-06-28 09:00:00,0.96,0.0,0.75,0.93,25.8,82.0,22.4,1001.8,44.6,21.596710215378053,-0.37697197904531565
2017-06-28 10:00:00,0.95,0.0,0.64,0.94,27.0,72.0,21.6,1001.8,51.8,27.74716088077483,-2.916344125167518
2017-06-28 11:00:00,0.97,0.0,0.29,0.96,29.0,62.0,21.0,1001.0,56.9,29.885840942752367,-2.6146722824297366
2017-06-28 12:00:00,0.9,0.0,0.18,0.89,29.8,61.0,21.4,1001.1,62.3,30.98111563759197,-1.0818843977775396
2017-06-28 13:00:00,0.9,0.0,0.27,0.9,30.0,58.0,20.8,1000.4,58.3,30.195400393723016,-0.5270626744059506
2017-06-28 14:00:00,0.88,0.0,0.43,0.87,29.7,59.0,20.8,999.4,58.7,28.395674542441512,0.49564834281885134
2017-06-28 15:00:00,0.76,0.0,0.31,0.76,31.0,54.0,20.5,998.6,59.4,29.881785727870962,-1.0434949514047882
2017-06-28 16:00:00,0.82,0.0,0.36,0.79,30.0,57.0,20.5,998.5,59.8,29.128870267586866,2.036889033328467
2017-06-28 17:00:00,0.76,0.0,0.28,0.06,30.4,54.0,20.0,998.7,56.5,26.962997438373492,1.4130708185594962
2017-06-28 18:00:00,0.5,0.0,0.43,0.45,29.0,61.0,20.8,998.9,50.8,21.581125129491532,2.2682676529080776
2017-06-28 19:00:00,0.71,0.0,0.62,0.5,28.4,66.0,21.4,999.4,42.8,23.07290797254394,2.425060347809558
2017-06-28 20:00:00,0.83,0.0,0.83,0.21,28.2,67.0,21.6,1000.2,43.6,23.013138335866707,3.644923035437383
2017-06-28 21:00:00,0.89,0.0,0.88,0.27,28.3,67.0,21.5,1000.5,42.8,22.025449995271572,3.488488570397152
2017-06-28 22:00:00,0.88,0.0,0.88,0.31,28.1,67.0,21.5,1000.9,41.4,21.23529932279546,3.363340998364967
2017-06-28 23:00:00,0.94,0.0,0.91,0.5,28.1,67.0,21.4,1000.9,40.0,19.856396294896253,4.2206073236005235
2017-06-29 00:00:00,0.85,0.0,0.82,0.12,27.9,68.0,21.3,1000.7,41.4,21.961212892172238,3.8723543619725467
2017-06-29 01:00:00,0.83,0.0,0.8,0.64,27.8,68.0,21.2,1000.3,41.8,22.332288411929746,2.7420602266158114
2017-06-29 02:00:00,0.97,0.0,0.96,0.8,27.4,69.0,21.2,999.9,41.4,19.36732249452935,4.116651478191644
2017-06-29 03:00:00,1.0,0.0,1.0,0.74,27.5,68.0,21.0,999.8,36.7,18.33858922661633,4.5723238268337205
2017-06-29 04:00:00,0.94,0.0,0.91,0.51,27.4,67.0,20.9,999.9,35.3,17.59108903567124,5.04416361145108
2017-06-29 05:00:00,0.99,0.0,0.17,0.64,27.0,73.0,21.9,1000.0,33.8,17.30911608293094,5.291927855481542
2017-06-29 06:00:00,0.77,0.01,0.04,0.76,27.5,72.0,22.0,1000.5,34.9,16.54838338353567,5.376895702124087
2017-06-29 07:00:00,0.03,0.0,0.01,0.02,29.0,66.0,22.0,1000.9,39.2,19.508617021645918,5.964382776343837
2017-06-29 08:00:00,0.15,0.0,0.01,0.14,30.4,60.0,21.6,1000.9,43.6,20.83454389563006,4.428519014418284
2017-06-29 09:00:00,0.37,0.0,0.0,0.37,32.0,53.0,21.2,1000.8,47.9,23.073246001678587,3.242733252369534
2017-06-29 10:00:00,0.1,0.03,0.03,0.06,33.8,45.0,20.3,1000.8,52.6,25.238370471573553,1.7648387857263772
2017-06-29 11:00:00,0.25,0.09,0.16,0.14,34.7,41.0,19.7,1000.2,63.7,27.383308660323223,0.9562462096485208
2017-06-29 12:00:00,0.6,0.05,0.11,0.54,34.7,41.0,19.6,999.3,62.6,29.881785727870962,1.0434949514047727
2017-06-29 13:00:00,0.34,0.0,0.06,0.31,35.2,40.0,19.5,998.3,63.0,32.056008065621825,1.6799841953985124
2017-06-29 14:00:00,0.71,0.0,0.18,0.63,34.5,40.0,19.0,997.3,65.9,33.5,6.153850165715449e-15
2017-06-29 15:00:00,0.35,0.02,0.1,0.27,33.8,44.0,19.8,996.9,65.5,32.79500440112963,0.5724389311428987
2017-06-29 16:00:00,0.25,0.0,0.08,0.2,32.5,49.0,20.5,996.9,66.2,34.179166284053075,1.1935627872255261
2017-06-29 17:00:00,0.11,0.0,0.04,0.26,31.9,50.0,20.2,997.1,65.9,29.113881221002163,4.091689168225935
2017-06-29 18:00:00,0.21,0.0,0.04,0.17,30.1,58.0,20.9,997.7,55.1,25.227818614604963,4.903791181177196
2017-06-29 19:00:00,0.14,0.0,0.04,0.12,28.6,67.0,21.8,998.2,47.2,24.127789948799098,4.254380352839793
2017-06-29 20:00:00,0.01,0.0,0.01,0.0,28.0,71.0,22.3,998.8,45.0,23.80328900834282,3.770070607469568
2017-06-29 21:00:00,0.33,0.0,0.03,0.32,27.6,73.0,22.4,999.3,46.8,24.912908406197186,3.058920519469194
2017-06-29 22:00:00,0.22,0.0,0.0,0.22,27.4,74.0,22.2,999.7,45.7,23.766433649797687,3.3401544230415796
2017-06-29 23:00:00,0.74,0.0,0.05,0.73,27.2,74.0,22.2,999.9,43.6,22.675099214396635,2.383248962502497
2017-06-30 00:00:00,0.45,0.0,0.13,0.36,26.9,76.0,22.2,999.5,41.8,20.148842148140808,3.191263086820713
2017-06-30 01:00:00,0.24,0.0,0.18,0.09,26.7,75.0,22.0,998.8,37.1,19.105270408436834,3.3687746467384483
2017-06-30 02:00:00,0.27,0.0,0.07,0.22,26.8,75.0,22.0,998.6,35.6,19.09765326979061,4.409040665139759
2017-06-30 03:00:00,0.51,0.01,0.13,0.45,26.9,73.0,21.7,998.3,37.1,19.389964289226178,4.476525981442919
2017-06-30 04:00:00,0.71,0.0,0.16,0.69,26.8,73.0,21.5,998.2,36.7,18.726707517126734,4.669092585073589
2017-06-30 05:00:00,0.39,0.02,0.02,0.95,26.9,74.0,21.9,998.3,35.3,19.389964289226178,4.476525981442919
2017-06-30 06:00:00,0.95,0.03,0.12,0.95,27.1,73.0,22.0,998.7,38.9,19.779712315140273,4.5665064031804645
2017-06-30 07:00:00,0.94,0.0,0.1,0.94,28.5,68.0,22.0,999.0,43.9,22.321756497450114,3.5354189099092217
2017-06-30 08:00:00,0.19,0.0,0.05,0.14,30.6,58.0,21.5,999.5,44.3,20.894656250447134,2.936552430257389
2017-06-30 09:00:00,0.25,0.0,0.03,0.23,32.5,51.0,21.0,999.4,46.4,22.332288411929746,2.7420602266158114
2017-06-30 10:00:00,0.48,0.0,0.11,0.42,33.7,48.0,21.1,999.0,49.3,23.342998776079884,1.6323014856125384
2017-06-30 11:00:00,0.67,0.01,0.07,0.63,35.0,43.0,20.6,998.7,49.7,21.196771137315494,0.36999101647041016
2017-06-30 12:00:00,0.68,0.0,0.07,0.66,35.7,40.0,20.0,998.0,49.3,23.37032642230106,3.2844851826575536
2017-06-30 13:00:00,0.95,0.0,0.15,0.95,36.8,36.0,19.3,996.8,51.8,24.884831592775484,0.868997467892269
2017-06-30 14:00:00,0.96,0.0,0.46,0.94,35.6,38.0,19.2,996.5,52.6,23.4,4.298510265007209e-15
2017-06-30 15:00:00,0.98,0.0,0.41,0.97,34.6,42.0,19.8,996.0,48.2,23.0,4.225031457058368e-15
2017-06-30 16:00:00,1.0,0.0,0.15,0.99,33.2,46.0,20.0,995.8,47.2,23.766433649797687,3.3401544230415796
2017-06-30 17:00:00,1.0,0.0,0.3,0.98,32.2,49.0,20.3,996.0,49.7,27.7695468463792,6.4111050488001595
2017-06-30 18:00:00,1.0,0.0,0.15,1.0,30.4,58.0,21.4,996.6,53.6,23.743163889676477,6.808242688679872
2017-06-30 19:00:00,0.95,0.0,0.22,0.95,28.6,67.0,21.8,997.5,46.1,22.605385503017455,5.218864460777674
2017-06-30 20:00:00,0.95,0.0,0.18,0.92,28.2,69.0,22.0,998.4,42.5,21.617061976217105,4.594848367072491
2017-06-30 21:00:00,0.91,0.0,0.1,0.91,27.9,71.0,22.2,998.9,41.8,22.35513599337712,3.9418136330393185
2017-06-30 22:00:00,0.98,0.0,0.09,0.96,27.9,71.0,22.1,999.3,41.8,21.58784389856623,3.033973600929435
2017-06-30 23:00:00,0.96,0.0,0.08,0.96,27.5,73.0,22.2,999.6,39.6,20.843469184467764,2.5592562115080906
2017-07-01 00:00:00,0.94,0.0,0.15,0.93,27.4,74.0,22.2,999.4,38.9,20.188558936750265,3.559787642172072
2017-07-01 01:00:00,0.95,0.0,0.07,0.95,27.2,74.0,22.1,998.8,38.9,20.840223986557405,3.300767212348875
2017-07-01 02:00:00,0.95,0.0,0.05,0.95,27.1,74.0,22.0,998.4,38.5,20.148842148140808,3.191263086820713
2017-07-01 03:00:00,0.93,0.02,0.1,0.93,27.0,74.0,22.0,998.3,37.4,20.148842148140808,3.191263086820713
2017-07-01 04:00:00,0.98,0.0,0.13,0.98,26.9,74.0,21.9,998.0,40.0,20.87792436385881,3.681341366538923
2017-07-01 05:00:00,1.0,0.0,0.15,0.99,27.2,74.0,22.2,998.4,39.2,19.850923032826444,2.4373868681029434
2017-07-01 06:00:00,1.0,0.01,0.08,0.99,27.4,73.0,22.2,998.3,36.7,20.188558936750265,3.559787642172072
2017-07-01 07:00:00,0.98,0.01,0.09,0.98,28.6,68.0,22.1,998.5,45.4,23.377727657537953,4.969089410544458
2017-07-01 08:00:00,0.94,0.0,0.03,0.93,30.3,60.0,21.6,998.9,46.1,21.630374659033514,3.4259147843810593
2017-07-01 09:00:00,0.64,0.01,0.03,0.64,32.5,51.0,21.0,999.1,47.5,23.371264541154424,2.4564188867898538
2017-07-01 10:00:00,0.81,0.0,0.02,0.81,34.1,45.0,20.6,999.2,54.0,26.28397875060222,0.91785676327577
2017-07-01 11:00:00,0.9,0.0,0.03,0.9,35.3,42.0,20.5,998.8,54.0,19.488121126872368,0.6805401856987648
2017-07-01 12:00:00,0.96,0.01,0.18,0.95,36.0,40.0,20.3,998.1,44.3,19.36732249452935,4.116651478191644
2017-07-01 13:00:00,1.0,0.0,0.28,0.98,34.3,44.0,20.2,997.2,49.7,23.809053284392718,2.083022251669032
2017-07-01 14:00:00,0.94,0.0,0.23,0.89,35.4,41.0,20.0,996.3,49.3,25.21067225168958,3.095481322490738
2017-07-01 15:00:00,0.95,0.0,0.28,0.95,32.4,51.0,21.0,996.2,63.4,32.3802627954187,1.1307436931610246
2017-07-01 16:00:00,0.99,0.0,0.43,0.99,31.2,53.0,20.5,996.4,62.6,28.420693572883067,3.994267997553889
2017-07-01 17:00:00,1.0,0.0,0.1,1.0,30.0,59.0,21.0,996.4,55.4,33.15104146482015,4.070436069731915
2017-07-01 18:00:00,0.96,0.0,0.18,0.95,28.5,66.0,21.6,996.9,62.3,28.78383839759834,3.534210958749268
2017-07-01 19:00:00,0.96,0.0,0.22,0.96,27.6,72.0,22.0,997.5,53.3,26.96389169824726,4.270660895598307
2017-07-01 20:00:00,1.0,0.01,0.25,1.0,27.3,73.0,22.0,998.6,53.3,29.53730029243772,3.1044953590493045
2017-07-01 21:00:00,0.97,0.0,0.31,0.97,26.9,74.0,22.0,998.9,53.6,27.761901066177153,1.4549395835538517
2017-07-01 22:00:00,0.95,0.0,0.37,0.94,26.5,76.0,21.9,999.2,50.4,27.683125908428952,0.966716058659271
2017-07-01 23:00:00,1.0,0.0,0.19,1.0,26.6,75.0,21.8,999.3,49.7,25.19616191794106,0.4398006422195441
2017-07-02 00:00:00,0.97,0.0,0.28,0.96,26.5,75.0,21.6,998.9,45.4,22.69654268005008,-0.39616962612632706
2017-07-02 01:00:00,0.99,0.0,0.33,0.99,26.7,74.0,21.6,998.2,40.3,19.4,3.563722185518797e-15
2017-07-02 02:00:00,0.99,0.0,0.29,0.99,27.0,72.0,21.4,997.6,34.6,16.597471739596095,0.2897099468589061
2017-07-02 03:00:00,0.98,0.0,0.25,0.97,27.0,71.0,21.3,997.4,30.2,14.397806810252035,0.25131465269688236
2017-07-02 04:00:00,0.99,0.0,0.26,0.99,27.2,69.0,21.0,997.7,26.3,14.36492232374147,1.0044932219154084
2017-07-02 05:00:00,1.0,0.0,0.39,0.97,27.5,67.0,20.8,997.8,25.9,14.022758724692654,1.4738513320739124
2017-07-02 06:00:00,0.97,0.0,0.51,0.95,27.9,65.0,20.8,998.5,27.0,13.7,2.5166491722478104e-15
2017-07-02 07:00:00,0.98,0.0,0.17,0.97,29.1,60.0,20.6,998.8,26.6,12.60533612584479,1.547740661245369
2017-07-02 08:00:00,0.99,0.0,0.19,0.99,31.0,53.0,20.2,999.4,27.7,12.21161613735138,2.1532374030699364
2017-07-02 09:00:00,0.95,0.0,0.02,0.95,32.1,49.0,20.1,999.7,31.3,13.697136892650246,1.681796938991031
2017-07-02 10:00:00,1.0,0.0,0.08,0.99,33.8,45.0,20.1,999.8,33.8,14.42024977268901,2.283943189587373
2017-07-02 11:00:00,1.0,0.0,0.26,1.0,34.7,43.0,20.2,999.6,35.3,14.7889376594557,1.815853216736693
2017-07-02 12:00:00,1.0,0.0,0.24,1.0,35.9,39.0,19.7,998.7,40.0,13.35012969488823,2.5950023371210067
2017-07-02 13:00:00,1.0,0.0,0.22,1.0,34.6,42.0,19.6,998.2,43.2,19.781975538939193,6.42755348299891
2017-07-02 14:00:00,0.92,0.0,0.27,0.91,34.2,43.0,19.8,997.5,48.6,24.166834741060686,1.2665301410792522
2017-07-02 15:00:00,0.91,0.0,0.21,0.9,33.0,47.0,20.2,997.0,54.7,27.7,5.088407450457252e-15
2017-07-02 16:00:00,0.87,0.0,0.2,0.84,32.5,49.0,20.4,996.9,57.2,29.49550700711354,0.5148459898998632
2017-07-02 17:00:00,0.71,0.0,0.42,0.85,30.6,55.0,20.5,996.6,57.2,29.13949153429041,3.0626839737422435
2017-07-02 18:00:00,0.89,0.0,0.44,0.79,29.1,61.0,21.0,997.4,55.1,27.358967034485314,4.3332346816144
2017-07-02 19:00:00,0.83,0.0,0.4,0.71,28.1,67.0,21.4,998.2,51.8,26.589809331329615,4.688500797007119
2017-07-02 20:00:00,0.82,0.0,0.25,0.75,27.5,71.0,21.8,999.2,50.4,26.99725532464396,3.314846140620003
2017-07-02 21:00:00,0.56,0.0,0.25,0.45,27.2,73.0,22.0,999.9,50.0,27.34935212262752,2.8745327398604674
2017-07-02 22:00:00,0.18,0.0,0.17,0.03,27.1,73.0,21.9,1000.0,53.6,29.53730029243772,3.1044953590493045
2017-07-02 23:00:00,0.17,0.0,0.17,0.0,27.0,74.0,21.9,1000.0,53.3,27.34935212262752,2.8745327398604674
2017-07-03 00:00:00,0.21,0.0,0.21,0.0,26.8,75.0,22.0,999.5,50.0,27.34935212262752,2.8745327398604674
2017-07-03 01:00:00,0.19,0.01,0.11,0.09,26.5,76.0,22.0,998.9,50.8,25.93666530675543,1.8136683173472652
2017-07-03 02:00:00,0.43,0.0,0.12,0.36,26.4,76.0,21.9,998.5,47.9,22.34543472582006,1.562545011868413
2017-07-03 03:00:00,0.35,0.01,0.2,0.19,26.5,75.0,21.8,998.4,40.3,20.487511953891463,0.7154396824012657
2017-07-03 04:00:00,0.55,0.04,0.18,0.44,26.4,76.0,21.8,998.6,37.4,18.37478343948416,0.9629815948701752
2017-07-03 05:00:00,0.21,0.0,0.15,0.12,26.6,75.0,21.7,998.9,33.1,20.148686878318838,2.4739476711244874
2017-07-03 06:00:00,0.23,0.0,0.16,0.1,26.7,74.0,21.6,999.6,36.0,19.805361374831406,2.7834620192013166
2017-07-03 07:00:00,0.36,0.0,0.33,0.08,28.1,68.0,21.8,1000.3,43.6,22.668890438928827,1.1880262067148357
2017-07-03 08:00:00,0.66,0.0,0.55,0.28,29.4,64.0,21.8,1000.9,46.8,23.8,4.371989072956051e-15
2017-07-03 09:00:00,0.7,0.0,0.65,0.08,29.8,63.0,21.9,1001.2,51.1,26.263956764045293,-1.3764356491894258
2017-07-03 10:00:00,0.53,0.0,0.42,0.22,30.9,59.0,21.9,1001.2,55.4,26.29954002962208,-2.300911608538168
2017-07-03 11:00:00,0.92,0.0,0.91,0.36,30.5,61.0,22.3,1001.0,54.4,26.65318679586973,-2.8013628155731003
2017-07-03 12:00:00,0.94,0.0,0.92,0.42,30.0,64.0,22.4,1000.4,54.0,22.27729045624932,-2.3414375771954266
2017-07-03 13:00:00,0.52,0.0,0.39,0.33,31.7,57.0,22.0,999.2,45.0,17.290072290574322,-4.632860907335113
2017-07-03 14:00:00,0.73,0.0,0.5,0.53,33.8,49.0,21.8,998.6,39.6,13.685247584253412,-6.381535752284564
2017-07-03 15:00:00,0.83,0.0,0.63,0.64,33.5,51.0,21.9,998.0,35.3,9.328529057720688,-5.8291119065652515
2017-07-03 16:00:00,0.65,0.02,0.22,0.54,32.8,53.0,22.0,997.7,37.8,11.485038046337667,-2.2324652459055776
2017-07-03 17:00:00,0.58,0.0,0.16,0.52,31.7,52.0,20.7,997.0,34.9,26.272509859830663,4.1611567700701455
2017-07-03 18:00:00,0.42,0.0,0.05,0.4,30.0,59.0,21.1,997.6,50.4,23.41057540515602,2.048159954569969
2017-07-03 19:00:00,0.5,0.05,0.23,0.41,28.5,65.0,21.3,998.9,43.9,20.521610780689958,1.79540830060176
2017-07-03 20:00:00,0.16,0.03,0.15,0.01,28.1,66.0,21.1,999.9,37.8,20.12313290145326,1.7605460035026965
2017-07-03 21:00:00,0.24,0.0,0.16,0.12,28.0,67.0,21.4,1000.8,36.7,19.50828095420893,2.7417100889132966
2017-07-03 22:00:00,0.26,0.0,0.08,0.19,27.5,69.0,21.3,1001.3,36.7,18.389174893795545,3.908739787373884
2017-07-03 23:00:00,0.28,0.0,0.13,0.17,27.2,70.0,21.2,1001.0,33.8,18.37100313506956,2.9096810497482974
2017-07-04 00:00:00,0.37,0.0,0.19,0.27,27.0,71.0,21.4,1000.4,33.8,18.299202874776228,1.9233237241248218
2017-07-04 01:00:00,0.76,0.0,0.22,0.68,27.0,71.0,21.3,999.8,33.5,17.234168276987198,1.5077943495344879
2017-07-04 02:00:00,0.84,0.0,0.28,0.74,27.1,71.0,21.3,999.3,32.4,18.031124035460596,1.5775189437326145
2017-07-04 03:00:00,0.84,0.0,0.39,0.72,27.0,71.0,21.2,999.1,32.8,18.37478343948416,0.9629815948701752
2017-07-04 04:00:00,0.93,0.0,0.61,0.8,27.3,70.0,21.4,999.1,33.1,15.878209602597725,0.8321417042628145
2017-07-04 05:00:00,0.63,0.0,0.4,0.95,27.0,66.0,20.2,999.3,28.8,17.62677162359995,2.4772811970891717
2017-07-04 06:00:00,0.99,0.0,0.05,0.99,27.5,65.0,20.4,999.7,31.7,15.45473209159413,3.2850047149206048
2017-07-04 07:00:00,0.93,0.0,0.0,0.93,29.0,59.0,20.2,1000.4,30.6,15.161287811373986,3.2226312076752768
2017-07-04 08:00:00,0.92,0.0,0.0,0.92,31.2,50.0,19.6,1000.8,32.8,14.718924051450447,1.5470212563612697
2017-07-04 09:00:00,0.88,0.0,0.0,0.88,33.4,43.0,19.1,1000.7,34.2,15.097700196861508,0.26353133720298083
2017-07-04 10:00:00,0.8,0.0,0.0,0.8,35.0,39.0,19.1,1000.5,37.4,16.597471739596095,-0.2897099468589
2017-07-04 11:00:00,0.22,0.0,0.0,0.22,35.7,39.0,19.5,999.9,41.4,16.89742604814301,-0.2949456687900849
2017-07-04 12:00:00,0.69,0.0,0.01,0.68,37.2,35.0,19.0,998.8,41.0,14.397806810252035,0.25131465269688236
2017-07-04 13:00:00,0.75,0.0,0.36,0.63,37.8,33.0,18.6,997.6,41.8,19.39704528603399,-0.3385766848832927
2017-07-04 14:00:00,0.6,0.0,0.05,0.59,35.2,40.0,19.4,997.0,49.0,19.772864788140563,1.0362519336102973
2017-07-04 15:00:00,0.79,0.0,0.15,0.77,35.7,39.0,19.6,996.4,49.0,21.969849764600625,-1.1513910373447669
2017-07-04 16:00:00,0.82,0.0,0.07,0.82,34.3,45.0,20.7,996.8,50.0,25.25183575291004,3.5489140744816785
2017-07-04 17:00:00,0.87,0.0,0.14,0.29,33.3,44.0,19.4,997.6,54.7,28.78383839759834,3.534210958749268
2017-07-04 18:00:00,0.29,0.0,0.05,0.27,31.0,53.0,20.2,998.0,56.5,26.63821104914824,3.7437564158257706
2017-07-04 19:00:00,0.31,0.0,0.03,0.29,29.1,62.0,21.0,999.2,49.3,23.721853024227595,2.9126773073830172
2017-07-04 20:00:00,0.17,0.0,0.01,0.16,28.7,64.0,21.1,1000.1,43.2,23.80328900834282,3.770070607469568
2017-07-04 21:00:00,0.4,0.0,0.03,0.4,28.2,66.0,21.2,1000.9,45.0,23.766433649797687,3.3401544230415796
2017-07-04 22:00:00,0.46,0.0,0.02,0.46,28.0,67.0,21.2,1001.1,43.9,23.38574535224684,0.8166482228385178
2017-07-04 23:00:00,0.83,0.0,0.04,0.83,27.6,70.0,21.6,1001.2,43.2,23.396436066659554,-0.4083863106324252
2017-07-05 00:00:00,0.84,0.0,0.06,0.82,27.4,72.0,21.8,1000.7,42.8,22.3,4.096443543147897e-15
2017-07-05 01:00:00,0.31,0.0,0.05,0.29,27.1,73.0,21.8,1000.0,40.3,20.9,3.8392677153269515e-15
2017-07-05 02:00:00,0.53,0.0,0.0,0.53,26.9,74.0,21.8,999.5,37.8,19.097090977487074,-0.3333409629521078
2017-07-05 03:00:00,0.79,0.0,0.01,0.79,26.8,74.0,21.7,999.2,34.6,17.997258512815044,0.31414331587110295
2017-07-05 04:00:00,0.62,0.0,0.0,0.62,26.6,75.0,21.9,999.0,32.8,17.997258512815044,0.31414331587110295
2017-07-05 05:00:00,0.58,0.0,0.0,0.86,26.6,75.0,21.8,999.5,32.4,13.647867363856914,1.194033675642918
2017-07-05 06:00:00,0.8,0.0,0.0,0.8,27.2,71.0,21.5,1000.0,27.0,14.718924051450447,1.5470212563612697
2017-07-05 07:00:00,0.78,0.0,0.0,0.78,29.0,64.0,21.5,1000.5,34.2,17.257858069494958,1.2067869957733726
2017-07-05 08:00:00,0.88,0.0,0.0,0.88,31.5,54.0,21.0,1001.2,37.8,18.38879121715136,-0.6421507393260235
2017-07-05 09:00:00,0.9,0.0,0.0,0.9,33.0,47.0,20.4,1001.5,42.1,19.824274492025737,-1.7343992806783919
2017-07-05 10:00:00,0.83,0.0,0.0,0.83,34.5,44.0,20.3,1001.0,43.9,19.79698436409655,-0.345557647458206
2017-07-05 11:00:00,0.98,0.0,0.16,0.98,35.3,42.0,20.3,1000.4,48.6,17.289461307430358,0.6037612929532632
2017-07-05 12:00:00,0.95,0.0,0.15,0.95,36.2,38.0,19.5,999.4,44.3,19.805361374831406,2.7834620192013166
2017-07-05 13:00:00,0.98,0.0,0.5,0.98,37.3,33.0,18.2,998.4,43.9,15.797593583470983,-0.2757480217090735
2017-07-05 14:00:00,0.96,0.0,0.37,0.95,35.6,36.0,18.4,997.4,45.7,22.27729045624932,2.341437577195435
2017-07-05 15:00:00,0.99,0.0,0.38,0.99,35.0,39.0,19.0,997.0,48.6,24.16036358427231,6.023855200431727
2017-07-05 16:00:00,0.97,0.0,0.34,0.96,33.5,46.0,20.1,997.0,55.8,28.85983919336132,5.609784464070411
2017-07-05 17:00:00,0.96,0.0,0.42,0.99,32.0,49.0,20.0,997.8,59.0,30.332279968532816,5.895997957135228
2017-07-05 18:00:00,0.97,0.0,0.31,0.96,30.9,52.0,20.0,998.5,57.2,27.681886573224123,5.380813669618558
2017-07-05 19:00:00,1.0,0.0,0.14,1.0,29.6,59.0,20.8,999.7,52.6,25.877434523592605,4.098582984054053
2017-07-05 20:00:00,0.97,0.0,0.3,0.95,28.7,66.0,21.6,1000.7,49.7,23.4240891787352,2.8761165043614736
2017-07-05 21:00:00,0.92,0.0,0.4,0.9,27.8,72.0,22.2,1001.2,42.8,20.148686878318838,2.4739476711244874
2017-07-05 22:00:00,0.92,0.0,0.25,0.9,27.5,72.0,22.0,1001.3,38.2,20.894656250447134,2.936552430257389
2017-07-05 23:00:00,0.9,0.0,0.21,0.87,27.4,73.0,22.1,1001.3,38.9,21.183316371344223,2.2264562676010167
2017-07-06 00:00:00,0.9,0.0,0.21,0.87,27.3,72.0,21.9,1000.6,38.5,21.21894706935418,1.8564173205251209
2017-07-06 01:00:00,0.9,0.0,0.16,0.89,27.1,73.0,21.9,1000.0,38.5,20.487151044586433,2.1532863433136593
2017-07-06 02:00:00,0.74,0.0,0.06,0.72,26.8,74.0,21.8,999.6,40.0,21.538251490616688,2.6445647518916937
2017-07-06 03:00:00,0.16,0.01,0.15,0.02,26.9,73.0,21.6,999.2,39.6,20.148686878318838,2.4739476711244874
2017-07-06 04:00:00,0.16,0.0,0.08,0.09,26.8,73.0,21.6,999.3,38.5,20.920088659926655,1.8302705977008231
2017-07-06 05:00:00,0.11,0.01,0.04,0.93,26.5,76.0,21.9,999.2,39.2,19.824274492025737,1.734399280678399
2017-07-06 06:00:00,0.98,0.0,0.04,0.97,26.9,74.0,21.9,1000.0,35.6,17.31321253298836,3.6800369274743483
2017-07-06 07:00:00,0.98,0.0,0.0,0.98,28.0,70.0,22.0,1000.4,41.0,21.21894706935418,1.8564173205251209
2017-07-06 08:00:00,0.95,0.01,0.04,0.94,30.2,60.0,21.5,1001.0,41.8,19.08836479606473,0.6665803870177646
2017-07-06 09:00:00,0.89,0.0,0.03,0.89,32.4,50.0,20.8,1001.1,39.6,17.689217638237995,0.6177210916342635
2017-07-06 10:00:00,0.98,0.0,0.18,0.98,33.9,46.0,20.5,1000.8,40.3,17.989034886343724,-0.628190940645023
2017-07-06 11:00:00,0.99,0.01,0.18,0.99,35.3,41.0,20.0,1000.3,47.5,15.1,2.773825000068755e-15
2017-07-06 12:00:00,0.98,0.0,0.03,0.98,36.2,36.0,18.8,999.0,42.5,16.938693351809977,2.9867486558712018
2017-07-06 13:00:00,1.0,0.0,0.28,1.0,36.0,37.0,18.9,998.1,48.2,21.225802935923582,4.511683690745388
2017-07-06 14:00:00,0.97,0.0,0.29,0.97,35.4,39.0,19.4,996.9,47.5,23.07290797254394,2.425060347809558
2017-07-06 15:00:00,0.99,0.0,0.28,0.99,34.6,41.0,19.5,996.7,49.3,24.506389573056943,2.144031271592393
2017-07-06 16:00:00,0.98,0.0,0.38,0.98,33.0,45.0,19.6,997.0,53.6,27.34935212262752,2.8745327398604674
2017-07-06 17:00:00,0.99,0.0,0.57,0.93,31.8,50.0,20.0,997.7,53.6,24.889746182997467,3.942148519013822
2017-07-06 18:00:00,0.92,0.0,0.43,0.9,30.0,56.0,20.4,998.5,49.3,24.166882057449044,2.5400416574039766
2017-07-06 19:00:00,0.48,0.0,0.41,0.25,28.7,64.0,21.1,999.4,45.0,23.721853024227595,2.9126773073830172
2017-07-06 20:00:00,0.98,0.0,0.56,0.97,28.0,68.0,21.5,1000.2,43.6,21.531605824974,3.410271337877037
2017-07-06 21:00:00,1.0,0.0,0.49,1.0,27.7,69.0,21.5,1000.7,39.2,20.12313290145326,1.7605460035026965
2017-07-06 22:00:00,0.96,0.0,0.6,0.9,27.4,71.0,21.8,1000.6,40.7,23.068342252830657,1.2089605892120137
2017-07-06 23:00:00,0.96,0.0,0.7,0.92,27.4,72.0,21.8,1000.2,41.0,21.547383485612205,1.5067398328731125
2017-07-07 00:00:00,0.81,0.0,0.06,0.8,27.1,73.0,21.9,999.6,42.5,22.668890438928827,1.1880262067148357
2017-07-07 01:00:00,0.39,0.0,0.18,0.3,26.9,75.0,22.0,999.2,43.2,23.012097525919323,2.013297657470906
2017-07-07 02:00:00,0.56,0.0,0.35,0.42,26.7,75.0,21.9,998.8,42.8,22.34543472582006,1.562545011868413
2017-07-07 03:00:00,0.16,0.0,0.01,0.15,26.6,75.0,21.8,998.3,40.7,20.148842148140808,3.191263086820713
2017-07-07 04:00:00,0.8,0.01,0.02,0.79,26.4,76.0,21.8,998.7,41.4,23.07290797254394,2.425060347809558
2017-07-07 05:00:00,0.92,0.02,0.06,0.95,26.5,77.0,22.0,998.9,46.4,22.314761237255098,1.9522886375475446
2017-07-07 06:00:00,0.96,0.0,0.33,0.96,26.8,75.0,22.0,999.2,40.7,18.37100313506956,2.9096810497482974
2017-07-07 07:00:00,0.95,0.0,0.2,0.94,28.1,70.0,22.1,1000.2,37.8,19.42579661278904,1.699536983579336
2017-07-07 08:00:00,0.98,0.0,0.06,0.98,30.6,59.0,21.6,1000.5,40.3,18.3971975908776,0.3211242784460163
2017-07-07 09:00:00,0.95,0.0,0.25,0.95,32.7,50.0,21.0,1000.4,38.5,17.689217638237995,0.6177210916342635
2017-07-07 10:00:00,1.0,0.0,0.08,1.0,33.8,47.0,21.0,1000.4,42.8,19.42579661278904,1.699536983579336
2017-07-07 11:00:00,0.98,0.02,0.15,0.98,34.4,46.0,21.0,1000.0,43.2,19.49262914921816,2.048757880046006
2017-07-07 12:00:00,0.93,0.0,0.07,0.93,35.3,43.0,20.7,999.4,51.1,21.28702461550674,0.7433592797632662
2017-07-07 13:00:00,1.0,0.0,0.5,1.0,34.0,45.0,20.4,998.6,47.9,20.8872682846991,0.7293994810822658
2017-07-07 14:00:00,1.0,0.0,0.22,1.0,34.2,44.0,20.0,997.6,46.1,21.9162833580184,1.9174263404484815
2017-07-07 15:00:00,0.98,0.0,0.04,0.98,32.8,49.0,20.5,997.3,56.9,29.188504654088145,2.5536632625063866
2017-07-07 16:00:00,0.97,0.0,0.06,0.97,32.0,50.0,20.3,997.5,58.7,26.255378037722416,2.7595514302660487
2017-07-07 17:00:00,1.0,0.0,0.09,0.95,31.5,52.0,20.5,997.7,51.5,24.099595510521358,3.817000946981637
2017-07-07 18:00:00,1.0,0.0,0.05,1.0,29.5,59.0,20.6,998.5,47.5,22.729306872586275,2.79080796397787
2017-07-07 19:00:00,0.99,0.0,0.12,0.99,28.5,64.0,21.0,999.5,42.5,21.630374659033514,3.4259147843810593
2017-07-07 20:00:00,1.0,0.0,0.15,0.99,28.0,67.0,21.3,1000.2,40.3,21.24048764512429,2.608003948870149
2017-07-07 21:00:00,0.99,0.0,0.2,0.99,27.7,70.0,21.8,1000.8,38.9,20.920088659926655,1.8302705977008231
2017-07-07 22:00:00,1.0,0.0,0.06,1.0,27.6,70.0,21.7,1001.0,38.2,21.21894706935418,1.8564173205251209
2017-07-07 23:00:00,0.99,0.0,0.38,0.99,27.5,70.0,21.5,1001.1,39.2,20.521610780689958,1.79540830060176
2017-07-08 00:00:00,0.98,0.0,0.02,0.98,27.4,71.0,21.5,1000.4,39.2,21.617424948590877,1.891279617624184
2017-07-08 01:00:00,1.0,0.0,0.05,1.0,27.0,72.0,21.5,999.9,40.3,22.34543472582006,1.562545011868413
2017-07-08 02:00:00,0.99,0.0,0.0,0.99,26.8,73.0,21.5,999.3,40.7,22.0,4.0413344371862654e-15
2017-07-08 03:00:00,0.99,0.0,0.0,0.99,26.6,74.0,21.6,999.2,41.0,22.345434725820063,-1.5625450118684048
2017-07-08 04:00:00,0.99,0.0,0.01,0.99,26.1,77.0,21.7,998.8,40.7,18.031124035460596,-1.5775189437326078
2017-07-08 05:00:00,1.0,0.0,0.0,0.97,26.4,76.0,21.8,998.7,39.6,16.90687222126065,1.776983875550107
2017-07-08 06:00:00,1.0,0.0,0.02,1.0,26.9,73.0,21.6,999.2,33.5,18.716066499215675,2.6303716081452437
2017-07-08 07:00:00,0.99,0.0,0.07,0.99,27.9,68.0,21.4,1000.0,41.0,20.9,3.8392677153269515e-15
2017-07-08 08:00:00,0.78,0.0,0.2,0.74,30.2,57.0,20.9,1000.3,40.0,18.355178524780765,-1.283519116891904
2017-07-08 09:00:00,0.78,0.0,0.06,0.77,32.3,49.0,20.2,1000.7,41.4,18.7542041448847,-1.3114217063895541
2017-07-08 10:00:00,0.55,0.0,0.15,0.5,34.5,43.0,19.9,1000.4,40.0,16.197532661533536,0.2827289842839927
2017-07-08 11:00:00,0.33,0.01,0.08,0.3,34.8,43.0,20.5,1000.1,41.8,17.67644262108995,4.736388525376127
2017-07-08 12:00:00,0.69,0.47,0.31,0.33,33.5,46.0,20.5,999.8,44.6,20.12313290145326,1.7605460035026965
2017-07-08 13:00:00,0.72,0.25,0.35,0.63,33.0,48.0,20.4,999.0,45.0,21.986598194420107,-0.7677889274550282
2017-07-08 14:00:00,0.86,0.01,0.48,0.79,33.5,46.0,20.1,998.1,46.1,20.487511953891463,0.7154396824012657
2017-07-08 15:00:00,0.86,0.0,0.3,0.84,34.1,43.0,19.6,997.4,49.7,21.547383485612208,-1.5067398328731048
2017-07-08 16:00:00,1.0,0.0,0.22,1.0,31.5,52.0,20.4,997.6,50.8,27.033985762041237,1.8904004384658033
2017-07-08 17:00:00,1.0,0.0,0.09,0.98,32.0,51.0,20.5,997.2,56.5,13.987510690493421,2.973137178693965
2017-07-08 18:00:00,0.99,0.0,0.46,0.98,30.5,56.0,20.6,997.8,31.3,16.564291101348996,3.8241679238457094
2017-07-08 19:00:00,1.0,0.0,0.7,0.99,28.4,65.0,21.2,999.0,37.8,20.884959802733743,2.1950977286207207
2017-07-08 20:00:00,1.0,0.0,0.48,1.0,27.8,70.0,21.7,999.7,37.8,20.498549022950503,2.8808831898733627
2017-07-08 21:00:00,1.0,0.0,0.81,1.0,27.7,69.0,21.5,1000.4,42.8,23.44275518110587,1.639277132986951
2017-07-08 22:00:00,1.0,0.0,0.88,1.0,27.4,72.0,21.9,1000.6,43.2,21.986598194420107,0.7677889274550167
2017-07-08 23:00:00,0.99,0.0,0.12,0.99,27.0,74.0,22.0,1000.2,40.0,21.28702461550674,0.7433592797632662
2017-07-09 00:00:00,0.99,0.0,0.0,0.99,26.9,74.0,21.9,999.6,43.6,23.796375144722113,0.41536727320734723
2017-07-09 01:00:00,0.99,0.0,0.07,0.99,26.5,75.0,21.8,999.5,47.2,25.896055304550533,-0.45201732672563305
2017-07-09 02:00:00,0.98,0.0,0.08,0.98,26.6,75.0,21.9,999.1,47.9,24.485075261967847,-0.8550376692112814
2017-07-09 03:00:00,0.98,0.01,0.11,0.98,26.2,77.0,21.9,998.8,45.4,24.86587541538889,-1.3031653104493042
2017-07-09 04:00:00,0.99,0.0,0.19,0.96,26.0,77.0,21.6,998.6,47.5,25.88422241979458,-0.9038969645947832
2017-07-09 05:00:00,0.98,0.0,0.15,0.99,26.5,75.0,21.7,999.0,47.5,24.063514070420158,3.3819063533295997
2017-07-09 06:00:00,0.96,0.0,0.33,0.94,26.9,74.0,21.8,999.5,43.6,21.9162833580184,1.9174263404484815
2017-07-09 07:00:00,0.98,0.0,0.84,0.95,27.9,70.0,21.9,999.9,47.2,25.584405171688854,0.8934271155840195
2017-07-09 08:00:00,1.0,0.0,0.09,1.0,28.2,68.0,21.9,1000.5,51.1,26.598398439049607,2.3270583313624753
2017-07-09 09:00:00,0.98,0.01,0.02,0.98,30.6,58.0,21.4,1000.7,55.1,27.683125908428952,0.966716058659271
2017-07-09 10:00:00,0.47,0.0,0.08,0.43,32.1,52.0,21.0,1000.5,55.1,26.28397875060222,0.91785676327577
2017-07-09 11:00:00,0.29,0.0,0.15,0.17,33.8,46.0,20.5,1000.3,53.3,24.485075261967847,-0.8550376692112814
2017-07-09 12:00:00,0.76,0.0,0.32,0.66,34.6,43.0,20.3,999.3,51.1,23.78550168305448,0.8306080215195182
2017-07-09 13:00:00,0.66,0.08,0.33,0.53,34.0,44.0,20.1,998.6,52.2,23.76738292715886,1.2455957585820745
2017-07-09 14:00:00,0.92,0.0,0.35,0.92,33.9,43.0,19.6,997.6,49.0,21.196771137315494,-0.36999101647040233
2017-07-09 15:00:00,0.97,0.05,0.8,0.92,33.0,47.0,20.0,997.7,47.9,24.1,4.427098178917682e-15
2017-07-09 16:00:00,0.99,0.0,0.57,0.94,31.1,54.0,20.6,997.7,55.4,28.07283614106022,5.967065526469706
2017-07-09 17:00:00,0.99,0.0,0.8,0.28,30.8,54.0,20.4,997.7,57.6,21.203147162469545,4.121474300133364
2017-07-09 18:00:00,1.0,0.0,1.0,0.18,29.5,59.0,20.6,998.5,42.8,22.605385503017455,5.218864460777674
2017-07-09 19:00:00,1.0,0.0,1.0,0.01,29.0,61.0,20.8,999.2,43.9,23.460889684399167,4.560334989499416
2017-07-09 20:00:00,0.85,0.0,0.85,0.21,28.3,66.0,21.2,1000.2,46.1,24.889746182997467,3.942148519013822
2017-07-09 21:00:00,0.8,0.0,0.38,0.69,27.8,68.0,21.4,1000.9,47.5,23.768986697831476,5.052254086871563
2017-07-09 22:00:00,0.82,0.0,0.24,0.8,27.3,69.0,21.1,1001.1,45.4,22.970076092675335,4.464930491811144
2017-07-09 23:00:00,0.89,0.0,0.1,0.89,27.0,71.0,21.1,1001.0,43.9,21.665770566268577,3.820259908672467
2017-07-10 00:00:00,0.39,0.0,0.0,0.39,26.7,71.0,21.0,1000.6,40.3,21.617061976217105,4.594848367072491
2017-07-10 01:00:00,0.9,0.02,0.05,0.9,26.5,71.0,21.0,1000.0,41.4,21.92332645766779,5.061398722736969
2017-07-10 02:00:00,0.96,0.01,0.01,0.96,26.4,74.0,21.2,999.3,45.0,24.127789948799098,4.254380352839793
2017-07-10 03:00:00,0.95,0.0,0.02,0.95,26.2,75.0,21.5,998.9,47.2,25.21067225168958,3.095481322490738
2017-07-10 04:00:00,0.7,0.0,0.02,0.7,26.2,74.0,21.1,999.1,46.4,23.4240891787352,2.8761165043614736
2017-07-10 05:00:00,0.35,0.0,0.33,0.91,26.2,75.0,21.4,1000.1,43.2,21.98844890922767,4.274121496434599
2017-07-10 06:00:00,0.93,0.0,0.42,0.9,26.1,75.0,21.4,1000.5,42.8,22.282937064261972,4.331364195047563
2017-07-10 07:00:00,0.68,0.0,0.15,0.67,27.4,70.0,21.5,1001.5,45.7,24.16254087729431,3.395823663425606
2017-07-10 08:00:00,0.58,0.0,0.0,0.58,29.6,60.0,21.1,1001.7,51.5,26.29954002962208,2.3009116085381778
2017-07-10 09:00:00,0.68,0.0,0.13,0.62,31.1,55.0,21.0,1002.0,54.0,26.983552329515586,-0.9422864109675346
2017-07-10 10:00:00,0.85,0.0,0.17,0.84,31.0,58.0,21.8,1002.2,54.4,27.732280597223113,1.939229970086691
2017-07-10 11:00:00,0.51,0.0,0.24,0.48,32.0,51.0,20.5,1001.6,55.4,24.855728525413415,3.4932448340976525
2017-07-10 12:00:00,0.92,0.0,0.79,0.61,33.8,44.0,19.8,1000.7,50.4,24.485075261967847,0.8550376692112687
2017-07-10 13:00:00,0.97,0.0,0.91,0.71,33.7,47.0,20.8,1000.0,54.7,25.19616191794106,0.4398006422195441
2017-07-10 14:00:00,0.72,0.0,0.28,0.67,32.3,49.0,20.2,999.0,51.8,25.60220374095786,2.2399025886148167
2017-07-10 15:00:00,0.85,0.0,0.24,0.83,33.0,48.0,20.5,998.1,56.2,28.760530600931727,-1.5072755397967856
2017-07-10 16:00:00,0.82,0.0,0.1,0.8,31.5,52.0,20.4,997.8,58.3,28.8,5.290474172316566e-15
2017-07-10 17:00:00,0.89,0.0,0.05,0.68,31.1,54.0,20.6,998.0,55.8,27.761901066177153,1.4549395835538517
2017-07-10 18:00:00,0.71,0.0,0.05,0.69,29.3,61.0,21.1,998.6,52.6,24.81365379103305,3.0467335851286794
2017-07-10 19:00:00,0.92,0.0,0.03,0.92,28.1,67.0,21.4,999.6,51.1,26.996876318286304,2.361920628461539
2017-07-10 20:00:00,0.91,0.0,0.02,0.91,27.5,71.0,21.7,1000.3,52.9,27.74716088077483,2.9163441251675284
2017-07-10 21:00:00,0.87,0.0,0.01,0.87,27.4,71.0,21.6,1001.0,52.2,27.33139869726734,3.841177586497817
2017-07-10 22:00:00,0.75,0.0,0.0,0.75,27.4,70.0,21.5,1001.2,51.5,27.791292245957017,3.4123416153441206
2017-07-10 23:00:00,0.7,0.0,0.03,0.7,27.1,72.0,21.6,1001.5,51.5,26.996876318286304,2.361920628461539
2017-07-11 00:00:00,0.94,0.0,0.84,0.85,27.0,73.0,21.8,1000.8,52.2,28.092690486187223,2.4577919454839625
2017-07-11 01:00:00,1.0,0.0,0.99,0.78,27.0,73.0,21.9,1000.0,52.2,28.045517449385308,2.947702664147825
2017-07-11 02:00:00,0.82,0.0,0.17,0.8,26.9,74.0,22.0,999.5,52.2,26.63821104914824,3.7437564158257706
2017-07-11 03:00:00,0.27,0.0,0.27,0.0,26.9,73.0,21.6,999.2,54.0,29.53730029243772,3.1044953590493045
2017-07-11 04:00:00,1.0,0.0,1.0,0.02,26.7,74.0,21.6,999.3,54.4,27.39427378530049,3.363593877982062
2017-07-11 05:00:00,0.88,0.0,0.99,0.04,26.7,74.0,21.7,999.7,50.8,21.98844890922767,4.274121496434599
2017-07-11 06:00:00,0.99,0.0,0.99,0.0,27.2,72.0,21.6,1000.0,41.4,22.376742645786152,2.3518904235222005
2017-07-11 07:00:00,0.43,0.0,0.41,0.02,27.9,69.0,21.6,1000.5,44.3,23.37032642230106,3.2844851826575536
2017-07-11 08:00:00,1.0,0.0,1.0,0.23,29.4,62.0,21.4,1001.3,52.2,26.962997438373492,1.4130708185594962
2017-07-11 09:00:00,0.58,0.0,0.51,0.12,29.4,61.0,21.2,1001.5,52.9,24.496268531331587,0.4275839577134457
2017-07-11 10:00:00,0.69,0.0,0.46,0.51,31.8,52.0,20.8,1001.4,54.4,26.995887769222563,0.47121497380665445
2017-07-11 11:00:00,0.93,0.0,0.86,0.79,31.8,53.0,21.0,1000.9,57.2,28.395674542441512,-0.49564834281884085
2017-07-11 12:00:00,0.84,0.0,0.56,0.6,30.6,58.0,21.3,1000.3,57.2,27.4,5.033298344495621e-15
2017-07-11 13:00:00,0.54,0.0,0.19,0.46,33.5,48.0,21.0,998.8,59.4,29.881785727870962,-1.0434949514047882
2017-07-11 14:00:00,0.56,0.01,0.15,0.47,33.5,47.0,20.8,998.1,61.9,30.581359306784332,1.0679245990965234
2017-07-11 15:00:00,0.44,0.0,0.31,0.22,33.4,48.0,20.8,997.3,61.6,27.395826847285118,0.4781959363815678
2017-07-11 16:00:00,0.54,0.0,0.52,0.08,30.4,57.0,21.0,997.5,59.4,30.96743993120925,3.802323514240592
2017-07-11 17:00:00,0.43,0.0,0.96,0.06,29.3,60.0,20.9,997.9,60.8,29.559434228735388,1.5491443047911515
2017-07-11 18:00:00,0.46,0.0,0.46,0.02,28.5,63.0,20.8,998.3,54.4,25.16546427581526,1.3188660973221964
2017-07-11 19:00:00,0.8,0.0,0.8,0.03,27.5,70.0,21.5,999.1,46.4,24.107911693820242,2.1091689744933295
2017-07-11 20:00:00,0.49,0.0,0.48,0.03,27.2,72.0,21.8,999.8,43.9,21.946409105716132,1.5346424223707626
2017-07-11 21:00:00,0.59,0.0,0.38,0.4,27.2,72.0,21.6,1000.4,40.0,20.49687775070602,0.3577743319643117
2017-07-11 22:00:00,0.76,0.0,0.71,0.37,27.0,72.0,21.5,1000.8,37.4,18.68860846525709,0.6526205883367642
2017-07-11 23:00:00,0.79,0.0,0.68,0.38,27.2,71.0,21.5,1000.8,35.3,19.42579661278904,1.699536983579336
2017-07-12 00:00:00,0.67,0.0,0.67,0.07,27.3,70.0,21.5,1000.0,35.6,19.42579661278904,1.699536983579336
2017-07-12 01:00:00,0.48,0.0,0.48,0.05,27.3,69.0,21.2,999.4,35.3,18.38879121715136,0.642150739326014
2017-07-12 02:00:00,0.44,0.0,0.38,0.11,27.2,69.0,21.0,998.7,32.8,17.689217638237995,0.6177210916342635
2017-07-12 03:00:00,0.63,0.0,0.53,0.23,27.1,69.0,20.9,998.3,31.7,15.478757788695894,0.8112073217656367
2017-07-12 04:00:00,0.76,0.0,0.63,0.4,27.0,69.0,20.9,998.7,27.7,15.441017820422056,1.350914012588703
2017-07-12 05:00:00,0.86,0.0,0.76,0.48,27.4,66.0,20.5,999.2,28.8,13.333792598034359,2.111865278043119
2017-07-12 06:00:00,0.88,0.0,0.42,0.81,27.5,64.0,20.0,999.7,25.2,13.647867363856914,1.194033675642918
2017-07-12 07:00:00,0.88,0.0,0.12,0.87,29.1,57.0,19.9,1000.2,25.9,12.552053195955994,1.0981623586204938
2017-07-12 08:00:00,0.98,0.0,0.0,0.98,31.4,49.0,19.2,1000.6,26.3,11.21577151354694,1.3771235804781632
2017-07-12 09:00:00,1.0,0.0,0.0,1.0,33.4,41.0,18.3,1000.6,26.3,7.558529312547013,1.4692292643993936
2017-07-12 10:00:00,1.0,0.0,0.0,1.0,35.1,36.0,17.8,1000.4,26.3,9.676371287520293,0.676637795318018
2017-07-12 11:00:00,0.99,0.0,0.29,0.99,36.5,33.0,17.6,999.9,33.8,14.397806810252035,0.25131465269688236
2017-07-12 12:00:00,0.99,0.0,0.26,0.99,37.3,30.0,16.8,999.3,35.3,13.724402156082174,-1.4424927930936113
2017-07-12 13:00:00,1.0,0.07,0.57,0.99,36.8,35.0,18.6,998.4,32.8,11.202965117966418,4.3004153945436085
2017-07-12 14:00:00,0.99,0.0,0.54,0.99,34.7,41.0,19.5,997.9,37.8,17.276638428678886,-3.358238318627194
2017-07-12 15:00:00,1.0,0.0,0.23,0.99,35.2,39.0,19.1,997.1,37.1,17.31321253298836,3.6800369274743483
2017-07-12 16:00:00,0.98,0.0,0.2,0.98,33.5,46.0,20.3,997.2,44.3,22.269438625026996,1.167091824217658
2017-07-12 17:00:00,0.99,0.0,0.04,0.99,33.1,46.0,19.9,997.6,44.3,14.7639479438454,-1.0323958114130534
2017-07-12 18:00:00,0.99,0.0,0.0,0.99,31.7,50.0,20.0,998.2,28.4,11.88369146357943,0.6227978792910372
2017-07-12 19:00:00,0.98,0.0,0.14,0.98,30.2,56.0,20.4,999.2,24.8,14.094155353306771,-1.730544676353097
2017-07-12 20:00:00,0.92,0.0,0.12,0.92,29.1,61.0,20.9,999.8,25.9,13.738617913471817,-3.1718098662484953
2017-07-12 21:00:00,0.97,0.0,0.08,0.97,28.2,67.0,21.5,1000.2,26.6,15.097700196861508,-0.2635313372029753
2017-07-12 22:00:00,0.95,0.0,0.0,0.95,27.8,70.0,21.8,1000.5,27.7,15.5,2.847303808017596e-15
2017-07-12 23:00:00,0.95,0.0,0.0,0.95,27.4,72.0,21.9,1000.9,27.4,15.079305974794064,-0.7902729392684535
2017-07-13 00:00:00,0.95,0.0,0.01,0.95,27.0,74.0,22.0,1000.6,29.5,16.536831988322977,-1.446785329611121
2017-07-13 01:00:00,0.93,0.0,0.0,0.93,26.8,75.0,21.9,999.9,30.2,16.536831988322977,-1.446785329611121
2017-07-13 02:00:00,0.95,0.0,0.0,0.95,26.6,75.0,21.8,999.5,29.9,16.58988772851699,-0.5793316452615214
2017-07-13 03:00:00,0.99,0.0,0.0,0.99,26.6,75.0,21.8,999.2,29.9,15.878209602597725,-0.8321417042628088
2017-07-13 04:00:00,0.99,0.0,0.0,0.99,26.5,75.0,21.6,999.0,28.8,16.197532661533536,-0.2827289842839867
2017-07-13 05:00:00,1.0,0.0,0.0,0.98,26.4,76.0,21.8,999.4,29.9,15.797593583470983,-0.2757480217090735
2017-07-13 06:00:00,0.95,0.0,0.0,0.95,26.8,75.0,21.9,999.6,28.4,15.162973563949327,1.0602984009107088
2017-07-13 07:00:00,0.94,0.0,0.0,0.94,28.5,67.0,21.9,999.9,31.3,15.844289099865124,2.2267696153610532
2017-07-13 08:00:00,0.94,0.0,0.0,0.94,31.0,56.0,21.1,1000.5,35.3,16.90687222126065,1.776983875550107
2017-07-13 09:00:00,0.92,0.0,0.0,0.93,33.0,47.0,20.3,1000.6,39.6,18.77423525338599,0.983915977367353
2017-07-13 10:00:00,0.96,0.0,0.01,0.96,34.5,42.0,19.6,1000.3,47.2,21.270809090272422,1.1147558679747138
2017-07-13 11:00:00,0.95,0.0,0.04,0.95,35.5,39.0,19.5,999.9,49.0,21.99664929344061,0.38395294162023696
2017-07-13 12:00:00,0.97,0.0,0.27,0.96,35.5,39.0,19.5,998.9,49.7,24.166882057449044,2.5400416574039766
2017-07-13 13:00:00,0.96,0.0,0.6,0.95,34.0,41.0,18.9,998.2,55.4,28.095720233894596,0.4904126208876663
2017-07-13 14:00:00,0.99,0.0,0.14,0.99,34.1,40.0,18.4,997.5,57.6,29.53730029243772,3.1044953590493045
2017-07-13 15:00:00,0.99,0.0,0.23,0.98,32.4,46.0,19.2,997.3,62.3,32.0592406980147,3.936379791986253
2017-07-13 16:00:00,0.98,0.0,0.04,0.98,31.4,49.0,19.5,997.4,63.7,30.91464506062781,4.896398755759232
2017-07-13 17:00:00,0.99,0.0,0.01,0.99,30.0,55.0,19.9,998.5,60.1,28.761676475016554,5.590703564532757
2017-07-13 18:00:00,0.99,0.0,0.03,0.99,28.4,63.0,20.6,998.9,54.7,24.45369001834514,5.197792270443995
2017-07-13 19:00:00,0.99,0.0,0.01,0.99,27.3,67.0,20.6,999.6,47.2,25.211078477112526,4.4453933482734165
2017-07-13 20:00:00,0.99,0.0,0.07,0.99,26.8,71.0,21.1,1000.2,46.8,25.211078477112526,4.4453933482734165
2017-07-13 21:00:00,0.98,0.0,0.01,0.98,26.5,72.0,21.2,1000.8,51.8,27.692037630792885,3.400154681003606
2017-07-13 22:00:00,0.97,0.0,0.06,0.97,26.2,74.0,21.2,1001.2,51.5,25.60769071234611,3.144229059852797
2017-07-13 23:00:00,0.92,0.0,0.0,0.92,26.1,75.0,21.4,1001.0,47.2,21.531605824974,3.410271337877037
2017-07-14 00:00:00,0.83,0.0,0.08,0.82,26.0,75.0,21.2,1000.3,39.6,20.498549022950503,2.8808831898733627
2017-07-14 01:00:00,0.98,0.0,0.09,0.98,26.0,75.0,21.2,999.7,38.2,19.79463583554538,3.4903283711052997
2017-07-14 02:00:00,0.94,0.0,0.49,0.93,25.9,75.0,21.1,999.2,36.4,16.533701170139086,4.74096252005238
2017-07-14 03:00:00,0.94,0.0,0.85,0.91,26.1,74.0,21.0,999.1,31.3,16.530694452401313,3.51370757482014
2017-07-14 04:00:00,0.94,0.01,0.91,0.67,26.2,74.0,21.1,999.2,32.0,16.20393862880914,4.040095656514452
2017-07-14 05:00:00,0.92,0.0,0.95,0.88,26.2,74.0,21.2,999.3,31.3,18.389174893795545,3.908739787373884
2017-07-14 06:00:00,0.94,0.0,0.6,0.92,26.9,71.0,21.0,999.5,35.6,17.302710526889744,4.9614724047059795
2017-07-14 07:00:00,0.92,0.0,0.06,0.91,27.9,66.0,21.0,1000.2,39.2,20.12335726067711,3.9115844052191644
2017-07-14 08:00:00,0.97,0.0,0.05,0.96,29.7,58.0,20.6,1000.8,39.6,18.02198188012341,3.177761651304825
2017-07-14 09:00:00,0.99,0.0,0.05,0.99,31.9,50.0,20.1,1001.0,37.8,16.95403912726309,3.9141483455832553
2017-07-14 10:00:00,0.97,0.0,0.07,0.97,32.9,47.0,20.1,1000.6,47.9,23.371264541154424,2.4564188867898538
2017-07-14 11:00:00,1.0,0.03,0.06,1.0,34.0,43.0,19.6,1000.3,51.1,22.269438625026996,-1.16709182421765
2017-07-14 12:00:00,0.99,0.01,0.2,0.99,34.2,42.0,19.3,999.6,47.2,20.83454389563006,4.428519014418284
2017-07-14 13:00:00,1.0,0.0,0.21,1.0,34.0,42.0,19.2,998.7,54.0,26.93529146977071,3.78550834611379
2017-07-14 14:00:00,1.0,0.0,0.09,1.0,33.2,44.0,19.4,998.4,63.4,32.42083163344429,2.2670853966840814
2017-07-14 15:00:00,1.0,0.0,0.14,1.0,32.4,47.0,19.5,998.0,63.4,28.36902560163749,5.514379966382139
2017-07-14 16:00:00,1.0,0.0,0.12,1.0,31.4,50.0,19.9,997.9,56.9,28.841353917642962,6.6585512085784115
2017-07-14 17:00:00,1.0,0.0,0.14,1.0,31.0,52.0,20.0,999.0,57.2,26.659552805578286,7.14340564482957
2017-07-14 18:00:00,1.0,0.0,0.13,1.0,29.6,57.0,20.2,999.3,51.5,24.06243097805162,5.114627594116891
2017-07-14 19:00:00,1.0,0.0,0.04,1.0,28.7,62.0,20.8,999.8,45.0,22.35513599337712,3.9418136330393185
2017-07-14 20:00:00,1.0,0.0,0.02,1.0,28.5,65.0,21.1,1000.7,45.0,24.148028712812536,4.693901286262998
2017-07-14 21:00:00,0.96,0.0,0.0,0.96,27.5,69.0,21.3,1001.6,45.4,23.755377839433468,4.617577688112379
2017-07-14 22:00:00,0.97,0.0,0.01,0.97,27.3,70.0,21.4,1001.8,44.6,23.755377839433468,4.617577688112379
2017-07-14 23:00:00,0.98,0.0,0.0,0.98,27.2,69.0,21.1,1001.9,46.4,24.44251686784683,4.75114398487596
2017-07-15 00:00:00,0.97,0.0,0.0,0.97,27.0,71.0,21.3,1001.3,46.1,24.494670846759416,3.87957473299773
2017-07-15 01:00:00,0.99,0.0,0.0,0.99,26.9,72.0,21.4,1000.8,46.4,25.161403952817317,2.64457012067163
2017-07-15 02:00:00,0.99,0.0,0.0,0.99,26.7,72.0,21.1,1000.1,47.5,25.559212710964626,2.6863815059786913
2017-07-15 03:00:00,0.98,0.0,0.0,0.98,26.4,73.0,21.2,999.5,47.9,25.161403952817317,2.64457012067163
2017-07-15 04:00:00,0.95,0.0,0.0,0.95,26.3,73.0,21.0,999.6,47.2,24.81365379103305,3.0467335851286794
2017-07-15 05:00:00,0.99,0.0,0.0,0.94,26.5,72.0,20.9,1000.3,46.1,23.774629580759736,5.488805725990312
2017-07-15 06:00:00,0.91,0.0,0.0,0.91,26.9,70.0,20.9,1000.3,48.2,24.45369001834514,5.197792270443995
2017-07-15 07:00:00,0.92,0.0,0.0,0.92,28.0,67.0,21.2,1000.8,48.2,25.60500157831741,4.514852619340188
2017-07-15 08:00:00,0.91,0.0,0.0,0.91,29.5,60.0,21.0,1001.3,52.6,26.99725532464396,3.314846140620003
2017-07-15 09:00:00,0.94,0.0,0.0,0.94,31.0,54.0,20.6,1001.6,55.8,28.491168365423924,2.492654242583026
2017-07-15 10:00:00,0.98,0.0,0.0,0.98,32.2,49.0,20.0,1001.4,59.8,29.835656861048204,3.135853898029601
2017-07-15 11:00:00,0.97,0.0,0.0,0.97,33.2,44.0,19.4,1000.7,59.8,29.926921507794727,2.0926942123237673
2017-07-15 12:00:00,0.98,0.0,0.02,0.98,34.2,41.0,19.0,999.8,61.9,31.327439704100613,3.2926465929310806
2017-07-15 13:00:00,1.0,0.0,0.01,1.0,34.7,39.0,18.8,998.5,63.4,31.662222237358172,3.8876320546241945
2017-07-15 14:00:00,0.99,0.0,0.03,0.99,34.2,40.0,18.9,997.8,63.7,32.08468542722687,4.509208471106133
2017-07-15 15:00:00,1.0,0.0,0.02,1.0,33.1,44.0,19.2,997.3,67.7,34.56909192082982,5.475206276408087
2017-07-15 16:00:00,0.93,0.01,0.03,0.93,32.0,46.0,19.1,997.4,67.7,33.47106072346507,4.704050812450225
2017-07-15 17:00:00,0.9,0.0,0.01,0.86,31.1,53.0,20.5,998.0,64.4,30.96743993120925,3.802323514240592
2017-07-15 18:00:00,0.84,0.0,0.01,0.84,29.6,60.0,21.0,998.6,58.0,26.602096671431696,5.1709237747043595
2017-07-15 19:00:00,0.87,0.0,0.01,0.87,28.7,64.0,21.2,999.2,51.5,27.33139869726734,3.841177586497817
2017-07-15 20:00:00,0.93,0.0,0.0,0.93,28.1,67.0,21.5,1000.1,51.1,27.034318276644868,3.799425656209797
2017-07-15 21:00:00,0.95,0.0,0.0,0.95,27.6,70.0,21.7,1000.7,50.4,26.302473018495036,3.2295376002364002
2017-07-15 22:00:00,0.91,0.0,0.0,0.91,27.3,72.0,21.8,1000.7,49.0,25.21067225168958,3.095481322490738
2017-07-15 23:00:00,0.92,0.0,0.0,0.92,27.0,74.0,21.9,1000.9,46.4,23.769073299301734,2.498230272096915
2017-07-16 00:00:00,0.82,0.0,0.0,0.81,26.5,76.0,21.9,1000.5,43.6,21.98395112606286,3.089642841313461
2017-07-16 01:00:00,0.63,0.0,0.0,0.63,26.4,76.0,21.8,1000.1,40.7,21.665770566268577,3.820259908672467
2017-07-16 02:00:00,0.75,0.0,0.0,0.75,26.2,77.0,21.8,999.9,39.6,20.908659007435244,4.0642316015204
2017-07-16 03:00:00,0.88,0.0,0.0,0.88,26.1,76.0,21.6,999.4,38.5,19.856396294896253,4.2206073236005235
2017-07-16 04:00:00,0.92,0.0,0.0,0.92,26.1,76.0,21.5,999.6,36.7,19.389964289226178,4.476525981442919
2017-07-16 05:00:00,0.89,0.0,0.0,0.98,27.1,69.0,21.0,999.8,36.4,16.54838338353567,5.376895702124087
2017-07-16 06:00:00,0.98,0.0,0.0,0.98,27.4,67.0,20.8,999.7,37.4,18.450496416125976,5.994929690873982
2017-07-16 07:00:00,0.99,0.0,0.0,0.99,28.1,66.0,21.2,1000.3,39.6,20.474874123486195,5.871075678902076
2017-07-16 08:00:00,0.99,0.0,0.0,0.99,29.3,62.0,21.4,1000.8,46.1,23.733866847594214,4.184921081773021
2017-07-16 09:00:00,0.99,0.0,0.0,0.99,30.5,57.0,21.0,1000.6,49.7,24.855728525413415,3.4932448340976525
2017-07-16 10:00:00,1.0,0.01,0.0,1.0,32.2,51.0,20.7,1000.3,55.8,27.75404237072337,4.395808467630492
2017-07-16 11:00:00,0.99,0.02,0.02,0.99,33.4,43.0,19.3,1000.3,60.5,30.284318821989064,2.6495345795288108
2017-07-16 12:00:00,0.99,0.02,0.09,0.99,34.0,42.0,19.0,999.8,63.4,32.02180601334036,2.239182807186431
2017-07-16 13:00:00,1.0,0.02,0.13,1.0,33.6,44.0,19.5,998.7,64.1,32.35559692604819,1.6956849822713955
2017-07-16 14:00:00,0.99,0.0,0.09,0.99,33.5,42.0,18.9,997.8,65.9,33.5181520887301,2.3438175178026195
2017-07-16 15:00:00,0.95,0.01,0.11,0.94,33.2,46.0,19.9,997.1,65.9,32.72010084852223,2.288012338807319
2017-07-16 16:00:00,0.96,0.0,0.21,0.96,31.0,50.0,19.5,997.2,64.8,32.42083163344429,2.2670853966840814
2017-07-16 17:00:00,0.94,0.0,0.13,0.82,30.3,56.0,20.5,997.7,61.9,29.509988448498795,4.1473584086099615
2017-07-16 18:00:00,0.93,0.0,0.1,0.93,28.8,62.0,20.8,998.0,56.2,25.227818614604963,4.903791181177196
2017-07-16 19:00:00,0.96,0.0,0.02,0.96,27.9,67.0,21.2,998.8,47.5,25.877434523592605,4.098582984054053
2017-07-16 20:00:00,0.95,0.0,0.04,0.96,27.2,72.0,21.8,999.3,47.9,25.559212710964626,2.6863815059786913
2017-07-16 21:00:00,0.96,0.0,0.0,0.96,27.0,74.0,22.0,999.6,50.8,26.302473018495036,3.2295376002364002
2017-07-16 22:00:00,0.92,0.0,0.0,0.92,27.0,73.0,21.7,1000.1,49.3,25.211078477112526,4.4453933482734165
2017-07-16 23:00:00,0.93,0.0,0.0,0.93,26.9,73.0,21.5,1000.1,47.2,23.375404996195453,6.263420891480999
2017-07-17 00:00:00,0.99,0.0,0.02,0.99,26.7,73.0,21.5,999.5,46.1,24.148145657226706,6.470476127563016
2017-07-17 01:00:00,0.98,0.0,0.05,0.98,26.6,74.0,21.6,999.0,46.4,23.76177532671108,6.3669485095220075
2017-07-17 02:00:00,0.95,0.01,0.0,0.95,26.4,75.0,21.6,998.4,46.4,24.12766856805181,6.918497631006672
2017-07-17 03:00:00,0.98,0.01,0.02,0.98,26.4,76.0,21.8,998.3,46.4,22.635145087824654,7.354604466123752
2017-07-17 04:00:00,0.92,0.04,0.07,0.92,26.4,75.0,21.6,998.4,43.6,19.451637250268305,7.079816966841339
2017-07-17 05:00:00,0.92,0.06,0.38,1.0,26.7,73.0,21.5,998.9,38.2,16.216318740228292,8.262627095259754
2017-07-17 06:00:00,1.0,0.05,0.48,1.0,26.8,74.0,21.6,999.2,32.4,9.033263185844586,10.032455143944823
2017-07-17 07:00:00,1.0,0.01,0.3,0.99,27.8,69.0,21.5,999.6,31.7,13.33721301778979,10.050310886639206
2017-07-17 08:00:00,0.99,0.0,0.2,0.99,29.5,62.0,21.4,1000.1,39.2,17.217478060749077,9.15469547432487
2017-07-17 09:00:00,0.97,0.16,0.49,0.96,30.9,56.0,21.1,1000.4,45.0,22.301271345769,6.394786654954374
2017-07-17 10:00:00,0.97,0.07,0.4,0.95,32.0,51.0,20.5,1000.2,52.6,26.272509859830663,4.1611567700701455
2017-07-17 11:00:00,0.94,0.06,0.1,0.94,33.2,46.0,20.1,999.8,63.7,32.056008065621825,1.6799841953985124
2017-07-17 12:00:00,0.97,0.01,0.06,0.97,34.0,42.0,19.2,998.9,74.2,35.3,6.4845048014852345e-15
2017-07-17 13:00:00,0.99,0.0,0.03,0.99,33.8,42.0,19.0,998.0,69.8,35.59457794756753,-0.6213056691672795
2017-07-17 14:00:00,0.99,0.0,0.04,0.99,33.3,42.0,18.8,997.5,69.8,34.578922614860716,-1.2075225859065444
2017-07-17 15:00:00,0.99,0.0,0.09,0.99,31.6,51.0,20.1,996.8,68.8,33.47959270513971,1.1691331395337754
2017-07-17 16:00:00,0.99,0.0,0.01,0.99,31.5,50.0,19.9,996.8,64.8,34.179166284053075,1.1935627872255261
2017-07-17 17:00:00,1.0,0.0,0.04,1.0,30.6,56.0,20.8,996.7,65.9,29.13949153429041,3.0626839737422435
2017-07-17 18:00:00,1.0,0.0,0.01,1.0,28.9,64.0,21.4,997.2,55.1,26.29954002962208,2.3009116085381778
2017-07-17 19:00:00,1.0,0.0,0.04,1.0,27.9,69.0,21.6,997.9,56.2,28.045517449385308,2.947702664147825
2017-07-17 20:00:00,0.99,0.0,0.03,0.99,27.6,72.0,22.1,998.7,55.1,28.7416827761431,3.020872588435182
2017-07-17 21:00:00,1.0,0.0,0.02,1.0,27.7,71.0,22.0,999.3,53.6,25.914957643018326,5.037357477940778
2017-07-17 22:00:00,0.96,0.0,0.05,0.96,27.5,73.0,22.1,999.7,48.6,25.581128021414063,4.051652644541984
2017-07-17 23:00:00,0.99,0.0,0.08,0.99,27.1,75.0,22.3,999.8,47.5,23.073246001678587,3.242733252369534
2017-07-18 00:00:00,0.97,0.0,0.14,0.97,26.2,79.0,22.3,999.6,43.9,20.871357276370592,1.0938214854775359
2017-07-18 01:00:00,0.8,0.0,0.1,0.78,25.5,78.0,21.5,999.3,37.4,19.772864788140563,1.0362519336102973
2017-07-18 02:00:00,0.88,0.0,0.14,0.87,25.5,76.0,21.0,998.8,45.4,25.21067225168958,3.095481322490738
2017-07-18 03:00:00,0.98,0.01,0.09,0.97,25.7,76.0,21.1,998.5,48.6,23.766433649797687,3.3401544230415796
2017-07-18 04:00:00,1.0,0.0,0.47,1.0,25.4,76.0,21.0,999.0,43.9,22.321756497450114,3.5354189099092217
2017-07-18 05:00:00,0.98,0.0,0.01,0.99,26.5,74.0,21.4,998.3,42.8,25.581128021414063,4.051652644541984
2017-07-18 06:00:00,0.93,0.0,0.01,0.93,26.2,74.0,21.4,998.5,46.1,20.188558936750265,3.559787642172072
2017-07-18 07:00:00,0.99,0.0,0.04,0.98,27.0,70.0,21.0,999.1,43.9,22.605385503017455,5.218864460777674
2017-07-18 08:00:00,0.99,0.0,0.04,0.99,29.1,60.0,20.6,999.5,46.4,23.084283377317814,4.906715903299132
2017-07-18 09:00:00,0.99,0.0,0.04,0.99,30.8,54.0,20.2,999.8,50.0,24.494670846759416,3.87957473299773
2017-07-18 10:00:00,0.99,0.04,0.06,0.99,31.9,48.0,19.5,999.7,56.2,28.44332620753262,2.989514049454886
2017-07-18 11:00:00,0.99,0.01,0.01,0.99,32.3,48.0,19.9,999.4,63.7,32.4,5.951783443856136e-15
2017-07-18 12:00:00,1.0,0.04,0.04,1.0,32.8,45.0,19.2,998.7,68.0,35.29462363902061,-0.6160699472360944
2017-07-18 13:00:00,1.0,0.03,0.02,1.0,33.5,44.0,19.5,998.3,72.0,36.677643351600814,-1.2808115289817972
2017-07-18 14:00:00,1.0,0.01,0.02,1.0,32.5,43.0,18.1,997.9,73.8,38.5,7.072335265075964e-15
2017-07-18 15:00:00,1.0,0.0,0.02,1.0,32.0,46.0,18.9,997.3,74.2,33.47959270513971,1.1691331395337754
2017-07-18 16:00:00,1.0,0.01,0.03,1.0,31.2,49.0,19.1,997.5,66.6,35.25162257683645,1.847459255375934
2017-07-18 17:00:00,1.0,0.0,0.0,0.99,31.0,50.0,19.5,997.2,67.3,30.195400393723016,0.5270626744059617
2017-07-18 18:00:00,0.94,0.0,0.0,0.94,29.2,59.0,20.4,997.9,56.2,25.60220374095786,2.2399025886148167
2017-07-18 19:00:00,0.61,0.0,0.0,0.61,28.0,65.0,21.0,998.9,47.5,24.494670846759416,3.87957473299773
2017-07-18 20:00:00,0.93,0.0,0.0,0.93,26.9,72.0,21.5,999.8,48.6,22.380058353559487,3.145312081697488
2017-07-18 21:00:00,0.97,0.0,0.0,0.97,26.8,72.0,21.3,1000.3,41.0,18.389174893795545,3.908739787373884
2017-07-18 22:00:00,0.95,0.0,0.01,0.95,26.5,73.0,21.3,1000.9,34.6,14.79774588831459,0.2582956152717958
2017-07-18 23:00:00,0.98,0.0,0.03,0.98,26.1,77.0,21.8,1000.8,27.4,12.98218395180946,0.680367431158276
2017-07-19 00:00:00,0.97,0.01,0.02,0.97,26.1,77.0,21.9,1000.4,23.4,10.793921949283115,1.5169868004647176
2017-07-19 01:00:00,0.99,0.04,0.05,0.99,26.0,78.0,21.8,1000.1,19.8,7.548139798310009,3.203995253612045
2017-07-19 02:00:00,0.97,0.0,0.02,0.97,25.6,79.0,21.8,999.6,14.4,6.859756131737131,2.49674704627738
2017-07-19 03:00:00,0.93,0.01,0.02,0.93,25.6,79.0,21.8,999.1,14.4,7.892397524760404,1.8221035401853085
2017-07-19 04:00:00,0.96,0.01,0.08,0.95,25.4,80.0,21.7,999.4,14.0,8.272385125302547,1.458644692402215
2017-07-19 05:00:00,0.91,0.0,0.05,0.9,25.5,80.0,21.9,999.3,19.1,10.074920287558198,2.141490415422926
2017-07-19 06:00:00,0.85,0.0,0.01,0.85,26.0,77.0,21.8,999.1,19.1,8.993683389297836,3.633683956134349
2017-07-19 07:00:00,0.8,0.0,0.02,0.8,27.5,70.0,21.6,999.6,23.0,9.706975700031002,4.73440838532204
2017-07-19 08:00:00,0.86,0.0,0.04,0.85,29.3,63.0,21.6,1000.1,24.8,8.308887217824262,4.6056913923402
2017-07-19 09:00:00,0.87,0.0,0.08,0.86,31.4,55.0,21.2,1000.4,28.4,9.663489671572243,7.281961780139784
2017-07-19 10:00:00,0.85,0.13,0.13,0.82,33.6,46.0,20.4,1000.5,58.0,19.824274492025737,1.734399280678399
2017-07-19 11:00:00,0.66,0.12,0.18,0.62,34.0,43.0,19.8,999.8,66.2,25.559212710964626,2.6863815059786913
2017-07-19 12:00:00,0.32,0.13,0.22,0.19,33.6,45.0,20.1,999.1,65.5,25.96436790361892,1.360734862316552
2017-07-19 13:00:00,0.43,0.27,0.37,0.2,34.0,41.0,19.1,997.9,65.2,25.559212710964626,2.6863815059786913
2017-07-19 14:00:00,0.45,0.0,0.17,0.38,33.8,43.0,19.4,997.3,64.4,30.258474903063586,1.5857794741612126
2017-07-19 15:00:00,0.87,0.15,0.2,0.84,33.2,46.0,20.1,997.1,68.0,30.2,5.54765000013751e-15
2017-07-19 16:00:00,0.47,0.0,0.21,0.4,31.6,52.0,20.5,997.2,59.4,29.527895887690796,2.0647916228261174
2017-07-19 17:00:00,0.64,0.0,0.57,0.14,30.4,57.0,20.8,997.7,58.0,24.494670846759416,3.87957473299773
2017-07-19 18:00:00,0.76,0.0,0.69,0.3,29.0,63.0,21.1,997.9,47.5,17.659382218223136,4.402978499913954
2017-07-19 19:00:00,0.23,0.0,0.21,0.03,28.0,68.0,21.5,998.5,33.8,14.778665142222746,3.959931390068566
2017-07-19 20:00:00,0.62,0.0,0.62,0.01,27.6,70.0,21.6,999.3,29.5,14.770028771080463,3.1394665313481727
2017-07-19 21:00:00,0.66,0.0,0.17,0.61,27.2,72.0,21.9,1000.3,27.7,11.88088766335554,3.1834742547610038
2017-07-19 22:00:00,0.88,0.01,0.23,0.85,27.1,73.0,21.8,1000.7,22.3,8.308865795825094,3.1894747509531767
2017-07-19 23:00:00,0.97,0.02,0.09,0.96,26.7,74.0,21.8,1001.0,16.2,7.593967397912721,2.1775351109542913
2017-07-20 00:00:00,0.95,0.01,0.19,0.94,26.2,77.0,21.8,1000.6,14.0,6.1385314081469815,1.417191642366351
2017-07-20 01:00:00,0.88,0.02,0.25,0.85,26.0,78.0,21.9,1000.1,12.6,6.859756131737131,2.49674704627738
2017-07-20 02:00:00,0.33,0.01,0.14,0.24,25.6,81.0,22.1,999.7,17.3,9.325458242752807,1.812685456077174
2017-07-20 03:00:00,0.69,0.01,0.06,0.68,25.5,81.0,21.9,999.2,17.3,8.320563465273988,2.864999759222979
2017-07-20 04:00:00,0.85,0.02,0.02,0.84,25.1,83.0,22.0,999.1,15.8,7.893769085249775,2.564841053312065
2017-07-20 05:00:00,0.5,0.03,0.05,0.66,25.2,84.0,22.2,998.9,18.7,1.7937955949114468,3.236092916415765
2017-07-20 06:00:00,0.81,0.03,0.03,0.8,25.8,81.0,22.3,999.2,9.7,2.5237363199446032,3.604268994871564
2017-07-20 07:00:00,0.73,0.05,0.06,0.72,27.5,73.0,22.3,999.4,19.4,4.326319829244455,7.200205325897744
2017-07-20 08:00:00,0.65,0.03,0.05,0.64,29.5,62.0,21.6,1000.2,25.6,6.888619804400324,7.924450592339108
2017-07-20 09:00:00,0.63,0.1,0.12,0.58,31.5,54.0,21.0,1000.5,32.8,12.244675899951543,6.787334683448716
2017-07-20 10:00:00,0.65,0.17,0.27,0.58,33.2,46.0,20.1,1000.2,42.1,18.738961030007925,5.0210894749889
2017-07-20 11:00:00,0.7,0.1,0.11,0.67,34.2,42.0,19.6,999.4,57.6,21.58784389856623,3.033973600929435
2017-07-20 12:00:00,0.51,0.08,0.18,0.46,35.0,40.0,19.2,998.6,55.1,23.742024396183815,1.6602040751101887
2017-07-20 13:00:00,0.59,0.07,0.28,0.51,35.2,39.0,19.1,997.4,60.5,30.23346561919551,-3.1776652833366508
2017-07-20 14:00:00,0.61,0.07,0.25,0.52,34.5,43.0,20.2,997.0,61.9,30.99527854984813,0.5410245995557884
2017-07-20 15:00:00,0.69,0.02,0.36,0.57,33.0,47.0,20.3,996.8,62.6,31.99512624500452,0.5584770059930719
2017-07-20 16:00:00,0.7,0.0,0.15,0.67,31.5,52.0,20.5,996.9,62.6,30.625216342976604,2.141523743944655
2017-07-20 17:00:00,0.22,0.0,0.11,0.64,30.9,56.0,21.2,996.7,59.0,27.034318276644868,3.799425656209797
2017-07-20 18:00:00,0.68,0.0,0.22,0.61,29.0,65.0,21.9,997.5,52.2,24.06243097805162,5.114627594116891
2017-07-20 19:00:00,0.3,0.0,0.2,0.23,27.6,71.0,21.9,998.0,46.1,21.961212892172238,3.8723543619725467
2017-07-20 20:00:00,0.66,0.0,0.28,0.56,27.4,73.0,22.1,998.9,41.4,20.894656250447134,2.936552430257389
2017-07-20 21:00:00,0.29,0.0,0.26,0.05,26.8,77.0,22.3,1000.1,38.9,19.8515246001705,1.388153827508099
2017-07-20 22:00:00,0.41,0.0,0.36,0.08,26.8,75.0,22.0,1000.6,36.4,18.061940175437016,3.5108855149284204
2017-07-20 23:00:00,0.94,0.0,0.57,0.89,26.4,76.0,21.8,1000.8,37.1,19.828869105642813,3.854341706606201
2017-07-21 00:00:00,0.9,0.0,0.56,0.8,26.3,74.0,21.4,1000.1,36.7,19.030464643664402,5.818196923982468
2017-07-21 01:00:00,0.71,0.0,0.69,0.08,26.3,74.0,21.4,999.7,37.1,19.09765326979061,4.409040665139759
2017-07-21 02:00:00,0.62,0.01,0.58,0.17,26.0,75.0,21.4,999.5,38.5,21.630374659033514,3.4259147843810593
2017-07-21 03:00:00,0.52,0.0,0.36,0.29,26.2,74.0,21.2,999.3,43.6,23.37032642230106,3.2844851826575536
2017-07-21 04:00:00,0.94,0.0,0.27,0.92,26.1,75.0,21.2,999.2,43.6,20.182151106540726,5.03197542847309
2017-07-21 05:00:00,0.58,0.0,0.06,0.92,26.8,72.0,21.2,998.9,38.2,22.970076092675335,4.464930491811144
2017-07-21 06:00:00,0.96,0.0,0.01,0.96,26.6,73.0,21.4,999.3,42.1,20.12335726067711,3.9115844052191644
2017-07-21 07:00:00,0.88,0.0,0.01,0.88,27.9,67.0,21.3,1000.0,41.0,20.908659007435244,4.0642316015204
2017-07-21 08:00:00,0.88,0.0,0.01,0.88,29.8,60.0,21.0,1000.6,41.0,19.417486257954042,5.567874587503377
2017-07-21 09:00:00,0.95,0.0,0.0,0.95,31.9,51.0,20.5,1000.7,46.8,22.650578319280786,3.9939080863393976
2017-07-21 10:00:00,0.92,0.01,0.03,0.91,33.8,44.0,20.0,1000.6,50.0,24.16254087729431,3.395823663425606
2017-07-21 11:00:00,0.48,0.28,0.13,0.34,34.2,43.0,19.8,1000.3,52.9,25.21107847711253,-4.445393348273408
2017-07-21 12:00:00,0.15,0.06,0.14,0.06,34.5,43.0,20.0,999.4,52.9,25.2,4.6291649007769944e-15
2017-07-21 13:00:00,0.22,0.18,0.2,0.03,34.0,46.0,20.6,998.4,58.7,29.49550700711354,-0.5148459898998523
2017-07-21 14:00:00,0.4,0.02,0.34,0.17,34.3,43.0,20.0,997.3,61.6,30.595339471785575,-0.5340436369808638
2017-07-21 15:00:00,0.4,0.0,0.19,0.33,33.6,45.0,20.0,996.7,60.8,27.695781155832037,0.48343165831275287
2017-07-21 16:00:00,0.48,0.0,0.47,0.06,32.3,49.0,20.4,996.8,61.6,32.3570045435071,3.972940595007798
2017-07-21 17:00:00,0.89,0.0,0.2,0.98,32.0,49.0,20.0,996.5,64.8,32.692484073699056,5.177980792831647
2017-07-21 18:00:00,0.66,0.0,0.31,0.6,30.1,57.0,20.8,997.5,61.2,28.067020960847927,4.948973063507514
2017-07-21 19:00:00,0.55,0.0,0.48,0.34,29.1,63.0,21.5,998.6,54.4,29.15030948916136,5.139986058941138
2017-07-21 20:00:00,0.72,0.0,0.16,0.67,28.5,67.0,21.8,999.4,54.4,27.727505924763967,3.896846826881843
2017-07-21 21:00:00,0.76,0.0,0.19,0.71,27.6,71.0,22.0,1000.5,53.6,28.7416827761431,3.020872588435182
2017-07-21 22:00:00,0.85,0.0,0.63,0.67,27.5,72.0,22.0,1000.5,52.2,25.21067225168958,3.095481322490738
2017-07-21 23:00:00,0.72,0.0,0.2,0.66,27.5,71.0,21.8,1000.2,46.1,22.716831833688165,3.597992695925314
2017-07-22 00:00:00,0.45,0.0,0.39,0.13,27.6,69.0,21.4,999.6,43.6,20.12335726067711,3.9115844052191644
2017-07-22 01:00:00,0.38,0.0,0.35,0.04,27.8,67.0,21.0,999.0,37.8,17.59108903567124,5.04416361145108
2017-07-22 02:00:00,0.51,0.0,0.48,0.06,27.7,67.0,21.0,998.8,33.5,16.92478250322777,5.827669964783103
2017-07-22 03:00:00,0.45,0.01,0.42,0.19,27.5,69.0,21.1,998.8,34.6,17.9749681579784,5.840421193686509
2017-07-22 04:00:00,0.63,0.01,0.41,0.56,27.4,70.0,21.4,998.9,34.9,18.36105131449028,5.613536730676552
2017-07-22 05:00:00,0.62,0.0,0.72,0.94,27.9,66.0,21.0,999.0,34.9,18.41559422444094,4.251574927099053
2017-07-22 06:00:00,0.6,0.0,0.14,0.57,28.0,66.0,21.0,999.2,36.0,18.738961030007925,5.0210894749889
2017-07-22 07:00:00,0.32,0.0,0.11,0.28,28.9,63.0,21.2,999.5,38.9,19.40591452551993,4.838437911993355
2017-07-22 08:00:00,0.45,0.0,0.04,0.43,31.2,52.0,20.3,999.9,41.0,19.856396294896253,4.2206073236005235
2017-07-22 09:00:00,0.24,0.0,0.03,0.22,33.3,44.0,19.6,1000.4,43.6,21.21894706935418,1.8564173205251209
2017-07-22 10:00:00,0.11,0.0,0.06,0.05,34.1,45.0,20.5,1000.2,48.2,22.7,4.169922351096738e-15
2017-07-22 11:00:00,0.26,0.0,0.02,0.25,35.5,41.0,20.2,999.5,48.2,19.39704528603399,0.33857668488329984
2017-07-22 12:00:00,0.48,0.01,0.06,0.46,37.4,35.0,19.3,998.0,47.2,17.271263927712738,4.3062097416740865
2017-07-22 13:00:00,0.56,0.0,0.42,0.37,36.0,41.0,20.5,997.2,46.4,21.986598194420107,0.7677889274550167
2017-07-22 14:00:00,0.4,0.0,0.12,0.36,37.4,34.0,18.8,996.2,46.1,21.270809090272422,1.1147558679747138
2017-07-22 15:00:00,0.61,0.0,0.38,0.48,35.1,41.0,19.9,996.7,54.4,21.617424948590877,-1.8912796176241762
2017-07-22 16:00:00,0.33,0.0,0.25,0.22,33.8,46.0,20.5,996.8,46.4,23.4240891787352,2.8761165043614736
2017-07-22 17:00:00,0.2,0.0,0.05,0.88,33.4,46.0,20.4,996.3,49.3,25.914957643018326,5.037357477940778
2017-07-22 18:00:00,0.85,0.0,0.03,0.84,32.0,51.0,20.5,996.7,49.3,22.635145087824654,7.354604466123752
2017-07-22 19:00:00,0.58,0.0,0.02,0.58,30.1,58.0,21.0,997.7,48.2,23.460889684399167,4.560334989499416
2017-07-22 20:00:00,0.37,0.0,0.01,0.36,29.5,63.0,21.8,998.7,46.8,24.459621297916783,3.4375755937136256
2017-07-22 21:00:00,0.92,0.0,0.04,0.91,29.0,66.0,21.9,999.4,45.4,23.809053284392718,2.083022251669032
2017-07-22 22:00:00,0.93,0.0,0.02,0.93,28.9,65.0,21.7,999.4,43.6,21.969849764600625,1.1513910373447747
2017-07-22 23:00:00,0.98,0.0,0.05,0.98,28.6,66.0,21.5,999.3,40.3,20.187694705785734,0.7049698333905153
2017-07-23 00:00:00,0.96,0.0,0.2,0.95,28.5,66.0,21.5,999.1,36.4,18.38879121715136,-0.6421507393260235
2017-07-23 01:00:00,0.95,0.0,0.21,0.94,28.4,66.0,21.5,998.7,34.2,19.097090977487074,-0.3333409629521078
2017-07-23 02:00:00,0.94,0.0,0.22,0.92,28.0,70.0,21.9,998.3,39.6,21.596710215378053,-0.37697197904531565
2017-07-23 03:00:00,0.87,0.0,0.27,0.85,27.8,70.0,21.8,998.2,39.6,18.7,3.4351342716083256e-15
2017-07-23 04:00:00,0.79,0.02,0.24,0.76,27.9,68.0,21.4,998.5,35.3,19.4,3.563722185518797e-15
2017-07-23 05:00:00,0.88,0.01,0.2,0.93,27.6,70.0,21.6,998.5,35.6,19.8,3.637200993467639e-15
2017-07-23 06:00:00,0.93,0.0,0.25,0.91,27.9,69.0,21.7,998.7,35.3,18.697151899424515,0.3263600003772014
2017-07-23 07:00:00,0.92,0.0,0.03,0.92,29.1,62.0,21.1,999.0,40.3,21.28702461550674,-0.7433592797632773
2017-07-23 08:00:00,0.87,0.0,0.05,0.86,31.2,53.0,20.5,999.6,42.5,20.84908865043033,-1.457910301252217
2017-07-23 09:00:00,0.79,0.0,0.04,0.78,33.3,45.0,20.0,999.8,41.8,16.141369520487597,-2.268521545649067
2017-07-23 10:00:00,0.52,0.0,0.02,0.52,35.2,40.0,19.5,999.5,36.0,12.208317665188261,-1.4989929238833166
2017-07-23 11:00:00,0.42,0.0,0.26,0.3,37.1,33.0,18.2,998.7,31.0,10.840288659514181,1.1393602496174215
2017-07-23 12:00:00,0.53,0.0,0.26,0.46,37.5,32.0,17.9,997.9,32.4,12.97251170051457,1.8231676225768623
2017-07-23 13:00:00,0.58,0.0,0.39,0.48,37.8,31.0,17.7,996.9,38.5,16.883987555299818,3.2819147204765673
2017-07-23 14:00:00,0.66,0.0,0.52,0.51,37.0,33.0,18.3,996.2,39.6,17.276638428678886,3.3582383186271856
2017-07-23 15:00:00,0.87,0.0,0.53,0.77,35.5,38.0,19.1,995.9,49.3,25.16546427581526,1.3188660973221964
2017-07-23 16:00:00,0.7,0.0,0.46,0.52,34.3,41.0,19.2,995.8,53.3,27.75404237072337,4.395808467630492
2017-07-23 17:00:00,0.87,0.0,0.18,0.25,33.5,44.0,19.5,996.0,56.9,26.99474754481076,5.247247372854977
2017-07-23 18:00:00,0.5,0.0,0.11,0.44,31.6,49.0,19.8,996.4,52.2,24.521713050003978,4.323839623906565
2017-07-23 19:00:00,0.35,0.0,0.1,0.31,30.0,56.0,20.3,997.2,45.4,22.380058353559487,3.145312081697488
2017-07-23 20:00:00,0.93,0.0,0.05,0.93,29.2,60.0,20.6,998.3,42.8,23.44275518110587,1.639277132986951
2017-07-23 21:00:00,0.5,0.0,0.03,0.48,28.7,62.0,20.8,999.4,44.3,23.396436066659554,0.4083863106324338
2017-07-23 22:00:00,0.75,0.0,0.03,0.74,28.3,64.0,20.8,1000.0,42.5,21.270809090272422,1.1147558679747138
2017-07-23 23:00:00,0.75,0.0,0.04,0.74,28.1,65.0,21.0,999.9,38.9,20.15079381524845,1.4090807696313368
2017-07-24 00:00:00,0.68,0.0,0.1,0.65,28.0,66.0,21.0,999.6,37.1,18.697151899424515,0.3263600003772014
2017-07-24 01:00:00,0.79,0.0,0.2,0.74,27.6,68.0,21.1,999.3,33.8,18.7,3.4351342716083256e-15
2017-07-24 02:00:00,0.65,0.0,0.13,0.6,27.5,68.0,21.1,998.7,34.6,18.3971975908776,-0.32112427844600955
2017-07-24 03:00:00,0.41,0.0,0.07,0.37,27.5,66.0,20.6,998.4,33.5,17.975331625582328,-0.942047212372991
2017-07-24 04:00:00,0.11,0.0,0.09,0.03,27.2,67.0,20.6,998.6,32.8,16.958588854417012,-1.1858600536501287
2017-07-24 05:00:00,0.59,0.01,0.05,0.06,27.4,67.0,20.6,998.4,30.6,16.90687222126065,1.776983875550107
2017-07-24 06:00:00,0.25,0.0,0.02,0.23,27.6,67.0,21.0,998.7,31.3,15.812898136355548,1.6620025659556885
2017-07-24 07:00:00,0.14,0.0,0.01,0.13,29.2,62.0,21.0,999.6,34.6,17.60303754801844,1.8501537998374644
2017-07-24 08:00:00,0.15,0.0,0.01,0.14,31.5,51.0,20.0,1000.1,36.0,15.497639274924065,0.2705122997778942
2017-07-24 09:00:00,0.13,0.0,0.0,0.13,33.5,43.0,19.1,1000.1,33.8,14.79774588831459,0.2582956152717958
2017-07-24 10:00:00,0.23,0.0,0.0,0.23,34.9,40.0,19.2,999.8,34.9,12.950531075192693,-1.1330246557195525
2017-07-24 11:00:00,0.09,0.0,0.07,0.05,36.8,34.0,18.5,999.0,36.7,11.555953584963111,-1.8302832409706988
2017-07-24 12:00:00,0.24,0.0,0.08,0.22,38.0,31.0,18.0,997.9,33.5,12.279324052395472,1.7257464519048162
2017-07-24 13:00:00,0.4,0.0,0.05,0.37,38.6,31.0,18.6,996.9,42.5,17.217478060749077,9.15469547432487
2017-07-24 14:00:00,0.48,0.0,0.3,0.35,36.8,32.0,17.6,996.2,49.7,23.76738292715886,1.2455957585820745
2017-07-24 15:00:00,0.74,0.0,0.21,0.7,35.4,40.0,19.6,995.4,52.6,25.957021469111936,2.7281928912857527
2017-07-24 16:00:00,0.74,0.0,0.1,0.73,35.3,40.0,19.8,995.4,52.6,22.644703940898008,1.5834719539916506
2017-07-24 17:00:00,0.83,0.0,0.07,0.46,33.2,47.0,20.2,996.0,49.3,27.388132820546556,5.821527342897274
2017-07-24 18:00:00,0.49,0.0,0.07,0.47,31.5,52.0,20.6,996.2,51.8,25.1296558962602,4.884710281639542
2017-07-24 19:00:00,0.4,0.0,0.07,0.36,30.0,58.0,20.9,996.8,50.0,27.732280597223113,1.939229970086691
2017-07-24 20:00:00,0.22,0.0,0.05,0.19,29.1,63.0,21.3,997.8,50.8,25.584405171688854,0.8934271155840195
2017-07-24 21:00:00,0.82,0.0,0.02,0.82,28.9,63.0,21.2,999.2,46.1,20.871357276370592,1.0938214854775359
2017-07-24 22:00:00,0.86,0.0,0.03,0.86,28.6,64.0,21.2,999.2,38.2,18.697151899424515,-0.32636000037719454
2017-07-24 23:00:00,0.59,0.0,0.07,0.57,28.2,66.0,21.2,999.2,34.2,17.25785806949496,-1.2067869957733663
2017-07-25 00:00:00,0.07,0.0,0.05,0.02,28.0,67.0,21.1,998.5,31.3,15.797593583470983,-0.2757480217090735
2017-07-25 01:00:00,0.14,0.0,0.13,0.0,27.8,67.0,21.0,997.9,29.2,15.878209602597725,-0.8321417042628088
2017-07-25 02:00:00,0.17,0.0,0.16,0.02,27.8,66.0,20.9,997.7,32.0,17.975331625582328,-0.942047212372991
2017-07-25 03:00:00,0.16,0.0,0.15,0.01,27.7,66.0,20.8,997.4,33.1,17.29736512620557,-0.30192663136499814
2017-07-25 04:00:00,0.2,0.0,0.2,0.0,27.5,68.0,21.0,997.7,31.3,15.086701504948095,1.8524140197582368
2017-07-25 05:00:00,0.32,0.0,0.0,0.31,27.1,68.0,20.8,998.0,27.0,15.086701504948095,1.8524140197582368
2017-07-25 06:00:00,0.69,0.0,0.0,0.69,27.5,67.0,20.9,998.4,29.9,15.797593583470983,0.27574802170907925
2017-07-25 07:00:00,0.55,0.0,0.0,0.55,29.2,60.0,20.8,999.3,28.4,13.326593397934865,1.400681407786555
2017-07-25 08:00:00,0.63,0.0,0.0,0.63,31.9,49.0,19.7,999.6,28.8,12.58273213790763,0.6594330486610982
2017-07-25 09:00:00,0.27,0.0,0.0,0.27,34.2,40.0,18.6,999.5,31.3,12.58273213790763,-0.6594330486610936
2017-07-25 10:00:00,0.68,0.0,0.0,0.68,35.8,35.0,18.1,999.1,30.6,11.485038046337667,-2.2324652459055776
2017-07-25 11:00:00,0.77,0.0,0.07,0.76,37.1,33.0,18.0,998.1,31.3,11.160878248725057,-1.7677094549546066
2017-07-25 12:00:00,0.61,0.0,0.11,0.58,38.8,28.0,16.9,997.0,33.1,9.371786608437748,-2.86524270628282
2017-07-25 13:00:00,0.79,0.0,0.23,0.75,40.8,23.0,15.8,995.5,31.0,8.32056346527399,-2.8649997592229757
2017-07-25 14:00:00,0.97,0.0,0.96,0.64,40.3,23.0,15.4,994.3,27.0,0.7107390870623786,2.187429987478853
2017-07-25 15:00:00,0.81,0.0,0.51,0.73,37.9,26.0,15.2,993.6,21.6,-2.9145559532826275,4.664264528860342
2017-07-25 16:00:00,0.67,0.0,0.14,0.65,37.0,30.0,16.8,993.4,21.2,7.2085048071307245,6.490566881680923
2017-07-25 17:00:00,0.76,0.0,0.08,0.21,34.8,39.0,18.6,994.7,46.1,-8.999281592012675,11.113187248834684
2017-07-25 18:00:00,0.19,0.0,0.03,0.17,33.8,42.0,19.1,994.9,28.1,7.988571260278469,8.272407703894487
2017-07-25 19:00:00,0.25,0.0,0.02,0.23,31.7,53.0,20.9,995.8,37.1,20.473239824423526,5.10455199715299
2017-07-25 20:00:00,0.08,0.0,0.02,0.07,30.2,59.0,21.4,996.7,40.7,21.538251490616688,2.6445647518916937
2017-07-25 21:00:00,0.28,0.0,0.01,0.27,29.8,62.0,21.6,997.6,39.2,19.094820391070847,2.0069464947389446
2017-07-25 22:00:00,0.13,0.0,0.01,0.12,29.4,63.0,21.5,998.0,37.4,20.49687775070602,-0.3577743319643042
2017-07-25 23:00:00,0.13,0.0,0.01,0.13,28.9,63.0,21.2,997.8,37.8,19.094820391070847,-2.006946494738937
2017-07-26 00:00:00,0.2,0.0,0.01,0.19,28.5,65.0,21.2,997.9,34.9,16.559563234313085,-1.1579574641524788
2017-07-26 01:00:00,0.18,0.0,0.02,0.17,28.1,67.0,21.4,997.3,30.2,13.681224626137661,-0.717002600528332
2017-07-26 02:00:00,0.36,0.0,0.08,0.32,27.8,68.0,21.4,997.0,25.2,11.5,2.112515728529184e-15
2017-07-26 03:00:00,0.46,0.0,0.15,0.39,27.6,69.0,21.3,996.6,20.9,10.393664600998596,0.36295476570600793
2017-07-26 04:00:00,0.33,0.0,0.29,0.05,27.6,67.0,21.0,996.8,18.7,10.075396907624226,-0.7045403848156647
2017-07-26 05:00:00,0.71,0.0,0.07,0.6,27.5,66.0,20.6,997.6,18.7,13.681224626137661,-0.717002600528332
2017-07-26 06:00:00,0.37,0.0,0.08,0.32,27.8,65.0,20.5,997.7,24.8,13.997867732189478,-0.24433369012196382
2017-07-26 07:00:00,0.38,0.03,0.09,0.32,29.5,57.0,20.2,998.7,30.6,15.497639274924065,-0.2705122997778885
2017-07-26 08:00:00,0.58,0.04,0.07,0.55,32.1,47.0,19.4,999.4,33.1,15.162973563949329,-1.0602984009107033
2017-07-26 09:00:00,0.68,0.01,0.02,0.68,34.5,40.0,18.9,999.2,33.1,13.647867363856914,-1.194033675642913
2017-07-26 10:00:00,0.23,0.0,0.04,0.2,36.2,35.0,18.4,998.7,32.8,12.950531075192693,-1.1330246557195525
2017-07-26 11:00:00,0.36,0.0,0.11,0.31,37.4,33.0,18.2,998.2,34.6,13.997867732189478,-0.24433369012196382
2017-07-26 12:00:00,0.17,0.01,0.08,0.13,38.8,29.0,17.6,997.3,36.4,15.086701504948094,-1.8524140197582448
2017-07-26 13:00:00,0.8,0.0,0.53,0.75,37.2,34.0,18.9,996.8,41.8,17.66622127077508,6.4299786945225685
2017-07-26 14:00:00,0.44,0.0,0.34,0.32,35.7,38.0,19.1,996.3,49.0,23.38574535224684,-0.8166482228385299
2017-07-26 15:00:00,0.33,0.0,0.21,0.25,35.3,38.0,18.9,995.3,50.4,23.733866847594218,-4.1849210817730125
2017-07-26 16:00:00,0.5,0.0,0.24,0.4,35.3,37.0,18.5,995.0,49.0,22.686171773333474,-0.7922185751467791
2017-07-26 17:00:00,0.23,0.0,0.2,0.25,33.1,46.0,20.0,995.4,50.4,29.148798501867407,6.195768386369242
2017-07-26 18:00:00,0.26,0.0,0.18,0.2,31.3,52.0,20.4,995.6,58.7,26.273182475062658,7.039878026788561
2017-07-26 19:00:00,0.19,0.0,0.14,0.1,29.5,59.0,20.6,996.7,50.4,24.817155375907642,4.375934077206645
2017-07-26 20:00:00,0.13,0.0,0.12,0.04,28.5,64.0,21.1,997.8,46.1,22.675099214396635,2.383248962502497
2017-07-26 21:00:00,0.2,0.0,0.2,0.02,28.7,62.0,20.7,998.5,41.0,21.538251490616688,2.6445647518916937
2017-07-26 22:00:00,0.21,0.0,0.21,0.02,28.5,63.0,20.8,999.0,39.2,20.12313290145326,1.7605460035026965
2017-07-26 23:00:00,0.16,0.0,0.16,0.02,28.4,64.0,20.9,999.1,37.1,18.77423525338599,0.983915977367353
2017-07-27 00:00:00,0.12,0.0,0.1,0.01,28.1,65.0,21.0,998.9,37.4,20.5,3.7657889073781105e-15
2017-07-27 01:00:00,0.09,0.0,0.09,0.02,27.9,67.0,21.1,998.5,37.8,19.488121126872368,-0.680540185698775
2017-07-27 02:00:00,0.12,0.0,0.1,0.03,27.5,68.0,21.1,998.1,35.6,18.68860846525709,-0.6526205883367739
2017-07-27 03:00:00,0.06,0.0,0.06,0.04,27.2,69.0,21.0,998.0,36.0,19.79698436409655,-0.345557647458206
2017-07-27 04:00:00,0.24,0.0,0.02,0.24,27.1,70.0,21.0,998.3,36.0,19.488121126872368,0.6805401856987648
2017-07-27 05:00:00,0.63,0.0,0.02,0.78,27.2,68.0,20.9,998.1,35.3,20.196923442159104,-0.3525386100331192
2017-07-27 06:00:00,0.74,0.0,0.01,0.74,27.5,68.0,21.2,998.3,36.0,19.08836479606473,0.6665803870177646
2017-07-27 07:00:00,0.88,0.0,0.02,0.87,29.2,59.0,20.5,999.2,39.2,20.196923442159104,0.35253861003312664
2017-07-27 08:00:00,0.88,0.0,0.02,0.88,31.3,49.0,19.5,999.7,39.2,16.935309867559674,-1.4816476267101841
2017-07-27 09:00:00,0.75,0.0,0.01,0.75,33.4,42.0,18.8,1000.2,35.6,14.080676440039491,-0.7379369830255096
2017-07-27 10:00:00,0.07,0.0,0.0,0.06,35.4,36.0,18.1,999.9,33.1,11.89275084152724,0.4153040107597591
2017-07-27 11:00:00,0.19,0.0,0.17,0.06,36.9,32.0,17.5,999.5,32.4,12.60533612584479,1.547740661245369
2017-07-27 12:00:00,0.17,0.0,0.03,0.15,37.3,31.0,17.5,998.3,38.2,15.058010258783414,7.672439445598343
2017-07-27 13:00:00,0.39,0.0,0.35,0.2,36.1,34.0,18.0,997.7,49.0,22.668890438928827,1.1880262067148357
2017-07-27 14:00:00,0.49,0.0,0.28,0.39,35.8,35.0,18.0,996.9,47.9,22.970076092675335,4.464930491811144
2017-07-27 15:00:00,0.55,0.0,0.29,0.45,35.3,38.0,18.8,996.7,52.6,24.118871484884128,2.9614250447450763
2017-07-27 16:00:00,0.59,0.0,0.17,0.54,33.7,43.0,19.5,996.6,56.9,29.13949153429041,3.0626839737422435
2017-07-27 17:00:00,0.69,0.0,0.28,0.89,32.7,47.0,20.0,996.7,59.0,31.309720396865863,4.958972541775323
2017-07-27 18:00:00,0.84,0.0,0.09,0.83,30.6,55.0,20.6,997.5,59.4,28.841353917642962,6.6585512085784115
2017-07-27 19:00:00,0.86,0.0,0.11,0.85,29.0,63.0,21.3,998.9,54.7,28.756386387956475,5.070526787874366
2017-07-27 20:00:00,0.82,0.0,0.25,0.8,28.4,68.0,21.9,1000.2,54.0,27.39427378530049,3.363593877982062
2017-07-27 21:00:00,0.77,0.0,0.2,0.74,27.8,71.0,22.0,1000.8,50.8,24.465238626059527,2.571400196384273
2017-07-27 22:00:00,0.6,0.0,0.08,0.58,27.0,74.0,22.0,1000.9,44.6,22.3,4.096443543147897e-15
2017-07-27 23:00:00,0.59,0.0,0.06,0.57,26.8,75.0,22.0,1001.3,40.7,21.531605824974,3.410271337877037
2017-07-28 00:00:00,0.55,0.0,0.21,0.45,27.0,73.0,21.8,1000.9,39.6,22.376742645786152,2.3518904235222005
2017-07-28 01:00:00,0.16,0.0,0.16,0.01,27.1,72.0,21.7,999.7,42.5,22.668890438928827,-1.1880262067148275
2017-07-28 02:00:00,0.07,0.0,0.07,0.01,26.5,75.0,21.8,999.1,41.4,21.21894706935418,-1.856417320525113
2017-07-28 03:00:00,0.29,0.0,0.06,0.26,26.2,75.0,21.5,998.8,38.2,16.958588854417012,1.185860053650135
2017-07-28 04:00:00,0.19,0.02,0.06,0.13,26.2,75.0,21.5,998.9,29.9,13.697136892650246,1.681796938991031
2017-07-28 05:00:00,0.06,0.0,0.0,0.85,26.6,73.0,21.5,998.7,24.8,14.392294811707119,3.8564037720275572
2017-07-28 06:00:00,0.42,0.01,0.0,0.41,27.1,71.0,21.4,998.7,26.6,11.858178973941639,3.62540913856194
2017-07-28 07:00:00,0.03,0.01,0.01,0.02,28.5,64.0,21.1,999.1,28.4,13.600108183020696,4.41894301956175
2017-07-28 08:00:00,0.15,0.01,0.0,0.14,30.9,54.0,20.5,1000.3,37.4,17.290072290574322,4.632860907335119
2017-07-28 09:00:00,0.35,0.01,0.0,0.35,33.2,46.0,19.9,1000.7,37.8,14.360376748884748,3.5804440548750835
2017-07-28 10:00:00,0.41,0.0,0.0,0.41,35.0,41.0,19.8,1000.6,40.0,17.31321253298836,3.6800369274743483
2017-07-28 11:00:00,0.17,0.0,0.14,0.04,36.5,35.0,18.8,999.9,40.0,15.478757788695894,0.8112073217656367
2017-07-28 12:00:00,0.25,0.0,0.18,0.18,37.0,34.0,18.4,999.3,37.1,15.068442890109464,4.037577103599322
2017-07-28 13:00:00,0.6,0.0,0.24,0.51,35.2,39.0,19.4,999.1,50.0,24.16254087729431,3.395823663425606
2017-07-28 14:00:00,0.55,0.0,0.27,0.47,35.0,41.0,19.9,998.1,53.6,25.56491608971709,1.3398004798193743
2017-07-28 15:00:00,0.67,0.0,0.29,0.6,34.9,40.0,19.4,997.6,51.5,22.27729045624932,-2.3414375771954266
2017-07-28 16:00:00,0.67,0.0,0.24,0.61,33.5,45.0,19.8,997.9,47.9,24.416635330376526,2.9979858477666204
2017-07-28 17:00:00,0.42,0.0,0.19,0.23,33.4,45.0,19.8,997.5,49.7,21.961212892172238,3.8723543619725467
2017-07-28 18:00:00,0.42,0.0,0.22,0.34,30.4,56.0,20.6,998.1,46.8,24.442152468785444,7.941736755436152
2017-07-28 19:00:00,0.34,0.0,0.27,0.2,29.5,60.0,21.0,999.1,52.2,28.067020960847927,4.948973063507514
2017-07-28 20:00:00,0.51,0.0,0.49,0.1,28.2,67.0,21.6,1000.4,61.6,33.15104146482015,4.070436069731915
2017-07-28 21:00:00,0.5,0.0,0.49,0.03,27.5,71.0,21.9,1001.2,61.2,29.2,5.363952980265407e-15
2017-07-28 22:00:00,0.39,0.0,0.39,0.01,26.6,75.0,22.0,1001.4,53.3,23.76738292715886,-1.2455957585820658
2017-07-28 23:00:00,0.82,0.0,0.81,0.02,26.8,75.0,21.9,1001.8,43.9,24.86587541538889,1.303165310449313
2017-07-29 00:00:00,0.99,0.0,0.99,0.15,26.9,75.0,22.1,1001.4,47.5,23.085928104141114,-0.8061783738277797
2017-07-29 01:00:00,0.99,0.0,0.99,0.24,26.6,76.0,22.1,1001.2,41.4,20.920088659926655,-1.8302705977008156
2017-07-29 02:00:00,0.89,0.01,0.87,0.27,26.7,75.0,22.0,1000.6,38.2,15.803013449522204,-2.502951440643691
2017-07-29 03:00:00,0.46,0.0,0.45,0.17,26.5,76.0,21.9,1000.2,29.2,12.992080751248245,0.4536934571325099
2017-07-29 04:00:00,0.26,0.0,0.16,0.21,26.1,77.0,21.8,1000.1,24.5,11.492994510719601,0.40134421207875876
2017-07-29 05:00:00,0.57,0.01,0.03,0.1,26.5,78.0,22.2,1000.3,19.8,19.126938203361515,1.6733902607550384
2017-07-29 06:00:00,0.27,0.0,0.01,0.27,26.8,75.0,21.9,1000.7,34.6,17.62677162359995,2.4772811970891717
2017-07-29 07:00:00,0.16,0.0,0.01,0.16,28.4,66.0,21.5,1001.0,36.4,18.355178524780765,1.2835191168919107
2017-07-29 08:00:00,0.3,0.0,0.0,0.29,30.6,56.0,21.0,1001.7,39.2,18.77423525338599,0.983915977367353
2017-07-29 09:00:00,0.44,0.01,0.01,0.43,32.9,48.0,20.3,1001.9,39.6,15.5,2.847303808017596e-15
2017-07-29 10:00:00,0.19,0.02,0.04,0.18,34.7,42.0,19.9,1001.5,35.3,11.13864522812466,-1.1707187885977133
2017-07-29 11:00:00,0.23,0.02,0.04,0.22,36.3,37.0,19.5,1000.2,30.2,7.9,1.4512064569896135e-15
2017-07-29 12:00:00,0.35,0.02,0.13,0.31,38.2,32.0,18.8,998.9,25.6,4.366330768241984,-1.0886485301985036
2017-07-29 13:00:00,0.54,0.02,0.46,0.34,38.9,30.0,18.1,998.3,21.6,6.0916401620029,0.31924933308196024
2017-07-29 14:00:00,0.69,0.04,0.36,0.62,33.8,44.0,19.8,998.6,29.9,3.2678342100901627,5.032023407672544
2017-07-29 15:00:00,0.9,0.06,0.34,0.86,34.4,40.0,19.0,997.8,21.2,4.312631754255381,3.2498011250210608
2017-07-29 16:00:00,0.81,0.0,0.41,0.76,34.2,43.0,19.6,998.0,22.0,7.600086505324834,1.7546182238821488
2017-07-29 17:00:00,0.8,0.0,0.33,0.57,34.3,42.0,19.5,997.9,27.0,1.1419715947936844,7.210124886344506
2017-07-29 18:00:00,0.6,0.02,0.27,0.54,33.2,45.0,19.8,998.7,16.6,4.641301098807197,6.881011852206848
2017-07-29 19:00:00,0.67,0.02,0.23,0.58,32.0,49.0,20.0,999.4,16.9,7.587037345449282,5.717242719944458
2017-07-29 20:00:00,0.67,0.0,0.23,0.58,30.5,60.0,21.8,1000.5,25.9,13.600108183020696,4.41894301956175
2017-07-29 21:00:00,0.61,0.0,0.23,0.51,29.1,68.0,22.5,1001.3,32.0,16.95403912726309,3.9141483455832553
2017-07-29 22:00:00,0.84,0.0,0.26,0.77,28.5,69.0,22.1,1001.2,33.5,18.02584619852685,4.161594505361507
2017-07-29 23:00:00,0.82,0.0,0.23,0.77,28.1,68.0,21.8,1001.1,33.5,16.921953492694836,3.5968722511472446
2017-07-30 00:00:00,0.64,0.0,0.21,0.52,27.8,69.0,21.5,1000.4,31.7,16.536831988322977,1.446785329611127
2017-07-30 01:00:00,0.46,0.0,0.21,0.36,27.6,68.0,21.2,999.6,31.7,17.59731943475249,-0.30716235329618313
2017-07-30 02:00:00,0.34,0.0,0.2,0.18,27.6,68.0,21.2,999.3,31.7,16.608515652650166,-1.7456253365698047
2017-07-30 03:00:00,0.48,0.01,0.19,0.37,27.5,69.0,21.3,999.0,29.9,15.483719965604623,-1.9011617571203039
2017-07-30 04:00:00,0.62,0.01,0.23,0.51,27.4,69.0,21.2,999.1,28.1,14.779717114367694,-0.7745721523955704
2017-07-30 05:00:00,0.74,0.0,0.33,0.3,27.5,69.0,21.3,999.4,26.3,11.555953584963111,-1.8302832409706988
2017-07-30 06:00:00,0.67,0.0,0.48,0.43,27.8,68.0,21.4,999.7,21.2,11.160878248725057,-1.7677094549546066
2017-07-30 07:00:00,0.46,0.0,0.38,0.32,29.1,62.0,21.2,1000.3,23.4,10.793921949283117,-1.5169868004647136
2017-07-30 08:00:00,0.45,0.0,0.42,0.15,31.1,53.0,20.5,1000.9,23.4,7.165878439167946,-1.3929056662487793
2017-07-30 09:00:00,0.51,0.0,0.35,0.31,33.0,46.0,20.0,1001.1,20.9,6.790680836331102,-0.3558845024520188
2017-07-30 10:00:00,0.45,0.02,0.44,0.13,34.0,42.0,19.5,1000.9,25.9,3.984778792366982,0.348622970990633
2017-07-30 11:00:00,0.71,0.02,0.68,0.14,34.7,40.0,19.3,1000.2,24.8,4.3109953772862175,2.907803098047882
2017-07-30 12:00:00,0.71,0.0,0.6,0.29,35.5,38.0,19.0,999.0,22.7,5.051654523226905,5.811263767715346
2017-07-30 13:00:00,0.65,0.0,0.5,0.44,33.3,45.0,19.9,998.4,40.0,17.271263927712738,4.3062097416740865
2017-07-30 14:00:00,1.0,0.08,1.0,0.8,34.5,41.0,19.4,997.6,39.6,14.392294811707119,-3.8564037720275524
2017-07-30 15:00:00,0.7,0.01,0.48,0.55,33.1,49.0,20.9,997.5,34.9,12.928784639787555,1.3588700224794936
2017-07-30 16:00:00,0.7,0.1,0.27,0.63,31.1,58.0,21.8,997.6,29.5,12.6,2.3145824503884972e-15
2017-07-30 17:00:00,0.67,0.08,0.65,0.46,32.2,49.0,20.0,997.6,25.9,13.281772812235833,0.6960682180311593
2017-07-30 18:00:00,0.87,0.1,0.85,0.4,30.9,56.0,21.2,998.4,27.7,13.333792598034359,2.111865278043119
2017-07-30 19:00:00,0.83,0.0,0.78,0.41,29.4,62.0,21.4,999.3,25.6,12.576404473017943,-1.7674983821928314
2017-07-30 20:00:00,0.66,0.0,0.56,0.32,28.5,66.0,21.5,1000.2,23.8,13.281772812235833,-0.6960682180311545
2017-07-30 21:00:00,0.7,0.0,0.65,0.24,28.0,68.0,21.6,1001.1,25.2,13.7,2.5166491722478104e-15
2017-07-30 22:00:00,0.89,0.0,0.86,0.42,27.5,72.0,22.1,1001.3,28.8,15.8,2.902412913979227e-15
2017-07-30 23:00:00,0.99,0.0,0.99,0.22,27.3,75.0,22.4,1001.2,29.5,15.097700196861508,-0.2635313372029753
2017-07-31 00:00:00,0.92,0.0,0.9,0.54,27.0,77.0,22.6,1000.5,28.1,14.0,2.5717582782094417e-15
2017-07-31 01:00:00,0.68,0.0,0.51,0.49,27.0,76.0,22.3,999.7,27.4,15.497639274924065,0.2705122997778942
2017-07-31 02:00:00,0.55,0.03,0.53,0.05,27.0,74.0,22.0,999.2,30.6,16.889704976622717,-0.5898014942722716
2017-07-31 03:00:00,0.52,0.03,0.47,0.12,26.9,75.0,22.0,999.1,29.9,15.878209602597725,-0.8321417042628088
2017-07-31 04:00:00,0.47,0.03,0.45,0.09,26.6,76.0,22.0,999.5,28.4,14.779717114367694,-0.7745721523955704
2017-07-31 05:00:00,0.49,0.05,0.74,0.44,27.2,72.0,21.8,999.6,26.6,9.676371287520295,-0.6766377953180146
2017-07-31 06:00:00,0.75,0.0,0.74,0.04,27.5,71.0,21.9,999.7,19.8,10.093847352892867,-0.35248491669526294
2017-07-31 07:00:00,0.56,0.0,0.56,0.04,28.5,67.0,21.8,1000.7,19.8,8.987963899415753,1.4235536318661024
2017-07-31 08:00:00,1.0,0.05,1.0,0.1,30.2,58.0,21.1,1001.5,23.4,9.74631457460908,1.024378940023003
2017-07-31 09:00:00,0.94,0.03,0.94,0.1,31.5,53.0,20.8,1001.7,23.8,7.558529312547013,1.4692292643993936
2017-07-31 10:00:00,0.26,0.07,0.09,0.23,33.1,47.0,20.4,1001.4,21.6,2.172914349309303,0.3441558230885083
2017-07-31 11:00:00,0.32,0.03,0.1,0.27,35.0,42.0,20.1,1000.4,19.8,-0.3479327524001633,2.475670171853926
2017-07-31 12:00:00,0.41,0.0,0.13,0.34,36.5,38.0,19.6,999.3,21.6,-2.4881992827652204,4.679622242152313
2017-07-31 13:00:00,0.76,0.32,0.73,0.4,36.8,36.0,19.2,998.0,23.4,4.683895701129233,7.212566884330647
2017-07-31 14:00:00,0.67,0.11,0.53,0.5,33.8,44.0,19.8,998.0,34.6,8.68301166946331,6.0799102253210915
2017-07-31 15:00:00,0.63,0.28,0.27,0.51,32.9,50.0,21.0,997.4,37.8,17.62677162359995,2.4772811970891717
2017-07-31 16:00:00,0.66,0.24,0.34,0.55,32.7,49.0,20.5,997.5,38.9,16.889704976622717,-0.5898014942722716
2017-07-31 17:00:00,0.53,0.0,0.59,0.47,31.4,54.0,21.1,998.1,36.4,13.685687689313369,7.276809223181306
2017-07-31 18:00:00,0.52,0.06,0.4,0.22,29.7,62.0,21.7,998.9,32.4,15.117058625094026,2.938458528798787
2017-07-31 19:00:00,0.57,0.01,0.4,0.31,29.0,65.0,21.9,999.7,29.2,14.001420049710037,5.0961001355524616
2017-07-31 20:00:00,0.46,0.04,0.38,0.37,28.4,69.0,22.2,1000.6,32.0,17.628058778918522,3.1083023802380527
2017-07-31 21:00:00,0.66,0.03,0.28,0.56,27.8,72.0,22.4,1001.1,39.6,21.547383485612205,1.5067398328731125
2017-07-31 22:00:00,0.85,0.03,0.27,0.81,27.5,73.0,22.2,1001.6,40.0,21.196771137315494,0.36999101647041016
2017-07-31 23:00:00,0.91,0.05,0.29,0.89,27.2,75.0,22.4,1001.5,38.5,20.487511953891463,-0.7154396824012763
2017-08-01 00:00:00,0.78,0.04,0.25,0.72,26.9,75.0,22.2,1000.9,38.9,20.196923442159104,-0.3525386100331192
2017-08-01 01:00:00,0.81,0.03,0.25,0.76,26.8,76.0,22.1,1000.3,36.4,18.37478343948416,-0.9629815948701685
2017-08-01 02:00:00,0.86,0.01,0.34,0.79,26.7,76.0,22.1,999.9,33.1,15.441017820422056,-1.3509140125886974
2017-08-01 03:00:00,0.63,0.0,0.32,0.48,26.4,78.0,22.1,999.7,28.1,14.7639479438454,-1.0323958114130534
2017-08-01 04:00:00,0.35,0.01,0.33,0.04,26.2,78.0,22.1,1000.0,27.0,13.291897999353974,0.4641633061432601
2017-08-01 05:00:00,0.35,0.02,0.33,0.24,26.8,76.0,22.2,999.8,23.8,12.957478821509163,-2.5186787389703955
2017-08-01 06:00:00,0.23,0.0,0.11,0.17,27.0,75.0,22.2,1000.3,23.4,11.854716907291772,-1.037153338697129
2017-08-01 07:00:00,0.18,0.01,0.12,0.07,28.4,69.0,22.1,1000.8,26.6,12.950531075192693,-1.1330246557195525
2017-08-01 08:00:00,0.17,0.01,0.15,0.02,30.8,58.0,21.6,1001.4,27.7,10.765802912487002,-1.7051356689385144
2017-08-01 09:00:00,0.16,0.01,0.07,0.1,32.8,51.0,21.2,1001.4,26.3,7.922144549932563,-1.1133848076805237
2017-08-01 10:00:00,0.22,0.06,0.13,0.14,34.1,46.0,21.0,1001.5,28.1,6.14587074139556,-2.116193003971516
2017-08-01 11:00:00,0.39,0.03,0.09,0.35,34.8,44.0,20.9,1001.0,27.7,3.9602958877851804,-1.061158084920333
2017-08-01 12:00:00,0.28,0.05,0.04,0.25,36.0,41.0,20.6,1000.2,24.1,2.878383839759834,0.35342109587492676
2017-08-01 13:00:00,0.58,0.2,0.44,0.49,38.2,34.0,19.8,998.4,21.2,1.0606601717798212,1.0606601717798214
2017-08-01 14:00:00,0.65,0.26,0.36,0.49,29.2,74.0,24.1,999.2,34.2,-0.37668495821827785,5.386845871403051
2017-08-01 15:00:00,0.82,0.04,0.74,0.57,31.8,56.0,22.0,998.5,27.0,8.273149339882604,8.273149339882607
2017-08-01 16:00:00,0.71,0.04,0.23,0.65,32.8,51.0,21.2,998.1,28.1,8.939931253174443,2.904759747124507
2017-08-01 17:00:00,0.57,0.02,0.16,0.61,32.0,54.0,21.5,998.5,29.5,11.567271091096567,9.706092906266745
2017-08-01 18:00:00,0.52,0.0,0.31,0.46,30.7,59.0,21.7,998.9,34.2,18.450958705879067,7.454671208976654
2017-08-01 19:00:00,0.34,0.03,0.31,0.14,29.1,65.0,22.0,999.8,38.5,17.24635014669866,3.981633661886415
2017-08-01 20:00:00,0.5,0.11,0.39,0.27,28.8,67.0,22.0,1000.7,37.8,21.570397950698798,1.1304566548475972
2017-08-01 21:00:00,0.78,0.03,0.41,0.66,28.4,69.0,22.1,1001.4,44.3,24.1,4.427098178917682e-15
2017-08-01 22:00:00,0.95,0.0,0.91,0.61,28.0,70.0,22.1,1001.8,43.2,22.644703940898008,1.5834719539916506
2017-08-01 23:00:00,0.87,0.0,0.86,0.38,27.8,70.0,21.8,1001.6,41.4,21.946409105716132,1.5346424223707626
2017-08-02 00:00:00,0.94,0.0,0.93,0.79,27.3,73.0,22.1,1001.5,40.3,19.787938374978097,-0.6910100347095254
2017-08-02 01:00:00,0.95,0.0,0.51,0.94,26.9,77.0,22.4,1001.1,34.9,14.094155353306771,-1.730544676353097
2017-08-02 02:00:00,0.96,0.0,0.7,0.94,26.7,76.0,22.2,1000.5,24.5,12.6,2.3145824503884972e-15
2017-08-02 03:00:00,0.97,0.0,0.73,0.95,26.5,77.0,22.1,1000.3,21.2,11.471986577987979,0.8021994480574441
2017-08-02 04:00:00,0.98,0.0,0.61,0.96,26.9,75.0,22.0,1000.3,26.6,15.483719965604624,1.901161757120296
2017-08-02 05:00:00,0.93,0.0,0.25,0.83,26.1,81.0,22.6,1000.7,28.1,5.72474478502838,-1.427339184038038
2017-08-02 06:00:00,0.87,0.0,0.31,0.83,26.8,79.0,22.8,1001.2,22.7,5.3989495089621515,1.0494494745709955
2017-08-02 07:00:00,0.98,0.0,0.97,0.68,27.4,77.0,23.0,1001.9,21.6,5.8,1.0654427152581972e-15
2017-08-02 08:00:00,0.99,0.01,0.99,0.51,28.8,69.0,22.5,1002.2,22.3,10.393664600998596,0.36295476570600793
2017-08-02 09:00:00,0.77,0.03,0.41,0.69,30.9,58.0,21.7,1002.2,27.0,11.89275084152724,-0.41530401075976525
2017-08-02 10:00:00,0.86,0.05,0.13,0.85,33.1,49.0,21.0,1001.6,29.2,11.2,2.057406622567553e-15
2017-08-02 11:00:00,0.94,0.03,0.22,0.93,34.6,44.0,20.7,1000.9,29.2,10.773691742806102,0.7533699164365563
2017-08-02 12:00:00,0.98,0.03,0.24,0.97,35.3,43.0,20.8,1000.0,31.7,13.001962732098352,3.2417534010355484
2017-08-02 13:00:00,0.99,0.01,0.74,0.97,34.0,44.0,20.2,998.9,44.3,21.28702461550674,0.7433592797632662
2017-08-02 14:00:00,0.97,0.16,0.46,0.96,34.4,44.0,20.2,997.8,43.9,19.053473359962645,1.3323486485127987
2017-08-02 15:00:00,0.97,0.05,0.66,0.96,32.9,49.0,20.8,997.8,43.9,23.44275518110587,1.639277132986951
2017-08-02 16:00:00,0.98,0.09,0.34,0.98,31.6,53.0,20.8,997.8,52.2,25.877434523592605,4.098582984054053
2017-08-02 17:00:00,0.94,0.0,0.32,0.88,31.0,55.0,21.0,997.9,52.6,25.559212710964626,2.6863815059786913
2017-08-02 18:00:00,0.86,0.0,0.35,0.82,29.5,62.0,21.4,998.6,47.5,25.238370471573553,1.7648387857263772
2017-08-02 19:00:00,0.91,0.01,0.37,0.88,28.4,67.0,21.6,999.5,51.5,28.089056091449415,3.448902418365665
2017-08-02 20:00:00,0.93,0.0,0.28,0.92,27.8,71.0,22.0,1000.4,51.1,28.089056091449415,3.448902418365665
2017-08-02 21:00:00,0.97,0.0,0.35,0.96,27.5,71.0,21.8,1001.5,52.9,28.045517449385308,2.947702664147825
2017-08-02 22:00:00,0.98,0.0,0.88,0.93,27.4,72.0,21.8,1002.1,52.2,27.694212606950526,2.4229296483848994
2017-08-02 23:00:00,0.99,0.0,0.82,0.97,27.2,72.0,21.7,1002.3,51.1,25.85756927957511,2.7177400449589872
2017-08-03 00:00:00,0.98,0.0,0.34,0.97,27.2,71.0,21.5,1001.9,47.9,24.166882057449044,2.5400416574039766
2017-08-03 01:00:00,0.98,0.0,0.52,0.97,27.1,71.0,21.4,1001.1,44.6,22.7132391164918,1.987150934646608
2017-08-03 02:00:00,0.98,0.0,0.66,0.97,27.1,71.0,21.4,1000.6,41.8,22.7132391164918,1.987150934646608
2017-08-03 03:00:00,0.97,0.01,0.52,0.96,26.8,72.0,21.2,1000.0,41.8,22.644703940898008,1.5834719539916506
2017-08-03 04:00:00,0.95,0.0,0.2,0.95,26.5,72.0,21.1,999.9,41.4,21.21894706935418,1.8564173205251209
2017-08-03 05:00:00,0.9,0.0,0.13,0.91,26.6,73.0,21.3,999.7,38.9,22.67713877418196,3.187064011985507
2017-08-03 06:00:00,0.89,0.01,0.09,0.88,26.8,73.0,21.5,999.6,44.3,23.33994374638933,4.115461810706249
2017-08-03 07:00:00,0.93,0.0,0.07,0.93,27.9,69.0,21.6,1000.4,45.7,24.127789948799098,4.254380352839793
2017-08-03 08:00:00,0.95,0.0,0.07,0.95,30.1,58.0,21.0,1000.8,50.4,25.957021469111936,2.7281928912857527
2017-08-03 09:00:00,0.98,0.0,0.05,0.98,32.0,51.0,20.7,1001.0,56.2,28.78245581814996,1.005105505032022
2017-08-03 10:00:00,0.96,0.0,0.03,0.96,33.2,48.0,20.6,1001.2,57.6,28.031549812301062,1.960156912209929
2017-08-03 11:00:00,0.91,0.0,0.02,0.91,34.2,45.0,20.4,1000.6,59.0,29.188504654088145,2.5536632625063866
2017-08-03 12:00:00,0.91,0.0,0.03,0.91,34.9,42.0,20.0,999.7,61.2,30.583177231416588,2.6756813023531083
2017-08-03 13:00:00,0.97,0.01,0.13,0.96,33.7,45.0,20.1,998.7,64.8,32.75504873995002,1.716619364768573
2017-08-03 14:00:00,0.97,0.0,0.15,0.96,33.8,45.0,20.4,997.7,64.8,30.583177231416588,2.6756813023531083
2017-08-03 15:00:00,0.94,0.0,0.16,0.94,33.3,46.0,20.2,997.2,66.6,33.472141855882654,2.928432956321317
2017-08-03 16:00:00,0.83,0.0,0.17,0.81,30.8,54.0,20.5,997.0,65.2,32.678846268471816,4.592712331682172
2017-08-03 17:00:00,0.95,0.0,0.22,0.98,30.0,58.0,21.0,997.5,64.4,30.921256278601415,6.010483354361155
2017-08-03 18:00:00,0.95,0.0,0.24,0.95,28.2,65.0,21.1,998.0,59.0,26.996873780253036,5.73836266657017
2017-08-03 19:00:00,0.56,0.0,0.19,0.51,27.4,72.0,21.8,998.5,53.3,29.212908027876324,4.105606478321942
2017-08-03 20:00:00,0.55,0.0,0.09,0.52,27.0,73.0,21.9,999.6,56.5,29.875639164403797,3.66826723649493
2017-08-03 21:00:00,0.73,0.0,0.13,0.7,26.9,74.0,21.9,1000.3,55.1,28.84049954537802,4.567886379174746
2017-08-03 22:00:00,0.86,0.0,0.27,0.82,26.6,75.0,21.9,1000.6,54.4,27.727505924763967,3.896846826881843
2017-08-03 23:00:00,0.96,0.0,0.36,0.95,26.9,73.0,21.6,1000.5,51.5,25.60769071234611,3.144229059852797
2017-08-04 00:00:00,0.95,0.01,0.42,0.92,26.6,75.0,21.8,999.7,48.6,25.559212710964626,2.6863815059786913
2017-08-04 01:00:00,0.97,0.0,0.44,0.96,26.5,75.0,21.6,999.1,47.2,24.416635330376526,2.9979858477666204
2017-08-04 02:00:00,0.97,0.02,0.54,0.95,26.4,74.0,21.5,998.6,46.8,24.459621297916783,3.4375755937136256
2017-08-04 03:00:00,0.97,0.0,0.47,0.96,26.4,73.0,21.2,997.9,47.2,25.581128021414063,4.051652644541984
2017-08-04 04:00:00,0.98,0.01,0.35,0.97,26.2,74.0,21.3,998.1,52.9,28.045517449385308,2.947702664147825
2017-08-04 05:00:00,0.98,0.0,0.23,0.96,26.5,74.0,21.5,997.8,51.8,23.704520174283303,3.7544271609655446
2017-08-04 06:00:00,0.97,0.0,0.15,0.97,26.5,74.0,21.5,998.1,44.6,22.380058353559487,3.145312081697488
2017-08-04 07:00:00,0.97,0.0,0.07,0.97,27.6,71.0,21.8,998.6,43.6,22.729306872586275,2.79080796397787
2017-08-04 08:00:00,0.98,0.0,0.08,0.98,29.7,62.0,21.8,999.2,44.6,21.969849764600625,1.1513910373447747
2017-08-04 09:00:00,0.98,0.0,0.05,0.98,31.8,54.0,21.2,999.0,43.9,19.42579661278904,1.699536983579336
2017-08-04 10:00:00,0.99,0.07,0.04,0.99,33.0,50.0,21.2,998.9,46.8,22.269438625026996,-1.16709182421765
2017-08-04 11:00:00,0.97,0.45,0.07,0.96,34.8,44.0,20.5,998.2,46.8,20.8872682846991,0.7293994810822658
2017-08-04 12:00:00,0.96,0.0,0.03,0.95,36.1,41.0,20.8,997.2,46.1,20.840223986557405,3.300767212348875
2017-08-04 13:00:00,0.98,0.01,0.17,0.97,36.0,40.0,20.4,996.1,49.7,24.107911693820242,2.1091689744933295
2017-08-04 14:00:00,0.98,0.0,0.1,0.98,33.9,46.0,20.8,995.5,55.1,27.034318276644868,3.799425656209797
2017-08-04 15:00:00,0.98,0.0,0.05,0.98,34.0,45.0,20.5,994.5,56.5,28.089056091449415,3.448902418365665
2017-08-04 16:00:00,0.99,0.0,0.04,0.99,33.2,48.0,20.6,994.5,56.9,27.377655533739382,4.827419339140663
2017-08-04 17:00:00,0.98,0.0,0.12,0.99,30.5,57.0,20.9,995.1,56.5,26.996873780253036,5.73836266657017
2017-08-04 18:00:00,0.96,0.0,0.16,0.96,28.6,65.0,21.4,995.7,51.8,24.06243097805162,5.114627594116891
2017-08-04 19:00:00,0.96,0.0,0.11,0.96,27.6,70.0,21.6,996.6,45.0,22.67558793764104,4.407687793198181
2017-08-04 20:00:00,0.98,0.0,0.05,0.98,27.4,73.0,22.0,997.5,47.2,27.39427378530049,3.363593877982062
2017-08-04 21:00:00,0.76,0.0,0.08,0.74,27.4,73.0,22.0,998.3,50.0,26.63821104914824,3.7437564158257706
2017-08-04 22:00:00,0.97,0.0,0.22,0.96,27.2,75.0,22.3,998.8,50.0,26.302473018495036,3.2295376002364002
2017-08-04 23:00:00,0.94,0.0,0.29,0.92,27.0,74.0,22.1,998.8,47.9,25.957021469111936,2.7281928912857527
2017-08-05 00:00:00,0.99,0.0,0.46,0.98,27.0,73.0,21.9,998.1,48.6,26.66340857794712,1.397370031686613
2017-08-05 01:00:00,0.98,0.0,0.35,0.98,26.5,76.0,21.9,997.4,49.3,26.28397875060222,0.91785676327577
2017-08-05 02:00:00,0.99,0.0,0.31,0.98,26.6,75.0,21.8,996.8,48.6,26.28397875060222,0.91785676327577
2017-08-05 03:00:00,0.99,0.0,0.28,0.99,26.5,74.0,21.6,996.6,49.7,25.896055304550533,0.45201732672564254
2017-08-05 04:00:00,0.98,0.0,0.32,0.98,26.2,75.0,21.5,996.7,48.6,26.255378037722416,2.7595514302660487
2017-08-05 05:00:00,0.97,0.0,0.09,0.98,26.5,75.0,21.6,996.6,49.0,25.548916173532515,3.5906660047696985
2017-08-05 06:00:00,0.98,0.0,0.07,0.98,26.4,76.0,21.8,996.7,50.4,25.211078477112526,4.4453933482734165
2017-08-05 07:00:00,0.98,0.0,0.11,0.97,27.6,71.0,21.8,997.6,53.6,28.445424209139965,4.505312593158654
2017-08-05 08:00:00,0.98,0.0,0.1,0.98,29.5,62.0,21.5,998.0,60.8,31.688578199730248,4.4535392307221064
2017-08-05 09:00:00,0.98,0.0,0.12,0.98,31.0,56.0,21.1,998.5,65.2,33.81742130380804,2.364744459925857
2017-08-05 10:00:00,0.98,0.0,0.1,0.98,31.8,53.0,21.0,997.9,67.7,34.16947814454687,2.989441976244678
2017-08-05 11:00:00,0.99,0.0,0.1,0.99,33.0,48.0,20.5,997.5,67.7,33.87934903594734,1.1830929382147757
2017-08-05 12:00:00,0.98,0.01,0.14,0.98,33.6,46.0,20.4,996.6,67.3,31.65655625171999,1.6590498129013345
2017-08-05 13:00:00,0.99,0.04,0.2,0.99,34.1,45.0,20.4,995.5,63.4,31.309720396865863,4.958972541775323
2017-08-05 14:00:00,0.98,0.0,0.26,0.98,33.3,45.0,20.0,994.8,65.2,32.692484073699056,5.177980792831647
2017-08-05 15:00:00,0.99,0.0,0.47,0.98,32.9,49.0,20.9,994.8,65.2,33.47106072346507,4.704050812450225
2017-08-05 16:00:00,0.99,0.0,0.26,0.99,31.2,52.0,20.4,994.9,67.3,32.38176584784935,4.5509604013941525
2017-08-05 17:00:00,0.98,0.0,0.1,0.97,29.4,62.0,21.2,995.6,62.3,29.478620703747264,3.619519499132871
2017-08-05 18:00:00,0.99,0.0,0.26,0.99,28.1,68.0,21.6,996.1,55.1,24.127789948799098,4.254380352839793
2017-08-05 19:00:00,0.99,0.0,0.45,0.99,27.1,74.0,22.1,996.8,45.0,22.321756497450114,3.5354189099092217
2017-08-05 20:00:00,0.98,0.0,0.31,0.97,27.0,75.0,22.1,997.4,42.1,21.93526995127322,2.6933124892537528
2017-08-05 21:00:00,1.0,0.0,0.43,1.0,26.9,75.0,22.1,998.4,40.7,21.98395112606286,3.089642841313461
2017-08-05 22:00:00,1.0,0.0,0.33,1.0,27.0,74.0,22.0,998.8,40.7,22.67713877418196,3.187064011985507
2017-08-05 23:00:00,1.0,0.0,0.35,1.0,26.9,75.0,22.1,998.7,42.8,22.716831833688165,3.597992695925314
2017-08-06 00:00:00,1.0,0.0,0.32,1.0,26.9,75.0,22.0,997.9,42.1,21.961212892172238,3.8723543619725467
2017-08-06 01:00:00,0.99,0.0,0.23,0.99,26.6,76.0,22.0,997.1,42.8,23.37032642230106,3.2844851826575536
2017-08-06 02:00:00,1.0,0.0,0.19,1.0,26.4,77.0,22.0,996.7,45.7,24.805247982484463,2.17017799441669
2017-08-06 03:00:00,1.0,0.0,0.3,1.0,26.5,76.0,22.0,996.5,46.8,23.342998776079884,1.6323014856125384
2017-08-06 04:00:00,1.0,0.0,0.39,1.0,26.4,77.0,21.9,996.8,43.6,24.166882057449044,2.5400416574039766
2017-08-06 05:00:00,1.0,0.0,0.22,0.99,26.5,75.0,21.8,996.9,47.9,18.6673096372481,2.9566113892603663
2017-08-06 06:00:00,0.99,0.0,0.02,0.99,26.9,74.0,21.8,997.0,33.8,18.37100313506956,2.9096810497482974
2017-08-06 07:00:00,0.99,0.0,0.09,0.99,28.0,69.0,21.9,997.7,42.1,22.025449995271572,3.488488570397152
2017-08-06 08:00:00,0.99,0.0,0.05,0.99,29.8,62.0,21.8,998.2,45.4,22.7132391164918,1.987150934646608
2017-08-06 09:00:00,0.99,0.0,0.07,0.99,31.4,57.0,21.8,998.5,50.8,25.184648840881213,0.8794673169030192
2017-08-06 10:00:00,1.0,0.0,0.03,1.0,33.1,50.0,21.4,998.1,51.5,24.466423601487058,1.2822309279521356
2017-08-06 11:00:00,0.98,0.0,0.06,0.98,33.5,48.0,21.1,997.8,50.8,21.196771137315494,-0.36999101647040233
2017-08-06 12:00:00,0.98,0.02,0.09,0.98,34.6,45.0,21.0,997.0,45.4,17.989034886343724,0.6281909406450137
2017-08-06 13:00:00,0.98,0.0,0.11,0.98,34.4,45.0,20.8,995.8,46.1,21.961212892172238,3.8723543619725467
2017-08-06 14:00:00,0.99,0.0,0.45,0.98,33.8,47.0,21.0,995.1,47.9,22.668890438928827,1.1880262067148357
2017-08-06 15:00:00,0.99,0.05,0.43,0.98,32.7,49.0,20.7,994.8,49.0,23.8,4.371989072956051e-15
2017-08-06 16:00:00,0.99,0.0,0.24,0.99,30.7,56.0,21.0,994.8,48.6,25.161403952817317,2.64457012067163
2017-08-06 17:00:00,1.0,0.0,0.37,0.98,30.4,57.0,21.0,994.5,49.7,24.459621297916783,3.4375755937136256
2017-08-06 18:00:00,0.99,0.01,0.37,0.98,28.6,65.0,21.5,994.9,46.4,23.07290797254394,2.425060347809558
2017-08-06 19:00:00,0.98,0.0,0.32,0.98,27.5,70.0,21.6,995.8,45.4,25.21067225168958,3.095481322490738
2017-08-06 20:00:00,1.0,0.0,0.29,0.99,27.1,74.0,22.0,996.6,46.1,25.238370471573553,1.7648387857263772
2017-08-06 21:00:00,0.98,0.0,0.31,0.98,27.0,75.0,22.1,997.4,45.0,23.742024396183815,1.6602040751101887
2017-08-06 22:00:00,0.97,0.0,0.37,0.96,27.0,75.0,22.1,998.0,42.5,22.34543472582006,1.562545011868413
2017-08-06 23:00:00,0.99,0.0,0.39,0.98,26.9,75.0,22.1,997.6,40.0,21.99664929344061,0.38395294162023696
2017-08-07 00:00:00,0.97,0.01,0.4,0.96,26.8,75.0,22.1,997.3,40.0,20.187694705785734,0.7049698333905153
2017-08-07 01:00:00,0.99,0.02,0.38,0.99,26.6,76.0,22.0,996.7,36.0,19.097090977487074,0.33334096295211485
2017-08-07 02:00:00,1.0,0.04,0.4,1.0,26.5,76.0,22.0,996.0,34.9,17.989034886343724,-0.628190940645023
2017-08-07 03:00:00,1.0,0.09,0.45,0.99,26.4,77.0,22.0,995.8,32.8,17.989034886343724,0.6281909406450137
2017-08-07 04:00:00,0.99,0.09,0.45,0.98,26.5,76.0,21.9,996.0,34.2,18.754204144884696,1.311421706389561
2017-08-07 05:00:00,0.99,0.05,0.23,0.99,26.4,77.0,22.1,996.3,33.8,17.3,3.1779584437873815e-15
2017-08-07 06:00:00,0.99,0.06,0.25,0.99,26.8,76.0,22.1,996.9,31.0,17.3,3.1779584437873815e-15
2017-08-07 07:00:00,1.0,0.04,0.25,1.0,28.2,70.0,22.1,997.5,34.9,17.989034886343724,-0.628190940645023
2017-08-07 08:00:00,0.98,0.01,0.15,0.98,30.5,59.0,21.5,998.0,36.7,17.60303754801844,-1.8501537998374578
2017-08-07 09:00:00,0.98,0.0,0.08,0.98,32.3,51.0,21.0,998.2,36.7,15.839495699658755,-1.3857763096877604
2017-08-07 10:00:00,0.42,0.01,0.03,0.41,34.2,46.0,20.8,998.4,36.0,14.79774588831459,-0.25829561527179035
2017-08-07 11:00:00,0.93,0.01,0.06,0.92,35.8,41.0,20.5,997.9,35.6,14.4,2.645237086158283e-15
2017-08-07 12:00:00,0.94,0.03,0.22,0.93,36.5,39.0,20.3,996.9,35.3,10.426010937070334,5.085105302753302
2017-08-07 13:00:00,0.93,0.0,0.48,0.9,32.4,53.0,21.5,996.8,40.0,14.392294811707119,-3.8564037720275524
2017-08-07 14:00:00,0.74,0.2,0.22,0.69,32.0,55.0,21.8,996.3,38.2,16.533701170139086,4.74096252005238
2017-08-07 15:00:00,0.9,0.09,0.28,0.88,33.3,46.0,20.2,996.0,37.8,19.094820391070847,-2.006946494738937
2017-08-07 16:00:00,0.97,0.03,0.43,0.95,31.2,55.0,21.0,996.1,44.3,22.675099214396635,2.383248962502497
2017-08-07 17:00:00,0.92,0.02,0.41,0.96,31.6,53.0,21.0,996.0,45.0,17.989034886343724,0.6281909406450137
2017-08-07 18:00:00,0.87,0.01,0.32,0.84,29.6,62.0,21.5,996.6,40.3,19.8515246001705,1.388153827508099
2017-08-07 19:00:00,0.72,0.0,0.26,0.64,28.4,66.0,21.5,997.5,36.0,19.8515246001705,1.388153827508099
2017-08-07 20:00:00,0.93,0.0,0.38,0.91,27.7,71.0,22.0,998.2,44.3,24.805247982484463,2.17017799441669
2017-08-07 21:00:00,0.88,0.0,0.33,0.84,27.3,74.0,22.2,998.9,44.3,22.314761237255098,1.9522886375475446
2017-08-07 22:00:00,0.92,0.0,0.08,0.92,27.0,76.0,22.3,999.6,41.0,22.376742645786152,2.3518904235222005
2017-08-07 23:00:00,0.92,0.0,0.16,0.91,26.9,76.0,22.3,999.5,41.8,22.7132391164918,1.987150934646608
2017-08-08 00:00:00,0.94,0.0,0.2,0.93,26.8,76.0,22.1,999.4,41.4,21.9162833580184,1.9174263404484815
2017-08-08 01:00:00,0.87,0.0,0.26,0.83,26.7,76.0,22.0,998.7,40.0,20.487511953891463,-0.7154396824012763
2017-08-08 02:00:00,0.94,0.0,0.14,0.94,26.5,76.0,22.0,998.2,37.1,16.889704976622717,0.5898014942722628
2017-08-08 03:00:00,0.94,0.0,0.26,0.92,26.2,77.0,22.0,997.7,33.5,19.08836479606473,0.6665803870177646
2017-08-08 04:00:00,0.89,0.0,0.02,0.89,26.4,76.0,21.9,997.5,35.3,16.958588854417012,-1.1858600536501287
2017-08-08 05:00:00,0.92,0.0,0.73,0.96,26.5,76.0,21.9,998.4,31.0,17.65688368959889,1.2346895852710227
2017-08-08 06:00:00,1.0,0.0,0.99,0.96,26.6,75.0,21.9,998.3,34.2,18.7542041448847,-1.3114217063895541
2017-08-08 07:00:00,0.99,0.0,0.83,0.96,27.6,71.0,21.9,998.6,34.2,14.364922323741471,-1.0044932219154032
2017-08-08 08:00:00,0.78,0.0,0.63,0.54,28.9,66.0,21.8,999.3,28.8,13.647867363856914,1.194033675642918
2017-08-08 09:00:00,0.85,0.0,0.47,0.77,31.3,55.0,21.1,999.6,33.5,15.079305974794064,0.790272939268459
2017-08-08 10:00:00,0.8,0.0,0.19,0.77,33.1,49.0,21.0,999.6,37.1,15.861268399131205,1.1091279325315968
2017-08-08 11:00:00,0.89,0.03,0.12,0.88,34.8,44.0,20.7,999.0,36.7,14.42024977268901,2.283943189587373
2017-08-08 12:00:00,0.94,0.05,0.09,0.94,35.5,42.0,20.5,998.0,35.6,13.694066410273278,2.910763671448637
2017-08-08 13:00:00,0.95,0.13,0.44,0.94,35.0,40.0,19.5,996.9,36.0,14.754994224249398,2.0736792043049808
2017-08-08 14:00:00,0.97,0.0,0.12,0.96,35.2,41.0,20.0,995.7,35.3,13.629602662131774,5.506716923213911
2017-08-08 15:00:00,0.98,0.02,0.5,0.98,33.4,47.0,20.5,995.9,44.3,19.073878214309207,4.054277970946316
2017-08-08 16:00:00,0.98,0.13,0.41,0.97,34.0,44.0,20.0,995.9,40.0,11.492994510719601,-0.40134421207876475
2017-08-08 17:00:00,0.98,0.04,0.28,1.0,32.5,46.0,19.4,996.7,24.8,-1.4586446924022143,8.272385125302547
2017-08-08 18:00:00,0.99,0.25,0.2,0.98,30.1,58.0,21.0,997.5,20.2,2.5159877142365423,10.091075553270363
2017-08-08 19:00:00,1.0,0.07,0.29,1.0,28.6,69.0,22.2,998.4,19.4,2.563427409098091,8.939733772226367
2017-08-08 20:00:00,0.94,0.01,0.35,0.92,28.9,68.0,22.4,999.3,23.0,11.488041320124251,8.34655058255312
2017-08-08 21:00:00,0.95,0.0,0.34,0.93,28.2,71.0,22.4,999.9,31.3,16.54838338353567,5.376895702124087
2017-08-08 22:00:00,0.98,0.0,0.35,0.97,28.0,71.0,22.2,1000.1,33.1,18.31742420602707,3.2298561046049046
2017-08-08 23:00:00,0.91,0.02,0.32,0.88,27.6,73.0,22.3,999.8,35.3,19.452498980066572,1.3602512380104488
2017-08-09 00:00:00,0.87,0.0,0.36,0.82,27.0,75.0,22.3,999.3,36.4,18.355178524780765,-1.283519116891904
2017-08-09 01:00:00,0.98,0.0,0.41,0.97,26.9,75.0,22.1,998.6,33.1,16.160537614209154,-1.1300548746548285
2017-08-09 02:00:00,0.97,0.0,0.37,0.96,26.8,76.0,22.1,998.2,29.2,15.861268399131207,-1.109127932531591
2017-08-09 03:00:00,0.98,0.0,0.28,0.97,26.5,76.0,22.0,997.9,30.2,16.597471739596095,-0.2897099468589
2017-08-09 04:00:00,0.98,0.0,0.19,0.98,26.5,76.0,22.0,998.0,29.5,15.1,2.773825000068755e-15
2017-08-09 05:00:00,0.97,0.0,0.08,1.0,26.3,79.0,22.4,998.2,26.3,10.093847352892867,-0.35248491669526294
2017-08-09 06:00:00,0.99,0.0,0.03,0.99,26.5,78.0,22.3,998.2,21.6,11.492994510719601,-0.40134421207876475
2017-08-09 07:00:00,0.99,0.0,0.02,0.99,27.9,71.0,22.0,998.9,25.2,11.215771513546938,-1.377123580478169
2017-08-09 08:00:00,0.93,0.01,0.01,0.93,30.0,61.0,21.5,1000.0,24.1,7.969557584733964,-0.6972459419812631
2017-08-09 09:00:00,0.94,0.01,0.01,0.94,32.2,52.0,21.0,1000.0,22.0,6.862201078041087,-0.7212463965468057
2017-08-09 10:00:00,0.89,0.11,0.11,0.86,34.0,46.0,20.6,1000.0,22.7,5.72474478502838,-1.427339184038038
2017-08-09 11:00:00,0.91,0.08,0.26,0.89,35.2,42.0,20.5,999.6,22.3,4.374859974957706,-1.421478174124757
2017-08-09 12:00:00,0.98,0.13,0.33,0.97,35.3,42.0,20.6,998.8,21.2,4.685893304218873,1.4326213531414118
2017-08-09 13:00:00,1.0,0.69,0.34,1.0,34.5,45.0,20.9,997.8,29.2,-3.9333692308670787,9.735430472951267
2017-08-09 14:00:00,0.96,0.32,0.33,0.95,31.4,58.0,22.1,997.7,30.6,8.650090580795544,5.405176495178691
2017-08-09 15:00:00,0.95,0.39,0.24,0.93,30.5,59.0,21.7,997.1,25.2,7.165878439167947,1.3929056662487755
2017-08-09 16:00:00,0.94,0.2,0.28,0.93,31.0,59.0,22.0,996.8,25.2,9.4,1.726751986797768e-15
2017-08-09 17:00:00,0.89,0.1,0.27,0.59,31.7,56.0,21.8,997.4,32.0,-3.5499999999999994,6.148780366869515
2017-08-09 18:00:00,0.54,0.25,0.35,0.31,30.5,59.0,21.5,998.0,16.9,4.040515447681965,7.929958065276475
2017-08-09 19:00:00,0.57,0.05,0.34,0.45,28.9,65.0,21.7,998.3,26.3,14.770028771080463,3.1394665313481727
2017-08-09 20:00:00,0.66,0.11,0.24,0.54,28.0,70.0,22.0,999.1,31.0,14.8,2.718715894107124e-15
2017-08-09 21:00:00,0.77,0.05,0.26,0.73,27.7,72.0,22.1,999.7,27.0,13.291897999353974,0.4641633061432601
2017-08-09 22:00:00,0.93,0.04,0.29,0.9,27.2,74.0,22.2,1000.3,27.7,15.462242779027276,-1.081225343033941
2017-08-09 23:00:00,0.99,0.02,0.32,0.98,26.9,77.0,22.5,1000.3,28.1,15.097700196861508,-0.2635313372029753
2017-08-10 00:00:00,0.96,0.03,0.36,0.94,26.5,78.0,22.4,999.6,32.0,17.289461307430358,0.6037612929532632
2017-08-10 01:00:00,0.98,0.02,0.49,0.97,26.5,77.0,22.2,998.9,31.3,14.779717114367694,-0.7745721523955704
2017-08-10 02:00:00,0.99,0.0,0.25,0.99,26.4,77.0,22.1,998.2,27.0,10.400704331592486,-3.5812496990287195
2017-08-10 03:00:00,1.0,0.07,0.14,1.0,26.2,78.0,22.1,998.0,19.8,9.706975700031006,-4.734408385322037
2017-08-10 04:00:00,1.0,0.11,0.19,1.0,26.1,79.0,22.1,998.1,19.8,8.642763284627168,-4.403707847473602
2017-08-10 05:00:00,0.99,0.05,0.25,1.0,26.5,76.0,21.9,998.6,18.0,7.6000865053248345,-1.7546182238821464
2017-08-10 06:00:00,0.99,0.04,0.28,0.99,26.8,74.0,21.9,998.7,16.9,8.272385125302549,-1.4586446924022118
2017-08-10 07:00:00,0.98,0.11,0.19,0.98,27.7,71.0,22.0,999.8,17.3,7.2,1.3226185430791415e-15
2017-08-10 08:00:00,0.98,0.14,0.14,0.98,29.0,68.0,22.4,1000.1,16.9,1.766928930205795,-0.3434561916777812
2017-08-10 09:00:00,0.99,0.19,0.14,0.99,30.5,62.0,22.4,1000.4,19.4,-0.7128052193506944,0.3631923997916374
2017-08-10 10:00:00,0.95,0.31,0.35,0.94,32.0,57.0,22.4,1000.4,21.6,-1.7874357113510333,1.4474368994146256
2017-08-10 11:00:00,0.99,0.68,0.72,0.98,33.7,50.0,21.6,1000.1,22.3,-2.877261607343091,3.195522749552794
2017-08-10 12:00:00,1.0,0.23,1.0,0.95,34.5,45.0,20.9,999.0,26.6,-6.8778274236459715,8.196675541373063
2017-08-10 13:00:00,0.97,0.48,0.7,0.93,29.1,75.0,24.2,999.1,34.6,-3.9357886821272814,2.1816432911085166
2017-08-10 14:00:00,0.99,0.64,0.92,0.98,26.4,90.0,24.6,998.6,29.5,7.9062875991444335,9.42234665036343
2017-08-10 15:00:00,1.0,0.69,0.82,1.0,27.3,81.0,23.7,997.6,24.8,-4.981241083792128,7.9716521038704045
2017-08-10 16:00:00,1.0,0.12,0.38,1.0,28.7,73.0,23.4,998.1,22.0,-0.7212463965468108,6.862201078041086
2017-08-10 17:00:00,0.98,0.02,0.97,0.98,28.2,75.0,23.4,998.0,16.9,-2.8999999999999995,5.022947341949744
2017-08-10 18:00:00,0.99,0.04,0.53,0.98,27.2,82.0,23.9,998.5,16.6,-6.069785404556238,6.509047944410617
2017-08-10 19:00:00,0.99,0.59,0.68,0.98,26.9,86.0,24.4,999.4,15.1,2.563427409098091,8.939733772226367
2017-08-10 20:00:00,0.98,0.05,0.36,0.97,27.0,83.0,23.9,1000.1,16.2,3.9754388860199628,7.171881598543045
2017-08-10 21:00:00,0.95,0.02,0.27,0.95,26.7,83.0,23.6,1000.6,14.0,5.046340541172276,4.705788684431241
2017-08-10 22:00:00,0.97,0.07,0.19,0.96,26.6,81.0,23.1,1001.1,15.8,7.958760696528401,5.368251873319167
2017-08-10 23:00:00,0.97,0.04,0.36,0.96,26.7,79.0,22.6,1000.8,18.7,10.400704331592486,3.581249699028723
2017-08-11 00:00:00,0.96,0.05,0.3,0.95,26.5,78.0,22.4,1000.6,24.8,14.42991959668066,2.8048922320352054
2017-08-11 01:00:00,0.98,0.12,0.45,0.97,26.3,79.0,22.4,1000.1,30.2,16.593164121998313,2.6280990126758814
2017-08-11 02:00:00,0.99,0.14,0.43,0.98,26.2,79.0,22.4,999.2,31.3,16.6,3.0493705298769097e-15
2017-08-11 03:00:00,0.98,0.02,0.31,0.98,26.0,78.0,22.0,998.3,29.9,13.681224626137661,0.717002600528337
2017-08-11 04:00:00,0.99,0.1,0.37,0.99,25.8,79.0,21.8,998.7,28.4,15.462242779027276,-1.081225343033941
2017-08-11 05:00:00,0.99,0.0,0.22,0.96,25.5,82.0,22.1,999.7,27.7,18.728460324124818,1.638527963655975
2017-08-11 06:00:00,0.99,0.02,0.88,0.97,26.0,78.0,22.0,999.9,41.0,22.644703940898008,1.5834719539916506
2017-08-11 07:00:00,0.98,0.0,0.47,0.97,26.6,75.0,21.9,1000.6,41.8,21.28702461550674,-0.7433592797632773
2017-08-11 08:00:00,0.97,0.01,0.41,0.95,27.6,71.0,21.9,1001.3,42.1,21.9162833580184,-1.9174263404484735
2017-08-11 09:00:00,0.97,0.0,0.29,0.96,29.4,63.0,21.7,1001.5,45.4,22.7132391164918,-1.9871509346465999
2017-08-11 10:00:00,0.99,0.0,0.16,0.99,31.5,55.0,21.4,1001.5,50.4,24.884831592775484,-0.8689974678922818
2017-08-11 11:00:00,0.98,0.0,0.13,0.98,32.5,51.0,21.0,1001.0,50.4,24.440319231365695,-1.7090336067310679
2017-08-11 12:00:00,0.94,0.07,0.2,0.93,32.2,52.0,21.0,1000.4,51.1,24.166834741060686,-1.2665301410792436
2017-08-11 13:00:00,0.92,0.0,0.3,0.9,32.3,51.0,20.9,999.1,49.3,21.196771137315494,-0.36999101647040233
2017-08-11 14:00:00,0.79,0.0,0.25,0.77,32.5,50.0,20.9,998.2,50.0,25.184648840881213,-0.8794673169030323
2017-08-11 15:00:00,0.59,0.0,0.3,0.51,32.0,51.0,20.7,997.2,52.6,26.598398439049607,2.3270583313624753
2017-08-11 16:00:00,0.89,0.07,0.7,0.87,31.0,54.0,20.7,997.3,55.1,28.48263857004423,0.9946356560212717
2017-08-11 17:00:00,0.88,0.06,0.09,0.17,29.6,59.0,20.9,997.7,54.7,25.1296558962602,4.884710281639542
2017-08-11 18:00:00,0.1,0.09,0.04,0.01,28.0,65.0,20.8,997.8,47.5,25.581128021414063,4.051652644541984
2017-08-11 19:00:00,0.05,0.02,0.03,0.02,26.8,71.0,21.1,998.7,48.2,26.66340857794712,1.397370031686613
2017-08-11 20:00:00,0.27,0.0,0.05,0.26,26.5,73.0,21.4,1000.0,48.6,23.796375144722113,0.41536727320734723
2017-08-11 21:00:00,0.07,0.04,0.06,0.04,26.5,73.0,21.4,1001.0,43.2,20.471905462468765,1.0728871029803584
2017-08-11 22:00:00,0.15,0.02,0.15,0.02,26.5,72.0,21.1,1001.3,36.7,18.36210380536446,2.2545828529952225
2017-08-11 23:00:00,0.22,0.0,0.2,0.02,26.5,71.0,20.8,1001.4,34.2,18.659867650856857,2.291143656016767
2017-08-12 00:00:00,0.3,0.0,0.23,0.1,26.4,72.0,20.9,1001.2,34.2,18.00084630616575,1.891965185144526
2017-08-12 01:00:00,0.5,0.0,0.19,0.42,26.1,73.0,20.8,1000.6,35.3,19.453904572169915,2.3886391307408847
2017-08-12 02:00:00,0.51,0.0,0.22,0.42,25.9,74.0,21.0,999.8,37.8,20.516008134056175,3.9879080033697822
2017-08-12 03:00:00,0.26,0.0,0.18,0.14,25.8,75.0,21.0,999.3,37.8,18.31742420602707,3.2298561046049046
2017-08-12 04:00:00,0.53,0.0,0.17,0.49,25.6,75.0,20.9,999.7,33.8,17.28454596041491,2.7376031382040433
2017-08-12 05:00:00,0.44,0.0,0.05,0.95,25.5,75.0,20.8,1000.0,31.3,14.772116295183121,2.6047226650039548
2017-08-12 06:00:00,0.99,0.0,0.04,0.99,26.0,73.0,20.8,1000.3,27.0,14.36492232374147,1.0044932219154084
2017-08-12 07:00:00,0.98,0.0,0.02,0.98,27.2,68.0,20.9,1000.9,26.6,12.992080751248245,0.4536934571325099
2017-08-12 08:00:00,0.99,0.0,0.03,0.99,29.0,61.0,20.7,1001.8,25.6,9.394273773979501,-0.32805526900351206
2017-08-12 09:00:00,0.86,0.0,0.05,0.85,30.9,53.0,20.2,1001.7,21.6,5.421022142882376,-1.7613968679371992
2017-08-12 10:00:00,0.96,0.0,0.05,0.96,32.8,47.0,20.0,1001.6,18.7,3.604268994871564,-2.523736319944603
2017-08-12 11:00:00,0.99,0.0,0.03,0.99,34.0,43.0,19.6,1001.1,19.4,3.9282454678631846,-1.7489675652259389
2017-08-12 12:00:00,0.99,0.0,0.21,0.98,35.0,38.0,18.8,999.9,19.4,4.374859974957706,-1.421478174124757
2017-08-12 13:00:00,0.98,0.01,0.29,0.97,35.0,38.0,18.5,998.9,19.4,4.98963653545486,-2.542346798541461
2017-08-12 14:00:00,0.95,0.01,0.34,0.94,35.5,37.0,18.4,998.1,20.2,6.1194134401407965,-2.4724035165450187
2017-08-12 15:00:00,0.95,0.0,0.49,0.94,35.0,37.0,18.2,997.5,20.2,-2.6942229581241775e-16,2.2
2017-08-12 16:00:00,0.91,0.15,0.59,0.89,32.5,47.0,19.8,997.7,23.8,-1.461317560080686,10.397814721786489
2017-08-12 17:00:00,0.84,0.02,0.22,0.95,31.5,56.0,21.5,998.2,23.8,-9.709673629059509,11.169701787297026
2017-08-12 18:00:00,1.0,0.01,0.15,1.0,30.1,60.0,21.6,998.4,27.7,-8.227681403987706,9.805368871922918
2017-08-12 19:00:00,0.99,0.01,0.2,0.98,29.3,61.0,21.1,999.5,22.7,-4.361704647071826,6.466493065929325
2017-08-12 20:00:00,0.99,0.01,0.23,0.99,29.0,63.0,21.3,1000.6,13.3,4.313351365237939,4.31335136523794
2017-08-12 21:00:00,0.99,0.0,0.55,0.97,28.5,67.0,21.9,1001.4,20.9,11.546519142684359,2.8788705576360467
2017-08-12 22:00:00,0.89,0.0,0.46,0.87,27.2,75.0,22.3,1002.3,22.3,13.688827766869691,2.4137096695703315
2017-08-12 23:00:00,0.98,0.0,0.45,0.96,26.6,78.0,22.5,1002.1,24.5,12.26862906020748,3.9863192274368235
2017-08-13 00:00:00,0.94,0.0,0.67,0.91,25.5,84.0,22.6,1001.8,20.9,12.26862906020748,3.9863192274368235
2017-08-13 01:00:00,0.93,0.0,0.44,0.89,25.8,83.0,22.6,1000.7,29.2,16.544770250605097,-2.9172893848044237
2017-08-13 02:00:00,0.97,0.05,0.64,0.96,25.8,84.0,22.8,1000.4,29.2,10.403230962470195,-7.284420741658284
2017-08-13 03:00:00,0.99,0.0,0.38,0.99,25.5,87.0,23.1,1000.0,21.2,4.971631089293719,-6.139453095510068
2017-08-13 04:00:00,1.0,0.0,0.13,1.0,25.6,86.0,23.0,1000.0,13.3,6.862201078041087,-0.7212463965468057
2017-08-13 05:00:00,0.99,0.0,0.06,1.0,25.7,81.0,22.2,1000.3,12.6,6.887939181478538,-3.2118987892293167
2017-08-13 06:00:00,0.98,0.0,0.17,0.98,26.1,79.0,22.1,1001.0,16.2,6.151828996322965,-6.151828996322961
2017-08-13 07:00:00,0.97,0.0,0.04,0.97,27.2,72.0,21.9,1001.8,17.3,5.374011537017762,-5.3740115370177595
2017-08-13 08:00:00,0.97,0.06,0.03,0.97,29.0,66.0,21.9,1002.6,19.4,3.550000000000003,-6.148780366869512
2017-08-13 09:00:00,0.98,0.06,0.0,0.98,30.5,59.0,21.5,1002.8,20.2,1.8469087739586105,-5.074340152243906
2017-08-13 10:00:00,0.97,0.07,0.02,0.97,32.0,53.0,21.2,1002.8,22.3,-0.3479327524001636,-2.475670171853926
2017-08-13 11:00:00,0.98,0.14,0.05,0.98,33.0,50.0,21.2,1002.0,22.7,5.388445916248355e-16,-2.2
2017-08-13 12:00:00,0.98,0.27,0.07,0.98,34.0,47.0,21.0,1001.1,21.6,1.0895771993749126,-2.138415658052083
2017-08-13 13:00:00,0.98,0.46,0.08,0.97,34.3,45.0,20.8,999.6,18.7,1.083267041673687,-1.437543918085127
2017-08-13 14:00:00,0.98,0.15,0.08,0.97,34.8,42.0,20.1,998.7,17.3,1.7677669529663693,-1.7677669529663684
2017-08-13 15:00:00,0.97,0.07,0.2,0.97,34.6,40.0,19.1,998.3,17.3,3.9641832724372423,2.880147736233119
2017-08-13 16:00:00,0.98,0.1,0.42,0.98,32.2,47.0,19.6,998.8,19.1,-2.863776532993933,5.385980316439454
2017-08-13 17:00:00,0.99,0.0,0.28,0.94,30.4,62.0,22.3,999.6,17.3,-11.533454107727394,7.206901993571585
2017-08-13 18:00:00,0.96,0.02,0.11,0.96,29.2,66.0,22.1,999.9,27.4,-9.38459713474939,6.818308926592687
2017-08-13 19:00:00,0.97,0.0,0.17,0.97,28.5,70.0,22.6,1000.7,22.3,-7.149742845404133,5.789747597658502
2017-08-13 20:00:00,0.97,0.02,0.37,0.97,28.2,74.0,23.1,1001.5,17.3,-5.387787044493739,5.777694242791447
2017-08-13 21:00:00,0.99,0.02,0.3,0.99,27.9,76.0,23.3,1002.1,13.7,-2.4881992827652204,4.679622242152313
2017-08-13 22:00:00,0.98,0.0,0.24,0.98,27.9,77.0,23.5,1002.8,9.0,-2.187429987478853,0.7107390870623789
2017-08-13 23:00:00,0.99,0.01,0.25,0.99,27.4,80.0,23.6,1002.7,4.3,-1.7874357113510329,-1.4474368994146258
2017-08-14 00:00:00,1.0,0.04,0.22,1.0,27.0,83.0,23.9,1002.1,4.3,0.35355339059327384,-0.3535533905932737
2017-08-14 01:00:00,0.99,0.04,0.21,0.99,27.2,80.0,23.5,1001.3,11.9,7.180188374442374,1.7902220274375418
2017-08-14 02:00:00,0.99,0.05,0.16,0.99,27.5,71.0,21.8,1000.7,20.5,11.542141688658907,2.453357951649566
2017-08-14 03:00:00,1.0,0.05,0.14,1.0,26.8,74.0,21.8,1000.6,23.4,12.6,2.3145824503884972e-15
2017-08-14 04:00:00,1.0,0.11,0.23,1.0,26.2,78.0,22.1,1000.8,22.7,10.46617932785172,-2.224655091750026
2017-08-14 05:00:00,1.0,0.08,0.11,0.99,26.4,83.0,23.2,1001.6,19.1,2.851220877402777,1.4527695991665504
2017-08-14 06:00:00,1.0,0.06,0.1,1.0,26.6,78.0,22.5,1001.8,9.7,4.998560818879259,1.4333142502483942
2017-08-14 07:00:00,0.97,0.08,0.08,0.97,27.4,75.0,22.5,1002.6,13.0,4.345828698618606,0.6883116461770166
2017-08-14 08:00:00,0.99,0.07,0.03,0.99,29.0,67.0,22.2,1003.0,15.5,4.7,8.63375993398884e-16
2017-08-14 09:00:00,0.99,0.04,0.07,0.99,30.7,60.0,22.0,1003.0,17.3,4.0,7.347880794884119e-16
2017-08-14 10:00:00,0.99,0.02,0.07,0.99,32.3,53.0,21.6,1002.8,17.3,1.4256104387013886,0.7263847995832752
2017-08-14 11:00:00,1.0,0.13,0.11,1.0,33.6,48.0,21.1,1002.2,16.2,0.33991869381244205,1.046162167924669
2017-08-14 12:00:00,0.97,0.04,0.13,0.97,34.2,45.0,20.5,1001.2,16.2,-0.3399186938124423,1.0461621679246689
2017-08-14 13:00:00,0.96,0.02,0.17,0.96,34.5,42.0,19.8,1000.1,22.7,-4.329989591337347,4.981083229470295
2017-08-14 14:00:00,0.94,0.0,0.27,0.94,31.8,57.0,22.2,999.4,34.6,-14.466434206669549,4.981192763194497
2017-08-14 15:00:00,0.98,0.02,0.15,0.98,31.6,56.0,21.7,999.4,32.8,-5.374011537017761,5.37401153701776
2017-08-14 16:00:00,1.0,0.07,0.1,1.0,31.0,59.0,22.0,999.8,23.4,-3.2095339943541705,3.963444403430551
2017-08-14 17:00:00,1.0,0.06,0.27,1.0,29.9,65.0,22.6,1000.1,19.4,-9.692532269362681,7.572636146505597
2017-08-14 18:00:00,1.0,0.04,0.21,1.0,29.0,69.0,22.8,1000.5,24.8,-9.38459713474939,6.818308926592687
2017-08-14 19:00:00,1.0,0.08,0.15,1.0,28.5,72.0,23.0,1001.8,22.3,-6.410784584587487,6.874724795220202
2017-08-14 20:00:00,1.0,0.11,0.16,1.0,28.3,76.0,23.6,1002.6,16.9,-2.2218812871808615,5.788198644282651
2017-08-14 21:00:00,0.99,0.1,0.2,0.99,28.0,78.0,23.9,1003.5,11.9,-1.7937955949114477,3.2360929164157644
2017-08-14 22:00:00,1.0,0.1,0.12,0.99,27.6,82.0,24.4,1003.7,7.9,-2.899137802864845,2.8991378028648445
2017-08-14 23:00:00,0.99,0.0,0.02,0.99,27.2,85.0,24.5,1002.9,7.9,-0.7059932828932164,3.6320205787563564
2017-08-15 00:00:00,0.99,0.0,0.07,0.99,26.9,80.0,23.2,1002.4,6.8,2.5242120488351985,3.23084408978756
2017-08-15 01:00:00,0.99,0.0,0.2,0.99,26.5,83.0,23.4,1001.7,6.8,2.8940993221413254,-1.1109406435904312
2017-08-15 02:00:00,0.99,0.0,0.18,0.99,26.0,90.0,24.1,1001.0,8.3,3.5670951622914937,-3.2118269105225172
2017-08-15 03:00:00,0.99,0.01,0.16,0.99,25.9,93.0,24.5,1001.0,11.2,4.666904755831214,-4.6669047558312124
2017-08-15 04:00:00,1.0,0.01,0.42,1.0,25.6,94.0,24.6,1001.0,13.3,6.5144714853360535,-3.9142893693164114
2017-08-15 05:00:00,1.0,0.01,0.37,0.99,25.4,90.0,23.5,1001.6,13.7,4.276831316104166,-2.179154398749824
2017-08-15 06:00:00,1.0,0.01,0.29,1.0,25.8,90.0,23.9,1001.8,13.7,7.232034065620942,-2.9219314286441134
2017-08-15 07:00:00,0.99,0.02,0.4,0.99,26.5,85.0,23.6,1002.5,14.8,5.702441754805555,-2.9055391983330985
2017-08-15 08:00:00,1.0,0.08,1.0,1.0,27.3,80.0,23.5,1003.0,15.8,3.2498011250210608,-4.312631754255381
2017-08-15 09:00:00,1.0,0.03,0.89,1.0,28.1,76.0,23.5,1003.0,15.1,1.050657780874822,-3.233592155403522
2017-08-15 10:00:00,0.99,0.1,0.49,0.99,29.8,67.0,23.0,1002.5,15.1,1.0815799573111144,-1.8000513314744355
2017-08-15 11:00:00,0.99,0.01,0.64,0.99,31.5,56.0,21.8,1001.9,16.2,2.475670171853926,-0.34793275240016364
2017-08-15 12:00:00,0.99,0.02,0.96,0.99,32.1,51.0,20.6,1001.1,16.6,3.9467090073008158,1.436484601967808
2017-08-15 13:00:00,0.99,0.08,0.85,0.99,33.0,46.0,19.8,999.7,19.1,5.377666356487366,2.1727182418122912
2017-08-15 14:00:00,0.98,0.01,0.29,0.98,32.7,46.0,19.7,999.0,23.0,-1.4235782507653014,3.197409101749103
2017-08-15 15:00:00,0.99,0.13,0.41,0.98,31.1,59.0,22.2,998.4,23.0,-8.652745622452938,3.6728726077991736
2017-08-15 16:00:00,0.93,0.03,0.35,0.91,30.5,63.0,22.5,998.6,32.0,-6.149493427364154,4.633975678270772
2017-08-15 17:00:00,0.88,0.02,0.88,0.99,32.0,47.0,19.2,998.6,27.4,6.0923383907265976,-3.239353783222644
2017-08-15 18:00:00,0.99,0.11,0.65,0.99,30.0,54.0,19.8,999.4,13.7,5.400153994423308,-3.244739871933341
2017-08-15 19:00:00,1.0,0.23,0.1,1.0,29.0,58.0,20.0,1000.4,12.6,7.969557584733964,-0.6972459419812631
2017-08-15 20:00:00,0.97,0.12,0.11,0.97,28.4,63.0,20.8,1001.1,21.6,12.304149708010485,3.5281581544575857
2017-08-15 21:00:00,0.96,0.12,0.09,0.95,27.8,69.0,21.5,1001.6,26.3,14.772116295183121,2.6047226650039548
2017-08-15 22:00:00,0.9,0.06,0.06,0.89,27.1,73.0,21.9,1001.4,32.0,17.997258512815044,0.31414331587110295
2017-08-15 23:00:00,0.93,0.01,0.07,0.92,26.8,75.0,22.0,1001.2,35.6,19.8,3.637200993467639e-15
2017-08-16 00:00:00,0.94,0.01,0.11,0.93,26.5,76.0,22.0,1001.0,35.6,19.097090977487074,0.33334096295211485
2017-08-16 01:00:00,0.92,0.0,0.08,0.92,26.3,77.0,22.0,1000.4,35.3,19.452498980066572,1.3602512380104488
2017-08-16 02:00:00,0.92,0.0,0.07,0.91,26.1,77.0,21.6,999.8,35.3,17.32969120297748,2.435529266801152
2017-08-16 03:00:00,0.9,0.0,0.06,0.9,25.9,76.0,21.4,999.6,31.7,15.803013449522203,2.5029514406436966
2017-08-16 04:00:00,0.96,0.0,0.03,0.96,25.8,76.0,21.4,999.9,29.9,16.196848526886455,3.148348423712986
2017-08-16 05:00:00,0.99,0.0,0.03,0.92,25.6,77.0,21.4,1000.5,31.3,14.39191919879917,1.767105479374634
2017-08-16 06:00:00,0.93,0.0,0.06,0.93,26.0,76.0,21.4,1000.6,26.3,14.022758724692654,1.4738513320739124
2017-08-16 07:00:00,0.95,0.0,0.08,0.94,27.5,69.0,21.2,1001.4,28.4,14.420567482839964,1.5156627173809738
2017-08-16 08:00:00,0.94,0.0,0.14,0.94,29.4,60.0,20.7,1001.9,33.1,15.803013449522203,2.5029514406436966
2017-08-16 09:00:00,0.94,0.0,0.13,0.94,30.8,54.0,20.3,1001.9,36.0,16.544770250605094,2.91728938480443
2017-08-16 10:00:00,0.93,0.0,0.02,0.93,32.6,47.0,19.8,1001.1,37.1,16.249327924701433,2.8651949315043503
2017-08-16 11:00:00,0.88,0.0,0.01,0.88,34.2,41.0,19.0,1000.5,37.8,16.544770250605094,2.91728938480443
2017-08-16 12:00:00,0.89,0.0,0.03,0.89,35.6,36.0,18.2,999.0,38.2,14.082750868074575,2.483168940637104
2017-08-16 13:00:00,0.84,0.03,0.2,0.83,35.5,36.0,18.2,997.7,34.2,9.676371287520293,0.676637795318018
2017-08-16 14:00:00,0.58,0.04,0.43,0.39,34.4,39.0,18.4,997.2,33.8,16.210706894502856,1.70381395126275
2017-08-16 15:00:00,0.71,0.06,0.42,0.6,33.5,44.0,19.6,996.7,37.8,16.980175209829937,4.233633172994186
2017-08-16 16:00:00,0.42,0.11,0.4,0.09,31.5,51.0,20.1,996.9,46.4,23.78550168305448,-0.8306080215195305
2017-08-16 17:00:00,0.23,0.02,0.17,0.81,31.0,52.0,20.0,997.1,47.2,23.721853024227595,2.9126773073830172
2017-08-16 18:00:00,0.89,0.01,0.04,0.89,29.4,60.0,20.7,997.7,45.0,23.40821367210476,3.7074968214534754
2017-08-16 19:00:00,0.99,0.01,0.06,0.99,28.1,66.0,21.1,998.8,46.1,24.459621297916783,3.4375755937136256
2017-08-16 20:00:00,0.95,0.0,0.2,0.94,27.3,70.0,21.2,999.7,45.7,22.729306872586275,2.79080796397787
2017-08-16 21:00:00,0.89,0.0,0.59,0.84,26.9,72.0,21.5,1000.2,42.1,21.191736671069602,2.9783043605454087
2017-08-16 22:00:00,0.53,0.0,0.47,0.21,26.7,74.0,21.6,1000.7,39.2,20.843469184467764,2.5592562115080906
2017-08-16 23:00:00,0.31,0.0,0.15,0.26,26.5,74.0,21.5,1000.5,38.2,20.148686878318838,2.4739476711244874
2017-08-17 00:00:00,0.59,0.0,0.21,0.52,26.2,75.0,21.5,999.7,37.1,19.457460309724212,3.081758961292551
2017-08-17 01:00:00,0.48,0.0,0.26,0.33,26.1,76.0,21.5,999.2,36.0,18.061940175437016,3.5108855149284204
2017-08-17 02:00:00,0.74,0.0,0.12,0.73,25.9,77.0,21.5,998.5,34.2,16.150941378401587,6.199765527133702
2017-08-17 03:00:00,0.63,0.0,0.03,0.62,25.7,78.0,21.5,998.0,31.7,11.876090949353813,5.287576359985401
2017-08-17 04:00:00,0.47,0.0,0.09,0.44,25.4,80.0,21.6,998.3,23.4,9.360633898433237,3.2231247291258507
2017-08-17 05:00:00,0.27,0.0,0.1,0.22,25.7,77.0,21.4,999.0,22.7,12.609700422108308,5.094649670456407
2017-08-17 06:00:00,0.35,0.0,0.08,0.3,26.1,74.0,21.2,998.8,25.6,12.967758166845536,4.719877977894226
2017-08-17 07:00:00,0.4,0.0,0.09,0.35,27.5,68.0,21.1,999.4,30.6,14.021187122267001,6.8385898899096125
2017-08-17 08:00:00,0.43,0.0,0.17,0.33,29.4,61.0,21.1,1000.3,34.2,14.434018230753097,6.4264389605976415
2017-08-17 09:00:00,0.32,0.0,0.1,0.28,30.9,56.0,21.0,1000.1,33.5,12.626150577882656,6.713443347838238
2017-08-17 10:00:00,0.41,0.08,0.05,0.36,33.0,47.0,20.4,999.7,43.2,13.685687689313369,7.276809223181306
2017-08-17 11:00:00,0.56,0.12,0.05,0.52,34.8,43.0,20.2,999.0,42.5,12.972345498524934,5.775660331676361
2017-08-17 12:00:00,0.75,0.53,0.09,0.69,35.5,41.0,20.4,997.7,39.2,16.533701170139086,4.74096252005238
2017-08-17 13:00:00,0.55,0.14,0.23,0.46,33.3,46.0,20.0,996.9,45.4,18.764966572593753,7.203195785860545
2017-08-17 14:00:00,0.87,0.05,0.12,0.86,34.8,40.0,19.2,995.5,43.2,20.545705338975367,2.5226954084865465
2017-08-17 15:00:00,0.39,0.02,0.06,0.37,33.5,46.0,20.2,995.3,47.9,20.15079381524845,1.4090807696313368
2017-08-17 16:00:00,0.38,0.02,0.11,0.34,32.7,49.0,20.7,995.4,46.4,23.796375144722113,0.41536727320734723
2017-08-17 17:00:00,0.14,0.0,0.08,0.48,31.4,53.0,20.8,995.7,48.6,24.796222839878503,0.43281967964463075
2017-08-17 18:00:00,0.3,0.0,0.13,0.21,29.5,61.0,21.3,996.4,46.1,21.99664929344061,-0.38395294162022886
2017-08-17 19:00:00,0.62,0.0,0.04,0.6,28.3,67.0,21.5,997.4,43.6,22.0,4.0413344371862654e-15
2017-08-17 20:00:00,0.67,0.0,0.03,0.67,27.1,72.0,21.8,997.8,42.1,20.471905462468765,1.0728871029803584
2017-08-17 21:00:00,0.62,0.0,0.05,0.61,27.0,73.0,21.8,998.2,39.2,21.191736671069602,2.9783043605454087
2017-08-17 22:00:00,0.7,0.0,0.01,0.7,26.8,75.0,21.9,998.5,39.2,20.12313290145326,1.7605460035026965
2017-08-17 23:00:00,0.64,0.0,0.01,0.64,26.4,78.0,22.1,998.5,39.2,20.884959802733743,2.1950977286207207
2017-08-18 00:00:00,0.95,0.0,0.01,0.95,26.3,78.0,22.2,998.0,38.9,20.148686878318838,2.4739476711244874
2017-08-18 01:00:00,0.87,0.0,0.05,0.87,26.4,78.0,22.1,997.4,38.9,21.191736671069602,2.9783043605454087
2017-08-18 02:00:00,0.92,0.0,0.03,0.92,26.4,76.0,21.8,996.5,39.2,19.508617021645918,5.964382776343837
2017-08-18 03:00:00,1.0,0.0,0.05,1.0,26.3,75.0,21.5,996.1,37.8,20.188558936750265,3.559787642172072
2017-08-18 04:00:00,1.0,0.0,0.27,1.0,26.2,75.0,21.5,996.4,37.8,19.028738777894645,5.098735188519656
2017-08-18 05:00:00,1.0,0.0,1.0,1.0,26.5,74.0,21.5,996.9,36.0,15.121798609092941,4.913370210561666
2017-08-18 06:00:00,1.0,0.0,1.0,1.0,27.0,72.0,21.5,997.1,28.4,12.26862906020748,3.9863192274368235
2017-08-18 07:00:00,1.0,0.0,1.0,1.0,27.2,71.0,21.6,998.3,28.8,14.360953396056818,4.666156615061708
2017-08-18 08:00:00,1.0,0.0,0.91,1.0,28.2,68.0,21.8,998.5,29.9,15.483719965604624,1.901161757120296
2017-08-18 09:00:00,1.0,0.0,0.21,1.0,29.8,59.0,21.0,998.7,47.2,24.127789948799098,4.254380352839793
2017-08-18 10:00:00,1.0,0.0,0.44,1.0,32.0,52.0,20.9,998.8,52.2,24.44251686784683,4.75114398487596
2017-08-18 11:00:00,1.0,0.01,0.68,1.0,33.0,48.0,20.5,998.5,50.8,24.16254087729431,3.395823663425606
2017-08-18 12:00:00,1.0,0.06,0.07,1.0,33.6,46.0,20.5,997.4,57.2,27.732280597223113,1.939229970086691
2017-08-18 13:00:00,1.0,0.0,0.61,1.0,33.8,45.0,20.1,996.5,59.4,29.559434228735388,1.5491443047911515
2017-08-18 14:00:00,1.0,0.02,0.42,1.0,32.0,53.0,21.1,995.9,59.4,28.4,5.216995364367724e-15
2017-08-18 15:00:00,1.0,0.0,0.5,1.0,31.8,52.0,20.6,995.4,57.2,29.182212148957596,-1.0190653037130375
2017-08-18 16:00:00,1.0,0.0,0.82,1.0,29.8,60.0,21.2,995.7,57.6,28.760530600931727,-1.5072755397967856
2017-08-18 17:00:00,1.0,0.0,0.96,1.0,28.9,64.0,21.5,996.2,55.8,24.459621297916783,3.4375755937136256
2017-08-18 18:00:00,1.0,0.0,0.96,1.0,28.1,66.0,21.3,996.7,46.4,22.282937064261972,4.331364195047563
2017-08-18 19:00:00,0.99,0.0,0.97,0.93,27.4,71.0,21.5,997.2,43.2,21.63759469595472,5.394858271872592
2017-08-18 20:00:00,0.99,0.0,0.98,0.96,27.2,71.0,21.5,998.2,41.0,20.96059043047278,5.616373278724698
2017-08-18 21:00:00,1.0,0.0,1.0,0.99,27.0,72.0,21.5,998.9,39.2,20.477627517328248,5.486963756173437
2017-08-18 22:00:00,1.0,0.0,1.0,0.98,26.6,75.0,21.7,999.2,40.3,21.241267412318127,4.9039329846962625
2017-08-18 23:00:00,0.99,0.0,0.98,0.98,26.2,75.0,21.5,998.8,42.1,22.605385503017455,5.218864460777674
2017-08-19 00:00:00,0.99,0.0,0.81,0.98,26.1,76.0,21.5,998.0,46.1,23.429466521094366,7.163106765707059
2017-08-19 01:00:00,0.99,0.0,0.39,0.98,26.4,74.0,21.5,997.2,47.5,25.13874767145907,5.803737202071724
2017-08-19 02:00:00,0.98,0.0,0.78,0.94,26.2,73.0,21.0,996.6,49.3,26.294367005425954,4.63640634370704
2017-08-19 03:00:00,1.0,0.0,0.98,0.98,26.2,73.0,20.9,996.1,52.9,28.445424209139965,4.505312593158654
2017-08-19 04:00:00,0.97,0.0,0.26,0.96,26.0,73.0,20.8,996.3,60.5,32.37632768798173,2.832561639298893
2017-08-19 05:00:00,0.97,0.0,0.92,0.99,26.0,73.0,20.8,997.1,61.2,24.920886318257963,6.677531363645032
2017-08-19 06:00:00,0.99,0.0,0.9,0.99,25.6,77.0,21.2,997.1,48.6,25.210664066144684,6.755177077175789
2017-08-19 07:00:00,1.0,0.0,0.99,0.97,26.0,76.0,21.5,997.8,48.2,25.227818614604963,4.903791181177196
2017-08-19 08:00:00,0.99,0.0,0.96,0.97,26.2,76.0,21.6,998.8,47.9,22.025449995271572,3.488488570397152
2017-08-19 09:00:00,1.0,0.0,0.9,1.0,26.8,73.0,21.5,999.6,41.4,21.630374659033514,3.4259147843810593
2017-08-19 10:00:00,0.99,0.0,0.85,0.97,29.0,63.0,21.2,999.5,55.1,29.13680604755656,4.614816718686815
2017-08-19 11:00:00,0.96,0.0,0.44,0.95,30.2,57.0,20.9,999.0,65.5,34.578922614860716,1.2075225859065264
2017-08-19 12:00:00,0.97,0.0,0.58,0.95,31.5,51.0,20.0,998.2,72.0,36.677643351600814,1.280811528981778
2017-08-19 13:00:00,0.95,0.0,0.52,0.94,31.6,50.0,19.9,997.3,70.9,34.56795602378357,3.0243042733437413
2017-08-19 14:00:00,0.97,0.0,0.29,0.96,31.6,49.0,19.7,996.6,70.6,34.87873986296644,1.2179924349172766
2017-08-19 15:00:00,0.98,0.0,0.81,0.96,30.4,53.0,19.8,996.4,68.0,32.023605030858405,3.3658165172184384
2017-08-19 16:00:00,0.99,0.0,0.81,0.99,29.5,57.0,20.1,996.6,61.9,30.99539055161115,4.35611806005006
2017-08-19 17:00:00,0.98,0.0,0.04,0.98,29.5,59.0,20.5,996.5,59.0,28.756386387956475,5.070526787874366
2017-08-19 18:00:00,0.95,0.0,0.03,0.95,28.4,64.0,21.0,997.1,54.4,23.774629580759736,5.488805725990312
2017-08-19 19:00:00,0.81,0.0,0.17,0.79,27.6,69.0,21.4,998.2,46.8,22.951314143112846,7.0169209133456905
2017-08-19 20:00:00,0.56,0.0,0.17,0.5,27.1,71.0,21.5,999.1,44.3,21.652375381224353,7.455510737068887
2017-08-19 21:00:00,0.71,0.0,0.13,0.68,27.0,71.0,21.4,999.7,41.8,21.14308396768294,7.695453224827542
2017-08-19 22:00:00,0.89,0.0,0.1,0.89,26.6,74.0,21.6,1000.0,42.8,22.70282250949598,5.2413595662120605
2017-08-19 23:00:00,0.91,0.0,0.03,0.91,26.2,76.0,21.7,999.8,45.0,23.76177532671108,6.3669485095220075
2017-08-20 00:00:00,0.94,0.0,0.17,0.93,26.2,75.0,21.4,999.2,46.8,24.8351677412259,4.8274675830265785
2017-08-20 01:00:00,0.96,0.0,0.18,0.96,25.9,76.0,21.4,998.4,46.4,24.16036358427231,6.023855200431727
2017-08-20 02:00:00,0.94,0.0,0.05,0.94,25.8,75.0,21.0,997.7,45.7,22.974154532925823,6.587732804026273
2017-08-20 03:00:00,0.9,0.0,0.23,0.88,25.7,74.0,20.8,997.2,44.6,22.989034665679828,6.159893273439991
2017-08-20 04:00:00,0.91,0.0,0.46,0.87,25.9,74.0,20.9,997.4,43.6,20.162398145457253,6.5511602807488885
2017-08-20 05:00:00,0.94,0.17,0.07,0.85,25.6,76.0,21.2,998.0,38.9,17.9749681579784,5.840421193686509
2017-08-20 06:00:00,0.93,0.0,0.07,0.93,26.1,74.0,21.1,998.0,33.5,15.098403837887652,8.027963723638733
2017-08-20 07:00:00,0.95,0.0,0.07,0.95,27.6,68.0,21.1,998.7,34.9,17.66622127077508,6.4299786945225685
2017-08-20 08:00:00,0.95,0.0,0.13,0.95,29.1,61.0,20.9,999.2,39.6,19.028738777894645,5.098735188519656
2017-08-20 09:00:00,0.95,0.01,0.23,0.94,31.5,53.0,20.7,999.3,45.7,22.282937064261972,4.331364195047563
2017-08-20 10:00:00,0.85,0.01,0.21,0.83,32.2,51.0,20.6,998.9,52.2,25.957021469111936,2.7281928912857527
2017-08-20 11:00:00,0.96,0.12,0.51,0.94,32.2,50.0,20.4,998.3,59.8,30.581359306784332,-1.0679245990965394
2017-08-20 12:00:00,0.95,0.01,0.48,0.94,32.7,48.0,20.2,997.4,61.2,29.926921507794727,2.0926942123237673
2017-08-20 13:00:00,0.92,0.0,0.29,0.91,32.8,48.0,20.2,996.3,59.4,29.49550700711354,0.5148459898998632
2017-08-20 14:00:00,0.88,0.14,0.26,0.86,32.5,47.0,19.9,996.0,65.2,33.87934903594734,-1.1830929382147934
2017-08-20 15:00:00,0.66,0.05,0.46,0.51,32.0,49.0,20.0,995.9,67.0,31.356967391293615,1.6433490260284511
2017-08-20 16:00:00,0.75,0.0,0.65,0.56,29.3,60.0,20.7,995.9,66.6,33.415935684373984,3.512156365793153
2017-08-20 17:00:00,0.92,0.0,0.35,0.07,29.2,61.0,20.9,996.1,64.1,25.920911419445847,5.509659806670634
2017-08-20 18:00:00,0.66,0.0,0.65,0.08,27.8,68.0,21.2,996.4,49.3,22.996008712741116,5.733548925712126
2017-08-20 19:00:00,0.41,0.0,0.41,0.01,27.0,71.0,21.4,997.6,48.6,23.375404996195453,6.263420891480999
2017-08-20 20:00:00,0.27,0.0,0.25,0.04,26.9,72.0,21.4,998.2,47.9,23.772245293761912,5.927086442191861
2017-08-20 21:00:00,0.06,0.0,0.05,0.0,26.8,72.0,21.3,998.6,45.0,23.76177532671108,6.3669485095220075
2017-08-20 22:00:00,0.1,0.0,0.1,0.0,26.5,74.0,21.4,999.5,45.4,22.989034665679828,6.159893273439991
2017-08-20 23:00:00,0.14,0.0,0.14,0.0,26.4,74.0,21.5,999.2,44.6,23.67521572113431,5.902894252631894
2017-08-21 00:00:00,0.19,0.0,0.16,0.06,26.2,75.0,21.5,998.7,44.6,23.755377839433468,4.617577688112379
2017-08-21 01:00:00,0.02,0.0,0.01,0.02,26.0,76.0,21.4,998.2,44.6,23.733866847594214,4.184921081773021
2017-08-21 02:00:00,0.14,0.0,0.0,0.14,25.9,77.0,21.5,997.5,46.1,24.45369001834514,5.197792270443995
2017-08-21 03:00:00,0.37,0.0,0.14,0.29,25.8,76.0,21.3,997.5,46.1,24.06243097805162,5.114627594116891
2017-08-21 04:00:00,0.37,0.0,0.2,0.24,25.8,76.0,21.1,997.6,46.1,24.84494905863866,5.280956946771099
2017-08-21 05:00:00,0.34,0.0,0.8,0.39,26.2,74.0,21.3,997.3,46.8,20.96059043047278,5.616373278724698
2017-08-21 06:00:00,0.8,0.0,0.69,0.43,26.2,74.0,21.3,997.3,38.9,17.96622036897667,4.814034238906884
2017-08-21 07:00:00,0.9,0.0,0.87,0.29,27.6,69.0,21.4,998.1,44.6,23.40821367210476,3.7074968214534754
2017-08-21 08:00:00,0.94,0.0,0.85,0.7,28.6,65.0,21.3,998.9,45.7,22.376742645786152,2.3518904235222005
2017-08-21 09:00:00,0.97,0.0,0.83,0.87,29.5,62.0,21.4,999.2,50.0,25.97620335765212,4.114226430558077
2017-08-21 10:00:00,0.98,0.0,0.89,0.87,29.9,60.0,21.4,999.1,55.4,27.383308660323223,0.9562462096485208
2017-08-21 11:00:00,1.0,0.0,1.0,0.87,30.0,60.0,21.3,998.9,53.3,26.28397875060222,0.91785676327577
2017-08-21 12:00:00,0.95,0.0,0.71,0.94,30.2,59.0,21.4,997.8,52.9,26.598398439049607,2.3270583313624753
2017-08-21 13:00:00,0.85,0.0,0.46,0.82,32.3,52.0,21.1,996.5,58.3,29.9,5.492540894175878e-15
2017-08-21 14:00:00,0.93,0.0,0.29,0.91,33.0,48.0,20.7,995.6,64.1,31.99512624500452,0.5584770059930719
2017-08-21 15:00:00,0.94,0.0,0.37,0.93,31.5,54.0,21.1,995.3,64.8,31.722536798262414,-2.218255865063182
2017-08-21 16:00:00,0.96,0.0,0.46,0.94,29.9,61.0,21.5,995.5,62.3,31.7,5.823195529945664e-15
2017-08-21 17:00:00,0.97,0.0,0.79,0.93,25.4,88.0,23.2,995.7,60.8,24.485075261967847,0.8550376692112687
2017-08-21 18:00:00,0.96,0.0,0.48,0.94,26.0,82.0,22.7,996.3,47.5,25.16546427581526,1.3188660973221964
2017-08-21 19:00:00,0.93,0.0,0.48,0.91,25.5,84.0,22.5,997.0,45.4,23.4240891787352,2.8761165043614736
2017-08-21 20:00:00,0.95,0.0,0.73,0.92,25.4,84.0,22.5,997.9,43.2,23.40821367210476,3.7074968214534754
2017-08-21 21:00:00,0.96,0.0,0.39,0.95,25.6,82.0,22.3,998.5,42.1,22.650578319280786,3.9939080863393976
2017-08-21 22:00:00,0.9,0.0,0.88,0.83,25.8,80.0,22.0,998.7,41.4,22.34543472582006,1.562545011868413
2017-08-21 23:00:00,0.93,0.0,0.82,0.83,25.9,79.0,21.9,998.5,43.9,24.44031923136569,1.7090336067310767
2017-08-22 00:00:00,0.96,0.0,0.83,0.9,25.9,79.0,21.9,998.1,47.5,25.901062150385386,2.2660493114391143
2017-08-22 01:00:00,0.91,0.0,0.79,0.65,25.9,77.0,21.5,997.3,48.6,26.302473018495036,3.2295376002364002
2017-08-22 02:00:00,0.98,0.0,0.94,0.82,25.9,78.0,21.6,996.8,50.0,26.983552329515586,0.9422864109675205
2017-08-22 03:00:00,0.92,0.0,0.92,0.19,25.5,79.0,21.5,996.6,50.0,26.29954002962208,2.3009116085381778
2017-08-22 04:00:00,0.93,0.0,0.87,0.55,25.5,78.0,21.4,996.7,48.6,24.855728525413415,3.4932448340976525
2017-08-22 05:00:00,0.9,0.0,0.46,0.43,25.9,76.0,21.2,996.9,46.1,26.29954002962208,2.3009116085381778
2017-08-22 06:00:00,0.8,0.0,0.75,0.53,26.1,74.0,21.1,997.2,46.4,20.920088659926655,1.8302705977008231
2017-08-22 07:00:00,1.0,0.0,1.0,0.75,26.7,73.0,21.4,997.8,39.6,20.843469184467764,2.5592562115080906
2017-08-22 08:00:00,1.0,0.0,1.0,0.8,27.1,70.0,21.1,998.6,40.0,20.487151044586433,2.1532863433136593
2017-08-22 09:00:00,1.0,0.0,0.99,0.87,28.0,66.0,21.0,999.4,42.5,22.314761237255098,1.9522886375475446
2017-08-22 10:00:00,1.0,0.0,1.0,0.85,28.6,63.0,21.0,999.4,45.4,23.4240891787352,2.8761165043614736
2017-08-22 11:00:00,0.94,0.0,0.82,0.81,29.9,58.0,20.7,999.1,50.4,25.559212710964626,2.6863815059786913
2017-08-22 12:00:00,1.0,0.0,0.99,0.74,31.8,52.0,20.8,998.2,51.8,24.884831592775484,0.868997467892269
2017-08-22 13:00:00,0.87,0.0,0.02,0.87,32.5,50.0,20.9,997.1,54.0,25.88422241979458,0.9038969645947696
2017-08-22 14:00:00,0.9,0.07,0.04,0.89,32.7,51.0,21.2,996.4,54.4,24.06697178758523,1.2612965454549578
2017-08-22 15:00:00,0.94,0.02,0.05,0.94,31.3,54.0,21.0,995.7,59.0,29.859023089161756,1.5648450916640346
2017-08-22 16:00:00,0.95,0.05,0.03,0.94,30.5,56.0,20.9,995.4,59.8,27.732280597223113,1.939229970086691
2017-08-22 17:00:00,0.97,0.0,0.05,0.95,29.6,60.0,21.0,995.8,54.4,22.67558793764104,4.407687793198181
2017-08-22 18:00:00,0.97,0.0,0.1,0.97,27.8,68.0,21.2,996.2,43.2,20.187849769441527,5.40931804264268
2017-08-22 19:00:00,0.95,0.0,0.1,0.95,27.0,71.0,21.3,997.3,40.3,21.630374659033514,3.4259147843810593
2017-08-22 20:00:00,0.92,0.0,0.12,0.91,27.0,72.0,21.5,998.5,41.0,21.531605824974,3.410271337877037
2017-08-22 21:00:00,0.88,0.0,0.09,0.87,26.8,73.0,21.6,999.3,39.6,20.920088659926655,1.8302705977008231
2017-08-22 22:00:00,0.96,0.0,0.19,0.95,26.5,74.0,21.5,999.7,37.8,19.49262914921816,2.048757880046006
2017-08-22 23:00:00,0.99,0.0,0.25,0.98,26.5,74.0,21.5,999.4,34.9,18.6673096372481,2.9566113892603663
2017-08-23 00:00:00,0.98,0.0,0.24,0.97,26.5,73.0,21.4,998.6,34.2,18.728460324124818,1.638527963655975
2017-08-23 01:00:00,0.97,0.0,0.15,0.97,26.5,73.0,21.3,997.7,33.8,18.37478343948416,0.9629815948701752
2017-08-23 02:00:00,0.82,0.0,0.09,0.81,26.4,74.0,21.4,997.3,32.8,17.59731943475249,0.30716235329618957
2017-08-23 03:00:00,0.63,0.0,0.16,0.58,26.2,76.0,21.5,997.3,31.3,17.3,3.1779584437873815e-15
2017-08-23 04:00:00,0.81,0.0,0.18,0.79,26.1,77.0,21.7,997.5,31.0,16.6,3.0493705298769097e-15
2017-08-23 05:00:00,0.96,0.0,0.33,0.94,26.3,74.0,21.2,997.7,29.5,16.889704976622717,0.5898014942722628
2017-08-23 06:00:00,0.96,0.0,0.12,0.96,26.6,73.0,21.5,998.2,31.7,16.935309867559674,1.4816476267101901
2017-08-23 07:00:00,0.97,0.0,0.14,0.97,27.7,69.0,21.5,998.9,33.1,16.89742604814301,0.2949456687900911
2017-08-23 08:00:00,0.8,0.0,0.21,0.76,29.6,61.0,21.2,999.4,34.2,16.597471739596095,0.2897099468589061
2017-08-23 09:00:00,0.42,0.0,0.25,0.26,31.5,53.0,20.8,999.4,34.2,14.8,2.718715894107124e-15
2017-08-23 10:00:00,0.31,0.01,0.29,0.05,34.0,44.0,20.1,999.4,34.2,11.215771513546938,-1.377123580478169
2017-08-23 11:00:00,0.58,0.01,0.37,0.42,34.7,43.0,20.4,999.2,33.1,12.58273213790763,0.6594330486610982
2017-08-23 12:00:00,0.71,0.04,0.3,0.62,35.0,43.0,20.8,998.3,33.5,12.5648279481301,2.442355140819771
2017-08-23 13:00:00,0.72,0.26,0.29,0.61,35.8,41.0,20.6,996.5,33.1,12.552053195955994,1.0981623586204938
2017-08-23 14:00:00,0.74,0.31,0.68,0.51,30.8,58.0,21.6,996.9,32.0,10.400704331592486,-3.5812496990287195
2017-08-23 15:00:00,0.93,0.18,0.47,0.9,28.4,75.0,23.5,996.9,28.8,-4.645121758357309,-11.497079796628164
2017-08-23 16:00:00,0.97,0.04,0.35,0.96,30.1,61.0,21.9,996.6,27.0,-3.600102662948872,-2.1631599146222276
2017-08-23 17:00:00,0.98,0.07,0.46,0.89,31.2,57.0,21.6,996.8,14.0,1.3929056662487764,7.165878439167947
2017-08-23 18:00:00,0.71,0.02,0.53,0.61,30.5,56.0,20.5,996.9,16.6,6.876644452187052,4.996174644486023
2017-08-23 19:00:00,0.85,0.02,0.5,0.76,29.5,62.0,21.3,997.8,25.6,14.420567482839964,1.5156627173809738
2017-08-23 20:00:00,0.89,0.01,0.35,0.85,28.6,66.0,21.5,998.4,28.4,16.177798463024097,0.8478424911356978
2017-08-23 21:00:00,0.92,0.0,0.13,0.91,28.0,67.0,21.5,998.9,30.2,16.935309867559674,1.4816476267101901
2017-08-23 22:00:00,0.95,0.0,0.06,0.95,27.5,70.0,21.6,999.1,30.6,16.889704976622717,0.5898014942722628
2017-08-23 23:00:00,0.96,0.0,0.05,0.96,27.2,72.0,21.6,999.1,30.6,16.597471739596095,-0.2897099468589
2017-08-24 00:00:00,0.94,0.0,0.05,0.94,27.0,73.0,21.8,998.6,29.5,15.5,2.847303808017596e-15
2017-08-24 01:00:00,0.95,0.0,0.05,0.95,26.8,74.0,21.8,997.8,28.8,16.177798463024097,0.8478424911356978
2017-08-24 02:00:00,0.99,0.0,0.16,0.99,26.5,75.0,21.6,997.1,29.2,16.197532661533536,0.2827289842839927
2017-08-24 03:00:00,0.91,0.0,0.13,0.9,26.5,75.0,21.7,996.9,31.0,17.29736512620557,-0.30192663136499814
2017-08-24 04:00:00,0.95,0.01,0.08,0.94,26.1,77.0,21.7,996.8,31.0,15.462242779027276,-1.081225343033941
2017-08-24 05:00:00,0.83,0.02,0.32,0.96,26.2,76.0,21.6,998.2,27.7,12.569373835729534,-2.9018686010358574
2017-08-24 06:00:00,0.97,0.02,0.19,0.97,26.6,74.0,21.6,998.5,23.0,10.797899017924303,-2.0988989491419963
2017-08-24 07:00:00,0.98,0.04,0.13,0.98,27.9,69.0,21.6,999.0,22.3,10.474422527728155,-0.7324429743133148
2017-08-24 08:00:00,1.0,0.07,0.17,1.0,30.0,59.0,21.1,999.9,22.3,7.571079705497266,-0.6623836448821999
2017-08-24 09:00:00,0.98,0.03,0.41,0.98,32.0,51.0,20.5,999.9,20.5,4.688551036221174,0.32785542659739025
2017-08-24 10:00:00,0.96,0.03,0.37,0.95,33.0,47.0,20.3,999.8,18.4,4.283637201794505,0.37476969381493047
2017-08-24 11:00:00,0.91,0.01,0.13,0.9,34.8,42.0,20.0,999.0,19.8,2.4992804094396295,0.7166571251241971
2017-08-24 12:00:00,0.88,0.12,0.21,0.85,36.4,38.0,20.0,997.7,17.6,-8.572527594031472e-17,0.7
2017-08-24 13:00:00,0.9,0.74,0.44,0.85,35.5,40.0,19.8,996.3,21.2,-6.1886185578267305,5.379684037722158
2017-08-24 14:00:00,0.95,0.14,0.56,0.93,32.0,52.0,21.0,996.4,34.6,-1.0577155672964964,7.5260373224359345
2017-08-24 15:00:00,0.82,0.07,0.28,0.77,32.8,49.0,20.9,996.0,22.3,0.35588450245201625,6.790680836331102
2017-08-24 16:00:00,0.84,0.01,0.25,0.84,31.8,53.0,21.1,996.1,23.4,9.061641602502688,2.092044805397947
2017-08-24 17:00:00,0.96,0.09,0.13,0.94,32.0,53.0,21.2,996.3,27.0,11.535140351259829,3.3076482698039866
2017-08-24 18:00:00,0.93,0.03,0.09,0.92,30.0,61.0,21.6,996.5,28.1,14.34457133944553,4.385575570841056
2017-08-24 19:00:00,0.97,0.03,0.08,0.96,28.4,67.0,21.8,997.2,27.0,14.39191919879917,1.767105479374634
2017-08-24 20:00:00,0.96,0.04,0.07,0.96,27.8,71.0,21.9,998.0,28.8,16.6,3.0493705298769097e-15
2017-08-24 21:00:00,0.98,0.01,0.03,0.98,27.6,71.0,22.0,998.4,34.6,19.097090977487074,-0.3333409629521078
2017-08-24 22:00:00,0.99,0.0,0.05,0.99,27.2,74.0,22.1,999.0,35.3,18.4,3.3800251656466943e-15
2017-08-24 23:00:00,0.98,0.0,0.03,0.98,27.0,75.0,22.2,998.9,33.1,17.234168276987198,1.5077943495344879
2017-08-25 00:00:00,0.98,0.0,0.02,0.97,26.9,75.0,22.1,998.4,31.3,17.257858069494958,1.2067869957733726
2017-08-25 01:00:00,0.97,0.0,0.03,0.96,26.6,76.0,22.0,997.7,31.0,16.958588854417012,1.185860053650135
2017-08-25 02:00:00,0.98,0.02,0.07,0.98,26.5,77.0,22.0,997.4,32.8,17.997258512815044,0.31414331587110295
2017-08-25 03:00:00,0.96,0.04,0.15,0.96,26.3,77.0,22.0,997.3,32.8,17.29736512620557,0.3019266313650045
2017-08-25 04:00:00,0.97,0.05,0.15,0.97,26.1,79.0,22.2,997.4,31.0,16.58988772851699,0.5793316452615127
2017-08-25 05:00:00,0.96,0.01,0.01,0.93,26.4,77.0,22.0,997.5,30.2,16.935309867559674,1.4816476267101901
2017-08-25 06:00:00,0.96,0.0,0.01,0.96,26.8,75.0,22.0,998.0,30.6,16.237973578895453,1.4206386067868295
2017-08-25 07:00:00,0.94,0.0,0.0,0.94,28.2,68.0,21.9,998.6,33.1,16.958588854417012,1.185860053650135
2017-08-25 08:00:00,0.95,0.0,0.0,0.95,30.5,58.0,21.4,999.3,33.5,14.779717114367694,0.7745721523955758
2017-08-25 09:00:00,0.97,0.0,0.01,0.97,32.2,51.0,21.0,999.2,33.8,15.1,2.773825000068755e-15
2017-08-25 10:00:00,0.98,0.0,0.02,0.98,33.5,47.0,20.8,998.8,34.6,15.097700196861508,0.26353133720298083
2017-08-25 11:00:00,0.99,0.01,0.02,0.99,35.0,43.0,20.6,998.2,36.0,14.8,2.718715894107124e-15
2017-08-25 12:00:00,1.0,0.02,0.07,1.0,36.0,40.0,20.5,997.3,35.3,12.605336125844788,-1.5477406612453755
2017-08-25 13:00:00,1.0,0.0,0.24,1.0,36.1,40.0,20.4,996.0,33.5,13.688827766869691,2.4137096695703315
2017-08-25 14:00:00,1.0,0.0,0.23,1.0,35.0,41.0,19.7,995.2,41.4,17.270303038559003,2.120526575249561
2017-08-25 15:00:00,1.0,0.0,0.16,1.0,34.3,43.0,20.0,994.7,41.8,21.183316371344223,2.2264562676010167
2017-08-25 16:00:00,1.0,0.0,0.04,1.0,31.8,53.0,20.9,994.5,51.5,26.66340857794712,1.397370031686613
2017-08-25 17:00:00,1.0,0.0,0.05,1.0,31.9,53.0,21.1,995.5,51.1,20.187694705785734,0.7049698333905153
2017-08-25 18:00:00,1.0,0.0,0.01,1.0,29.5,61.0,21.2,995.7,40.0,21.93526995127322,2.6933124892537528
2017-08-25 19:00:00,0.99,0.0,0.0,0.99,28.4,67.0,21.6,996.4,42.1,21.58784389856623,3.033973600929435
2017-08-25 20:00:00,0.94,0.0,0.0,0.94,27.8,70.0,21.8,996.9,39.6,21.581125129491532,2.2682676529080776
2017-08-25 21:00:00,0.99,0.0,0.0,0.99,27.5,71.0,21.8,997.7,39.2,21.570397950698798,1.1304566548475972
2017-08-25 22:00:00,0.94,0.0,0.0,0.94,27.1,73.0,21.9,998.1,39.2,21.58684186361247,0.7538291287740165
2017-08-25 23:00:00,0.92,0.0,0.0,0.92,26.9,75.0,22.1,998.0,39.6,21.547383485612205,1.5067398328731125
2017-08-26 00:00:00,0.94,0.0,0.0,0.94,26.6,76.0,22.1,997.5,39.2,20.487151044586433,2.1532863433136593
2017-08-26 01:00:00,0.94,0.0,0.0,0.94,26.4,77.0,22.0,996.8,37.4,19.126938203361515,1.6733902607550384
2017-08-26 02:00:00,0.89,0.0,0.0,0.88,26.1,78.0,22.0,996.2,34.9,18.299202874776228,1.9233237241248218
2017-08-26 03:00:00,0.61,0.0,0.01,0.62,26.0,78.0,21.9,995.8,32.8,18.00084630616575,1.891965185144526
2017-08-26 04:00:00,0.89,0.0,0.07,0.89,25.9,79.0,21.9,996.1,33.5,18.716066499215675,2.6303716081452437
2017-08-26 05:00:00,0.96,0.01,0.0,0.97,26.0,77.0,21.8,996.2,35.3,18.711347307231954,3.2993153756716764
2017-08-26 06:00:00,0.99,0.0,0.01,0.99,26.6,74.0,21.6,996.7,37.8,20.484001262653926,3.611882095472151
2017-08-26 07:00:00,0.99,0.0,0.01,0.99,27.9,68.0,21.5,997.5,40.7,21.30130988081431,4.1405551996710175
2017-08-26 08:00:00,0.96,0.0,0.01,0.96,29.3,62.0,21.3,998.0,43.9,22.729306872586275,2.79080796397787
2017-08-26 09:00:00,0.99,0.0,0.0,0.99,31.4,54.0,20.9,998.0,48.2,24.06697178758523,1.2612965454549578
2017-08-26 10:00:00,1.0,0.0,0.0,1.0,32.6,49.0,20.5,997.8,51.5,25.559212710964626,2.6863815059786913
2017-08-26 11:00:00,0.97,0.01,0.01,0.97,33.0,48.0,20.4,997.3,52.9,25.957021469111936,2.7281928912857527
2017-08-26 12:00:00,0.84,0.0,0.02,0.84,33.7,44.0,19.9,996.2,56.9,28.486074552105944,3.4976501557277238
2017-08-26 13:00:00,0.78,0.0,0.05,0.77,33.5,45.0,20.0,995.2,60.5,30.272657625060322,3.7170149738569886
2017-08-26 14:00:00,0.1,0.0,0.03,0.08,33.8,44.0,20.0,994.2,65.5,32.72010084852223,2.288012338807319
2017-08-26 15:00:00,0.16,0.0,0.03,0.14,33.0,47.0,20.1,993.8,68.4,34.9077185274264,3.668949060694633
2017-08-26 16:00:00,0.33,0.0,0.03,0.31,31.6,52.0,20.5,994.2,68.4,33.415935684373984,3.512156365793153
2017-08-26 17:00:00,0.65,0.0,0.02,0.05,30.5,56.0,20.8,994.3,65.2,31.265203776701647,3.838884317262136
2017-08-26 18:00:00,0.02,0.0,0.02,0.0,28.5,66.0,21.6,994.8,58.3,28.7416827761431,3.020872588435182
2017-08-26 19:00:00,0.02,0.0,0.02,0.0,27.9,69.0,21.6,995.5,58.0,30.272657625060322,3.7170149738569886
2017-08-26 20:00:00,0.02,0.0,0.02,0.0,27.6,70.0,21.7,996.6,56.2,28.816800800379696,4.0499372379379155
2017-08-26 21:00:00,0.02,0.0,0.02,0.0,27.4,70.0,21.5,997.8,55.4,29.13680604755656,4.614816718686815
2017-08-26 22:00:00,0.05,0.0,0.05,0.0,27.2,70.0,21.3,998.6,54.4,26.272509859830663,4.1611567700701455
2017-08-26 23:00:00,0.08,0.0,0.07,0.01,26.9,71.0,21.2,998.4,48.6,25.877434523592605,4.098582984054053
2017-08-27 00:00:00,0.08,0.0,0.05,0.03,26.5,74.0,21.5,998.0,49.7,26.294367005425954,4.63640634370704
2017-08-27 01:00:00,0.06,0.0,0.01,0.05,26.2,75.0,21.5,997.3,49.7,26.307608516397394,5.113681076091396
2017-08-27 02:00:00,0.35,0.0,0.01,0.34,26.0,76.0,21.5,996.6,49.7,26.294367005425954,4.63640634370704
2017-08-27 03:00:00,0.74,0.0,0.02,0.74,25.9,77.0,21.5,996.0,49.3,25.620469487984032,4.980114779327814
2017-08-27 04:00:00,0.81,0.0,0.1,0.8,25.9,76.0,21.2,995.8,48.2,24.824293735629055,6.65164945913478
2017-08-27 05:00:00,0.81,0.0,0.04,0.66,26.1,74.0,21.0,996.1,47.5,21.33102249184012,7.7638572534926755
2017-08-27 06:00:00,0.57,0.0,0.04,0.56,26.4,73.0,21.0,996.2,42.1,18.450958705879067,7.454671208976654
2017-08-27 07:00:00,0.78,0.0,0.03,0.77,27.7,68.0,21.2,996.8,41.0,20.923243358493377,6.798373876248847
2017-08-27 08:00:00,0.8,0.0,0.02,0.8,29.6,60.0,21.0,997.4,52.6,26.63821104914824,3.7437564158257706
2017-08-27 09:00:00,0.91,0.02,0.0,0.91,31.4,54.0,20.8,997.3,58.3,29.53730029243772,3.1044953590493045
2017-08-27 10:00:00,0.89,0.02,0.05,0.89,32.9,47.0,20.0,997.1,62.3,30.92448555805455,2.162450686067893
2017-08-27 11:00:00,0.98,0.0,0.04,0.98,34.2,42.0,19.4,996.2,64.8,32.3802627954187,1.1307436931610246
2017-08-27 12:00:00,0.98,0.21,0.37,0.97,34.4,43.0,19.9,995.6,66.2,31.99512624500452,-0.5584770059930602
2017-08-27 13:00:00,0.99,0.05,0.12,0.99,33.3,47.0,20.4,994.7,67.7,33.79485209628602,-0.5898913375801698
2017-08-27 14:00:00,1.0,0.01,0.16,1.0,33.2,46.0,20.0,994.2,68.0,35.29462363902061,0.6160699472361074
2017-08-27 15:00:00,1.0,0.0,0.3,1.0,32.5,49.0,20.2,994.0,69.5,35.278496193774075,1.2319522335982767
2017-08-27 16:00:00,1.0,0.01,0.28,1.0,30.8,53.0,20.2,994.4,68.8,32.42141378900571,3.4076279025255
2017-08-27 17:00:00,1.0,0.01,0.27,1.0,29.9,59.0,21.1,994.7,62.3,31.391497779107777,4.411787300434087
2017-08-27 18:00:00,1.0,0.0,0.71,1.0,28.2,68.0,21.6,995.3,59.0,28.46094406205281,5.018432334574286
2017-08-27 19:00:00,1.0,0.0,0.53,1.0,27.5,70.0,21.6,996.1,52.9,24.45369001834514,5.197792270443995
2017-08-27 20:00:00,0.99,0.0,0.41,0.98,27.4,71.0,21.6,996.9,46.1,22.704919994858315,5.660972357032226
2017-08-27 21:00:00,0.99,0.0,0.25,0.99,27.4,70.0,21.4,998.2,45.7,23.375404996195453,6.263420891480999
2017-08-27 22:00:00,0.99,0.0,0.49,0.98,27.2,71.0,21.5,998.6,43.9,22.605385503017455,5.218864460777674
2017-08-27 23:00:00,1.0,0.0,0.49,1.0,27.1,72.0,21.7,998.3,42.5,20.861358114933925,5.2013207553928575
2017-08-28 00:00:00,1.0,0.0,0.27,1.0,27.1,72.0,21.8,997.5,39.6,17.96622036897667,4.814034238906884
2017-08-28 01:00:00,1.0,0.0,0.51,1.0,26.8,73.0,21.6,996.7,34.2,17.67644262108995,4.736388525376127
2017-08-28 02:00:00,1.0,0.0,0.5,1.0,26.8,72.0,21.4,995.9,38.2,20.908659007435244,4.0642316015204
2017-08-28 03:00:00,1.0,0.0,1.0,1.0,26.5,74.0,21.5,995.7,42.1,21.241267412318127,4.9039329846962625
2017-08-28 04:00:00,1.0,0.0,0.63,1.0,26.3,75.0,21.5,995.8,40.3,18.299202874776228,1.9233237241248218
2017-08-28 05:00:00,1.0,0.0,0.99,1.0,26.6,75.0,21.8,995.6,40.0,19.36732249452935,4.116651478191644
2017-08-28 06:00:00,1.0,0.0,0.07,1.0,26.5,75.0,21.8,995.9,37.4,17.31321253298836,3.6800369274743483
2017-08-28 07:00:00,1.0,0.0,0.05,1.0,27.6,70.0,21.7,996.4,37.4,19.457460309724212,3.081758961292551
2017-08-28 08:00:00,1.0,0.0,0.24,1.0,29.4,63.0,21.5,997.4,45.0,22.693024337024287,4.823551226972027
2017-08-28 09:00:00,1.0,0.0,0.99,1.0,30.1,59.0,21.3,997.8,47.5,23.40821367210476,3.7074968214534754
2017-08-28 10:00:00,1.0,0.0,1.0,1.0,29.7,61.0,21.4,997.8,49.3,25.161403952817317,2.64457012067163
2017-08-28 11:00:00,1.0,0.0,1.0,1.0,29.8,62.0,21.6,997.5,49.7,25.19616191794106,-0.43980064221953485
2017-08-28 12:00:00,1.0,0.0,1.0,1.0,29.5,63.0,21.7,997.1,49.0,23.013138335866707,3.644923035437383
2017-08-28 13:00:00,1.0,0.0,0.8,1.0,29.4,63.0,21.6,996.4,49.0,24.066940600195306,5.556291042293472
2017-08-28 14:00:00,1.0,0.0,1.0,0.99,30.3,58.0,21.2,995.5,51.8,25.94502340102914,3.6463352451537245
2017-08-28 15:00:00,1.0,0.0,0.89,0.99,29.5,63.0,21.6,994.6,55.4,28.061489926603524,1.470640370426735
2017-08-28 16:00:00,0.99,0.0,0.6,0.99,29.5,62.0,21.5,994.4,54.0,25.96436790361892,1.360734862316552
2017-08-28 17:00:00,1.0,0.0,0.69,0.72,29.1,64.0,21.8,994.8,50.0,26.29954002962208,2.3009116085381778
2017-08-28 18:00:00,0.99,0.0,0.45,0.99,27.8,70.0,21.8,995.0,49.7,16.938693351809977,2.9867486558712018
2017-08-28 19:00:00,0.76,0.0,0.26,0.69,27.3,72.0,21.8,995.6,31.7,17.975927798831506,2.847107263732205
2017-08-28 20:00:00,0.99,0.0,0.36,0.99,26.9,75.0,22.0,996.4,36.4,18.41559422444094,4.251574927099053
2017-08-28 21:00:00,0.93,0.0,0.49,0.88,27.2,72.0,21.7,997.5,38.9,20.96059043047278,5.616373278724698
2017-08-28 22:00:00,0.96,0.0,0.95,0.21,26.9,73.0,21.6,997.6,39.2,18.707905243876514,4.3190602434022125
2017-08-28 23:00:00,0.95,0.0,0.94,0.33,26.8,73.0,21.6,997.5,34.9,16.533701170139086,4.74096252005238
2017-08-29 00:00:00,0.91,0.0,0.55,0.85,26.8,73.0,21.6,997.1,32.8,16.169754600274036,7.199238582441661
2017-08-29 01:00:00,0.99,0.0,0.87,0.99,26.8,73.0,21.6,996.6,32.4,15.818775214865337,7.715332183487769
2017-08-29 02:00:00,1.0,0.0,0.83,0.99,26.5,75.0,21.6,996.0,32.4,15.113096829438634,6.106087472679371
2017-08-29 03:00:00,1.0,0.0,1.0,1.0,26.4,75.0,21.6,995.9,30.6,14.728077655239044,6.251698055828381
2017-08-29 04:00:00,1.0,0.0,0.94,1.0,26.4,76.0,21.8,996.2,29.9,15.506504639828796,5.339317733097369
2017-08-29 05:00:00,1.0,0.0,0.98,0.91,27.1,70.0,21.0,996.4,31.0,18.749079203850382,3.644451811692002
2017-08-29 06:00:00,0.99,0.01,0.97,0.94,27.2,70.0,21.3,997.0,34.2,13.649916082324129,3.914050452601384
2017-08-29 07:00:00,0.97,0.0,0.62,0.96,27.5,69.0,21.4,998.0,28.4,15.129051194653128,5.506524307543264
2017-08-29 08:00:00,0.96,0.0,0.8,0.94,28.4,67.0,21.8,998.9,37.8,18.352590699492296,4.917561856947892
2017-08-29 09:00:00,0.99,0.0,0.98,0.99,27.6,72.0,22.1,999.2,38.2,16.58949940026552,3.224672021863604
2017-08-29 10:00:00,0.97,0.0,0.97,0.88,27.5,73.0,22.2,999.2,34.9,17.689217638237995,0.6177210916342635
2017-08-29 11:00:00,0.97,0.0,0.93,0.94,28.8,66.0,21.9,998.9,43.9,23.085928104141114,0.8061783738277676
2017-08-29 12:00:00,0.93,0.0,0.83,0.86,29.2,65.0,22.0,998.1,51.8,26.59594869116001,-0.4642340112317313
2017-08-29 13:00:00,0.62,0.0,0.23,0.59,30.0,60.0,21.3,996.8,65.2,33.81742130380804,2.364744459925857
2017-08-29 14:00:00,0.89,0.0,0.83,0.81,31.5,53.0,21.0,995.6,73.1,36.35011506506648,1.9050288072431727
2017-08-29 15:00:00,0.98,0.0,0.84,0.96,29.7,60.0,21.2,995.3,71.6,34.91474175909385,2.4414765810443955
2017-08-29 16:00:00,0.98,0.0,0.65,0.96,29.5,60.0,20.9,995.3,68.4,33.548059925476686,4.119183807093974
2017-08-29 17:00:00,0.6,0.0,0.44,0.57,28.5,65.0,21.5,996.2,64.4,28.841134965679927,3.0313254347619476
2017-08-29 18:00:00,0.65,0.0,0.61,0.32,27.5,70.0,21.5,996.4,53.6,25.877434523592605,4.098582984054053
2017-08-29 19:00:00,0.52,0.0,0.36,0.45,26.9,73.0,21.7,997.4,47.2,22.970076092675335,4.464930491811144
2017-08-29 20:00:00,0.63,0.0,0.55,0.37,26.0,79.0,22.1,998.0,42.5,22.380058353559487,3.145312081697488
2017-08-29 21:00:00,0.52,0.0,0.28,0.5,25.7,81.0,22.1,998.6,41.4,21.9162833580184,1.9174263404484815
2017-08-29 22:00:00,0.56,0.0,0.46,0.43,25.7,81.0,22.1,999.0,46.1,25.537639686651502,1.7857657278496148
2017-08-29 23:00:00,0.51,0.0,0.36,0.35,25.5,83.0,22.4,998.8,46.8,23.371264541154424,2.4564188867898538
2017-08-30 00:00:00,0.58,0.0,0.44,0.49,25.5,82.0,22.2,998.5,42.8,23.37032642230106,3.2844851826575536
2017-08-30 01:00:00,1.0,0.0,1.0,0.72,25.3,83.0,22.2,997.9,42.8,23.40821367210476,3.7074968214534754
2017-08-30 02:00:00,0.81,0.0,0.18,0.79,25.4,82.0,22.1,997.4,43.6,23.37032642230106,3.2844851826575536
2017-08-30 03:00:00,0.85,0.0,0.37,0.82,25.4,82.0,22.0,997.4,42.1,21.93526995127322,2.6933124892537528
2017-08-30 04:00:00,0.8,0.0,0.2,0.79,24.9,86.0,22.3,997.8,39.6,21.270809090272422,1.1147558679747138
2017-08-30 05:00:00,0.81,0.03,0.26,0.0,26.0,77.0,21.8,997.7,38.5,18.36210380536446,2.2545828529952225
2017-08-30 06:00:00,0.5,0.03,0.17,0.39,26.5,75.0,21.7,998.1,33.5,17.276638428678886,3.3582383186271856
2017-08-30 07:00:00,0.2,0.05,0.08,0.11,27.9,69.0,21.8,999.0,39.2,20.12335726067711,3.9115844052191644
2017-08-30 08:00:00,0.87,0.02,0.05,0.87,29.9,61.0,21.6,999.6,41.0,18.728460324124818,1.638527963655975
2017-08-30 09:00:00,0.73,0.02,0.01,0.73,32.0,54.0,21.4,999.4,38.9,16.210706894502856,1.70381395126275
2017-08-30 10:00:00,0.75,0.37,0.02,0.69,33.8,47.0,21.0,999.6,42.8,19.787938374978097,0.691010034709515
2017-08-30 11:00:00,0.91,0.49,0.21,0.88,35.0,43.0,20.6,999.2,44.3,19.42579661278904,-1.6995369835793288
2017-08-30 12:00:00,0.93,0.06,0.14,0.92,35.3,43.0,20.8,998.2,42.5,15.5,2.847303808017596e-15
2017-08-30 13:00:00,0.97,0.78,0.56,0.95,33.2,53.0,22.2,997.6,38.9,17.28454596041491,-2.7376031382040367
2017-08-30 14:00:00,0.95,0.18,0.21,0.94,34.1,47.0,21.3,996.7,39.2,17.975927798831506,2.847107263732205
2017-08-30 15:00:00,0.97,0.05,0.31,0.96,33.8,48.0,21.2,996.5,42.1,18.37478343948416,-0.9629815948701685
2017-08-30 16:00:00,0.97,0.16,0.33,0.96,32.0,53.0,21.4,997.1,43.2,21.196771137315494,-0.36999101647040233
2017-08-30 17:00:00,0.98,0.03,0.25,0.93,31.2,56.0,21.5,996.8,42.1,23.78550168305448,0.8306080215195182
2017-08-30 18:00:00,0.96,0.05,0.2,0.95,29.1,65.0,21.9,997.2,44.3,22.644703940898008,1.5834719539916506
2017-08-30 19:00:00,0.9,0.06,0.25,0.88,28.2,70.0,22.1,998.4,42.5,21.946409105716132,1.5346424223707626
2017-08-30 20:00:00,0.89,0.08,0.19,0.87,28.0,71.0,22.3,999.6,41.0,22.286415442525836,0.778258776465767
2017-08-30 21:00:00,0.33,0.13,0.31,0.03,27.6,73.0,22.3,1000.4,41.4,22.3,4.096443543147897e-15
2017-08-30 22:00:00,0.83,0.09,0.25,0.78,27.3,74.0,22.3,1000.7,40.3,21.99664929344061,-0.38395294162022886
2017-08-30 23:00:00,0.77,0.06,0.26,0.71,27.0,76.0,22.3,1000.6,39.6,21.270809090272422,-1.114755867974706
2017-08-31 00:00:00,0.88,0.05,0.36,0.84,26.6,78.0,22.4,1000.1,38.5,19.42579661278904,-1.6995369835793288
2017-08-31 01:00:00,0.91,0.04,0.68,0.86,26.5,78.0,22.5,999.9,35.3,19.053473359962645,-1.3323486485127918
2017-08-31 02:00:00,0.95,0.05,0.49,0.94,26.3,80.0,22.5,999.2,34.9,16.935309867559674,-1.4816476267101841
2017-08-31 03:00:00,0.92,0.03,0.23,0.9,26.2,79.0,22.4,998.8,30.6,12.972511700514572,-1.8231676225768576
2017-08-31 04:00:00,0.91,0.05,0.15,0.9,26.0,80.0,22.2,998.8,23.8,12.564827948130098,-2.4423551408197777
2017-08-31 05:00:00,0.82,0.06,0.2,0.92,26.4,77.0,22.0,999.3,23.0,13.600108183020698,-4.418943019561746
2017-08-31 06:00:00,0.97,0.0,0.32,0.97,26.5,76.0,22.0,999.9,25.6,11.535140351259825,-3.307648269803993
2017-08-31 07:00:00,0.94,0.01,0.3,0.91,27.8,71.0,22.0,1000.7,25.6,12.277062816293963,-2.8343832847326977
2017-08-31 08:00:00,0.49,0.04,0.25,0.36,30.3,58.0,21.2,1001.2,26.6,9.772803256173447,-3.5570094905869576
2017-08-31 09:00:00,0.26,0.04,0.19,0.19,32.0,51.0,20.8,1000.9,24.8,3.2526911934581193,-3.2526911934581175
2017-08-31 10:00:00,0.32,0.04,0.11,0.28,34.5,45.0,20.7,1000.4,21.2,-0.710739087062379,-2.1874299874788528
2017-08-31 11:00:00,0.44,0.16,0.34,0.35,35.4,42.0,20.7,999.6,21.2,-1.0815799573111138,-1.800051331474436
2017-08-31 12:00:00,0.51,0.38,0.37,0.33,36.2,41.0,20.8,998.3,18.7,-1.0461621679246689,-0.3399186938124422
2017-08-31 13:00:00,0.86,0.63,0.4,0.79,35.0,44.0,21.0,997.5,21.2,-5.400153994423308,3.2447398719333416
2017-08-31 14:00:00,0.88,0.0,0.19,0.87,33.0,52.0,21.6,997.1,26.3,-2.863776532993933,5.385980316439454
2017-08-31 15:00:00,0.89,0.03,0.13,0.88,34.0,47.0,21.1,996.7,21.6,1.7672493719509559,8.314254606237347
2017-08-31 16:00:00,0.9,0.0,0.09,0.9,32.3,53.0,21.6,997.4,25.6,0.7117525274902328,1.761649323676896
2017-08-31 17:00:00,0.89,0.15,0.3,0.79,33.3,47.0,20.5,997.2,12.6,-5.377666356487367,2.17271824181229
2017-08-31 18:00:00,0.88,0.01,0.15,0.87,30.6,66.0,23.5,997.8,23.4,-9.65386886137305,9.002378352824978
2017-08-31 19:00:00,0.95,0.06,0.28,0.94,29.1,72.0,23.6,998.9,24.8,-6.535668420180327,10.064046815345087
2017-08-31 20:00:00,0.99,0.12,0.33,0.99,29.1,72.0,23.5,1000.3,22.0,-6.069785404556238,6.509047944410617
2017-08-31 21:00:00,1.0,0.11,0.27,1.0,28.6,74.0,23.6,1001.3,17.3,-2.4999999999999996,4.330127018922194
2017-08-31 22:00:00,0.98,0.11,0.31,0.98,28.8,73.0,23.5,1001.8,14.0,6.069785404556236,6.509047944410618
2017-08-31 23:00:00,0.98,0.11,0.41,0.97,26.9,82.0,23.5,1001.7,25.6,15.086701504948095,1.8524140197582368
2017-09-01 00:00:00,1.0,0.02,0.34,1.0,25.8,87.0,23.5,1001.3,26.3,10.397814721786489,-1.4613175600806874
2017-09-01 01:00:00,1.0,0.14,0.03,1.0,26.0,86.0,23.5,1000.4,18.7,8.314254606237347,1.767249371950958
2017-09-01 02:00:00,1.0,0.05,0.21,1.0,26.1,85.0,23.3,1000.0,15.1,6.122295146001596,3.9758649556096968
2017-09-01 03:00:00,0.91,0.01,0.09,0.9,26.0,83.0,22.9,999.4,14.4,8.691657397237211,1.3766232923540331
2017-09-01 04:00:00,0.93,0.05,0.13,0.93,26.2,79.0,22.2,999.5,15.5,6.862201078041087,0.7212463965468082
2017-09-01 05:00:00,0.95,0.05,0.13,0.91,26.1,78.0,22.0,999.9,11.2,8.60769888645749,-1.8296228791962834
2017-09-01 06:00:00,0.92,0.04,0.18,0.9,26.8,75.0,22.0,1000.2,18.0,8.939733772226365,-2.5634274090980944
2017-09-01 07:00:00,0.88,0.02,0.32,0.86,28.3,68.0,21.9,1001.3,20.2,8.651355263444868,-2.4807362023529946
2017-09-01 08:00:00,0.93,0.05,0.3,0.91,29.8,64.0,22.2,1001.8,22.3,6.881011852206846,-4.641301098807201
2017-09-01 09:00:00,0.87,0.09,0.24,0.85,31.2,58.0,21.9,1001.8,21.6,0.7555899291119128,-6.153786140176197
2017-09-01 10:00:00,0.87,0.03,0.14,0.86,32.8,52.0,21.6,1001.3,20.9,-1.8364363038995868,-4.32637281122647
2017-09-01 11:00:00,0.8,0.12,0.25,0.77,34.7,46.0,21.2,1000.4,21.6,-2.1449244407331385,-1.7998053071223101
2017-09-01 12:00:00,0.87,0.4,0.66,0.76,36.5,40.0,20.6,999.0,20.9,-3.2154212137912763,0.7423384793347546
2017-09-01 13:00:00,0.97,0.61,0.83,0.93,30.5,66.0,23.5,998.3,28.4,-9.4,-5.755839955992561e-16
2017-09-01 14:00:00,0.88,0.03,0.78,0.8,33.5,52.0,22.2,998.3,25.6,-2.867896404846534,2.493024310163927
2017-09-01 15:00:00,0.98,0.7,0.44,0.97,27.4,83.0,24.2,998.6,27.0,10.060016436106816,4.691062705321761
2017-09-01 16:00:00,0.99,0.74,0.66,0.99,28.9,73.0,23.6,998.6,25.2,8.337387673787106,-1.0237024846032405
2017-09-01 17:00:00,0.94,0.0,0.33,0.86,28.9,74.0,23.7,998.0,20.5,-4.898587196589413e-16,4.0
2017-09-01 18:00:00,0.9,0.01,0.12,0.89,27.9,81.0,24.4,998.8,10.8,1.046162167924669,-0.339918693812442
2017-09-01 19:00:00,0.9,0.19,0.09,0.89,26.7,89.0,24.8,1000.6,14.8,-2.2258437878816784,-8.306962106085987
2017-09-01 20:00:00,0.87,0.02,0.13,0.86,26.6,89.0,24.6,1001.2,15.8,-0.3278554265973889,-4.688551036221174
2017-09-01 21:00:00,0.77,0.0,0.16,0.75,26.5,89.0,24.6,1001.5,10.1,-0.6945927106677213,-3.939231012048832
2017-09-01 22:00:00,0.79,0.03,0.19,0.77,26.5,90.0,24.7,1001.7,7.2,-1.437543918085127,-1.083267041673687
2017-09-01 23:00:00,0.9,0.12,0.18,0.88,26.2,92.0,24.9,1001.4,4.3,2.1449244407331385,-1.7998053071223097
2017-09-02 00:00:00,0.93,0.01,0.51,0.88,25.8,92.0,24.5,1000.7,15.5,5.37968403772216,-6.188618557826729
2017-09-02 01:00:00,0.93,0.03,0.3,0.92,25.5,93.0,24.3,1000.0,14.8,4.667902132486009,-1.791839747726502
2017-09-02 02:00:00,0.86,0.0,0.25,0.82,25.0,92.0,23.6,999.3,18.7,8.999165894302516,-4.585304047369421
2017-09-02 03:00:00,1.0,0.0,0.27,0.99,24.9,92.0,23.5,999.1,18.7,3.213219480298821,-7.217009115376547
2017-09-02 04:00:00,0.5,0.06,0.16,0.43,25.0,91.0,23.5,999.2,14.0,5.7340643100229425,-4.015035054457322
2017-09-02 05:00:00,0.36,0.03,0.0,0.68,24.5,93.0,23.3,999.1,13.0,7.871577364254561,-4.363286582217036
2017-09-02 06:00:00,0.53,0.03,0.01,0.52,25.0,92.0,23.6,999.6,16.9,2.1976149610516362,-4.71280049259058
2017-09-02 07:00:00,0.73,0.02,0.05,0.72,26.6,84.0,23.6,1000.3,14.8,-2.4881992827652213,-4.679622242152313
2017-09-02 08:00:00,0.6,0.02,0.12,0.57,28.8,73.0,23.5,1001.3,16.6,-2.8772616073430903,-3.195522749552795
2017-09-02 09:00:00,0.77,0.0,0.02,0.77,30.7,65.0,23.2,1001.5,16.6,-1.8221342821066668,-2.5079526825623373
2017-09-02 10:00:00,0.8,0.07,0.0,0.79,32.4,58.0,23.1,1001.0,17.6,-2.1649947956686737,-2.4905416147351476
2017-09-02 11:00:00,0.98,0.98,0.02,0.67,33.8,55.0,23.5,1000.3,18.7,-1.7669289302057951,-0.34345619167778085
2017-09-02 12:00:00,0.95,0.44,0.53,0.9,34.4,50.0,22.4,998.7,19.1,-3.269385687200962,4.669166652447254
2017-09-02 13:00:00,0.95,0.85,0.57,0.77,29.6,71.0,23.9,998.4,32.8,-9.030970087718508,1.755442757464212
2017-09-02 14:00:00,1.0,1.0,0.96,0.65,32.0,59.0,23.0,997.4,24.1,4.363286582217032,7.871577364254563
2017-09-02 15:00:00,0.81,0.35,0.21,0.76,28.7,77.0,24.3,997.8,26.3,5.391926446648768,8.302838622659698
2017-09-02 16:00:00,0.71,0.07,0.12,0.69,28.3,77.0,23.9,997.9,24.5,6.143371093601031,5.728786224524988
2017-09-02 17:00:00,0.36,0.15,0.46,0.97,29.5,68.0,23.0,998.5,20.2,-0.4153040107597636,11.89275084152724
2017-09-02 18:00:00,0.99,0.04,0.25,0.99,27.9,75.0,23.0,999.1,23.8,1.4195656297926682,10.100734301164016
2017-09-02 19:00:00,0.99,0.07,0.19,0.99,27.8,74.0,22.7,999.7,18.7,2.863776532993934,5.385980316439453
2017-09-02 20:00:00,0.97,0.02,0.1,0.96,27.7,75.0,23.0,1000.4,10.1,3.2360929164157652,1.7937955949114464
2017-09-02 21:00:00,0.87,0.0,0.01,0.87,27.6,74.0,22.6,1000.9,14.0,8.994517443171862,-0.3140954703225115
2017-09-02 22:00:00,0.69,0.02,0.06,0.68,26.9,75.0,22.2,1001.2,29.5,16.958588854417012,1.185860053650135
2017-09-02 23:00:00,0.32,0.04,0.15,0.24,26.4,78.0,22.2,1000.9,31.0,15.797593583470983,0.27574802170907925
2017-09-03 00:00:00,0.58,0.07,0.53,0.15,26.4,77.0,22.0,1000.2,28.4,15.079305974794064,-0.7902729392684535
2017-09-03 01:00:00,0.25,0.0,0.04,0.24,26.2,77.0,22.0,999.2,27.4,15.142159410994532,-1.3247672897643998
2017-09-03 02:00:00,0.48,0.01,0.07,0.47,25.8,79.0,21.9,998.8,27.0,14.420249772689012,-2.283943189587368
2017-09-03 03:00:00,0.31,0.02,0.02,0.3,25.5,81.0,22.0,998.1,26.3,11.535140351259825,-3.307648269803993
2017-09-03 04:00:00,0.08,0.05,0.01,0.03,25.3,82.0,22.0,998.4,20.9,9.360633898433239,-3.2231247291258476
2017-09-03 05:00:00,0.35,0.09,0.01,0.44,25.1,83.0,22.1,999.4,17.6,8.939931253174445,-2.904759747124504
2017-09-03 06:00:00,0.78,0.16,0.01,0.74,25.8,81.0,22.2,1000.0,18.4,8.939931253174445,-2.904759747124504
2017-09-03 07:00:00,0.92,0.16,0.06,0.9,27.4,75.0,22.5,1001.0,18.0,7.1859411745548085,-2.474317973874388
2017-09-03 08:00:00,0.97,0.0,0.05,0.96,29.3,67.0,22.5,1001.5,20.2,6.472185832831528,-3.5875911898228963
2017-09-03 09:00:00,0.96,0.0,0.03,0.96,30.8,61.0,22.4,1001.8,20.5,5.04326882308302,-3.9402334420842147
2017-09-03 10:00:00,0.99,0.02,0.01,0.99,32.2,56.0,22.4,1001.3,20.2,3.985826051935203,-2.490620541896062
2017-09-03 11:00:00,0.93,0.1,0.09,0.93,33.5,53.0,22.5,1000.8,19.1,2.1554976886431083,-1.4539015490239422
2017-09-03 12:00:00,1.0,0.28,0.17,0.99,34.0,52.0,22.6,999.5,17.3,2.138415658052083,1.0895771993749126
2017-09-03 13:00:00,0.96,0.39,0.92,0.93,33.0,51.0,21.5,998.6,23.8,-3.659615533584657,10.054711042409219
2017-09-03 14:00:00,1.0,0.7,0.26,1.0,29.0,71.0,23.2,998.2,27.4,-2.499280409439629,-0.7166571251241979
2017-09-03 15:00:00,1.0,0.02,0.24,1.0,30.5,64.0,23.0,997.8,17.3,-5.386845871403051,0.3766849582182768
2017-09-03 16:00:00,1.0,0.21,0.26,1.0,29.2,70.0,23.0,998.3,26.3,5.3989495089621515,-1.0494494745709981
2017-09-03 17:00:00,1.0,0.03,0.09,1.0,30.4,61.0,22.1,998.0,16.6,7.893769085249775,2.564841053312065
2017-09-03 18:00:00,1.0,0.05,0.03,1.0,29.1,65.0,21.8,998.5,19.1,11.160878248725057,1.7677094549546108
2017-09-03 19:00:00,1.0,0.05,0.14,1.0,28.0,70.0,22.0,999.6,20.5,10.093847352892867,0.35248491669525767
2017-09-03 20:00:00,1.0,0.01,0.49,0.99,27.3,74.0,22.2,1000.6,18.0,8.294943864258496,-0.2896658226307607
2017-09-03 21:00:00,1.0,0.01,1.0,0.99,27.1,75.0,22.4,1001.4,14.8,6.464392319893777,0.6794350112397468
2017-09-03 22:00:00,0.95,0.0,0.47,0.91,27.2,76.0,22.5,1002.1,11.9,6.464392319893777,0.6794350112397468
2017-09-03 23:00:00,0.92,0.0,0.25,0.92,26.9,78.0,22.8,1001.6,13.0,7.571079705497266,-0.6623836448821999
2017-09-04 00:00:00,0.96,0.06,0.14,0.96,26.5,81.0,23.0,1001.2,13.3,7.160557646651569,0.7526049355271042
2017-09-04 01:00:00,0.97,0.01,0.03,0.97,26.1,83.0,23.0,1000.3,13.3,7.6000865053248345,-1.7546182238821464
2017-09-04 02:00:00,0.95,0.08,0.02,0.94,26.0,84.0,23.0,999.5,15.5,7.534421012924615,-4.3500000000000005
2017-09-04 03:00:00,0.97,0.1,0.01,0.97,25.8,84.0,22.9,999.2,15.1,4.342310698243882,-5.362307134053097
2017-09-04 04:00:00,0.97,0.13,0.01,0.96,25.5,85.0,22.9,999.6,12.6,5.750175672340511,-4.333068166694745
2017-09-04 05:00:00,0.94,0.04,0.02,0.99,25.5,85.0,22.8,1000.2,13.0,3.5640260967534716,-1.8159619989581866
2017-09-04 06:00:00,0.95,0.07,0.06,0.95,26.1,82.0,22.8,1000.4,10.4,5.0229473419497435,-2.9000000000000004
2017-09-04 07:00:00,0.89,0.0,0.0,0.89,27.5,76.0,22.8,1000.9,15.8,5.38874422160777,-3.6347538725598554
2017-09-04 08:00:00,0.8,0.0,0.0,0.8,29.4,68.0,23.0,1001.6,16.9,4.32637281122647,-1.8364363038995855
2017-09-04 09:00:00,0.47,0.06,0.06,0.46,30.9,63.0,23.0,1001.9,18.4,3.5640260967534716,-1.8159619989581866
2017-09-04 10:00:00,0.73,0.26,0.41,0.6,31.8,60.0,23.0,1001.6,18.0,3.2332465329646625,-2.1808523235359134
2017-09-04 11:00:00,0.72,0.24,0.38,0.56,32.8,57.0,23.2,1000.9,20.2,4.310995377286217,-2.9078030980478844
2017-09-04 12:00:00,0.95,0.1,0.14,0.95,33.3,56.0,23.3,999.5,19.8,-0.726950774511971,-1.0777488443215544
2017-09-04 13:00:00,0.96,0.06,0.17,0.95,34.2,51.0,22.7,997.8,19.8,-1.7874357113510329,-1.4474368994146258
2017-09-04 14:00:00,0.96,0.63,0.1,0.94,34.4,52.0,23.0,996.7,19.1,-3.23084408978756,2.524212048835199
2017-09-04 15:00:00,0.96,0.04,0.18,0.96,30.8,68.0,24.1,997.0,25.2,-5.420413862312148,3.9381611903595695
2017-09-04 16:00:00,0.94,0.16,0.31,0.93,30.8,66.0,23.6,997.6,19.4,-5.3623071340531006,4.342310698243877
2017-09-04 17:00:00,0.83,0.05,0.11,0.95,30.8,66.0,23.7,997.5,18.0,-5.466402846320002,7.5238580476870105
2017-09-04 18:00:00,0.94,0.06,0.05,0.94,29.5,71.0,23.7,998.0,20.5,-6.499602250042121,8.625263508510765
2017-09-04 19:00:00,0.98,0.2,0.03,0.97,28.8,74.0,23.8,999.3,18.7,-2.5237363199446023,3.6042689948715645
2017-09-04 20:00:00,0.99,0.24,0.06,0.98,28.7,75.0,23.9,1000.6,7.2,3.9467090073008158,1.436484601967808
2017-09-04 21:00:00,0.99,0.18,0.21,0.99,28.5,73.0,23.1,1001.4,17.6,10.840288659514181,1.1393602496174215
2017-09-04 22:00:00,0.99,0.15,0.15,0.98,27.1,77.0,22.8,1001.9,28.1,15.497639274924065,-0.2705122997778885
2017-09-04 23:00:00,0.96,0.13,0.11,0.96,27.2,75.0,22.5,1001.2,31.3,16.559563234313085,-1.1579574641524788
2017-09-05 00:00:00,0.98,0.19,0.4,0.97,26.9,77.0,22.5,1000.7,32.8,17.59600750971985,-5.379639366898355
2017-09-05 01:00:00,0.96,0.24,0.33,0.96,26.5,79.0,22.6,999.9,33.1,16.19808878576026,-2.565525226659783
2017-09-05 02:00:00,0.98,0.23,0.31,0.98,26.3,80.0,22.5,999.3,29.9,14.05767991265662,-4.29786405942423
2017-09-05 03:00:00,0.99,0.0,0.35,0.98,25.9,81.0,22.4,998.9,26.3,8.999165894302516,-4.585304047369421
2017-09-05 04:00:00,0.99,0.08,0.28,0.98,25.4,85.0,22.6,999.4,19.1,10.785062665736133,-5.029157314714325
2017-09-05 05:00:00,0.99,0.1,0.15,0.98,26.0,82.0,22.6,1000.1,24.1,8.60769888645749,-1.8296228791962834
2017-09-05 06:00:00,0.96,0.07,0.19,0.95,26.5,80.0,22.8,1000.2,16.9,6.14587074139556,-2.116193003971516
2017-09-05 07:00:00,0.96,0.0,0.18,0.95,27.8,78.0,23.5,1000.6,12.6,1.7489675652259407,-3.9282454678631837
2017-09-05 08:00:00,0.93,0.06,0.2,0.92,29.3,72.0,23.6,1001.3,17.3,6.1385314081469815,-1.4171916423663489
2017-09-05 09:00:00,0.97,0.0,0.11,0.97,30.8,63.0,22.9,1001.4,18.7,2.5,4.592425496802574e-16
2017-09-05 10:00:00,0.97,0.0,0.07,0.96,32.5,57.0,23.0,1000.7,14.4,-1.4256104387013888,-0.7263847995832751
2017-09-05 11:00:00,0.9,0.02,0.02,0.9,33.8,54.0,23.0,1000.3,20.2,1.1,2.0206672185931328e-16
2017-09-05 12:00:00,0.95,0.11,0.03,0.95,35.5,49.0,23.0,999.1,21.6,-1.800051331474436,1.081579957311114
2017-09-05 13:00:00,0.95,0.0,0.17,0.94,30.1,69.0,23.8,998.8,33.1,-1.4861274178821944,9.383039235653808
2017-09-05 14:00:00,0.63,0.29,0.16,0.55,31.0,63.0,23.1,998.1,25.2,1.8302832409706995,11.555953584963111
2017-09-05 15:00:00,0.16,0.0,0.09,0.1,29.8,68.0,23.2,997.4,28.1,-1.0895771993749124,2.138415658052083
2017-09-05 16:00:00,0.11,0.01,0.07,0.06,31.1,63.0,23.1,996.9,14.8,-2.192031021678297,-2.1920310216782974
2017-09-05 17:00:00,0.98,0.21,0.09,0.54,28.5,76.0,23.8,998.4,14.8,7.878462024097664,1.3891854213354426
2017-09-05 18:00:00,0.82,0.0,0.11,0.81,28.0,78.0,23.9,998.5,16.9,2.8783838397598336,-0.35342109587492826
2017-09-05 19:00:00,0.97,0.02,0.16,0.97,27.9,76.0,23.2,999.5,19.1,11.852260087141653,-1.877213580482768
2017-09-05 20:00:00,0.95,0.01,0.04,0.94,27.3,76.0,22.6,999.9,31.0,17.25785806949496,-1.2067869957733663
2017-09-05 21:00:00,0.99,0.02,0.02,0.99,27.0,76.0,22.5,1000.8,33.1,18.355178524780765,-1.283519116891904
2017-09-05 22:00:00,0.97,0.12,0.07,0.97,26.7,77.0,22.3,1001.4,35.6,19.787938374978097,-0.6910100347095254
2017-09-05 23:00:00,0.96,0.13,0.04,0.96,26.4,78.0,22.2,1001.2,40.3,21.99664929344061,-0.38395294162022886
2017-09-06 00:00:00,0.52,0.07,0.06,0.47,26.0,80.0,22.2,1000.3,40.0,20.12313290145326,-1.7605460035026892
2017-09-06 01:00:00,0.34,0.08,0.02,0.29,25.9,81.0,22.3,999.6,38.9,21.596710215378053,0.3769719790453236
2017-09-06 02:00:00,0.19,0.14,0.03,0.11,25.8,81.0,22.1,999.0,39.2,18.697151899424515,0.3263600003772014
2017-09-06 03:00:00,0.43,0.14,0.01,0.34,25.8,80.0,22.0,998.4,33.8,14.79774588831459,0.2582956152717958
2017-09-06 04:00:00,0.55,0.1,0.01,0.53,25.5,81.0,22.0,998.4,26.3,12.2,2.241103642439656e-15
2017-09-06 05:00:00,0.87,0.16,0.21,0.28,25.6,80.0,22.0,999.6,22.0,13.291897999353974,-0.46416330614326706
2017-09-06 06:00:00,0.94,0.12,0.16,0.93,26.0,80.0,22.2,999.7,23.8,12.592324420440606,-0.43973365845151613
2017-09-06 07:00:00,0.87,0.09,0.05,0.86,27.0,77.0,22.6,999.9,25.6,12.552053195955994,-1.0981623586204894
2017-09-06 08:00:00,0.77,0.0,0.03,0.77,28.8,70.0,22.8,1000.5,26.6,11.9,2.1859945364780254e-15
2017-09-06 09:00:00,0.54,0.0,0.05,0.52,30.7,62.0,22.6,1001.0,26.6,10.393664600998596,0.36295476570600793
2017-09-06 10:00:00,0.05,0.02,0.03,0.01,32.2,57.0,22.5,1000.8,26.3,10.4,1.910449006669871e-15
2017-09-06 11:00:00,0.07,0.06,0.03,0.0,33.0,55.0,22.7,1000.1,31.7,13.647867363856914,-1.194033675642913
2017-09-06 12:00:00,0.05,0.04,0.04,0.01,34.0,49.0,21.9,999.1,32.0,13.281772812235833,0.6960682180311593
2017-09-06 13:00:00,0.39,0.08,0.25,0.24,34.3,48.0,21.8,997.6,31.7,12.928784639787555,1.3588700224794936
2017-09-06 14:00:00,0.4,0.14,0.37,0.14,32.6,54.0,22.2,997.1,32.4,9.359244484304625,4.976398565530442
2017-09-06 15:00:00,0.1,0.08,0.05,0.02,32.2,55.0,22.0,996.0,24.8,4.023790324368741,4.314986839553106
2017-09-06 16:00:00,0.5,0.39,0.48,0.03,31.2,58.0,22.0,996.4,28.8,14.06928803100195,3.507867486195183
2017-09-06 17:00:00,0.85,0.34,0.1,0.73,31.1,58.0,21.8,996.7,31.3,9.334970206477497,4.352968095929202
2017-09-06 18:00:00,0.99,0.27,0.15,0.98,29.7,63.0,22.0,997.5,19.4,7.185941174554808,2.4743179738743906
2017-09-06 19:00:00,0.96,0.01,0.15,0.95,28.8,67.0,22.0,998.4,21.6,12.58273213790763,0.6594330486610982
2017-09-06 20:00:00,0.7,0.01,0.14,0.67,27.6,72.0,22.0,999.2,23.8,11.916173811447717,2.101142949769857
2017-09-06 21:00:00,0.12,0.1,0.08,0.0,27.3,73.0,22.1,1000.0,25.2,14.094155353306773,1.7305446763530898
2017-09-06 22:00:00,0.45,0.02,0.1,0.39,26.9,76.0,22.2,999.9,25.6,13.291897999353974,-0.46416330614326706
2017-09-06 23:00:00,0.14,0.01,0.1,0.1,26.6,77.0,22.3,999.9,23.8,12.950531075192693,-1.1330246557195525
2017-09-07 00:00:00,0.47,0.05,0.17,0.44,26.4,79.0,22.4,999.0,23.0,12.211616137351381,-2.1532374030699315
2017-09-07 01:00:00,0.94,0.09,0.37,0.93,26.2,79.0,22.4,998.4,22.3,11.852260087141653,-1.877213580482768
2017-09-07 02:00:00,0.96,0.09,0.59,0.92,26.0,80.0,22.4,998.0,22.7,12.576404473017943,-1.7674983821928314
2017-09-07 03:00:00,0.87,0.11,0.27,0.83,26.0,80.0,22.4,997.5,23.4,11.910553819695863,-1.4624321208617723
2017-09-07 04:00:00,0.96,0.05,0.16,0.95,25.8,82.0,22.4,997.0,21.2,9.335804264972017,-3.583679495453004
2017-09-07 05:00:00,0.98,0.12,0.96,0.75,26.2,80.0,22.6,997.9,17.6,8.994517443171862,0.31409547032250684
2017-09-07 06:00:00,0.66,0.1,0.61,0.31,26.7,78.0,22.5,998.1,18.0,7.172285669722766,-2.1927877854205255
2017-09-07 07:00:00,0.69,0.09,0.31,0.59,27.6,75.0,22.9,998.8,14.4,4.676976310969129,-1.0797650608505516
2017-09-07 08:00:00,1.0,0.12,0.98,0.8,29.1,68.0,22.7,999.9,19.4,6.798696465013738,3.614931033451359
2017-09-07 09:00:00,0.96,0.22,0.89,0.85,29.1,68.0,22.5,1000.6,21.2,8.652745622452938,3.672872607799174
2017-09-07 10:00:00,0.99,0.14,0.95,0.9,28.8,69.0,22.6,1000.9,22.3,6.8369323943920275,6.1560015785014945
2017-09-07 11:00:00,0.96,0.04,0.65,0.93,29.7,65.0,22.5,1000.0,22.0,6.847033205136639,1.4553818357243185
2017-09-07 12:00:00,0.77,0.0,0.65,0.59,31.2,59.0,22.2,998.9,20.2,4.312631754255381,3.2498011250210608
2017-09-07 13:00:00,0.64,0.06,0.5,0.44,32.4,56.0,22.6,997.6,20.2,0.3534210958749272,2.878383839759834
2017-09-07 14:00:00,0.49,0.09,0.36,0.32,32.7,57.0,23.0,996.2,19.8,-5.772490067120012,3.199743493625824
2017-09-07 15:00:00,0.56,0.24,0.52,0.16,30.0,67.0,23.2,996.2,24.8,0.7068421917498544,5.756767679519668
2017-09-07 16:00:00,0.87,0.1,0.59,0.83,29.6,69.0,23.3,996.3,19.4,7.1859411745548085,-2.474317973874388
2017-09-07 17:00:00,0.95,0.08,0.1,0.5,29.3,72.0,23.6,996.6,19.4,5.4378467222199,2.5357095704441948
2017-09-07 18:00:00,0.25,0.06,0.19,0.1,28.9,72.0,23.2,997.2,13.3,7.922144549932562,1.1133848076805266
2017-09-07 19:00:00,0.56,0.04,0.27,0.4,28.0,70.0,21.9,998.1,27.0,15.441017820422056,-1.3509140125886974
2017-09-07 20:00:00,0.84,0.03,0.08,0.83,27.3,72.0,21.9,998.6,28.8,16.197532661533536,0.2827289842839927
2017-09-07 21:00:00,0.88,0.15,0.1,0.87,26.9,75.0,22.0,999.5,29.5,16.141369520487597,2.2685215456490733
2017-09-07 22:00:00,0.69,0.14,0.1,0.66,26.6,77.0,22.2,1000.0,29.5,16.237973578895453,1.4206386067868295
2017-09-07 23:00:00,0.62,0.13,0.12,0.56,26.4,78.0,22.2,999.8,33.1,18.7,3.4351342716083256e-15
2017-09-08 00:00:00,0.68,0.16,0.15,0.62,26.5,77.0,22.1,999.2,34.2,17.59731943475249,-0.30716235329618313
2017-09-08 01:00:00,0.41,0.12,0.2,0.32,26.4,78.0,22.1,998.4,31.7,15.478757788695894,-0.8112073217656312
2017-09-08 02:00:00,0.59,0.15,0.27,0.49,26.1,79.0,22.2,998.1,29.9,16.575520732410077,-2.035218034865966
2017-09-08 03:00:00,0.86,0.24,0.37,0.8,25.9,79.0,22.0,997.9,29.9,14.772116295183121,-2.6047226650039494
2017-09-08 04:00:00,0.81,0.27,0.37,0.73,25.9,80.0,22.1,997.9,26.3,11.571287547152728,-3.537697627145114
2017-09-08 05:00:00,0.91,0.0,0.34,0.98,25.0,91.0,23.5,997.6,21.2,6.0916401620029,-0.3192493330819581
2017-09-08 06:00:00,0.99,0.1,0.26,0.99,25.6,87.0,23.4,998.3,18.0,10.393664600998596,-0.3629547657060133
2017-09-08 07:00:00,1.0,0.07,1.0,0.99,26.6,81.0,23.2,999.2,19.8,9.74631457460908,-1.0243789400229992
2017-09-08 08:00:00,0.96,0.02,0.91,0.94,28.2,74.0,23.2,1000.1,21.2,8.306962106085988,-2.2258437878816744
2017-09-08 09:00:00,0.97,0.0,0.57,0.95,29.4,67.0,22.7,1000.6,24.8,10.755332712974734,-4.345436483624579
2017-09-08 10:00:00,0.98,0.18,0.49,0.97,29.8,64.0,22.2,1000.2,25.9,8.939931253174445,-2.904759747124504
2017-09-08 11:00:00,0.99,0.18,0.77,0.99,30.6,61.0,22.1,999.7,24.5,2.894873798829254,-3.5748714227020644
2017-09-08 12:00:00,0.89,0.37,0.34,0.83,29.8,65.0,22.5,999.1,27.0,9.70462707366739,-1.3638963894086416
2017-09-08 13:00:00,0.9,0.03,0.82,0.67,30.4,64.0,22.8,998.0,28.1,10.044671143219562,-1.0557374790032952
2017-09-08 14:00:00,0.52,0.09,0.38,0.36,30.4,64.0,22.7,996.7,28.4,10.125553387976844,4.298042413382012
2017-09-08 15:00:00,1.0,0.08,0.92,1.0,29.6,69.0,23.2,996.7,29.2,2.225843787881679,8.306962106085987
2017-09-08 16:00:00,0.81,0.0,0.4,0.76,28.0,75.0,23.3,996.5,27.7,0.7352419856890845,4.6421352007971475
2017-09-08 17:00:00,0.86,0.05,0.23,1.0,28.0,80.0,24.2,997.4,12.6,-3.5670951622914924,3.2118269105225195
2017-09-08 18:00:00,1.0,0.12,0.48,1.0,27.6,84.0,24.8,997.9,10.1,-4.898587196589413e-16,4.0
2017-09-08 19:00:00,1.0,0.15,0.89,1.0,27.0,91.0,25.4,999.0,7.2,3.5748714227020644,2.894873798829254
2017-09-08 20:00:00,1.0,0.07,0.47,1.0,26.4,86.0,23.8,999.6,13.7,10.045039080724523,-1.7712114122026856
2017-09-08 21:00:00,0.99,0.0,0.36,0.99,25.8,86.0,23.3,999.9,19.8,11.21577151354694,1.3771235804781632
2017-09-08 22:00:00,0.97,0.08,0.57,0.95,25.8,88.0,23.6,1000.4,18.4,8.588939923774253,3.296985135816766
2017-09-08 23:00:00,0.97,0.12,0.37,0.96,25.9,88.0,23.8,1000.1,15.5,6.49109197590473,-0.3401837155791356
2017-09-09 00:00:00,0.94,0.08,0.26,0.93,25.6,87.0,23.2,999.2,11.5,6.162892951849218,-2.8738041798367573
2017-09-09 01:00:00,0.92,0.16,0.16,0.91,25.5,85.0,22.8,998.5,13.0,7.190132650232932,0.376818884949199
2017-09-09 02:00:00,0.96,0.1,0.28,0.94,25.2,86.0,22.6,998.4,14.8,9.394273773979501,-0.32805526900351206
2017-09-09 03:00:00,0.97,0.11,0.21,0.97,25.0,88.0,22.8,997.9,21.2,12.211616137351381,-2.1532374030699315
2017-09-09 04:00:00,0.99,0.03,0.09,0.99,24.7,89.0,22.9,997.7,21.2,12.6,2.3145824503884972e-15
2017-09-09 05:00:00,0.98,0.16,0.27,1.0,25.2,85.0,22.5,998.4,23.4,10.05471104240922,3.6596155335846534
2017-09-09 06:00:00,1.0,0.17,0.22,1.0,25.5,85.0,22.7,998.9,19.4,6.4721858328315305,3.5875911898228927
2017-09-09 07:00:00,1.0,0.08,0.24,1.0,25.5,87.0,23.3,999.8,13.3,5.062776693988422,2.149021206691006
2017-09-09 08:00:00,1.0,0.0,0.29,1.0,26.2,83.0,23.1,1000.4,14.4,5.385980316439454,2.8637765329939335
2017-09-09 09:00:00,1.0,0.02,0.35,1.0,27.6,75.0,22.8,1000.8,21.2,8.308865795825094,3.1894747509531767
2017-09-09 10:00:00,1.0,0.0,0.59,1.0,28.9,69.0,22.7,1000.6,24.8,10.045039080724521,1.7712114122026892
2017-09-09 11:00:00,0.98,0.01,0.44,0.98,30.5,63.0,22.6,999.9,25.6,8.337387673787106,1.0237024846032363
2017-09-09 12:00:00,0.92,0.31,0.6,0.87,31.1,62.0,22.9,998.9,25.6,8.654614298285896,2.8120546488120226
2017-09-09 13:00:00,1.0,1.0,0.37,0.77,30.6,64.0,23.0,997.5,28.1,11.492994510719601,-0.40134421207876475
2017-09-09 14:00:00,1.0,0.36,0.67,1.0,27.5,77.0,23.1,997.1,32.8,11.89033321029165,9.62860198306252
2017-09-09 15:00:00,0.99,0.02,0.05,0.99,27.0,81.0,23.5,995.8,31.3,3.9597979746446654,3.9597979746446668
2017-09-09 16:00:00,0.91,0.0,0.02,0.91,28.0,77.0,23.6,995.6,20.2,9.369480515003962,2.51054473749445
2017-09-09 17:00:00,0.83,0.06,0.19,0.9,28.7,69.0,22.4,996.7,22.0,1.049449474570996,5.3989495089621515
2017-09-09 18:00:00,0.85,0.13,0.17,0.84,27.5,79.0,23.4,997.0,11.5,1.4474368994146265,1.7874357113510326
2017-09-09 19:00:00,0.29,0.06,0.07,0.26,27.4,73.0,22.0,997.5,8.3,5.756767679519668,0.7068421917498535
2017-09-09 20:00:00,0.49,0.16,0.14,0.45,27.2,71.0,21.5,998.4,15.5,9.030970087718508,1.7554427574642102
2017-09-09 21:00:00,0.91,0.19,0.19,0.91,27.0,72.0,21.4,999.0,18.7,10.793921949283115,1.5169868004647176
2017-09-09 22:00:00,0.87,0.01,0.13,0.86,26.6,73.0,21.5,999.4,21.2,11.837607860567156,2.951447126315947
2017-09-09 23:00:00,0.34,0.0,0.07,0.32,26.5,74.0,21.5,999.3,21.2,11.546519142684359,2.8788705576360467
2017-09-10 00:00:00,0.52,0.0,0.11,0.49,26.1,76.0,21.5,998.8,21.2,11.10781873855168,2.564442019520064
2017-09-10 01:00:00,0.5,0.02,0.16,0.46,25.8,77.0,21.5,998.1,20.2,9.74631457460908,1.024378940023003
2017-09-10 02:00:00,0.57,0.05,0.15,0.53,25.6,79.0,21.6,997.7,17.3,9.377102072442348,0.6557108531947805
2017-09-10 03:00:00,0.76,0.09,0.17,0.74,25.5,79.0,21.6,997.3,18.4,10.474422527728153,0.7324429743133186
2017-09-10 04:00:00,0.81,0.02,0.09,0.79,25.2,82.0,21.9,997.4,18.0,9.74631457460908,1.024378940023003
2017-09-10 05:00:00,0.93,0.01,0.13,0.83,25.6,81.0,22.1,998.2,17.6,12.2,2.241103642439656e-15
2017-09-10 06:00:00,0.95,0.01,0.13,0.95,26.0,80.0,22.4,998.3,22.7,11.854716907291772,-1.037153338697129
2017-09-10 07:00:00,0.94,0.0,0.06,0.94,27.2,76.0,22.6,998.9,21.6,10.093247807352347,-2.8941922360784935
2017-09-10 08:00:00,0.95,0.02,0.04,0.95,29.0,68.0,22.4,999.7,21.6,7.893769085249776,-2.5648410533120622
2017-09-10 09:00:00,0.95,0.03,0.04,0.95,30.5,61.0,22.1,1000.0,23.4,7.889173324561134,0.41345405431926
2017-09-10 10:00:00,0.98,0.07,0.2,0.97,31.5,57.0,22.0,999.7,24.1,8.268905225952334,4.033014550459515
2017-09-10 11:00:00,0.95,0.3,0.27,0.94,31.7,55.0,21.6,999.5,24.5,6.18861855782673,5.379684037722159
2017-09-10 12:00:00,0.88,0.23,0.34,0.86,32.0,56.0,22.0,998.1,22.7,3.2678342100901627,5.032023407672544
2017-09-10 13:00:00,0.65,0.41,0.28,0.46,29.8,67.0,23.0,997.7,25.9,-11.510672766296771,5.124881702755083
2017-09-10 14:00:00,0.97,0.17,0.29,0.97,29.7,69.0,23.3,996.9,32.4,-2.47431797387439,7.185941174554808
2017-09-10 15:00:00,0.9,0.02,0.17,0.89,30.9,65.0,23.5,995.8,20.2,-5.755839955992561e-16,4.7
2017-09-10 16:00:00,0.78,0.17,0.15,0.75,30.9,64.0,23.4,995.7,19.1,1.0506577808748208,3.2335921554035223
2017-09-10 17:00:00,0.69,0.05,0.1,0.19,30.0,68.0,23.4,996.0,16.9,-8.34655058255312,11.488041320124251
2017-09-10 18:00:00,0.19,0.13,0.15,0.02,28.4,73.0,23.1,996.4,27.0,-6.399486987251651,11.544980134240022
2017-09-10 19:00:00,0.31,0.19,0.23,0.07,27.3,78.0,23.0,997.0,23.8,-6.518006950068422,10.43099158272404
2017-09-10 20:00:00,0.37,0.28,0.32,0.03,26.8,81.0,23.2,997.9,22.3,-4.366085533908784,8.211412613588022
2017-09-10 21:00:00,0.55,0.48,0.39,0.19,26.8,81.0,23.2,998.6,15.8,-0.6623836448822022,7.571079705497266
2017-09-10 22:00:00,0.79,0.28,0.4,0.67,26.5,82.0,23.1,999.1,13.3,-1.0766187015349677,6.10580806867569
2017-09-10 23:00:00,0.52,0.02,0.51,0.12,26.1,84.0,23.1,999.2,10.4,-0.7352419856890856,4.6421352007971475
2017-09-11 00:00:00,0.72,0.03,0.52,0.6,26.0,86.0,23.5,998.7,8.3,2.181643291108516,3.9357886821272814
2017-09-11 01:00:00,0.82,0.02,0.56,0.65,25.8,88.0,23.5,998.2,9.4,4.989636535454859,2.542346798541463
2017-09-11 02:00:00,0.85,0.07,0.52,0.77,25.6,89.0,23.6,997.8,9.7,5.756767679519668,0.7068421917498535
2017-09-11 03:00:00,0.66,0.08,0.45,0.54,25.4,91.0,23.8,997.4,10.8,5.074340152243905,-1.8469087739586127
2017-09-11 04:00:00,0.28,0.01,0.26,0.02,25.3,92.0,24.0,997.2,9.0,-4.898587196589413e-17,0.4
2017-09-11 05:00:00,0.3,0.15,0.46,0.05,25.2,94.0,24.2,998.2,2.9,1.4554435894139948,0.36288284339950166
2017-09-11 06:00:00,0.55,0.18,0.4,0.22,25.7,91.0,24.1,998.7,6.1,1.761649323676896,-0.7117525274902327
2017-09-11 07:00:00,0.71,0.33,0.35,0.54,26.7,86.0,24.1,999.6,8.6,0.7263847995832752,-1.4256104387013886
2017-09-11 08:00:00,0.94,0.3,0.19,0.91,28.0,75.0,23.1,1000.4,14.4,1.8221342821066675,-2.507952682562337
2017-09-11 09:00:00,0.95,0.31,0.21,0.93,29.2,70.0,23.2,1000.8,16.2,2.6942229581241775e-16,-1.1
2017-09-11 10:00:00,0.99,0.98,0.36,0.93,30.2,68.0,23.5,1000.5,18.0,-3.6,-2.2043642384652358e-16
2017-09-11 11:00:00,0.99,0.66,0.68,0.98,29.6,69.0,23.3,1000.2,23.8,-9.659258262890683,2.5881904510252083
2017-09-11 12:00:00,0.99,0.0,0.39,0.99,27.9,75.0,23.1,999.7,29.5,-4.301823272632845,6.14364033216744
2017-09-11 13:00:00,1.0,0.18,0.29,1.0,30.2,67.0,23.5,998.6,23.4,-0.3977532674463729,7.589584464134761
2017-09-11 14:00:00,1.0,0.42,0.31,0.99,30.9,65.0,23.5,997.6,24.1,1.486127417882192,9.38303923565381
2017-09-11 15:00:00,1.0,0.13,0.24,1.0,28.0,78.0,23.7,997.5,28.8,-7.8837768032918305,10.462125181619538
2017-09-11 16:00:00,0.98,0.14,0.05,0.98,28.5,74.0,23.4,997.3,28.4,-4.683895701129234,7.212566884330646
2017-09-11 17:00:00,0.84,0.34,0.19,0.57,29.0,72.0,23.4,997.6,27.0,-5.0291573147143245,10.785062665736135
2017-09-11 18:00:00,0.92,0.13,0.11,0.91,28.0,75.0,23.1,998.2,28.1,-3.4867413423299105,15.102736004171145
2017-09-11 19:00:00,0.76,0.06,0.07,0.74,27.1,79.0,23.2,999.0,28.4,-1.6777661148318738e-15,13.7
2017-09-11 20:00:00,0.88,0.07,0.05,0.87,26.9,80.0,23.1,999.6,24.5,0.464163306143262,13.291897999353974
2017-09-11 21:00:00,0.77,0.03,0.01,0.76,26.5,83.0,23.2,1000.3,23.8,-1.0981623586204932,12.552053195955994
2017-09-11 22:00:00,0.17,0.1,0.08,0.07,26.0,85.0,23.4,1001.3,24.8,-1.6777661148318738e-15,13.7
2017-09-11 23:00:00,0.24,0.15,0.16,0.09,25.9,86.0,23.4,1001.3,24.5,1.1330246557195534,12.950531075192693
2017-09-12 00:00:00,0.38,0.21,0.25,0.14,25.6,88.0,23.5,1001.0,23.8,-1.4940690949597709e-15,12.2
2017-09-12 01:00:00,0.44,0.12,0.26,0.27,25.5,88.0,23.4,1000.2,22.0,-0.39087436306801276,11.193177262613872
2017-09-12 02:00:00,0.8,0.15,0.2,0.76,25.3,90.0,23.5,999.7,20.2,-1.1455718280083869,9.329933825428427
2017-09-12 03:00:00,0.76,0.14,0.18,0.72,25.2,90.0,23.5,999.4,16.6,-1.7546182238821486,7.600086505324834
2017-09-12 04:00:00,0.75,0.18,0.22,0.69,25.0,91.0,23.5,999.7,13.3,-2.887830165838183,6.486172749262465
2017-09-12 05:00:00,0.8,0.03,0.14,0.91,25.2,90.0,23.4,1000.1,14.4,-1.7546182238821486,7.600086505324834
2017-09-12 06:00:00,0.87,0.05,0.1,0.86,25.4,90.0,23.5,1000.3,15.1,-2.5624408513775427,5.755336383148385
2017-09-12 07:00:00,0.19,0.16,0.05,0.09,26.5,84.0,23.5,1001.2,18.4,-0.7844016847289237,8.96575228282571
2017-09-12 08:00:00,0.83,0.81,0.26,0.16,28.2,75.0,23.3,1002.1,26.6,0.3140954703225081,8.994517443171862
2017-09-12 09:00:00,0.78,0.71,0.32,0.45,26.0,85.0,23.4,1002.0,26.6,-8.980088637561916,6.52441630044645
2017-09-12 10:00:00,0.55,0.27,0.1,0.43,29.1,71.0,23.4,1001.6,32.0,-7.23718449707313,8.937178556755166
2017-09-12 11:00:00,0.45,0.3,0.35,0.28,30.3,67.0,23.5,1001.1,30.6,-6.8005097616181445,9.024581263534412
2017-09-12 12:00:00,0.52,0.47,0.15,0.03,31.3,64.0,23.6,1000.0,30.2,-7.979380812731233,8.556838308944293
2017-09-12 13:00:00,0.27,0.23,0.2,0.0,31.7,61.0,23.4,998.7,31.7,-8.684621396487756,10.7246142681062
2017-09-12 14:00:00,0.32,0.21,0.28,0.0,31.3,61.0,23.0,997.8,33.1,-7.089020598066949,13.332508652169798
2017-09-12 15:00:00,1.0,1.0,0.41,0.22,28.5,73.0,23.2,998.5,34.9,1.7257464519048125,12.279324052395472
2017-09-12 16:00:00,0.58,0.42,0.28,0.31,26.8,80.0,23.0,998.9,28.1,0.42577385977051097,12.192568089632967
2017-09-12 17:00:00,0.63,0.17,0.0,0.57,29.2,72.0,23.7,998.2,25.2,-14.003706397458027,5.375519243179504
2017-09-12 18:00:00,0.58,0.18,0.0,0.49,27.6,80.0,23.8,998.7,28.8,-9.381644114564255,10.792346997185641
2017-09-12 19:00:00,0.56,0.17,0.0,0.53,27.2,82.0,23.9,1000.1,25.6,-5.470235798849833,12.887067948334165
2017-09-12 20:00:00,0.49,0.11,0.01,0.46,26.7,84.0,23.9,1001.1,24.8,-3.9905082836800707,7.505054539300879
2017-09-12 21:00:00,0.47,0.11,0.02,0.43,26.3,87.0,24.0,1002.0,15.1,-3.5875911898228954,6.472185832831529
2017-09-12 22:00:00,0.46,0.37,0.23,0.25,26.2,87.0,23.8,1002.6,14.0,-2.9219314286441156,7.232034065620941
2017-09-12 23:00:00,0.36,0.29,0.16,0.2,26.0,87.0,23.8,1002.2,14.0,-4.333068166694747,5.750175672340509
2017-09-13 00:00:00,1.0,1.0,0.25,0.39,25.1,89.0,23.2,1002.0,15.5,-3.5836794954530022,9.335804264972017
2017-09-13 01:00:00,0.98,0.97,0.26,0.37,24.2,94.0,23.2,1001.3,19.8,-2.812054648812022,8.654614298285896
2017-09-13 02:00:00,0.5,0.18,0.13,0.42,24.4,94.0,23.5,1000.5,16.2,-4.289848881466277,3.5996106142446203
2017-09-13 03:00:00,0.56,0.47,0.11,0.43,24.0,96.0,23.4,1000.0,12.6,-4.329989591337347,4.981083229470295
2017-09-13 04:00:00,1.0,1.0,0.26,0.47,24.2,96.0,23.5,1000.6,11.5,-1.4364846019678092,3.9467090073008153
2017-09-13 05:00:00,0.99,0.61,0.25,0.07,24.8,93.0,23.5,1000.4,10.8,0.3766849582182765,5.386845871403051
2017-09-13 06:00:00,0.43,0.39,0.3,0.01,25.0,92.0,23.5,1000.9,13.0,0.3401837155791332,6.49109197590473
2017-09-13 07:00:00,0.54,0.22,0.16,0.42,26.0,85.0,23.3,1001.6,14.4,-1.8364363038995868,4.32637281122647
2017-09-13 08:00:00,0.65,0.4,0.08,0.5,27.6,77.0,23.1,1002.6,19.1,-0.35588450245201786,6.790680836331102
2017-09-13 09:00:00,1.0,1.0,0.05,0.23,29.4,68.0,22.9,1002.2,18.7,-0.6794350112397493,6.4643923198937765
2017-09-13 10:00:00,0.48,0.45,0.35,0.02,29.6,68.0,23.0,1002.3,20.9,-1.767249371950954,8.314254606237348
2017-09-13 11:00:00,0.54,0.41,0.24,0.34,31.4,64.0,23.8,1001.7,27.7,-6.538771374401924,9.338333304894508
2017-09-13 12:00:00,0.95,0.93,0.26,0.15,31.5,64.0,24.0,1000.3,27.7,-7.159697488039785,7.951649632608116
2017-09-13 13:00:00,0.49,0.0,0.46,0.16,28.3,75.0,23.4,1000.1,42.5,-2.2267696153610452,15.844289099865126
2017-09-13 14:00:00,0.51,0.12,0.16,0.43,30.3,67.0,23.5,999.5,37.4,-0.6177210916342702,17.689217638237995
2017-09-13 15:00:00,0.63,0.18,0.13,0.57,29.7,70.0,23.8,998.8,37.4,-3.6493485359455464,13.619554150675862
2017-09-13 16:00:00,0.98,0.75,0.31,0.97,28.2,73.0,22.8,998.9,35.6,0.6281909406450162,17.989034886343724
2017-09-13 17:00:00,1.0,0.09,0.28,0.98,28.6,72.0,23.0,998.9,33.5,9.349295912522052,13.352178321910566
2017-09-13 18:00:00,0.99,0.14,0.15,0.99,27.5,77.0,23.2,999.6,30.2,7.548139798310009,3.203995253612045
2017-09-13 19:00:00,1.0,0.08,0.23,1.0,26.7,84.0,23.7,1000.6,14.8,3.233592155403522,1.0506577808748216
2017-09-13 20:00:00,0.91,0.07,0.38,0.88,26.2,86.0,23.7,1001.4,21.6,1.0506577808748208,3.2335921554035223
2017-09-13 21:00:00,0.93,0.02,0.4,0.92,26.3,84.0,23.3,1002.0,7.6,-0.32785542659739,4.688551036221174
2017-09-13 22:00:00,0.88,0.23,0.35,0.84,26.1,83.0,23.0,1002.5,17.6,7.8408038236912985,7.57177623800307
2017-09-13 23:00:00,0.48,0.0,0.31,0.41,25.6,86.0,23.1,1002.4,19.1,8.306962106085987,2.2258437878816775
2017-09-14 00:00:00,0.58,0.02,0.12,0.54,25.1,89.0,23.1,1001.7,15.1,4.998560818879259,1.4333142502483942
2017-09-14 01:00:00,0.54,0.0,0.08,0.5,24.8,91.0,23.1,1000.6,9.0,1.4527695991665495,2.8512208774027776
2017-09-14 02:00:00,0.59,0.0,0.07,0.56,24.4,93.0,23.1,999.6,5.4,1.8017254983928963,2.8833635269318485
2017-09-14 03:00:00,0.63,0.0,0.02,0.63,24.1,94.0,23.1,999.3,6.5,2.4905416147351476,2.1649947956686737
2017-09-14 04:00:00,0.9,0.0,0.08,0.89,24.0,95.0,23.1,999.7,5.4,2.4930243101639267,2.867896404846534
2017-09-14 05:00:00,0.76,0.0,0.75,0.39,25.0,87.0,22.8,1000.0,4.7,5.385980316439454,2.8637765329939335
2017-09-14 06:00:00,0.82,0.0,0.76,0.32,25.4,86.0,22.8,1000.5,12.2,4.981083229470295,4.329989591337347
2017-09-14 07:00:00,0.89,0.0,0.68,0.69,26.4,81.0,23.0,1001.5,14.0,5.032023407672545,3.267834210090162
2017-09-14 08:00:00,0.95,0.01,0.78,0.83,27.8,77.0,23.3,1002.4,16.2,4.649263446279661,3.632402704421383
2017-09-14 09:00:00,0.94,0.01,0.69,0.82,29.2,71.0,23.4,1002.8,18.4,4.981083229470295,4.329989591337347
2017-09-14 10:00:00,0.91,0.13,0.15,0.9,30.7,62.0,22.7,1002.4,25.2,8.621990754572435,5.815606196095764
2017-09-14 11:00:00,0.82,0.08,0.11,0.81,31.9,57.0,22.3,1001.7,29.2,10.771960632878908,5.727553065987867
2017-09-14 12:00:00,0.79,0.15,0.48,0.69,32.8,53.0,21.9,1001.0,43.6,16.24532266135759,4.658271313307281
2017-09-14 13:00:00,0.71,0.09,0.47,0.51,30.1,62.0,22.0,1000.1,41.8,16.544072278160513,5.058030491703352
2017-09-14 14:00:00,0.56,0.04,0.11,0.52,31.5,56.0,21.5,998.9,37.1,18.02287885109658,2.532950437473198
2017-09-14 15:00:00,0.87,0.07,0.42,0.82,31.4,56.0,21.4,998.1,46.8,17.689217638237995,0.6177210916342635
2017-09-14 16:00:00,0.94,0.05,0.6,0.92,30.2,62.0,22.0,998.2,36.0,16.89742604814301,-0.2949456687900849
2017-09-14 17:00:00,0.99,0.0,0.97,0.86,29.8,61.0,21.5,999.3,34.9,13.350129694888228,-2.5950023371210134
2017-09-14 18:00:00,0.95,0.0,0.94,0.61,28.1,68.0,21.6,999.6,32.0,17.30911608293094,-5.291927855481535
2017-09-14 19:00:00,0.97,0.0,0.68,0.95,27.4,71.0,21.6,1000.7,34.9,16.98017520982994,-4.23363317299418
2017-09-14 20:00:00,0.94,0.0,0.08,0.93,27.0,74.0,21.9,1001.5,31.3,14.37819319397824,-2.5352633939371776
2017-09-14 21:00:00,0.94,0.0,0.02,0.94,26.4,78.0,22.3,1002.2,26.3,14.420567482839964,-1.5156627173809682
2017-09-14 22:00:00,0.96,0.0,0.03,0.96,26.0,81.0,22.4,1001.9,25.6,11.13864522812466,-1.1707187885977133
2017-09-14 23:00:00,0.9,0.0,0.07,0.9,25.8,82.0,22.5,1001.7,19.8,10.765802912487002,-1.7051356689385144
2017-09-15 00:00:00,0.38,0.0,0.05,0.38,25.5,84.0,22.5,1001.0,19.8,11.172717362910031,-0.7812725059342024
2017-09-15 01:00:00,0.67,0.01,0.11,0.64,25.4,84.0,22.5,1000.3,20.5,11.492994510719601,0.40134421207875876
2017-09-15 02:00:00,0.86,0.0,0.13,0.85,25.2,85.0,22.5,999.4,20.2,10.100734301164016,1.4195656297926713
2017-09-15 03:00:00,0.91,0.0,0.12,0.91,25.0,86.0,22.5,999.0,17.6,6.8476069173251055,2.2249223594996224
2017-09-15 04:00:00,0.93,0.0,0.16,0.92,24.5,89.0,22.6,999.1,12.6,2.8678964048465336,2.4930243101639276
2017-09-15 05:00:00,0.95,0.0,0.04,0.88,24.7,88.0,22.5,1000.0,6.1,3.9858260519352022,2.490620541896064
2017-09-15 06:00:00,0.81,0.0,0.01,0.81,25.1,86.0,22.6,1000.5,10.1,5.766727053863696,3.603450996785794
2017-09-15 07:00:00,0.68,0.0,0.0,0.68,26.7,79.0,22.8,1001.4,15.8,6.092338390726597,3.239353783222646
2017-09-15 08:00:00,0.88,0.0,0.0,0.88,28.5,71.0,22.8,1001.8,19.1,6.122295146001596,3.9758649556096968
2017-09-15 09:00:00,0.59,0.0,0.01,0.59,30.0,63.0,22.2,1001.9,24.1,8.3028386226597,5.3919264466487675
2017-09-15 10:00:00,0.9,0.01,0.02,0.9,31.4,58.0,22.0,1001.7,26.6,9.685990497933867,5.819930246483615
2017-09-15 11:00:00,0.53,0.49,0.16,0.16,33.0,50.0,21.2,1000.9,33.1,14.377138568056903,5.518866422997631
2017-09-15 12:00:00,0.38,0.29,0.15,0.24,33.8,47.0,20.9,999.5,34.6,14.377138568056903,5.518866422997631
2017-09-15 13:00:00,0.26,0.05,0.11,0.21,33.3,49.0,21.1,998.3,34.9,15.109615144215958,4.619472934619246
2017-09-15 14:00:00,0.49,0.22,0.23,0.4,32.4,53.0,21.7,997.6,36.0,16.174543075434904,3.7341875021081634
2017-09-15 15:00:00,0.53,0.06,0.29,0.46,31.9,55.0,21.6,997.3,35.3,17.304680979407955,1.8187952608571683
2017-09-15 16:00:00,0.45,0.06,0.36,0.29,30.4,63.0,22.5,997.7,42.8,22.286415442525836,0.778258776465767
2017-09-15 17:00:00,0.43,0.01,0.19,0.15,29.8,63.0,21.9,998.3,43.6,21.547383485612205,1.5067398328731125
2017-09-15 18:00:00,0.18,0.0,0.11,0.12,28.3,65.0,21.0,998.2,42.1,19.39704528603399,0.33857668488329984
2017-09-15 19:00:00,0.2,0.0,0.13,0.12,27.6,69.0,21.5,999.2,35.3,17.3,3.1779584437873815e-15
2017-09-15 20:00:00,0.1,0.0,0.1,0.0,27.0,73.0,21.9,1000.2,31.0,16.197532661533536,0.2827289842839927
2017-09-15 21:00:00,0.09,0.0,0.0,0.09,26.6,76.0,22.1,1000.6,28.8,12.208317665188263,1.4989929238833102
2017-09-15 22:00:00,0.95,0.0,0.04,0.95,26.0,80.0,22.4,1000.6,21.2,5.750880114781583,4.656970893768801
2017-09-15 23:00:00,0.94,0.0,0.01,0.94,25.7,82.0,22.4,1000.7,13.7,6.88793918147854,3.2118987892293136
2017-09-16 00:00:00,0.93,0.0,0.0,0.93,25.5,83.0,22.5,1000.2,13.3,6.535062985480411,2.508575646817105
2017-09-16 01:00:00,0.72,0.0,0.0,0.72,25.1,85.0,22.4,999.6,14.0,6.8476069173251055,2.2249223594996224
2017-09-16 02:00:00,0.68,0.0,0.02,0.67,24.6,88.0,22.5,999.1,12.6,3.195522749552796,2.87726160734309
2017-09-16 03:00:00,0.93,0.01,0.11,0.92,24.5,88.0,22.5,999.2,13.0,6.88793918147854,3.2118987892293136
2017-09-16 04:00:00,0.91,0.0,0.06,0.91,24.2,90.0,22.5,998.7,13.0,3.96344440343055,3.2095339943541727
2017-09-16 05:00:00,0.56,0.0,0.02,0.56,24.5,89.0,22.6,999.0,13.7,4.015035054457323,5.7340643100229425
2017-09-16 06:00:00,0.65,0.02,0.02,0.64,25.0,87.0,22.8,999.8,14.0,5.766727053863696,3.603450996785794
2017-09-16 07:00:00,0.73,0.0,0.02,0.73,26.4,81.0,23.0,1000.9,13.0,2.8678964048465336,2.4930243101639276
2017-09-16 08:00:00,0.19,0.01,0.02,0.17,28.2,74.0,23.1,1001.5,13.7,2.851220877402777,1.4527695991665504
2017-09-16 09:00:00,0.35,0.34,0.01,0.0,30.3,63.0,22.6,1001.8,21.6,9.659258262890683,2.5881904510252065
2017-09-16 10:00:00,0.33,0.3,0.17,0.09,31.6,58.0,22.4,1001.1,42.5,14.371349745785203,5.806402197946641
2017-09-16 11:00:00,0.1,0.08,0.07,0.01,33.2,53.0,22.4,1000.8,43.9,12.887067948334163,5.470235798849833
2017-09-16 12:00:00,0.86,0.18,0.82,0.39,30.2,63.0,22.5,1000.4,42.8,16.958588854417012,1.185860053650135
2017-09-16 13:00:00,0.39,0.03,0.22,0.32,32.7,52.0,21.6,998.7,39.6,12.184676781453193,6.478707566445292
2017-09-16 14:00:00,0.5,0.18,0.25,0.34,32.0,54.0,21.5,997.6,44.3,18.711347307231954,3.2993153756716764
2017-09-16 15:00:00,0.33,0.0,0.03,0.32,32.5,50.0,20.9,996.5,38.5,16.194675050768996,9.350000000000009
2017-09-16 16:00:00,0.27,0.15,0.2,0.07,31.9,52.0,20.8,997.0,41.8,17.66622127077508,6.4299786945225685
2017-09-16 17:00:00,0.9,0.02,0.17,0.99,30.2,63.0,22.2,998.6,36.0,17.304680979407955,-1.8187952608571618
2017-09-16 18:00:00,0.97,0.0,0.55,0.96,28.6,70.0,22.5,999.1,32.4,15.142159410994532,-1.3247672897643998
2017-09-16 19:00:00,0.97,0.0,0.27,0.96,27.7,74.0,22.5,1000.3,27.4,12.192568089632967,-0.42577385977051563
2017-09-16 20:00:00,0.99,0.0,0.92,0.97,26.8,76.0,22.2,1001.3,22.7,11.160878248725057,1.7677094549546108
2017-09-16 21:00:00,1.0,0.05,0.07,1.0,26.6,77.0,22.4,1001.7,19.8,9.7,1.7818610927593987e-15
2017-09-16 22:00:00,1.0,0.0,0.11,1.0,26.0,81.0,22.4,1001.9,20.9,10.074920287558198,2.141490415422926
2017-09-16 23:00:00,1.0,0.0,0.01,1.0,25.5,83.0,22.4,1001.2,18.4,6.859756131737131,2.49674704627738
2017-09-17 00:00:00,1.0,0.0,0.02,1.0,25.0,85.0,22.3,1000.7,15.5,8.314254606237347,1.767249371950958
2017-09-17 01:00:00,0.97,0.0,0.07,0.97,24.9,86.0,22.3,1000.0,14.8,5.022947341949743,2.9000000000000026
2017-09-17 02:00:00,0.98,0.03,0.19,0.98,24.9,86.0,22.4,999.7,10.1,4.998560818879259,1.4333142502483942
2017-09-17 03:00:00,0.96,0.0,0.32,0.95,24.6,87.0,22.3,999.5,9.4,5.386845871403052,-0.3766849582182762
2017-09-17 04:00:00,0.95,0.0,0.47,0.9,24.5,87.0,22.3,999.8,9.7,5.062776693988422,2.149021206691006
2017-09-17 05:00:00,1.0,0.0,1.0,0.98,25.2,83.0,22.2,1000.5,10.1,7.608452130361228,2.4721359549995805
2017-09-17 06:00:00,1.0,0.0,0.99,0.99,25.6,82.0,22.2,1000.9,15.1,6.466493065929326,4.361704647071823
2017-09-17 07:00:00,1.0,0.0,0.83,1.0,26.1,81.0,22.6,1001.9,17.3,4.683895701129233,7.212566884330647
2017-09-17 08:00:00,1.0,0.0,1.0,0.98,27.4,76.0,22.8,1003.1,19.8,6.817795543758904,5.720809726210201
2017-09-17 09:00:00,1.0,0.0,0.99,1.0,27.0,79.0,23.0,1003.5,20.5,6.505382386916236,6.505382386916239
2017-09-17 10:00:00,1.0,0.1,0.9,1.0,27.1,80.0,23.4,1003.6,19.4,6.042203531053469,7.200817765318393
2017-09-17 11:00:00,0.96,0.08,0.31,0.95,28.7,72.0,23.1,1002.7,25.6,9.351417404402465,9.030558815966964
2017-09-17 12:00:00,0.97,0.03,0.27,0.97,31.7,60.0,22.9,1001.5,55.4,14.299485690808257,11.579495195317016
2017-09-17 13:00:00,0.95,0.33,0.47,0.92,31.0,57.0,21.5,1000.7,54.7,20.490763185926,8.278805714491662
2017-09-17 14:00:00,0.89,0.0,0.29,0.87,30.8,57.0,21.2,1000.0,55.1,19.778026080039965,10.516163006403952
2017-09-17 15:00:00,0.97,0.0,0.36,0.97,30.2,59.0,21.4,999.5,57.2,16.897328070424336,8.241377559634662
2017-09-17 16:00:00,0.96,0.26,0.32,0.96,29.6,63.0,21.8,1000.1,40.7,18.711347307231954,3.2993153756716764
2017-09-17 17:00:00,0.78,0.0,0.25,1.0,27.2,76.0,22.7,1001.9,36.7,4.976398565530443,9.359244484304625
2017-09-17 18:00:00,1.0,0.0,0.33,1.0,26.1,84.0,23.3,1002.1,20.2,4.993539088537271,9.008582983535778
2017-09-17 19:00:00,1.0,0.0,0.16,1.0,25.5,90.0,23.6,1003.2,18.0,5.000000000000001,8.660254037844386
2017-09-17 20:00:00,0.99,0.02,0.21,0.99,25.0,91.0,23.4,1003.7,17.6,6.069785404556236,6.509047944410618
2017-09-17 21:00:00,0.77,0.02,0.19,0.74,25.0,90.0,23.3,1004.2,15.8,6.8369323943920275,6.1560015785014945
2017-09-17 22:00:00,0.41,0.03,0.31,0.15,24.7,93.0,23.5,1004.4,16.2,8.609923976848176,4.014873486536642
2017-09-17 23:00:00,0.73,0.04,0.64,0.28,24.2,91.0,22.8,1004.0,21.6,11.535326622311665,3.971931484377311
2017-09-18 00:00:00,0.61,0.03,0.31,0.46,24.1,91.0,22.5,1003.3,21.6,10.806465139037947,3.9332316482451883
2017-09-18 01:00:00,0.96,0.02,0.81,0.92,23.9,90.0,22.2,1002.5,20.2,10.081199072728626,3.2755801403744442
2017-09-18 02:00:00,1.0,0.01,1.0,0.83,24.0,89.0,22.0,1002.0,19.1,9.38914950521489,3.9854575105905927
2017-09-18 03:00:00,1.0,0.01,1.0,0.83,24.1,87.0,21.8,1001.8,18.0,9.74631457460908,1.024378940023003
2017-09-18 04:00:00,1.0,0.0,0.99,0.83,24.2,85.0,21.6,1002.0,18.7,9.704627073667389,1.363896389408645
2017-09-18 05:00:00,0.93,0.0,0.03,0.99,23.9,87.0,21.6,1001.8,16.9,11.888206453689419,3.8627124296868445
2017-09-18 06:00:00,0.94,0.0,0.15,0.94,24.2,86.0,21.9,1002.0,22.7,8.95274548489749,3.986019102142841
2017-09-18 07:00:00,0.91,0.01,0.15,0.9,25.6,81.0,22.1,1002.9,19.4,7.871577364254564,4.3632865822170315
2017-09-18 08:00:00,0.88,0.0,0.08,0.87,27.9,72.0,22.5,1003.6,24.1,9.71197111365321,4.948496447161062
2017-09-18 09:00:00,0.91,0.02,0.1,0.91,30.0,63.0,22.3,1003.9,30.6,13.31479122813215,4.326237921249266
2017-09-18 10:00:00,0.9,0.03,0.16,0.89,31.8,56.0,22.0,1003.7,56.5,16.926594180545724,5.174979173592447
2017-09-18 11:00:00,0.92,0.07,0.15,0.91,32.3,53.0,21.6,1003.1,56.5,19.80199093632937,5.678129529830177
2017-09-18 12:00:00,0.91,0.13,0.35,0.88,32.6,49.0,20.5,1002.3,57.2,23.044501420485666,4.06336735740617
2017-09-18 13:00:00,0.97,0.02,0.39,0.96,32.8,50.0,21.1,1001.3,59.4,22.70282250949598,5.2413595662120605
2017-09-18 14:00:00,0.46,0.03,0.1,0.44,32.0,52.0,20.9,1000.4,58.7,22.675099214396635,2.383248962502497
2017-09-18 15:00:00,0.68,0.0,0.25,0.63,31.1,58.0,21.8,1000.2,46.8,23.396436066659554,-0.4083863106324252
2017-09-18 16:00:00,0.64,0.0,0.21,0.56,30.6,60.0,22.0,1000.4,46.1,21.21894706935418,1.8564173205251209
2017-09-18 17:00:00,0.6,0.0,0.25,0.86,28.6,65.0,21.5,1001.6,44.3,23.068342252830657,-1.2089605892120052
2017-09-18 18:00:00,0.89,0.0,0.24,0.87,27.8,67.0,21.1,1002.0,42.5,21.946409105716132,1.5346424223707626
2017-09-18 19:00:00,0.94,0.0,0.17,0.93,27.0,71.0,21.4,1002.7,40.3,20.920088659926655,1.8302705977008231
2017-09-18 20:00:00,0.3,0.0,0.11,0.24,26.4,74.0,21.4,1003.2,38.2,18.36210380536446,2.2545828529952225
2017-09-18 21:00:00,0.25,0.0,0.09,0.19,26.0,77.0,21.5,1003.7,36.0,19.772864788140563,1.0362519336102973
2017-09-18 22:00:00,0.42,0.0,0.01,0.41,25.8,78.0,21.8,1004.1,37.4,20.521610780689958,1.79540830060176
2017-09-18 23:00:00,0.43,0.0,0.01,0.42,25.6,79.0,21.7,1003.8,37.4,19.453904572169915,2.3886391307408847
2017-09-19 00:00:00,0.6,0.0,0.01,0.59,25.5,80.0,21.8,1002.8,35.6,19.01314691983815,2.672123538433264
2017-09-19 01:00:00,0.58,0.0,0.02,0.57,25.1,83.0,22.0,1002.1,34.6,18.355178524780765,1.2835191168919107
2017-09-19 02:00:00,0.84,0.0,0.03,0.84,25.0,83.0,21.9,1001.6,33.1,17.96508534470793,2.205835115633164
2017-09-19 03:00:00,0.94,0.0,0.04,0.94,25.0,81.0,21.5,1001.3,32.4,16.889704976622717,0.5898014942722628
2017-09-19 04:00:00,0.96,0.01,0.05,0.96,25.0,81.0,21.4,1001.5,33.5,18.7,3.4351342716083256e-15
2017-09-19 05:00:00,0.96,0.0,0.04,0.99,25.4,80.0,21.7,1001.3,37.4,20.15079381524845,1.4090807696313368
2017-09-19 06:00:00,0.98,0.0,0.06,0.97,26.0,78.0,21.8,1001.7,37.1,18.31742420602707,3.2298561046049046
2017-09-19 07:00:00,0.96,0.0,0.09,0.96,27.4,72.0,22.0,1002.3,36.4,19.01314691983815,2.672123538433264
2017-09-19 08:00:00,0.96,0.0,0.08,0.96,29.4,63.0,21.8,1002.7,38.9,18.716066499215675,2.6303716081452437
2017-09-19 09:00:00,0.97,0.02,0.1,0.97,31.0,57.0,21.5,1003.1,42.1,20.543917484378863,3.2538368728368057
2017-09-19 10:00:00,0.99,0.0,0.1,0.99,31.9,54.0,21.5,1002.7,45.4,21.98395112606286,3.089642841313461
2017-09-19 11:00:00,0.99,0.03,0.18,0.99,32.8,51.0,21.2,1001.9,51.5,25.211078477112526,4.4453933482734165
2017-09-19 12:00:00,0.84,0.01,0.17,0.82,32.5,51.0,21.1,1000.7,55.4,28.43057543240499,1.988059501707579
2017-09-19 13:00:00,0.53,0.0,0.07,0.52,32.4,51.0,21.0,999.7,61.6,31.356967391293615,1.6433490260284511
2017-09-19 14:00:00,0.59,0.0,0.06,0.57,32.3,52.0,21.1,998.9,64.4,32.35559692604819,1.6956849822713955
2017-09-19 15:00:00,0.96,0.0,0.09,0.96,31.8,52.0,20.8,998.8,63.4,31.67899139931751,2.7715526193755324
2017-09-19 16:00:00,0.96,0.0,0.16,0.95,29.8,65.0,22.4,999.4,61.6,30.258474903063586,1.5857794741612126
2017-09-19 17:00:00,0.96,0.0,0.07,0.81,28.9,66.0,21.8,999.5,58.3,25.581128021414063,4.051652644541984
2017-09-19 18:00:00,0.97,0.0,0.04,0.96,27.5,72.0,22.0,999.9,48.2,25.1296558962602,4.884710281639542
2017-09-19 19:00:00,0.91,0.0,0.04,0.91,27.1,72.0,21.6,1000.7,46.8,23.774629580759736,5.488805725990312
2017-09-19 20:00:00,0.73,0.0,0.05,0.72,26.8,74.0,21.9,1001.7,45.0,23.38488155484564,5.398825304252766
2017-09-19 21:00:00,0.58,0.0,0.05,0.57,26.4,77.0,22.0,1002.7,43.9,22.605385503017455,5.218864460777674
2017-09-19 22:00:00,0.41,0.0,0.08,0.39,26.1,77.0,21.7,1002.8,42.5,21.23529932279546,3.363340998364967
2017-09-19 23:00:00,0.46,0.0,0.1,0.41,26.2,78.0,22.0,1002.8,39.6,21.30130988081431,4.1405551996710175
2017-09-20 00:00:00,0.53,0.0,0.1,0.49,26.0,77.0,21.8,1002.0,43.6,23.766433649797687,3.3401544230415796
2017-09-20 01:00:00,0.75,0.0,0.06,0.74,26.1,75.0,21.4,1001.2,46.1,24.506389573056943,2.144031271592393
2017-09-20 02:00:00,0.85,0.0,0.01,0.85,25.8,79.0,21.8,1000.6,44.6,23.704520174283303,3.7544271609655446
2017-09-20 03:00:00,0.87,0.0,0.03,0.87,25.8,76.0,21.4,1000.3,43.9,22.716831833688165,3.597992695925314
2017-09-20 04:00:00,0.92,0.0,0.01,0.92,26.0,75.0,21.2,1000.7,42.8,22.650578319280786,3.9939080863393976
2017-09-20 05:00:00,0.95,0.0,0.16,0.91,25.9,76.0,21.3,1000.9,41.4,22.025449995271572,3.488488570397152
2017-09-20 06:00:00,0.95,0.0,0.08,0.95,26.5,73.0,21.4,1001.3,42.8,22.380058353559487,3.145312081697488
2017-09-20 07:00:00,0.94,0.0,0.05,0.93,27.2,71.0,21.5,1001.9,41.4,20.521610780689958,1.79540830060176
2017-09-20 08:00:00,0.94,0.0,0.06,0.94,29.2,62.0,21.1,1002.4,43.9,22.314761237255098,1.9522886375475446
2017-09-20 09:00:00,0.85,0.0,0.07,0.84,30.5,56.0,20.9,1002.6,50.8,25.581128021414063,4.051652644541984
2017-09-20 10:00:00,0.92,0.0,0.06,0.91,31.6,53.0,20.9,1002.1,54.0,26.600236863987433,3.2660984032579443
2017-09-20 11:00:00,0.98,0.04,0.12,0.97,32.6,48.0,20.1,1001.2,59.0,29.926921507794727,2.0926942123237673
2017-09-20 12:00:00,0.96,0.0,0.08,0.95,33.0,46.0,19.9,1000.1,61.9,31.356967391293615,1.6433490260284511
2017-09-20 13:00:00,0.99,0.01,0.13,0.99,32.7,49.0,20.5,999.0,63.0,32.056008065621825,1.6799841953985124
2017-09-20 14:00:00,0.96,0.0,0.07,0.96,31.9,50.0,20.1,998.0,63.0,30.657926716965417,1.6067138566583903
2017-09-20 15:00:00,0.94,0.0,0.21,0.93,31.8,51.0,20.5,997.9,59.8,29.895446085176097,0.5218269524747765
2017-09-20 16:00:00,0.93,0.0,0.05,0.93,30.7,57.0,21.2,998.1,58.3,28.48263857004423,0.9946356560212717
2017-09-20 17:00:00,0.85,0.0,0.17,0.57,29.0,62.0,21.0,999.0,54.7,24.465238626059527,2.571400196384273
2017-09-20 18:00:00,0.83,0.0,0.05,0.82,28.0,66.0,20.9,999.2,45.7,23.33994374638933,4.115461810706249
2017-09-20 19:00:00,0.97,0.0,0.09,0.96,26.9,70.0,21.0,1000.1,43.6,21.630374659033514,3.4259147843810593
2017-09-20 20:00:00,0.94,0.0,0.02,0.94,26.4,73.0,21.1,1000.9,41.0,21.630374659033514,3.4259147843810593
2017-09-20 21:00:00,0.9,0.0,0.07,0.9,26.0,77.0,21.6,1001.5,40.3,21.93526995127322,2.6933124892537528
2017-09-20 22:00:00,0.91,0.0,0.13,0.9,26.2,75.0,21.5,1002.0,41.0,20.543917484378863,3.2538368728368057
2017-09-20 23:00:00,0.82,0.0,0.04,0.81,26.3,73.0,21.1,1001.7,39.6,21.630374659033514,3.4259147843810593
2017-09-21 00:00:00,0.87,0.0,0.08,0.86,26.1,74.0,21.2,1001.1,40.0,20.843469184467764,2.5592562115080906
2017-09-21 01:00:00,0.33,0.0,0.03,0.32,25.9,77.0,21.5,1000.5,38.2,20.894656250447134,2.936552430257389
2017-09-21 02:00:00,0.25,0.0,0.02,0.23,25.6,75.0,20.9,999.8,40.0,21.946409105716132,1.5346424223707626
2017-09-21 03:00:00,0.0,0.0,0.0,0.0,25.4,76.0,20.9,999.7,40.0,19.49262914921816,2.048757880046006
2017-09-21 04:00:00,0.03,0.0,0.02,0.02,25.4,76.0,20.9,1000.0,35.6,18.716066499215675,2.6303716081452437
2017-09-21 05:00:00,0.08,0.0,0.0,0.0,25.8,76.0,21.1,1000.5,34.9,20.148686878318838,2.4739476711244874
2017-09-21 06:00:00,0.01,0.0,0.01,0.0,26.0,75.0,21.2,1000.6,37.8,19.073878214309207,4.054277970946316
2017-09-21 07:00:00,0.07,0.0,0.0,0.07,27.4,71.0,21.6,1001.2,37.4,19.49919350964172,3.4382339178052206
2017-09-21 08:00:00,0.45,0.0,0.01,0.44,29.0,63.0,21.4,1001.8,42.8,21.183316371344223,2.2264562676010167
2017-09-21 09:00:00,0.58,0.0,0.01,0.58,30.6,56.0,20.8,1001.8,46.8,23.012097525919323,2.013297657470906
2017-09-21 10:00:00,0.83,0.0,0.07,0.82,31.8,51.0,20.4,1001.5,47.2,22.269438625026996,1.167091824217658
2017-09-21 11:00:00,0.55,0.05,0.05,0.54,32.9,45.0,19.4,1000.4,54.4,27.033985762041237,1.8904004384658033
2017-09-21 12:00:00,0.12,0.0,0.06,0.06,33.5,42.0,19.0,999.2,57.2,28.460941740505355,1.4915747529239127
2017-09-21 13:00:00,0.11,0.01,0.11,0.0,33.2,45.0,19.5,998.1,61.9,29.159982414833554,1.5282099222939738
2017-09-21 14:00:00,0.07,0.0,0.07,0.0,32.7,46.0,19.7,996.8,59.0,29.9,5.492540894175878e-15
2017-09-21 15:00:00,0.06,0.0,0.06,0.0,32.1,48.0,19.8,996.5,59.4,29.482029397063325,1.0295351527237724
2017-09-21 16:00:00,0.09,0.0,0.05,0.05,30.6,54.0,20.2,996.8,59.4,30.95751557739179,1.6224146435312734
2017-09-21 17:00:00,0.38,0.0,0.1,0.03,29.4,59.0,20.6,997.6,59.4,25.905454557838507,3.180789862874341
2017-09-21 18:00:00,0.2,0.0,0.01,0.19,27.9,67.0,21.0,998.1,48.6,24.099595510521358,3.817000946981637
2017-09-21 19:00:00,0.06,0.0,0.0,0.06,27.1,70.0,21.3,999.0,45.0,24.127789948799098,4.254380352839793
2017-09-21 20:00:00,0.74,0.0,0.01,0.74,26.9,72.0,21.3,999.8,44.6,22.321756497450114,3.5354189099092217
2017-09-21 21:00:00,0.95,0.0,0.0,0.95,26.5,73.0,21.3,1000.4,41.0,21.630374659033514,3.4259147843810593
2017-09-21 22:00:00,0.93,0.0,0.0,0.93,26.4,74.0,21.3,1001.0,41.8,23.013138335866707,3.644923035437383
2017-09-21 23:00:00,0.92,0.0,0.01,0.91,26.4,74.0,21.4,1000.7,43.2,23.37032642230106,3.2844851826575536
2017-09-22 00:00:00,0.92,0.0,0.05,0.92,26.1,75.0,21.4,1000.0,44.6,24.16254087729431,3.395823663425606
2017-09-22 01:00:00,0.93,0.01,0.04,0.93,26.0,76.0,21.5,999.7,45.7,24.855728525413415,3.4932448340976525
2017-09-22 02:00:00,0.94,0.0,0.11,0.94,25.6,78.0,21.5,999.4,46.1,24.16254087729431,3.395823663425606
2017-09-22 03:00:00,0.95,0.0,0.14,0.95,25.2,80.0,21.5,999.1,44.6,21.93526995127322,2.6933124892537528
2017-09-22 04:00:00,0.57,0.0,0.16,0.51,25.1,80.0,21.4,999.4,40.0,20.15079381524845,1.4090807696313368
2017-09-22 05:00:00,0.75,0.0,0.05,0.81,25.3,79.0,21.4,999.5,36.7,18.02287885109658,2.532950437473198
2017-09-22 06:00:00,0.79,0.0,0.01,0.79,25.6,78.0,21.4,999.7,32.8,17.234168276987198,1.5077943495344879
2017-09-22 07:00:00,0.26,0.0,0.0,0.26,27.3,71.0,21.5,1000.1,32.8,16.597471739596095,0.2897099468589061
2017-09-22 08:00:00,0.45,0.0,0.0,0.45,29.6,61.0,21.2,1001.1,32.4,13.7,2.5166491722478104e-15
2017-09-22 09:00:00,0.9,0.0,0.0,0.9,31.6,52.0,20.5,1001.4,29.9,10.8,1.9839278146187122e-15
2017-09-22 10:00:00,0.92,0.0,0.0,0.92,33.2,46.0,20.0,1001.0,27.0,10.442479901366871,1.0975488643103604
2017-09-22 11:00:00,0.95,0.0,0.19,0.94,34.5,42.0,19.8,1000.5,32.8,13.691654330161612,0.4781231048242604
2017-09-22 12:00:00,0.91,0.0,0.21,0.89,35.0,40.0,19.3,999.5,35.3,15.483719965604624,1.901161757120296
2017-09-22 13:00:00,0.8,0.0,0.2,0.77,34.8,40.0,19.0,998.1,37.1,17.689217638237995,0.6177210916342635
2017-09-22 14:00:00,0.72,0.0,0.19,0.66,34.8,39.0,19.0,997.2,40.3,19.47327592771419,-1.0205511467374069
2017-09-22 15:00:00,0.78,0.01,0.19,0.75,33.5,44.0,19.5,997.0,41.8,21.183316371344223,-2.2264562676010087
2017-09-22 16:00:00,0.61,0.0,0.12,0.58,33.0,44.0,19.1,997.2,43.6,22.64470394089801,-1.5834719539916424
2017-09-22 17:00:00,0.68,0.0,0.17,0.2,32.3,47.0,19.6,997.6,43.6,14.79774588831459,-0.25829561527179035
2017-09-22 18:00:00,0.21,0.0,0.09,0.14,30.5,54.0,20.1,998.2,27.0,13.647867363856914,1.194033675642918
2017-09-22 19:00:00,0.41,0.03,0.11,0.35,29.2,59.0,20.5,999.1,24.8,12.576404473017941,1.7674983821928358
2017-09-22 20:00:00,0.47,0.06,0.07,0.42,28.4,66.0,21.4,999.8,26.3,15.1,2.773825000068755e-15
2017-09-22 21:00:00,0.8,0.0,0.06,0.79,27.7,71.0,22.0,1000.4,32.8,18.38879121715136,0.642150739326014
2017-09-22 22:00:00,0.58,0.0,0.06,0.56,27.0,75.0,22.3,1000.8,33.5,18.77423525338599,-0.9839159773673463
2017-09-22 23:00:00,0.73,0.0,0.08,0.71,26.5,77.0,22.2,1001.0,33.5,16.883987555299818,-3.2819147204765757
2017-09-23 00:00:00,0.13,0.0,0.07,0.07,26.1,79.0,22.2,1000.7,31.0,16.196848526886455,-3.1483484237129944
2017-09-23 01:00:00,0.1,0.0,0.06,0.05,25.8,80.0,22.0,1000.3,29.5,15.506706947343663,-2.4560211011316215
2017-09-23 02:00:00,0.36,0.01,0.07,0.32,25.5,79.0,21.5,1000.0,28.1,13.710019346190096,-4.7207382396287665
2017-09-23 03:00:00,0.33,0.01,0.06,0.29,25.5,77.0,21.2,999.9,25.9,12.583116648188339,-6.137196055047084
2017-09-23 04:00:00,0.39,0.02,0.07,0.34,25.2,77.0,21.0,1000.2,24.5,11.13810872677453,-4.727846654720209
2017-09-23 05:00:00,0.42,0.0,0.04,0.37,24.8,80.0,21.0,1000.6,21.2,9.334970206477493,-4.3529680959292065
2017-09-23 06:00:00,0.32,0.0,0.03,0.3,25.4,76.0,20.8,1001.3,19.4,8.652886410017485,-4.600821315301727
2017-09-23 07:00:00,0.56,0.0,0.02,0.55,27.6,65.0,20.5,1002.0,17.6,6.1194134401407965,-2.4724035165450187
2017-09-23 08:00:00,0.27,0.01,0.02,0.26,30.0,53.0,19.5,1002.7,16.9,2.883363526931849,-1.8017254983928959
2017-09-23 09:00:00,0.1,0.02,0.03,0.08,31.9,45.0,18.5,1002.8,15.8,0.34494392878325625,-3.2819222547153015
2017-09-23 10:00:00,0.04,0.0,0.01,0.03,33.5,42.0,18.8,1002.3,19.8,-0.3278554265973889,-4.688551036221174
2017-09-23 11:00:00,0.02,0.0,0.01,0.01,34.8,39.0,19.0,1001.5,20.2,-0.7059932828932158,-3.632020578756357
2017-09-23 12:00:00,0.08,0.03,0.08,0.01,35.8,37.0,18.7,1000.4,20.2,-2.5079526825623373,-1.8221342821066668
2017-09-23 13:00:00,0.16,0.0,0.16,0.01,36.2,35.0,18.4,998.9,19.4,-3.2819222547153015,0.3449439287832567
2017-09-23 14:00:00,0.1,0.01,0.1,0.01,36.8,34.0,18.2,997.8,18.4,-2.499280409439629,0.7166571251241975
2017-09-23 15:00:00,0.51,0.0,0.47,0.11,34.6,41.0,19.3,997.5,35.3,-13.712195531829705,11.505898213389054
2017-09-23 16:00:00,0.25,0.0,0.22,0.05,32.5,46.0,19.5,997.9,46.1,-14.325031086324888,12.020128301138286
2017-09-23 17:00:00,0.18,0.01,0.18,0.06,31.1,50.0,19.6,999.1,37.4,-9.992349288972045,13.753288904374104
2017-09-23 18:00:00,0.18,0.02,0.15,0.04,30.5,54.0,20.0,999.7,31.3,-4.948496447161061,9.71197111365321
2017-09-23 19:00:00,0.19,0.01,0.18,0.03,30.0,60.0,21.4,1000.2,19.4,-3.631923997916375,7.128052193506942
2017-09-23 20:00:00,0.21,0.0,0.2,0.01,29.4,66.0,22.4,1000.8,13.7,0.3278554265973888,4.688551036221174
2017-09-23 21:00:00,0.19,0.03,0.18,0.01,29.0,68.0,22.5,1001.8,11.9,7.6,1.3960973510279824e-15
2017-09-23 22:00:00,0.21,0.0,0.2,0.04,28.2,68.0,21.7,1002.4,21.2,12.605336125844788,-1.5477406612453755
2017-09-23 23:00:00,0.38,0.0,0.25,0.28,27.8,67.0,21.1,1002.3,28.4,16.177798463024097,0.8478424911356978
2017-09-24 00:00:00,0.65,0.0,0.26,0.54,27.4,70.0,21.5,1001.6,31.7,17.689217638237995,0.6177210916342635
2017-09-24 01:00:00,0.88,0.03,0.23,0.85,27.1,72.0,21.6,1001.0,32.4,18.0,3.3065463576978533e-15
2017-09-24 02:00:00,0.88,0.05,0.17,0.86,27.0,71.0,21.4,1000.2,33.8,18.77423525338599,-0.9839159773673463
2017-09-24 03:00:00,0.9,0.04,0.15,0.88,26.9,71.0,21.2,1000.0,33.8,16.972539193066606,-2.0839657722280256
2017-09-24 04:00:00,0.93,0.02,0.15,0.92,26.9,70.0,21.0,1000.2,30.6,15.812898136355548,-1.6620025659556825
2017-09-24 05:00:00,0.95,0.02,0.1,0.96,26.8,71.0,21.1,1000.6,28.4,13.691654330161612,-0.4781231048242675
2017-09-24 06:00:00,0.97,0.04,0.1,0.97,27.3,68.0,20.8,1000.9,25.6,13.681224626137661,0.717002600528337
2017-09-24 07:00:00,0.96,0.0,0.12,0.96,28.8,61.0,20.5,1001.5,30.6,15.483719965604624,1.901161757120296
2017-09-24 08:00:00,0.93,0.0,0.13,0.92,30.7,53.0,20.0,1002.1,33.1,15.50670694734366,2.4560211011316273
2017-09-24 09:00:00,0.92,0.01,0.13,0.91,32.8,44.0,19.0,1002.5,33.8,14.7889376594557,1.815853216736693
2017-09-24 10:00:00,0.92,0.01,0.09,0.92,34.2,39.0,18.5,1002.3,33.8,14.39191919879917,1.767105479374634
2017-09-24 11:00:00,0.94,0.01,0.08,0.94,35.4,36.0,18.1,1001.3,34.6,14.763947943845398,1.0323958114130587
2017-09-24 12:00:00,0.92,0.04,0.09,0.92,36.2,35.0,18.2,999.9,34.9,15.097700196861508,0.26353133720298083
2017-09-24 13:00:00,0.96,0.0,0.48,0.95,35.9,35.0,18.2,998.7,35.3,12.992080751248245,-0.45369345713251663
2017-09-24 14:00:00,0.98,0.0,0.54,0.98,35.4,36.0,18.2,997.8,31.7,4.0,7.347880794884119e-16
2017-09-24 15:00:00,0.98,0.01,0.44,0.97,34.4,39.0,18.5,997.3,20.9,6.4653599816533305,5.821436275322065
2017-09-24 16:00:00,0.96,0.0,0.91,0.92,33.2,43.0,18.9,997.9,23.8,10.093247807352347,-2.8941922360784935
2017-09-24 17:00:00,0.87,0.22,0.63,0.85,30.5,57.0,21.0,998.2,23.0,10.438962181929405,1.8406706832694615
2017-09-24 18:00:00,0.63,0.07,0.43,0.5,30.9,56.0,21.0,999.1,22.0,12.58273213790763,0.6594330486610982
2017-09-24 19:00:00,0.45,0.07,0.41,0.11,29.8,59.0,20.9,1000.1,30.6,16.564291101348996,3.8241679238457094
2017-09-24 20:00:00,0.56,0.06,0.54,0.09,28.8,63.0,20.9,1000.9,31.7,16.58949940026552,3.224672021863604
2017-09-24 21:00:00,0.78,0.0,0.77,0.2,28.2,66.0,21.4,1001.5,33.5,18.02287885109658,2.532950437473198
2017-09-24 22:00:00,0.5,0.0,0.43,0.39,27.8,70.0,21.9,1001.8,34.9,19.42579661278904,1.699536983579336
2017-09-24 23:00:00,0.66,0.0,0.61,0.49,27.6,71.0,22.0,1001.5,36.4,19.452498980066576,-1.3602512380104417
2017-09-25 00:00:00,1.0,0.0,1.0,0.38,27.4,72.0,21.9,1000.9,35.6,18.716066499215678,-2.630371608145237
2017-09-25 01:00:00,1.0,0.0,1.0,0.31,27.0,74.0,22.0,1000.1,34.2,16.9,3.1044796358385398e-15
2017-09-25 02:00:00,0.99,0.0,0.99,0.28,26.8,75.0,21.9,999.3,30.2,15.861268399131205,1.1091279325315968
2017-09-25 03:00:00,0.98,0.0,0.97,0.63,26.7,74.0,21.6,999.4,29.2,15.878209602597725,0.8321417042628145
2017-09-25 04:00:00,0.92,0.0,0.74,0.81,26.6,73.0,21.5,999.2,29.9,16.16053761420915,1.1300548746548345
2017-09-25 05:00:00,0.88,0.0,0.51,0.92,26.7,71.0,21.0,999.9,29.5,14.7889376594557,1.815853216736693
2017-09-25 06:00:00,0.97,0.0,0.4,0.96,27.1,69.0,20.9,1000.5,26.3,13.6300991002129,2.1587956175551883
2017-09-25 07:00:00,0.97,0.0,0.18,0.97,28.1,66.0,21.0,1001.2,31.0,15.855404823496551,2.7957356604375785
2017-09-25 08:00:00,0.96,0.0,0.11,0.95,29.9,59.0,20.9,1001.6,40.7,20.54981943535238,1.4369833591289871
2017-09-25 09:00:00,0.9,0.0,0.09,0.89,31.5,52.0,20.5,1001.7,43.2,20.5,3.7657889073781105e-15
2017-09-25 10:00:00,0.95,0.03,0.06,0.95,32.8,48.0,20.3,1001.2,42.5,18.38879121715136,0.642150739326014
2017-09-25 11:00:00,0.98,0.06,0.09,0.97,33.8,44.0,19.8,1000.3,40.7,18.37478343948416,0.9629815948701752
2017-09-25 12:00:00,0.99,0.02,0.19,0.99,34.2,43.0,19.9,999.1,42.8,19.1,3.508613079557167e-15
2017-09-25 13:00:00,1.0,0.16,0.3,1.0,32.6,48.0,20.2,998.0,46.4,22.345434725820063,-1.5625450118684048
2017-09-25 14:00:00,0.99,0.14,0.42,0.99,32.8,47.0,19.8,996.6,46.4,19.01314691983815,2.672123538433264
2017-09-25 15:00:00,0.99,0.04,0.12,0.99,32.5,46.0,19.5,996.4,41.0,20.150793815248452,-1.4090807696313294
2017-09-25 16:00:00,1.0,0.1,0.19,1.0,31.0,52.0,20.0,996.4,40.0,20.148686878318838,2.4739476711244874
2017-09-25 17:00:00,0.98,0.03,0.13,0.99,30.6,53.0,19.9,996.9,39.6,18.728460324124818,1.638527963655975
2017-09-25 18:00:00,0.97,0.08,0.15,0.97,29.3,61.0,21.0,997.7,34.6,17.667321499215532,2.16927431261162
2017-09-25 19:00:00,0.94,0.07,0.07,0.94,28.6,64.0,21.0,998.4,37.8,20.543917484378863,3.2538368728368057
2017-09-25 20:00:00,0.94,0.06,0.1,0.94,28.0,66.0,21.1,999.5,37.8,19.856396294896253,4.2206073236005235
2017-09-25 21:00:00,0.94,0.08,0.02,0.93,27.6,69.0,21.4,1000.0,36.7,19.028738777894645,5.098735188519656
2017-09-25 22:00:00,0.07,0.06,0.01,0.02,27.5,70.0,21.4,1000.3,36.0,17.271263927712738,4.3062097416740865
2017-09-25 23:00:00,0.49,0.01,0.01,0.49,27.1,71.0,21.4,1000.1,32.4,16.530694452401313,3.51370757482014
2017-09-26 00:00:00,0.71,0.01,0.01,0.71,26.9,72.0,21.4,999.4,30.6,16.544770250605094,2.91728938480443
2017-09-26 01:00:00,0.79,0.01,0.01,0.79,26.6,73.0,21.5,998.6,30.6,16.530694452401313,3.51370757482014
2017-09-26 02:00:00,0.86,0.0,0.0,0.86,26.5,73.0,21.3,997.9,30.6,16.544770250605094,2.91728938480443
2017-09-26 03:00:00,0.92,0.0,0.0,0.92,26.5,72.0,21.0,997.9,30.6,16.90687222126065,1.776983875550107
2017-09-26 04:00:00,0.9,0.0,0.0,0.9,26.4,73.0,21.1,998.1,32.0,17.28454596041491,2.7376031382040433
2017-09-26 05:00:00,0.94,0.0,0.0,0.98,26.2,77.0,21.8,998.7,33.8,16.177798463024097,0.8478424911356978
2017-09-26 06:00:00,0.96,0.0,0.0,0.96,26.6,75.0,21.9,999.5,32.0,16.97253919306661,2.0839657722280167
2017-09-26 07:00:00,0.99,0.0,0.02,0.99,27.9,69.0,21.6,1000.1,36.4,18.749079203850382,3.644451811692002
2017-09-26 08:00:00,0.99,0.0,0.01,0.99,29.6,61.0,21.2,1000.6,39.2,19.04356735888468,3.701694510304965
2017-09-26 09:00:00,0.95,0.0,0.03,0.95,31.6,52.0,20.7,1000.8,41.4,19.772864788140563,1.0362519336102973
2017-09-26 10:00:00,0.96,0.01,0.03,0.96,33.0,47.0,20.2,1000.4,41.4,17.997258512815044,0.31414331587110295
2017-09-26 11:00:00,0.39,0.01,0.07,0.36,34.8,41.0,19.6,999.3,40.0,16.16053761420915,1.1300548746548345
2017-09-26 12:00:00,0.87,0.0,0.42,0.8,35.5,35.0,17.9,998.2,42.1,19.39704528603399,0.33857668488329984
2017-09-26 13:00:00,0.74,0.0,0.31,0.63,35.3,38.0,18.9,996.7,44.6,20.12313290145326,-1.7605460035026892
2017-09-26 14:00:00,0.88,0.1,0.52,0.78,34.0,42.0,19.0,996.0,43.6,18.389174893795545,3.908739787373884
2017-09-26 15:00:00,0.81,0.08,0.29,0.77,33.7,44.0,19.6,995.8,39.2,17.329691202977482,-2.4355292668011455
2017-09-26 16:00:00,0.68,0.1,0.23,0.61,32.0,50.0,20.5,996.4,42.1,21.570397950698798,-1.1304566548475894
2017-09-26 17:00:00,0.97,0.14,0.38,0.68,30.9,55.0,20.7,997.1,42.1,9.706975700031006,-4.734408385322037
2017-09-26 18:00:00,0.74,0.16,0.32,0.67,29.8,61.0,21.4,997.5,23.4,13.281772812235833,-0.6960682180311545
2017-09-26 19:00:00,0.92,0.05,0.19,0.9,29.2,63.0,21.5,998.5,27.4,14.74137600257488,4.789763412811687
2017-09-26 20:00:00,0.91,0.05,0.12,0.9,28.5,67.0,21.6,999.2,33.5,17.30911608293094,5.291927855481542
2017-09-26 21:00:00,0.96,0.02,0.14,0.96,28.0,69.0,21.8,999.8,33.8,17.59108903567124,5.04416361145108
2017-09-26 22:00:00,0.96,0.0,0.11,0.96,27.6,71.0,21.9,1000.2,34.6,18.707905243876514,4.3190602434022125
2017-09-26 23:00:00,0.9,0.0,0.05,0.89,27.3,72.0,21.8,1000.0,36.4,19.36732249452935,4.116651478191644
2017-09-27 00:00:00,0.78,0.0,0.05,0.77,27.0,74.0,22.0,999.6,36.4,19.457460309724212,3.081758961292551
2017-09-27 01:00:00,0.48,0.0,0.05,0.45,26.6,76.0,22.0,998.9,36.4,19.094820391070847,2.0069464947389446
2017-09-27 02:00:00,0.2,0.0,0.06,0.16,26.4,77.0,22.1,998.6,36.0,19.053473359962645,1.3323486485127987
2017-09-27 03:00:00,0.44,0.0,0.06,0.43,26.2,78.0,22.0,998.3,34.9,17.65688368959889,1.2346895852710227
2017-09-27 04:00:00,0.57,0.0,0.08,0.55,26.1,78.0,22.0,998.5,34.2,18.754204144884696,1.311421706389561
2017-09-27 05:00:00,0.91,0.0,0.11,0.51,26.4,75.0,21.6,999.2,34.6,17.63609817261276,4.071614083623961
2017-09-27 06:00:00,0.59,0.0,0.29,0.49,26.6,74.0,21.5,999.8,34.9,17.302710526889744,4.9614724047059795
2017-09-27 07:00:00,0.65,0.0,0.06,0.63,28.0,68.0,21.5,1000.6,36.0,17.978529412105065,5.496588048787458
2017-09-27 08:00:00,0.84,0.0,0.05,0.83,30.0,59.0,21.3,1001.3,43.2,20.861358114933925,5.2013207553928575
2017-09-27 09:00:00,0.83,0.0,0.04,0.82,31.8,52.0,20.8,1001.5,44.3,20.908659007435244,4.0642316015204
2017-09-27 10:00:00,0.74,0.0,0.01,0.74,33.2,48.0,20.6,1001.1,48.6,20.908659007435244,4.0642316015204
2017-09-27 11:00:00,0.9,0.03,0.05,0.9,34.3,44.0,20.4,1000.1,49.7,20.840223986557405,3.300767212348875
2017-09-27 12:00:00,0.93,0.06,0.13,0.93,34.6,43.0,20.2,998.8,48.2,19.828869105642813,3.854341706606201
2017-09-27 13:00:00,0.56,0.14,0.27,0.43,35.6,39.0,19.4,997.6,47.9,22.332288411929746,2.7420602266158114
2017-09-27 14:00:00,0.66,0.01,0.31,0.55,33.1,47.0,20.4,996.7,49.3,22.67558793764104,4.407687793198181
2017-09-27 15:00:00,0.84,0.01,0.2,0.82,33.1,47.0,20.1,996.3,47.5,23.33994374638933,4.115461810706249
2017-09-27 16:00:00,0.82,0.0,0.2,0.8,31.9,51.0,20.5,996.8,47.9,23.4240891787352,2.8761165043614736
2017-09-27 17:00:00,0.83,0.0,0.22,0.03,31.0,55.0,21.0,997.3,46.4,22.35513599337712,3.9418136330393185
2017-09-27 18:00:00,0.41,0.0,0.29,0.23,29.2,61.0,21.0,998.4,43.2,22.67713877418196,3.187064011985507
2017-09-27 19:00:00,0.52,0.0,0.32,0.39,28.0,68.0,21.6,999.4,42.8,22.314761237255098,1.9522886375475446
2017-09-27 20:00:00,0.45,0.0,0.17,0.36,27.1,73.0,22.0,1000.4,40.7,20.884959802733743,2.1950977286207207
2017-09-27 21:00:00,0.78,0.0,0.11,0.75,26.9,75.0,22.1,1001.1,40.0,21.581125129491532,2.2682676529080776
2017-09-27 22:00:00,0.83,0.0,0.08,0.82,26.7,75.0,21.9,1001.2,42.8,22.7132391164918,1.987150934646608
2017-09-27 23:00:00,0.88,0.0,0.22,0.86,26.2,77.0,22.0,1000.8,41.8,19.79698436409655,0.34555764745821327
2017-09-28 00:00:00,0.93,0.0,0.22,0.92,26.1,78.0,22.0,1000.1,36.4,17.234168276987198,1.5077943495344879
2017-09-28 01:00:00,0.92,0.0,0.15,0.9,26.0,77.0,21.8,999.5,31.0,15.162973563949327,1.0602984009107088
2017-09-28 02:00:00,0.95,0.0,0.12,0.94,25.6,80.0,21.9,999.1,28.8,15.878209602597725,0.8321417042628145
2017-09-28 03:00:00,0.98,0.0,0.16,0.98,25.5,79.0,21.6,998.9,28.8,13.694066410273278,2.910763671448637
2017-09-28 04:00:00,0.79,0.0,0.17,0.75,25.4,80.0,21.5,999.0,25.2,11.546519142684359,2.8788705576360467
2017-09-28 05:00:00,0.93,0.0,0.12,0.91,25.8,77.0,21.4,999.2,21.2,15.411546780128324,2.9957012274117503
2017-09-28 06:00:00,0.92,0.0,0.28,0.9,26.1,75.0,21.4,999.7,28.4,9.708278749247295,5.381386784734339
2017-09-28 07:00:00,0.9,0.0,0.29,0.87,27.6,69.0,21.5,1000.4,23.0,7.951649632608119,7.1596974880397815
2017-09-28 08:00:00,0.96,0.0,0.32,0.94,29.7,61.0,21.3,1001.0,29.2,10.812806984614689,7.571208959833812
2017-09-28 09:00:00,0.97,0.05,0.16,0.96,31.3,54.0,21.0,1001.1,38.5,17.290072290574322,4.632860907335119
2017-09-28 10:00:00,0.97,0.03,0.1,0.97,33.0,47.0,20.2,1000.7,52.6,19.415109108410274,5.202262806560665
2017-09-28 11:00:00,0.99,0.08,0.1,0.99,34.7,42.0,19.8,1000.0,52.6,21.538251490616688,2.6445647518916937
2017-09-28 12:00:00,1.0,0.15,0.22,1.0,33.8,43.0,19.5,999.2,49.7,22.313074483581882,5.151379144474514
2017-09-28 13:00:00,0.96,0.0,0.25,0.95,33.8,45.0,20.1,997.9,51.5,21.24048764512429,2.608003948870149
2017-09-28 14:00:00,0.99,0.0,0.17,0.99,33.5,44.0,19.4,997.0,52.2,23.809053284392718,2.083022251669032
2017-09-28 15:00:00,1.0,0.03,0.13,1.0,32.8,47.0,19.9,996.9,49.0,23.76738292715886,1.2455957585820745
2017-09-28 16:00:00,0.99,0.0,0.11,0.99,31.6,49.0,19.7,997.1,48.6,23.76738292715886,1.2455957585820745
2017-09-28 17:00:00,1.0,0.0,0.17,1.0,29.8,58.0,20.5,998.0,47.2,21.617424948590877,1.891279617624184
2017-09-28 18:00:00,1.0,0.0,0.12,1.0,28.1,65.0,20.9,998.8,41.0,21.28702461550674,0.7433592797632662
2017-09-28 19:00:00,1.0,0.0,0.11,1.0,27.0,71.0,21.4,999.7,39.2,19.08836479606473,0.6665803870177646
2017-09-28 20:00:00,0.99,0.0,0.05,0.99,26.6,73.0,21.5,1000.8,34.6,17.62677162359995,2.4772811970891717
2017-09-28 21:00:00,0.99,0.0,0.02,0.99,26.3,76.0,21.8,1001.5,33.5,16.97253919306661,2.0839657722280167
2017-09-28 22:00:00,0.98,0.0,0.01,0.98,26.2,77.0,21.9,1001.5,31.0,15.142159410994532,1.3247672897644054
2017-09-28 23:00:00,1.0,0.0,0.01,1.0,26.0,77.0,21.8,1000.9,27.0,13.724402156082174,1.4424927930936164
2017-09-29 00:00:00,0.99,0.0,0.01,0.99,26.0,76.0,21.5,1000.3,24.5,13.691654330161612,0.4781231048242604
2017-09-29 01:00:00,1.0,0.0,0.01,1.0,25.6,78.0,21.5,999.7,24.5,12.22684500917257,2.5988961352219975
2017-09-29 02:00:00,0.99,0.0,0.02,0.99,25.5,79.0,21.5,999.2,22.3,12.21161613735138,2.1532374030699364
2017-09-29 03:00:00,0.96,0.01,0.0,0.96,25.3,79.0,21.4,998.8,23.4,12.613844441587954,3.144984642795681
2017-09-29 04:00:00,1.0,0.01,0.01,1.0,25.2,79.0,21.4,999.2,23.0,9.68358185101157,4.311408416603481
2017-09-29 05:00:00,0.99,0.02,0.02,0.97,25.6,79.0,21.6,1000.0,18.4,15.50492824296749,5.643332364873531
2017-09-29 06:00:00,0.99,0.0,0.01,0.99,26.1,77.0,21.8,1000.4,29.5,13.629602662131774,5.506716923213911
2017-09-29 07:00:00,0.89,0.0,0.01,0.89,27.6,70.0,21.6,1001.0,30.2,13.623471831096117,5.782820701641253
2017-09-29 08:00:00,0.83,0.0,0.0,0.83,29.9,60.0,21.1,1001.5,33.1,14.466434206669549,4.981192763194497
2017-09-29 09:00:00,0.86,0.0,0.06,0.85,31.5,53.0,20.8,1001.2,42.1,19.01779623500953,4.741669153753489
2017-09-29 10:00:00,0.8,0.14,0.01,0.79,33.4,45.0,20.0,1000.9,49.3,23.766433649797687,3.3401544230415796
2017-09-29 11:00:00,0.72,0.01,0.02,0.72,34.3,44.0,20.2,999.8,57.6,26.983552329515586,0.9422864109675205
2017-09-29 12:00:00,0.93,0.0,0.22,0.91,34.2,41.0,19.0,998.7,60.1,29.49550700711354,0.5148459898998632
2017-09-29 13:00:00,0.54,0.0,0.2,0.47,35.0,40.0,19.4,997.4,60.1,28.79561362050407,-0.5026293053937542
2017-09-29 14:00:00,0.86,0.0,0.21,0.83,33.8,44.0,19.8,996.5,58.7,29.159982414833554,1.5282099222939738
2017-09-29 15:00:00,0.75,0.0,0.16,0.71,33.2,45.0,19.5,996.3,59.8,27.732280597223113,1.939229970086691
2017-09-29 16:00:00,0.92,0.01,0.12,0.91,32.2,49.0,20.1,996.3,55.8,26.983552329515586,0.9422864109675205
2017-09-29 17:00:00,0.84,0.0,0.03,0.23,30.6,54.0,20.2,997.5,52.9,23.78550168305448,0.8306080215195182
2017-09-29 18:00:00,0.63,0.0,0.03,0.62,29.2,62.0,21.0,998.2,44.6,22.675099214396635,2.383248962502497
2017-09-29 19:00:00,0.36,0.0,0.02,0.35,28.2,67.0,21.5,999.0,42.8,22.693024337024287,4.823551226972027
2017-09-29 20:00:00,0.01,0.0,0.01,0.01,27.4,71.0,21.7,1000.1,42.1,20.516008134056175,3.9879080033697822
2017-09-29 21:00:00,0.99,0.0,0.01,0.99,26.9,74.0,21.8,1000.8,38.5,18.389174893795545,3.908739787373884
2017-09-29 22:00:00,0.94,0.0,0.01,0.94,26.7,74.0,21.8,1001.2,34.6,16.938693351809977,2.9867486558712018
2017-09-29 23:00:00,0.91,0.0,0.0,0.91,26.5,76.0,21.9,1001.0,31.3,16.575520732410077,2.0352180348659576
2017-09-30 00:00:00,0.95,0.0,0.0,0.95,26.1,77.0,21.9,1000.5,30.2,16.237973578895453,1.4206386067868295
2017-09-30 01:00:00,0.88,0.0,0.0,0.88,25.9,79.0,21.9,999.7,29.2,14.42024977268901,2.283943189587373
2017-09-30 02:00:00,0.12,0.0,0.0,0.11,25.7,79.0,21.8,999.5,25.9,12.5648279481301,2.442355140819771
2017-09-30 03:00:00,0.01,0.0,0.0,0.01,25.5,80.0,21.9,999.7,23.0,11.858178973941639,3.62540913856194
2017-09-30 04:00:00,0.08,0.0,0.0,0.08,25.4,81.0,21.9,999.7,22.0,10.477177556604698,4.233054505599809
2017-09-30 05:00:00,0.47,0.0,0.0,0.43,25.9,79.0,21.9,1000.0,19.8,13.29263610788619,4.063966695646045
2017-09-30 06:00:00,0.34,0.0,0.0,0.34,26.3,77.0,21.9,1000.4,25.9,12.22990358711334,4.694620139043439
2017-09-30 07:00:00,0.81,0.0,0.0,0.81,28.1,68.0,21.7,1001.2,31.7,15.109615144215958,4.619472934619246
2017-09-30 08:00:00,0.25,0.0,0.0,0.25,30.2,59.0,21.4,1001.6,33.8,14.003706397458023,5.375519243179511
2017-09-30 09:00:00,0.29,0.0,0.0,0.29,32.2,52.0,21.0,1001.6,34.2,13.719512263474263,4.99349409255476
2017-09-30 10:00:00,0.34,0.0,0.0,0.34,34.1,45.0,20.6,1001.4,45.7,14.392294811707119,3.8564037720275572
2017-09-30 11:00:00,0.52,0.02,0.01,0.51,35.8,40.0,20.0,1000.1,45.0,16.196848526886455,3.148348423712986
2017-09-30 12:00:00,0.47,0.02,0.06,0.45,36.5,37.0,19.7,998.8,42.1,18.31995927171905,2.5747023677612177
2017-09-30 13:00:00,0.57,0.0,0.42,0.41,36.2,37.0,19.3,997.8,44.6,20.920088659926655,1.8302705977008231
2017-09-30 14:00:00,0.85,0.01,0.15,0.83,36.1,37.0,19.2,996.9,43.9,19.79463583554538,3.4903283711052997
2017-09-30 15:00:00,0.73,0.04,0.15,0.69,34.8,42.0,20.0,996.7,44.6,20.477627517328248,5.486963756173437
2017-09-30 16:00:00,0.34,0.02,0.09,0.28,33.5,47.0,20.8,996.8,45.4,22.67713877418196,3.187064011985507
2017-09-30 17:00:00,0.25,0.0,0.08,0.47,32.2,53.0,21.5,998.0,45.4,21.98844890922767,4.274121496434599
2017-09-30 18:00:00,0.21,0.01,0.08,0.16,30.0,61.0,21.8,998.4,42.8,22.69654268005008,0.3961696261263354
2017-09-30 19:00:00,0.68,0.0,0.08,0.66,29.0,68.0,22.5,999.6,41.4,20.17231660204239,-1.0571863161074677
2017-09-30 20:00:00,0.74,0.0,0.03,0.74,28.6,69.0,22.5,1000.5,36.7,19.824274492025737,1.734399280678399
2017-09-30 21:00:00,0.83,0.0,0.05,0.83,28.0,72.0,22.4,1001.6,36.7,19.053473359962645,1.3323486485127987
2017-09-30 22:00:00,0.91,0.0,0.06,0.91,27.5,74.0,22.4,1002.0,35.3,17.257858069494958,1.2067869957733726
2017-09-30 23:00:00,0.9,0.0,0.03,0.9,27.3,75.0,22.5,1001.6,32.0,15.079305974794064,0.790272939268459
2017-10-01 00:00:00,0.97,0.0,0.03,0.97,26.9,77.0,22.6,1000.7,27.7,14.022758724692654,1.4738513320739124
2017-10-01 01:00:00,0.95,0.0,0.05,0.95,26.6,78.0,22.5,1000.2,25.9,12.950531075192693,1.1330246557195571
2017-10-01 02:00:00,0.97,0.0,0.08,0.97,26.3,79.0,22.4,999.8,23.4,12.253194786528471,1.0720156357961965
2017-10-01 03:00:00,0.93,0.0,0.1,0.93,26.2,80.0,22.4,999.8,22.3,11.852260087141651,1.8772135804827723
2017-10-01 04:00:00,0.45,0.0,0.09,0.42,26.0,80.0,22.4,1000.0,22.7,12.279324052395472,1.7257464519048162
2017-10-01 05:00:00,0.29,0.0,0.03,0.34,26.4,79.0,22.4,1000.5,22.7,14.420567482839964,1.5156627173809738
2017-10-01 06:00:00,0.11,0.0,0.03,0.08,26.8,76.0,22.3,1001.0,25.9,12.613844441587954,3.144984642795681
2017-10-01 07:00:00,0.16,0.0,0.04,0.13,28.5,67.0,21.8,1001.7,29.2,13.331811915950368,4.590510977845908
2017-10-01 08:00:00,0.09,0.0,0.04,0.05,30.6,57.0,21.2,1002.4,32.0,14.06928803100195,3.507867486195183
2017-10-01 09:00:00,0.14,0.0,0.06,0.09,32.5,50.0,20.6,1002.4,36.7,16.198088785760255,2.5655252266597888
2017-10-01 10:00:00,0.15,0.01,0.04,0.11,34.2,44.0,20.2,1001.5,44.6,16.593164121998313,2.6280990126758814
2017-10-01 11:00:00,0.16,0.01,0.03,0.14,35.7,40.0,19.9,1000.5,44.6,17.32969120297748,2.435529266801152
2017-10-01 12:00:00,0.32,0.05,0.18,0.19,36.8,37.0,19.9,999.0,41.4,17.6,3.2330675497490124e-15
2017-10-01 13:00:00,0.67,0.31,0.57,0.35,34.3,42.0,19.6,998.2,43.9,16.53781045190467,8.06602910091903
2017-10-01 14:00:00,0.44,0.0,0.39,0.18,34.5,42.0,19.5,997.1,39.2,16.575520732410077,2.0352180348659576
2017-10-01 15:00:00,0.4,0.03,0.37,0.11,33.6,45.0,20.1,996.9,47.5,23.460889684399167,4.560334989499416
2017-10-01 16:00:00,0.28,0.01,0.26,0.04,32.9,48.0,20.3,997.0,47.9,23.367931113257026,-1.2246613760848883
2017-10-01 17:00:00,0.34,0.0,0.17,0.44,31.5,54.0,21.0,997.6,46.1,23.78550168305448,0.8306080215195182
2017-10-01 18:00:00,0.39,0.0,0.15,0.29,29.6,61.0,21.4,998.5,44.6,21.196771137315494,0.36999101647041016
2017-10-01 19:00:00,0.15,0.0,0.15,0.0,29.0,64.0,21.4,999.6,38.9,21.9162833580184,1.9174263404484815
2017-10-01 20:00:00,0.17,0.0,0.17,0.0,28.4,66.0,21.4,1000.6,42.8,21.93526995127322,2.6933124892537528
2017-10-01 21:00:00,0.14,0.0,0.14,0.0,27.9,69.0,21.6,1001.1,41.0,19.453904572169915,2.3886391307408847
2017-10-01 22:00:00,0.12,0.0,0.12,0.0,27.5,70.0,21.6,1001.0,36.4,19.053473359962645,1.3323486485127987
2017-10-01 23:00:00,0.1,0.0,0.1,0.0,27.2,73.0,22.0,1000.9,38.5,21.248114270534256,1.4858128907498749
2017-10-02 00:00:00,0.1,0.0,0.1,0.0,27.0,75.0,22.2,1000.4,41.0,21.58784389856623,3.033973600929435
2017-10-02 01:00:00,0.15,0.0,0.08,0.09,26.7,75.0,22.0,999.4,40.3,17.96508534470793,2.205835115633164
2017-10-02 02:00:00,0.19,0.0,0.08,0.13,26.4,76.0,21.9,998.8,33.5,18.299202874776228,1.9233237241248218
2017-10-02 03:00:00,0.12,0.0,0.07,0.07,26.3,77.0,21.9,998.5,35.3,19.126938203361515,1.6733902607550384
2017-10-02 04:00:00,0.14,0.0,0.03,0.11,26.0,78.0,21.8,998.6,36.0,19.49262914921816,2.048757880046006
2017-10-02 05:00:00,0.28,0.0,0.03,0.24,26.4,75.0,21.6,999.2,35.6,19.49262914921816,2.048757880046006
2017-10-02 06:00:00,0.28,0.0,0.08,0.22,26.9,73.0,21.6,999.9,36.4,16.97253919306661,2.0839657722280167
2017-10-02 07:00:00,0.23,0.0,0.09,0.2,28.6,66.0,21.5,1000.5,37.8,19.457460309724212,3.081758961292551
2017-10-02 08:00:00,0.17,0.0,0.12,0.13,30.5,57.0,21.1,1000.9,43.6,20.87792436385881,3.681341366538923
2017-10-02 09:00:00,0.46,0.43,0.09,0.17,32.5,50.0,20.6,1000.9,52.2,21.98395112606286,3.089642841313461
2017-10-02 10:00:00,0.24,0.12,0.02,0.2,34.0,45.0,20.5,1000.8,51.8,18.02287885109658,2.532950437473198
2017-10-02 11:00:00,0.34,0.08,0.15,0.26,33.0,48.0,20.6,1000.1,47.2,20.484001262653926,3.611882095472151
2017-10-02 12:00:00,0.56,0.1,0.18,0.51,35.3,41.0,20.1,998.1,45.4,13.286093160882738,7.983090161105843
2017-10-02 13:00:00,0.54,0.0,0.4,0.41,35.0,40.0,19.2,997.0,41.8,19.50828095420893,2.7417100889132966
2017-10-02 14:00:00,0.6,0.09,0.32,0.51,35.3,38.0,18.9,996.1,43.6,19.412986546049616,5.935145605871563
2017-10-02 15:00:00,0.55,0.0,0.29,0.49,34.2,41.0,19.0,995.8,42.5,17.673001847214675,8.241056103943635
2017-10-02 16:00:00,0.38,0.08,0.21,0.29,33.2,46.0,20.0,995.9,42.1,19.412986546049616,5.935145605871563
2017-10-02 17:00:00,0.42,0.0,0.11,0.7,32.7,48.0,20.1,996.6,40.3,22.332288411929746,2.7420602266158114
2017-10-02 18:00:00,0.51,0.0,0.09,0.47,30.5,54.0,20.2,997.0,45.4,24.08531893116021,0.8410778705302684
2017-10-02 19:00:00,0.42,0.0,0.07,0.38,29.5,58.0,20.4,998.1,44.6,23.068342252830657,1.2089605892120137
2017-10-02 20:00:00,0.09,0.0,0.06,0.04,28.6,63.0,20.8,999.0,42.8,20.148686878318838,2.4739476711244874
2017-10-02 21:00:00,0.08,0.0,0.06,0.03,28.3,65.0,21.0,999.7,37.1,18.02198188012341,3.177761651304825
2017-10-02 22:00:00,0.38,0.0,0.05,0.35,27.6,68.0,21.1,1000.2,33.8,16.58949940026552,3.224672021863604
2017-10-02 23:00:00,0.9,0.0,0.05,0.9,27.4,69.0,21.2,1000.3,31.0,16.933583975480854,2.3798600264171257
2017-10-03 00:00:00,0.99,0.0,0.04,0.99,27.1,72.0,21.7,999.9,33.5,18.355178524780765,1.2835191168919107
2017-10-03 01:00:00,1.0,0.0,0.04,1.0,26.8,74.0,21.8,999.2,38.2,21.270809090272422,1.1147558679747138
2017-10-03 02:00:00,0.98,0.0,0.04,0.98,26.5,77.0,22.0,998.5,43.6,23.742024396183815,1.6602040751101887
2017-10-03 03:00:00,0.96,0.0,0.04,0.96,26.3,77.0,21.9,998.5,43.6,22.7132391164918,1.987150934646608
2017-10-03 04:00:00,0.92,0.0,0.04,0.91,26.3,75.0,21.6,999.0,41.4,19.805361374831406,2.7834620192013166
2017-10-03 05:00:00,0.8,0.0,0.05,0.93,26.5,74.0,21.5,998.9,36.4,16.608515652650166,1.7456253365698111
2017-10-03 06:00:00,0.92,0.0,0.04,0.91,27.0,71.0,21.4,999.5,29.5,14.420676958821481,3.3292756042892058
2017-10-03 07:00:00,0.85,0.0,0.02,0.85,28.9,61.0,20.5,1000.4,29.5,12.976767928311101,4.98131449867968
2017-10-03 08:00:00,0.28,0.0,0.01,0.27,31.0,50.0,19.2,1001.1,29.5,12.26862906020748,3.9863192274368235
2017-10-03 09:00:00,0.24,0.0,0.01,0.24,33.0,43.0,18.9,1001.1,36.0,15.855404823496551,2.7957356604375785
2017-10-03 10:00:00,0.27,0.0,0.04,0.24,34.7,40.0,19.1,1000.8,39.6,17.28454596041491,2.7376031382040433
2017-10-03 11:00:00,0.2,0.0,0.04,0.18,36.1,36.0,18.7,999.2,44.3,16.883987555299818,3.2819147204765673
2017-10-03 12:00:00,0.22,0.03,0.07,0.19,37.3,33.0,18.5,998.0,40.0,14.378193193978237,2.535263393937183
2017-10-03 13:00:00,0.89,0.05,0.27,0.87,37.5,33.0,18.6,996.5,36.0,12.304149708010485,3.5281581544575857
2017-10-03 14:00:00,0.65,0.0,0.6,0.42,35.0,39.0,19.0,996.3,45.7,19.42579661278904,1.699536983579336
2017-10-03 15:00:00,0.81,0.01,0.46,0.73,34.8,39.0,18.9,995.5,41.8,15.135340043512056,7.057724971069676
2017-10-03 16:00:00,0.49,0.0,0.32,0.38,33.5,44.0,19.6,995.5,43.2,15.515405506990348,10.075822147777998
2017-10-03 17:00:00,0.59,0.0,0.12,0.7,33.0,45.0,19.6,995.7,38.9,21.978933887638842,2.3100790382151395
2017-10-03 18:00:00,0.5,0.0,0.11,0.45,31.4,49.0,19.2,996.1,40.7,21.538251490616688,2.6445647518916937
2017-10-03 19:00:00,0.46,0.0,0.09,0.44,30.0,53.0,19.3,997.3,40.3,19.062384973486157,3.019185175276459
2017-10-03 20:00:00,0.33,0.0,0.08,0.28,29.4,54.0,19.1,998.7,35.6,15.39125198580867,6.218469450704145
2017-10-03 21:00:00,0.37,0.0,0.08,0.34,28.7,58.0,19.6,999.7,30.6,13.649916082324129,3.914050452601384
2017-10-03 22:00:00,0.15,0.0,0.1,0.07,28.2,63.0,20.5,1000.2,26.6,14.754994224249398,2.0736792043049808
2017-10-03 23:00:00,0.13,0.0,0.09,0.05,27.7,69.0,21.5,1000.1,30.2,16.575520732410077,2.0352180348659576
2017-10-04 00:00:00,0.15,0.0,0.08,0.07,27.4,73.0,22.0,999.5,32.8,18.38879121715136,0.642150739326014
2017-10-04 01:00:00,0.15,0.0,0.04,0.13,27.0,76.0,22.4,998.6,34.9,19.08836479606473,-0.6665803870177746
2017-10-04 02:00:00,0.23,0.0,0.04,0.2,26.8,77.0,22.5,998.1,34.9,17.975331625582328,-0.942047212372991
2017-10-04 03:00:00,0.17,0.0,0.04,0.16,26.6,78.0,22.4,998.0,33.1,17.289461307430358,0.6037612929532632
2017-10-04 04:00:00,0.29,0.0,0.03,0.27,26.5,78.0,22.4,998.2,32.0,17.59731943475249,0.30716235329618957
2017-10-04 05:00:00,0.74,0.0,0.02,0.81,26.7,75.0,21.8,998.9,34.2,17.59731943475249,0.30716235329618957
2017-10-04 06:00:00,0.89,0.0,0.02,0.88,27.1,73.0,21.8,999.6,31.3,15.497639274924065,0.2705122997778942
2017-10-04 07:00:00,0.92,0.0,0.01,0.92,28.8,66.0,21.9,1000.3,29.9,14.397806810252035,0.25131465269688236
2017-10-04 08:00:00,0.94,0.0,0.0,0.94,31.2,56.0,21.4,1000.8,33.1,15.079305974794064,0.790272939268459
2017-10-04 09:00:00,0.94,0.07,0.15,0.94,33.3,48.0,20.7,1001.3,36.0,15.462242779027276,-1.081225343033941
2017-10-04 10:00:00,0.95,0.05,0.32,0.94,34.6,43.0,20.4,1000.8,36.0,12.972511700514572,-1.8231676225768576
2017-10-04 11:00:00,0.93,0.03,0.12,0.92,36.2,38.0,19.6,999.3,32.4,9.394273773979501,-0.32805526900351206
2017-10-04 12:00:00,0.9,0.08,0.38,0.88,38.4,33.0,19.2,998.0,28.1,7.180188374442374,1.7902220274375418
2017-10-04 13:00:00,0.98,0.0,0.93,0.92,34.7,40.0,19.0,997.7,26.3,-2.8729692039356185,7.893418014601631
2017-10-04 14:00:00,0.57,0.11,0.14,0.53,32.8,50.0,21.0,997.1,27.0,5.829111906565252,9.328529057720687
2017-10-04 15:00:00,0.21,0.05,0.18,0.02,33.8,44.0,20.0,996.1,29.9,9.708278749247295,5.381386784734339
2017-10-04 16:00:00,0.36,0.13,0.29,0.16,33.3,46.0,20.2,996.1,28.1,12.58273213790763,-0.6594330486610936
2017-10-04 17:00:00,0.45,0.03,0.19,0.07,32.0,52.0,21.0,996.3,33.8,17.96508534470793,-2.2058351156331732
2017-10-04 18:00:00,0.45,0.0,0.16,0.36,30.6,57.0,21.3,997.1,35.3,18.7542041448847,-1.3114217063895541
2017-10-04 19:00:00,0.53,0.05,0.19,0.46,29.7,63.0,21.8,998.2,34.9,17.989034886343724,-0.628190940645023
2017-10-04 20:00:00,0.29,0.1,0.22,0.15,28.9,67.0,22.0,999.3,33.5,18.0,3.3065463576978533e-15
2017-10-04 21:00:00,0.82,0.13,0.21,0.79,28.4,69.0,22.2,1000.0,33.8,16.883987555299818,3.2819147204765673
2017-10-04 22:00:00,0.71,0.01,0.26,0.63,28.1,71.0,22.3,1000.1,31.3,14.72440775171496,2.8621349306481694
2017-10-04 23:00:00,0.34,0.0,0.34,0.0,27.9,72.0,22.5,999.5,27.7,15.497639274924065,0.2705122997778942
2017-10-05 00:00:00,0.7,0.04,0.34,0.63,27.4,75.0,22.6,998.9,29.5,15.812898136355548,-1.6620025659556825
2017-10-05 01:00:00,0.64,0.0,0.24,0.53,27.2,76.0,22.6,997.9,28.8,11.485038046337667,-2.2324652459055776
2017-10-05 02:00:00,0.75,0.05,0.22,0.68,27.1,76.0,22.6,997.5,21.2,10.773691742806102,0.7533699164365563
2017-10-05 03:00:00,0.88,0.1,0.25,0.85,27.0,76.0,22.5,997.3,21.6,12.283143277481258,-0.6437322617882105
2017-10-05 04:00:00,0.93,0.0,0.47,0.91,26.9,77.0,22.4,997.6,26.3,14.420567482839964,-1.5156627173809682
2017-10-05 05:00:00,0.93,0.0,0.36,0.79,26.7,79.0,22.6,997.8,26.6,9.772803256173447,-3.5570094905869576
2017-10-05 06:00:00,0.76,0.0,0.18,0.74,27.1,77.0,22.7,997.7,19.8,7.871577364254561,-4.363286582217036
2017-10-05 07:00:00,0.16,0.05,0.05,0.14,28.9,67.0,22.2,999.0,20.9,8.994517443171862,0.31409547032250684
2017-10-05 08:00:00,0.18,0.0,0.03,0.15,31.1,58.0,21.8,999.3,21.2,6.10580806867569,1.0766187015349682
2017-10-05 09:00:00,0.87,0.06,0.09,0.86,33.2,50.0,21.3,999.6,21.6,6.1385314081469815,1.417191642366351
2017-10-05 10:00:00,0.7,0.09,0.17,0.66,34.7,45.0,20.9,999.2,21.6,4.326372811226469,1.836436303899587
2017-10-05 11:00:00,0.77,0.17,0.2,0.73,35.9,41.0,20.4,998.2,20.5,2.5237363199446032,3.604268994871564
2017-10-05 12:00:00,0.59,0.31,0.19,0.52,35.1,42.0,20.1,997.2,29.2,-6.1394530955100715,4.971631089293715
2017-10-05 13:00:00,0.61,0.27,0.43,0.35,31.8,57.0,22.2,996.3,34.2,-7.26950774511971,10.77748844321554
2017-10-05 14:00:00,0.78,0.42,0.48,0.62,31.6,59.0,22.5,995.8,33.8,12.97251170051457,1.8231676225768623
2017-10-05 15:00:00,0.76,0.35,0.41,0.62,29.2,70.0,23.1,995.3,34.2,6.1,1.120551821219828e-15
2017-10-05 16:00:00,0.92,0.09,0.29,0.89,31.1,58.0,21.9,995.3,17.6,2.4905416147351485,-2.1649947956686733
2017-10-05 17:00:00,0.77,0.14,0.65,0.9,31.4,55.0,21.1,995.9,13.3,3.6,6.613092715395707e-16
2017-10-05 18:00:00,0.93,0.07,0.61,0.89,30.5,58.0,21.2,996.2,11.9,0.3401837155791384,-6.49109197590473
2017-10-05 19:00:00,0.92,0.12,0.5,0.86,30.1,61.0,21.6,997.0,12.2,7.232034065620942,-2.9219314286441134
2017-10-05 20:00:00,1.0,0.25,1.0,0.94,28.1,72.0,22.6,998.4,26.3,14.754994224249398,2.0736792043049808
2017-10-05 21:00:00,0.98,0.05,0.69,0.96,26.7,82.0,23.5,999.5,24.8,11.916173811447717,2.101142949769857
2017-10-05 22:00:00,0.91,0.2,0.26,0.89,26.4,85.0,23.6,1000.4,22.0,10.414418217125652,4.636797731064121
2017-10-05 23:00:00,0.97,0.0,0.41,0.97,26.1,87.0,23.9,999.5,20.5,7.544241910250879,-5.088655421583797
2017-10-06 00:00:00,0.85,0.04,0.11,0.85,25.5,87.0,23.2,998.8,18.0,10.442479901366871,-1.0975488643103564
2017-10-06 01:00:00,0.92,0.11,0.22,0.91,25.0,87.0,22.8,998.2,29.2,16.608515652650166,-1.7456253365698047
2017-10-06 02:00:00,0.96,0.0,0.07,0.96,25.1,84.0,22.4,997.5,31.7,16.237973578895453,-1.4206386067868237
2017-10-06 03:00:00,0.92,0.0,0.08,0.91,25.2,83.0,22.0,996.7,28.8,11.837607860567157,-2.951447126315943
2017-10-06 04:00:00,0.91,0.01,0.03,0.91,25.0,83.0,22.0,997.0,25.6,12.58273213790763,0.6594330486610982
2017-10-06 05:00:00,0.93,0.08,0.15,0.95,25.8,80.0,22.0,997.6,22.0,8.306962106085987,2.2258437878816775
2017-10-06 06:00:00,0.98,0.12,0.19,0.97,26.1,78.0,22.0,998.1,16.2,2.878383839759834,0.35342109587492676
2017-10-06 07:00:00,0.98,0.02,0.03,0.98,27.5,72.0,22.0,998.7,13.0,4.6421352007971475,0.7352419856890859
2017-10-06 08:00:00,0.98,0.04,0.07,0.97,29.1,66.0,22.0,999.5,19.8,5.766727053863696,3.603450996785794
2017-10-06 09:00:00,0.99,0.53,0.01,0.98,31.5,55.0,21.5,999.6,25.9,11.55595358496311,1.830283240970703
2017-10-06 10:00:00,0.97,0.93,0.03,0.96,33.0,51.0,21.4,999.6,34.2,12.98218395180946,0.680367431158276
2017-10-06 11:00:00,0.96,0.13,0.1,0.96,33.8,48.0,21.3,998.7,39.6,12.58273213790763,-0.6594330486610936
2017-10-06 12:00:00,0.96,0.01,0.05,0.96,34.8,45.0,21.0,996.8,39.6,12.552053195955994,1.0981623586204938
2017-10-06 13:00:00,0.92,0.49,0.09,0.87,35.5,43.0,21.1,995.4,35.6,15.483719965604623,-1.9011617571203039
2017-10-06 14:00:00,0.97,0.39,0.44,0.95,31.1,59.0,22.2,995.4,40.0,8.973775077016038,5.827637674660788
2017-10-06 15:00:00,0.93,0.06,0.32,0.9,31.2,59.0,22.1,995.0,26.3,6.499602250042123,8.625263508510763
2017-10-06 16:00:00,0.77,0.02,0.44,0.62,31.6,55.0,21.5,995.2,25.6,7.92059177557036,2.122316169840669
2017-10-06 17:00:00,0.31,0.02,0.13,0.11,31.2,56.0,21.5,995.7,24.1,14.397806810252035,0.25131465269688236
2017-10-06 18:00:00,0.2,0.02,0.16,0.05,29.5,65.0,22.1,996.2,30.2,16.575520732410077,-2.035218034865966
2017-10-06 19:00:00,0.29,0.01,0.07,0.27,28.2,70.0,22.2,997.2,31.7,15.878209602597725,-0.8321417042628088
2017-10-06 20:00:00,0.18,0.03,0.03,0.17,27.5,73.0,22.2,998.3,29.5,15.5,2.847303808017596e-15
2017-10-06 21:00:00,0.55,0.0,0.03,0.54,27.2,74.0,22.2,999.1,28.8,15.497639274924065,0.2705122997778942
2017-10-06 22:00:00,0.59,0.03,0.03,0.57,27.0,76.0,22.4,999.5,28.1,15.162973563949327,1.0602984009107088
2017-10-06 23:00:00,0.08,0.01,0.05,0.03,26.9,77.0,22.5,999.3,28.1,13.269592121137041,1.864919552864882
2017-10-07 00:00:00,0.09,0.01,0.03,0.07,26.8,78.0,22.5,998.7,24.5,12.253194786528471,1.0720156357961965
2017-10-07 01:00:00,0.21,0.01,0.03,0.19,26.7,78.0,22.6,998.2,23.0,12.291741482791119,4.232386007943036
2017-10-07 02:00:00,0.54,0.02,0.02,0.53,26.5,80.0,22.7,997.9,23.4,10.125553387976844,4.298042413382012
2017-10-07 03:00:00,0.8,0.01,0.02,0.8,26.1,82.0,22.9,997.4,19.4,7.922144549932562,1.1133848076805266
2017-10-07 04:00:00,0.86,0.01,0.02,0.85,26.0,83.0,22.9,997.8,15.5,8.320563465273988,2.864999759222979
2017-10-07 05:00:00,0.88,0.01,0.04,0.92,26.4,81.0,22.8,997.8,22.3,14.397806810252035,0.25131465269688236
2017-10-07 06:00:00,0.96,0.01,0.03,0.96,26.5,80.0,22.7,998.5,29.2,15.506706947343663,-2.4560211011316215
2017-10-07 07:00:00,0.85,0.01,0.0,0.85,28.3,71.0,22.6,998.7,30.6,14.779717114367694,-0.7745721523955704
2017-10-07 08:00:00,0.68,0.01,0.0,0.67,30.5,61.0,22.3,999.3,30.6,10.793420931806235,0.37691456438700827
2017-10-07 09:00:00,0.77,0.07,0.05,0.76,32.5,53.0,21.8,999.7,26.6,5.8,1.0654427152581972e-15
2017-10-07 10:00:00,0.55,0.1,0.19,0.46,34.0,47.0,21.1,999.9,21.2,4.685893304218873,1.4326213531414118
2017-10-07 11:00:00,0.63,0.03,0.31,0.58,34.9,44.0,21.0,999.1,23.4,5.702441754805554,2.9055391983331007
2017-10-07 12:00:00,0.97,0.95,0.38,0.89,34.9,44.0,20.9,998.4,23.4,5.756767679519668,0.7068421917498535
2017-10-07 13:00:00,0.93,0.22,0.23,0.91,32.2,53.0,21.5,997.1,27.0,4.312631754255383,-3.249801125021059
2017-10-07 14:00:00,0.9,0.08,0.16,0.89,33.6,48.0,21.0,995.7,24.8,-4.664264528860343,2.914555953282626
2017-10-07 15:00:00,0.68,0.11,0.39,0.59,32.7,52.0,21.5,995.6,24.8,-1.7613968679372007,5.421022142882375
2017-10-07 16:00:00,0.46,0.24,0.33,0.32,31.4,57.0,21.7,995.9,21.6,-2.180852323535913,-3.233246532964663
2017-10-07 17:00:00,0.69,0.22,0.23,0.82,31.2,55.0,21.2,996.3,18.4,8.3,1.5246852649384548e-15
2017-10-07 18:00:00,0.93,0.21,0.22,0.92,29.7,62.0,21.7,996.8,23.8,11.874512609536483,-5.040431557511628
2017-10-07 19:00:00,0.98,0.06,0.21,0.98,29.0,65.0,21.8,997.5,24.5,13.326593397934865,-1.4006814077865501
2017-10-07 20:00:00,0.97,0.06,0.19,0.96,28.2,67.0,21.6,998.4,30.2,16.544770250605097,-2.9172893848044237
2017-10-07 21:00:00,0.93,0.0,0.17,0.91,27.7,71.0,22.0,999.0,31.3,17.632646156223895,-1.5426566466335445
2017-10-07 22:00:00,0.93,0.03,0.2,0.92,27.4,74.0,22.3,999.3,34.2,18.7,3.4351342716083256e-15
2017-10-07 23:00:00,0.81,0.06,0.15,0.77,27.2,73.0,22.0,999.3,34.6,18.4,3.3800251656466943e-15
2017-10-08 00:00:00,0.77,0.02,0.14,0.74,27.2,71.0,21.5,998.8,33.1,16.6,3.0493705298769097e-15
2017-10-08 01:00:00,0.94,0.0,0.11,0.94,27.1,71.0,21.4,998.2,29.9,16.16053761420915,1.1300548746548345
2017-10-08 02:00:00,0.96,0.0,0.07,0.96,26.8,74.0,21.7,997.8,31.0,16.89742604814301,-0.2949456687900849
2017-10-08 03:00:00,0.95,0.0,0.05,0.95,26.5,75.0,21.7,997.5,32.0,17.65688368959889,1.2346895852710227
2017-10-08 04:00:00,0.92,0.0,0.06,0.91,26.4,75.0,21.6,997.4,33.5,18.02287885109658,2.532950437473198
2017-10-08 05:00:00,0.89,0.0,0.05,0.96,26.6,75.0,21.8,997.8,33.5,16.593164121998313,2.6280990126758814
2017-10-08 06:00:00,0.88,0.0,0.04,0.87,26.9,74.0,21.8,998.2,33.8,16.921953492694836,3.5968722511472446
2017-10-08 07:00:00,0.75,0.0,0.01,0.74,28.4,67.0,21.7,998.6,37.8,19.49919350964172,3.4382339178052206
2017-10-08 08:00:00,0.96,0.0,0.0,0.96,30.5,59.0,21.5,999.3,42.5,20.920088659926655,1.8302705977008231
2017-10-08 09:00:00,0.96,0.0,0.0,0.96,32.5,51.0,21.0,999.4,43.2,18.68860846525709,-0.6526205883367739
2017-10-08 10:00:00,0.79,0.04,0.05,0.79,33.8,47.0,21.0,999.3,40.3,16.197532661533536,-0.2827289842839867
2017-10-08 11:00:00,0.77,0.04,0.08,0.75,35.0,43.0,20.7,998.3,37.1,15.079305974794064,0.790272939268459
2017-10-08 12:00:00,0.88,0.03,0.18,0.87,36.1,39.0,20.1,997.4,40.3,18.37478343948416,0.9629815948701752
2017-10-08 13:00:00,0.8,0.0,0.44,0.74,35.7,39.0,19.6,996.2,42.1,19.79098571782864,2.0801164190263015
2017-10-08 14:00:00,0.55,0.0,0.47,0.4,35.3,39.0,19.4,995.0,42.8,20.920088659926655,1.8302705977008231
2017-10-08 15:00:00,0.6,0.12,0.61,0.34,34.7,42.0,19.8,994.6,43.6,19.79098571782864,-2.0801164190262944
2017-10-08 16:00:00,0.47,0.14,0.4,0.3,33.1,47.0,20.4,994.9,41.0,20.896816828768575,-0.3647552945392174
2017-10-08 17:00:00,0.38,0.14,0.33,0.03,31.8,52.0,20.9,995.3,40.7,21.547383485612208,-1.5067398328731048
2017-10-08 18:00:00,0.43,0.13,0.37,0.34,30.4,58.0,21.3,995.8,39.6,20.884959802733743,2.1950977286207207
2017-10-08 19:00:00,0.55,0.14,0.32,0.38,29.5,61.0,21.3,996.9,43.9,23.76738292715886,1.2455957585820745
2017-10-08 20:00:00,0.33,0.0,0.19,0.28,28.9,66.0,21.9,998.1,44.6,22.644703940898008,1.5834719539916506
2017-10-08 21:00:00,0.3,0.01,0.22,0.22,28.4,69.0,22.0,998.7,43.2,22.286415442525836,0.778258776465767
2017-10-08 22:00:00,0.24,0.01,0.22,0.03,28.1,70.0,22.0,999.1,41.4,21.596710215378053,-0.37697197904531565
2017-10-08 23:00:00,0.79,0.03,0.34,0.69,27.8,72.0,22.2,999.1,40.7,21.596710215378053,-0.37697197904531565
2017-10-09 00:00:00,0.85,0.0,0.84,0.09,27.0,77.0,22.6,999.1,39.6,19.457460309724212,-3.081758961292544
2017-10-09 01:00:00,0.98,0.0,0.98,0.29,26.4,80.0,22.6,998.6,34.6,16.93869335180998,-2.9867486558711955
2017-10-09 02:00:00,0.88,0.0,0.74,0.8,26.5,79.0,22.6,997.9,29.9,15.812898136355548,-1.6620025659556825
2017-10-09 03:00:00,0.95,0.09,0.56,0.9,26.6,77.0,22.3,997.7,28.4,14.06928803100195,-3.507867486195178
2017-10-09 04:00:00,1.0,0.1,0.49,1.0,26.5,77.0,22.1,998.0,26.6,12.268629060207482,-3.9863192274368195
2017-10-09 05:00:00,0.95,0.04,0.37,0.96,27.0,74.0,22.0,998.1,23.4,7.5260373224359345,-1.0577155672964975
2017-10-09 06:00:00,0.95,0.01,0.1,0.95,27.2,73.0,22.0,998.0,16.9,8.651355263444868,-2.4807362023529946
2017-10-09 07:00:00,0.93,0.0,0.06,0.93,28.6,67.0,21.9,998.7,19.4,7.608452130361229,-2.472135954999578
2017-10-09 08:00:00,0.91,0.0,0.03,0.91,30.6,58.0,21.5,999.4,19.4,3.6339580726595346,-1.1110124779463995
2017-10-09 09:00:00,0.86,0.0,0.01,0.86,32.7,51.0,21.1,999.5,15.8,1.8,3.3065463576978537e-16
2017-10-09 10:00:00,0.62,0.01,0.16,0.59,34.4,43.0,20.0,999.6,23.4,3.5802788233257843,0.3763024677635521
2017-10-09 11:00:00,0.67,0.1,0.1,0.64,36.3,36.0,18.8,998.3,24.5,6.0916401620029,-0.3192493330819581
2017-10-09 12:00:00,0.94,0.06,0.17,0.93,36.0,34.0,17.7,997.4,23.0,0.6945927106677219,3.939231012048832
2017-10-09 13:00:00,0.93,0.03,0.27,0.92,33.9,45.0,20.3,996.4,32.0,-9.80536887192292,8.227681403987704
2017-10-09 14:00:00,0.88,0.07,0.43,0.82,33.2,50.0,21.4,995.6,37.4,-10.05471104240922,3.659615533584655
2017-10-09 15:00:00,0.47,0.19,0.25,0.29,32.7,51.0,21.1,995.5,36.4,-6.4347733221994154,5.399415921366931
2017-10-09 16:00:00,0.6,0.08,0.45,0.39,33.7,45.0,20.1,995.3,29.9,2.875087836170254,2.166534083347374
2017-10-09 17:00:00,0.29,0.16,0.19,0.94,31.9,51.0,20.6,995.9,32.4,8.337387673787106,-1.0237024846032405
2017-10-09 18:00:00,0.97,0.14,0.25,0.96,30.5,56.0,20.8,996.2,23.0,12.957478821509163,-2.5186787389703955
2017-10-09 19:00:00,0.98,0.02,0.3,0.98,30.0,59.0,21.1,997.0,32.8,17.67644262108995,4.736388525376127
2017-10-09 20:00:00,0.95,0.0,0.52,0.93,29.3,62.0,21.3,997.7,33.1,17.632646156223895,1.542656646633551
2017-10-09 21:00:00,0.92,0.0,0.42,0.9,28.7,65.0,21.5,998.1,36.0,19.79698436409655,0.34555764745821327
2017-10-09 22:00:00,0.86,0.03,0.41,0.78,28.3,67.0,21.6,998.4,36.7,19.452498980066572,1.3602512380104488
2017-10-09 23:00:00,0.91,0.05,0.56,0.81,27.9,71.0,22.1,998.4,36.7,18.697151899424515,0.3263600003772014
2017-10-10 00:00:00,0.83,0.0,0.45,0.71,27.6,73.0,22.4,997.9,35.3,19.488121126872368,0.6805401856987648
2017-10-10 01:00:00,0.96,0.0,0.45,0.94,27.4,74.0,22.4,997.3,35.3,18.355178524780765,-1.283519116891904
2017-10-10 02:00:00,0.94,0.0,0.41,0.91,27.2,75.0,22.4,996.9,33.8,16.935309867559674,-1.4816476267101841
2017-10-10 03:00:00,0.88,0.0,0.34,0.83,27.0,76.0,22.5,997.1,31.3,16.210706894502856,-1.7038139512627437
2017-10-10 04:00:00,0.66,0.01,0.17,0.61,26.9,77.0,22.5,996.9,29.5,13.681224626137661,-0.717002600528332
2017-10-10 05:00:00,0.41,0.0,0.3,0.86,27.1,73.0,22.0,997.2,24.8,14.065653108663522,-0.9835662797921656
2017-10-10 06:00:00,0.69,0.0,0.49,0.5,27.5,72.0,22.0,997.9,25.2,12.592324420440606,-0.43973365845151613
2017-10-10 07:00:00,0.92,0.05,0.44,0.87,28.7,66.0,21.8,998.9,27.0,12.957478821509163,2.518678738970389
2017-10-10 08:00:00,0.92,0.09,0.58,0.84,29.8,61.0,21.5,999.7,28.1,13.281772812235833,-0.6960682180311545
2017-10-10 09:00:00,0.92,0.0,0.26,0.89,31.4,54.0,20.9,999.4,28.8,8.306962106085988,-2.2258437878816744
2017-10-10 10:00:00,0.92,0.07,0.11,0.91,33.8,45.0,20.2,998.9,23.0,3.2335921554035223,-1.0506577808748205
2017-10-10 11:00:00,0.76,0.15,0.19,0.74,34.8,42.0,19.9,997.9,18.7,0.7,1.2858791391047207e-16
2017-10-10 12:00:00,0.93,0.0,0.16,0.92,36.5,38.0,19.9,996.5,17.6,0.3441558230885076,2.1729143493093033
2017-10-10 13:00:00,0.82,0.74,0.75,0.75,35.5,39.0,19.5,995.3,22.0,-4.705788684431241,5.046340541172277
2017-10-10 14:00:00,0.78,0.02,0.36,0.73,31.8,58.0,22.5,995.0,36.4,-14.077903082176213,7.173049895884839
2017-10-10 15:00:00,0.81,0.26,0.17,0.75,32.8,50.0,21.1,994.5,33.8,-3.9499999999999997,6.841600689897066
2017-10-10 16:00:00,0.84,0.68,0.44,0.78,30.9,56.0,21.2,994.9,23.4,11.88369146357943,0.6227978792910372
2017-10-10 17:00:00,0.9,0.55,0.34,0.91,31.5,55.0,21.5,994.8,25.9,-1.4171916423663506,6.1385314081469815
2017-10-10 18:00:00,0.9,0.01,0.19,0.88,31.4,59.0,22.3,995.0,13.7,1.1109406435904314,2.894099322141325
2017-10-10 19:00:00,0.98,0.05,0.17,0.98,31.0,55.0,20.9,996.3,10.8,7.180188374442375,-1.7902220274375393
2017-10-10 20:00:00,0.99,0.04,0.2,0.99,30.1,60.0,21.5,997.2,22.7,13.0,2.3880612583373385e-15
2017-10-10 21:00:00,0.96,0.02,0.17,0.96,29.4,63.0,21.8,997.9,30.2,16.544770250605094,2.91728938480443
2017-10-10 22:00:00,0.96,0.01,0.38,0.95,28.8,64.0,21.3,997.8,33.8,17.975927798831506,2.847107263732205
2017-10-10 23:00:00,0.98,0.0,0.18,0.98,28.5,65.0,21.4,997.4,33.5,17.689217638237995,-0.6177210916342727
2017-10-11 00:00:00,0.99,0.0,0.33,0.98,28.1,68.0,21.8,997.0,36.4,19.49262914921816,-2.0487578800459985
2017-10-11 01:00:00,0.99,0.0,0.8,0.98,27.7,73.0,22.5,996.7,35.3,17.27126392771274,-4.306209741674081
2017-10-11 02:00:00,0.98,0.0,0.78,0.96,26.9,79.0,22.9,996.9,32.0,14.748495039395147,-3.677212813114945
2017-10-11 03:00:00,0.94,0.02,0.56,0.93,26.1,83.0,23.1,996.9,26.3,14.397806810252035,-0.2513146526968771
2017-10-11 04:00:00,0.97,0.07,0.31,0.97,25.8,86.0,23.3,996.9,24.8,10.044671143219562,-1.0557374790032952
2017-10-11 05:00:00,0.97,0.0,0.51,0.84,27.4,74.0,22.4,996.8,17.6,13.314791228132151,-4.326237921249261
2017-10-11 06:00:00,0.87,0.0,0.57,0.79,27.5,73.0,22.3,997.9,25.2,12.605336125844788,-1.5477406612453755
2017-10-11 07:00:00,0.85,0.0,0.53,0.75,28.2,70.0,22.2,999.1,24.5,10.773691742806104,-0.7533699164365524
2017-10-11 08:00:00,0.95,0.0,0.49,0.92,29.4,62.0,21.3,999.5,23.4,6.188618557826731,-5.379684037722157
2017-10-11 09:00:00,0.92,0.0,0.45,0.88,31.4,52.0,20.5,1000.1,21.2,5.788198644282651,-2.2218812871808624
2017-10-11 10:00:00,0.96,0.01,0.16,0.96,33.6,44.0,19.7,999.6,23.0,5.772490067120011,-3.1997434936258258
2017-10-11 11:00:00,0.92,0.12,0.08,0.91,35.4,38.0,18.9,998.5,23.0,4.32637281122647,-1.8364363038995855
2017-10-11 12:00:00,0.93,0.12,0.18,0.93,37.1,34.0,18.6,997.1,22.7,4.6421352007971475,-0.7352419856890842
2017-10-11 13:00:00,0.98,0.01,0.38,0.98,34.5,43.0,20.0,996.5,36.4,-11.869106705587743,11.461863112573457
2017-10-11 14:00:00,0.96,0.02,0.23,0.96,32.9,47.0,20.1,995.7,44.3,-14.805010997061538,10.756470116952256
2017-10-11 15:00:00,0.96,0.12,0.26,0.95,33.0,48.0,20.6,995.5,38.5,-10.037703143554761,11.547056577408412
2017-10-11 16:00:00,0.98,0.14,0.31,0.98,31.9,53.0,21.0,996.2,34.2,-3.507867486195182,14.06928803100195
2017-10-11 17:00:00,1.0,0.07,0.18,0.92,32.5,47.0,19.6,996.2,29.2,-1.4609657143220578,3.6160170328104706
2017-10-11 18:00:00,0.83,0.12,0.18,0.81,31.3,53.0,20.6,997.0,10.1,-2.181643291108517,3.935788682127281
2017-10-11 19:00:00,0.93,0.11,0.24,0.92,30.3,58.0,21.2,998.1,7.9,1.437543918085127,1.083267041673687
2017-10-11 20:00:00,1.0,0.07,0.19,1.0,29.8,61.0,21.6,999.0,15.5,9.032169979936029,-1.109011024986844
2017-10-11 21:00:00,0.99,0.05,0.22,0.99,29.0,67.0,22.1,999.4,20.9,11.17271736291003,0.7812725059342065
2017-10-11 22:00:00,0.94,0.09,0.16,0.93,28.3,69.0,22.1,999.3,21.2,11.5,2.112515728529184e-15
2017-10-11 23:00:00,0.91,0.09,0.17,0.89,27.9,71.0,22.1,998.9,24.5,13.326593397934865,1.400681407786555
2017-10-12 00:00:00,0.5,0.13,0.25,0.36,27.4,73.0,22.1,998.9,30.6,16.536831988322977,1.446785329611127
2017-10-12 01:00:00,0.72,0.07,0.27,0.68,27.0,75.0,22.2,998.0,31.0,13.269592121137043,-1.8649195528648772
2017-10-12 02:00:00,0.93,0.0,0.05,0.91,26.4,77.0,22.0,997.3,24.5,13.647867363856914,-1.194033675642913
2017-10-12 03:00:00,0.99,0.0,0.02,0.99,26.0,78.0,22.0,997.2,24.8,10.773691742806102,0.7533699164365563
2017-10-12 04:00:00,0.99,0.0,0.01,0.99,26.0,79.0,22.0,997.5,19.4,9.4,1.726751986797768e-15
2017-10-12 05:00:00,0.98,0.0,0.02,1.0,26.9,76.0,22.2,998.0,20.2,11.837607860567156,2.951447126315947
2017-10-12 06:00:00,1.0,0.0,0.03,1.0,27.1,74.0,22.2,998.7,21.6,8.272385125302547,1.458644692402215
2017-10-12 07:00:00,0.99,0.0,0.04,0.99,28.2,68.0,21.9,999.7,18.0,7.608452130361228,2.4721359549995805
2017-10-12 08:00:00,0.74,0.0,0.16,0.71,29.9,61.0,21.6,1000.2,18.7,4.276831316104166,2.179154398749825
2017-10-12 09:00:00,0.7,0.04,0.17,0.67,32.3,52.0,21.2,1000.4,31.7,7.593967397912721,2.1775351109542913
2017-10-12 10:00:00,0.95,0.69,0.38,0.9,33.8,48.0,21.1,1000.4,34.2,11.160878248725057,1.7677094549546108
2017-10-12 11:00:00,1.0,0.19,0.99,0.76,29.5,66.0,22.4,999.5,41.4,16.16975460027404,-7.199238582441655
2017-10-12 12:00:00,1.0,0.06,0.06,1.0,31.2,57.0,21.7,998.3,37.8,2.880147736233118,3.9641832724372428
2017-10-12 13:00:00,1.0,0.25,0.14,1.0,32.3,54.0,21.9,997.1,30.2,7.947845481490628,3.5386087947594604
2017-10-12 14:00:00,1.0,0.23,0.12,1.0,34.0,49.0,21.8,996.0,30.6,5.420413862312147,3.938161190359571
2017-10-12 15:00:00,1.0,0.34,0.32,1.0,30.5,62.0,22.4,996.1,27.0,-1.4553818357243151,6.84703320513664
2017-10-12 16:00:00,1.0,0.18,0.28,1.0,30.5,63.0,22.6,996.8,18.0,2.1554976886431083,-1.4539015490239422
2017-10-12 17:00:00,1.0,0.18,0.12,0.98,29.6,66.0,22.5,997.8,21.2,2.878383839759834,0.35342109587492676
2017-10-12 18:00:00,0.99,0.22,0.24,0.99,29.0,66.0,22.0,998.5,12.6,6.847033205136639,-1.4553818357243162
2017-10-12 19:00:00,0.98,0.01,0.24,0.99,28.2,67.0,21.5,998.9,18.4,10.074920287558198,-2.1414904154229224
2017-10-12 20:00:00,0.98,0.0,0.31,0.98,27.7,70.0,21.7,999.5,21.6,11.89275084152724,0.4153040107597591
2017-10-12 21:00:00,1.0,0.0,0.0,1.0,27.5,70.0,21.6,999.5,21.6,11.160878248725057,-1.7677094549546066
2017-10-12 22:00:00,1.0,0.01,0.12,1.0,27.1,73.0,21.9,1000.0,22.0,11.852260087141653,-1.877213580482768
2017-10-12 23:00:00,0.99,0.02,0.2,0.99,27.0,75.0,22.1,999.9,22.0,11.89275084152724,-0.41530401075976525
2017-10-13 00:00:00,0.97,0.0,0.11,0.97,26.6,77.0,22.3,999.1,21.6,11.492994510719601,0.40134421207875876
2017-10-13 01:00:00,0.85,0.0,0.1,0.84,26.5,78.0,22.3,998.2,20.5,10.438962181929405,1.8406706832694615
2017-10-13 02:00:00,0.84,0.0,0.16,0.82,26.1,79.0,22.2,997.7,18.7,9.658678035226657,2.9529542176996446
2017-10-13 03:00:00,0.94,0.03,0.09,0.94,26.1,79.0,22.1,997.4,18.7,9.325458242752807,1.812685456077174
2017-10-13 04:00:00,0.88,0.01,0.08,0.87,26.0,79.0,22.1,997.6,16.9,9.030970087718508,1.7554427574642102
2017-10-13 05:00:00,0.92,0.0,0.09,0.61,26.2,80.0,22.5,997.7,17.3,3.6324027044213834,4.64926344627966
2017-10-13 06:00:00,0.86,0.08,0.27,0.83,26.5,80.0,22.8,998.4,13.3,5.412017391981861,5.04678786446249
2017-10-13 07:00:00,0.68,0.19,0.31,0.6,27.4,76.0,22.8,999.5,22.0,7.885939166459431,4.7383502891725
2017-10-13 08:00:00,0.88,0.17,0.66,0.8,27.5,78.0,23.3,1000.2,25.6,11.55595358496311,1.830283240970703
2017-10-13 09:00:00,0.99,0.01,0.98,0.95,25.9,91.0,24.2,1000.4,28.8,12.605336125844788,-1.5477406612453755
2017-10-13 10:00:00,0.99,0.0,0.94,0.99,25.6,91.0,24.1,999.7,25.9,11.9,2.1859945364780254e-15
2017-10-13 11:00:00,0.95,0.0,0.09,0.95,26.8,82.0,23.5,999.1,25.6,9.74959675482086,1.7191169589026103
2017-10-13 12:00:00,0.99,0.05,0.12,0.99,31.4,60.0,22.5,997.7,25.9,11.160878248725057,1.7677094549546108
2017-10-13 13:00:00,0.98,0.19,0.34,0.98,32.3,55.0,22.2,997.0,42.5,18.389174893795545,-3.908739787373878
2017-10-13 14:00:00,0.98,0.0,0.53,0.98,30.9,61.0,22.5,995.9,44.3,14.377138568056903,5.518866422997631
2017-10-13 15:00:00,0.95,0.03,0.11,0.95,30.0,63.0,22.1,995.8,32.4,12.279324052395472,1.7257464519048162
2017-10-13 16:00:00,0.96,0.0,0.05,0.96,30.1,63.0,22.2,996.0,33.5,15.079305974794064,-0.7902729392684535
2017-10-13 17:00:00,0.97,0.12,0.21,0.99,29.5,63.0,21.6,996.9,33.1,15.497639274924065,0.2705122997778942
2017-10-13 18:00:00,0.99,0.02,0.18,0.99,28.1,68.0,21.7,996.8,28.4,14.7639479438454,-1.0323958114130534
2017-10-13 19:00:00,0.97,0.05,0.07,0.97,27.5,71.0,21.8,997.5,31.3,16.97253919306661,2.0839657722280167
2017-10-13 20:00:00,0.98,0.05,0.05,0.98,26.8,75.0,22.0,998.2,31.7,16.97253919306661,2.0839657722280167
2017-10-13 21:00:00,0.97,0.02,0.03,0.97,26.5,78.0,22.4,998.9,30.6,15.797593583470983,0.27574802170907925
2017-10-13 22:00:00,0.93,0.08,0.12,0.92,26.5,79.0,22.6,999.5,29.2,15.861268399131205,1.1091279325315968
2017-10-13 23:00:00,0.69,0.17,0.26,0.6,26.4,80.0,22.6,999.2,28.8,14.79774588831459,0.2582956152717958
2017-10-14 00:00:00,0.69,0.0,0.23,0.65,26.2,80.0,22.4,998.1,26.6,12.592324420440606,-0.43973365845151613
2017-10-14 01:00:00,0.94,0.06,0.4,0.91,25.6,82.0,22.2,998.0,28.8,15.803013449522203,2.5029514406436966
2017-10-14 02:00:00,0.96,0.0,0.31,0.96,25.6,81.0,22.1,997.7,28.4,14.025174436450953,2.2213694035712805
2017-10-14 03:00:00,1.0,0.0,0.46,1.0,25.6,82.0,22.3,997.8,28.8,15.142159410994532,1.3247672897644054
2017-10-14 04:00:00,1.0,0.0,0.5,1.0,25.6,82.0,22.2,997.5,27.4,11.13864522812466,1.1707187885977175
2017-10-14 05:00:00,1.0,0.0,0.13,0.97,25.7,82.0,22.3,997.8,19.4,12.938717261796302,2.0492914920270264
2017-10-14 06:00:00,0.94,0.0,0.23,0.93,25.9,81.0,22.3,998.7,23.0,10.091075553270363,2.515987714236545
2017-10-14 07:00:00,0.83,0.03,0.36,0.79,26.9,76.0,22.4,1000.0,19.8,9.0,1.6532731788489267e-15
2017-10-14 08:00:00,0.65,0.08,0.58,0.37,28.6,69.0,22.5,1000.6,25.2,10.765802912487,1.7051356689385184
2017-10-14 09:00:00,0.65,0.0,0.04,0.65,30.3,63.0,22.4,1000.5,26.6,11.19054989130337,2.1752225472926088
2017-10-14 10:00:00,0.45,0.04,0.03,0.43,32.3,56.0,22.4,999.8,42.8,12.583116648188335,6.137196055047088
2017-10-14 11:00:00,0.53,0.16,0.22,0.45,33.8,51.0,22.3,999.3,45.4,15.839495699658755,1.3857763096877662
2017-10-14 12:00:00,0.93,0.05,0.15,0.92,32.0,55.0,21.8,998.4,42.5,16.177798463024097,-0.8478424911356919
2017-10-14 13:00:00,0.95,0.12,0.17,0.95,33.6,49.0,21.5,997.2,46.1,17.689217638237995,0.6177210916342635
2017-10-14 14:00:00,0.99,0.03,0.7,0.98,31.6,55.0,21.4,996.6,45.4,16.593164121998313,2.6280990126758814
2017-10-14 15:00:00,0.97,0.1,0.23,0.96,31.6,52.0,20.7,996.0,41.8,16.883987555299818,3.2819147204765673
2017-10-14 16:00:00,0.98,0.01,0.1,0.98,30.6,59.0,21.8,996.9,35.6,17.3,3.1779584437873815e-15
2017-10-14 17:00:00,0.97,0.0,0.94,1.0,28.1,71.0,22.4,997.4,35.3,21.986598194420107,-0.7677889274550282
2017-10-14 18:00:00,1.0,0.0,0.66,1.0,27.1,74.0,22.0,997.6,40.3,18.38879121715136,0.642150739326014
2017-10-14 19:00:00,1.0,0.0,0.1,1.0,26.3,78.0,22.1,998.3,34.2,18.3971975908776,0.3211242784460163
2017-10-14 20:00:00,0.94,0.0,0.0,0.94,26.1,78.0,22.1,999.0,34.9,19.07382411381236,0.9996167642402364
2017-10-14 21:00:00,0.92,0.0,0.0,0.92,26.4,77.0,22.0,999.4,36.0,19.453904572169915,2.3886391307408847
2017-10-14 22:00:00,0.91,0.0,0.0,0.91,26.3,79.0,22.3,999.6,35.6,18.37100313506956,2.9096810497482974
2017-10-14 23:00:00,0.96,0.0,0.02,0.96,26.0,80.0,22.3,999.5,33.8,15.803013449522203,2.5029514406436966
2017-10-15 00:00:00,0.98,0.0,0.08,0.98,26.0,80.0,22.2,998.9,29.5,15.45473209159413,3.2850047149206048
2017-10-15 01:00:00,0.95,0.0,0.21,0.95,25.9,80.0,22.0,998.4,28.4,14.082750868074575,2.483168940637104
2017-10-15 02:00:00,0.98,0.0,0.51,0.97,25.8,79.0,21.9,998.2,26.3,14.42991959668066,2.8048922320352054
2017-10-15 03:00:00,1.0,0.0,0.94,1.0,26.0,77.0,21.5,998.4,29.9,16.58949940026552,3.224672021863604
2017-10-15 04:00:00,1.0,0.0,0.99,1.0,26.1,75.0,21.4,998.6,32.0,16.921953492694836,3.5968722511472446
2017-10-15 05:00:00,1.0,0.02,0.88,1.0,25.5,80.0,21.8,998.8,35.3,16.608515652650166,1.7456253365698111
2017-10-15 06:00:00,1.0,0.0,0.86,0.99,25.5,79.0,21.6,999.8,33.5,18.299202874776228,1.9233237241248218
2017-10-15 07:00:00,1.0,0.0,0.98,0.99,26.0,77.0,21.8,1000.4,33.8,16.95403912726309,3.9141483455832553
2017-10-15 08:00:00,1.0,0.0,1.0,0.99,26.0,77.0,21.8,1001.2,34.6,18.031124035460596,1.5775189437326145
2017-10-15 09:00:00,1.0,0.0,1.0,0.97,26.3,75.0,21.5,1001.8,34.6,13.691654330161612,0.4781231048242604
2017-10-15 10:00:00,0.99,0.0,0.99,0.87,27.0,71.0,21.5,1001.5,28.1,13.987510690493421,2.973137178693965
2017-10-15 11:00:00,1.0,0.0,0.87,1.0,31.0,55.0,21.0,1001.0,45.7,23.085928104141114,-0.8061783738277797
2017-10-15 12:00:00,1.0,0.0,0.66,1.0,31.2,55.0,21.0,1000.0,51.5,25.85756927957511,-2.7177400449589775
2017-10-15 13:00:00,0.97,0.0,0.1,0.97,32.2,51.0,20.8,998.7,53.6,26.962997438373492,-1.4130708185594865
2017-10-15 14:00:00,0.99,0.0,0.1,0.99,32.8,47.0,20.0,997.7,56.5,28.460941740505355,-1.4915747529239025
2017-10-15 15:00:00,0.04,0.0,0.04,0.0,31.7,48.0,19.4,997.2,57.2,28.095720233894596,0.4904126208876663
2017-10-15 16:00:00,0.28,0.0,0.1,0.23,30.4,58.0,21.2,997.7,55.8,28.1,5.161886258406094e-15
2017-10-15 17:00:00,0.57,0.0,0.0,0.97,29.5,59.0,20.5,997.9,53.6,24.1,4.427098178917682e-15
2017-10-15 18:00:00,0.99,0.0,0.03,0.99,28.7,62.0,20.8,998.5,46.4,22.0,4.0413344371862654e-15
2017-10-15 19:00:00,0.99,0.0,0.06,0.99,28.1,65.0,20.9,999.4,44.6,24.485075261967847,-0.8550376692112814
2017-10-15 20:00:00,0.99,0.0,0.28,0.99,27.9,67.0,21.2,1000.5,44.6,24.096329453269032,0.42060299513853233
2017-10-15 21:00:00,0.98,0.0,0.86,0.97,27.7,69.0,21.5,1001.3,44.3,23.367931113257026,1.2246613760848968
2017-10-15 22:00:00,0.99,0.0,0.67,0.99,27.6,69.0,21.5,1001.4,43.2,23.76738292715886,1.2455957585820745
2017-10-15 23:00:00,0.99,0.0,0.23,0.98,27.5,69.0,21.4,1001.0,45.0,24.06697178758523,1.2612965454549578
2017-10-16 00:00:00,1.0,0.0,0.62,1.0,27.4,69.0,21.2,1000.3,44.3,22.644703940898008,1.5834719539916506
2017-10-16 01:00:00,0.91,0.0,0.87,0.72,27.0,71.0,21.4,999.6,41.8,22.376742645786152,2.3518904235222005
2017-10-16 02:00:00,0.99,0.0,0.72,0.99,26.8,73.0,21.5,999.0,41.4,21.9162833580184,1.9174263404484815
2017-10-16 03:00:00,1.0,0.0,0.69,1.0,26.8,72.0,21.4,999.0,40.0,19.805361374831406,2.7834620192013166
2017-10-16 04:00:00,1.0,0.0,0.77,1.0,26.8,73.0,21.6,999.3,37.4,19.794032816030327,4.935206670233223
2017-10-16 05:00:00,0.99,0.0,0.14,1.0,26.8,74.0,21.8,999.4,37.8,20.96059043047278,5.616373278724698
2017-10-16 06:00:00,1.0,0.0,0.91,1.0,27.0,73.0,21.6,999.8,40.3,21.17336668976247,3.733435819839002
2017-10-16 07:00:00,0.99,0.0,0.53,0.99,27.5,71.0,21.8,1000.6,40.0,21.23529932279546,3.363340998364967
2017-10-16 08:00:00,1.0,0.0,0.14,1.0,28.2,67.0,21.5,1000.7,45.0,23.04372956100194,1.611374543489301
2017-10-16 09:00:00,0.99,0.0,0.03,0.99,30.9,58.0,21.5,1000.8,52.2,26.59594869116001,0.4642340112317411
2017-10-16 10:00:00,1.0,0.0,0.42,1.0,32.2,52.0,21.1,1000.8,56.5,28.095720233894596,-0.49041262088765597
2017-10-16 11:00:00,0.99,0.0,0.18,0.99,33.2,48.0,20.7,999.8,59.0,29.5,5.4190620862270374e-15
2017-10-16 12:00:00,0.98,0.0,0.01,0.98,33.7,46.0,20.6,998.7,59.4,29.195552698566626,0.5096102679686781
2017-10-16 13:00:00,0.99,0.0,0.04,0.99,33.7,47.0,20.7,997.3,59.4,30.258474903063586,-1.5857794741612017
2017-10-16 14:00:00,0.99,0.0,0.08,0.99,33.2,46.0,20.0,996.4,64.1,33.154500553851854,1.7375537472657512
2017-10-16 15:00:00,0.98,0.01,0.12,0.98,31.8,51.0,20.5,996.4,65.5,30.92448555805455,2.162450686067893
2017-10-16 16:00:00,0.97,0.0,0.1,0.97,30.3,59.0,21.4,997.3,59.8,29.90609567599542,4.203027648993988
2017-10-16 17:00:00,1.0,0.0,0.21,0.99,28.9,64.0,21.2,997.8,57.2,25.21067225168958,3.095481322490738
2017-10-16 18:00:00,1.0,0.0,0.42,0.99,27.8,69.0,21.5,998.7,49.7,25.506520803016187,4.497487801573495
2017-10-16 19:00:00,1.0,0.0,0.1,1.0,27.4,71.0,21.6,999.4,46.8,24.494670846759416,3.87957473299773
2017-10-16 20:00:00,1.0,0.01,0.15,1.0,27.0,75.0,22.1,1000.3,45.0,23.76738292715886,1.2455957585820745
2017-10-16 21:00:00,1.0,0.0,0.28,1.0,26.9,73.0,21.6,1000.6,43.2,23.78550168305448,0.8306080215195182
2017-10-16 22:00:00,1.0,0.0,0.56,1.0,26.7,74.0,21.6,1000.8,43.2,21.596710215378053,0.3769719790453236
2017-10-16 23:00:00,1.0,0.0,0.9,1.0,26.5,74.0,21.5,1000.4,39.2,20.471905462468765,1.0728871029803584
2017-10-17 00:00:00,1.0,0.0,0.82,1.0,26.2,75.0,21.5,999.6,37.8,19.824274492025737,1.734399280678399
2017-10-17 01:00:00,1.0,0.0,0.56,1.0,26.0,76.0,21.5,998.7,36.4,18.355178524780765,1.2835191168919107
2017-10-17 02:00:00,1.0,0.0,0.69,1.0,25.8,79.0,21.8,998.0,33.8,18.37478343948416,0.9629815948701752
2017-10-17 03:00:00,1.0,0.0,0.31,1.0,26.0,79.0,22.0,997.8,36.7,20.17231660204239,1.057186316107475
2017-10-17 04:00:00,1.0,0.02,0.09,1.0,26.1,78.0,21.9,997.8,37.1,19.097090977487074,0.33334096295211485
2017-10-17 05:00:00,1.0,0.0,0.62,1.0,26.2,78.0,22.0,997.8,35.3,13.691654330161612,0.4781231048242604
2017-10-17 06:00:00,1.0,0.0,0.88,1.0,26.7,75.0,21.9,998.7,26.3,13.997867732189478,-0.24433369012196382
2017-10-17 07:00:00,1.0,0.0,0.89,1.0,26.9,75.0,22.0,999.9,25.6,12.592324420440606,-0.43973365845151613
2017-10-17 08:00:00,1.0,0.0,0.93,1.0,27.8,71.0,22.0,1000.3,25.9,13.281772812235833,0.6960682180311593
2017-10-17 09:00:00,1.0,0.0,1.0,1.0,29.7,61.0,21.5,1000.9,29.2,12.253194786528471,-1.072015635796192
2017-10-17 10:00:00,1.0,0.0,0.74,1.0,30.1,59.0,21.3,1000.7,27.0,7.6,1.3960973510279824e-15
2017-10-17 11:00:00,1.0,0.11,0.46,1.0,31.8,53.0,21.0,1000.3,30.6,3.5802788233257843,-0.37630246776355075
2017-10-17 12:00:00,1.0,0.29,0.64,1.0,31.0,55.0,20.9,999.3,25.2,2.545584412271572,-2.5455844122715705
2017-10-17 13:00:00,1.0,0.22,0.85,1.0,29.0,64.0,21.6,998.5,21.2,-2.1791543987498248,-4.276831316104166
2017-10-17 14:00:00,1.0,0.07,0.3,1.0,28.6,68.0,22.1,997.4,22.7,-7.232034065620942,-2.9219314286441134
2017-10-17 15:00:00,1.0,0.3,0.64,1.0,29.2,65.0,22.1,998.0,21.2,2.5000000000000004,4.330127018922193
2017-10-17 16:00:00,1.0,0.3,0.85,1.0,27.5,76.0,22.9,998.2,21.6,3.233246532964663,2.1808523235359116
2017-10-17 17:00:00,1.0,0.0,0.64,1.0,28.5,67.0,21.9,998.2,27.0,1.4333142502483949,4.998560818879258
2017-10-17 18:00:00,1.0,0.02,0.53,1.0,27.5,75.0,22.5,998.6,10.1,2.880147736233118,3.9641832724372428
2017-10-17 19:00:00,1.0,0.02,0.48,1.0,27.0,79.0,23.1,999.4,8.3,1.414213562373095,1.4142135623730954
2017-10-17 20:00:00,1.0,0.07,0.96,1.0,26.8,79.0,22.9,1000.8,9.7,5.043268823083022,3.940233442084212
2017-10-17 21:00:00,1.0,0.12,0.95,1.0,26.5,78.0,22.4,1001.0,14.0,7.165878439167947,1.3929056662487755
2017-10-17 22:00:00,1.0,0.1,0.66,1.0,26.3,78.0,22.2,1000.8,13.3,8.268415994161488,0.7233926648055635
2017-10-17 23:00:00,1.0,0.14,0.92,1.0,26.2,77.0,22.0,1000.5,19.4,11.13864522812466,1.1707187885977175
2017-10-18 00:00:00,1.0,0.17,0.98,1.0,26.6,75.0,21.7,999.7,21.2,10.477177556604698,4.233054505599809
2017-10-18 01:00:00,1.0,0.12,0.95,1.0,26.3,76.0,21.8,999.1,19.8,8.642763284627167,4.403707847473605
2017-10-18 02:00:00,1.0,0.27,0.44,1.0,26.1,77.0,21.9,998.6,19.1,8.973775077016038,5.827637674660788
2017-10-18 03:00:00,1.0,0.05,0.93,1.0,26.0,79.0,22.0,998.2,18.7,3.9381611903595695,5.420413862312148
2017-10-18 04:00:00,0.99,0.01,0.98,0.99,25.8,81.0,22.3,998.0,11.5,1.4539015490239415,2.1554976886431088
2017-10-18 05:00:00,0.99,0.0,0.66,0.95,25.2,86.0,22.7,998.2,9.0,7.979380812731231,8.556838308944295
2017-10-18 06:00:00,0.97,0.0,0.63,0.95,25.5,86.0,23.1,998.9,22.3,9.747909327039,6.825559592577452
2017-10-18 07:00:00,0.96,0.0,0.85,0.93,26.9,79.0,22.9,999.7,26.3,13.00574468109728,3.9762551842292244
2017-10-18 08:00:00,0.99,0.0,0.86,0.98,28.1,69.0,21.8,1000.2,28.4,13.694066410273278,2.910763671448637
2017-10-18 09:00:00,0.99,0.0,0.85,0.99,29.1,64.0,21.5,1000.4,31.7,15.844289099865124,2.2267696153610532
2017-10-18 10:00:00,0.9,0.0,0.25,0.88,31.3,56.0,21.5,1000.2,45.7,23.04372956100194,1.611374543489301
2017-10-18 11:00:00,0.93,0.05,0.12,0.93,32.4,53.0,21.6,999.6,53.6,26.6,4.886340728597939e-15
2017-10-18 12:00:00,0.48,0.0,0.12,0.42,32.8,52.0,21.6,998.1,53.6,25.584405171688854,0.8934271155840195
2017-10-18 13:00:00,0.84,0.01,0.65,0.62,32.3,52.0,21.1,997.4,51.8,23.76738292715886,-1.2455957585820658
2017-10-18 14:00:00,0.97,0.0,0.19,0.97,31.2,55.0,21.0,996.7,48.2,20.498549022950503,2.8808831898733627
2017-10-18 15:00:00,0.89,0.02,0.31,0.88,31.2,55.0,21.0,996.6,45.0,22.34543472582006,1.562545011868413
2017-10-18 16:00:00,0.96,0.0,0.3,0.94,30.4,58.0,21.0,997.0,44.6,20.884959802733743,2.1950977286207207
2017-10-18 17:00:00,0.91,0.17,0.6,0.48,28.4,63.0,20.8,997.3,40.0,16.889704976622717,0.5898014942722628
2017-10-18 18:00:00,0.95,0.02,0.5,0.93,26.8,73.0,21.6,998.0,31.7,17.628058778918525,-3.108302380238046
2017-10-18 19:00:00,0.91,0.0,0.82,0.59,26.5,76.0,21.9,998.8,31.7,18.7542041448847,-1.3114217063895541
2017-10-18 20:00:00,0.91,0.03,0.91,0.09,27.0,74.0,21.9,999.8,33.1,18.0,3.3065463576978533e-15
2017-10-18 21:00:00,0.85,0.04,0.79,0.29,27.1,73.0,21.8,1000.2,33.5,18.659867650856857,2.291143656016767
2017-10-18 22:00:00,0.47,0.01,0.46,0.03,27.2,71.0,21.5,999.9,34.6,16.883987555299818,3.2819147204765673
2017-10-18 23:00:00,0.41,0.02,0.35,0.12,26.9,71.0,21.2,999.7,31.0,14.034420760699458,4.0243053949281835
2017-10-19 00:00:00,0.73,0.0,0.44,0.57,26.6,72.0,21.2,998.9,27.4,14.803430117450112,4.244815279581783
2017-10-19 01:00:00,0.4,0.0,0.4,0.01,26.4,73.0,21.2,997.8,27.4,13.00574468109728,3.9762551842292244
2017-10-19 02:00:00,0.26,0.03,0.26,0.0,26.1,75.0,21.3,997.7,23.8,11.88088766335554,3.1834742547610038
2017-10-19 03:00:00,0.44,0.03,0.44,0.0,26.0,76.0,21.5,997.4,26.3,14.392294811707119,3.8564037720275572
2017-10-19 04:00:00,0.43,0.01,0.43,0.0,26.1,77.0,21.6,997.3,30.2,16.883987555299818,3.2819147204765673
2017-10-19 05:00:00,0.41,0.0,0.01,0.55,26.1,74.0,21.0,997.4,34.2,18.697151899424515,-0.32636000037719454
2017-10-19 06:00:00,0.04,0.0,0.04,0.0,26.8,66.0,19.9,998.1,34.6,19.01314691983815,-2.6721235384332567
2017-10-19 07:00:00,0.05,0.0,0.05,0.0,28.3,60.0,19.8,999.3,37.8,20.549819435352383,-1.4369833591289796
2017-10-19 08:00:00,0.01,0.0,0.01,0.0,30.1,53.0,19.5,1000.2,39.2,17.632646156223895,1.542656646633551
2017-10-19 09:00:00,0.0,0.0,0.0,0.0,31.8,48.0,19.4,1000.4,36.0,12.938717261796302,2.0492914920270264
2017-10-19 10:00:00,0.0,0.0,0.0,0.0,33.0,45.0,19.6,1000.1,29.9,11.471986577987979,0.8021994480574441
2017-10-19 11:00:00,0.16,0.05,0.16,0.0,34.0,44.0,19.9,999.1,29.9,11.858178973941639,-3.625409138561935
2017-10-19 12:00:00,0.44,0.01,0.44,0.0,34.3,42.0,19.7,997.7,32.4,13.292636107886192,-4.06396669564604
2017-10-19 13:00:00,0.24,0.05,0.24,0.0,33.7,46.0,20.6,996.9,32.8,11.160878248725057,-1.7677094549546066
2017-10-19 14:00:00,0.6,0.24,0.53,0.05,33.1,46.0,19.8,996.4,28.8,13.738617913471815,3.1718098662485
2017-10-19 15:00:00,0.62,0.21,0.6,0.04,32.0,51.0,20.6,996.3,30.6,9.355568503977862,4.7669002472652435
2017-10-19 16:00:00,1.0,0.14,1.0,0.0,31.4,54.0,21.0,996.4,22.7,11.485038046337667,2.232465245905572
2017-10-19 17:00:00,1.0,0.11,0.69,0.0,30.1,59.0,21.1,997.0,24.1,8.314522816810486,4.995869326627527
2017-10-19 18:00:00,1.0,0.0,1.0,0.38,30.0,60.0,21.2,997.6,19.1,7.208537989743126,5.047472639889208
2017-10-19 19:00:00,0.84,0.0,0.83,0.41,28.5,68.0,22.0,998.9,18.4,8.3028386226597,5.3919264466487675
2017-10-19 20:00:00,0.62,0.0,0.15,0.61,27.5,74.0,22.5,1000.1,18.0,9.658678035226657,2.9529542176996446
2017-10-19 21:00:00,0.76,0.0,0.3,0.69,27.0,76.0,22.4,1000.7,22.3,12.928784639787555,1.3588700224794936
2017-10-19 22:00:00,0.9,0.0,0.41,0.84,26.6,78.0,22.4,1000.8,24.5,13.3,2.4431703642989694e-15
2017-10-19 23:00:00,0.95,0.0,0.24,0.94,26.6,78.0,22.4,1000.6,24.5,13.34900895442939,1.1678869528186206
2017-10-20 00:00:00,0.94,0.0,0.24,0.92,26.5,78.0,22.4,1000.2,24.1,12.957478821509163,2.518678738970389
2017-10-20 01:00:00,0.93,0.0,0.23,0.91,26.3,79.0,22.4,999.3,23.4,12.267257993871167,3.2870018728020116
2017-10-20 02:00:00,0.74,0.0,0.2,0.69,26.2,80.0,22.5,998.7,22.7,11.127361240653295,3.6154988341868863
2017-10-20 03:00:00,0.38,0.01,0.19,0.26,26.0,81.0,22.5,998.5,20.9,8.652745622452938,3.672872607799174
2017-10-20 04:00:00,0.57,0.02,0.17,0.5,25.8,82.0,22.5,998.8,16.9,7.947845481490628,3.5386087947594604
2017-10-20 05:00:00,0.36,0.02,0.13,0.37,25.2,86.0,22.8,999.3,15.5,4.301823272632846,6.143640332167439
2017-10-20 06:00:00,0.58,0.01,0.18,0.54,25.9,84.0,22.9,999.9,15.8,5.3562548353332256,6.855693556378481
2017-10-20 07:00:00,0.67,0.01,0.13,0.63,27.4,76.0,22.8,1000.7,21.6,5.793122007145566,8.273435647318816
2017-10-20 08:00:00,0.32,0.01,0.14,0.22,29.1,69.0,22.9,1001.4,23.8,6.825132184860354,7.580077219869421
2017-10-20 09:00:00,0.52,0.0,0.12,0.47,30.6,63.0,22.9,1001.9,26.3,8.301805382450492,7.2166493188955805
2017-10-20 10:00:00,0.71,0.09,0.21,0.66,32.2,58.0,22.9,1001.6,29.9,9.714324518212132,7.866504888122973
2017-10-20 11:00:00,0.91,0.13,0.16,0.9,33.2,55.0,22.9,1000.8,31.0,8.625263508510763,6.4996022500421216
2017-10-20 12:00:00,0.92,0.52,0.15,0.9,33.8,52.0,22.6,999.9,30.6,8.332875042061959,6.0541880986124745
2017-10-20 13:00:00,0.89,0.31,0.57,0.82,29.1,73.0,23.9,999.5,41.0,14.045437201522752,12.646568460182417
2017-10-20 14:00:00,0.9,0.06,0.21,0.88,32.0,56.0,22.0,998.2,38.5,9.714324518212132,7.866504888122973
2017-10-20 15:00:00,0.86,0.25,0.3,0.81,31.8,53.0,21.1,997.9,34.9,16.263066428647125,5.284190603811604
2017-10-20 16:00:00,0.52,0.12,0.24,0.44,31.4,57.0,21.9,998.2,34.9,15.111631611105606,2.393447315115535
2017-10-20 17:00:00,0.49,0.0,0.16,0.84,31.3,57.0,21.7,998.1,30.2,15.079305974794064,0.790272939268459
2017-10-20 18:00:00,0.7,0.0,0.16,0.66,29.5,65.0,22.2,998.9,28.4,13.997867732189478,-0.24433369012196382
2017-10-20 19:00:00,0.6,0.0,0.17,0.54,28.5,70.0,22.5,999.8,25.6,13.647867363856914,1.194033675642918
2017-10-20 20:00:00,0.49,0.0,0.12,0.46,27.8,73.0,22.5,1000.8,24.8,12.552053195955994,1.0981623586204938
2017-10-20 21:00:00,0.92,0.0,0.03,0.92,27.2,75.0,22.5,1001.7,22.7,11.55595358496311,1.830283240970703
2017-10-20 22:00:00,0.8,0.0,0.04,0.79,26.9,77.0,22.5,1002.2,20.9,10.074920287558198,2.141490415422926
2017-10-20 23:00:00,0.52,0.0,0.03,0.5,26.5,79.0,22.6,1002.2,18.7,8.652745622452938,3.672872607799174
2017-10-21 00:00:00,0.43,0.0,0.11,0.4,26.1,82.0,22.8,1001.8,16.2,6.472135954999579,4.702282018339786
2017-10-21 01:00:00,0.48,0.0,0.19,0.44,26.0,83.0,22.9,1001.0,15.1,5.821436275322066,6.46535998165333
2017-10-21 02:00:00,0.91,0.0,0.2,0.9,25.6,85.0,22.9,1000.5,16.2,6.069785404556236,6.509047944410618
2017-10-21 03:00:00,0.72,0.0,0.26,0.63,25.5,85.0,22.9,1000.5,15.5,5.0474726398892065,7.208537989743128
2017-10-21 04:00:00,0.68,0.01,0.31,0.61,25.4,86.0,22.9,1000.9,16.2,4.683895701129233,7.212566884330647
2017-10-21 05:00:00,0.65,0.02,0.51,0.46,25.5,86.0,23.1,1001.4,14.8,3.6319239979163735,7.128052193506943
2017-10-21 06:00:00,1.0,0.03,1.0,0.6,26.4,83.0,23.1,1002.2,17.6,4.366085533908786,8.21141261358802
2017-10-21 07:00:00,0.93,0.0,0.78,0.81,27.0,79.0,23.1,1003.0,23.8,6.5356684201803255,10.064046815345089
2017-10-21 08:00:00,0.96,0.03,0.9,0.8,27.5,77.0,23.1,1003.7,26.6,7.284420741658286,10.403230962470195
2017-10-21 09:00:00,1.0,0.02,1.0,0.88,28.3,73.0,23.0,1003.9,29.9,9.053614600068999,10.414992207074256
2017-10-21 10:00:00,0.94,0.01,0.47,0.92,28.1,73.0,22.9,1003.6,29.9,6.87782742364597,8.196675541373065
2017-10-21 11:00:00,0.3,0.15,0.24,0.17,31.5,60.0,22.9,1002.5,40.0,6.818308926592687,9.38459713474939
2017-10-21 12:00:00,0.4,0.23,0.29,0.1,32.4,57.0,22.9,1001.4,39.2,6.050000000000002,10.478907385791707
2017-10-21 13:00:00,0.38,0.07,0.37,0.02,32.5,53.0,21.6,1000.0,42.5,6.251698055828377,14.728077655239046
2017-10-21 14:00:00,0.73,0.2,0.58,0.49,29.7,66.0,22.7,999.7,42.1,14.045437201522752,12.646568460182417
2017-10-21 15:00:00,0.7,0.18,0.54,0.51,30.4,62.0,22.4,999.2,38.5,6.807987937687838,10.4833820993178
2017-10-21 16:00:00,0.77,0.31,0.35,0.69,28.2,75.0,23.4,1000.0,33.5,7.206901993571585,11.533454107727394
2017-10-21 17:00:00,0.56,0.13,0.38,0.98,29.0,66.0,22.0,999.9,26.3,4.736421616508335,15.492137046601174
2017-10-21 18:00:00,0.98,0.06,0.45,0.96,27.7,72.0,22.1,1000.7,29.9,4.040095656514447,16.20393862880914
2017-10-21 19:00:00,0.82,0.01,0.41,0.71,27.1,76.0,22.5,1001.3,31.3,4.740962520052382,16.533701170139086
2017-10-21 20:00:00,0.44,0.01,0.33,0.16,26.9,78.0,22.6,1002.4,31.0,6.043441142892,12.960201354624097
2017-10-21 21:00:00,0.37,0.0,0.37,0.0,26.5,79.0,22.6,1003.0,25.6,4.6910627053217615,10.060016436106816
2017-10-21 22:00:00,0.66,0.0,0.34,0.5,26.2,81.0,22.6,1003.0,19.4,4.292346040288959,6.869189578867051
2017-10-21 23:00:00,0.57,0.0,0.47,0.23,26.1,82.0,22.8,1003.0,14.0,4.679622242152313,2.488199282765221
2017-10-22 00:00:00,0.56,0.0,0.53,0.07,25.9,83.0,22.8,1002.2,10.4,5.022947341949743,2.9000000000000026
2017-10-22 01:00:00,0.55,0.0,0.53,0.1,25.5,86.0,22.9,1001.3,11.2,5.043268823083022,3.940233442084212
2017-10-22 02:00:00,0.76,0.0,0.74,0.1,25.4,86.0,22.8,1000.9,12.6,4.672871103025765,3.9210044190878905
2017-10-22 03:00:00,0.79,0.0,0.78,0.07,25.5,85.0,22.8,1000.8,11.2,2.907803098047883,4.3109953772862175
2017-10-22 04:00:00,0.3,0.02,0.25,0.09,25.3,86.0,22.9,1001.3,9.7,3.606244584051392,3.606244584051393
2017-10-22 05:00:00,0.29,0.0,0.32,0.14,25.0,87.0,22.7,1001.1,8.6,2.880147736233118,3.9641832724372428
2017-10-22 06:00:00,0.39,0.0,0.35,0.09,25.4,86.0,22.8,1002.2,10.1,3.2118269105225195,3.5670951622914924
2017-10-22 07:00:00,0.32,0.0,0.32,0.04,26.6,80.0,22.9,1003.2,13.0,4.3748599749577055,1.4214781741247586
2017-10-22 08:00:00,0.17,0.0,0.14,0.05,28.6,71.0,22.8,1003.3,16.9,5.7247447850283795,1.42733918403804
2017-10-22 09:00:00,0.1,0.01,0.06,0.04,30.7,61.0,22.4,1003.4,24.1,8.651355263444872,2.4807362023529897
2017-10-22 10:00:00,0.1,0.07,0.06,0.03,32.6,53.0,21.9,1003.3,38.5,10.46617932785172,2.2246550917500296
2017-10-22 11:00:00,0.13,0.1,0.05,0.06,33.7,50.0,21.9,1002.5,38.5,10.840288659514181,1.1393602496174215
2017-10-22 12:00:00,0.18,0.13,0.13,0.09,34.5,47.0,21.5,1001.2,36.4,12.97251170051457,1.8231676225768623
2017-10-22 13:00:00,0.66,0.1,0.57,0.3,33.1,47.0,20.4,1000.4,37.1,15.079305974794064,0.790272939268459
2017-10-22 14:00:00,0.41,0.01,0.27,0.27,33.2,48.0,20.6,999.4,33.5,7.857997178009332,11.222383006759188
2017-10-22 15:00:00,0.66,0.14,0.37,0.55,32.5,52.0,21.5,999.4,31.3,5.789747597658506,7.1497428454041305
2017-10-22 16:00:00,0.79,0.07,0.28,0.75,32.0,55.0,21.7,999.7,28.1,2.8120546488120204,8.654614298285898
2017-10-22 17:00:00,0.62,0.09,0.2,0.23,31.3,57.0,21.6,999.7,25.9,5.046340541172276,4.705788684431241
2017-10-22 18:00:00,0.35,0.06,0.18,0.28,30.0,60.0,21.4,1000.4,14.4,8.994517443171862,-0.3140954703225115
2017-10-22 19:00:00,0.48,0.08,0.21,0.33,28.9,65.0,21.5,1001.1,25.2,14.080676440039491,0.7379369830255147
2017-10-22 20:00:00,0.58,0.06,0.25,0.44,28.2,68.0,21.6,1002.3,26.6,14.42024977268901,2.283943189587373
2017-10-22 21:00:00,0.34,0.0,0.19,0.2,27.8,69.0,21.6,1002.9,27.4,15.111631611105606,2.393447315115535
2017-10-22 22:00:00,0.66,0.03,0.13,0.61,27.4,72.0,21.8,1002.6,29.2,15.855404823496551,2.7957356604375785
2017-10-22 23:00:00,0.63,0.0,0.16,0.56,27.0,73.0,21.9,1002.4,29.5,15.45473209159413,3.2850047149206048
2017-10-23 00:00:00,0.65,0.0,0.19,0.58,26.9,74.0,21.8,1001.8,28.4,14.72440775171496,2.8621349306481694
2017-10-23 01:00:00,0.67,0.0,0.21,0.59,26.8,73.0,21.5,1000.9,27.4,14.7889376594557,1.815853216736693
2017-10-23 02:00:00,0.32,0.0,0.32,0.0,26.6,73.0,21.4,1000.2,26.3,14.380265300465863,0.753637769898398
2017-10-23 03:00:00,0.45,0.03,0.42,0.06,26.6,74.0,21.5,1000.3,25.6,13.7,2.5166491722478104e-15
2017-10-23 04:00:00,0.52,0.03,0.45,0.13,26.5,75.0,21.6,1000.4,24.1,12.192568089632967,-0.42577385977051563
2017-10-23 05:00:00,0.48,0.02,0.27,0.53,26.5,75.0,21.6,1001.0,22.0,11.172717362910031,-0.7812725059342024
2017-10-23 06:00:00,0.51,0.01,0.26,0.36,26.9,73.0,21.6,1001.0,22.3,12.192568089632967,-0.42577385977051563
2017-10-23 07:00:00,0.34,0.01,0.13,0.25,28.3,69.0,22.0,1001.8,27.0,13.281772812235833,-0.6960682180311545
2017-10-23 08:00:00,0.25,0.03,0.08,0.2,30.4,60.0,21.6,1002.8,27.7,10.091075553270365,-2.5159877142365414
2017-10-23 09:00:00,0.45,0.1,0.07,0.42,32.2,51.0,20.8,1002.9,24.8,2.8678964048465345,-2.4930243101639267
2017-10-23 10:00:00,0.62,0.24,0.16,0.54,33.5,47.0,20.5,1002.6,17.3,2.6942229581241775e-16,-1.1
2017-10-23 11:00:00,0.44,0.01,0.27,0.38,34.2,44.0,20.3,1002.0,17.6,-2.883363526931848,-1.8017254983928965
2017-10-23 12:00:00,0.42,0.05,0.19,0.32,34.7,43.0,20.2,1000.9,22.0,-7.160557646651568,-0.752604935527105
2017-10-23 13:00:00,0.58,0.24,0.53,0.46,33.5,47.0,20.9,1000.0,27.4,-9.743700647852352,2.2495105434386504
2017-10-23 14:00:00,0.6,0.04,0.53,0.44,33.8,46.0,20.4,999.1,27.7,-6.49109197590473,-0.3401837155791358
2017-10-23 15:00:00,0.78,0.06,0.36,0.72,33.0,50.0,21.2,999.2,22.3,-8.691657397237213,1.3766232923540314
2017-10-23 16:00:00,0.76,0.01,0.28,0.72,32.2,55.0,22.0,999.6,23.8,-8.301805382450492,7.216649318895579
2017-10-23 17:00:00,0.67,0.01,0.32,0.83,31.4,56.0,21.4,1000.1,23.8,-6.151828996322964,6.151828996322962
2017-10-23 18:00:00,0.88,0.01,0.28,0.86,30.3,58.0,21.0,1000.7,16.6,-7.212566884330647,4.6838957011292335
2017-10-23 19:00:00,0.91,0.01,0.11,0.9,29.4,60.0,21.0,1001.2,15.1,-3.2498011250210603,4.312631754255382
2017-10-23 20:00:00,0.95,0.01,0.09,0.95,28.6,66.0,21.6,1002.2,9.0,3.633958072659534,1.111012477946401
2017-10-23 21:00:00,0.97,0.0,0.13,0.97,28.7,64.0,21.3,1002.7,11.9,7.160557646651569,-0.7526049355271015
2017-10-23 22:00:00,0.95,0.0,0.15,0.94,28.3,69.0,22.0,1002.9,13.7,7.878462024097665,-1.3891854213354398
2017-10-23 23:00:00,0.94,0.0,0.06,0.94,27.9,71.0,22.0,1002.8,17.6,9.70462707366739,-1.3638963894086416
2017-10-24 00:00:00,0.95,0.0,0.04,0.95,27.2,73.0,21.9,1002.4,18.0,10.074920287558198,-2.1414904154229224
2017-10-24 01:00:00,0.91,0.01,0.03,0.9,26.9,74.0,21.8,1001.7,19.1,10.423721839997087,-3.18685158147783
2017-10-24 02:00:00,0.85,0.01,0.02,0.84,26.5,76.0,21.9,1001.2,20.9,11.088372925273719,-4.035837691242894
2017-10-24 03:00:00,0.69,0.01,0.01,0.69,26.0,79.0,22.0,1000.9,21.2,10.45610077676866,-4.013721034907364
2017-10-24 04:00:00,0.59,0.01,0.01,0.58,25.7,81.0,22.1,1000.9,19.8,8.999165894302516,-4.585304047369421
2017-10-24 05:00:00,0.54,0.01,0.02,0.53,25.8,85.0,23.0,1001.9,18.0,5.750175672340511,-4.333068166694745
2017-10-24 06:00:00,0.42,0.02,0.02,0.41,26.4,81.0,23.0,1002.5,14.0,4.015035054457325,-5.734064310022941
2017-10-24 07:00:00,0.44,0.01,0.02,0.43,28.5,71.0,22.8,1003.3,14.8,1.0797650608505536,-4.6769763109691285
2017-10-24 08:00:00,0.6,0.01,0.01,0.6,30.8,59.0,21.8,1003.9,15.1,-1.0506577808748212,-3.233592155403522
2017-10-24 09:00:00,0.49,0.05,0.28,0.41,32.5,52.0,21.2,1004.0,17.3,-3.2360929164157644,-1.7937955949114475
2017-10-24 10:00:00,0.57,0.12,0.28,0.48,33.5,47.0,20.6,1003.9,19.8,-4.7128004925905795,-2.197614961051637
2017-10-24 11:00:00,0.91,0.19,0.31,0.89,33.8,46.0,20.5,1003.2,22.3,-6.847033205136639,-1.4553818357243162
2017-10-24 12:00:00,0.89,0.14,0.31,0.87,33.6,47.0,20.8,1002.1,22.7,-6.092338390726596,3.2393537832226476
2017-10-24 13:00:00,0.79,0.02,0.2,0.75,31.9,56.0,22.0,1001.0,26.6,-6.790680836331102,0.35588450245201814
2017-10-24 14:00:00,0.94,0.28,0.27,0.92,31.0,58.0,22.0,1001.0,20.5,-6.859756131737131,2.4967470462773815
2017-10-24 15:00:00,0.55,0.02,0.19,0.49,30.4,63.0,22.4,1000.9,22.0,1.0606601717798212,1.0606601717798214
2017-10-24 16:00:00,0.77,0.17,0.28,0.71,30.2,63.0,22.5,1001.2,14.0,4.688551036221175,-0.32785542659738853
2017-10-24 17:00:00,0.96,0.01,0.1,0.68,28.4,73.0,23.0,1001.6,14.8,0.7257656867990037,-2.9108871788279895
2017-10-24 18:00:00,0.88,0.02,0.11,0.86,27.9,77.0,23.4,1002.0,9.4,3.2332465329646625,-2.1808523235359134
2017-10-24 19:00:00,0.97,0.05,0.1,0.97,27.6,80.0,23.9,1002.9,7.6,1.083267041673687,-1.437543918085127
2017-10-24 20:00:00,1.0,0.05,0.08,1.0,27.8,80.0,23.9,1003.7,6.5,-1.4235782507653008,-3.197409101749103
2017-10-24 21:00:00,0.99,0.03,0.11,0.99,27.8,77.0,23.3,1004.2,9.4,-4.312631754255381,-3.2498011250210608
2017-10-24 22:00:00,0.99,0.0,0.18,0.99,27.3,82.0,24.0,1004.3,9.0,-3.195522749552795,-2.8772616073430903
2017-10-24 23:00:00,0.98,0.05,0.2,0.98,27.0,84.0,24.1,1004.1,5.4,-1.0549740469210394,-2.485363104321589
2017-10-25 00:00:00,0.98,0.04,0.22,0.98,26.9,85.0,24.2,1003.5,3.6,-0.34415582308850795,-2.1729143493093033
2017-10-25 01:00:00,0.99,0.04,0.24,0.98,27.0,83.0,23.9,1003.1,3.2,0.3441558230885085,-2.172914349309303
2017-10-25 02:00:00,0.87,0.04,0.16,0.85,26.5,86.0,23.9,1002.6,4.0,1.0895771993749126,-2.138415658052083
2017-10-25 03:00:00,0.34,0.06,0.11,0.28,26.4,86.0,23.9,1002.5,4.3,0.7166571251241973,-2.499280409439629
2017-10-25 04:00:00,0.47,0.07,0.08,0.43,26.2,88.0,24.0,1002.5,5.0,7.102951435054649e-16,-2.9
2017-10-25 05:00:00,0.86,0.05,0.09,0.86,26.0,86.0,23.5,1003.0,8.3,2.166534083347374,-2.875087836170254
2017-10-25 06:00:00,0.85,0.08,0.13,0.83,26.4,84.0,23.4,1003.7,8.3,2.166534083347374,-2.875087836170254
2017-10-25 07:00:00,0.83,0.09,0.16,0.81,27.8,71.0,22.1,1004.5,13.0,-0.3278554265973889,-4.688551036221174
2017-10-25 08:00:00,0.81,0.07,0.16,0.79,29.0,67.0,22.4,1005.2,18.4,-1.8467702839738944,-6.440453362786736
2017-10-25 09:00:00,0.79,0.09,0.05,0.78,30.2,63.0,22.5,1005.2,22.3,-2.1161930039715187,-6.1458707413955596
2017-10-25 10:00:00,0.42,0.01,0.04,0.41,31.7,59.0,22.8,1004.9,23.4,-2.9055391983331,-5.702441754805555
2017-10-25 11:00:00,0.33,0.13,0.13,0.26,33.4,55.0,23.0,1003.4,27.0,-6.466493065929326,-4.361704647071825
2017-10-25 12:00:00,1.0,0.35,1.0,0.87,28.6,73.0,23.4,1003.2,34.9,-15.097700196861508,0.2635313372029805
2017-10-25 13:00:00,0.34,0.09,0.27,0.13,31.2,60.0,22.5,1002.0,33.1,-5.788198644282651,-2.2218812871808624
2017-10-25 14:00:00,0.59,0.25,0.3,0.47,30.6,60.0,21.9,1001.7,27.4,-6.560590289905073,-7.54709580222772
2017-10-25 15:00:00,0.75,0.14,0.29,0.66,29.8,63.0,22.0,1001.8,26.3,1.0506577808748208,3.2335921554035223
2017-10-25 16:00:00,0.59,0.0,0.17,0.55,28.4,70.0,22.5,1002.0,18.7,2.9108871788279895,-0.7257656867990023
2017-10-25 17:00:00,0.36,0.04,0.18,0.06,29.0,69.0,22.8,1002.0,12.2,2.179154398749825,-4.276831316104166
2017-10-25 18:00:00,0.27,0.11,0.22,0.06,27.9,76.0,23.3,1002.6,11.2,3.6324027044213834,-4.649263446279661
2017-10-25 19:00:00,0.34,0.11,0.14,0.23,27.4,79.0,23.5,1003.5,10.4,1.8469087739586105,-5.074340152243906
2017-10-25 20:00:00,0.53,0.13,0.23,0.38,27.0,80.0,23.4,1004.6,11.5,1.0324674692655254,-6.5187430479279085
2017-10-25 21:00:00,0.6,0.12,0.2,0.49,27.0,80.0,23.2,1005.1,11.5,-0.35575801609503904,-5.087576656325103
2017-10-25 22:00:00,0.28,0.24,0.19,0.09,27.0,80.0,23.2,1005.4,10.4,-2.149021206691006,-5.062776693988422
2017-10-25 23:00:00,0.26,0.13,0.13,0.13,26.6,82.0,23.4,1005.4,9.7,-1.8364363038995868,-4.32637281122647
2017-10-26 00:00:00,0.46,0.14,0.38,0.1,26.1,81.0,22.7,1004.8,13.0,-2.8878301658381815,-6.486172749262466
2017-10-26 01:00:00,0.6,0.06,0.14,0.55,25.5,85.0,22.9,1004.1,12.2,1.453901549023941,-2.1554976886431088
2017-10-26 02:00:00,0.73,0.35,0.17,0.6,25.1,86.0,22.6,1003.8,12.2,-0.3558845024520181,-6.790680836331102
2017-10-26 03:00:00,0.98,0.94,0.41,0.67,23.9,93.0,22.8,1003.7,14.8,-2.542346798541462,-4.98963653545486
2017-10-26 04:00:00,0.84,0.38,0.32,0.73,24.2,91.0,22.8,1003.8,12.2,-1.8017254983928965,-2.883363526931848
2017-10-26 05:00:00,0.39,0.31,0.32,0.42,23.9,92.0,22.4,1004.1,10.4,-2.192031021678297,-2.1920310216782974
2017-10-26 06:00:00,0.42,0.33,0.31,0.08,24.5,88.0,22.5,1004.9,13.7,-3.963444403430551,-3.2095339943541705
2017-10-26 07:00:00,0.45,0.26,0.33,0.14,25.7,84.0,22.8,1005.5,15.1,-3.5748714227020657,-2.8948737988292517
2017-10-26 08:00:00,0.47,0.15,0.4,0.12,26.8,78.0,22.7,1006.0,18.4,-4.6806636903626915,-4.36478950439999
2017-10-26 09:00:00,0.39,0.17,0.3,0.09,28.4,72.0,23.0,1006.4,22.0,-4.981083229470295,-4.329989591337347
2017-10-26 10:00:00,0.41,0.21,0.27,0.12,29.5,69.0,23.1,1006.3,22.0,-5.046340541172277,-4.70578868443124
2017-10-26 11:00:00,0.42,0.15,0.28,0.16,30.8,64.0,23.1,1005.2,22.7,-6.143640332167439,-4.301823272632845
2017-10-26 12:00:00,0.35,0.2,0.21,0.09,31.4,61.0,23.0,1003.3,25.2,-8.987963899415753,-1.4235536318661013
2017-10-26 13:00:00,0.31,0.05,0.28,0.07,31.4,59.0,22.4,1002.3,25.9,-4.023790324368742,-4.314986839553106
2017-10-26 14:00:00,0.48,0.4,0.28,0.12,31.4,58.0,22.0,1001.7,20.9,-3.939231012048832,0.6945927106677212
2017-10-26 15:00:00,0.71,0.16,0.37,0.6,29.4,64.0,22.0,1002.0,17.6,-6.123233995736766e-16,5.0
2017-10-26 16:00:00,0.76,0.19,0.41,0.62,29.5,62.0,21.5,1002.2,19.4,-2.153104870837043,8.635631963856369
2017-10-26 17:00:00,0.98,0.17,0.23,0.88,28.1,73.0,22.8,1002.2,20.5,3.928245467863184,1.7489675652259404
2017-10-26 18:00:00,0.97,0.19,0.3,0.96,27.0,82.0,23.6,1003.1,14.4,8.314254606237347,-1.7672493719509554
2017-10-26 19:00:00,0.94,0.15,0.22,0.93,26.6,83.0,23.5,1004.0,14.8,4.6796222421523135,-2.488199282765219
2017-10-26 20:00:00,0.96,0.13,0.25,0.95,26.1,85.0,23.5,1004.9,10.1,0.7059932828932153,-3.632020578756357
2017-10-26 21:00:00,0.96,0.13,0.33,0.95,26.0,86.0,23.5,1005.2,6.8,-0.34345619167778096,1.766928930205795
2017-10-26 22:00:00,0.85,0.16,0.37,0.79,26.0,86.0,23.5,1005.4,4.7,0.33991869381244244,-1.0461621679246689
2017-10-26 23:00:00,0.97,0.09,0.37,0.96,25.0,91.0,23.5,1005.0,12.6,1.7902220274375422,-7.180188374442374
2017-10-27 00:00:00,0.99,0.89,0.31,0.98,24.5,94.0,23.4,1004.6,15.5,2.564841053312066,-7.893769085249775
2017-10-27 01:00:00,0.87,0.21,0.29,0.84,24.8,92.0,23.4,1004.0,15.1,1.7542302283364228,-5.7378285357782115
2017-10-27 02:00:00,0.94,0.28,0.24,0.92,24.1,96.0,23.4,1003.8,14.0,-3.9282454678631837,-1.7489675652259409
2017-10-27 03:00:00,0.94,0.05,0.15,0.94,24.0,96.0,23.4,1003.4,11.2,-1.7542302283364206,-5.737828535778212
2017-10-27 04:00:00,0.95,0.25,0.12,0.94,23.8,96.0,23.1,1003.3,12.6,-1.484676958669509,-6.430842427582553
2017-10-27 05:00:00,0.95,0.08,0.15,0.68,24.1,94.0,23.0,1003.2,14.0,-0.7097828148963337,-5.050367150582009
2017-10-27 06:00:00,0.79,0.12,0.13,0.75,24.6,88.0,22.6,1003.6,11.5,-1.0811407922523486,-5.08636752381579
2017-10-27 07:00:00,0.93,0.11,0.1,0.92,26.1,80.0,22.5,1004.3,12.2,-1.4235782507653008,-3.197409101749103
2017-10-27 08:00:00,0.66,0.18,0.06,0.63,27.8,72.0,22.2,1005.1,14.4,-1.0506577808748212,-3.233592155403522
2017-10-27 09:00:00,0.44,0.3,0.11,0.32,29.1,65.0,21.9,1005.2,17.6,-2.490620541896063,-3.9858260519352022
2017-10-27 10:00:00,0.54,0.31,0.22,0.4,30.2,60.0,21.6,1004.8,18.4,-3.252691193458118,-3.2526911934581184
2017-10-27 11:00:00,0.48,0.28,0.25,0.31,31.3,57.0,21.9,1003.7,19.4,-5.074340152243905,-1.8469087739586119
2017-10-27 12:00:00,0.73,0.46,0.16,0.66,32.2,56.0,22.4,1002.1,20.5,-5.3989495089621515,1.0494494745709964
2017-10-27 13:00:00,0.93,0.75,0.13,0.9,29.9,66.0,22.8,1001.4,27.0,-9.353074360871938,-5.400000000000001
2017-10-27 14:00:00,0.95,0.68,0.18,0.92,28.1,74.0,23.0,1001.2,27.4,1.0324674692655227,6.518743047927909
2017-10-27 15:00:00,0.97,0.42,0.29,0.95,27.9,76.0,23.1,1001.0,20.2,2.5624408513775414,5.755336383148386
2017-10-27 16:00:00,0.94,0.04,0.28,0.94,27.6,73.0,22.4,1001.2,16.9,-1.4214781741247584,4.3748599749577055
2017-10-27 17:00:00,0.95,0.3,0.33,0.99,28.4,69.0,22.1,1001.1,13.7,3.2095339943541714,3.9634444034305507
2017-10-27 18:00:00,0.96,0.25,0.32,0.94,26.4,85.0,23.7,1001.8,16.2,10.044671143219562,1.055737479003299
2017-10-27 19:00:00,0.94,0.21,0.41,0.91,25.9,87.0,23.6,1002.4,19.1,8.939931253174443,2.904759747124507
2017-10-27 20:00:00,0.91,0.16,0.33,0.89,25.5,88.0,23.4,1002.9,20.2,7.200205325897742,4.326319829244457
2017-10-27 21:00:00,0.88,0.1,0.3,0.85,25.2,89.0,23.3,1003.6,14.0,5.8,1.0654427152581972e-15
2017-10-27 22:00:00,0.96,0.24,0.09,0.95,24.5,94.0,23.5,1004.2,12.6,-3.268731598124737,-6.415246974156249
2017-10-27 23:00:00,0.97,0.16,0.27,0.97,24.3,95.0,23.4,1004.2,13.0,1.8614631347039767e-15,-7.6
2017-10-28 00:00:00,0.98,0.02,0.32,0.98,23.9,97.0,23.4,1003.6,16.6,1.6655196468404002e-15,-6.8
2017-10-28 01:00:00,0.98,0.04,0.38,0.98,23.5,98.0,23.1,1002.8,11.5,0.7352419856890863,-4.6421352007971475
2017-10-28 02:00:00,0.96,0.07,0.25,0.95,23.5,96.0,22.9,1002.1,8.6,4.276831316104166,-2.179154398749824
2017-10-28 03:00:00,0.94,0.09,0.12,0.94,23.5,96.0,22.7,1001.6,12.2,3.267834210090162,-5.032023407672544
2017-10-28 04:00:00,1.0,1.0,0.36,0.94,23.2,98.0,22.8,1002.1,15.1,-3.1894747509531727,-8.308865795825096
2017-10-28 05:00:00,0.96,0.84,0.33,0.94,23.6,95.0,22.9,1003.1,16.9,-0.6794350112397476,-6.4643923198937765
2017-10-28 06:00:00,0.87,0.0,0.47,0.78,24.0,93.0,22.8,1003.3,16.2,1.376623292354034,-8.691657397237211
2017-10-28 07:00:00,0.87,0.19,0.48,0.79,24.8,88.0,22.5,1003.8,22.7,1.0110066158728364,-11.555858497864248
2017-10-28 08:00:00,0.93,0.48,0.38,0.88,25.8,82.0,22.4,1004.6,27.4,-4.944807033090038,-12.238826880281593
2017-10-28 09:00:00,0.98,0.36,0.96,0.95,26.1,80.0,22.4,1004.7,28.1,-0.40134421207876114,-11.492994510719601
2017-10-28 10:00:00,1.0,1.0,1.0,0.99,26.2,80.0,22.5,1004.9,29.5,-4.024305394928188,-14.034420760699456
2017-10-28 11:00:00,1.0,0.71,0.98,0.99,26.0,81.0,22.5,1003.9,29.9,-3.9719314843773117,-11.535326622311665
2017-10-28 12:00:00,0.99,0.64,0.72,0.99,27.3,75.0,22.5,1002.7,26.3,-3.9854575105905923,-9.389149505214892
2017-10-28 13:00:00,1.0,0.1,0.06,1.0,29.0,69.0,22.9,1001.6,27.0,-6.818308926592688,-9.38459713474939
2017-10-28 14:00:00,0.98,0.2,0.07,0.97,27.9,74.0,22.8,1001.0,27.7,-3.303800263366926,-10.806243742382302
2017-10-28 15:00:00,0.98,0.1,0.85,0.97,28.6,69.0,22.5,1000.8,27.0,-1.8772135804827705,-11.852260087141653
2017-10-28 16:00:00,1.0,0.07,0.83,1.0,28.0,73.0,22.7,1001.3,26.3,-2.232465245905574,-11.485038046337667
2017-10-28 17:00:00,0.98,0.17,0.09,0.99,27.7,74.0,22.7,1001.4,23.8,-5.40517649517869,-8.650090580795544
2017-10-28 18:00:00,0.95,0.19,0.14,0.94,26.9,79.0,22.9,1002.2,19.1,-3.634753872559855,-5.388744221607771
2017-10-28 19:00:00,0.91,0.27,0.32,0.89,26.0,85.0,23.4,1002.8,11.2,-1.8159619989581872,-3.5640260967534716
2017-10-28 20:00:00,0.89,0.13,0.33,0.86,26.0,88.0,23.8,1003.8,5.8,0.37476969381493075,-4.283637201794505
2017-10-28 21:00:00,0.72,0.05,0.32,0.68,26.1,85.0,23.4,1004.2,5.8,1.0531962472667237e-15,-4.3
2017-10-28 22:00:00,0.47,0.09,0.26,0.32,26.4,81.0,22.9,1004.1,5.0,0.7423384793347556,-3.215421213791276
2017-10-28 23:00:00,0.54,0.21,0.16,0.43,25.2,88.0,23.0,1003.6,5.8,1.3226185430791415e-15,-5.4
2017-10-29 00:00:00,0.75,0.28,0.1,0.73,25.5,84.0,22.5,1003.1,6.8,1.0531962472667237e-15,-4.3
2017-10-29 01:00:00,0.91,0.26,0.08,0.9,25.3,83.0,22.3,1002.3,11.2,1.0324674692655254,-6.5187430479279085
2017-10-29 02:00:00,0.91,0.1,0.07,0.9,24.9,87.0,22.5,1001.7,11.5,1.8467702839738929,-6.440453362786736
2017-10-29 03:00:00,0.67,0.05,0.08,0.64,24.4,89.0,22.5,1001.6,11.5,1.7640790772287933,-6.1520748540052415
2017-10-29 04:00:00,0.31,0.08,0.16,0.19,24.1,90.0,22.5,1001.8,11.9,1.4553818357243191,-6.847033205136639
2017-10-29 05:00:00,0.43,0.17,0.25,0.9,24.8,88.0,22.6,1002.2,13.3,-0.662383644882202,-7.571079705497266
2017-10-29 06:00:00,0.71,0.15,0.42,0.53,25.5,84.0,22.5,1002.9,15.8,-2.159530121701104,-9.353952621938259
2017-10-29 07:00:00,0.85,0.44,0.57,0.71,26.0,82.0,22.5,1004.1,21.2,-6.87782742364597,-8.196675541373065
2017-10-29 08:00:00,0.81,0.2,0.66,0.59,26.4,81.0,22.9,1004.7,23.4,-5.829111906565254,-9.328529057720685
2017-10-29 09:00:00,0.68,0.4,0.29,0.56,28.0,73.0,22.7,1004.6,37.8,-8.387441139231417,-12.91552674635953
2017-10-29 10:00:00,0.65,0.17,0.27,0.55,29.7,67.0,22.8,1004.5,37.4,-6.449999999999999,-11.17172770881926
2017-10-29 11:00:00,0.83,0.43,0.45,0.64,30.5,66.0,23.4,1003.9,35.6,-5.829111906565254,-9.328529057720685
2017-10-29 12:00:00,0.95,0.7,0.45,0.91,30.6,63.0,22.9,1002.7,35.3,-5.085105302753298,-10.426010937070338
2017-10-29 13:00:00,0.98,0.21,0.34,0.97,28.6,70.0,22.6,1001.4,32.4,-5.493285046848516,-10.78117894267925
2017-10-29 14:00:00,1.0,0.15,0.83,1.0,27.9,73.0,22.6,1001.3,27.0,-3.6042689948715636,2.5237363199446032
2017-10-29 15:00:00,0.97,0.2,0.68,0.95,27.5,76.0,22.8,1001.4,16.6,-7.571079705497266,0.6623836448822026
2017-10-29 16:00:00,0.98,0.15,0.63,0.96,27.7,75.0,22.9,1001.6,18.0,-5.050367150582009,-0.7097828148963339
2017-10-29 17:00:00,0.87,0.0,0.08,0.68,28.4,70.0,22.4,1001.4,13.0,-8.332875042061959,-6.054188098612474
2017-10-29 18:00:00,0.93,0.07,0.27,0.92,26.9,77.0,22.5,1002.1,18.7,-4.7128004925905795,-2.197614961051637
2017-10-29 19:00:00,1.0,0.12,0.18,1.0,26.1,82.0,22.7,1002.9,8.6,-4.283637201794505,-0.37476969381492997
2017-10-29 20:00:00,1.0,0.0,0.15,1.0,25.9,83.0,22.7,1003.4,7.6,-4.667902132486009,-1.791839747726502
2017-10-29 21:00:00,1.0,0.04,0.07,1.0,25.8,83.0,22.6,1003.7,5.4,-1.4364846019678086,-3.9467090073008158
2017-10-29 22:00:00,1.0,0.03,0.05,1.0,25.1,86.0,22.5,1003.7,5.0,2.5114736709748717,-1.4500000000000002
2017-10-29 23:00:00,1.0,0.09,0.05,1.0,25.1,85.0,22.5,1003.3,7.2,3.9467090073008153,-1.43648460196781
2017-10-30 00:00:00,0.97,0.15,0.05,0.97,24.8,87.0,22.4,1002.7,7.9,3.230844089787559,-2.5242120488352
2017-10-30 01:00:00,0.98,0.14,0.12,0.98,24.9,86.0,22.3,1002.2,7.2,2.4905416147351485,-2.1649947956686733
2017-10-30 02:00:00,0.99,0.18,0.1,0.99,24.7,87.0,22.4,1001.8,5.8,1.801725498392897,-2.8833635269318476
2017-10-30 03:00:00,0.99,0.11,0.04,0.99,24.9,85.0,22.1,1001.7,6.1,1.7937955949114466,-3.236092916415765
2017-10-30 04:00:00,0.95,0.15,0.05,0.94,24.7,85.0,22.1,1001.9,6.5,0.6945927106677215,-3.939231012048832
2017-10-30 05:00:00,0.93,0.01,0.0,0.96,24.6,83.0,21.6,1002.2,6.5,2.163159914622229,-3.600102662948871
2017-10-30 06:00:00,0.97,0.02,0.06,0.97,25.8,78.0,21.6,1002.7,9.0,1.4205902870109297e-15,-5.8
2017-10-30 07:00:00,0.99,0.01,0.06,0.99,27.3,72.0,21.7,1003.5,15.1,-1.392905666248777,-7.165878439167947
2017-10-30 08:00:00,0.89,0.0,0.05,0.89,28.2,68.0,21.7,1004.0,20.2,-1.0237024846032388,-8.337387673787106
2017-10-30 09:00:00,0.94,0.06,0.05,0.94,29.6,63.0,21.8,1003.8,22.3,1.4586446924022154,-8.272385125302547
2017-10-30 10:00:00,0.98,0.26,0.06,0.97,30.9,56.0,21.2,1003.4,28.4,2.9018686010358627,-12.569373835729534
2017-10-30 11:00:00,0.91,0.36,0.14,0.9,31.7,54.0,21.3,1002.1,37.1,0.47812310482426124,-13.691654330161612
2017-10-30 12:00:00,0.94,0.31,0.15,0.92,32.0,54.0,21.4,1000.7,35.3,1.8772135804827734,-11.852260087141651
2017-10-30 13:00:00,0.96,0.12,0.24,0.96,32.5,53.0,21.7,999.6,32.4,-1.8406706832694615,-10.438962181929405
2017-10-30 14:00:00,0.96,0.11,0.43,0.95,29.9,65.0,22.5,999.4,30.6,-7.128052193506943,-3.631923997916375
2017-10-30 15:00:00,0.99,0.26,0.4,0.98,29.8,63.0,22.0,999.4,20.2,-6.148780366869514,-3.5500000000000007
2017-10-30 16:00:00,1.0,0.37,0.38,0.99,29.0,65.0,21.8,999.9,22.0,-2.8940993221413254,-1.1109406435904312
2017-10-30 17:00:00,1.0,0.21,0.25,0.97,29.3,64.0,21.9,999.8,16.9,-1.4,-8.572527594031472e-17
2017-10-30 18:00:00,0.96,0.61,0.32,0.93,27.8,71.0,22.0,1000.6,10.8,-3.9282454678631837,-1.7489675652259409
2017-10-30 19:00:00,1.0,1.0,0.36,0.91,26.8,77.0,22.4,1001.5,11.2,-1.0549740469210394,-2.485363104321589
2017-10-30 20:00:00,0.95,0.35,0.54,0.93,25.3,90.0,23.5,1002.7,11.2,4.3109953772862175,2.907803098047882
2017-10-30 21:00:00,0.98,0.4,0.49,0.97,25.0,93.0,23.8,1003.2,10.8,2.8678964048465345,-2.4930243101639267
2017-10-30 22:00:00,0.98,0.03,0.39,0.97,25.3,87.0,23.0,1003.0,18.4,-2.0988989491419927,-10.797899017924303
2017-10-30 23:00:00,0.99,0.71,0.2,0.99,24.6,87.0,22.4,1002.7,20.2,-3.186851581477831,-10.423721839997087
2017-10-31 00:00:00,0.99,0.09,0.31,0.98,24.6,87.0,22.2,1002.0,21.2,-3.30764826980399,-11.535140351259827
2017-10-31 01:00:00,1.0,0.78,0.83,0.99,24.5,86.0,22.0,1001.1,21.6,-2.5644420195200612,-11.107818738551682
2017-10-31 02:00:00,1.0,0.96,1.0,0.99,23.8,92.0,22.5,1000.2,20.5,1.7546182238821495,-7.600086505324834
2017-10-31 03:00:00,1.0,0.01,0.82,0.99,24.0,91.0,22.4,999.6,14.0,2.564841053312066,-7.893769085249775
2017-10-31 04:00:00,1.0,0.33,0.57,1.0,24.1,91.0,22.5,999.7,14.4,1.7902220274375422,-7.180188374442374
2017-10-31 05:00:00,1.0,0.63,0.97,1.0,23.9,93.0,22.6,1000.6,14.8,3.2687315981247385,-6.415246974156248
2017-10-31 06:00:00,1.0,0.0,0.46,1.0,24.2,93.0,23.0,1001.1,13.3,3.603450996785794,-5.766727053863695
2017-10-31 07:00:00,1.0,0.14,0.3,1.0,25.0,89.0,23.2,1002.1,13.3,0.4045875477159287,-5.78587149150698
2017-10-31 08:00:00,1.0,0.3,0.24,1.0,26.0,82.0,22.6,1002.7,23.8,-2.4533579516495605,-11.542141688658909
2017-10-31 09:00:00,1.0,0.37,0.22,1.0,26.9,76.0,22.4,1002.7,32.0,-2.2685215456490666,-16.141369520487597
2017-10-31 10:00:00,1.0,0.95,0.91,1.0,28.1,70.0,22.2,1002.6,35.6,-7.089020598066951,-13.332508652169798
2017-10-31 11:00:00,1.0,0.96,0.99,1.0,25.6,87.0,23.3,1002.0,33.1,-4.720738239628772,-13.710019346190094
2017-10-31 12:00:00,1.0,0.49,0.53,1.0,26.5,78.0,22.4,1001.1,27.7,-4.2978640594242306,-14.05767991265662
2017-10-31 13:00:00,1.0,0.85,0.56,1.0,26.1,83.0,23.0,1000.3,28.4,-5.874393838195722,-12.597678239809435
2017-10-31 14:00:00,1.0,0.2,0.49,1.0,26.5,79.0,22.5,999.3,30.2,-6.719630361677122,-14.410293813882735
2017-10-31 15:00:00,1.0,0.36,0.87,1.0,27.0,76.0,22.5,999.5,31.3,-5.82763767466079,-8.973775077016036
2017-10-31 16:00:00,1.0,0.23,0.96,1.0,25.6,88.0,23.5,1000.1,23.0,-6.1385314081469815,-1.4171916423663489
2017-10-31 17:00:00,1.0,0.3,0.47,1.0,25.7,87.0,23.4,1000.6,11.9,-1.45276959916655,-2.8512208774027776
2017-10-31 18:00:00,1.0,0.23,0.6,1.0,25.6,84.0,22.8,1001.1,6.1,-1.8159619989581872,-3.5640260967534716
2017-10-31 19:00:00,1.0,0.16,0.21,1.0,25.0,90.0,23.2,1002.0,7.2,-1.421478174124758,-4.3748599749577055
2017-10-31 20:00:00,1.0,0.11,0.18,1.0,24.7,91.0,23.1,1002.8,9.7,-1.4273391840380396,-5.7247447850283795
2017-10-31 21:00:00,1.0,0.12,0.17,1.0,24.4,93.0,23.1,1003.4,13.7,-3.9499999999999997,-6.841600689897066
2017-10-31 22:00:00,1.0,0.05,0.1,1.0,24.4,92.0,23.0,1003.5,16.2,-3.2833933759264196,-9.02104915954472
2017-10-31 23:00:00,1.0,0.04,0.11,1.0,24.2,91.0,22.7,1003.2,17.6,-3.1519733426244634,-9.700776466210565
2017-11-01 00:00:00,1.0,0.07,0.12,1.0,24.1,90.0,22.3,1002.5,18.7,-2.0988989491419927,-10.797899017924303
2017-11-01 01:00:00,1.0,0.05,0.12,1.0,23.9,90.0,22.1,1001.3,20.2,-2.4533579516495605,-11.542141688658909
2017-11-01 02:00:00,0.99,0.04,0.17,0.98,23.8,90.0,22.0,1000.7,20.5,-2.0988989491419927,-10.797899017924303
2017-11-01 03:00:00,1.0,0.01,0.19,1.0,23.7,90.0,21.9,1000.6,19.4,1.0602632876247808,-8.635151519279502
2017-11-01 04:00:00,1.0,0.08,0.19,1.0,23.5,90.0,21.8,1000.8,14.8,0.3401837155791384,-6.49109197590473
2017-11-01 05:00:00,1.0,0.01,0.29,1.0,23.7,90.0,21.9,1001.0,11.5,1.7902220274375422,-7.180188374442374
2017-11-01 06:00:00,1.0,0.0,0.36,1.0,24.3,86.0,21.8,1002.0,16.6,-1.3638963894086413,-9.70462707366739
2017-11-01 07:00:00,0.99,0.0,0.35,0.99,25.4,80.0,21.8,1002.8,18.4,-2.5436338310878095,-8.319851376878407
2017-11-01 08:00:00,0.99,0.07,0.15,0.99,26.7,75.0,21.8,1003.8,18.7,-3.9142893693164114,-6.5144714853360535
2017-11-01 09:00:00,0.99,0.08,0.19,0.99,27.9,70.0,21.9,1004.3,22.3,-4.738350289172498,-7.8859391664594325
2017-11-01 10:00:00,1.0,0.47,0.12,1.0,29.0,65.0,21.7,1003.8,31.3,-5.394334945189133,-13.351447505761739
2017-11-01 11:00:00,1.0,0.36,0.1,1.0,28.8,66.0,21.9,1002.8,34.9,-6.719630361677122,-14.410293813882735
2017-11-01 12:00:00,1.0,0.23,0.22,1.0,29.5,65.0,22.3,1001.3,34.6,-2.8987733051482323,-10.818369254437565
2017-11-01 13:00:00,0.99,0.28,0.27,0.98,29.4,65.0,22.0,1000.6,30.6,-2.5159877142365445,-10.091075553270363
2017-11-01 14:00:00,0.63,0.21,0.26,0.53,28.8,68.0,22.2,999.8,25.6,-4.6339756782707715,-6.149493427364155
2017-11-01 15:00:00,0.61,0.2,0.26,0.48,28.5,70.0,22.5,999.6,22.0,0.6945927106677215,-3.939231012048832
2017-11-01 16:00:00,0.89,0.17,0.46,0.82,27.6,73.0,22.4,1000.4,17.3,-1.1257730727216144,-5.791600382341218
2017-11-01 17:00:00,0.81,0.14,0.21,0.82,28.7,69.0,22.5,1000.2,14.0,-0.35342109587492765,-2.8783838397598336
2017-11-01 18:00:00,0.88,0.13,0.23,0.85,27.6,75.0,22.8,1000.7,5.8,2.164994795668674,-2.490541614735147
2017-11-01 19:00:00,0.98,0.18,0.39,0.97,26.3,82.0,23.0,1001.8,7.6,-1.4326213531414103,-4.685893304218874
2017-11-01 20:00:00,1.0,0.26,0.36,1.0,26.2,84.0,23.3,1002.7,6.5,-2.8772616073430903,-3.195522749552795
2017-11-01 21:00:00,1.0,0.19,0.43,1.0,25.8,82.0,22.4,1003.2,7.2,-2.197614961051637,-4.7128004925905795
2017-11-01 22:00:00,0.98,0.29,0.37,0.97,25.7,84.0,22.7,1003.1,14.8,-4.033014550459512,-8.268905225952336
2017-11-01 23:00:00,0.97,0.29,0.18,0.97,25.5,83.0,22.5,1002.9,15.8,-4.366085533908785,-8.211412613588022
2017-11-02 00:00:00,0.97,0.3,0.3,0.97,25.1,85.0,22.5,1002.2,15.8,-3.5386087947594613,-7.947845481490627
2017-11-02 01:00:00,0.97,0.26,0.42,0.96,24.8,87.0,22.4,1001.4,17.3,-3.1519733426244634,-9.700776466210565
2017-11-02 02:00:00,0.91,0.39,0.29,0.9,24.6,86.0,22.1,1000.9,22.7,-3.5281581544575893,-12.304149708010483
2017-11-02 03:00:00,0.93,0.21,0.23,0.92,24.5,85.0,21.9,1000.6,22.7,-3.9863192274368213,-12.26862906020748
2017-11-02 04:00:00,0.94,0.2,0.18,0.94,24.2,86.0,21.8,1000.7,22.7,-2.510544737494451,-9.369480515003962
2017-11-02 05:00:00,0.98,1.0,0.05,0.57,24.6,84.0,21.8,1000.6,17.3,-1.767498382192831,-12.576404473017943
2017-11-02 06:00:00,0.99,0.99,0.05,0.57,25.2,81.0,21.7,1001.6,23.8,-1.5477406612453728,-12.605336125844788
2017-11-02 07:00:00,0.9,0.82,0.57,0.75,25.9,78.0,21.9,1002.4,23.4,1.1393602496174222,-10.84028865951418
2017-11-02 08:00:00,0.64,0.5,0.31,0.33,27.0,73.0,21.8,1002.9,25.2,2.5157314588948942,-11.835585968879046
2017-11-02 09:00:00,0.8,0.68,0.42,0.42,28.2,68.0,21.8,1003.0,37.1,-1.4816476267101888,-16.935309867559674
2017-11-02 10:00:00,0.82,0.6,0.38,0.62,28.7,67.0,21.9,1002.8,38.2,-2.8471072637322017,-17.975927798831506
2017-11-02 11:00:00,0.85,0.22,0.81,0.5,28.1,70.0,22.1,1002.0,37.8,-6.705458022144825,-16.596590996745494
2017-11-02 12:00:00,1.0,0.81,1.0,0.4,27.6,73.0,22.5,1000.7,37.4,-5.506524307543267,-15.129051194653128
2017-11-02 13:00:00,1.0,0.98,1.0,0.87,25.4,90.0,23.6,999.7,33.5,-6.199999999999999,-10.73871500692704
2017-11-02 14:00:00,0.98,0.03,0.94,0.95,25.1,90.0,23.4,998.6,24.1,-2.4807362023529924,-8.65135526344487
2017-11-02 15:00:00,0.99,0.23,0.7,0.97,26.5,83.0,23.4,998.7,20.2,-4.605691392340202,-8.30888721782426
2017-11-02 16:00:00,0.99,0.17,0.75,0.98,25.0,93.0,23.7,999.5,31.3,2.588190451025207,-9.659258262890683
2017-11-02 17:00:00,1.0,0.27,0.49,0.99,25.8,86.0,23.2,999.9,18.4,-3.195522749552795,-2.8772616073430903
2017-11-02 18:00:00,1.0,0.0,0.94,0.99,25.4,91.0,23.8,1000.5,10.1,1.4500000000000013,-2.5114736709748713
2017-11-02 19:00:00,1.0,0.02,0.78,0.99,25.2,93.0,24.0,1001.1,12.6,1.050657780874822,-3.233592155403522
2017-11-02 20:00:00,1.0,0.04,0.62,1.0,25.2,93.0,24.0,1002.1,11.9,0.7263847995832752,-1.4256104387013886
2017-11-02 21:00:00,1.0,0.05,0.64,1.0,25.1,91.0,23.6,1002.4,7.2,2.181643291108516,-3.9357886821272814
2017-11-02 22:00:00,1.0,0.07,1.0,1.0,25.1,90.0,23.4,1002.3,12.2,-0.7097828148963337,-5.050367150582009
2017-11-02 23:00:00,1.0,0.17,0.96,1.0,24.8,91.0,23.2,1001.8,11.5,-0.40458754771592675,-5.78587149150698
2017-11-03 00:00:00,1.0,0.19,0.92,1.0,24.4,90.0,22.6,1001.3,15.8,2.508575646817105,-6.535062985480411
2017-11-03 01:00:00,1.0,0.1,0.64,1.0,24.4,91.0,22.9,1000.4,16.9,2.141490415422927,-10.074920287558198
2017-11-03 02:00:00,1.0,0.13,0.63,1.0,24.5,90.0,22.8,999.7,20.5,2.9146593819707008e-15,-11.9
2017-11-03 03:00:00,1.0,0.08,1.0,1.0,24.5,88.0,22.2,999.3,23.8,-2.111865278043117,-13.33379259803436
2017-11-03 04:00:00,1.0,0.04,0.9,1.0,24.3,86.0,21.9,999.1,23.8,-2.834383284732699,-12.277062816293963
2017-11-03 05:00:00,1.0,0.05,0.13,0.99,24.3,84.0,21.5,999.4,21.6,-2.153104870837043,-8.635631963856369
2017-11-03 06:00:00,1.0,0.08,0.11,1.0,24.6,82.0,21.4,1000.1,16.9,-1.8126854560771757,-9.325458242752807
2017-11-03 07:00:00,1.0,0.08,0.16,1.0,25.9,76.0,21.4,1001.1,18.4,-2.4807362023529924,-8.65135526344487
2017-11-03 08:00:00,0.99,0.04,0.17,0.99,27.1,71.0,21.4,1001.9,22.3,-2.9047597471245057,-8.939931253174443
2017-11-03 09:00:00,0.99,0.16,0.06,0.99,28.6,65.0,21.5,1001.9,25.9,-5.493285046848516,-10.78117894267925
2017-11-03 10:00:00,1.0,0.0,0.0,1.0,29.5,61.0,21.3,1001.3,32.4,-5.66560136309447,-13.347320375060386
2017-11-03 11:00:00,1.0,0.2,0.02,0.99,30.4,58.0,21.1,1000.1,47.2,-6.548459953520384,-14.708081868045875
2017-11-03 12:00:00,1.0,0.31,0.18,0.99,30.5,57.0,21.0,999.0,46.1,-7.9029614945510795,-16.947955617585354
2017-11-03 13:00:00,1.0,0.1,0.1,1.0,30.3,55.0,20.3,997.6,44.3,-8.24105610394364,-17.673001847214675
2017-11-03 14:00:00,0.98,0.64,0.1,0.98,30.8,51.0,19.5,996.7,39.6,-7.4898901454967755,-19.511830913791513
2017-11-03 15:00:00,0.97,0.4,0.42,0.97,29.8,59.0,20.9,996.9,41.0,-12.662915910824823,-15.091075529443867
2017-11-03 16:00:00,1.0,0.38,0.33,1.0,29.1,61.0,20.8,997.9,38.2,-11.461863112573454,-11.869106705587745
2017-11-03 17:00:00,1.0,0.19,0.55,1.0,28.6,63.0,20.9,998.1,31.0,-9.008627491964484,-14.41681763465924
2017-11-03 18:00:00,0.99,0.28,0.65,0.98,27.5,68.0,21.2,998.8,33.5,-9.962482167584252,-15.943304207740809
2017-11-03 19:00:00,1.0,0.7,0.31,0.99,26.0,77.0,21.8,1000.0,36.7,-9.803502630270488,-15.096070223017634
2017-11-03 20:00:00,1.0,0.34,0.29,1.0,24.6,87.0,22.3,1000.5,31.3,-6.399486987251649,-11.544980134240022
2017-11-03 21:00:00,1.0,0.19,0.99,1.0,24.4,89.0,22.4,1001.3,22.7,-4.585304047369423,-8.999165894302516
2017-11-03 22:00:00,0.99,0.36,0.76,0.99,24.5,88.0,22.4,1001.7,22.3,-3.859306502340125,-12.623222778712067
2017-11-03 23:00:00,1.0,0.13,0.41,1.0,24.5,87.0,22.2,1000.9,25.6,-3.329275604289202,-14.420676958821483
2017-11-04 00:00:00,1.0,0.19,0.99,1.0,24.1,89.0,22.2,1000.3,25.6,-3.6493485359455424,-13.619554150675864
2017-11-04 01:00:00,1.0,0.0,0.41,1.0,24.0,90.0,22.2,999.1,27.0,-2.1293484446890014,-15.151101451746028
2017-11-04 02:00:00,1.0,0.55,0.58,1.0,23.9,90.0,22.0,998.5,27.4,-5.470235798849833,-12.887067948334165
2017-11-04 03:00:00,1.0,0.09,1.0,1.0,23.5,92.0,22.0,998.1,24.8,-5.088824883543263,-13.256842056260265
2017-11-04 04:00:00,1.0,0.0,0.99,1.0,23.5,90.0,21.8,998.1,32.8,-2.532950437473191,-18.02287885109658
2017-11-04 05:00:00,1.0,0.19,0.31,1.0,24.3,80.0,20.5,999.3,33.1,-4.309453805903425,-11.840127021902445
2017-11-04 06:00:00,1.0,0.99,0.68,0.99,24.6,79.0,20.7,999.9,25.9,-3.6493485359455424,-13.619554150675864
2017-11-04 07:00:00,1.0,0.04,0.99,0.99,25.0,80.0,21.2,1000.7,26.3,-3.1718098662484966,-13.738617913471817
2017-11-04 08:00:00,1.0,1.0,0.3,1.0,25.0,82.0,21.7,1001.5,29.2,-1.473851332073914,-14.022758724692652
2017-11-04 09:00:00,1.0,1.0,0.5,1.0,25.0,82.0,21.8,1001.8,31.3,-2.8651949315043503,-16.249327924701433
2017-11-04 10:00:00,1.0,0.45,0.91,1.0,25.6,77.0,21.4,1001.6,36.0,-5.044163611451085,-17.591089035671235
2017-11-04 11:00:00,1.0,0.45,0.92,1.0,25.1,83.0,22.0,1001.0,36.4,-4.233633172994185,-16.980175209829937
2017-11-04 12:00:00,1.0,0.0,0.32,1.0,24.6,89.0,22.7,999.8,33.1,-1.7671054793746384,-14.391919198799169
2017-11-04 13:00:00,1.0,0.47,0.99,1.0,24.7,91.0,23.2,998.6,27.7,-1.7671054793746384,-14.391919198799169
2017-11-04 14:00:00,1.0,0.3,1.0,1.0,24.4,92.0,23.0,998.1,29.2,-1.5156627173809754,-14.420567482839962
2017-11-04 15:00:00,1.0,0.07,0.38,1.0,24.0,93.0,22.8,998.1,27.0,-4.385575570841052,-14.344571339445531
2017-11-04 16:00:00,1.0,0.26,0.89,1.0,23.7,92.0,22.4,998.5,27.0,-2.158795617555186,-13.630099100212902
2017-11-04 17:00:00,1.0,0.15,0.54,1.0,24.1,89.0,22.3,998.6,24.8,-2.2839431895873705,-14.420249772689012
2017-11-04 18:00:00,1.0,0.38,0.21,1.0,24.1,90.0,22.5,999.4,27.4,-3.6772128131149495,-14.748495039395145
2017-11-04 19:00:00,1.0,0.33,0.21,1.0,24.1,91.0,22.5,1000.3,27.4,-1.730544676353094,-14.094155353306771
2017-11-04 20:00:00,1.0,0.47,0.18,1.0,23.9,92.0,22.5,1001.3,25.9,-5.088824883543263,-13.256842056260265
2017-11-04 21:00:00,1.0,1.0,0.39,1.0,23.7,94.0,22.6,1002.0,25.6,-4.944807033090038,-12.238826880281593
2017-11-04 22:00:00,1.0,1.0,0.63,1.0,23.4,95.0,22.6,1002.1,24.1,-4.232386007943037,-12.291741482791119
2017-11-04 23:00:00,1.0,0.66,0.2,1.0,23.4,95.0,22.6,1001.5,24.5,-2.5950023371210094,-13.35012969488823
2017-11-05 00:00:00,1.0,1.0,0.37,1.0,23.1,96.0,22.4,1000.8,24.1,-1.3588700224794952,-12.928784639787553
2017-11-05 01:00:00,1.0,1.0,0.49,1.0,23.0,97.0,22.5,1000.2,26.3,-0.7536377698983913,-14.380265300465863
2017-11-05 02:00:00,1.0,1.0,0.73,1.0,22.7,98.0,22.4,999.7,28.4,1.0812253430339474,-15.462242779027275
2017-11-05 03:00:00,1.0,1.0,0.4,1.0,22.6,99.0,22.5,999.4,33.8,-1.9233237241248238,-18.299202874776228
2017-11-05 04:00:00,1.0,1.0,0.46,1.0,22.6,97.0,22.2,999.4,34.9,-4.319060243402208,-18.707905243876517
2017-11-05 05:00:00,1.0,1.0,0.4,0.99,23.3,95.0,22.4,1000.0,36.4,-0.4397336584515122,-12.592324420440606
2017-11-05 06:00:00,1.0,0.95,0.51,0.99,23.5,93.0,22.4,1000.8,23.4,-0.7533699164365533,-10.773691742806102
2017-11-05 07:00:00,1.0,0.87,0.76,0.99,23.9,92.0,22.6,1001.4,24.8,-2.9107636714486307,-13.69406641027328
2017-11-05 08:00:00,1.0,0.58,0.94,1.0,24.3,91.0,22.8,1002.2,28.8,-3.507867486195182,-14.06928803100195
2017-11-05 09:00:00,0.99,0.97,0.68,0.99,24.8,89.0,23.0,1003.1,33.8,-7.175182379645789,-12.944371665663057
2017-11-05 10:00:00,1.0,0.93,0.79,0.99,25.2,89.0,23.3,1003.1,34.2,-3.9854575105905923,-9.389149505214892
2017-11-05 11:00:00,1.0,0.4,0.97,1.0,26.0,90.0,24.1,1002.1,24.1,-1.8467702839738944,-6.440453362786736
2017-11-05 12:00:00,1.0,0.23,0.87,1.0,24.6,89.0,22.8,1001.0,25.6,-2.5881904510252074,-9.659258262890683
2017-11-05 13:00:00,0.95,0.56,0.48,0.91,25.6,87.0,23.4,999.8,24.5,3.2687315981247385,-6.415246974156248
2017-11-05 14:00:00,0.78,0.48,0.39,0.62,27.0,80.0,23.3,998.9,19.1,3.550000000000003,-6.148780366869512
2017-11-05 15:00:00,0.99,0.62,0.91,0.99,26.5,81.0,23.0,998.9,22.3,-1.3638963894086413,-9.70462707366739
2017-11-05 16:00:00,1.0,0.4,0.66,1.0,25.6,90.0,23.8,999.4,20.9,-2.490620541896063,-3.9858260519352022
2017-11-05 17:00:00,1.0,0.0,0.98,1.0,24.9,90.0,23.2,999.8,16.2,-6.092338390726596,-3.239353783222647
2017-11-05 18:00:00,1.0,0.22,0.82,1.0,24.6,92.0,23.3,1000.3,18.7,-5.3813867847343415,-9.708278749247292
2017-11-05 19:00:00,1.0,0.32,0.44,1.0,24.5,92.0,23.0,1001.1,18.7,-3.1519733426244634,-9.700776466210565
2017-11-05 20:00:00,1.0,0.36,0.17,1.0,24.4,92.0,23.0,1002.3,17.6,-1.458644692402215,-8.272385125302547
2017-11-05 21:00:00,1.0,0.37,0.21,1.0,23.9,95.0,23.0,1003.4,14.0,-3.6149310334513594,-6.798696465013738
2017-11-05 22:00:00,1.0,0.46,0.21,1.0,23.6,96.0,23.0,1003.6,14.0,-3.603450996785793,-5.766727053863696
2017-11-05 23:00:00,1.0,1.0,0.39,1.0,23.4,97.0,22.9,1003.2,11.9,-0.7068421917498553,-5.756767679519667
2017-11-06 00:00:00,1.0,0.77,0.2,1.0,23.5,96.0,22.9,1002.3,14.8,1.0237024846032368,-8.337387673787106
2017-11-06 01:00:00,1.0,1.0,0.33,1.0,23.4,96.0,22.8,1001.5,16.9,-0.3280552690035091,-9.394273773979501
2017-11-06 02:00:00,1.0,1.0,0.98,1.0,23.3,96.0,22.6,1001.0,16.9,-1.8126854560771757,-9.325458242752807
2017-11-06 03:00:00,1.0,0.99,0.96,1.0,23.0,97.0,22.4,1000.9,19.1,2.645237086158283e-15,-10.8
2017-11-06 04:00:00,1.0,0.96,1.0,1.0,22.9,96.0,22.3,1001.0,20.2,2.3023359823970243e-15,-9.4
2017-11-06 05:00:00,1.0,1.0,0.68,1.0,23.1,95.0,22.3,1001.3,18.7,-2.158795617555186,-13.630099100212902
2017-11-06 06:00:00,1.0,0.58,0.45,1.0,23.1,96.0,22.4,1001.9,25.2,-2.5988961352219917,-12.226845009172571
2017-11-06 07:00:00,1.0,0.41,1.0,1.0,23.6,95.0,22.8,1002.5,24.1,-0.47812310482426323,-13.691654330161612
2017-11-06 08:00:00,1.0,0.28,0.74,1.0,24.4,91.0,22.9,1002.9,28.4,-2.1293484446890014,-15.151101451746028
2017-11-06 09:00:00,0.99,0.52,0.22,0.99,25.4,85.0,22.7,1003.3,35.3,-2.532950437473191,-18.02287885109658
2017-11-06 10:00:00,1.0,1.0,0.16,0.99,27.0,79.0,23.0,1003.7,37.1,-5.5188664229976245,-14.377138568056907
2017-11-06 11:00:00,1.0,1.0,0.19,0.96,27.5,79.0,23.5,1002.9,34.6,-5.367251924106883,-11.510108895365454
2017-11-06 12:00:00,0.98,0.38,0.78,0.97,26.2,82.0,23.0,1002.0,33.8,-8.58469208057792,-13.7383791577341
2017-11-06 13:00:00,0.98,0.31,0.33,0.97,26.7,80.0,23.0,1000.4,33.5,-5.874393838195722,-12.597678239809435
2017-11-06 14:00:00,0.97,0.31,0.19,0.96,28.7,74.0,23.7,999.3,31.3,-4.014873486536644,-8.609923976848174
2017-11-06 15:00:00,1.0,0.98,0.88,0.98,24.9,91.0,23.3,999.8,32.4,-8.302838622659698,-5.391926446648768
2017-11-06 16:00:00,0.99,0.78,0.3,0.98,24.9,91.0,23.4,1000.5,19.8,-3.6133052743378347,-4.012982057577929
2017-11-06 17:00:00,1.0,0.1,0.77,0.92,25.1,91.0,23.5,1000.3,17.6,-0.7097828148963337,-5.050367150582009
2017-11-06 18:00:00,0.99,0.17,0.76,0.98,25.0,92.0,23.5,1001.0,10.4,-0.7068421917498553,-5.756767679519667
2017-11-06 19:00:00,0.99,0.93,0.69,0.99,24.5,95.0,23.6,1002.0,13.0,-2.490620541896063,-3.9858260519352022
2017-11-06 20:00:00,1.0,0.9,0.81,1.0,24.2,96.0,23.5,1003.0,13.0,-3.233246532964663,-2.1808523235359125
2017-11-06 21:00:00,1.0,1.0,0.94,1.0,24.0,97.0,23.4,1004.0,14.0,-5.37401153701776,-5.374011537017761
2017-11-06 22:00:00,1.0,0.99,0.87,1.0,23.5,97.0,23.0,1004.1,23.8,-8.273435647318816,-5.7931220071455645
2017-11-06 23:00:00,1.0,0.42,0.9,1.0,23.1,98.0,22.7,1004.0,23.0,-4.981083229470295,-4.329989591337347
2017-11-07 00:00:00,1.0,0.47,1.0,1.0,22.8,98.0,22.5,1003.3,15.8,1.4326213531414123,-4.685893304218873
2017-11-07 01:00:00,1.0,0.96,0.91,1.0,22.8,97.0,22.2,1002.2,13.7,3.550000000000003,-6.148780366869512
2017-11-07 02:00:00,1.0,0.37,0.78,1.0,22.6,96.0,22.0,1001.4,15.1,1.1090110249868397,-9.03216997993603
2017-11-07 03:00:00,0.97,0.29,0.27,0.94,22.7,96.0,22.0,1001.5,16.6,0.7212463965468086,-6.862201078041086
2017-11-07 04:00:00,1.0,1.0,0.93,0.99,22.7,96.0,22.0,1001.7,12.2,0.7352419856890863,-4.6421352007971475
2017-11-07 05:00:00,1.0,0.88,0.82,1.0,23.2,95.0,22.4,1002.1,9.0,0.3558845024520217,-6.790680836331102
2017-11-07 06:00:00,1.0,1.0,0.91,0.98,23.4,96.0,22.7,1002.8,13.7,1.7542302283364228,-5.7378285357782115
2017-11-07 07:00:00,0.99,0.39,0.96,0.98,23.5,96.0,22.9,1003.6,16.6,2.159530121701107,-9.353952621938257
2017-11-07 08:00:00,0.98,0.49,0.39,0.97,24.2,91.0,22.6,1004.3,22.3,-0.7812725059342034,-11.17271736291003
2017-11-07 09:00:00,0.97,0.66,0.37,0.96,25.1,88.0,23.1,1004.4,25.6,2.9881381899195417e-15,-12.2
2017-11-07 10:00:00,0.96,0.4,0.34,0.95,26.2,81.0,22.6,1004.2,34.2,-4.658271313307285,-16.245322661357587
2017-11-07 11:00:00,0.98,0.36,0.28,0.97,27.9,71.0,22.1,1003.3,36.4,-7.199238582441663,-16.169754600274036
2017-11-07 12:00:00,0.96,0.14,0.37,0.95,28.6,71.0,22.9,1002.1,36.7,-7.951729911219395,-12.24459029200319
2017-11-07 13:00:00,0.98,0.51,0.64,0.98,26.3,79.0,22.5,1001.4,37.8,-12.29898685472831,-9.267951356541543
2017-11-07 14:00:00,0.87,0.1,0.15,0.86,26.5,79.0,22.6,1000.3,32.8,-3.9854575105905923,-9.389149505214892
2017-11-07 15:00:00,0.81,0.17,0.13,0.78,28.1,73.0,22.9,1000.3,29.5,-5.085105302753298,-10.426010937070338
2017-11-07 16:00:00,0.96,0.43,0.29,0.95,26.9,75.0,22.2,1000.8,28.8,-5.39941592136693,-6.4347733221994154
2017-11-07 17:00:00,0.99,1.0,0.38,0.99,26.1,81.0,22.5,1001.3,22.3,-4.289848881466277,-3.5996106142446203
2017-11-07 18:00:00,1.0,0.36,0.36,1.0,25.0,89.0,23.0,1002.1,13.3,-2.1729143493093033,-0.34415582308850806
2017-11-07 19:00:00,1.0,0.47,0.36,0.99,24.5,92.0,23.0,1003.1,8.6,0.7269507745119705,-1.0777488443215544
2017-11-07 20:00:00,1.0,0.41,0.31,0.99,24.0,95.0,23.1,1004.0,10.1,0.3534210958749269,-2.878383839759834
2017-11-07 21:00:00,1.0,0.24,0.27,1.0,23.8,94.0,22.9,1004.5,11.5,0.37476969381493075,-4.283637201794505
2017-11-07 22:00:00,1.0,0.76,0.43,1.0,23.7,93.0,22.5,1004.3,9.7,-2.5357095704441965,-5.437846722219899
2017-11-07 23:00:00,0.99,0.58,0.4,0.99,23.8,93.0,22.6,1004.0,13.7,-3.6319239979163744,-7.128052193506943
2017-11-08 00:00:00,0.99,0.28,0.34,0.99,23.2,95.0,22.4,1003.5,14.0,-2.5085756468171017,-6.535062985480412
2017-11-08 01:00:00,1.0,0.4,0.25,1.0,23.0,96.0,22.4,1002.9,11.9,-0.3278554265973889,-4.688551036221174
2017-11-08 02:00:00,1.0,0.42,0.31,1.0,23.0,96.0,22.4,1002.3,11.5,-0.7555899291119144,-6.153786140176196
2017-11-08 03:00:00,0.99,0.78,0.24,0.98,22.9,96.0,22.2,1001.9,13.7,-1.3891854213354426,-7.878462024097664
2017-11-08 04:00:00,0.99,0.22,0.27,0.98,22.9,95.0,22.0,1001.9,19.8,-2.5644420195200612,-11.107818738551682
2017-11-08 05:00:00,0.98,0.4,0.27,0.98,23.4,94.0,22.3,1002.7,21.2,-1.4136843834997106,-11.513535359039334
2017-11-08 06:00:00,1.0,0.35,0.19,0.99,23.7,92.0,22.3,1003.3,21.2,-0.3908743630680108,-11.193177262613872
2017-11-08 07:00:00,1.0,0.34,0.19,1.0,24.2,90.0,22.5,1004.0,20.2,-0.3524849166952598,-10.093847352892867
2017-11-08 08:00:00,1.0,0.34,0.2,1.0,25.2,85.0,22.5,1004.7,23.8,-1.830283240970701,-11.555953584963111
2017-11-08 09:00:00,1.0,0.22,0.14,1.0,26.5,80.0,22.7,1005.1,25.2,-3.557009490586955,-9.772803256173448
2017-11-08 10:00:00,0.99,0.61,0.14,0.99,27.4,78.0,23.2,1004.9,25.2,-2.5648410533120636,-7.893769085249775
2017-11-08 11:00:00,1.0,1.0,0.23,0.99,28.0,78.0,23.8,1004.1,25.9,-2.5436338310878095,-8.319851376878407
2017-11-08 12:00:00,1.0,0.99,0.28,0.98,28.0,78.0,23.9,1002.7,25.6,-3.221616703376843,-7.973781149274371
2017-11-08 13:00:00,1.0,0.03,0.21,1.0,28.7,76.0,24.0,1001.2,24.5,-4.289848881466277,-3.5996106142446203
2017-11-08 14:00:00,0.99,0.09,0.63,0.98,25.8,84.0,22.9,1001.0,31.0,2.4737865342776532e-15,-10.1
2017-11-08 15:00:00,0.9,0.21,0.14,0.88,26.5,80.0,22.9,1000.8,23.4,-0.7068421917498553,-5.756767679519667
2017-11-08 16:00:00,0.74,0.12,0.55,0.54,26.6,80.0,22.8,1001.2,17.3,-1.0324674692655236,-6.518743047927909
2017-11-08 17:00:00,0.98,0.33,0.83,0.88,25.1,89.0,23.2,1001.9,17.3,-5.043268823083022,-3.9402334420842133
2017-11-08 18:00:00,0.96,0.54,0.37,0.94,24.5,93.0,23.2,1002.2,13.3,-4.3458286986186065,0.6883116461770157
2017-11-08 19:00:00,0.98,0.12,0.61,0.96,24.2,95.0,23.4,1002.8,12.2,2.475670171853926,0.3479327524001646
2017-11-08 20:00:00,0.98,0.18,0.39,0.97,24.2,94.0,23.1,1003.7,12.6,7.558529312547012,-1.4692292643993974
2017-11-08 21:00:00,0.98,0.13,0.23,0.97,24.0,94.0,23.1,1004.0,14.4,7.892397524760405,-1.8221035401853058
2017-11-08 22:00:00,0.98,0.12,0.2,0.98,23.7,95.0,22.9,1003.8,15.5,7.929958065276475,-4.040515447681965
2017-11-08 23:00:00,0.97,0.08,0.07,0.97,23.5,94.0,22.5,1003.2,15.5,7.2125668843306485,-4.683895701129229
2017-11-09 00:00:00,0.99,0.06,0.15,0.98,23.4,94.0,22.4,1002.5,15.1,6.798696465013739,-3.6149310334513562
2017-11-09 01:00:00,1.0,0.1,0.39,0.99,23.1,95.0,22.2,1002.1,13.7,5.421022142882376,-1.7613968679371992
2017-11-09 02:00:00,1.0,0.48,0.51,1.0,23.0,96.0,22.2,1001.6,14.4,8.817456953860943e-16,-3.6
2017-11-09 03:00:00,1.0,0.18,0.35,1.0,23.3,92.0,22.0,1001.1,14.4,8.817456953860943e-16,-3.6
2017-11-09 04:00:00,1.0,0.21,0.46,1.0,23.1,94.0,22.0,1001.3,11.5,-1.3471114790620887e-16,1.1
2017-11-09 05:00:00,0.99,0.19,0.61,0.98,23.5,93.0,22.4,1001.5,10.4,-2.180852323535913,-3.233246532964663
2017-11-09 06:00:00,0.96,0.05,0.35,0.94,24.0,91.0,22.5,1001.9,11.5,1.6655196468404002e-15,-6.8
2017-11-09 07:00:00,0.96,0.02,0.21,0.96,25.1,86.0,22.7,1002.9,16.2,1.934941942652818e-15,-7.9
2017-11-09 08:00:00,0.95,0.03,0.14,0.94,26.2,81.0,22.8,1003.5,23.8,-4.233054505599806,-10.4771775566047
2017-11-09 09:00:00,0.91,0.13,0.11,0.9,27.8,71.0,22.0,1003.8,30.2,-5.394334945189133,-13.351447505761739
2017-11-09 10:00:00,0.96,0.14,0.14,0.95,28.9,63.0,21.0,1003.2,33.8,-5.506524307543267,-15.129051194653128
2017-11-09 11:00:00,0.99,0.07,0.12,0.99,29.5,60.0,20.9,1002.3,34.2,-3.2226312076752697,-15.161287811373988
2017-11-09 12:00:00,0.95,0.07,0.15,0.94,29.9,59.0,21.0,1001.3,37.1,-4.418943019561748,-13.600108183020696
2017-11-09 13:00:00,0.97,0.1,0.19,0.96,30.0,58.0,20.8,1000.3,34.6,-5.367251924106883,-11.510108895365454
2017-11-09 14:00:00,0.95,0.06,0.22,0.94,29.9,58.0,20.8,999.3,28.1,-4.691062705321763,-10.060016436106814
2017-11-09 15:00:00,0.46,0.03,0.19,0.38,29.9,57.0,20.5,998.8,24.1,-4.999999999999999,-8.660254037844387
2017-11-09 16:00:00,0.3,0.11,0.26,0.13,29.9,56.0,20.3,999.3,20.9,-4.015035054457322,-5.7340643100229425
2017-11-09 17:00:00,0.51,0.13,0.34,0.46,28.3,66.0,21.5,999.4,13.7,-6.10580806867569,1.076618701534968
2017-11-09 18:00:00,0.59,0.24,0.49,0.18,26.4,78.0,22.2,1000.1,15.1,-6.1886185578267305,5.379684037722158
2017-11-09 19:00:00,0.63,0.39,0.48,0.24,25.8,79.0,21.8,1001.0,14.0,-4.023790324368742,4.314986839553106
2017-11-09 20:00:00,0.83,0.19,0.68,0.47,25.6,81.0,22.1,1002.2,9.7,0.3486229709906318,3.984778792366982
2017-11-09 21:00:00,0.94,0.19,0.88,0.51,25.5,83.0,22.5,1002.7,11.9,3.5875911898228936,6.47218583283153
2017-11-09 22:00:00,0.55,0.21,0.24,0.38,24.9,84.0,22.1,1002.7,13.7,3.2132194802988217,7.217009115376547
2017-11-09 23:00:00,0.84,0.27,0.12,0.78,24.4,84.0,21.5,1002.4,13.7,2.880147736233118,3.9641832724372428
2017-11-10 00:00:00,1.0,0.17,0.13,1.0,24.0,85.0,21.2,1001.7,9.4,5.4091846272187825,1.4493866525741155
2017-11-10 01:00:00,0.91,0.03,0.03,0.91,23.8,85.0,21.2,1000.8,11.5,6.5,1.1940306291686693e-15
2017-11-10 02:00:00,0.63,0.07,0.02,0.62,23.1,89.0,21.2,1000.2,11.9,6.858073366652386,-1.837615220227894
2017-11-10 03:00:00,0.18,0.08,0.05,0.12,22.9,90.0,21.2,1000.1,12.6,5.032023407672545,-3.26783421009016
2017-11-10 04:00:00,0.05,0.03,0.02,0.01,22.9,91.0,21.2,1000.3,11.5,5.420413862312149,-3.9381611903595686
2017-11-10 05:00:00,0.16,0.01,0.02,0.94,22.5,94.0,21.5,1000.6,11.5,2.500000000000002,-4.330127018922192
2017-11-10 06:00:00,0.94,0.0,0.01,0.94,23.9,85.0,21.2,1001.0,9.7,0.3557580160950407,-5.087576656325103
2017-11-10 07:00:00,0.94,0.0,0.01,0.94,25.7,75.0,21.0,1001.8,15.5,-0.662383644882202,-7.571079705497266
2017-11-10 08:00:00,0.91,0.0,0.0,0.91,26.9,70.0,21.0,1002.5,20.5,-0.30013567164150834,-8.594761112364223
2017-11-10 09:00:00,0.75,0.0,0.01,0.75,28.3,64.0,20.8,1002.9,23.4,1.0243789400230034,-9.746314574609078
2017-11-10 10:00:00,0.83,0.02,0.17,0.8,29.5,60.0,20.8,1002.7,25.2,0.37691456438700893,-10.793420931806235
2017-11-10 11:00:00,0.53,0.02,0.46,0.42,30.2,56.0,20.5,1001.9,38.9,-1.8231676225768572,-12.972511700514572
2017-11-10 12:00:00,0.65,0.0,0.06,0.64,30.6,53.0,19.9,1000.4,29.5,-1.7257464519048116,-12.279324052395474
2017-11-10 13:00:00,0.89,0.0,0.02,0.89,31.0,50.0,19.5,999.5,29.2,-4.583069920563961,-12.591881118531173
2017-11-10 14:00:00,0.93,0.0,0.09,0.92,30.9,53.0,20.1,998.7,29.5,-6.0834726965099275,-11.93948742412413
2017-11-10 15:00:00,0.98,0.02,0.12,0.97,30.6,55.0,20.5,998.7,28.8,-7.159029241249753,-11.914625479759362
2017-11-10 16:00:00,0.99,0.03,0.22,0.99,29.9,58.0,20.6,999.3,28.4,-5.0886554215837965,-7.5442419102508795
2017-11-10 17:00:00,1.0,0.01,0.02,0.99,28.5,60.0,19.9,999.1,24.8,-10.861442936643183,-8.184684314867857
2017-11-10 18:00:00,0.97,0.03,0.17,0.96,27.0,65.0,19.9,1000.3,25.6,-8.66137917279373,-9.288192010563463
2017-11-10 19:00:00,0.99,0.02,0.88,0.97,26.5,69.0,20.4,1001.8,22.7,-9.056514962673264,-7.872708347886087
2017-11-10 20:00:00,1.0,0.0,0.64,1.0,26.4,71.0,20.6,1002.9,21.6,-7.2166493188955805,-8.301805382450492
2017-11-10 21:00:00,1.0,0.02,0.48,1.0,26.2,70.0,20.4,1003.0,19.8,-4.298042413382012,-10.125553387976844
2017-11-10 22:00:00,1.0,0.02,0.4,1.0,25.9,72.0,20.5,1002.9,21.6,-4.962187045524762,-11.14525458323973
2017-11-10 23:00:00,1.0,0.03,0.71,1.0,25.5,75.0,20.7,1002.6,21.6,-2.159530121701104,-9.353952621938259
2017-11-11 00:00:00,1.0,0.02,1.0,1.0,25.0,78.0,21.0,1001.7,16.9,2.1490212066910064,-5.062776693988422
2017-11-11 01:00:00,1.0,0.1,1.0,1.0,24.9,80.0,21.1,1001.4,17.3,-2.1414904154229215,-10.0749202875582
2017-11-11 02:00:00,1.0,0.0,0.43,1.0,25.2,78.0,21.1,1000.8,23.8,-2.9018686010358588,-12.569373835729534
2017-11-11 03:00:00,1.0,0.01,0.37,1.0,24.9,80.0,21.1,1000.4,23.4,0.28966582263075685,-8.294943864258496
2017-11-11 04:00:00,1.0,0.01,0.35,1.0,24.5,82.0,21.2,1000.3,14.0,1.0766187015349684,-6.10580806867569
2017-11-11 05:00:00,1.0,0.0,0.38,1.0,24.3,84.0,21.4,1000.6,11.5,2.9000000000000026,-5.022947341949743
2017-11-11 06:00:00,1.0,0.0,0.76,1.0,24.7,83.0,21.5,1001.1,11.5,3.2447398719333433,-5.400153994423306
2017-11-11 07:00:00,1.0,0.0,0.52,1.0,25.8,79.0,21.9,1001.9,14.8,2.4967470462773806,-6.859756131737131
2017-11-11 08:00:00,1.0,0.0,0.48,1.0,27.0,73.0,21.7,1002.9,18.7,0.7582549619046273,-8.666893873398186
2017-11-11 09:00:00,1.0,0.0,1.0,1.0,27.7,71.0,22.0,1003.6,20.2,2.153104870837044,-8.635631963856369
2017-11-11 10:00:00,0.99,0.0,0.49,0.99,28.1,69.0,22.0,1002.9,21.6,2.2495105434386535,-9.743700647852352
2017-11-11 11:00:00,0.97,0.17,0.25,0.96,29.8,60.0,21.1,1001.9,31.3,-2.073679204304975,-14.7549942242494
2017-11-11 12:00:00,0.96,0.09,0.18,0.96,30.7,55.0,20.6,1000.7,33.1,-5.078863209531645,-14.750089779349343
2017-11-11 13:00:00,0.93,0.11,0.15,0.91,31.5,51.0,20.0,999.6,40.0,-6.0954056044326705,-14.35987571385807
2017-11-11 14:00:00,0.96,0.04,0.11,0.96,31.3,51.0,20.0,998.8,33.1,-8.58469208057792,-13.7383791577341
2017-11-11 15:00:00,0.99,0.0,0.06,0.99,30.9,52.0,19.9,998.5,33.1,-8.555651423102429,-12.68427486009214
2017-11-11 16:00:00,0.98,0.0,0.07,0.98,30.0,57.0,20.6,998.9,30.2,-7.988571260278468,-8.272407703894489
2017-11-11 17:00:00,1.0,0.07,0.01,0.96,29.0,61.0,20.8,999.1,20.9,-6.874724795220202,-6.410784584587486
2017-11-11 18:00:00,0.98,0.0,0.04,0.98,28.0,63.0,20.4,999.9,20.2,-9.036509540849956,-6.09520264783114
2017-11-11 19:00:00,0.98,0.01,0.1,0.98,27.1,68.0,20.7,1000.7,19.1,-5.766727053863696,-3.603450996785793
2017-11-11 20:00:00,0.97,0.01,0.08,0.97,26.2,78.0,22.1,1001.2,11.2,-6.518743047927909,-1.032467469265524
2017-11-11 21:00:00,0.95,0.0,0.13,0.95,25.5,81.0,22.0,1001.6,7.2,-3.2498011250210603,4.312631754255382
2017-11-11 22:00:00,0.98,0.05,0.14,0.98,25.3,79.0,21.4,1001.6,6.5,2.1649947956686733,2.490541614735148
2017-11-11 23:00:00,0.19,0.16,0.16,0.02,24.9,84.0,22.0,1001.4,7.9,2.8991378028648445,2.8991378028648453
2017-11-12 00:00:00,0.53,0.17,0.25,0.35,24.4,92.0,22.9,1001.1,6.5,3.2118269105225195,3.5670951622914924
2017-11-12 01:00:00,0.74,0.14,0.28,0.63,24.4,92.0,23.0,1000.5,5.4,1.4554435894139948,-0.36288284339950116
2017-11-12 02:00:00,1.0,0.0,0.11,1.0,24.4,91.0,22.7,999.7,3.2,1.7669289302057951,0.3434561916777803
2017-11-12 03:00:00,0.95,0.01,0.0,0.95,24.0,93.0,22.8,999.0,7.9,4.283637201794505,-0.3747696938149289
2017-11-12 04:00:00,0.92,0.1,0.01,0.92,23.5,96.0,22.8,999.4,7.9,2.5079526825623377,-1.8221342821066662
2017-11-12 05:00:00,0.94,0.01,0.01,1.0,23.6,96.0,22.9,1000.0,5.8,3.9641832724372423,2.880147736233119
2017-11-12 06:00:00,1.0,0.0,0.01,1.0,24.2,92.0,22.9,1000.6,10.8,3.9381611903595695,5.420413862312148
2017-11-12 07:00:00,0.98,0.0,0.01,0.98,25.9,84.0,23.0,1001.2,14.8,3.6347538725598536,5.388744221607772
2017-11-12 08:00:00,0.93,0.0,0.01,0.93,27.5,74.0,22.5,1001.6,18.0,3.9758649556096977,6.122295146001595
2017-11-12 09:00:00,0.59,0.0,0.01,0.58,29.0,68.0,22.4,1001.6,19.8,5.020458146424486,5.020458146424488
2017-11-12 10:00:00,0.43,0.04,0.04,0.4,30.0,64.0,22.5,1001.3,22.0,6.139453095510068,4.971631089293719
2017-11-12 11:00:00,0.79,0.04,0.06,0.78,30.8,61.0,22.4,1000.6,30.2,5.043268823083022,3.940233442084212
2017-11-12 12:00:00,0.38,0.07,0.02,0.36,31.5,59.0,22.5,999.6,28.8,3.9597979746446654,3.9597979746446668
2017-11-12 13:00:00,0.21,0.18,0.13,0.06,31.5,58.0,22.4,998.7,24.5,3.9641832724372423,2.880147736233119
2017-11-12 14:00:00,0.47,0.23,0.3,0.27,30.6,61.0,22.2,998.1,20.2,1.4235782507653008,3.197409101749103
2017-11-12 15:00:00,0.93,0.25,0.34,0.9,27.6,71.0,22.0,998.1,16.6,-2.1631599146222276,-3.600102662948872
2017-11-12 16:00:00,0.96,0.18,0.44,0.95,28.3,69.0,22.1,998.5,17.6,-1.453901549023942,-2.1554976886431088
2017-11-12 17:00:00,0.95,0.18,0.36,0.9,27.8,74.0,22.9,998.2,12.6,-3.600102662948872,-2.1631599146222276
2017-11-12 18:00:00,0.92,0.18,0.22,0.89,26.9,80.0,23.1,998.9,7.6,-3.96029588778518,-1.061158084920335
2017-11-12 19:00:00,0.93,0.2,0.53,0.86,26.2,89.0,24.3,1000.0,11.5,-5.0,-3.061616997868383e-16
2017-11-12 20:00:00,0.84,0.14,0.39,0.77,26.0,89.0,24.0,1000.4,11.5,-5.3989495089621515,1.0494494745709964
2017-11-12 21:00:00,0.95,0.2,0.32,0.93,26.2,87.0,23.9,1001.0,6.5,0.7423384793347544,3.2154212137912763
2017-11-12 22:00:00,0.66,0.17,0.22,0.62,26.0,87.0,23.7,1000.7,7.2,3.5748714227020644,2.894873798829254
2017-11-12 23:00:00,1.0,0.19,0.13,1.0,26.0,83.0,23.0,1000.2,10.8,6.5,1.1940306291686693e-15
2017-11-13 00:00:00,0.99,0.12,0.08,0.99,25.9,82.0,22.5,999.7,13.3,7.6000865053248345,-1.7546182238821464
2017-11-13 01:00:00,0.89,0.15,0.09,0.87,25.0,86.0,22.5,999.0,14.0,7.1718815985430435,-3.9754388860199654
2017-11-13 02:00:00,0.82,0.16,0.07,0.8,24.6,87.0,22.4,998.4,14.0,7.920591775570361,-2.122316169840666
2017-11-13 03:00:00,0.19,0.09,0.02,0.16,24.5,87.0,22.1,998.1,13.7,6.440453362786736,-1.846770283973896
2017-11-13 04:00:00,0.11,0.03,0.03,0.09,24.3,87.0,22.0,998.3,13.3,7.889173324561134,-0.4134540543192572
2017-11-13 05:00:00,0.1,0.0,0.02,0.97,24.3,89.0,22.5,998.3,16.6,7.165878439167946,-1.3929056662487793
2017-11-13 06:00:00,0.89,0.0,0.03,0.89,24.6,88.0,22.5,999.1,15.1,7.871577364254561,-4.363286582217036
2017-11-13 07:00:00,0.63,0.0,0.05,0.61,26.1,83.0,22.9,1000.3,17.6,4.702282018339787,-6.472135954999579
2017-11-13 08:00:00,0.26,0.0,0.09,0.2,27.6,76.0,23.1,1001.0,18.7,2.508575646817105,-6.535062985480411
2017-11-13 09:00:00,0.34,0.06,0.07,0.28,28.8,72.0,23.3,1001.3,18.7,0.709782814896336,-5.050367150582008
2017-11-13 10:00:00,0.35,0.03,0.1,0.29,29.9,68.0,23.3,1001.0,18.4,2.545584412271572,-2.5455844122715705
2017-11-13 11:00:00,0.6,0.07,0.13,0.54,30.9,64.0,23.1,1000.2,19.1,1.8,3.3065463576978537e-16
2017-11-13 12:00:00,0.75,0.12,0.13,0.71,31.6,62.0,23.3,999.3,18.4,1.0606601717798212,1.0606601717798214
2017-11-13 13:00:00,0.82,0.29,0.11,0.76,31.0,60.0,22.4,998.2,17.6,3.2154212137912763,-0.7423384793347542
2017-11-13 14:00:00,0.86,0.04,0.23,0.83,29.8,66.0,22.8,997.5,26.3,-11.15840085217396,-2.782101799396178
2017-11-13 15:00:00,0.81,0.27,0.44,0.72,28.2,71.0,22.5,997.5,29.5,-1.0793978087775937,6.81504955010645
2017-11-13 16:00:00,0.8,0.0,0.25,0.77,27.0,80.0,23.2,997.6,27.0,2.588190451025208,9.659258262890683
2017-11-13 17:00:00,0.43,0.07,0.27,0.36,28.7,70.0,22.8,997.4,19.8,2.116193003971519,6.145870741395559
2017-11-13 18:00:00,0.28,0.05,0.19,0.11,27.2,76.0,22.8,997.8,11.5,-0.7352419856890856,4.6421352007971475
2017-11-13 19:00:00,0.14,0.05,0.14,0.0,26.6,81.0,23.1,998.6,7.6,-2.907803098047884,4.310995377286217
2017-11-13 20:00:00,0.28,0.0,0.09,0.24,26.2,84.0,23.2,999.6,11.2,-1.4171916423663506,6.1385314081469815
2017-11-13 21:00:00,0.86,0.0,0.07,0.85,25.4,88.0,23.3,1000.2,10.8,3.600102662948871,2.1631599146222285
2017-11-13 22:00:00,0.3,0.0,0.05,0.27,25.6,85.0,23.0,1000.0,9.4,5.4378467222198985,-2.5357095704441974
2017-11-13 23:00:00,0.1,0.0,0.04,0.06,26.1,75.0,21.2,999.4,19.1,11.485038046337667,-2.2324652459055776
2017-11-14 00:00:00,0.3,0.0,0.03,0.29,25.4,76.0,20.9,998.7,25.6,14.8,2.718715894107124e-15
2017-11-14 01:00:00,0.24,0.0,0.02,0.24,24.9,77.0,20.6,997.9,27.4,13.647867363856914,-1.194033675642913
2017-11-14 02:00:00,0.28,0.0,0.02,0.27,24.2,80.0,20.5,997.5,24.1,9.71197111365321,-4.948496447161059
2017-11-14 03:00:00,0.1,0.0,0.01,0.09,23.7,83.0,20.6,997.1,19.4,8.980088637561918,-6.5244163004464495
2017-11-14 04:00:00,0.78,0.0,0.0,0.78,23.2,85.0,20.6,997.7,19.4,7.538315826132616,-6.104407793183423
2017-11-14 05:00:00,0.64,0.07,0.0,0.0,23.1,94.0,22.0,998.5,17.3,2.1727182418122917,-5.377666356487366
2017-11-14 06:00:00,0.28,0.28,0.01,0.0,24.0,92.0,22.7,999.5,12.2,1.4205902870109297e-15,-5.8
2017-11-14 07:00:00,0.44,0.31,0.1,0.18,25.8,88.0,23.6,1000.5,14.0,-2.149021206691006,-5.062776693988422
2017-11-14 08:00:00,0.25,0.24,0.14,0.0,27.1,82.0,23.8,1001.0,14.4,-2.180852323535913,-3.233246532964663
2017-11-14 09:00:00,0.78,0.4,0.14,0.62,28.3,75.0,23.5,1001.4,15.5,-0.7257656867990032,-2.9108871788279895
2017-11-14 10:00:00,0.84,0.15,0.16,0.82,29.4,68.0,22.8,1001.1,14.4,1.447436899414627,-1.7874357113510322
2017-11-14 11:00:00,0.83,0.14,0.11,0.8,30.5,61.0,22.0,1000.0,14.4,1.437543918085127,1.083267041673687
2017-11-14 12:00:00,0.73,0.03,0.05,0.72,31.4,52.0,20.4,998.9,16.2,2.875087836170254,2.166534083347374
2017-11-14 13:00:00,0.81,0.03,0.06,0.8,32.0,47.0,19.5,997.6,19.1,6.1458707413955596,2.116193003971518
2017-11-14 14:00:00,0.12,0.0,0.05,0.07,32.5,44.0,18.8,996.5,20.5,6.88793918147854,3.2118987892293136
2017-11-14 15:00:00,0.07,0.0,0.05,0.03,32.5,43.0,18.3,996.3,19.8,6.472135954999579,4.702282018339786
2017-11-14 16:00:00,0.38,0.0,0.17,0.26,31.5,45.0,18.2,996.9,18.4,-3.2498011250210603,4.312631754255382
2017-11-14 17:00:00,0.67,0.0,0.07,0.72,27.9,77.0,23.5,997.4,23.8,-10.465180361560904,10.465180361560902
2017-11-14 18:00:00,0.68,0.0,0.07,0.66,26.6,80.0,22.9,997.9,26.3,-1.7902220274375413,7.180188374442374
2017-11-14 19:00:00,0.1,0.0,0.1,0.0,26.2,83.0,23.1,998.9,12.2,-2.891410350820626,6.811735915548059
2017-11-14 20:00:00,0.16,0.0,0.16,0.0,25.6,84.0,22.8,999.6,13.0,-1.4493866525741177,5.409184627218782
2017-11-14 21:00:00,0.21,0.0,0.21,0.0,25.0,88.0,23.0,1000.0,8.6,-1.4846769586695103,6.430842427582552
2017-11-14 22:00:00,0.18,0.0,0.17,0.02,24.9,89.0,23.0,1000.1,7.2,1.4333142502483949,4.998560818879258
2017-11-14 23:00:00,0.15,0.0,0.05,0.1,24.4,91.0,22.8,999.6,6.8,3.6160170328104706,1.460965714322058
2017-11-15 00:00:00,0.32,0.0,0.02,0.31,24.8,85.0,22.1,999.0,13.3,8.594761112364223,-0.300135671641511
2017-11-15 01:00:00,0.32,0.0,0.01,0.31,25.5,74.0,20.4,998.2,25.9,15.097700196861508,0.26353133720298083
2017-11-15 02:00:00,0.35,0.0,0.02,0.34,25.0,77.0,20.7,997.9,27.0,15.079305974794064,-0.7902729392684535
2017-11-15 03:00:00,0.49,0.0,0.04,0.47,24.8,80.0,21.1,997.7,27.7,15.497639274924065,-0.2705122997778885
2017-11-15 04:00:00,0.09,0.0,0.02,0.07,24.6,82.0,21.4,998.0,28.1,15.844289099865126,-2.2267696153610474
2017-11-15 05:00:00,0.06,0.0,0.0,0.15,23.7,89.0,21.9,998.7,28.1,9.353074360871938,-5.400000000000001
2017-11-15 06:00:00,0.07,0.0,0.0,0.07,23.9,87.0,21.6,999.7,19.8,8.683011669463312,-6.079910225321088
2017-11-15 07:00:00,0.19,0.0,0.0,0.19,25.5,80.0,21.8,1000.5,20.5,7.928366544874486,-5.760295472466235
2017-11-15 08:00:00,0.25,0.0,0.0,0.25,27.8,70.0,21.9,1001.3,20.9,6.876644452187055,-4.99617464448602
2017-11-15 09:00:00,0.38,0.0,0.0,0.38,29.3,66.0,22.4,1001.6,20.9,3.199743493625823,-5.772490067120012
2017-11-15 10:00:00,0.53,0.02,0.02,0.52,30.5,62.0,22.4,1001.3,19.8,2.179154398749825,-4.276831316104166
2017-11-15 11:00:00,0.26,0.01,0.0,0.26,31.4,57.0,21.8,1000.4,18.0,3.2,5.878304635907295e-16
2017-11-15 12:00:00,0.32,0.05,0.0,0.31,32.3,50.0,20.5,999.2,18.4,4.679622242152313,2.488199282765221
2017-11-15 13:00:00,0.57,0.01,0.13,0.5,32.8,46.0,19.5,998.1,21.6,7.97378114927437,3.2216167033768457
2017-11-15 14:00:00,0.46,0.01,0.22,0.31,33.0,43.0,18.9,997.0,24.8,11.10781873855168,2.564442019520064
2017-11-15 15:00:00,0.65,0.0,0.06,0.63,33.1,42.0,18.6,996.7,27.7,12.238826880281591,4.944807033090042
2017-11-15 16:00:00,0.91,0.0,0.01,0.91,31.6,48.0,19.1,997.0,27.0,5.000000000000001,8.660254037844386
2017-11-15 17:00:00,0.89,0.0,0.03,0.02,28.5,73.0,23.2,997.6,18.4,-7.582869291715807,10.06280742659589
2017-11-15 18:00:00,0.02,0.0,0.02,0.0,27.0,76.0,22.4,998.1,22.3,-3.5165801564034638,8.284543681071963
2017-11-15 19:00:00,0.01,0.01,0.01,0.0,26.2,79.0,22.4,999.0,15.5,-3.2393537832226458,6.092338390726597
2017-11-15 20:00:00,0.19,0.02,0.01,0.17,25.5,83.0,22.4,999.8,11.9,-2.181643291108517,3.935788682127281
2017-11-15 21:00:00,0.22,0.0,0.0,0.21,24.8,87.0,22.5,1000.4,7.9,-2.5085756468171017,6.535062985480412
2017-11-15 22:00:00,0.5,0.0,0.05,0.47,25.6,81.0,22.1,1000.7,7.6,-4.898587196589413e-16,4.0
2017-11-15 23:00:00,0.81,0.0,0.06,0.79,25.8,79.0,21.9,1000.4,4.7,2.164994795668674,-2.490541614735147
2017-11-16 00:00:00,0.83,0.0,0.0,0.83,23.8,81.0,20.3,999.8,10.1,6.81173591554806,-2.891410350820624
2017-11-16 01:00:00,0.73,0.0,0.0,0.73,24.2,72.0,18.8,999.2,15.1,9.37710207244235,-0.6557108531947771
2017-11-16 02:00:00,0.68,0.0,0.0,0.68,23.5,79.0,19.6,998.5,19.8,11.190549891303368,-2.175222547292614
2017-11-16 03:00:00,0.73,0.0,0.0,0.73,23.0,81.0,19.6,998.4,23.0,12.575397055470916,-4.33005645428018
2017-11-16 04:00:00,0.77,0.0,0.0,0.77,22.7,83.0,19.7,998.5,24.1,12.610916492298434,-5.353016460303047
2017-11-16 05:00:00,0.7,0.0,0.0,0.58,22.2,85.0,19.5,999.1,24.1,10.114574148284927,-6.077449283938639
2017-11-16 06:00:00,0.52,0.0,0.0,0.52,22.2,84.0,19.5,1000.1,21.6,12.304149708010481,-3.5281581544575924
2017-11-16 07:00:00,0.57,0.0,0.0,0.57,25.0,76.0,20.4,1000.5,24.5,11.840127021902445,-4.309453805903429
2017-11-16 08:00:00,0.68,0.0,0.0,0.68,27.9,62.0,19.9,1001.0,24.1,8.652886410017485,-4.600821315301727
2017-11-16 09:00:00,0.0,0.0,0.0,0.0,30.4,47.0,17.9,1001.3,22.3,7.5620014546273335,-2.902780391316933
2017-11-16 10:00:00,0.0,0.0,0.0,0.0,32.0,40.0,16.5,1001.2,25.9,11.5,2.112515728529184e-15
2017-11-16 11:00:00,0.0,0.0,0.0,0.0,32.8,36.0,15.8,1000.6,31.0,13.724402156082174,1.4424927930936164
2017-11-16 12:00:00,0.46,0.0,0.0,0.46,33.3,33.0,14.9,999.7,31.0,13.694066410273278,2.910763671448637
2017-11-16 13:00:00,0.35,0.0,0.0,0.35,33.5,31.0,14.2,998.7,31.0,13.688827766869691,2.4137096695703315
2017-11-16 14:00:00,0.39,0.0,0.0,0.39,33.7,30.0,13.8,997.6,30.2,11.542141688658907,2.453357951649566
2017-11-16 15:00:00,0.62,0.0,0.0,0.62,33.2,30.0,13.2,997.2,25.9,3.244739871933341,5.400153994423308
2017-11-16 16:00:00,0.3,0.0,0.0,0.3,30.7,49.0,18.9,997.3,22.0,-7.544678833390834,8.679160172561879
2017-11-16 17:00:00,0.0,0.0,0.0,0.27,28.4,58.0,19.4,998.0,23.8,-7.924450592339108,6.888619804400325
2017-11-16 18:00:00,0.37,0.0,0.0,0.37,25.2,73.0,20.0,998.6,18.4,-6.143640332167438,4.301823272632846
2017-11-16 19:00:00,0.53,0.0,0.01,0.53,25.1,76.0,20.6,999.3,10.4,-6.815049550106451,1.0793978087775926
2017-11-16 20:00:00,0.0,0.0,0.0,0.0,26.0,72.0,20.5,1000.2,7.6,2.138415658052083,-1.089577199374912
2017-11-16 21:00:00,0.0,0.0,0.0,0.0,24.5,76.0,20.0,1001.0,7.6,4.667902132486009,-1.791839747726502
2017-11-16 22:00:00,0.0,0.0,0.0,0.0,24.6,70.0,18.8,1000.9,16.9,8.999165894302516,-4.585304047369421
2017-11-16 23:00:00,0.0,0.0,0.0,0.0,24.0,75.0,19.4,1000.7,19.1,10.060016436106812,-4.691062705321765
2017-11-17 00:00:00,0.0,0.0,0.0,0.0,23.8,77.0,19.5,1000.3,20.5,10.513876985422742,-5.35708789692665
2017-11-17 01:00:00,0.0,0.0,0.0,0.0,23.6,79.0,19.7,999.9,21.6,9.325751537483649,-7.55184469259805
2017-11-17 02:00:00,0.0,0.0,0.0,0.0,23.2,81.0,19.9,999.4,21.6,8.980088637561918,-6.5244163004464495
2017-11-17 03:00:00,0.0,0.0,0.0,0.0,22.9,84.0,20.0,999.3,20.2,7.56604255869606,-7.566042558696056
2017-11-17 04:00:00,0.01,0.01,0.0,0.0,22.6,85.0,19.9,999.3,18.7,4.683895701129232,-7.212566884330647
2017-11-17 05:00:00,0.63,0.02,0.0,0.51,23.5,84.0,20.7,999.4,15.1,1.0237024846032368,-8.337387673787106
2017-11-17 06:00:00,0.13,0.03,0.0,0.1,24.3,81.0,20.8,1000.0,16.6,3.6319239979163758,-7.128052193506942
2017-11-17 07:00:00,0.55,0.01,0.0,0.54,26.0,75.0,21.2,1001.1,16.6,2.887830165838181,-6.486172749262466
2017-11-17 08:00:00,0.76,0.0,0.0,0.76,28.2,65.0,21.1,1001.7,19.8,1.0577155672965006,-7.526037322435934
2017-11-17 09:00:00,0.59,0.0,0.0,0.59,30.1,54.0,19.9,1002.0,22.0,-0.6972459419812653,-7.969557584733964
2017-11-17 10:00:00,0.09,0.0,0.0,0.09,31.4,50.0,19.6,1001.7,22.7,-2.921931428644114,-7.232034065620942
2017-11-17 11:00:00,0.02,0.0,0.0,0.02,32.3,48.0,20.0,1000.7,23.0,-4.6339756782707715,-6.149493427364155
2017-11-17 12:00:00,0.03,0.0,0.02,0.0,33.0,47.0,20.1,999.6,23.0,-6.841600689897065,-3.950000000000001
2017-11-17 13:00:00,0.37,0.01,0.12,0.28,33.4,45.0,19.8,998.5,24.1,-8.635631963856369,-2.1531048708370424
2017-11-17 14:00:00,0.73,0.04,0.46,0.51,32.8,48.0,20.2,997.9,25.9,-10.393664600998596,0.36295476570600993
2017-11-17 15:00:00,0.28,0.09,0.26,0.0,30.9,60.0,22.1,997.4,30.2,-14.082750868074575,2.4831689406371034
2017-11-17 16:00:00,0.51,0.07,0.24,0.36,30.0,60.0,21.5,997.7,31.3,-13.33379259803436,2.111865278043116
2017-11-17 17:00:00,0.81,0.06,0.13,0.0,28.6,65.0,21.4,998.3,28.1,-12.279324052395474,1.7257464519048105
2017-11-17 18:00:00,0.05,0.02,0.05,0.0,27.4,75.0,22.5,998.9,23.0,-10.438962181929405,1.8406706832694613
2017-11-17 19:00:00,0.06,0.02,0.05,0.0,26.6,82.0,23.2,999.9,19.1,-9.325458242752807,1.8126854560771757
2017-11-17 20:00:00,0.06,0.01,0.06,0.0,26.1,84.0,23.2,1000.9,16.9,-7.171881598543045,3.975438886019963
2017-11-17 21:00:00,0.05,0.01,0.05,0.0,25.6,87.0,23.2,1001.4,14.4,-3.9402334420842138,5.043268823083021
2017-11-17 22:00:00,0.06,0.01,0.06,0.0,24.8,92.0,23.4,1001.9,11.2,-1.4273391840380396,5.7247447850283795
2017-11-17 23:00:00,0.1,0.05,0.09,0.0,24.5,93.0,23.2,1002.0,6.8,2.8783838397598336,-0.35342109587492826
2017-11-18 00:00:00,0.11,0.02,0.11,0.0,24.4,93.0,23.2,1001.6,4.0,1.4142135623730954,-1.4142135623730947
2017-11-18 01:00:00,0.06,0.0,0.06,0.0,24.1,94.0,23.1,1000.9,3.6,4.4087284769304716e-16,-1.8
2017-11-18 02:00:00,0.06,0.05,0.01,0.0,23.9,95.0,23.0,1000.2,6.5,0.3486229709906333,-3.984778792366982
2017-11-18 03:00:00,0.08,0.07,0.01,0.0,23.9,95.0,23.0,1000.0,7.6,0.3278554265973905,-4.688551036221174
2017-11-18 04:00:00,0.08,0.08,0.0,0.0,23.9,94.0,22.9,1000.0,9.4,0.37668495821827847,-5.386845871403051
2017-11-18 05:00:00,0.09,0.25,0.06,0.0,24.2,93.0,23.0,1000.5,10.4,-0.3747696938149301,-4.283637201794505
2017-11-18 06:00:00,0.19,0.17,0.05,0.0,25.0,89.0,23.1,1001.0,11.5,-0.721246396546809,-6.862201078041086
2017-11-18 07:00:00,0.13,0.13,0.06,0.0,26.5,82.0,23.1,1002.0,15.5,-1.7542302283364206,-5.737828535778212
2017-11-18 08:00:00,0.26,0.24,0.16,0.0,27.7,74.0,22.6,1002.9,15.8,-3.9282454678631837,-1.7489675652259409
2017-11-18 09:00:00,0.36,0.23,0.3,0.0,28.6,68.0,22.2,1003.3,18.4,-5.34744757120448,-0.7515347451843536
2017-11-18 10:00:00,0.38,0.3,0.31,0.0,29.5,64.0,22.0,1003.1,19.8,-5.756767679519667,-0.7068421917498554
2017-11-18 11:00:00,0.45,0.29,0.4,0.0,30.5,59.0,21.7,1002.6,20.2,-6.1,-3.735172737399427e-16
2017-11-18 12:00:00,0.36,0.31,0.3,0.0,31.1,56.0,21.4,1001.6,22.0,-7.180188374442374,1.7902220274375418
2017-11-18 13:00:00,0.38,0.27,0.33,0.0,31.2,55.0,21.2,1000.5,23.4,-8.31985137687841,2.5436338310878086
2017-11-18 14:00:00,0.36,0.18,0.33,0.0,31.0,57.0,21.3,999.5,24.1,-8.939733772226367,2.5634274090980913
2017-11-18 15:00:00,0.28,0.06,0.28,0.0,30.5,59.0,21.5,999.0,24.1,-9.360633898433237,3.2231247291258507
2017-11-18 16:00:00,0.33,0.01,0.09,0.27,29.9,62.0,21.7,999.2,24.5,-10.513876985422742,5.357087896926652
2017-11-18 17:00:00,0.42,0.09,0.09,0.0,28.5,68.0,22.1,999.4,25.9,-10.423721839997087,3.1868515814778298
2017-11-18 18:00:00,0.08,0.07,0.06,0.0,27.3,75.0,22.4,999.9,20.9,-8.306962106085987,2.2258437878816792
2017-11-18 19:00:00,0.24,0.04,0.04,0.19,26.7,79.0,22.9,1000.8,15.1,-7.185941174554808,2.4743179738743906
2017-11-18 20:00:00,0.46,0.02,0.04,0.44,26.0,84.0,23.0,1002.0,13.3,-3.9467090073008158,1.4364846019678086
2017-11-18 21:00:00,0.7,0.01,0.03,0.69,25.5,87.0,23.1,1002.5,6.8,-2.899137802864845,2.8991378028648445
2017-11-18 22:00:00,0.91,0.0,0.01,0.91,25.2,89.0,23.2,1002.9,5.8,-1.7489675652259418,3.9282454678631833
2017-11-18 23:00:00,0.9,0.03,0.04,0.9,24.7,92.0,23.4,1002.8,6.5,0.7352419856890845,4.6421352007971475
2017-11-19 00:00:00,0.89,0.08,0.1,0.88,24.5,93.0,23.4,1002.4,5.8,2.9108871788279895,0.7257656867990033
2017-11-19 01:00:00,0.91,0.13,0.16,0.9,24.5,93.0,23.2,1002.0,4.0,1.761649323676896,-0.7117525274902327
2017-11-19 02:00:00,0.92,0.25,0.3,0.9,24.0,96.0,23.3,1001.2,8.6,2.1449244407331385,-1.7998053071223097
2017-11-19 03:00:00,0.92,0.67,0.35,0.88,23.5,98.0,23.1,1001.3,8.6,-1.800051331474436,-1.0815799573111138
2017-11-19 04:00:00,1.0,1.0,0.3,0.81,23.2,98.0,23.0,1001.4,15.1,-1.7918397477265013,-4.667902132486009
2017-11-19 05:00:00,0.9,0.29,0.23,0.97,24.1,95.0,23.2,1001.6,10.4,-1.1109406435904308,-2.8940993221413254
2017-11-19 06:00:00,0.98,0.29,0.27,0.97,24.7,92.0,23.4,1002.3,11.2,-4.667902132486009,-1.791839747726502
2017-11-19 07:00:00,0.95,0.3,0.27,0.93,25.5,89.0,23.5,1003.2,10.4,-2.4905416147351476,-2.1649947956686737
2017-11-19 08:00:00,0.9,0.38,0.3,0.88,26.5,83.0,23.5,1004.1,22.0,-5.062776693988422,-2.1490212066910055
2017-11-19 09:00:00,0.86,0.23,0.24,0.84,27.8,77.0,23.5,1004.1,22.7,-4.679622242152313,-2.4881992827652213
2017-11-19 10:00:00,0.81,0.44,0.17,0.76,29.2,72.0,23.6,1004.1,25.9,-6.092338390726596,-3.239353783222647
2017-11-19 11:00:00,0.81,0.3,0.13,0.78,29.8,69.0,23.6,1003.3,28.1,-7.217009115376547,-3.2132194802988217
2017-11-19 12:00:00,0.72,0.04,0.11,0.7,31.1,63.0,23.2,1002.0,28.8,-4.3458286986186065,0.6883116461770157
2017-11-19 13:00:00,0.88,0.25,0.15,0.86,29.4,66.0,22.4,1001.5,32.8,-12.277062816293963,2.8343832847326995
2017-11-19 14:00:00,0.88,0.37,0.18,0.83,29.5,64.0,22.0,1000.9,29.9,-13.697136892650244,-1.6817969389910354
2017-11-19 15:00:00,0.85,0.17,0.29,0.82,28.6,72.0,23.0,1000.7,29.9,-7.871577364254563,4.363286582217033
2017-11-19 16:00:00,0.96,0.78,0.26,0.89,26.0,83.0,22.9,1001.5,22.7,-6.815049550106451,-1.0793978087775935
2017-11-19 17:00:00,0.84,0.13,0.13,0.54,28.4,72.0,22.9,1000.3,20.5,-7.217009115376547,-3.2132194802988217
2017-11-19 18:00:00,0.71,0.04,0.1,0.67,27.3,78.0,23.2,1001.0,15.1,-4.685893304218874,-1.4326213531414103
2017-11-19 19:00:00,0.99,0.02,0.05,0.99,26.8,82.0,23.5,1002.2,8.6,-3.2154212137912763,-0.7423384793347542
2017-11-19 20:00:00,1.0,0.07,0.07,1.0,26.5,83.0,23.5,1003.3,6.5,-4.283637201794505,-0.37476969381492997
2017-11-19 21:00:00,1.0,0.11,0.08,1.0,26.5,84.0,23.6,1004.0,11.5,-6.535062985480412,-2.5085756468171025
2017-11-19 22:00:00,1.0,0.16,0.13,1.0,26.2,86.0,23.6,1004.5,14.0,-4.971631089293716,-6.139453095510071
2017-11-19 23:00:00,0.99,0.21,0.08,0.99,25.6,88.0,23.5,1004.3,14.0,-3.5875911898228945,-6.472185832831529
2017-11-20 00:00:00,1.0,0.69,0.42,1.0,23.9,94.0,22.8,1004.3,15.5,1.050657780874822,-3.233592155403522
2017-11-20 01:00:00,1.0,1.0,0.32,0.99,23.4,95.0,22.6,1003.5,15.8,0.6794350112397471,-6.4643923198937765
2017-11-20 02:00:00,1.0,1.0,0.28,0.97,23.6,92.0,22.3,1003.0,16.2,-1.7902220274375413,-7.180188374442374
2017-11-20 03:00:00,1.0,0.69,0.16,0.99,23.5,93.0,22.4,1002.6,15.5,-1.0811407922523486,-5.08636752381579
2017-11-20 04:00:00,0.99,0.65,0.24,0.98,23.6,92.0,22.4,1002.4,16.2,-1.3766232923540318,-8.691657397237213
2017-11-20 05:00:00,0.99,1.0,0.03,0.97,24.1,92.0,22.7,1002.2,16.2,1.0324674692655254,-6.5187430479279085
2017-11-20 06:00:00,1.0,1.0,0.03,0.97,24.7,90.0,22.9,1003.0,14.8,2.1775351109542918,-7.59396739791272
2017-11-20 07:00:00,0.98,0.54,0.15,0.97,25.1,89.0,23.2,1003.8,15.1,0.6794350112397471,-6.4643923198937765
2017-11-20 08:00:00,0.98,0.38,0.18,0.97,26.3,83.0,23.2,1004.6,21.6,-2.5436338310878095,-8.319851376878407
2017-11-20 09:00:00,0.98,0.31,0.26,0.98,27.4,77.0,23.1,1004.8,24.1,-4.976398565530443,-9.359244484304625
2017-11-20 10:00:00,0.97,0.27,0.24,0.96,28.6,71.0,22.8,1004.6,30.2,-7.159697488039782,-7.951649632608118
2017-11-20 11:00:00,1.0,0.46,1.0,0.93,30.0,66.0,22.9,1003.7,31.3,-7.54709580222772,-6.560590289905073
2017-11-20 12:00:00,0.97,0.32,0.24,0.96,28.0,72.0,22.4,1003.3,31.3,-14.7549942242494,2.0736792043049737
2017-11-20 13:00:00,0.96,0.28,0.38,0.94,27.7,76.0,23.1,1001.9,33.1,-1.4499999999999997,2.511473670974872
2017-11-20 14:00:00,0.95,0.56,0.34,0.92,28.3,76.0,23.7,1001.0,29.2,-10.100734301164017,1.4195656297926664
2017-11-20 15:00:00,0.95,0.18,0.08,0.94,27.3,81.0,23.6,1000.9,33.5,-5.074340152243906,1.8469087739586112
2017-11-20 16:00:00,0.93,0.31,0.12,0.92,27.4,81.0,23.9,1001.0,24.1,-1.4,-8.572527594031472e-17
2017-11-20 17:00:00,0.96,0.18,0.2,0.78,28.4,74.0,23.3,1000.6,16.9,-4.283637201794505,0.3747696938149304
2017-11-20 18:00:00,0.96,0.21,0.21,0.95,27.3,81.0,23.7,1001.5,15.1,-8.320563465273988,2.864999759222979
2017-11-20 19:00:00,1.0,0.24,0.24,1.0,26.9,84.0,24.0,1001.8,15.1,-6.10580806867569,1.076618701534968
2017-11-20 20:00:00,0.99,0.11,0.19,0.99,26.6,86.0,24.0,1002.9,10.8,-4.366330768241984,-1.0886485301985045
2017-11-20 21:00:00,0.99,0.15,0.26,0.98,26.0,88.0,23.9,1003.7,10.8,-0.721246396546809,-6.862201078041086
2017-11-20 22:00:00,1.0,1.0,0.29,0.99,24.1,92.0,22.8,1004.3,18.0,6.847033205136639,-1.4553818357243162
2017-11-20 23:00:00,1.0,1.0,0.36,1.0,23.5,95.0,22.7,1003.9,18.0,-1.484676958669509,-6.430842427582553
2017-11-21 00:00:00,1.0,1.0,0.16,1.0,23.9,93.0,22.6,1003.4,22.0,1.389185421335443,-7.878462024097664
2017-11-21 01:00:00,0.99,0.99,0.3,0.98,24.2,92.0,22.8,1002.9,14.0,0.7555899291119128,-6.153786140176197
2017-11-21 02:00:00,1.0,1.0,0.42,0.99,24.1,93.0,22.9,1002.3,16.6,1.0324674692655254,-6.5187430479279085
2017-11-21 03:00:00,1.0,1.0,0.43,0.95,24.0,94.0,22.9,1001.5,17.6,1.389185421335443,-7.878462024097664
2017-11-21 04:00:00,1.0,1.0,0.41,0.91,23.9,93.0,22.6,1002.0,17.3,-2.1727182418122895,-5.377666356487367
2017-11-21 05:00:00,1.0,0.91,0.24,0.98,23.9,94.0,22.8,1002.1,15.1,1.8221035401853092,-7.892397524760404
2017-11-21 06:00:00,0.96,0.5,0.18,0.94,24.4,91.0,22.9,1002.4,16.9,1.0602632876247808,-8.635151519279502
2017-11-21 07:00:00,0.96,0.34,0.23,0.94,25.1,87.0,22.9,1003.1,20.9,-1.7677094549546088,-11.160878248725057
2017-11-21 08:00:00,0.68,0.33,0.19,0.57,26.3,82.0,22.9,1004.1,31.0,-6.049999999999999,-10.478907385791707
2017-11-21 09:00:00,0.41,0.29,0.25,0.12,27.8,77.0,23.4,1004.4,30.2,-4.766900247265242,-9.355568503977864
2017-11-21 10:00:00,0.8,0.69,0.15,0.56,28.9,74.0,23.8,1003.8,32.8,-5.82763767466079,-8.973775077016036
2017-11-21 11:00:00,0.85,0.78,0.13,0.56,29.7,71.0,24.0,1002.6,34.2,-5.82763767466079,-8.973775077016036
2017-11-21 12:00:00,0.66,0.6,0.13,0.4,30.3,69.0,24.0,1001.6,33.8,-7.566042558696057,-7.566042558696059
2017-11-21 13:00:00,0.97,0.65,0.11,0.96,30.4,69.0,24.0,1000.5,33.1,-7.9283665448744856,-5.760295472466237
2017-11-21 14:00:00,1.0,0.59,0.17,1.0,29.5,73.0,24.2,999.5,31.0,-9.389149505214892,-3.985457510590592
2017-11-21 15:00:00,0.98,0.33,0.52,0.94,27.7,76.0,23.1,999.6,29.2,-10.093847352892867,0.3524849166952596
2017-11-21 16:00:00,0.94,0.15,0.36,0.92,27.6,77.0,23.4,1000.0,23.0,-10.125553387976844,-4.298042413382011
2017-11-21 17:00:00,0.9,0.15,0.07,0.99,28.2,75.0,23.5,999.7,22.7,-8.635631963856369,-2.1531048708370424
2017-11-21 18:00:00,0.96,0.09,0.04,0.95,27.5,78.0,23.2,1000.4,16.6,-7.172285669722766,-2.192787785420526
2017-11-21 19:00:00,0.92,0.07,0.06,0.91,26.8,81.0,23.2,1001.4,13.7,-7.92059177557036,-2.12231616984067
2017-11-21 20:00:00,0.97,0.05,0.06,0.96,26.4,83.0,23.2,1002.6,18.4,-9.735430472951268,-3.9333692308670756
2017-11-21 21:00:00,0.99,0.02,0.04,0.99,26.0,85.0,23.3,1003.3,18.7,-3.921004419087889,-4.6728711030257655
2017-11-21 22:00:00,0.96,0.24,0.15,0.96,25.1,89.0,23.3,1003.5,10.4,2.1976149610516362,-4.71280049259058
2017-11-21 23:00:00,0.99,0.91,0.34,0.98,24.2,91.0,22.7,1003.4,22.0,6.505382386916239,-6.505382386916235
2017-11-22 00:00:00,1.0,1.0,0.3,0.98,23.8,95.0,23.0,1002.9,20.5,1.0793978087775948,-6.81504955010645
2017-11-22 01:00:00,0.98,0.75,0.27,0.97,23.8,94.0,22.8,1001.7,15.1,-1.392905666248777,-7.165878439167947
2017-11-22 02:00:00,0.98,0.54,0.19,0.96,23.8,94.0,22.8,1000.9,17.6,-1.7191169589026103,-9.74959675482086
2017-11-22 03:00:00,0.98,0.3,0.12,0.98,23.9,94.0,22.9,1000.4,17.6,-0.31409547032250873,-8.994517443171862
2017-11-22 04:00:00,0.98,0.29,0.1,0.98,23.7,95.0,22.8,1000.3,15.8,0.7526049355271046,-7.160557646651568
2017-11-22 05:00:00,0.98,0.31,0.08,0.96,23.9,93.0,22.6,1000.9,13.3,2.4881992827652213,-4.679622242152313
2017-11-22 06:00:00,0.97,0.43,0.15,0.95,24.2,91.0,22.8,1001.7,11.5,1.8469087739586105,-5.074340152243906
2017-11-22 07:00:00,0.95,0.33,0.19,0.93,24.9,89.0,23.0,1002.5,10.8,0.6945927106677215,-3.939231012048832
2017-11-22 08:00:00,0.84,0.32,0.25,0.77,26.0,84.0,23.0,1003.1,20.5,-3.5499999999999994,-6.148780366869515
2017-11-22 09:00:00,1.0,1.0,0.18,0.53,27.0,81.0,23.5,1003.7,21.6,-4.6806636903626915,-4.36478950439999
2017-11-22 10:00:00,0.77,0.41,0.56,0.59,28.1,71.0,22.4,1003.2,29.5,-8.937178556755166,-7.23718449707313
2017-11-22 11:00:00,0.85,0.3,0.31,0.77,27.6,73.0,22.5,1002.6,29.5,-2.873804179836756,-6.162892951849219
2017-11-22 12:00:00,0.82,0.41,0.34,0.75,27.9,73.0,22.7,1001.4,36.0,-12.605539238556263,-2.2226966741367096
2017-11-22 13:00:00,0.96,0.2,0.4,0.94,28.4,72.0,22.8,1000.3,29.9,-7.54813979831001,-3.203995253612044
2017-11-22 14:00:00,0.98,0.19,0.38,0.98,29.0,68.0,22.4,999.2,29.2,-7.587037345449282,-5.717242719944458
2017-11-22 15:00:00,0.97,0.27,0.4,0.94,29.2,66.0,22.2,998.8,28.4,-7.187719590425635,-5.416335208368435
2017-11-22 16:00:00,0.87,0.38,0.32,0.8,28.1,71.0,22.3,999.0,25.6,-8.95274548489749,-3.9860191021428424
2017-11-22 17:00:00,0.7,0.19,0.7,0.54,28.6,69.0,22.4,999.2,26.3,-7.892397524760405,-1.8221035401853058
2017-11-22 18:00:00,0.87,0.17,0.68,0.62,27.7,74.0,22.6,1000.0,14.8,-6.790680836331102,0.35588450245201814
2017-11-22 19:00:00,0.56,0.17,0.31,0.35,27.2,78.0,23.1,1001.0,13.7,-7.558529312547013,-1.4692292643993958
2017-11-22 20:00:00,0.25,0.15,0.07,0.1,26.8,80.0,23.1,1002.1,19.1,-10.423721839997087,-3.186851581477831
2017-11-22 21:00:00,0.95,0.23,0.15,0.94,26.1,84.0,23.2,1003.0,24.5,-11.107670280670325,-6.157082177128481
2017-11-22 22:00:00,0.9,0.47,0.13,0.86,25.4,87.0,23.1,1003.4,22.7,-4.738350289172498,-7.8859391664594325
2017-11-22 23:00:00,0.91,0.46,0.15,0.88,24.5,89.0,22.5,1003.0,21.6,0.7212463965468086,-6.862201078041086
2017-11-23 00:00:00,0.88,0.25,0.1,0.87,24.5,90.0,22.8,1002.1,14.8,-2.092044805397945,-9.06164160250269
2017-11-23 01:00:00,0.88,0.15,0.17,0.85,24.1,94.0,23.0,1001.5,18.0,-2.8652427062828205,-9.371786608437748
2017-11-23 02:00:00,0.85,0.37,0.09,0.79,24.2,92.0,22.9,1001.1,18.0,-1.4195656297926673,-10.100734301164017
2017-11-23 03:00:00,0.53,0.29,0.09,0.42,24.1,92.0,22.8,1000.8,19.1,-0.7812725059342034,-11.17271736291003
2017-11-23 04:00:00,0.22,0.2,0.03,0.02,24.0,91.0,22.4,1000.7,25.6,-0.7745721523955688,-14.779717114367694
2017-11-23 05:00:00,0.23,0.2,0.0,0.97,23.8,88.0,21.8,1001.1,27.7,0.6803674311582768,-12.98218395180946
2017-11-23 06:00:00,0.94,0.14,0.0,0.93,24.2,85.0,21.6,1001.6,26.3,-1.0323958114130545,-14.763947943845398
2017-11-23 07:00:00,0.91,0.07,0.0,0.9,25.2,82.0,21.9,1002.3,27.4,-1.7671054793746384,-14.391919198799169
2017-11-23 08:00:00,0.89,0.22,0.0,0.88,26.9,74.0,21.9,1002.9,40.0,-5.6781295298301835,-19.80199093632937
2017-11-23 09:00:00,0.89,0.37,0.05,0.83,28.1,68.0,21.5,1002.7,40.7,-8.36784158246585,-17.94489418332567
2017-11-23 10:00:00,1.0,1.0,0.03,0.68,29.6,60.0,21.0,1002.3,40.0,-11.434485439888917,-15.174074690898564
2017-11-23 11:00:00,0.55,0.31,0.32,0.31,30.0,58.0,20.9,1001.5,39.6,-11.505898213389052,-13.712195531829705
2017-11-23 12:00:00,0.55,0.44,0.26,0.15,30.9,54.0,20.4,1000.5,37.1,-11.879393923933998,-11.879393923934
2017-11-23 13:00:00,0.29,0.17,0.24,0.02,31.0,54.0,20.6,999.6,35.6,-12.512049979457233,-10.132058295902382
2017-11-23 14:00:00,0.87,0.06,0.19,0.84,31.1,53.0,20.3,999.1,35.3,-13.992793586581028,-8.74366785984788
2017-11-23 15:00:00,0.94,0.02,0.05,0.94,31.0,53.0,20.2,998.7,34.2,-12.972345498524932,-5.775660331676363
2017-11-23 16:00:00,0.96,0.01,0.0,0.96,30.3,57.0,21.0,998.8,28.8,-12.576404473017943,-1.7674983821928314
2017-11-23 17:00:00,0.95,0.01,0.0,0.63,27.9,74.0,22.9,1000.1,25.2,-10.100734301164017,1.4195656297926664
2017-11-23 18:00:00,0.59,0.0,0.0,0.59,26.6,78.0,22.5,1000.6,18.7,-9.694091022085228,-0.33852511801426044
2017-11-23 19:00:00,0.93,0.0,0.0,0.93,26.1,79.0,22.1,1001.7,19.4,-11.15840085217396,-2.782101799396178
2017-11-23 20:00:00,0.82,0.0,0.0,0.82,25.8,79.0,21.9,1002.5,23.4,-11.544980134240022,-6.39948698725165
2017-11-23 21:00:00,0.93,0.0,0.0,0.93,25.3,81.0,21.9,1003.3,23.4,-10.403230962470195,-7.284420741658284
2017-11-23 22:00:00,0.76,0.0,0.0,0.76,24.9,84.0,22.0,1003.7,22.3,-10.855015630802253,-6.782966582185023
2017-11-23 23:00:00,0.63,0.01,0.0,0.63,24.6,86.0,22.1,1003.5,23.4,-10.114258385171508,-6.822153422343111
2017-11-24 00:00:00,0.96,0.05,0.02,0.96,24.1,89.0,22.2,1003.3,22.0,-4.040515447681967,-7.929958065276475
2017-11-24 01:00:00,0.79,0.04,0.02,0.78,23.9,91.0,22.2,1002.7,15.8,-1.8296228791962823,-8.607698886457491
2017-11-24 02:00:00,0.39,0.03,0.01,0.37,23.5,92.0,22.0,1002.0,16.6,-1.755442757464212,-9.030970087718508
2017-11-24 03:00:00,0.82,0.06,0.02,0.81,23.1,92.0,21.8,1001.7,16.2,-0.7233926648055629,-8.268415994161488
2017-11-24 04:00:00,0.96,0.01,0.0,0.96,23.0,91.0,21.5,1001.6,15.8,1.1090110249868397,-9.03216997993603
2017-11-24 05:00:00,0.98,0.0,0.0,0.97,23.0,93.0,21.9,1002.6,15.8,2.474317973874391,-7.185941174554808
2017-11-24 06:00:00,0.98,0.0,0.0,0.98,23.6,90.0,21.9,1003.4,14.8,0.4134540543192605,-7.889173324561134
2017-11-24 07:00:00,1.0,0.0,0.0,1.0,25.0,83.0,22.0,1004.2,17.6,-0.7233926648055629,-8.268415994161488
2017-11-24 08:00:00,0.98,0.0,0.0,0.98,26.7,76.0,22.0,1004.8,22.3,-2.8652427062828205,-9.371786608437748
2017-11-24 09:00:00,1.0,0.05,0.0,1.0,28.4,66.0,21.5,1004.8,25.6,-4.766900247265242,-9.355568503977864
2017-11-24 10:00:00,1.0,0.04,0.05,1.0,29.8,59.0,20.9,1004.5,25.9,-6.888619804400326,-7.924450592339106
2017-11-24 11:00:00,1.0,0.06,0.22,1.0,30.5,55.0,20.4,1003.8,28.1,-9.32575153748365,-7.551844692598049
2017-11-24 12:00:00,1.0,0.16,0.22,1.0,30.8,52.0,20.0,1002.9,32.0,-11.169701787297026,-9.709673629059509
2017-11-24 13:00:00,1.0,0.29,0.3,1.0,30.6,52.0,19.6,1001.8,34.2,-11.518744794899611,-10.371524398562302
2017-11-24 14:00:00,1.0,0.35,0.22,1.0,30.5,53.0,19.8,1000.7,32.8,-9.65386886137305,-9.00237835282498
2017-11-24 15:00:00,0.98,0.26,0.17,0.98,29.8,57.0,20.4,1000.2,28.4,-11.138108726774528,-4.727846654720212
2017-11-24 16:00:00,1.0,0.19,0.16,0.99,28.6,67.0,21.9,1000.4,25.2,-10.46617932785172,2.2246550917500247
2017-11-24 17:00:00,1.0,0.02,0.15,1.0,28.4,71.0,22.5,1000.7,21.2,-12.279324052395474,1.7257464519048105
2017-11-24 18:00:00,1.0,0.0,0.13,1.0,27.3,76.0,22.6,1001.1,24.8,-13.7,-8.388830574159369e-16
2017-11-24 19:00:00,1.0,0.0,0.09,1.0,26.6,78.0,22.5,1002.5,24.5,-10.755332712974734,-4.345436483624579
2017-11-24 20:00:00,1.0,0.0,0.09,1.0,26.2,81.0,22.7,1003.8,21.2,-9.683581851011569,-4.311408416603482
2017-11-24 21:00:00,1.0,0.02,0.06,1.0,25.9,83.0,22.8,1004.3,19.1,-6.47213595499958,-4.702282018339785
2017-11-24 22:00:00,0.99,0.08,0.07,0.99,25.5,85.0,22.6,1004.2,14.0,-3.1997434936258244,-5.772490067120011
2017-11-24 23:00:00,0.99,0.08,0.13,0.98,25.4,85.0,22.6,1004.1,12.2,-3.603450996785793,-5.766727053863696
2017-11-25 00:00:00,0.93,0.1,0.08,0.92,25.3,86.0,22.8,1003.6,12.2,-1.7542302283364206,-5.737828535778212
2017-11-25 01:00:00,0.54,0.18,0.16,0.42,24.8,88.0,22.7,1003.1,10.4,1.3226185430791415e-15,-5.4
2017-11-25 02:00:00,0.84,0.27,0.19,0.79,24.5,85.0,21.9,1002.6,19.4,2.508575646817105,-6.535062985480411
2017-11-25 03:00:00,0.28,0.18,0.18,0.1,24.3,88.0,22.1,1002.2,12.2,4.658019105832603,-5.35843801958168
2017-11-25 04:00:00,0.81,0.15,0.28,0.77,24.0,90.0,22.2,1002.3,13.0,3.914289369316414,-6.514471485336052
2017-11-25 05:00:00,0.94,0.17,0.23,0.83,24.2,89.0,22.3,1002.6,14.0,2.535709570444195,-5.4378467222199
2017-11-25 06:00:00,0.77,0.21,0.25,0.67,24.5,87.0,22.2,1003.3,11.9,2.2218812871808646,-5.78819864428265
2017-11-25 07:00:00,0.94,0.19,0.21,0.92,25.7,80.0,22.0,1004.0,19.4,2.092044805397948,-9.061641602502688
2017-11-25 08:00:00,0.78,0.14,0.1,0.75,27.0,74.0,22.0,1004.8,34.9,-2.5988961352219917,-12.226845009172571
2017-11-25 09:00:00,0.87,0.16,0.21,0.84,28.7,65.0,21.5,1005.1,31.3,-5.506716923213906,-13.629602662131774
2017-11-25 10:00:00,0.63,0.14,0.3,0.5,29.9,59.0,21.0,1004.6,33.1,-5.694020219921862,-14.093194589415168
2017-11-25 11:00:00,0.88,0.12,0.87,0.72,30.6,54.0,20.4,1004.0,37.8,-8.726573164434066,-15.743154728509124
2017-11-25 12:00:00,0.94,0.07,0.94,0.75,29.8,56.0,20.1,1003.2,38.5,-9.40456403667957,-12.94427190999916
2017-11-25 13:00:00,1.0,0.04,0.81,1.0,29.5,58.0,20.5,1002.1,32.0,-10.465180361560902,-10.465180361560904
2017-11-25 14:00:00,1.0,0.03,0.91,1.0,29.1,60.0,20.5,1001.0,29.9,-9.7525531057989,-6.094071538681856
2017-11-25 15:00:00,1.0,0.09,0.48,1.0,29.2,61.0,20.9,1000.8,23.8,-9.676371287520293,-0.6766377953180147
2017-11-25 16:00:00,1.0,0.07,0.52,1.0,28.5,66.0,21.6,1001.3,24.5,-11.555858497864248,1.0110066158728355
2017-11-25 17:00:00,1.0,0.01,0.3,1.0,27.0,73.0,21.8,1002.2,23.4,-9.329933825428427,-1.1455718280083864
2017-11-25 18:00:00,1.0,0.01,0.28,1.0,26.3,77.0,22.0,1002.6,17.3,-5.4091846272187825,-1.4493866525741161
2017-11-25 19:00:00,1.0,0.03,0.46,1.0,25.9,84.0,23.0,1003.0,10.1,-1.45276959916655,-2.8512208774027776
2017-11-25 20:00:00,1.0,0.03,1.0,1.0,25.6,85.0,22.9,1004.5,5.0,-3.252691193458118,-3.2526911934581184
2017-11-25 21:00:00,1.0,0.26,0.99,1.0,25.8,81.0,22.2,1005.1,10.1,-3.5748714227020657,-2.8948737988292517
2017-11-25 22:00:00,1.0,0.05,0.65,1.0,25.7,83.0,22.5,1004.7,7.6,-0.7117525274902328,-1.761649323676896
2017-11-25 23:00:00,1.0,0.02,0.12,1.0,25.2,88.0,23.1,1004.1,4.0,1.447436899414627,-1.7874357113510322
2017-11-26 00:00:00,1.0,0.16,0.3,1.0,25.3,84.0,22.4,1003.3,2.9,-1.1,-6.735557395310444e-17
2017-11-26 01:00:00,1.0,0.0,0.65,1.0,24.4,91.0,22.8,1003.2,12.2,-5.811263767715345,-5.051654523226906
2017-11-26 02:00:00,1.0,0.92,0.87,1.0,23.5,92.0,22.2,1003.3,24.8,-14.420676958821483,-3.329275604289201
2017-11-26 03:00:00,1.0,0.0,1.0,1.0,22.8,91.0,21.3,1002.7,27.0,-9.692532269362681,-7.572636146505597
2017-11-26 04:00:00,0.99,0.01,0.98,0.78,22.1,91.0,20.6,1002.6,23.8,-6.10313031621658,-11.47831870716605
2017-11-26 05:00:00,0.98,0.0,0.89,1.0,22.7,91.0,21.2,1003.5,29.9,-6.8476069173251055,-2.224922359499622
2017-11-26 06:00:00,1.0,0.0,1.0,1.0,22.9,91.0,21.3,1004.0,15.5,-4.716281451675524,-7.547628055792192
2017-11-26 07:00:00,1.0,0.0,1.0,1.0,23.3,91.0,21.7,1004.8,15.8,-2.902780391316932,-7.5620014546273335
2017-11-26 08:00:00,1.0,0.83,0.96,0.99,23.5,91.0,22.0,1005.7,23.4,-1.469229264399395,-7.558529312547013
2017-11-26 09:00:00,1.0,0.22,0.7,0.99,24.4,84.0,21.5,1006.0,18.7,1.7902220274375422,-7.180188374442374
2017-11-26 10:00:00,0.99,0.46,0.23,0.99,25.9,74.0,20.8,1005.4,25.9,0.6437322617882157,-12.283143277481258
2017-11-26 11:00:00,1.0,0.57,0.29,0.99,27.5,68.0,21.1,1004.5,31.3,3.5269827815443773e-15,-14.4
2017-11-26 12:00:00,1.0,1.0,0.37,0.98,29.4,61.0,21.0,1003.2,38.2,-4.348159957722348,-16.22755388165635
2017-11-26 13:00:00,1.0,0.89,0.3,0.99,29.5,61.0,21.0,1002.3,36.7,-10.050310886639206,-13.33721301778979
2017-11-26 14:00:00,1.0,0.52,0.31,1.0,28.1,69.0,22.0,1001.4,33.5,-9.80536887192292,-8.227681403987704
2017-11-26 15:00:00,0.99,0.43,0.37,0.99,27.2,76.0,22.6,1001.2,28.1,-7.6000865053248345,-1.7546182238821464
2017-11-26 16:00:00,1.0,0.29,0.32,0.99,27.0,79.0,23.0,1001.5,19.4,-3.96029588778518,-1.061158084920335
2017-11-26 17:00:00,1.0,1.0,0.88,1.0,25.4,87.0,23.0,1002.1,19.4,-4.3458286986186065,0.6883116461770157
2017-11-26 18:00:00,1.0,0.44,0.21,1.0,24.8,92.0,23.5,1002.9,17.6,-2.6942229581241775e-16,2.2
2017-11-26 19:00:00,1.0,0.99,0.49,1.0,24.2,96.0,23.5,1004.1,11.5,0.7128052193506944,-0.3631923997916373
2017-11-26 20:00:00,1.0,0.99,0.21,1.0,24.2,93.0,23.0,1004.6,17.3,-2.8637765329939335,-5.385980316439454
2017-11-26 21:00:00,1.0,1.0,0.27,0.99,24.0,93.0,22.8,1005.0,19.8,-4.29234604028896,-6.86918957886705
2017-11-26 22:00:00,1.0,1.0,1.0,0.99,23.5,96.0,22.9,1004.6,21.2,-5.420413862312148,-3.93816119035957
2017-11-26 23:00:00,1.0,1.0,1.0,1.0,23.4,97.0,22.8,1004.0,33.8,-2.511473670974872,1.4499999999999995
2017-11-27 00:00:00,1.0,1.0,0.75,1.0,23.4,97.0,22.9,1003.4,31.0,-4.664264528860342,-2.914555953282627
2017-11-27 01:00:00,1.0,1.0,0.37,0.99,23.3,98.0,23.0,1002.9,19.1,-2.5648410533120636,-7.893769085249775
2017-11-27 02:00:00,1.0,1.0,0.52,1.0,23.1,97.0,22.6,1002.6,19.4,-1.109011024986842,-9.032169979936029
2017-11-27 03:00:00,1.0,0.95,0.5,1.0,22.9,99.0,22.7,1002.4,25.9,-4.720738239628772,-13.710019346190094
2017-11-27 04:00:00,1.0,0.91,0.34,1.0,23.1,98.0,22.7,1001.8,30.2,-4.913370210561664,-15.121798609092941
2017-11-27 05:00:00,1.0,1.0,0.35,0.96,23.0,98.0,22.6,1002.0,29.9,5.416335208368435,-7.187719590425635
2017-11-27 06:00:00,1.0,1.0,0.29,0.97,23.7,94.0,22.6,1002.5,23.4,4.232386007943037,-12.291741482791119
2017-11-27 07:00:00,1.0,1.0,0.37,0.98,24.4,92.0,22.9,1003.5,27.4,-1.5470212563612715,-14.718924051450445
2017-11-27 08:00:00,1.0,0.62,0.33,0.99,25.0,90.0,23.3,1004.2,29.2,-3.610849361202689,-12.592528216791978
2017-11-27 09:00:00,1.0,0.39,0.25,0.99,25.8,87.0,23.4,1004.5,27.7,-5.287576359985403,-11.876090949353811
2017-11-27 10:00:00,1.0,0.57,0.22,1.0,26.3,83.0,23.2,1004.3,29.5,-3.625409138561936,-11.858178973941639
2017-11-27 11:00:00,1.0,0.24,0.12,1.0,26.2,81.0,22.8,1003.4,29.5,-3.615498834186884,-11.127361240653295
2017-11-27 12:00:00,1.0,0.28,0.21,1.0,27.8,74.0,22.8,1002.2,37.8,-5.3813867847343415,-9.708278749247292
2017-11-27 13:00:00,0.99,0.33,0.23,0.99,28.5,72.0,22.8,1001.0,37.1,-5.7208097262102,-6.817795543758905
2017-11-27 14:00:00,0.99,0.57,0.44,0.99,26.7,78.0,22.5,1000.4,37.4,-6.85893577750951,-6.858935777509511
2017-11-27 15:00:00,1.0,0.37,0.24,0.99,26.4,77.0,22.1,1000.3,34.9,-7.471861625688189,-11.957478155805605
2017-11-27 16:00:00,0.98,0.32,0.33,0.98,25.8,82.0,22.5,1000.4,31.3,-3.2498011250210608,-4.312631754255381
2017-11-27 17:00:00,0.99,0.25,0.3,0.99,26.5,80.0,22.8,1000.8,19.8,-7.208537989743128,-5.047472639889206
2017-11-27 18:00:00,0.99,0.38,0.38,0.98,25.6,84.0,22.8,1001.0,22.0,-7.538315826132617,-6.104407793183422
2017-11-27 19:00:00,1.0,1.0,0.99,0.98,24.7,90.0,23.0,1002.3,21.6,-5.821436275322066,-6.46535998165333
2017-11-27 20:00:00,1.0,1.0,0.59,0.97,24.0,94.0,22.9,1003.1,17.3,-5.048424097670398,-6.461688179575119
2017-11-27 21:00:00,0.99,0.86,0.25,0.97,23.7,94.0,22.8,1003.6,21.6,-8.200737862381342,-9.43386975278465
2017-11-27 22:00:00,0.99,0.92,0.16,0.96,23.3,95.0,22.5,1003.5,23.0,-7.572636146505597,-9.69253226936268
2017-11-27 23:00:00,1.0,1.0,0.41,0.94,23.3,94.0,22.2,1003.2,23.0,-4.794964395723674,-11.86795333845488
2017-11-28 00:00:00,0.97,0.66,0.2,0.95,23.4,94.0,22.2,1002.3,25.9,-1.0323958114130545,-14.763947943845398
2017-11-28 01:00:00,1.0,0.99,0.14,0.92,23.4,94.0,22.4,1001.5,26.6,-0.696068218031153,-13.281772812235833
2017-11-28 02:00:00,1.0,1.0,0.23,0.96,23.5,94.0,22.5,1000.9,24.1,3.2575604857319595e-15,-13.3
2017-11-28 03:00:00,1.0,1.0,0.33,0.97,23.5,94.0,22.4,1000.3,28.4,-1.9011617571203006,-15.483719965604623
2017-11-28 04:00:00,1.0,1.0,0.24,0.94,23.5,92.0,22.2,1000.5,30.6,-4.040095656514451,-16.20393862880914
2017-11-28 05:00:00,1.0,0.94,0.25,0.44,24.1,90.0,22.5,1001.1,30.6,-3.644207080370613,-15.78479504952081
2017-11-28 06:00:00,0.97,0.96,0.23,0.25,24.5,88.0,22.4,1001.7,31.0,-2.7957356604375785,-15.855404823496551
2017-11-28 07:00:00,0.94,0.44,0.26,0.91,25.2,85.0,22.5,1002.5,29.5,-4.6661566150617055,-14.360953396056818
2017-11-28 08:00:00,0.99,0.79,0.39,0.98,25.9,83.0,22.8,1003.5,34.9,-6.0954056044326705,-14.35987571385807
2017-11-28 09:00:00,0.99,0.44,0.5,0.98,26.2,80.0,22.5,1004.0,32.0,-8.240609198560866,-13.714676811233797
2017-11-28 10:00:00,1.0,0.27,0.27,1.0,26.1,82.0,22.7,1003.8,36.7,-10.76137868695222,-13.289195940914203
2017-11-28 11:00:00,0.97,0.35,0.22,0.95,26.0,82.0,22.7,1003.3,34.6,-8.932080174246444,-13.754197314304953
2017-11-28 12:00:00,0.99,0.21,0.28,0.99,27.0,77.0,22.6,1002.1,34.6,-8.74366785984788,-13.992793586581028
2017-11-28 13:00:00,0.98,0.23,0.27,0.97,28.0,72.0,22.5,1001.1,48.6,-10.520368759345514,-18.979247644924886
2017-11-28 14:00:00,1.0,0.3,0.24,0.99,28.9,67.0,22.1,999.6,49.0,-11.183858069414939,-16.580751451100834
2017-11-28 15:00:00,0.99,0.43,0.3,0.98,27.4,75.0,22.5,999.5,48.2,-7.226772275765961,-15.497863158326716
2017-11-28 16:00:00,1.0,0.31,0.24,1.0,27.5,74.0,22.4,999.8,36.4,-7.65238647341002,-14.39204576360051
2017-11-28 17:00:00,1.0,0.31,0.11,1.0,26.9,77.0,22.5,999.7,33.8,-9.063305296580204,-10.80122664797759
2017-11-28 18:00:00,1.0,0.24,0.14,1.0,26.5,78.0,22.3,1000.7,25.9,-8.684621396487756,-10.7246142681062
2017-11-28 19:00:00,1.0,0.21,0.09,1.0,26.4,76.0,21.9,1001.7,31.0,-9.808157061602888,-14.00749995734176
2017-11-28 20:00:00,1.0,0.18,0.14,1.0,26.0,77.0,21.8,1002.6,32.0,-8.549999999999999,-14.809034404713904
2017-11-28 21:00:00,1.0,0.15,0.13,1.0,25.8,78.0,21.7,1003.2,32.4,-8.262699505031678,-15.539877634317117
2017-11-28 22:00:00,1.0,0.21,0.23,1.0,25.5,79.0,21.6,1003.3,32.4,-7.67243944559834,-15.058010258783415
2017-11-28 23:00:00,1.0,0.36,0.3,1.0,25.6,78.0,21.6,1003.0,33.1,-7.890680642203394,-16.178292833385008
2017-11-29 00:00:00,1.0,0.55,0.34,1.0,25.4,80.0,21.7,1002.3,34.6,-8.029746973073289,-17.21984795369635
2017-11-29 01:00:00,1.0,0.38,0.28,1.0,25.0,81.0,21.6,1001.5,36.4,-7.814622569785476,-18.410097069048806
2017-11-29 02:00:00,1.0,0.45,0.26,1.0,24.9,81.0,21.4,1000.9,36.4,-8.59207447706592,-17.616363307463676
2017-11-29 03:00:00,1.0,0.42,0.31,1.0,24.4,84.0,21.5,1000.7,36.4,-6.5642829586198,-15.464481538001
2017-11-29 04:00:00,1.0,0.34,0.25,1.0,24.5,84.0,21.5,1000.5,33.8,-6.967682637535964,-17.24561969494225
2017-11-29 05:00:00,1.0,1.0,0.31,0.98,24.4,85.0,21.6,1000.7,36.7,-5.994929690873979,-18.450496416125976
2017-11-29 06:00:00,0.97,0.87,0.47,0.95,24.5,85.0,21.9,1001.8,44.3,-3.7341875021081594,-16.174543075434908
2017-11-29 07:00:00,1.0,0.75,0.8,0.99,24.1,88.0,22.0,1002.8,39.6,-5.376895702124084,-16.54838338353567
2017-11-29 08:00:00,1.0,1.0,0.72,1.0,24.8,87.0,22.4,1003.1,41.0,-2.2682676529080803,-21.58112512949153
2017-11-29 09:00:00,1.0,0.93,0.5,1.0,25.0,85.0,22.2,1003.0,42.5,-4.121474300133368,-21.203147162469545
2017-11-29 10:00:00,1.0,0.49,0.52,1.0,26.0,81.0,22.5,1002.8,39.6,-3.1912630868207095,-20.148842148140808
2017-11-29 11:00:00,1.0,0.78,0.17,1.0,27.3,76.0,22.8,1001.8,57.2,-5.5562910422934655,-24.06694060019531
2017-11-29 12:00:00,1.0,1.0,0.31,1.0,25.9,83.0,22.8,1001.0,62.6,-12.341522105981554,-14.708053307884377
2017-11-29 13:00:00,1.0,0.25,0.33,1.0,25.5,85.0,22.8,999.7,51.8,-9.248589786882048,-17.39406757932086
2017-11-29 14:00:00,0.98,0.9,0.43,0.97,26.9,81.0,23.2,999.1,58.0,-11.485349070494207,-19.114830805657107
2017-11-29 15:00:00,0.99,0.24,0.23,0.98,25.2,88.0,23.1,998.6,61.2,-8.94277139449718,-18.335398544503008
2017-11-29 16:00:00,1.0,0.04,0.35,1.0,25.3,84.0,22.5,999.1,51.5,-8.096245252623621,-24.91768072693302
2017-11-29 17:00:00,1.0,0.06,0.79,0.99,24.8,86.0,22.3,999.1,50.8,-5.588395788352325,-22.413831276975518
2017-11-29 18:00:00,0.99,0.39,0.51,0.99,24.6,87.0,22.4,999.5,44.6,-8.663490497514545,-19.4585182477874
2017-11-29 19:00:00,1.0,0.82,0.36,1.0,24.6,88.0,22.4,1000.1,44.6,-8.140079411150916,-22.36468437470462
2017-11-29 20:00:00,1.0,0.56,0.38,1.0,24.8,87.0,22.4,1000.4,51.8,-8.806984339686,-27.105110714411875
2017-11-29 21:00:00,1.0,1.0,0.54,1.0,24.6,87.0,22.2,1000.9,53.6,-11.917834981087724,-25.557879594433526
2017-11-29 22:00:00,1.0,1.0,0.46,1.0,24.2,91.0,22.6,1000.6,57.2,-11.704509619268368,-23.99780103618776
2017-11-29 23:00:00,1.0,1.0,0.47,1.0,24.2,91.0,22.6,999.8,55.8,-11.792183848626182,-24.177559845447593
2017-11-30 00:00:00,1.0,0.98,0.9,1.0,24.0,91.0,22.5,999.5,58.0,-12.142880766057445,-24.896595082486925
2017-11-30 01:00:00,1.0,1.0,0.54,1.0,23.5,95.0,22.8,998.3,58.3,-11.502053288254325,-21.63221602504371
2017-11-30 02:00:00,1.0,1.0,0.67,1.0,23.1,98.0,22.9,996.8,54.7,-9.639658440896465,-21.65102734612964
2017-11-30 03:00:00,1.0,1.0,0.99,1.0,23.3,98.0,23.0,995.5,60.1,-12.274392110094169,-25.166233296376678
2017-11-30 04:00:00,1.0,1.0,1.0,1.0,23.3,97.0,22.8,995.3,69.5,-17.149999999999995,-29.704671349806244
2017-11-30 05:00:00,1.0,1.0,1.0,1.0,23.6,95.0,22.8,997.9,65.9,-18.490384715457914,-16.073446210267427
2017-11-30 06:00:00,1.0,1.0,1.0,1.0,24.0,94.0,23.0,998.5,50.0,-18.68807093510665,-14.08247154175793
2017-11-30 07:00:00,1.0,1.0,0.96,1.0,23.8,96.0,23.0,999.9,49.3,-19.00726901861914,-7.679435165026195
2017-11-30 08:00:00,1.0,0.98,0.97,1.0,24.1,94.0,23.0,1000.7,45.0,-21.969849764600625,1.1513910373447644
2017-11-30 09:00:00,1.0,1.0,0.54,1.0,24.1,95.0,23.2,1000.9,44.3,-19.85092303282644,-2.4373868681029496
2017-11-30 10:00:00,1.0,0.91,0.93,1.0,24.5,93.0,23.4,1000.8,54.7,-22.69654268005008,0.39616962612633494
2017-11-30 11:00:00,1.0,0.67,0.75,1.0,24.8,93.0,23.5,999.5,54.4,-23.796375144722113,0.4153672732073468
2017-11-30 12:00:00,1.0,0.75,0.47,1.0,25.1,93.0,23.9,998.7,47.2,-21.928683413837522,5.467434840552492
2017-11-30 13:00:00,1.0,1.0,0.91,1.0,24.5,94.0,23.5,997.8,43.6,-19.105270408436834,3.368774646738448
2017-11-30 14:00:00,1.0,1.0,0.97,1.0,24.2,95.0,23.5,997.2,43.2,-18.446341100608546,10.649999999999997
2017-11-30 15:00:00,1.0,0.78,0.94,1.0,24.6,95.0,23.7,996.7,38.5,-15.464481538000998,6.5642829586198
2017-11-30 16:00:00,1.0,0.69,1.0,1.0,24.5,93.0,23.2,997.2,41.4,-16.442850494220643,9.114420860631135
2017-11-30 17:00:00,1.0,0.94,0.83,1.0,24.5,94.0,23.5,997.9,38.2,-15.88080529128185,5.780140422203801
2017-11-30 18:00:00,1.0,0.81,0.92,1.0,24.4,93.0,23.2,998.4,31.0,-9.7525531057989,6.094071538681855
2017-11-30 19:00:00,1.0,0.93,0.97,1.0,24.3,94.0,23.2,999.6,25.9,-12.235155124994776,5.705346533499441
2017-11-30 20:00:00,1.0,0.84,0.98,1.0,23.8,95.0,23.0,1000.8,32.4,-12.610916492298431,5.35301646030305
2017-11-30 21:00:00,1.0,0.34,0.99,1.0,23.9,95.0,23.1,1001.0,29.5,-13.331811915950368,4.590510977845908
2017-11-30 22:00:00,1.0,0.49,0.99,1.0,23.8,96.0,23.0,1001.3,27.0,-12.597678239809436,5.874393838195721
2017-11-30 23:00:00,1.0,0.07,0.18,1.0,23.8,96.0,23.1,1000.5,27.0,-11.510672766296771,5.124881702755083
2017-12-01 00:00:00,1.0,0.66,0.93,1.0,23.8,96.0,23.0,1000.5,23.0,-7.587037345449281,5.717242719944459
2017-12-01 01:00:00,1.0,1.0,0.89,1.0,23.7,97.0,23.1,999.8,19.4,-7.121464023352646,6.877117867544074
2017-12-01 02:00:00,1.0,0.21,0.89,0.99,23.6,97.0,23.2,998.8,20.9,-8.302838622659698,5.391926446648769
2017-12-01 03:00:00,1.0,0.62,1.0,0.99,23.9,95.0,23.0,998.2,20.2,-10.064046815345089,6.535668420180326
2017-12-01 04:00:00,1.0,0.08,1.0,1.0,23.7,96.0,23.0,998.3,24.8,-8.973775077016036,5.8276376746607905
2017-12-01 05:00:00,1.0,0.0,0.6,0.97,23.2,97.0,22.8,999.1,20.9,-6.858935777509511,6.85893577750951
2017-12-01 06:00:00,0.99,0.04,0.09,0.99,23.5,96.0,22.9,999.5,22.0,-8.635631963856369,2.1531048708370433
2017-12-01 07:00:00,0.99,0.04,0.73,0.99,24.5,94.0,23.5,1000.3,16.9,-8.96575228282571,0.7844016847289241
2017-12-01 08:00:00,0.98,0.34,0.38,0.97,26.1,89.0,24.1,1001.5,20.2,-6.47213595499958,4.702282018339784
2017-12-01 09:00:00,1.0,0.63,0.98,0.98,25.2,87.0,23.0,1001.7,28.8,-5.0463405411722775,4.705788684431239
2017-12-01 10:00:00,1.0,1.0,0.92,1.0,24.9,91.0,23.4,1001.8,23.4,-6.544929873325552,11.807366046381842
2017-12-01 11:00:00,1.0,0.55,1.0,1.0,24.2,94.0,23.3,1001.4,25.9,-3.537697627145113,11.57128754715273
2017-12-01 12:00:00,1.0,0.94,0.93,1.0,24.2,95.0,23.5,1000.3,27.4,-2.535263393937182,14.378193193978237
2017-12-01 13:00:00,1.0,1.0,0.9,1.0,24.5,89.0,22.6,999.2,29.2,-1.7674983821928296,12.576404473017943
2017-12-01 14:00:00,1.0,0.36,1.0,1.0,24.4,93.0,23.1,998.7,31.0,-2.9219314286441156,7.232034065620941
2017-12-01 15:00:00,1.0,1.0,1.0,1.0,24.1,95.0,23.2,998.7,18.7,-4.329989591337347,4.981083229470295
2017-12-01 16:00:00,1.0,0.01,0.01,1.0,24.1,96.0,23.5,998.5,14.4,-6.798696465013737,3.6149310334513602
2017-12-01 17:00:00,1.0,0.08,0.99,1.0,24.6,91.0,23.0,999.1,14.4,-2.172718241812291,5.377666356487366
2017-12-01 18:00:00,1.0,0.1,0.94,1.0,24.3,93.0,23.1,999.4,13.0,-4.633975678270771,6.149493427364156
2017-12-01 19:00:00,0.99,0.43,0.97,0.54,24.0,95.0,23.0,1000.4,13.7,-3.603450996785794,5.766727053863696
2017-12-01 20:00:00,1.0,1.0,1.0,0.66,23.5,96.0,23.0,1001.4,18.0,-2.9027803913169317,7.5620014546273335
2017-12-01 21:00:00,1.0,0.91,1.0,1.0,23.1,98.0,22.8,1001.9,18.0,-2.101315561749643,6.467184310807044
2017-12-01 22:00:00,1.0,0.16,0.99,1.0,23.1,97.0,22.6,1001.8,11.5,-2.5237363199446023,3.6042689948715645
2017-12-01 23:00:00,1.0,0.09,1.0,1.0,23.1,98.0,22.7,1001.7,8.3,3.2360929164157652,1.7937955949114464
2017-12-02 00:00:00,1.0,0.13,1.0,1.0,23.0,99.0,22.9,1001.5,6.5,1.0815799573111144,-1.8000513314744355
2017-12-02 01:00:00,1.0,0.78,1.0,0.84,23.0,100.0,22.9,1000.8,4.7,1.7145055188062944e-16,-0.7
2017-12-02 02:00:00,1.0,1.0,0.82,0.89,22.9,100.0,22.9,1000.1,3.6,1.0777488443215544,0.7269507745119705
2017-12-02 03:00:00,1.0,1.0,0.56,0.88,22.8,100.0,22.8,1000.1,7.9,-4.898587196589413e-17,0.4
2017-12-02 04:00:00,1.0,0.99,0.94,1.0,22.8,100.0,22.8,1000.5,11.5,2.875087836170254,2.166534083347374
2017-12-02 05:00:00,1.0,1.0,0.59,1.0,23.0,100.0,23.0,1000.9,7.2,0.4,7.347880794884119e-17
2017-12-02 06:00:00,1.0,0.75,0.76,1.0,22.9,100.0,22.9,1001.9,2.5,1.766928930205795,-0.3434561916777812
2017-12-02 07:00:00,1.0,0.48,0.96,0.98,23.7,98.0,23.3,1002.8,12.2,2.851220877402777,1.4527695991665504
2017-12-02 08:00:00,1.0,0.32,0.97,0.99,24.3,95.0,23.5,1003.5,7.9,0.3434561916777805,1.7669289302057951
2017-12-02 09:00:00,1.0,0.67,0.96,1.0,24.8,94.0,23.9,1004.0,23.8,4.313351365237939,4.31335136523794
2017-12-02 10:00:00,1.0,0.55,0.63,1.0,25.4,87.0,23.1,1004.0,26.6,4.6421352007971475,-0.7352419856890842
2017-12-02 11:00:00,1.0,0.56,0.41,1.0,26.4,82.0,23.1,1003.4,26.6,-1.0777488443215544,-0.7269507745119709
2017-12-02 12:00:00,0.83,0.33,0.41,0.78,27.0,81.0,23.5,1002.3,22.3,-1.4375439180851268,1.0832670416736871
2017-12-02 13:00:00,0.45,0.16,0.22,0.36,28.1,78.0,23.8,1001.1,27.4,-1.4609657143220578,3.6160170328104706
2017-12-02 14:00:00,0.58,0.27,0.26,0.48,27.1,76.0,22.6,1000.5,26.3,2.225843787881679,8.306962106085987
2017-12-02 15:00:00,0.78,0.08,0.46,0.72,26.2,82.0,23.0,1000.6,20.5,-1.079765060850553,4.6769763109691285
2017-12-02 16:00:00,0.55,0.04,0.48,0.19,26.6,81.0,23.1,1000.8,14.8,-1.7918397477265011,4.667902132486009
2017-12-02 17:00:00,0.76,0.04,0.49,0.57,24.5,91.0,23.0,1000.4,12.2,-3.939231012048832,-0.6945927106677217
2017-12-02 18:00:00,0.74,0.14,0.42,0.64,24.1,93.0,23.0,1001.5,6.8,-3.6,-2.2043642384652358e-16
2017-12-02 19:00:00,0.91,0.14,0.59,0.86,24.0,93.0,22.8,1002.9,6.1,-3.233246532964663,-2.1808523235359125
2017-12-02 20:00:00,0.91,0.29,0.36,0.87,24.1,93.0,22.9,1003.6,12.2,-2.5648410533120636,-7.893769085249775
2017-12-02 21:00:00,0.96,0.33,0.46,0.93,24.2,92.0,22.8,1004.6,16.9,-3.5165801564034638,-8.284543681071963
2017-12-02 22:00:00,0.95,0.35,0.56,0.91,24.0,91.0,22.5,1004.7,18.4,-2.795245687107224,-10.431998923921938
2017-12-02 23:00:00,0.87,0.48,0.47,0.77,23.7,93.0,22.5,1004.3,20.9,-5.357087896926653,-10.513876985422742
2017-12-03 00:00:00,0.96,0.95,0.59,0.81,23.6,94.0,22.5,1003.8,21.6,-4.976398565530443,-9.359244484304625
2017-12-03 01:00:00,1.0,1.0,0.88,0.82,23.3,95.0,22.5,1002.9,20.2,-4.948496447161061,-9.71197111365321
2017-12-03 02:00:00,1.0,1.0,0.81,0.87,23.2,96.0,22.5,1002.1,19.8,-4.691062705321763,-10.060016436106814
2017-12-03 03:00:00,1.0,1.0,0.92,0.92,23.2,95.0,22.4,1001.8,25.9,-4.993494092554763,-13.719512263474263
2017-12-03 04:00:00,1.0,0.01,1.0,0.81,23.4,92.0,22.0,1001.9,31.0,-5.058030491703346,-16.544072278160513
2017-12-03 05:00:00,1.0,0.13,0.68,0.7,23.0,92.0,21.6,1002.8,31.3,-3.1449846427956807,-12.613844441587954
2017-12-03 06:00:00,1.0,0.16,1.0,0.57,23.2,90.0,21.5,1003.1,23.4,-2.834383284732699,-12.277062816293963
2017-12-03 07:00:00,0.89,0.09,0.82,0.56,23.9,88.0,21.7,1003.9,22.3,-1.1707187885977188,-11.13864522812466
2017-12-03 08:00:00,1.0,0.06,1.0,0.5,24.9,82.0,21.6,1004.8,21.6,-0.3629547657060101,-10.393664600998596
2017-12-03 09:00:00,0.93,0.32,0.92,0.05,25.8,77.0,21.4,1004.7,23.8,-3.5376976271451146,-11.571287547152728
2017-12-03 10:00:00,1.0,0.8,1.0,0.01,27.0,71.0,21.3,1004.6,29.2,-7.249999999999999,-12.557368354874361
2017-12-03 11:00:00,0.91,0.86,0.82,0.03,27.5,70.0,21.5,1004.2,29.5,-6.094071538681856,-9.7525531057989
2017-12-03 12:00:00,0.82,0.7,0.79,0.01,27.4,71.0,21.6,1003.3,24.1,-4.383711467890775,-8.98794046299167
2017-12-03 13:00:00,0.97,0.43,0.9,0.85,27.0,73.0,21.8,1002.9,21.2,-3.9758649556096977,-6.122295146001595
2017-12-03 14:00:00,0.98,0.48,0.97,0.66,27.1,73.0,21.9,1002.1,16.9,-4.656970893768797,-5.750880114781585
2017-12-03 15:00:00,0.99,0.39,0.96,0.93,26.9,75.0,22.0,1002.0,16.2,-4.6806636903626915,-4.36478950439999
2017-12-03 16:00:00,1.0,0.22,0.99,0.98,26.5,78.0,22.4,1002.2,13.3,-3.5748714227020657,-2.8948737988292517
2017-12-03 17:00:00,1.0,0.07,1.0,0.21,26.8,75.0,22.0,1001.4,13.0,-5.385980316439453,-2.863776532993934
2017-12-03 18:00:00,0.85,0.12,0.81,0.36,26.4,76.0,21.8,1002.4,12.2,-6.486172749262466,-2.8878301658381815
2017-12-03 19:00:00,0.91,0.1,0.87,0.41,25.9,79.0,22.0,1003.5,15.8,-7.5442419102508795,-5.088655421583796
2017-12-03 20:00:00,0.99,0.0,0.99,0.56,25.5,84.0,22.5,1004.3,15.8,-6.876644452187053,-4.996174644486022
2017-12-03 21:00:00,0.72,0.03,0.56,0.61,24.8,89.0,22.9,1005.0,17.3,-8.98794046299167,-4.383711467890775
2017-12-03 22:00:00,0.35,0.05,0.19,0.27,24.1,92.0,22.8,1005.0,17.6,-6.876644452187053,-4.996174644486022
2017-12-03 23:00:00,0.42,0.09,0.24,0.35,23.7,94.0,22.6,1004.9,14.8,-5.051654523226906,-5.811263767715345
2017-12-04 00:00:00,0.75,0.12,0.1,0.73,23.6,93.0,22.5,1004.2,14.0,-3.2039952536120446,-7.54813979831001
2017-12-04 01:00:00,0.86,0.31,0.27,0.82,23.5,93.0,22.3,1003.8,14.0,-0.721246396546809,-6.862201078041086
2017-12-04 02:00:00,0.95,0.78,0.45,0.92,23.6,91.0,22.0,1003.2,12.2,-2.2249223594996215,-6.8476069173251055
2017-12-04 03:00:00,0.98,0.95,0.4,0.95,23.4,92.0,22.0,1002.6,12.2,-0.37668495821827663,-5.386845871403051
2017-12-04 04:00:00,0.99,0.95,0.42,0.96,23.5,92.0,22.0,1002.3,9.4,2.1727182418122917,-5.377666356487366
2017-12-04 05:00:00,0.83,0.21,0.04,0.07,23.0,95.0,22.1,1002.6,10.1,0.7515347451843558,-5.34744757120448
2017-12-04 06:00:00,0.25,0.25,0.01,0.0,23.2,93.0,22.0,1002.8,11.9,0.37681888494919946,-7.190132650232932
2017-12-04 07:00:00,0.57,0.42,0.01,0.29,24.4,88.0,22.2,1003.5,18.0,2.3023359823970243e-15,-9.4
2017-12-04 08:00:00,0.78,0.72,0.01,0.47,25.5,82.0,22.1,1003.9,24.1,-0.802199448057441,-11.471986577987979
2017-12-04 09:00:00,1.0,1.0,0.0,0.16,26.6,75.0,22.0,1004.1,25.6,-3.93323164824519,-10.806465139037947
2017-12-04 10:00:00,0.81,0.73,0.0,0.32,27.9,68.0,21.4,1004.2,28.4,-6.449999999999999,-11.17172770881926
2017-12-04 11:00:00,0.61,0.58,0.13,0.07,28.5,66.0,21.5,1003.6,28.1,-6.079910225321088,-8.683011669463312
2017-12-04 12:00:00,0.42,0.39,0.29,0.0,28.5,66.0,21.6,1002.9,24.1,-5.391926446648768,-8.302838622659698
2017-12-04 13:00:00,0.59,0.5,0.33,0.12,29.0,65.0,21.7,1001.6,23.4,-3.9499999999999997,-6.841600689897066
2017-12-04 14:00:00,0.73,0.49,0.28,0.45,29.1,64.0,21.5,1000.4,20.2,-4.329989591337347,-4.981083229470295
2017-12-04 15:00:00,0.75,0.53,0.4,0.47,29.0,64.0,21.6,999.9,17.3,-6.415246974156249,-3.2687315981247376
2017-12-04 16:00:00,0.65,0.31,0.14,0.5,28.8,66.0,21.6,1000.2,18.0,-8.6351515192795,-1.060263287624783
2017-12-04 17:00:00,0.76,0.23,0.08,0.79,27.2,78.0,23.0,1000.6,20.2,-8.95274548489749,3.986019102142843
2017-12-04 18:00:00,0.85,0.16,0.08,0.82,26.1,83.0,23.0,1001.1,19.1,-8.973775077016036,5.8276376746607905
2017-12-04 19:00:00,0.88,0.19,0.05,0.85,25.7,84.0,22.9,1001.9,18.7,-9.676371287520293,0.6766377953180156
2017-12-04 20:00:00,0.9,0.26,0.06,0.87,25.4,84.0,22.4,1003.2,16.9,-8.284543681071963,-3.5165801564034633
2017-12-04 21:00:00,0.9,0.25,0.18,0.86,25.0,83.0,22.0,1003.7,15.5,-8.284543681071963,-3.5165801564034633
2017-12-04 22:00:00,0.58,0.3,0.22,0.52,24.8,83.0,21.6,1003.7,16.2,-7.5442419102508795,-5.088655421583796
2017-12-04 23:00:00,0.47,0.31,0.35,0.13,24.5,85.0,21.7,1003.5,15.8,-3.634753872559855,-5.388744221607771
2017-12-05 00:00:00,0.53,0.35,0.34,0.27,24.1,87.0,21.9,1003.3,11.9,-1.8376152202278973,-6.858073366652385
2017-12-05 01:00:00,0.63,0.31,0.34,0.43,23.7,89.0,21.8,1002.7,13.7,-0.4134540543192563,-7.889173324561134
2017-12-05 02:00:00,0.55,0.26,0.35,0.27,23.5,90.0,21.8,1001.7,14.4,1.469229264399394,-7.558529312547013
2017-12-05 03:00:00,0.29,0.22,0.23,0.0,23.4,92.0,22.0,1000.9,13.7,1.8376152202278968,-6.858073366652385
2017-12-05 04:00:00,0.22,0.2,0.15,0.02,23.1,94.0,22.0,1001.0,12.2,1.4493866525741157,-5.4091846272187825
2017-12-05 05:00:00,0.24,0.31,0.02,0.89,23.0,95.0,22.1,1001.6,9.7,-2.1161930039715187,-6.1458707413955596
2017-12-05 06:00:00,0.9,0.34,0.01,0.85,23.6,92.0,22.3,1002.0,13.3,-1.392905666248777,-7.165878439167947
2017-12-05 07:00:00,0.93,0.53,0.02,0.85,24.7,88.0,22.5,1002.7,18.0,-2.153104870837043,-8.635631963856369
2017-12-05 08:00:00,0.92,0.38,0.03,0.88,25.6,83.0,22.5,1003.5,22.0,-2.952954217699641,-9.658678035226657
2017-12-05 09:00:00,0.86,0.31,0.05,0.81,27.2,73.0,22.0,1004.0,28.1,-6.10313031621658,-11.47831870716605
2017-12-05 10:00:00,0.75,0.3,0.12,0.65,28.1,69.0,21.9,1004.0,28.4,-6.077449283938639,-10.114574148284927
2017-12-05 11:00:00,0.89,0.36,0.26,0.82,28.6,66.0,21.7,1003.2,27.0,-5.815606196095768,-8.621990754572435
2017-12-05 12:00:00,0.89,0.39,0.42,0.8,28.9,66.0,21.8,1001.8,24.5,-5.46640284632,-7.523858047687012
2017-12-05 13:00:00,0.91,0.37,0.33,0.84,29.1,65.0,21.8,1000.6,22.3,-3.9142893693164114,-6.5144714853360535
2017-12-05 14:00:00,0.82,0.3,0.27,0.73,29.5,63.0,21.6,999.5,19.8,-3.2393537832226467,-6.092338390726597
2017-12-05 15:00:00,0.71,0.28,0.3,0.57,29.5,62.0,21.5,999.1,17.6,-3.2498011250210608,-4.312631754255381
2017-12-05 16:00:00,0.54,0.21,0.31,0.33,28.9,65.0,21.6,999.4,14.8,-5.062776693988422,-2.1490212066910055
2017-12-05 17:00:00,0.89,0.11,0.12,0.27,27.8,72.0,22.4,999.8,12.6,-6.0916401620029,0.3192493330819574
2017-12-05 18:00:00,0.41,0.13,0.13,0.3,26.1,79.0,22.2,1000.1,15.1,-7.534421012924616,4.349999999999998
2017-12-05 19:00:00,0.71,0.18,0.15,0.67,25.2,86.0,22.7,1000.8,15.1,-3.9357886821272814,2.1816432911085166
2017-12-05 20:00:00,0.91,0.24,0.29,0.87,24.9,90.0,23.1,1002.0,8.3,-4.998560818879258,1.433314250248395
2017-12-05 21:00:00,0.84,0.38,0.31,0.8,25.0,92.0,23.6,1002.6,10.1,-5.4091846272187825,-1.4493866525741161
2017-12-05 22:00:00,0.7,0.28,0.22,0.57,25.2,90.0,23.5,1002.6,13.7,-5.387787044493738,-5.777694242791447
2017-12-05 23:00:00,0.63,0.19,0.16,0.59,24.6,91.0,23.1,1002.4,14.0,-1.7640790772287946,-6.1520748540052415
2017-12-06 00:00:00,0.79,0.22,0.11,0.74,24.2,92.0,22.9,1001.8,11.5,1.3226185430791415e-15,-5.4
2017-12-06 01:00:00,0.89,0.45,0.29,0.81,23.6,96.0,23.0,1001.1,10.8,0.3401837155791384,-6.49109197590473
2017-12-06 02:00:00,0.88,0.47,0.3,0.84,23.6,95.0,22.8,1000.4,11.9,1.7634913907721887e-15,-7.2
2017-12-06 03:00:00,0.94,0.53,0.21,0.89,23.5,96.0,22.7,1000.1,13.7,-1.1133848076805235,-7.922144549932563
2017-12-06 04:00:00,0.99,0.82,0.29,0.97,23.5,95.0,22.6,1000.2,14.8,-0.7526049355271051,-7.160557646651568
2017-12-06 05:00:00,0.68,0.42,0.32,0.65,23.4,94.0,22.4,1001.1,13.0,8.817456953860943e-16,-3.6
2017-12-06 06:00:00,1.0,1.0,0.41,0.31,24.0,92.0,22.5,1001.6,7.6,-2.166534083347374,-2.875087836170254
2017-12-06 07:00:00,1.0,1.0,0.42,0.0,24.0,91.0,22.4,1002.6,12.6,-1.1257730727216144,-5.791600382341218
2017-12-06 08:00:00,0.62,0.61,0.24,0.0,24.6,89.0,22.8,1003.6,15.1,-1.4171916423663495,-6.1385314081469815
2017-12-06 09:00:00,0.26,0.22,0.15,0.0,25.4,88.0,23.2,1004.0,15.8,-1.0494494745709964,-5.3989495089621515
2017-12-06 10:00:00,0.91,0.85,0.15,0.68,27.4,77.0,23.0,1003.8,17.6,-1.0886485301985047,-4.366330768241984
2017-12-06 11:00:00,1.0,1.0,0.14,0.44,27.9,77.0,23.4,1003.0,19.1,0.3486229709906333,-3.984778792366982
2017-12-06 12:00:00,0.76,0.75,0.31,0.38,28.2,74.0,23.1,1002.0,18.4,-1.4326213531414103,-4.685893304218874
2017-12-06 13:00:00,0.29,0.15,0.26,0.0,28.2,72.0,22.8,1001.0,17.3,-2.8801477362331185,-3.9641832724372428
2017-12-06 14:00:00,0.18,0.07,0.18,0.0,28.9,68.0,22.3,999.9,20.5,-6.862201078041086,-0.7212463965468089
2017-12-06 15:00:00,0.57,0.46,0.26,0.32,26.6,79.0,22.6,999.7,28.4,-10.8,-6.613092715395707e-16
2017-12-06 16:00:00,0.77,0.49,0.35,0.64,26.5,78.0,22.4,1000.2,23.8,-6.5,-3.9801020972288977e-16
2017-12-06 17:00:00,0.79,0.27,0.39,0.78,25.9,84.0,23.0,1000.1,15.1,-5.3989495089621515,-1.049449474570997
2017-12-06 18:00:00,0.79,0.16,0.3,0.71,25.2,87.0,23.0,1000.7,10.4,-5.7247447850283795,1.42733918403804
2017-12-06 19:00:00,0.93,0.23,0.33,0.91,24.8,90.0,23.0,1001.3,10.1,-1.7937955949114477,3.2360929164157644
2017-12-06 20:00:00,0.92,0.3,0.47,0.87,24.6,90.0,22.9,1002.4,6.1,3.2,5.878304635907295e-16
2017-12-06 21:00:00,0.67,0.23,0.41,0.56,24.2,94.0,23.1,1003.0,7.6,3.96029588778518,1.0611580849203346
2017-12-06 22:00:00,0.96,0.18,0.31,0.94,24.3,94.0,23.3,1003.1,8.3,4.685893304218873,1.4326213531414118
2017-12-06 23:00:00,0.95,0.22,0.33,0.94,23.8,97.0,23.2,1002.6,8.3,2.5114736709748717,-1.4500000000000002
2017-12-07 00:00:00,1.0,1.0,0.4,0.95,23.2,97.0,22.6,1002.4,6.5,-1.4554435894139948,-0.3628828433995015
2017-12-07 01:00:00,0.96,0.57,0.36,0.92,23.2,97.0,22.7,1001.6,7.2,-1.1110124779463997,-3.6339580726595346
2017-12-07 02:00:00,0.96,0.49,0.27,0.95,23.1,96.0,22.5,1000.7,7.2,0.6945927106677215,-3.939231012048832
2017-12-07 03:00:00,0.97,0.3,0.2,0.96,23.0,96.0,22.4,1000.3,6.8,1.4364846019678081,-3.9467090073008158
2017-12-07 04:00:00,0.94,0.36,0.19,0.91,23.0,96.0,22.4,1000.2,7.2,1.0886485301985054,-4.366330768241984
2017-12-07 05:00:00,1.0,1.0,0.29,0.44,23.1,97.0,22.6,1000.4,9.0,0.7166571251241973,-2.499280409439629
2017-12-07 06:00:00,0.73,0.64,0.29,0.19,23.8,92.0,22.4,1001.0,10.1,0.37668495821827847,-5.386845871403051
2017-12-07 07:00:00,0.66,0.39,0.34,0.41,24.4,89.0,22.5,1001.9,13.0,-0.7515347451843534,-5.34744757120448
2017-12-07 08:00:00,0.59,0.36,0.22,0.34,25.3,86.0,22.9,1002.9,17.3,-2.1727182418122895,-5.377666356487367
2017-12-07 09:00:00,0.19,0.12,0.13,0.04,26.2,83.0,23.2,1003.1,17.6,-2.1816432911085166,-3.935788682127281
2017-12-07 10:00:00,0.2,0.07,0.11,0.09,27.5,79.0,23.5,1003.0,19.8,-2.8772616073430903,-3.195522749552795
2017-12-07 11:00:00,0.45,0.1,0.1,0.37,28.4,76.0,23.8,1002.1,22.0,-3.5670951622914924,-3.2118269105225195
2017-12-07 12:00:00,0.25,0.08,0.1,0.14,29.1,72.0,23.6,1001.0,24.1,-5.377666356487367,-2.1727182418122895
2017-12-07 13:00:00,0.62,0.17,0.15,0.51,29.8,70.0,23.9,999.9,24.5,-6.486172749262466,-2.8878301658381815
2017-12-07 14:00:00,0.9,0.75,0.1,0.59,28.5,75.0,23.6,999.0,22.7,-6.1520748540052415,-1.7640790772287946
2017-12-07 15:00:00,1.0,1.0,0.39,0.7,27.0,76.0,22.5,999.1,23.0,-3.2118269105225203,3.567095162291491
2017-12-07 16:00:00,0.89,0.02,0.38,0.83,27.0,78.0,22.9,999.2,18.0,-0.3479327524001633,2.475670171853926
2017-12-07 17:00:00,0.91,0.13,0.42,0.93,26.9,82.0,23.5,999.6,10.8,-3.9641832724372428,2.880147736233118
2017-12-07 18:00:00,0.76,0.41,0.49,0.5,25.5,88.0,23.3,1000.4,9.0,-5.4378467222199,2.535709570444196
2017-12-07 19:00:00,1.0,1.0,0.44,0.56,24.9,91.0,23.4,1001.6,12.2,-5.4091846272187825,-1.4493866525741161
2017-12-07 20:00:00,0.39,0.11,0.32,0.08,24.8,94.0,23.6,1002.5,9.7,-1.8017254983928965,-2.883363526931848
2017-12-07 21:00:00,0.36,0.21,0.33,0.02,24.3,96.0,23.6,1003.3,8.3,-0.3479327524001633,2.475670171853926
2017-12-07 22:00:00,0.97,0.96,0.53,0.03,24.1,95.0,23.3,1003.8,9.4,-0.726950774511971,-1.0777488443215544
2017-12-07 23:00:00,1.0,1.0,0.47,0.72,23.8,96.0,23.0,1003.5,8.6,-0.726950774511971,-1.0777488443215544
2017-12-08 00:00:00,0.98,0.96,0.42,0.18,23.6,96.0,23.0,1003.1,4.3,0.7,1.2858791391047207e-16
2017-12-08 01:00:00,0.84,0.55,0.55,0.54,23.5,95.0,22.6,1002.5,4.3,3.429011037612589e-16,-1.4
2017-12-08 02:00:00,0.85,0.3,0.46,0.75,23.1,96.0,22.5,1001.7,6.1,2.5079526825623377,-1.8221342821066662
2017-12-08 03:00:00,0.42,0.26,0.38,0.0,23.0,97.0,22.5,1001.1,8.6,3.9357886821272805,-2.181643291108518
2017-12-08 04:00:00,0.38,0.31,0.33,0.0,22.8,98.0,22.5,1001.2,8.6,2.8750878361702554,-2.1665340833473725
2017-12-08 05:00:00,0.41,0.32,0.1,0.0,23.1,96.0,22.5,1001.4,5.8,-1.45276959916655,-2.8512208774027776
2017-12-08 06:00:00,1.0,1.0,0.06,0.0,23.5,94.0,22.6,1001.8,8.6,-2.4905416147351476,-2.1649947956686737
2017-12-08 07:00:00,1.0,1.0,0.04,0.0,24.3,91.0,22.8,1002.6,11.5,-4.276831316104166,-2.1791543987498248
2017-12-08 08:00:00,0.92,0.92,0.04,0.0,25.0,84.0,22.0,1003.4,18.0,-6.47213595499958,-4.702282018339785
2017-12-08 09:00:00,0.83,0.82,0.05,0.0,26.2,74.0,21.2,1003.4,22.0,-7.8859391664594325,-4.738350289172498
2017-12-08 10:00:00,0.77,0.76,0.04,0.0,27.5,69.0,21.2,1003.6,23.0,-7.171881598543044,-3.975438886019964
2017-12-08 11:00:00,0.3,0.05,0.05,0.26,28.5,67.0,21.6,1002.9,22.0,-5.702441754805555,-2.9055391983331003
2017-12-08 12:00:00,0.33,0.23,0.14,0.1,28.9,65.0,21.7,1001.7,19.8,-4.312631754255381,-3.2498011250210608
2017-12-08 13:00:00,0.72,0.27,0.25,0.62,29.2,64.0,21.6,1000.6,18.0,-4.679622242152313,-2.4881992827652213
2017-12-08 14:00:00,0.5,0.26,0.27,0.3,29.5,61.0,21.4,999.9,17.3,-5.78587149150698,-0.40458754771592637
2017-12-08 15:00:00,0.61,0.31,0.41,0.33,28.6,66.0,21.6,999.6,19.4,-8.31985137687841,2.5436338310878086
2017-12-08 16:00:00,0.65,0.35,0.43,0.35,27.3,73.0,22.0,1000.1,22.0,-6.876644452187053,4.996174644486021
2017-12-08 17:00:00,0.65,0.25,0.28,0.57,27.0,76.0,22.5,1000.1,17.3,-3.9210044190878905,4.672871103025765
2017-12-08 18:00:00,0.77,0.42,0.3,0.6,26.2,79.0,22.4,1000.8,12.2,-2.496747046277383,6.8597561317371305
2017-12-08 19:00:00,0.76,0.41,0.32,0.59,25.7,82.0,22.4,1001.8,13.0,-0.3977532674463729,7.589584464134761
2017-12-08 20:00:00,0.44,0.2,0.3,0.2,25.2,84.0,22.4,1002.5,13.7,1.8221035401853063,7.892397524760405
2017-12-08 21:00:00,0.4,0.19,0.33,0.09,24.9,84.0,22.1,1003.1,14.0,0.6794350112397477,6.4643923198937765
2017-12-08 22:00:00,0.18,0.17,0.03,0.0,24.4,86.0,22.0,1003.5,10.8,-0.6945927106677211,3.939231012048832
2017-12-08 23:00:00,0.11,0.11,0.02,0.0,23.6,90.0,21.9,1003.1,7.6,-5.074340152243906,1.8469087739586112
2017-12-09 00:00:00,0.11,0.1,0.02,0.0,23.4,88.0,21.3,1002.7,6.5,-4.283637201794505,-0.37476969381492997
2017-12-09 01:00:00,0.1,0.1,0.02,0.0,22.9,90.0,21.2,1002.3,7.9,-6.858073366652385,1.837615220227898
2017-12-09 02:00:00,0.11,0.11,0.0,0.0,22.8,90.0,21.1,1002.0,8.3,-3.269385687200962,4.669166652447254
2017-12-09 03:00:00,0.12,0.12,0.0,0.0,22.4,93.0,21.1,1001.9,7.6,-0.7555899291119148,6.153786140176196
2017-12-09 04:00:00,0.16,0.15,0.0,0.0,22.5,93.0,21.2,1002.1,7.6,1.846908773958611,5.074340152243906
2017-12-09 05:00:00,0.18,0.12,0.0,0.67,23.5,89.0,21.7,1002.6,6.1,2.4930243101639267,2.867896404846534
2017-12-09 06:00:00,0.64,0.16,0.0,0.58,23.0,95.0,22.1,1003.3,4.3,1.4554435894139948,-0.36288284339950116
2017-12-09 07:00:00,0.15,0.15,0.04,0.0,24.8,88.0,22.6,1004.0,7.6,0.33991869381244244,-1.0461621679246689
2017-12-09 08:00:00,0.44,0.43,0.03,0.0,26.0,82.0,22.6,1004.5,11.5,-2.8940993221413254,1.1109406435904308
2017-12-09 09:00:00,0.26,0.26,0.09,0.0,26.8,77.0,22.4,1004.9,14.8,-4.374859974957706,1.4214781741247577
2017-12-09 10:00:00,0.33,0.33,0.04,0.0,27.9,71.0,22.1,1004.4,16.9,-5.050367150582009,0.7097828148963332
2017-12-09 11:00:00,0.24,0.24,0.2,0.0,28.6,67.0,21.9,1003.6,16.9,-4.3,-2.632990618166809e-16
2017-12-09 12:00:00,0.31,0.16,0.29,0.0,29.1,65.0,21.8,1002.5,16.2,-3.580278823325784,-0.3763024677635525
2017-12-09 13:00:00,0.3,0.12,0.28,0.0,29.4,63.0,21.5,1001.4,16.6,-5.087576656325103,-0.35575801609503865
2017-12-09 14:00:00,0.34,0.11,0.32,0.0,29.3,63.0,21.5,1000.7,18.7,-7.2,-4.4087284769304716e-16
2017-12-09 15:00:00,0.87,0.09,0.27,0.81,28.9,65.0,21.8,1000.3,18.7,-7.922144549932563,1.1133848076805228
2017-12-09 16:00:00,0.93,0.07,0.19,0.91,27.9,71.0,22.2,1000.5,22.3,-10.060016436106816,4.691062705321762
2017-12-09 17:00:00,0.47,0.05,0.14,0.79,26.8,75.0,21.9,1000.7,22.7,-7.5442419102508795,5.088655421583795
2017-12-09 18:00:00,0.93,0.02,0.1,0.92,25.4,81.0,22.0,1001.1,16.2,-3.9402334420842138,5.043268823083021
2017-12-09 19:00:00,0.96,0.01,0.06,0.96,24.6,85.0,21.9,1002.0,10.4,-2.1976149610516376,4.7128004925905795
2017-12-09 20:00:00,0.98,0.0,0.04,0.98,24.1,86.0,21.6,1002.9,9.4,-1.4273391840380396,5.7247447850283795
2017-12-09 21:00:00,0.62,0.0,0.03,0.61,23.8,88.0,21.6,1003.2,10.1,1.0766187015349689,6.10580806867569
2017-12-09 22:00:00,0.43,0.01,0.03,0.41,23.5,91.0,22.0,1003.8,11.2,3.1997434936258236,5.772490067120012
2017-12-09 23:00:00,0.73,0.0,0.02,0.72,23.5,93.0,22.3,1003.6,11.5,2.542346798541461,4.98963653545486
2017-12-10 00:00:00,0.85,0.0,0.01,0.85,22.6,96.0,22.0,1003.1,9.0,3.6034509967857926,5.766727053863697
2017-12-10 01:00:00,0.89,0.0,0.0,0.89,22.3,97.0,21.9,1002.8,8.3,5.377666356487366,2.1727182418122912
2017-12-10 02:00:00,0.87,0.0,0.0,0.87,22.1,98.0,21.7,1002.2,7.2,5.785871491506981,-0.40458754771592625
2017-12-10 03:00:00,0.83,0.0,0.0,0.83,21.9,98.0,21.5,1002.0,7.2,5.421022142882376,-1.7613968679371992
2017-12-10 04:00:00,0.75,0.0,0.0,0.75,21.9,97.0,21.5,1002.1,7.2,3.230844089787559,-2.5242120488352
2017-12-10 05:00:00,0.05,0.0,0.0,0.79,22.2,97.0,21.7,1002.6,6.1,0.7059932828932153,-3.632020578756357
2017-12-10 06:00:00,0.16,0.0,0.0,0.15,22.9,94.0,21.8,1003.2,10.4,-0.7555899291119144,-6.153786140176196
2017-12-10 07:00:00,0.0,0.0,0.0,0.0,24.5,87.0,22.2,1004.2,15.1,-0.37681888494919563,-7.190132650232932
2017-12-10 08:00:00,0.0,0.0,0.0,0.0,26.5,78.0,22.2,1005.2,16.9,-1.7640790772287946,-6.1520748540052415
2017-12-10 09:00:00,0.03,0.03,0.0,0.0,27.7,70.0,21.8,1005.6,17.3,-3.5996106142446194,-4.289848881466277
2017-12-10 10:00:00,0.13,0.09,0.1,0.0,28.6,65.0,21.4,1005.3,19.4,-5.388744221607771,-3.634753872559854
2017-12-10 11:00:00,0.27,0.09,0.25,0.0,29.4,62.0,21.4,1004.6,20.2,-6.162892951849219,-2.873804179836756
2017-12-10 12:00:00,0.4,0.29,0.33,0.0,29.5,61.0,21.1,1003.6,22.3,-7.505054539300878,-3.9905082836800725
2017-12-10 13:00:00,0.47,0.28,0.44,0.0,29.5,60.0,21.0,1002.7,22.3,-6.86918957886705,-4.29234604028896
2017-12-10 14:00:00,0.38,0.28,0.33,0.0,29.2,62.0,21.1,1001.8,22.3,-9.70462707366739,-1.3638963894086416
2017-12-10 15:00:00,0.38,0.26,0.33,0.0,28.4,68.0,21.9,1001.6,24.5,-11.17271736291003,0.7812725059342036
2017-12-10 16:00:00,0.33,0.25,0.29,0.0,28.0,70.0,22.0,1001.7,23.8,-10.1,-6.184466335694133e-16
2017-12-10 17:00:00,0.28,0.12,0.22,0.0,27.0,74.0,22.0,1001.8,20.9,-10.44247990136687,1.0975488643103624
2017-12-10 18:00:00,0.22,0.08,0.21,0.0,26.0,80.0,22.1,1002.5,19.4,-8.96575228282571,0.7844016847289241
2017-12-10 19:00:00,0.22,0.04,0.22,0.0,25.4,85.0,22.7,1003.2,15.8,-7.185941174554808,2.4743179738743906
2017-12-10 20:00:00,0.26,0.06,0.25,0.0,25.0,88.0,22.8,1004.4,13.0,-4.998560818879258,1.433314250248395
2017-12-10 21:00:00,0.23,0.05,0.23,0.0,24.6,89.0,22.8,1004.9,8.6,-4.676976310969129,1.079765060850552
2017-12-10 22:00:00,0.18,0.04,0.18,0.0,24.1,92.0,22.8,1005.2,7.9,-6.440453362786736,-1.8467702839738944
2017-12-10 23:00:00,0.17,0.03,0.17,0.0,24.0,92.0,22.6,1005.1,7.6,0.34494392878325625,-3.2819222547153015
2017-12-11 00:00:00,0.23,0.07,0.21,0.0,23.9,92.0,22.5,1005.0,11.2,1.0324674692655254,-6.5187430479279085
2017-12-11 01:00:00,0.22,0.08,0.2,0.0,23.8,92.0,22.4,1004.6,13.0,-0.7526049355271051,-7.160557646651568
2017-12-11 02:00:00,0.17,0.08,0.16,0.0,23.6,92.0,22.2,1003.9,13.3,1.8614631347039767e-15,-7.6
2017-12-11 03:00:00,0.14,0.07,0.12,0.0,23.3,93.0,22.1,1003.9,13.3,1.4171916423663515,-6.1385314081469815
2017-12-11 04:00:00,0.23,0.21,0.08,0.0,23.0,94.0,22.1,1003.9,13.0,2.1927877854205287,-7.172285669722765
2017-12-11 05:00:00,0.34,0.2,0.13,0.0,23.4,93.0,22.2,1004.3,13.3,1.0766187015349684,-6.10580806867569
2017-12-11 06:00:00,0.39,0.28,0.3,0.0,23.9,91.0,22.2,1004.7,13.7,0.7212463965468086,-6.862201078041086
2017-12-11 07:00:00,0.35,0.32,0.11,0.0,24.9,87.0,22.5,1005.5,14.4,1.6655196468404002e-15,-6.8
2017-12-11 08:00:00,0.28,0.28,0.04,0.0,26.2,81.0,22.7,1006.6,22.0,-4.403707847473604,-8.642763284627168
2017-12-11 09:00:00,0.27,0.25,0.09,0.0,27.2,75.0,22.4,1006.7,22.0,-4.326319829244455,-7.200205325897744
2017-12-11 10:00:00,0.27,0.26,0.07,0.0,28.2,69.0,22.0,1006.6,21.6,-3.9754388860199636,-7.171881598543044
2017-12-11 11:00:00,0.36,0.35,0.18,0.0,29.0,65.0,21.7,1005.9,22.7,-4.683895701129233,-7.212566884330647
2017-12-11 12:00:00,0.36,0.33,0.3,0.0,29.3,63.0,21.6,1004.8,22.7,-5.379684037722159,-6.18861855782673
2017-12-11 13:00:00,0.55,0.35,0.51,0.0,29.1,65.0,21.8,1003.8,22.3,-8.635631963856369,-2.1531048708370424
2017-12-11 14:00:00,0.56,0.35,0.46,0.16,28.4,69.0,22.0,1003.0,26.3,-11.852260087141653,1.8772135804827697
2017-12-11 15:00:00,0.46,0.35,0.4,0.05,27.9,72.0,22.5,1002.5,28.1,-11.1506356728845,3.197393327477189
2017-12-11 16:00:00,0.38,0.33,0.32,0.0,27.8,76.0,23.0,1002.8,24.8,-10.45610077676866,4.013721034907363
2017-12-11 17:00:00,0.28,0.06,0.03,0.53,27.1,78.0,22.9,1002.8,22.7,-8.588939923774255,3.296985135816762
2017-12-11 18:00:00,0.79,0.0,0.03,0.78,25.7,85.0,23.0,1003.6,16.9,-6.811735915548058,2.891410350820626
2017-12-11 19:00:00,0.03,0.01,0.03,0.0,25.1,88.0,23.0,1004.5,13.3,-6.153786140176197,0.7555899291119137
2017-12-11 20:00:00,0.02,0.01,0.02,0.0,24.7,91.0,23.1,1005.5,10.8,-5.34744757120448,0.7515347451843529
2017-12-11 21:00:00,0.02,0.0,0.02,0.0,24.1,94.0,23.1,1005.9,9.0,-6.440453362786736,1.8467702839738938
2017-12-11 22:00:00,0.06,0.06,0.02,0.0,24.7,91.0,23.1,1006.2,7.6,-0.3449439287832573,3.2819222547153015
2017-12-11 23:00:00,0.1,0.09,0.04,0.0,23.8,96.0,23.0,1006.0,3.6,1.1,2.0206672185931328e-16
2017-12-12 00:00:00,0.15,0.07,0.13,0.0,23.5,97.0,23.0,1005.5,4.0,2.187429987478853,-0.7107390870623785
2017-12-12 01:00:00,0.16,0.05,0.15,0.0,23.4,98.0,23.0,1005.0,6.8,3.9602958877851804,-1.061158084920333
2017-12-12 02:00:00,0.18,0.17,0.1,0.0,23.3,97.0,22.9,1004.3,9.0,4.664264528860344,-2.9145559532826257
2017-12-12 03:00:00,0.74,0.72,0.46,0.0,22.7,98.0,22.4,1004.3,10.8,1.4326213531414123,-4.685893304218873
2017-12-12 04:00:00,0.86,0.74,0.4,0.39,22.9,99.0,22.6,1004.6,5.8,1.8159619989581879,-3.564026096753471
2017-12-12 05:00:00,0.71,0.84,0.01,0.6,24.1,94.0,23.0,1004.7,6.1,1.4364846019678081,-3.9467090073008158
2017-12-12 06:00:00,0.75,0.23,0.0,0.67,24.4,92.0,23.0,1005.2,9.4,1.0886485301985054,-4.366330768241984
2017-12-12 07:00:00,0.8,0.19,0.0,0.76,25.1,90.0,23.3,1006.5,11.5,0.7352419856890863,-4.6421352007971475
2017-12-12 08:00:00,0.85,0.32,0.0,0.78,26.6,80.0,22.8,1007.2,13.7,-1.1110124779463997,-3.6339580726595346
2017-12-12 09:00:00,0.89,0.36,0.04,0.84,27.5,75.0,22.5,1007.2,14.0,-2.180852323535913,-3.233246532964663
2017-12-12 10:00:00,0.9,0.33,0.2,0.86,28.4,70.0,22.4,1007.0,16.2,-3.963444403430551,-3.2095339943541705
2017-12-12 11:00:00,0.85,0.25,0.28,0.78,29.0,71.0,23.1,1006.2,20.2,-5.772490067120011,-3.199743493625825
2017-12-12 12:00:00,0.55,0.48,0.18,0.11,29.5,72.0,23.9,1005.1,20.2,-4.998560818879258,-1.4333142502483958
2017-12-12 13:00:00,0.78,0.76,0.15,0.04,29.8,71.0,24.0,1003.7,17.6,-4.276831316104166,-2.1791543987498248
2017-12-12 14:00:00,0.31,0.29,0.16,0.0,29.4,70.0,23.3,1002.5,18.4,-6.790680836331102,0.35588450245201814
2017-12-12 15:00:00,0.58,0.25,0.31,0.44,28.1,73.0,22.8,1002.4,20.5,-4.658019105832602,5.358438019581681
2017-12-12 16:00:00,0.88,0.26,0.24,0.85,27.9,74.0,22.9,1002.9,17.3,-6.430842427582553,1.4846769586695092
2017-12-12 17:00:00,0.95,0.3,0.18,0.93,27.1,80.0,23.4,1002.8,16.2,-7.232034065620942,2.9219314286441143
2017-12-12 18:00:00,0.95,0.27,0.13,0.93,26.1,85.0,23.5,1003.6,14.4,-5.377666356487367,2.17271824181229
2017-12-12 19:00:00,0.93,0.28,0.13,0.91,25.6,89.0,23.6,1004.4,10.1,-4.676976310969129,1.079765060850552
2017-12-12 20:00:00,0.93,0.2,0.1,0.9,25.0,94.0,24.0,1005.3,8.3,-3.5640260967534716,1.815961998958187
2017-12-12 21:00:00,0.68,0.15,0.11,0.61,25.0,94.0,24.0,1005.7,5.4,-3.939231012048832,0.6945927106677212
2017-12-12 22:00:00,0.58,0.19,0.11,0.49,25.0,93.0,23.8,1006.0,4.7,-1.0777488443215544,0.7269507745119708
2017-12-12 23:00:00,0.53,0.24,0.17,0.37,24.4,93.0,23.1,1005.8,7.9,1.046162167924669,-0.339918693812442
2017-12-13 00:00:00,0.63,0.21,0.58,0.18,23.8,92.0,22.4,1005.3,9.0,0.7269507745119705,-1.0777488443215544
2017-12-13 01:00:00,0.51,0.35,0.39,0.12,24.0,92.0,22.6,1004.5,5.4,1.0777488443215542,-0.7269507745119711
2017-12-13 02:00:00,0.56,0.42,0.49,0.02,23.7,92.0,22.2,1004.2,11.2,-1.4326213531414103,-4.685893304218874
2017-12-13 03:00:00,0.65,0.31,0.41,0.38,23.6,94.0,22.6,1004.2,10.4,1.1511679911985121e-15,-4.7
2017-12-13 04:00:00,0.8,0.34,0.35,0.67,23.4,96.0,22.8,1004.5,7.9,-2.4853631043215887,1.0549740469210394
2017-12-13 05:00:00,0.88,0.34,0.45,0.64,23.5,95.0,22.6,1004.4,14.8,5.388445916248355e-16,-2.2
2017-12-13 06:00:00,0.89,0.5,0.54,0.72,23.5,93.0,22.3,1005.2,11.2,2.1449244407331385,-1.7998053071223097
2017-12-13 07:00:00,0.9,0.46,0.47,0.79,24.3,90.0,22.5,1006.3,11.9,2.8750878361702554,-2.1665340833473725
2017-12-13 08:00:00,0.92,0.38,0.4,0.85,25.6,84.0,22.7,1007.1,11.9,2.1808523235359116,-3.233246532964663
2017-12-13 09:00:00,0.9,0.24,0.25,0.85,26.5,80.0,22.9,1007.1,18.0,1.4326213531414123,-4.685893304218873
2017-12-13 10:00:00,0.8,0.1,0.16,0.75,27.9,77.0,23.5,1007.1,20.5,0.6945927106677215,-3.939231012048832
2017-12-13 11:00:00,0.85,0.03,0.17,0.82,28.9,72.0,23.4,1006.3,21.2,-1.1110124779463997,-3.6339580726595346
2017-12-13 12:00:00,0.9,0.07,0.21,0.88,29.3,71.0,23.4,1005.3,22.0,-2.166534083347374,-2.875087836170254
2017-12-13 13:00:00,0.92,0.31,0.18,0.9,29.8,68.0,23.3,1003.7,22.7,-3.5996106142446194,-4.289848881466277
2017-12-13 14:00:00,0.86,0.14,0.34,0.82,28.7,69.0,22.5,1002.9,22.7,-2.867896404846534,2.493024310163927
2017-12-13 15:00:00,0.92,0.08,0.34,0.89,27.3,75.0,22.4,1002.8,15.1,-5.7247447850283795,-1.4273391840380394
2017-12-13 16:00:00,0.8,0.04,0.26,0.75,27.2,75.0,22.4,1002.9,16.9,-3.984778792366982,-0.34862297099063255
2017-12-13 17:00:00,0.82,0.25,0.34,0.76,26.5,79.0,22.6,1002.9,11.2,0.7263847995832747,1.4256104387013888
2017-12-13 18:00:00,0.7,0.21,0.31,0.62,25.8,85.0,23.0,1003.6,4.3,2.1874299874788528,0.7107390870623793
2017-12-13 19:00:00,0.64,0.11,0.31,0.51,25.1,88.0,23.0,1004.4,5.0,2.9,5.327213576290986e-16
2017-12-13 20:00:00,0.65,0.05,0.44,0.44,24.5,91.0,23.0,1005.1,6.1,2.475670171853926,-0.34793275240016364
2017-12-13 21:00:00,0.56,0.06,0.31,0.43,24.6,90.0,23.0,1005.4,4.3,1.8,3.3065463576978537e-16
2017-12-13 22:00:00,0.31,0.09,0.24,0.06,25.0,85.0,22.2,1005.6,2.5,1.0461621679246689,0.33991869381244233
2017-12-13 23:00:00,0.25,0.13,0.2,0.01,25.0,83.0,22.0,1005.3,1.8,1.4554435894139948,-0.36288284339950116
2017-12-14 00:00:00,0.25,0.12,0.18,0.05,24.2,89.0,22.3,1004.9,7.2,-3.935788682127281,-2.181643291108517
2017-12-14 01:00:00,0.28,0.12,0.1,0.17,24.0,92.0,22.6,1004.4,11.5,-4.981083229470295,-4.329989591337347
2017-12-14 02:00:00,0.94,0.16,0.06,0.93,23.7,93.0,22.5,1003.9,11.5,-3.921004419087889,-4.6728711030257655
2017-12-14 03:00:00,0.61,0.21,0.03,0.51,23.5,94.0,22.5,1003.7,11.5,-2.472403516545019,-6.1194134401407965
2017-12-14 04:00:00,0.2,0.17,0.04,0.02,23.6,93.0,22.5,1003.8,13.7,-1.754618223882147,-7.6000865053248345
2017-12-14 05:00:00,0.13,0.15,0.12,0.0,23.6,90.0,21.9,1004.3,15.5,-1.1133848076805235,-7.922144549932563
2017-12-14 06:00:00,0.15,0.1,0.1,0.0,24.0,88.0,21.9,1005.0,15.1,2.0329136865846065e-15,-8.3
2017-12-14 07:00:00,0.12,0.09,0.07,0.0,24.9,84.0,22.0,1005.8,18.0,2.204364238465236e-15,-9.0
2017-12-14 08:00:00,0.08,0.07,0.03,0.0,26.1,79.0,22.2,1006.5,22.7,-1.7712114122026892,-10.045039080724521
2017-12-14 09:00:00,0.35,0.06,0.01,0.31,27.3,73.0,22.0,1006.9,23.4,-1.4861274178821933,-9.38303923565381
2017-12-14 10:00:00,0.52,0.05,0.0,0.5,28.5,65.0,21.4,1006.9,23.4,-2.5436338310878095,-8.319851376878407
2017-12-14 11:00:00,0.35,0.13,0.01,0.26,29.4,61.0,21.0,1006.0,23.4,-4.738350289172498,-7.8859391664594325
2017-12-14 12:00:00,0.49,0.14,0.06,0.4,30.0,58.0,20.7,1004.8,24.5,-6.85893577750951,-6.858935777509511
2017-12-14 13:00:00,0.44,0.07,0.19,0.3,30.4,55.0,20.3,1003.9,24.8,-8.683011669463312,-6.079910225321088
2017-12-14 14:00:00,0.25,0.06,0.24,0.0,29.8,58.0,20.7,1002.7,26.3,-11.546519142684359,-2.8788705576360454
2017-12-14 15:00:00,0.24,0.04,0.23,0.0,29.3,63.0,21.6,1002.5,26.3,-10.397814721786489,-1.4613175600806874
2017-12-14 16:00:00,0.21,0.06,0.17,0.05,28.4,70.0,22.3,1002.8,24.1,-12.2,-7.470345474798854e-16
2017-12-14 17:00:00,0.21,0.12,0.1,0.05,27.6,74.0,22.5,1003.0,25.2,-11.555858497864248,1.0110066158728355
2017-12-14 18:00:00,0.09,0.06,0.07,0.0,26.5,81.0,23.0,1003.5,20.9,-11.13864522812466,1.1707187885977197
2017-12-14 19:00:00,0.11,0.09,0.06,0.0,26.2,79.0,22.4,1004.8,23.4,-12.977032895167305,-3.7211043035294886
2017-12-14 20:00:00,0.18,0.07,0.03,0.11,25.5,84.0,22.6,1005.5,24.5,-12.60970042210831,-5.094649670456403
2017-12-14 21:00:00,0.83,0.11,0.02,0.81,25.1,87.0,22.7,1005.9,24.1,-10.436319227436822,-7.582429754572904
2017-12-14 22:00:00,0.34,0.12,0.01,0.25,24.8,88.0,22.6,1006.1,23.0,-8.922515159753878,-8.320379992762481
2017-12-14 23:00:00,0.67,0.11,0.03,0.63,24.5,89.0,22.6,1005.3,22.0,-7.919595949289331,-7.919595949289333
2017-12-15 00:00:00,0.14,0.13,0.06,0.0,24.3,90.0,22.6,1004.7,20.2,-5.815606196095768,-8.621990754572435
2017-12-15 01:00:00,0.12,0.12,0.05,0.01,24.1,91.0,22.5,1003.7,19.1,-4.734408385322037,-9.706975700031006
2017-12-15 02:00:00,0.2,0.2,0.04,0.0,23.9,91.0,22.3,1003.2,19.8,-3.5812496990287235,-10.400704331592486
2017-12-15 03:00:00,0.3,0.3,0.04,0.0,23.7,91.0,22.2,1002.8,21.6,-4.035837691242891,-11.08837292527372
2017-12-15 04:00:00,0.4,0.39,0.08,0.0,23.6,91.0,22.1,1002.9,21.2,-3.303800263366926,-10.806243742382302
2017-12-15 05:00:00,0.7,1.0,0.13,0.47,24.1,89.0,22.1,1003.7,20.5,-3.9719314843773117,-11.535326622311665
2017-12-15 06:00:00,1.0,1.0,0.12,0.06,24.4,87.0,22.1,1004.7,24.1,-5.040431557511631,-11.874512609536481
2017-12-15 07:00:00,1.0,1.0,0.19,0.12,24.9,85.0,22.2,1005.6,29.5,-7.17304989588484,-14.077903082176213
2017-12-15 08:00:00,0.92,0.9,0.21,0.37,25.5,83.0,22.4,1006.4,32.4,-7.65238647341002,-14.39204576360051
2017-12-15 09:00:00,0.61,0.55,0.18,0.32,26.5,80.0,22.8,1006.8,32.8,-8.387441139231417,-12.91552674635953
2017-12-15 10:00:00,0.92,0.9,0.57,0.38,27.8,73.0,22.5,1006.7,35.6,-9.003005745879026,-13.347504918136172
2017-12-15 11:00:00,0.63,0.44,0.42,0.35,26.6,78.0,22.5,1006.1,35.6,-10.40402755668352,-9.367828489024015
2017-12-15 12:00:00,0.96,0.62,0.64,0.91,25.4,84.0,22.5,1005.8,38.5,-13.237501999306986,-12.344170317131223
2017-12-15 13:00:00,0.64,0.48,0.19,0.49,25.7,85.0,23.0,1004.4,36.0,-10.031810730249349,-7.288537128426667
2017-12-15 14:00:00,0.57,0.12,0.27,0.44,27.2,76.0,22.7,1003.2,29.5,-10.41441821712565,-4.636797731064123
2017-12-15 15:00:00,0.72,0.37,0.56,0.35,26.4,78.0,22.2,1003.1,33.5,-10.790097005079765,-10.419875556884959
2017-12-15 16:00:00,0.54,0.28,0.36,0.3,26.5,78.0,22.4,1003.6,30.2,-7.288537128426667,-10.031810730249349
2017-12-15 17:00:00,0.86,0.07,0.23,0.4,25.5,84.0,22.5,1003.9,24.8,-4.403707847473604,-8.642763284627168
2017-12-15 18:00:00,0.85,0.12,0.18,0.83,25.0,86.0,22.5,1004.6,18.0,-4.995869326627525,-8.31452281681049
2017-12-15 19:00:00,0.57,0.23,0.29,0.42,24.8,88.0,22.6,1005.7,18.4,-5.40517649517869,-8.650090580795544
2017-12-15 20:00:00,0.56,0.18,0.19,0.46,24.8,87.0,22.5,1006.5,19.8,-6.099957192168303,-9.393110360988748
2017-12-15 21:00:00,0.4,0.11,0.17,0.27,24.5,87.0,22.3,1007.2,20.2,-5.3999999999999995,-9.353074360871938
2017-12-15 22:00:00,0.57,0.13,0.17,0.48,24.5,87.0,22.1,1007.3,21.2,-6.077449283938639,-10.114574148284927
2017-12-15 23:00:00,0.57,0.15,0.21,0.44,24.4,87.0,22.1,1006.9,21.2,-5.1300926470568795,-10.068373723328557
2017-12-16 00:00:00,0.74,0.17,0.22,0.66,24.2,87.0,22.0,1006.3,21.2,-4.300415394543603,-11.202965117966421
2017-12-16 01:00:00,0.6,0.17,0.2,0.47,24.1,87.0,21.8,1005.5,22.3,-4.309453805903425,-11.840127021902445
2017-12-16 02:00:00,0.38,0.12,0.16,0.23,24.0,87.0,21.7,1005.0,22.7,-3.8627124296868423,-11.888206453689419
2017-12-16 03:00:00,0.25,0.05,0.09,0.19,23.8,88.0,21.6,1004.6,23.4,-3.859306502340125,-12.623222778712067
2017-12-16 04:00:00,0.22,0.1,0.02,0.19,23.6,87.0,21.4,1004.8,24.8,-3.7211043035294886,-12.977032895167305
2017-12-16 05:00:00,0.18,0.08,0.01,0.25,23.5,88.0,21.3,1005.4,24.5,-1.5477406612453728,-12.605336125844788
2017-12-16 06:00:00,0.12,0.11,0.0,0.06,23.5,87.0,21.2,1005.9,25.6,-1.730544676353094,-14.094155353306771
2017-12-16 07:00:00,0.31,0.3,0.0,0.01,24.2,85.0,21.5,1006.7,27.4,-2.8048922320352085,-14.42991959668066
2017-12-16 08:00:00,0.8,0.8,0.0,0.0,25.5,78.0,21.4,1007.5,43.2,-7.76385725349268,-21.33102249184012
2017-12-16 09:00:00,1.0,1.0,0.02,0.0,26.3,74.0,21.4,1007.7,43.9,-9.688002344038612,-19.863348423211594
2017-12-16 10:00:00,1.0,1.0,0.15,0.0,26.9,71.0,21.2,1007.3,42.8,-10.815799573111137,-18.00051331474436
2017-12-16 11:00:00,0.4,0.37,0.23,0.0,27.6,69.0,21.3,1006.6,42.1,-11.764203156324585,-18.11528426762116
2017-12-16 12:00:00,0.49,0.43,0.38,0.0,28.1,66.0,21.2,1005.7,42.5,-13.215728212046585,-16.320065190596388
2017-12-16 13:00:00,0.48,0.4,0.43,0.0,28.1,66.0,21.2,1004.3,41.8,-14.099060086637563,-13.615304060996348
2017-12-16 14:00:00,0.52,0.32,0.49,0.0,28.3,66.0,21.4,1003.4,38.9,-14.105392489560323,-11.020340408329282
2017-12-16 15:00:00,0.4,0.37,0.33,0.0,28.5,65.0,21.1,1002.8,35.6,-13.736530772813436,-10.351218398215229
2017-12-16 16:00:00,0.4,0.36,0.32,0.0,28.1,65.0,21.0,1002.7,33.5,-12.900622960185718,-10.446718491427301
2017-12-16 17:00:00,0.21,0.23,0.12,0.0,27.5,69.0,21.4,1003.4,31.0,-10.4182044264181,-8.741911491736936
2017-12-16 18:00:00,0.08,0.07,0.02,0.0,26.8,71.0,21.0,1004.0,24.8,-10.480543022969403,-8.188297621831255
2017-12-16 19:00:00,0.01,0.01,0.0,0.0,25.8,76.0,21.3,1004.8,23.8,-10.800307988846615,-6.489479743866682
2017-12-16 20:00:00,0.04,0.04,0.0,0.0,25.0,81.0,21.5,1006.1,25.6,-11.855237287537097,-7.9964585196316795
2017-12-16 21:00:00,0.07,0.07,0.0,0.0,24.7,82.0,21.4,1007.0,27.4,-11.189711634773309,-10.434574908956227
2017-12-16 22:00:00,0.02,0.01,0.02,0.0,24.5,79.0,20.7,1007.5,29.9,-10.096848195340796,-12.923376359150238
2017-12-16 23:00:00,0.07,0.03,0.06,0.0,24.2,78.0,20.0,1007.3,29.9,-8.395120621033882,-13.971827001444431
2017-12-17 00:00:00,0.11,0.02,0.1,0.0,23.7,80.0,20.0,1007.2,29.5,-6.223070639059744,-13.977245501931794
2017-12-17 01:00:00,0.07,0.01,0.07,0.0,23.3,82.0,20.0,1006.3,27.7,-4.326237921249263,-13.31479122813215
2017-12-17 02:00:00,0.05,0.02,0.05,0.0,23.0,84.0,20.0,1005.9,25.2,-2.111865278043117,-13.33379259803436
2017-12-17 03:00:00,0.08,0.05,0.06,0.0,22.6,85.0,20.0,1005.4,25.6,3.5269827815443773e-15,-14.4
2017-12-17 04:00:00,0.17,0.12,0.14,0.0,22.6,85.0,20.0,1005.7,28.1,-0.8112073217656295,-15.478757788695894
2017-12-17 05:00:00,0.24,0.08,0.05,0.0,22.4,85.0,19.8,1006.0,28.1,-1.324767289764404,-15.142159410994532
2017-12-17 06:00:00,0.22,0.22,0.02,0.0,22.7,83.0,19.6,1006.5,28.8,-2.502951440643694,-15.803013449522204
2017-12-17 07:00:00,0.37,0.37,0.01,0.0,23.6,81.0,20.1,1007.4,31.0,-2.502951440643694,-15.803013449522204
2017-12-17 08:00:00,0.47,0.46,0.02,0.0,25.0,76.0,20.5,1008.0,36.7,-4.917561856947894,-18.352590699492296
2017-12-17 09:00:00,0.99,0.99,0.0,0.0,26.6,69.0,20.4,1008.1,47.9,-11.502053288254325,-21.63221602504371
2017-12-17 10:00:00,0.62,0.62,0.0,0.0,27.6,63.0,20.0,1007.7,49.7,-15.63780147327172,-20.015473141610734
2017-12-17 11:00:00,1.0,1.0,0.01,0.0,28.3,61.0,20.1,1007.0,49.3,-14.663165111461211,-18.10750090194742
2017-12-17 12:00:00,0.98,0.98,0.03,0.0,28.0,63.0,20.2,1005.7,45.0,-14.269884935041171,-17.00618663724131
2017-12-17 13:00:00,0.85,0.85,0.03,0.0,28.8,59.0,20.1,1004.3,47.5,-12.199914384336607,-18.786220721977497
2017-12-17 14:00:00,0.51,0.51,0.11,0.0,29.3,57.0,20.0,1003.2,45.7,-15.485638507985389,-15.48563850798539
2017-12-17 15:00:00,0.37,0.22,0.35,0.0,29.3,57.0,19.9,1002.6,42.1,-15.698348421430811,-12.712271899206716
2017-12-17 16:00:00,0.38,0.12,0.37,0.0,28.3,64.0,20.8,1002.8,38.5,-15.088483820501759,-10.177310843167591
2017-12-17 17:00:00,0.24,0.16,0.15,0.0,27.4,65.0,20.2,1003.3,33.5,-13.755483517788385,-11.138970921582121
2017-12-17 18:00:00,0.22,0.2,0.12,0.0,26.6,67.0,19.9,1003.9,34.9,-15.89154965920644,-11.127382865210292
2017-12-17 19:00:00,0.23,0.22,0.11,0.0,25.8,70.0,20.0,1005.2,35.6,-13.227977893497618,-11.910524793187678
2017-12-17 20:00:00,0.2,0.2,0.11,0.0,25.3,73.0,20.1,1006.4,32.8,-11.964631690186048,-10.773002762377619
2017-12-17 21:00:00,0.24,0.22,0.1,0.0,24.7,76.0,20.2,1007.4,29.5,-10.093575728924979,-10.824034783963723
2017-12-17 22:00:00,0.19,0.09,0.18,0.0,24.4,77.0,20.1,1008.1,26.6,-9.053614600069,-10.414992207074254
2017-12-17 23:00:00,0.21,0.05,0.2,0.0,23.9,79.0,20.0,1007.9,24.5,-6.478707566445293,-12.184676781453193
2017-12-18 00:00:00,0.14,0.05,0.13,0.0,23.6,80.0,19.9,1007.8,24.5,-3.2417534010355475,-13.001962732098352
2017-12-18 01:00:00,0.12,0.08,0.1,0.0,23.4,79.0,19.5,1007.2,24.8,-2.4137096695703315,-13.688827766869691
2017-12-18 02:00:00,0.03,0.01,0.02,0.0,22.9,79.0,19.1,1006.4,27.0,-2.6047226650039548,-14.772116295183121
2017-12-18 03:00:00,0.01,0.01,0.0,0.0,22.4,81.0,18.9,1006.1,28.1,-0.8112073217656295,-15.478757788695894
2017-12-18 04:00:00,0.01,0.01,0.0,0.0,22.1,82.0,18.8,1006.1,29.2,-1.4206386067868282,-16.237973578895453
2017-12-18 05:00:00,0.05,0.12,0.0,0.0,22.6,79.0,18.8,1006.5,30.2,-1.8187952608571702,-17.304680979407955
2017-12-18 06:00:00,0.14,0.14,0.01,0.0,22.6,78.0,18.7,1007.0,31.7,-0.27574802170907947,-15.797593583470983
2017-12-18 07:00:00,0.09,0.09,0.01,0.0,23.5,77.0,19.2,1008.0,28.8,0.9835662797921715,-14.06565310866352
2017-12-18 08:00:00,0.05,0.05,0.02,0.0,24.8,72.0,19.5,1008.9,32.8,4.139306181118054e-15,-16.9
2017-12-18 09:00:00,0.15,0.15,0.02,0.0,26.2,66.0,19.4,1009.1,38.9,-3.9711132946192036,-18.68261917401569
2017-12-18 10:00:00,0.19,0.19,0.0,0.0,27.5,57.0,18.3,1008.9,40.7,-8.012711868593264,-17.996845515559237
2017-12-18 11:00:00,0.09,0.09,0.0,0.0,28.5,51.0,17.4,1008.4,40.3,-9.476700578344996,-15.771878332918865
2017-12-18 12:00:00,0.1,0.1,0.0,0.0,29.0,48.0,17.0,1007.1,38.9,-11.133577928312892,-14.774756935874917
2017-12-18 13:00:00,0.3,0.21,0.29,0.0,29.5,45.0,16.3,1005.9,38.9,-12.53072745371869,-14.414952982254947
2017-12-18 14:00:00,0.25,0.0,0.25,0.0,29.7,42.0,15.6,1004.5,39.2,-12.821569169174971,-13.749449590440404
2017-12-18 15:00:00,0.13,0.0,0.13,0.0,29.2,46.0,16.5,1003.6,38.9,-13.37972028629891,-12.92064569053735
2017-12-18 16:00:00,0.58,0.22,0.57,0.0,28.5,52.0,17.8,1003.5,36.0,-10.861442936643183,-8.184684314867857
2017-12-18 17:00:00,0.17,0.02,0.17,0.0,27.5,60.0,19.0,1003.9,28.1,-9.71108730457179,-9.377888001196464
2017-12-18 18:00:00,0.12,0.07,0.11,0.0,26.5,59.0,17.8,1004.3,24.8,-10.40402755668352,-9.367828489024015
2017-12-18 19:00:00,0.19,0.18,0.1,0.0,25.8,59.0,17.1,1005.3,25.2,-9.71108730457179,-9.377888001196464
2017-12-18 20:00:00,0.05,0.04,0.04,0.0,25.2,61.0,17.1,1006.4,24.1,-8.684621396487756,-10.7246142681062
2017-12-18 21:00:00,0.01,0.0,0.01,0.0,24.4,61.0,16.4,1007.2,27.7,-11.149766905249091,-10.767204742114458
2017-12-18 22:00:00,0.03,0.0,0.03,0.0,23.2,67.0,16.7,1007.6,27.7,-9.702393792203445,-10.775599969422217
2017-12-18 23:00:00,0.02,0.0,0.02,0.0,22.8,71.0,17.4,1007.4,25.9,-8.316858327090168,-11.87770464219038
2017-12-19 00:00:00,0.01,0.0,0.01,0.0,22.6,74.0,17.6,1007.1,26.6,-7.175182379645789,-12.944371665663057
2017-12-19 01:00:00,0.01,0.01,0.01,0.0,22.3,75.0,17.6,1006.3,26.6,-6.582862246223429,-12.919594600731335
2017-12-19 02:00:00,0.03,0.03,0.0,0.0,22.0,76.0,17.5,1005.6,26.6,-5.506716923213906,-13.629602662131774
2017-12-19 03:00:00,0.08,0.08,0.0,0.0,21.9,77.0,17.7,1005.6,26.6,-4.590510977845909,-13.331811915950368
2017-12-19 04:00:00,0.06,0.06,0.0,0.0,21.6,79.0,17.8,1005.8,25.6,-2.9918490227734047,-12.959121861643629
2017-12-19 05:00:00,0.01,0.01,0.0,0.0,21.5,79.0,17.6,1005.4,23.8,-1.1678869528186195,-13.34900895442939
2017-12-19 06:00:00,0.06,0.06,0.0,0.0,21.8,79.0,17.9,1006.1,25.2,0.24433369012196984,-13.997867732189478
2017-12-19 07:00:00,0.06,0.06,0.01,0.0,23.0,77.0,18.6,1006.6,27.7,0.7379369830255156,-14.080676440039491
2017-12-19 08:00:00,0.06,0.06,0.03,0.0,24.5,70.0,18.6,1007.6,32.4,-0.5793316452615161,-16.58988772851699
2017-12-19 09:00:00,0.24,0.24,0.0,0.0,26.0,63.0,18.3,1007.7,40.3,-7.079816966841342,-19.451637250268305
2017-12-19 10:00:00,0.38,0.38,0.0,0.0,27.0,58.0,18.0,1007.6,41.8,-9.125209044764892,-17.909231136186197
2017-12-19 11:00:00,0.34,0.34,0.0,0.0,28.4,49.0,16.6,1006.8,41.0,-11.894155390841926,-14.68805867153675
2017-12-19 12:00:00,0.75,0.75,0.02,0.0,29.3,49.0,17.5,1005.7,39.2,-13.28288861192079,-11.546638910232929
2017-12-19 13:00:00,1.0,1.0,0.11,0.0,29.6,52.0,18.6,1004.3,37.1,-11.798571629081223,-12.652419038011649
2017-12-19 14:00:00,1.0,1.0,0.07,0.0,28.6,56.0,19.0,1003.1,36.4,-12.652419038011649,-11.798571629081223
2017-12-19 15:00:00,1.0,1.0,0.03,0.0,29.1,56.0,19.4,1002.5,34.6,-12.336204102924745,-11.107568065557048
2017-12-19 16:00:00,1.0,1.0,0.59,0.0,28.5,60.0,20.0,1002.6,32.4,-11.468128620045885,-8.030070108914645
2017-12-19 17:00:00,0.99,1.0,0.99,0.0,27.2,66.0,20.5,1003.4,26.6,-10.797899017924303,-2.098898949141994
2017-12-19 18:00:00,1.0,1.0,1.0,0.0,27.0,68.0,20.5,1004.2,26.6,-12.919594600731335,-6.58286224622343
2017-12-19 19:00:00,1.0,1.0,0.96,0.0,26.5,69.0,20.4,1004.7,31.0,-10.863110603702513,-12.946151088710728
2017-12-19 20:00:00,1.0,1.0,1.0,0.0,25.6,75.0,20.9,1005.5,31.0,-8.93433583484559,-12.2970583144992
2017-12-19 21:00:00,1.0,1.0,1.0,0.07,25.0,80.0,21.3,1006.1,28.1,-8.319732448461316,-13.314355109655887
2017-12-19 22:00:00,1.0,1.0,0.9,0.14,24.2,87.0,21.9,1006.6,34.2,-9.450360068655622,-14.010734976180204
2017-12-19 23:00:00,0.99,0.94,0.98,0.9,24.1,85.0,21.5,1006.4,33.1,-9.640110919765979,-14.844469052634006
2017-12-20 00:00:00,1.0,1.0,0.99,0.75,24.0,86.0,21.5,1006.1,31.3,-9.003005745879026,-13.347504918136172
2017-12-20 01:00:00,1.0,1.0,0.93,0.92,23.3,91.0,21.8,1005.3,28.1,-7.880466884168427,-10.086537646166041
2017-12-20 02:00:00,1.0,1.0,0.89,0.87,23.6,88.0,21.6,1004.8,27.7,-8.240609198560866,-13.714676811233797
2017-12-20 03:00:00,1.0,0.98,1.0,0.7,23.6,87.0,21.3,1004.7,30.2,-7.887122254802966,-14.833519560029973
2017-12-20 04:00:00,1.0,0.97,1.0,0.77,23.5,86.0,21.0,1005.0,30.6,-7.226772275765961,-15.497863158326716
2017-12-20 05:00:00,1.0,1.0,1.0,0.78,24.4,76.0,19.8,1005.1,30.2,-6.106087472679366,-15.113096829438636
2017-12-20 06:00:00,1.0,1.0,1.0,0.9,24.1,75.0,19.4,1005.5,33.5,-6.85530065951119,-16.967464538572212
2017-12-20 07:00:00,1.0,1.0,0.56,0.96,24.0,76.0,19.4,1006.4,34.6,-7.1894527642026365,-16.937289303524903
2017-12-20 08:00:00,1.0,1.0,0.37,0.98,24.5,73.0,19.5,1007.7,33.8,-6.199765527133695,-16.15094137840159
2017-12-20 09:00:00,0.99,0.88,0.27,0.98,25.6,69.0,19.6,1007.9,40.3,-8.70593619185841,-18.66994041295499
2017-12-20 10:00:00,1.0,1.0,0.28,0.95,27.2,65.0,20.0,1007.8,47.5,-14.870966882999571,-20.46812995768617
2017-12-20 11:00:00,1.0,1.0,0.38,0.88,27.8,63.0,20.0,1007.3,49.3,-16.367960641499963,-17.552488838860093
2017-12-20 12:00:00,1.0,1.0,0.42,0.97,27.9,63.0,20.2,1006.2,47.5,-16.84535949354371,-18.06443642999351
2017-12-20 13:00:00,1.0,1.0,0.37,0.98,28.5,61.0,20.2,1004.9,47.5,-17.73567513523514,-15.41738718127692
2017-12-20 14:00:00,1.0,1.0,0.32,0.98,28.8,59.0,19.9,1003.7,45.4,-15.35194998714384,-15.897409587484193
2017-12-20 15:00:00,0.96,0.31,0.44,0.94,28.7,60.0,20.0,1003.5,43.6,-15.004620801914342,-15.537739687314867
2017-12-20 16:00:00,0.99,0.23,0.98,0.96,28.3,61.0,20.0,1004.0,41.4,-16.197718636587737,-10.121457946854214
2017-12-20 17:00:00,1.0,0.31,1.0,0.96,26.9,71.0,21.1,1004.4,36.0,-15.113096829438636,-6.1060874726793655
2017-12-20 18:00:00,1.0,0.24,1.0,0.65,26.1,77.0,21.6,1005.3,30.6,-15.058010258783415,-7.672439445598341
2017-12-20 19:00:00,0.97,0.33,0.86,0.9,25.5,81.0,22.0,1006.0,31.7,-13.971827001444431,-8.395120621033882
2017-12-20 20:00:00,0.97,0.33,0.33,0.96,25.2,82.0,21.9,1006.6,29.9,-11.169701787297026,-9.709673629059509
2017-12-20 21:00:00,0.98,0.23,0.48,0.97,25.0,82.0,21.8,1007.1,27.0,-9.71108730457179,-9.377888001196464
2017-12-20 22:00:00,0.97,0.16,0.43,0.95,24.9,82.0,21.6,1007.1,24.8,-9.41157736886248,-10.092681082344553
2017-12-20 23:00:00,0.98,0.21,0.39,0.96,24.5,83.0,21.5,1006.9,25.2,-9.053614600069,-10.414992207074254
2017-12-21 00:00:00,0.99,0.34,0.44,0.98,24.5,83.0,21.3,1006.5,25.2,-7.516018683207374,-11.573653837646852
2017-12-21 01:00:00,0.99,0.32,0.35,0.98,24.3,82.0,21.0,1006.0,25.9,-5.775660331676363,-12.972345498524932
2017-12-21 02:00:00,0.98,0.29,0.32,0.97,24.3,81.0,20.9,1005.3,29.2,-4.913370210561664,-15.121798609092941
2017-12-21 03:00:00,0.97,0.23,0.22,0.96,23.9,81.0,20.5,1004.8,31.7,-4.740962520052386,-16.533701170139086
2017-12-21 04:00:00,0.79,0.25,0.11,0.72,23.5,79.0,19.6,1005.0,31.7,-4.970318980286525,-16.2571808513716
2017-12-21 05:00:00,0.76,0.11,0.1,0.02,23.0,79.0,19.1,1005.3,31.7,-2.9731371786939587,-13.987510690493423
2017-12-21 06:00:00,0.25,0.19,0.07,0.05,23.0,77.0,18.8,1005.9,28.4,-3.576721764067454,-15.49248403008524
2017-12-21 07:00:00,0.21,0.18,0.12,0.01,23.5,76.0,19.1,1007.0,30.2,-3.2850047149205976,-15.454732091594131
2017-12-21 08:00:00,0.25,0.22,0.18,0.0,24.9,71.0,19.4,1008.3,35.3,-3.7424104347196683,-17.606656813208502
2017-12-21 09:00:00,0.8,0.77,0.44,0.01,26.2,69.0,20.0,1008.5,41.0,-8.917245322728759,-19.123094306473316
2017-12-21 10:00:00,0.64,0.59,0.48,0.0,26.9,69.0,20.6,1008.3,41.4,-11.299455796115607,-16.137295272493137
2017-12-21 11:00:00,0.98,0.98,0.57,0.0,27.6,66.0,20.6,1007.4,41.4,-11.20503885092698,-14.341795715642338
2017-12-21 12:00:00,0.91,0.63,0.9,0.0,27.3,66.0,20.5,1006.5,41.8,-8.262627095259752,-16.216318740228296
2017-12-21 13:00:00,0.86,0.82,0.65,0.0,27.2,67.0,20.6,1005.7,39.2,-12.662915910824823,-15.091075529443867
2017-12-21 14:00:00,0.87,0.84,0.7,0.0,26.9,69.0,20.8,1004.4,39.6,-11.910524793187678,-13.227977893497618
2017-12-21 15:00:00,0.8,0.76,0.42,0.0,27.2,67.0,20.6,1003.7,35.6,-12.652419038011649,-11.798571629081223
2017-12-21 16:00:00,0.49,0.28,0.45,0.0,26.5,72.0,21.0,1003.8,34.2,-11.500351344681016,-8.666136333389495
2017-12-21 17:00:00,0.62,1.0,0.47,0.0,25.7,72.0,20.4,1004.9,27.4,-7.17304989588484,-14.077903082176213
2017-12-21 18:00:00,1.0,1.0,1.0,0.0,24.8,78.0,20.6,1005.3,28.8,-3.610849361202689,-12.592528216791978
2017-12-21 19:00:00,0.94,0.31,0.93,0.16,24.5,80.0,20.8,1006.0,24.1,-2.101142949769857,-11.916173811447717
2017-12-21 20:00:00,1.0,0.2,1.0,0.0,24.4,82.0,21.0,1006.5,21.6,-2.5644420195200612,-11.107818738551682
2017-12-21 21:00:00,1.0,0.14,1.0,0.0,24.4,83.0,21.3,1007.0,21.6,-3.30764826980399,-11.535140351259827
2017-12-21 22:00:00,0.8,0.17,0.78,0.0,24.4,83.0,21.3,1007.2,21.2,-2.4533579516495605,-11.542141688658909
2017-12-21 23:00:00,0.86,0.11,0.85,0.02,24.1,84.0,21.3,1006.7,22.0,-2.101142949769857,-11.916173811447717
2017-12-22 00:00:00,0.72,0.17,0.69,0.05,23.9,85.0,21.2,1006.3,24.1,-2.827598995121527,-13.302807369979757
2017-12-22 01:00:00,0.29,0.16,0.12,0.18,23.8,85.0,21.0,1005.6,27.0,-3.329275604289202,-14.420676958821483
2017-12-22 02:00:00,0.27,0.23,0.02,0.05,23.2,87.0,20.9,1004.8,27.7,-3.4867413423299074,-15.102736004171147
2017-12-22 03:00:00,0.37,0.32,0.0,0.08,22.8,88.0,20.8,1004.4,28.8,-3.2850047149205976,-15.454732091594131
2017-12-22 04:00:00,0.92,0.9,0.0,0.44,22.7,88.0,20.6,1004.4,29.2,-2.073679204304975,-14.7549942242494
2017-12-22 05:00:00,0.91,0.95,0.04,0.0,22.8,86.0,20.4,1005.1,27.4,-1.9011617571203006,-15.483719965604623
2017-12-22 06:00:00,0.88,0.88,0.11,0.0,23.2,85.0,20.5,1005.4,28.4,-0.7745721523955688,-14.779717114367694
2017-12-22 07:00:00,0.93,0.93,0.15,0.0,23.6,83.0,20.6,1006.4,27.7,-2.9957012274117534,-15.411546780128324
2017-12-22 08:00:00,0.41,0.41,0.22,0.0,24.8,77.0,20.5,1007.3,40.3,-7.079816966841342,-19.451637250268305
2017-12-22 09:00:00,0.38,0.37,0.19,0.0,25.8,72.0,20.5,1007.4,41.8,-9.765008505946529,-18.36530993146568
2017-12-22 10:00:00,0.39,0.29,0.33,0.0,26.8,68.0,20.5,1007.2,41.8,-11.05617241080505,-17.02501252929211
2017-12-22 11:00:00,0.4,0.21,0.36,0.0,27.8,63.0,20.0,1006.6,41.0,-11.127382865210292,-15.89154965920644
2017-12-22 12:00:00,0.55,0.28,0.49,0.0,28.6,58.0,19.6,1005.3,40.0,-11.434485439888917,-15.174074690898564
2017-12-22 13:00:00,0.31,0.23,0.26,0.0,29.3,56.0,19.5,1004.1,39.2,-11.218609395737674,-12.905533821809403
2017-12-22 14:00:00,0.29,0.28,0.13,0.0,29.6,52.0,18.6,1002.9,35.6,-11.461863112573454,-11.869106705587745
2017-12-22 15:00:00,0.41,0.41,0.1,0.0,29.8,49.0,18.0,1002.4,36.4,-13.38377273963082,-12.480569989143723
2017-12-22 16:00:00,0.75,0.74,0.21,0.0,29.2,50.0,17.9,1002.3,36.7,-13.352178321910566,-9.34929591252205
2017-12-22 17:00:00,0.17,0.08,0.02,0.0,27.9,59.0,19.0,1002.6,30.2,-11.535326622311663,-3.971931484377312
2017-12-22 18:00:00,0.12,0.11,0.08,0.0,26.1,70.0,20.1,1003.3,23.8,-11.47831870716605,-6.103130316216581
2017-12-22 19:00:00,0.14,0.13,0.08,0.0,25.3,73.0,20.0,1003.8,23.4,-9.42234665036343,-7.906287599144434
2017-12-22 20:00:00,0.15,0.11,0.12,0.0,24.8,75.0,20.0,1004.8,23.0,-9.80536887192292,-8.227681403987704
2017-12-22 21:00:00,0.19,0.18,0.12,0.0,24.4,78.0,20.3,1005.3,23.4,-8.683229630737465,-8.99174750423314
2017-12-22 22:00:00,0.15,0.15,0.09,0.0,24.1,80.0,20.4,1005.7,22.3,-7.572636146505597,-9.69253226936268
2017-12-22 23:00:00,0.12,0.12,0.04,0.0,23.7,82.0,20.4,1005.1,22.3,-6.807987937687838,-10.4833820993178
2017-12-23 00:00:00,0.08,0.07,0.03,0.0,23.4,83.0,20.3,1004.8,23.4,-5.786499137615822,-11.864081411149003
2017-12-23 01:00:00,0.05,0.04,0.03,0.0,23.0,85.0,20.3,1004.1,24.8,-5.094649670456404,-12.60970042210831
2017-12-23 02:00:00,0.1,0.1,0.04,0.0,22.6,87.0,20.3,1003.4,24.8,-4.330056454280184,-12.575397055470916
2017-12-23 03:00:00,0.18,0.17,0.04,0.0,22.4,88.0,20.3,1003.0,25.6,-4.063966695646041,-13.292636107886192
2017-12-23 04:00:00,0.62,0.62,0.04,0.0,22.2,89.0,20.3,1003.0,25.6,-3.1718098662484966,-13.738617913471817
2017-12-23 05:00:00,1.0,0.32,0.09,0.0,22.4,88.0,20.3,1003.5,25.6,-2.4423551408197737,-12.5648279481301
2017-12-23 06:00:00,0.92,0.92,0.13,0.0,22.6,87.0,20.3,1003.5,24.5,-2.5950023371210094,-13.35012969488823
2017-12-23 07:00:00,1.0,1.0,0.12,0.0,23.8,81.0,20.3,1004.4,34.6,-6.3485790119145555,-18.43761222418668
2017-12-23 08:00:00,0.65,0.65,0.23,0.0,24.4,79.0,20.5,1005.1,36.4,-7.1894527642026365,-16.937289303524903
2017-12-23 09:00:00,0.54,0.53,0.14,0.0,26.0,70.0,20.2,1005.3,39.6,-10.149999999999999,-17.580315696824105
2017-12-23 10:00:00,0.67,0.67,0.23,0.0,27.2,64.0,19.9,1005.2,42.8,-12.928890981838824,-16.54822582574116
2017-12-23 11:00:00,0.78,0.78,0.21,0.0,27.8,61.0,19.6,1004.5,42.8,-13.055574676911094,-15.018720646433161
2017-12-23 12:00:00,1.0,1.0,0.34,0.0,28.1,61.0,19.8,1003.3,41.4,-14.67453192690848,-14.171030757363543
2017-12-23 13:00:00,0.84,0.84,0.24,0.0,28.5,59.0,19.6,1002.3,41.0,-14.334532551735743,-13.36716785722497
2017-12-23 14:00:00,0.86,0.85,0.61,0.0,28.6,57.0,19.4,1001.2,40.0,-14.735801092445701,-11.51286958858981
2017-12-23 15:00:00,0.71,0.45,0.67,0.0,28.5,58.0,19.5,1000.6,37.4,-14.826652001630753,-10.381733497953935
2017-12-23 16:00:00,0.53,0.26,0.5,0.0,27.9,61.0,19.7,1000.7,35.3,-15.135340043512054,-7.05772497106968
2017-12-23 17:00:00,0.46,0.06,0.69,0.0,27.1,66.0,20.1,1001.0,32.0,-13.351447505761739,-5.394334945189132
2017-12-23 18:00:00,0.44,0.09,0.44,0.0,26.3,67.0,19.8,1001.4,26.6,-13.005744681097282,-3.97625518422922
2017-12-23 19:00:00,0.21,0.0,0.21,0.0,25.5,69.0,19.5,1002.5,27.7,-14.750089779349342,-5.0788632095316455
2017-12-23 20:00:00,0.09,0.0,0.09,0.0,24.7,70.0,18.9,1003.5,28.1,-12.583116648188337,-6.1371960550470845
2017-12-23 21:00:00,0.05,0.0,0.05,0.0,24.0,73.0,18.9,1004.3,24.8,-10.403230962470195,-7.284420741658284
2017-12-23 22:00:00,0.06,0.0,0.06,0.0,23.5,76.0,19.0,1004.7,22.3,-9.43386975278465,-8.200737862381342
2017-12-23 23:00:00,0.05,0.0,0.05,0.0,22.9,79.0,19.0,1004.3,22.3,-7.988571260278468,-8.272407703894489
2017-12-24 00:00:00,0.07,0.06,0.02,0.0,22.4,81.0,19.0,1004.3,20.2,-4.999999999999999,-8.660254037844387
2017-12-24 01:00:00,0.05,0.05,0.01,0.0,22.0,82.0,18.8,1003.8,17.3,-2.872969203935617,-7.8934180146016315
2017-12-24 02:00:00,0.02,0.02,0.01,0.0,21.6,82.0,18.4,1003.1,15.1,-1.458644692402215,-8.272385125302547
2017-12-24 03:00:00,0.01,0.0,0.01,0.0,21.2,83.0,18.3,1002.9,15.8,1.1090110249868397,-9.03216997993603
2017-12-24 04:00:00,0.04,0.04,0.01,0.0,20.8,86.0,18.4,1002.8,16.2,2.5634274090980904,-8.939733772226367
2017-12-24 05:00:00,0.03,0.18,0.0,0.0,21.0,88.0,18.9,1003.0,16.6,1.376623292354034,-8.691657397237211
2017-12-24 06:00:00,0.07,0.07,0.0,0.0,21.1,88.0,19.0,1003.7,16.6,1.7554427574642109,-9.030970087718508
2017-12-24 07:00:00,0.06,0.06,0.0,0.0,22.4,84.0,19.5,1004.6,19.4,2.588190451025207,-9.659258262890683
2017-12-24 08:00:00,0.01,0.01,0.0,0.0,24.0,77.0,19.6,1005.3,27.4,-1.1330246557195562,-12.950531075192693
2017-12-24 09:00:00,0.05,0.05,0.0,0.0,25.6,69.0,19.4,1005.4,29.2,-2.4423551408197737,-12.5648279481301
2017-12-24 10:00:00,0.11,0.11,0.0,0.0,27.4,59.0,18.6,1005.2,30.2,-4.232386007943037,-12.291741482791119
2017-12-24 11:00:00,0.56,0.56,0.0,0.0,29.0,51.0,17.8,1004.5,31.0,-8.684621396487756,-10.7246142681062
2017-12-24 12:00:00,0.58,0.58,0.02,0.0,29.9,47.0,17.5,1003.2,33.5,-11.567271091096568,-9.706092906266743
2017-12-24 13:00:00,0.54,0.53,0.24,0.0,29.9,46.0,16.9,1002.0,33.8,-12.94260229976607,-9.062507694346529
2017-12-24 14:00:00,0.51,0.2,0.5,0.0,29.9,45.0,16.6,1001.0,34.9,-14.400410651795488,-8.65263965848891
2017-12-24 15:00:00,0.13,0.0,0.13,0.0,29.8,45.0,16.5,1000.4,34.9,-15.121798609092941,-4.913370210561665
2017-12-24 16:00:00,0.07,0.0,0.07,0.0,28.6,58.0,19.6,1000.4,35.3,-17.689217638237995,-0.6177210916342691
2017-12-24 17:00:00,0.07,0.0,0.03,0.0,27.0,73.0,21.6,1000.9,34.2,-12.592324420440606,0.439733658451512
2017-12-24 18:00:00,0.04,0.0,0.04,0.0,25.7,75.0,21.0,1001.4,22.7,-12.6,-7.715274834628325e-16
2017-12-24 19:00:00,0.05,0.01,0.03,0.02,25.0,77.0,20.6,1002.3,27.4,-14.74137600257488,-4.789763412811686
2017-12-24 20:00:00,0.15,0.01,0.02,0.13,24.2,81.0,20.8,1003.4,27.7,-12.919594600731335,-6.58286224622343
2017-12-24 21:00:00,0.04,0.04,0.01,0.0,23.9,82.0,20.7,1004.1,25.6,-10.480543022969403,-8.188297621831255
2017-12-24 22:00:00,0.08,0.07,0.0,0.02,23.5,84.0,20.6,1004.3,23.8,-8.922515159753878,-8.320379992762481
2017-12-24 23:00:00,0.07,0.07,0.0,0.0,23.2,85.0,20.5,1004.0,21.6,-7.840803823691297,-7.57177623800307
2017-12-25 00:00:00,0.18,0.05,0.0,0.14,22.8,88.0,20.6,1003.7,19.4,-6.560590289905073,-7.54709580222772
2017-12-25 01:00:00,0.96,0.04,0.0,0.96,22.3,90.0,20.6,1003.4,17.6,-4.366085533908785,-8.211412613588022
2017-12-25 02:00:00,0.97,0.03,0.01,0.97,22.0,92.0,20.6,1002.8,16.2,-1.060263287624783,-8.6351515192795
2017-12-25 03:00:00,0.96,0.02,0.04,0.96,21.8,93.0,20.5,1002.5,15.8,-0.31409547032250873,-8.994517443171862
2017-12-25 04:00:00,0.96,0.03,0.09,0.96,21.9,92.0,20.5,1002.6,18.4,-0.7324429743133156,-10.474422527728153
2017-12-25 05:00:00,0.65,0.08,0.01,0.5,21.5,92.0,20.1,1003.1,19.8,0.3140954703225074,-8.994517443171862
2017-12-25 06:00:00,0.32,0.04,0.0,0.3,21.7,91.0,20.1,1003.5,18.4,-0.7324429743133156,-10.474422527728153
2017-12-25 07:00:00,0.08,0.07,0.0,0.05,22.9,86.0,20.4,1004.2,22.3,-1.8772135804827705,-11.852260087141653
2017-12-25 08:00:00,0.4,0.37,0.0,0.05,24.8,75.0,20.1,1005.1,39.2,-6.532584737520273,-17.948129057010853
2017-12-25 09:00:00,0.26,0.19,0.0,0.09,26.4,66.0,19.6,1005.2,38.2,-6.092255142270105,-15.870867250452429
2017-12-25 10:00:00,0.3,0.21,0.0,0.12,28.2,57.0,18.9,1005.1,35.6,-7.249999999999999,-12.557368354874361
2017-12-25 11:00:00,0.51,0.25,0.0,0.35,29.9,50.0,18.3,1004.1,32.4,-8.980256121069152,-8.980256121069154
2017-12-25 12:00:00,0.75,0.75,0.0,0.0,30.2,48.0,18.1,1003.2,29.9,-12.235155124994774,-5.705346533499442
2017-12-25 13:00:00,0.14,0.14,0.0,0.0,30.0,50.0,18.4,1002.3,31.3,-13.351447505761739,-5.394334945189132
2017-12-25 14:00:00,0.04,0.02,0.04,0.0,31.2,46.0,18.3,1001.2,32.4,-14.003706397458027,-5.375519243179506
2017-12-25 15:00:00,0.06,0.0,0.06,0.0,30.6,51.0,19.4,1000.6,35.3,-17.270303038559,-2.120526575249566
2017-12-25 16:00:00,0.08,0.0,0.08,0.0,29.3,60.0,20.6,1001.2,36.7,-18.3971975908776,-0.3211242784460182
2017-12-25 17:00:00,0.08,0.0,0.03,0.0,27.8,70.0,21.9,1001.6,36.0,-16.544770250605094,-2.9172893848044312
2017-12-25 18:00:00,0.06,0.02,0.06,0.0,26.6,72.0,21.1,1002.1,31.7,-15.818775214865338,-7.715332183487764
2017-12-25 19:00:00,0.09,0.05,0.08,0.0,25.8,78.0,21.5,1003.3,32.0,-14.005798484688581,-9.095471884750951
2017-12-25 20:00:00,0.1,0.08,0.1,0.0,25.2,81.0,21.7,1004.4,30.2,-11.898962379461501,-9.29648827741744
2017-12-25 21:00:00,0.22,0.21,0.15,0.0,25.0,82.0,21.6,1004.7,27.7,-11.899669099704663,-8.96704384496552
2017-12-25 22:00:00,0.29,0.22,0.27,0.0,24.8,83.0,21.6,1005.0,27.4,-11.899669099704663,-8.96704384496552
2017-12-25 23:00:00,0.32,0.18,0.3,0.0,24.7,83.0,21.5,1004.7,28.1,-11.950293312656056,-10.027486711110013
2017-12-26 00:00:00,0.38,0.16,0.35,0.0,24.5,84.0,21.5,1004.6,28.1,-9.381644114564255,-10.792346997185641
2017-12-26 01:00:00,1.0,1.0,0.5,0.0,24.4,84.0,21.5,1004.0,26.3,-6.54492987332555,-11.807366046381842
2017-12-26 02:00:00,0.95,0.76,0.95,0.0,24.4,84.0,21.4,1003.2,24.8,-4.944807033090038,-12.238826880281593
2017-12-26 03:00:00,0.48,0.11,0.46,0.0,24.5,82.0,21.3,1002.5,24.1,-3.5281581544575893,-12.304149708010483
2017-12-26 04:00:00,0.31,0.08,0.26,0.05,24.3,82.0,21.0,1002.4,23.4,-2.232465245905574,-11.485038046337667
2017-12-26 05:00:00,0.32,0.13,0.2,0.52,23.6,84.0,20.8,1003.1,21.2,-2.782101799396179,-11.15840085217396
2017-12-26 06:00:00,0.23,0.15,0.18,0.0,23.8,83.0,20.8,1003.5,21.6,-2.8788705576360463,-11.546519142684359
2017-12-26 07:00:00,0.28,0.24,0.15,0.0,24.5,81.0,21.0,1004.3,25.9,-4.720738239628772,-13.710019346190094
2017-12-26 08:00:00,0.95,0.95,0.12,0.0,25.9,73.0,20.8,1005.2,41.0,-8.338101183053904,-18.727681881673316
2017-12-26 09:00:00,0.35,0.32,0.15,0.0,27.0,68.0,20.6,1005.3,40.3,-7.6916523636807295,-16.494801724067027
2017-12-26 10:00:00,0.27,0.09,0.24,0.0,28.2,60.0,19.8,1005.3,37.4,-8.299999999999999,-14.376021702821683
2017-12-26 11:00:00,0.45,0.08,0.44,0.0,29.5,54.0,19.2,1004.4,37.4,-9.064670118416954,-15.086144492357178
2017-12-26 12:00:00,0.5,0.08,0.49,0.0,30.3,50.0,18.8,1003.6,42.5,-12.128531063915467,-15.523811846052421
2017-12-26 13:00:00,0.97,0.97,0.7,0.0,32.0,43.0,17.9,1001.7,41.4,-15.9175213930568,-10.736503746638338
2017-12-26 14:00:00,0.99,0.99,0.93,0.0,31.3,46.0,18.1,1001.2,41.4,-15.396075436544548,-13.383604191406347
2017-12-26 15:00:00,0.7,0.06,0.69,0.0,30.1,50.0,18.6,1001.2,45.0,-16.113211527585783,-15.560347498281537
2017-12-26 16:00:00,0.63,0.01,0.63,0.0,30.0,49.0,18.1,1001.2,42.8,-14.334532551735743,-13.36716785722497
2017-12-26 17:00:00,0.07,0.0,0.02,0.0,29.0,56.0,19.4,1001.6,37.8,-13.63239982008203,-6.946054646015067
2017-12-26 18:00:00,0.04,0.0,0.04,0.0,27.9,56.0,18.4,1002.1,28.4,-12.24459029200319,-7.951729911219395
2017-12-26 19:00:00,0.07,0.0,0.07,0.0,26.2,69.0,20.0,1003.0,26.3,-13.719512263474261,-4.993494092554765
2017-12-26 20:00:00,0.07,0.0,0.07,0.0,25.2,74.0,20.2,1004.0,29.9,-14.400410651795488,-8.65263965848891
2017-12-26 21:00:00,0.09,0.0,0.09,0.0,25.0,73.0,19.7,1004.8,31.3,-13.753288904374106,-9.992349288972044
2017-12-26 22:00:00,0.14,0.0,0.14,0.0,24.6,71.0,19.0,1005.9,30.6,-11.547056577408412,-10.037703143554761
2017-12-26 23:00:00,0.25,0.0,0.24,0.0,24.1,71.0,18.6,1005.9,27.4,-9.367828489024015,-10.40402755668352
2017-12-27 00:00:00,0.31,0.01,0.31,0.0,23.9,74.0,19.0,1005.4,25.6,-7.099999999999999,-12.29756073373903
2017-12-27 01:00:00,0.32,0.02,0.31,0.0,23.6,78.0,19.5,1004.7,26.6,-5.506716923213906,-13.629602662131774
2017-12-27 02:00:00,0.34,0.02,0.33,0.0,23.5,80.0,19.8,1004.1,26.6,-3.6493485359455424,-13.619554150675864
2017-12-27 03:00:00,0.36,0.05,0.34,0.0,23.2,82.0,19.9,1003.6,25.6,-3.610849361202689,-12.592528216791978
2017-12-27 04:00:00,0.32,0.04,0.31,0.0,23.1,82.0,19.9,1003.7,23.4,-3.2870018728020134,-12.267257993871167
2017-12-27 05:00:00,0.33,0.09,0.0,0.0,22.8,85.0,20.1,1004.2,23.0,-1.3588700224794952,-12.928784639787553
2017-12-27 06:00:00,0.15,0.13,0.0,0.02,22.8,85.0,20.1,1004.5,26.3,-1.5470212563612715,-14.718924051450445
2017-12-27 07:00:00,0.18,0.16,0.0,0.02,23.8,80.0,20.1,1005.3,29.9,-0.8478424911356901,-16.177798463024097
2017-12-27 08:00:00,0.2,0.2,0.01,0.0,25.2,72.0,19.8,1006.2,38.9,-4.476525981442913,-19.38996428922618
2017-12-27 09:00:00,0.38,0.38,0.02,0.0,26.8,64.0,19.2,1006.2,42.1,-8.088134359727967,-19.054450466465514
2017-12-27 10:00:00,0.51,0.28,0.01,0.32,27.9,57.0,18.6,1005.9,42.1,-8.989011894843028,-17.641929178929686
2017-12-27 11:00:00,0.4,0.23,0.0,0.22,28.8,50.0,17.4,1004.9,41.8,-10.456907294902967,-15.50300260677928
2017-12-27 12:00:00,0.86,0.18,0.0,0.83,29.9,46.0,17.0,1003.7,41.0,-12.271747625471829,-15.154346248410933
2017-12-27 13:00:00,0.88,0.02,0.0,0.88,30.5,43.0,16.6,1002.4,41.4,-12.64656846018242,-14.04543720152275
2017-12-27 14:00:00,0.91,0.03,0.0,0.91,30.8,42.0,16.3,1001.2,40.3,-13.968855700926158,-13.026168677193722
2017-12-27 15:00:00,0.88,0.0,0.04,0.87,30.6,43.0,16.5,1000.5,40.3,-19.02113032590307,-6.180339887498949
2017-12-27 16:00:00,0.52,0.0,0.0,0.52,29.9,44.0,16.4,1000.7,42.8,-19.054450466465514,-8.088134359727965
2017-12-27 17:00:00,0.01,0.0,0.01,0.0,27.9,62.0,19.8,1001.1,40.0,-19.1,-1.1695376931857224e-15
2017-12-27 18:00:00,0.27,0.01,0.01,0.26,26.5,63.0,19.0,1001.5,35.3,-18.415594224440945,-4.251574927099047
2017-12-27 19:00:00,0.01,0.01,0.01,0.0,25.4,69.0,19.4,1002.4,34.9,-15.924733964727219,-6.759648522864436
2017-12-27 20:00:00,0.02,0.01,0.02,0.0,24.7,72.0,19.4,1003.7,31.3,-15.895690962981254,-7.077217589518923
2017-12-27 21:00:00,0.02,0.01,0.02,0.01,24.2,73.0,19.1,1004.6,31.3,-13.971827001444431,-8.395120621033882
2017-12-27 22:00:00,0.13,0.01,0.0,0.12,23.9,74.0,18.9,1005.0,29.5,-11.890333210291656,-9.628601983062513
2017-12-27 23:00:00,0.15,0.01,0.0,0.15,23.4,74.0,18.5,1004.9,27.7,-9.725217186425962,-10.070757204741117
2017-12-28 00:00:00,0.01,0.01,0.0,0.0,22.8,75.0,18.0,1004.6,25.2,-7.582429754572904,-10.436319227436822
2017-12-28 01:00:00,0.01,0.0,0.01,0.0,22.2,75.0,17.6,1004.0,23.0,-5.085105302753298,-10.426010937070338
2017-12-28 02:00:00,0.0,0.0,0.0,0.0,21.7,77.0,17.4,1003.5,20.9,-2.4969567032169016,-10.81550771911611
2017-12-28 03:00:00,0.0,0.0,0.0,0.0,21.4,77.0,17.2,1003.2,20.5,-2.232465245905574,-11.485038046337667
2017-12-28 04:00:00,0.0,0.0,0.0,0.0,21.0,78.0,17.1,1003.3,20.9,-1.5169868004647133,-10.793921949283117
2017-12-28 05:00:00,0.0,0.04,0.0,0.01,21.4,82.0,18.1,1003.6,19.1,2.4737865342776532e-15,-10.1
2017-12-28 06:00:00,0.11,0.04,0.0,0.07,21.6,80.0,18.1,1004.1,20.9,-0.802199448057441,-11.471986577987979
2017-12-28 07:00:00,0.84,0.02,0.0,0.84,22.6,76.0,18.2,1005.2,25.2,-1.6817969389910352,-13.697136892650244
2017-12-28 08:00:00,0.73,0.0,0.0,0.73,24.4,68.0,18.1,1006.1,36.7,-7.687322554132623,-17.266009149445154
2017-12-28 09:00:00,0.18,0.18,0.0,0.0,26.0,58.0,17.2,1006.2,42.5,-11.219564121309558,-17.276613699675735
2017-12-28 10:00:00,0.47,0.47,0.0,0.0,27.5,50.0,16.2,1006.1,42.8,-11.463454521150311,-16.995270237378357
2017-12-28 11:00:00,0.77,0.77,0.0,0.0,29.0,44.0,15.6,1005.1,42.8,-10.73650374663834,-15.9175213930568
2017-12-28 12:00:00,0.17,0.15,0.0,0.02,29.5,42.0,15.2,1003.9,41.0,-11.138970921582121,-13.755483517788385
2017-12-28 13:00:00,0.74,0.04,0.0,0.73,30.2,38.0,14.4,1002.6,38.5,-12.232947314527271,-12.232947314527273
2017-12-28 14:00:00,0.89,0.0,0.0,0.89,30.4,35.0,13.2,1001.4,38.2,-13.28288861192079,-11.546638910232929
2017-12-28 15:00:00,0.62,0.0,0.0,0.62,30.1,36.0,13.6,1000.7,37.4,-14.417075979486256,-10.094945279778411
2017-12-28 16:00:00,0.0,0.0,0.0,0.0,29.4,40.0,14.3,1000.8,36.4,-14.828994302146544,-8.910158695943938
2017-12-28 17:00:00,0.0,0.0,0.0,0.0,27.6,48.0,15.5,1001.4,34.2,-11.874512609536481,-5.040431557511631
2017-12-28 18:00:00,0.0,0.0,0.0,0.0,25.2,62.0,17.4,1002.1,28.4,-16.210706894502856,-1.7038139512627515
2017-12-28 19:00:00,0.0,0.0,0.0,0.0,24.0,66.0,17.4,1002.8,30.2,-13.719512263474261,-4.993494092554765
2017-12-28 20:00:00,0.06,0.0,0.0,0.06,23.5,67.0,17.0,1003.9,26.3,-11.876090949353811,-5.287576359985403
2017-12-28 21:00:00,0.0,0.0,0.0,0.0,23.0,69.0,17.0,1004.7,23.4,-11.107670280670325,-6.157082177128481
2017-12-28 22:00:00,0.0,0.0,0.0,0.0,22.6,69.0,16.6,1004.9,22.7,-10.855015630802253,-6.782966582185023
2017-12-28 23:00:00,0.0,0.0,0.0,0.0,22.3,69.0,16.2,1004.7,22.7,-10.086537646166043,-7.880466884168427
2017-12-29 00:00:00,0.0,0.0,0.0,0.0,21.8,76.0,17.2,1004.6,22.7,-9.056514962673264,-7.872708347886087
2017-12-29 01:00:00,0.0,0.0,0.0,0.0,21.5,78.0,17.5,1004.0,21.6,-8.632077604063813,-8.335900445507967
2017-12-29 02:00:00,0.0,0.0,0.0,0.0,20.9,78.0,16.9,1003.4,21.2,-6.419067988708341,-7.926888806861102
2017-12-29 03:00:00,0.01,0.01,0.0,0.0,20.4,75.0,15.8,1003.3,17.6,-2.8652427062828205,-9.371786608437748
2017-12-29 04:00:00,0.01,0.01,0.0,0.0,20.0,73.0,15.1,1003.8,17.3,0.7844016847289249,-8.96575228282571
2017-12-29 05:00:00,0.02,0.02,0.0,0.0,20.2,83.0,17.2,1003.7,16.2,1.419565629792672,-10.100734301164016
2017-12-29 06:00:00,0.03,0.03,0.0,0.0,20.5,80.0,17.0,1004.3,19.1,1.719116958902611,-9.74959675482086
2017-12-29 07:00:00,0.05,0.05,0.0,0.0,22.0,74.0,17.1,1005.4,20.5,1.7051356689385193,-10.765802912487
2017-12-29 08:00:00,0.04,0.04,0.0,0.0,24.5,61.0,16.5,1006.3,28.4,-2.158795617555186,-13.630099100212902
2017-12-29 09:00:00,0.17,0.04,0.0,0.13,26.5,46.0,14.1,1006.5,36.0,-7.226772275765961,-15.497863158326716
2017-12-29 10:00:00,0.21,0.17,0.0,0.04,27.7,44.0,14.4,1006.5,36.0,-9.34929591252205,-13.352178321910566
2017-12-29 11:00:00,0.26,0.26,0.0,0.0,28.5,43.0,14.6,1005.8,36.0,-9.34929591252205,-13.352178321910566
2017-12-29 12:00:00,0.07,0.07,0.0,0.0,29.1,40.0,14.4,1004.8,36.0,-8.93433583484559,-12.2970583144992
2017-12-29 13:00:00,0.02,0.02,0.0,0.0,29.7,38.0,14.1,1003.6,34.9,-10.11162697096763,-10.111626970967631
2017-12-29 14:00:00,0.01,0.01,0.01,0.0,30.1,37.0,13.8,1002.4,33.1,-10.480543022969403,-8.188297621831255
2017-12-29 15:00:00,0.01,0.01,0.0,0.0,30.2,37.0,13.8,1001.6,31.0,-11.486041829408306,-6.901510203794726
2017-12-29 16:00:00,0.01,0.01,0.0,0.0,29.5,39.0,14.1,1001.5,29.9,-13.005744681097282,-3.97625518422922
2017-12-29 17:00:00,0.0,0.0,0.0,0.0,27.8,46.0,15.2,1001.9,28.1,-13.0,-7.960204194457795e-16
2017-12-29 18:00:00,0.0,0.0,0.0,0.0,25.5,59.0,17.0,1002.5,23.8,-10.773691742806102,0.7533699164365536
2017-12-29 19:00:00,0.0,0.0,0.0,0.0,24.5,64.0,17.3,1003.5,20.5,-11.910553819695863,-1.4624321208617699
2017-12-29 20:00:00,0.0,0.0,0.0,0.0,23.9,62.0,16.1,1004.5,21.2,-10.4771775566047,-4.233054505599806
2017-12-29 21:00:00,0.0,0.0,0.0,0.0,23.1,63.0,15.7,1005.2,19.4,-7.9587606965284,-5.368251873319169
2017-12-29 22:00:00,0.0,0.0,0.0,0.0,22.6,68.0,16.4,1005.5,20.2,-7.57177623800307,-7.8408038236912985
2017-12-29 23:00:00,0.93,0.0,0.0,0.93,22.0,75.0,17.4,1005.4,19.1,-3.5499933986218752,-7.61298541110786
2017-12-30 00:00:00,0.95,0.0,0.0,0.95,21.8,79.0,18.0,1005.1,14.8,-2.2258437878816784,-8.306962106085987
2017-12-30 01:00:00,0.96,0.0,0.0,0.96,22.0,81.0,18.5,1004.3,15.8,-1.109011024986842,-9.032169979936029
2017-12-30 02:00:00,0.94,0.0,0.0,0.94,21.7,84.0,18.9,1003.5,16.2,2.1063924945334474e-15,-8.6
2017-12-30 03:00:00,0.9,0.06,0.0,0.9,21.5,86.0,19.0,1003.0,15.5,0.4134540543192605,-7.889173324561134
2017-12-30 04:00:00,0.56,0.04,0.0,0.55,21.4,87.0,19.1,1003.0,14.4,0.4134540543192605,-7.889173324561134
2017-12-30 05:00:00,0.51,0.08,0.0,0.95,21.8,89.0,19.9,1003.0,14.0,0.4134540543192605,-7.889173324561134
2017-12-30 06:00:00,0.89,0.18,0.01,0.86,22.1,87.0,19.9,1003.8,17.3,-0.6766377953180154,-9.676371287520293
2017-12-30 07:00:00,0.96,0.46,0.01,0.93,23.1,82.0,19.9,1004.5,23.8,-3.914050452601388,-13.649916082324127
2017-12-30 08:00:00,0.83,0.32,0.01,0.8,24.5,73.0,19.5,1005.7,37.1,-7.524627896902304,-16.900590966388116
2017-12-30 09:00:00,0.97,0.38,0.0,0.96,26.1,63.0,18.6,1006.0,38.5,-8.398824245181617,-16.483620697484806
2017-12-30 10:00:00,0.99,0.31,0.0,0.99,27.6,55.0,17.8,1005.8,38.5,-7.887122254802966,-14.833519560029973
2017-12-30 11:00:00,0.95,0.25,0.0,0.93,29.1,48.0,17.1,1004.8,36.7,-8.319732448461316,-13.314355109655887
2017-12-30 12:00:00,0.92,0.37,0.3,0.88,30.2,44.0,16.5,1003.5,34.9,-8.030070108914645,-11.468128620045885
2017-12-30 13:00:00,0.8,0.0,0.65,0.48,31.0,41.0,16.4,1002.1,32.0,-9.030558815966964,-9.351417404402465
2017-12-30 14:00:00,0.71,0.0,0.53,0.39,31.6,39.0,15.9,1001.1,30.2,-11.88088766335554,-3.183474254761005
2017-12-30 15:00:00,0.14,0.04,0.0,0.11,28.7,63.0,20.9,1000.7,42.8,-20.258695254989277,7.776584505133015
2017-12-30 16:00:00,0.0,0.0,0.0,0.0,27.4,65.0,20.1,1000.8,46.4,-22.31288658727748,5.978719941868232
2017-12-30 17:00:00,0.0,0.0,0.0,0.01,26.3,70.0,20.5,1001.0,44.6,-18.361051314490282,5.613536730676544
2017-12-30 18:00:00,0.79,0.0,0.03,0.79,25.1,79.0,21.1,1001.8,36.0,-13.35012969488823,2.5950023371210094
2017-12-30 19:00:00,0.96,0.1,0.1,0.96,24.8,81.0,21.2,1003.1,24.1,-10.393664600998596,-0.36295476570601126
2017-12-30 20:00:00,0.77,0.2,0.27,0.68,24.6,79.0,20.8,1004.3,18.4,-9.335804264972017,-3.583679495453004
2017-12-30 21:00:00,0.9,0.18,0.41,0.84,24.4,79.0,20.4,1004.8,18.7,-9.008582983535776,-4.993539088537273
2017-12-30 22:00:00,0.29,0.16,0.02,0.16,23.8,81.0,20.3,1004.9,18.4,-7.580077219869421,-6.825132184860354
2017-12-30 23:00:00,0.49,0.28,0.33,0.23,23.5,81.0,20.1,1004.8,18.7,-4.383711467890775,-8.98794046299167
2017-12-31 00:00:00,0.46,0.42,0.05,0.07,23.1,83.0,20.2,1004.5,18.0,-3.5386087947594613,-7.947845481490627
2017-12-31 01:00:00,0.5,0.44,0.09,0.1,23.0,85.0,20.4,1003.8,15.5,-1.7640790772287946,-6.1520748540052415
2017-12-31 02:00:00,0.55,0.51,0.2,0.08,23.1,86.0,20.5,1003.3,11.2,-1.7640790772287946,-6.1520748540052415
2017-12-31 03:00:00,0.89,0.5,0.28,0.8,23.0,87.0,20.7,1002.8,13.0,-2.891410350820626,-6.811735915548059
2017-12-31 04:00:00,0.97,0.46,0.19,0.95,23.2,86.0,20.6,1002.7,14.4,-2.1775351109542935,-7.59396739791272
2017-12-31 05:00:00,0.76,0.38,0.16,0.87,23.0,87.0,20.7,1003.0,14.4,-1.755442757464212,-9.030970087718508
2017-12-31 06:00:00,0.92,0.89,0.08,0.8,23.1,86.0,20.5,1003.3,17.3,-0.7844016847289235,-8.96575228282571
2017-12-31 07:00:00,0.83,0.8,0.07,0.45,23.8,82.0,20.5,1004.0,21.2,-0.7533699164365533,-10.773691742806102
2017-12-31 08:00:00,0.14,0.12,0.02,0.08,24.9,72.0,19.5,1004.7,26.6,-2.1532374030699364,-12.21161613735138
2017-12-31 09:00:00,0.05,0.05,0.01,0.0,26.5,60.0,18.1,1004.8,29.2,-3.625409138561936,-11.858178973941639
2017-12-31 10:00:00,0.02,0.01,0.01,0.0,28.2,52.0,17.4,1004.6,29.2,-4.233054505599806,-10.4771775566047
2017-12-31 11:00:00,0.01,0.0,0.01,0.0,29.8,46.0,17.0,1003.6,28.4,-5.82763767466079,-8.973775077016036
2017-12-31 12:00:00,0.4,0.4,0.02,0.0,31.0,42.0,16.5,1002.6,28.1,-6.560590289905073,-7.54709580222772
2017-12-31 13:00:00,0.86,0.0,0.86,0.0,32.4,36.0,15.6,1000.6,26.6,-3.6324027044213842,-4.64926344627966
2017-12-31 14:00:00,0.89,0.0,0.89,0.01,32.6,35.0,15.3,999.5,20.5,-7.969557584733964,-0.6972459419812651
2017-12-31 15:00:00,0.21,0.0,0.21,0.0,29.5,58.0,20.4,999.2,41.4,-19.146500951810758,8.127207472576895
2017-12-31 16:00:00,0.39,0.0,0.01,0.39,28.5,55.0,18.6,999.1,43.6,-15.102736004171147,3.486741342329908
2017-12-31 17:00:00,0.69,0.0,0.02,0.88,27.6,67.0,21.0,999.4,32.0,-15.854843913092067,6.405772747412097
2017-12-31 18:00:00,0.8,0.0,0.01,0.8,25.2,78.0,21.1,999.9,32.8,-12.957478821509163,2.518678738970391
2017-12-31 19:00:00,0.3,0.05,0.12,0.2,25.0,81.0,21.5,1000.8,23.4,-10.793420931806235,-0.3769145643870117
2017-12-31 20:00:00,0.34,0.17,0.22,0.15,24.6,83.0,21.5,1002.1,19.4,-8.6,-5.265981236333618e-16
2017-12-31 21:00:00,0.28,0.14,0.28,0.0,24.0,88.0,21.9,1003.1,15.1,-4.3458286986186065,-0.6883116461770161
2017-12-31 22:00:00,0.23,0.17,0.21,0.0,24.5,85.0,21.9,1003.4,6.5,1.0815799573111144,-1.8000513314744355
2017-12-31 23:00:00,0.22,0.2,0.19,0.0,23.4,91.0,21.9,1003.4,4.3,2.883363526931849,-1.8017254983928959
