datetime,tcc,lcc,mcc,hcc,temperature_2m,relative_humidity_2m,dew_point_2m,surface_pressure,wind_gusts_10m,u10,v10
2018-01-01 00:00:00,0.13,0.12,0.03,0.0,23.1,89.0,21.1,1007.5,9.0,3.2526911934581193,-3.2526911934581175
2018-01-01 01:00:00,0.26,0.26,0.02,0.0,23.2,88.0,21.1,1006.8,8.3,3.211826910522519,-3.567095162291493
2018-01-01 02:00:00,0.32,0.32,0.03,0.0,23.4,86.0,20.9,1006.2,9.4,2.1490212066910064,-5.062776693988422
2018-01-01 03:00:00,0.38,0.38,0.04,0.0,23.5,85.0,20.8,1005.7,10.8,1.0766187015349684,-6.10580806867569
2018-01-01 04:00:00,0.31,0.31,0.06,0.0,23.5,85.0,21.0,1005.8,11.2,1.4940690949597709e-15,-6.1
2018-01-01 05:00:00,0.36,0.03,0.03,0.6,23.1,86.0,20.6,1005.5,10.4,0.7555899291119128,-6.153786140176197
2018-01-01 06:00:00,0.71,0.02,0.01,0.71,22.9,86.0,20.5,1005.8,10.8,1.0766187015349684,-6.10580806867569
2018-01-01 07:00:00,0.3,0.01,0.01,0.3,24.2,79.0,20.5,1006.7,14.8,-0.37681888494919563,-7.190132650232932
2018-01-01 08:00:00,0.03,0.0,0.01,0.02,26.4,67.0,19.8,1007.8,22.7,-2.9047597471245057,-8.939931253174443
2018-01-01 09:00:00,0.01,0.0,0.01,0.0,28.5,55.0,18.6,1008.2,23.8,-4.040515447681967,-7.929958065276475
2018-01-01 10:00:00,0.01,0.0,0.01,0.0,30.2,47.0,17.8,1007.7,24.1,-4.6413010988072,-6.881011852206847
2018-01-01 11:00:00,0.72,0.72,0.38,0.0,32.0,41.0,17.0,1006.7,24.1,-4.329989591337347,-4.981083229470295
2018-01-01 12:00:00,1.0,1.0,1.0,0.0,32.5,39.0,16.6,1005.5,22.7,-5.737828535778212,-1.7542302283364206
2018-01-01 13:00:00,0.94,0.01,0.93,0.02,31.6,43.0,17.6,1004.5,28.1,-10.462125181619534,7.883776803291833
2018-01-01 14:00:00,0.14,0.0,0.11,0.04,31.2,49.0,19.4,1003.6,34.2,-9.03326318584459,10.03245514394482
2018-01-01 15:00:00,0.36,0.05,0.26,0.12,31.2,48.0,18.9,1002.8,32.0,-7.924450592339108,6.888619804400325
2018-01-01 16:00:00,0.14,0.0,0.14,0.0,29.5,59.0,20.7,1002.8,29.9,-10.4182044264181,8.741911491736936
2018-01-01 17:00:00,0.12,0.0,0.03,0.0,27.5,68.0,20.9,1003.2,29.5,-9.288192010563465,8.661379172793728
2018-01-01 18:00:00,0.04,0.0,0.04,0.0,25.9,76.0,21.3,1003.6,24.1,-7.538315826132618,6.104407793183421
2018-01-01 19:00:00,0.09,0.04,0.09,0.0,25.5,79.0,21.5,1004.4,16.9,-5.387787044493739,5.777694242791447
2018-01-01 20:00:00,0.06,0.04,0.05,0.0,25.2,80.0,21.5,1005.8,14.0,-0.35588450245201786,6.790680836331102
2018-01-01 21:00:00,0.09,0.08,0.08,0.0,24.8,83.0,21.8,1006.6,11.9,-0.35575801609504015,5.087576656325103
2018-01-01 22:00:00,0.1,0.09,0.07,0.0,24.5,87.0,22.0,1007.0,9.0,0.37476969381492914,4.283637201794505
2018-01-01 23:00:00,0.14,0.14,0.05,0.0,24.1,89.0,22.2,1006.7,7.6,2.1631599146222276,3.600102662948872
2018-01-02 00:00:00,0.15,0.15,0.03,0.0,23.9,90.0,22.1,1006.3,9.0,3.567095162291493,3.211826910522519
2018-01-02 01:00:00,0.16,0.15,0.03,0.0,23.6,91.0,22.0,1005.7,8.3,2.9108871788279895,0.7257656867990033
2018-01-02 02:00:00,0.16,0.15,0.09,0.0,23.5,91.0,22.0,1005.1,4.3,0.7263847995832752,-1.4256104387013886
2018-01-02 03:00:00,0.14,0.14,0.07,0.0,23.5,92.0,22.0,1004.7,6.1,-0.3449439287832564,-3.2819222547153015
2018-01-02 04:00:00,0.03,0.02,0.03,0.0,23.1,94.0,22.0,1004.7,6.1,-0.35342109587492765,-2.8783838397598336
2018-01-02 05:00:00,0.06,0.02,0.02,0.14,23.0,96.0,22.3,1004.7,7.9,-0.7352419856890852,-4.6421352007971475
2018-01-02 06:00:00,0.28,0.03,0.06,0.22,23.5,93.0,22.2,1005.2,10.4,-0.37630246776355253,-3.580278823325784
2018-01-02 07:00:00,0.55,0.03,0.1,0.49,24.8,85.0,22.1,1006.2,11.2,-1.7489675652259409,-3.9282454678631837
2018-01-02 08:00:00,0.46,0.13,0.05,0.38,26.8,74.0,21.6,1007.4,16.9,-2.914555953282627,-4.664264528860342
2018-01-02 09:00:00,0.69,0.14,0.04,0.64,28.6,60.0,20.2,1007.7,18.4,-3.5670951622914924,-3.2118269105225195
2018-01-02 10:00:00,0.81,0.25,0.24,0.74,30.0,53.0,19.5,1007.6,18.7,-4.0,-2.4492935982947064e-16
2018-01-02 11:00:00,0.81,0.11,0.28,0.73,30.4,51.0,19.1,1006.9,19.1,-3.9467090073008158,1.4364846019678086
2018-01-02 12:00:00,0.88,0.23,0.22,0.83,31.1,48.0,18.9,1006.1,20.2,-4.330127018922194,2.499999999999999
2018-01-02 13:00:00,0.91,0.12,0.44,0.85,31.5,46.0,18.6,1004.8,23.0,-6.148780366869515,3.5499999999999985
2018-01-02 14:00:00,0.89,0.33,0.43,0.8,31.0,49.0,18.9,1003.8,25.9,-7.538315826132618,6.104407793183421
2018-01-02 15:00:00,0.9,0.21,0.56,0.79,29.1,56.0,19.4,1003.3,32.4,-8.60364654526569,12.28728066433488
2018-01-02 16:00:00,0.76,0.12,0.41,0.6,29.0,56.0,19.5,1003.3,32.4,-9.367828489024019,10.404027556683516
2018-01-02 17:00:00,0.85,0.09,0.37,0.41,27.3,67.0,20.5,1004.0,32.8,-9.65386886137305,9.002378352824978
2018-01-02 18:00:00,0.78,0.0,0.26,0.71,26.5,74.0,21.5,1004.7,25.2,-7.121464023352646,6.877117867544074
2018-01-02 19:00:00,0.9,0.0,0.29,0.86,25.8,79.0,21.9,1005.5,18.7,-3.5499999999999994,6.148780366869515
2018-01-02 20:00:00,0.38,0.1,0.21,0.21,25.6,81.0,22.1,1006.5,12.2,-3.2118269105225203,3.567095162291491
2018-01-02 21:00:00,0.28,0.21,0.25,0.0,25.3,84.0,22.4,1007.4,8.3,-1.4499999999999997,2.511473670974872
2018-01-02 22:00:00,0.4,0.25,0.36,0.0,25.0,86.0,22.4,1007.9,5.4,1.4539015490239415,2.1554976886431088
2018-01-02 23:00:00,0.32,0.21,0.31,0.0,24.8,86.0,22.3,1007.6,5.4,2.4992804094396295,0.7166571251241971
2018-01-03 00:00:00,0.34,0.18,0.32,0.0,24.5,87.0,22.2,1007.3,6.1,3.2335921554035223,-1.0506577808748205
2018-01-03 01:00:00,0.29,0.17,0.27,0.0,24.5,87.0,22.0,1006.3,7.9,2.894873798829254,-3.5748714227020644
2018-01-03 02:00:00,0.22,0.15,0.19,0.0,24.2,87.0,22.0,1005.8,8.3,2.181643291108516,-3.9357886821272814
2018-01-03 03:00:00,0.12,0.04,0.11,0.0,23.9,89.0,22.0,1005.4,7.6,1.0886485301985054,-4.366330768241984
2018-01-03 04:00:00,0.05,0.01,0.05,0.0,23.5,91.0,22.0,1005.5,9.7,0.4045875477159287,-5.78587149150698
2018-01-03 05:00:00,0.04,0.07,0.04,0.0,23.6,91.0,22.1,1005.8,10.1,-0.721246396546809,-6.862201078041086
2018-01-03 06:00:00,0.07,0.06,0.05,0.0,23.9,87.0,21.6,1006.6,13.0,-1.8376152202278973,-6.858073366652385
2018-01-03 07:00:00,0.06,0.04,0.05,0.0,25.1,79.0,21.1,1007.4,16.6,-2.902780391316932,-7.5620014546273335
2018-01-03 08:00:00,0.36,0.35,0.05,0.0,27.0,69.0,20.8,1008.4,28.1,-5.367251924106883,-11.510108895365454
2018-01-03 09:00:00,0.19,0.18,0.05,0.0,28.6,60.0,20.0,1008.7,28.1,-5.493285046848516,-10.78117894267925
2018-01-03 10:00:00,0.35,0.33,0.06,0.0,30.2,52.0,19.3,1008.6,28.4,-6.772276228582241,-8.668118289673941
2018-01-03 11:00:00,0.49,0.28,0.46,0.0,31.1,48.0,18.9,1008.0,28.1,-6.156001578501495,-6.836932394392027
2018-01-03 12:00:00,0.47,0.37,0.44,0.0,31.4,47.0,18.6,1007.0,25.9,-5.379684037722159,-6.18861855782673
2018-01-03 13:00:00,0.44,0.36,0.33,0.0,31.5,46.0,18.4,1005.9,23.8,-6.4347733221994154,-5.399415921366931
2018-01-03 14:00:00,0.37,0.19,0.37,0.0,31.4,46.0,18.3,1004.9,23.8,-7.922144549932563,1.1133848076805228
2018-01-03 15:00:00,0.44,0.24,0.42,0.0,29.2,62.0,21.3,1004.7,33.1,-11.149766905249091,10.767204742114458
2018-01-03 16:00:00,0.34,0.17,0.33,0.0,29.0,61.0,20.8,1004.8,35.3,-10.070757204741115,9.725217186425963
2018-01-03 17:00:00,0.42,0.05,0.3,0.0,28.4,65.0,21.2,1005.1,29.5,-11.573653837646852,7.516018683207376
2018-01-03 18:00:00,0.28,0.03,0.28,0.0,27.1,74.0,22.0,1005.8,26.3,-6.8251321848603554,7.580077219869419
2018-01-03 19:00:00,0.22,0.07,0.22,0.0,26.5,78.0,22.3,1006.7,18.4,-5.777694242791448,5.387787044493737
2018-01-03 20:00:00,0.41,0.1,0.4,0.0,26.2,78.0,22.0,1007.7,13.7,-7.160557646651568,-0.752604935527105
2018-01-03 21:00:00,0.51,0.1,0.51,0.0,26.1,75.0,21.2,1008.5,14.8,-7.6000865053248345,-1.7546182238821464
2018-01-03 22:00:00,0.45,0.08,0.45,0.0,25.8,74.0,20.8,1009.3,13.3,-2.490620541896063,-3.9858260519352022
2018-01-03 23:00:00,0.83,0.78,0.65,0.0,25.4,77.0,21.0,1009.6,8.6,4.012982057577931,-3.6133052743378324
2018-01-04 00:00:00,0.62,0.24,0.61,0.0,25.2,79.0,21.2,1009.6,9.0,1.1109406435904323,-2.894099322141325
2018-01-04 01:00:00,0.61,0.24,0.58,0.0,25.0,79.0,21.0,1008.7,9.4,1.4205902870109297e-15,-5.8
2018-01-04 02:00:00,0.82,0.26,0.45,0.65,24.9,79.0,21.0,1008.1,10.4,-0.3401837155791349,-6.49109197590473
2018-01-04 03:00:00,0.64,0.18,0.32,0.45,24.4,82.0,21.0,1007.4,11.9,2.4967470462773806,-6.859756131737131
2018-01-04 04:00:00,0.63,0.26,0.6,0.0,24.0,84.0,21.1,1007.5,12.2,0.6794350112397471,-6.4643923198937765
2018-01-04 05:00:00,0.68,0.25,0.29,0.0,24.1,82.0,20.8,1007.5,14.8,2.0329136865846065e-15,-8.3
2018-01-04 06:00:00,0.82,0.23,0.29,0.74,24.2,81.0,20.8,1008.0,16.2,-0.3280552690035091,-9.394273773979501
2018-01-04 07:00:00,0.75,0.29,0.25,0.62,25.1,76.0,20.6,1008.9,20.5,2.743208830090071e-15,-11.2
2018-01-04 08:00:00,0.38,0.24,0.27,0.09,26.5,69.0,20.3,1009.9,30.6,-5.096100135552464,-14.001420049710037
2018-01-04 09:00:00,0.52,0.24,0.21,0.34,28.1,58.0,19.2,1010.3,32.8,-5.694020219921862,-14.093194589415168
2018-01-04 10:00:00,0.3,0.11,0.09,0.21,29.7,47.0,17.2,1010.2,34.6,-7.8999999999999995,-13.683201379794133
2018-01-04 11:00:00,0.27,0.03,0.05,0.22,31.5,40.0,16.2,1009.5,36.7,-9.749403375063181,-12.937895262766144
2018-01-04 12:00:00,0.96,0.46,0.96,0.0,32.5,37.0,15.8,1008.2,38.9,-12.707776515663443,-11.442133368736476
2018-01-04 13:00:00,1.0,0.01,1.0,0.0,32.6,36.0,15.8,1006.8,38.9,-13.348780407186633,-9.698456662825807
2018-01-04 14:00:00,1.0,0.17,1.0,0.08,31.4,40.0,16.3,1005.7,38.5,-14.425253762457725,-9.729956520390994
2018-01-04 15:00:00,0.86,0.04,0.84,0.15,31.5,39.0,15.9,1005.0,36.4,-11.921065336392479,-11.116573269018726
2018-01-04 16:00:00,0.56,0.38,0.44,0.18,31.0,43.0,16.9,1004.9,35.3,-14.417075979486256,-10.094945279778411
2018-01-04 17:00:00,0.14,0.09,0.12,0.38,28.7,57.0,19.3,1005.3,35.6,-17.29736512620557,-0.30192663136500625
2018-01-04 18:00:00,0.21,0.05,0.04,0.17,27.0,65.0,19.8,1005.8,32.4,-13.7,-8.388830574159369e-16
2018-01-04 19:00:00,0.72,0.1,0.11,0.69,26.0,70.0,20.0,1006.7,24.8,-11.89275084152724,0.41530401075976137
2018-01-04 20:00:00,0.31,0.16,0.11,0.18,25.6,70.0,19.8,1007.6,20.9,-9.70462707366739,-1.3638963894086416
2018-01-04 21:00:00,0.84,0.14,0.12,0.82,25.1,72.0,19.8,1008.4,18.0,-9.700776466210565,-3.151973342624464
2018-01-04 22:00:00,0.98,0.08,0.18,0.97,24.9,72.0,19.4,1008.9,18.7,-8.621990754572435,-5.815606196095767
2018-01-04 23:00:00,0.88,0.06,0.18,0.85,24.4,72.0,18.9,1009.0,18.4,-5.387787044493738,-5.777694242791447
2018-01-05 00:00:00,0.86,0.08,0.15,0.84,23.6,74.0,18.6,1008.6,14.0,-1.7613968679372003,-5.421022142882375
2018-01-05 01:00:00,0.87,0.11,0.14,0.85,23.2,74.0,18.4,1008.0,10.1,0.7555899291119128,-6.153786140176197
2018-01-05 02:00:00,0.77,0.13,0.08,0.74,23.1,72.0,17.8,1007.4,12.6,1.7902220274375422,-7.180188374442374
2018-01-05 03:00:00,0.21,0.21,0.03,0.0,23.0,71.0,17.4,1007.1,15.1,2.8649997592229792,-8.320563465273988
2018-01-05 04:00:00,0.27,0.27,0.12,0.0,23.0,70.0,17.2,1007.2,17.3,2.952954217699645,-9.658678035226657
2018-01-05 05:00:00,0.35,0.35,0.07,0.03,22.9,71.0,17.4,1007.8,18.0,1.0975488643103608,-10.44247990136687
2018-01-05 06:00:00,0.68,0.3,0.06,0.54,23.0,74.0,18.1,1008.4,20.9,0.4013442120787595,-11.492994510719601
2018-01-05 07:00:00,0.6,0.12,0.03,0.54,23.5,74.0,18.6,1009.4,23.4,0.4153040107597598,-11.89275084152724
2018-01-05 08:00:00,0.65,0.05,0.01,0.63,25.0,67.0,18.5,1009.8,27.0,-2.5988961352219917,-12.226845009172571
2018-01-05 09:00:00,0.74,0.11,0.0,0.71,27.1,54.0,16.9,1010.0,31.3,-6.478707566445293,-12.184676781453193
2018-01-05 10:00:00,0.51,0.05,0.0,0.48,28.9,45.0,15.6,1009.7,34.6,-8.96704384496552,-11.899669099704663
2018-01-05 11:00:00,0.98,0.56,0.26,0.96,30.8,38.0,14.8,1008.7,37.8,-7.950877772039927,-14.343763197086089
2018-01-05 12:00:00,0.99,0.02,0.81,0.95,31.9,33.0,13.6,1007.5,37.8,-6.719630361677122,-14.410293813882735
2018-01-05 13:00:00,0.97,0.0,0.82,0.87,32.2,32.0,13.2,1005.9,37.1,-7.536242295676478,-14.790708301526909
2018-01-05 14:00:00,0.87,0.01,0.8,0.75,31.7,34.0,13.8,1004.9,40.7,-7.850017211362944,-17.6314273325022
2018-01-05 15:00:00,0.9,0.0,0.86,0.62,31.4,33.0,13.4,1004.0,40.7,-6.429978694522572,-17.66622127077508
2018-01-05 16:00:00,0.25,0.0,0.0,0.25,30.7,36.0,13.9,1003.8,39.2,-10.73650374663834,-15.9175213930568
2018-01-05 17:00:00,0.02,0.03,0.0,0.27,30.1,38.0,14.1,1004.0,38.2,-12.287280664334878,-8.60364654526569
2018-01-05 18:00:00,0.01,0.0,0.0,0.01,26.4,57.0,17.2,1004.9,33.5,-18.659867650856853,-2.291143656016773
2018-01-05 19:00:00,0.0,0.0,0.0,0.0,25.2,61.0,17.1,1005.3,34.6,-16.141369520487597,-2.268521545649067
2018-01-05 20:00:00,0.6,0.0,0.0,0.6,24.4,64.0,17.0,1006.4,31.3,-14.344571339445531,-4.385575570841052
2018-01-05 21:00:00,0.98,0.0,0.0,0.98,24.0,65.0,17.1,1007.6,27.0,-12.576404473017943,-1.7674983821928314
2018-01-05 22:00:00,0.63,0.0,0.0,0.63,23.7,66.0,17.0,1007.6,22.3,-10.054711042409219,-3.659615533584656
2018-01-05 23:00:00,0.95,0.03,0.07,0.95,22.9,71.0,17.3,1007.8,18.4,-1.8364363038995868,-4.32637281122647
2018-01-06 00:00:00,0.96,0.15,0.22,0.95,22.6,72.0,17.4,1007.8,12.2,4.342310698243882,-5.362307134053097
2018-01-06 01:00:00,0.84,0.18,0.44,0.71,22.8,72.0,17.5,1007.2,14.0,2.4724035165450213,-6.119413440140796
2018-01-06 02:00:00,1.0,0.16,1.0,0.14,22.9,71.0,17.4,1006.8,11.9,3.2393537832226467,-6.092338390726597
2018-01-06 03:00:00,1.0,0.16,1.0,0.0,23.1,69.0,17.2,1006.4,14.0,4.971631089293719,-6.139453095510068
2018-01-06 04:00:00,1.0,0.25,1.0,0.0,23.4,67.0,17.0,1006.8,14.0,2.4721359549995814,-7.608452130361228
2018-01-06 05:00:00,0.84,0.23,0.07,0.0,22.0,69.0,15.9,1007.1,16.6,1.0602632876247808,-8.635151519279502
2018-01-06 06:00:00,0.17,0.17,0.05,0.0,22.1,67.0,15.8,1007.6,16.6,2.092044805397948,-9.061641602502688
2018-01-06 07:00:00,0.28,0.03,0.04,0.25,23.2,65.0,16.2,1008.5,20.2,0.7324429743133192,-10.474422527728153
2018-01-06 08:00:00,0.6,0.01,0.03,0.59,25.2,59.0,16.7,1009.4,27.4,-2.1532374030699364,-12.21161613735138
2018-01-06 09:00:00,0.52,0.0,0.02,0.51,27.2,52.0,16.4,1009.7,30.2,-6.941942361454984,-11.10943005964918
2018-01-06 10:00:00,0.21,0.21,0.01,0.0,29.1,42.0,15.1,1009.5,31.3,-6.807987937687838,-10.4833820993178
2018-01-06 11:00:00,0.43,0.14,0.42,0.0,30.5,37.0,14.0,1008.5,31.3,-4.727846654720213,-11.138108726774528
2018-01-06 12:00:00,0.77,0.0,0.61,0.42,31.9,31.0,12.6,1007.4,31.0,-4.013721034907363,-10.45610077676866
2018-01-06 13:00:00,0.9,0.0,0.27,0.86,33.1,27.0,11.4,1005.5,29.2,-3.659615533584655,-10.05471104240922
2018-01-06 14:00:00,0.19,0.0,0.19,0.0,33.3,26.0,11.3,1004.4,28.4,-4.683895701129233,-7.212566884330647
2018-01-06 15:00:00,0.05,0.0,0.05,0.0,32.2,28.0,11.3,1003.8,24.8,-8.987963899415753,1.4235536318661004
2018-01-06 16:00:00,0.0,0.0,0.0,0.0,29.0,51.0,17.7,1004.0,37.8,-14.325031086324888,12.020128301138286
2018-01-06 17:00:00,0.0,0.0,0.0,0.0,26.5,57.0,17.4,1004.5,40.7,-15.4315631041645,14.390165397318716
2018-01-06 18:00:00,0.0,0.0,0.0,0.0,25.7,63.0,18.2,1005.1,39.6,-15.121798609092943,4.913370210561663
2018-01-06 19:00:00,0.01,0.0,0.01,0.0,24.9,64.0,17.6,1006.2,28.8,-13.3,-8.143901214329899e-16
2018-01-06 20:00:00,0.04,0.0,0.04,0.0,24.0,69.0,18.0,1007.4,24.1,-5.737828535778213,1.75423022833642
2018-01-06 21:00:00,0.03,0.0,0.03,0.0,23.8,71.0,18.1,1008.1,7.2,-4.667902132486009,-1.791839747726502
2018-01-06 22:00:00,0.01,0.0,0.01,0.0,22.9,73.0,17.9,1008.1,8.6,-5.772490067120011,-3.199743493625825
2018-01-06 23:00:00,0.7,0.03,0.07,0.68,22.5,74.0,17.6,1008.0,8.3,-2.149021206691006,-5.062776693988422
2018-01-07 00:00:00,0.8,0.04,0.0,0.79,22.3,74.0,17.5,1008.0,9.4,4.7128004925905795,-2.197614961051638
2018-01-07 01:00:00,0.5,0.0,0.0,0.5,21.8,76.0,17.4,1007.4,9.0,2.87726160734309,-3.195522749552796
2018-01-07 02:00:00,0.0,0.0,0.0,0.0,21.8,76.0,17.3,1007.0,11.5,4.342310698243882,-5.362307134053097
2018-01-07 03:00:00,0.01,0.01,0.0,0.0,21.7,77.0,17.5,1006.6,11.9,1.4171916423663515,-6.1385314081469815
2018-01-07 04:00:00,0.01,0.01,0.0,0.0,21.5,78.0,17.5,1006.6,11.5,1.0793978087775948,-6.81504955010645
2018-01-07 05:00:00,0.0,0.04,0.0,0.0,21.3,81.0,18.0,1007.2,12.2,-0.721246396546809,-6.862201078041086
2018-01-07 06:00:00,0.04,0.04,0.0,0.0,21.6,79.0,17.9,1007.9,13.7,-0.7526049355271051,-7.160557646651568
2018-01-07 07:00:00,0.01,0.01,0.0,0.0,23.0,69.0,17.0,1008.8,18.0,-2.092044805397945,-9.06164160250269
2018-01-07 08:00:00,0.0,0.0,0.0,0.0,25.2,59.0,16.8,1010.0,26.3,-5.357087896926653,-10.513876985422742
2018-01-07 09:00:00,0.0,0.0,0.0,0.0,27.2,51.0,16.1,1010.3,29.5,-7.288537128426667,-10.031810730249349
2018-01-07 10:00:00,0.0,0.0,0.0,0.0,29.0,44.0,15.3,1009.9,30.2,-6.825559592577449,-9.747909327039002
2018-01-07 11:00:00,0.53,0.0,0.0,0.53,30.5,39.0,14.9,1008.9,30.6,-6.094071538681856,-9.7525531057989
2018-01-07 12:00:00,0.9,0.05,0.0,0.89,31.6,36.0,14.6,1007.5,31.0,-6.094071538681856,-9.7525531057989
2018-01-07 13:00:00,0.43,0.0,0.33,0.15,32.6,32.0,13.6,1005.8,30.6,-5.3813867847343415,-9.708278749247292
2018-01-07 14:00:00,0.52,0.0,0.52,0.0,33.2,29.0,12.5,1004.6,29.2,-6.042203531053469,-7.200817765318393
2018-01-07 15:00:00,0.49,0.0,0.29,0.3,32.3,28.0,11.4,1003.9,25.9,-9.38914950521489,3.9854575105905923
2018-01-07 16:00:00,0.43,0.0,0.04,0.4,28.5,56.0,19.0,1004.3,43.9,-15.213018313052036,15.753541627416462
2018-01-07 17:00:00,0.0,0.0,0.0,0.0,27.0,63.0,19.5,1005.0,45.4,-14.414952982254949,12.530727453718688
2018-01-07 18:00:00,0.0,0.0,0.0,0.0,25.5,70.0,19.6,1005.5,36.4,-11.914625479759362,7.159029241249755
2018-01-07 19:00:00,0.0,0.0,0.0,0.0,24.9,73.0,19.6,1006.5,25.2,-10.842044285764752,3.5227937358743997
2018-01-07 20:00:00,0.44,0.0,0.0,0.44,24.3,72.0,19.0,1007.4,21.2,-10.438962181929405,-1.8406706832694624
2018-01-07 21:00:00,0.73,0.0,0.0,0.73,23.9,74.0,19.0,1008.4,18.4,-7.54813979831001,-3.203995253612044
2018-01-07 22:00:00,0.05,0.0,0.04,0.01,23.4,75.0,18.8,1008.7,14.0,-4.6806636903626915,-4.36478950439999
2018-01-07 23:00:00,0.05,0.0,0.05,0.0,23.0,77.0,18.6,1008.5,10.8,-0.7352419856890852,-4.6421352007971475
2018-01-08 00:00:00,0.0,0.0,0.0,0.0,22.6,76.0,18.2,1008.3,11.2,0.3401837155791384,-6.49109197590473
2018-01-08 01:00:00,0.0,0.0,0.0,0.0,22.3,69.0,16.3,1007.7,13.3,0.6972459419812665,-7.969557584733964
2018-01-08 02:00:00,0.0,0.0,0.0,0.0,22.0,63.0,14.7,1007.3,16.2,1.7554427574642109,-9.030970087718508
2018-01-08 03:00:00,0.0,0.0,0.0,0.0,21.6,63.0,14.3,1006.9,16.9,2.159530121701107,-9.353952621938257
2018-01-08 04:00:00,0.5,0.0,0.0,0.5,21.3,64.0,14.1,1007.2,17.3,2.588190451025207,-9.659258262890683
2018-01-08 05:00:00,0.49,0.0,0.0,0.61,21.1,67.0,14.6,1007.3,18.0,3.151973342624466,-9.700776466210565
2018-01-08 06:00:00,0.01,0.01,0.0,0.0,21.0,70.0,15.3,1008.1,17.6,4.383711467890778,-8.987940462991668
2018-01-08 07:00:00,0.02,0.02,0.0,0.0,22.5,68.0,16.2,1009.2,21.2,2.175222547292609,-11.19054989130337
2018-01-08 08:00:00,0.04,0.04,0.0,0.0,24.6,64.0,17.3,1010.0,32.0,-0.2705122997778944,-15.497639274924065
2018-01-08 09:00:00,0.1,0.1,0.0,0.0,26.7,56.0,17.2,1010.4,36.7,-6.092255142270105,-15.870867250452429
2018-01-08 10:00:00,0.22,0.22,0.0,0.0,28.5,47.0,16.1,1010.2,36.7,-8.224049428726909,-12.663925575975902
2018-01-08 11:00:00,0.1,0.1,0.0,0.0,30.1,39.0,14.8,1009.5,34.9,-7.951729911219395,-12.24459029200319
2018-01-08 12:00:00,0.13,0.05,0.0,0.08,31.4,35.0,14.1,1008.3,36.4,-9.062507694346529,-12.94260229976607
2018-01-08 13:00:00,0.36,0.0,0.36,0.0,32.6,31.0,13.2,1006.8,38.2,-9.789017457677968,-12.529370982346878
2018-01-08 14:00:00,0.42,0.0,0.18,0.3,33.2,28.0,12.3,1005.7,36.7,-10.11162697096763,-10.111626970967631
2018-01-08 15:00:00,0.89,0.0,0.83,0.32,33.2,27.0,11.4,1004.9,33.8,-11.547056577408412,-10.037703143554761
2018-01-08 16:00:00,0.82,0.0,0.82,0.0,32.4,28.0,11.3,1004.8,33.8,-10.790097005079765,-10.419875556884959
2018-01-08 17:00:00,0.1,0.0,0.0,0.43,30.0,35.0,12.7,1005.8,31.0,-15.464481538001,-6.564282958619799
2018-01-08 18:00:00,0.2,0.0,0.0,0.2,27.5,46.0,14.8,1006.5,31.3,-17.628058778918522,-3.108302380238054
2018-01-08 19:00:00,0.46,0.0,0.0,0.46,25.5,62.0,17.5,1007.4,36.0,-18.415594224440945,-4.251574927099047
2018-01-08 20:00:00,0.53,0.0,0.0,0.53,24.9,65.0,17.8,1008.2,34.2,-16.928805990053732,-5.500502499874065
2018-01-08 21:00:00,0.0,0.0,0.0,0.0,24.5,67.0,18.0,1008.9,32.0,-15.09840383788765,-8.027963723638734
2018-01-08 22:00:00,0.47,0.0,0.02,0.47,24.1,67.0,17.6,1009.2,30.2,-10.462125181619536,-7.883776803291832
2018-01-08 23:00:00,0.68,0.0,0.0,0.68,23.5,69.0,17.5,1009.2,23.0,-6.095202647831141,-9.036509540849956
2018-01-09 00:00:00,0.17,0.0,0.0,0.17,23.0,70.0,17.4,1009.0,19.1,-3.557009490586955,-9.772803256173448
2018-01-09 01:00:00,0.75,0.0,0.0,0.75,22.6,72.0,17.4,1008.6,18.4,2.3023359823970243e-15,-9.4
2018-01-09 02:00:00,0.63,0.0,0.0,0.62,22.4,73.0,17.4,1008.3,16.6,1.145571828008384,-9.329933825428428
2018-01-09 03:00:00,0.0,0.0,0.0,0.0,22.1,75.0,17.5,1008.1,16.6,1.8126854560771744,-9.325458242752807
2018-01-09 04:00:00,0.0,0.0,0.0,0.0,21.8,77.0,17.5,1008.3,16.6,2.543633831087813,-8.319851376878407
2018-01-09 05:00:00,0.0,0.0,0.0,0.0,21.7,80.0,18.0,1008.6,15.1,2.225843787881678,-8.306962106085987
2018-01-09 06:00:00,0.38,0.01,0.0,0.38,22.0,79.0,18.2,1009.5,16.6,1.145571828008384,-9.329933825428428
2018-01-09 07:00:00,0.56,0.01,0.0,0.56,23.4,74.0,18.4,1010.4,20.5,0.781272505934207,-11.17271736291003
2018-01-09 08:00:00,0.85,0.0,0.04,0.84,25.4,65.0,18.2,1011.4,31.3,3.698433333425007e-15,-15.1
2018-01-09 09:00:00,0.75,0.0,0.02,0.75,27.4,56.0,17.7,1011.4,34.2,-1.0812253430339422,-15.462242779027275
2018-01-09 10:00:00,0.21,0.06,0.01,0.17,29.5,46.0,16.6,1011.3,34.6,-5.506716923213906,-13.629602662131774
2018-01-09 11:00:00,0.69,0.53,0.19,0.32,31.5,38.0,15.4,1010.3,34.2,-7.582429754572904,-10.436319227436822
2018-01-09 12:00:00,0.96,0.0,0.91,0.63,32.5,35.0,15.1,1008.8,32.4,-9.43386975278465,-8.200737862381342
2018-01-09 13:00:00,0.86,0.22,0.84,0.12,32.7,34.0,15.0,1007.5,31.3,-7.924450592339106,-6.888619804400326
2018-01-09 14:00:00,1.0,0.17,1.0,0.14,32.2,37.0,15.9,1006.3,27.0,-11.571287547152728,-3.5376976271451146
2018-01-09 15:00:00,0.83,0.0,0.83,0.0,31.0,43.0,16.9,1005.8,34.2,-14.41681763465924,-9.008627491964484
2018-01-09 16:00:00,0.98,0.0,0.98,0.0,30.0,44.0,16.5,1005.9,38.5,-11.874668424728183,-13.660243402032174
2018-01-09 17:00:00,0.98,0.0,1.0,0.0,28.8,49.0,17.1,1006.8,35.3,-11.184248869537079,-9.384699101423475
2018-01-09 18:00:00,0.94,0.0,0.94,0.01,27.9,52.0,17.2,1007.6,27.0,-7.572636146505597,-9.69253226936268
2018-01-09 19:00:00,0.64,0.0,0.64,0.03,27.3,55.0,17.5,1008.7,22.7,-8.196675541373065,-6.877827423645971
2018-01-09 20:00:00,0.95,0.0,0.95,0.04,26.2,63.0,18.6,1009.9,24.5,-6.219669846431791,-12.20678938138064
2018-01-09 21:00:00,0.69,0.0,0.69,0.06,25.8,66.0,18.9,1010.3,25.9,-2.049291492027024,-12.938717261796304
2018-01-09 22:00:00,1.0,0.01,1.0,0.06,25.5,68.0,19.0,1010.6,25.6,-3.2392951825516563,-14.030928932907388
2018-01-09 23:00:00,1.0,0.37,1.0,0.08,24.0,76.0,19.6,1010.4,28.1,4.418943019561752,-13.600108183020696
2018-01-10 00:00:00,0.61,0.56,0.34,0.02,23.8,78.0,19.8,1009.9,24.1,4.73440838532204,-9.706975700031002
2018-01-10 01:00:00,0.91,0.91,0.1,0.0,24.0,78.0,19.8,1009.2,19.4,6.818308926592691,-9.38459713474939
2018-01-10 02:00:00,0.15,0.01,0.06,0.12,23.9,77.0,19.7,1008.5,24.8,7.9517299112193935,-12.24459029200319
2018-01-10 03:00:00,0.9,0.23,0.89,0.31,23.6,77.0,19.4,1008.0,25.6,8.36522882181347,-11.101033589657371
2018-01-10 04:00:00,1.0,0.92,1.0,0.16,22.8,88.0,20.6,1007.8,32.4,9.752576548893726,-10.458357933154142
2018-01-10 05:00:00,1.0,0.98,0.71,0.0,24.5,76.0,20.1,1008.2,25.6,2.800176924220137,-17.679621296652964
2018-01-10 06:00:00,1.0,0.91,0.99,0.08,24.2,80.0,20.5,1008.8,31.7,3.281914720476568,-16.883987555299818
2018-01-10 07:00:00,1.0,1.0,0.58,0.05,24.6,79.0,20.7,1009.9,30.6,-1.1579574641524801,-16.55956323431308
2018-01-10 08:00:00,1.0,1.0,0.54,0.03,25.1,76.0,20.5,1010.7,38.5,-8.663490497514545,-19.4585182477874
2018-01-10 09:00:00,0.93,0.93,0.29,0.01,25.7,75.0,20.9,1011.3,48.2,-11.999999999999998,-20.784609690826528
2018-01-10 10:00:00,0.66,0.63,0.29,0.0,27.4,68.0,21.0,1011.2,47.9,-13.937907403330419,-19.9053946762225
2018-01-10 11:00:00,0.52,0.24,0.35,0.22,28.0,67.0,21.2,1010.9,55.1,-14.761328152286413,-16.98096555501237
2018-01-10 12:00:00,0.54,0.33,0.37,0.18,29.5,63.0,21.8,1010.0,49.0,-17.24398150914487,-11.631212392191534
2018-01-10 13:00:00,0.48,0.1,0.29,0.27,28.6,65.0,21.3,1009.1,45.4,-13.712195531829705,-11.505898213389054
2018-01-10 14:00:00,0.42,0.12,0.11,0.31,31.0,55.0,21.0,1007.9,40.3,-15.135340043512054,-7.05772497106968
2018-01-10 15:00:00,0.83,0.14,0.34,0.74,30.9,55.0,21.0,1007.3,40.3,-15.391251985808672,-6.218469450704139
2018-01-10 16:00:00,0.98,0.24,0.37,0.97,29.8,57.0,20.4,1007.5,39.2,-16.174543075434908,-3.734187502108158
2018-01-10 17:00:00,0.77,0.15,0.2,0.75,28.4,63.0,20.7,1007.8,33.5,-12.990381056766578,-7.500000000000002
2018-01-10 18:00:00,0.74,0.09,0.12,0.7,27.2,70.0,21.2,1008.5,28.8,-12.635916632730748,-7.895797037074753
2018-01-10 19:00:00,0.17,0.03,0.01,0.14,26.2,75.0,21.5,1009.5,26.6,-11.10943005964918,-6.941942361454984
2018-01-10 20:00:00,0.03,0.0,0.0,0.03,25.5,79.0,21.6,1010.4,23.4,-8.679160172561879,-7.544678833390834
2018-01-10 21:00:00,0.75,0.03,0.0,0.75,25.0,82.0,21.6,1011.0,20.5,-6.560590289905073,-7.54709580222772
2018-01-10 22:00:00,0.15,0.08,0.02,0.08,24.5,85.0,21.8,1011.1,17.6,-4.716281451675524,-7.547628055792192
2018-01-10 23:00:00,0.61,0.1,0.06,0.59,24.3,87.0,22.0,1011.1,15.5,-3.221616703376843,-7.973781149274371
2018-01-11 00:00:00,0.61,0.17,0.03,0.57,24.2,88.0,22.1,1010.8,16.2,-2.092044805397945,-9.06164160250269
2018-01-11 01:00:00,0.75,0.19,0.13,0.68,24.3,87.0,22.0,1010.3,18.0,-1.7712114122026892,-10.045039080724521
2018-01-11 02:00:00,0.8,0.25,0.15,0.75,24.3,85.0,21.7,1010.1,20.2,-1.7677094549546088,-11.160878248725057
2018-01-11 03:00:00,0.9,0.22,0.29,0.85,24.1,85.0,21.5,1009.7,20.5,-2.5885642829164444,-10.382164271153162
2018-01-11 04:00:00,0.84,0.32,0.5,0.67,23.9,86.0,21.5,1009.8,19.8,-3.5812496990287235,-10.400704331592486
2018-01-11 05:00:00,0.89,0.24,0.17,0.83,23.8,87.0,21.5,1010.2,20.2,-2.795245687107224,-10.431998923921938
2018-01-11 06:00:00,0.63,0.24,0.16,0.52,23.8,86.0,21.4,1010.7,19.4,-1.8406706832694615,-10.438962181929405
2018-01-11 07:00:00,0.8,0.71,0.17,0.57,24.6,82.0,21.3,1011.6,23.4,-3.6493485359455424,-13.619554150675864
2018-01-11 08:00:00,0.84,0.8,0.15,0.71,26.3,72.0,21.0,1012.1,34.6,-6.518154725436869,-16.132999069462098
2018-01-11 09:00:00,0.97,0.63,0.05,0.94,27.8,65.0,20.5,1012.1,35.3,-7.18928680734087,-14.740222359306339
2018-01-11 10:00:00,0.91,0.35,0.07,0.86,29.9,55.0,19.9,1011.7,34.6,-7.563030075842858,-13.644067431374573
2018-01-11 11:00:00,0.83,0.28,0.07,0.77,32.0,46.0,18.9,1010.8,34.9,-8.680826802091781,-11.110951625854778
2018-01-11 12:00:00,0.67,0.28,0.29,0.52,33.2,41.0,18.3,1009.4,33.5,-11.11095162585478,-8.680826802091781
2018-01-11 13:00:00,0.71,0.09,0.47,0.48,33.3,41.0,18.2,1007.9,36.0,-13.7383791577341,-8.58469208057792
2018-01-11 14:00:00,0.62,0.08,0.29,0.46,32.8,43.0,18.5,1007.0,37.4,-13.685687689313367,-7.276809223181308
2018-01-11 15:00:00,0.7,0.31,0.43,0.49,32.9,41.0,18.0,1006.3,34.6,-14.003706397458027,-5.375519243179506
2018-01-11 16:00:00,0.64,0.29,0.26,0.54,31.4,49.0,19.2,1006.7,34.9,-14.80343011745011,-4.244815279581787
2018-01-11 17:00:00,0.56,0.06,0.1,0.33,30.2,55.0,20.1,1006.8,32.0,-15.483719965604623,-1.9011617571203008
2018-01-11 18:00:00,0.56,0.09,0.06,0.54,28.3,63.0,20.7,1007.4,29.5,-14.05767991265662,-4.2978640594242306
2018-01-11 19:00:00,0.49,0.04,0.03,0.48,27.2,68.0,20.8,1008.4,27.7,-14.466434206669547,-4.981192763194499
2018-01-11 20:00:00,0.61,0.01,0.0,0.61,26.2,74.0,21.3,1009.1,27.7,-13.31479122813215,-4.326237921249264
2018-01-11 21:00:00,0.44,0.01,0.01,0.43,25.5,81.0,22.0,1009.8,24.8,-11.888206453689419,-3.862712429686843
2018-01-11 22:00:00,0.38,0.0,0.03,0.37,25.2,83.0,22.1,1010.1,22.3,-11.497079796628164,-4.645121758357308
2018-01-11 23:00:00,0.8,0.0,0.05,0.79,24.9,86.0,22.3,1010.0,22.0,-10.426010937070336,-5.085105302753298
2018-01-12 00:00:00,0.93,0.01,0.04,0.93,24.5,88.0,22.5,1009.9,20.5,-7.9587606965284,-5.368251873319169
2018-01-12 01:00:00,0.25,0.05,0.03,0.22,24.3,91.0,22.6,1009.5,16.6,-5.39941592136693,-6.4347733221994154
2018-01-12 02:00:00,0.22,0.18,0.02,0.05,24.0,93.0,22.8,1009.0,14.4,-3.9142893693164114,-6.5144714853360535
2018-01-12 03:00:00,0.6,0.6,0.07,0.0,24.0,93.0,22.7,1008.5,14.8,-3.221616703376843,-7.973781149274371
2018-01-12 04:00:00,0.98,0.98,0.12,0.04,24.0,92.0,22.6,1008.6,16.2,-3.1894747509531727,-8.308865795825096
2018-01-12 05:00:00,0.98,0.96,0.12,0.0,24.1,91.0,22.6,1008.7,20.5,-3.9854575105905923,-9.389149505214892
2018-01-12 06:00:00,0.86,0.85,0.09,0.04,24.9,86.0,22.3,1009.2,24.8,-6.901510203794726,-11.486041829408306
2018-01-12 07:00:00,0.9,0.34,0.05,0.85,25.5,81.0,22.0,1009.8,25.2,-7.206901993571586,-11.533454107727392
2018-01-12 08:00:00,0.36,0.36,0.02,0.03,26.9,73.0,21.7,1010.4,31.0,-8.93433583484559,-12.2970583144992
2018-01-12 09:00:00,0.47,0.23,0.35,0.14,28.0,70.0,22.0,1010.7,31.7,-10.07254637165546,-10.430427104910443
2018-01-12 10:00:00,0.38,0.25,0.34,0.05,28.8,66.0,21.7,1010.9,34.6,-12.292967756264863,-9.60431901508027
2018-01-12 11:00:00,0.73,0.71,0.25,0.0,30.0,63.0,22.3,1010.4,34.2,-10.031810730249349,-7.288537128426667
2018-01-12 12:00:00,0.97,0.64,0.95,0.01,30.9,59.0,21.8,1009.2,30.2,-8.579697762932554,-7.1992212284892405
2018-01-12 13:00:00,0.51,0.33,0.4,0.16,28.0,69.0,21.7,1008.7,34.2,-9.746314574609078,-1.024378940023004
2018-01-12 14:00:00,0.88,0.7,0.23,0.81,29.6,65.0,22.3,1007.6,29.9,-13.33379259803436,-2.1118652780431173
2018-01-12 15:00:00,0.57,0.14,0.23,0.47,28.1,70.0,22.0,1007.4,34.2,-10.861957270738797,-4.61062731617343
2018-01-12 16:00:00,0.97,0.35,0.18,0.97,29.4,62.0,21.3,1007.3,30.2,-10.43099158272404,-6.518006950068421
2018-01-12 17:00:00,0.98,0.15,0.09,0.98,29.3,61.0,21.0,1007.1,28.8,-10.478907385791707,-6.050000000000002
2018-01-12 18:00:00,0.99,0.1,0.09,0.99,28.1,66.0,21.2,1007.9,24.5,-9.02104915954472,-3.2833933759264204
2018-01-12 19:00:00,0.97,0.07,0.11,0.97,27.2,71.0,21.5,1008.5,16.6,-9.030970087718508,-1.755442757464213
2018-01-12 20:00:00,0.96,0.05,0.14,0.96,26.4,77.0,21.9,1009.2,16.2,-8.635631963856369,-2.1531048708370424
2018-01-12 21:00:00,0.96,0.07,0.22,0.95,25.8,81.0,22.2,1010.1,16.6,-8.939931253174443,-2.904759747124506
2018-01-12 22:00:00,0.95,0.04,0.33,0.94,25.4,83.0,22.4,1010.6,16.9,-8.609923976848174,-4.014873486536644
2018-01-12 23:00:00,0.95,0.02,0.3,0.94,25.0,86.0,22.5,1010.3,16.6,-6.5144714853360535,-3.9142893693164114
2018-01-13 00:00:00,0.97,0.01,0.16,0.97,24.9,87.0,22.6,1009.8,13.0,-3.921004419087889,-4.6728711030257655
2018-01-13 01:00:00,0.98,0.01,0.2,0.97,24.4,89.0,22.5,1009.3,10.4,-1.7542302283364206,-5.737828535778212
2018-01-13 02:00:00,0.97,0.03,0.2,0.96,24.0,91.0,22.4,1008.5,10.8,-1.0324674692655236,-6.518743047927909
2018-01-13 03:00:00,0.94,0.07,0.09,0.94,24.0,89.0,22.1,1007.9,12.6,-1.1419715947936853,-7.210124886344506
2018-01-13 04:00:00,0.88,0.12,0.12,0.86,23.9,89.0,22.0,1008.0,13.7,0.4134540543192605,-7.889173324561134
2018-01-13 05:00:00,0.93,0.23,0.18,0.93,24.0,89.0,22.1,1008.1,16.6,2.225843787881678,-8.306962106085987
2018-01-13 06:00:00,0.91,0.34,0.14,0.89,24.2,88.0,22.1,1008.8,16.2,-1.1133848076805235,-7.922144549932563
2018-01-13 07:00:00,0.98,0.76,0.24,0.97,24.9,84.0,22.0,1010.1,18.0,-4.981241083792126,-7.9716521038704045
2018-01-13 08:00:00,1.0,0.91,0.15,1.0,26.4,75.0,21.6,1010.4,27.0,-6.941942361454984,-11.10943005964918
2018-01-13 09:00:00,1.0,0.71,0.03,1.0,28.2,65.0,20.9,1010.6,29.9,-7.85799717800933,-11.222383006759188
2018-01-13 10:00:00,0.99,0.65,0.0,0.98,29.4,59.0,20.5,1010.4,32.8,-8.276054971367055,-12.269756073814618
2018-01-13 11:00:00,0.99,0.63,0.0,0.97,29.8,57.0,20.2,1009.6,32.8,-9.384699101423474,-11.184248869537079
2018-01-13 12:00:00,0.96,0.52,0.03,0.95,31.4,49.0,19.3,1008.6,33.1,-10.093575728924979,-10.824034783963723
2018-01-13 13:00:00,1.0,0.21,0.21,1.0,32.0,48.0,19.5,1007.1,37.1,-12.538577507742497,-9.448495863487157
2018-01-13 14:00:00,0.99,0.25,0.23,0.99,31.5,49.0,19.3,1006.2,35.6,-12.944371665663057,-7.17518237964579
2018-01-13 15:00:00,0.92,0.37,0.12,0.91,31.5,47.0,18.8,1005.6,32.0,-14.05767991265662,-4.2978640594242306
2018-01-13 16:00:00,0.98,0.02,0.01,0.98,30.9,51.0,19.5,1005.8,33.1,-16.210706894502856,-1.7038139512627515
2018-01-13 17:00:00,0.97,0.02,0.0,0.96,28.9,59.0,20.1,1006.4,32.8,-14.360376748884748,-3.5804440548750818
2018-01-13 18:00:00,0.96,0.0,0.0,0.96,27.0,67.0,20.5,1006.6,27.7,-12.605539238556263,-2.2226966741367096
2018-01-13 19:00:00,0.71,0.01,0.0,0.71,26.0,72.0,20.5,1007.4,23.0,-11.571287547152728,-3.5376976271451146
2018-01-13 20:00:00,0.26,0.01,0.0,0.25,25.2,75.0,20.4,1008.5,20.9,-9.706975700031004,-4.734408385322037
2018-01-13 21:00:00,0.12,0.0,0.0,0.11,24.6,77.0,20.4,1009.5,18.7,-8.31452281681049,-4.995869326627525
2018-01-13 22:00:00,0.09,0.0,0.0,0.09,23.9,83.0,20.8,1009.7,16.9,-7.9283665448744856,-5.760295472466237
2018-01-13 23:00:00,0.08,0.0,0.0,0.08,23.4,86.0,21.0,1009.8,16.9,-6.156001578501495,-6.836932394392027
2018-01-14 00:00:00,0.0,0.0,0.0,0.0,23.0,89.0,21.0,1009.5,16.6,-5.36825187331917,-7.9587606965284
2018-01-14 01:00:00,0.0,0.0,0.0,0.0,22.5,92.0,21.2,1008.9,16.9,-4.403707847473604,-8.642763284627168
2018-01-14 02:00:00,0.0,0.0,0.0,0.0,22.1,95.0,21.2,1008.4,16.9,-2.8652427062828205,-9.371786608437748
2018-01-14 03:00:00,0.06,0.0,0.0,0.06,21.8,96.0,21.0,1008.0,16.9,-0.7844016847289235,-8.96575228282571
2018-01-14 04:00:00,0.16,0.0,0.0,0.16,21.5,96.0,20.9,1008.0,16.2,0.32805526900350773,-9.394273773979501
2018-01-14 05:00:00,0.02,0.03,0.0,0.05,21.2,96.0,20.6,1008.6,16.6,1.423553631866103,-8.987963899415753
2018-01-14 06:00:00,0.16,0.08,0.01,0.09,21.5,94.0,20.5,1009.1,17.3,1.4586446924022154,-8.272385125302547
2018-01-14 07:00:00,0.21,0.14,0.03,0.07,22.6,87.0,20.4,1010.0,19.1,2.4737865342776532e-15,-10.1
2018-01-14 08:00:00,0.57,0.56,0.03,0.0,25.0,74.0,20.1,1010.9,31.7,-5.375519243179504,-14.003706397458027
2018-01-14 09:00:00,0.35,0.3,0.03,0.07,26.9,64.0,19.4,1011.3,32.4,-7.471861625688189,-11.957478155805605
2018-01-14 10:00:00,0.04,0.03,0.02,0.0,28.5,55.0,18.7,1011.1,33.1,-9.063305296580204,-10.80122664797759
2018-01-14 11:00:00,0.17,0.02,0.03,0.14,30.3,46.0,17.5,1010.4,33.8,-9.367828489024015,-10.40402755668352
2018-01-14 12:00:00,0.45,0.0,0.03,0.43,31.8,40.0,16.5,1009.2,34.9,-10.430427104910441,-10.07254637165546
2018-01-14 13:00:00,0.3,0.0,0.01,0.29,32.8,36.0,15.6,1007.7,36.7,-12.333315534215547,-10.348880515953285
2018-01-14 14:00:00,0.07,0.01,0.01,0.06,33.0,34.0,15.3,1006.6,37.4,-13.761754344055063,-9.636084130697574
2018-01-14 15:00:00,0.2,0.02,0.0,0.18,32.8,36.0,15.6,1006.0,37.4,-14.833519560029972,-7.887122254802967
2018-01-14 16:00:00,0.0,0.0,0.0,0.0,31.9,39.0,16.2,1006.0,36.4,-14.740222359306337,-7.18928680734087
2018-01-14 17:00:00,0.0,0.0,0.0,0.01,29.8,52.0,18.8,1006.5,33.8,-13.302807369979755,-2.8275989951215283
2018-01-14 18:00:00,0.0,0.0,0.0,0.0,27.2,64.0,19.8,1006.9,25.2,-8.987963899415753,1.4235536318661004
2018-01-14 19:00:00,0.0,0.0,0.0,0.0,25.6,73.0,20.5,1007.9,16.6,-9.7,-5.939536975864663e-16
2018-01-14 20:00:00,0.0,0.0,0.0,0.0,24.7,79.0,20.8,1009.1,18.4,-9.735430472951268,-3.9333692308670756
2018-01-14 21:00:00,0.0,0.0,0.0,0.0,24.1,81.0,20.6,1009.9,18.4,-9.355568503977864,-4.766900247265242
2018-01-14 22:00:00,0.0,0.0,0.0,0.0,23.6,84.0,20.9,1010.5,18.4,-9.00025665737218,-5.407899786555569
2018-01-14 23:00:00,0.0,0.0,0.0,0.0,23.3,88.0,21.2,1010.5,18.4,-7.587037345449282,-5.717242719944458
2018-01-15 00:00:00,0.0,0.0,0.0,0.0,23.0,90.0,21.4,1010.4,16.6,-6.509047944410617,-6.069785404556237
2018-01-15 01:00:00,0.04,0.04,0.0,0.0,22.8,92.0,21.4,1009.9,15.5,-4.29234604028896,-6.86918957886705
2018-01-15 02:00:00,0.17,0.17,0.0,0.0,22.7,91.0,21.2,1009.4,16.6,-3.2833933759264196,-9.02104915954472
2018-01-15 03:00:00,0.2,0.2,0.0,0.0,22.7,90.0,21.0,1009.0,21.6,-3.183474254761005,-11.88088766335554
2018-01-15 04:00:00,0.23,0.23,0.0,0.0,22.5,90.0,20.9,1009.0,22.3,-2.101142949769857,-11.916173811447717
2018-01-15 05:00:00,0.19,0.12,0.0,0.0,22.5,92.0,21.0,1009.2,21.2,-0.3908743630680108,-11.193177262613872
2018-01-15 06:00:00,0.21,0.21,0.0,0.0,22.8,89.0,21.0,1009.8,22.0,-0.6437322617882092,-12.283143277481258
2018-01-15 07:00:00,0.25,0.25,0.0,0.0,24.0,83.0,20.9,1010.7,24.5,-0.696068218031153,-13.281772812235833
2018-01-15 08:00:00,0.32,0.32,0.0,0.0,26.0,71.0,20.3,1011.6,34.6,-4.555215193804365,-17.000294542687605
2018-01-15 09:00:00,0.72,0.72,0.0,0.0,27.9,61.0,19.7,1012.0,37.8,-9.099999999999998,-15.761662348876785
2018-01-15 10:00:00,0.54,0.54,0.0,0.0,29.2,54.0,19.0,1011.9,38.2,-9.808157061602888,-14.00749995734176
2018-01-15 11:00:00,0.38,0.38,0.0,0.0,30.6,47.0,18.1,1010.9,38.9,-10.897208113264151,-13.947790338838978
2018-01-15 12:00:00,0.07,0.07,0.0,0.0,31.9,42.0,17.5,1009.4,41.4,-11.894155390841926,-14.68805867153675
2018-01-15 13:00:00,0.02,0.02,0.0,0.0,32.8,39.0,17.1,1007.8,41.8,-12.003171137099974,-12.8718251484974
2018-01-15 14:00:00,0.03,0.03,0.0,0.0,33.2,38.0,17.0,1006.6,39.2,-13.33721301778979,-10.050310886639206
2018-01-15 15:00:00,0.02,0.02,0.0,0.0,33.0,38.0,17.0,1005.8,37.4,-14.728077655239046,-6.2516980558283795
2018-01-15 16:00:00,0.02,0.02,0.0,0.0,31.5,45.0,18.1,1005.9,34.9,-16.237973578895453,-1.4206386067868277
2018-01-15 17:00:00,0.01,0.0,0.0,0.2,29.5,54.0,19.1,1006.1,33.8,-15.097700196861508,0.2635313372029805
2018-01-15 18:00:00,0.0,0.0,0.0,0.0,27.4,64.0,20.0,1006.6,28.4,-13.326593397934863,-1.4006814077865564
2018-01-15 19:00:00,0.0,0.0,0.0,0.0,26.1,70.0,20.2,1007.7,24.1,-12.613844441587954,-3.14498464279568
2018-01-15 20:00:00,0.0,0.0,0.0,0.0,25.2,72.0,19.7,1008.7,23.4,-11.497079796628164,-4.645121758357308
2018-01-15 21:00:00,0.35,0.0,0.0,0.35,24.4,75.0,19.8,1009.6,22.0,-10.426010937070336,-5.085105302753298
2018-01-15 22:00:00,0.9,0.0,0.0,0.9,23.6,81.0,20.1,1009.7,20.2,-8.973775077016036,-5.82763767466079
2018-01-15 23:00:00,0.91,0.0,0.0,0.91,23.2,85.0,20.5,1009.6,18.7,-7.926888806861102,-6.419067988708341
2018-01-16 00:00:00,0.91,0.0,0.0,0.91,22.9,87.0,20.6,1009.3,18.0,-6.104407793183422,-7.538315826132617
2018-01-16 01:00:00,0.6,0.01,0.0,0.59,22.7,88.0,20.6,1008.6,16.6,-3.6728726077991736,-8.65274562245294
2018-01-16 02:00:00,0.67,0.01,0.0,0.67,22.5,88.0,20.5,1008.0,18.0,-0.3629547657060101,-10.393664600998596
2018-01-16 03:00:00,0.02,0.02,0.0,0.0,22.4,89.0,20.5,1007.6,18.4,0.7324429743133192,-10.474422527728153
2018-01-16 04:00:00,0.06,0.06,0.0,0.0,22.1,90.0,20.3,1007.6,18.4,0.33852511801425794,-9.694091022085228
2018-01-16 05:00:00,0.35,0.0,0.0,0.2,21.8,92.0,20.5,1007.8,17.3,1.0602632876247808,-8.635151519279502
2018-01-16 06:00:00,0.86,0.02,0.0,0.86,22.0,90.0,20.3,1008.6,15.8,1.8376152202278968,-6.858073366652385
2018-01-16 07:00:00,0.92,0.13,0.0,0.9,23.4,82.0,20.1,1009.7,14.4,1.6655196468404002e-15,-6.8
2018-01-16 08:00:00,0.91,0.17,0.0,0.89,25.4,72.0,20.0,1010.7,21.6,-1.755442757464212,-9.030970087718508
2018-01-16 09:00:00,0.96,0.51,0.0,0.92,27.8,60.0,19.5,1011.2,32.0,-9.702393792203445,-10.775599969422217
2018-01-16 10:00:00,0.96,0.43,0.0,0.93,29.0,54.0,18.7,1010.9,32.8,-9.381644114564255,-10.792346997185641
2018-01-16 11:00:00,0.95,0.36,0.0,0.93,31.3,44.0,17.8,1010.0,35.6,-10.365732658050016,-11.924411367519799
2018-01-16 12:00:00,0.93,0.23,0.37,0.89,33.0,38.0,16.6,1008.6,38.5,-11.798571629081223,-12.652419038011649
2018-01-16 13:00:00,0.91,0.15,0.31,0.87,34.0,34.0,15.8,1006.8,41.8,-13.739390186468237,-13.267974875766848
2018-01-16 14:00:00,0.92,0.0,0.78,0.69,34.0,32.0,15.1,1005.4,41.8,-14.34179571564234,-11.20503885092698
2018-01-16 15:00:00,0.92,0.03,0.77,0.91,32.8,36.0,15.6,1004.6,39.2,-15.514728142708234,-9.322189155871982
2018-01-16 16:00:00,1.0,0.0,0.05,1.0,31.6,42.0,17.1,1004.7,37.4,-17.67644262108995,-4.73638852537613
2018-01-16 17:00:00,0.96,0.0,0.17,0.95,29.6,53.0,19.1,1005.2,38.5,-17.234168276987198,-1.5077943495344859
2018-01-16 18:00:00,0.95,0.0,0.1,0.94,27.5,65.0,20.2,1005.8,32.8,-14.0,-8.572527594031472e-16
2018-01-16 19:00:00,0.95,0.0,0.14,0.95,26.6,69.0,20.4,1006.9,24.8,-13.34900895442939,-1.167886952818619
2018-01-16 20:00:00,0.96,0.0,0.14,0.95,25.5,73.0,20.4,1007.8,23.8,-11.837607860567156,-2.9514471263159456
2018-01-16 21:00:00,0.77,0.0,0.12,0.74,25.0,77.0,20.6,1008.7,21.6,-9.735430472951268,-3.9333692308670756
2018-01-16 22:00:00,0.74,0.01,0.07,0.72,24.5,81.0,20.9,1009.1,18.4,-6.472185832831529,-3.587591189822895
2018-01-16 23:00:00,0.52,0.03,0.03,0.5,23.5,87.0,21.2,1009.3,13.0,-1.7613968679372003,-5.421022142882375
2018-01-17 00:00:00,0.82,0.05,0.03,0.81,23.5,87.0,21.2,1008.9,6.8,1.460965714322058,-3.6160170328104706
2018-01-17 01:00:00,0.9,0.2,0.02,0.88,23.0,90.0,21.4,1008.5,11.2,-0.6794350112397476,-6.4643923198937765
2018-01-17 02:00:00,0.85,0.17,0.03,0.82,23.1,91.0,21.5,1007.7,12.2,-1.392905666248777,-7.165878439167947
2018-01-17 03:00:00,0.87,0.22,0.04,0.86,23.0,92.0,21.5,1007.4,12.2,-0.721246396546809,-6.862201078041086
2018-01-17 04:00:00,0.87,0.22,0.02,0.86,23.0,91.0,21.4,1007.3,12.2,1.0766187015349684,-6.10580806867569
2018-01-17 05:00:00,0.83,0.23,0.02,0.88,22.8,92.0,21.5,1007.7,11.2,0.7555899291119128,-6.153786140176197
2018-01-17 06:00:00,0.92,0.24,0.04,0.89,23.0,91.0,21.5,1008.4,11.9,0.6794350112397471,-6.4643923198937765
2018-01-17 07:00:00,0.82,0.22,0.04,0.77,23.7,87.0,21.5,1009.4,15.1,1.113384807680527,-7.922144549932562
2018-01-17 08:00:00,0.74,0.29,0.04,0.69,25.5,77.0,21.1,1010.3,24.5,-1.3771235804781665,-11.215771513546938
2018-01-17 09:00:00,0.21,0.2,0.03,0.0,27.4,65.0,20.1,1010.9,29.2,-4.794964395723674,-11.86795333845488
2018-01-17 10:00:00,0.34,0.25,0.02,0.11,29.0,53.0,18.5,1010.5,32.0,-6.219669846431791,-12.20678938138064
2018-01-17 11:00:00,0.53,0.2,0.01,0.41,30.6,45.0,17.4,1009.6,36.4,-8.395120621033882,-13.971827001444431
2018-01-17 12:00:00,0.68,0.11,0.01,0.64,31.8,40.0,16.4,1008.5,38.5,-9.008627491964484,-14.41681763465924
2018-01-17 13:00:00,0.3,0.0,0.3,0.0,33.3,34.0,15.5,1006.9,39.2,-6.7596485228644365,-15.924733964727219
2018-01-17 14:00:00,0.95,0.0,0.95,0.0,33.2,33.0,14.6,1005.5,38.5,-5.4369881794345165,-15.79016021250859
2018-01-17 15:00:00,1.0,0.0,1.0,0.0,33.2,32.0,14.1,1004.7,35.6,-6.101049646137003,-13.703181864639014
2018-01-17 16:00:00,1.0,0.0,1.0,0.0,32.3,33.0,14.2,1004.8,31.0,-11.10943005964918,-6.941942361454984
2018-01-17 17:00:00,0.24,0.0,0.44,0.35,28.6,60.0,20.1,1005.3,31.7,-17.591089035671235,5.044163611451083
2018-01-17 18:00:00,0.02,0.0,0.02,0.01,26.7,68.0,20.2,1005.7,37.1,-16.237973578895453,1.4206386067868293
2018-01-17 19:00:00,0.05,0.01,0.05,0.0,25.5,71.0,20.0,1006.9,28.8,-14.763947943845398,-1.0323958114130536
2018-01-17 20:00:00,0.13,0.04,0.1,0.03,24.8,73.0,19.6,1008.3,27.0,-10.400704331592484,-3.5812496990287244
2018-01-17 21:00:00,0.44,0.0,0.09,0.39,24.5,74.0,19.5,1009.0,19.4,-9.735430472951268,-3.9333692308670756
2018-01-17 22:00:00,0.82,0.02,0.03,0.81,24.1,72.0,18.9,1009.7,18.4,-8.30888721782426,-4.605691392340202
2018-01-17 23:00:00,0.89,0.04,0.07,0.88,23.6,71.0,18.0,1009.8,16.9,-5.387787044493738,-5.777694242791447
2018-01-18 00:00:00,0.96,0.0,0.01,0.96,23.2,72.0,17.8,1009.5,13.7,-1.1257730727216144,-5.791600382341218
2018-01-18 01:00:00,0.03,0.01,0.01,0.02,22.5,74.0,17.6,1008.8,12.6,1.0577155672965006,-7.526037322435934
2018-01-18 02:00:00,0.34,0.0,0.02,0.33,22.2,73.0,17.1,1008.1,14.4,1.767249371950959,-8.314254606237347
2018-01-18 03:00:00,0.03,0.0,0.03,0.0,21.8,72.0,16.5,1007.7,15.5,2.4807362023529906,-8.65135526344487
2018-01-18 04:00:00,0.04,0.0,0.04,0.0,21.5,72.0,16.2,1007.7,16.2,2.092044805397948,-9.061641602502688
2018-01-18 05:00:00,0.05,0.02,0.03,0.29,21.2,76.0,16.9,1008.3,16.9,2.153104870837044,-8.635631963856369
2018-01-18 06:00:00,0.34,0.01,0.02,0.32,21.5,75.0,17.0,1008.6,17.6,1.719116958902611,-9.74959675482086
2018-01-18 07:00:00,0.85,0.01,0.03,0.85,22.5,72.0,17.2,1009.6,21.6,1.7677094549546117,-11.160878248725057
2018-01-18 08:00:00,0.63,0.0,0.0,0.63,24.5,66.0,17.8,1010.2,29.9,-0.24433369012196915,-13.997867732189478
2018-01-18 09:00:00,0.64,0.02,0.0,0.63,26.7,54.0,16.7,1010.5,35.3,-5.506524307543267,-15.129051194653128
2018-01-18 10:00:00,0.31,0.03,0.0,0.3,28.8,45.0,15.6,1010.5,40.0,-9.856498314737612,-15.773694588509525
2018-01-18 11:00:00,0.01,0.01,0.0,0.0,30.3,40.0,15.2,1009.9,43.6,-11.81448357107871,-16.261241586936446
2018-01-18 12:00:00,0.14,0.14,0.0,0.0,31.2,39.0,15.6,1008.6,44.3,-13.055574676911094,-15.018720646433161
2018-01-18 13:00:00,0.45,0.11,0.0,0.38,31.9,36.0,14.8,1007.1,43.9,-13.252392385608246,-15.245133520499994
2018-01-18 14:00:00,0.02,0.02,0.0,0.0,32.2,34.0,14.4,1005.8,43.2,-12.53072745371869,-14.414952982254947
2018-01-18 15:00:00,0.01,0.01,0.0,0.0,32.2,33.0,13.6,1005.2,41.8,-12.53072745371869,-14.414952982254947
2018-01-18 16:00:00,0.9,0.0,0.0,0.9,31.5,33.0,13.3,1004.9,40.3,-12.586407820996747,-15.542919229139418
2018-01-18 17:00:00,0.6,0.0,0.0,0.77,29.9,40.0,14.8,1005.1,40.3,-15.072397614917447,-10.553806428859247
2018-01-18 18:00:00,0.72,0.0,0.0,0.72,26.3,58.0,17.5,1005.8,36.0,-19.805361374831406,-2.783462019201309
2018-01-18 19:00:00,0.77,0.0,0.0,0.77,25.1,62.0,17.2,1006.9,36.4,-17.67644262108995,-4.73638852537613
2018-01-18 20:00:00,0.5,0.0,0.0,0.5,24.5,65.0,17.5,1008.2,32.8,-16.928805990053732,-5.500502499874065
2018-01-18 21:00:00,0.47,0.0,0.0,0.47,24.2,65.0,17.4,1009.2,32.0,-14.35987571385807,-6.09540560443267
2018-01-18 22:00:00,0.14,0.0,0.0,0.14,23.9,66.0,17.0,1009.7,28.4,-11.154318553674141,-7.24369916569986
2018-01-18 23:00:00,0.0,0.0,0.0,0.0,23.2,67.0,16.8,1010.3,23.8,-8.301805382450492,-7.2166493188955805
2018-01-19 00:00:00,0.0,0.0,0.0,0.0,22.4,69.0,16.4,1010.2,19.4,-3.6319239979163744,-7.128052193506943
2018-01-19 01:00:00,0.0,0.0,0.0,0.0,21.8,71.0,16.4,1009.9,13.7,1.8614631347039767e-15,-7.6
2018-01-19 02:00:00,0.0,0.0,0.0,0.0,21.5,73.0,16.4,1009.3,14.8,1.767249371950959,-8.314254606237347
2018-01-19 03:00:00,0.08,0.0,0.0,0.08,21.0,75.0,16.4,1009.2,15.5,3.516580156403465,-8.284543681071963
2018-01-19 04:00:00,0.19,0.01,0.0,0.19,20.7,76.0,16.4,1009.2,15.5,2.812054648812024,-8.654614298285896
2018-01-19 05:00:00,0.01,0.0,0.0,0.0,20.5,78.0,16.4,1009.1,17.6,4.363286582217032,-7.871577364254563
2018-01-19 06:00:00,0.0,0.0,0.0,0.0,20.5,77.0,16.4,1009.5,17.3,3.985457510590593,-9.38914950521489
2018-01-19 07:00:00,0.04,0.0,0.0,0.04,22.0,71.0,16.5,1010.1,22.7,3.9719314843773117,-11.535326622311665
2018-01-19 08:00:00,0.73,0.0,0.0,0.73,24.4,62.0,16.5,1010.8,32.4,-0.832141704262807,-15.878209602597725
2018-01-19 09:00:00,0.56,0.01,0.0,0.56,26.6,53.0,16.2,1010.9,38.2,-5.6241092976240425,-17.309228596571792
2018-01-19 10:00:00,0.94,0.32,0.0,0.91,28.4,45.0,15.3,1010.7,42.1,-9.599230480877473,-17.317470201360035
2018-01-19 11:00:00,0.92,0.15,0.0,0.9,29.7,40.0,14.9,1010.1,42.1,-10.121457946854214,-16.197718636587737
2018-01-19 12:00:00,0.93,0.02,0.0,0.93,31.2,35.0,14.0,1008.7,42.5,-10.73650374663834,-15.9175213930568
2018-01-19 13:00:00,0.95,0.04,0.0,0.94,31.8,34.0,13.9,1007.4,42.5,-11.050362743098495,-15.209519494249014
2018-01-19 14:00:00,0.99,0.0,0.0,0.99,32.3,33.0,13.8,1006.3,41.0,-10.351218398215229,-13.736530772813436
2018-01-19 15:00:00,0.97,0.01,0.0,0.97,32.2,33.0,13.8,1005.6,38.2,-10.006194217692414,-12.356620787165838
2018-01-19 16:00:00,0.81,0.01,0.0,0.81,31.5,35.0,14.2,1005.7,34.9,-11.17228714274745,-11.172287142747452
2018-01-19 17:00:00,0.98,0.05,0.0,0.82,29.9,41.0,15.4,1006.2,33.5,-13.334862030332243,-8.65976065673893
2018-01-19 18:00:00,0.91,0.0,0.0,0.91,27.0,54.0,16.9,1006.9,31.7,-17.628058778918522,-3.108302380238054
2018-01-19 19:00:00,0.61,0.04,0.0,0.6,24.9,66.0,18.0,1008.1,38.9,-17.97852941210507,-5.496588048787451
2018-01-19 20:00:00,0.01,0.01,0.0,0.0,24.5,68.0,18.2,1009.2,34.2,-14.025174436450955,-2.221369403571279
2018-01-19 21:00:00,0.0,0.0,0.0,0.0,24.2,66.0,17.5,1009.9,25.6,-12.977032895167305,-3.7211043035294886
2018-01-19 22:00:00,0.57,0.0,0.0,0.57,24.0,67.0,17.6,1010.2,25.9,-12.960201354624095,-6.043441142892003
2018-01-19 23:00:00,0.49,0.0,0.0,0.48,23.6,70.0,17.8,1010.3,26.6,-11.504957002658141,-8.98865753975461
2018-01-20 00:00:00,0.18,0.0,0.0,0.18,22.9,70.0,17.1,1010.1,26.3,-9.333809511662427,-9.333809511662427
2018-01-20 01:00:00,0.0,0.0,0.0,0.0,22.2,71.0,16.8,1009.7,23.4,-4.993539088537272,-9.008582983535776
2018-01-20 02:00:00,0.0,0.0,0.0,0.0,21.6,73.0,16.6,1009.0,18.4,-1.755442757464212,-9.030970087718508
2018-01-20 03:00:00,0.0,0.0,0.0,0.0,21.2,76.0,16.7,1008.6,15.8,1.423553631866103,-8.987963899415753
2018-01-20 04:00:00,0.0,0.0,0.0,0.0,20.9,78.0,16.8,1008.6,18.0,3.985457510590593,-9.38914950521489
2018-01-20 05:00:00,0.33,0.0,0.0,0.0,20.7,79.0,16.9,1008.8,19.8,2.7952456871072235,-10.431998923921938
2018-01-20 06:00:00,0.51,0.0,0.0,0.51,20.8,78.0,16.8,1009.3,19.8,2.8987733051482314,-10.818369254437565
2018-01-20 07:00:00,0.48,0.0,0.0,0.48,22.0,71.0,16.6,1010.1,22.3,2.1011429497698577,-11.916173811447717
2018-01-20 08:00:00,0.29,0.0,0.0,0.29,24.5,60.0,16.0,1011.0,29.9,-0.9835662797921667,-14.06565310866352
2018-01-20 09:00:00,0.41,0.0,0.0,0.41,26.8,49.0,15.1,1011.3,34.2,-5.806402197946636,-14.371349745785205
2018-01-20 10:00:00,0.53,0.03,0.0,0.52,28.5,40.0,13.4,1010.9,35.3,-6.550583056980841,-14.047770699068074
2018-01-20 11:00:00,0.53,0.01,0.0,0.53,30.0,36.0,13.4,1010.1,37.8,-7.950877772039927,-14.343763197086089
2018-01-20 12:00:00,0.55,0.0,0.0,0.55,31.2,33.0,12.9,1008.5,38.2,-7.805434885966028,-14.081377284944272
2018-01-20 13:00:00,0.93,0.0,0.0,0.93,32.2,30.0,12.4,1007.1,37.4,-8.640443208699354,-11.892549817311727
2018-01-20 14:00:00,0.47,0.0,0.0,0.47,32.6,29.0,12.1,1006.0,34.9,-9.063305296580204,-10.80122664797759
2018-01-20 15:00:00,0.91,0.0,0.0,0.91,32.7,28.0,11.6,1005.1,33.5,-9.030558815966964,-9.351417404402465
2018-01-20 16:00:00,0.92,0.0,0.0,0.92,32.0,29.0,12.0,1005.5,30.6,-10.032455143944823,-9.033263185844586
2018-01-20 17:00:00,0.54,0.0,0.0,0.72,29.2,43.0,15.4,1005.8,32.8,-16.263066428647125,-5.284190603811602
2018-01-20 18:00:00,0.96,0.0,0.0,0.96,25.8,59.0,17.0,1006.1,36.4,-18.74460307079722,-5.374928438431484
2018-01-20 19:00:00,0.98,0.0,0.0,0.98,25.0,60.0,16.9,1007.0,35.3,-15.803013449522204,-2.502951440643695
2018-01-20 20:00:00,0.98,0.0,0.0,0.98,24.1,65.0,17.2,1008.3,29.9,-16.174543075434908,-3.734187502108158
2018-01-20 21:00:00,0.98,0.0,0.0,0.98,23.8,67.0,17.4,1008.9,29.5,-12.977032895167305,-3.7211043035294886
2018-01-20 22:00:00,0.98,0.0,0.0,0.98,23.5,68.0,17.4,1009.2,23.8,-10.125553387976844,-4.298042413382011
2018-01-20 23:00:00,0.97,0.0,0.0,0.97,23.2,70.0,17.4,1009.4,19.4,-7.187719590425635,-5.416335208368435
2018-01-21 00:00:00,0.92,0.0,0.0,0.92,22.8,71.0,17.2,1009.1,15.8,-2.4967470462773815,-6.859756131737131
2018-01-21 01:00:00,0.43,0.0,0.0,0.43,22.0,73.0,17.0,1008.5,12.6,0.6794350112397471,-6.4643923198937765
2018-01-21 02:00:00,0.59,0.0,0.0,0.59,21.5,73.0,16.5,1008.2,11.5,2.1161930039715187,-6.1458707413955596
2018-01-21 03:00:00,0.0,0.0,0.0,0.0,21.0,74.0,16.1,1007.7,13.7,3.9500000000000037,-6.841600689897064
2018-01-21 04:00:00,0.0,0.0,0.0,0.0,20.8,74.0,15.9,1007.6,15.1,2.8649997592229792,-8.320563465273988
2018-01-21 05:00:00,0.0,0.01,0.0,0.0,20.8,76.0,16.4,1007.5,15.8,2.4807362023529906,-8.65135526344487
2018-01-21 06:00:00,0.02,0.02,0.0,0.0,20.8,75.0,16.2,1007.9,16.2,3.189474750953177,-8.308865795825094
2018-01-21 07:00:00,0.03,0.03,0.0,0.0,22.0,70.0,16.2,1009.2,20.2,3.659615533584654,-10.05471104240922
2018-01-21 08:00:00,0.01,0.01,0.0,0.0,24.5,61.0,16.4,1009.9,27.7,1.0981623586204947,-12.552053195955994
2018-01-21 09:00:00,0.0,0.0,0.0,0.0,26.6,53.0,16.3,1010.2,32.0,-4.720738239628772,-13.710019346190094
2018-01-21 10:00:00,0.69,0.69,0.0,0.0,29.1,42.0,14.7,1009.8,39.2,-8.949999999999998,-15.501854727741451
2018-01-21 11:00:00,0.61,0.61,0.0,0.0,30.3,37.0,14.1,1009.0,39.6,-8.932080174246444,-13.754197314304953
2018-01-21 12:00:00,0.06,0.06,0.0,0.0,31.5,34.0,13.6,1007.4,37.1,-8.58469208057792,-13.7383791577341
2018-01-21 13:00:00,0.39,0.06,0.0,0.35,32.3,31.0,13.2,1006.1,37.4,-8.224049428726909,-12.663925575975902
2018-01-21 14:00:00,0.35,0.0,0.0,0.35,32.8,31.0,13.2,1004.9,35.3,-8.999281592012675,-11.113187248834684
2018-01-21 15:00:00,0.42,0.0,0.0,0.42,32.9,30.0,13.1,1004.0,34.2,-9.381644114564255,-10.792346997185641
2018-01-21 16:00:00,0.01,0.01,0.0,0.0,32.2,32.0,13.4,1003.9,32.4,-9.42234665036343,-7.906287599144434
2018-01-21 17:00:00,0.02,0.02,0.0,0.0,30.0,42.0,15.6,1004.6,27.7,-15.151101451746028,-2.129348444689002
2018-01-21 18:00:00,0.0,0.0,0.0,0.0,26.4,62.0,18.6,1005.2,34.6,-18.319959271719053,-2.574702367761211
2018-01-21 19:00:00,0.0,0.0,0.0,0.0,25.3,66.0,18.5,1005.9,33.8,-17.626771623599954,-2.4772811970891655
2018-01-21 20:00:00,0.0,0.0,0.0,0.0,24.4,72.0,18.9,1007.3,32.4,-15.84118355114072,-4.24463233968134
2018-01-21 21:00:00,0.0,0.0,0.0,0.0,23.9,77.0,19.5,1008.3,29.2,-14.075636441168273,-4.5734515167492225
2018-01-21 22:00:00,0.0,0.0,0.0,0.0,23.5,79.0,19.6,1008.5,26.3,-11.510108895365454,-5.367251924106883
2018-01-21 23:00:00,0.0,0.0,0.0,0.0,23.1,80.0,19.5,1008.7,22.7,-6.836932394392027,-6.156001578501495
2018-01-22 00:00:00,0.04,0.04,0.0,0.0,22.6,82.0,19.4,1008.3,15.8,-0.721246396546809,-6.862201078041086
2018-01-22 01:00:00,0.05,0.05,0.0,0.0,22.3,81.0,19.0,1007.5,15.1,1.1090110249868397,-9.03216997993603
2018-01-22 02:00:00,0.02,0.02,0.0,0.0,22.0,79.0,18.0,1006.6,19.4,1.7051356689385193,-10.765802912487
2018-01-22 03:00:00,0.0,0.0,0.0,0.0,21.5,77.0,17.4,1006.3,19.4,2.141490415422927,-10.074920287558198
2018-01-22 04:00:00,0.0,0.0,0.0,0.0,21.0,78.0,17.0,1006.3,17.6,1.8126854560771744,-9.325458242752807
2018-01-22 05:00:00,0.99,0.0,0.0,0.15,20.9,82.0,17.6,1006.6,17.3,2.7952456871072235,-10.431998923921938
2018-01-22 06:00:00,0.18,0.0,0.0,0.18,20.8,81.0,17.5,1007.0,19.4,3.5570094905869536,-9.772803256173448
2018-01-22 07:00:00,0.0,0.0,0.0,0.0,22.0,76.0,17.5,1007.8,21.2,1.3771235804781636,-11.21577151354694
2018-01-22 08:00:00,0.0,0.0,0.0,0.0,24.5,64.0,17.2,1008.7,28.4,-1.8231676225768572,-12.972511700514572
2018-01-22 09:00:00,0.17,0.01,0.0,0.16,26.7,55.0,16.8,1009.0,31.7,-5.470235798849833,-12.887067948334165
2018-01-22 10:00:00,0.05,0.01,0.0,0.05,28.7,46.0,15.8,1008.8,34.6,-6.487892972478346,-13.302151885227673
2018-01-22 11:00:00,0.27,0.27,0.0,0.0,30.5,39.0,15.1,1007.7,35.6,-6.713443347838239,-12.626150577882656
2018-01-22 12:00:00,0.01,0.01,0.0,0.0,31.5,37.0,15.0,1006.9,34.6,-8.188297621831255,-10.480543022969401
2018-01-22 13:00:00,0.0,0.0,0.0,0.0,32.5,34.0,14.6,1005.5,33.1,-8.272407703894487,-7.988571260278468
2018-01-22 14:00:00,0.02,0.02,0.0,0.0,32.8,33.0,14.3,1004.3,30.2,-9.06164160250269,-2.092044805397944
2018-01-22 15:00:00,0.02,0.01,0.02,0.0,31.0,45.0,17.8,1004.1,32.0,-10.070757204741115,9.725217186425963
2018-01-22 16:00:00,0.47,0.0,0.0,0.47,29.0,56.0,19.3,1004.4,42.8,-11.631212392191536,17.243981509144866
2018-01-22 17:00:00,0.0,0.02,0.0,0.64,27.5,59.0,18.9,1004.8,42.8,-12.53072745371869,14.414952982254947
2018-01-22 18:00:00,0.97,0.01,0.0,0.97,25.9,66.0,19.1,1005.3,37.4,-15.095256111584385,9.432562903351046
2018-01-22 19:00:00,0.93,0.0,0.0,0.93,25.4,66.0,18.6,1006.0,33.1,-14.79774588831459,-0.2582956152717973
2018-01-22 20:00:00,0.98,0.0,0.0,0.98,24.9,68.0,18.6,1006.8,27.0,-11.19054989130337,-2.175222547292612
2018-01-22 21:00:00,0.98,0.0,0.0,0.98,24.4,69.0,18.5,1007.8,19.8,-8.268905225952334,-4.033014550459512
2018-01-22 22:00:00,0.98,0.0,0.0,0.98,24.0,72.0,18.7,1008.4,15.8,-3.244739871933341,-5.400153994423308
2018-01-22 23:00:00,0.98,0.01,0.0,0.98,23.5,75.0,18.9,1008.1,11.2,-0.31924933308195735,-6.0916401620029
2018-01-23 00:00:00,0.96,0.04,0.0,0.96,23.3,76.0,18.9,1007.9,11.5,1.4846769586695112,-6.430842427582552
2018-01-23 01:00:00,0.97,0.08,0.0,0.96,23.0,77.0,18.8,1007.2,12.2,2.887830165838181,-6.486172749262466
2018-01-23 02:00:00,0.95,0.07,0.0,0.95,22.9,77.0,18.6,1006.7,13.3,2.101315561749644,-6.467184310807044
2018-01-23 03:00:00,0.97,0.15,0.0,0.97,22.8,77.0,18.5,1006.6,11.5,1.0324674692655254,-6.5187430479279085
2018-01-23 04:00:00,0.98,0.24,0.0,0.97,22.8,76.0,18.3,1006.4,13.3,1.0577155672965006,-7.526037322435934
2018-01-23 05:00:00,0.88,0.11,0.0,0.49,22.2,79.0,18.4,1006.5,13.3,1.4846769586695112,-6.430842427582552
2018-01-23 06:00:00,0.49,0.07,0.01,0.45,22.2,78.0,18.1,1007.3,12.6,1.7634913907721887e-15,-7.2
2018-01-23 07:00:00,0.68,0.07,0.02,0.65,23.2,72.0,17.9,1008.0,18.0,-1.4861274178821933,-9.38303923565381
2018-01-23 08:00:00,0.63,0.06,0.03,0.6,25.3,65.0,18.1,1009.0,25.2,-3.303800263366926,-10.806243742382302
2018-01-23 09:00:00,0.56,0.05,0.03,0.53,27.4,56.0,17.9,1009.2,26.6,-5.7931220071455645,-8.273435647318816
2018-01-23 10:00:00,0.68,0.63,0.02,0.12,29.6,46.0,16.8,1009.0,27.4,-4.585304047369423,-8.999165894302516
2018-01-23 11:00:00,0.96,0.96,0.14,0.0,31.0,40.0,15.9,1007.9,27.0,-2.1775351109542935,-7.59396739791272
2018-01-23 12:00:00,0.97,0.81,0.97,0.0,31.9,37.0,15.4,1006.8,24.1,-1.7613968679372003,-5.421022142882375
2018-01-23 13:00:00,1.0,0.0,1.0,0.0,32.6,34.0,14.7,1005.4,20.2,-5.3989495089621515,-1.049449474570997
2018-01-23 14:00:00,0.06,0.0,0.06,0.0,30.1,55.0,20.0,1004.2,33.1,-14.410293813882737,6.71963036167712
2018-01-23 15:00:00,0.27,0.0,0.27,0.0,30.0,52.0,19.0,1003.7,43.6,-19.470860945902537,7.866738461734154
2018-01-23 16:00:00,0.09,0.0,0.09,0.0,28.8,55.0,19.0,1003.8,44.3,-15.934740790963057,10.348141665285517
2018-01-23 17:00:00,0.58,0.0,0.0,1.0,27.5,61.0,19.2,1004.0,38.5,-16.914467174146353,6.156362579862037
2018-01-23 18:00:00,0.99,0.0,0.0,0.99,26.2,68.0,19.9,1004.2,33.8,-10.102897498940623,8.181165083647885
2018-01-23 19:00:00,0.96,0.0,0.02,0.96,25.5,74.0,20.5,1005.2,24.1,-9.008582983535778,4.993539088537272
2018-01-23 20:00:00,0.95,0.0,0.05,0.95,25.0,78.0,20.8,1006.2,18.0,-2.490541614735148,2.1649947956686737
2018-01-23 21:00:00,0.97,0.01,0.11,0.97,24.9,79.0,21.0,1006.9,5.8,-2.899137802864845,2.8991378028648445
2018-01-23 22:00:00,0.89,0.03,0.06,0.89,24.4,81.0,21.0,1007.3,5.0,1.4142135623730954,-1.4142135623730947
2018-01-23 23:00:00,0.92,0.09,0.07,0.91,24.2,80.0,20.6,1007.1,9.0,3.606244584051393,-3.606244584051391
2018-01-24 00:00:00,0.71,0.01,0.0,0.71,23.9,80.0,20.2,1006.8,8.3,0.6945927106677215,-3.939231012048832
2018-01-24 01:00:00,0.7,0.01,0.02,0.7,23.6,77.0,19.4,1006.2,10.1,-0.7555899291119144,-6.153786140176196
2018-01-24 02:00:00,0.81,0.05,0.07,0.8,23.5,76.0,19.1,1005.8,15.5,-3.5165801564034638,-8.284543681071963
2018-01-24 03:00:00,0.83,0.01,0.1,0.81,23.4,81.0,20.0,1005.2,16.2,-5.020458146424486,-5.020458146424487
2018-01-24 04:00:00,0.85,0.0,0.06,0.84,23.0,84.0,20.2,1005.5,12.2,-2.2249223594996215,-6.8476069173251055
2018-01-24 05:00:00,0.9,0.0,0.0,0.86,22.9,84.0,20.0,1005.4,13.7,-3.2132194802988217,-7.217009115376547
2018-01-24 06:00:00,0.8,0.0,0.0,0.8,22.9,83.0,20.0,1006.1,15.8,-1.3766232923540318,-8.691657397237213
2018-01-24 07:00:00,0.07,0.01,0.02,0.05,23.6,80.0,20.0,1007.1,18.7,-2.092044805397945,-9.06164160250269
2018-01-24 08:00:00,0.26,0.02,0.05,0.22,25.6,69.0,19.5,1008.0,24.1,-4.352968095929205,-9.334970206477495
2018-01-24 09:00:00,0.21,0.03,0.03,0.2,27.9,56.0,18.4,1008.5,25.6,-4.383711467890775,-8.98794046299167
2018-01-24 10:00:00,0.04,0.03,0.0,0.01,29.8,49.0,18.0,1008.1,26.3,-4.716281451675524,-7.547628055792192
2018-01-24 11:00:00,0.65,0.64,0.36,0.0,32.0,42.0,17.4,1007.2,26.6,-2.9047597471245057,-8.939931253174443
2018-01-24 12:00:00,0.99,0.99,0.98,0.0,32.5,39.0,16.9,1006.2,27.7,-3.9854575105905923,-9.389149505214892
2018-01-24 13:00:00,0.96,0.6,0.96,0.0,32.2,38.0,16.3,1004.7,26.6,-7.210124886344506,-1.1419715947936857
2018-01-24 14:00:00,0.87,0.0,0.87,0.0,29.5,58.0,20.4,1003.9,36.4,-15.095256111584385,9.432562903351046
2018-01-24 15:00:00,0.01,0.0,0.01,0.0,29.0,56.0,19.4,1003.4,40.3,-14.376021702821683,8.299999999999997
2018-01-24 16:00:00,0.07,0.0,0.07,0.0,29.5,55.0,19.6,1003.1,36.4,-15.464481538000998,6.5642829586198
2018-01-24 17:00:00,0.03,0.0,0.17,0.0,27.9,64.0,20.4,1003.4,35.6,-14.833519560029972,7.887122254802968
2018-01-24 18:00:00,0.12,0.0,0.12,0.0,26.5,69.0,20.3,1004.2,32.0,-9.338333304894505,6.538771374401926
2018-01-24 19:00:00,0.09,0.0,0.09,0.0,26.0,69.0,19.9,1005.1,20.5,-7.6000865053248345,1.7546182238821473
2018-01-24 20:00:00,0.06,0.01,0.06,0.0,25.4,71.0,19.6,1006.1,13.7,-5.386845871403051,0.3766849582182768
2018-01-24 21:00:00,0.09,0.08,0.07,0.0,24.8,73.0,19.5,1007.1,9.0,-4.32637281122647,-1.8364363038995866
2018-01-24 22:00:00,0.11,0.1,0.11,0.0,24.2,75.0,19.4,1007.3,7.6,-3.195522749552795,-2.8772616073430903
2018-01-24 23:00:00,0.12,0.11,0.09,0.0,23.8,76.0,19.4,1007.4,7.2,0.3763024677635523,-3.580278823325784
2018-01-25 00:00:00,0.16,0.15,0.09,0.0,23.6,78.0,19.5,1007.2,5.4,2.166534083347374,-2.875087836170254
2018-01-25 01:00:00,0.12,0.1,0.09,0.0,23.3,79.0,19.5,1006.4,5.8,2.8678964048465345,-2.4930243101639267
2018-01-25 02:00:00,0.12,0.1,0.11,0.0,23.1,79.0,19.4,1005.9,7.6,2.5237363199446046,-3.604268994871563
2018-01-25 03:00:00,0.13,0.12,0.1,0.0,22.9,80.0,19.4,1005.4,8.3,0.709782814896336,-5.050367150582008
2018-01-25 04:00:00,0.08,0.08,0.01,0.0,22.8,81.0,19.3,1005.4,9.7,-0.40458754771592675,-5.78587149150698
2018-01-25 05:00:00,0.04,0.04,0.01,0.0,23.0,80.0,19.4,1005.2,11.2,-2.474317973874391,-7.185941174554808
2018-01-25 06:00:00,0.05,0.05,0.01,0.0,23.1,79.0,19.4,1005.6,14.0,-0.7526049355271051,-7.160557646651568
2018-01-25 07:00:00,0.04,0.04,0.02,0.0,24.2,73.0,19.1,1006.1,16.6,-0.7233926648055629,-8.268415994161488
2018-01-25 08:00:00,0.04,0.04,0.02,0.0,26.4,61.0,18.4,1007.2,25.6,-2.175222547292611,-11.19054989130337
2018-01-25 09:00:00,0.34,0.06,0.02,0.3,28.4,51.0,17.4,1007.7,28.1,-3.19739332747719,-11.1506356728845
2018-01-25 10:00:00,0.59,0.1,0.02,0.54,30.5,42.0,16.1,1007.4,29.5,-4.035837691242891,-11.08837292527372
2018-01-25 11:00:00,0.68,0.07,0.02,0.65,32.3,35.0,15.1,1006.6,32.0,-5.786499137615822,-11.864081411149003
2018-01-25 12:00:00,0.75,0.01,0.58,0.43,34.3,31.0,14.7,1005.0,37.1,-7.536242295676478,-14.790708301526909
2018-01-25 13:00:00,1.0,0.0,1.0,0.42,34.5,30.0,14.6,1003.9,38.9,-8.555651423102429,-12.68427486009214
2018-01-25 14:00:00,0.87,0.0,0.76,0.47,32.8,33.0,14.6,1002.7,34.6,-11.485038046337667,2.232465245905574
2018-01-25 15:00:00,0.58,0.0,0.18,0.49,30.3,58.0,21.0,1002.0,41.4,-15.523811846052423,12.128531063915467
2018-01-25 16:00:00,0.15,0.0,0.0,0.15,30.1,58.0,21.1,1001.9,42.8,-16.857278415703025,10.947244603802048
2018-01-25 17:00:00,0.0,0.0,0.01,0.0,28.1,65.0,21.0,1002.2,41.0,-12.480569989143724,13.38377273963082
2018-01-25 18:00:00,0.0,0.0,0.0,0.0,26.8,72.0,21.4,1002.9,34.9,-12.626150577882655,6.713443347838241
2018-01-25 19:00:00,0.01,0.0,0.01,0.0,25.9,73.0,20.6,1004.1,28.1,-13.691654330161612,-0.4781231048242648
2018-01-25 20:00:00,0.0,0.0,0.0,0.0,25.3,74.0,20.4,1005.0,25.2,-8.666893873398186,-0.7582549619046257
2018-01-25 21:00:00,0.0,0.0,0.0,0.0,24.5,76.0,20.0,1006.1,15.1,-6.518743047927909,-1.032467469265524
2018-01-25 22:00:00,0.04,0.0,0.04,0.0,23.9,77.0,19.6,1006.5,7.9,2.8940993221413254,-1.1109406435904312
2018-01-25 23:00:00,0.07,0.0,0.07,0.0,23.9,78.0,19.9,1006.8,4.3,2.8512208774027776,-1.4527695991665492
2018-01-26 00:00:00,0.05,0.0,0.05,0.0,22.8,85.0,20.1,1006.7,5.4,3.9357886821272805,-2.181643291108518
2018-01-26 01:00:00,0.06,0.0,0.06,0.0,22.5,84.0,19.6,1006.4,6.8,2.163159914622229,-3.600102662948871
2018-01-26 02:00:00,0.03,0.03,0.0,0.0,22.7,76.0,18.2,1006.0,10.8,1.7640790772287933,-6.1520748540052415
2018-01-26 03:00:00,0.09,0.09,0.0,0.0,22.6,74.0,17.8,1005.6,11.5,1.0324674692655254,-6.5187430479279085
2018-01-26 04:00:00,0.16,0.16,0.0,0.0,22.5,75.0,17.9,1005.5,11.5,0.3401837155791384,-6.49109197590473
2018-01-26 05:00:00,0.16,0.6,0.0,0.0,22.6,73.0,17.6,1005.8,11.5,1.592040838891559e-15,-6.5
2018-01-26 06:00:00,0.37,0.37,0.0,0.0,23.2,68.0,17.0,1006.6,14.0,1.7902220274375422,-7.180188374442374
2018-01-26 07:00:00,0.55,0.31,0.0,0.34,24.0,66.0,17.2,1007.7,15.8,3.213219480298821,-7.217009115376547
2018-01-26 08:00:00,0.56,0.32,0.0,0.35,25.5,66.0,18.6,1008.7,24.5,-2.0988989491419927,-10.797899017924303
2018-01-26 09:00:00,0.44,0.21,0.0,0.38,27.0,57.0,17.9,1009.1,30.2,-4.583069920563961,-12.591881118531173
2018-01-26 10:00:00,0.6,0.13,0.0,0.57,29.0,48.0,17.0,1008.5,33.5,-5.394334945189133,-13.351447505761739
2018-01-26 11:00:00,0.88,0.01,0.0,0.87,31.0,41.0,16.1,1007.4,34.9,-6.212488447588282,-13.322724469438754
2018-01-26 12:00:00,0.97,0.01,0.0,0.97,32.6,36.0,15.4,1006.2,34.9,-7.249999999999999,-12.557368354874361
2018-01-26 13:00:00,0.98,0.06,0.0,0.98,33.5,33.0,15.0,1004.8,34.9,-7.630837404958151,-12.211892584652533
2018-01-26 14:00:00,0.99,0.01,0.11,0.99,34.2,31.0,14.8,1003.6,34.6,-8.741911491736934,-10.4182044264181
2018-01-26 15:00:00,0.93,0.0,0.1,0.92,33.8,31.0,14.1,1002.9,32.8,-10.093847352892867,-0.3524849166952609
2018-01-26 16:00:00,0.89,0.0,0.0,0.89,31.4,46.0,18.5,1002.7,29.9,-9.333809511662427,9.333809511662427
2018-01-26 17:00:00,0.93,0.0,0.02,0.28,28.4,63.0,20.6,1003.3,33.5,-14.688058671536751,11.894155390841924
2018-01-26 18:00:00,0.73,0.0,0.0,0.73,26.7,70.0,20.8,1004.2,36.4,-11.192007229493063,7.5491041968550805
2018-01-26 19:00:00,0.58,0.0,0.0,0.58,25.9,68.0,19.6,1005.3,27.4,-12.60533612584479,1.5477406612453715
2018-01-26 20:00:00,0.7,0.0,0.0,0.7,25.1,69.0,19.0,1006.3,22.7,-9.74959675482086,-1.7191169589026112
2018-01-26 21:00:00,0.49,0.0,0.0,0.49,24.6,67.0,18.1,1007.2,18.4,-7.5442419102508795,-5.088655421583796
2018-01-26 22:00:00,0.34,0.0,0.01,0.34,23.9,70.0,18.2,1007.9,15.8,2.164994795668674,-2.490541614735147
2018-01-26 23:00:00,0.5,0.0,0.06,0.47,23.6,72.0,18.3,1008.3,9.7,2.88014773623312,-3.9641832724372423
2018-01-27 00:00:00,0.77,0.0,0.0,0.77,23.4,73.0,18.4,1007.9,10.1,2.8637765329939335,-5.385980316439454
2018-01-27 01:00:00,0.84,0.0,0.0,0.84,23.0,75.0,18.3,1007.3,10.8,3.2447398719333433,-5.400153994423306
2018-01-27 02:00:00,0.77,0.0,0.0,0.77,22.7,76.0,18.2,1006.7,10.8,1.0766187015349684,-6.10580806867569
2018-01-27 03:00:00,0.13,0.0,0.0,0.13,22.2,79.0,18.4,1006.1,10.8,0.7555899291119128,-6.153786140176197
2018-01-27 04:00:00,0.02,0.01,0.0,0.02,21.8,81.0,18.4,1006.1,12.2,0.7526049355271046,-7.160557646651568
2018-01-27 05:00:00,0.02,0.06,0.0,0.02,21.5,82.0,18.4,1006.3,12.6,-0.37681888494919563,-7.190132650232932
2018-01-27 06:00:00,0.16,0.16,0.0,0.0,21.9,74.0,17.0,1007.0,14.0,1.934941942652818e-15,-7.9
2018-01-27 07:00:00,0.43,0.18,0.0,0.31,23.0,67.0,16.6,1007.9,18.4,2.3023359823970243e-15,-9.4
2018-01-27 08:00:00,0.39,0.13,0.01,0.3,24.8,67.0,18.2,1009.0,26.3,-2.8788705576360463,-11.546519142684359
2018-01-27 09:00:00,0.55,0.19,0.02,0.45,26.6,59.0,17.9,1009.6,28.8,-6.049999999999999,-10.478907385791707
2018-01-27 10:00:00,0.41,0.05,0.02,0.38,28.8,49.0,17.0,1009.4,32.0,-6.54492987332555,-11.807366046381842
2018-01-27 11:00:00,0.01,0.01,0.01,0.0,30.7,41.0,15.8,1008.7,34.2,-7.099999999999999,-12.29756073373903
2018-01-27 12:00:00,0.04,0.01,0.03,0.0,32.2,36.0,15.4,1007.4,34.2,-6.941942361454984,-11.10943005964918
2018-01-27 13:00:00,0.15,0.09,0.04,0.06,33.3,33.0,15.1,1005.9,32.8,-5.357087896926653,-10.513876985422742
2018-01-27 14:00:00,0.14,0.01,0.14,0.0,33.8,31.0,14.4,1004.4,30.6,-6.069785404556237,-6.509047944410617
2018-01-27 15:00:00,0.91,0.0,0.91,0.0,33.6,30.0,13.4,1003.5,25.2,-6.486172749262466,2.8878301658381815
2018-01-27 16:00:00,0.03,0.0,0.03,0.0,30.0,55.0,20.1,1003.7,36.7,-11.575959490008252,12.856405480758918
2018-01-27 17:00:00,0.07,0.0,0.17,0.0,27.7,64.0,20.4,1004.1,38.5,-13.650264369720711,15.160154439738838
2018-01-27 18:00:00,0.98,0.0,0.98,0.0,26.6,69.0,20.5,1004.4,39.6,-15.391251985808672,6.2184694507041405
2018-01-27 19:00:00,0.82,0.0,0.82,0.0,26.6,63.0,18.9,1005.5,30.6,-12.992080751248245,0.4536934571325124
2018-01-27 20:00:00,0.57,0.0,0.57,0.0,26.2,60.0,18.0,1006.8,24.1,-7.172285669722767,2.192787785420525
2018-01-27 21:00:00,0.31,0.0,0.31,0.0,25.5,61.0,17.5,1008.0,13.7,-4.688551036221174,0.3278554265973891
2018-01-27 22:00:00,0.47,0.0,0.47,0.0,25.1,63.0,17.6,1008.4,9.0,-4.3109953772862175,-2.9078030980478835
2018-01-27 23:00:00,0.34,0.0,0.34,0.0,24.9,66.0,18.0,1008.4,9.4,-0.3449439287832564,-3.2819222547153015
2018-01-28 00:00:00,0.23,0.05,0.23,0.0,24.5,68.0,18.2,1008.0,7.6,1.7489675652259407,-3.9282454678631837
2018-01-28 01:00:00,0.47,0.07,0.47,0.0,24.1,70.0,18.4,1007.5,9.0,2.1490212066910064,-5.062776693988422
2018-01-28 02:00:00,0.41,0.02,0.4,0.0,24.1,70.0,18.4,1006.5,11.9,0.7212463965468086,-6.862201078041086
2018-01-28 03:00:00,0.09,0.02,0.08,0.0,24.0,70.0,18.2,1005.9,13.7,0.4134540543192605,-7.889173324561134
2018-01-28 04:00:00,0.08,0.06,0.05,0.0,23.5,72.0,18.2,1005.8,14.0,1.0793978087775948,-6.81504955010645
2018-01-28 05:00:00,0.14,0.04,0.04,0.0,23.0,71.0,17.5,1006.6,11.9,-1.0324674692655236,-6.518743047927909
2018-01-28 06:00:00,0.04,0.03,0.02,0.0,23.0,69.0,17.0,1007.2,13.0,0.3977532674463772,-7.589584464134761
2018-01-28 07:00:00,0.12,0.06,0.1,0.0,23.9,67.0,17.3,1008.3,17.6,-1.4235536318661008,-8.987963899415753
2018-01-28 08:00:00,0.14,0.06,0.12,0.0,25.5,66.0,18.6,1009.4,26.6,-3.9719314843773117,-11.535326622311665
2018-01-28 09:00:00,0.45,0.17,0.34,0.07,27.5,55.0,17.8,1010.1,30.6,-5.450271017215723,-12.241509132410853
2018-01-28 10:00:00,0.38,0.04,0.17,0.25,29.1,48.0,16.9,1009.9,32.0,-5.786499137615822,-11.864081411149003
2018-01-28 11:00:00,0.8,0.03,0.18,0.75,31.0,41.0,16.3,1009.2,34.6,-7.571059701177796,-12.60035932032105
2018-01-28 12:00:00,1.0,0.76,1.0,0.87,32.7,36.0,15.4,1007.6,37.4,-8.240609198560866,-13.714676811233797
2018-01-28 13:00:00,1.0,0.0,1.0,0.72,32.5,35.0,15.1,1006.2,37.4,-7.464597848295664,-14.03886672645694
2018-01-28 14:00:00,1.0,0.0,1.0,0.28,32.4,35.0,15.2,1005.0,41.4,-9.999999999999998,-17.320508075688775
2018-01-28 15:00:00,0.77,0.0,0.1,0.74,33.8,31.0,14.6,1004.0,42.5,-4.970318980286525,-16.2571808513716
2018-01-28 16:00:00,0.99,0.0,0.92,0.84,34.0,28.0,13.1,1003.7,36.4,-4.298042413382012,-10.125553387976844
2018-01-28 17:00:00,0.91,0.0,1.0,0.0,30.8,41.0,16.0,1004.5,24.8,-14.763947943845398,-1.0323958114130536
2018-01-28 18:00:00,0.52,0.0,0.52,0.0,27.6,57.0,18.2,1004.9,32.8,-15.844289099865126,-2.2267696153610474
2018-01-28 19:00:00,0.51,0.0,0.51,0.0,27.1,60.0,18.6,1006.0,30.6,-16.95403912726309,-3.914148345583249
2018-01-28 20:00:00,0.98,0.0,0.98,0.0,26.0,64.0,18.6,1007.1,33.1,-15.880805291281849,-5.780140422203803
2018-01-28 21:00:00,0.41,0.0,0.41,0.0,25.9,65.0,18.7,1007.8,29.9,-13.347320375060386,-5.665601363094469
2018-01-28 22:00:00,0.08,0.0,0.08,0.0,25.5,65.0,18.4,1008.5,27.7,-11.892549817311727,-8.640443208699354
2018-01-28 23:00:00,0.09,0.0,0.01,0.09,24.9,64.0,17.5,1008.7,26.6,-8.698697882665158,-9.660882731206126
2018-01-29 00:00:00,0.11,0.0,0.01,0.11,24.4,61.0,16.5,1008.5,23.4,-5.769234480931411,-10.40797451495881
2018-01-29 01:00:00,0.1,0.0,0.02,0.09,23.9,63.0,16.5,1007.9,21.6,-2.8987733051482323,-10.818369254437565
2018-01-29 02:00:00,0.01,0.0,0.01,0.0,23.2,69.0,17.1,1007.4,20.2,-1.3771235804781665,-11.215771513546938
2018-01-29 03:00:00,0.02,0.0,0.0,0.02,22.8,73.0,17.6,1007.0,20.2,-1.0975488643103615,-10.44247990136687
2018-01-29 04:00:00,0.41,0.01,0.02,0.4,22.5,75.0,17.8,1007.0,18.4,-0.3524849166952598,-10.093847352892867
2018-01-29 05:00:00,0.05,0.69,0.13,0.0,22.8,77.0,18.5,1007.6,17.6,-1.0557374790033,-10.04467114321956
2018-01-29 06:00:00,1.0,1.0,0.22,0.0,23.0,77.0,18.7,1008.4,19.8,-1.5169868004647133,-10.793921949283117
2018-01-29 07:00:00,0.64,0.58,0.21,0.0,23.8,75.0,19.1,1009.4,26.3,-0.7170026005283305,-13.681224626137661
2018-01-29 08:00:00,0.63,0.57,0.19,0.0,25.5,67.0,18.9,1010.7,38.2,-9.356825670754306,-16.880160347790337
2018-01-29 09:00:00,0.65,0.63,0.08,0.0,27.0,59.0,18.3,1011.3,38.9,-9.322189155871982,-15.514728142708234
2018-01-29 10:00:00,0.6,0.35,0.03,0.38,28.9,50.0,17.3,1010.9,37.1,-9.003005745879026,-13.347504918136172
2018-01-29 11:00:00,0.9,0.64,0.02,0.71,31.0,41.0,16.1,1010.0,36.0,-10.693762172545268,-12.301766157631185
2018-01-29 12:00:00,0.86,0.54,0.01,0.81,32.7,34.0,14.9,1008.1,39.2,-10.712509670666453,-13.71138711275696
2018-01-29 13:00:00,0.68,0.12,0.05,0.63,33.6,33.0,15.1,1006.6,41.4,-11.874668424728183,-13.660243402032174
2018-01-29 14:00:00,0.83,0.06,0.04,0.82,33.8,33.0,15.2,1005.5,40.7,-14.105392489560323,-11.020340408329282
2018-01-29 15:00:00,0.94,0.0,0.17,0.93,33.7,33.0,15.2,1004.9,40.3,-15.50185472774145,-8.950000000000001
2018-01-29 16:00:00,0.94,0.01,0.01,0.94,33.0,35.0,15.2,1005.0,38.5,-13.761754344055063,-9.636084130697574
2018-01-29 17:00:00,0.96,0.0,0.05,0.82,31.5,39.0,16.0,1005.7,35.3,-11.864548031846809,-6.850000000000001
2018-01-29 18:00:00,0.96,0.0,0.01,0.96,29.4,49.0,17.5,1006.2,25.9,-14.080676440039491,-0.7379369830255099
2018-01-29 19:00:00,0.95,0.0,0.0,0.95,28.0,57.0,18.6,1007.4,27.4,-12.972511700514572,-1.8231676225768576
2018-01-29 20:00:00,0.95,0.0,0.0,0.95,26.6,64.0,19.2,1008.4,27.7,-13.977245501931794,-6.223070639059744
2018-01-29 21:00:00,0.95,0.0,0.0,0.95,26.0,66.0,19.3,1009.5,27.4,-12.24459029200319,-7.951729911219395
2018-01-29 22:00:00,0.95,0.06,0.06,0.95,25.8,66.0,19.0,1009.6,28.1,-11.555388485582894,-10.775574088987476
2018-01-29 23:00:00,0.82,0.14,0.1,0.79,25.5,64.0,18.2,1009.3,29.5,-10.541716798859243,-12.563128867151239
2018-01-30 00:00:00,0.55,0.13,0.08,0.48,25.0,66.0,18.1,1009.0,29.5,-8.60364654526569,-12.287280664334878
2018-01-30 01:00:00,0.18,0.14,0.06,0.04,24.5,69.0,18.4,1008.5,27.0,-6.54492987332555,-11.807366046381842
2018-01-30 02:00:00,0.19,0.19,0.02,0.0,24.2,71.0,18.7,1007.8,24.5,-4.583069920563961,-12.591881118531173
2018-01-30 03:00:00,0.05,0.05,0.0,0.0,24.0,72.0,18.7,1007.3,24.5,-2.827598995121527,-13.302807369979757
2018-01-30 04:00:00,0.01,0.01,0.0,0.0,23.5,74.0,18.5,1007.4,24.5,-1.1330246557195562,-12.950531075192693
2018-01-30 05:00:00,0.01,0.0,0.0,0.0,23.2,79.0,19.3,1007.7,23.4,-1.4136843834997106,-11.513535359039334
2018-01-30 06:00:00,0.01,0.01,0.0,0.0,23.2,78.0,19.2,1008.3,22.7,-0.6594330486610923,-12.58273213790763
2018-01-30 07:00:00,0.01,0.01,0.0,0.0,23.9,75.0,19.1,1009.2,28.4,-0.8112073217656295,-15.478757788695894
2018-01-30 08:00:00,0.0,0.0,0.0,0.0,25.6,67.0,19.0,1010.1,37.1,-3.8255751110467715,-17.997915853502022
2018-01-30 09:00:00,0.02,0.01,0.01,0.0,27.8,58.0,18.8,1010.5,38.9,-6.629807066588055,-17.271237890198233
2018-01-30 10:00:00,0.04,0.03,0.03,0.0,30.0,50.0,18.5,1010.4,40.0,-9.099999999999998,-15.761662348876785
2018-01-30 11:00:00,0.28,0.27,0.13,0.0,32.1,43.0,18.0,1009.6,40.0,-11.138970921582121,-13.755483517788385
2018-01-30 12:00:00,0.69,0.67,0.51,0.0,33.5,40.0,18.0,1008.1,42.1,-15.812983098936398,-11.915937458410555
2018-01-30 13:00:00,0.99,0.97,0.99,0.0,33.7,39.0,17.8,1006.7,42.5,-15.514728142708234,-9.322189155871982
2018-01-30 14:00:00,0.87,0.53,0.87,0.0,32.5,44.0,18.5,1005.4,39.2,-14.778665142222746,-3.9599313900685673
2018-01-30 15:00:00,0.57,0.11,0.57,0.0,33.8,39.0,17.9,1004.6,35.6,-14.376021702821681,-8.300000000000002
2018-01-30 16:00:00,0.71,0.04,0.68,0.1,32.3,46.0,19.1,1005.0,35.6,-16.245322661357587,-4.658271313307285
2018-01-30 17:00:00,0.45,0.0,0.02,0.0,30.5,52.0,19.4,1005.6,35.6,-16.249327924701433,-2.8651949315043517
2018-01-30 18:00:00,0.01,0.0,0.01,0.0,28.5,56.0,18.9,1005.9,32.0,-13.31479122813215,-4.326237921249264
2018-01-30 19:00:00,0.0,0.0,0.0,0.0,27.2,56.0,17.7,1006.8,25.6,-12.229903587113343,-4.694620139043435
2018-01-30 20:00:00,0.18,0.0,0.0,0.18,26.1,59.0,17.5,1008.3,23.4,-10.060016436106814,-4.691062705321763
2018-01-30 21:00:00,0.41,0.0,0.0,0.4,25.3,64.0,17.9,1009.7,19.8,-10.45610077676866,-4.013721034907364
2018-01-30 22:00:00,0.54,0.0,0.0,0.54,25.0,66.0,18.1,1009.7,21.2,-11.202965117966421,-4.300415394543604
2018-01-30 23:00:00,0.79,0.0,0.0,0.79,24.6,65.0,17.6,1009.5,23.0,-10.777488443215542,-7.269507745119708
2018-01-31 00:00:00,0.71,0.0,0.0,0.71,24.1,63.0,16.6,1009.3,26.3,-11.899669099704663,-8.96704384496552
2018-01-31 01:00:00,0.18,0.0,0.0,0.18,23.3,68.0,17.1,1008.9,26.6,-8.98865753975461,-11.50495700265814
2018-01-31 02:00:00,0.25,0.0,0.0,0.25,22.8,74.0,17.9,1007.8,26.6,-4.418943019561748,-13.600108183020696
2018-01-31 03:00:00,0.05,0.0,0.0,0.05,22.4,76.0,18.0,1007.4,26.3,-1.0720156357961954,-12.253194786528471
2018-01-31 04:00:00,0.0,0.0,0.0,0.0,22.0,79.0,18.1,1007.8,22.0,-1.3638963894086413,-9.70462707366739
2018-01-31 05:00:00,0.01,0.18,0.0,0.06,22.4,83.0,19.2,1008.2,19.8,3.08610993385133e-15,-12.6
2018-01-31 06:00:00,0.25,0.25,0.0,0.0,22.2,82.0,19.1,1009.1,24.1,-0.6803674311582698,-12.98218395180946
2018-01-31 07:00:00,0.16,0.16,0.0,0.0,23.0,78.0,19.0,1009.9,28.1,-1.324767289764404,-15.142159410994532
2018-01-31 08:00:00,0.31,0.31,0.0,0.0,25.0,68.0,18.6,1010.8,39.2,-7.619257005540838,-17.94984464232259
2018-01-31 09:00:00,0.13,0.13,0.0,0.0,26.9,56.0,17.4,1011.2,39.2,-6.518154725436869,-16.132999069462098
2018-01-31 10:00:00,0.36,0.01,0.0,0.35,29.0,45.0,15.9,1010.9,38.2,-6.7596485228644365,-15.924733964727219
2018-01-31 11:00:00,0.65,0.0,0.0,0.65,31.0,37.0,14.6,1009.9,39.2,-7.539983724772132,-15.459257596345672
2018-01-31 12:00:00,0.0,0.0,0.0,0.0,32.6,31.0,13.4,1008.5,39.6,-9.008627491964484,-14.41681763465924
2018-01-31 13:00:00,0.0,0.0,0.0,0.0,33.7,27.0,12.2,1007.4,39.2,-10.890579881242422,-12.528179031698016
2018-01-31 14:00:00,0.0,0.0,0.0,0.0,34.2,26.0,11.8,1006.6,38.2,-11.518744794899611,-10.371524398562302
2018-01-31 15:00:00,0.01,0.0,0.01,0.0,34.2,25.0,11.2,1006.0,36.0,-10.80122664797759,-9.063305296580205
2018-01-31 16:00:00,0.0,0.0,0.0,0.0,33.7,25.0,10.8,1006.2,32.4,-11.113187248834684,-8.999281592012675
2018-01-31 17:00:00,0.0,0.0,0.0,0.17,31.8,29.0,11.4,1006.7,31.0,-14.781073050655786,-8.193282582163096
2018-01-31 18:00:00,0.83,0.0,0.0,0.83,28.0,52.0,17.2,1007.5,34.6,-19.01314691983815,-2.6721235384332567
2018-01-31 19:00:00,0.96,0.0,0.0,0.96,26.0,61.0,17.9,1008.6,36.4,-15.164854596867176,-6.751828275058284
2018-01-31 20:00:00,0.97,0.0,0.0,0.97,25.4,62.0,17.6,1009.5,29.9,-14.35987571385807,-6.09540560443267
2018-01-31 21:00:00,0.95,0.0,0.0,0.95,24.9,64.0,17.5,1010.1,28.4,-12.68427486009214,-8.555651423102427
2018-01-31 22:00:00,0.94,0.0,0.0,0.94,24.8,62.0,16.9,1010.2,27.7,-10.434574908956227,-11.189711634773309
2018-01-31 23:00:00,0.02,0.0,0.0,0.02,24.4,55.0,14.9,1010.0,28.1,-8.555651423102429,-12.68427486009214
2018-02-01 00:00:00,0.05,0.0,0.05,0.0,23.6,53.0,13.5,1009.6,27.4,-7.883776803291832,-10.462125181619536
2018-02-01 01:00:00,0.03,0.0,0.03,0.0,22.8,57.0,13.8,1009.4,23.0,-6.825132184860354,-7.580077219869421
2018-02-01 02:00:00,0.0,0.0,0.0,0.0,22.1,64.0,14.9,1009.1,18.4,-4.981241083792126,-7.9716521038704045
2018-02-01 03:00:00,0.01,0.0,0.0,0.01,21.6,70.0,16.0,1008.8,17.3,-3.9860191021428424,-8.95274548489749
2018-02-01 04:00:00,0.09,0.0,0.0,0.09,21.2,75.0,16.5,1008.9,17.3,-1.1455718280083864,-9.329933825428427
2018-02-01 05:00:00,0.34,0.0,0.79,0.92,21.5,77.0,17.4,1009.3,17.3,0.7045403848156689,-10.075396907624224
2018-02-01 06:00:00,0.15,0.0,0.0,0.15,21.8,77.0,17.5,1010.1,19.8,-0.7533699164365533,-10.773691742806102
2018-02-01 07:00:00,0.0,0.0,0.0,0.0,22.6,73.0,17.5,1010.9,20.9,2.645237086158283e-15,-10.8
2018-02-01 08:00:00,0.0,0.0,0.0,0.0,24.5,65.0,17.5,1011.7,27.7,-2.5988961352219917,-12.226845009172571
2018-02-01 09:00:00,0.03,0.03,0.0,0.0,26.9,52.0,16.3,1012.1,30.6,-4.944807033090038,-12.238826880281593
2018-02-01 10:00:00,0.38,0.0,0.0,0.38,29.4,37.0,13.1,1011.7,34.9,-6.550583056980841,-14.047770699068074
2018-02-01 11:00:00,0.59,0.0,0.0,0.59,31.2,29.0,11.0,1010.9,36.7,-7.464597848295664,-14.03886672645694
2018-02-01 12:00:00,0.48,0.0,0.0,0.48,32.8,25.0,9.9,1009.7,37.1,-8.319732448461316,-13.314355109655887
2018-02-01 13:00:00,0.01,0.0,0.01,0.0,34.0,22.0,9.4,1008.1,36.7,-9.110671410533334,-12.539763412811686
2018-02-01 14:00:00,0.0,0.0,0.0,0.0,34.6,21.0,9.1,1006.6,36.4,-10.11162697096763,-10.111626970967631
2018-02-01 15:00:00,0.0,0.0,0.0,0.0,34.4,21.0,9.1,1005.7,33.8,-11.107670280670325,-6.157082177128481
2018-02-01 16:00:00,0.0,0.0,0.0,0.0,33.5,23.0,9.4,1005.5,29.9,-12.623222778712067,-3.859306502340125
2018-02-01 17:00:00,0.0,0.0,0.0,0.0,30.9,37.0,14.6,1006.4,29.5,-14.770028771080463,-3.1394665313481678
2018-02-01 18:00:00,0.0,0.0,0.0,0.0,28.1,55.0,18.4,1006.9,29.5,-15.812898136355546,-1.66200256595569
2018-02-01 19:00:00,0.0,0.0,0.0,0.0,26.6,61.0,18.5,1007.9,30.2,-16.245322661357587,-4.658271313307285
2018-02-01 20:00:00,0.0,0.0,0.0,0.0,25.4,64.0,18.0,1009.1,30.2,-14.410293813882735,-6.719630361677122
2018-02-01 21:00:00,0.0,0.0,0.0,0.0,24.6,66.0,17.8,1009.8,28.4,-12.663925575975902,-8.224049428726909
2018-02-01 22:00:00,0.0,0.0,0.0,0.0,23.9,68.0,17.6,1009.8,26.6,-11.101033589657371,-8.36522882181347
2018-02-01 23:00:00,0.0,0.0,0.0,0.0,22.9,72.0,17.5,1009.7,24.8,-8.272407703894487,-7.988571260278468
2018-02-02 00:00:00,0.0,0.0,0.0,0.0,22.0,74.0,17.2,1009.5,20.2,-4.683895701129233,-7.212566884330647
2018-02-02 01:00:00,0.0,0.0,0.0,0.0,21.1,76.0,16.6,1008.7,14.8,-2.474317973874391,-7.185941174554808
2018-02-02 02:00:00,0.0,0.0,0.0,0.0,20.5,74.0,15.9,1007.9,13.3,-1.7902220274375413,-7.180188374442374
2018-02-02 03:00:00,0.0,0.0,0.0,0.0,20.0,74.0,15.1,1007.5,13.0,-0.721246396546809,-6.862201078041086
2018-02-02 04:00:00,0.0,0.0,0.0,0.0,19.5,73.0,14.6,1007.5,12.2,-0.37681888494919563,-7.190132650232932
2018-02-02 05:00:00,0.0,0.0,0.0,0.0,19.9,77.0,15.6,1007.9,13.3,-0.3977532674463731,-7.589584464134761
2018-02-02 06:00:00,0.0,0.0,0.0,0.0,20.1,76.0,15.8,1008.8,14.8,2.0329136865846065e-15,-8.3
2018-02-02 07:00:00,0.0,0.0,0.0,0.0,21.5,71.0,16.1,1009.9,19.4,0.35248491669525833,-10.093847352892867
2018-02-02 08:00:00,0.0,0.0,0.0,0.0,24.0,66.0,17.1,1010.6,27.4,-2.951447126315946,-11.837607860567156
2018-02-02 09:00:00,0.0,0.0,0.0,0.0,26.6,56.0,17.1,1010.8,30.2,-6.449999999999999,-11.17172770881926
2018-02-02 10:00:00,0.0,0.0,0.0,0.0,29.4,41.0,14.9,1010.7,32.8,-7.85799717800933,-11.222383006759188
2018-02-02 11:00:00,0.0,0.0,0.0,0.0,31.6,31.0,12.2,1009.8,37.4,-10.693762172545268,-12.301766157631185
2018-02-02 12:00:00,0.0,0.0,0.0,0.0,33.1,26.0,11.0,1008.6,38.9,-11.879393923933998,-11.879393923934
2018-02-02 13:00:00,0.0,0.0,0.0,0.0,34.0,24.0,10.2,1007.1,38.9,-11.899669099704663,-8.96704384496552
2018-02-02 14:00:00,0.0,0.0,0.0,0.0,34.1,23.0,10.1,1005.8,36.0,-11.840127021902445,-4.309453805903427
2018-02-02 15:00:00,0.0,0.0,0.0,0.0,33.7,24.0,10.2,1005.2,31.7,-13.302807369979755,-2.8275989951215283
2018-02-02 16:00:00,0.0,0.0,0.0,0.0,32.2,28.0,11.5,1005.3,36.4,-17.246350146698664,-3.9816336618864088
2018-02-02 17:00:00,0.0,0.0,0.0,0.0,29.9,34.0,12.4,1005.9,41.0,-19.477682657345927,-6.706703981817429
2018-02-02 18:00:00,0.0,0.0,0.0,0.0,27.3,41.0,12.8,1006.5,38.9,-18.389174893795545,-3.908739787373878
2018-02-02 19:00:00,0.0,0.0,0.0,0.0,25.9,46.0,13.5,1007.6,34.2,-15.121798609092941,-4.913370210561665
2018-02-02 20:00:00,0.0,0.0,0.0,0.0,24.8,52.0,14.3,1008.5,28.8,-13.719512263474261,-4.993494092554765
2018-02-02 21:00:00,0.0,0.0,0.0,0.0,23.9,61.0,15.9,1009.2,25.9,-11.493984162029946,-5.856477446640155
2018-02-02 22:00:00,0.0,0.0,0.0,0.0,23.2,67.0,16.8,1009.4,23.0,-8.980088637561916,-6.524416300446451
2018-02-02 23:00:00,0.0,0.0,0.0,0.0,22.5,72.0,17.3,1009.0,19.8,-4.6413010988072,-6.881011852206847
2018-02-03 00:00:00,0.0,0.0,0.0,0.0,21.7,77.0,17.4,1008.6,14.4,0.7555899291119128,-6.153786140176197
2018-02-03 01:00:00,0.0,0.0,0.0,0.0,21.0,79.0,17.3,1008.3,10.4,1.0494494745709957,-5.3989495089621515
2018-02-03 02:00:00,0.0,0.0,0.0,0.0,20.4,82.0,17.2,1007.7,10.4,1.0766187015349684,-6.10580806867569
2018-02-03 03:00:00,0.0,0.0,0.0,0.0,19.8,85.0,17.2,1007.6,10.8,1.0324674692655254,-6.5187430479279085
2018-02-03 04:00:00,0.03,0.03,0.0,0.0,19.5,87.0,17.2,1007.8,12.6,1.141971594793687,-7.210124886344505
2018-02-03 05:00:00,0.05,0.19,0.0,0.0,20.0,83.0,17.1,1008.4,15.5,0.7582549619046273,-8.666893873398186
2018-02-03 06:00:00,0.15,0.15,0.0,0.0,20.3,81.0,17.0,1009.6,17.6,0.35248491669525833,-10.093847352892867
2018-02-03 07:00:00,0.14,0.14,0.0,0.0,21.5,76.0,17.0,1010.7,22.3,0.8021994480574448,-11.471986577987979
2018-02-03 08:00:00,0.06,0.06,0.0,0.0,24.0,66.0,17.2,1011.5,29.5,-2.4137096695703315,-13.688827766869691
2018-02-03 09:00:00,0.23,0.23,0.0,0.0,26.5,51.0,15.6,1012.0,36.0,-8.74366785984788,-13.992793586581028
2018-02-03 10:00:00,0.05,0.05,0.0,0.0,28.4,40.0,13.6,1011.7,36.4,-8.240609198560866,-13.714676811233797
2018-02-03 11:00:00,0.01,0.01,0.0,0.0,30.5,32.0,11.9,1010.8,37.1,-9.062507694346529,-12.94260229976607
2018-02-03 12:00:00,0.0,0.0,0.0,0.0,31.9,28.0,11.4,1009.1,37.4,-10.365732658050016,-11.924411367519799
2018-02-03 13:00:00,0.0,0.0,0.0,0.0,32.8,26.0,10.9,1007.3,37.4,-9.29648827741744,-11.8989623794615
2018-02-03 14:00:00,0.0,0.0,0.0,0.0,33.3,25.0,10.6,1005.7,35.6,-7.5712089598338075,-10.81280698461469
2018-02-03 15:00:00,0.0,0.0,0.0,0.0,33.4,25.0,10.6,1004.8,32.4,-7.883776803291832,-10.462125181619536
2018-02-03 16:00:00,0.0,0.0,0.0,0.0,32.8,26.0,10.9,1004.7,31.0,-9.41157736886248,-10.092681082344553
2018-02-03 17:00:00,0.0,0.0,0.0,0.0,30.2,37.0,14.1,1005.6,31.3,-15.164854596867176,-6.751828275058284
2018-02-03 18:00:00,0.18,0.0,0.0,0.18,26.9,51.0,15.9,1006.5,33.8,-18.02287885109658,-2.5329504374731915
2018-02-03 19:00:00,0.42,0.0,0.0,0.42,25.5,55.0,15.8,1007.6,33.1,-15.845991131887649,-3.368169391247703
2018-02-03 20:00:00,0.74,0.0,0.0,0.74,24.6,58.0,15.9,1008.3,29.2,-12.20678938138064,-6.219669846431792
2018-02-03 21:00:00,0.7,0.0,0.0,0.7,24.0,62.0,16.2,1009.1,24.5,-11.876090949353811,-5.287576359985403
2018-02-03 22:00:00,0.03,0.0,0.0,0.03,23.4,66.0,16.8,1009.6,23.0,-10.064046815345089,-6.5356684201803255
2018-02-03 23:00:00,0.0,0.0,0.0,0.0,23.0,70.0,17.1,1009.9,21.6,-7.481133923521972,-7.224447052773572
2018-02-04 00:00:00,0.43,0.0,0.0,0.43,22.6,72.0,17.5,1009.4,18.4,-2.192787785420526,-7.172285669722766
2018-02-04 01:00:00,0.66,0.0,0.0,0.66,22.2,75.0,17.5,1008.9,13.3,0.6794350112397471,-6.4643923198937765
2018-02-04 02:00:00,0.22,0.0,0.0,0.22,22.0,75.0,17.2,1008.6,15.1,1.376623292354034,-8.691657397237211
2018-02-04 03:00:00,0.78,0.0,0.0,0.78,21.6,74.0,16.9,1008.1,15.8,1.423553631866103,-8.987963899415753
2018-02-04 04:00:00,0.74,0.0,0.0,0.74,21.4,74.0,16.6,1008.1,17.6,1.3638963894086458,-9.704627073667389
2018-02-04 05:00:00,0.95,0.0,0.0,0.91,21.7,75.0,17.0,1008.9,17.3,1.767249371950959,-8.314254606237347
2018-02-04 06:00:00,0.46,0.0,0.0,0.46,21.8,73.0,16.8,1009.6,16.6,2.153104870837044,-8.635631963856369
2018-02-04 07:00:00,0.01,0.01,0.0,0.0,22.7,69.0,16.7,1010.3,19.4,2.141490415422927,-10.074920287558198
2018-02-04 08:00:00,0.0,0.0,0.0,0.0,24.6,61.0,16.8,1011.0,28.8,-0.696068218031153,-13.281772812235833
2018-02-04 09:00:00,0.0,0.0,0.0,0.0,26.8,52.0,16.1,1011.2,32.0,-4.590510977845909,-13.331811915950368
2018-02-04 10:00:00,0.24,0.01,0.0,0.24,28.7,45.0,15.6,1011.0,34.2,-6.043441142892003,-12.960201354624095
2018-02-04 11:00:00,0.35,0.0,0.0,0.35,30.4,40.0,15.1,1010.1,34.6,-6.713443347838239,-12.626150577882656
2018-02-04 12:00:00,0.0,0.0,0.0,0.0,31.9,35.0,14.6,1008.8,34.6,-8.36522882181347,-11.101033589657371
2018-02-04 13:00:00,0.0,0.0,0.0,0.0,33.0,32.0,14.1,1007.4,34.2,-8.698697882665158,-9.660882731206126
2018-02-04 14:00:00,0.29,0.0,0.0,0.29,33.6,30.0,13.8,1006.1,32.8,-9.706975700031004,-4.734408385322037
2018-02-04 15:00:00,0.6,0.0,0.0,0.6,32.9,33.0,14.3,1005.7,29.9,-12.277062816293963,2.8343832847326995
2018-02-04 16:00:00,0.49,0.0,0.0,0.49,30.9,46.0,17.9,1005.7,35.3,-15.135340043512056,7.057724971069678
2018-02-04 17:00:00,0.25,0.0,0.0,0.42,28.8,51.0,17.6,1006.1,37.4,-20.516008134056175,3.9879080033697862
2018-02-04 18:00:00,0.08,0.0,0.0,0.08,27.1,56.0,17.6,1006.8,39.6,-15.815820338298742,3.9433268982745853
2018-02-04 19:00:00,0.39,0.0,0.0,0.39,26.3,58.0,17.3,1007.6,29.9,-12.98218395180946,-0.6803674311582716
2018-02-04 20:00:00,0.49,0.0,0.0,0.49,25.4,61.0,17.3,1008.6,23.0,-11.840127021902445,-4.309453805903427
2018-02-04 21:00:00,0.63,0.0,0.0,0.63,24.6,67.0,18.0,1009.5,22.3,-9.71197111365321,-4.948496447161061
2018-02-04 22:00:00,0.89,0.0,0.0,0.89,24.0,72.0,18.8,1010.1,19.8,-6.825132184860354,-7.580077219869421
2018-02-04 23:00:00,0.91,0.0,0.0,0.9,23.7,75.0,19.0,1010.6,18.4,-2.5634274090980926,-8.939733772226367
2018-02-05 00:00:00,0.92,0.0,0.0,0.92,23.4,77.0,19.0,1010.1,16.6,-1.8296228791962823,-8.607698886457491
2018-02-05 01:00:00,0.95,0.0,0.0,0.95,23.1,77.0,18.8,1009.6,16.6,-1.4861274178821933,-9.38303923565381
2018-02-05 02:00:00,0.87,0.01,0.0,0.87,22.8,77.0,18.5,1009.4,17.3,-0.6766377953180154,-9.676371287520293
2018-02-05 03:00:00,0.65,0.01,0.0,0.65,22.4,77.0,18.2,1008.8,17.3,1.423553631866103,-8.987963899415753
2018-02-05 04:00:00,0.35,0.03,0.0,0.33,22.1,77.0,18.0,1008.7,16.2,1.829622879196287,-8.60769888645749
2018-02-05 05:00:00,0.19,0.06,0.0,0.0,22.4,78.0,18.3,1008.9,15.8,1.719116958902611,-9.74959675482086
2018-02-05 06:00:00,0.17,0.15,0.03,0.0,22.4,76.0,17.9,1009.8,19.1,0.3629547657060086,-10.393664600998596
2018-02-05 07:00:00,0.18,0.17,0.03,0.0,23.2,72.0,17.9,1010.5,24.1,3.08610993385133e-15,-12.6
2018-02-05 08:00:00,0.18,0.09,0.12,0.0,25.1,66.0,18.4,1011.4,29.5,-1.864919552864877,-13.269592121137043
2018-02-05 09:00:00,0.49,0.43,0.14,0.0,27.5,56.0,17.9,1011.9,33.1,-8.387441139231417,-12.91552674635953
2018-02-05 10:00:00,0.72,0.71,0.07,0.0,30.1,44.0,16.4,1011.7,36.7,-10.541716798859243,-12.563128867151239
2018-02-05 11:00:00,0.23,0.16,0.13,0.0,31.5,39.0,15.8,1010.7,37.4,-12.336204102924745,-11.107568065557048
2018-02-05 12:00:00,0.12,0.01,0.11,0.0,32.5,37.0,16.0,1009.8,38.2,-11.555388485582894,-10.775574088987476
2018-02-05 13:00:00,0.17,0.01,0.16,0.0,33.5,34.0,15.6,1008.4,36.7,-9.80536887192292,-8.227681403987704
2018-02-05 14:00:00,0.21,0.0,0.21,0.0,33.8,34.0,15.6,1007.3,32.4,-11.107818738551682,-2.5644420195200603
2018-02-05 15:00:00,0.23,0.0,0.23,0.0,33.4,35.0,16.0,1006.7,30.6,-12.98218395180946,0.6803674311582699
2018-02-05 16:00:00,0.07,0.0,0.07,0.0,32.0,43.0,18.0,1006.8,35.6,-16.883987555299818,3.2819147204765704
2018-02-05 17:00:00,0.1,0.0,0.18,0.0,30.4,43.0,16.5,1007.8,38.5,-18.3971975908776,-0.3211242784460182
2018-02-05 18:00:00,0.19,0.0,0.19,0.0,28.4,52.0,17.6,1008.6,35.3,-16.597471739596095,-0.2897099468589078
2018-02-05 19:00:00,0.18,0.0,0.18,0.0,27.0,61.0,18.8,1009.3,29.9,-14.05767991265662,-4.2978640594242306
2018-02-05 20:00:00,0.17,0.0,0.17,0.0,26.0,63.0,18.5,1010.4,26.6,-12.976767928311105,-4.981314498679676
2018-02-05 21:00:00,0.4,0.0,0.16,0.29,25.5,66.0,18.7,1011.3,24.8,-11.510672766296771,-5.124881702755083
2018-02-05 22:00:00,0.4,0.01,0.15,0.3,25.2,70.0,19.5,1011.5,22.7,-10.045894683899487,-5.800000000000001
2018-02-05 23:00:00,0.19,0.1,0.18,0.0,25.0,73.0,19.9,1011.6,20.9,-7.926888806861102,-6.419067988708341
2018-02-06 00:00:00,0.2,0.16,0.16,0.0,24.9,74.0,20.0,1011.2,18.7,-6.156001578501495,-6.836932394392027
2018-02-06 01:00:00,0.38,0.29,0.35,0.0,24.6,76.0,20.0,1010.9,16.2,-1.7902220274375413,-7.180188374442374
2018-02-06 02:00:00,0.41,0.22,0.4,0.0,24.5,75.0,19.9,1010.2,16.6,0.32805526900350773,-9.394273773979501
2018-02-06 03:00:00,0.27,0.26,0.09,0.0,24.4,75.0,19.6,1009.5,19.1,-1.0975488643103615,-10.44247990136687
2018-02-06 04:00:00,0.6,0.59,0.18,0.0,24.1,75.0,19.4,1009.2,19.1,-1.3638963894086413,-9.70462707366739
2018-02-06 05:00:00,1.0,0.43,0.12,0.0,24.2,75.0,19.5,1009.9,17.6,-3.659615533584655,-10.05471104240922
2018-02-06 06:00:00,0.4,0.23,0.39,0.0,24.2,74.0,19.4,1010.4,20.5,-2.5644420195200612,-11.107818738551682
2018-02-06 07:00:00,0.3,0.02,0.29,0.0,24.9,72.0,19.5,1010.9,22.0,-3.5227937358744006,-10.84204428576475
2018-02-06 08:00:00,0.36,0.07,0.34,0.0,26.4,66.0,19.5,1011.4,30.6,-6.582862246223429,-12.919594600731335
2018-02-06 09:00:00,0.15,0.11,0.07,0.0,28.4,58.0,19.3,1011.9,32.0,-6.7873346834487185,-12.24467589995154
2018-02-06 10:00:00,0.5,0.49,0.03,0.0,31.2,50.0,19.5,1011.4,33.5,-10.465180361560902,-10.465180361560904
2018-02-06 11:00:00,0.68,0.67,0.13,0.0,32.0,48.0,19.5,1010.5,34.2,-11.101033589657371,-8.36522882181347
2018-02-06 12:00:00,0.73,0.71,0.17,0.03,32.0,48.0,19.6,1009.4,32.4,-11.510672766296771,-5.124881702755083
2018-02-06 13:00:00,0.83,0.8,0.46,0.01,32.5,46.0,19.5,1008.4,33.1,-12.960201354624095,-6.043441142892003
2018-02-06 14:00:00,0.48,0.39,0.33,0.08,31.7,52.0,20.5,1007.2,33.5,-13.331811915950366,-4.59051097784591
2018-02-06 15:00:00,0.38,0.33,0.2,0.06,31.5,53.0,20.8,1006.6,34.6,-12.610916492298433,-5.353016460303049
2018-02-06 16:00:00,0.44,0.39,0.19,0.07,30.9,55.0,20.8,1006.7,34.6,-14.392045763600509,-7.652386473410021
2018-02-06 17:00:00,0.34,0.79,0.03,0.0,31.4,53.0,20.6,1006.6,33.5,-13.302151885227671,-6.487892972478346
2018-02-06 18:00:00,0.11,0.1,0.01,0.02,29.6,60.0,21.0,1007.3,29.2,-12.977032895167305,-3.7211043035294886
2018-02-06 19:00:00,0.02,0.02,0.0,0.01,28.0,68.0,21.6,1008.4,28.8,-15.068442890109464,-4.0375771035993235
2018-02-06 20:00:00,0.0,0.0,0.0,0.0,26.9,75.0,22.0,1009.5,29.2,-14.466434206669547,-4.981192763194499
2018-02-06 21:00:00,0.0,0.0,0.0,0.0,26.0,79.0,22.2,1010.1,27.4,-12.972345498524932,-5.775660331676363
2018-02-06 22:00:00,0.07,0.03,0.0,0.04,25.6,83.0,22.5,1010.5,25.9,-10.800307988846615,-6.489479743866682
2018-02-06 23:00:00,0.14,0.08,0.03,0.06,25.5,85.0,22.6,1010.6,22.7,-9.328529057720685,-5.829111906565254
2018-02-07 00:00:00,0.28,0.19,0.14,0.11,25.1,87.0,22.8,1010.1,19.8,-7.200817765318393,-6.04220353105347
2018-02-07 01:00:00,0.39,0.31,0.21,0.23,24.9,89.0,22.9,1009.3,16.6,-3.2039952536120446,-7.54813979831001
2018-02-07 02:00:00,0.55,0.39,0.23,0.43,24.9,88.0,22.8,1008.7,19.1,-7.23718449707313,-8.937178556755166
2018-02-07 03:00:00,0.93,0.92,0.58,0.42,23.8,90.0,22.0,1008.3,20.5,-5.420413862312148,-3.93816119035957
2018-02-07 04:00:00,1.0,1.0,0.48,0.54,23.5,89.0,21.6,1008.2,13.0,-4.330127018922193,-2.5000000000000004
2018-02-07 05:00:00,0.75,0.39,0.21,0.46,24.4,87.0,22.0,1008.5,11.9,-3.6133052743378347,-4.012982057577929
2018-02-07 06:00:00,0.58,0.54,0.23,0.08,24.3,87.0,22.0,1009.1,11.5,-3.195522749552795,-2.8772616073430903
2018-02-07 07:00:00,0.84,0.82,0.34,0.06,24.5,86.0,22.1,1010.1,13.0,-5.0229473419497435,-2.9000000000000004
2018-02-07 08:00:00,0.71,0.7,0.29,0.1,25.8,81.0,22.1,1010.6,17.3,-5.750175672340508,-4.333068166694748
2018-02-07 09:00:00,0.48,0.37,0.28,0.11,27.6,71.0,21.9,1010.8,24.5,-9.355568503977864,-4.766900247265242
2018-02-07 10:00:00,0.47,0.38,0.29,0.01,29.2,63.0,21.5,1010.3,26.3,-9.334970206477495,-4.352968095929205
2018-02-07 11:00:00,0.46,0.32,0.41,0.0,30.6,57.0,21.1,1009.4,25.9,-7.947845481490627,-3.5386087947594613
2018-02-07 12:00:00,0.42,0.34,0.3,0.0,31.6,53.0,21.0,1008.5,24.5,-7.59396739791272,-2.1775351109542935
2018-02-07 13:00:00,0.9,0.88,0.3,0.09,30.9,56.0,21.1,1007.3,26.3,-9.74959675482086,1.71911695890261
2018-02-07 14:00:00,0.55,0.11,0.52,0.16,29.8,61.0,21.5,1006.5,27.7,-4.314986839553106,4.023790324368741
2018-02-07 15:00:00,0.63,0.41,0.48,0.5,30.3,61.0,21.9,1005.7,23.0,-7.8934180146016315,2.872969203935617
2018-02-07 16:00:00,0.81,0.16,0.24,0.76,29.5,66.0,22.5,1006.0,25.6,-9.68599049793387,5.819930246483613
2018-02-07 17:00:00,0.82,0.0,0.1,0.5,29.6,66.0,22.6,1005.9,25.6,-8.301805382450492,7.216649318895579
2018-02-07 18:00:00,0.67,0.0,0.17,0.63,27.7,71.0,22.0,1006.9,23.8,-9.056514962673266,7.8727083478860855
2018-02-07 19:00:00,0.77,0.07,0.11,0.74,26.9,76.0,22.4,1008.0,22.0,-6.490566881680927,7.208504807130722
2018-02-07 20:00:00,0.68,0.2,0.19,0.61,26.6,83.0,23.6,1009.2,17.3,-3.631923997916375,7.128052193506942
2018-02-07 21:00:00,0.88,0.28,0.45,0.83,26.1,87.0,23.8,1010.2,14.0,-0.3486229709906328,3.984778792366982
2018-02-07 22:00:00,0.98,0.88,0.5,0.95,25.4,93.0,24.1,1011.0,6.5,2.172914349309303,0.3441558230885083
2018-02-07 23:00:00,0.88,0.21,0.32,0.85,25.1,92.0,23.6,1010.9,5.8,1.0777488443215544,0.7269507745119705
2018-02-08 00:00:00,0.92,0.37,0.33,0.89,24.6,92.0,23.2,1010.2,12.2,5.046787864462488,-5.4120173919818635
2018-02-08 01:00:00,0.67,0.64,0.29,0.16,24.3,93.0,23.0,1009.4,13.7,4.329989591337348,-4.981083229470294
2018-02-08 02:00:00,0.52,0.37,0.26,0.33,24.1,93.0,22.9,1008.6,13.7,1.7546182238821495,-7.600086505324834
2018-02-08 03:00:00,0.5,0.36,0.32,0.23,23.8,93.0,22.6,1008.0,16.2,2.375814790345865e-15,-9.7
2018-02-08 04:00:00,0.4,0.29,0.2,0.19,23.6,93.0,22.4,1007.7,18.4,1.7712114122026898,-10.045039080724521
2018-02-08 05:00:00,0.34,0.46,0.18,0.11,23.9,95.0,23.0,1008.2,18.4,-1.8126854560771757,-9.325458242752807
2018-02-08 06:00:00,0.3,0.24,0.22,0.15,24.1,93.0,22.9,1008.9,18.0,-1.060263287624783,-8.6351515192795
2018-02-08 07:00:00,0.3,0.22,0.2,0.09,24.7,89.0,22.7,1009.9,17.3,-0.7844016847289235,-8.96575228282571
2018-02-08 08:00:00,0.29,0.21,0.15,0.07,26.2,79.0,22.2,1010.4,24.8,-3.5376976271451146,-11.571287547152728
2018-02-08 09:00:00,0.43,0.39,0.13,0.09,28.3,67.0,21.6,1010.6,28.8,-6.489479743866682,-10.800307988846615
2018-02-08 10:00:00,0.34,0.31,0.15,0.14,30.1,59.0,21.2,1010.4,32.4,-5.40517649517869,-8.650090580795544
2018-02-08 11:00:00,0.22,0.12,0.11,0.16,31.4,55.0,21.1,1009.4,30.6,-4.971631089293716,-6.139453095510071
2018-02-08 12:00:00,0.29,0.26,0.15,0.1,33.0,49.0,21.0,1008.0,31.7,-6.86918957886705,-4.29234604028896
2018-02-08 13:00:00,0.56,0.54,0.11,0.23,33.4,48.0,20.9,1006.6,29.9,-8.987963899415753,-1.4235536318661013
2018-02-08 14:00:00,0.68,0.27,0.45,0.6,31.4,56.0,21.7,1005.4,30.6,-11.497079796628164,4.64512175835731
2018-02-08 15:00:00,0.68,0.12,0.3,0.59,29.9,64.0,22.3,1005.2,32.8,-7.149742845404133,5.789747597658502
2018-02-08 16:00:00,0.62,0.05,0.24,0.55,29.9,62.0,21.8,1004.9,25.2,-9.024581263534408,6.800509761618147
2018-02-08 17:00:00,0.82,0.02,0.21,0.25,29.2,63.0,21.4,1004.7,25.6,-9.699739598893988,6.542556970607736
2018-02-08 18:00:00,0.21,0.0,0.19,0.05,27.5,71.0,21.8,1005.4,23.8,-8.579697762932554,7.1992212284892405
2018-02-08 19:00:00,0.21,0.0,0.19,0.04,26.4,77.0,22.1,1006.5,20.2,-6.156614753256584,7.880107536067219
2018-02-08 20:00:00,0.26,0.0,0.17,0.13,26.1,78.0,22.0,1007.4,17.3,-5.048424097670399,6.461688179575119
2018-02-08 21:00:00,0.13,0.0,0.12,0.01,25.5,80.0,21.7,1008.0,14.0,-3.233246532964663,2.180852323535912
2018-02-08 22:00:00,0.14,0.0,0.13,0.02,25.3,78.0,21.2,1008.4,7.6,-5.756767679519667,-0.7068421917498554
2018-02-08 23:00:00,0.23,0.0,0.23,0.01,24.6,79.0,20.8,1008.3,6.8,2.493024310163928,-2.867896404846533
2018-02-09 00:00:00,0.17,0.01,0.13,0.05,24.2,83.0,21.1,1008.0,6.1,2.181643291108516,-3.9357886821272814
2018-02-09 01:00:00,0.24,0.04,0.14,0.13,24.1,79.0,20.3,1007.4,6.5,-1.7489675652259409,-3.9282454678631837
2018-02-09 02:00:00,0.37,0.07,0.02,0.33,24.1,71.0,18.6,1006.9,9.4,-2.8999999999999995,-5.022947341949744
2018-02-09 03:00:00,0.51,0.12,0.01,0.47,23.9,72.0,18.5,1006.4,10.4,-2.2218812871808615,-5.788198644282651
2018-02-09 04:00:00,0.29,0.21,0.0,0.22,23.8,77.0,19.5,1006.5,10.4,-1.1257730727216144,-5.791600382341218
2018-02-09 05:00:00,0.57,0.04,0.03,0.34,23.5,75.0,18.9,1006.6,9.7,-5.046340541172277,-4.70578868443124
2018-02-09 06:00:00,0.43,0.16,0.06,0.31,23.9,79.0,20.0,1007.6,13.3,-3.6133052743378347,-4.012982057577929
2018-02-09 07:00:00,0.51,0.2,0.01,0.4,24.9,79.0,21.0,1008.2,10.4,-3.23084408978756,-2.524212048835199
2018-02-09 08:00:00,0.45,0.28,0.0,0.4,26.9,74.0,21.8,1009.2,19.1,-6.467184310807044,-2.1013155617496424
2018-02-09 09:00:00,0.44,0.09,0.0,0.39,28.5,65.0,21.2,1009.7,19.1,-5.791600382341218,-1.125773072721615
2018-02-09 10:00:00,0.63,0.05,0.0,0.61,30.4,56.0,20.7,1009.5,20.9,-5.791600382341218,-1.125773072721615
2018-02-09 11:00:00,0.5,0.21,0.28,0.38,32.6,49.0,20.4,1008.3,27.0,-4.70578868443124,-5.046340541172277
2018-02-09 12:00:00,0.3,0.2,0.19,0.1,32.8,47.0,20.1,1007.0,25.9,-6.790680836331102,-0.35588450245201897
2018-02-09 13:00:00,0.41,0.33,0.32,0.04,32.0,52.0,20.8,1005.8,33.1,-11.544980134240024,6.399486987251648
2018-02-09 14:00:00,0.33,0.17,0.23,0.24,31.5,55.0,21.3,1004.9,34.2,-8.335900445507965,8.632077604063817
2018-02-09 15:00:00,0.61,0.08,0.15,0.55,31.3,56.0,21.6,1004.6,33.1,-12.63591663273075,7.895797037074751
2018-02-09 16:00:00,0.26,0.0,0.13,0.19,29.5,60.0,21.0,1004.6,36.7,-12.52937098234688,9.789017457677968
2018-02-09 17:00:00,0.42,0.0,0.06,0.41,28.5,61.0,20.3,1005.0,33.5,-11.957478155805607,7.471861625688187
2018-02-09 18:00:00,0.28,0.0,0.06,0.24,27.2,70.0,21.1,1005.9,28.4,-10.065602558591767,5.351975815759157
2018-02-09 19:00:00,0.26,0.0,0.11,0.18,26.3,77.0,21.9,1007.0,20.5,-7.505054539300878,3.990508283680073
2018-02-09 20:00:00,0.4,0.0,0.19,0.28,26.0,77.0,21.7,1008.2,14.4,-4.326372811226469,1.8364363038995868
2018-02-09 21:00:00,0.43,0.01,0.21,0.31,25.8,80.0,22.1,1008.9,7.6,-2.4930243101639276,2.8678964048465336
2018-02-09 22:00:00,0.62,0.0,0.24,0.53,25.9,77.0,21.5,1009.3,4.3,1.0815799573111144,-1.8000513314744355
2018-02-09 23:00:00,0.82,0.02,0.24,0.77,25.2,79.0,21.4,1009.5,5.8,1.7937955949114466,-3.236092916415765
2018-02-10 00:00:00,0.59,0.05,0.26,0.47,25.2,77.0,20.9,1009.4,7.9,-0.7352419856890852,-4.6421352007971475
2018-02-10 01:00:00,0.73,0.09,0.27,0.65,25.0,76.0,20.4,1008.4,9.0,-3.2498011250210608,-4.312631754255381
2018-02-10 02:00:00,0.72,0.18,0.17,0.63,24.7,77.0,20.4,1007.7,11.2,-4.36478950439999,-4.6806636903626915
2018-02-10 03:00:00,0.57,0.19,0.16,0.42,24.4,81.0,20.9,1007.5,11.2,-3.93816119035957,-5.420413862312148
2018-02-10 04:00:00,0.61,0.43,0.12,0.41,24.0,87.0,21.7,1007.4,12.6,-2.891410350820626,-6.811735915548059
2018-02-10 05:00:00,0.79,0.43,0.08,0.27,23.9,89.0,21.9,1007.7,13.3,-1.079397808777593,-6.815049550106451
2018-02-10 06:00:00,0.83,0.81,0.05,0.14,24.4,88.0,22.2,1008.5,14.0,-1.1419715947936853,-7.210124886344506
2018-02-10 07:00:00,0.68,0.64,0.04,0.17,25.2,83.0,22.2,1009.5,19.1,-4.403707847473604,-8.642763284627168
2018-02-10 08:00:00,0.28,0.25,0.02,0.07,26.5,74.0,21.6,1010.2,22.3,-4.981241083792126,-7.9716521038704045
2018-02-10 09:00:00,0.29,0.25,0.02,0.07,28.5,59.0,19.6,1010.9,25.2,-6.104407793183422,-7.538315826132617
2018-02-10 10:00:00,0.15,0.11,0.01,0.08,30.1,51.0,18.8,1010.9,25.9,-6.505382386916236,-6.505382386916237
2018-02-10 11:00:00,0.06,0.06,0.0,0.01,31.8,44.0,18.2,1010.1,25.6,-6.4347733221994154,-5.399415921366931
2018-02-10 12:00:00,0.09,0.06,0.0,0.03,33.2,39.0,17.5,1008.6,25.6,-7.505054539300878,-3.9905082836800725
2018-02-10 13:00:00,0.05,0.02,0.0,0.03,33.7,40.0,18.0,1007.3,28.8,-10.44247990136687,1.0975488643103624
2018-02-10 14:00:00,0.42,0.02,0.41,0.02,32.7,47.0,20.0,1006.3,35.6,-13.286093160882741,7.983090161105841
2018-02-10 15:00:00,0.14,0.05,0.13,0.0,30.6,57.0,21.2,1006.2,40.0,-15.514728142708234,9.322189155871984
2018-02-10 16:00:00,0.1,0.01,0.06,0.04,30.1,56.0,20.5,1006.2,39.6,-15.818775214865338,7.715332183487765
2018-02-10 17:00:00,0.31,0.0,0.02,0.25,29.1,60.0,20.6,1006.3,37.1,-15.5035135208776,7.899434695468113
2018-02-10 18:00:00,0.33,0.0,0.02,0.32,27.5,66.0,20.8,1007.0,33.5,-12.241509132410853,5.450271017215724
2018-02-10 19:00:00,0.35,0.0,0.02,0.34,27.0,63.0,19.4,1008.1,24.1,-12.6,-7.715274834628325e-16
2018-02-10 20:00:00,0.08,0.0,0.01,0.07,26.0,63.0,18.5,1009.1,23.4,-12.977032895167305,-3.7211043035294886
2018-02-10 21:00:00,0.34,0.0,0.01,0.34,25.1,72.0,19.7,1009.8,25.6,-13.351447505761739,-5.394334945189132
2018-02-10 22:00:00,0.69,0.0,0.01,0.69,24.7,77.0,20.4,1010.1,25.6,-11.957478155805605,-7.471861625688189
2018-02-10 23:00:00,0.73,0.0,0.0,0.72,24.2,80.0,20.6,1010.6,24.8,-10.062807426595889,-7.582869291715808
2018-02-11 00:00:00,0.73,0.0,0.0,0.73,23.8,84.0,20.9,1010.3,22.3,-5.416335208368435,-7.187719590425635
2018-02-11 01:00:00,0.73,0.0,0.0,0.73,23.4,86.0,21.0,1009.7,15.5,-2.4967470462773815,-6.859756131737131
2018-02-11 02:00:00,0.78,0.12,0.0,0.75,23.0,89.0,21.0,1009.2,12.2,-0.31924933308195735,-6.0916401620029
2018-02-11 03:00:00,0.73,0.18,0.0,0.67,22.9,90.0,21.1,1009.1,10.8,0.4045875477159287,-5.78587149150698
2018-02-11 04:00:00,0.4,0.14,0.0,0.31,22.8,90.0,21.0,1009.1,10.4,1.4940690949597709e-15,-6.1
2018-02-11 05:00:00,0.08,0.18,0.0,0.07,23.5,89.0,21.5,1009.3,10.4,0.4045875477159287,-5.78587149150698
2018-02-11 06:00:00,0.37,0.37,0.0,0.0,23.5,88.0,21.4,1010.1,11.2,1.0324674692655254,-6.5187430479279085
2018-02-11 07:00:00,0.28,0.28,0.0,0.0,24.5,82.0,21.2,1010.9,16.6,0.7233926648055641,-8.268415994161488
2018-02-11 08:00:00,0.23,0.22,0.0,0.02,26.5,72.0,21.0,1011.5,22.7,-3.5836794954530027,-9.335804264972017
2018-02-11 09:00:00,0.37,0.23,0.0,0.19,28.7,59.0,20.0,1012.3,26.3,-6.87782742364597,-8.196675541373065
2018-02-11 10:00:00,0.77,0.47,0.0,0.58,30.4,49.0,18.5,1011.9,28.8,-7.919595949289331,-7.919595949289333
2018-02-11 11:00:00,0.79,0.32,0.0,0.69,31.7,44.0,17.9,1010.8,28.8,-8.301805382450492,-7.2166493188955805
2018-02-11 12:00:00,0.75,0.26,0.0,0.66,33.1,40.0,17.5,1009.2,30.2,-10.513876985422742,-5.357087896926653
2018-02-11 13:00:00,0.71,0.04,0.0,0.7,33.5,39.0,17.7,1007.8,32.4,-12.98218395180946,0.6803674311582699
2018-02-11 14:00:00,0.83,0.43,0.07,0.72,32.8,47.0,20.0,1006.8,34.9,-13.322724469438755,6.21248844758828
2018-02-11 15:00:00,0.79,0.0,0.01,0.78,31.0,55.0,21.0,1006.6,39.6,-15.94330420774081,9.96248216758425
2018-02-11 16:00:00,0.82,0.0,0.0,0.82,30.6,53.0,19.9,1006.8,40.7,-16.53781045190467,8.066029100919026
2018-02-11 17:00:00,0.77,0.0,0.0,0.63,29.9,52.0,18.9,1007.1,38.2,-17.309116082930945,5.291927855481534
2018-02-11 18:00:00,0.32,0.0,0.0,0.32,28.3,58.0,19.2,1007.6,34.2,-10.806243742382302,3.3038002633669246
2018-02-11 19:00:00,0.0,0.0,0.0,0.0,27.0,62.0,19.1,1008.4,19.8,-7.9,-4.837354856632045e-16
2018-02-11 20:00:00,0.0,0.0,0.0,0.0,26.4,65.0,19.4,1009.5,17.6,-10.081199072728626,-3.275580140374443
2018-02-11 21:00:00,0.0,0.0,0.0,0.0,25.6,73.0,20.5,1010.0,18.4,-10.438962181929405,-1.8406706832694624
2018-02-11 22:00:00,0.01,0.01,0.0,0.0,25.0,79.0,21.1,1010.5,21.2,-11.835585968879046,-2.5157314588948894
2018-02-11 23:00:00,0.01,0.01,0.0,0.0,24.6,84.0,21.7,1010.7,21.6,-7.208537989743128,-5.047472639889206
2018-02-12 00:00:00,0.01,0.01,0.0,0.0,23.9,89.0,21.9,1010.8,14.8,2.181643291108516,-3.9357886821272814
2018-02-12 01:00:00,0.08,0.06,0.0,0.02,23.6,90.0,21.9,1010.4,10.8,3.644268564213335,-5.015905365124674
2018-02-12 02:00:00,0.29,0.29,0.0,0.0,23.7,90.0,22.0,1009.8,13.0,1.0577155672965006,-7.526037322435934
2018-02-12 03:00:00,0.41,0.32,0.0,0.13,24.0,89.0,22.0,1009.5,15.1,2.1063924945334474e-15,-8.6
2018-02-12 04:00:00,0.79,0.5,0.13,0.59,24.1,89.0,22.1,1009.4,17.6,-1.0243789400230041,-9.746314574609078
2018-02-12 05:00:00,0.76,0.32,0.06,0.67,24.8,85.0,22.0,1009.7,18.7,-1.767498382192831,-12.576404473017943
2018-02-12 06:00:00,0.78,0.56,0.1,0.5,24.5,85.0,21.8,1010.4,23.4,-0.802199448057441,-11.471986577987979
2018-02-12 07:00:00,0.63,0.29,0.17,0.45,25.4,79.0,21.5,1011.4,23.0,-0.41530401075976153,-11.89275084152724
2018-02-12 08:00:00,0.54,0.28,0.2,0.32,26.9,71.0,21.1,1012.2,27.4,-3.2870018728020134,-12.267257993871167
2018-02-12 09:00:00,0.57,0.48,0.21,0.14,28.9,61.0,20.5,1012.6,31.0,-8.36522882181347,-11.101033589657371
2018-02-12 10:00:00,0.91,0.87,0.14,0.28,30.7,51.0,19.5,1012.6,31.0,-7.866504888122967,-9.714324518212136
2018-02-12 11:00:00,0.94,0.89,0.23,0.43,31.6,47.0,18.8,1011.8,29.5,-6.800509761618146,-9.02458126353441
2018-02-12 12:00:00,0.99,0.99,0.6,0.29,32.2,44.0,18.5,1010.6,27.4,-7.951649632608118,-7.159697488039782
2018-02-12 13:00:00,0.7,0.67,0.37,0.03,32.2,46.0,19.2,1009.2,31.7,-13.649916082324127,-3.914050452601388
2018-02-12 14:00:00,0.24,0.11,0.21,0.06,33.5,42.0,18.7,1008.1,34.6,-12.591881118531171,-4.583069920563962
2018-02-12 15:00:00,0.67,0.3,0.29,0.55,33.3,41.0,18.2,1007.6,32.0,-13.694066410273278,-2.9107636714486325
2018-02-12 16:00:00,0.65,0.1,0.4,0.54,31.5,51.0,20.0,1007.7,34.9,-16.58988772851699,0.5793316452615159
2018-02-12 17:00:00,0.41,0.0,0.02,0.07,30.5,55.0,20.5,1007.9,34.9,-19.772864788140563,1.036251933610288
2018-02-12 18:00:00,0.29,0.0,0.02,0.27,28.4,63.0,20.8,1008.7,38.2,-16.972539193066606,-2.083965772228022
2018-02-12 19:00:00,0.05,0.0,0.05,0.0,27.0,68.0,20.6,1010.0,31.7,-16.162713077517623,-5.882746465201503
2018-02-12 20:00:00,0.34,0.0,0.05,0.31,26.0,72.0,20.5,1011.1,31.3,-14.093194589415168,-5.694020219921861
2018-02-12 21:00:00,0.05,0.0,0.02,0.04,25.7,72.0,20.4,1012.2,27.4,-12.597678239809435,-5.874393838195722
2018-02-12 22:00:00,0.05,0.0,0.0,0.04,25.3,74.0,20.3,1012.8,24.8,-8.973775077016036,-5.82763767466079
2018-02-12 23:00:00,0.07,0.01,0.0,0.06,24.8,77.0,20.4,1013.0,19.1,-2.542346798541462,-4.98963653545486
2018-02-13 00:00:00,0.35,0.15,0.0,0.27,24.4,79.0,20.5,1012.6,9.7,0.7515347451843558,-5.34744757120448
2018-02-13 01:00:00,0.26,0.24,0.0,0.05,24.1,80.0,20.5,1011.5,11.5,0.7212463965468086,-6.862201078041086
2018-02-13 02:00:00,0.37,0.36,0.0,0.03,24.1,80.0,20.5,1010.9,14.0,1.113384807680527,-7.922144549932562
2018-02-13 03:00:00,0.64,0.63,0.0,0.03,24.0,80.0,20.4,1010.8,15.5,1.376623292354034,-8.691657397237211
2018-02-13 04:00:00,0.35,0.34,0.0,0.03,23.8,81.0,20.2,1010.8,15.5,1.1090110249868397,-9.03216997993603
2018-02-13 05:00:00,0.31,0.37,0.0,0.0,23.9,80.0,20.1,1011.3,16.2,2.204364238465236e-15,-9.0
2018-02-13 06:00:00,0.98,0.98,0.0,0.13,24.1,78.0,20.0,1011.7,17.6,1.0243789400230034,-9.746314574609078
2018-02-13 07:00:00,0.76,0.55,0.0,0.49,25.1,73.0,20.0,1012.7,22.7,0.4013442120787595,-11.492994510719601
2018-02-13 08:00:00,0.78,0.62,0.0,0.43,26.6,67.0,20.0,1013.3,31.3,-6.381535752284561,-13.685247584253414
2018-02-13 09:00:00,0.79,0.48,0.0,0.6,28.1,60.0,19.6,1014.1,32.4,-7.571059701177796,-12.60035932032105
2018-02-13 10:00:00,0.75,0.54,0.0,0.47,29.9,52.0,19.0,1014.0,34.6,-7.98309016110584,-13.286093160882741
2018-02-13 11:00:00,0.78,0.39,0.0,0.65,31.5,45.0,18.2,1013.7,37.4,-9.095471884750951,-14.005798484688581
2018-02-13 12:00:00,0.79,0.22,0.01,0.73,32.3,40.0,17.0,1012.5,37.8,-8.723409294143652,-12.932986131858652
2018-02-13 13:00:00,0.79,0.13,0.03,0.76,33.5,34.0,15.6,1010.9,36.4,-9.062507694346529,-12.94260229976607
2018-02-13 14:00:00,0.82,0.13,0.02,0.79,34.0,31.0,14.8,1009.6,37.4,-8.387441139231417,-12.91552674635953
2018-02-13 15:00:00,0.8,0.01,0.01,0.79,34.2,30.0,14.2,1008.9,36.0,-8.621990754572435,-5.815606196095767
2018-02-13 16:00:00,0.74,0.03,0.0,0.73,33.2,34.0,15.3,1008.5,32.4,-14.772116295183121,-2.604722665003956
2018-02-13 17:00:00,0.41,0.0,0.0,0.2,31.4,40.0,16.4,1009.4,32.8,-14.763947943845398,-1.0323958114130536
2018-02-13 18:00:00,0.36,0.0,0.0,0.36,28.2,56.0,18.6,1009.8,33.5,-18.38879121715136,0.6421507393260175
2018-02-13 19:00:00,0.27,0.0,0.0,0.27,27.1,60.0,18.7,1010.8,33.8,-15.492137046601174,-4.736421616508335
2018-02-13 20:00:00,0.2,0.0,0.0,0.2,26.1,65.0,19.1,1012.1,28.8,-14.001420049710035,-5.096100135552466
2018-02-13 21:00:00,0.0,0.0,0.0,0.0,25.3,71.0,19.6,1012.8,27.0,-12.55736835487436,-7.250000000000002
2018-02-13 22:00:00,0.02,0.0,0.0,0.02,25.0,72.0,19.7,1013.4,25.9,-10.840827724624296,-7.87632238071914
2018-02-13 23:00:00,0.02,0.0,0.0,0.02,24.6,76.0,20.0,1013.4,23.4,-9.03932442880394,-7.5848937943011645
2018-02-14 00:00:00,0.21,0.0,0.0,0.21,24.2,78.0,20.2,1013.0,20.9,-6.104407793183422,-7.538315826132617
2018-02-14 01:00:00,0.18,0.03,0.0,0.15,23.5,82.0,20.2,1012.6,16.9,-2.1775351109542935,-7.59396739791272
2018-02-14 02:00:00,0.27,0.15,0.0,0.14,23.1,84.0,20.2,1012.0,13.7,1.7634913907721887e-15,-7.2
2018-02-14 03:00:00,0.29,0.24,0.0,0.07,23.0,84.0,20.2,1011.7,13.7,0.6972459419812665,-7.969557584733964
2018-02-14 04:00:00,0.26,0.25,0.0,0.02,22.9,85.0,20.2,1011.8,15.5,1.376623292354034,-8.691657397237211
2018-02-14 05:00:00,0.39,0.61,0.0,0.13,23.3,84.0,20.5,1012.0,16.2,-0.6766377953180154,-9.676371287520293
2018-02-14 06:00:00,0.5,0.39,0.0,0.19,23.6,83.0,20.5,1012.5,18.0,0.32805526900350773,-9.394273773979501
2018-02-14 07:00:00,0.6,0.3,0.0,0.43,24.2,80.0,20.5,1013.2,20.5,0.7045403848156689,-10.075396907624224
2018-02-14 08:00:00,0.86,0.73,0.0,0.51,26.0,70.0,20.2,1013.8,29.2,-6.901510203794726,-11.486041829408306
2018-02-14 09:00:00,0.77,0.66,0.0,0.33,27.9,60.0,19.3,1014.1,29.2,-7.582869291715808,-10.062807426595889
2018-02-14 10:00:00,0.61,0.37,0.0,0.41,29.8,50.0,18.2,1014.3,29.5,-7.281961780139784,-9.663489671572243
2018-02-14 11:00:00,0.56,0.3,0.0,0.39,31.8,40.0,16.5,1013.2,32.8,-7.87632238071914,-10.840827724624296
2018-02-14 12:00:00,0.82,0.25,0.08,0.77,33.0,35.0,15.6,1012.1,36.7,-10.027486711110011,-11.950293312656056
2018-02-14 13:00:00,0.77,0.06,0.14,0.73,34.0,32.0,14.8,1010.6,36.7,-11.101033589657371,-8.36522882181347
2018-02-14 14:00:00,0.64,0.02,0.15,0.58,34.8,29.0,14.2,1009.2,33.8,-11.486041829408306,-6.901510203794726
2018-02-14 15:00:00,0.18,0.0,0.05,0.14,34.8,28.0,13.7,1008.7,34.9,-13.703181864639014,-6.101049646137003
2018-02-14 16:00:00,0.0,0.0,0.0,0.0,33.8,31.0,14.1,1008.8,35.6,-16.2571808513716,-4.970318980286525
2018-02-14 17:00:00,0.0,0.0,0.0,0.03,31.6,39.0,16.2,1009.6,36.7,-17.196374960382123,-6.25896862285974
2018-02-14 18:00:00,0.0,0.0,0.0,0.0,29.6,42.0,15.4,1010.0,34.9,-10.765802912487002,-1.705135668938517
2018-02-14 19:00:00,0.0,0.0,0.0,0.0,27.7,53.0,17.4,1011.2,24.5,-14.0,-8.572527594031472e-16
2018-02-14 20:00:00,0.0,0.0,0.0,0.0,26.0,74.0,21.1,1012.1,27.0,-14.082750868074575,-2.483168940637105
2018-02-14 21:00:00,0.01,0.01,0.0,0.0,25.5,80.0,21.8,1012.8,25.6,-11.510108895365454,-5.367251924106883
2018-02-14 22:00:00,0.01,0.01,0.0,0.0,25.3,82.0,22.0,1013.2,22.7,-10.403230962470195,-7.284420741658284
2018-02-14 23:00:00,0.01,0.01,0.0,0.0,25.0,84.0,22.2,1012.8,23.4,-9.65386886137305,-9.00237835282498
2018-02-15 00:00:00,0.08,0.07,0.0,0.01,24.7,87.0,22.4,1012.5,23.8,-9.351417404402465,-9.030558815966964
2018-02-15 01:00:00,0.12,0.12,0.0,0.0,24.5,88.0,22.4,1011.8,23.0,-7.288537128426667,-10.031810730249349
2018-02-15 02:00:00,0.1,0.1,0.0,0.0,24.2,88.0,22.1,1011.3,22.7,-4.645121758357309,-11.497079796628164
2018-02-15 03:00:00,0.17,0.17,0.01,0.0,24.2,86.0,21.7,1011.1,24.5,-3.314329969715448,-13.293051449981151
2018-02-15 04:00:00,0.21,0.21,0.04,0.0,24.1,85.0,21.5,1010.9,25.2,-3.1718098662484966,-13.738617913471817
2018-02-15 05:00:00,0.2,0.31,0.0,0.0,24.2,85.0,21.5,1011.5,26.3,-4.2978640594242306,-14.05767991265662
2018-02-15 06:00:00,0.22,0.22,0.01,0.0,24.5,83.0,21.5,1012.1,28.4,-5.369716250212998,-14.753174146338761
2018-02-15 07:00:00,0.5,0.22,0.08,0.36,25.3,77.0,21.0,1012.7,33.5,-6.486459886769936,-16.897805719599354
2018-02-15 08:00:00,0.29,0.16,0.11,0.15,26.9,66.0,20.0,1013.3,40.7,-8.5791507133362,-18.398048076843995
2018-02-15 09:00:00,0.57,0.49,0.1,0.14,29.5,54.0,19.2,1013.7,45.0,-13.048832600892903,-17.960177275123833
2018-02-15 10:00:00,0.98,0.98,0.09,0.11,31.5,46.0,18.5,1013.4,46.4,-14.653960279258994,-16.274871677954934
2018-02-15 11:00:00,0.88,0.86,0.12,0.13,32.2,43.0,18.1,1012.5,45.4,-15.753541627416457,-15.21301831305204
2018-02-15 12:00:00,0.65,0.57,0.4,0.06,32.1,45.0,18.5,1011.3,46.1,-17.485784132781845,-14.159708798621342
2018-02-15 13:00:00,0.35,0.27,0.33,0.0,33.0,43.0,18.5,1010.3,47.9,-15.132085117392114,-15.132085117392117
2018-02-15 14:00:00,0.29,0.04,0.28,0.0,34.0,39.0,18.2,1009.2,46.8,-14.185568854807794,-15.754670300120758
2018-02-15 15:00:00,0.1,0.01,0.1,0.0,34.2,38.0,18.1,1008.7,46.1,-15.132085117392114,-15.132085117392117
2018-02-15 16:00:00,0.15,0.02,0.15,0.0,33.2,40.0,18.0,1008.9,45.4,-14.309962431455345,-14.818399886976216
2018-02-15 17:00:00,0.56,0.04,0.05,0.0,32.1,45.0,18.5,1009.0,41.8,-17.266009149445154,-7.687322554132623
2018-02-15 18:00:00,0.02,0.01,0.02,0.0,29.8,56.0,20.0,1009.6,36.0,-16.61773159165019,-6.378949501906347
2018-02-15 19:00:00,0.01,0.01,0.01,0.0,28.2,64.0,20.8,1010.6,32.4,-15.058010258783415,-7.672439445598341
2018-02-15 20:00:00,0.01,0.01,0.0,0.0,27.1,70.0,21.2,1011.5,30.6,-14.376021702821681,-8.300000000000002
2018-02-15 21:00:00,0.01,0.0,0.0,0.0,26.5,73.0,21.3,1012.5,29.9,-13.63239982008203,-6.946054646015067
2018-02-15 22:00:00,0.02,0.0,0.0,0.02,25.9,76.0,21.4,1013.1,27.4,-12.990381056766578,-7.500000000000002
2018-02-15 23:00:00,0.0,0.0,0.0,0.0,25.5,80.0,21.8,1013.0,26.6,-11.184248869537079,-9.384699101423475
2018-02-16 00:00:00,0.07,0.06,0.0,0.01,25.2,80.0,21.6,1012.7,25.9,-9.725217186425962,-10.070757204741117
2018-02-16 01:00:00,0.23,0.23,0.0,0.0,25.0,81.0,21.4,1012.1,24.8,-8.188297621831255,-10.480543022969401
2018-02-16 02:00:00,0.23,0.23,0.0,0.0,24.8,81.0,21.2,1011.5,23.8,-6.199999999999999,-10.73871500692704
2018-02-16 03:00:00,0.35,0.22,0.0,0.17,24.5,82.0,21.2,1011.2,22.7,-5.124881702755083,-11.510672766296771
2018-02-16 04:00:00,0.37,0.14,0.0,0.27,24.2,83.0,21.2,1011.0,24.8,-4.981314498679674,-12.976767928311105
2018-02-16 05:00:00,0.85,0.18,0.02,0.29,24.1,84.0,21.3,1011.3,24.8,-5.35301646030305,-12.610916492298433
2018-02-16 06:00:00,0.24,0.23,0.02,0.0,24.3,84.0,21.5,1012.1,26.3,-4.981314498679674,-12.976767928311105
2018-02-16 07:00:00,0.17,0.17,0.01,0.0,25.2,80.0,21.5,1012.7,25.2,-4.063966695646041,-13.292636107886192
2018-02-16 08:00:00,0.22,0.21,0.01,0.01,27.2,68.0,20.9,1013.2,38.9,-9.734219615800022,-16.20046198326992
2018-02-16 09:00:00,0.37,0.34,0.08,0.02,29.2,58.0,20.0,1013.4,40.3,-11.520590944932474,-15.856733089748971
2018-02-16 10:00:00,0.3,0.23,0.14,0.07,31.2,49.0,19.1,1013.1,41.4,-12.14868582307559,-14.478239974948684
2018-02-16 11:00:00,0.36,0.19,0.15,0.19,33.0,42.0,18.2,1012.2,41.4,-12.92064569053735,-13.379720286298912
2018-02-16 12:00:00,0.43,0.18,0.15,0.35,34.3,36.0,17.4,1010.7,41.0,-13.018095888821234,-12.139570809112474
2018-02-16 13:00:00,0.23,0.11,0.19,0.06,35.5,32.0,16.4,1009.3,40.0,-12.301766157631185,-10.693762172545268
2018-02-16 14:00:00,0.22,0.0,0.22,0.0,35.7,30.0,15.4,1008.1,37.4,-12.269756073814618,-8.276054971367053
2018-02-16 15:00:00,0.63,0.0,0.63,0.0,35.2,29.0,14.3,1007.6,34.2,-13.619554150675864,-3.6493485359455424
2018-02-16 16:00:00,0.36,0.0,0.36,0.0,32.3,48.0,19.8,1007.8,38.5,-18.018102231395993,6.916501426224295
2018-02-16 17:00:00,0.14,0.0,0.01,0.0,30.9,51.0,19.5,1008.1,43.6,-20.12335726067711,3.9115844052191684
2018-02-16 18:00:00,0.03,0.0,0.03,0.0,28.8,57.0,19.5,1008.7,39.2,-18.7,-1.1450447572027753e-15
2018-02-16 19:00:00,0.03,0.0,0.03,0.0,27.9,59.0,19.1,1009.1,34.2,-14.72440775171496,-2.862134930648174
2018-02-16 20:00:00,0.2,0.0,0.01,0.2,26.9,58.0,18.0,1010.0,28.1,-14.75317414633876,-5.369716250213
2018-02-16 21:00:00,0.01,0.0,0.01,0.0,26.0,61.0,17.9,1010.6,28.1,-12.960201354624095,-6.043441142892003
2018-02-16 22:00:00,0.0,0.0,0.0,0.0,25.4,63.0,17.9,1010.8,25.9,-11.864081411149003,-5.786499137615822
2018-02-16 23:00:00,0.0,0.0,0.0,0.0,24.3,72.0,19.0,1010.7,23.0,-3.603450996785793,-5.766727053863696
2018-02-17 00:00:00,0.0,0.0,0.0,0.0,23.4,76.0,19.0,1010.6,11.2,3.9634444034305507,-3.209533994354171
2018-02-17 01:00:00,0.14,0.0,0.0,0.14,23.0,75.0,18.4,1009.9,10.4,2.542346798541463,-4.989636535454859
2018-02-17 02:00:00,0.8,0.03,0.0,0.79,22.6,77.0,18.4,1009.2,11.9,1.8376152202278968,-6.858073366652385
2018-02-17 03:00:00,0.95,0.09,0.0,0.94,22.4,78.0,18.3,1008.9,13.3,2.4967470462773806,-6.859756131737131
2018-02-17 04:00:00,0.93,0.32,0.0,0.9,22.1,79.0,18.2,1008.9,14.4,3.5499933986218735,-7.612985411107861
2018-02-17 05:00:00,1.0,0.44,0.0,0.86,22.5,79.0,18.8,1009.0,15.5,2.543633831087813,-8.319851376878407
2018-02-17 06:00:00,0.97,0.78,0.0,0.89,23.0,78.0,19.0,1009.8,16.2,2.153104870837044,-8.635631963856369
2018-02-17 07:00:00,0.97,0.66,0.0,0.92,24.2,75.0,19.5,1010.5,20.5,0.7045403848156689,-10.075396907624224
2018-02-17 08:00:00,0.95,0.63,0.0,0.88,25.7,69.0,19.7,1011.2,28.4,-5.040431557511631,-11.874512609536481
2018-02-17 09:00:00,0.89,0.38,0.0,0.82,27.7,59.0,19.0,1012.0,29.5,-6.782966582185023,-10.855015630802253
2018-02-17 10:00:00,0.86,0.25,0.0,0.82,29.6,49.0,17.8,1011.9,29.9,-6.538771374401925,-9.338333304894507
2018-02-17 11:00:00,0.77,0.06,0.0,0.76,31.6,41.0,16.9,1010.6,29.5,-6.095202647831141,-9.036509540849956
2018-02-17 12:00:00,0.89,0.05,0.0,0.88,33.3,35.0,15.8,1009.1,32.4,-6.157082177128481,-11.107670280670325
2018-02-17 13:00:00,0.95,0.09,0.01,0.95,34.2,31.0,14.9,1007.5,34.2,-7.582869291715808,-10.062807426595889
2018-02-17 14:00:00,0.95,0.01,0.1,0.94,34.0,32.0,14.9,1006.1,32.4,-10.84028865951418,-1.1393602496174227
2018-02-17 15:00:00,0.72,0.0,0.0,0.72,31.9,48.0,19.6,1005.7,34.2,-11.898962379461501,9.29648827741744
2018-02-17 16:00:00,0.0,0.0,0.0,0.0,30.3,54.0,20.0,1005.3,42.1,-12.984309715668097,15.474097751003352
2018-02-17 17:00:00,0.0,0.0,0.0,0.0,29.8,55.0,19.7,1005.3,43.6,-13.23750199930699,12.344170317131221
2018-02-17 18:00:00,0.0,0.0,0.0,0.0,27.9,61.0,19.6,1005.8,36.0,-11.11095162585478,8.680826802091781
2018-02-17 19:00:00,0.0,0.0,0.0,0.0,27.5,57.0,18.1,1006.2,25.9,-12.552053195955994,1.0981623586204938
2018-02-17 20:00:00,0.0,0.0,0.0,0.0,26.9,48.0,15.1,1007.2,22.7,-12.605539238556263,-2.2226966741367096
2018-02-17 21:00:00,0.0,0.0,0.0,0.0,25.9,49.0,14.5,1007.7,22.7,-9.371786608437748,-2.8652427062828205
2018-02-17 22:00:00,0.0,0.0,0.0,0.0,24.1,56.0,14.9,1008.2,16.9,-4.361704647071826,-6.466493065929326
2018-02-17 23:00:00,0.0,0.0,0.0,0.0,24.0,57.0,14.9,1008.5,13.0,5.046787864462488,-5.4120173919818635
2018-02-18 00:00:00,0.0,0.0,0.0,0.0,23.5,61.0,15.6,1007.9,13.3,1.4273391840380405,-5.7247447850283795
2018-02-18 01:00:00,0.0,0.0,0.0,0.0,23.1,66.0,16.4,1007.1,10.1,1.4493866525741157,-5.4091846272187825
2018-02-18 02:00:00,0.0,0.0,0.0,0.0,22.6,68.0,16.4,1006.6,9.0,1.8469087739586105,-5.074340152243906
2018-02-18 03:00:00,0.0,0.0,0.0,0.0,22.3,69.0,16.2,1006.6,10.1,2.535709570444195,-5.4378467222199
2018-02-18 04:00:00,0.0,0.0,0.0,0.0,22.0,71.0,16.5,1006.8,10.4,2.2218812871808646,-5.78819864428265
2018-02-18 05:00:00,0.05,0.02,0.0,0.0,22.1,78.0,18.0,1007.0,10.1,2.1727182418122917,-5.377666356487366
2018-02-18 06:00:00,0.04,0.04,0.0,0.0,22.5,78.0,18.5,1008.0,11.5,1.4273391840380405,-5.7247447850283795
2018-02-18 07:00:00,0.09,0.09,0.0,0.0,24.2,72.0,18.9,1008.8,16.2,1.469229264399394,-7.558529312547013
2018-02-18 08:00:00,0.49,0.49,0.0,0.0,26.5,66.0,19.7,1009.6,23.8,-4.999999999999999,-8.660254037844387
2018-02-18 09:00:00,0.29,0.29,0.0,0.0,28.1,57.0,18.8,1010.3,24.5,-5.0886554215837965,-7.5442419102508795
2018-02-18 10:00:00,0.12,0.12,0.0,0.0,30.3,46.0,17.5,1009.7,27.4,-5.40517649517869,-8.650090580795544
2018-02-18 11:00:00,0.01,0.01,0.0,0.0,32.2,40.0,16.9,1008.6,32.0,-5.124881702755083,-11.510672766296771
2018-02-18 12:00:00,0.69,0.02,0.0,0.68,34.1,34.0,16.2,1007.3,35.6,-6.713443347838239,-12.626150577882656
2018-02-18 13:00:00,0.67,0.05,0.0,0.65,34.8,31.0,15.4,1005.8,35.6,-11.14504617410967,-5.435802220184561
2018-02-18 14:00:00,0.8,0.01,0.03,0.79,33.5,42.0,18.6,1004.9,36.0,-14.093194589415168,5.694020219921863
2018-02-18 15:00:00,0.78,0.0,0.0,0.78,31.9,49.0,19.9,1004.5,41.8,-13.739390186468237,13.26797487576685
2018-02-18 16:00:00,0.74,0.0,0.0,0.74,30.5,52.0,19.5,1004.5,44.6,-13.236721719501656,16.94223120254452
2018-02-18 17:00:00,0.74,0.0,0.0,0.72,29.9,50.0,18.4,1004.9,44.6,-15.761662348876785,9.099999999999996
2018-02-18 18:00:00,0.77,0.0,0.0,0.77,28.0,56.0,18.5,1005.6,35.3,-13.629602662131774,5.506716923213907
2018-02-18 19:00:00,0.79,0.0,0.0,0.79,26.7,59.0,18.0,1006.4,26.6,-13.691654330161612,-0.4781231048242648
2018-02-18 20:00:00,0.82,0.0,0.0,0.82,25.8,56.0,16.4,1007.5,24.5,-12.938717261796304,-2.049291492027025
2018-02-18 21:00:00,0.0,0.0,0.0,0.0,25.1,59.0,16.5,1008.6,23.4,-10.068373723328557,-5.1300926470568795
2018-02-18 22:00:00,0.0,0.0,0.0,0.0,24.4,64.0,17.2,1009.0,20.2,-3.244739871933341,-5.400153994423308
2018-02-18 23:00:00,0.0,0.0,0.0,0.0,23.8,69.0,17.8,1009.1,11.2,2.179154398749825,-4.276831316104166
2018-02-19 00:00:00,0.0,0.0,0.0,0.0,23.2,74.0,18.3,1008.7,9.0,1.7918397477265038,-4.667902132486008
2018-02-19 01:00:00,0.02,0.02,0.0,0.0,22.6,78.0,18.6,1007.9,8.6,0.37668495821827847,-5.386845871403051
2018-02-19 02:00:00,0.07,0.07,0.0,0.0,22.0,82.0,18.8,1007.1,9.4,0.7515347451843558,-5.34744757120448
2018-02-19 03:00:00,0.18,0.18,0.0,0.0,21.7,83.0,18.7,1006.9,9.7,2.1727182418122917,-5.377666356487366
2018-02-19 04:00:00,0.21,0.21,0.0,0.0,21.5,84.0,18.7,1007.0,11.5,2.4724035165450213,-6.119413440140796
2018-02-19 05:00:00,0.18,0.17,0.0,0.0,21.9,85.0,19.1,1007.5,12.2,2.887830165838181,-6.486172749262466
2018-02-19 06:00:00,0.88,0.88,0.0,0.0,22.2,82.0,19.0,1008.3,13.7,2.4967470462773806,-6.859756131737131
2018-02-19 07:00:00,0.9,0.9,0.0,0.0,23.6,75.0,19.0,1009.1,18.7,1.1090110249868397,-9.03216997993603
2018-02-19 08:00:00,0.55,0.55,0.0,0.0,25.5,66.0,18.6,1009.6,27.4,-5.367251924106883,-11.510108895365454
2018-02-19 09:00:00,0.33,0.33,0.0,0.0,27.4,55.0,17.6,1010.3,31.7,-8.030070108914645,-11.468128620045885
2018-02-19 10:00:00,0.24,0.24,0.0,0.0,29.2,46.0,16.5,1010.1,33.8,-8.030070108914645,-11.468128620045885
2018-02-19 11:00:00,0.1,0.1,0.0,0.0,31.3,38.0,15.2,1009.0,36.0,-8.96704384496552,-11.899669099704663
2018-02-19 12:00:00,0.04,0.04,0.0,0.0,32.9,32.0,14.1,1007.5,38.5,-10.890579881242422,-12.528179031698016
2018-02-19 13:00:00,0.01,0.01,0.0,0.0,34.2,28.0,13.1,1006.1,38.9,-11.17228714274745,-11.172287142747452
2018-02-19 14:00:00,0.0,0.0,0.0,0.0,34.7,26.0,12.6,1004.9,37.4,-10.414992207074254,-9.053614600069
2018-02-19 15:00:00,0.02,0.0,0.02,0.0,34.7,26.0,12.6,1004.3,33.5,-12.24459029200319,-7.951729911219395
2018-02-19 16:00:00,0.0,0.0,0.0,0.0,33.5,30.0,13.4,1004.4,36.4,-15.09840383788765,-8.027963723638734
2018-02-19 17:00:00,0.0,0.0,0.0,0.0,30.5,41.0,15.7,1005.6,38.5,-18.711347307231954,-3.2993153756716778
2018-02-19 18:00:00,0.0,0.0,0.0,0.0,27.8,52.0,17.0,1006.3,37.4,-18.728460324124818,-1.638527963655973
2018-02-19 19:00:00,0.0,0.0,0.0,0.0,26.2,58.0,17.3,1006.9,34.2,-15.84118355114072,-4.24463233968134
2018-02-19 20:00:00,0.0,0.0,0.0,0.0,25.2,62.0,17.5,1008.0,29.5,-13.302151885227671,-6.487892972478346
2018-02-19 21:00:00,0.65,0.0,0.0,0.65,24.6,65.0,17.7,1008.7,26.6,-12.583116648188337,-6.1371960550470845
2018-02-19 22:00:00,0.79,0.0,0.0,0.79,24.1,68.0,17.9,1009.1,24.8,-9.747909327039002,-6.825559592577449
2018-02-19 23:00:00,0.88,0.0,0.0,0.88,23.5,72.0,18.1,1009.3,20.9,-7.88010753606722,-6.156614753256583
2018-02-20 00:00:00,0.77,0.0,0.0,0.77,22.8,76.0,18.2,1009.0,17.6,-4.658019105832602,-5.358438019581681
2018-02-20 01:00:00,0.0,0.0,0.0,0.0,22.0,79.0,18.3,1008.4,11.9,-1.0811407922523486,-5.08636752381579
2018-02-20 02:00:00,0.0,0.0,0.0,0.0,21.8,80.0,18.2,1007.9,10.4,0.7555899291119128,-6.153786140176197
2018-02-20 03:00:00,0.06,0.04,0.0,0.02,21.5,80.0,18.0,1007.8,12.2,1.8376152202278968,-6.858073366652385
2018-02-20 04:00:00,0.28,0.07,0.0,0.23,21.5,80.0,17.9,1007.7,12.6,2.1927877854205287,-7.172285669722765
2018-02-20 05:00:00,0.65,0.07,0.0,0.58,21.5,81.0,18.1,1007.8,14.8,0.3140954703225074,-8.994517443171862
2018-02-20 06:00:00,0.64,0.09,0.0,0.6,21.8,80.0,18.0,1008.3,18.0,0.7045403848156689,-10.075396907624224
2018-02-20 07:00:00,0.17,0.08,0.0,0.1,23.1,74.0,18.2,1009.2,21.6,2.743208830090071e-15,-11.2
2018-02-20 08:00:00,0.09,0.09,0.0,0.0,25.5,65.0,18.5,1009.8,30.2,-4.024305394928188,-14.034420760699456
2018-02-20 09:00:00,0.37,0.26,0.0,0.16,27.9,54.0,17.8,1010.6,37.1,-9.450360068655622,-14.010734976180204
2018-02-20 10:00:00,0.84,0.09,0.0,0.82,29.6,45.0,16.5,1010.5,37.8,-9.450360068655622,-14.010734976180204
2018-02-20 11:00:00,0.95,0.01,0.0,0.95,31.6,38.0,15.6,1009.1,38.5,-9.698456662825807,-13.348780407186633
2018-02-20 12:00:00,0.91,0.02,0.0,0.91,33.3,33.0,15.0,1007.4,39.6,-10.404678933003625,-13.3173817359536
2018-02-20 13:00:00,0.93,0.01,0.0,0.93,34.5,30.0,14.2,1005.8,39.6,-10.775574088987476,-11.555388485582894
2018-02-20 14:00:00,0.96,0.0,0.0,0.96,35.1,28.0,13.8,1004.6,37.8,-10.480543022969403,-8.188297621831255
2018-02-20 15:00:00,0.82,0.0,0.0,0.82,35.0,27.0,13.5,1003.7,33.5,-10.785062665736135,-5.029157314714324
2018-02-20 16:00:00,0.73,0.0,0.0,0.73,34.1,29.0,13.7,1003.4,29.9,-12.938717261796304,-2.049291492027025
2018-02-20 17:00:00,0.0,0.0,0.0,0.0,31.9,39.0,16.3,1004.4,32.4,-15.097700196861508,0.2635313372029805
2018-02-20 18:00:00,0.0,0.0,0.0,0.0,28.5,55.0,18.5,1004.9,32.0,-15.878209602597725,0.8321417042628071
2018-02-20 19:00:00,0.0,0.0,0.0,0.0,27.1,59.0,18.5,1005.7,32.4,-17.63609817261276,-4.071614083623955
2018-02-20 20:00:00,0.0,0.0,0.0,0.0,26.0,64.0,18.6,1006.8,32.8,-16.245322661357587,-4.658271313307285
2018-02-20 21:00:00,0.0,0.0,0.0,0.0,25.3,67.0,18.7,1007.8,30.2,-13.977245501931794,-6.223070639059744
2018-02-20 22:00:00,0.0,0.0,0.0,0.0,24.9,69.0,18.8,1007.9,27.4,-12.583116648188337,-6.1371960550470845
2018-02-20 23:00:00,0.0,0.0,0.0,0.0,24.3,73.0,19.1,1008.0,25.2,-9.393110360988748,-6.099957192168303
2018-02-21 00:00:00,0.0,0.0,0.0,0.0,23.4,79.0,19.4,1007.8,20.2,-1.7613968679372003,-5.421022142882375
2018-02-21 01:00:00,0.02,0.02,0.0,0.0,22.8,82.0,19.5,1007.4,9.7,1.4326213531414123,-4.685893304218873
2018-02-21 02:00:00,0.44,0.24,0.0,0.26,22.5,83.0,19.5,1006.9,9.4,1.7613968679372018,-5.421022142882375
2018-02-21 03:00:00,0.26,0.26,0.0,0.01,22.5,83.0,19.4,1006.5,12.6,2.891410350820627,-6.811735915548058
2018-02-21 04:00:00,0.3,0.3,0.0,0.0,22.5,82.0,19.2,1006.6,14.0,3.6149310334513594,-6.798696465013738
2018-02-21 05:00:00,0.51,0.87,0.0,0.0,22.5,80.0,18.9,1006.5,13.3,2.1775351109542918,-7.59396739791272
2018-02-21 06:00:00,0.95,0.94,0.0,0.16,23.3,76.0,18.8,1007.2,17.3,1.7554427574642109,-9.030970087718508
2018-02-21 07:00:00,0.91,0.46,0.0,0.84,24.1,73.0,18.9,1007.8,23.8,0.4153040107597598,-11.89275084152724
2018-02-21 08:00:00,0.94,0.41,0.0,0.9,25.6,66.0,18.9,1008.5,29.2,-4.2335328229367795,-13.029474273243602
2018-02-21 09:00:00,0.55,0.39,0.0,0.27,27.8,56.0,18.1,1009.5,31.3,-7.85799717800933,-11.222383006759188
2018-02-21 10:00:00,0.78,0.33,0.0,0.67,29.5,45.0,16.4,1009.1,32.4,-8.725585085573748,-10.037637416962868
2018-02-21 11:00:00,0.65,0.11,0.0,0.61,31.3,39.0,15.5,1008.1,35.3,-8.276054971367055,-12.269756073814618
2018-02-21 12:00:00,0.94,0.03,0.0,0.94,33.2,31.0,13.6,1006.4,38.5,-8.932080174246444,-13.754197314304953
2018-02-21 13:00:00,0.81,0.01,0.0,0.81,34.5,25.0,11.8,1005.1,38.9,-11.149766905249091,-10.767204742114458
2018-02-21 14:00:00,0.8,0.0,0.0,0.8,34.9,23.0,10.9,1003.8,36.7,-11.497079796628164,-4.645121758357308
2018-02-21 15:00:00,0.85,0.0,0.0,0.85,33.2,33.0,14.8,1003.2,32.8,-12.976767928311105,4.981314498679674
2018-02-21 16:00:00,0.75,0.0,0.0,0.75,30.4,52.0,19.5,1003.4,39.2,-12.480569989143724,13.38377273963082
2018-02-21 17:00:00,0.07,0.0,0.0,0.0,29.0,54.0,18.8,1003.9,39.6,-16.20046198326992,9.734219615800026
2018-02-21 18:00:00,0.0,0.0,0.0,0.0,27.1,62.0,19.2,1004.0,37.1,-12.244675899951542,6.787334683448718
2018-02-21 19:00:00,0.0,0.0,0.0,0.0,26.4,62.0,18.6,1005.3,25.6,-11.555953584963111,1.8302832409707004
2018-02-21 20:00:00,0.0,0.0,0.0,0.0,26.0,62.0,18.0,1006.3,20.5,-11.19054989130337,-2.175222547292612
2018-02-21 21:00:00,0.0,0.0,0.0,0.0,25.2,63.0,17.8,1007.1,20.2,-10.41441821712565,-4.636797731064123
2018-02-21 22:00:00,0.0,0.0,0.0,0.0,24.5,67.0,18.0,1007.8,19.8,-7.171881598543044,-3.975438886019964
2018-02-21 23:00:00,0.0,0.0,0.0,0.0,23.5,73.0,18.4,1008.3,13.7,-0.7555899291119144,-6.153786140176196
2018-02-22 00:00:00,0.0,0.0,0.0,0.0,22.8,76.0,18.5,1008.0,7.2,1.7489675652259407,-3.9282454678631837
2018-02-22 01:00:00,0.0,0.0,0.0,0.0,22.2,80.0,18.5,1007.1,10.1,1.7542302283364228,-5.7378285357782115
2018-02-22 02:00:00,0.0,0.0,0.0,0.0,21.8,81.0,18.5,1006.5,11.9,1.4553818357243191,-6.847033205136639
2018-02-22 03:00:00,0.06,0.06,0.0,0.0,21.4,84.0,18.5,1006.1,13.3,1.0577155672965006,-7.526037322435934
2018-02-22 04:00:00,0.1,0.1,0.0,0.0,21.1,85.0,18.5,1006.2,14.4,2.0329136865846065e-15,-8.3
2018-02-22 05:00:00,0.15,0.12,0.0,0.49,21.3,84.0,18.5,1006.4,15.1,-0.662383644882202,-7.571079705497266
2018-02-22 06:00:00,0.18,0.14,0.0,0.05,21.6,80.0,18.1,1007.1,15.1,-0.30013567164150834,-8.594761112364223
2018-02-22 07:00:00,0.17,0.09,0.0,0.09,22.9,75.0,18.1,1007.7,19.8,-0.3385251180142594,-9.694091022085228
2018-02-22 08:00:00,0.17,0.0,0.0,0.17,25.0,69.0,19.0,1008.2,28.4,-3.9863192274368213,-12.26862906020748
2018-02-22 09:00:00,0.36,0.09,0.0,0.29,27.6,52.0,17.0,1008.4,32.0,-6.219669846431791,-12.20678938138064
2018-02-22 10:00:00,0.0,0.0,0.0,0.0,30.0,38.0,14.1,1008.3,34.2,-6.446665096301564,-12.652292643474823
2018-02-22 11:00:00,0.24,0.0,0.0,0.24,32.0,31.0,12.9,1007.2,35.3,-6.582862246223429,-12.919594600731335
2018-02-22 12:00:00,0.0,0.0,0.0,0.0,33.7,27.0,12.1,1005.6,36.0,-7.895797037074753,-12.635916632730748
2018-02-22 13:00:00,0.37,0.0,0.0,0.37,35.2,23.0,11.0,1004.3,36.4,-10.093575728924979,-10.824034783963723
2018-02-22 14:00:00,0.81,0.0,0.0,0.81,35.3,21.0,9.9,1003.1,36.0,-12.569373835729534,-2.9018686010358574
2018-02-22 15:00:00,0.86,0.0,0.0,0.86,32.9,39.0,17.0,1002.6,37.1,-13.99279358658103,8.743667859847879
2018-02-22 16:00:00,0.92,0.0,0.0,0.92,31.0,48.0,18.8,1002.6,41.0,-14.417009614261447,12.981133763361848
2018-02-22 17:00:00,0.9,0.0,0.0,0.0,28.3,56.0,18.5,1003.4,41.4,-16.55320897903348,13.404524329361534
2018-02-22 18:00:00,0.34,0.0,0.0,0.34,27.0,62.0,19.0,1004.1,40.7,-12.539763412811686,9.110671410533332
2018-02-22 19:00:00,0.58,0.0,0.0,0.58,26.5,61.0,18.4,1005.2,28.1,-11.854716907291772,1.037153338697133
2018-02-22 20:00:00,0.39,0.0,0.0,0.39,25.8,61.0,17.7,1006.3,21.6,-11.14525458323973,-4.962187045524762
2018-02-22 21:00:00,0.08,0.0,0.0,0.08,25.1,64.0,17.9,1007.5,21.6,-6.505382386916236,-6.505382386916237
2018-02-22 22:00:00,0.7,0.0,0.0,0.7,24.4,68.0,18.1,1007.8,15.8,0.4045875477159287,-5.78587149150698
2018-02-22 23:00:00,0.78,0.0,0.0,0.78,23.1,74.0,18.2,1008.2,10.1,0.3557580160950407,-5.087576656325103
2018-02-23 00:00:00,0.66,0.0,0.0,0.66,22.5,76.0,18.2,1007.7,9.0,-0.7515347451843534,-5.34744757120448
2018-02-23 01:00:00,0.15,0.05,0.0,0.1,22.2,78.0,18.2,1007.2,10.4,1.4940690949597709e-15,-6.1
2018-02-23 02:00:00,0.4,0.38,0.0,0.03,22.0,79.0,18.3,1006.6,11.2,1.4846769586695112,-6.430842427582552
2018-02-23 03:00:00,0.88,0.64,0.0,0.67,22.4,78.0,18.4,1006.3,15.1,3.538608794759461,-7.947845481490627
2018-02-23 04:00:00,0.98,0.81,0.0,0.89,22.9,76.0,18.5,1006.4,18.7,3.5570094905869536,-9.772803256173448
2018-02-23 05:00:00,1.0,0.67,0.0,0.19,22.4,80.0,18.7,1006.8,18.7,2.543633831087813,-8.319851376878407
2018-02-23 06:00:00,1.0,1.0,0.0,0.21,23.2,75.0,18.5,1007.6,17.3,1.423553631866103,-8.987963899415753
2018-02-23 07:00:00,0.99,0.95,0.0,0.84,24.2,70.0,18.5,1008.7,20.9,0.37691456438700893,-10.793420931806235
2018-02-23 08:00:00,0.75,0.71,0.0,0.13,25.5,67.0,18.8,1009.2,26.6,-3.2870018728020134,-12.267257993871167
2018-02-23 09:00:00,0.46,0.46,0.0,0.0,27.8,57.0,18.4,1009.8,32.4,-7.159029241249753,-11.914625479759362
2018-02-23 10:00:00,0.33,0.33,0.0,0.0,29.6,46.0,16.9,1009.3,32.0,-6.941942361454984,-11.10943005964918
2018-02-23 11:00:00,0.36,0.11,0.0,0.28,31.5,38.0,15.6,1007.9,35.3,-7.951729911219395,-12.24459029200319
2018-02-23 12:00:00,0.76,0.0,0.0,0.76,33.2,33.0,14.9,1006.6,37.1,-9.267951356541543,-12.29898685472831
2018-02-23 13:00:00,0.96,0.06,0.0,0.96,34.5,30.0,14.2,1004.9,37.1,-11.533454107727392,-7.206901993571586
2018-02-23 14:00:00,0.99,0.0,0.0,0.99,34.8,28.0,13.8,1003.8,34.2,-10.818369254437565,-2.8987733051482323
2018-02-23 15:00:00,0.98,0.0,0.01,0.98,34.5,29.0,14.1,1003.0,29.9,-11.89275084152724,0.41530401075976137
2018-02-23 16:00:00,0.95,0.0,0.0,0.95,32.8,37.0,16.5,1003.0,33.1,-14.748495039395145,3.67721281311495
2018-02-23 17:00:00,0.92,0.0,0.0,0.97,30.9,42.0,16.6,1003.5,37.1,-19.805361374831406,2.7834620192013073
2018-02-23 18:00:00,0.0,0.0,0.0,0.0,28.5,52.0,17.8,1004.0,38.5,-16.935309867559674,1.48164762671019
2018-02-23 19:00:00,0.0,0.0,0.0,0.0,27.4,56.0,17.9,1005.0,32.4,-16.51733162954307,-4.425805671253105
2018-02-23 20:00:00,0.0,0.0,0.0,0.0,26.7,58.0,17.9,1006.0,31.0,-14.377138568056907,-5.518866422997626
2018-02-23 21:00:00,0.0,0.0,0.0,0.0,25.8,67.0,19.1,1006.9,28.1,-13.302151885227671,-6.487892972478346
2018-02-23 22:00:00,0.01,0.01,0.0,0.0,25.0,74.0,20.0,1007.6,26.6,-12.919594600731335,-6.58286224622343
2018-02-23 23:00:00,0.01,0.01,0.0,0.0,24.6,79.0,20.8,1008.0,25.6,-9.663489671572243,-7.281961780139784
2018-02-24 00:00:00,0.0,0.0,0.0,0.0,24.1,82.0,21.0,1008.1,21.2,-4.683895701129233,-7.212566884330647
2018-02-24 01:00:00,0.05,0.05,0.0,0.0,23.6,85.0,20.9,1007.7,14.8,-1.7542302283364206,-5.737828535778212
2018-02-24 02:00:00,0.12,0.12,0.0,0.0,23.4,85.0,20.8,1007.5,11.5,0.3401837155791384,-6.49109197590473
2018-02-24 03:00:00,0.09,0.09,0.0,0.0,23.4,85.0,20.7,1007.3,15.1,1.0602632876247808,-8.635151519279502
2018-02-24 04:00:00,0.11,0.11,0.0,0.0,23.1,86.0,20.5,1007.5,16.2,1.7554427574642109,-9.030970087718508
2018-02-24 05:00:00,0.2,0.24,0.0,0.0,23.5,86.0,21.0,1007.8,16.9,1.4613175600806918,-10.397814721786487
2018-02-24 06:00:00,0.28,0.28,0.0,0.0,24.0,83.0,20.9,1008.7,20.2,2.496956703216905,-10.815507719116109
2018-02-24 07:00:00,0.24,0.24,0.0,0.0,25.1,77.0,20.8,1009.5,24.5,1.0981623586204947,-12.552053195955994
2018-02-24 08:00:00,0.55,0.55,0.0,0.0,27.2,68.0,20.8,1010.2,33.8,-6.548459953520384,-14.708081868045875
2018-02-24 09:00:00,0.52,0.52,0.12,0.0,29.0,59.0,20.0,1010.3,34.2,-10.773002762377619,-11.964631690186048
2018-02-24 10:00:00,0.64,0.6,0.55,0.0,29.3,58.0,20.1,1010.4,38.2,-12.003171137099974,-12.8718251484974
2018-02-24 11:00:00,0.5,0.44,0.43,0.0,30.1,54.0,20.0,1009.3,38.2,-11.107568065557048,-12.336204102924745
2018-02-24 12:00:00,0.34,0.05,0.34,0.0,32.5,46.0,19.2,1007.8,37.1,-11.17228714274745,-11.172287142747452
2018-02-24 13:00:00,0.21,0.13,0.21,0.0,34.5,38.0,18.2,1006.4,36.7,-11.184248869537079,-9.384699101423475
2018-02-24 14:00:00,0.11,0.1,0.06,0.0,35.1,35.0,17.2,1005.3,34.6,-11.535326622311663,-3.971931484377312
2018-02-24 15:00:00,0.29,0.0,0.29,0.0,34.8,33.0,16.4,1004.5,32.4,-13.997867732189478,0.24433369012196868
2018-02-24 16:00:00,0.02,0.01,0.0,0.0,34.0,36.0,17.0,1004.6,35.6,-16.89742604814301,-0.29494566879009276
2018-02-24 17:00:00,0.0,0.0,0.1,0.0,32.7,42.0,18.0,1005.0,36.0,-17.679621296652964,-2.8001769242201333
2018-02-24 18:00:00,0.0,0.0,0.0,0.0,30.1,49.0,18.4,1005.6,35.3,-15.844289099865126,-2.2267696153610474
2018-02-24 19:00:00,0.0,0.0,0.0,0.0,28.0,59.0,19.2,1006.7,33.1,-17.30911608293094,-5.291927855481536
2018-02-24 20:00:00,0.0,0.0,0.0,0.0,26.7,65.0,19.6,1007.9,32.8,-15.790160212508589,-5.436988179434517
2018-02-24 21:00:00,0.01,0.01,0.0,0.0,25.9,72.0,20.5,1008.6,30.2,-14.434018230753095,-6.426438960597643
2018-02-24 22:00:00,0.02,0.02,0.0,0.0,25.4,78.0,21.1,1009.0,29.5,-14.081377284944272,-7.8054348859660285
2018-02-24 23:00:00,0.0,0.0,0.0,0.0,25.1,80.0,21.5,1009.0,29.2,-13.334862030332243,-8.65976065673893
2018-02-25 00:00:00,0.34,0.0,0.0,0.34,24.9,81.0,21.5,1008.6,28.4,-11.169701787297026,-9.709673629059509
2018-02-25 01:00:00,0.54,0.01,0.0,0.53,24.6,82.0,21.5,1008.0,26.3,-8.188297621831255,-10.480543022969401
2018-02-25 02:00:00,0.72,0.07,0.0,0.7,24.4,83.0,21.3,1007.6,23.8,-4.727846654720213,-11.138108726774528
2018-02-25 03:00:00,0.76,0.08,0.0,0.74,24.2,82.0,20.9,1007.2,22.0,-1.830283240970701,-11.555953584963111
2018-02-25 04:00:00,0.77,0.08,0.0,0.76,24.0,80.0,20.4,1007.4,20.9,2.8166876380389124e-15,-11.5
2018-02-25 05:00:00,0.75,0.04,0.0,0.43,23.8,81.0,20.4,1007.5,21.6,0.4013442120787595,-11.492994510719601
2018-02-25 06:00:00,0.18,0.05,0.0,0.14,23.8,81.0,20.4,1008.4,20.9,2.8166876380389124e-15,-11.5
2018-02-25 07:00:00,0.06,0.05,0.01,0.0,25.0,75.0,20.4,1009.1,25.9,-1.442492793093618,-13.724402156082173
2018-02-25 08:00:00,0.08,0.08,0.02,0.0,27.2,67.0,20.5,1009.8,36.0,-7.6916523636807295,-16.494801724067027
2018-02-25 09:00:00,0.51,0.51,0.02,0.0,29.8,54.0,19.5,1010.1,41.8,-10.904261617679564,-16.166232664823315
2018-02-25 10:00:00,0.34,0.33,0.02,0.0,31.4,47.0,18.5,1009.9,41.0,-10.121457946854214,-16.197718636587737
2018-02-25 11:00:00,0.39,0.39,0.17,0.0,33.2,39.0,17.2,1008.7,42.1,-11.226698318786237,-15.452224592561498
2018-02-25 12:00:00,0.27,0.24,0.24,0.0,34.8,33.0,16.4,1007.5,42.1,-11.579495195317007,-14.299485690808263
2018-02-25 13:00:00,0.42,0.0,0.37,0.17,35.8,30.0,15.5,1006.1,41.0,-10.531762905160845,-13.976121425827625
2018-02-25 14:00:00,0.52,0.0,0.2,0.41,36.2,28.0,14.7,1005.0,39.6,-11.184504408545783,-13.329173310270216
2018-02-25 15:00:00,0.65,0.0,0.09,0.62,36.0,28.0,14.5,1004.6,38.9,-12.336204102924745,-11.107568065557048
2018-02-25 16:00:00,0.69,0.0,0.03,0.68,35.5,28.0,14.5,1004.6,36.4,-14.392045763600509,-7.652386473410021
2018-02-25 17:00:00,0.86,0.0,0.12,0.66,32.2,41.0,17.2,1005.4,41.4,-20.490763185926003,-8.278805714491655
2018-02-25 18:00:00,0.02,0.0,0.02,0.0,29.6,55.0,19.5,1006.0,42.1,-20.96059043047278,-5.6163732787247
2018-02-25 19:00:00,0.79,0.0,0.02,0.78,28.0,61.0,19.9,1007.0,41.8,-20.57926839521139,-7.490241138832147
2018-02-25 20:00:00,0.81,0.0,0.01,0.8,27.0,65.0,19.9,1008.2,40.0,-17.24561969494225,-6.967682637535963
2018-02-25 21:00:00,0.94,0.0,0.01,0.94,26.5,69.0,20.2,1008.9,33.8,-16.91446717414635,-6.156362579862039
2018-02-25 22:00:00,0.99,0.0,0.01,0.99,26.0,71.0,20.4,1009.3,32.8,-16.20088542076295,-6.876867861411218
2018-02-25 23:00:00,0.94,0.0,0.01,0.94,25.5,74.0,20.5,1009.2,31.7,-14.077903082176213,-7.173049895884841
2018-02-26 00:00:00,0.96,0.0,0.01,0.95,25.0,75.0,20.4,1008.7,28.8,-12.297560733739028,-7.100000000000001
2018-02-26 01:00:00,0.99,0.0,0.01,0.99,24.5,77.0,20.1,1008.0,25.2,-6.818308926592688,-9.38459713474939
2018-02-26 02:00:00,0.99,0.0,0.01,0.99,24.0,79.0,20.0,1007.4,20.5,-1.7712114122026892,-10.045039080724521
2018-02-26 03:00:00,0.99,0.0,0.0,0.99,23.6,80.0,20.0,1007.1,18.4,-0.3524849166952598,-10.093847352892867
2018-02-26 04:00:00,0.96,0.0,0.0,0.96,23.4,81.0,19.9,1006.9,18.0,0.33852511801425794,-9.694091022085228
2018-02-26 05:00:00,0.97,0.0,0.0,0.98,23.2,82.0,20.0,1007.2,16.9,0.32805526900350773,-9.394273773979501
2018-02-26 06:00:00,0.99,0.04,0.0,0.99,23.5,81.0,20.1,1007.8,19.1,-1.0975488643103615,-10.44247990136687
2018-02-26 07:00:00,0.84,0.2,0.0,0.8,24.8,76.0,20.3,1008.6,24.1,-2.2226966741367082,-12.605539238556263
2018-02-26 08:00:00,0.42,0.36,0.01,0.23,27.0,66.0,20.1,1009.3,37.1,-8.262627095259752,-16.216318740228296
2018-02-26 09:00:00,0.25,0.22,0.04,0.03,29.8,54.0,19.4,1009.8,37.8,-7.536242295676478,-14.790708301526909
2018-02-26 10:00:00,0.22,0.21,0.1,0.0,31.6,46.0,18.5,1009.6,36.7,-6.719630361677122,-14.410293813882735
2018-02-26 11:00:00,0.23,0.06,0.07,0.16,33.8,37.0,17.1,1007.9,36.0,-6.809857496093202,-13.365097862825518
2018-02-26 12:00:00,0.18,0.0,0.18,0.0,35.6,32.0,16.4,1006.5,37.1,-10.365732658050016,-11.924411367519799
2018-02-26 13:00:00,0.21,0.0,0.21,0.0,36.8,29.0,15.6,1004.7,37.1,-10.458357933154138,-9.752576548893728
2018-02-26 14:00:00,0.77,0.0,0.76,0.07,36.2,28.0,14.8,1003.7,34.2,-13.987510690493421,-2.9731371786939604
2018-02-26 15:00:00,0.35,0.0,0.35,0.01,34.0,40.0,18.5,1003.5,35.6,-15.188330081965264,6.447063620073017
2018-02-26 16:00:00,0.63,0.0,0.3,0.49,32.3,49.0,20.3,1003.7,43.6,-19.73258188508018,8.785511490437287
2018-02-26 17:00:00,0.35,0.0,0.1,0.17,32.3,43.0,18.0,1004.1,43.9,-16.938693351809977,2.9867486558712013
2018-02-26 18:00:00,0.57,0.0,0.09,0.52,29.5,56.0,19.8,1005.0,33.8,-16.97253919306661,2.0839657722280203
2018-02-26 19:00:00,0.48,0.0,0.07,0.44,28.2,61.0,20.0,1006.5,31.0,-15.5,-9.491012693391988e-16
2018-02-26 20:00:00,0.11,0.0,0.11,0.0,27.4,66.0,20.4,1007.5,27.7,-12.591881118531171,-4.583069920563962
2018-02-26 21:00:00,0.65,0.01,0.12,0.61,26.7,71.0,21.0,1008.4,24.1,-12.277062816293963,-2.8343832847326977
2018-02-26 22:00:00,0.61,0.02,0.1,0.56,26.0,76.0,21.5,1008.7,23.0,-9.389149505214892,-3.985457510590592
2018-02-26 23:00:00,0.78,0.07,0.04,0.76,25.6,80.0,21.9,1008.9,18.0,1.7489675652259407,-3.9282454678631837
2018-02-27 00:00:00,0.53,0.18,0.01,0.43,25.2,82.0,21.9,1008.3,9.4,2.163159914622229,-3.600102662948871
2018-02-27 01:00:00,0.32,0.29,0.01,0.04,25.1,83.0,22.0,1007.0,8.6,-1.0494494745709964,-5.3989495089621515
2018-02-27 02:00:00,0.57,0.57,0.0,0.0,24.8,85.0,22.0,1006.4,12.2,-0.721246396546809,-6.862201078041086
2018-02-27 03:00:00,1.0,1.0,0.0,0.0,25.3,81.0,21.9,1006.3,15.8,0.32805526900350773,-9.394273773979501
2018-02-27 04:00:00,0.88,0.88,0.0,0.0,25.4,80.0,21.5,1006.4,22.0,2.9146593819707008e-15,-11.9
2018-02-27 05:00:00,0.37,0.99,0.0,0.0,24.9,84.0,22.0,1006.7,22.3,-0.3769145643870105,-10.793420931806235
2018-02-27 06:00:00,0.81,0.8,0.06,0.0,25.3,81.0,21.9,1007.3,21.2,-1.0975488643103615,-10.44247990136687
2018-02-27 07:00:00,0.5,0.39,0.19,0.14,25.9,78.0,21.7,1008.1,24.1,-2.4423551408197737,-12.5648279481301
2018-02-27 08:00:00,0.73,0.31,0.25,0.57,27.5,69.0,21.2,1008.8,32.4,-5.369716250212998,-14.753174146338761
2018-02-27 09:00:00,0.28,0.13,0.14,0.13,29.2,59.0,20.4,1008.9,34.2,-7.98309016110584,-13.286093160882741
2018-02-27 10:00:00,0.18,0.11,0.15,0.0,31.5,49.0,19.5,1008.7,42.5,-11.457572449049975,-12.286742187202064
2018-02-27 11:00:00,0.44,0.1,0.15,0.39,33.2,43.0,18.9,1007.6,42.5,-13.28288861192079,-11.546638910232929
2018-02-27 12:00:00,0.93,0.08,0.21,0.92,34.9,38.0,18.4,1006.2,43.2,-14.839772548735246,-10.009552972126366
2018-02-27 13:00:00,0.98,0.0,0.38,0.98,34.9,37.0,18.0,1004.9,42.5,-16.924782503227767,-5.827669964783105
2018-02-27 14:00:00,0.96,0.15,0.12,0.95,34.7,38.0,18.2,1003.8,41.0,-16.58988772851699,0.5793316452615159
2018-02-27 15:00:00,0.97,0.11,0.35,0.96,33.3,41.0,18.2,1003.6,40.7,-16.889704976622717,-0.5898014942722682
2018-02-27 16:00:00,0.93,0.08,0.24,0.92,32.0,49.0,19.8,1004.0,42.8,-18.7,-1.1450447572027753e-15
2018-02-27 17:00:00,0.4,0.0,0.07,0.05,32.4,43.0,18.4,1004.0,43.6,-20.871357276370592,-1.0938214854775288
2018-02-27 18:00:00,0.1,0.0,0.1,0.01,29.9,54.0,19.5,1004.8,39.6,-17.65688368959889,-1.2346895852710165
2018-02-27 19:00:00,0.12,0.0,0.12,0.01,28.6,59.0,19.8,1005.7,32.0,-14.420676958821483,-3.329275604289201
2018-02-27 20:00:00,0.12,0.0,0.11,0.01,27.8,64.0,20.2,1006.9,26.3,-12.238826880281593,-4.944807033090037
2018-02-27 21:00:00,0.17,0.0,0.17,0.0,27.0,71.0,21.4,1007.8,25.9,-13.719512263474261,-4.993494092554765
2018-02-27 22:00:00,0.25,0.01,0.25,0.0,26.5,78.0,22.3,1008.0,26.6,-12.652292643474823,-6.446665096301565
2018-02-27 23:00:00,0.41,0.13,0.29,0.16,26.2,81.0,22.7,1008.1,25.2,-8.922515159753878,-8.320379992762481
2018-02-28 00:00:00,0.34,0.11,0.25,0.09,26.0,83.0,23.0,1007.6,22.0,-6.054188098612474,-8.332875042061959
2018-02-28 01:00:00,0.27,0.14,0.18,0.06,25.8,84.0,22.9,1006.8,18.4,-4.033014550459512,-8.268905225952336
2018-02-28 02:00:00,0.28,0.2,0.09,0.11,25.5,85.0,22.8,1006.1,16.9,-1.4861274178821933,-9.38303923565381
2018-02-28 03:00:00,0.21,0.2,0.05,0.0,25.3,85.0,22.6,1005.8,18.0,-0.7045403848156655,-10.075396907624224
2018-02-28 04:00:00,0.17,0.16,0.03,0.0,25.0,86.0,22.6,1005.9,18.0,2.4737865342776532e-15,-10.1
2018-02-28 05:00:00,0.13,0.14,0.04,0.01,24.8,86.0,22.4,1005.8,18.4,0.33852511801425794,-9.694091022085228
2018-02-28 06:00:00,0.19,0.17,0.03,0.01,24.8,85.0,22.1,1006.6,17.6,-0.30013567164150834,-8.594761112364223
2018-02-28 07:00:00,0.22,0.21,0.02,0.0,25.8,79.0,21.9,1007.7,22.3,-1.7677094549546088,-11.160878248725057
2018-02-28 08:00:00,0.4,0.39,0.05,0.0,28.0,68.0,21.4,1008.5,31.0,-8.346550582553117,-11.488041320124253
2018-02-28 09:00:00,0.23,0.19,0.2,0.0,30.4,56.0,20.7,1008.8,37.4,-9.660882731206126,-8.698697882665158
2018-02-28 10:00:00,0.18,0.09,0.17,0.0,31.9,50.0,20.3,1008.8,37.8,-11.171727708819258,-6.450000000000002
2018-02-28 11:00:00,0.25,0.21,0.22,0.0,33.4,46.0,20.0,1007.9,37.4,-11.468128620045885,-8.030070108914645
2018-02-28 12:00:00,0.69,0.67,0.16,0.0,34.5,42.0,19.9,1006.7,36.7,-11.486041829408306,-6.901510203794726
2018-02-28 13:00:00,0.93,0.92,0.25,0.0,34.3,42.0,19.6,1005.4,34.9,-14.06565310866352,-0.9835662797921657
2018-02-28 14:00:00,0.44,0.25,0.34,0.06,33.7,45.0,20.1,1004.2,37.8,-15.815820338298742,3.9433268982745853
2018-02-28 15:00:00,0.34,0.07,0.24,0.18,31.4,56.0,21.5,1003.8,39.6,-15.895690962981254,7.077217589518924
2018-02-28 16:00:00,0.5,0.12,0.18,0.45,32.1,50.0,20.5,1003.8,37.8,-17.679621296652964,2.8001769242201315
2018-02-28 17:00:00,0.41,0.01,0.2,0.48,31.5,51.0,20.2,1004.2,36.7,-16.536831988322977,-1.4467853296111253
2018-02-28 18:00:00,0.29,0.0,0.19,0.14,29.8,59.0,20.8,1004.9,31.7,-13.291897999353974,0.46416330614326273
2018-02-28 19:00:00,0.25,0.0,0.25,0.0,28.8,65.0,21.5,1005.8,24.1,-12.552053195955994,-1.0981623586204925
2018-02-28 20:00:00,0.46,0.0,0.46,0.0,28.0,69.0,21.7,1007.1,23.4,-12.576404473017943,-1.7674983821928314
2018-02-28 21:00:00,0.43,0.0,0.43,0.0,27.5,73.0,22.1,1008.0,23.0,-12.267257993871167,-3.2870018728020134
2018-02-28 22:00:00,0.33,0.0,0.33,0.0,27.1,76.0,22.5,1008.2,22.7,-11.497079796628164,-4.645121758357308
2018-02-28 23:00:00,0.98,0.05,0.98,0.0,26.7,80.0,22.9,1007.9,22.7,-10.064046815345089,-6.5356684201803255
2018-03-01 00:00:00,0.47,0.11,0.44,0.0,26.5,82.0,23.2,1007.5,21.6,-8.301805382450492,-7.2166493188955805
2018-03-01 01:00:00,0.32,0.13,0.25,0.01,26.4,83.0,23.3,1006.6,19.8,-5.356254835333226,-6.85569355637848
2018-03-01 02:00:00,0.3,0.22,0.26,0.01,26.0,85.0,23.2,1006.2,15.5,-3.9758649556096977,-6.122295146001595
2018-03-01 03:00:00,0.26,0.25,0.05,0.07,25.9,85.0,23.1,1005.8,13.0,-2.8637765329939335,-5.385980316439454
2018-03-01 04:00:00,0.2,0.19,0.03,0.04,25.5,87.0,23.1,1006.0,11.9,-3.93816119035957,-5.420413862312148
2018-03-01 05:00:00,0.48,0.1,0.09,0.07,25.4,86.0,22.8,1006.0,11.9,-3.211898789229316,-6.887939181478539
2018-03-01 06:00:00,0.51,0.27,0.12,0.3,25.5,85.0,22.8,1006.5,15.5,-3.221616703376843,-7.973781149274371
2018-03-01 07:00:00,0.6,0.34,0.13,0.37,26.5,79.0,22.6,1007.7,21.6,-4.766900247265242,-9.355568503977864
2018-03-01 08:00:00,0.83,0.6,0.22,0.57,27.8,73.0,22.6,1008.3,32.4,-7.584893794301164,-9.03932442880394
2018-03-01 09:00:00,0.59,0.55,0.21,0.25,28.7,70.0,22.6,1008.7,33.5,-6.464445490919412,-8.27411291287058
2018-03-01 10:00:00,0.28,0.2,0.2,0.05,30.6,60.0,22.0,1008.6,33.1,-7.924450592339106,-6.888619804400326
2018-03-01 11:00:00,0.46,0.12,0.45,0.0,32.5,50.0,20.6,1007.4,31.3,-11.510672766296771,-5.124881702755083
2018-03-01 12:00:00,0.39,0.25,0.37,0.0,33.7,44.0,19.9,1005.9,31.7,-11.86795333845488,-4.794964395723674
2018-03-01 13:00:00,0.4,0.06,0.37,0.05,34.6,41.0,19.4,1004.6,33.1,-11.483039245915583,-4.407925779407195
2018-03-01 14:00:00,0.84,0.34,0.51,0.68,32.8,47.0,20.0,1003.7,33.5,-14.025174436450955,2.2213694035712774
2018-03-01 15:00:00,0.86,0.05,0.53,0.78,31.9,55.0,21.8,1003.1,34.6,-11.202965117966421,4.300415394543603
2018-03-01 16:00:00,0.93,0.04,0.35,0.91,32.4,53.0,21.6,1003.0,34.2,-12.591881118531173,4.583069920563961
2018-03-01 17:00:00,0.96,0.11,0.26,0.1,31.9,49.0,19.8,1003.5,33.1,-14.093194589415168,-5.694020219921861
2018-03-01 18:00:00,0.13,0.04,0.12,0.0,30.3,57.0,20.9,1004.1,29.9,-13.331811915950366,-4.59051097784591
2018-03-01 19:00:00,0.07,0.01,0.07,0.0,29.0,62.0,21.0,1005.3,25.6,-13.292636107886192,-4.063966695646041
2018-03-01 20:00:00,0.04,0.01,0.04,0.0,27.9,68.0,21.3,1006.1,25.6,-12.613844441587954,-3.14498464279568
2018-03-01 21:00:00,0.02,0.0,0.02,0.0,27.0,73.0,21.7,1006.9,23.4,-11.088372925273719,-4.035837691242892
2018-03-01 22:00:00,0.02,0.0,0.02,0.0,26.4,78.0,22.2,1007.3,21.2,-10.060016436106814,-4.691062705321763
2018-03-01 23:00:00,0.03,0.01,0.03,0.0,25.7,83.0,22.5,1007.3,19.8,-7.5442419102508795,-5.088655421583796
2018-03-02 00:00:00,0.34,0.01,0.03,0.32,25.0,88.0,22.9,1007.1,15.8,-3.1997434936258244,-5.772490067120011
2018-03-02 01:00:00,0.52,0.13,0.04,0.43,24.6,91.0,23.0,1006.7,11.2,1.4205902870109297e-15,-5.8
2018-03-02 02:00:00,0.57,0.26,0.04,0.41,24.6,91.0,23.0,1006.3,11.5,0.3558845024520217,-6.790680836331102
2018-03-02 03:00:00,1.0,1.0,0.03,0.58,24.5,90.0,22.8,1005.9,14.4,0.28966582263075685,-8.294943864258496
2018-03-02 04:00:00,1.0,0.99,0.02,0.74,24.4,90.0,22.5,1005.9,16.6,1.145571828008384,-9.329933825428428
2018-03-02 05:00:00,0.94,0.47,0.01,0.0,25.2,86.0,22.8,1005.8,18.0,0.7844016847289249,-8.96575228282571
2018-03-02 06:00:00,0.99,0.99,0.0,0.0,24.9,87.0,22.6,1006.4,17.3,0.6766377953180186,-9.676371287520293
2018-03-02 07:00:00,0.4,0.4,0.0,0.0,25.9,81.0,22.3,1007.5,22.7,-0.7812725059342034,-11.17271736291003
2018-03-02 08:00:00,0.48,0.48,0.0,0.0,27.9,69.0,21.8,1008.3,27.7,-6.157082177128481,-11.107670280670325
2018-03-02 09:00:00,0.18,0.1,0.15,0.01,29.8,59.0,20.8,1008.4,30.6,-7.26950774511971,-10.777488443215542
2018-03-02 10:00:00,0.31,0.19,0.26,0.03,31.3,51.0,19.8,1008.7,32.0,-8.725585085573748,-10.037637416962868
2018-03-02 11:00:00,0.42,0.24,0.4,0.03,32.7,45.0,19.2,1007.8,33.1,-10.458357933154138,-9.752576548893728
2018-03-02 12:00:00,0.33,0.08,0.32,0.02,33.6,41.0,18.7,1006.4,34.2,-10.11162697096763,-10.111626970967631
2018-03-02 13:00:00,0.16,0.12,0.11,0.0,34.8,38.0,18.4,1005.0,34.9,-10.065602558591767,-5.351975815759156
2018-03-02 14:00:00,0.1,0.07,0.1,0.0,35.3,35.0,17.8,1003.6,33.1,-11.471986577987979,0.8021994480574413
2018-03-02 15:00:00,0.34,0.0,0.34,0.01,34.5,39.0,18.6,1003.1,33.1,-12.583116648188337,6.137196055047085
2018-03-02 16:00:00,0.33,0.03,0.32,0.01,33.2,46.0,20.0,1002.7,35.6,-15.438918234159953,6.873849267981024
2018-03-02 17:00:00,0.07,0.0,0.02,0.01,32.0,40.0,16.8,1003.1,38.5,-20.471905462468765,1.0728871029803488
2018-03-02 18:00:00,0.01,0.0,0.01,0.0,29.9,44.0,16.2,1003.7,38.9,-17.65688368959889,1.2346895852710182
2018-03-02 19:00:00,0.0,0.0,0.0,0.0,28.2,49.0,16.4,1004.7,32.0,-15.448181872368497,2.1711003749770197
2018-03-02 20:00:00,0.0,0.0,0.0,0.0,27.1,54.0,17.0,1005.9,27.7,-14.080676440039491,-0.7379369830255099
2018-03-02 21:00:00,0.0,0.0,0.0,0.0,26.1,63.0,18.5,1006.7,25.2,-12.613844441587954,-3.14498464279568
2018-03-02 22:00:00,0.01,0.01,0.0,0.0,25.2,74.0,20.2,1007.3,22.7,-9.71197111365321,-4.948496447161061
2018-03-02 23:00:00,0.0,0.0,0.0,0.0,24.5,82.0,21.3,1007.6,19.4,-1.8467702839738944,-6.440453362786736
2018-03-03 00:00:00,0.02,0.02,0.0,0.0,24.0,85.0,21.4,1007.3,11.9,3.9402334420842124,-5.043268823083022
2018-03-03 01:00:00,0.31,0.04,0.0,0.28,23.7,88.0,21.6,1006.6,11.5,1.0811407922523513,-5.086367523815789
2018-03-03 02:00:00,0.49,0.1,0.0,0.44,23.7,89.0,21.7,1005.9,11.2,2.1161930039715187,-6.1458707413955596
2018-03-03 03:00:00,0.41,0.2,0.0,0.27,23.5,90.0,21.6,1005.6,12.2,2.2249223594996232,-6.8476069173251055
2018-03-03 04:00:00,0.71,0.68,0.0,0.11,23.4,90.0,21.6,1005.6,13.3,2.1927877854205287,-7.172285669722765
2018-03-03 05:00:00,0.89,1.0,0.0,0.08,24.5,85.0,21.8,1005.6,13.0,1.0577155672965006,-7.526037322435934
2018-03-03 06:00:00,0.59,0.51,0.0,0.16,24.9,82.0,21.5,1006.2,17.3,-1.0237024846032388,-8.337387673787106
2018-03-03 07:00:00,0.63,0.5,0.0,0.25,25.5,76.0,21.0,1007.3,18.0,-1.8221035401853065,-7.892397524760405
2018-03-03 08:00:00,0.68,0.61,0.0,0.2,27.0,68.0,20.6,1008.1,21.2,-3.9754388860199636,-7.171881598543044
2018-03-03 09:00:00,0.49,0.31,0.0,0.26,29.0,58.0,19.9,1008.6,23.0,-5.051654523226906,-5.811263767715345
2018-03-03 10:00:00,0.62,0.1,0.0,0.58,30.9,50.0,19.2,1008.5,23.4,-5.750175672340508,-4.333068166694748
2018-03-03 11:00:00,0.81,0.11,0.0,0.79,32.8,42.0,18.1,1007.4,23.8,-5.043268823083022,-3.9402334420842133
2018-03-03 12:00:00,0.9,0.16,0.0,0.88,34.4,36.0,17.1,1006.2,23.8,-5.755336383148386,-2.5624408513775414
2018-03-03 13:00:00,0.9,0.0,0.17,0.88,35.6,32.0,16.3,1004.6,24.1,-6.815049550106451,-1.0793978087775935
2018-03-03 14:00:00,0.88,0.0,0.46,0.78,34.5,40.0,19.0,1003.2,33.8,-12.211892584652535,7.630837404958149
2018-03-03 15:00:00,0.9,0.0,0.38,0.84,31.0,52.0,19.9,1003.2,46.1,-15.537739687314865,15.004620801914344
2018-03-03 16:00:00,0.88,0.0,0.16,0.86,31.0,53.0,20.2,1003.2,45.4,-16.605677245319395,10.783852893297539
2018-03-03 17:00:00,0.94,0.0,0.15,0.99,30.0,55.0,19.9,1003.2,42.1,-14.417075979486254,10.094945279778413
2018-03-03 18:00:00,0.94,0.0,0.11,0.94,28.1,64.0,20.6,1003.7,34.6,-9.714324518212138,7.866504888122966
2018-03-03 19:00:00,0.28,0.0,0.17,0.14,27.5,67.0,20.9,1004.6,23.0,-7.534421012924616,4.349999999999998
2018-03-03 20:00:00,0.73,0.0,0.28,0.63,27.4,66.0,20.5,1005.5,15.5,-6.841600689897066,3.949999999999999
2018-03-03 21:00:00,0.4,0.0,0.38,0.05,27.1,67.0,20.4,1006.9,13.7,-3.9188697572715305e-16,3.2
2018-03-03 22:00:00,0.25,0.0,0.25,0.0,26.6,69.0,20.5,1007.9,17.3,8.294943864258496,-0.2896658226307607
2018-03-03 23:00:00,0.09,0.0,0.09,0.0,26.5,70.0,20.6,1007.9,14.4,0.7166571251241974,2.499280409439629
2018-03-04 00:00:00,0.19,0.01,0.01,0.18,24.6,81.0,21.2,1007.6,5.8,-0.7352419856890856,4.6421352007971475
2018-03-04 01:00:00,0.01,0.01,0.01,0.0,24.8,81.0,21.4,1006.7,5.8,9.797174393178826e-17,-0.4
2018-03-04 02:00:00,0.02,0.01,0.01,0.0,24.1,83.0,21.1,1005.8,2.5,-0.7117525274902328,-1.761649323676896
2018-03-04 03:00:00,0.41,0.01,0.0,0.4,23.1,87.0,20.8,1005.3,6.5,-5.377666356487367,-2.1727182418122895
2018-03-04 04:00:00,0.61,0.02,0.0,0.6,23.1,83.0,20.0,1005.1,7.2,-4.998560818879258,-1.4333142502483958
2018-03-04 05:00:00,0.76,0.0,0.0,0.8,22.9,84.0,20.0,1005.5,8.6,-3.604268994871564,-2.523736319944603
2018-03-04 06:00:00,0.88,0.0,0.0,0.88,23.2,82.0,20.0,1006.2,8.3,-1.1110124779463997,-3.6339580726595346
2018-03-04 07:00:00,0.89,0.0,0.0,0.89,25.3,74.0,20.3,1007.0,13.0,1.2246467991473533e-15,-5.0
2018-03-04 08:00:00,0.86,0.0,0.0,0.86,28.3,62.0,20.4,1007.6,16.2,-1.7489675652259409,-3.9282454678631837
2018-03-04 09:00:00,0.85,0.02,0.0,0.84,30.7,49.0,18.8,1007.8,17.3,-1.0506577808748212,-3.233592155403522
2018-03-04 10:00:00,0.82,0.01,0.0,0.82,32.9,38.0,16.8,1007.6,19.4,-2.524212048835199,-3.2308440897875594
2018-03-04 11:00:00,0.9,0.04,0.0,0.9,34.8,31.0,15.2,1006.5,22.7,-5.385980316439453,-2.863776532993934
2018-03-04 12:00:00,0.9,0.05,0.0,0.9,36.0,29.0,15.3,1005.7,27.7,-9.7,-5.939536975864663e-16
2018-03-04 13:00:00,0.93,0.0,0.23,0.91,35.3,37.0,18.5,1004.7,36.4,-13.685247584253416,6.3815357522845595
2018-03-04 14:00:00,0.96,0.0,0.23,0.94,33.7,45.0,20.0,1003.5,41.0,-14.82665200163075,10.381733497953936
2018-03-04 15:00:00,0.61,0.0,0.06,0.59,32.7,47.0,20.0,1002.7,41.4,-16.194675050769003,9.349999999999996
2018-03-04 16:00:00,0.46,0.0,0.02,0.45,31.2,53.0,20.4,1002.9,41.4,-16.88016034779034,9.356825670754304
2018-03-04 17:00:00,0.62,0.0,0.0,0.19,30.2,56.0,20.4,1003.1,40.7,-14.425133768661293,9.367791402258467
2018-03-04 18:00:00,0.0,0.0,0.0,0.0,28.0,66.0,21.0,1003.5,34.2,-11.864548031846809,6.849999999999997
2018-03-04 19:00:00,0.0,0.0,0.0,0.0,27.0,73.0,21.7,1004.5,25.2,-10.125553387976844,4.298042413382012
2018-03-04 20:00:00,0.08,0.0,0.0,0.08,26.1,77.0,21.9,1005.2,19.4,-6.535062985480412,2.5085756468171017
2018-03-04 21:00:00,0.2,0.0,0.0,0.2,25.0,82.0,21.8,1006.4,11.5,-7.210124886344506,1.1419715947936848
2018-03-04 22:00:00,0.19,0.0,0.0,0.19,24.6,83.0,21.6,1007.3,8.6,4.276831316104166,-2.179154398749824
2018-03-04 23:00:00,0.12,0.01,0.0,0.11,24.6,82.0,21.4,1007.2,9.7,1.801725498392897,-2.8833635269318476
2018-03-05 00:00:00,0.03,0.03,0.0,0.0,23.9,84.0,21.1,1006.9,5.8,-0.35575801609503904,-5.087576656325103
2018-03-05 01:00:00,0.29,0.12,0.0,0.19,23.7,82.0,20.4,1006.1,7.2,-0.34862297099063266,-3.984778792366982
2018-03-05 02:00:00,0.54,0.27,0.0,0.37,23.8,78.0,19.7,1005.3,10.8,1.0324674692655254,-6.5187430479279085
2018-03-05 03:00:00,0.75,0.65,0.0,0.28,23.9,79.0,20.0,1004.8,13.3,1.934941942652818e-15,-7.9
2018-03-05 04:00:00,0.74,0.57,0.0,0.39,24.1,83.0,21.0,1005.2,14.4,2.0329136865846065e-15,-8.3
2018-03-05 05:00:00,0.79,0.53,0.0,0.9,24.2,85.0,21.5,1005.7,14.4,-0.3401837155791349,-6.49109197590473
2018-03-05 06:00:00,0.94,0.48,0.0,0.89,24.2,85.0,21.5,1006.3,13.0,-0.7526049355271051,-7.160557646651568
2018-03-05 07:00:00,0.8,0.36,0.0,0.69,25.5,80.0,21.8,1007.3,19.4,-2.092044805397945,-9.06164160250269
2018-03-05 08:00:00,0.49,0.27,0.0,0.3,27.5,66.0,20.6,1008.2,22.0,-3.9754388860199636,-7.171881598543044
2018-03-05 09:00:00,0.27,0.1,0.0,0.19,29.6,56.0,19.9,1008.4,23.8,-4.29234604028896,-6.86918957886705
2018-03-05 10:00:00,0.48,0.15,0.0,0.39,31.6,46.0,18.5,1008.3,24.8,-4.29234604028896,-6.86918957886705
2018-03-05 11:00:00,0.06,0.06,0.0,0.0,33.8,34.0,15.9,1007.4,25.9,-4.29234604028896,-6.86918957886705
2018-03-05 12:00:00,0.01,0.01,0.0,0.0,35.6,27.0,13.9,1006.4,26.3,-5.379684037722159,-6.18861855782673
2018-03-05 13:00:00,0.0,0.0,0.0,0.0,36.7,24.0,12.9,1004.9,27.7,-9.325458242752807,-1.8126854560771768
2018-03-05 14:00:00,0.32,0.1,0.31,0.0,34.3,44.0,20.2,1004.1,38.9,-15.539877634317115,8.26269950503168
2018-03-05 15:00:00,0.2,0.01,0.19,0.0,32.0,54.0,21.5,1003.5,44.6,-16.503946685248927,11.99081914676645
2018-03-05 16:00:00,0.02,0.0,0.02,0.0,31.0,57.0,21.4,1003.7,44.3,-18.017165967071556,9.987078177074544
2018-03-05 17:00:00,0.01,0.0,0.0,0.0,30.0,52.0,19.2,1003.8,42.8,-16.62904563362098,9.991738653255052
2018-03-05 18:00:00,0.0,0.0,0.0,0.0,28.1,60.0,19.6,1004.4,37.8,-13.332508652169796,7.089020598066953
2018-03-05 19:00:00,0.0,0.0,0.0,0.0,27.5,64.0,20.0,1005.2,27.7,-11.837607860567156,2.951447126315947
2018-03-05 20:00:00,0.0,0.0,0.0,0.0,27.1,60.0,18.8,1006.0,21.6,-10.44247990136687,-1.0975488643103612
2018-03-05 21:00:00,0.0,0.0,0.0,0.0,26.0,63.0,18.4,1007.4,18.0,-6.467184310807044,-2.1013155617496424
2018-03-05 22:00:00,0.0,0.0,0.0,0.0,24.7,74.0,19.6,1008.3,11.9,1.1257730727216135,-5.791600382341218
2018-03-05 23:00:00,0.0,0.0,0.0,0.0,24.4,73.0,19.1,1008.8,9.0,3.985826051935203,-2.490620541896062
2018-03-06 00:00:00,0.0,0.0,0.0,0.0,24.0,77.0,19.7,1008.4,7.6,-0.3278554265973889,-4.688551036221174
2018-03-06 01:00:00,0.01,0.0,0.0,0.0,23.8,82.0,20.6,1007.5,9.4,-0.7068421917498553,-5.756767679519667
2018-03-06 02:00:00,0.1,0.1,0.0,0.0,23.5,84.0,20.8,1006.9,10.8,1.592040838891559e-15,-6.5
2018-03-06 03:00:00,0.16,0.16,0.0,0.0,23.4,85.0,20.6,1006.8,12.2,-0.37681888494919563,-7.190132650232932
2018-03-06 04:00:00,0.47,0.47,0.0,0.0,23.1,86.0,20.6,1007.0,12.6,-0.3558845024520181,-6.790680836331102
2018-03-06 05:00:00,0.68,1.0,0.0,0.15,24.0,84.0,21.0,1007.1,11.9,-1.4171916423663495,-6.1385314081469815
2018-03-06 06:00:00,1.0,1.0,0.0,0.37,24.4,81.0,21.0,1007.7,11.9,-1.1257730727216144,-5.791600382341218
2018-03-06 07:00:00,0.93,0.83,0.0,0.6,25.2,79.0,21.2,1008.7,16.6,-3.211898789229316,-6.887939181478539
2018-03-06 08:00:00,0.92,0.58,0.0,0.82,26.2,72.0,20.6,1009.3,20.2,-3.9499999999999997,-6.841600689897066
2018-03-06 09:00:00,0.82,0.19,0.0,0.77,28.2,59.0,19.5,1009.6,23.4,-4.971631089293716,-6.139453095510071
2018-03-06 10:00:00,0.74,0.01,0.0,0.73,30.8,47.0,18.0,1009.2,24.5,-5.046787864462489,-5.412017391981862
2018-03-06 11:00:00,0.84,0.02,0.0,0.84,33.3,34.0,15.2,1008.3,25.6,-5.811263767715345,-5.051654523226906
2018-03-06 12:00:00,0.87,0.0,0.0,0.87,35.1,27.0,13.2,1007.0,27.4,-8.987963899415753,-1.4235536318661013
2018-03-06 13:00:00,0.95,0.0,0.0,0.95,34.7,35.0,16.8,1005.8,34.6,-12.972345498524932,5.775660331676363
2018-03-06 14:00:00,0.91,0.0,0.0,0.91,32.5,49.0,20.5,1004.7,43.9,-15.36620969533108,12.005398768850336
2018-03-06 15:00:00,0.64,0.0,0.0,0.64,31.7,49.0,19.5,1004.2,44.6,-17.314779474182668,10.403769113183095
2018-03-06 16:00:00,0.53,0.0,0.0,0.53,30.5,52.0,19.5,1004.1,44.3,-17.978619638516232,11.23428840174394
2018-03-06 17:00:00,0.82,0.0,0.0,0.79,29.2,56.0,19.5,1004.1,43.9,-17.579856113501858,9.744673366951375
2018-03-06 18:00:00,0.43,0.0,0.0,0.43,27.6,64.0,20.1,1004.7,38.9,-12.919594600731335,6.582862246223428
2018-03-06 19:00:00,0.44,0.0,0.0,0.44,27.1,63.0,19.5,1005.7,26.3,-10.438962181929405,1.8406706832694613
2018-03-06 20:00:00,0.45,0.0,0.0,0.45,26.1,62.0,18.2,1006.7,19.1,-9.659258262890683,-2.5881904510252074
2018-03-06 21:00:00,0.0,0.0,0.0,0.0,25.0,70.0,19.1,1007.7,17.3,-5.37401153701776,-5.374011537017761
2018-03-06 22:00:00,0.0,0.0,0.0,0.0,24.6,74.0,19.7,1008.4,13.3,1.0577155672965006,-7.526037322435934
2018-03-06 23:00:00,0.0,0.0,0.0,0.0,24.4,75.0,19.8,1008.5,14.0,-1.0577155672964973,-7.5260373224359345
2018-03-07 00:00:00,0.0,0.0,0.0,0.0,24.1,76.0,19.8,1007.9,14.8,-1.458644692402215,-8.272385125302547
2018-03-07 01:00:00,0.0,0.0,0.0,0.0,23.6,80.0,19.9,1007.2,15.1,-1.079397808777593,-6.815049550106451
2018-03-07 02:00:00,0.17,0.17,0.0,0.0,23.0,83.0,20.0,1006.8,11.9,1.4171916423663515,-6.1385314081469815
2018-03-07 03:00:00,0.37,0.37,0.0,0.0,23.0,83.0,20.1,1006.4,13.7,3.6319239979163758,-7.128052193506942
2018-03-07 04:00:00,0.87,0.87,0.0,0.0,23.5,81.0,20.0,1006.3,15.5,2.8729692039356163,-7.8934180146016315
2018-03-07 05:00:00,1.0,1.0,0.0,0.0,24.9,80.0,21.1,1006.4,15.8,0.7526049355271046,-7.160557646651568
2018-03-07 06:00:00,1.0,1.0,0.0,0.0,25.1,78.0,21.0,1007.1,16.2,0.7233926648055641,-8.268415994161488
2018-03-07 07:00:00,0.9,0.9,0.0,0.0,25.9,74.0,20.8,1008.1,17.6,0.28966582263075685,-8.294943864258496
2018-03-07 08:00:00,0.65,0.65,0.0,0.0,27.5,65.0,20.4,1009.0,22.7,-2.092044805397945,-9.06164160250269
2018-03-07 09:00:00,0.71,0.71,0.0,0.0,28.9,57.0,19.6,1009.4,24.5,-3.9860191021428424,-8.95274548489749
2018-03-07 10:00:00,0.69,0.69,0.0,0.0,30.5,49.0,18.6,1009.7,28.1,-4.691062705321763,-10.060016436106814
2018-03-07 11:00:00,0.64,0.63,0.05,0.0,32.2,41.0,17.3,1008.8,28.8,-4.976398565530443,-9.359244484304625
2018-03-07 12:00:00,0.24,0.17,0.1,0.0,33.7,37.0,16.9,1007.5,29.2,-5.717242719944458,-7.587037345449282
2018-03-07 13:00:00,0.02,0.02,0.0,0.0,35.0,32.0,15.8,1005.8,28.4,-7.200817765318393,-6.04220353105347
2018-03-07 14:00:00,0.02,0.02,0.0,0.0,34.1,40.0,18.5,1004.7,32.8,-13.292636107886194,4.06396669564604
2018-03-07 15:00:00,0.0,0.0,0.0,0.0,31.9,48.0,19.5,1004.0,41.8,-16.20046198326992,9.734219615800026
2018-03-07 16:00:00,0.0,0.0,0.0,0.0,31.0,50.0,19.4,1004.0,41.8,-17.987366778595675,7.267367912268694
2018-03-07 17:00:00,0.0,0.0,0.04,0.0,29.4,51.0,18.2,1004.6,40.7,-18.013328398716325,10.399999999999997
2018-03-07 18:00:00,0.0,0.0,0.0,0.0,28.1,55.0,18.1,1004.8,39.6,-11.533454107727394,7.206901993571585
2018-03-07 19:00:00,0.0,0.0,0.0,0.0,27.6,57.0,18.3,1005.5,24.8,-9.700776466210566,3.1519733426244625
2018-03-07 20:00:00,0.0,0.0,0.0,0.0,27.1,56.0,17.6,1006.4,18.0,-7.5260373224359345,-1.0577155672964975
2018-03-07 21:00:00,0.0,0.0,0.0,0.0,26.5,58.0,17.6,1007.2,15.1,-7.547628055792192,-4.716281451675524
2018-03-07 22:00:00,0.0,0.0,0.0,0.0,26.0,64.0,18.7,1007.4,16.6,-7.187719590425635,-5.416335208368435
2018-03-07 23:00:00,0.0,0.0,0.0,0.0,25.5,68.0,19.1,1007.7,16.2,-2.4967470462773815,-6.859756131737131
2018-03-08 00:00:00,0.12,0.0,0.12,0.0,24.9,72.0,19.5,1007.3,13.0,-0.35575801609503904,-5.087576656325103
2018-03-08 01:00:00,0.18,0.0,0.18,0.0,24.4,76.0,19.8,1006.6,8.3,2.163159914622229,-3.600102662948871
2018-03-08 02:00:00,0.27,0.04,0.25,0.0,24.2,76.0,19.7,1006.5,9.4,3.2498011250210608,-4.312631754255381
2018-03-08 03:00:00,0.44,0.16,0.35,0.0,24.3,75.0,19.5,1006.4,11.2,3.6347538725598527,-5.388744221607772
2018-03-08 04:00:00,0.61,0.32,0.47,0.0,24.4,73.0,19.2,1006.5,12.2,2.887830165838181,-6.486172749262466
2018-03-08 05:00:00,0.68,0.33,0.5,0.0,24.6,72.0,19.2,1006.3,13.3,2.2249223594996232,-6.8476069173251055
2018-03-08 06:00:00,0.58,0.32,0.43,0.0,25.2,70.0,19.4,1007.2,14.8,0.28966582263075685,-8.294943864258496
2018-03-08 07:00:00,0.41,0.28,0.21,0.0,26.1,68.0,19.7,1008.3,19.1,-0.7844016847289235,-8.96575228282571
2018-03-08 08:00:00,0.35,0.34,0.01,0.0,27.9,63.0,20.3,1009.3,25.2,-6.538771374401925,-9.338333304894507
2018-03-08 09:00:00,0.61,0.5,0.28,0.0,30.1,51.0,19.0,1009.6,29.2,-8.273149339882604,-8.273149339882606
2018-03-08 10:00:00,0.65,0.23,0.57,0.0,31.6,44.0,17.8,1009.5,29.5,-8.632077604063813,-8.335900445507967
2018-03-08 11:00:00,0.76,0.39,0.67,0.0,33.3,37.0,16.6,1008.7,30.2,-9.03932442880394,-7.5848937943011645
2018-03-08 12:00:00,0.73,0.02,0.73,0.0,34.6,32.0,15.6,1007.5,30.2,-10.771960632878907,-5.727553065987868
2018-03-08 13:00:00,0.44,0.0,0.44,0.0,34.5,36.0,17.5,1006.1,38.9,-16.51733162954307,4.425805671253107
2018-03-08 14:00:00,0.18,0.0,0.18,0.0,32.3,50.0,20.5,1005.3,42.8,-16.62904563362098,9.991738653255052
2018-03-08 15:00:00,0.12,0.01,0.12,0.0,33.9,41.0,19.0,1004.4,42.1,-15.502221215611005,5.036977008311642
2018-03-08 16:00:00,0.23,0.01,0.05,0.19,34.0,37.0,17.4,1004.3,38.2,-18.355178524780765,1.283519116891906
2018-03-08 17:00:00,0.11,0.0,0.04,0.48,32.3,38.0,16.4,1004.8,39.2,-18.738961030007925,-5.021089474988902
2018-03-08 18:00:00,0.83,0.0,0.03,0.82,30.5,43.0,16.7,1005.2,36.7,-12.576404473017943,-1.7674983821928314
2018-03-08 19:00:00,0.95,0.0,0.02,0.95,29.2,48.0,17.0,1006.1,23.0,-10.793420931806235,-0.3769145643870117
2018-03-08 20:00:00,0.52,0.0,0.01,0.52,28.4,50.0,17.0,1007.1,19.4,-10.46617932785172,-2.224655091750026
2018-03-08 21:00:00,0.95,0.0,0.0,0.95,27.3,55.0,17.6,1007.6,20.2,-10.818369254437565,-2.8987733051482323
2018-03-08 22:00:00,0.95,0.0,0.0,0.95,26.5,64.0,19.0,1008.0,19.8,-9.335804264972017,-3.583679495453004
2018-03-08 23:00:00,0.92,0.0,0.0,0.92,25.8,72.0,20.2,1007.9,17.6,-8.319851376878407,-2.5436338310878095
2018-03-09 00:00:00,0.88,0.0,0.0,0.88,24.8,79.0,20.9,1007.3,14.8,-2.1816432911085166,-3.935788682127281
2018-03-09 01:00:00,0.54,0.0,0.0,0.54,24.0,83.0,20.9,1006.6,7.2,2.166534083347374,-2.875087836170254
2018-03-09 02:00:00,0.03,0.0,0.01,0.02,23.5,84.0,20.6,1006.1,6.5,2.163159914622229,-3.600102662948871
2018-03-09 03:00:00,0.07,0.0,0.0,0.07,23.2,85.0,20.5,1005.9,7.6,1.0797650608505536,-4.6769763109691285
2018-03-09 04:00:00,0.28,0.0,0.0,0.28,23.1,85.0,20.5,1006.0,10.4,1.0766187015349684,-6.10580806867569
2018-03-09 05:00:00,0.2,0.0,0.0,0.96,23.1,86.0,20.8,1005.5,11.2,-0.7352419856890852,-4.6421352007971475
2018-03-09 06:00:00,0.96,0.0,0.0,0.96,23.4,86.0,20.9,1006.5,9.7,-2.1791543987498248,-4.276831316104166
2018-03-09 07:00:00,0.54,0.0,0.0,0.54,25.0,78.0,21.0,1007.7,15.8,-4.333068166694748,-5.750175672340508
2018-03-09 08:00:00,0.09,0.0,0.0,0.09,27.6,63.0,19.9,1008.7,25.6,-7.544678833390834,-8.679160172561879
2018-03-09 09:00:00,0.57,0.0,0.0,0.57,30.3,48.0,18.0,1009.1,33.5,-10.093575728924979,-10.824034783963723
2018-03-09 10:00:00,0.44,0.0,0.0,0.44,32.8,36.0,15.8,1008.7,36.4,-10.767204742114458,-11.149766905249093
2018-03-09 11:00:00,0.0,0.0,0.0,0.0,35.0,27.0,13.4,1007.4,36.7,-11.189711634773309,-10.434574908956227
2018-03-09 12:00:00,0.9,0.0,0.0,0.9,36.2,25.0,12.8,1006.2,37.1,-12.539763412811686,-9.110671410533334
2018-03-09 13:00:00,0.99,0.0,0.0,0.99,36.8,24.0,12.8,1005.1,37.1,-14.371349745785205,-5.806402197946635
2018-03-09 14:00:00,1.0,0.0,0.01,1.0,36.5,26.0,13.8,1004.1,40.0,-17.30911608293094,-5.291927855481536
2018-03-09 15:00:00,0.95,0.0,0.0,0.95,35.8,27.0,13.9,1003.6,43.2,-19.496658584050646,-6.334848384686422
2018-03-09 16:00:00,0.06,0.0,0.0,0.06,34.5,29.0,13.9,1004.1,43.6,-20.543917484378866,-3.2538368728368035
2018-03-09 17:00:00,0.79,0.0,0.0,0.95,31.8,38.0,15.6,1005.0,42.1,-18.299202874776228,-1.9233237241248236
2018-03-09 18:00:00,1.0,0.0,0.0,1.0,29.7,45.0,16.4,1005.6,34.9,-14.8,-9.062386313690414e-16
2018-03-09 19:00:00,1.0,0.0,0.0,1.0,28.2,51.0,17.1,1006.5,26.6,-11.513535359039334,-1.4136843834997108
2018-03-09 20:00:00,0.99,0.0,0.0,0.99,27.3,58.0,18.2,1007.4,20.9,-10.84204428576475,-3.522793735874401
2018-03-09 21:00:00,0.99,0.0,0.0,0.99,26.3,67.0,19.8,1008.2,21.2,-11.138108726774528,-4.727846654720212
2018-03-09 22:00:00,0.99,0.0,0.0,0.99,25.9,73.0,20.6,1008.6,21.6,-10.031810730249349,-7.288537128426667
2018-03-09 23:00:00,1.0,0.0,0.0,1.0,25.5,77.0,21.2,1008.4,22.0,-8.626702730475879,-8.62670273047588
2018-03-10 00:00:00,0.93,0.0,0.0,0.93,25.4,79.0,21.5,1007.6,21.2,-5.815606196095768,-8.621990754572435
2018-03-10 01:00:00,0.91,0.01,0.0,0.91,25.1,80.0,21.5,1006.8,18.0,-0.4134540543192563,-7.889173324561134
2018-03-10 02:00:00,0.94,0.11,0.0,0.93,24.9,81.0,21.5,1006.5,14.8,1.4586446924022154,-8.272385125302547
2018-03-10 03:00:00,0.93,0.11,0.0,0.92,24.8,82.0,21.5,1006.3,16.6,2.092044805397948,-9.061641602502688
2018-03-10 04:00:00,0.87,0.17,0.0,0.84,24.5,83.0,21.3,1006.0,17.3,1.0243789400230034,-9.746314574609078
2018-03-10 05:00:00,0.33,0.14,0.0,0.94,24.1,84.0,21.2,1005.8,18.0,1.113384807680527,-7.922144549932562
2018-03-10 06:00:00,0.95,0.19,0.0,0.94,24.4,82.0,21.1,1006.4,15.8,2.812054648812024,-8.654614298285896
2018-03-10 07:00:00,0.93,0.3,0.0,0.91,25.8,76.0,21.3,1007.4,22.7,2.743208830090071e-15,-11.2
2018-03-10 08:00:00,0.95,0.45,0.0,0.91,28.2,66.0,21.2,1008.3,32.0,-8.319732448461316,-13.314355109655887
2018-03-10 09:00:00,0.96,0.68,0.1,0.89,30.0,57.0,20.6,1008.9,33.8,-10.434574908956227,-11.189711634773309
2018-03-10 10:00:00,0.85,0.82,0.25,0.71,31.8,51.0,20.5,1009.1,40.3,-7.87632238071914,-10.840827724624296
2018-03-10 11:00:00,0.94,0.93,0.26,0.66,32.8,48.0,20.5,1008.0,39.6,-7.499999999999999,-12.99038105676658
2018-03-10 12:00:00,0.88,0.87,0.21,0.06,33.7,46.0,20.4,1006.6,40.0,-9.29648827741744,-11.8989623794615
2018-03-10 13:00:00,0.99,0.18,0.2,0.99,34.2,44.0,20.2,1005.3,38.2,-13.762023704413695,-9.282602197614398
2018-03-10 14:00:00,1.0,0.0,0.3,1.0,35.5,37.0,18.5,1004.3,41.8,-16.166232664823315,-10.904261617679563
2018-03-10 15:00:00,1.0,0.0,0.08,1.0,36.0,26.0,13.6,1003.5,45.0,-20.8188435108876,-7.9916052748601984
2018-03-10 16:00:00,0.99,0.0,0.02,0.99,35.0,20.0,9.0,1003.9,50.0,-23.42946652109437,-7.163106765707051
2018-03-10 17:00:00,0.95,0.0,0.0,0.82,33.3,23.0,9.1,1004.2,48.6,-21.19425461730834,-9.436290119358565
2018-03-10 18:00:00,0.94,0.0,0.0,0.94,31.0,28.0,10.4,1004.7,43.6,-17.94812905701085,-6.532584737520275
2018-03-10 19:00:00,0.96,0.0,0.0,0.96,29.2,33.0,11.4,1005.9,34.6,-16.54657507298804,-5.6974427030002435
2018-03-10 20:00:00,0.96,0.0,0.0,0.96,27.8,43.0,14.1,1007.1,31.7,-15.188330081965265,-6.447063620073016
2018-03-10 21:00:00,0.91,0.0,0.0,0.91,26.5,56.0,17.1,1007.6,29.2,-11.864548031846809,-6.850000000000001
2018-03-10 22:00:00,0.95,0.0,0.0,0.95,25.6,65.0,18.7,1007.9,24.5,-9.42234665036343,-7.906287599144434
2018-03-10 23:00:00,0.1,0.0,0.0,0.1,25.1,72.0,19.8,1007.8,21.2,-7.580077219869421,-6.825132184860354
2018-03-11 00:00:00,0.0,0.0,0.0,0.0,24.5,79.0,20.5,1007.3,17.6,-4.301823272632845,-6.143640332167439
2018-03-11 01:00:00,0.26,0.02,0.0,0.24,24.0,83.0,20.8,1006.9,13.0,-2.5624408513775414,-5.755336383148386
2018-03-11 02:00:00,0.19,0.05,0.0,0.16,23.9,83.0,20.9,1006.3,13.3,-1.754618223882147,-7.6000865053248345
2018-03-11 03:00:00,0.59,0.05,0.0,0.57,23.6,84.0,20.7,1006.0,14.4,-0.7233926648055629,-8.268415994161488
2018-03-11 04:00:00,0.13,0.13,0.0,0.0,23.4,84.0,20.6,1006.2,14.4,0.4134540543192605,-7.889173324561134
2018-03-11 05:00:00,0.23,0.02,0.0,0.27,23.0,89.0,21.0,1006.4,15.1,-0.3558845024520181,-6.790680836331102
2018-03-11 06:00:00,0.19,0.1,0.0,0.1,23.5,87.0,21.2,1007.3,15.1,-0.2896658226307581,-8.294943864258496
2018-03-11 07:00:00,0.99,0.34,0.0,0.98,25.1,81.0,21.6,1008.3,22.7,-1.7677094549546088,-11.160878248725057
2018-03-11 08:00:00,0.88,0.5,0.0,0.76,27.6,69.0,21.5,1008.9,30.2,-6.381535752284561,-13.685247584253414
2018-03-11 09:00:00,0.98,0.47,0.0,0.96,29.9,59.0,20.9,1009.3,37.4,-13.28288861192079,-11.546638910232929
2018-03-11 10:00:00,0.99,0.72,0.0,0.97,32.4,47.0,19.6,1008.9,40.7,-14.04543720152275,-12.64656846018242
2018-03-11 11:00:00,0.98,0.59,0.14,0.96,32.8,45.0,19.1,1008.0,41.8,-14.417009614261447,-12.981133763361848
2018-03-11 12:00:00,0.99,0.15,0.04,0.98,34.7,39.0,18.6,1006.6,42.1,-12.652419038011649,-11.798571629081223
2018-03-11 13:00:00,1.0,0.12,0.08,1.0,36.0,34.0,17.9,1005.2,41.0,-14.14405649851687,-11.45363111710704
2018-03-11 14:00:00,0.92,0.02,0.24,0.89,36.2,30.0,16.0,1004.1,42.5,-16.186341961346685,-10.511533375790023
2018-03-11 15:00:00,0.06,0.03,0.05,0.0,36.0,30.0,15.6,1003.8,42.5,-16.51111998646193,-8.779118224096159
2018-03-11 16:00:00,0.57,0.0,0.01,0.57,35.4,29.0,14.8,1004.0,39.6,-17.975593714046564,-5.154418553777884
2018-03-11 17:00:00,0.41,0.0,0.22,0.06,33.5,34.0,15.3,1004.3,39.2,-18.025846198526853,-4.161594505361501
2018-03-11 18:00:00,0.75,0.0,0.69,0.24,31.1,44.0,17.5,1004.9,34.9,-15.845991131887649,-3.368169391247703
2018-03-11 19:00:00,0.59,0.0,0.55,0.09,29.8,53.0,19.0,1006.0,29.2,-13.629602662131774,-5.506716923213905
2018-03-11 20:00:00,0.34,0.0,0.25,0.15,28.6,55.0,18.8,1007.2,26.6,-12.229903587113343,-4.694620139043435
2018-03-11 21:00:00,0.45,0.0,0.0,0.45,27.5,63.0,19.7,1008.1,23.4,-10.426010937070336,-5.085105302753298
2018-03-11 22:00:00,0.53,0.0,0.02,0.52,26.6,74.0,21.5,1008.2,20.5,-9.393110360988748,-6.099957192168303
2018-03-11 23:00:00,0.92,0.0,0.0,0.92,26.0,80.0,22.3,1007.8,19.4,-7.580077219869421,-6.825132184860354
2018-03-12 00:00:00,0.92,0.0,0.04,0.91,25.8,82.0,22.4,1007.3,18.0,-6.874724795220202,-6.410784584587486
2018-03-12 01:00:00,0.18,0.03,0.17,0.0,25.6,83.0,22.5,1006.8,16.6,-5.416335208368435,-7.187719590425635
2018-03-12 02:00:00,0.26,0.1,0.24,0.0,25.5,83.0,22.5,1006.4,19.1,-4.298042413382012,-10.125553387976844
2018-03-12 03:00:00,0.3,0.17,0.02,0.16,25.6,82.0,22.4,1005.8,22.3,-2.2226966741367082,-12.605539238556263
2018-03-12 04:00:00,0.35,0.12,0.08,0.26,25.5,82.0,22.1,1005.9,24.1,-3.1449846427956807,-12.613844441587954
2018-03-12 05:00:00,1.0,0.22,0.24,0.89,25.5,82.0,22.1,1006.8,23.4,-1.4624321208617697,-11.910553819695863
2018-03-12 06:00:00,0.84,0.45,0.41,0.77,25.6,80.0,21.9,1007.5,21.2,-2.8788705576360463,-11.546519142684359
2018-03-12 07:00:00,0.96,0.87,0.38,0.84,26.2,78.0,22.1,1008.2,24.1,-3.9719314843773117,-11.535326622311665
2018-03-12 08:00:00,1.0,1.0,0.3,0.8,27.5,72.0,22.1,1009.0,40.0,-8.58469208057792,-13.7383791577341
2018-03-12 09:00:00,1.0,0.6,0.34,1.0,27.4,72.0,21.8,1009.4,50.8,-14.520134157987224,-16.126242712859455
2018-03-12 10:00:00,0.8,0.4,0.32,0.67,29.2,65.0,21.9,1009.0,56.5,-16.163361133481214,-17.33308272837434
2018-03-12 11:00:00,0.85,0.21,0.31,0.79,31.2,55.0,21.2,1008.2,54.0,-17.767693068364682,-17.158061750337232
2018-03-12 12:00:00,0.98,0.13,0.7,0.96,33.5,48.0,21.0,1007.0,57.6,-18.263971841391083,-15.876628501570275
2018-03-12 13:00:00,1.0,0.39,0.63,0.99,32.3,50.0,20.6,1005.5,57.6,-18.68807093510665,-14.08247154175793
2018-03-12 14:00:00,1.0,0.33,0.67,1.0,31.8,53.0,20.9,1004.8,52.9,-21.91876049503385,-11.168166293592854
2018-03-12 15:00:00,0.99,0.18,0.87,0.97,31.2,54.0,20.9,1004.8,52.2,-24.848436447878743,-11.063236691661766
2018-03-12 16:00:00,0.89,0.01,0.72,0.73,29.6,63.0,21.8,1005.4,53.3,-20.071979169689836,-7.704910915223958
2018-03-12 17:00:00,0.99,0.12,0.95,0.93,27.5,74.0,22.4,1005.7,48.6,-14.41681763465924,-9.008627491964484
2018-03-12 18:00:00,1.0,0.09,1.0,0.95,27.0,78.0,22.9,1006.4,39.2,-12.292967756264863,-9.60431901508027
2018-03-12 19:00:00,1.0,0.2,0.77,0.99,27.1,77.0,22.9,1007.3,27.7,-9.288192010563463,-8.66137917279373
2018-03-12 20:00:00,1.0,0.33,0.68,1.0,26.9,78.0,22.6,1008.2,23.0,-10.40797451495881,-5.769234480931412
2018-03-12 21:00:00,1.0,0.33,0.9,1.0,26.5,80.0,22.8,1008.6,29.2,-6.069785404556237,-6.509047944410617
2018-03-12 22:00:00,0.93,0.35,0.19,0.91,26.1,83.0,23.0,1008.5,16.2,-3.6336839561343464,-8.993683389297837
2018-03-12 23:00:00,1.0,0.21,0.21,1.0,25.8,86.0,23.2,1008.3,23.8,-3.557009490586955,-9.772803256173448
2018-03-13 00:00:00,1.0,0.33,0.51,1.0,24.8,92.0,23.4,1007.5,25.2,-0.2896658226307581,-8.294943864258496
2018-03-13 01:00:00,0.99,0.36,0.76,0.99,24.1,96.0,23.4,1007.0,24.5,-1.3891854213354426,-7.878462024097664
2018-03-13 02:00:00,0.98,0.52,0.62,0.95,23.6,96.0,22.9,1006.7,21.2,-1.469229264399395,-7.558529312547013
2018-03-13 03:00:00,0.99,0.91,0.87,0.97,24.1,93.0,22.9,1006.3,20.5,-1.754618223882147,-7.6000865053248345
2018-03-13 04:00:00,1.0,0.98,0.65,1.0,24.0,95.0,23.1,1006.3,19.8,-5.789747597658503,-7.149742845404131
2018-03-13 05:00:00,0.89,0.91,0.43,0.99,23.7,96.0,23.0,1006.0,24.1,-6.881011852206847,-4.641301098807199
2018-03-13 06:00:00,0.99,0.63,0.67,0.99,23.7,95.0,22.9,1007.0,20.9,-5.047472639889206,-7.208537989743128
2018-03-13 07:00:00,1.0,0.38,0.72,0.99,23.9,95.0,23.0,1007.9,20.5,-6.876644452187053,-4.996174644486022
2018-03-13 08:00:00,1.0,0.66,1.0,1.0,24.4,94.0,23.5,1008.7,20.9,-6.042203531053469,-7.200817765318393
2018-03-13 09:00:00,1.0,0.96,1.0,0.98,24.8,93.0,23.6,1009.5,28.1,-7.584893794301164,-9.03932442880394
2018-03-13 10:00:00,0.99,0.85,0.96,0.97,25.1,93.0,23.9,1009.5,27.4,-8.268905225952334,-4.033014550459512
2018-03-13 11:00:00,1.0,0.46,0.96,0.99,25.6,93.0,24.4,1008.6,22.0,-7.571079705497266,-0.6623836448822018
2018-03-13 12:00:00,1.0,0.25,0.99,0.99,25.2,94.0,24.1,1007.7,28.8,-9.38303923565381,-1.4861274178821937
2018-03-13 13:00:00,0.99,0.03,0.87,0.99,26.5,84.0,23.6,1006.4,27.7,-3.5875911898228945,-6.472185832831529
2018-03-13 14:00:00,1.0,0.21,0.95,1.0,27.0,81.0,23.5,1005.6,35.6,-2.8652427062828205,-9.371786608437748
2018-03-13 15:00:00,1.0,0.25,0.72,1.0,27.0,79.0,23.0,1004.9,25.2,-3.8627124296868423,-11.888206453689419
2018-03-13 16:00:00,1.0,0.51,0.9,0.99,27.0,78.0,22.7,1005.1,34.6,-6.219669846431791,-12.20678938138064
2018-03-13 17:00:00,1.0,0.44,0.74,0.99,27.4,75.0,22.5,1005.3,26.3,-1.8376152202278973,-6.858073366652385
2018-03-13 18:00:00,1.0,0.25,0.84,1.0,26.8,78.0,22.6,1005.9,16.9,-5.048424097670398,-6.461688179575119
2018-03-13 19:00:00,1.0,0.9,0.6,1.0,25.9,83.0,22.7,1007.1,13.7,-2.4853631043215887,1.0549740469210394
2018-03-13 20:00:00,1.0,0.03,0.65,1.0,24.9,90.0,23.1,1007.7,14.8,2.181643291108516,-3.9357886821272814
2018-03-13 21:00:00,1.0,0.07,0.82,1.0,25.1,90.0,23.3,1008.2,11.2,1.8614631347039767e-15,-7.6
2018-03-13 22:00:00,1.0,0.07,0.1,1.0,25.3,90.0,23.5,1007.9,18.7,-2.175222547292611,-11.19054989130337
2018-03-13 23:00:00,1.0,0.24,0.27,1.0,24.9,92.0,23.5,1008.0,22.3,1.4493866525741157,-5.4091846272187825
2018-03-14 00:00:00,1.0,1.0,0.16,1.0,23.6,96.0,23.0,1008.1,16.9,4.7,8.63375993398884e-16
2018-03-14 01:00:00,1.0,1.0,0.24,1.0,23.5,97.0,23.0,1007.4,17.3,2.1729143493093033,-0.3441558230885075
2018-03-14 02:00:00,1.0,1.0,0.25,1.0,23.4,97.0,22.9,1006.5,7.9,0.6945927106677215,-3.939231012048832
2018-03-14 03:00:00,1.0,1.0,0.35,1.0,23.2,98.0,22.9,1006.1,22.0,2.1161930039715187,-6.1458707413955596
2018-03-14 04:00:00,1.0,1.0,0.4,1.0,23.2,97.0,22.8,1006.3,24.1,0.3486229709906333,-3.984778792366982
2018-03-14 05:00:00,1.0,1.0,0.49,1.0,23.6,97.0,23.1,1006.4,23.0,0.33991869381244244,-1.0461621679246689
2018-03-14 06:00:00,1.0,1.0,0.77,1.0,23.9,94.0,22.9,1007.4,10.8,2.490620541896064,-3.985826051935202
2018-03-14 07:00:00,1.0,1.0,0.43,1.0,24.0,94.0,23.0,1008.6,10.8,1.1110124779464012,-3.633958072659534
2018-03-14 08:00:00,1.0,1.0,0.31,1.0,24.0,92.0,22.7,1009.5,10.4,-1.4326213531414103,-4.685893304218874
2018-03-14 09:00:00,1.0,1.0,0.99,0.99,24.9,88.0,22.8,1009.2,20.9,-4.993539088537272,-9.008582983535776
2018-03-14 10:00:00,1.0,1.0,0.32,0.98,26.9,79.0,22.9,1009.3,22.3,-6.876644452187053,-4.996174644486022
2018-03-14 11:00:00,1.0,0.99,0.58,0.98,28.7,70.0,22.8,1008.9,29.2,-6.858073366652385,-1.8376152202278973
2018-03-14 12:00:00,0.98,0.21,0.22,0.97,29.3,68.0,22.8,1007.6,28.4,-6.862201078041086,-0.7212463965468089
2018-03-14 13:00:00,0.97,0.18,0.27,0.96,31.1,61.0,22.8,1006.1,30.6,-8.272385125302547,1.4586446924022145
2018-03-14 14:00:00,0.83,0.12,0.2,0.8,30.9,60.0,22.2,1004.8,31.0,-9.00025665737218,5.40789978655557
2018-03-14 15:00:00,0.88,0.03,0.21,0.86,31.0,60.0,22.4,1004.6,33.5,-7.159697488039785,7.951649632608116
2018-03-14 16:00:00,0.98,0.19,0.46,0.97,30.5,62.0,22.2,1005.1,31.3,-4.633975678270771,6.149493427364156
2018-03-14 17:00:00,0.98,0.03,0.1,0.98,29.9,67.0,23.0,1004.6,23.8,-7.587037345449281,5.717242719944459
2018-03-14 18:00:00,0.98,0.0,0.02,0.98,28.4,75.0,23.5,1004.9,19.1,-5.0463405411722775,4.705788684431239
2018-03-14 19:00:00,0.97,0.0,0.03,0.97,27.1,82.0,23.8,1006.0,11.9,-3.2095339943541705,3.963444403430551
2018-03-14 20:00:00,0.91,0.0,0.0,0.91,25.9,90.0,24.1,1006.8,8.3,1.8364363038995857,4.32637281122647
2018-03-14 21:00:00,0.97,0.0,0.0,0.97,25.3,92.0,24.0,1007.8,6.5,3.1974091017491033,1.4235782507653003
2018-03-14 22:00:00,0.94,0.09,0.0,0.94,24.9,94.0,23.8,1008.3,6.1,4.0,7.347880794884119e-16
2018-03-14 23:00:00,0.77,0.14,0.0,0.77,24.5,95.0,23.6,1008.3,6.1,3.236092916415764,-1.7937955949114481
2018-03-15 00:00:00,0.84,0.02,0.0,0.84,24.5,94.0,23.5,1007.6,5.8,2.164994795668674,-2.490541614735147
2018-03-15 01:00:00,0.91,0.01,0.0,0.91,24.1,95.0,23.3,1006.6,7.2,2.164994795668674,-2.490541614735147
2018-03-15 02:00:00,0.96,0.04,0.0,0.96,23.8,97.0,23.2,1006.0,5.4,2.9108871788279895,0.7257656867990033
2018-03-15 03:00:00,1.0,0.08,0.22,1.0,23.7,96.0,23.0,1006.0,5.0,2.851220877402777,1.4527695991665504
2018-03-15 04:00:00,0.97,0.13,0.34,0.96,23.3,98.0,23.0,1006.2,5.0,-3.9357886821272814,2.1816432911085166
2018-03-15 05:00:00,0.88,0.04,0.21,0.94,23.9,96.0,23.2,1006.1,5.4,2.5114736709748717,-1.4500000000000002
2018-03-15 06:00:00,0.93,0.02,0.13,0.91,24.2,95.0,23.4,1006.8,6.8,6.123233995736766e-16,-2.5
2018-03-15 07:00:00,0.92,0.01,0.09,0.91,25.9,87.0,23.5,1007.9,10.4,-1.8017254983928965,-2.883363526931848
2018-03-15 08:00:00,0.78,0.01,0.01,0.78,28.2,74.0,23.2,1008.7,10.4,-0.36319239979163753,0.7128052193506943
2018-03-15 09:00:00,0.36,0.05,0.04,0.32,30.1,62.0,22.1,1009.2,16.2,0.37476969381492914,4.283637201794505
2018-03-15 10:00:00,0.22,0.18,0.09,0.02,31.5,55.0,21.5,1009.1,27.7,-0.3192493330819572,6.0916401620029
2018-03-15 11:00:00,0.27,0.23,0.12,0.03,32.2,53.0,21.5,1008.2,27.4,-1.0237024846032394,8.337387673787106
2018-03-15 12:00:00,0.33,0.25,0.26,0.08,32.5,53.0,21.8,1006.8,27.0,-2.9047597471245066,8.939931253174443
2018-03-15 13:00:00,0.78,0.54,0.7,0.36,30.1,64.0,22.5,1006.1,28.4,-2.9529542176996397,9.658678035226659
2018-03-15 14:00:00,0.6,0.33,0.17,0.49,31.9,56.0,21.9,1004.7,27.7,-2.232465245905576,11.485038046337667
2018-03-15 15:00:00,0.63,0.44,0.21,0.54,30.5,62.0,22.5,1004.4,29.2,-1.0557374790033027,10.04467114321956
2018-03-15 16:00:00,0.61,0.27,0.18,0.52,31.0,59.0,21.9,1004.5,24.1,-1.4861274178821944,9.383039235653808
2018-03-15 17:00:00,0.63,0.23,0.09,0.16,30.2,60.0,21.6,1003.9,22.0,-4.233054505599808,10.477177556604698
2018-03-15 18:00:00,0.47,0.06,0.03,0.44,28.7,67.0,22.0,1004.8,22.0,-3.1894747509531722,8.308865795825096
2018-03-15 19:00:00,0.54,0.02,0.01,0.53,27.6,77.0,23.2,1005.6,16.2,-3.5165801564034638,8.284543681071963
2018-03-15 20:00:00,0.54,0.01,0.01,0.53,26.9,82.0,23.5,1006.6,15.8,0.7526049355271052,7.160557646651568
2018-03-15 21:00:00,0.39,0.0,0.0,0.39,26.2,85.0,23.5,1007.3,13.0,3.1997434936258236,5.772490067120012
2018-03-15 22:00:00,0.45,0.0,0.0,0.45,25.8,87.0,23.4,1007.6,11.5,2.472403516545019,6.1194134401407965
2018-03-15 23:00:00,0.84,0.0,0.0,0.84,25.4,88.0,23.2,1007.2,11.2,2.116193003971519,6.145870741395559
2018-03-16 00:00:00,0.92,0.0,0.0,0.92,24.9,91.0,23.2,1006.7,11.2,-7.960204194457795e-16,6.5
2018-03-16 01:00:00,0.94,0.0,0.0,0.94,24.5,94.0,23.4,1005.9,10.8,-0.37668495821827785,5.386845871403051
2018-03-16 02:00:00,0.94,0.0,0.0,0.94,24.0,96.0,23.4,1005.3,9.4,-5.755839955992561e-16,4.7
2018-03-16 03:00:00,0.95,0.0,0.0,0.95,24.0,97.0,23.4,1005.0,7.6,1.0886485301985038,4.366330768241984
2018-03-16 04:00:00,0.97,0.0,0.0,0.97,23.9,97.0,23.4,1004.9,7.2,1.7489675652259409,3.9282454678631837
2018-03-16 05:00:00,1.0,0.01,0.0,0.97,23.3,98.0,23.0,1004.6,6.8,1.460965714322057,3.616017032810471
2018-03-16 06:00:00,0.98,0.01,0.0,0.98,24.2,94.0,23.1,1005.7,9.0,1.0506577808748208,3.2335921554035223
2018-03-16 07:00:00,0.99,0.01,0.0,0.99,25.9,88.0,23.7,1006.8,10.4,0.7059932828932155,3.632020578756357
2018-03-16 08:00:00,0.99,0.03,0.01,0.99,28.0,81.0,24.4,1007.5,15.5,-1.4493866525741177,5.409184627218782
2018-03-16 09:00:00,0.99,0.13,0.13,0.99,30.0,65.0,22.6,1007.6,20.5,-1.3929056662487782,7.165878439167946
2018-03-16 10:00:00,0.95,0.17,0.11,0.94,31.3,56.0,21.6,1007.5,22.7,-1.822103540185308,7.892397524760404
2018-03-16 11:00:00,0.89,0.14,0.15,0.87,32.3,52.0,21.1,1006.7,24.8,-2.480736202352993,8.65135526344487
2018-03-16 12:00:00,0.89,0.07,0.24,0.86,33.0,49.0,20.9,1006.0,27.0,-1.7191169589026098,9.74959675482086
2018-03-16 13:00:00,0.8,0.05,0.16,0.77,32.8,51.0,21.2,1004.9,27.4,-2.5885642829164444,10.382164271153162
2018-03-16 14:00:00,0.5,0.05,0.33,0.3,32.8,51.0,21.2,1003.8,28.1,-1.3771235804781674,11.215771513546938
2018-03-16 15:00:00,0.8,0.09,0.37,0.7,32.5,53.0,21.6,1002.9,28.4,-2.4969567032169038,10.815507719116109
2018-03-16 16:00:00,0.33,0.14,0.3,0.04,31.6,57.0,22.1,1002.9,27.4,-2.782101799396179,11.15840085217396
2018-03-16 17:00:00,0.29,0.01,0.02,0.89,30.7,59.0,21.6,1002.8,27.0,-6.449999999999999,11.17172770881926
2018-03-16 18:00:00,0.89,0.0,0.02,0.89,28.6,66.0,21.6,1003.3,24.8,-6.099957192168305,9.393110360988748
2018-03-16 19:00:00,0.9,0.0,0.01,0.89,27.5,76.0,23.0,1004.1,20.2,-3.9860191021428446,8.952745484897488
2018-03-16 20:00:00,0.94,0.0,0.0,0.94,27.1,81.0,23.5,1005.3,17.3,-2.159530121701106,9.353952621938257
2018-03-16 21:00:00,0.89,0.0,0.0,0.89,26.6,84.0,23.8,1006.0,17.3,-1.3638963894086402,9.70462707366739
2018-03-16 22:00:00,0.95,0.0,0.0,0.95,26.1,88.0,23.9,1006.4,16.9,0.3140954703225081,8.994517443171862
2018-03-16 23:00:00,0.98,0.0,0.0,0.98,25.6,90.0,23.9,1006.2,15.8,1.8221035401853063,7.892397524760405
2018-03-17 00:00:00,0.95,0.0,0.0,0.95,25.2,91.0,23.6,1005.8,14.4,2.914555953282626,4.664264528860343
2018-03-17 01:00:00,0.92,0.0,0.0,0.92,24.7,93.0,23.5,1005.1,9.7,1.0886485301985038,4.366330768241984
2018-03-17 02:00:00,0.94,0.0,0.0,0.94,24.2,95.0,23.4,1004.5,6.5,-1.0886485301985047,4.366330768241984
2018-03-17 03:00:00,0.96,0.0,0.0,0.96,23.8,97.0,23.4,1004.4,6.1,-4.012982057577929,3.6133052743378347
2018-03-17 04:00:00,0.48,0.0,0.0,0.48,24.0,97.0,23.4,1004.6,6.1,-2.1874299874788528,-0.7107390870623791
2018-03-17 05:00:00,1.0,0.0,0.0,0.93,24.5,92.0,23.1,1004.5,8.6,-4.679622242152313,-2.4881992827652213
2018-03-17 06:00:00,0.87,0.0,0.0,0.87,25.3,89.0,23.3,1005.4,11.5,-5.377666356487367,-2.1727182418122895
2018-03-17 07:00:00,0.89,0.0,0.0,0.89,27.2,84.0,24.3,1006.4,13.7,-5.756767679519667,-0.7068421917498554
2018-03-17 08:00:00,0.94,0.13,0.05,0.94,29.5,71.0,23.6,1007.4,18.7,-7.210124886344506,-1.1419715947936857
2018-03-17 09:00:00,0.94,0.24,0.16,0.93,30.9,61.0,22.5,1008.0,22.3,-8.3,-5.082284216461516e-16
2018-03-17 10:00:00,0.98,0.35,0.43,0.97,31.0,61.0,22.7,1007.9,23.4,-8.994517443171862,0.3140954703225086
2018-03-17 11:00:00,0.97,0.62,0.2,0.96,32.2,60.0,23.5,1007.1,24.5,-5.702441754805555,2.9055391983330994
2018-03-17 12:00:00,0.96,0.3,0.28,0.94,30.0,66.0,22.8,1006.8,31.0,-10.861442936643181,8.184684314867857
2018-03-17 13:00:00,1.0,0.32,0.24,1.0,29.2,71.0,23.3,1005.7,32.0,-6.5144714853360535,-3.9142893693164114
2018-03-17 14:00:00,1.0,0.26,0.08,1.0,30.1,66.0,23.1,1004.5,22.0,-4.667902132486009,-1.791839747726502
2018-03-17 15:00:00,0.99,0.44,0.4,0.99,30.5,63.0,22.6,1004.4,21.6,-6.47213595499958,-4.702282018339785
2018-03-17 16:00:00,0.99,0.18,0.05,0.99,28.4,71.0,22.6,1004.6,24.8,-0.6945927106677213,-3.939231012048832
2018-03-17 17:00:00,0.97,0.03,0.04,0.87,30.6,63.0,22.7,1004.0,17.3,-1.0815799573111138,-1.800051331474436
2018-03-17 18:00:00,0.9,0.19,0.05,0.89,28.8,73.0,23.5,1004.7,5.4,-1.4474368994146258,1.7874357113510329
2018-03-17 19:00:00,0.94,0.19,0.06,0.93,28.1,85.0,25.5,1005.8,6.8,-1.761649323676896,-0.7117525274902327
2018-03-17 20:00:00,0.95,0.19,0.09,0.95,27.4,88.0,25.2,1006.8,6.5,0.7071067811865477,-0.7071067811865474
2018-03-17 21:00:00,0.93,0.17,0.16,0.92,26.8,88.0,24.5,1007.3,2.5,1.4256104387013888,-0.7263847995832746
2018-03-17 22:00:00,0.84,0.19,0.06,0.81,26.5,90.0,24.6,1007.4,8.6,1.7613968679372018,-5.421022142882375
2018-03-17 23:00:00,0.73,0.11,0.06,0.71,25.9,93.0,24.6,1007.5,10.4,2.1161930039715187,-6.1458707413955596
2018-03-18 00:00:00,0.52,0.17,0.05,0.47,25.4,92.0,24.0,1006.9,12.2,3.2393537832226467,-6.092338390726597
2018-03-18 01:00:00,0.46,0.3,0.28,0.34,24.9,91.0,23.3,1006.5,22.0,3.1449846427956825,-12.613844441587954
2018-03-18 02:00:00,0.45,0.26,0.21,0.35,24.6,90.0,22.9,1005.7,23.0,0.32805526900350773,-9.394273773979501
2018-03-18 03:00:00,0.28,0.16,0.03,0.21,24.6,90.0,22.9,1005.2,15.8,1.829622879196287,-8.60769888645749
2018-03-18 04:00:00,0.26,0.14,0.02,0.21,24.5,91.0,22.9,1005.6,14.8,2.101315561749644,-6.467184310807044
2018-03-18 05:00:00,0.26,0.16,0.09,0.06,25.4,91.0,23.7,1005.8,14.0,-2.2218812871808615,-5.788198644282651
2018-03-18 06:00:00,0.28,0.21,0.09,0.06,25.5,90.0,23.7,1006.6,11.9,0.7212463965468086,-6.862201078041086
2018-03-18 07:00:00,0.25,0.22,0.13,0.02,26.5,85.0,23.8,1007.6,15.5,1.0324674692655254,-6.5187430479279085
2018-03-18 08:00:00,0.34,0.32,0.11,0.04,28.4,74.0,23.4,1008.4,21.6,-6.410784584587486,-6.874724795220202
2018-03-18 09:00:00,0.28,0.26,0.04,0.01,30.0,63.0,22.4,1008.8,24.5,-8.650090580795544,-5.40517649517869
2018-03-18 10:00:00,0.76,0.33,0.29,0.63,31.5,56.0,21.6,1008.5,25.9,-9.772803256173447,-3.557009490586956
2018-03-18 11:00:00,0.87,0.35,0.42,0.76,31.7,55.0,21.6,1008.0,28.4,-11.555953584963111,-1.8302832409707017
2018-03-18 12:00:00,0.78,0.34,0.4,0.71,32.3,54.0,22.0,1007.0,29.5,-11.471986577987979,0.8021994480574413
2018-03-18 13:00:00,0.83,0.02,0.37,0.78,31.1,60.0,22.5,1005.9,32.4,-12.972345498524932,5.775660331676363
2018-03-18 14:00:00,0.76,0.08,0.24,0.73,31.2,62.0,23.0,1004.8,37.8,-11.92106533639248,11.116573269018724
2018-03-18 15:00:00,0.85,0.09,0.23,0.81,31.2,57.0,21.8,1004.4,36.7,-12.94427190999916,9.404564036679568
2018-03-18 16:00:00,0.85,0.11,0.2,0.81,31.3,53.0,20.6,1004.7,34.2,-10.478907385791707,6.049999999999998
2018-03-18 17:00:00,0.91,0.03,0.11,0.76,30.5,56.0,20.8,1004.6,26.6,-10.125553387976844,4.298042413382012
2018-03-18 18:00:00,0.84,0.0,0.07,0.83,29.0,66.0,21.9,1004.9,20.9,-5.374011537017761,5.37401153701776
2018-03-18 19:00:00,0.86,0.0,0.05,0.85,27.7,74.0,22.8,1006.0,13.7,-5.0463405411722775,4.705788684431239
2018-03-18 20:00:00,0.87,0.0,0.01,0.87,27.5,77.0,23.2,1007.2,11.9,-6.847606917325106,2.224922359499621
2018-03-18 21:00:00,0.77,0.01,0.01,0.77,27.0,78.0,22.8,1008.2,15.5,-8.60769888645749,-1.8296228791962834
2018-03-18 22:00:00,0.84,0.0,0.0,0.84,26.5,79.0,22.5,1008.2,15.1,-5.387787044493738,-5.777694242791447
2018-03-18 23:00:00,0.82,0.04,0.0,0.81,25.9,83.0,22.6,1008.4,13.3,-0.6794350112397476,-6.4643923198937765
2018-03-19 00:00:00,0.45,0.08,0.0,0.43,25.5,86.0,23.0,1008.0,11.5,-1.079397808777593,-6.815049550106451
2018-03-19 01:00:00,0.43,0.19,0.01,0.37,25.5,87.0,23.0,1007.3,12.6,-1.7902220274375413,-7.180188374442374
2018-03-19 02:00:00,0.62,0.2,0.01,0.57,25.5,86.0,23.0,1006.6,13.3,-0.662383644882202,-7.571079705497266
2018-03-19 03:00:00,0.69,0.17,0.01,0.67,25.1,87.0,22.9,1006.7,13.3,-0.7068421917498553,-5.756767679519667
2018-03-19 04:00:00,0.57,0.29,0.02,0.48,24.9,88.0,22.8,1007.0,10.1,-0.7555899291119144,-6.153786140176196
2018-03-19 05:00:00,0.25,0.22,0.03,0.0,25.0,89.0,23.0,1007.3,11.2,-1.4493866525741161,-5.4091846272187825
2018-03-19 06:00:00,0.3,0.29,0.01,0.02,25.3,87.0,23.0,1008.3,11.2,-0.6794350112397476,-6.4643923198937765
2018-03-19 07:00:00,0.21,0.2,0.0,0.01,26.7,80.0,23.0,1009.1,17.6,-2.12231616984067,-7.92059177557036
2018-03-19 08:00:00,0.3,0.3,0.14,0.0,28.4,71.0,22.6,1009.9,25.6,-8.556838308944293,-7.979380812731232
2018-03-19 09:00:00,0.48,0.26,0.44,0.0,29.6,65.0,22.2,1010.5,27.0,-8.273149339882604,-8.273149339882606
2018-03-19 10:00:00,0.52,0.23,0.49,0.0,30.4,60.0,21.9,1010.4,27.4,-7.544678833390834,-8.679160172561879
2018-03-19 11:00:00,0.45,0.32,0.41,0.0,31.0,57.0,21.6,1009.8,28.4,-9.32575153748365,-7.551844692598049
2018-03-19 12:00:00,0.38,0.18,0.34,0.0,32.1,53.0,21.4,1008.6,28.4,-10.060016436106814,-4.691062705321763
2018-03-19 13:00:00,0.29,0.14,0.28,0.0,32.8,50.0,21.0,1007.5,30.2,-10.793420931806235,-0.3769145643870117
2018-03-19 14:00:00,0.53,0.24,0.51,0.0,31.7,56.0,21.8,1006.5,34.2,-14.410293813882737,6.71963036167712
2018-03-19 15:00:00,0.48,0.14,0.48,0.0,30.4,63.0,22.5,1006.2,37.1,-13.289195940914205,10.761378686952218
2018-03-19 16:00:00,0.43,0.13,0.39,0.04,29.7,66.0,22.8,1006.2,36.7,-13.995994002686592,10.168684864659784
2018-03-19 17:00:00,0.31,0.19,0.19,0.0,31.0,56.0,21.2,1005.6,35.6,-12.928784639787553,1.3588700224794963
2018-03-19 18:00:00,0.05,0.0,0.02,0.04,29.8,55.0,19.8,1006.3,24.8,-13.281772812235833,-0.6960682180311548
2018-03-19 19:00:00,0.18,0.0,0.0,0.18,28.2,55.0,18.4,1007.5,24.1,-12.576404473017943,-1.7674983821928314
2018-03-19 20:00:00,0.31,0.0,0.0,0.31,26.8,59.0,18.1,1008.3,22.3,-10.081199072728626,-3.275580140374443
2018-03-19 21:00:00,0.4,0.0,0.0,0.4,25.4,67.0,18.9,1009.0,18.4,-7.871577364254562,-4.363286582217034
2018-03-19 22:00:00,0.5,0.0,0.0,0.5,24.5,76.0,20.1,1009.3,16.6,-7.8859391664594325,-4.738350289172498
2018-03-19 23:00:00,0.17,0.0,0.0,0.17,23.1,86.0,20.6,1009.7,15.5,2.490620541896064,-3.985826051935202
2018-03-20 00:00:00,0.1,0.0,0.0,0.1,23.0,85.0,20.4,1008.9,13.3,3.199743493625823,-5.772490067120012
2018-03-20 01:00:00,0.12,0.0,0.0,0.12,22.2,89.0,20.3,1008.4,10.8,-1.4273391840380396,-5.7247447850283795
2018-03-20 02:00:00,0.13,0.0,0.0,0.13,21.9,91.0,20.3,1007.8,7.9,-0.7352419856890852,-4.6421352007971475
2018-03-20 03:00:00,0.0,0.0,0.0,0.0,21.6,91.0,20.2,1007.4,8.6,0.3278554265973905,-4.688551036221174
2018-03-20 04:00:00,0.03,0.03,0.0,0.0,21.6,91.0,20.1,1007.5,8.6,1.0494494745709957,-5.3989495089621515
2018-03-20 05:00:00,0.07,0.04,0.0,0.42,22.2,88.0,20.1,1007.4,10.4,1.3226185430791415e-15,-5.4
2018-03-20 06:00:00,0.33,0.1,0.0,0.26,22.9,86.0,20.5,1008.2,11.5,-0.37668495821827663,-5.386845871403051
2018-03-20 07:00:00,0.2,0.05,0.0,0.16,24.9,79.0,21.0,1008.8,15.5,-1.484676958669509,-6.430842427582553
2018-03-20 08:00:00,0.03,0.03,0.0,0.0,27.4,70.0,21.5,1009.6,19.8,-6.46168817957512,-5.048424097670398
2018-03-20 09:00:00,0.38,0.2,0.0,0.23,29.8,58.0,20.6,1009.9,28.1,-11.19054989130337,-2.175222547292612
2018-03-20 10:00:00,0.76,0.22,0.0,0.69,30.9,52.0,20.0,1009.4,27.7,-9.746314574609078,-1.024378940023004
2018-03-20 11:00:00,0.05,0.05,0.0,0.0,32.4,46.0,19.5,1008.6,26.3,-8.337387673787106,-1.023702484603239
2018-03-20 12:00:00,0.16,0.16,0.0,0.0,33.4,43.0,19.2,1007.3,25.2,-7.2,-4.4087284769304716e-16
2018-03-20 13:00:00,0.6,0.6,0.01,0.0,34.1,41.0,19.0,1006.1,25.2,-8.320563465273988,2.864999759222979
2018-03-20 14:00:00,0.0,0.0,0.0,0.0,32.2,54.0,21.8,1005.4,36.7,-11.525840533340727,11.525840533340725
2018-03-20 15:00:00,0.0,0.0,0.0,0.0,31.3,54.0,20.9,1005.2,39.6,-10.371524398562306,11.518744794899607
2018-03-20 16:00:00,0.0,0.0,0.0,0.0,31.4,54.0,21.0,1004.9,35.3,-10.480543022969403,8.188297621831255
2018-03-20 17:00:00,0.0,0.0,0.0,0.0,29.5,61.0,21.2,1004.9,33.1,-10.40402755668352,9.367828489024015
2018-03-20 18:00:00,0.0,0.0,0.0,0.0,28.0,66.0,21.1,1005.3,27.0,-6.151828996322964,6.151828996322962
2018-03-20 19:00:00,0.0,0.0,0.0,0.0,27.0,70.0,21.0,1006.1,18.0,-5.720809726210201,6.817795543758904
2018-03-20 20:00:00,0.0,0.0,0.0,0.0,26.2,73.0,21.0,1007.1,15.8,-1.4326213531414094,4.685893304218874
2018-03-20 21:00:00,0.21,0.0,0.0,0.21,25.5,77.0,21.1,1008.0,8.6,2.883363526931848,1.801725498392897
2018-03-20 22:00:00,0.52,0.0,0.0,0.52,24.9,78.0,20.9,1008.8,12.2,6.790680836331102,-0.3558845024520188
2018-03-20 23:00:00,0.59,0.0,0.0,0.59,24.0,82.0,20.8,1008.9,11.5,5.421022142882375,1.7613968679372012
2018-03-21 00:00:00,0.68,0.0,0.0,0.68,23.4,86.0,20.9,1008.4,7.9,-1.0611580849203361,3.9602958877851795
2018-03-21 01:00:00,0.68,0.03,0.0,0.67,22.9,89.0,21.0,1007.5,5.4,-2.877261607343091,3.195522749552794
2018-03-21 02:00:00,0.64,0.0,0.0,0.64,22.9,88.0,20.8,1006.8,5.0,-3.616017032810471,1.4609657143220571
2018-03-21 03:00:00,0.61,0.0,0.0,0.61,23.0,86.0,20.6,1006.3,4.7,-2.899137802864845,2.8991378028648445
2018-03-21 04:00:00,0.24,0.0,0.0,0.24,23.0,85.0,20.4,1006.4,4.7,1.1109406435904314,2.894099322141325
2018-03-21 05:00:00,0.56,0.0,0.0,0.46,22.7,87.0,20.5,1006.9,3.6,-1.7677669529663687,-1.7677669529663689
2018-03-21 06:00:00,0.47,0.0,0.0,0.47,22.9,87.0,20.5,1007.5,5.8,-1.7998053071223097,-2.1449244407331385
2018-03-21 07:00:00,0.5,0.0,0.0,0.5,25.6,72.0,20.2,1008.2,10.8,-0.3449439287832564,-3.2819222547153015
2018-03-21 08:00:00,0.28,0.0,0.0,0.28,28.5,63.0,20.6,1009.2,14.0,-2.883363526931848,-1.8017254983928965
2018-03-21 09:00:00,0.37,0.0,0.0,0.37,30.7,48.0,18.4,1009.6,14.8,-1.761649323676896,0.7117525274902329
2018-03-21 10:00:00,0.52,0.0,0.0,0.52,32.5,44.0,18.5,1009.3,16.6,-1.0815799573111142,1.8000513314744357
2018-03-21 11:00:00,0.83,0.0,0.0,0.83,33.9,41.0,18.8,1008.4,17.6,-3.061616997868383e-16,2.5
2018-03-21 12:00:00,0.92,0.0,0.06,0.91,35.0,39.0,18.9,1007.3,20.2,-5.265981236333618e-16,4.3
2018-03-21 13:00:00,0.88,0.0,0.16,0.86,35.0,40.0,19.4,1006.0,25.2,-2.543633831087808,8.31985137687841
2018-03-21 14:00:00,0.14,0.0,0.14,0.0,33.8,47.0,21.0,1004.9,31.7,-6.083472696509928,11.93948742412413
2018-03-21 15:00:00,0.77,0.0,0.39,0.62,33.0,50.0,21.0,1004.2,34.9,-6.0954056044326705,14.35987571385807
2018-03-21 16:00:00,0.87,0.0,0.2,0.84,31.9,52.0,20.7,1004.1,34.9,-8.319732448461318,13.314355109655887
2018-03-21 17:00:00,0.31,0.0,0.12,0.0,30.2,55.0,20.1,1004.2,33.5,-8.224049428726913,12.6639255759759
2018-03-21 18:00:00,0.07,0.0,0.07,0.0,28.4,60.0,20.0,1005.0,29.5,-7.243699165699864,11.15431855367414
2018-03-21 19:00:00,0.06,0.0,0.06,0.0,27.4,69.0,21.1,1005.8,23.8,-4.300415394543602,11.202965117966421
2018-03-21 20:00:00,0.05,0.0,0.05,0.0,26.9,73.0,21.5,1006.6,20.9,-1.0766187015349677,6.10580806867569
2018-03-21 21:00:00,0.04,0.0,0.03,0.01,26.0,81.0,22.6,1007.1,10.8,3.96344440343055,3.2095339943541727
2018-03-21 22:00:00,0.03,0.0,0.0,0.03,25.8,84.0,23.0,1007.3,6.8,3.9467090073008158,1.436484601967808
2018-03-21 23:00:00,0.03,0.0,0.0,0.03,25.6,86.0,23.2,1006.9,9.0,6.4721858328315305,3.5875911898228927
2018-03-22 00:00:00,0.02,0.0,0.0,0.02,26.4,80.0,22.7,1006.4,14.8,8.691657397237211,1.3766232923540331
2018-03-22 01:00:00,0.02,0.0,0.0,0.02,25.8,82.0,22.5,1005.2,14.8,7.5260373224359345,-1.0577155672964975
2018-03-22 02:00:00,0.03,0.0,0.0,0.03,25.3,84.0,22.4,1004.5,13.3,7.180188374442375,-1.7902220274375393
2018-03-22 03:00:00,0.03,0.0,0.0,0.03,24.9,86.0,22.4,1004.0,13.0,7.180188374442375,-1.7902220274375393
2018-03-22 04:00:00,0.04,0.0,0.0,0.04,24.5,87.0,22.2,1004.2,13.0,5.702441754805555,-2.9055391983330985
2018-03-22 05:00:00,0.06,0.0,0.0,0.12,24.5,88.0,22.5,1004.5,10.8,1.1257730727216135,-5.791600382341218
2018-03-22 06:00:00,0.23,0.0,0.0,0.23,24.5,90.0,22.8,1005.2,10.8,-1.0506577808748212,-3.233592155403522
2018-03-22 07:00:00,0.35,0.0,0.0,0.35,26.5,80.0,22.8,1005.9,13.0,-3.9641832724372428,-2.8801477362331185
2018-03-22 08:00:00,0.37,0.0,0.0,0.37,29.2,66.0,22.2,1006.4,17.6,-4.669166652447253,-3.2693856872009626
2018-03-22 09:00:00,0.5,0.0,0.0,0.5,31.9,55.0,21.6,1006.8,18.4,-2.8772616073430903,-3.195522749552795
2018-03-22 10:00:00,0.67,0.0,0.0,0.67,34.2,45.0,20.8,1006.4,20.9,-1.4554435894139948,-0.3628828433995015
2018-03-22 11:00:00,0.57,0.06,0.24,0.44,36.0,37.0,18.9,1006.0,20.9,-2.1631599146222285,3.6001026629488715
2018-03-22 12:00:00,0.51,0.07,0.5,0.0,35.7,39.0,19.5,1005.0,27.0,-5.416335208368434,7.187719590425637
2018-03-22 13:00:00,0.55,0.0,0.46,0.23,33.9,51.0,22.2,1003.8,29.5,-8.62670273047588,8.626702730475879
2018-03-22 14:00:00,0.3,0.0,0.29,0.01,34.5,43.0,20.3,1002.8,29.5,-6.8251321848603554,7.580077219869419
2018-03-22 15:00:00,0.35,0.0,0.35,0.0,34.0,50.0,22.0,1002.4,30.2,-6.782966582185025,10.855015630802253
2018-03-22 16:00:00,0.34,0.0,0.34,0.01,33.0,49.0,20.9,1002.4,30.2,-8.683229630737465,8.99174750423314
2018-03-22 17:00:00,0.22,0.0,0.13,0.0,30.6,60.0,22.0,1002.3,30.2,-8.666136333389494,11.500351344681018
2018-03-22 18:00:00,0.11,0.0,0.1,0.01,28.9,68.0,22.5,1002.8,28.8,-7.288537128426668,10.031810730249347
2018-03-22 19:00:00,0.11,0.0,0.11,0.0,27.8,79.0,23.8,1003.5,22.3,-1.1133848076805226,7.922144549932563
2018-03-22 20:00:00,0.1,0.0,0.1,0.0,26.6,86.0,24.1,1004.8,13.7,3.233246532964663,2.1808523235359116
2018-03-22 21:00:00,0.08,0.0,0.08,0.0,26.0,89.0,24.1,1005.4,7.6,3.6347538725598536,5.388744221607772
2018-03-22 22:00:00,0.06,0.0,0.06,0.0,25.6,90.0,23.8,1005.7,8.6,6.143640332167437,4.301823272632848
2018-03-22 23:00:00,0.06,0.0,0.06,0.0,26.5,80.0,22.8,1005.5,10.1,6.430842427582552,1.4846769586695105
2018-03-23 00:00:00,0.2,0.0,0.2,0.0,26.8,77.0,22.4,1004.9,16.2,9.329933825428427,-1.1455718280083882
2018-03-23 01:00:00,0.08,0.0,0.08,0.0,26.6,78.0,22.4,1004.1,16.6,8.588939923774255,-3.2969851358167634
2018-03-23 02:00:00,0.02,0.0,0.02,0.0,25.7,82.0,22.5,1003.5,15.8,6.148780366869514,-3.5500000000000007
2018-03-23 03:00:00,0.02,0.0,0.02,0.0,24.7,88.0,22.5,1003.2,11.9,4.312631754255383,-3.249801125021059
2018-03-23 04:00:00,0.02,0.0,0.02,0.0,24.4,89.0,22.5,1003.2,8.3,4.012982057577931,-3.6133052743378324
2018-03-23 05:00:00,0.03,0.0,0.04,0.0,24.5,92.0,23.1,1003.5,9.7,4.012982057577931,-3.6133052743378324
2018-03-23 06:00:00,0.06,0.0,0.06,0.0,24.9,91.0,23.2,1004.1,9.0,2.1976149610516362,-4.71280049259058
2018-03-23 07:00:00,0.1,0.0,0.02,0.08,27.4,78.0,23.2,1005.1,9.0,-0.7117525274902328,-1.761649323676896
2018-03-23 08:00:00,0.3,0.0,0.01,0.3,30.2,64.0,22.6,1005.8,15.5,-2.180852323535913,-3.233246532964663
2018-03-23 09:00:00,0.24,0.0,0.0,0.24,32.7,52.0,21.6,1005.9,17.6,-2.4930243101639276,-2.8678964048465336
2018-03-23 10:00:00,0.57,0.0,0.0,0.57,35.2,41.0,19.8,1005.5,18.0,-2.475670171853926,-0.34793275240016364
2018-03-23 11:00:00,0.3,0.0,0.3,0.0,37.2,31.0,17.3,1004.5,20.9,-4.3109953772862175,2.907803098047883
2018-03-23 12:00:00,0.4,0.0,0.4,0.0,37.6,28.0,15.9,1003.3,25.6,-7.587037345449281,5.717242719944459
2018-03-23 13:00:00,0.52,0.0,0.51,0.01,36.7,34.0,18.2,1002.4,33.1,-11.957478155805607,7.471861625688187
2018-03-23 14:00:00,0.45,0.0,0.45,0.0,35.8,35.0,17.8,1001.8,34.9,-12.94437166566306,7.175182379645788
2018-03-23 15:00:00,0.39,0.0,0.39,0.0,34.3,45.0,20.9,1001.6,36.7,-13.94779033883898,10.897208113264151
2018-03-23 16:00:00,0.28,0.0,0.28,0.01,32.8,46.0,19.8,1002.1,39.6,-10.132058295902382,12.512049979457233
2018-03-23 17:00:00,0.32,0.0,0.28,0.0,31.1,59.0,22.1,1002.3,33.5,-6.381535752284562,13.685247584253414
2018-03-23 18:00:00,0.17,0.0,0.17,0.0,29.0,76.0,24.5,1003.0,29.5,-7.544678833390834,8.679160172561879
2018-03-23 19:00:00,0.13,0.0,0.12,0.01,28.1,80.0,24.4,1003.8,21.6,-5.351975815759154,10.065602558591769
2018-03-23 20:00:00,0.09,0.0,0.08,0.0,27.4,86.0,24.9,1004.8,20.2,-2.1161930039715178,6.1458707413955596
2018-03-23 21:00:00,0.17,0.0,0.17,0.0,26.6,90.0,24.8,1005.4,11.2,-1.0886485301985047,4.366330768241984
2018-03-23 22:00:00,0.28,0.0,0.28,0.0,26.4,91.0,24.8,1006.1,7.6,3.233592155403522,1.0506577808748216
2018-03-23 23:00:00,0.28,0.0,0.28,0.0,25.5,95.0,24.6,1006.0,4.0,6.123233995736766e-16,-2.5
2018-03-24 00:00:00,0.27,0.0,0.27,0.0,25.5,95.0,24.7,1005.7,6.8,-3.2360929164157644,-1.7937955949114475
2018-03-24 01:00:00,0.11,0.0,0.11,0.0,25.0,97.0,24.6,1004.7,6.5,-1.8159619989581872,-3.5640260967534716
2018-03-24 02:00:00,0.04,0.0,0.04,0.0,24.2,99.0,24.0,1004.6,6.5,-2.149021206691006,-5.062776693988422
2018-03-24 03:00:00,0.04,0.0,0.04,0.0,24.2,99.0,24.0,1004.5,7.2,-3.252691193458118,-3.2526911934581184
2018-03-24 04:00:00,0.05,0.0,0.05,0.0,24.0,99.0,23.8,1004.7,6.8,-4.3109953772862175,-2.9078030980478835
2018-03-24 05:00:00,0.08,0.0,0.09,0.12,24.0,99.0,23.8,1004.9,7.2,-3.2095339943541705,-3.963444403430551
2018-03-24 06:00:00,0.17,0.01,0.17,0.0,24.7,98.0,24.3,1005.9,8.3,-1.7489675652259409,-3.9282454678631837
2018-03-24 07:00:00,0.77,0.06,0.44,0.59,26.9,87.0,24.6,1006.9,13.7,-2.907803098047884,-4.3109953772862175
2018-03-24 08:00:00,0.71,0.0,0.15,0.66,29.5,73.0,24.2,1007.6,17.6,-5.437846722219899,-2.5357095704441965
2018-03-24 09:00:00,0.77,0.0,0.05,0.76,32.5,55.0,22.2,1008.0,22.0,-7.160557646651568,-0.752604935527105
2018-03-24 10:00:00,0.75,0.01,0.01,0.75,34.7,43.0,20.3,1007.5,25.9,-8.96575228282571,0.7844016847289241
2018-03-24 11:00:00,0.5,0.05,0.03,0.47,36.0,39.0,19.8,1006.8,29.5,-10.431998923921938,2.7952456871072253
2018-03-24 12:00:00,0.83,0.0,0.24,0.78,36.2,39.0,20.1,1005.6,33.1,-11.86795333845488,4.7949643957236745
2018-03-24 13:00:00,0.89,0.01,0.65,0.71,35.0,43.0,20.5,1004.7,37.1,-13.683201379794133,7.899999999999998
2018-03-24 14:00:00,0.56,0.02,0.23,0.44,34.8,43.0,20.5,1004.0,36.4,-11.14504617410967,5.435802220184561
2018-03-24 15:00:00,0.66,0.0,0.25,0.56,34.4,47.0,21.5,1003.6,31.7,-11.488041320124253,8.346550582553117
2018-03-24 16:00:00,0.42,0.0,0.13,0.34,33.0,51.0,21.5,1003.7,34.6,-12.292967756264863,9.60431901508027
2018-03-24 17:00:00,0.81,0.0,0.04,0.93,31.7,55.0,21.5,1004.0,33.8,-10.840827724624296,7.876322380719139
2018-03-24 18:00:00,0.63,0.0,0.01,0.63,29.4,71.0,23.5,1004.3,27.0,-6.069785404556238,6.509047944410617
2018-03-24 19:00:00,0.12,0.0,0.0,0.11,27.5,83.0,24.4,1005.2,15.8,-3.613305274337836,4.012982057577928
2018-03-24 20:00:00,0.05,0.0,0.01,0.05,26.2,91.0,24.6,1006.3,9.4,-4.71280049259058,2.1976149610516367
2018-03-24 21:00:00,0.0,0.0,0.0,0.0,25.8,91.0,24.2,1007.0,11.9,-6.430842427582553,1.4846769586695092
2018-03-24 22:00:00,0.0,0.0,0.0,0.0,25.3,90.0,23.5,1007.5,11.2,-5.791600382341218,-1.125773072721615
2018-03-24 23:00:00,0.0,0.0,0.0,0.0,25.0,85.0,22.4,1007.5,10.1,-5.385980316439453,-2.863776532993934
2018-03-25 00:00:00,0.0,0.0,0.0,0.0,24.2,87.0,22.0,1007.5,10.4,-5.412017391981862,-5.046787864462489
2018-03-25 01:00:00,0.01,0.01,0.0,0.0,24.1,90.0,22.3,1007.3,9.4,1.4235782507653005,-3.197409101749103
2018-03-25 02:00:00,0.35,0.14,0.0,0.24,23.8,92.0,22.5,1006.9,11.9,2.8738041798367546,-6.16289295184922
2018-03-25 03:00:00,0.44,0.21,0.0,0.29,24.0,92.0,22.7,1006.8,12.6,1.7640790772287933,-6.1520748540052415
2018-03-25 04:00:00,0.9,0.9,0.0,0.0,24.2,91.0,22.7,1006.9,12.2,2.2249223594996232,-6.8476069173251055
2018-03-25 05:00:00,0.37,0.36,0.0,0.0,24.5,88.0,22.5,1007.1,14.8,-0.3401837155791349,-6.49109197590473
2018-03-25 06:00:00,0.27,0.27,0.0,0.0,25.1,87.0,22.8,1007.9,13.7,-1.469229264399395,-7.558529312547013
2018-03-25 07:00:00,0.73,0.54,0.0,0.41,26.9,80.0,23.2,1008.8,21.2,-7.224447052773572,-7.4811339235219725
2018-03-25 08:00:00,0.95,0.53,0.0,0.89,28.9,69.0,22.5,1009.6,26.6,-10.806465139037945,-3.9332316482451914
2018-03-25 09:00:00,0.79,0.58,0.0,0.49,30.5,58.0,21.2,1010.1,28.8,-12.283143277481258,-0.6437322617882109
2018-03-25 10:00:00,0.47,0.46,0.11,0.0,31.6,50.0,20.1,1009.8,31.0,-12.972511700514572,1.823167622576856
2018-03-25 11:00:00,0.65,0.45,0.18,0.33,33.0,44.0,19.1,1009.2,33.1,-13.001962732098352,3.2417534010355484
2018-03-25 12:00:00,0.96,0.29,0.24,0.94,32.8,46.0,19.7,1008.1,33.5,-12.184676781453192,6.478707566445295
2018-03-25 13:00:00,0.98,0.0,0.15,0.98,33.0,48.0,20.4,1007.4,35.6,-12.287280664334876,8.603646545265692
2018-03-25 14:00:00,0.98,0.0,0.07,0.97,33.2,46.0,20.0,1006.5,36.0,-11.488041320124253,8.346550582553117
2018-03-25 15:00:00,0.99,0.0,0.01,0.99,33.0,46.0,19.8,1006.0,35.3,-12.91552674635953,8.387441139231418
2018-03-25 16:00:00,0.98,0.0,0.01,0.98,32.2,45.0,18.8,1005.9,35.3,-12.29756073373903,7.099999999999997
2018-03-25 17:00:00,0.84,0.0,0.0,0.92,32.0,37.0,15.6,1005.9,31.3,-8.999165894302516,4.585304047369422
2018-03-25 18:00:00,0.98,0.0,0.0,0.98,29.0,52.0,18.2,1006.5,19.8,-2.496747046277383,6.8597561317371305
2018-03-25 19:00:00,0.96,0.0,0.0,0.96,27.4,64.0,20.1,1007.4,14.8,-3.211898789229316,6.887939181478539
2018-03-25 20:00:00,0.95,0.0,0.0,0.95,26.8,69.0,20.7,1008.4,13.3,-5.0463405411722775,4.705788684431239
2018-03-25 21:00:00,0.97,0.0,0.0,0.97,26.6,73.0,21.4,1009.4,13.7,-7.200205325897744,4.326319829244456
2018-03-25 22:00:00,0.88,0.0,0.0,0.88,26.6,78.0,22.5,1010.2,15.8,-9.4,-5.755839955992561e-16
2018-03-25 23:00:00,0.27,0.0,0.0,0.27,26.2,79.0,22.2,1010.2,16.2,-8.65135526344487,-2.4807362023529924
2018-03-26 00:00:00,0.1,0.0,0.0,0.1,25.8,82.0,22.5,1009.7,15.8,-6.855693556378481,-5.356254835333226
2018-03-26 01:00:00,0.26,0.0,0.0,0.26,25.2,86.0,22.7,1009.0,15.1,-3.268731598124737,-6.415246974156249
2018-03-26 02:00:00,0.93,0.03,0.0,0.93,24.7,89.0,22.8,1008.3,13.0,1.7634913907721887e-15,-7.2
2018-03-26 03:00:00,0.95,0.24,0.0,0.93,24.5,90.0,22.8,1008.0,14.0,2.1223161698406696,-7.92059177557036
2018-03-26 04:00:00,0.84,0.26,0.0,0.79,24.8,89.0,22.8,1008.1,16.9,2.092044805397948,-9.061641602502688
2018-03-26 05:00:00,0.92,0.22,0.0,0.88,25.2,87.0,23.0,1008.2,16.6,1.376623292354034,-8.691657397237211
2018-03-26 06:00:00,0.96,0.24,0.0,0.95,25.2,87.0,23.0,1008.9,16.9,1.423553631866103,-8.987963899415753
2018-03-26 07:00:00,0.95,0.21,0.01,0.94,26.8,79.0,22.8,1009.7,22.0,-0.3629547657060101,-10.393664600998596
2018-03-26 08:00:00,0.98,0.36,0.12,0.97,29.1,67.0,22.4,1010.1,25.9,-6.099957192168303,-9.393110360988748
2018-03-26 09:00:00,0.92,0.35,0.24,0.87,31.2,56.0,21.3,1010.4,25.9,-6.874724795220202,-6.410784584587486
2018-03-26 10:00:00,0.4,0.27,0.06,0.18,33.0,47.0,20.1,1010.1,26.6,-8.98794046299167,-4.383711467890775
2018-03-26 11:00:00,0.26,0.13,0.1,0.17,35.0,42.0,20.0,1009.1,29.5,-10.46617932785172,-2.224655091750026
2018-03-26 12:00:00,0.34,0.15,0.11,0.24,35.2,43.0,20.8,1007.7,32.8,-12.605539238556263,2.222696674136708
2018-03-26 13:00:00,0.28,0.04,0.22,0.14,34.5,47.0,21.6,1006.5,34.2,-12.626150577882655,6.713443347838241
2018-03-26 14:00:00,0.27,0.02,0.22,0.14,32.3,58.0,23.0,1006.1,37.8,-11.950293312656056,10.027486711110013
2018-03-26 15:00:00,0.49,0.01,0.37,0.25,32.7,57.0,23.1,1005.6,39.6,-15.45925759634567,7.539983724772133
2018-03-26 16:00:00,0.62,0.05,0.49,0.49,31.2,63.0,23.4,1005.7,38.5,-12.557368354874361,7.249999999999997
2018-03-26 17:00:00,0.84,0.01,0.07,0.73,31.1,64.0,23.4,1005.6,33.8,-12.557368354874361,7.249999999999997
2018-03-26 18:00:00,0.86,0.0,0.05,0.85,29.9,69.0,23.5,1006.0,28.4,-10.81280698461469,7.571208959833809
2018-03-26 19:00:00,0.88,0.0,0.07,0.87,29.2,71.0,23.5,1006.8,26.3,-13.292636107886194,4.06396669564604
2018-03-26 20:00:00,0.87,0.0,0.02,0.87,28.7,71.0,23.0,1007.8,24.8,-12.592324420440606,-0.4397336584515136
2018-03-26 21:00:00,0.81,0.0,0.01,0.81,28.0,74.0,23.0,1008.9,22.3,-11.555953584963111,-1.8302832409707017
2018-03-26 22:00:00,0.91,0.0,0.0,0.91,27.6,78.0,23.4,1009.4,20.9,-10.045039080724521,-1.77121141220269
2018-03-26 23:00:00,0.98,0.01,0.03,0.98,27.3,81.0,23.8,1009.3,18.4,-9.353952621938259,-2.159530121701103
2018-03-27 00:00:00,0.94,0.02,0.14,0.94,27.3,82.0,23.9,1008.6,17.3,-8.268415994161488,-0.7233926648055626
2018-03-27 01:00:00,1.0,0.42,0.23,1.0,26.7,82.0,23.5,1008.0,14.0,-2.877261607343091,3.195522749552794
2018-03-27 02:00:00,0.99,0.66,0.25,0.98,25.2,91.0,23.6,1007.5,6.8,0.7107390870623796,-2.1874299874788528
2018-03-27 03:00:00,0.98,0.22,0.04,0.98,25.4,90.0,23.6,1007.0,7.6,1.800051331474436,-1.0815799573111138
2018-03-27 04:00:00,0.99,0.29,0.14,0.99,25.0,93.0,23.9,1007.1,10.8,5.074340152243905,-1.8469087739586127
2018-03-27 05:00:00,1.0,0.07,0.04,0.96,25.6,89.0,23.8,1007.2,10.8,0.3628828433995013,1.4554435894139948
2018-03-27 06:00:00,0.92,0.36,0.1,0.9,26.0,86.0,23.5,1008.0,5.4,1.0777488443215542,-0.7269507745119711
2018-03-27 07:00:00,0.87,0.51,0.22,0.82,26.9,81.0,23.4,1008.8,12.6,-2.192031021678297,-2.1920310216782974
2018-03-27 08:00:00,0.44,0.36,0.04,0.3,28.2,74.0,23.2,1009.5,18.0,-4.3458286986186065,-0.6883116461770161
2018-03-27 09:00:00,0.41,0.34,0.32,0.09,30.2,64.0,22.8,1010.0,20.2,-6.0916401620029,-0.3192493330819582
2018-03-27 10:00:00,0.36,0.24,0.32,0.03,31.9,58.0,22.5,1009.6,21.6,-6.518743047927909,1.0324674692655234
2018-03-27 11:00:00,0.39,0.1,0.39,0.0,32.7,56.0,22.9,1008.8,27.7,-6.535062985480412,2.5085756468171017
2018-03-27 12:00:00,0.25,0.12,0.22,0.0,33.3,54.0,22.8,1007.5,25.9,-5.400153994423308,3.2447398719333416
2018-03-27 13:00:00,0.24,0.21,0.11,0.0,34.3,50.0,22.5,1006.3,26.3,-6.869189578867051,4.292346040288959
2018-03-27 14:00:00,0.21,0.16,0.18,0.0,34.2,47.0,21.5,1005.0,27.7,-7.924450592339108,6.888619804400325
2018-03-27 15:00:00,0.18,0.02,0.17,0.0,33.5,50.0,21.6,1004.2,30.2,-8.62670273047588,8.626702730475879
2018-03-27 16:00:00,0.11,0.0,0.11,0.0,33.3,50.0,21.5,1004.1,29.5,-8.69869788266516,9.660882731206122
2018-03-27 17:00:00,0.09,0.01,0.16,0.0,31.6,55.0,21.6,1004.3,30.2,-7.199221228489241,8.579697762932552
2018-03-27 18:00:00,0.03,0.01,0.03,0.0,29.6,68.0,23.1,1004.9,24.1,-5.827637674660791,8.973775077016036
2018-03-27 19:00:00,0.02,0.0,0.02,0.0,28.4,77.0,23.9,1006.1,19.4,-4.349999999999999,7.534421012924616
2018-03-27 20:00:00,0.01,0.0,0.01,0.01,27.8,82.0,24.3,1007.2,15.5,-3.2132194802988234,7.2170091153765465
2018-03-27 21:00:00,0.01,0.0,0.0,0.01,27.2,85.0,24.5,1008.2,14.0,-3.211898789229316,6.887939181478539
2018-03-27 22:00:00,0.01,0.0,0.0,0.01,26.9,88.0,24.6,1009.0,13.3,0.3977532674463711,7.589584464134761
2018-03-27 23:00:00,0.06,0.04,0.01,0.03,26.5,88.0,24.5,1008.7,14.4,2.1223161698406705,7.92059177557036
2018-03-28 00:00:00,0.21,0.18,0.05,0.02,26.2,89.0,24.3,1007.9,14.4,6.4721858328315305,3.5875911898228927
2018-03-28 01:00:00,0.32,0.3,0.04,0.01,25.6,91.0,24.0,1007.3,14.0,6.472135954999579,4.702282018339786
2018-03-28 02:00:00,0.51,0.36,0.4,0.02,25.8,92.0,24.4,1006.9,13.7,0.3441558230885085,-2.172914349309303
2018-03-28 03:00:00,0.55,0.26,0.25,0.42,24.8,93.0,23.6,1006.4,12.6,-4.981083229470296,4.329989591337347
2018-03-28 04:00:00,0.59,0.36,0.24,0.47,24.2,96.0,23.5,1006.5,13.0,-4.289848881466277,3.5996106142446203
2018-03-28 05:00:00,0.52,0.17,0.16,0.86,26.0,93.0,24.8,1006.4,13.7,-2.1976149610516376,4.7128004925905795
2018-03-28 06:00:00,0.89,0.12,0.12,0.87,26.3,91.0,24.7,1007.2,10.1,-1.0886485301985047,4.366330768241984
2018-03-28 07:00:00,0.36,0.07,0.12,0.28,27.3,84.0,24.3,1008.4,14.8,-6.613092715395707e-16,5.4
2018-03-28 08:00:00,0.16,0.03,0.08,0.11,29.5,70.0,23.5,1009.1,18.7,-7.470345474798854e-16,6.1
2018-03-28 09:00:00,0.2,0.09,0.04,0.15,31.8,57.0,22.1,1009.4,20.9,-7.102951435054649e-16,5.8
2018-03-28 10:00:00,0.23,0.09,0.11,0.13,33.8,49.0,21.5,1009.0,23.4,-1.0793978087775937,6.81504955010645
2018-03-28 11:00:00,0.54,0.16,0.4,0.26,34.8,45.0,21.1,1008.1,25.9,-1.7546182238821486,7.600086505324834
2018-03-28 12:00:00,0.36,0.14,0.34,0.02,35.0,46.0,21.6,1006.8,27.4,-3.2969851358167617,8.588939923774255
2018-03-28 13:00:00,0.43,0.01,0.42,0.0,34.1,51.0,22.4,1005.4,29.5,-6.8005097616181445,9.024581263534412
2018-03-28 14:00:00,0.34,0.0,0.25,0.22,33.5,54.0,22.9,1004.3,36.7,-4.037577103599328,15.068442890109464
2018-03-28 15:00:00,0.36,0.05,0.23,0.21,33.0,56.0,23.1,1004.3,36.7,-5.720280296718291,11.226682204773434
2018-03-28 16:00:00,0.47,0.02,0.15,0.39,32.0,60.0,23.4,1004.3,37.1,-6.4057727474121,15.854843913092065
2018-03-28 17:00:00,0.35,0.0,0.1,0.22,31.6,56.0,21.9,1003.9,36.0,-6.381535752284562,13.685247584253414
2018-03-28 18:00:00,0.25,0.0,0.04,0.23,29.8,69.0,23.5,1004.2,29.2,-6.4787075664452916,12.184676781453193
2018-03-28 19:00:00,0.14,0.0,0.03,0.12,28.8,74.0,23.6,1005.0,24.8,-2.1587956175551875,13.6300991002129
2018-03-28 20:00:00,0.08,0.0,0.02,0.06,28.1,75.0,23.3,1006.3,24.8,1.7677094549546073,11.160878248725057
2018-03-28 21:00:00,0.09,0.0,0.0,0.08,27.5,79.0,23.5,1007.2,19.8,1.8221035401853063,7.892397524760405
2018-03-28 22:00:00,0.06,0.0,0.0,0.06,27.0,82.0,23.7,1008.0,15.5,-1.3766232923540327,8.691657397237211
2018-03-28 23:00:00,0.0,0.0,0.0,0.0,26.4,86.0,23.8,1007.7,15.5,-7.960204194457795e-16,6.5
2018-03-29 00:00:00,0.0,0.0,0.0,0.0,25.8,89.0,23.9,1007.1,11.5,1.4333142502483949,4.998560818879258
2018-03-29 01:00:00,0.0,0.0,0.0,0.0,25.3,92.0,23.9,1006.4,10.8,1.4273391840380383,5.7247447850283795
2018-03-29 02:00:00,0.0,0.0,0.0,0.0,25.0,94.0,23.9,1005.9,10.8,0.6794350112397477,6.4643923198937765
2018-03-29 03:00:00,0.01,0.01,0.0,0.0,24.6,96.0,23.9,1005.7,11.2,-7.960204194457795e-16,6.5
2018-03-29 04:00:00,0.01,0.01,0.0,0.0,24.4,97.0,23.9,1005.8,10.8,0.3766849582182765,5.386845871403051
2018-03-29 05:00:00,0.01,0.0,0.0,0.0,24.4,99.0,24.1,1006.0,9.4,-2.101315561749643,6.467184310807044
2018-03-29 06:00:00,0.0,0.0,0.0,0.0,24.8,96.0,24.0,1006.7,13.0,0.7068421917498544,5.756767679519668
2018-03-29 07:00:00,0.0,0.0,0.0,0.0,27.0,82.0,23.6,1007.6,14.0,-1.4214781741247584,4.3748599749577055
2018-03-29 08:00:00,0.01,0.0,0.0,0.01,30.3,65.0,23.0,1008.2,15.8,1.1110124779463997,3.6339580726595346
2018-03-29 09:00:00,0.03,0.03,0.0,0.0,33.0,52.0,21.8,1008.4,19.1,2.894873798829253,3.5748714227020653
2018-03-29 10:00:00,0.04,0.01,0.04,0.0,35.2,41.0,20.0,1007.9,21.2,0.7352419856890845,4.6421352007971475
2018-03-29 11:00:00,0.18,0.02,0.18,0.0,36.9,34.0,18.3,1007.2,23.4,-2.535709570444197,5.437846722219899
2018-03-29 12:00:00,0.48,0.0,0.48,0.0,37.3,31.0,17.5,1005.8,29.5,-8.301805382450492,7.216649318895579
2018-03-29 13:00:00,0.46,0.0,0.46,0.0,35.7,40.0,20.1,1004.7,36.4,-10.09357572892498,10.824034783963723
2018-03-29 14:00:00,0.3,0.0,0.25,0.09,35.7,41.0,20.5,1003.4,36.0,-8.38744113923142,12.915526746359529
2018-03-29 15:00:00,0.28,0.0,0.18,0.14,34.3,47.0,21.2,1002.8,42.5,-12.313229506513167,15.760215072134438
2018-03-29 16:00:00,0.29,0.0,0.14,0.2,33.5,51.0,22.0,1002.9,42.8,-9.099999999999998,15.761662348876785
2018-03-29 17:00:00,0.35,0.0,0.09,0.18,31.8,60.0,23.2,1003.0,38.2,-10.168684864659788,13.99599400268659
2018-03-29 18:00:00,0.27,0.0,0.02,0.27,29.5,75.0,24.5,1003.9,34.2,-5.450271017215726,12.241509132410851
2018-03-29 19:00:00,0.11,0.0,0.01,0.1,28.6,78.0,24.4,1004.6,23.8,-4.330056454280183,12.575397055470916
2018-03-29 20:00:00,0.16,0.0,0.01,0.15,27.6,81.0,24.0,1005.6,23.8,0.3385251180142587,9.694091022085228
2018-03-29 21:00:00,0.17,0.0,0.0,0.17,27.0,85.0,24.2,1006.6,17.3,-1.0811407922523484,5.08636752381579
2018-03-29 22:00:00,0.08,0.0,0.0,0.08,26.5,89.0,24.5,1007.2,11.2,-3.5996106142446207,4.289848881466276
2018-03-29 23:00:00,0.37,0.0,0.0,0.37,26.0,91.0,24.4,1007.3,9.7,-2.4881992827652204,4.679622242152313
2018-03-30 00:00:00,0.73,0.0,0.0,0.73,25.6,91.0,24.1,1006.8,11.5,-2.1161930039715178,6.1458707413955596
2018-03-30 01:00:00,0.93,0.0,0.0,0.93,25.1,93.0,23.9,1006.1,11.2,-1.7542302283364197,5.737828535778213
2018-03-30 02:00:00,0.9,0.0,0.0,0.9,24.8,94.0,23.7,1005.4,10.4,-1.1257730727216153,5.791600382341217
2018-03-30 03:00:00,0.95,0.0,0.0,0.95,24.5,94.0,23.5,1004.8,9.7,0.7059932828932155,3.632020578756357
2018-03-30 04:00:00,0.93,0.0,0.0,0.93,24.5,94.0,23.4,1005.0,7.2,1.7918397477265022,4.667902132486008
2018-03-30 05:00:00,0.91,0.0,0.0,0.48,25.0,93.0,23.7,1005.3,5.8,0.3486229709906318,3.984778792366982
2018-03-30 06:00:00,0.04,0.0,0.0,0.04,25.6,87.0,23.4,1005.9,10.1,-3.9188697572715305e-16,3.2
2018-03-30 07:00:00,0.0,0.0,0.0,0.0,27.4,78.0,23.1,1006.7,9.4,1.1,2.0206672185931328e-16
2018-03-30 08:00:00,0.7,0.0,0.0,0.7,29.9,67.0,23.0,1007.4,14.8,0.7257656867990037,-2.9108871788279895
2018-03-30 09:00:00,0.73,0.0,0.0,0.73,32.8,52.0,21.8,1007.4,18.7,-0.3747696938149301,-4.283637201794505
2018-03-30 10:00:00,0.89,0.0,0.0,0.89,35.4,40.0,19.8,1007.0,19.4,-2.192031021678297,-2.1920310216782974
2018-03-30 11:00:00,0.9,0.0,0.18,0.87,37.5,32.0,17.9,1006.2,20.9,-3.600102662948872,2.163159914622228
2018-03-30 12:00:00,0.52,0.0,0.39,0.28,37.8,30.0,17.4,1004.7,28.1,-7.88010753606722,6.156614753256583
2018-03-30 13:00:00,0.43,0.0,0.3,0.2,35.7,44.0,21.5,1003.8,38.9,-12.225987320078351,12.660380485960264
2018-03-30 14:00:00,0.57,0.0,0.21,0.47,35.7,41.0,20.4,1002.6,40.3,-11.218609395737674,12.905533821809403
2018-03-30 15:00:00,0.29,0.0,0.19,0.14,33.7,48.0,21.0,1002.3,42.5,-12.984309715668097,15.474097751003352
2018-03-30 16:00:00,0.38,0.0,0.16,0.28,33.2,49.0,21.0,1002.2,42.5,-12.470079627918865,14.86126219650817
2018-03-30 17:00:00,0.95,0.0,0.08,0.67,32.0,53.0,21.1,1002.1,40.0,-11.827292018232326,14.095217753389193
2018-03-30 18:00:00,0.56,0.0,0.03,0.55,30.1,67.0,23.5,1002.8,35.6,-9.367828489024019,10.404027556683516
2018-03-30 19:00:00,0.22,0.01,0.0,0.21,29.0,83.0,25.7,1003.9,25.2,-3.8703738550892424,10.08266860616978
2018-03-30 20:00:00,0.18,0.0,0.01,0.17,28.1,86.0,25.6,1004.8,19.1,-3.549993398621876,7.61298541110786
2018-03-30 21:00:00,0.11,0.0,0.01,0.11,27.5,89.0,25.5,1005.7,14.8,-2.1631599146222285,3.6001026629488715
2018-03-30 22:00:00,0.11,0.0,0.0,0.1,27.0,92.0,25.6,1006.2,7.2,-1.7489675652259418,3.9282454678631833
2018-03-30 23:00:00,0.16,0.0,0.01,0.15,26.4,95.0,25.6,1006.2,8.3,-2.5455844122715714,2.545584412271571
2018-03-31 00:00:00,0.13,0.0,0.01,0.12,26.0,98.0,25.7,1005.4,5.8,-2.5,-1.5308084989341916e-16
2018-03-31 01:00:00,0.19,0.05,0.01,0.16,25.5,100.0,25.5,1004.4,4.7,-2.475670171853926,-0.34793275240016364
2018-03-31 02:00:00,1.0,1.0,0.01,0.3,25.6,100.0,25.6,1003.8,4.7,-1.0461621679246689,-0.3399186938124422
2018-03-31 03:00:00,1.0,1.0,0.0,0.45,25.1,100.0,25.1,1003.8,4.3,1.7874357113510326,-1.447436899414626
2018-03-31 04:00:00,1.0,1.0,0.0,0.56,25.1,99.0,25.0,1003.9,9.0,3.5670951622914937,-3.2118269105225172
2018-03-31 05:00:00,1.0,1.0,0.0,0.11,25.6,99.0,25.5,1004.1,13.3,4.669166652447253,-3.2693856872009626
2018-03-31 06:00:00,0.73,0.58,0.0,0.37,26.4,94.0,25.4,1004.8,13.3,4.31335136523794,-4.3133513652379385
2018-03-31 07:00:00,0.42,0.35,0.0,0.17,28.0,83.0,24.9,1005.7,16.2,5.015905365124675,-3.6442685642133323
2018-03-31 08:00:00,0.45,0.03,0.0,0.44,30.5,69.0,24.2,1006.2,18.4,3.2498011250210608,-4.312631754255381
2018-03-31 09:00:00,0.71,0.01,0.0,0.71,33.0,56.0,23.1,1006.5,19.1,1.7937955949114466,-3.236092916415765
2018-03-31 10:00:00,0.95,0.05,0.0,0.95,35.5,43.0,21.0,1006.1,18.4,1.8,3.3065463576978537e-16
2018-03-31 11:00:00,0.97,0.1,0.02,0.97,37.5,34.0,18.8,1005.3,20.5,1.7998053071223097,2.1449244407331385
2018-03-31 12:00:00,0.98,0.0,0.19,0.98,38.5,28.0,16.9,1003.9,20.9,-1.7542302283364197,5.737828535778213
2018-03-31 13:00:00,0.98,0.0,0.58,0.97,35.6,45.0,22.0,1002.9,36.4,-12.707776515663443,11.442133368736476
2018-03-31 14:00:00,0.95,0.0,0.26,0.94,33.7,50.0,21.9,1001.9,42.8,-10.075822147778005,15.515405506990342
2018-03-31 15:00:00,0.89,0.0,0.12,0.88,34.8,46.0,21.5,1001.3,39.2,-7.189286807340867,14.740222359306339
2018-03-31 16:00:00,0.79,0.0,0.17,0.76,34.3,47.0,21.5,1001.3,36.0,-6.78733468344872,12.24467589995154
2018-03-31 17:00:00,0.9,0.0,0.05,0.97,33.0,50.0,21.3,1001.6,31.0,-9.367828489024019,10.404027556683516
2018-03-31 18:00:00,0.93,0.0,0.09,0.92,31.0,63.0,23.1,1002.3,27.4,-11.87451260953648,5.040431557511631
2018-03-31 19:00:00,0.46,0.0,0.1,0.42,29.9,77.0,25.4,1003.1,24.8,-8.69869788266516,9.660882731206122
2018-03-31 20:00:00,0.7,0.0,0.05,0.69,28.9,84.0,25.9,1004.4,23.0,-7.960204194457795e-16,6.5
2018-03-31 21:00:00,0.7,0.0,0.03,0.69,28.5,85.0,25.8,1005.5,11.2,-2.1729143493093033,-0.34415582308850806
2018-03-31 22:00:00,0.85,0.0,0.02,0.85,28.0,89.0,26.0,1005.9,10.1,-5.34744757120448,0.7515347451843529
2018-03-31 23:00:00,0.04,0.0,0.01,0.02,27.4,93.0,26.1,1005.5,10.1,-3.580278823325784,0.3763024677635528
2018-04-01 00:00:00,0.01,0.0,0.0,0.0,26.9,96.0,26.1,1004.6,7.2,-3.616017032810471,-1.4609657143220567
2018-04-01 01:00:00,0.01,0.0,0.01,0.0,26.4,98.0,26.1,1003.9,7.2,-3.233246532964663,-2.1808523235359125
2018-04-01 02:00:00,0.01,0.0,0.01,0.0,26.0,100.0,26.0,1003.2,8.6,-3.5670951622914924,-3.2118269105225195
2018-04-01 03:00:00,0.01,0.0,0.01,0.0,25.9,99.0,25.8,1002.8,8.6,-1.460965714322057,-3.616017032810471
2018-04-01 04:00:00,0.01,0.0,0.01,0.0,25.9,99.0,25.8,1003.0,8.3,-0.7352419856890852,-4.6421352007971475
2018-04-01 05:00:00,0.01,0.0,0.01,0.0,25.9,99.0,25.6,1003.5,8.6,-0.35575801609503904,-5.087576656325103
2018-04-01 06:00:00,0.0,0.0,0.0,0.0,26.2,96.0,25.6,1004.2,10.4,-0.37668495821827663,-5.386845871403051
2018-04-01 07:00:00,0.0,0.0,0.0,0.0,28.4,84.0,25.4,1005.2,14.8,-3.5996106142446194,-4.289848881466277
2018-04-01 08:00:00,0.02,0.02,0.0,0.0,31.1,66.0,24.0,1005.7,18.0,-4.664264528860342,-2.914555953282627
2018-04-01 09:00:00,0.0,0.0,0.0,0.0,34.2,47.0,21.2,1006.0,20.2,-5.062776693988422,-2.1490212066910055
2018-04-01 10:00:00,0.09,0.02,0.09,0.0,36.8,34.0,18.4,1005.9,22.0,-5.78587149150698,0.4045875477159269
2018-04-01 11:00:00,0.34,0.0,0.34,0.0,37.8,30.0,17.2,1005.3,28.8,-10.05471104240922,3.659615533584655
2018-04-01 12:00:00,0.53,0.0,0.52,0.01,35.5,40.0,19.7,1004.8,37.1,-12.942602299766069,9.06250769434653
2018-04-01 13:00:00,0.43,0.0,0.4,0.05,36.8,33.0,18.1,1003.5,36.7,-9.687362902255702,9.6873629022557
2018-04-01 14:00:00,0.65,0.0,0.6,0.2,35.7,38.0,19.2,1002.4,38.9,-10.693762172545268,12.301766157631185
2018-04-01 15:00:00,0.65,0.0,0.49,0.54,34.2,43.0,20.0,1001.7,37.4,-12.003171137099976,12.8718251484974
2018-04-01 16:00:00,0.8,0.0,0.36,0.75,33.3,47.0,20.5,1001.6,39.2,-11.575959490008252,12.856405480758918
2018-04-01 17:00:00,0.89,0.0,0.25,0.18,31.9,52.0,20.8,1001.9,36.0,-9.411577368862481,10.092681082344553
2018-04-01 18:00:00,0.33,0.0,0.22,0.26,30.1,63.0,22.4,1002.8,28.4,-10.4182044264181,8.741911491736936
2018-04-01 19:00:00,0.38,0.0,0.27,0.28,29.1,73.0,23.8,1004.0,24.5,-6.524416300446453,8.980088637561915
2018-04-01 20:00:00,0.51,0.0,0.44,0.29,28.8,71.0,22.9,1005.0,19.8,-2.0988989491419945,10.797899017924303
2018-04-01 21:00:00,0.31,0.0,0.26,0.19,28.4,70.0,22.2,1006.1,19.8,-2.9529542176996397,9.658678035226659
2018-04-01 22:00:00,0.36,0.0,0.15,0.27,27.8,72.0,22.3,1006.6,18.0,-5.048424097670399,6.461688179575119
2018-04-01 23:00:00,0.68,0.0,0.12,0.65,27.3,76.0,22.7,1006.4,14.4,-3.2132194802988234,7.2170091153765465
2018-04-02 00:00:00,0.47,0.0,0.08,0.43,27.0,76.0,22.5,1005.7,14.0,-0.6972459419812655,7.969557584733964
2018-04-02 01:00:00,0.85,0.0,0.05,0.84,26.6,77.0,22.3,1005.3,14.4,-0.2896658226307595,8.294943864258496
2018-04-02 02:00:00,0.84,0.0,0.05,0.83,26.1,80.0,22.4,1004.6,14.4,-8.817456953860943e-16,7.2
2018-04-02 03:00:00,0.86,0.0,0.04,0.86,25.8,82.0,22.5,1004.5,12.6,0.31924933308195574,6.0916401620029
2018-04-02 04:00:00,0.86,0.0,0.03,0.86,25.5,84.0,22.6,1004.4,10.8,1.0811407922523495,5.086367523815789
2018-04-02 05:00:00,0.93,0.0,0.04,0.04,25.5,86.0,22.9,1005.0,9.4,0.3479327524001638,2.475670171853926
2018-04-02 06:00:00,0.15,0.0,0.03,0.13,25.7,84.0,22.8,1005.5,7.2,1.4364846019678084,3.9467090073008158
2018-04-02 07:00:00,0.04,0.0,0.02,0.02,27.5,75.0,22.7,1006.4,13.0,2.545584412271571,2.545584412271572
2018-04-02 08:00:00,0.16,0.0,0.02,0.15,30.3,62.0,22.2,1007.3,17.3,4.7,8.63375993398884e-16
2018-04-02 09:00:00,0.08,0.0,0.02,0.06,32.8,52.0,21.5,1007.6,18.7,3.5802788233257843,-0.37630246776355075
2018-04-02 10:00:00,0.33,0.04,0.29,0.05,35.1,41.0,19.8,1007.2,18.4,1.4,2.5717582782094415e-16
2018-04-02 11:00:00,0.27,0.04,0.25,0.03,36.2,36.0,19.0,1006.7,16.9,-1.3471114790620887e-16,1.1
2018-04-02 12:00:00,0.42,0.0,0.3,0.18,36.7,34.0,18.5,1005.5,22.3,-4.981083229470296,4.329989591337347
2018-04-02 13:00:00,0.33,0.0,0.33,0.0,34.8,41.0,19.6,1004.4,35.3,-9.660882731206126,8.698697882665158
2018-04-02 14:00:00,0.62,0.01,0.3,0.54,34.8,39.0,18.8,1003.4,34.9,-13.753288904374106,9.992349288972042
2018-04-02 15:00:00,0.44,0.0,0.15,0.36,33.3,49.0,21.2,1002.4,39.2,-9.856498314737614,15.773694588509525
2018-04-02 16:00:00,0.47,0.0,0.19,0.37,32.3,57.0,22.6,1002.6,43.6,-10.177310843167593,15.088483820501757
2018-04-02 17:00:00,0.4,0.0,0.17,0.18,32.0,56.0,22.2,1002.8,37.8,-10.006194217692414,12.356620787165838
2018-04-02 18:00:00,0.27,0.0,0.16,0.19,30.0,70.0,24.0,1003.7,31.7,-7.857997178009329,11.22238300675919
2018-04-02 19:00:00,0.19,0.0,0.12,0.14,29.1,73.0,23.8,1004.9,26.3,-5.705346533499443,12.235155124994774
2018-04-02 20:00:00,0.16,0.0,0.08,0.11,28.5,77.0,24.0,1006.0,24.8,-5.435802220184558,11.145046174109671
2018-04-02 21:00:00,0.14,0.0,0.08,0.1,28.0,81.0,24.4,1006.8,22.0,-6.079910225321087,8.683011669463314
2018-04-02 22:00:00,0.08,0.0,0.06,0.03,27.7,83.0,24.5,1007.3,19.1,-4.0330145504595105,8.268905225952336
2018-04-02 23:00:00,0.11,0.0,0.11,0.01,27.1,85.0,24.5,1007.0,16.2,-3.211898789229316,6.887939181478539
2018-04-03 00:00:00,0.14,0.0,0.06,0.12,26.8,87.0,24.5,1006.2,13.3,-3.914289369316413,6.514471485336053
2018-04-03 01:00:00,0.14,0.0,0.05,0.12,26.4,90.0,24.5,1005.5,13.3,-3.2678342100901636,5.032023407672543
2018-04-03 02:00:00,0.63,0.01,0.04,0.61,25.9,92.0,24.5,1004.7,10.8,-2.8999999999999995,5.022947341949744
2018-04-03 03:00:00,0.54,0.02,0.03,0.53,25.5,94.0,24.5,1004.4,10.1,-0.7097828148963331,5.050367150582009
2018-04-03 04:00:00,0.52,0.03,0.03,0.5,25.1,96.0,24.5,1004.4,9.0,1.0797650608505518,4.676976310969129
2018-04-03 05:00:00,0.38,0.02,0.02,0.32,25.2,98.0,25.0,1004.8,8.3,0.7128052193506944,-0.3631923997916373
2018-04-03 06:00:00,0.39,0.02,0.01,0.37,25.5,97.0,25.0,1005.4,7.2,1.0611580849203348,-3.96029588778518
2018-04-03 07:00:00,0.34,0.02,0.01,0.33,27.8,82.0,24.5,1006.4,13.0,9.797174393178826e-16,-4.0
2018-04-03 08:00:00,0.24,0.06,0.01,0.22,30.5,66.0,23.5,1007.3,16.6,-2.523736319944603,-3.604268994871564
2018-04-03 09:00:00,0.34,0.04,0.03,0.33,33.3,49.0,21.2,1007.2,18.7,-3.935788682127281,-2.181643291108517
2018-04-03 10:00:00,0.45,0.04,0.09,0.42,35.6,38.0,19.0,1006.9,22.3,-6.153786140176197,0.7555899291119137
2018-04-03 11:00:00,0.56,0.03,0.2,0.46,36.0,36.0,18.6,1006.1,30.6,-11.138108726774528,4.727846654720213
2018-04-03 12:00:00,0.7,0.02,0.55,0.46,35.2,40.0,19.5,1005.3,35.3,-12.887067948334163,5.470235798849833
2018-04-03 13:00:00,0.51,0.13,0.34,0.33,32.8,54.0,22.2,1004.1,40.3,-15.891549659206438,11.127382865210295
2018-04-03 14:00:00,0.68,0.0,0.31,0.64,34.0,47.0,21.1,1003.2,42.1,-12.919594600731335,6.582862246223428
2018-04-03 15:00:00,0.53,0.05,0.28,0.44,31.9,57.0,22.2,1003.0,38.5,-11.547056577408414,10.03770314355476
2018-04-03 16:00:00,0.57,0.01,0.23,0.51,32.1,60.0,23.3,1002.8,33.8,-10.790097005079765,10.41987555688496
2018-04-03 17:00:00,0.93,0.0,0.35,0.23,31.0,62.0,22.9,1002.4,34.2,-10.434574908956229,11.189711634773309
2018-04-03 18:00:00,0.34,0.0,0.14,0.28,29.4,70.0,23.2,1003.0,31.0,-7.951729911219399,12.244590292003188
2018-04-03 19:00:00,0.27,0.0,0.13,0.22,28.6,80.0,24.9,1004.1,27.4,-5.720280296718291,11.226682204773434
2018-04-03 20:00:00,0.25,0.0,0.09,0.21,28.2,80.0,24.4,1005.1,22.7,-2.9047597471245066,8.939931253174443
2018-04-03 21:00:00,0.27,0.0,0.08,0.25,27.9,79.0,24.0,1006.0,16.9,1.846908773958611,5.074340152243906
2018-04-03 22:00:00,0.64,0.0,0.07,0.62,27.9,79.0,23.9,1006.6,9.4,2.878383839759834,0.35342109587492676
2018-04-03 23:00:00,0.21,0.0,0.07,0.17,27.3,81.0,23.8,1006.5,3.6,-1.0777488443215544,-0.7269507745119709
2018-04-04 00:00:00,0.41,0.0,0.07,0.39,26.5,86.0,23.9,1005.7,4.0,-3.2154212137912763,-0.7423384793347542
2018-04-04 01:00:00,0.12,0.01,0.03,0.09,26.1,87.0,23.9,1005.0,4.7,-2.485363104321589,-1.0549740469210391
2018-04-04 02:00:00,0.1,0.04,0.01,0.09,25.8,90.0,24.0,1004.4,5.0,-2.5079526825623373,-1.8221342821066668
2018-04-04 03:00:00,0.15,0.06,0.01,0.12,25.5,91.0,24.0,1003.7,5.0,-2.180852323535913,-3.233246532964663
2018-04-04 04:00:00,0.28,0.08,0.03,0.23,25.4,92.0,24.0,1003.8,5.0,-0.6945927106677213,-3.939231012048832
2018-04-04 05:00:00,0.39,0.14,0.04,0.02,25.9,95.0,25.0,1004.4,5.4,-3.2360929164157644,-1.7937955949114475
2018-04-04 06:00:00,0.13,0.11,0.04,0.03,26.1,93.0,25.0,1004.9,8.3,-5.062776693988422,-2.1490212066910055
2018-04-04 07:00:00,0.16,0.09,0.07,0.06,28.4,79.0,24.5,1005.6,13.7,-3.9641832724372428,-2.8801477362331185
2018-04-04 08:00:00,0.13,0.08,0.07,0.04,31.1,58.0,22.0,1005.9,15.8,-3.580278823325784,-0.3763024677635525
2018-04-04 09:00:00,0.19,0.13,0.13,0.06,33.1,48.0,20.6,1006.0,18.0,-4.3,-2.632990618166809e-16
2018-04-04 10:00:00,0.19,0.05,0.15,0.11,34.8,41.0,19.5,1005.5,23.4,-7.210124886344506,-1.1419715947936857
2018-04-04 11:00:00,0.22,0.03,0.18,0.15,36.2,36.0,18.6,1004.9,27.4,-9.329933825428428,1.1455718280083853
2018-04-04 12:00:00,0.35,0.0,0.24,0.18,36.0,37.0,19.1,1003.8,32.8,-11.876090949353811,5.287576359985404
2018-04-04 13:00:00,0.66,0.02,0.57,0.22,34.5,46.0,21.3,1002.8,40.0,-15.80476191217479,8.403540973867447
2018-04-04 14:00:00,0.35,0.0,0.28,0.17,34.3,49.0,22.0,1001.6,41.0,-13.289195940914205,10.761378686952218
2018-04-04 15:00:00,0.46,0.01,0.45,0.07,32.5,51.0,21.0,1001.2,42.8,-14.735801092445701,11.51286958858981
2018-04-04 16:00:00,0.54,0.0,0.28,0.41,32.2,59.0,23.0,1001.1,39.6,-14.375439180851268,10.832670416736871
2018-04-04 17:00:00,0.48,0.0,0.24,0.06,31.3,60.0,22.5,1001.2,36.7,-11.547056577408414,10.03770314355476
2018-04-04 18:00:00,0.21,0.0,0.15,0.07,29.6,68.0,23.1,1001.5,29.9,-8.632077604063813,8.335900445507969
2018-04-04 19:00:00,0.12,0.0,0.11,0.01,28.4,75.0,23.6,1002.1,22.0,-6.069785404556238,6.509047944410617
2018-04-04 20:00:00,0.13,0.0,0.08,0.06,27.6,81.0,24.0,1003.2,15.5,1.4364846019678084,3.9467090073008158
2018-04-04 21:00:00,0.1,0.0,0.06,0.05,27.0,85.0,24.2,1004.3,10.4,5.062776693988422,2.149021206691006
2018-04-04 22:00:00,0.08,0.0,0.05,0.04,26.5,86.0,24.0,1005.2,10.1,3.564026096753471,1.8159619989581879
2018-04-04 23:00:00,0.1,0.0,0.04,0.06,26.2,86.0,23.6,1005.2,6.8,2.180852323535912,3.233246532964663
2018-04-05 00:00:00,0.34,0.01,0.03,0.32,25.9,87.0,23.5,1004.9,6.1,3.9858260519352022,2.490620541896064
2018-04-05 01:00:00,0.77,0.12,0.02,0.75,25.7,88.0,23.5,1004.2,6.1,3.984778792366982,0.348622970990633
2018-04-05 02:00:00,0.33,0.15,0.02,0.28,26.2,86.0,23.6,1003.6,8.6,4.283637201794505,0.37476969381493047
2018-04-05 03:00:00,0.28,0.27,0.02,0.05,26.0,87.0,23.6,1003.3,7.6,1.0815799573111138,1.800051331474436
2018-04-05 04:00:00,0.32,0.3,0.02,0.03,25.7,88.0,23.6,1003.3,5.4,-2.883363526931848,-1.8017254983928965
2018-04-05 05:00:00,0.22,0.14,0.01,0.02,25.5,88.0,23.5,1003.6,7.6,-4.0,-2.4492935982947064e-16
2018-04-05 06:00:00,0.28,0.25,0.01,0.03,26.6,80.0,22.9,1004.2,10.4,-4.685893304218874,1.4326213531414098
2018-04-05 07:00:00,0.39,0.36,0.01,0.07,28.6,68.0,22.1,1005.1,13.7,-4.366330768241984,1.088648530198505
2018-04-05 08:00:00,0.3,0.23,0.02,0.09,30.8,55.0,20.8,1005.6,14.0,-2.5,-1.5308084989341916e-16
2018-04-05 09:00:00,0.09,0.08,0.04,0.0,32.9,47.0,20.2,1005.7,15.8,-1.414213562373095,-1.4142135623730951
2018-04-05 10:00:00,0.17,0.05,0.16,0.0,34.8,39.0,18.9,1005.0,19.8,-3.195522749552795,-2.8772616073430903
2018-04-05 11:00:00,0.23,0.01,0.22,0.0,36.0,35.0,18.0,1004.1,24.8,-6.535062985480412,-2.5085756468171025
2018-04-05 12:00:00,0.31,0.0,0.3,0.01,36.2,34.0,18.0,1003.1,28.4,-10.393664600998596,0.36295476570600993
2018-04-05 13:00:00,0.69,0.0,0.69,0.0,35.5,39.0,19.2,1002.0,34.2,-12.887067948334163,5.470235798849833
2018-04-05 14:00:00,0.38,0.01,0.38,0.0,34.6,42.0,19.9,1001.1,36.0,-11.957478155805607,7.471861625688187
2018-04-05 15:00:00,0.39,0.0,0.36,0.06,34.1,47.0,21.2,1000.5,37.1,-13.976121425827623,10.531762905160846
2018-04-05 16:00:00,0.46,0.0,0.3,0.25,32.8,48.0,20.1,1000.6,39.6,-11.147172382160914,10.036959095382873
2018-04-05 17:00:00,0.89,0.0,0.19,0.84,31.8,53.0,21.0,1001.0,32.8,-11.547056577408414,10.03770314355476
2018-04-05 18:00:00,0.93,0.0,0.13,0.92,29.6,65.0,22.4,1001.5,30.6,-7.281961780139783,9.663489671572245
2018-04-05 19:00:00,0.82,0.0,0.07,0.81,28.7,74.0,23.5,1002.2,23.4,-7.26950774511971,10.77748844321554
2018-04-05 20:00:00,0.14,0.0,0.04,0.11,27.6,79.0,23.7,1003.2,23.4,-3.5570094905869563,9.772803256173447
2018-04-05 21:00:00,0.07,0.0,0.02,0.06,26.9,83.0,23.9,1004.3,18.4,1.4333142502483949,4.998560818879258
2018-04-05 22:00:00,0.09,0.06,0.01,0.04,26.4,86.0,23.8,1005.3,9.0,3.606244584051392,3.606244584051393
2018-04-05 23:00:00,0.11,0.08,0.0,0.07,26.4,84.0,23.5,1005.3,9.4,2.894873798829253,3.5748714227020653
2018-04-06 00:00:00,0.27,0.21,0.0,0.12,26.4,84.0,23.5,1004.6,9.0,3.252691193458118,3.2526911934581193
2018-04-06 01:00:00,0.25,0.18,0.03,0.2,26.4,86.0,23.8,1003.9,8.6,1.4527695991665495,2.8512208774027776
2018-04-06 02:00:00,0.36,0.16,0.0,0.34,26.0,88.0,23.9,1003.3,5.0,-0.6945927106677211,3.939231012048832
2018-04-06 03:00:00,0.61,0.08,0.0,0.6,25.5,91.0,23.9,1003.1,5.0,-1.8,-1.1021821192326179e-16
2018-04-06 04:00:00,0.73,0.06,0.0,0.72,25.2,93.0,24.0,1003.4,3.2,-1.0777488443215544,-0.7269507745119709
2018-04-06 05:00:00,0.86,0.11,0.01,0.85,25.5,89.0,23.6,1003.8,1.8,-2.4853631043215887,1.0549740469210394
2018-04-06 06:00:00,0.82,0.11,0.0,0.8,26.4,85.0,23.6,1004.6,6.1,-2.4853631043215887,1.0549740469210394
2018-04-06 07:00:00,0.55,0.09,0.0,0.5,28.2,75.0,23.3,1005.3,14.0,-5.087576656325103,0.35575801609503915
2018-04-06 08:00:00,0.33,0.04,0.0,0.3,30.9,56.0,21.1,1005.8,16.6,-3.632020578756357,0.7059932828932158
2018-04-06 09:00:00,0.7,0.56,0.0,0.34,33.2,45.0,19.9,1006.0,19.8,-3.963444403430552,3.20953399435417
2018-04-06 10:00:00,0.17,0.03,0.16,0.0,34.3,41.0,19.2,1005.8,24.8,-6.1886185578267305,5.379684037722158
2018-04-06 11:00:00,0.29,0.18,0.29,0.0,34.5,42.0,19.5,1005.4,28.8,-8.302838622659698,5.391926446648769
2018-04-06 12:00:00,0.31,0.07,0.31,0.0,34.8,41.0,19.6,1004.5,28.8,-7.971652103870405,4.981241083792125
2018-04-06 13:00:00,0.2,0.1,0.19,0.0,34.9,42.0,20.1,1003.0,31.3,-10.102897498940623,8.181165083647885
2018-04-06 14:00:00,0.51,0.35,0.44,0.0,33.3,51.0,21.9,1002.6,41.0,-11.910524793187681,13.227977893497615
2018-04-06 15:00:00,0.55,0.14,0.17,0.48,33.0,53.0,22.1,1002.2,39.6,-14.792307772366335,12.85875696821394
2018-04-06 16:00:00,0.19,0.01,0.18,0.02,32.0,55.0,21.8,1002.1,43.2,-11.505898213389056,13.712195531829703
2018-04-06 17:00:00,0.12,0.0,0.22,0.06,31.5,60.0,22.9,1002.3,37.1,-8.967043844965518,11.899669099704665
2018-04-06 18:00:00,0.11,0.0,0.1,0.02,29.8,69.0,23.4,1002.9,30.6,-7.876322380719142,10.840827724624294
2018-04-06 19:00:00,0.11,0.0,0.06,0.05,28.8,79.0,24.6,1003.9,26.6,-6.4787075664452916,12.184676781453193
2018-04-06 20:00:00,0.05,0.0,0.05,0.0,28.5,80.0,24.6,1004.9,25.6,-2.049291492027026,12.938717261796302
2018-04-06 21:00:00,0.06,0.0,0.04,0.03,28.1,79.0,24.2,1005.8,23.8,0.3629547657060094,10.393664600998596
2018-04-06 22:00:00,0.07,0.0,0.02,0.05,27.5,83.0,24.4,1006.4,18.7,1.8221035401853063,7.892397524760405
2018-04-06 23:00:00,0.07,0.0,0.0,0.07,27.0,86.0,24.4,1006.4,14.8,0.7555899291119134,6.153786140176197
2018-04-07 00:00:00,0.14,0.01,0.0,0.13,26.5,89.0,24.4,1006.0,11.5,-4.981083229470296,4.329989591337347
2018-04-07 01:00:00,0.22,0.08,0.0,0.18,26.2,90.0,24.5,1005.5,13.0,-3.2447398719333425,5.400153994423307
2018-04-07 02:00:00,0.23,0.18,0.01,0.14,26.1,91.0,24.5,1005.1,11.2,-0.35575801609504015,5.087576656325103
2018-04-07 03:00:00,0.21,0.11,0.11,0.13,25.9,91.0,24.2,1004.7,8.6,1.1109406435904314,2.894099322141325
2018-04-07 04:00:00,0.25,0.08,0.04,0.19,25.5,92.0,24.1,1004.8,5.0,-0.7257656867990032,2.9108871788279895
2018-04-07 05:00:00,0.18,0.12,0.0,0.02,25.9,93.0,24.5,1005.2,5.4,2.4905416147351476,2.1649947956686737
2018-04-07 06:00:00,0.16,0.12,0.07,0.02,26.5,89.0,24.5,1005.9,9.4,-5.755839955992561e-16,4.7
2018-04-07 07:00:00,0.29,0.09,0.23,0.05,28.1,80.0,24.4,1006.6,18.7,-3.631923997916375,7.128052193506942
2018-04-07 08:00:00,0.22,0.16,0.08,0.06,30.1,66.0,23.2,1007.4,20.9,-3.634753872559855,5.38874422160777
2018-04-07 09:00:00,0.24,0.11,0.18,0.04,32.2,54.0,21.6,1007.5,20.2,-4.312631754255381,3.2498011250210617
2018-04-07 10:00:00,0.27,0.11,0.26,0.05,33.8,46.0,20.6,1007.3,23.8,-6.88793918147854,3.211898789229315
2018-04-07 11:00:00,0.34,0.15,0.33,0.0,34.3,45.0,20.6,1006.6,27.4,-8.642763284627168,4.403707847473603
2018-04-07 12:00:00,0.31,0.2,0.3,0.0,34.2,47.0,21.1,1005.5,31.0,-10.045894683899489,5.799999999999998
2018-04-07 13:00:00,0.36,0.12,0.32,0.07,34.2,48.0,21.8,1004.1,31.3,-10.045894683899489,5.799999999999998
2018-04-07 14:00:00,0.33,0.01,0.24,0.19,34.0,50.0,22.1,1002.9,33.5,-11.855237287537097,7.996458519631678
2018-04-07 15:00:00,0.4,0.0,0.2,0.34,33.5,50.0,21.6,1002.1,34.2,-8.632077604063813,8.335900445507969
2018-04-07 16:00:00,0.2,0.0,0.17,0.08,32.5,56.0,22.5,1001.9,32.4,-10.818733752154179,10.818733752154177
2018-04-07 17:00:00,0.26,0.01,0.24,0.05,31.1,62.0,23.0,1002.8,37.1,-15.41366534391275,11.615029946834534
2018-04-07 18:00:00,0.21,0.0,0.17,0.06,29.6,70.0,23.6,1003.7,37.8,-12.563128867151239,10.541716798859245
2018-04-07 19:00:00,0.17,0.01,0.16,0.02,29.1,73.0,23.8,1004.6,30.6,-9.03326318584459,10.03245514394482
2018-04-07 20:00:00,0.3,0.05,0.11,0.2,29.0,74.0,23.9,1005.2,24.5,-10.81280698461469,7.571208959833809
2018-04-07 21:00:00,0.35,0.09,0.08,0.28,28.6,76.0,24.1,1006.1,23.8,-6.881011852206847,4.641301098807197
2018-04-07 22:00:00,0.74,0.36,0.58,0.4,27.6,79.0,23.6,1006.8,14.4,-3.2498011250210603,4.312631754255382
2018-04-07 23:00:00,0.92,0.91,0.36,0.14,25.2,96.0,24.6,1007.0,16.6,8.95274548489749,3.986019102142841
2018-04-08 00:00:00,1.0,1.0,0.24,0.12,25.5,93.0,24.2,1006.6,23.0,1.7677669529663693,-1.7677669529663684
2018-04-08 01:00:00,0.95,0.94,0.26,0.11,25.5,94.0,24.5,1005.8,14.0,0.36288284339950183,-1.4554435894139948
2018-04-08 02:00:00,0.57,0.57,0.12,0.08,25.3,95.0,24.5,1005.2,12.6,6.143640332167439,-4.301823272632845
2018-04-08 03:00:00,0.27,0.24,0.05,0.05,25.1,94.0,24.1,1004.9,14.4,5.051654523226907,-5.811263767715344
2018-04-08 04:00:00,0.26,0.24,0.03,0.03,25.0,93.0,23.9,1004.9,13.7,3.2447398719333433,-5.400153994423306
2018-04-08 05:00:00,0.23,0.14,0.02,0.0,25.5,92.0,24.0,1004.9,10.8,1.0531962472667237e-15,-4.3
2018-04-08 06:00:00,0.17,0.16,0.01,0.0,26.1,88.0,24.0,1005.8,11.2,-0.7068421917498553,-5.756767679519667
2018-04-08 07:00:00,0.16,0.15,0.02,0.0,28.0,78.0,23.8,1006.7,15.1,-1.7613968679372003,-5.421022142882375
2018-04-08 08:00:00,0.18,0.15,0.15,0.0,30.2,65.0,23.0,1007.6,22.3,-6.46168817957512,-5.048424097670398
2018-04-08 09:00:00,0.22,0.12,0.21,0.0,31.8,59.0,22.9,1007.9,31.0,-11.492994510719601,-0.4013442120787624
2018-04-08 10:00:00,0.72,0.69,0.3,0.01,32.4,58.0,23.2,1007.9,33.8,-13.005744681097283,3.9762551842292186
2018-04-08 11:00:00,0.31,0.17,0.24,0.11,33.8,50.0,22.0,1006.9,34.2,-12.5648279481301,2.4423551408197737
2018-04-08 12:00:00,0.25,0.06,0.22,0.06,34.4,45.0,20.9,1005.7,36.4,-15.129051194653128,5.506524307543267
2018-04-08 13:00:00,0.41,0.17,0.31,0.21,33.5,48.0,21.0,1004.9,39.2,-12.235155124994776,5.705346533499441
2018-04-08 14:00:00,0.36,0.13,0.21,0.21,33.8,47.0,20.9,1003.7,33.8,-13.987510690493423,2.9731371786939587
2018-04-08 15:00:00,0.44,0.15,0.23,0.31,32.0,55.0,22.0,1003.5,34.9,-9.371786608437748,2.8652427062828196
2018-04-08 16:00:00,0.57,0.31,0.15,0.49,31.0,57.0,21.5,1003.6,28.4,-11.840127021902445,4.309453805903425
2018-04-08 17:00:00,0.7,0.06,0.09,0.53,32.3,54.0,21.8,1003.1,28.1,-10.861957270738795,4.610627316173431
2018-04-08 18:00:00,0.47,0.0,0.08,0.44,30.4,68.0,23.8,1004.1,25.9,-7.866504888122967,9.714324518212136
2018-04-08 19:00:00,0.6,0.0,0.37,0.47,30.2,62.0,22.2,1005.4,27.0,-15.086701504948095,1.85241401975824
2018-04-08 20:00:00,0.45,0.0,0.24,0.39,29.5,66.0,22.6,1006.1,28.1,-12.950531075192693,-1.1330246557195558
2018-04-08 21:00:00,0.57,0.0,0.12,0.53,28.8,71.0,23.1,1007.1,23.0,-9.658678035226657,-2.952954217699641
2018-04-08 22:00:00,0.51,0.08,0.11,0.48,28.7,73.0,23.5,1007.7,17.6,-6.881011852206847,-4.641301098807199
2018-04-08 23:00:00,0.84,0.15,0.26,0.8,28.0,78.0,23.9,1007.7,20.2,-7.217009115376547,-3.2132194802988217
2018-04-09 00:00:00,0.94,0.66,0.15,0.89,26.2,89.0,24.2,1007.4,13.0,1.4256104387013888,-0.7263847995832746
2018-04-09 01:00:00,0.89,0.32,0.23,0.85,25.6,92.0,24.2,1006.6,15.5,7.612985411107859,-3.549993398621877
2018-04-09 02:00:00,0.87,0.38,0.31,0.82,25.0,96.0,24.4,1005.9,15.8,4.658019105832603,-5.35843801958168
2018-04-09 03:00:00,0.83,0.44,0.28,0.77,24.7,95.0,23.9,1005.4,18.4,6.560590289905074,-7.5470958022277195
2018-04-09 04:00:00,0.79,0.35,0.3,0.71,24.8,93.0,23.5,1005.3,18.4,4.6413010988071965,-6.881011852206848
2018-04-09 05:00:00,0.99,0.3,0.09,0.74,26.9,81.0,23.5,1005.5,14.8,-1.0886485301985047,-4.366330768241984
2018-04-09 06:00:00,0.86,0.37,0.24,0.83,27.2,80.0,23.4,1006.2,10.1,-2.8512208774027776,-1.4527695991665501
2018-04-09 07:00:00,0.85,0.33,0.44,0.79,27.5,78.0,23.4,1007.2,14.8,-5.34744757120448,-0.7515347451843536
2018-04-09 08:00:00,1.0,1.0,0.18,0.81,28.6,76.0,24.0,1008.4,24.1,-7.878462024097664,-1.3891854213354433
2018-04-09 09:00:00,0.81,0.35,0.12,0.74,27.5,77.0,23.1,1008.9,27.4,-6.862201078041086,-0.7212463965468089
2018-04-09 10:00:00,0.95,0.09,0.09,0.95,31.8,60.0,22.9,1008.3,33.5,-7.889173324561134,-0.41345405431925736
2018-04-09 11:00:00,0.98,0.69,0.06,0.98,32.8,57.0,23.2,1007.3,33.5,-8.320563465273988,-2.8649997592229797
2018-04-09 12:00:00,0.98,0.1,0.21,0.98,30.2,64.0,22.5,1006.9,33.1,-3.2526911934581184,3.252691193458118
2018-04-09 13:00:00,0.99,0.04,0.07,0.99,32.5,56.0,22.5,1005.1,27.7,-4.669166652447252,3.269385687200963
2018-04-09 14:00:00,0.97,0.13,0.07,0.97,32.9,55.0,22.5,1003.9,32.8,-8.679160172561879,7.544678833390832
2018-04-09 15:00:00,0.99,0.16,0.21,0.99,31.8,60.0,23.0,1003.8,33.1,-8.268415994161488,0.7233926648055634
2018-04-09 16:00:00,1.0,0.06,0.15,1.0,30.3,64.0,22.9,1003.9,31.7,-10.4833820993178,6.80798793768784
2018-04-09 17:00:00,0.99,0.19,0.09,0.93,31.4,60.0,22.8,1003.9,27.4,-8.660254037844387,4.999999999999998
2018-04-09 18:00:00,0.97,0.17,0.16,0.97,29.4,74.0,24.2,1004.9,24.1,-7.8837768032918305,10.462125181619538
2018-04-09 19:00:00,0.89,0.07,0.13,0.88,28.8,79.0,24.7,1005.8,23.8,-8.679160172561879,7.544678833390832
2018-04-09 20:00:00,0.49,0.02,0.13,0.45,28.6,79.0,24.6,1006.2,20.2,-8.609923976848176,4.0148734865366436
2018-04-09 21:00:00,0.94,0.03,0.05,0.93,28.4,80.0,24.5,1006.6,16.9,-7.889173324561134,-0.41345405431925736
2018-04-09 22:00:00,0.9,0.03,0.06,0.89,27.9,81.0,24.4,1007.2,13.7,-5.766727053863696,-3.603450996785793
2018-04-09 23:00:00,0.87,0.2,0.04,0.85,27.2,84.0,24.2,1006.8,11.5,-2.1727182418122895,-5.377666356487367
2018-04-10 00:00:00,0.61,0.15,0.05,0.56,26.8,86.0,24.2,1006.3,14.0,2.564841053312066,-7.893769085249775
2018-04-10 01:00:00,0.59,0.23,0.02,0.54,26.2,89.0,24.2,1005.3,15.8,4.716281451675525,-7.54762805579219
2018-04-10 02:00:00,0.65,0.25,0.02,0.6,25.8,90.0,24.0,1004.7,15.8,3.9754388860199623,-7.171881598543045
2018-04-10 03:00:00,1.0,1.0,0.2,0.73,25.5,90.0,23.9,1004.4,14.4,2.8738041798367546,-6.16289295184922
2018-04-10 04:00:00,0.89,0.88,0.14,0.2,25.8,89.0,23.8,1004.4,12.6,3.2447398719333433,-5.400153994423306
2018-04-10 05:00:00,1.0,1.0,0.31,0.77,25.4,93.0,24.1,1005.2,14.8,-3.5748714227020657,-2.8948737988292517
2018-04-10 06:00:00,0.88,0.56,0.22,0.82,25.2,93.0,23.9,1006.0,16.2,-2.8801477362331185,-3.9641832724372428
2018-04-10 07:00:00,0.77,0.23,0.28,0.72,26.0,88.0,24.0,1006.7,14.8,-2.542346798541462,-4.98963653545486
2018-04-10 08:00:00,0.39,0.23,0.3,0.1,28.1,77.0,23.7,1007.1,22.7,-6.18861855782673,-5.379684037722159
2018-04-10 09:00:00,0.66,0.65,0.15,0.09,29.9,70.0,23.8,1007.6,28.4,-5.046787864462489,-5.412017391981862
2018-04-10 10:00:00,0.47,0.33,0.1,0.28,31.8,61.0,23.4,1007.0,29.2,-5.777694242791447,-5.387787044493738
2018-04-10 11:00:00,0.61,0.31,0.52,0.1,33.2,56.0,23.4,1005.9,29.5,-2.4905416147351476,-2.1649947956686737
2018-04-10 12:00:00,0.68,0.3,0.56,0.3,29.6,67.0,22.8,1005.4,33.5,-11.544980134240024,6.399486987251648
2018-04-10 13:00:00,0.76,0.43,0.33,0.6,31.6,60.0,23.0,1004.1,31.0,-11.555858497864248,1.0110066158728355
2018-04-10 14:00:00,0.65,0.16,0.17,0.57,31.1,61.0,22.8,1003.1,28.8,-7.505054539300878,3.990508283680073
2018-04-10 15:00:00,0.54,0.13,0.1,0.48,33.0,55.0,22.8,1002.2,27.7,-11.555858497864248,1.0110066158728355
2018-04-10 16:00:00,0.64,0.12,0.14,0.59,31.5,56.0,21.8,1002.4,31.0,-10.765802912487002,1.705135668938516
2018-04-10 17:00:00,0.69,0.15,0.14,0.41,31.6,60.0,23.0,1002.3,24.5,-10.125553387976844,4.298042413382012
2018-04-10 18:00:00,0.22,0.08,0.15,0.11,30.0,73.0,24.5,1003.1,22.0,-5.416335208368434,7.187719590425637
2018-04-10 19:00:00,0.25,0.03,0.17,0.16,29.2,77.0,24.8,1004.1,15.8,-2.542346798541462,4.989636535454859
2018-04-10 20:00:00,0.64,0.0,0.13,0.6,28.8,79.0,24.9,1005.1,9.7,-3.96029588778518,1.0611580849203355
2018-04-10 21:00:00,0.26,0.0,0.11,0.2,28.5,77.0,24.1,1006.0,10.4,-5.400153994423308,-3.244739871933341
2018-04-10 22:00:00,0.6,0.08,0.1,0.58,27.9,79.0,24.0,1006.7,10.4,2.4881992827652213,-4.679622242152313
2018-04-10 23:00:00,0.65,0.38,0.45,0.42,25.0,93.0,23.6,1006.8,22.7,10.045894683899487,-5.800000000000001
2018-04-11 00:00:00,0.66,0.25,0.41,0.48,24.9,93.0,23.6,1005.8,22.0,2.4724035165450213,-6.119413440140796
2018-04-11 01:00:00,1.0,1.0,0.41,0.58,25.0,92.0,23.5,1005.3,11.5,-1.1109406435904308,-2.8940993221413254
2018-04-11 02:00:00,0.65,0.15,0.26,0.57,25.4,91.0,23.8,1004.7,12.2,4.705788684431239,-5.046340541172278
2018-04-11 03:00:00,1.0,1.0,0.29,0.57,25.2,92.0,23.8,1004.6,12.2,4.664264528860344,-2.9145559532826257
2018-04-11 04:00:00,0.76,0.27,0.2,0.69,25.0,92.0,23.6,1004.7,10.1,5.4378467222198985,-2.5357095704441974
2018-04-11 05:00:00,0.93,0.27,0.23,0.73,25.3,91.0,23.8,1005.1,17.3,1.7874357113510326,-1.447436899414626
2018-04-11 06:00:00,0.86,0.2,0.28,0.82,25.6,90.0,23.9,1006.3,7.2,2.1729143493093033,-0.3441558230885075
2018-04-11 07:00:00,0.83,0.11,0.13,0.81,26.8,84.0,23.8,1006.9,10.4,2.192031021678298,-2.192031021678297
2018-04-11 08:00:00,0.34,0.05,0.06,0.29,28.9,73.0,23.6,1007.5,14.8,-2.523736319944603,-3.604268994871564
2018-04-11 09:00:00,0.38,0.26,0.13,0.3,31.0,62.0,23.0,1007.6,20.2,-5.388744221607771,-3.634753872559854
2018-04-11 10:00:00,0.24,0.18,0.16,0.04,32.5,55.0,22.4,1007.1,22.7,-7.185941174554807,-2.474317973874391
2018-04-11 11:00:00,0.13,0.09,0.11,0.0,33.9,50.0,21.9,1006.2,25.2,-7.571079705497266,-0.6623836448822018
2018-04-11 12:00:00,0.3,0.23,0.25,0.0,34.6,47.0,21.6,1005.1,25.2,-8.3,-5.082284216461516e-16
2018-04-11 13:00:00,0.37,0.15,0.36,0.02,34.2,47.0,21.4,1003.8,25.2,-8.272385125302547,1.4586446924022145
2018-04-11 14:00:00,0.61,0.32,0.51,0.27,32.2,57.0,22.6,1003.1,28.4,-7.926888806861104,6.41906798870834
2018-04-11 15:00:00,0.78,0.06,0.2,0.75,32.3,54.0,22.0,1002.4,26.6,-11.14525458323973,4.962187045524763
2018-04-11 16:00:00,0.56,0.0,0.14,0.52,31.4,63.0,23.4,1002.2,30.6,-11.226682204773436,5.720280296718289
2018-04-11 17:00:00,0.81,0.02,0.22,0.64,31.6,60.0,22.8,1002.1,28.1,-10.806465139037947,3.93323164824519
2018-04-11 18:00:00,0.6,0.05,0.21,0.52,30.5,66.0,23.3,1003.6,23.8,-9.706975700031004,4.734408385322038
2018-04-11 19:00:00,0.65,0.03,0.48,0.53,29.3,76.0,24.6,1004.6,21.2,-7.919595949289333,7.919595949289331
2018-04-11 20:00:00,0.72,0.08,0.28,0.68,29.3,77.0,24.9,1005.5,19.8,-7.547095802227721,6.560590289905072
2018-04-11 21:00:00,0.96,0.25,0.3,0.95,28.0,83.0,24.8,1006.5,17.3,1.4554435894139948,0.36288284339950166
2018-04-11 22:00:00,1.0,0.84,0.14,1.0,24.3,97.0,23.9,1007.2,25.2,10.4771775566047,-4.233054505599806
2018-04-11 23:00:00,0.99,0.21,0.08,0.99,24.7,94.0,23.6,1006.4,20.5,6.415246974156249,-3.268731598124736
2018-04-12 00:00:00,1.0,1.0,0.07,0.92,25.1,91.0,23.5,1005.8,15.1,2.181643291108516,-3.9357886821272814
2018-04-12 01:00:00,1.0,1.0,0.2,0.69,25.1,92.0,23.6,1005.0,17.6,5.38874422160777,-3.6347538725598554
2018-04-12 02:00:00,0.99,0.99,0.18,0.8,25.2,91.0,23.7,1004.3,20.5,4.3149868395531055,-4.0237903243687425
2018-04-12 03:00:00,0.91,0.76,0.15,0.88,25.3,91.0,23.7,1004.1,11.9,4.6796222421523135,-2.488199282765219
2018-04-12 04:00:00,1.0,0.43,0.21,1.0,25.2,92.0,23.9,1004.4,11.9,-0.3747696938149301,-4.283637201794505
2018-04-12 05:00:00,1.0,0.29,0.21,0.91,25.5,91.0,23.9,1004.5,11.9,1.4500000000000013,-2.5114736709748713
2018-04-12 06:00:00,0.96,0.16,0.21,0.95,25.9,89.0,24.0,1005.1,7.6,-0.3479327524001636,-2.475670171853926
2018-04-12 07:00:00,0.96,0.14,0.17,0.95,27.0,83.0,24.0,1006.4,10.4,7.102951435054649e-16,-2.9
2018-04-12 08:00:00,0.95,0.17,0.04,0.95,29.0,71.0,23.2,1006.7,16.9,-0.31924933308195735,-6.0916401620029
2018-04-12 09:00:00,0.96,0.36,0.14,0.95,30.7,63.0,22.9,1006.5,23.4,-6.069785404556237,-6.509047944410617
2018-04-12 10:00:00,0.95,0.32,0.19,0.94,31.9,58.0,22.5,1006.4,30.6,-7.5442419102508795,-5.088655421583796
2018-04-12 11:00:00,0.94,0.23,0.25,0.93,33.0,53.0,22.2,1005.5,26.3,-8.98794046299167,-4.383711467890775
2018-04-12 12:00:00,0.75,0.1,0.32,0.7,33.8,52.0,22.5,1004.4,29.2,-9.743700647852352,-2.249510543438649
2018-04-12 13:00:00,0.87,0.37,0.22,0.83,34.5,53.0,23.6,1003.0,28.4,-8.666893873398186,0.7582549619046266
2018-04-12 14:00:00,0.99,0.04,0.1,0.99,30.2,67.0,23.5,1002.5,35.3,-10.430991582724042,6.518006950068419
2018-04-12 15:00:00,0.96,0.1,0.07,0.96,31.0,65.0,23.7,1002.0,29.9,-8.273435647318816,5.793122007145566
2018-04-12 16:00:00,0.96,0.11,0.07,0.96,30.9,67.0,24.0,1002.1,29.5,-10.091075553270363,2.515987714236545
2018-04-12 17:00:00,0.96,0.14,0.14,0.93,30.6,68.0,24.1,1002.0,24.8,-7.9885712602784675,8.27240770389449
2018-04-12 18:00:00,0.93,0.02,0.11,0.93,29.2,76.0,24.5,1002.7,23.4,-8.323222045346816,7.494262791219212
2018-04-12 19:00:00,0.94,0.0,0.1,0.94,28.8,79.0,24.8,1004.3,19.8,-9.338333304894505,6.538771374401926
2018-04-12 20:00:00,0.95,0.0,0.1,0.95,28.9,79.0,24.8,1005.1,21.6,-10.426010937070336,5.085105302753299
2018-04-12 21:00:00,0.92,0.12,0.06,0.92,28.5,80.0,24.8,1006.0,20.5,-7.8934180146016315,2.872969203935617
2018-04-12 22:00:00,0.92,0.14,0.03,0.92,28.0,82.0,24.6,1006.5,15.1,-4.664264528860343,2.914555953282626
2018-04-12 23:00:00,0.87,0.15,0.1,0.85,26.9,86.0,24.4,1006.3,11.5,5.420413862312149,-3.9381611903595686
2018-04-13 00:00:00,1.0,1.0,0.2,0.85,25.5,93.0,24.3,1005.9,15.8,6.887939181478538,-3.2118987892293167
2018-04-13 01:00:00,1.0,1.0,0.24,0.81,25.4,93.0,24.2,1005.4,14.4,4.289848881466277,-3.5996106142446194
2018-04-13 02:00:00,1.0,1.0,0.22,0.82,25.5,92.0,24.0,1004.8,23.0,6.13945309551007,-4.971631089293717
2018-04-13 03:00:00,0.98,0.91,0.34,0.95,25.2,93.0,23.9,1004.5,22.3,2.9000000000000026,-5.022947341949743
2018-04-13 04:00:00,0.99,0.88,0.31,0.97,25.1,93.0,23.8,1005.0,17.6,-1.083267041673687,-1.437543918085127
2018-04-13 05:00:00,1.0,1.0,0.27,0.93,25.5,94.0,24.5,1004.6,15.5,-4.32637281122647,-1.8364363038995866
2018-04-13 06:00:00,0.95,0.42,0.24,0.93,26.0,91.0,24.4,1005.0,12.6,-1.7937955949114472,-3.2360929164157644
2018-04-13 07:00:00,0.88,0.2,0.2,0.85,27.0,85.0,24.2,1006.1,12.2,-1.0886485301985047,-4.366330768241984
2018-04-13 08:00:00,0.94,0.31,0.17,0.93,28.8,76.0,24.0,1007.1,22.7,-2.8801477362331185,-3.9641832724372428
2018-04-13 09:00:00,1.0,1.0,0.14,0.93,30.0,71.0,24.1,1007.5,23.4,-4.3458286986186065,-0.6883116461770161
2018-04-13 10:00:00,0.96,0.43,0.41,0.92,30.2,68.0,23.7,1007.5,26.6,-9.71197111365321,4.94849644716106
2018-04-13 11:00:00,0.96,0.23,0.05,0.95,31.2,66.0,24.1,1006.7,30.2,-2.891410350820626,6.811735915548059
2018-04-13 12:00:00,0.85,0.21,0.1,0.82,32.7,60.0,24.0,1005.5,28.4,-7.892397524760405,-1.8221035401853058
2018-04-13 13:00:00,0.4,0.15,0.3,0.26,32.6,57.0,22.9,1004.4,32.8,-13.694066410273278,-2.9107636714486325
2018-04-13 14:00:00,0.38,0.17,0.1,0.3,31.9,58.0,22.5,1003.4,33.1,-9.394273773979501,0.328055269003509
2018-04-13 15:00:00,0.64,0.09,0.07,0.61,31.9,58.0,22.5,1003.1,28.1,-11.138108726774528,4.727846654720213
2018-04-13 16:00:00,0.89,0.11,0.15,0.87,30.3,69.0,24.0,1003.3,29.5,-10.80122664797759,9.063305296580205
2018-04-13 17:00:00,0.94,0.12,0.65,0.93,28.1,78.0,24.0,1003.9,30.2,-10.474422527728153,0.732442974313316
2018-04-13 18:00:00,0.96,0.05,0.12,0.96,27.8,81.0,24.2,1004.4,18.7,-7.232034065620942,2.9219314286441143
2018-04-13 19:00:00,0.99,0.12,0.05,0.98,27.1,86.0,24.7,1005.3,16.9,-7.9283665448744856,5.760295472466236
2018-04-13 20:00:00,1.0,1.0,0.08,1.0,26.0,91.0,24.4,1006.7,16.6,5.046340541172276,4.705788684431241
2018-04-13 21:00:00,1.0,1.0,0.13,1.0,25.0,96.0,24.4,1008.2,12.6,-0.7257656867990032,2.9108871788279895
2018-04-13 22:00:00,1.0,1.0,0.21,1.0,24.6,96.0,24.0,1008.6,9.7,1.8000513314744355,1.0815799573111142
2018-04-13 23:00:00,1.0,1.0,0.27,1.0,24.5,96.0,23.9,1008.4,9.4,1.0777488443215542,-0.7269507745119711
2018-04-14 00:00:00,1.0,1.0,0.14,1.0,24.9,92.0,23.5,1007.5,9.4,3.2332465329646625,-2.1808523235359134
2018-04-14 01:00:00,1.0,1.0,0.03,1.0,25.2,91.0,23.6,1006.2,12.6,4.364789504399989,-4.680663690362692
2018-04-14 02:00:00,1.0,0.99,0.06,1.0,25.2,93.0,24.0,1005.8,13.0,3.587591189822893,-6.47218583283153
2018-04-14 03:00:00,1.0,0.91,0.24,1.0,25.0,93.0,23.7,1005.0,17.3,3.189474750953177,-8.308865795825094
2018-04-14 04:00:00,1.0,0.43,0.35,1.0,24.8,93.0,23.5,1004.9,16.6,1.141971594793687,-7.210124886344505
2018-04-14 05:00:00,1.0,0.77,0.11,1.0,25.1,91.0,23.6,1004.7,13.0,9.797174393178826e-16,-4.0
2018-04-14 06:00:00,1.0,0.52,0.04,1.0,25.3,91.0,23.6,1004.9,10.4,-0.37668495821827663,-5.386845871403051
2018-04-14 07:00:00,0.96,0.31,0.09,0.95,26.4,85.0,23.6,1005.7,16.6,1.141971594793687,-7.210124886344505
2018-04-14 08:00:00,0.97,0.54,0.02,0.94,27.8,76.0,23.2,1006.6,17.3,-1.1257730727216144,-5.791600382341218
2018-04-14 09:00:00,0.98,0.63,0.0,0.97,30.0,65.0,22.9,1007.1,16.9,-3.23084408978756,-2.524212048835199
2018-04-14 10:00:00,0.98,0.67,0.0,0.94,31.1,59.0,22.1,1007.0,17.6,-5.78587149150698,-0.40458754771592637
2018-04-14 11:00:00,0.98,0.82,0.0,0.95,32.7,52.0,21.6,1006.3,19.1,-5.791600382341218,1.1257730727216144
2018-04-14 12:00:00,0.93,0.31,0.24,0.92,32.1,57.0,22.5,1005.4,26.3,-9.676371287520293,0.6766377953180156
2018-04-14 13:00:00,0.91,0.17,0.11,0.91,32.0,61.0,23.4,1004.1,25.6,-7.558529312547013,1.469229264399395
2018-04-14 14:00:00,0.9,0.23,0.1,0.89,30.9,65.0,23.5,1003.2,28.1,-11.88369146357943,0.6227978792910317
2018-04-14 15:00:00,0.97,0.1,0.03,0.97,31.2,63.0,23.5,1002.7,27.4,-8.30888721782426,4.605691392340201
2018-04-14 16:00:00,0.95,0.26,0.05,0.94,30.0,69.0,23.6,1002.9,24.8,-6.855693556378481,5.356254835333226
2018-04-14 17:00:00,0.94,0.08,0.16,0.99,30.3,71.0,24.4,1002.6,23.0,-9.03932442880394,7.5848937943011645
2018-04-14 18:00:00,0.98,0.04,0.06,0.98,29.5,74.0,24.3,1003.5,22.3,-4.349999999999999,7.534421012924616
2018-04-14 19:00:00,0.98,0.04,0.05,0.98,28.5,79.0,24.5,1004.3,15.1,-0.3768188849491954,7.190132650232932
2018-04-14 20:00:00,0.99,0.02,0.07,0.99,27.9,83.0,24.6,1005.4,12.2,-0.7068421917498557,5.756767679519667
2018-04-14 21:00:00,1.0,0.01,0.12,1.0,27.5,84.0,24.7,1006.4,10.8,-1.764079077228795,6.1520748540052415
2018-04-14 22:00:00,0.99,0.14,0.0,0.99,27.4,85.0,24.8,1007.2,10.8,-2.9145559532826275,4.664264528860342
2018-04-14 23:00:00,0.98,0.22,0.01,0.98,27.5,83.0,24.4,1006.9,12.2,-2.9145559532826275,4.664264528860342
2018-04-15 00:00:00,0.98,0.24,0.06,0.97,27.4,83.0,24.2,1006.3,8.6,1.0777488443215542,-0.7269507745119711
2018-04-15 01:00:00,1.0,1.0,0.29,0.97,26.0,90.0,24.1,1005.8,9.0,-3.96029588778518,1.0611580849203355
2018-04-15 02:00:00,0.93,0.39,0.24,0.9,25.8,90.0,24.0,1005.0,10.4,1.7998053071223108,-2.1449244407331376
2018-04-15 03:00:00,0.9,0.41,0.15,0.87,25.5,93.0,24.4,1004.4,12.2,3.6347538725598527,-5.388744221607772
2018-04-15 04:00:00,1.0,1.0,0.21,0.95,25.5,94.0,24.4,1004.7,11.5,-0.36319239979163753,0.7128052193506943
2018-04-15 05:00:00,0.99,0.45,0.08,1.0,25.6,93.0,24.5,1004.7,12.2,-1.4474368994146258,-1.7874357113510329
2018-04-15 06:00:00,0.99,0.94,0.18,0.98,25.9,91.0,24.4,1005.5,13.7,-5.3989495089621515,-1.049449474570997
2018-04-15 07:00:00,0.98,0.43,0.15,0.98,26.1,90.0,24.2,1006.4,13.3,-5.4091846272187825,-1.4493866525741161
2018-04-15 08:00:00,0.98,0.48,0.26,0.96,27.2,83.0,24.1,1007.9,20.2,-4.676976310969129,1.079765060850552
2018-04-15 09:00:00,0.99,0.49,0.58,0.98,28.8,76.0,24.1,1008.4,20.5,-6.148780366869515,3.5499999999999985
2018-04-15 10:00:00,0.99,0.24,0.14,0.99,27.5,79.0,23.6,1008.9,27.7,-1.4171916423663506,6.1385314081469815
2018-04-15 11:00:00,0.99,0.15,0.08,0.99,29.2,75.0,24.2,1007.9,24.1,-1.4364846019678092,3.9467090073008153
2018-04-15 12:00:00,0.98,0.34,0.17,0.98,30.8,67.0,23.8,1006.5,24.1,-1.4609657143220578,3.6160170328104706
2018-04-15 13:00:00,0.98,0.28,0.14,0.98,31.2,66.0,24.2,1004.9,24.5,-1.4326213531414094,4.685893304218874
2018-04-15 14:00:00,0.97,0.25,0.19,0.97,31.3,66.0,24.2,1003.5,17.6,0.7352419856890845,4.6421352007971475
2018-04-15 15:00:00,0.97,0.29,0.11,0.96,31.0,65.0,23.6,1003.0,18.0,-6.613092715395707e-16,5.4
2018-04-15 16:00:00,0.93,0.18,0.09,0.92,31.0,64.0,23.4,1002.8,18.4,-3.211898789229316,6.887939181478539
2018-04-15 17:00:00,0.9,0.0,0.0,0.95,30.1,68.0,23.6,1003.2,20.2,-6.099957192168305,9.393110360988748
2018-04-15 18:00:00,0.89,0.0,0.0,0.89,28.6,75.0,23.7,1003.7,21.6,-4.326319829244457,7.200205325897743
2018-04-15 19:00:00,0.88,0.0,0.0,0.88,27.7,81.0,24.0,1004.5,14.8,-2.887830165838183,6.486172749262465
2018-04-15 20:00:00,0.87,0.0,0.0,0.87,27.1,84.0,24.2,1005.7,12.2,-1.764079077228795,6.1520748540052415
2018-04-15 21:00:00,0.78,0.0,0.03,0.78,26.5,88.0,24.4,1006.6,10.8,-0.3747696938149302,4.283637201794505
2018-04-15 22:00:00,0.88,0.0,0.03,0.88,26.4,89.0,24.4,1007.0,7.6,1.0886485301985038,4.366330768241984
2018-04-15 23:00:00,0.91,0.0,0.02,0.91,26.0,89.0,24.1,1007.0,8.3,3.606244584051392,3.606244584051393
2018-04-16 00:00:00,0.89,0.0,0.02,0.89,25.8,88.0,23.7,1006.6,9.4,3.606244584051392,3.606244584051393
2018-04-16 01:00:00,0.92,0.0,0.03,0.92,25.4,90.0,23.6,1005.7,8.6,1.4214781741247573,4.374859974957706
2018-04-16 02:00:00,0.99,0.02,0.04,0.99,25.4,91.0,23.7,1004.5,6.5,-1.0611580849203361,3.9602958877851795
2018-04-16 03:00:00,0.99,0.04,0.08,0.99,25.0,93.0,23.7,1004.4,6.5,1.0611580849203353,3.96029588778518
2018-04-16 04:00:00,0.98,0.19,0.18,0.98,25.4,90.0,23.6,1005.1,8.6,0.3557580160950389,5.087576656325103
2018-04-16 05:00:00,0.91,0.08,0.04,0.97,25.7,88.0,23.6,1005.3,12.6,1.4333142502483949,4.998560818879258
2018-04-16 06:00:00,0.93,0.19,0.05,0.93,26.5,86.0,24.0,1006.4,11.9,-0.3192493330819572,6.0916401620029
2018-04-16 07:00:00,0.79,0.27,0.13,0.75,27.5,82.0,24.2,1007.2,15.5,-0.35588450245201786,6.790680836331102
2018-04-16 08:00:00,0.91,0.46,0.13,0.89,28.7,75.0,23.9,1008.0,16.6,-2.4999999999999996,4.330127018922194
2018-04-16 09:00:00,0.89,0.27,0.06,0.88,30.2,68.0,23.6,1008.4,16.2,-3.9467090073008158,1.4364846019678086
2018-04-16 10:00:00,0.89,0.26,0.09,0.88,31.7,60.0,23.1,1007.9,16.6,-3.632020578756357,-0.7059932828932162
2018-04-16 11:00:00,0.82,0.28,0.16,0.8,32.8,55.0,22.6,1007.0,19.8,-5.788198644282651,-2.2218812871808624
2018-04-16 12:00:00,0.94,0.09,0.25,0.93,33.5,53.0,22.5,1005.9,22.3,-7.172285669722766,-2.192787785420526
2018-04-16 13:00:00,0.94,0.1,0.22,0.93,33.5,54.0,22.8,1004.8,22.3,-7.922144549932563,1.1133848076805228
2018-04-16 14:00:00,0.7,0.12,0.21,0.66,33.3,56.0,23.3,1003.8,26.3,-8.98794046299167,4.383711467890775
2018-04-16 15:00:00,0.71,0.33,0.23,0.64,32.6,61.0,24.1,1003.5,27.4,-9.338333304894505,6.538771374401926
2018-04-16 16:00:00,0.47,0.1,0.14,0.42,31.6,65.0,24.2,1003.3,29.2,-9.377888001196462,9.711087304571793
2018-04-16 17:00:00,0.66,0.01,0.07,0.39,30.9,67.0,24.0,1003.6,28.8,-7.906287599144436,9.422346650363428
2018-04-16 18:00:00,0.12,0.0,0.06,0.07,29.2,75.0,24.3,1004.3,23.8,-6.042203531053471,7.2008177653183925
2018-04-16 19:00:00,0.71,0.0,0.04,0.7,28.2,81.0,24.6,1005.4,16.9,-5.3994159213669315,6.434773322199415
2018-04-16 20:00:00,0.05,0.0,0.01,0.03,27.5,86.0,24.9,1006.6,15.1,-3.644268564213334,5.015905365124674
2018-04-16 21:00:00,0.01,0.0,0.01,0.0,27.1,89.0,25.1,1007.4,10.4,-1.7918397477265011,4.667902132486009
2018-04-16 22:00:00,0.48,0.0,0.01,0.48,26.6,92.0,25.2,1007.8,7.9,1.460965714322057,3.616017032810471
2018-04-16 23:00:00,0.8,0.02,0.01,0.8,26.5,92.0,25.1,1007.7,6.8,3.939231012048832,0.6945927106677213
2018-04-17 00:00:00,0.91,0.55,0.28,0.78,25.8,92.0,24.3,1007.6,10.4,-0.7071067811865476,0.7071067811865475
2018-04-17 01:00:00,0.73,0.11,0.21,0.66,25.4,95.0,24.5,1006.8,15.1,6.162892951849218,-2.8738041798367573
2018-04-17 02:00:00,0.98,0.93,0.24,0.81,25.2,96.0,24.6,1006.4,18.7,1.800051331474436,-1.0815799573111138
2018-04-17 03:00:00,0.91,0.16,0.12,0.89,25.4,96.0,24.6,1006.1,11.2,5.032023407672545,-3.26783421009016
2018-04-17 04:00:00,0.94,0.15,0.08,0.93,25.2,96.0,24.5,1006.3,11.5,2.907803098047882,-4.3109953772862175
2018-04-17 05:00:00,0.96,0.17,0.03,0.95,25.6,95.0,24.8,1006.2,8.6,3.2498011250210608,-4.312631754255381
2018-04-17 06:00:00,0.95,0.08,0.03,0.95,26.1,92.0,24.6,1006.8,11.9,2.9000000000000026,-5.022947341949743
2018-04-17 07:00:00,0.97,0.1,0.0,0.96,27.7,84.0,24.8,1007.8,12.6,0.3278554265973905,-4.688551036221174
2018-04-17 08:00:00,0.98,0.3,0.0,0.98,29.7,73.0,24.3,1008.7,17.3,-3.2678342100901627,-5.032023407672544
2018-04-17 09:00:00,0.97,0.39,0.05,0.96,31.2,65.0,23.9,1009.0,20.5,-6.472185832831529,-3.587591189822895
2018-04-17 10:00:00,0.95,0.29,0.29,0.92,32.3,60.0,23.5,1008.6,24.5,-9.369480515003962,-2.510544737494451
2018-04-17 11:00:00,0.91,0.14,0.21,0.9,33.2,55.0,23.0,1008.2,25.6,-9.7,-5.939536975864663e-16
2018-04-17 12:00:00,0.16,0.12,0.05,0.04,34.3,50.0,22.5,1007.2,26.3,-9.325458242752807,1.8126854560771757
2018-04-17 13:00:00,0.88,0.04,0.19,0.86,34.4,49.0,22.1,1006.0,29.2,-10.861957270738795,4.610627316173431
2018-04-17 14:00:00,0.74,0.07,0.21,0.68,33.0,54.0,22.4,1005.1,32.4,-12.919594600731335,6.582862246223428
2018-04-17 15:00:00,0.5,0.01,0.06,0.47,33.5,49.0,21.4,1003.9,32.0,-10.785062665736136,5.029157314714322
2018-04-17 16:00:00,0.31,0.0,0.02,0.29,33.0,51.0,21.4,1003.7,27.0,-7.200817765318393,6.04220353105347
2018-04-17 17:00:00,0.0,0.0,0.0,0.14,31.5,56.0,21.7,1004.2,22.7,-8.632077604063813,8.335900445507969
2018-04-17 18:00:00,0.15,0.0,0.0,0.15,29.1,70.0,23.1,1004.8,23.0,-6.104407793183422,7.538315826132617
2018-04-17 19:00:00,0.12,0.0,0.0,0.12,27.9,80.0,24.2,1005.8,17.3,-6.490566881680927,7.208504807130722
2018-04-17 20:00:00,0.0,0.0,0.0,0.0,27.5,82.0,24.1,1006.4,16.9,-4.326319829244457,7.200205325897743
2018-04-17 21:00:00,0.13,0.0,0.0,0.13,26.6,85.0,23.8,1007.2,14.4,-0.7097828148963331,5.050367150582009
2018-04-17 22:00:00,0.25,0.0,0.0,0.25,26.2,86.0,23.6,1008.0,8.6,3.2095339943541714,3.9634444034305507
2018-04-17 23:00:00,0.52,0.0,0.01,0.52,25.7,88.0,23.5,1008.2,9.4,5.050367150582009,-0.7097828148963339
2018-04-18 00:00:00,0.63,0.02,0.08,0.59,25.4,90.0,23.5,1007.7,10.4,5.4378467222198985,-2.5357095704441974
2018-04-18 01:00:00,0.58,0.15,0.11,0.51,25.2,90.0,23.5,1007.1,10.4,3.2335921554035223,-1.0506577808748205
2018-04-18 02:00:00,0.8,0.19,0.13,0.76,25.3,91.0,23.6,1006.4,5.0,2.883363526931849,-1.8017254983928959
2018-04-18 03:00:00,0.5,0.34,0.15,0.34,25.2,91.0,23.8,1006.2,4.7,1.050657780874822,-3.233592155403522
2018-04-18 04:00:00,0.67,0.63,0.11,0.17,25.5,90.0,23.7,1006.4,4.3,-1.046162167924669,0.3399186938124421
2018-04-18 05:00:00,0.43,0.26,0.05,0.08,25.5,92.0,24.1,1006.3,8.3,-3.2154212137912763,0.7423384793347546
2018-04-18 06:00:00,0.52,0.27,0.03,0.46,26.2,86.0,23.8,1006.8,8.6,-3.9467090073008158,1.4364846019678086
2018-04-18 07:00:00,0.52,0.28,0.04,0.41,27.6,80.0,23.9,1007.6,12.2,-3.5640260967534716,1.815961998958187
2018-04-18 08:00:00,0.66,0.38,0.12,0.52,29.5,73.0,24.0,1008.6,15.1,-2.877261607343091,3.195522749552794
2018-04-18 09:00:00,0.72,0.11,0.14,0.67,30.8,70.0,24.6,1009.3,21.6,-2.172718241812291,5.377666356487366
2018-04-18 10:00:00,0.89,0.53,0.26,0.79,32.0,67.0,25.0,1009.2,23.4,-2.149021206691006,5.062776693988422
2018-04-18 11:00:00,0.88,0.31,0.1,0.85,32.7,64.0,25.0,1008.3,24.5,-1.822134282106667,2.507952682562337
2018-04-18 12:00:00,0.77,0.2,0.28,0.68,33.9,60.0,25.1,1007.0,25.2,-2.899137802864845,2.8991378028648445
2018-04-18 13:00:00,0.81,0.16,0.29,0.73,33.8,59.0,24.5,1005.7,25.6,-4.301823272632845,6.14364033216744
2018-04-18 14:00:00,0.87,0.65,0.14,0.82,33.2,57.0,23.5,1004.5,27.7,-7.199221228489241,8.579697762932552
2018-04-18 15:00:00,0.73,0.08,0.14,0.71,32.8,57.0,23.4,1003.8,32.0,-7.895797037074755,12.635916632730748
2018-04-18 16:00:00,0.82,0.07,0.11,0.81,32.0,62.0,23.8,1003.8,32.8,-7.159029241249756,11.91462547975936
2018-04-18 17:00:00,0.89,0.02,0.03,0.86,30.8,62.0,22.8,1004.0,29.9,-6.78733468344872,12.24467589995154
2018-04-18 18:00:00,0.92,0.0,0.03,0.92,28.9,73.0,23.5,1005.0,27.4,-5.435802220184558,11.145046174109671
2018-04-18 19:00:00,0.99,0.0,0.02,0.99,28.4,79.0,24.3,1005.6,24.1,-3.859306502340123,12.62322277871207
2018-04-18 20:00:00,1.0,0.0,0.01,1.0,27.6,80.0,24.0,1006.5,23.4,-1.461317560080686,10.397814721786489
2018-04-18 21:00:00,1.0,0.0,0.0,1.0,26.8,83.0,23.8,1007.2,18.4,-7.960204194457795e-16,6.5
2018-04-18 22:00:00,1.0,0.0,0.0,1.0,26.1,87.0,23.9,1007.6,11.2,0.7515347451843538,5.34744757120448
2018-04-18 23:00:00,1.0,0.0,0.0,1.0,25.9,89.0,24.0,1007.6,8.6,1.0811407922523495,5.086367523815789
2018-04-19 00:00:00,1.0,0.0,0.0,1.0,25.2,93.0,24.0,1007.1,8.6,3.6324027044213834,4.64926344627966
2018-04-19 01:00:00,1.0,0.0,0.0,1.0,25.1,94.0,24.0,1006.2,7.2,3.567095162291493,3.211826910522519
2018-04-19 02:00:00,1.0,0.0,0.0,1.0,24.8,95.0,24.0,1005.5,6.5,1.8364363038995857,4.32637281122647
2018-04-19 03:00:00,0.97,0.01,0.0,0.97,24.6,96.0,23.9,1005.3,7.9,-5.755839955992561e-16,4.7
2018-04-19 04:00:00,0.99,0.06,0.0,0.99,24.4,96.0,23.8,1005.2,8.6,1.8159619989581868,3.5640260967534716
2018-04-19 05:00:00,0.93,0.03,0.01,0.97,25.2,93.0,24.0,1004.9,6.8,-0.7423384793347552,3.215421213791276
2018-04-19 06:00:00,0.82,0.04,0.01,0.82,25.9,90.0,24.0,1005.6,9.0,1.0797650608505518,4.676976310969129
2018-04-19 07:00:00,0.48,0.03,0.0,0.47,27.7,81.0,24.2,1006.1,11.2,1.7998053071223097,2.1449244407331385
2018-04-19 08:00:00,0.18,0.02,0.0,0.16,30.0,69.0,23.8,1006.7,13.0,0.7263847995832747,1.4256104387013888
2018-04-19 09:00:00,0.2,0.01,0.0,0.19,32.2,58.0,22.8,1006.6,13.7,0.33991869381244205,1.046162167924669
2018-04-19 10:00:00,0.0,0.0,0.0,0.0,33.8,51.0,22.2,1006.2,16.6,-0.35342109587492787,2.8783838397598336
2018-04-19 11:00:00,0.02,0.01,0.01,0.0,35.2,47.0,22.0,1005.9,21.6,-2.1161930039715178,6.1458707413955596
2018-04-19 12:00:00,0.54,0.05,0.13,0.48,35.7,45.0,21.8,1005.1,26.3,-5.466402846320002,7.5238580476870105
2018-04-19 13:00:00,0.43,0.03,0.24,0.26,35.0,48.0,22.4,1004.0,31.0,-6.941942361454985,11.10943005964918
2018-04-19 14:00:00,0.52,0.02,0.17,0.42,34.3,52.0,23.0,1002.8,37.4,-7.226772275765962,15.497863158326716
2018-04-19 15:00:00,0.33,0.0,0.13,0.24,33.7,54.0,23.0,1002.0,41.0,-9.248589786882047,17.39406757932086
2018-04-19 16:00:00,0.1,0.0,0.1,0.0,32.8,57.0,23.2,1001.9,41.0,-7.5362422956764785,14.790708301526907
2018-04-19 17:00:00,0.05,0.0,0.1,0.85,31.1,61.0,22.7,1002.6,33.8,-4.348159957722353,16.227553881656345
2018-04-19 18:00:00,0.48,0.0,0.04,0.47,29.6,68.0,23.0,1003.2,32.0,-3.52815815445759,12.304149708010483
2018-04-19 19:00:00,0.92,0.0,0.03,0.92,28.7,74.0,23.6,1003.7,24.1,-1.8649195528648754,13.269592121137043
2018-04-19 20:00:00,0.95,0.0,0.04,0.95,28.2,78.0,24.0,1004.5,24.1,-1.4940690949597709e-15,12.2
2018-04-19 21:00:00,0.98,0.0,0.01,0.98,28.0,79.0,24.0,1005.4,22.0,3.283393375926419,9.02104915954472
2018-04-19 22:00:00,0.64,0.0,0.0,0.64,27.4,81.0,24.0,1006.1,16.6,2.474317973874391,7.185941174554807
2018-04-19 23:00:00,0.13,0.0,0.0,0.13,26.6,85.0,23.9,1005.9,13.3,1.0793978087775922,6.815049550106451
2018-04-20 00:00:00,0.15,0.0,0.0,0.15,26.0,88.0,23.9,1005.1,11.9,0.3557580160950389,5.087576656325103
2018-04-20 01:00:00,0.35,0.0,0.0,0.35,25.6,90.0,23.9,1004.4,8.3,1.0886485301985038,4.366330768241984
2018-04-20 02:00:00,0.64,0.0,0.0,0.64,25.5,91.0,23.8,1004.0,7.9,2.5000000000000004,4.330127018922193
2018-04-20 03:00:00,0.74,0.0,0.0,0.74,25.8,88.0,23.6,1003.7,11.5,4.015035054457323,5.7340643100229425
2018-04-20 04:00:00,0.76,0.0,0.0,0.76,25.9,87.0,23.5,1003.8,15.1,5.821436275322066,6.46535998165333
2018-04-20 05:00:00,0.78,0.0,0.0,0.75,25.4,91.0,23.8,1003.7,14.8,-1.3929056662487782,7.165878439167946
2018-04-20 06:00:00,0.82,0.0,0.0,0.82,26.0,88.0,23.9,1004.5,14.8,-0.3977532674463729,7.589584464134761
2018-04-20 07:00:00,0.89,0.0,0.0,0.89,28.3,77.0,23.9,1005.4,15.1,2.1727182418122895,5.377666356487367
2018-04-20 08:00:00,0.91,0.0,0.0,0.91,30.5,66.0,23.6,1006.2,20.9,6.466493065929326,4.361704647071823
2018-04-20 09:00:00,0.92,0.0,0.01,0.92,32.7,58.0,23.2,1006.4,23.0,7.232034065620941,2.921931428644116
2018-04-20 10:00:00,0.91,0.04,0.0,0.91,34.6,48.0,21.9,1006.1,22.7,4.01298205757793,3.613305274337834
2018-04-20 11:00:00,0.91,0.0,0.07,0.91,36.0,41.0,20.5,1005.8,20.5,1.0811407922523495,5.086367523815789
2018-04-20 12:00:00,0.94,0.0,0.38,0.91,35.9,40.0,20.2,1005.0,24.5,-4.716281451675525,7.547628055792192
2018-04-20 13:00:00,0.97,0.0,0.29,0.97,34.2,53.0,23.5,1004.0,35.3,-10.434574908956229,11.189711634773309
2018-04-20 14:00:00,0.96,0.0,0.09,0.96,34.2,49.0,22.0,1002.9,36.4,-9.2826021976144,13.762023704413693
2018-04-20 15:00:00,0.95,0.0,0.08,0.95,34.4,49.0,22.1,1002.1,37.1,-9.110671410533335,12.539763412811684
2018-04-20 16:00:00,0.94,0.0,0.04,0.94,33.5,53.0,22.7,1001.6,34.9,-8.584692080577922,13.7383791577341
2018-04-20 17:00:00,0.9,0.0,0.03,0.86,31.9,59.0,22.8,1001.9,33.5,-6.550583056980842,14.047770699068074
2018-04-20 18:00:00,0.01,0.0,0.01,0.0,30.0,70.0,24.0,1002.4,29.5,-5.407899786555571,9.000256657372178
2018-04-20 19:00:00,0.09,0.0,0.01,0.08,29.0,76.0,24.3,1003.4,18.7,-3.2969851358167617,8.588939923774255
2018-04-20 20:00:00,0.2,0.0,0.0,0.2,28.5,79.0,24.5,1004.3,16.9,-2.480736202352993,8.65135526344487
2018-04-20 21:00:00,0.3,0.0,0.0,0.29,27.5,83.0,24.5,1005.3,15.8,-7.102951435054649e-16,5.8
2018-04-20 22:00:00,0.1,0.0,0.0,0.1,26.5,89.0,24.5,1005.5,9.7,-0.6883116461770163,4.345828698618606
2018-04-20 23:00:00,0.11,0.0,0.0,0.11,26.1,91.0,24.6,1005.4,6.5,-2.1665340833473734,2.8750878361702545
2018-04-21 00:00:00,0.29,0.0,0.0,0.29,25.8,95.0,24.9,1004.9,6.1,-2.8833635269318485,1.8017254983928963
2018-04-21 01:00:00,0.4,0.0,0.0,0.4,25.4,98.0,25.0,1003.9,5.8,-2.9108871788279895,0.7257656867990033
2018-04-21 02:00:00,0.61,0.01,0.0,0.6,25.0,100.0,24.9,1003.6,5.4,-3.197409101749103,1.423578250765301
2018-04-21 03:00:00,1.0,1.0,0.0,0.72,25.0,100.0,25.0,1003.5,6.5,-4.3458286986186065,0.6883116461770157
2018-04-21 04:00:00,1.0,1.0,0.0,0.53,24.6,100.0,24.6,1003.6,5.0,-2.1449244407331385,-1.7998053071223101
2018-04-21 05:00:00,1.0,0.0,0.0,0.95,24.7,98.0,24.3,1003.8,6.1,-4.3109953772862175,-2.9078030980478835
2018-04-21 06:00:00,0.96,0.0,0.0,0.96,26.0,92.0,24.6,1004.3,6.8,1.0815799573111144,-1.8000513314744355
2018-04-21 07:00:00,0.88,0.01,0.0,0.88,28.4,82.0,25.0,1005.2,9.7,1.046162167924669,-0.339918693812442
2018-04-21 08:00:00,0.69,0.08,0.0,0.66,30.6,74.0,25.4,1005.9,15.1,-1.4235782507653014,3.197409101749103
2018-04-21 09:00:00,0.52,0.08,0.0,0.48,33.0,56.0,23.0,1006.2,19.8,-3.9210044190878905,4.672871103025765
2018-04-21 10:00:00,0.45,0.04,0.03,0.44,34.6,45.0,20.9,1006.0,25.9,-6.858935777509511,6.85893577750951
2018-04-21 11:00:00,0.05,0.01,0.05,0.0,35.8,40.0,20.0,1005.4,31.0,-8.991747504233139,8.683229630737467
2018-04-21 12:00:00,0.12,0.01,0.12,0.0,36.0,40.0,20.0,1004.3,35.6,-11.518744794899611,10.371524398562302
2018-04-21 13:00:00,0.15,0.01,0.15,0.0,35.9,39.0,20.0,1003.1,39.2,-12.003171137099976,12.8718251484974
2018-04-21 14:00:00,0.08,0.0,0.08,0.0,34.9,46.0,21.5,1002.2,41.0,-12.312003157002994,13.67386478878405
2018-04-21 15:00:00,0.08,0.0,0.08,0.0,33.9,51.0,22.2,1001.6,40.7,-10.09494527977841,14.417075979486258
2018-04-21 16:00:00,0.19,0.0,0.19,0.0,32.5,57.0,22.8,1001.6,38.5,-10.756470116952261,14.805010997061537
2018-04-21 17:00:00,0.1,0.0,0.16,0.49,31.6,62.0,23.4,1002.0,38.2,-8.932080174246448,13.754197314304951
2018-04-21 18:00:00,0.24,0.0,0.11,0.16,29.8,73.0,24.4,1002.9,32.0,-7.175182379645791,12.944371665663057
2018-04-21 19:00:00,0.35,0.0,0.09,0.3,29.0,78.0,24.7,1003.9,26.6,-5.782820701641252,13.623471831096118
2018-04-21 20:00:00,0.05,0.0,0.04,0.02,28.5,77.0,24.1,1004.9,26.6,-2.1532374030699355,12.21161613735138
2018-04-21 21:00:00,0.12,0.0,0.02,0.11,27.9,82.0,24.4,1005.9,22.3,-0.35248491669526155,10.093847352892867
2018-04-21 22:00:00,0.02,0.0,0.01,0.0,27.2,84.0,24.3,1006.6,17.6,2.2249223594996206,6.847606917325106
2018-04-21 23:00:00,0.01,0.0,0.01,0.0,26.6,86.0,24.2,1006.3,12.2,-7.470345474798854e-16,6.1
2018-04-22 00:00:00,0.0,0.0,0.0,0.0,26.2,89.0,24.1,1005.6,11.5,1.4846769586695088,6.430842427582553
2018-04-22 01:00:00,0.01,0.01,0.0,0.0,25.8,90.0,24.0,1005.0,11.9,2.5624408513775414,5.755336383148386
2018-04-22 02:00:00,0.01,0.01,0.0,0.0,25.6,90.0,23.9,1004.6,11.2,3.6324027044213834,4.64926344627966
2018-04-22 03:00:00,0.02,0.0,0.02,0.0,25.8,88.0,23.6,1004.0,11.2,4.364789504399989,4.6806636903626915
2018-04-22 04:00:00,0.08,0.0,0.07,0.0,25.5,88.0,23.5,1004.0,11.5,3.921004419087889,4.6728711030257655
2018-04-22 05:00:00,0.16,0.0,0.08,0.0,25.1,90.0,23.4,1004.3,10.8,1.7613968679371996,5.421022142882376
2018-04-22 06:00:00,0.16,0.0,0.16,0.0,25.9,86.0,23.4,1005.1,12.2,4.3149868395531055,4.023790324368742
2018-04-22 07:00:00,0.37,0.0,0.15,0.26,28.4,74.0,23.3,1005.8,12.6,3.6160170328104706,1.460965714322058
2018-04-22 08:00:00,0.44,0.0,0.1,0.38,31.0,59.0,22.0,1006.6,14.4,2.851220877402777,1.4527695991665504
2018-04-22 09:00:00,0.52,0.0,0.06,0.49,33.2,48.0,20.6,1006.7,16.2,0.7257656867990026,2.9108871788279895
2018-04-22 10:00:00,0.03,0.0,0.03,0.0,35.0,41.0,19.6,1006.1,19.8,-5.755839955992561e-16,4.7
2018-04-22 11:00:00,0.19,0.0,0.06,0.14,36.3,37.0,19.5,1005.3,23.0,-1.8467702839738949,6.440453362786736
2018-04-22 12:00:00,0.43,0.0,0.43,0.0,37.1,35.0,19.3,1004.6,27.4,-5.36825187331917,7.958760696528399
2018-04-22 13:00:00,0.5,0.07,0.49,0.0,35.0,47.0,22.0,1003.8,36.4,-9.404564036679572,12.944271909999157
2018-04-22 14:00:00,0.21,0.05,0.21,0.0,34.7,48.0,22.1,1003.1,40.7,-8.398824245181617,16.483620697484803
2018-04-22 15:00:00,0.21,0.0,0.21,0.0,34.3,53.0,23.4,1002.3,41.8,-9.599230480877477,17.317470201360035
2018-04-22 16:00:00,0.17,0.0,0.17,0.01,33.7,53.0,23.0,1002.0,41.8,-8.338725468237,15.043458962797606
2018-04-22 17:00:00,0.22,0.0,0.03,0.27,32.5,53.0,21.6,1002.0,36.0,-7.652386473410019,14.39204576360051
2018-04-22 18:00:00,0.31,0.0,0.04,0.28,30.1,70.0,24.0,1002.8,31.7,-8.723409294143652,12.93298613185865
2018-04-22 19:00:00,0.08,0.0,0.01,0.07,29.4,74.0,24.1,1003.8,27.7,-4.23353282293678,13.029474273243602
2018-04-22 20:00:00,0.27,0.0,0.02,0.26,28.5,76.0,23.9,1005.1,24.5,-0.40134421207876314,11.492994510719601
2018-04-22 21:00:00,0.5,0.0,0.01,0.49,27.9,81.0,24.4,1006.2,20.5,-0.30013567164150984,8.594761112364223
2018-04-22 22:00:00,0.73,0.0,0.01,0.72,27.5,84.0,24.5,1006.7,15.5,-1.1133848076805226,7.922144549932563
2018-04-22 23:00:00,0.72,0.0,0.01,0.71,26.9,85.0,24.2,1006.6,14.0,1.7613968679371996,5.421022142882376
2018-04-23 00:00:00,0.77,0.0,0.0,0.76,26.3,87.0,24.0,1006.0,10.1,0.6883116461770152,4.3458286986186065
2018-04-23 01:00:00,0.88,0.0,0.0,0.88,25.8,89.0,23.9,1005.0,7.6,-0.37630246776355347,3.580278823325784
2018-04-23 02:00:00,0.37,0.0,0.0,0.37,25.1,92.0,23.8,1004.3,6.5,1.4333142502483949,4.998560818879258
2018-04-23 03:00:00,0.32,0.0,0.0,0.31,24.9,93.0,23.6,1004.1,7.2,0.31924933308195574,6.0916401620029
2018-04-23 04:00:00,0.37,0.0,0.0,0.37,24.9,92.0,23.5,1004.6,7.2,-0.7352419856890856,4.6421352007971475
2018-04-23 05:00:00,0.0,0.0,0.0,0.63,24.6,96.0,23.9,1004.6,5.8,-3.2095339943541705,3.963444403430551
2018-04-23 06:00:00,0.68,0.0,0.0,0.68,25.5,91.0,24.0,1005.2,11.9,2.180852323535912,3.233246532964663
2018-04-23 07:00:00,0.47,0.0,0.0,0.47,28.2,75.0,23.4,1006.2,11.9,1.8221342821066664,2.5079526825623373
2018-04-23 08:00:00,0.36,0.0,0.0,0.36,30.9,62.0,22.9,1006.6,13.7,-1.7145055188062944e-16,1.4
2018-04-23 09:00:00,0.45,0.0,0.0,0.45,33.3,50.0,21.6,1006.4,15.5,-1.761649323676896,0.7117525274902329
2018-04-23 10:00:00,0.25,0.0,0.0,0.24,35.5,40.0,19.6,1005.9,19.1,-3.616017032810471,1.4609657143220571
2018-04-23 11:00:00,0.08,0.0,0.07,0.0,36.8,36.0,19.4,1005.3,24.5,-6.143640332167438,4.301823272632846
2018-04-23 12:00:00,0.18,0.0,0.18,0.0,36.6,37.0,19.8,1004.4,33.5,-10.724614268106201,8.684621396487755
2018-04-23 13:00:00,0.09,0.0,0.09,0.01,36.8,36.0,19.5,1003.1,36.4,-10.767204742114457,11.149766905249095
2018-04-23 14:00:00,0.45,0.0,0.07,0.41,36.1,39.0,19.8,1002.2,38.5,-9.2826021976144,13.762023704413693
2018-04-23 15:00:00,0.59,0.0,0.09,0.55,34.7,43.0,20.1,1001.6,41.8,-11.299455796115604,16.13729527249314
2018-04-23 16:00:00,0.55,0.0,0.07,0.52,33.7,45.0,20.2,1001.6,42.1,-9.349999999999998,16.194675050769003
2018-04-23 17:00:00,0.78,0.0,0.03,0.97,31.8,55.0,21.8,1002.0,38.9,-8.60364654526569,12.28728066433488
2018-04-23 18:00:00,0.95,0.0,0.04,0.95,29.9,65.0,22.5,1002.8,29.5,-8.030070108914643,11.468128620045887
2018-04-23 19:00:00,0.62,0.0,0.04,0.61,29.1,72.0,23.6,1003.9,26.3,-6.137196055047082,12.583116648188339
2018-04-23 20:00:00,0.07,0.0,0.02,0.06,28.8,72.0,23.2,1005.1,24.8,1.0557374790033003,10.04467114321956
2018-04-23 21:00:00,0.05,0.0,0.01,0.04,27.8,77.0,23.2,1006.0,17.6,2.1727182418122895,5.377666356487367
2018-04-23 22:00:00,0.0,0.0,0.0,0.0,27.0,82.0,23.7,1006.8,9.7,0.7068421917498544,5.756767679519668
2018-04-23 23:00:00,0.58,0.0,0.0,0.58,26.3,86.0,23.9,1006.3,6.8,-3.2526911934581184,3.252691193458118
2018-04-24 00:00:00,0.53,0.0,0.0,0.53,26.0,89.0,24.1,1005.6,6.8,-2.5242120488351993,3.2308440897875594
2018-04-24 01:00:00,0.05,0.0,0.0,0.04,25.4,93.0,24.1,1004.8,7.6,-1.0506577808748214,3.233592155403522
2018-04-24 02:00:00,0.27,0.0,0.0,0.27,25.0,94.0,24.0,1004.0,5.8,-1.4214781741247584,4.3748599749577055
2018-04-24 03:00:00,0.14,0.0,0.0,0.14,24.6,95.0,23.8,1003.8,6.5,-6.613092715395707e-16,5.4
2018-04-24 04:00:00,0.29,0.0,0.0,0.29,25.3,90.0,23.5,1004.1,6.5,2.894873798829253,3.5748714227020653
2018-04-24 05:00:00,0.55,0.0,0.0,0.0,25.2,86.0,22.8,1004.3,5.0,6.092338390726597,3.239353783222646
2018-04-24 06:00:00,0.0,0.0,0.0,0.0,26.8,79.0,22.8,1005.1,8.3,3.984778792366982,0.348622970990633
2018-04-24 07:00:00,0.32,0.0,0.0,0.32,28.9,69.0,22.6,1005.9,11.5,1.0549740469210396,-2.4853631043215887
2018-04-24 08:00:00,0.34,0.0,0.0,0.34,31.5,58.0,22.1,1006.4,14.8,-0.3479327524001636,-2.475670171853926
2018-04-24 09:00:00,0.64,0.0,0.0,0.64,34.0,46.0,20.6,1006.5,18.0,-2.166534083347374,-2.875087836170254
2018-04-24 10:00:00,0.31,0.0,0.0,0.31,36.2,33.0,17.4,1006.1,19.4,-3.616017032810471,-1.4609657143220567
2018-04-24 11:00:00,0.44,0.0,0.02,0.43,38.0,26.0,15.3,1005.4,21.2,-4.6421352007971475,-0.7352419856890854
2018-04-24 12:00:00,0.66,0.0,0.04,0.64,39.0,23.0,14.4,1004.1,22.7,-6.10580806867569,1.076618701534968
2018-04-24 13:00:00,0.72,0.0,0.15,0.68,38.5,29.0,17.1,1002.8,35.3,-13.028942970672107,7.8285787386328245
2018-04-24 14:00:00,0.59,0.0,0.25,0.52,37.0,34.0,18.5,1002.1,42.1,-13.603178850116574,12.685169497162471
2018-04-24 15:00:00,0.76,0.0,0.09,0.75,35.0,43.0,20.5,1001.8,43.6,-14.518359942593039,15.034201827077812
2018-04-24 16:00:00,0.86,0.0,0.17,0.83,33.2,51.0,21.6,1001.8,44.6,-11.990819146766453,16.503946685248923
2018-04-24 17:00:00,0.55,0.0,0.13,0.56,31.6,58.0,22.4,1002.1,42.1,-8.299999999999999,14.376021702821683
2018-04-24 18:00:00,0.05,0.0,0.03,0.03,30.0,65.0,22.8,1002.8,32.4,-5.819930246483615,9.685990497933869
2018-04-24 19:00:00,0.03,0.0,0.03,0.01,29.3,69.0,23.1,1003.8,20.2,-6.8005097616181445,9.024581263534412
2018-04-24 20:00:00,0.04,0.0,0.04,0.01,28.5,69.0,22.4,1004.9,20.2,-1.8467702839738949,6.440453362786736
2018-04-24 21:00:00,0.04,0.0,0.04,0.01,27.9,70.0,21.9,1006.0,11.5,3.9641832724372423,2.880147736233119
2018-04-24 22:00:00,0.05,0.0,0.05,0.0,27.1,75.0,22.4,1006.3,6.1,-5.08636752381579,1.0811407922523486
2018-04-24 23:00:00,0.06,0.0,0.06,0.01,26.8,85.0,24.1,1006.3,6.5,-3.580278823325784,-0.3763024677635525
2018-04-25 00:00:00,0.03,0.0,0.03,0.01,26.3,93.0,25.0,1005.7,6.8,-4.374859974957706,1.4214781741247577
2018-04-25 01:00:00,0.01,0.0,0.01,0.0,26.0,96.0,25.3,1004.8,5.8,-2.8512208774027776,-1.4527695991665501
2018-04-25 02:00:00,0.01,0.01,0.0,0.0,25.6,99.0,25.5,1004.1,5.4,-1.4499999999999997,-2.511473670974872
2018-04-25 03:00:00,0.02,0.02,0.0,0.0,25.5,100.0,25.5,1003.8,7.2,-1.7937955949114472,-3.2360929164157644
2018-04-25 04:00:00,0.5,0.5,0.0,0.0,25.0,100.0,25.0,1003.9,6.5,-1.0886485301985047,-4.366330768241984
2018-04-25 05:00:00,0.03,0.0,0.0,0.41,25.2,99.0,25.0,1004.1,6.5,-2.149021206691006,-5.062776693988422
2018-04-25 06:00:00,0.5,0.0,0.01,0.5,26.4,95.0,25.5,1004.9,6.8,1.1109406435904323,-2.894099322141325
2018-04-25 07:00:00,0.36,0.0,0.0,0.35,28.8,82.0,25.5,1005.6,11.5,6.123233995736766e-16,-2.5
2018-04-25 08:00:00,0.15,0.0,0.0,0.14,31.6,62.0,23.5,1006.2,15.5,7.102951435054649e-16,-2.9
2018-04-25 09:00:00,0.0,0.0,0.0,0.0,34.2,46.0,21.0,1006.0,16.9,-1.453901549023942,-2.1554976886431088
2018-04-25 10:00:00,0.15,0.01,0.15,0.0,36.5,35.0,18.8,1005.6,17.6,-2.1729143493093033,-0.34415582308850806
2018-04-25 11:00:00,0.19,0.0,0.19,0.0,37.5,31.0,17.6,1004.8,23.0,-6.1194134401407965,2.4724035165450196
2018-04-25 12:00:00,0.4,0.0,0.38,0.07,37.0,35.0,19.0,1003.8,30.6,-10.065602558591767,5.351975815759157
2018-04-25 13:00:00,0.45,0.0,0.37,0.31,37.0,35.0,19.2,1002.4,31.3,-8.980088637561916,6.52441630044645
2018-04-25 14:00:00,0.25,0.0,0.24,0.12,35.8,41.0,20.5,1001.3,38.5,-12.905533821809405,11.218609395737673
2018-04-25 15:00:00,0.29,0.0,0.28,0.14,34.5,48.0,21.8,1001.1,39.2,-12.344170317131226,13.237501999306986
2018-04-25 16:00:00,0.26,0.0,0.23,0.1,32.8,54.0,22.2,1000.9,40.7,-12.312003157002994,13.67386478878405
2018-04-25 17:00:00,0.24,0.0,0.24,0.05,31.7,58.0,22.3,1001.1,38.2,-10.348880515953287,12.333315534215545
2018-04-25 18:00:00,0.29,0.0,0.29,0.05,30.0,68.0,23.5,1001.9,31.3,-9.03326318584459,10.03245514394482
2018-04-25 19:00:00,0.2,0.0,0.19,0.02,29.6,69.0,23.5,1002.7,24.5,-4.999999999999999,8.660254037844387
2018-04-25 20:00:00,0.13,0.0,0.13,0.02,29.1,71.0,23.2,1003.9,17.6,0.7352419856890845,4.6421352007971475
2018-04-25 21:00:00,0.09,0.0,0.08,0.01,28.5,73.0,23.2,1004.7,7.6,-3.233246532964663,2.180852323535912
2018-04-25 22:00:00,0.09,0.0,0.05,0.04,28.0,82.0,24.5,1005.0,9.7,-3.2526911934581184,3.252691193458118
2018-04-25 23:00:00,0.07,0.0,0.05,0.02,27.3,88.0,25.1,1004.7,7.2,-6.613092715395707e-16,5.4
2018-04-26 00:00:00,0.04,0.0,0.04,0.0,27.5,86.0,25.0,1003.9,6.5,-2.1554976886431088,1.4539015490239415
2018-04-26 01:00:00,0.04,0.0,0.04,0.0,26.8,92.0,25.4,1002.9,3.2,-1.0461621679246689,-0.3399186938124422
2018-04-26 02:00:00,0.04,0.0,0.04,0.0,26.3,97.0,25.8,1002.2,3.2,-2.1729143493093033,-0.34415582308850806
2018-04-26 03:00:00,0.06,0.04,0.04,0.0,25.8,100.0,25.8,1002.3,3.2,0.3479327524001647,-2.475670171853926
2018-04-26 04:00:00,1.0,1.0,0.03,0.0,26.0,100.0,26.0,1002.5,6.8,-0.34862297099063266,-3.984778792366982
2018-04-26 05:00:00,1.0,1.0,0.03,0.0,25.8,100.0,25.8,1002.7,10.1,0.4045875477159287,-5.78587149150698
2018-04-26 06:00:00,1.0,1.0,0.02,0.0,26.8,98.0,26.4,1003.5,12.2,-2.873804179836756,-6.162892951849219
2018-04-26 07:00:00,0.39,0.37,0.03,0.0,29.2,81.0,25.7,1004.7,18.0,-6.486172749262466,-2.8878301658381815
2018-04-26 08:00:00,0.18,0.12,0.02,0.05,31.5,66.0,24.5,1005.3,18.7,-5.3989495089621515,-1.049449474570997
2018-04-26 09:00:00,0.01,0.0,0.01,0.0,34.1,51.0,22.6,1005.5,18.7,-3.984778792366982,-0.34862297099063255
2018-04-26 10:00:00,0.04,0.04,0.01,0.01,36.2,41.0,20.9,1005.1,21.2,-5.074340152243906,1.8469087739586112
2018-04-26 11:00:00,0.23,0.0,0.23,0.06,37.5,37.0,20.3,1004.3,27.7,-7.523858047687012,5.466402846319999
2018-04-26 12:00:00,0.66,0.0,0.37,0.58,37.2,38.0,20.5,1002.9,33.5,-11.192007229493063,7.5491041968550805
2018-04-26 13:00:00,0.73,0.0,0.37,0.68,36.4,38.0,20.0,1001.9,34.2,-12.557368354874361,7.249999999999997
2018-04-26 14:00:00,0.45,0.0,0.19,0.41,36.6,34.0,18.0,1000.5,39.6,-14.809034404713904,8.549999999999997
2018-04-26 15:00:00,0.56,0.0,0.17,0.51,35.2,45.0,21.6,1000.5,38.2,-10.767204742114457,11.149766905249095
2018-04-26 16:00:00,0.51,0.0,0.2,0.46,33.8,47.0,20.8,1000.9,36.4,-8.276054971367055,12.269756073814616
2018-04-26 17:00:00,0.31,0.0,0.3,0.1,32.2,53.0,21.4,1000.4,32.4,-9.2826021976144,13.762023704413693
2018-04-26 18:00:00,0.24,0.0,0.23,0.1,30.7,58.0,21.6,1001.7,32.0,-7.199221228489241,8.579697762932552
2018-04-26 19:00:00,0.18,0.0,0.17,0.05,29.8,68.0,23.1,1002.7,20.2,-7.587037345449281,5.717242719944459
2018-04-26 20:00:00,0.11,0.0,0.1,0.01,29.1,80.0,25.3,1003.8,16.6,-7.8859391664594325,4.738350289172499
2018-04-26 21:00:00,0.08,0.0,0.07,0.01,28.8,88.0,26.5,1004.5,16.6,-7.547628055792193,4.716281451675523
2018-04-26 22:00:00,0.27,0.0,0.09,0.21,28.5,89.0,26.5,1005.0,15.5,-6.149493427364154,4.633975678270772
2018-04-26 23:00:00,0.38,0.0,0.09,0.32,28.4,89.0,26.5,1004.8,13.7,-5.374011537017761,5.37401153701776
2018-04-27 00:00:00,0.68,0.0,0.06,0.66,28.0,91.0,26.4,1004.0,13.3,-4.0150350544573215,5.734064310022943
2018-04-27 01:00:00,0.93,0.0,0.02,0.93,27.5,92.0,26.1,1003.4,12.2,0.3449439287832565,3.2819222547153015
2018-04-27 02:00:00,0.98,0.01,0.01,0.98,27.2,93.0,26.0,1002.9,6.5,-1.437543918085127,-1.083267041673687
2018-04-27 03:00:00,0.95,0.0,0.01,0.95,26.5,97.0,26.0,1002.8,4.3,-3.233592155403522,-1.0506577808748212
2018-04-27 04:00:00,0.86,0.01,0.0,0.85,26.1,98.0,25.8,1003.2,5.4,-2.1649947956686737,-2.4905416147351476
2018-04-27 05:00:00,0.78,0.18,0.0,0.91,26.5,98.0,26.2,1003.4,6.1,0.3558845024520217,-6.790680836331102
2018-04-27 06:00:00,0.88,0.15,0.0,0.88,27.8,92.0,26.2,1004.2,14.0,-1.0324674692655236,-6.518743047927909
2018-04-27 07:00:00,0.86,0.24,0.0,0.82,29.9,78.0,25.7,1005.0,16.2,-5.032023407672544,-3.2678342100901627
2018-04-27 08:00:00,0.78,0.15,0.0,0.75,32.0,64.0,24.2,1005.7,19.8,-6.862201078041086,-0.7212463965468089
2018-04-27 09:00:00,0.69,0.13,0.1,0.64,34.2,51.0,22.5,1005.5,21.6,-6.10580806867569,1.076618701534968
2018-04-27 10:00:00,0.54,0.04,0.1,0.5,35.8,43.0,21.5,1005.4,24.8,-6.847606917325106,2.224922359499621
2018-04-27 11:00:00,0.33,0.06,0.11,0.25,36.3,42.0,21.5,1004.6,28.1,-8.98794046299167,4.383711467890775
2018-04-27 12:00:00,0.55,0.21,0.45,0.19,34.7,51.0,23.0,1004.0,36.4,-12.35662078716584,10.006194217692412
2018-04-27 13:00:00,0.28,0.1,0.14,0.19,36.0,45.0,22.0,1003.0,37.1,-11.113187248834686,8.999281592012673
2018-04-27 14:00:00,0.39,0.0,0.32,0.25,35.2,46.0,22.0,1002.3,39.2,-11.879393923934,11.879393923933998
2018-04-27 15:00:00,0.17,0.11,0.09,0.08,34.1,54.0,23.4,1002.1,37.8,-11.184504408545786,13.329173310270214
2018-04-27 16:00:00,0.16,0.0,0.12,0.09,33.5,55.0,23.1,1001.9,38.9,-9.992349288972045,13.753288904374104
2018-04-27 17:00:00,0.26,0.0,0.29,0.09,31.8,60.0,23.2,1002.8,36.0,-7.26950774511971,10.77748844321554
2018-04-27 18:00:00,0.24,0.0,0.22,0.04,30.3,74.0,25.2,1003.5,25.9,-5.357087896926653,10.51387698542274
2018-04-27 19:00:00,0.12,0.0,0.12,0.01,29.6,77.0,25.1,1004.6,22.0,-6.8251321848603554,7.580077219869419
2018-04-27 20:00:00,0.05,0.0,0.05,0.0,29.2,80.0,25.4,1005.5,18.7,-5.7172427199444575,7.587037345449283
2018-04-27 21:00:00,0.19,0.0,0.02,0.17,28.9,81.0,25.2,1006.6,16.9,-3.549993398621876,7.61298541110786
2018-04-27 22:00:00,0.52,0.01,0.01,0.52,28.4,81.0,24.9,1007.1,14.8,-1.7613968679372007,5.421022142882375
2018-04-27 23:00:00,0.48,0.08,0.01,0.43,28.0,83.0,24.8,1006.8,9.7,-0.6945927106677211,3.939231012048832
2018-04-28 00:00:00,0.86,0.15,0.01,0.83,27.8,85.0,24.9,1005.9,6.5,-1.4609657143220578,3.6160170328104706
2018-04-28 01:00:00,0.52,0.22,0.14,0.37,27.3,88.0,25.1,1004.9,6.8,0.3278554265973888,4.688551036221174
2018-04-28 02:00:00,0.56,0.15,0.3,0.38,27.4,88.0,25.2,1004.5,12.6,-6.148780366869515,3.5499999999999985
2018-04-28 03:00:00,0.29,0.07,0.12,0.19,27.1,90.0,25.3,1004.3,12.2,-2.8512208774027776,-1.4527695991665501
2018-04-28 04:00:00,1.0,1.0,0.49,0.36,25.9,93.0,24.6,1005.2,20.2,-11.107818738551682,2.5644420195200612
2018-04-28 05:00:00,0.88,0.25,0.22,0.91,26.2,93.0,25.1,1005.1,19.4,-0.3628828433995016,-1.4554435894139948
2018-04-28 06:00:00,0.94,0.32,0.14,0.91,26.8,90.0,25.0,1006.1,5.4,0.7,1.2858791391047207e-16
2018-04-28 07:00:00,0.99,0.53,0.2,0.98,27.9,85.0,25.0,1007.0,11.2,-0.3449439287832573,3.2819222547153015
2018-04-28 08:00:00,0.96,0.42,0.15,0.95,29.2,76.0,24.6,1007.9,22.3,-4.326319829244457,7.200205325897743
2018-04-28 09:00:00,0.98,0.11,0.2,0.97,30.6,68.0,24.0,1008.1,25.9,-3.914289369316413,6.514471485336053
2018-04-28 10:00:00,0.95,0.1,0.23,0.95,32.3,60.0,23.5,1007.8,27.0,-7.580077219869421,6.825132184860354
2018-04-28 11:00:00,0.72,0.12,0.18,0.65,33.9,55.0,23.5,1007.1,28.1,-8.98794046299167,4.383711467890775
2018-04-28 12:00:00,0.44,0.3,0.16,0.26,34.8,52.0,23.5,1005.9,30.2,-8.272407703894487,7.988571260278469
2018-04-28 13:00:00,0.96,0.17,0.19,0.95,35.0,49.0,22.6,1004.7,31.3,-7.584893794301166,9.03932442880394
2018-04-28 14:00:00,0.95,0.3,0.57,0.89,32.9,57.0,23.4,1003.8,31.0,-8.556838308944295,7.979380812731231
2018-04-28 15:00:00,0.97,0.01,0.15,0.96,33.9,51.0,22.4,1002.8,28.1,-9.056514962673266,7.8727083478860855
2018-04-28 16:00:00,0.96,0.02,0.11,0.96,31.8,60.0,23.0,1003.2,35.3,-9.062507694346527,12.942602299766072
2018-04-28 17:00:00,0.88,0.0,0.13,0.98,31.5,60.0,22.8,1003.7,33.1,-7.281961780139783,9.663489671572245
2018-04-28 18:00:00,0.97,0.01,0.11,0.96,30.0,69.0,23.6,1004.1,24.8,-7.199221228489241,8.579697762932552
2018-04-28 19:00:00,0.94,0.01,0.05,0.94,28.9,76.0,24.1,1005.2,21.6,-6.518006950068422,10.43099158272404
2018-04-28 20:00:00,0.9,0.0,0.02,0.9,28.5,81.0,24.8,1005.8,22.3,-5.367251924106883,11.510108895365454
2018-04-28 21:00:00,0.96,0.0,0.03,0.95,28.1,83.0,25.0,1006.5,23.0,-3.5812496990287226,10.400704331592486
2018-04-28 22:00:00,0.97,0.0,0.01,0.97,27.8,85.0,25.0,1007.1,19.4,2.8914103508206246,6.811735915548059
2018-04-28 23:00:00,0.96,0.05,0.0,0.95,27.2,86.0,24.6,1007.1,13.0,5.750175672340508,4.333068166694748
2018-04-29 00:00:00,0.96,0.08,0.0,0.96,26.9,86.0,24.4,1006.5,13.3,6.122295146001596,3.9758649556096968
2018-04-29 01:00:00,0.97,0.15,0.0,0.97,26.5,88.0,24.4,1005.8,12.6,4.3149868395531055,4.023790324368742
2018-04-29 02:00:00,0.98,0.19,0.0,0.97,26.7,87.0,24.3,1005.2,11.2,3.244739871933341,5.400153994423308
2018-04-29 03:00:00,0.99,0.14,0.0,0.99,26.6,86.0,24.1,1005.1,11.9,2.116193003971519,6.145870741395559
2018-04-29 04:00:00,0.99,0.09,0.0,0.99,26.2,88.0,24.0,1005.1,11.5,1.7918397477265022,4.667902132486008
2018-04-29 05:00:00,0.97,0.04,0.0,0.98,26.6,87.0,24.4,1005.3,8.3,1.049449474570996,5.3989495089621515
2018-04-29 06:00:00,0.97,0.05,0.02,0.97,27.0,85.0,24.4,1005.8,12.2,-8.327598234202001e-16,6.8
2018-04-29 07:00:00,0.96,0.05,0.11,0.95,29.0,76.0,24.2,1006.5,17.3,-1.7902220274375413,7.180188374442374
2018-04-29 08:00:00,0.91,0.1,0.13,0.9,31.0,63.0,23.2,1007.3,23.0,-2.480736202352993,8.65135526344487
2018-04-29 09:00:00,0.47,0.14,0.19,0.36,32.6,54.0,22.2,1007.5,23.4,-2.891410350820626,6.811735915548059
2018-04-29 10:00:00,0.23,0.17,0.19,0.03,33.8,50.0,22.0,1007.1,24.5,-4.702282018339786,6.472135954999579
2018-04-29 11:00:00,0.19,0.1,0.16,0.01,34.9,49.0,22.6,1006.4,25.6,-5.728786224524988,6.143371093601032
2018-04-29 12:00:00,0.21,0.15,0.18,0.01,35.7,48.0,22.8,1005.1,26.6,-5.356254835333227,6.85569355637848
2018-04-29 13:00:00,0.24,0.06,0.24,0.0,35.7,47.0,22.5,1003.6,28.8,-5.815606196095768,8.621990754572433
2018-04-29 14:00:00,0.13,0.0,0.13,0.0,35.2,47.0,22.4,1002.3,31.7,-7.243699165699864,11.15431855367414
2018-04-29 15:00:00,0.11,0.0,0.11,0.0,34.5,50.0,22.5,1001.4,37.1,-8.299999999999999,14.376021702821683
2018-04-29 16:00:00,0.08,0.0,0.08,0.0,33.0,54.0,22.5,1001.4,38.2,-9.322189155871985,15.514728142708233
2018-04-29 17:00:00,0.05,0.0,0.07,0.09,31.8,58.0,22.4,1002.1,38.5,-7.652386473410019,14.39204576360051
2018-04-29 18:00:00,0.02,0.0,0.02,0.0,30.2,66.0,23.1,1002.4,32.8,-6.043441142892003,12.960201354624095
2018-04-29 19:00:00,0.04,0.0,0.01,0.03,29.8,69.0,23.4,1003.7,27.0,-1.8158532167366985,14.788937659455698
2018-04-29 20:00:00,0.02,0.0,0.0,0.02,29.1,71.0,23.2,1004.4,27.4,1.1330246557195534,12.950531075192693
2018-04-29 21:00:00,0.46,0.0,0.0,0.45,28.6,74.0,23.5,1005.0,23.0,-0.7812725059342058,11.17271736291003
2018-04-29 22:00:00,0.68,0.0,0.0,0.68,28.1,76.0,23.5,1005.3,19.8,-1.3226185430791415e-15,10.8
2018-04-29 23:00:00,0.75,0.0,0.0,0.75,27.6,78.0,23.5,1005.4,19.1,1.7672493719509559,8.314254606237347
2018-04-30 00:00:00,0.75,0.0,0.01,0.75,27.1,81.0,23.5,1004.7,15.1,0.31924933308195574,6.0916401620029
2018-04-30 01:00:00,0.71,0.0,0.0,0.71,26.6,83.0,23.5,1003.6,11.9,-1.4553818357243151,6.84703320513664
2018-04-30 02:00:00,0.78,0.0,0.0,0.78,26.2,86.0,23.6,1003.1,11.9,-1.0324674692655245,6.5187430479279085
2018-04-30 03:00:00,0.84,0.0,0.0,0.83,26.0,87.0,23.7,1002.8,11.9,-1.8467702839738949,6.440453362786736
2018-04-30 04:00:00,0.98,0.0,0.0,0.98,25.8,89.0,23.8,1002.9,11.5,-1.4171916423663506,6.1385314081469815
2018-04-30 05:00:00,0.97,0.0,0.0,0.76,26.2,86.0,23.8,1003.2,10.8,-2.101315561749643,6.467184310807044
2018-04-30 06:00:00,0.67,0.0,0.0,0.67,27.0,82.0,23.8,1003.7,13.3,-1.0766187015349677,6.10580806867569
2018-04-30 07:00:00,0.59,0.0,0.0,0.59,29.4,70.0,23.3,1004.6,17.3,3.6347538725598536,5.388744221607772
2018-04-30 08:00:00,0.42,0.0,0.0,0.42,32.0,57.0,22.5,1005.2,19.4,4.679622242152313,2.488199282765221
2018-04-30 09:00:00,0.39,0.0,0.0,0.39,34.4,48.0,21.6,1005.4,18.7,2.172914349309303,0.3441558230885083
2018-04-30 10:00:00,0.44,0.01,0.0,0.44,36.5,40.0,20.6,1005.2,18.0,-0.716657125124198,2.499280409439629
2018-04-30 11:00:00,0.02,0.0,0.01,0.02,38.2,34.0,19.6,1004.5,24.8,-3.9499999999999997,6.841600689897066
2018-04-30 12:00:00,0.85,0.0,0.15,0.84,37.2,39.0,20.9,1003.5,38.2,-10.027486711110015,11.950293312656054
2018-04-30 13:00:00,0.77,0.0,0.08,0.76,37.3,38.0,20.7,1002.2,37.8,-6.849999999999999,11.864548031846809
2018-04-30 14:00:00,0.77,0.0,0.15,0.73,36.3,37.0,19.5,1001.0,37.8,-10.404678933003627,13.3173817359536
2018-04-30 15:00:00,0.76,0.0,0.21,0.7,35.7,41.0,20.2,1000.4,38.5,-10.531762905160843,13.976121425827627
2018-04-30 16:00:00,0.7,0.0,0.12,0.66,34.1,48.0,21.5,1000.3,38.9,-11.512869588589812,14.7358010924457
2018-04-30 17:00:00,0.17,0.0,0.16,0.14,33.8,50.0,21.9,1000.3,39.2,-8.555651423102429,12.684274860092138
2018-04-30 18:00:00,0.12,0.0,0.12,0.0,31.5,71.0,25.5,1001.1,30.6,-8.680826802091783,11.110951625854778
2018-04-30 19:00:00,0.15,0.0,0.15,0.0,30.6,76.0,26.0,1002.1,25.6,-7.288537128426668,10.031810730249347
2018-04-30 20:00:00,0.14,0.0,0.14,0.0,30.5,75.0,25.7,1003.2,22.0,-0.6766377953180175,9.676371287520293
2018-04-30 21:00:00,0.1,0.0,0.1,0.0,30.5,68.0,24.0,1004.1,17.3,4.3500000000000005,7.534421012924615
2018-04-30 22:00:00,0.3,0.0,0.07,0.25,29.9,68.0,23.4,1004.7,15.8,5.7287862245249865,6.143371093601033
2018-04-30 23:00:00,0.05,0.0,0.05,0.0,29.4,71.0,23.5,1004.5,15.5,6.069785404556236,6.509047944410618
2018-05-01 00:00:00,0.01,0.0,0.01,0.0,29.0,73.0,23.6,1003.9,15.5,7.505054539300879,3.9905082836800716
2018-05-01 01:00:00,0.03,0.0,0.03,0.01,28.5,75.0,23.7,1003.3,14.8,5.4378467222199,2.5357095704441948
2018-05-01 02:00:00,0.13,0.0,0.03,0.11,27.9,78.0,23.7,1002.7,10.1,4.3748599749577055,1.4214781741247586
2018-05-01 03:00:00,0.72,0.0,0.0,0.72,27.5,79.0,23.6,1002.5,6.8,4.326372811226469,1.836436303899587
2018-05-01 04:00:00,0.77,0.0,0.0,0.77,27.1,81.0,23.6,1002.7,7.9,6.5187430479279085,1.0324674692655247
2018-05-01 05:00:00,0.77,0.0,0.0,0.64,27.8,78.0,23.6,1003.0,7.6,4.374859974957706,-1.421478174124757
2018-05-01 06:00:00,0.27,0.0,0.0,0.27,28.3,76.0,23.6,1004.0,5.4,3.564026096753471,1.8159619989581879
2018-05-01 07:00:00,0.46,0.0,0.0,0.46,30.5,66.0,23.5,1004.7,13.0,3.281922254715302,0.3449439287832561
2018-05-01 08:00:00,0.77,0.0,0.0,0.77,32.3,60.0,23.6,1005.2,14.8,1.0549740469210396,-2.4853631043215887
2018-05-01 09:00:00,0.84,0.0,0.0,0.84,34.5,51.0,22.9,1005.6,18.7,-1.8159619989581872,-3.5640260967534716
2018-05-01 10:00:00,0.9,0.0,0.01,0.9,36.7,42.0,21.8,1005.2,20.5,-2.883363526931848,-1.8017254983928965
2018-05-01 11:00:00,0.9,0.05,0.05,0.9,38.5,36.0,20.8,1004.6,20.5,-3.616017032810471,1.4609657143220571
2018-05-01 12:00:00,0.88,0.0,0.03,0.87,39.5,33.0,20.2,1003.6,28.1,-7.547095802227721,6.560590289905072
2018-05-01 13:00:00,0.93,0.0,0.41,0.89,37.8,43.0,23.2,1002.5,41.4,-9.640110919765982,14.844469052634004
2018-05-01 14:00:00,0.89,0.0,0.4,0.84,36.5,46.0,23.0,1001.9,40.7,-7.6499999999999995,13.250188677901912
2018-05-01 15:00:00,0.79,0.0,0.23,0.75,36.3,46.0,22.8,1001.0,38.2,-5.8276699647831025,16.92478250322777
2018-05-01 16:00:00,0.21,0.0,0.21,0.01,36.7,41.0,21.5,1000.8,38.9,-4.993494092554766,13.719512263474261
2018-05-01 17:00:00,0.44,0.0,0.35,0.88,35.0,51.0,23.5,1001.2,31.3,-2.8987733051482354,10.818369254437563
2018-05-01 18:00:00,0.7,0.0,0.15,0.66,33.8,52.0,22.5,1001.7,21.6,5.37401153701776,5.374011537017762
2018-05-01 19:00:00,0.25,0.0,0.19,0.08,32.4,52.0,21.2,1002.9,20.9,10.43099158272404,6.518006950068422
2018-05-01 20:00:00,0.1,0.0,0.09,0.01,30.8,61.0,22.5,1003.8,25.9,12.652292643474821,6.446665096301567
2018-05-01 21:00:00,0.07,0.0,0.07,0.0,30.2,65.0,22.8,1004.6,25.6,12.960201354624097,6.043441142891998
2018-05-01 22:00:00,0.03,0.0,0.03,0.0,29.9,66.0,22.9,1005.1,25.2,12.206789381380638,6.219669846431793
2018-05-01 23:00:00,0.02,0.0,0.02,0.0,29.5,68.0,23.0,1005.0,25.9,13.719512263474263,4.99349409255476
2018-05-02 00:00:00,0.14,0.0,0.01,0.13,29.4,69.0,23.0,1004.4,25.9,13.619554150675864,3.6493485359455407
2018-05-02 01:00:00,0.0,0.0,0.0,0.0,29.1,69.0,22.9,1003.5,25.2,13.6300991002129,2.1587956175551883
2018-05-02 02:00:00,0.0,0.0,0.0,0.0,28.8,71.0,22.9,1003.1,24.5,12.592324420440606,0.4397336584515096
2018-05-02 03:00:00,0.01,0.0,0.01,0.0,28.4,72.0,22.9,1002.7,22.3,10.8,1.9839278146187122e-15
2018-05-02 04:00:00,0.02,0.0,0.02,0.0,28.1,73.0,22.9,1002.8,19.1,9.74631457460908,-1.0243789400229992
2018-05-02 05:00:00,0.01,0.0,0.02,0.0,28.5,72.0,23.0,1003.1,16.9,7.973781149274371,-3.2216167033768426
2018-05-02 06:00:00,0.03,0.0,0.03,0.0,29.2,68.0,22.8,1003.7,16.2,6.1194134401407965,-2.4724035165450187
2018-05-02 07:00:00,0.02,0.0,0.02,0.0,31.2,60.0,22.5,1004.6,13.0,1.761649323676896,-0.7117525274902327
2018-05-02 08:00:00,0.01,0.0,0.01,0.01,33.2,54.0,22.5,1005.2,14.0,-1.800051331474436,-1.0815799573111138
2018-05-02 09:00:00,0.05,0.0,0.0,0.04,35.3,45.0,21.7,1005.0,16.2,-2.2,-1.3471114790620887e-16
2018-05-02 10:00:00,0.03,0.0,0.02,0.02,37.3,38.0,20.8,1004.6,18.0,-2.138415658052083,1.0895771993749122
2018-05-02 11:00:00,0.02,0.0,0.02,0.0,39.0,33.0,19.9,1003.8,18.7,-1.4474368994146258,1.7874357113510329
2018-05-02 12:00:00,0.02,0.0,0.02,0.0,40.3,29.0,19.1,1002.6,25.9,-6.46535998165333,5.821436275322066
2018-05-02 13:00:00,0.38,0.0,0.38,0.02,37.8,40.0,22.0,1001.7,37.8,-8.743667859847882,13.992793586581028
2018-05-02 14:00:00,0.34,0.0,0.33,0.1,37.5,40.0,21.7,1001.0,41.0,-8.762016644973254,17.196425916835498
2018-05-02 15:00:00,0.38,0.0,0.31,0.18,36.0,42.0,21.1,1000.7,45.4,-6.7196303616771225,14.410293813882735
2018-05-02 16:00:00,0.32,0.0,0.25,0.19,36.3,41.0,20.9,1000.4,34.9,-2.222696674136708,12.605539238556263
2018-05-02 17:00:00,0.39,0.0,0.21,0.33,35.0,46.0,21.6,1001.0,28.8,-2.0920448053979466,9.061641602502688
2018-05-02 18:00:00,0.09,0.0,0.04,0.08,33.8,52.0,22.6,1001.6,19.4,-2.5237363199446023,3.6042689948715645
2018-05-02 19:00:00,0.22,0.0,0.08,0.21,32.8,57.0,23.2,1002.8,8.3,1.1109406435904314,2.894099322141325
2018-05-02 20:00:00,0.34,0.0,0.07,0.33,32.2,55.0,22.2,1003.6,16.6,9.700776466210565,3.1519733426244647
2018-05-02 21:00:00,0.7,0.0,0.12,0.68,31.3,61.0,23.0,1004.4,23.8,11.87451260953648,5.040431557511632
2018-05-02 22:00:00,0.96,0.02,0.25,0.95,30.8,65.0,23.5,1005.1,23.0,12.208317665188263,1.4989929238833102
2018-05-02 23:00:00,0.89,0.01,0.33,0.87,30.2,67.0,23.5,1005.1,22.3,10.442479901366871,-1.0975488643103564
2018-05-03 00:00:00,0.86,0.0,0.27,0.84,29.8,69.0,23.5,1004.1,18.0,8.319851376878407,2.5436338310878126
2018-05-03 01:00:00,0.71,0.0,0.11,0.69,29.4,70.0,23.5,1003.5,15.1,6.847606917325106,-2.22492235949962
2018-05-03 02:00:00,0.61,0.0,0.1,0.6,29.0,72.0,23.4,1002.9,11.5,1.8364363038995872,-4.326372811226469
2018-05-03 03:00:00,0.29,0.0,0.1,0.23,28.9,73.0,23.5,1002.9,8.3,0.6945927106677215,-3.939231012048832
2018-05-03 04:00:00,0.21,0.0,0.09,0.16,28.6,76.0,24.0,1003.2,9.7,-0.40458754771592675,-5.78587149150698
2018-05-03 05:00:00,0.14,0.0,0.0,0.97,28.7,70.0,22.8,1003.2,11.2,3.6320205787563564,-0.705993282893217
2018-05-03 06:00:00,0.88,0.0,0.0,0.88,28.9,69.0,22.8,1003.5,5.0,2.138415658052083,-1.089577199374912
2018-05-03 07:00:00,0.88,0.0,0.0,0.88,30.6,68.0,23.9,1004.3,13.3,-2.524212048835199,-3.2308440897875594
2018-05-03 08:00:00,0.85,0.0,0.01,0.85,32.6,61.0,24.0,1005.0,18.4,-3.6133052743378347,-4.012982057577929
2018-05-03 09:00:00,0.86,0.0,0.01,0.86,35.2,50.0,23.2,1005.0,20.5,-2.914555953282627,-4.664264528860342
2018-05-03 10:00:00,0.83,0.08,0.11,0.81,37.4,42.0,22.2,1004.7,22.0,-3.252691193458118,-3.2526911934581184
2018-05-03 11:00:00,0.87,0.05,0.38,0.83,38.2,40.0,22.1,1004.4,22.0,-5.386845871403051,-0.3766849582182763
2018-05-03 12:00:00,0.74,0.07,0.35,0.69,37.8,41.0,22.2,1003.5,26.3,-7.5442419102508795,5.088655421583795
2018-05-03 13:00:00,0.93,0.16,0.53,0.9,37.0,44.0,22.8,1002.6,30.2,-10.806465139037947,3.93323164824519
2018-05-03 14:00:00,0.92,0.15,0.31,0.9,34.7,51.0,23.1,1002.2,32.4,-4.063966695646039,13.292636107886194
2018-05-03 15:00:00,0.34,0.04,0.11,0.29,36.8,43.0,22.1,1001.1,33.1,-3.2755801403744433,10.081199072728626
2018-05-03 16:00:00,0.36,0.02,0.35,0.03,34.2,52.0,22.9,1000.9,27.0,8.999165894302514,4.585304047369425
2018-05-03 17:00:00,0.53,0.11,0.14,0.14,34.5,46.0,21.2,1000.9,24.5,-7.516018683207378,11.573653837646852
2018-05-03 18:00:00,0.48,0.12,0.1,0.4,32.8,57.0,23.3,1001.5,27.7,-10.064046815345089,6.535668420180326
2018-05-03 19:00:00,0.27,0.09,0.05,0.22,31.5,71.0,25.5,1002.5,21.6,-9.663489671572242,7.281961780139786
2018-05-03 20:00:00,0.5,0.1,0.03,0.46,31.2,73.0,25.9,1003.6,21.6,-6.542556970607738,9.699739598893986
2018-05-03 21:00:00,0.09,0.08,0.02,0.01,30.8,76.0,26.0,1004.4,20.9,-4.403707847473604,8.642763284627167
2018-05-03 22:00:00,0.07,0.06,0.01,0.01,30.4,76.0,25.8,1004.7,16.9,-2.9027803913169317,7.5620014546273335
2018-05-03 23:00:00,0.06,0.04,0.01,0.01,30.0,76.0,25.2,1004.8,14.4,-1.079765060850553,4.6769763109691285
2018-05-04 00:00:00,0.06,0.05,0.01,0.0,29.3,78.0,25.0,1004.6,8.6,-1.7998053071223103,2.144924440733138
2018-05-04 01:00:00,0.03,0.02,0.01,0.0,28.9,82.0,25.5,1004.2,4.7,-1.437543918085127,-1.083267041673687
2018-05-04 02:00:00,0.08,0.01,0.04,0.05,28.4,89.0,26.4,1003.7,11.2,-2.873804179836756,-6.162892951849219
2018-05-04 03:00:00,0.36,0.09,0.13,0.3,27.9,89.0,26.0,1003.0,15.8,2.5105447374944503,-9.369480515003962
2018-05-04 04:00:00,0.34,0.12,0.17,0.24,27.4,86.0,24.8,1003.5,24.1,1.8649195528648828,-13.269592121137041
2018-05-04 05:00:00,0.26,0.25,0.28,0.1,27.4,92.0,25.9,1004.3,24.1,-0.3769145643870105,-10.793420931806235
2018-05-04 06:00:00,0.77,0.75,0.29,0.22,27.4,88.0,25.2,1004.8,19.8,-3.9499999999999997,-6.841600689897066
2018-05-04 07:00:00,0.37,0.3,0.28,0.11,27.9,85.0,25.1,1005.2,23.4,-10.060016436106814,-4.691062705321763
2018-05-04 08:00:00,0.57,0.44,0.21,0.36,30.0,74.0,24.9,1006.0,29.2,-13.291897999353974,-0.4641633061432644
2018-05-04 09:00:00,0.84,0.34,0.17,0.77,31.7,67.0,24.8,1006.2,30.2,-12.5648279481301,2.4423551408197737
2018-05-04 10:00:00,0.65,0.11,0.12,0.6,33.0,59.0,23.9,1005.6,30.6,-10.806243742382302,3.3038002633669246
2018-05-04 11:00:00,0.23,0.15,0.13,0.07,34.8,53.0,23.8,1005.3,32.4,-11.87451260953648,5.040431557511631
2018-05-04 12:00:00,0.3,0.04,0.17,0.2,35.0,50.0,23.1,1004.5,34.6,-11.93948742412413,6.083472696509927
2018-05-04 13:00:00,0.36,0.0,0.18,0.29,34.5,50.0,22.5,1003.4,36.7,-12.932986131858652,8.723409294143648
2018-05-04 14:00:00,0.42,0.07,0.27,0.31,34.4,50.0,22.5,1002.3,36.7,-12.484833068020224,11.241394186828819
2018-05-04 15:00:00,0.62,0.07,0.17,0.57,32.8,59.0,23.8,1001.7,40.7,-10.351218398215227,13.736530772813438
2018-05-04 16:00:00,0.56,0.01,0.12,0.51,32.7,60.0,23.9,1002.1,37.1,-9.72521718642596,10.070757204741119
2018-05-04 17:00:00,0.26,0.0,0.05,0.38,32.0,61.0,23.5,1002.5,33.5,-9.367828489024019,10.404027556683516
2018-05-04 18:00:00,0.53,0.0,0.05,0.5,30.3,70.0,24.1,1003.4,28.1,-10.102897498940623,8.181165083647885
2018-05-04 19:00:00,0.28,0.0,0.06,0.24,29.5,78.0,25.2,1004.6,25.9,-7.549104196855083,11.192007229493061
2018-05-04 20:00:00,0.69,0.02,0.05,0.67,29.5,77.0,25.1,1005.6,25.2,-6.542556970607738,9.699739598893986
2018-05-04 21:00:00,0.6,0.03,0.03,0.59,29.4,78.0,25.1,1006.3,21.6,-3.659615533584657,10.054711042409219
2018-05-04 22:00:00,0.33,0.03,0.04,0.3,29.1,78.0,24.9,1006.9,19.4,-1.423553631866102,8.987963899415753
2018-05-04 23:00:00,0.74,0.1,0.05,0.72,28.8,79.0,24.6,1006.5,16.9,-9.67470971326409e-16,7.9
2018-05-05 00:00:00,0.93,0.89,0.43,0.84,27.8,82.0,24.4,1006.1,14.0,-5.3623071340531006,4.342310698243877
2018-05-05 01:00:00,0.94,0.16,0.18,0.93,27.8,80.0,24.1,1005.3,12.6,-1.0832670416736867,1.4375439180851273
2018-05-05 02:00:00,0.9,0.3,0.37,0.87,27.1,85.0,24.4,1004.9,6.8,-1.8221342821066668,-2.5079526825623373
2018-05-05 03:00:00,0.97,0.2,0.28,0.97,27.0,88.0,24.8,1004.4,10.1,-2.4930243101639276,-2.8678964048465336
2018-05-05 04:00:00,0.99,0.33,0.31,0.99,26.5,91.0,24.9,1004.8,13.0,-6.467184310807045,2.101315561749642
2018-05-05 05:00:00,0.96,0.13,0.13,0.98,27.1,88.0,24.9,1005.2,14.0,-0.7128052193506944,-0.36319239979163753
2018-05-05 06:00:00,0.92,0.41,0.26,0.86,27.0,88.0,24.8,1005.8,13.0,-6.49109197590473,0.34018371557913496
2018-05-05 07:00:00,0.86,0.34,0.29,0.81,27.9,82.0,24.5,1006.6,16.2,-6.486172749262466,2.8878301658381815
2018-05-05 08:00:00,0.95,0.41,0.29,0.93,29.7,73.0,24.5,1007.5,22.7,-6.505382386916237,6.505382386916236
2018-05-05 09:00:00,0.93,0.2,0.58,0.88,29.8,70.0,23.7,1007.7,27.7,-2.0988989491419945,10.797899017924303
2018-05-05 10:00:00,0.96,0.04,0.37,0.94,31.0,66.0,23.8,1007.4,27.7,-3.6728726077991736,8.65274562245294
2018-05-05 11:00:00,0.97,0.25,0.45,0.96,33.3,57.0,23.6,1006.6,28.8,-3.659615533584657,10.054711042409219
2018-05-05 12:00:00,0.99,0.21,0.58,0.98,33.3,56.0,23.5,1005.9,29.5,-2.9529542176996397,9.658678035226659
2018-05-05 13:00:00,0.95,0.02,0.53,0.92,34.1,51.0,22.4,1004.5,27.4,-6.410784584587487,6.874724795220202
2018-05-05 14:00:00,0.98,0.14,0.4,0.98,32.8,53.0,22.0,1004.2,32.0,-8.684621396487756,10.7246142681062
2018-05-05 15:00:00,0.97,0.25,0.2,0.97,31.5,61.0,23.0,1004.4,32.4,-6.157082177128482,11.107670280670325
2018-05-05 16:00:00,0.99,0.0,0.59,0.99,31.5,62.0,23.4,1004.1,32.4,-7.516018683207378,11.573653837646852
2018-05-05 17:00:00,0.99,0.0,0.19,1.0,31.9,60.0,23.2,1003.7,29.9,-6.199999999999999,10.73871500692704
2018-05-05 18:00:00,0.98,0.0,0.16,0.98,30.6,66.0,23.6,1004.9,25.2,-6.079910225321087,8.683011669463314
2018-05-05 19:00:00,0.99,0.0,0.22,0.99,29.8,72.0,24.2,1006.0,20.9,-8.632077604063813,8.335900445507969
2018-05-05 20:00:00,1.0,0.0,0.34,1.0,29.6,74.0,24.4,1007.1,24.8,-5.450271017215726,12.241509132410851
2018-05-05 21:00:00,1.0,0.02,0.17,1.0,29.6,73.0,24.1,1007.9,24.8,-2.5988961352219913,12.226845009172571
2018-05-05 22:00:00,0.99,0.0,0.0,0.99,29.2,75.0,24.2,1008.1,23.0,-2.951447126315946,11.837607860567156
2018-05-05 23:00:00,0.98,0.0,0.0,0.98,28.8,77.0,24.3,1007.7,22.0,-1.0557374790033027,10.04467114321956
2018-05-06 00:00:00,0.98,0.0,0.0,0.98,28.4,78.0,24.2,1006.9,18.4,0.30013567164150773,8.594761112364223
2018-05-06 01:00:00,0.96,0.0,0.01,0.96,27.9,80.0,24.0,1006.3,15.5,-1.4692292643993963,7.558529312547012
2018-05-06 02:00:00,0.95,0.0,0.02,0.95,27.4,82.0,24.0,1005.4,14.4,-1.7902220274375413,7.180188374442374
2018-05-06 03:00:00,0.94,0.0,0.02,0.94,26.9,84.0,23.9,1005.1,13.3,-8.327598234202001e-16,6.8
2018-05-06 04:00:00,0.96,0.0,0.01,0.96,26.5,86.0,24.0,1005.1,13.0,-1.4553818357243151,6.84703320513664
2018-05-06 05:00:00,0.96,0.01,0.0,0.94,27.0,84.0,24.0,1005.6,13.0,-2.149021206691006,5.062776693988422
2018-05-06 06:00:00,0.92,0.01,0.0,0.92,27.6,81.0,24.1,1006.2,12.6,-2.5085756468171017,6.535062985480412
2018-05-06 07:00:00,0.94,0.02,0.0,0.94,29.4,74.0,24.2,1006.7,19.4,-1.4586446924022143,8.272385125302547
2018-05-06 08:00:00,0.97,0.14,0.05,0.97,31.5,61.0,23.0,1007.3,24.5,-0.6766377953180175,9.676371287520293
2018-05-06 09:00:00,0.92,0.15,0.07,0.91,33.3,52.0,22.1,1007.8,25.9,-1.4861274178821944,9.383039235653808
2018-05-06 10:00:00,0.98,0.22,0.29,0.97,34.5,48.0,21.8,1007.6,28.1,-2.8941922360784917,10.093247807352348
2018-05-06 11:00:00,0.83,0.57,0.45,0.74,30.8,63.0,22.9,1007.7,32.0,-4.583069920563963,12.591881118531171
2018-05-06 12:00:00,1.0,0.13,0.89,0.99,33.0,54.0,22.6,1006.4,31.7,-2.563427409098093,8.939733772226367
2018-05-06 13:00:00,0.9,0.06,0.22,0.88,33.3,54.0,22.7,1005.4,32.0,-1.1330246557195565,12.950531075192693
2018-05-06 14:00:00,0.87,0.11,0.1,0.86,33.2,54.0,22.6,1004.6,34.6,-1.3247672897644045,15.142159410994532
2018-05-06 15:00:00,0.82,0.05,0.29,0.8,33.7,51.0,22.3,1003.9,35.3,0.464163306143262,13.291897999353974
2018-05-06 16:00:00,0.77,0.17,0.22,0.73,32.5,52.0,21.5,1004.2,31.0,1.1940336756429137,13.647867363856914
2018-05-06 17:00:00,0.81,0.04,0.29,0.95,31.5,61.0,23.1,1005.0,28.8,-4.9621870455247645,11.145254583239728
2018-05-06 18:00:00,0.97,0.02,0.24,0.97,30.9,65.0,23.4,1005.3,24.8,-3.9333692308670787,9.735430472951267
2018-05-06 19:00:00,0.93,0.02,0.39,0.92,30.4,67.0,23.5,1006.4,21.2,-4.610627316173431,10.861957270738797
2018-05-06 20:00:00,0.95,0.02,0.7,0.95,30.0,68.0,23.5,1007.4,22.3,-1.0371533386971326,11.854716907291772
2018-05-06 21:00:00,0.98,0.01,0.93,0.98,29.7,68.0,23.2,1007.9,22.7,2.232465245905573,11.485038046337667
2018-05-06 22:00:00,1.0,0.01,0.92,0.99,29.3,70.0,23.4,1008.2,21.2,1.7712114122026907,10.045039080724521
2018-05-06 23:00:00,0.97,0.0,0.7,0.97,28.9,73.0,23.5,1008.0,18.7,3.296985135816764,8.588939923774255
2018-05-07 00:00:00,0.99,0.0,0.95,0.98,28.1,78.0,23.9,1007.0,17.6,4.600821315301731,8.652886410017484
2018-05-07 01:00:00,1.0,0.0,1.0,0.99,27.8,80.0,24.1,1006.2,17.3,3.6319239979163735,7.128052193506943
2018-05-07 02:00:00,0.99,0.0,0.97,0.97,27.5,82.0,24.2,1005.8,14.8,2.508575646817103,6.535062985480412
2018-05-07 03:00:00,0.97,0.0,0.61,0.97,27.4,83.0,24.2,1005.4,12.6,3.252691193458118,3.2526911934581193
2018-05-07 04:00:00,0.99,0.01,0.64,0.98,27.0,85.0,24.4,1005.2,9.4,-2.4999999999999996,4.330127018922194
2018-05-07 05:00:00,0.99,0.0,0.67,0.77,27.5,80.0,23.8,1005.0,11.2,-1.4527695991665501,2.851220877402777
2018-05-07 06:00:00,0.86,0.0,0.15,0.84,27.9,78.0,23.8,1005.4,7.9,-3.5514757175273243e-16,2.9
2018-05-07 07:00:00,0.8,0.0,0.62,0.62,29.6,69.0,23.3,1006.4,11.2,1.437543918085127,1.083267041673687
2018-05-07 08:00:00,0.89,0.0,0.74,0.73,31.0,62.0,22.8,1007.2,11.9,-1.7669289302057951,0.34345619167778063
2018-05-07 09:00:00,0.92,0.03,0.55,0.88,32.0,57.0,22.4,1007.4,14.0,-2.187429987478853,0.7107390870623789
2018-05-07 10:00:00,0.99,0.08,0.06,0.99,33.8,50.0,21.8,1006.9,18.0,0.3434561916777805,1.7669289302057951
2018-05-07 11:00:00,0.99,0.05,0.07,0.99,35.4,44.0,21.4,1005.8,18.7,-1.0895771993749124,2.138415658052083
2018-05-07 12:00:00,0.96,0.15,0.06,0.96,36.2,42.0,21.0,1004.6,23.8,-5.3994159213669315,6.434773322199415
2018-05-07 13:00:00,0.98,0.03,0.75,0.96,31.9,63.0,23.9,1004.4,42.8,-3.596872251147236,16.92195349269484
2018-05-07 14:00:00,0.98,0.01,0.77,0.97,31.5,63.0,23.6,1003.4,40.7,7.8408038236912985,7.57177623800307
2018-05-07 15:00:00,0.94,0.07,0.15,0.94,31.8,60.0,23.1,1002.7,27.7,11.546519142684359,2.8788705576360467
2018-05-07 16:00:00,0.95,0.05,0.1,0.95,32.5,56.0,22.5,1002.4,27.4,5.385980316439454,2.8637765329939335
2018-05-07 17:00:00,0.95,0.0,0.07,0.95,32.6,56.0,22.6,1002.7,18.0,-7.281961780139783,9.663489671572245
2018-05-07 18:00:00,1.0,0.03,0.06,1.0,31.6,60.0,22.8,1003.5,24.5,-5.381386784734342,9.708278749247292
2018-05-07 19:00:00,1.0,0.03,0.05,1.0,30.9,66.0,23.7,1004.6,20.5,-1.7051356689385178,10.765802912487
2018-05-07 20:00:00,1.0,0.08,0.11,1.0,30.1,70.0,24.0,1005.3,19.8,-2.58819045102521,9.659258262890681
2018-05-07 21:00:00,1.0,0.03,0.1,1.0,29.3,74.0,24.2,1005.6,20.2,-2.1752225472926128,11.190549891303368
2018-05-07 22:00:00,1.0,0.0,0.09,1.0,29.0,76.0,24.2,1005.4,20.2,2.8941922360784895,10.093247807352348
2018-05-07 23:00:00,0.98,0.0,0.09,0.98,28.5,77.0,24.0,1005.3,18.4,1.4692292643993945,7.558529312547013
2018-05-08 00:00:00,0.98,0.02,0.15,0.97,28.2,78.0,24.0,1004.7,15.5,-1.102182119232618e-15,9.0
2018-05-08 01:00:00,0.99,0.04,0.21,0.99,27.8,80.0,24.0,1004.0,15.8,1.8221035401853063,7.892397524760405
2018-05-08 02:00:00,0.79,0.04,0.22,0.73,27.6,80.0,23.9,1003.6,15.1,1.3891854213354438,7.878462024097664
2018-05-08 03:00:00,0.98,0.04,0.11,0.98,27.5,80.0,23.8,1003.3,14.4,1.3929056662487764,7.165878439167947
2018-05-08 04:00:00,0.98,0.04,0.08,0.98,27.3,81.0,23.7,1003.7,12.6,2.2249223594996206,6.847606917325106
2018-05-08 05:00:00,0.96,0.0,0.02,0.97,27.1,80.0,23.5,1003.7,14.4,-2.8652427062828187,9.371786608437748
2018-05-08 06:00:00,0.99,0.0,0.08,0.99,27.8,78.0,23.5,1004.2,18.4,-1.0577155672964964,7.5260373224359345
2018-05-08 07:00:00,0.95,0.0,0.03,0.95,29.3,69.0,23.1,1004.9,15.8,1.4333142502483949,4.998560818879258
2018-05-08 08:00:00,0.95,0.0,0.03,0.95,31.4,60.0,22.6,1005.6,19.1,4.649263446279661,3.632402704421383
2018-05-08 09:00:00,0.89,0.03,0.03,0.89,33.6,51.0,22.0,1005.8,21.2,4.669166652447252,3.2693856872009643
2018-05-08 10:00:00,0.88,0.23,0.07,0.86,35.6,45.0,21.9,1005.4,21.2,1.0811407922523495,5.086367523815789
2018-05-08 11:00:00,0.98,0.41,0.14,0.97,32.0,63.0,24.0,1005.3,40.0,-13.252392385608246,15.245133520499994
2018-05-08 12:00:00,1.0,0.01,0.12,1.0,32.7,56.0,22.8,1004.6,44.6,2.563427409098091,8.939733772226367
2018-05-08 13:00:00,0.99,0.0,0.03,0.99,33.5,53.0,22.6,1002.9,25.6,0.3401837155791332,6.49109197590473
2018-05-08 14:00:00,0.98,0.12,0.02,0.97,35.0,49.0,22.6,1001.7,23.8,2.1013155617496415,6.467184310807045
2018-05-08 15:00:00,0.99,0.24,0.66,0.99,31.8,61.0,23.4,1001.6,31.0,2.5352633939371847,14.378193193978237
2018-05-08 16:00:00,0.98,0.23,0.33,0.97,32.2,58.0,22.9,1001.4,32.8,1.486127417882192,9.38303923565381
2018-05-08 17:00:00,1.0,0.19,0.23,0.96,33.5,49.0,21.4,1001.2,21.2,7.5238580476870105,5.466402846320002
2018-05-08 18:00:00,0.92,0.13,0.15,0.91,32.6,51.0,21.3,1002.0,18.7,1.0797650608505518,4.676976310969129
2018-05-08 19:00:00,0.92,0.07,0.34,0.91,31.0,58.0,21.7,1003.3,8.6,3.928245467863184,1.7489675652259404
2018-05-08 20:00:00,0.88,0.01,0.24,0.86,30.6,61.0,22.2,1003.6,13.7,0.2896658226307575,8.294943864258496
2018-05-08 21:00:00,0.89,0.04,0.37,0.86,29.5,71.0,23.6,1004.6,20.5,-1.1707187885977217,11.13864522812466
2018-05-08 22:00:00,0.91,0.07,0.3,0.88,28.6,77.0,24.2,1005.0,20.2,-0.7555899291119148,6.153786140176196
2018-05-08 23:00:00,0.93,0.23,0.3,0.91,28.3,78.0,24.2,1004.8,11.9,1.4235782507653008,3.197409101749103
2018-05-09 00:00:00,0.96,0.16,0.19,0.95,28.0,78.0,23.9,1004.2,7.6,-0.36319239979163753,0.7128052193506943
2018-05-09 01:00:00,0.99,0.13,0.19,0.99,27.6,82.0,24.2,1003.3,6.8,-3.580278823325784,-0.3763024677635525
2018-05-09 02:00:00,0.99,0.11,0.31,0.99,27.0,87.0,24.5,1003.4,16.2,-2.907803098047884,4.310995377286217
2018-05-09 03:00:00,0.99,0.14,0.24,0.99,26.4,89.0,24.5,1003.2,15.1,3.2498011250210617,4.312631754255381
2018-05-09 04:00:00,1.0,0.13,0.12,0.99,26.2,89.0,24.2,1002.9,11.2,4.326372811226469,1.836436303899587
2018-05-09 05:00:00,1.0,0.16,0.18,1.0,25.1,94.0,24.1,1003.5,10.1,-2.9,-1.7757378587636622e-16
2018-05-09 06:00:00,1.0,0.11,0.37,1.0,25.4,93.0,24.1,1004.4,15.5,-1.1419715947936862,7.210124886344505
2018-05-09 07:00:00,1.0,0.02,0.11,1.0,25.9,91.0,24.3,1005.0,15.1,2.181643291108516,3.9357886821272814
2018-05-09 08:00:00,1.0,0.04,0.07,1.0,27.9,80.0,24.2,1005.8,14.4,2.545584412271571,2.545584412271572
2018-05-09 09:00:00,1.0,0.46,0.42,1.0,30.5,65.0,23.3,1005.8,15.8,2.1554976886431088,1.453901549023941
2018-05-09 10:00:00,1.0,0.64,0.3,1.0,31.8,59.0,22.8,1005.6,15.1,2.507952682562337,1.822134282106667
2018-05-09 11:00:00,0.99,0.74,0.23,0.98,32.8,55.0,22.6,1005.2,21.2,2.4930243101639267,2.867896404846534
2018-05-09 12:00:00,0.99,0.62,0.17,0.98,33.3,54.0,22.9,1004.3,23.0,-0.2896658226307595,8.294943864258496
2018-05-09 13:00:00,1.0,0.73,0.12,1.0,33.7,55.0,23.3,1003.4,29.5,-1.4624321208617705,11.910553819695863
2018-05-09 14:00:00,1.0,0.38,0.32,1.0,33.7,54.0,23.0,1002.6,30.2,-1.8406706832694608,10.438962181929405
2018-05-09 15:00:00,1.0,0.19,0.28,1.0,32.6,53.0,21.9,1002.4,30.2,-1.6287802428659798e-15,13.3
2018-05-09 16:00:00,0.99,0.06,0.24,0.99,32.2,56.0,22.2,1002.5,28.8,-4.794964395723677,11.867953338454878
2018-05-09 17:00:00,1.0,0.09,0.07,0.99,30.2,70.0,24.1,1003.5,32.0,-7.057724971069681,15.135340043512054
2018-05-09 18:00:00,1.0,0.12,0.14,1.0,29.0,76.0,24.2,1004.3,31.7,-6.2124884475882824,13.322724469438754
2018-05-09 19:00:00,0.99,0.17,0.12,0.98,28.5,79.0,24.5,1005.3,27.7,-1.8649195528648754,13.269592121137043
2018-05-09 20:00:00,0.99,0.14,0.14,0.99,28.2,81.0,24.6,1006.6,25.2,-1.4006814077865601,13.326593397934863
2018-05-09 21:00:00,0.99,0.01,0.03,0.99,27.9,82.0,24.5,1006.8,25.2,2.8343832847326986,12.277062816293963
2018-05-09 22:00:00,0.97,0.01,0.02,0.97,27.4,83.0,24.2,1007.5,22.7,5.130092647056878,10.068373723328557
2018-05-09 23:00:00,0.98,0.01,0.01,0.98,27.0,84.0,24.0,1006.7,20.2,3.189474750953174,8.308865795825096
2018-05-10 00:00:00,0.98,0.04,0.01,0.98,26.7,85.0,24.0,1006.1,15.8,1.8467702839738933,6.440453362786736
2018-05-10 01:00:00,0.99,0.01,0.01,0.99,26.2,87.0,24.0,1005.5,11.9,1.4273391840380383,5.7247447850283795
2018-05-10 02:00:00,0.93,0.01,0.01,0.94,26.0,88.0,23.9,1005.1,10.1,2.179154398749824,4.276831316104166
2018-05-10 03:00:00,0.95,0.1,0.01,0.94,25.7,90.0,23.9,1005.3,9.7,1.4273391840380383,5.7247447850283795
2018-05-10 04:00:00,0.97,0.06,0.01,0.97,25.5,90.0,23.6,1004.9,12.2,3.96344440343055,3.2095339943541727
2018-05-10 05:00:00,0.98,0.06,0.01,1.0,25.9,90.0,24.1,1005.2,8.3,-1.4142135623730951,1.414213562373095
2018-05-10 06:00:00,0.99,0.03,0.0,0.99,26.5,86.0,24.0,1005.6,7.9,-1.822134282106667,2.507952682562337
2018-05-10 07:00:00,0.95,0.02,0.01,0.94,28.0,78.0,23.8,1006.4,12.6,0.6945927106677219,3.939231012048832
2018-05-10 08:00:00,0.9,0.02,0.01,0.9,30.1,68.0,23.5,1007.7,16.2,0.37476969381492914,4.283637201794505
2018-05-10 09:00:00,0.87,0.0,0.02,0.87,32.0,59.0,22.9,1007.9,17.3,-2.1631599146222285,3.6001026629488715
2018-05-10 10:00:00,0.71,0.12,0.02,0.68,33.5,53.0,22.6,1007.5,23.0,-4.276831316104166,2.1791543987498243
2018-05-10 11:00:00,0.85,0.15,0.06,0.83,34.7,50.0,22.8,1006.7,24.5,-2.8738041798367564,6.162892951849219
2018-05-10 12:00:00,0.98,0.13,0.08,0.98,30.4,68.0,23.9,1006.2,38.5,-12.139570809112476,13.018095888821234
2018-05-10 13:00:00,0.98,0.14,0.05,0.97,31.6,60.0,23.0,1004.6,38.5,-5.769234480931413,10.40797451495881
2018-05-10 14:00:00,0.96,0.06,0.07,0.96,32.4,60.0,23.8,1003.5,29.9,-3.933231648245192,10.806465139037945
2018-05-10 15:00:00,0.92,0.06,0.03,0.92,31.6,64.0,24.0,1003.3,33.1,-4.2323860079430355,12.291741482791119
2018-05-10 16:00:00,0.94,0.29,0.19,0.91,29.2,72.0,23.6,1004.2,36.0,0.4536934571325117,12.992080751248245
2018-05-10 17:00:00,0.85,0.12,0.02,0.99,29.5,71.0,23.7,1005.3,27.7,0.4134540543192542,7.889173324561134
2018-05-10 18:00:00,0.99,0.15,0.01,0.99,29.0,75.0,24.1,1005.5,16.2,-3.061616997868383e-16,2.5
2018-05-10 19:00:00,0.99,0.11,0.01,0.99,29.0,73.0,23.8,1006.2,6.1,-3.9188697572715305e-16,3.2
2018-05-10 20:00:00,0.99,0.09,0.01,0.99,28.4,77.0,24.0,1007.0,11.9,-2.47431797387439,7.185941174554808
2018-05-10 21:00:00,0.99,0.02,0.01,0.99,27.8,81.0,24.2,1007.4,19.8,-0.39087436306801276,11.193177262613872
2018-05-10 22:00:00,0.99,0.01,0.01,0.99,27.1,83.0,24.0,1007.7,20.2,0.3140954703225081,8.994517443171862
2018-05-10 23:00:00,0.99,0.0,0.02,0.99,26.8,84.0,23.9,1007.4,16.2,2.2249223594996206,6.847606917325106
2018-05-11 00:00:00,0.99,0.0,0.02,0.99,26.4,86.0,23.8,1006.2,12.6,2.1727182418122895,5.377666356487367
2018-05-11 01:00:00,0.97,0.0,0.02,0.97,26.0,88.0,23.8,1005.6,10.8,1.4846769586695088,6.430842427582553
2018-05-11 02:00:00,0.96,0.0,0.01,0.96,25.8,88.0,23.6,1004.9,11.9,2.5357095704441956,5.4378467222199
2018-05-11 03:00:00,0.95,0.0,0.01,0.95,25.5,90.0,23.7,1004.7,10.1,2.5000000000000004,4.330127018922193
2018-05-11 04:00:00,0.89,0.0,0.01,0.89,25.5,90.0,23.7,1004.7,11.2,1.0324674692655227,6.518743047927909
2018-05-11 05:00:00,0.91,0.0,0.01,0.86,25.3,90.0,23.5,1005.3,11.9,-1.3929056662487782,7.165878439167946
2018-05-11 06:00:00,0.88,0.0,0.01,0.88,26.0,87.0,23.5,1006.1,13.7,2.181643291108516,3.9357886821272814
2018-05-11 07:00:00,0.9,0.0,0.0,0.9,27.9,77.0,23.5,1006.5,11.2,2.475670171853926,-0.34793275240016364
2018-05-11 08:00:00,0.7,0.0,0.0,0.7,30.1,66.0,23.0,1007.3,15.5,3.5640260967534716,-1.8159619989581866
2018-05-11 09:00:00,0.76,0.0,0.0,0.75,32.0,58.0,22.6,1007.3,16.2,2.1554976886431088,1.453901549023941
2018-05-11 10:00:00,0.86,0.21,0.0,0.84,33.6,51.0,22.1,1006.7,17.6,0.3763024677635526,3.580278823325784
2018-05-11 11:00:00,0.89,0.17,0.01,0.87,35.0,47.0,22.0,1005.9,20.2,-1.433314250248396,4.998560818879258
2018-05-11 12:00:00,0.72,0.7,0.07,0.07,36.2,44.0,22.0,1004.9,25.6,-1.1090110249868426,9.032169979936029
2018-05-11 13:00:00,0.66,0.14,0.57,0.49,33.5,55.0,23.3,1003.9,32.8,-9.381644114564255,10.792346997185641
2018-05-11 14:00:00,0.69,0.03,0.21,0.66,33.2,55.0,22.9,1002.8,33.1,-3.239295182551659,14.030928932907386
2018-05-11 15:00:00,0.79,0.07,0.13,0.78,33.8,52.0,22.5,1002.0,32.8,-1.3247672897644045,15.142159410994532
2018-05-11 16:00:00,0.77,0.02,0.09,0.76,33.2,55.0,22.9,1002.1,32.8,1.4006814077865568,13.326593397934863
2018-05-11 17:00:00,0.66,0.02,0.04,0.6,32.1,60.0,23.4,1002.6,28.4,-2.483168940637103,14.082750868074575
2018-05-11 18:00:00,0.08,0.01,0.04,0.06,30.5,67.0,23.7,1003.2,27.4,-2.232465245905576,11.485038046337667
2018-05-11 19:00:00,0.05,0.0,0.05,0.01,29.4,72.0,23.9,1004.2,24.5,-2.9918490227734074,12.959121861643627
2018-05-11 20:00:00,0.04,0.0,0.03,0.01,28.5,78.0,24.4,1004.8,25.2,-2.9107636714486302,13.69406641027328
2018-05-11 21:00:00,0.11,0.1,0.02,0.01,27.8,82.0,24.5,1005.6,26.6,-0.6803674311582695,12.98218395180946
2018-05-11 22:00:00,0.08,0.07,0.01,0.0,27.3,84.0,24.5,1006.0,23.4,-0.4153040107597636,11.89275084152724
2018-05-11 23:00:00,0.03,0.03,0.0,0.0,27.0,85.0,24.4,1005.7,21.6,1.486127417882192,9.38303923565381
2018-05-12 00:00:00,0.01,0.01,0.0,0.0,26.6,87.0,24.2,1005.2,16.9,0.7526049355271052,7.160557646651568
2018-05-12 01:00:00,0.09,0.09,0.01,0.0,26.3,87.0,24.0,1004.9,13.7,3.239353783222647,6.092338390726596
2018-05-12 02:00:00,0.08,0.07,0.03,0.0,26.1,88.0,24.0,1003.9,11.9,0.6945927106677219,3.939231012048832
2018-05-12 03:00:00,0.09,0.08,0.03,0.0,26.0,89.0,24.0,1003.5,9.0,1.4493866525741164,5.4091846272187825
2018-05-12 04:00:00,0.32,0.08,0.02,0.26,26.0,87.0,23.7,1003.9,11.2,2.116193003971519,6.145870741395559
2018-05-12 05:00:00,0.58,0.0,0.02,0.32,26.3,84.0,23.4,1004.3,11.9,3.516580156403462,8.284543681071963
2018-05-12 06:00:00,0.21,0.03,0.01,0.19,27.2,79.0,23.3,1004.8,18.0,3.1997434936258236,5.772490067120012
2018-05-12 07:00:00,0.24,0.0,0.0,0.24,28.9,71.0,23.1,1004.9,15.1,5.34744757120448,0.7515347451843555
2018-05-12 08:00:00,0.09,0.0,0.01,0.08,31.1,62.0,22.9,1006.4,20.9,6.514471485336052,3.914289369316413
2018-05-12 09:00:00,0.13,0.0,0.02,0.11,33.0,54.0,22.6,1006.4,23.0,6.858073366652385,1.8376152202278964
2018-05-12 10:00:00,0.16,0.14,0.04,0.02,34.6,48.0,22.1,1005.9,22.0,3.281922254715302,0.3449439287832561
2018-05-12 11:00:00,0.19,0.14,0.12,0.02,36.1,44.0,21.9,1005.0,18.0,0.7263847995832747,1.4256104387013888
2018-05-12 12:00:00,0.4,0.22,0.31,0.24,35.0,46.0,21.8,1004.4,28.8,-9.03932442880394,7.5848937943011645
2018-05-12 13:00:00,0.43,0.13,0.31,0.21,32.5,58.0,23.0,1003.9,31.3,-7.6499999999999995,13.250188677901912
2018-05-12 14:00:00,0.36,0.0,0.24,0.2,33.1,56.0,23.1,1002.6,40.0,4.600821315301731,8.652886410017484
2018-05-12 15:00:00,0.61,0.19,0.21,0.54,32.5,57.0,22.9,1002.8,26.3,10.4,1.910449006669871e-15
2018-05-12 16:00:00,0.64,0.08,0.21,0.59,32.0,58.0,22.6,1002.8,27.4,8.625263508510763,6.4996022500421216
2018-05-12 17:00:00,0.59,0.06,0.15,0.67,32.3,55.0,22.0,1002.5,24.8,7.185941174554808,2.4743179738743906
2018-05-12 18:00:00,0.83,0.03,0.12,0.82,31.3,58.0,22.0,1002.7,17.3,8.987940462991668,4.383711467890778
2018-05-12 19:00:00,0.96,0.02,0.08,0.95,29.3,66.0,22.3,1003.7,27.0,12.297560733739024,7.100000000000006
2018-05-12 20:00:00,0.97,0.01,0.06,0.97,28.4,70.0,22.3,1004.5,26.3,6.143371093601031,5.728786224524988
2018-05-12 21:00:00,0.99,0.0,0.04,0.99,28.2,70.0,22.3,1004.9,14.4,6.143640332167437,4.301823272632848
2018-05-12 22:00:00,0.99,0.03,0.03,0.99,28.0,72.0,22.4,1005.5,13.0,6.149493427364155,4.6339756782707715
2018-05-12 23:00:00,0.86,0.04,0.01,0.86,27.6,74.0,22.5,1005.5,13.0,5.046787864462488,5.412017391981863
2018-05-13 00:00:00,0.46,0.02,0.0,0.46,27.5,74.0,22.5,1004.9,14.8,6.876644452187052,4.996174644486023
2018-05-13 01:00:00,0.29,0.01,0.0,0.28,27.2,76.0,22.5,1003.8,15.1,6.149493427364155,4.6339756782707715
2018-05-13 02:00:00,0.74,0.0,0.01,0.74,26.8,78.0,22.5,1003.1,13.7,6.139453095510068,4.971631089293719
2018-05-13 03:00:00,0.79,0.0,0.01,0.79,26.6,78.0,22.5,1003.3,13.7,5.043268823083022,3.940233442084212
2018-05-13 04:00:00,0.77,0.0,0.01,0.77,26.1,81.0,22.7,1003.1,11.2,3.564026096753471,1.8159619989581879
2018-05-13 05:00:00,0.83,0.07,0.02,0.87,26.1,82.0,22.9,1003.8,6.8,5.062776693988422,2.149021206691006
2018-05-13 06:00:00,0.77,0.08,0.03,0.76,27.2,77.0,22.8,1004.4,8.3,3.939231012048832,0.6945927106677213
2018-05-13 07:00:00,0.86,0.07,0.03,0.86,28.9,70.0,22.8,1005.2,14.8,4.998560818879259,1.4333142502483942
2018-05-13 08:00:00,0.94,0.06,0.03,0.93,30.8,61.0,22.4,1005.7,18.4,5.4091846272187825,1.4493866525741155
2018-05-13 09:00:00,0.94,0.06,0.04,0.93,32.5,54.0,22.1,1005.5,19.4,3.928245467863184,1.7489675652259404
2018-05-13 10:00:00,0.89,0.07,0.06,0.88,34.3,49.0,22.1,1005.3,19.8,2.4905416147351476,2.1649947956686737
2018-05-13 11:00:00,0.86,0.15,0.23,0.84,35.5,45.0,21.8,1004.9,19.1,-3.061616997868383e-16,2.5
2018-05-13 12:00:00,0.88,0.2,0.34,0.85,34.0,51.0,22.5,1004.2,25.9,-7.88010753606722,6.156614753256583
2018-05-13 13:00:00,0.89,0.01,0.25,0.88,33.9,52.0,22.7,1003.3,32.0,-5.357087896926653,10.51387698542274
2018-05-13 14:00:00,0.91,0.13,0.55,0.87,32.0,61.0,23.5,1002.8,39.6,-9.099999999999998,15.761662348876785
2018-05-13 15:00:00,0.88,0.08,0.33,0.85,32.7,56.0,22.9,1001.7,40.0,-4.981192763194496,14.466434206669549
2018-05-13 16:00:00,0.87,0.0,0.22,0.84,32.2,59.0,23.2,1001.6,34.6,-1.4467853296111262,16.536831988322977
2018-05-13 17:00:00,0.68,0.02,0.21,0.94,31.9,58.0,22.6,1002.2,33.8,-7.895797037074755,12.635916632730748
2018-05-13 18:00:00,0.87,0.0,0.06,0.86,30.6,68.0,23.9,1002.5,29.2,-7.243699165699864,11.15431855367414
2018-05-13 19:00:00,0.9,0.01,0.03,0.89,29.9,71.0,24.0,1003.5,25.2,-3.314329969715448,13.293051449981151
2018-05-13 20:00:00,0.55,0.03,0.02,0.54,29.2,72.0,23.7,1004.3,25.2,-0.40134421207876314,11.492994510719601
2018-05-13 21:00:00,0.07,0.03,0.01,0.05,28.5,75.0,23.6,1005.2,20.5,1.1133848076805242,7.922144549932562
2018-05-13 22:00:00,0.17,0.04,0.01,0.15,28.0,77.0,23.6,1005.7,14.0,1.0811407922523495,5.086367523815789
2018-05-13 23:00:00,0.2,0.01,0.0,0.19,27.5,80.0,23.8,1005.5,9.0,0.3763024677635526,3.580278823325784
2018-05-14 00:00:00,0.1,0.0,0.0,0.1,27.5,78.0,23.3,1004.8,9.7,2.863776532993934,5.385980316439453
2018-05-14 01:00:00,0.05,0.0,0.01,0.04,27.2,77.0,22.8,1004.0,15.1,6.4653599816533305,5.821436275322065
2018-05-14 02:00:00,0.06,0.0,0.02,0.04,27.0,77.0,22.6,1003.2,15.1,6.461688179575121,5.048424097670396
2018-05-14 03:00:00,0.26,0.0,0.02,0.24,26.7,79.0,22.7,1003.1,14.0,5.766727053863696,3.603450996785794
2018-05-14 04:00:00,0.36,0.0,0.03,0.35,26.3,81.0,22.8,1003.4,11.5,3.195522749552796,2.87726160734309
2018-05-14 05:00:00,0.7,0.02,0.02,0.81,26.4,82.0,23.0,1003.6,7.6,2.1631599146222276,3.600102662948872
2018-05-14 06:00:00,0.66,0.02,0.01,0.66,27.0,79.0,23.1,1004.1,9.4,3.230844089787559,-2.5242120488352
2018-05-14 07:00:00,0.49,0.0,0.01,0.49,28.8,72.0,23.2,1004.9,14.8,2.500000000000002,-4.330127018922192
2018-05-14 08:00:00,0.13,0.02,0.02,0.11,31.0,63.0,23.2,1006.0,15.5,0.7059932828932153,-3.632020578756357
2018-05-14 09:00:00,0.2,0.12,0.14,0.07,33.0,56.0,23.0,1005.9,19.8,-1.4493866525741161,-5.4091846272187825
2018-05-14 10:00:00,0.35,0.13,0.17,0.25,34.5,50.0,22.6,1005.6,20.5,-2.490620541896063,-3.9858260519352022
2018-05-14 11:00:00,0.22,0.13,0.22,0.01,35.8,46.0,22.2,1004.7,22.7,-3.2693856872009626,-4.669166652447253
2018-05-14 12:00:00,0.44,0.41,0.18,0.05,34.8,50.0,22.7,1003.8,26.3,-8.939733772226367,2.5634274090980913
2018-05-14 13:00:00,0.52,0.0,0.16,0.47,33.2,56.0,23.4,1003.1,30.6,-3.269385687200962,4.669166652447254
2018-05-14 14:00:00,0.57,0.01,0.13,0.54,31.5,61.0,23.1,1002.5,32.4,-8.684621396487756,10.7246142681062
2018-05-14 15:00:00,0.43,0.01,0.23,0.35,32.3,60.0,23.5,1001.7,32.4,-7.288537128426668,10.031810730249347
2018-05-14 16:00:00,0.61,0.06,0.14,0.56,31.7,63.0,23.9,1001.8,28.4,-1.764079077228795,6.1520748540052415
2018-05-14 17:00:00,0.76,0.0,0.19,0.78,31.3,64.0,23.5,1002.3,18.0,-9.384699101423475,11.184248869537077
2018-05-14 18:00:00,0.84,0.0,0.07,0.83,30.0,68.0,23.5,1003.1,28.4,-5.405176495178691,8.650090580795544
2018-05-14 19:00:00,0.92,0.02,0.09,0.91,30.0,69.0,23.6,1003.9,18.0,-4.289848881466277,3.5996106142446203
2018-05-14 20:00:00,0.96,0.07,0.14,0.96,29.7,71.0,23.8,1004.9,11.2,-6.1385314081469815,1.4171916423663498
2018-05-14 21:00:00,0.98,0.04,0.1,0.98,29.2,75.0,24.2,1005.2,11.2,-3.6339580726595346,-1.1110124779463997
2018-05-14 22:00:00,0.98,0.06,0.05,0.98,28.4,81.0,24.8,1005.1,6.5,1.0895771993749126,-2.138415658052083
2018-05-14 23:00:00,0.86,0.06,0.04,0.86,28.0,83.0,24.8,1004.9,3.6,1.7677669529663693,-1.7677669529663684
2018-05-15 00:00:00,0.58,0.04,0.03,0.56,27.7,82.0,24.3,1004.5,4.0,1.7677669529663693,-1.7677669529663684
2018-05-15 01:00:00,0.66,0.02,0.03,0.66,27.1,84.0,24.1,1004.1,4.3,-2.2,-1.3471114790620887e-16
2018-05-15 02:00:00,0.89,0.03,0.02,0.89,26.9,86.0,24.3,1003.4,8.3,-2.545584412271571,-2.5455844122715714
2018-05-15 03:00:00,0.91,0.02,0.02,0.91,26.6,89.0,24.6,1003.2,6.5,-0.710739087062379,-2.1874299874788528
2018-05-15 04:00:00,0.96,0.04,0.04,0.96,26.4,90.0,24.7,1003.1,7.9,1.1511679911985121e-15,-4.7
2018-05-15 05:00:00,0.87,0.01,0.05,0.98,26.6,90.0,24.9,1003.6,10.4,-4.313351365237939,-4.31335136523794
2018-05-15 06:00:00,0.98,0.01,0.03,0.98,27.2,88.0,25.0,1004.4,12.6,-3.9597979746446654,-3.9597979746446663
2018-05-15 07:00:00,0.97,0.02,0.03,0.97,28.8,81.0,25.1,1005.3,12.6,-2.8678964048465336,-2.4930243101639276
2018-05-15 08:00:00,0.99,0.12,0.03,0.99,30.5,69.0,24.2,1005.8,18.0,-1.1257730727216144,-5.791600382341218
2018-05-15 09:00:00,0.94,0.15,0.13,0.93,32.0,59.0,23.1,1005.7,22.0,-1.3891854213354426,-7.878462024097664
2018-05-15 10:00:00,0.94,0.04,0.13,0.94,33.3,53.0,22.4,1004.9,25.6,-2.8649997592229792,-8.320563465273988
2018-05-15 11:00:00,0.96,0.11,0.07,0.95,35.1,46.0,21.9,1004.1,27.7,-4.995869326627525,-8.31452281681049
2018-05-15 12:00:00,0.94,0.1,0.17,0.93,34.7,47.0,21.5,1003.3,27.4,-11.193177262613872,-0.3908743630680121
2018-05-15 13:00:00,0.93,0.22,0.25,0.92,32.4,60.0,23.8,1002.2,34.6,-11.876090949353811,5.287576359985404
2018-05-15 14:00:00,0.9,0.25,0.1,0.89,32.5,58.0,23.4,1001.1,30.6,-10.771960632878907,5.727553065987869
2018-05-15 15:00:00,0.95,0.01,0.11,0.95,32.0,63.0,24.0,1000.5,28.1,-10.060016436106816,4.691062705321762
2018-05-15 16:00:00,0.97,0.01,0.11,0.97,32.0,63.0,24.1,1000.3,28.8,-9.71108730457179,9.377888001196464
2018-05-15 17:00:00,1.0,0.02,0.11,1.0,30.5,69.0,24.1,1001.2,31.7,-8.661379172793731,9.288192010563463
2018-05-15 18:00:00,1.0,0.0,0.15,1.0,29.6,73.0,24.3,1001.9,24.5,-6.782966582185025,10.855015630802253
2018-05-15 19:00:00,0.99,0.0,0.22,0.99,29.0,77.0,24.5,1002.5,25.2,-5.856477446640155,11.493984162029944
2018-05-15 20:00:00,0.99,0.0,0.14,0.99,28.8,78.0,24.5,1003.5,23.4,-1.423553631866102,8.987963899415753
2018-05-15 21:00:00,0.96,0.03,0.07,0.96,28.7,78.0,24.5,1004.0,16.2,-1.0164568432923032e-15,8.3
2018-05-15 22:00:00,0.97,0.05,0.05,0.96,28.4,79.0,24.5,1004.2,14.8,0.7212463965468092,6.862201078041086
2018-05-15 23:00:00,0.96,0.13,0.06,0.95,28.1,80.0,24.5,1004.1,12.6,2.5624408513775414,5.755336383148386
2018-05-16 00:00:00,0.6,0.19,0.09,0.52,27.8,82.0,24.4,1003.2,11.2,1.846908773958611,5.074340152243906
2018-05-16 01:00:00,0.8,0.14,0.09,0.76,27.5,83.0,24.3,1002.5,9.4,3.9858260519352022,2.490620541896064
2018-05-16 02:00:00,0.93,0.23,0.12,0.9,27.1,87.0,24.8,1001.7,7.9,0.3763024677635526,3.580278823325784
2018-05-16 03:00:00,0.98,0.43,0.15,0.98,26.0,89.0,24.1,1002.3,18.0,-11.19054989130337,2.175222547292611
2018-05-16 04:00:00,0.99,0.08,0.19,0.98,24.9,93.0,23.8,1002.4,20.9,-7.92059177557036,2.122316169840671
2018-05-16 05:00:00,0.99,0.15,0.15,0.92,26.0,90.0,24.2,1002.6,15.1,-4.6806636903626915,4.364789504399989
2018-05-16 06:00:00,0.95,0.09,0.06,0.95,26.5,87.0,24.2,1003.4,14.0,-5.3623071340531006,4.342310698243877
2018-05-16 07:00:00,0.96,0.34,0.07,0.96,27.9,80.0,24.0,1004.1,19.1,-2.153104870837043,8.635631963856369
2018-05-16 08:00:00,0.98,0.44,0.08,0.98,29.8,72.0,24.1,1004.9,24.5,-1.0243789400230068,9.746314574609078
2018-05-16 09:00:00,0.97,0.24,0.04,0.96,30.9,68.0,24.3,1005.4,24.1,-2.812054648812022,8.654614298285896
2018-05-16 10:00:00,0.95,0.26,0.08,0.94,32.0,64.0,24.4,1005.0,24.8,-2.8729692039356185,7.893418014601631
2018-05-16 11:00:00,0.95,0.33,0.19,0.94,33.2,59.0,24.2,1004.2,25.6,-3.5165801564034638,8.284543681071963
2018-05-16 12:00:00,0.91,0.2,0.2,0.9,33.7,57.0,24.0,1003.0,25.6,-4.716281451675525,7.547628055792192
2018-05-16 13:00:00,0.86,0.13,0.13,0.85,33.9,54.0,23.4,1001.8,27.7,-6.095202647831141,9.036509540849954
2018-05-16 14:00:00,0.93,0.29,0.23,0.9,32.5,60.0,23.6,1000.5,32.4,-9.00237835282498,9.65386886137305
2018-05-16 15:00:00,0.97,0.39,0.13,0.96,31.2,63.0,23.4,1000.6,32.0,-8.659760656738934,13.334862030332241
2018-05-16 16:00:00,0.97,0.23,0.19,0.97,31.0,66.0,23.8,1000.8,34.2,-3.537697627145113,11.57128754715273
2018-05-16 17:00:00,0.96,0.02,0.08,0.99,31.3,63.0,23.5,1001.1,25.9,-2.9219314286441156,7.232034065620941
2018-05-16 18:00:00,0.99,0.27,0.09,0.99,29.7,71.0,24.0,1002.0,15.1,-4.669166652447252,3.269385687200963
2018-05-16 19:00:00,0.99,0.32,0.1,0.99,28.7,80.0,25.0,1002.9,10.1,-2.878383839759834,0.35342109587492737
2018-05-16 20:00:00,0.98,0.04,0.05,0.98,28.5,85.0,25.6,1003.6,5.4,-2.180852323535913,3.2332465329646625
2018-05-16 21:00:00,0.96,0.0,0.01,0.96,28.2,81.0,24.6,1003.5,7.6,-1.8364363038995868,4.32637281122647
2018-05-16 22:00:00,0.96,0.0,0.01,0.96,27.8,83.0,24.5,1004.3,13.3,-3.9754388860199645,7.171881598543044
2018-05-16 23:00:00,0.95,0.0,0.01,0.95,27.4,87.0,24.9,1004.2,14.0,-8.327598234202001e-16,6.8
2018-05-17 00:00:00,0.97,0.0,0.01,0.97,26.8,88.0,24.7,1003.3,11.5,2.1631599146222276,3.600102662948872
2018-05-17 01:00:00,0.98,0.0,0.01,0.98,26.4,89.0,24.5,1002.7,6.8,0.3486229709906318,3.984778792366982
2018-05-17 02:00:00,0.99,0.02,0.0,0.99,26.0,91.0,24.5,1002.1,6.5,-0.716657125124198,2.499280409439629
2018-05-17 03:00:00,0.99,0.09,0.04,0.99,25.7,93.0,24.5,1002.4,11.5,-4.658019105832602,5.358438019581681
2018-05-17 04:00:00,0.98,0.19,0.0,0.98,25.8,91.0,24.2,1002.4,14.4,1.125773072721614,5.791600382341218
2018-05-17 05:00:00,0.98,0.09,0.02,1.0,25.9,92.0,24.4,1002.8,11.5,-2.535709570444197,5.437846722219899
2018-05-17 06:00:00,0.99,0.1,0.03,0.99,26.2,88.0,24.1,1003.2,12.2,0.7068421917498544,5.756767679519668
2018-05-17 07:00:00,1.0,0.07,0.03,1.0,27.6,80.0,23.8,1004.1,15.8,0.6794350112397477,6.4643923198937765
2018-05-17 08:00:00,1.0,0.08,0.0,1.0,29.5,70.0,23.4,1004.6,17.6,0.31924933308195574,6.0916401620029
2018-05-17 09:00:00,0.93,0.28,0.0,0.91,31.3,61.0,23.0,1005.2,20.5,3.239353783222647,6.092338390726596
2018-05-17 10:00:00,0.97,0.04,0.06,0.97,33.1,55.0,23.0,1004.8,21.2,1.4273391840380383,5.7247447850283795
2018-05-17 11:00:00,0.99,0.23,0.23,0.99,34.3,52.0,23.0,1004.2,25.9,-1.1455718280083869,9.329933825428427
2018-05-17 12:00:00,0.97,0.16,0.23,0.97,34.0,53.0,23.1,1003.2,28.1,-4.298042413382012,10.125553387976844
2018-05-17 13:00:00,0.81,0.42,0.24,0.73,32.1,60.0,23.4,1002.9,37.4,-1.185860053650134,16.958588854417012
2018-05-17 14:00:00,0.99,0.19,0.22,0.99,32.8,56.0,23.0,1001.6,37.4,1.5470212563612717,14.718924051450445
2018-05-17 15:00:00,0.99,0.09,0.19,0.99,32.5,58.0,23.1,1000.8,32.8,-1.3771235804781674,11.215771513546938
2018-05-17 16:00:00,0.99,0.45,0.24,0.99,31.6,61.0,23.1,1001.0,27.4,-4.645121758357312,11.497079796628164
2018-05-17 17:00:00,0.99,0.06,0.16,0.99,30.3,65.0,23.0,1002.1,30.6,-4.297864059424228,14.057679912656623
2018-05-17 18:00:00,0.98,0.0,0.06,0.98,29.1,70.0,23.1,1002.2,27.7,-2.1532374030699355,12.21161613735138
2018-05-17 19:00:00,0.98,0.03,0.03,0.98,28.2,74.0,23.2,1003.1,24.8,-1.6287802428659798e-15,13.3
2018-05-17 20:00:00,0.99,0.01,0.01,0.99,27.9,75.0,23.1,1003.8,24.1,-1.1455718280083869,9.329933825428427
2018-05-17 21:00:00,0.99,0.01,0.0,0.99,27.6,77.0,23.2,1004.8,19.8,-1.4083438190194562e-15,11.5
2018-05-17 22:00:00,1.0,0.0,0.0,1.0,27.0,79.0,23.1,1005.0,22.3,2.8941922360784895,10.093247807352348
2018-05-17 23:00:00,0.99,0.0,0.01,0.99,26.6,81.0,23.1,1004.7,18.4,1.4692292643993945,7.558529312547013
2018-05-18 00:00:00,0.98,0.13,0.14,0.98,26.3,83.0,23.1,1004.5,18.7,3.223124729125852,9.360633898433235
2018-05-18 01:00:00,0.99,0.0,0.0,0.99,26.1,84.0,23.2,1003.2,17.6,1.4539015490239415,2.1554976886431088
2018-05-18 02:00:00,0.97,0.01,0.04,0.97,25.9,85.0,23.2,1002.7,5.4,-0.6883116461770163,4.345828698618606
2018-05-18 03:00:00,0.98,0.1,0.01,0.97,25.8,86.0,23.2,1002.7,15.1,1.4692292643993945,7.558529312547013
2018-05-18 04:00:00,0.99,0.03,0.02,0.98,25.6,87.0,23.3,1002.4,13.7,0.7166571251241974,2.499280409439629
2018-05-18 05:00:00,1.0,0.0,0.06,1.0,25.6,87.0,23.2,1002.7,9.0,2.542346798541461,4.98963653545486
2018-05-18 06:00:00,0.99,0.0,0.0,0.99,26.3,83.0,23.2,1003.1,13.3,3.1997434936258236,5.772490067120012
2018-05-18 07:00:00,0.97,0.0,0.01,0.97,27.4,77.0,23.1,1003.9,18.4,6.18861855782673,5.379684037722159
2018-05-18 08:00:00,0.98,0.0,0.03,0.98,29.3,68.0,22.9,1004.3,20.5,6.149493427364155,4.6339756782707715
2018-05-18 09:00:00,0.97,0.0,0.35,0.96,31.4,59.0,22.4,1005.1,21.6,5.412017391981861,5.04678786446249
2018-05-18 10:00:00,0.95,0.08,0.81,0.91,32.7,53.0,21.9,1005.2,25.6,8.314522816810486,4.995869326627527
2018-05-18 11:00:00,0.96,0.02,0.78,0.93,33.4,50.0,21.5,1004.2,25.6,4.989636535454859,2.542346798541463
2018-05-18 12:00:00,0.96,0.02,0.52,0.95,34.0,47.0,21.2,1003.3,21.2,4.664264528860342,2.9145559532826275
2018-05-18 13:00:00,0.93,0.14,0.03,0.93,34.8,45.0,21.1,1001.7,23.8,-2.9047597471245066,8.939931253174443
2018-05-18 14:00:00,0.98,0.0,0.43,0.97,32.2,57.0,22.5,1001.4,33.1,-4.0330145504595105,8.268905225952336
2018-05-18 15:00:00,0.97,0.32,0.12,0.97,31.0,62.0,23.0,1001.7,25.9,7.5238580476870105,5.466402846320002
2018-05-18 16:00:00,0.99,0.0,0.68,0.99,30.7,63.0,22.8,1001.0,22.3,1.8467702839738933,6.440453362786736
2018-05-18 17:00:00,0.99,0.0,0.06,0.94,30.6,62.0,22.5,1001.1,18.7,-2.907803098047884,4.310995377286217
2018-05-18 18:00:00,0.94,0.0,0.04,0.94,29.8,65.0,22.6,1001.4,13.0,-2.1976149610516376,4.7128004925905795
2018-05-18 19:00:00,0.99,0.0,0.12,0.99,29.0,69.0,22.9,1002.1,10.8,0.3401837155791332,6.49109197590473
2018-05-18 20:00:00,0.97,0.0,0.28,0.97,28.6,71.0,22.9,1003.2,11.5,0.3766849582182765,5.386845871403051
2018-05-18 21:00:00,0.97,0.0,0.19,0.97,28.1,73.0,22.9,1003.8,9.0,2.1631599146222276,3.600102662948872
2018-05-18 22:00:00,0.99,0.0,0.04,0.99,27.9,72.0,22.4,1004.2,7.9,3.9858260519352022,2.490620541896064
2018-05-18 23:00:00,0.97,0.0,0.06,0.96,27.7,71.0,22.0,1004.0,8.3,4.679622242152313,2.488199282765221
2018-05-19 00:00:00,0.98,0.0,0.1,0.98,27.5,72.0,22.0,1003.3,11.5,6.119413440140796,2.472403516545021
2018-05-19 01:00:00,0.99,0.0,0.01,0.99,27.4,73.0,22.1,1002.6,12.2,5.734064310022941,4.015035054457325
2018-05-19 02:00:00,0.98,0.0,0.0,0.98,27.1,76.0,22.5,1001.6,13.7,6.876644452187052,4.996174644486023
2018-05-19 03:00:00,0.97,0.0,0.0,0.97,27.0,77.0,22.7,1001.3,16.6,8.314522816810486,4.995869326627527
2018-05-19 04:00:00,0.95,0.0,0.0,0.95,26.9,78.0,22.7,1001.6,16.6,7.212566884330648,4.683895701129232
2018-05-19 05:00:00,0.95,0.0,0.07,0.99,25.6,88.0,23.6,1002.3,14.8,1.460965714322057,3.616017032810471
2018-05-19 06:00:00,0.98,0.0,0.13,0.98,26.5,84.0,23.5,1002.6,7.9,2.8678964048465336,2.4930243101639276
2018-05-19 07:00:00,0.98,0.0,0.14,0.98,28.4,72.0,22.9,1003.0,13.7,5.377666356487366,2.1727182418122912
2018-05-19 08:00:00,0.99,0.0,0.0,0.99,30.6,62.0,22.5,1003.5,22.3,9.335804264972015,3.583679495453007
2018-05-19 09:00:00,1.0,0.0,0.0,1.0,32.5,54.0,22.0,1003.7,26.6,11.485038046337667,2.232465245905572
2018-05-19 10:00:00,1.0,0.0,0.0,1.0,34.1,48.0,21.5,1003.4,28.1,11.513535359039336,1.413684383499707
2018-05-19 11:00:00,0.99,0.02,0.2,0.99,35.1,45.0,21.4,1003.0,28.4,10.46617932785172,2.2246550917500296
2018-05-19 12:00:00,1.0,0.0,0.13,1.0,35.3,44.0,21.1,1002.1,27.0,7.548139798310009,3.203995253612045
2018-05-19 13:00:00,1.0,0.01,0.11,1.0,36.1,41.0,20.9,1001.0,22.0,3.269385687200963,4.669166652447253
2018-05-19 14:00:00,1.0,0.08,0.24,1.0,35.5,42.0,20.8,1000.4,23.4,1.0602632876247815,8.635151519279502
2018-05-19 15:00:00,0.99,0.0,0.2,0.99,34.2,49.0,22.0,999.5,23.0,-1.0237024846032394,8.337387673787106
2018-05-19 16:00:00,1.0,0.0,0.13,1.0,33.5,58.0,24.0,999.0,23.4,-6.524416300446453,8.980088637561915
2018-05-19 17:00:00,1.0,0.02,0.21,1.0,31.5,64.0,23.9,1000.1,26.3,-8.980256121069154,8.980256121069152
2018-05-19 18:00:00,1.0,0.06,0.15,1.0,30.9,68.0,24.4,1000.3,24.1,-4.6413010988072,6.881011852206846
2018-05-19 19:00:00,1.0,0.05,0.09,1.0,30.2,71.0,24.5,1001.3,14.8,-0.37668495821827785,5.386845871403051
2018-05-19 20:00:00,0.99,0.11,0.04,0.98,29.6,70.0,23.5,1002.2,9.4,2.4881992827652213,4.679622242152313
2018-05-19 21:00:00,0.96,0.0,0.02,0.96,29.5,66.0,22.5,1003.0,10.1,6.092338390726597,3.239353783222646
2018-05-19 22:00:00,0.97,0.0,0.03,0.97,28.6,70.0,22.5,1003.6,18.0,8.621990754572435,5.815606196095764
2018-05-19 23:00:00,0.92,0.0,0.1,0.91,28.1,72.0,22.5,1003.5,18.4,8.273435647318815,5.793122007145568
2018-05-20 00:00:00,0.41,0.04,0.05,0.4,28.0,72.0,22.5,1002.9,21.2,10.771960632878908,5.727553065987867
2018-05-20 01:00:00,0.13,0.1,0.08,0.04,27.6,74.0,22.5,1002.1,22.7,11.14504617410967,5.435802220184564
2018-05-20 02:00:00,0.37,0.09,0.04,0.32,27.4,75.0,22.5,1001.5,22.0,10.755332712974733,4.3454364836245825
2018-05-20 03:00:00,0.4,0.1,0.05,0.37,27.2,76.0,22.6,1001.7,21.6,11.48303924591558,4.407925779407199
2018-05-20 04:00:00,0.13,0.09,0.03,0.07,27.0,78.0,22.8,1001.7,21.6,10.091075553270363,2.515987714236545
2018-05-20 05:00:00,0.08,0.0,0.0,0.0,27.1,78.0,23.0,1001.8,18.7,8.96575228282571,0.7844016847289242
2018-05-20 06:00:00,0.19,0.0,0.0,0.19,27.6,76.0,23.0,1001.7,16.6,8.96575228282571,0.7844016847289242
2018-05-20 07:00:00,0.67,0.0,0.0,0.67,29.4,69.0,23.1,1002.5,20.9,9.329933825428428,1.1455718280083835
2018-05-20 08:00:00,0.84,0.0,0.0,0.84,31.5,59.0,22.5,1003.1,22.3,7.922144549932562,1.1133848076805266
2018-05-20 09:00:00,0.88,0.0,0.0,0.88,33.5,51.0,22.0,1003.7,21.6,4.685893304218873,1.4326213531414118
2018-05-20 10:00:00,0.88,0.04,0.07,0.87,35.2,45.0,21.7,1003.5,19.8,4.326372811226469,1.836436303899587
2018-05-20 11:00:00,0.9,0.24,0.14,0.89,36.7,42.0,21.7,1002.9,20.2,4.71280049259058,2.197614961051636
2018-05-20 12:00:00,0.51,0.34,0.17,0.4,37.5,40.0,21.6,1002.1,20.9,3.604268994871563,2.523736319944604
2018-05-20 13:00:00,0.55,0.52,0.26,0.03,37.0,41.0,21.5,1000.7,21.2,-4.012982057577929,3.6133052743378347
2018-05-20 14:00:00,0.77,0.0,0.25,0.72,33.7,56.0,23.5,1000.3,25.6,-3.9333692308670787,9.735430472951267
2018-05-20 15:00:00,0.54,0.01,0.28,0.45,35.2,45.0,21.6,999.2,27.4,0.7324429743133154,10.474422527728153
2018-05-20 16:00:00,0.5,0.0,0.28,0.44,34.5,44.0,20.7,999.1,27.0,6.86918957886705,4.292346040288961
2018-05-20 17:00:00,0.17,0.0,0.28,0.66,32.8,53.0,21.9,999.8,34.9,11.950293312656054,10.027486711110015
2018-05-20 18:00:00,0.6,0.0,0.16,0.57,31.2,59.0,22.2,1000.5,37.1,19.39498664258431,9.044030801250962
2018-05-20 19:00:00,0.81,0.0,0.13,0.8,29.2,65.0,22.0,1001.5,42.5,21.565707852085357,8.278299634496447
2018-05-20 20:00:00,0.87,0.0,0.05,0.87,28.1,72.0,22.5,1002.1,43.9,19.458518247787403,8.663490497514543
2018-05-20 21:00:00,0.92,0.0,0.04,0.92,28.0,72.0,22.5,1002.8,38.2,15.135340043512056,7.057724971069676
2018-05-20 22:00:00,0.97,0.0,0.02,0.97,27.8,73.0,22.5,1002.9,29.9,13.30215188522767,6.487892972478351
2018-05-20 23:00:00,0.98,0.0,0.01,0.98,27.5,74.0,22.5,1002.9,26.6,12.972345498524934,5.775660331676361
2018-05-21 00:00:00,0.97,0.0,0.0,0.97,27.2,76.0,22.5,1002.4,28.4,14.03886672645694,7.464597848295663
2018-05-21 01:00:00,0.96,0.0,0.01,0.96,27.2,75.0,22.4,1001.5,28.4,12.591881118531173,4.5830699205639585
2018-05-21 02:00:00,0.97,0.0,0.03,0.97,27.0,76.0,22.4,1001.0,23.4,10.438962181929405,1.8406706832694615
2018-05-21 03:00:00,0.99,0.0,0.07,0.99,26.8,77.0,22.4,1000.9,18.4,8.60769888645749,-1.8296228791962834
2018-05-21 04:00:00,0.98,0.0,0.05,0.99,26.4,78.0,22.2,1001.0,15.1,5.4091846272187825,-1.4493866525741135
2018-05-21 05:00:00,0.98,0.0,0.06,0.94,26.4,80.0,22.6,1002.2,9.4,5.78819864428265,2.2218812871808646
2018-05-21 06:00:00,0.98,0.02,0.11,0.98,27.0,77.0,22.6,1002.7,14.8,6.472135954999579,4.702282018339786
2018-05-21 07:00:00,0.99,0.03,0.12,0.99,29.0,68.0,22.5,1003.5,24.8,10.407974514958813,5.7692344809314084
2018-05-21 08:00:00,0.96,0.02,0.09,0.96,31.2,58.0,22.0,1004.0,29.9,13.029474273243602,4.233532822936781
2018-05-21 09:00:00,0.96,0.0,0.01,0.96,33.3,50.0,21.6,1003.7,31.7,13.6300991002129,2.1587956175551883
2018-05-21 10:00:00,0.98,0.0,0.01,0.98,35.3,43.0,21.0,1003.5,31.7,11.910553819695865,1.462432120861766
2018-05-21 11:00:00,0.98,0.0,0.24,0.98,36.8,39.0,20.5,1002.7,29.9,11.19054989130337,2.1752225472926088
2018-05-21 12:00:00,0.97,0.1,0.22,0.97,37.8,37.0,20.4,1001.7,31.0,11.88088766335554,3.1834742547610038
2018-05-21 13:00:00,0.98,0.09,0.59,0.97,36.8,37.0,19.9,1000.9,30.6,1.3929056662487764,7.165878439167947
2018-05-21 14:00:00,0.98,0.0,0.36,0.98,32.7,53.0,21.9,1001.0,28.1,-2.5624408513775427,5.755336383148385
2018-05-21 15:00:00,0.98,0.0,0.17,0.98,33.8,48.0,21.4,1000.4,27.4,-3.6154988341868854,11.127361240653295
2018-05-21 16:00:00,0.98,0.28,0.36,0.97,33.3,48.0,20.9,1000.4,29.5,8.32037999276248,8.92251515975388
2018-05-21 17:00:00,0.98,0.02,0.05,1.0,33.1,49.0,21.0,1001.1,27.0,-1.0557374790033027,10.04467114321956
2018-05-21 18:00:00,1.0,0.02,0.13,1.0,31.7,58.0,22.4,1001.5,19.8,-2.177535110954294,7.59396739791272
2018-05-21 19:00:00,1.0,0.0,0.04,1.0,30.8,67.0,24.0,1002.3,17.3,-1.0557374790033027,10.04467114321956
2018-05-21 20:00:00,1.0,0.0,0.06,1.0,30.1,69.0,23.8,1002.9,18.0,1.3766232923540305,8.691657397237213
2018-05-21 21:00:00,1.0,0.0,0.07,1.0,29.7,67.0,22.9,1003.7,15.5,1.7613968679371996,5.421022142882376
2018-05-21 22:00:00,0.99,0.0,0.06,0.99,29.5,66.0,22.5,1003.6,10.1,1.7918397477265022,4.667902132486008
2018-05-21 23:00:00,0.99,0.0,0.05,0.99,29.1,67.0,22.4,1003.6,11.5,5.362307134053097,4.342310698243882
2018-05-22 00:00:00,0.96,0.0,0.05,0.95,28.6,69.0,22.3,1002.7,15.1,7.97378114927437,3.2216167033768457
2018-05-22 01:00:00,0.89,0.0,0.05,0.89,28.1,72.0,22.5,1001.6,14.8,6.415246974156248,3.2687315981247385
2018-05-22 02:00:00,0.89,0.0,0.09,0.89,27.9,74.0,22.7,1001.4,13.3,7.160557646651569,0.7526049355271042
2018-05-22 03:00:00,0.96,0.0,0.11,0.95,27.6,75.0,22.8,1001.3,12.6,5.0229473419497435,-2.9000000000000004
2018-05-22 04:00:00,0.96,0.0,0.12,0.95,27.5,76.0,22.8,1001.5,11.5,7.190132650232932,0.376818884949199
2018-05-22 05:00:00,0.97,0.0,0.06,0.98,26.9,79.0,23.0,1002.1,15.5,5.050367150582008,0.7097828148963357
2018-05-22 06:00:00,0.98,0.0,0.06,0.97,27.7,76.0,23.1,1002.2,11.5,5.78587149150698,0.40458754771592836
2018-05-22 07:00:00,0.94,0.0,0.03,0.94,29.6,68.0,23.0,1002.8,15.1,5.756767679519667,-0.7068421917498565
2018-05-22 08:00:00,0.93,0.0,0.01,0.93,31.7,58.0,22.5,1003.3,16.9,3.1974091017491038,-1.4235782507652992
2018-05-22 09:00:00,0.95,0.0,0.17,0.95,33.7,51.0,22.0,1004.0,15.5,0.35355339059327373,0.35355339059327384
2018-05-22 10:00:00,0.96,0.0,0.15,0.96,34.7,46.0,21.5,1003.8,18.0,-1.0895771993749124,2.138415658052083
2018-05-22 11:00:00,0.94,0.01,0.04,0.94,36.2,42.0,21.2,1002.9,18.7,-2.187429987478853,0.7107390870623789
2018-05-22 12:00:00,0.98,0.07,0.33,0.97,34.8,46.0,21.4,1001.9,28.8,-8.661379172793731,9.288192010563463
2018-05-22 13:00:00,0.98,0.04,0.24,0.98,33.1,54.0,22.7,1001.4,36.0,4.292346040288959,6.869189578867051
2018-05-22 14:00:00,1.0,0.01,0.04,1.0,32.8,55.0,22.8,1001.0,26.6,1.7546182238821468,7.6000865053248345
2018-05-22 15:00:00,1.0,0.01,0.03,1.0,32.0,58.0,22.7,1000.0,22.7,0.7555899291119134,6.153786140176197
2018-05-22 16:00:00,1.0,0.08,0.08,1.0,33.0,53.0,22.3,1000.0,20.5,3.296985135816764,8.588939923774255
2018-05-22 17:00:00,1.0,0.08,0.14,1.0,33.6,49.0,21.4,1000.3,24.8,-4.679622242152313,2.4881992827652217
2018-05-22 18:00:00,0.99,0.0,0.12,0.99,31.7,62.0,23.5,1000.8,20.9,-9.325751537483653,7.551844692598047
2018-05-22 19:00:00,0.99,0.0,0.09,0.99,30.2,71.0,24.4,1001.6,24.8,-7.584893794301166,9.03932442880394
2018-05-22 20:00:00,0.99,0.03,0.1,0.99,30.1,74.0,24.9,1002.4,21.2,1.057715567296498,7.526037322435934
2018-05-22 21:00:00,0.99,0.0,0.04,0.99,30.0,70.0,24.0,1003.0,15.5,7.149742845404129,5.789747597658508
2018-05-22 22:00:00,0.99,0.01,0.05,0.99,29.4,68.0,22.8,1003.0,17.3,6.817795543758904,5.720809726210201
2018-05-22 23:00:00,0.95,0.04,0.06,0.95,28.8,72.0,23.1,1002.8,15.8,5.388744221607772,3.6347538725598527
2018-05-23 00:00:00,0.93,0.0,0.06,0.92,28.4,74.0,23.3,1002.1,11.9,6.486172749262467,2.8878301658381806
2018-05-23 01:00:00,0.57,0.03,0.06,0.55,28.0,76.0,23.3,1001.5,14.8,8.319851376878407,2.5436338310878126
2018-05-23 02:00:00,0.12,0.02,0.05,0.09,28.0,76.0,23.2,1000.9,16.6,9.353952621938257,2.1595301217011063
2018-05-23 03:00:00,0.12,0.07,0.1,0.03,27.5,77.0,23.2,1000.8,17.3,8.96575228282571,-0.784401684728921
2018-05-23 04:00:00,0.1,0.06,0.1,0.0,27.4,78.0,23.2,1001.1,15.5,6.430842427582553,-1.4846769586695083
2018-05-23 05:00:00,0.49,0.04,0.09,0.98,27.9,75.0,23.1,1001.6,11.9,2.4905416147351476,2.1649947956686737
2018-05-23 06:00:00,0.99,0.1,0.14,0.99,28.3,73.0,23.1,1002.2,10.4,4.71280049259058,2.197614961051636
2018-05-23 07:00:00,0.98,0.15,0.19,0.98,29.7,68.0,23.0,1003.1,15.8,6.1385314081469815,1.417191642366351
2018-05-23 08:00:00,0.97,0.12,0.21,0.96,31.6,61.0,23.3,1003.8,18.4,5.756767679519668,0.7068421917498535
2018-05-23 09:00:00,0.96,0.03,0.11,0.96,33.1,57.0,23.4,1003.8,18.0,3.616017032810471,-1.4609657143220567
2018-05-23 10:00:00,0.97,0.14,0.06,0.97,34.7,52.0,23.2,1003.4,19.4,4.366330768241984,-1.0886485301985036
2018-05-23 11:00:00,0.96,0.3,0.38,0.95,36.7,42.0,21.8,1002.4,23.4,7.210124886344506,-1.141971594793684
2018-05-23 12:00:00,0.98,0.25,0.35,0.97,37.3,40.0,21.5,1001.0,24.1,6.858073366652386,-1.837615220227894
2018-05-23 13:00:00,0.99,0.15,0.42,0.99,36.0,43.0,21.3,999.9,22.7,-6.467184310807045,2.101315561749642
2018-05-23 14:00:00,0.96,0.45,0.48,0.95,31.3,69.0,24.9,1000.5,25.9,3.96344440343055,3.2095339943541727
2018-05-23 15:00:00,1.0,0.03,0.24,1.0,32.2,60.0,23.4,999.6,21.2,5.387787044493737,5.777694242791448
2018-05-23 16:00:00,1.0,0.03,0.22,1.0,32.2,57.0,22.5,999.5,29.9,12.600359320321047,7.571059701177799
2018-05-23 17:00:00,0.98,0.04,0.18,0.98,31.9,57.0,22.4,999.6,29.5,1.8376152202278975,6.858073366652385
2018-05-23 18:00:00,0.99,0.04,0.07,0.99,30.6,63.0,22.8,1000.3,23.0,9.002378352824978,9.65386886137305
2018-05-23 19:00:00,0.99,0.1,0.18,0.99,29.1,68.0,22.6,1001.2,29.2,12.297560733739024,7.100000000000006
2018-05-23 20:00:00,1.0,0.01,0.23,1.0,28.7,71.0,22.9,1001.8,25.6,7.54709580222772,6.560590289905073
2018-05-23 21:00:00,1.0,0.02,0.4,1.0,28.5,73.0,23.2,1002.7,17.3,2.1631599146222276,3.600102662948872
2018-05-23 22:00:00,1.0,0.0,0.42,1.0,28.0,77.0,23.6,1002.5,10.1,5.0,9.184850993605148e-16
2018-05-23 23:00:00,1.0,0.01,0.35,1.0,27.8,78.0,23.6,1002.4,7.9,5.074340152243905,-1.8469087739586127
2018-05-24 00:00:00,0.99,0.01,0.45,0.99,27.3,82.0,23.9,1002.1,7.9,4.649263446279659,-3.6324027044213856
2018-05-24 01:00:00,0.99,0.01,0.33,0.99,26.4,92.0,25.0,1001.8,13.7,5.015905365124675,-3.6442685642133323
2018-05-24 02:00:00,0.99,0.01,0.56,0.99,26.3,94.0,25.3,1000.9,11.2,-2.485363104321589,-1.0549740469210391
2018-05-24 03:00:00,1.0,0.02,1.0,1.0,26.1,96.0,25.4,1000.6,6.8,-0.716657125124198,2.499280409439629
2018-05-24 04:00:00,1.0,0.0,0.98,1.0,26.0,97.0,25.5,1000.5,9.0,1.4214781741247573,4.374859974957706
2018-05-24 05:00:00,1.0,0.03,0.07,1.0,26.0,97.0,25.4,1000.5,7.6,0.3434561916777805,1.7669289302057951
2018-05-24 06:00:00,1.0,0.0,0.16,1.0,26.5,93.0,25.4,1001.0,7.6,1.0832670416736871,1.437543918085127
2018-05-24 07:00:00,0.98,0.0,0.03,0.98,28.0,81.0,24.5,1001.7,9.7,-0.7117525274902332,1.7616493236768958
2018-05-24 08:00:00,0.99,0.0,0.07,0.99,29.9,69.0,23.5,1002.4,11.2,-0.3399186938124423,1.0461621679246689
2018-05-24 09:00:00,1.0,0.0,0.08,1.0,31.6,61.0,23.0,1002.7,13.3,0.7263847995832747,1.4256104387013888
2018-05-24 10:00:00,1.0,0.0,0.13,1.0,33.2,55.0,22.9,1002.7,17.3,-1.0886485301985047,4.366330768241984
2018-05-24 11:00:00,1.0,0.09,0.13,1.0,34.7,51.0,23.0,1002.3,25.2,-3.2969851358167617,8.588939923774255
2018-05-24 12:00:00,1.0,0.01,0.29,0.99,33.5,56.0,23.6,1001.2,30.2,-11.202965117966421,4.300415394543603
2018-05-24 13:00:00,0.99,0.25,0.15,0.99,32.2,62.0,24.0,1000.6,29.9,5.0474726398892065,7.208537989743128
2018-05-24 14:00:00,1.0,0.0,0.18,1.0,32.3,60.0,23.5,999.4,24.5,-4.0150350544573215,5.734064310022943
2018-05-24 15:00:00,1.0,0.01,0.17,1.0,32.5,60.0,23.6,998.5,29.9,-6.094071538681858,9.7525531057989
2018-05-24 16:00:00,1.0,0.25,0.25,1.0,31.0,66.0,23.8,999.0,33.5,-8.227681403987706,9.805368871922918
2018-05-24 17:00:00,1.0,0.0,0.11,1.0,30.0,66.0,22.9,999.7,27.4,2.179154398749824,4.276831316104166
2018-05-24 18:00:00,1.0,0.0,0.11,1.0,29.5,68.0,23.0,1000.3,10.8,-6.613092715395707e-16,5.4
2018-05-24 19:00:00,0.99,0.01,0.17,0.99,29.2,68.0,22.6,1001.0,18.0,6.52441630044645,8.980088637561916
2018-05-24 20:00:00,0.99,0.03,0.27,0.99,28.8,67.0,22.1,1001.9,24.5,11.864548031846805,6.850000000000006
2018-05-24 21:00:00,0.99,0.01,0.26,0.99,28.0,72.0,22.6,1002.7,23.8,8.579697762932552,7.199221228489241
2018-05-24 22:00:00,1.0,0.0,0.24,1.0,27.9,73.0,22.5,1002.6,19.1,5.088655421583795,7.54424191025088
2018-05-24 23:00:00,1.0,0.0,0.27,1.0,27.6,74.0,22.5,1002.0,15.8,6.069785404556236,6.509047944410618
2018-05-25 00:00:00,1.0,0.0,0.42,1.0,27.6,74.0,22.6,1001.4,18.0,9.772803256173448,3.557009490586953
2018-05-25 01:00:00,1.0,0.0,0.52,1.0,27.5,76.0,22.8,1000.7,19.1,10.09324780735235,2.894192236078488
2018-05-25 02:00:00,1.0,0.0,0.45,1.0,27.4,76.0,22.8,1000.2,18.0,7.893769085249775,2.564841053312065
2018-05-25 03:00:00,1.0,0.0,0.71,1.0,27.1,77.0,22.8,999.5,14.4,5.420413862312147,3.938161190359571
2018-05-25 04:00:00,1.0,0.0,0.32,1.0,26.9,78.0,22.8,999.3,12.2,6.152074854005242,1.7640790772287929
2018-05-25 05:00:00,1.0,0.02,0.6,0.99,25.5,86.0,23.0,999.6,12.6,0.7059932828932155,3.632020578756357
2018-05-25 06:00:00,1.0,0.0,0.9,1.0,26.0,86.0,23.4,1000.6,15.1,1.7998053071223097,2.1449244407331385
2018-05-25 07:00:00,1.0,0.01,0.99,1.0,26.4,84.0,23.4,1001.1,9.4,2.8678964048465336,2.4930243101639276
2018-05-25 08:00:00,1.0,0.0,0.97,1.0,27.2,79.0,23.3,1002.0,11.2,2.179154398749824,4.276831316104166
2018-05-25 09:00:00,1.0,0.03,0.9,1.0,28.5,72.0,23.0,1002.7,13.0,0.6945927106677219,3.939231012048832
2018-05-25 10:00:00,1.0,0.0,0.91,0.99,30.0,64.0,22.5,1002.6,16.2,0.7097828148963341,5.050367150582008
2018-05-25 11:00:00,1.0,0.0,1.0,1.0,30.0,63.0,22.4,1002.1,20.5,1.8296228791962839,8.60769888645749
2018-05-25 12:00:00,1.0,0.06,0.99,0.98,29.6,66.0,22.6,1001.6,25.6,2.232465245905573,11.485038046337667
2018-05-25 13:00:00,0.97,0.0,0.48,0.94,29.4,68.0,22.9,1000.3,28.4,2.0492914920270224,12.938717261796304
2018-05-25 14:00:00,0.98,0.02,0.71,0.96,31.5,58.0,22.3,999.5,31.0,5.130092647056878,10.068373723328557
2018-05-25 15:00:00,0.96,0.13,0.71,0.92,31.6,57.0,22.1,998.7,27.7,10.114574148284923,6.077449283938642
2018-05-25 16:00:00,0.99,0.0,0.9,0.95,31.2,61.0,22.8,998.0,27.0,7.969557584733964,0.697245941981266
2018-05-25 17:00:00,1.0,0.0,0.93,1.0,29.9,65.0,22.6,999.6,18.7,11.47198657798798,-0.80219944805744
2018-05-25 18:00:00,0.97,0.0,0.5,0.96,29.0,69.0,22.8,1000.1,21.6,7.600086505324834,1.7546182238821488
2018-05-25 19:00:00,0.97,0.04,0.57,0.93,28.4,71.0,22.6,1000.9,14.4,7.172285669722765,2.192787785420528
2018-05-25 20:00:00,0.99,0.0,0.74,0.98,27.6,74.0,22.6,1001.4,13.3,2.8991378028648445,2.8991378028648453
2018-05-25 21:00:00,0.98,0.1,0.95,0.96,27.4,75.0,22.5,1002.1,11.2,3.6347538725598536,5.388744221607772
2018-05-25 22:00:00,0.96,0.14,0.9,0.92,27.2,75.0,22.4,1002.4,13.0,5.7378285357782115,1.7542302283364226
2018-05-25 23:00:00,0.94,0.11,0.41,0.92,27.2,75.0,22.4,1002.1,10.4,3.9634444034305507,-3.209533994354171
2018-05-26 00:00:00,0.92,0.06,0.42,0.9,26.9,78.0,22.7,1001.3,8.6,0.7166571251241973,-2.499280409439629
2018-05-26 01:00:00,0.94,0.07,0.42,0.92,26.7,80.0,22.9,1000.4,4.0,-1.453901549023942,-2.1554976886431088
2018-05-26 02:00:00,0.96,0.01,0.15,0.95,26.4,82.0,23.0,999.6,4.0,-2.1874299874788528,-0.7107390870623791
2018-05-26 03:00:00,0.49,0.02,0.02,0.48,26.0,86.0,23.5,999.2,4.3,-2.8512208774027776,1.4527695991665497
2018-05-26 04:00:00,0.7,0.11,0.14,0.67,25.6,86.0,23.0,999.3,6.8,1.0611580849203353,3.96029588778518
2018-05-26 05:00:00,0.88,0.01,0.01,0.85,25.3,80.0,21.7,999.7,7.2,-0.7423384793347545,-3.2154212137912763
2018-05-26 06:00:00,0.7,0.02,0.06,0.69,26.5,74.0,21.5,1000.7,9.0,1.4214781741247593,-4.3748599749577055
2018-05-26 07:00:00,0.16,0.05,0.06,0.13,28.0,68.0,21.6,1001.8,12.2,1.801725498392897,-2.8833635269318476
2018-05-26 08:00:00,0.47,0.0,0.07,0.44,29.8,62.0,21.8,1002.1,12.2,-0.710739087062379,-2.1874299874788528
2018-05-26 09:00:00,0.64,0.01,0.18,0.57,31.6,57.0,22.0,1002.4,19.1,-3.96029588778518,1.0611580849203355
2018-05-26 10:00:00,0.73,0.13,0.41,0.56,32.8,52.0,21.6,1002.4,21.2,-5.3623071340531006,4.342310698243877
2018-05-26 11:00:00,0.82,0.25,0.48,0.71,32.0,54.0,21.5,1001.9,25.6,-6.499602250042121,8.625263508510765
2018-05-26 12:00:00,0.88,0.03,0.25,0.85,32.1,57.0,22.6,1000.9,29.2,-8.980088637561916,6.52441630044645
2018-05-26 13:00:00,0.87,0.11,0.39,0.82,32.9,54.0,22.2,999.8,27.4,-6.772276228582243,8.668118289673941
2018-05-26 14:00:00,0.63,0.0,0.49,0.37,31.0,61.0,22.5,999.1,31.7,-5.094649670456406,12.609700422108308
2018-05-26 15:00:00,0.56,0.01,0.41,0.44,31.6,57.0,22.0,998.3,31.0,-1.8649195528648754,13.269592121137043
2018-05-26 16:00:00,0.97,0.01,0.38,0.96,30.4,63.0,22.6,998.4,29.9,-6.8005097616181445,9.024581263534412
2018-05-26 17:00:00,0.88,0.06,0.19,0.78,30.0,66.0,23.0,999.5,24.8,-7.805434885966029,14.081377284944272
2018-05-26 18:00:00,0.67,0.02,0.22,0.63,29.1,71.0,23.3,999.5,30.6,-4.311408416603484,9.683581851011567
2018-05-26 19:00:00,0.8,0.0,0.24,0.75,28.5,74.0,23.5,1000.5,19.1,-2.480736202352993,8.65135526344487
2018-05-26 20:00:00,0.87,0.06,0.28,0.82,28.3,76.0,23.7,1001.8,15.8,0.30013567164150773,8.594761112364223
2018-05-26 21:00:00,0.76,0.12,0.36,0.69,27.6,80.0,24.0,1003.0,18.7,-1.2368932671388266e-15,10.1
2018-05-26 22:00:00,0.81,0.1,0.29,0.78,27.2,84.0,24.2,1002.5,17.6,-1.4493866525741177,5.409184627218782
2018-05-26 23:00:00,0.96,0.05,0.45,0.95,26.9,87.0,24.5,1002.5,9.7,-0.34345619167778096,1.766928930205795
2018-05-27 00:00:00,0.92,0.05,0.46,0.91,27.0,87.0,24.6,1002.0,2.9,0.33991869381244205,1.046162167924669
2018-05-27 01:00:00,0.91,0.07,0.34,0.9,26.6,88.0,24.5,1000.9,2.9,0.7263847995832747,1.4256104387013888
2018-05-27 02:00:00,1.0,0.05,0.39,1.0,26.4,89.0,24.4,1000.2,5.8,2.507952682562337,1.822134282106667
2018-05-27 03:00:00,0.97,0.04,0.02,0.97,26.4,89.0,24.4,999.6,6.5,-0.36319239979163753,0.7128052193506943
2018-05-27 04:00:00,1.0,0.04,0.09,1.0,26.0,90.0,24.3,999.8,7.9,4.998560818879259,1.4333142502483942
2018-05-27 05:00:00,1.0,0.0,0.53,0.97,25.3,94.0,24.2,1000.2,16.2,1.7613968679371996,5.421022142882376
2018-05-27 06:00:00,0.99,0.0,0.77,0.98,26.0,90.0,24.1,1000.7,11.2,0.7263847995832747,1.4256104387013888
2018-05-27 07:00:00,0.98,0.02,0.24,0.97,27.1,84.0,24.1,1001.5,14.0,-1.0494494745709972,5.3989495089621515
2018-05-27 08:00:00,0.99,0.11,0.06,0.99,29.0,74.0,23.8,1002.4,16.9,2.1727182418122895,5.377666356487367
2018-05-27 09:00:00,0.99,0.04,0.02,0.99,31.1,63.0,23.2,1002.3,26.6,5.750175672340508,4.333068166694748
2018-05-27 10:00:00,1.0,0.07,0.14,0.99,32.3,58.0,22.9,1002.2,27.4,9.353074360871934,5.400000000000005
2018-05-27 11:00:00,1.0,0.17,0.15,1.0,33.2,53.0,22.3,1001.6,29.5,10.031810730249347,7.288537128426668
2018-05-27 12:00:00,1.0,0.21,0.18,1.0,34.0,50.0,22.0,1000.6,29.5,7.582869291715809,10.062807426595889
2018-05-27 13:00:00,0.99,0.2,0.18,0.99,34.5,48.0,21.9,999.7,33.1,6.478707566445294,12.184676781453192
2018-05-27 14:00:00,0.95,0.19,0.25,0.94,34.8,47.0,22.0,998.8,32.8,4.298042413382009,10.125553387976844
2018-05-27 15:00:00,0.94,0.36,0.29,0.93,33.5,50.0,21.9,997.9,28.1,8.741911491736934,10.4182044264181
2018-05-27 16:00:00,0.83,0.29,0.29,0.8,33.0,53.0,22.1,997.6,32.8,10.037703143554758,11.547056577408414
2018-05-27 17:00:00,0.77,0.34,0.55,0.96,30.5,64.0,23.0,999.1,33.8,8.306962106085987,2.2258437878816775
2018-05-27 18:00:00,0.91,0.14,0.25,0.9,30.5,63.0,22.6,999.5,17.3,4.716281451675523,7.547628055792193
2018-05-27 19:00:00,0.94,0.14,0.16,0.93,29.4,65.0,22.2,1000.9,21.2,7.8408038236912985,7.57177623800307
2018-05-27 20:00:00,0.9,0.0,0.17,0.89,28.4,70.0,22.4,1001.4,19.4,3.6324027044213834,4.64926344627966
2018-05-27 21:00:00,0.99,0.0,0.94,0.84,27.9,71.0,22.2,1002.1,15.5,0.3385251180142587,9.694091022085228
2018-05-27 22:00:00,0.91,0.0,0.27,0.88,27.5,75.0,22.6,1002.4,24.5,4.330056454280185,12.575397055470914
2018-05-27 23:00:00,0.95,0.0,0.17,0.95,26.9,79.0,22.9,1002.0,24.1,2.9514471263159434,11.837607860567156
2018-05-28 00:00:00,0.9,0.0,0.02,0.9,26.5,82.0,23.1,1001.5,21.6,4.600821315301731,8.652886410017484
2018-05-28 01:00:00,0.91,0.0,0.03,0.91,26.5,80.0,22.9,1001.0,24.1,9.002378352824978,9.65386886137305
2018-05-28 02:00:00,0.98,0.0,0.04,0.98,26.4,82.0,23.0,1000.1,24.5,8.679160172561879,7.544678833390834
2018-05-28 03:00:00,1.0,0.0,0.04,1.0,26.0,84.0,23.2,999.7,20.9,6.86918957886705,4.292346040288961
2018-05-28 04:00:00,1.0,0.02,0.08,1.0,25.5,87.0,23.2,1000.0,14.4,0.7555899291119134,6.153786140176197
2018-05-28 05:00:00,1.0,0.03,0.15,0.97,25.2,88.0,23.0,1000.6,11.5,-7.470345474798854e-16,6.1
2018-05-28 06:00:00,0.97,0.04,0.19,0.96,26.1,85.0,23.3,1001.1,12.2,1.4273391840380383,5.7247447850283795
2018-05-28 07:00:00,0.9,0.03,0.17,0.89,27.6,79.0,23.5,1001.7,18.7,4.361704647071824,6.466493065929326
2018-05-28 08:00:00,0.97,0.03,0.22,0.96,29.5,69.0,23.3,1002.1,18.7,3.9641832724372423,2.880147736233119
2018-05-28 09:00:00,0.82,0.16,0.23,0.76,31.5,61.0,23.0,1002.0,20.5,5.358438019581681,4.658019105832602
2018-05-28 10:00:00,0.81,0.28,0.25,0.72,33.4,53.0,22.5,1001.8,33.1,11.468128620045881,8.03007010891465
2018-05-28 11:00:00,0.88,0.32,0.21,0.85,34.5,47.0,21.7,1001.4,35.3,13.971827001444428,8.395120621033886
2018-05-28 12:00:00,0.79,0.24,0.28,0.72,36.2,41.0,20.9,1000.1,42.8,14.400502499874063,10.462577490806025
2018-05-28 13:00:00,0.94,0.01,0.45,0.92,35.8,40.0,20.4,999.3,44.6,16.61161860898369,12.517752481562605
2018-05-28 14:00:00,0.52,0.02,0.24,0.42,35.8,40.0,20.0,998.3,47.9,20.64303555662054,13.923903296421589
2018-05-28 15:00:00,0.93,0.22,0.37,0.91,34.2,46.0,20.8,998.0,55.4,26.610176626066796,10.751209231036682
2018-05-28 16:00:00,0.98,0.0,0.19,0.98,31.8,56.0,21.8,998.2,56.5,25.944690997049868,11.551320663352723
2018-05-28 17:00:00,1.0,0.0,0.08,0.96,30.8,62.0,22.6,998.7,54.4,24.16036358427231,6.023855200431727
2018-05-28 18:00:00,0.95,0.0,0.11,0.95,29.2,69.0,22.9,999.6,46.4,19.07576020195394,6.943008909511072
2018-05-28 19:00:00,0.96,0.0,0.05,0.96,28.7,69.0,22.4,1000.6,43.2,18.806783727895144,9.999744287339473
2018-05-28 20:00:00,0.86,0.0,0.11,0.85,29.0,65.0,21.6,1001.3,42.8,20.76045201358897,10.577978643931445
2018-05-28 21:00:00,0.79,0.01,0.11,0.78,28.9,64.0,21.4,1002.2,44.6,23.022469209254755,8.379493511478879
2018-05-28 22:00:00,0.13,0.0,0.03,0.1,28.5,67.0,21.9,1002.6,46.1,23.71294283302892,9.102545918450637
2018-05-28 23:00:00,0.07,0.0,0.02,0.05,28.0,70.0,22.0,1002.3,50.4,25.497556000586652,10.301681318937588
2018-05-29 00:00:00,0.35,0.0,0.02,0.34,27.5,73.0,22.1,1001.3,52.2,24.570372146019864,9.927074725521676
2018-05-29 01:00:00,0.54,0.0,0.01,0.54,27.4,70.0,21.5,1000.1,48.2,21.301418897290255,10.389396178901142
2018-05-29 02:00:00,0.86,0.0,0.03,0.86,27.2,73.0,22.0,999.8,45.7,21.286007213526293,13.300973532253446
2018-05-29 03:00:00,0.53,0.0,0.01,0.53,27.2,75.0,22.4,999.5,46.8,21.34346578748259,12.824448065260354
2018-05-29 04:00:00,0.37,0.0,0.03,0.36,27.2,74.0,22.2,999.6,45.7,22.275163104709193,11.349762493488674
2018-05-29 05:00:00,0.68,0.0,0.02,0.9,27.1,73.0,22.0,1000.0,46.4,19.51183091379151,7.489890145496784
2018-05-29 06:00:00,0.83,0.0,0.01,0.83,27.9,71.0,22.1,1000.7,49.3,24.394379250462375,8.399658384994641
2018-05-29 07:00:00,0.2,0.0,0.03,0.18,29.0,67.0,22.3,1001.3,49.3,24.80788518874798,9.02933178379765
2018-05-29 08:00:00,0.03,0.02,0.03,0.0,30.7,60.0,22.1,1001.6,55.1,27.295322017670905,8.868787738560995
2018-05-29 09:00:00,0.03,0.02,0.02,0.0,32.3,50.0,20.6,1001.8,59.0,28.402251252102147,8.683439630265292
2018-05-29 10:00:00,0.4,0.4,0.04,0.0,33.9,46.0,20.6,1001.8,67.0,33.15104146482015,4.070436069731915
2018-05-29 11:00:00,0.06,0.06,0.01,0.0,34.2,47.0,21.2,1001.3,65.5,24.194510325864794,7.397004129485249
2018-05-29 12:00:00,0.52,0.07,0.05,0.48,35.0,45.0,21.4,1000.2,58.3,26.154906747305755,12.756600371562163
2018-05-29 13:00:00,0.41,0.01,0.06,0.37,35.3,43.0,20.8,999.1,60.8,27.062842691501743,11.48749517758465
2018-05-29 14:00:00,0.43,0.04,0.11,0.39,35.2,46.0,21.7,998.2,60.1,22.276217453549055,9.455693309440427
2018-05-29 15:00:00,0.1,0.0,0.1,0.01,34.9,47.0,21.9,997.6,49.7,18.744603070797222,5.374928438431478
2018-05-29 16:00:00,0.38,0.0,0.33,0.09,35.0,39.0,19.0,997.6,41.0,20.187694705785734,0.7049698333905153
2018-05-29 17:00:00,0.26,0.0,0.02,0.66,31.5,57.0,22.0,999.2,40.7,19.41655749849459,10.762773569468678
2018-05-29 18:00:00,0.27,0.0,0.03,0.25,29.6,65.0,22.4,999.3,41.8,20.957814771583408,12.10000000000001
2018-05-29 19:00:00,0.38,0.0,0.01,0.37,28.8,67.0,22.1,1000.2,47.5,22.652650414910354,12.556569164380123
2018-05-29 20:00:00,0.31,0.0,0.0,0.31,28.2,70.0,22.3,1001.4,47.5,21.47743001385407,12.400000000000011
2018-05-29 21:00:00,0.37,0.0,0.01,0.36,28.1,70.0,22.1,1002.1,45.4,19.780344836981765,10.078589094217943
2018-05-29 22:00:00,0.91,0.0,0.0,0.9,28.0,71.0,22.1,1002.0,42.8,22.345130895059576,9.028018901323486
2018-05-29 23:00:00,0.95,0.0,0.02,0.95,27.6,73.0,22.3,1001.7,45.4,20.132986637101336,9.819513688075341
2018-05-30 00:00:00,0.95,0.0,0.01,0.95,27.5,73.0,22.1,1001.2,40.7,18.450958705879067,7.454671208976654
2018-05-30 01:00:00,0.97,0.0,0.06,0.97,27.5,73.0,22.1,1000.3,36.4,18.450958705879067,7.454671208976654
2018-05-30 02:00:00,0.98,0.0,0.09,0.97,27.5,72.0,22.0,999.7,36.0,16.49480172406703,7.691652363680724
2018-05-30 03:00:00,0.94,0.0,0.27,0.93,27.6,72.0,22.2,999.3,38.5,19.422652407846492,8.24442681112368
2018-05-30 04:00:00,0.95,0.0,0.27,0.94,27.4,72.0,21.9,999.2,38.5,18.450958705879067,7.454671208976654
2018-05-30 05:00:00,0.9,0.01,0.35,0.0,27.4,74.0,22.4,999.7,36.0,12.887067948334163,5.470235798849833
2018-05-30 06:00:00,0.12,0.0,0.12,0.01,27.6,75.0,22.8,1000.2,28.1,13.685247584253416,6.381535752284557
2018-05-30 07:00:00,0.26,0.0,0.22,0.06,29.2,69.0,23.0,1000.5,32.8,13.992793586581028,8.743667859847882
2018-05-30 08:00:00,0.82,0.0,0.01,0.81,31.5,60.0,22.8,1000.9,35.3,14.790708301526907,7.53624229567648
2018-05-30 09:00:00,0.91,0.0,0.0,0.91,33.7,51.0,22.2,1001.0,38.9,17.245619694942246,6.967682637535969
2018-05-30 10:00:00,0.97,0.0,0.0,0.97,34.7,47.0,21.6,1001.1,51.5,24.846436652023495,5.736251885768564
2018-05-30 11:00:00,0.96,0.0,0.0,0.96,35.7,44.0,21.4,1000.6,53.3,25.210664066144684,6.755177077175789
2018-05-30 12:00:00,0.96,0.0,0.01,0.96,35.8,43.0,21.2,1000.0,56.5,26.34426550137575,8.559770744186046
2018-05-30 13:00:00,0.54,0.0,0.0,0.54,35.0,47.0,21.9,999.3,61.2,29.197435050261213,9.48682172731089
2018-05-30 14:00:00,0.59,0.0,0.05,0.58,35.7,44.0,21.7,998.6,63.0,30.568121930838544,8.765267914980564
2018-05-30 15:00:00,0.9,0.0,0.13,0.89,35.0,45.0,21.4,998.2,63.4,31.004442431222007,10.073954016623292
2018-05-30 16:00:00,0.93,0.0,0.1,0.93,33.0,52.0,21.8,998.3,63.7,30.528079946458494,11.718631950131334
2018-05-30 17:00:00,0.88,0.0,0.26,0.81,31.8,55.0,21.8,998.7,62.6,25.59027438604333,10.33914197827918
2018-05-30 18:00:00,0.69,0.0,0.17,0.64,30.1,62.0,22.0,999.0,51.5,23.36503313508304,9.440086154080989
2018-05-30 19:00:00,0.77,0.04,0.2,0.73,29.5,64.0,22.0,999.7,47.2,21.652375381224353,7.455510737068887
2018-05-30 20:00:00,0.86,0.02,0.21,0.84,29.2,66.0,22.2,1000.8,43.9,22.692445814383603,7.813635706971759
2018-05-30 21:00:00,0.83,0.0,0.28,0.77,29.0,68.0,22.5,1001.8,43.9,21.969405526418047,7.138292570061289
2018-05-30 22:00:00,0.79,0.0,0.35,0.69,29.0,68.0,22.6,1002.4,42.1,20.895960520744904,7.195056213503162
2018-05-30 23:00:00,0.97,0.0,0.27,0.96,28.9,69.0,22.8,1002.0,41.0,21.588982919899983,7.014685772311309
2018-05-31 00:00:00,0.95,0.0,0.2,0.94,28.8,70.0,22.8,1001.4,41.8,21.916766667393674,6.284531712627575
2018-05-31 01:00:00,0.95,0.0,0.2,0.94,28.4,72.0,22.9,1000.7,41.8,20.187849769441527,5.40931804264268
2018-05-31 02:00:00,0.96,0.0,0.15,0.96,28.3,72.0,22.9,1000.3,37.8,20.182151106540726,5.03197542847309
2018-05-31 03:00:00,0.97,0.01,0.3,0.96,28.1,73.0,22.8,1000.2,37.4,17.975593714046564,5.154418553777879
2018-05-31 04:00:00,0.98,0.0,0.43,0.98,28.0,73.0,22.8,1000.4,33.5,15.476313304606938,4.437761428653682
2018-05-31 05:00:00,0.93,0.01,0.16,0.03,27.9,73.0,22.6,1000.5,28.4,15.164854596867178,6.7518282750582825
2018-05-31 06:00:00,0.15,0.01,0.15,0.0,28.5,71.0,22.7,1001.3,29.2,14.410293813882737,6.719630361677117
2018-05-31 07:00:00,0.3,0.0,0.07,0.25,30.0,64.0,22.6,1001.9,36.0,17.9749681579784,5.840421193686509
2018-05-31 08:00:00,0.52,0.0,0.06,0.49,32.1,56.0,22.1,1002.6,41.8,19.781975538939193,6.42755348299891
2018-05-31 09:00:00,0.6,0.0,0.02,0.59,34.0,48.0,21.5,1002.7,44.6,20.4477151003458,6.643865379061372
2018-05-31 10:00:00,0.7,0.0,0.0,0.7,35.7,42.0,20.8,1002.3,47.2,21.63673850887513,5.797546610296462
2018-05-31 11:00:00,0.35,0.0,0.16,0.31,37.0,38.0,20.3,1001.7,47.5,20.182151106540726,5.03197542847309
2018-05-31 12:00:00,0.54,0.0,0.34,0.4,36.7,40.0,20.8,1001.3,45.4,18.726707517126734,4.669092585073589
2018-05-31 13:00:00,0.62,0.0,0.21,0.58,37.3,37.0,20.1,1000.2,42.1,17.213440759560633,7.30667210274942
2018-05-31 14:00:00,0.64,0.0,0.29,0.59,36.0,42.0,20.9,999.6,42.8,17.949844642322585,7.61925700554084
2018-05-31 15:00:00,0.53,0.02,0.44,0.37,34.8,48.0,22.1,999.3,42.8,19.39498664258431,9.044030801250962
2018-05-31 16:00:00,0.32,0.01,0.22,0.21,34.5,47.0,21.7,999.1,47.9,24.156835513896898,7.849031657123668
2018-05-31 17:00:00,0.29,0.05,0.22,0.07,33.2,50.0,21.5,999.7,49.7,21.565707852085357,8.278299634496447
2018-05-31 18:00:00,0.13,0.01,0.11,0.02,31.1,58.0,22.0,1000.0,43.9,19.06753961763107,9.715396694426305
2018-05-31 19:00:00,0.29,0.0,0.19,0.13,29.8,62.0,21.9,1001.1,42.5,21.23251026957943,8.578490989224392
2018-05-31 20:00:00,0.49,0.0,0.31,0.28,29.4,65.0,22.1,1002.2,41.8,17.99684551555924,8.01271186859326
2018-05-31 21:00:00,0.91,0.0,0.27,0.87,29.0,67.0,22.4,1002.9,36.0,16.63255938791058,6.053756536864333
2018-05-31 22:00:00,0.97,0.0,0.21,0.96,28.6,69.0,22.5,1003.0,32.4,12.972345498524934,5.775660331676361
2018-05-31 23:00:00,0.95,0.0,0.2,0.94,28.4,71.0,22.5,1003.6,25.9,10.483382099317803,6.807987937687837
2018-06-01 00:00:00,0.95,0.0,0.3,0.93,28.0,72.0,22.6,1003.4,22.3,7.199221228489239,8.579697762932554
2018-06-01 01:00:00,0.95,0.0,0.36,0.94,27.9,74.0,22.8,1002.6,25.2,9.6873629022557,9.687362902255703
2018-06-01 02:00:00,0.94,0.0,0.13,0.93,27.7,75.0,22.9,1001.7,25.2,6.52441630044645,8.980088637561916
2018-06-01 03:00:00,0.04,0.0,0.04,0.0,27.3,77.0,23.0,1001.3,19.8,2.8729692039356167,7.8934180146016315
2018-06-01 04:00:00,0.05,0.01,0.02,0.03,26.7,81.0,23.1,1001.5,16.2,1.0237024846032374,8.337387673787106
2018-06-01 05:00:00,0.24,0.0,0.03,0.91,26.4,82.0,23.1,1002.2,14.8,2.116193003971519,6.145870741395559
2018-06-01 06:00:00,0.88,0.0,0.02,0.88,27.0,80.0,23.2,1002.7,14.0,1.8467702839738933,6.440453362786736
2018-06-01 07:00:00,0.89,0.0,0.01,0.89,28.5,73.0,23.1,1003.2,17.6,0.6794350112397477,6.4643923198937765
2018-06-01 08:00:00,0.68,0.0,0.0,0.68,30.6,64.0,23.0,1003.6,20.2,1.4846769586695088,6.430842427582553
2018-06-01 09:00:00,0.6,0.01,0.0,0.6,32.9,56.0,23.0,1003.8,25.2,4.366085533908786,8.21141261358802
2018-06-01 10:00:00,0.95,0.57,0.07,0.88,35.2,49.0,22.8,1003.8,37.1,10.434574908956225,11.18971163477331
2018-06-01 11:00:00,0.91,0.01,0.18,0.89,35.5,48.0,22.6,1003.3,38.2,9.38459713474939,6.81830892659269
2018-06-01 12:00:00,0.12,0.06,0.05,0.09,37.0,42.0,21.9,1002.0,33.5,8.68301166946331,6.0799102253210915
2018-06-01 13:00:00,0.3,0.16,0.3,0.14,36.7,41.0,21.4,1001.1,35.6,14.754994224249398,2.0736792043049808
2018-06-01 14:00:00,0.49,0.16,0.23,0.4,34.3,49.0,22.0,1001.1,35.3,14.021187122267001,6.8385898899096125
2018-06-01 15:00:00,0.8,0.0,0.18,0.78,33.7,51.0,22.1,1000.0,42.1,18.738961030007925,5.0210894749889
2018-06-01 16:00:00,0.09,0.0,0.08,0.03,34.5,47.0,21.5,999.1,40.0,18.735813371014522,6.087634789186467
2018-06-01 17:00:00,0.06,0.0,0.05,0.99,33.0,54.0,22.4,999.8,46.8,12.944271909999157,9.404564036679572
2018-06-01 18:00:00,0.97,0.0,0.06,0.97,31.6,59.0,22.5,1000.1,33.5,15.773694588509525,9.856498314737614
2018-06-01 19:00:00,0.95,0.0,0.05,0.95,30.1,63.0,22.3,1000.7,35.6,18.699883153639576,6.806200852180804
2018-06-01 20:00:00,0.2,0.0,0.07,0.15,29.5,66.0,22.6,1001.9,37.1,16.63255938791058,6.053756536864333
2018-06-01 21:00:00,0.09,0.0,0.04,0.05,28.9,69.0,22.7,1002.5,32.0,15.086144492357175,9.064670118416958
2018-06-01 22:00:00,0.3,0.0,0.03,0.28,28.4,70.0,22.5,1003.1,36.4,15.818775214865337,7.715332183487769
2018-06-01 23:00:00,0.02,0.0,0.02,0.0,28.2,71.0,22.5,1003.0,31.7,12.635916632730748,7.895797037074755
2018-06-02 00:00:00,0.17,0.01,0.02,0.15,27.9,73.0,22.6,1002.6,29.9,13.992793586581028,8.743667859847882
2018-06-02 01:00:00,0.19,0.02,0.04,0.16,27.8,74.0,22.6,1002.0,30.2,14.021187122267001,6.8385898899096125
2018-06-02 02:00:00,0.19,0.01,0.09,0.15,27.5,76.0,22.9,1001.7,28.4,12.979329615026225,6.901231972952593
2018-06-02 03:00:00,0.45,0.0,0.34,0.17,27.4,78.0,23.2,1001.2,27.0,13.351447505761737,5.394334945189137
2018-06-02 04:00:00,0.11,0.0,0.1,0.01,27.4,77.0,23.0,1001.3,25.9,13.710019346190094,4.720738239628771
2018-06-02 05:00:00,0.13,0.0,0.0,0.96,27.2,77.0,22.8,1001.8,28.1,5.379684037722157,6.1886185578267305
2018-06-02 06:00:00,0.97,0.0,0.0,0.97,27.7,75.0,22.9,1002.1,16.6,2.153104870837041,8.635631963856369
2018-06-02 07:00:00,0.96,0.04,0.08,0.95,28.8,71.0,23.0,1003.2,19.4,2.921931428644114,7.232034065620942
2018-06-02 08:00:00,0.98,0.0,0.01,0.98,30.4,65.0,23.0,1003.0,19.1,-0.7352419856890856,4.6421352007971475
2018-06-02 09:00:00,0.99,0.0,0.01,0.99,32.7,56.0,22.7,1003.4,18.7,0.3278554265973888,4.688551036221174
2018-06-02 10:00:00,0.95,0.09,0.14,0.94,34.4,51.0,22.7,1003.9,27.0,6.85893577750951,6.858935777509512
2018-06-02 11:00:00,0.93,0.03,0.02,0.93,34.5,51.0,22.9,1003.0,28.8,5.074340152243905,-1.8469087739586127
2018-06-02 12:00:00,0.97,0.61,0.17,0.93,34.0,53.0,23.1,1002.6,30.6,14.392294811707119,3.8564037720275572
2018-06-02 13:00:00,1.0,0.11,0.06,1.0,32.7,57.0,23.1,1001.9,37.4,5.793122007145566,8.273435647318816
2018-06-02 14:00:00,0.99,0.84,0.4,0.98,29.5,75.0,24.6,1001.8,35.6,11.855237287537099,7.996458519631676
2018-06-02 15:00:00,1.0,0.0,0.0,1.0,31.5,64.0,23.9,1000.4,29.2,10.403230962470193,7.2844207416582885
2018-06-02 16:00:00,0.97,0.06,0.03,0.96,31.5,59.0,22.7,1000.5,41.4,17.673001847214675,8.241056103943635
2018-06-02 17:00:00,0.95,0.09,0.08,0.96,31.6,58.0,22.4,1000.7,37.8,19.07576020195394,6.943008909511072
2018-06-02 18:00:00,0.95,0.09,0.1,0.94,30.5,62.0,22.4,1001.0,37.4,15.943304207740809,9.962482167584255
2018-06-02 19:00:00,0.97,0.05,0.07,0.96,29.6,66.0,22.5,1002.0,37.4,18.335398544503,8.942771394497186
2018-06-02 20:00:00,0.97,0.03,0.1,0.97,28.9,70.0,22.9,1002.6,38.5,19.791905041740673,7.597400530360375
2018-06-02 21:00:00,0.98,0.03,0.07,0.98,28.6,71.0,22.9,1002.9,38.5,18.699883153639576,6.806200852180804
2018-06-02 22:00:00,0.98,0.11,0.05,0.98,28.6,71.0,22.8,1003.6,36.7,19.496658584050646,6.334848384686425
2018-06-02 23:00:00,0.98,0.23,0.14,0.97,28.3,73.0,23.0,1004.1,41.0,21.6124874847646,6.607600526733859
2018-06-03 00:00:00,0.98,0.19,0.01,0.98,27.8,75.0,23.0,1003.0,41.0,18.33858922661633,4.5723238268337205
2018-06-03 01:00:00,0.97,0.05,0.01,0.97,27.4,76.0,22.9,1002.1,33.8,13.649916082324129,3.914050452601384
2018-06-03 02:00:00,0.87,0.06,0.08,0.87,27.0,77.0,22.6,1001.9,27.7,15.492484030085238,3.576721764067458
2018-06-03 03:00:00,0.61,0.12,0.26,0.53,27.2,76.0,22.6,1002.0,34.6,18.726707517126734,4.669092585073589
2018-06-03 04:00:00,0.9,0.14,0.29,0.84,27.0,76.0,22.4,1001.8,35.3,13.31479122813215,4.326237921249266
2018-06-03 05:00:00,0.85,0.03,0.19,0.96,28.0,73.0,22.7,1002.3,24.8,19.04356735888468,3.701694510304965
2018-06-03 06:00:00,0.91,0.0,0.04,0.91,28.2,71.0,22.6,1002.0,35.6,14.093194589415166,5.694020219921867
2018-06-03 07:00:00,0.81,0.0,0.06,0.8,29.5,66.0,22.5,1002.7,38.2,18.391534401994868,7.059848606042424
2018-06-03 08:00:00,0.68,0.0,0.04,0.66,31.1,60.0,22.4,1003.5,45.4,21.603383811406147,8.728333626590757
2018-06-03 09:00:00,0.54,0.0,0.06,0.52,32.8,53.0,22.0,1003.1,48.2,21.285633724136197,8.170789249632856
2018-06-03 10:00:00,0.65,0.0,0.03,0.64,34.4,48.0,21.9,1003.1,48.2,22.730250739454167,7.385506165561246
2018-06-03 11:00:00,0.48,0.08,0.09,0.45,34.5,47.0,21.5,1002.7,58.0,27.063147478634164,9.850180127779254
2018-06-03 12:00:00,1.0,0.0,0.03,1.0,35.8,43.0,21.2,1001.2,56.2,20.474874123486195,5.871075678902076
2018-06-03 13:00:00,0.92,0.01,0.07,0.92,34.8,47.0,21.7,1001.0,50.8,23.429466521094366,7.163106765707059
2018-06-03 14:00:00,0.87,0.06,0.14,0.86,33.3,51.0,22.0,1000.4,57.6,25.935516333691073,9.439755955788453
2018-06-03 15:00:00,0.94,0.0,0.07,0.94,34.6,46.0,21.2,999.4,54.0,21.23529932279546,3.363340998364967
2018-06-03 16:00:00,0.89,0.02,0.01,0.89,33.0,50.0,21.1,999.6,49.7,25.227818614604963,4.903791181177196
2018-06-03 17:00:00,0.93,0.01,0.01,0.82,31.2,57.0,21.7,999.9,49.7,18.36226369861628,8.175406525823583
2018-06-03 18:00:00,0.92,0.04,0.03,0.92,29.5,65.0,22.1,1000.1,39.6,15.88080529128185,5.7801404222037975
2018-06-03 19:00:00,0.99,0.08,0.1,0.99,28.9,68.0,22.5,1001.3,35.6,18.450496416125976,5.994929690873982
2018-06-03 20:00:00,1.0,0.07,0.02,1.0,28.5,70.0,22.5,1002.2,36.7,17.196374960382126,6.258968622859735
2018-06-03 21:00:00,0.98,0.13,0.11,0.98,28.2,71.0,22.5,1003.1,33.5,15.492137046601172,4.736421616508341
2018-06-03 22:00:00,0.94,0.09,0.0,0.94,28.0,71.0,22.4,1003.2,29.2,15.506504639828796,5.339317733097369
2018-06-03 23:00:00,0.96,0.01,0.0,0.96,27.9,73.0,22.5,1002.9,29.2,15.506504639828796,5.339317733097369
2018-06-04 00:00:00,1.0,0.0,0.2,1.0,27.7,74.0,22.8,1002.6,39.2,21.98395112606286,3.089642841313461
2018-06-04 01:00:00,1.0,0.01,0.02,1.0,27.5,76.0,22.9,1001.5,40.7,14.371349745785203,5.806402197946641
2018-06-04 02:00:00,1.0,0.0,0.1,1.0,27.2,77.0,22.9,1001.0,31.3,16.92478250322777,5.827669964783103
2018-06-04 03:00:00,0.9,0.0,0.03,0.9,26.6,79.0,22.6,1000.3,32.0,14.772816928697397,6.888677666373397
2018-06-04 04:00:00,0.96,0.01,0.1,0.96,26.5,78.0,22.5,1000.6,28.8,13.685247584253416,6.381535752284557
2018-06-04 05:00:00,0.99,0.0,0.01,1.0,26.9,78.0,22.6,1001.1,28.4,8.284543681071963,3.5165801564034647
2018-06-04 06:00:00,0.98,0.0,0.01,0.98,27.7,74.0,22.7,1000.9,20.2,10.045894683899485,5.800000000000005
2018-06-04 07:00:00,0.95,0.0,0.01,0.95,29.1,68.0,22.8,1001.3,30.2,14.03886672645694,7.464597848295663
2018-06-04 08:00:00,0.9,0.0,0.02,0.9,31.1,61.0,22.7,1002.4,41.0,19.51183091379151,7.489890145496784
2018-06-04 09:00:00,0.78,0.01,0.11,0.76,32.5,56.0,22.5,1002.8,46.8,21.2503681783595,5.694018992255454
2018-06-04 10:00:00,0.97,0.01,0.1,0.97,34.4,49.0,22.2,1002.0,45.0,12.60533612584479,1.547740661245369
2018-06-04 11:00:00,0.75,0.2,0.25,0.7,33.2,53.0,22.2,1001.8,35.6,15.124002909254664,5.805560782633871
2018-06-04 12:00:00,0.8,0.19,0.17,0.77,34.8,48.0,22.0,1001.1,42.1,17.5803156968241,10.15000000000001
2018-06-04 13:00:00,0.93,0.21,0.23,0.91,33.2,53.0,22.2,1000.3,43.2,16.956447316782125,11.87303223246666
2018-06-04 14:00:00,0.97,0.06,0.09,0.97,33.3,51.0,22.0,999.7,42.1,19.451637250268305,7.079816966841339
2018-06-04 15:00:00,0.92,0.09,0.12,0.92,33.2,52.0,22.1,998.8,45.4,21.33102249184012,7.7638572534926755
2018-06-04 16:00:00,0.98,0.09,0.1,0.98,32.5,54.0,21.9,998.7,45.4,20.1864956147047,5.788384472156976
2018-06-04 17:00:00,0.98,0.03,0.2,1.0,32.1,53.0,21.2,998.3,43.6,18.01716596707156,9.98707817707454
2018-06-04 18:00:00,0.97,0.13,0.22,0.96,30.8,60.0,22.0,999.1,38.2,18.100425653608003,9.62416703711076
2018-06-04 19:00:00,0.97,0.0,0.12,0.96,29.6,65.0,22.4,999.9,46.1,22.730250739454167,7.385506165561246
2018-06-04 20:00:00,0.95,0.0,0.23,0.94,29.1,67.0,22.4,1000.5,44.3,19.51183091379151,7.489890145496784
2018-06-04 21:00:00,0.92,0.01,0.26,0.9,28.8,69.0,22.4,1001.6,38.2,19.093100064730358,8.500795840284221
2018-06-04 22:00:00,0.93,0.02,0.37,0.9,28.5,70.0,22.5,1002.2,40.7,20.542820751975317,6.674767078498868
2018-06-04 23:00:00,0.93,0.0,0.02,0.93,28.2,71.0,22.5,1002.0,39.2,14.057679912656619,4.297864059424235
2018-06-05 00:00:00,0.97,0.01,0.08,0.97,27.6,74.0,22.5,1001.5,26.3,14.778665142222746,3.959931390068566
2018-06-05 01:00:00,0.99,0.05,0.1,0.99,27.3,75.0,22.5,1001.1,31.0,16.22755388165635,4.348159957722347
2018-06-05 02:00:00,0.99,0.02,0.22,0.99,27.2,74.0,22.2,1000.5,29.9,12.610916492298431,5.353016460303051
2018-06-05 03:00:00,0.98,0.07,0.15,0.98,27.1,76.0,22.4,1000.5,28.1,14.74137600257488,4.789763412811687
2018-06-05 04:00:00,0.99,0.01,0.2,0.98,27.0,76.0,22.4,1000.7,27.4,13.286093160882738,7.983090161105843
2018-06-05 05:00:00,0.99,0.0,0.05,0.99,27.4,72.0,22.0,1000.7,31.0,11.93948742412413,6.083472696509929
2018-06-05 06:00:00,0.99,0.0,0.14,0.99,28.0,70.0,22.0,1000.8,28.1,14.003706397458023,5.375519243179511
2018-06-05 07:00:00,0.98,0.0,0.09,0.98,29.3,66.0,22.3,1001.2,31.7,15.78753817049955,5.12968210662413
2018-06-05 08:00:00,0.96,0.0,0.08,0.96,31.3,58.0,22.0,1002.1,32.8,14.750089779349343,5.078863209531644
2018-06-05 09:00:00,0.98,0.0,0.45,0.97,33.2,51.0,21.7,1002.2,37.8,17.196374960382126,6.258968622859735
2018-06-05 10:00:00,0.97,0.0,0.2,0.96,34.5,47.0,21.7,1002.3,45.7,21.229965582379382,6.490651844844764
2018-06-05 11:00:00,0.94,0.04,0.35,0.92,35.2,44.0,21.2,1002.0,48.6,21.62838815861218,6.201840505882475
2018-06-05 12:00:00,0.56,0.13,0.31,0.45,35.7,41.0,20.4,1001.4,47.9,20.1864956147047,5.788384472156976
2018-06-05 13:00:00,0.47,0.16,0.36,0.34,34.4,46.0,21.0,1000.9,45.4,20.132986637101336,9.819513688075341
2018-06-05 14:00:00,0.83,0.0,0.13,0.82,34.8,45.0,21.2,1000.1,45.7,18.682619174015688,3.971113294619212
2018-06-05 15:00:00,0.85,0.0,0.06,0.85,32.8,52.0,21.5,999.8,44.6,22.282937064261972,4.331364195047563
2018-06-05 16:00:00,0.84,0.02,0.05,0.83,32.5,54.0,22.0,999.8,49.7,24.05613109211926,8.755715669137116
2018-06-05 17:00:00,0.92,0.0,0.01,1.0,31.6,55.0,21.5,999.7,49.3,21.6124874847646,6.607600526733859
2018-06-05 18:00:00,1.0,0.0,0.0,1.0,30.1,61.0,21.9,999.9,42.1,20.258695254989274,7.776584505133025
2018-06-05 19:00:00,0.92,0.0,0.0,0.92,29.5,65.0,22.2,1001.0,39.2,17.67369318628685,7.502037666994057
2018-06-05 20:00:00,0.87,0.0,0.01,0.87,29.2,67.0,22.4,1002.4,37.4,17.944894183325673,8.367841582465843
2018-06-05 21:00:00,0.93,0.0,0.01,0.93,28.8,70.0,22.7,1003.1,37.1,17.256845688944,8.416726018350293
2018-06-05 22:00:00,0.94,0.0,0.0,0.94,28.5,72.0,22.9,1003.5,34.9,16.90059096638812,7.5246278969023015
2018-06-05 23:00:00,0.94,0.0,0.01,0.94,28.3,73.0,23.0,1003.6,33.8,16.53781045190467,8.06602910091903
2018-06-06 00:00:00,0.96,0.0,0.01,0.96,28.1,74.0,23.0,1003.3,34.9,17.67369318628685,7.502037666994057
2018-06-06 01:00:00,0.97,0.0,0.02,0.97,28.0,74.0,23.0,1002.6,35.3,17.196425916835498,8.762016644973256
2018-06-06 02:00:00,0.96,0.0,0.02,0.96,28.0,75.0,23.0,1002.2,34.9,17.673001847214675,8.241056103943635
2018-06-06 03:00:00,0.97,0.0,0.02,0.97,27.8,75.0,23.0,1002.1,36.7,18.360098392421893,5.264673496104679
2018-06-06 04:00:00,0.97,0.0,0.01,0.97,27.5,76.0,22.9,1002.3,34.2,17.24635014669866,3.981633661886415
2018-06-06 05:00:00,0.98,0.0,0.02,0.96,28.0,75.0,23.1,1002.7,31.7,13.256842056260261,5.0888248835432695
2018-06-06 06:00:00,0.91,0.0,0.02,0.91,28.8,72.0,23.2,1003.4,31.3,15.39125198580867,6.218469450704145
2018-06-06 07:00:00,0.71,0.0,0.03,0.71,30.0,66.0,23.0,1003.9,37.8,16.887495373796547,9.750000000000009
2018-06-06 08:00:00,0.98,0.0,0.01,0.98,32.0,58.0,22.8,1004.6,41.0,18.450958705879067,7.454671208976654
2018-06-06 09:00:00,0.97,0.0,0.02,0.96,34.0,50.0,22.0,1004.8,43.6,19.781975538939193,6.42755348299891
2018-06-06 10:00:00,0.97,0.02,0.01,0.97,35.5,45.0,21.6,1004.6,48.6,22.349828132936107,7.261899367811267
2018-06-06 11:00:00,0.95,0.09,0.11,0.94,35.5,45.0,21.6,1004.4,51.8,21.631864056132347,9.182181519497934
2018-06-06 12:00:00,0.92,0.1,0.15,0.91,35.7,44.0,21.5,1003.3,51.8,25.210664066144684,6.755177077175789
2018-06-06 13:00:00,0.93,0.08,0.12,0.93,36.5,40.0,20.7,1002.5,54.7,23.059436534480877,8.851688353768928
2018-06-06 14:00:00,0.88,0.02,0.12,0.87,35.9,42.0,20.9,1001.9,53.6,25.15081508182783,7.689375834207986
2018-06-06 15:00:00,0.66,0.0,0.05,0.65,35.4,43.0,20.8,1001.4,54.0,24.156835513896898,7.849031657123668
2018-06-06 16:00:00,0.34,0.0,0.05,0.32,33.8,48.0,21.3,1001.8,54.4,24.94568152856113,10.588813582059322
2018-06-06 17:00:00,0.15,0.0,0.05,0.62,34.2,47.0,21.3,1001.4,54.0,21.20760221665761,9.88926732473236
2018-06-06 18:00:00,0.18,0.0,0.02,0.17,31.4,59.0,22.5,1002.3,44.6,19.371980995867734,11.63986049296723
2018-06-06 19:00:00,0.57,0.0,0.02,0.56,29.6,68.0,23.1,1003.2,46.1,19.87649246030655,12.907945129856138
2018-06-06 20:00:00,0.63,0.0,0.03,0.62,29.0,71.0,23.2,1004.1,43.2,18.279551879213376,10.13252106314844
2018-06-06 21:00:00,0.47,0.0,0.07,0.44,28.8,71.0,23.0,1005.2,41.4,18.686247155306045,11.227830033039186
2018-06-06 22:00:00,0.4,0.0,0.07,0.37,28.8,70.0,22.8,1005.4,40.3,16.887495373796547,9.750000000000009
2018-06-06 23:00:00,0.99,0.0,0.02,0.99,28.6,70.0,22.6,1004.9,36.0,16.617774435648524,9.2113827846804
2018-06-07 00:00:00,0.99,0.0,0.0,0.99,28.4,71.0,22.5,1004.3,37.1,18.354734398280378,9.352204294634669
2018-06-07 01:00:00,0.96,0.0,0.0,0.96,28.1,71.0,22.5,1003.1,42.1,21.263662114751373,9.025889068102225
2018-06-07 02:00:00,0.87,0.0,0.0,0.87,27.9,72.0,22.3,1002.4,42.1,18.398048076843995,8.579150713336194
2018-06-07 03:00:00,0.73,0.0,0.01,0.72,27.5,72.0,22.1,1001.9,40.0,19.780344836981765,10.078589094217943
2018-06-07 04:00:00,0.91,0.0,0.05,0.91,27.5,73.0,22.1,1002.0,41.0,19.863348423211587,9.688002344038619
2018-06-07 05:00:00,0.95,0.0,0.01,0.94,27.1,77.0,22.7,1003.3,42.8,4.976398565530443,9.359244484304625
2018-06-07 06:00:00,0.95,0.0,0.06,0.94,27.8,74.0,22.7,1003.7,22.7,8.227681403987702,9.80536887192292
2018-06-07 07:00:00,0.98,0.0,0.13,0.98,29.5,65.0,22.2,1004.2,34.6,15.095256111584384,9.43256290335105
2018-06-07 08:00:00,1.0,0.0,0.12,1.0,31.5,57.0,21.9,1004.5,45.7,21.631864056132347,9.182181519497934
2018-06-07 09:00:00,0.91,0.0,0.02,0.89,33.3,50.0,21.5,1004.5,53.3,25.625932703851685,5.916212729243656
2018-06-07 10:00:00,0.95,0.0,0.05,0.95,35.0,45.0,21.1,1004.0,53.6,25.90044390422107,4.566947072640268
2018-06-07 11:00:00,0.8,0.02,0.02,0.8,35.6,44.0,21.5,1003.2,55.8,25.886812144547033,6.936350408747553
2018-06-07 12:00:00,0.93,0.01,0.1,0.93,36.4,41.0,20.9,1002.6,56.2,26.294367005425954,4.63640634370704
2018-06-07 13:00:00,0.92,0.04,0.23,0.91,35.5,42.0,20.5,1002.1,60.1,28.816800800379696,4.0499372379379155
2018-06-07 14:00:00,0.9,0.01,0.12,0.89,34.8,43.0,20.2,1001.5,61.6,30.243597218185883,9.826740421123333
2018-06-07 15:00:00,0.85,0.0,0.08,0.85,33.8,46.0,20.4,1001.2,68.4,33.54803318824733,9.619743718013261
2018-06-07 16:00:00,0.92,0.0,0.07,0.91,32.5,51.0,21.0,1001.4,67.7,30.88864361760604,9.443606062544408
2018-06-07 17:00:00,0.98,0.0,0.01,0.95,31.2,54.0,20.9,1002.3,62.3,27.63720744733172,8.449542266487102
2018-06-07 18:00:00,0.99,0.0,0.03,0.99,29.1,67.0,22.3,1002.7,54.4,23.36503313508304,9.440086154080989
2018-06-07 19:00:00,1.0,0.0,0.03,1.0,28.6,71.0,22.8,1003.7,46.4,17.39406757932086,9.248589786882047
2018-06-07 20:00:00,1.0,0.0,0.08,1.0,28.6,69.0,22.3,1004.8,41.0,19.41655749849459,10.762773569468678
2018-06-07 21:00:00,1.0,0.0,0.16,1.0,28.4,70.0,22.2,1005.1,41.4,17.24398150914487,11.631212392191529
2018-06-07 22:00:00,1.0,0.0,0.7,1.0,28.4,69.0,22.1,1005.1,38.2,16.180464582078827,8.968977974557232
2018-06-07 23:00:00,1.0,0.0,0.12,1.0,28.4,70.0,22.2,1005.1,34.2,13.286093160882738,7.983090161105843
2018-06-08 00:00:00,1.0,0.01,0.02,1.0,28.0,71.0,22.1,1004.2,28.8,10.480543022969405,8.188297621831254
2018-06-08 01:00:00,0.99,0.0,0.03,0.99,27.6,72.0,22.2,1003.3,27.0,10.41987555688496,10.790097005079765
2018-06-08 02:00:00,0.62,0.0,0.04,0.61,27.2,75.0,22.5,1002.8,30.6,13.34878040718663,9.698456662825809
2018-06-08 03:00:00,0.8,0.0,0.01,0.8,27.0,77.0,22.6,1002.5,35.6,17.39406757932086,9.248589786882047
2018-06-08 04:00:00,0.58,0.0,0.02,0.58,27.1,75.0,22.2,1002.5,38.9,18.115284267621163,11.764203156324584
2018-06-08 05:00:00,0.03,0.0,0.04,0.63,27.6,73.0,22.4,1002.2,43.9,15.091075529443865,12.662915910824827
2018-06-08 06:00:00,0.42,0.0,0.03,0.41,28.0,72.0,22.5,1002.5,36.4,10.890579881242418,12.528179031698018
2018-06-08 07:00:00,0.27,0.0,0.06,0.25,29.6,65.0,22.5,1002.7,33.8,10.712509670666451,13.711387112756961
2018-06-08 08:00:00,0.8,0.0,0.03,0.79,31.7,57.0,22.2,1003.5,52.6,25.104725700915207,11.706525850217366
2018-06-08 09:00:00,0.88,0.0,0.05,0.87,32.7,52.0,21.6,1003.7,60.5,29.12770930671269,11.181080025813381
2018-06-08 10:00:00,0.91,0.0,0.07,0.91,35.0,42.0,20.1,1003.2,64.4,29.78807879667309,7.427002194909801
2018-06-08 11:00:00,0.95,0.02,0.02,0.95,34.9,43.0,20.4,1002.5,69.5,33.482634746175165,5.303128364863832
2018-06-08 12:00:00,0.96,0.02,0.02,0.96,34.9,45.0,21.1,1001.7,72.0,34.847765012392074,6.773719335867334
2018-06-08 13:00:00,0.84,0.05,0.14,0.83,34.7,46.0,21.3,1001.1,73.1,35.661944371139604,8.233208588985468
2018-06-08 14:00:00,0.3,0.0,0.07,0.28,34.4,46.0,21.0,1000.4,72.7,37.07179406781123,7.879853081993096
2018-06-08 15:00:00,0.15,0.0,0.08,0.13,33.7,48.0,21.2,1000.1,74.9,37.756497388324895,8.025391265565528
2018-06-08 16:00:00,0.2,0.0,0.15,0.12,32.0,53.0,21.4,1000.0,74.5,34.91986934619686,7.422447362194025
2018-06-08 17:00:00,0.27,0.0,0.07,0.66,31.2,60.0,22.5,1001.2,67.7,26.31217045973937,5.592824482997738
2018-06-08 18:00:00,0.76,0.0,0.09,0.75,29.5,67.0,22.6,1001.7,50.8,20.17803035082005,6.1690429696497535
2018-06-08 19:00:00,0.86,0.0,0.21,0.83,28.6,70.0,22.6,1002.3,39.2,14.728077655239044,6.251698055828381
2018-06-08 20:00:00,0.71,0.0,0.12,0.68,28.3,71.0,22.5,1003.0,38.5,20.15905629060844,8.557011713915097
2018-06-08 21:00:00,0.95,0.0,0.08,0.94,27.9,73.0,22.5,1003.7,50.8,25.625932703851685,5.916212729243656
2018-06-08 22:00:00,1.0,0.0,0.04,1.0,28.1,72.0,22.6,1003.6,49.0,21.20760221665761,9.88926732473236
2018-06-08 23:00:00,0.98,0.0,0.07,0.98,28.4,70.0,22.4,1003.4,42.8,18.398048076843995,8.579150713336194
2018-06-09 00:00:00,0.99,0.0,0.08,0.99,28.3,70.0,22.2,1002.7,39.2,19.071668005752823,10.140585756175241
2018-06-09 01:00:00,0.97,0.0,0.32,0.96,28.4,69.0,22.1,1002.2,42.8,20.920190980015562,9.314269126435821
2018-06-09 02:00:00,0.95,0.0,0.08,0.95,28.3,67.0,21.6,1001.7,47.9,24.80788518874798,9.02933178379765
2018-06-09 03:00:00,0.92,0.0,0.06,0.91,28.1,70.0,22.0,1001.2,49.7,23.44886067486306,8.074090230537484
2018-06-09 04:00:00,0.48,0.0,0.04,0.47,27.9,69.0,21.7,1001.4,45.7,23.643188291453075,9.552468132105764
2018-06-09 05:00:00,0.85,0.0,0.13,0.31,28.2,68.0,21.8,1000.8,48.6,21.95295464919884,12.168721468183055
2018-06-09 06:00:00,0.28,0.0,0.06,0.26,28.6,67.0,21.8,1001.5,47.2,20.607568736601152,12.877038120866882
2018-06-09 07:00:00,0.3,0.0,0.09,0.25,29.9,62.0,21.7,1002.2,45.0,14.77853172679884,14.778531726798846
2018-06-09 08:00:00,0.68,0.0,0.09,0.66,31.6,55.0,21.4,1002.8,46.1,18.68807093510665,14.08247154175793
2018-06-09 09:00:00,0.88,0.0,0.36,0.84,32.3,53.0,21.6,1003.1,54.0,23.352346180621872,12.944416860577194
2018-06-09 10:00:00,0.93,0.04,0.21,0.91,33.5,48.0,21.2,1002.9,67.0,32.81144981218279,10.66108630593569
2018-06-09 11:00:00,0.97,0.05,0.35,0.96,33.8,48.0,21.1,1002.4,79.2,38.13262204264666,9.507530497066943
2018-06-09 12:00:00,0.99,0.02,0.24,0.99,34.0,47.0,21.1,1001.9,76.7,38.899906243982215,6.859103017843748
2018-06-09 13:00:00,0.98,0.0,0.19,0.97,34.4,46.0,21.0,1001.3,86.8,38.185297436114126,7.422469920147585
2018-06-09 14:00:00,0.93,0.0,0.72,0.85,33.1,50.0,21.1,1000.6,84.6,38.520740333157065,9.604299255306811
2018-06-09 15:00:00,0.82,0.0,0.16,0.8,32.0,54.0,21.4,1000.0,79.9,37.902995520145645,8.750596013976358
2018-06-09 16:00:00,0.7,0.0,0.22,0.64,31.2,56.0,21.4,999.6,76.3,36.81632295443762,10.556910727791056
2018-06-09 17:00:00,0.91,0.0,0.16,0.92,30.2,64.0,22.5,1000.7,72.4,29.932338861643007,9.151234357821671
2018-06-09 18:00:00,0.97,0.0,0.11,0.97,29.1,67.0,22.4,1000.7,58.0,22.780047895760315,12.112366319875981
2018-06-09 19:00:00,0.81,0.0,0.13,0.76,28.6,69.0,22.4,1001.5,47.5,20.815949029917626,11.538468961862817
2018-06-09 20:00:00,0.2,0.0,0.15,0.11,28.6,69.0,22.4,1002.6,53.3,23.835894799063897,11.114860283780388
2018-06-09 21:00:00,0.6,0.0,0.48,0.43,28.5,71.0,22.6,1003.5,49.0,24.20927764579918,10.276228679267902
2018-06-09 22:00:00,0.83,0.0,0.17,0.81,28.2,72.0,22.6,1003.6,49.0,21.21762239271874,12.25000000000001
2018-06-09 23:00:00,0.85,0.0,0.32,0.82,28.1,71.0,22.5,1003.6,46.8,22.739489371368922,11.090790013763668
2018-06-10 00:00:00,0.48,0.0,0.37,0.34,28.0,72.0,22.5,1002.9,46.4,23.386763715650588,10.412458062740484
2018-06-10 01:00:00,0.96,0.0,0.11,0.96,27.6,73.0,22.4,1002.1,51.5,23.700773543410584,12.07614729307195
2018-06-10 02:00:00,0.95,0.0,0.13,0.94,27.6,72.0,22.2,1001.6,48.6,21.190742228614248,11.267317506861378
2018-06-10 03:00:00,0.95,0.0,0.17,0.94,27.5,72.0,22.1,1001.5,44.3,17.947550154032076,11.655275349321576
2018-06-10 04:00:00,0.89,0.0,0.1,0.88,27.5,73.0,22.2,1001.8,39.2,16.9084551824364,12.28471177291269
2018-06-10 05:00:00,0.63,0.0,0.48,0.98,27.5,76.0,22.8,1002.0,42.1,18.40264368659444,11.499248033860548
2018-06-10 06:00:00,0.99,0.0,0.14,0.99,27.8,74.0,22.8,1002.6,41.8,16.180464582078827,8.968977974557232
2018-06-10 07:00:00,0.98,0.02,0.26,0.97,29.1,69.0,22.9,1003.3,35.6,16.617774435648524,9.2113827846804
2018-06-10 08:00:00,0.98,0.0,0.13,0.98,30.8,62.0,22.5,1004.0,47.2,22.29009234821934,10.871604440369127
2018-06-10 09:00:00,0.92,0.0,0.03,0.92,32.2,56.0,22.3,1004.3,57.2,28.05616723070703,9.116001334060954
2018-06-10 10:00:00,0.97,0.18,0.26,0.97,33.3,51.0,22.0,1004.1,67.0,32.09920889873862,6.239454148813009
2018-06-10 11:00:00,0.97,0.06,0.13,0.96,34.1,47.0,21.1,1003.5,70.6,35.23538838326694,4.326361690882725
2018-06-10 12:00:00,0.99,0.0,0.11,0.99,35.0,42.0,20.2,1002.9,72.4,36.0016926123315,3.783930370289052
2018-06-10 13:00:00,0.94,0.02,0.08,0.94,34.2,47.0,21.2,1002.3,77.8,39.60259145048875,4.862586801865372
2018-06-10 14:00:00,0.67,0.01,0.18,0.65,34.5,44.0,20.3,1001.3,77.0,38.90780914433983,4.7772782614817695
2018-06-10 15:00:00,0.53,0.0,0.08,0.52,33.2,49.0,21.0,1000.9,76.3,38.185297436114126,7.422469920147585
2018-06-10 16:00:00,0.26,0.0,0.08,0.23,31.9,53.0,21.0,1001.1,77.4,34.79767339296715,9.978072280575361
2018-06-10 17:00:00,0.3,0.0,0.05,0.25,31.0,58.0,21.8,1001.3,68.8,31.19779501009216,11.355068758412196
2018-06-10 18:00:00,0.55,0.0,0.14,0.49,29.3,67.0,22.5,1001.7,61.9,21.588982919899983,7.014685772311309
2018-06-10 19:00:00,0.45,0.0,0.21,0.32,29.1,66.0,22.0,1002.8,47.5,24.8485273023899,10.039456703546449
2018-06-10 20:00:00,0.43,0.0,0.13,0.4,28.6,70.0,22.5,1003.9,49.3,21.263662114751373,9.025889068102225
2018-06-10 21:00:00,0.8,0.0,0.17,0.77,28.8,70.0,22.8,1004.3,44.3,21.93264844628693,10.22736193412492
2018-06-10 22:00:00,0.84,0.0,0.03,0.84,28.8,69.0,22.5,1004.3,46.1,23.28877279234674,9.885497550778629
2018-06-10 23:00:00,0.93,0.0,0.01,0.93,28.2,70.0,22.2,1004.1,49.3,22.780047895760315,12.112366319875981
2018-06-11 00:00:00,0.67,0.06,0.0,0.66,28.2,70.0,22.3,1004.1,47.2,19.853867352064288,11.005178379591845
2018-06-11 01:00:00,0.73,0.04,0.01,0.73,28.0,72.0,22.5,1003.5,41.4,14.144056498516864,11.453631117107047
2018-06-11 02:00:00,0.96,0.03,0.02,0.95,27.1,77.0,22.7,1003.1,33.5,10.35121839821523,13.736530772813436
2018-06-11 03:00:00,0.97,0.02,0.02,0.97,27.4,74.0,22.3,1003.0,37.4,15.931492209867896,12.901068016521675
2018-06-11 04:00:00,0.99,0.0,0.05,0.99,27.4,74.0,22.2,1003.2,39.6,16.941781959761958,13.719184524886465
2018-06-11 05:00:00,0.99,0.0,0.09,0.98,26.1,84.0,23.2,1003.4,44.3,6.782966582185022,10.855015630802255
2018-06-11 06:00:00,0.97,0.0,0.06,0.97,26.5,83.0,23.3,1003.8,23.0,3.9332316482451897,10.806465139037947
2018-06-11 07:00:00,0.98,0.0,0.03,0.98,28.6,70.0,22.6,1004.5,27.4,6.5449298733255485,11.807366046381844
2018-06-11 08:00:00,0.98,0.0,0.03,0.98,30.9,57.0,21.4,1005.0,37.1,13.383772739630817,12.480569989143724
2018-06-11 09:00:00,0.97,0.02,0.08,0.97,32.7,48.0,20.3,1005.3,50.8,22.302802532054596,12.36264531628159
2018-06-11 10:00:00,0.89,0.0,0.01,0.88,34.0,44.0,20.1,1004.9,58.0,26.23930308424008,10.601366593670319
2018-06-11 11:00:00,0.65,0.05,0.07,0.64,34.8,44.0,20.8,1004.5,69.5,30.918457422097664,10.646078650749024
2018-06-11 12:00:00,0.5,0.15,0.2,0.41,35.2,43.0,20.7,1003.5,70.6,33.518330228612086,7.738316269428965
2018-06-11 13:00:00,0.52,0.05,0.17,0.47,34.5,46.0,21.2,1002.7,72.4,37.41898991687785,4.594474246374049
2018-06-11 14:00:00,0.86,0.0,0.26,0.84,34.0,45.0,20.5,1002.1,77.8,37.46305310810475,7.963017758320199
2018-06-11 15:00:00,0.98,0.0,0.39,0.98,33.1,48.0,20.7,1001.6,74.2,36.02903332058224,9.65395038232402
2018-06-11 16:00:00,0.93,0.01,0.25,0.92,32.0,52.0,20.8,1001.7,72.4,33.4519070186535,9.59217998243156
2018-06-11 17:00:00,0.98,0.0,0.19,0.92,31.0,56.0,21.1,1002.0,65.9,28.838316555779162,9.929828710943278
2018-06-11 18:00:00,0.97,0.0,0.11,0.97,29.5,66.0,22.5,1002.2,56.5,22.63156571438454,11.531358693384492
2018-06-11 19:00:00,0.96,0.0,0.13,0.95,29.0,67.0,22.2,1003.1,46.8,20.957814771583408,12.10000000000001
2018-06-11 20:00:00,0.97,0.0,0.14,0.97,28.8,68.0,22.2,1004.2,48.2,23.700773543410584,12.07614729307195
2018-06-11 21:00:00,0.97,0.0,0.14,0.97,28.6,68.0,22.1,1005.1,49.0,22.020454134329587,10.740093096332405
2018-06-11 22:00:00,1.0,0.0,0.1,1.0,28.6,68.0,22.1,1005.2,44.6,20.76045201358897,10.577978643931445
2018-06-11 23:00:00,0.98,0.0,0.11,0.98,28.1,72.0,22.6,1005.1,43.2,20.132986637101336,9.819513688075341
2018-06-12 00:00:00,0.97,0.0,0.14,0.96,27.8,73.0,22.5,1004.9,41.0,17.31747020136004,9.59923048087747
2018-06-12 01:00:00,0.98,0.0,0.1,0.97,27.5,73.0,22.2,1004.0,36.0,15.891549659206435,11.127382865210299
2018-06-12 02:00:00,1.0,0.01,0.02,1.0,27.0,75.0,22.2,1003.4,35.3,14.839772548735247,10.009552972126363
2018-06-12 03:00:00,0.98,0.0,0.01,0.98,27.0,75.0,22.1,1003.0,34.9,15.452224592561496,11.226698318786239
2018-06-12 04:00:00,0.94,0.0,0.01,0.94,27.0,73.0,21.7,1003.1,34.9,15.366209695331081,12.005398768850332
2018-06-12 05:00:00,0.97,0.08,0.08,0.97,26.4,81.0,22.9,1003.2,35.6,5.36725192410688,11.510108895365455
2018-06-12 06:00:00,0.93,0.03,0.03,0.92,27.1,79.0,23.2,1003.5,23.0,5.435802220184561,11.14504617410967
2018-06-12 07:00:00,0.96,0.03,0.01,0.96,29.0,68.0,22.4,1004.0,31.7,10.773002762377619,11.964631690186048
2018-06-12 08:00:00,0.98,0.07,0.01,0.98,31.0,57.0,21.5,1004.7,43.6,18.65705811544137,11.65822381313051
2018-06-12 09:00:00,1.0,0.01,0.01,1.0,32.5,51.0,21.0,1004.9,52.6,24.107787135174892,11.241645762302598
2018-06-12 10:00:00,1.0,0.3,0.3,1.0,34.0,46.0,20.6,1004.6,63.7,27.08748780102954,6.253639310759454
2018-06-12 11:00:00,1.0,0.29,0.21,1.0,34.3,45.0,20.5,1003.9,61.2,28.07453744660319,5.457137267769176
2018-06-12 12:00:00,1.0,0.1,0.31,1.0,34.5,45.0,20.7,1003.2,58.0,28.451605891728864,6.568570786840866
2018-06-12 13:00:00,0.99,0.0,0.14,0.99,35.0,42.0,20.4,1002.1,61.9,28.75753946157388,6.112603710042137
2018-06-12 14:00:00,0.88,0.0,0.13,0.87,34.2,45.0,20.5,1001.7,64.8,31.66702710552014,7.310909266175621
2018-06-12 15:00:00,0.96,0.04,0.1,0.96,33.5,45.0,19.9,1001.3,69.1,34.542527855425476,8.612419483348173
2018-06-12 16:00:00,0.94,0.0,0.12,0.94,32.2,52.0,21.1,1001.2,69.5,33.16352850987201,9.509488775686462
2018-06-12 17:00:00,0.98,0.0,0.1,0.85,31.1,58.0,21.8,1001.4,67.0,28.35722003018041,8.131301996601467
2018-06-12 18:00:00,0.98,0.01,0.07,0.98,30.0,62.0,21.9,1002.1,55.1,24.379679471285886,11.368431240824806
2018-06-12 19:00:00,0.93,0.0,0.08,0.93,28.5,69.0,22.2,1003.2,49.7,21.190742228614248,11.267317506861378
2018-06-12 20:00:00,0.99,0.0,0.02,0.99,28.5,69.0,22.3,1003.9,49.7,23.38274090554557,10.903551152910039
2018-06-12 21:00:00,0.99,0.03,0.01,0.99,28.2,70.0,22.4,1004.5,47.5,22.023279224990596,10.26962376029899
2018-06-12 22:00:00,0.99,0.11,0.02,0.99,27.9,72.0,22.3,1004.6,45.0,20.219499876469428,10.750898787796897
2018-06-12 23:00:00,1.0,0.05,0.04,1.0,27.9,72.0,22.4,1004.7,41.8,20.12003287221363,9.382125410643521
2018-06-13 00:00:00,1.0,0.03,0.03,1.0,28.0,71.0,22.1,1004.1,41.4,20.12003287221363,9.382125410643521
2018-06-13 01:00:00,1.0,0.02,0.06,1.0,27.8,71.0,22.0,1003.5,40.7,18.013328398716318,10.40000000000001
2018-06-13 02:00:00,1.0,0.02,0.1,1.0,27.6,71.0,21.9,1002.9,37.8,16.580751451100838,11.183858069414931
2018-06-13 03:00:00,1.0,0.01,0.01,1.0,27.3,73.0,22.0,1002.8,36.4,13.018095888821232,12.139570809112476
2018-06-13 04:00:00,0.98,0.01,0.02,0.98,27.0,73.0,21.9,1002.9,32.4,11.241394186828819,12.484833068020224
2018-06-13 05:00:00,0.98,0.01,0.01,0.99,26.5,78.0,22.3,1002.9,30.2,6.1371960550470845,12.583116648188337
2018-06-13 06:00:00,0.98,0.0,0.01,0.98,27.1,76.0,22.5,1003.1,24.8,4.58306992056396,12.591881118531173
2018-06-13 07:00:00,0.95,0.14,0.01,0.94,29.0,66.0,21.9,1003.7,33.8,11.575959490008248,12.856405480758921
2018-06-13 08:00:00,0.98,0.17,0.01,0.98,30.5,59.0,21.5,1004.6,38.5,15.48197363706194,10.840594647034775
2018-06-13 09:00:00,0.98,0.11,0.0,0.98,32.5,51.0,21.1,1004.8,41.8,17.641929178929683,8.98901189484303
2018-06-13 10:00:00,0.98,0.45,0.12,0.97,34.4,45.0,20.7,1004.4,51.1,24.066940600195306,5.556291042293472
2018-06-13 11:00:00,0.98,0.34,0.46,0.96,33.5,48.0,21.1,1004.1,51.5,23.084283377317814,4.906715903299132
2018-06-13 12:00:00,0.96,0.17,0.28,0.96,34.3,47.0,21.5,1003.3,50.8,25.25183575291004,3.5489140744816785
2018-06-13 13:00:00,0.99,0.05,0.23,0.98,35.5,43.0,20.9,1002.3,60.8,29.49699007879029,7.3544256262299
2018-06-13 14:00:00,0.69,0.03,0.23,0.61,34.5,44.0,20.4,1001.7,66.2,32.76794462458248,6.965041642394953
2018-06-13 15:00:00,0.56,0.0,0.09,0.53,33.8,46.0,20.5,1001.1,65.9,31.049463240831887,7.741500659189369
2018-06-13 16:00:00,0.92,0.0,0.05,0.92,32.2,52.0,21.0,1001.1,64.8,31.5750763409991,10.25936421324826
2018-06-13 17:00:00,0.99,0.0,0.0,0.99,31.1,57.0,21.5,1001.6,64.1,22.929990986829285,10.209089741202583
2018-06-13 18:00:00,1.0,0.0,0.0,1.0,29.5,64.0,21.9,1002.3,47.2,21.285633724136197,8.170789249632856
2018-06-13 19:00:00,1.0,0.0,0.0,1.0,28.5,69.0,22.3,1003.1,42.1,18.622036355536885,9.488401444556532
2018-06-13 20:00:00,0.99,0.0,0.0,0.99,28.3,70.0,22.4,1003.9,38.2,18.335398544503,8.942771394497186
2018-06-13 21:00:00,0.99,0.0,0.05,0.99,27.9,71.0,22.2,1004.6,41.0,19.82393643084444,8.826185154744861
2018-06-13 22:00:00,0.97,0.0,0.02,0.97,27.6,71.0,22.0,1004.9,41.0,20.49315005633246,10.44178149400958
2018-06-13 23:00:00,0.96,0.0,0.01,0.96,27.5,73.0,22.2,1004.8,44.3,22.00006599751332,9.338473970893643
2018-06-14 00:00:00,0.99,0.0,0.03,0.99,27.4,74.0,22.2,1004.0,43.2,20.46341825119426,9.110900804897922
2018-06-14 01:00:00,0.99,0.0,0.0,0.99,27.4,73.0,22.2,1003.7,41.4,20.89546017337039,8.869596616706515
2018-06-14 02:00:00,1.0,0.0,0.2,0.99,27.5,73.0,22.2,1003.2,41.4,18.01716596707156,9.98707817707454
2018-06-14 03:00:00,1.0,0.01,0.12,1.0,27.6,73.0,22.4,1002.9,39.6,19.790854349227466,8.400719262519388
2018-06-14 04:00:00,1.0,0.0,0.12,1.0,27.4,72.0,22.0,1003.1,39.2,18.70614872174387,10.80000000000001
2018-06-14 05:00:00,1.0,0.0,0.2,0.99,27.5,72.0,21.9,1002.9,39.2,15.503513520877599,7.899434695468116
2018-06-14 06:00:00,1.0,0.0,0.27,1.0,27.8,70.0,21.8,1003.5,33.1,14.790708301526907,7.53624229567648
2018-06-14 07:00:00,1.0,0.0,0.14,1.0,29.2,64.0,21.8,1004.3,35.6,16.66113784748917,7.072233425655857
2018-06-14 08:00:00,0.96,0.0,0.32,0.95,31.2,55.0,21.2,1004.9,35.3,15.78753817049955,5.12968210662413
2018-06-14 09:00:00,0.98,0.0,0.3,0.98,32.8,50.0,21.0,1005.1,36.4,15.50670694734366,2.4560211011316273
2018-06-14 10:00:00,0.9,0.0,0.29,0.87,34.3,45.0,20.6,1004.8,35.6,14.397806810252035,-0.2513146526968771
2018-06-14 11:00:00,0.79,0.02,0.05,0.79,35.7,40.0,20.0,1004.4,45.0,16.2,2.975891721928068e-15
2018-06-14 12:00:00,0.88,0.07,0.16,0.86,36.8,37.0,19.8,1003.6,42.8,16.249327924701433,2.8651949315043503
2018-06-14 13:00:00,1.0,0.16,0.76,0.99,34.7,46.0,21.3,1003.4,47.5,17.679621296652964,2.8001769242201355
2018-06-14 14:00:00,1.0,0.02,0.3,1.0,33.1,51.0,21.6,1002.6,41.0,18.356428330471317,3.568128213541384
2018-06-14 15:00:00,0.99,0.05,0.13,0.99,33.5,48.0,21.1,1002.2,45.7,20.474874123486195,5.871075678902076
2018-06-14 16:00:00,0.99,0.01,0.1,0.99,33.2,49.0,20.9,1002.3,45.4,22.650578319280786,3.9939080863393976
2018-06-14 17:00:00,0.99,0.0,0.18,1.0,32.1,54.0,21.6,1002.1,49.0,15.943304207740809,9.962482167584255
2018-06-14 18:00:00,1.0,0.0,0.07,1.0,29.9,62.0,21.8,1002.5,37.8,17.65895185717854,9.389431255717815
2018-06-14 19:00:00,1.0,0.0,0.03,1.0,28.4,69.0,22.2,1003.3,39.6,18.694916163022672,9.118119853212818
2018-06-14 20:00:00,0.98,0.0,0.01,0.98,28.0,71.0,22.3,1003.9,38.5,17.245619694942246,6.967682637535969
2018-06-14 21:00:00,0.99,0.0,0.0,0.99,28.0,72.0,22.4,1004.7,35.6,17.949844642322585,7.61925700554084
2018-06-14 22:00:00,0.98,0.0,0.0,0.98,27.6,72.0,22.2,1005.0,37.1,18.72768188167332,8.338101183053903
2018-06-14 23:00:00,0.89,0.0,0.01,0.89,27.5,73.0,22.3,1005.0,38.5,19.74901610227257,7.979120439758932
2018-06-15 00:00:00,0.97,0.0,0.02,0.97,27.5,73.0,22.4,1004.6,39.2,20.13954566026545,6.934601689937437
2018-06-15 01:00:00,0.99,0.0,0.05,0.99,27.2,74.0,22.2,1003.9,38.5,19.470860945902533,7.866738461734158
2018-06-15 02:00:00,0.94,0.0,0.03,0.94,27.1,74.0,22.1,1003.6,37.8,19.451637250268305,7.079816966841339
2018-06-15 03:00:00,0.99,0.0,0.03,0.99,27.1,74.0,22.1,1003.3,37.1,18.699883153639576,6.806200852180804
2018-06-15 04:00:00,0.93,0.0,0.03,0.93,27.1,74.0,22.0,1003.6,37.8,19.093100064730358,8.500795840284221
2018-06-15 05:00:00,0.84,0.0,0.01,0.99,27.3,75.0,22.4,1003.1,38.9,17.659382218223136,4.402978499913954
2018-06-15 06:00:00,0.93,0.0,0.51,0.92,27.9,72.0,22.4,1003.7,33.5,16.9372893035249,7.189452764202638
2018-06-15 07:00:00,0.78,0.04,0.02,0.77,29.0,67.0,22.2,1004.8,40.7,18.806783727895144,9.999744287339473
2018-06-15 08:00:00,0.66,0.0,0.17,0.61,31.4,57.0,21.9,1005.4,47.2,21.298232995361275,9.93152915090643
2018-06-15 09:00:00,0.75,0.0,0.37,0.64,33.2,50.0,21.5,1005.2,47.2,21.969405526418047,7.138292570061289
2018-06-15 10:00:00,0.49,0.0,0.01,0.48,34.3,46.0,21.0,1004.8,54.0,25.615807173686306,6.38673804383123
2018-06-15 11:00:00,0.87,0.01,0.01,0.87,35.5,42.0,20.9,1004.1,54.7,22.974154532925823,6.587732804026273
2018-06-15 12:00:00,0.95,0.05,0.02,0.95,35.2,44.0,21.0,1003.8,52.6,24.80788518874798,9.02933178379765
2018-06-15 13:00:00,0.98,0.03,0.06,0.98,36.4,40.0,20.5,1003.0,57.2,25.914957643018326,5.037357477940778
2018-06-15 14:00:00,0.98,0.0,0.04,0.98,35.7,42.0,20.7,1002.0,55.4,25.210664066144684,6.755177077175789
2018-06-15 15:00:00,0.98,0.0,0.03,0.98,34.7,44.0,20.6,1001.6,55.8,25.183762237062346,9.166139841127917
2018-06-15 16:00:00,0.96,0.0,0.04,0.96,33.0,48.0,20.6,1001.9,60.1,29.13047124436316,10.602624443095724
2018-06-15 17:00:00,0.61,0.0,0.04,0.68,32.2,52.0,21.0,1001.8,59.8,24.394379250462375,8.399658384994641
2018-06-15 18:00:00,0.43,0.0,0.04,0.42,29.6,61.0,21.4,1002.3,48.6,21.194254617308342,9.436290119358562
2018-06-15 19:00:00,0.99,0.0,0.04,0.99,28.7,67.0,22.0,1003.4,42.8,20.12003287221363,9.382125410643521
2018-06-15 20:00:00,0.9,0.0,0.06,0.9,28.3,69.0,22.1,1004.1,41.4,19.513141802182286,10.375321537568187
2018-06-15 21:00:00,0.79,0.0,0.06,0.78,28.1,70.0,22.0,1005.1,40.3,18.669940412954993,8.705936191858404
2018-06-15 22:00:00,0.88,0.0,0.04,0.88,27.9,71.0,22.2,1005.6,40.7,20.189354613901482,8.988879811975183
2018-06-15 23:00:00,0.92,0.0,0.05,0.91,27.6,72.0,22.2,1005.5,40.7,18.686248525084537,7.931841908332259
2018-06-16 00:00:00,0.99,0.0,0.04,0.99,27.4,75.0,22.5,1005.2,37.1,18.398048076843995,8.579150713336194
2018-06-16 01:00:00,0.98,0.0,0.03,0.97,27.2,75.0,22.5,1004.5,36.7,16.929123959578988,8.625819495051392
2018-06-16 02:00:00,0.97,0.0,0.03,0.97,27.2,75.0,22.4,1004.0,36.0,17.31747020136004,9.59923048087747
2018-06-16 03:00:00,0.95,0.0,0.03,0.95,27.2,73.0,22.0,1003.9,35.6,15.515405506990348,10.075822147777998
2018-06-16 04:00:00,0.55,0.0,0.04,0.53,27.0,75.0,22.1,1003.9,33.5,15.743154728509127,8.726573164434063
2018-06-16 05:00:00,0.84,0.0,0.1,0.97,27.3,76.0,22.6,1004.4,32.0,13.754197314304955,8.932080174246442
2018-06-16 06:00:00,0.95,0.0,0.01,0.95,28.1,70.0,22.2,1004.2,31.7,15.164854596867178,6.7518282750582825
2018-06-16 07:00:00,0.92,0.0,0.03,0.92,29.5,66.0,22.4,1004.7,37.4,17.948129057010853,6.53258473752027
2018-06-16 08:00:00,0.96,0.0,0.18,0.95,31.8,56.0,22.0,1005.8,38.2,14.010734976180206,9.450360068655616
2018-06-16 09:00:00,0.98,0.0,0.48,0.97,33.3,50.0,21.4,1006.2,38.5,15.096070223017636,9.803502630270486
2018-06-16 10:00:00,0.94,0.02,0.03,0.94,34.5,45.0,20.9,1005.7,43.9,19.477682657345927,6.706703981817427
2018-06-16 11:00:00,0.85,0.03,0.04,0.85,36.0,40.0,20.5,1004.9,44.6,15.109615144215958,4.619472934619246
2018-06-16 12:00:00,0.84,0.05,0.09,0.83,36.0,42.0,20.9,1004.4,41.0,14.010734976180206,9.450360068655616
2018-06-16 13:00:00,0.54,0.0,0.08,0.52,36.3,40.0,20.7,1003.6,43.9,19.06753961763107,9.715396694426305
2018-06-16 14:00:00,0.88,0.02,0.09,0.87,36.4,40.0,20.8,1003.0,54.0,24.867138538262033,8.56244246222322
2018-06-16 15:00:00,0.89,0.01,0.14,0.88,35.5,42.0,20.4,1002.6,54.4,24.824293735629055,6.65164945913478
2018-06-16 16:00:00,0.54,0.0,0.06,0.52,33.5,46.0,20.2,1002.6,58.3,27.390427669300422,8.89968943799849
2018-06-16 17:00:00,0.64,0.0,0.41,0.44,31.8,54.0,21.2,1003.2,55.8,19.054450466465514,8.088134359727968
2018-06-16 18:00:00,0.71,0.0,0.27,0.7,30.5,59.0,21.6,1003.6,38.9,15.854843913092065,6.405772747412101
2018-06-16 19:00:00,0.55,0.0,0.08,0.53,29.4,65.0,22.0,1004.9,33.8,15.804761912174792,8.403540973867443
2018-06-16 20:00:00,0.98,0.0,0.21,0.98,28.6,68.0,22.1,1005.8,33.1,12.663925575975904,8.224049428726907
2018-06-16 21:00:00,0.79,0.0,0.02,0.79,28.5,69.0,22.2,1006.5,29.5,13.992793586581028,8.743667859847882
2018-06-16 22:00:00,0.94,0.0,0.01,0.94,28.1,71.0,22.2,1006.7,41.0,20.861636727752714,8.428648351858026
2018-06-16 23:00:00,0.96,0.0,0.12,0.96,27.9,72.0,22.2,1006.4,40.7,15.539877634317117,8.262699505031678
2018-06-17 00:00:00,0.99,0.0,0.02,0.99,27.7,72.0,22.3,1006.2,40.7,20.12003287221363,9.382125410643521
2018-06-17 01:00:00,1.0,0.0,0.03,1.0,27.6,71.0,21.9,1005.2,40.7,15.04345896279761,8.338725468236992
2018-06-17 02:00:00,0.94,0.01,0.02,0.94,27.3,73.0,22.0,1005.2,40.0,21.565707852085357,8.278299634496447
2018-06-17 03:00:00,0.96,0.01,0.02,0.96,27.2,74.0,22.1,1004.6,45.4,19.030464643664402,5.818196923982468
2018-06-17 04:00:00,0.92,0.0,0.01,0.92,26.9,75.0,22.2,1004.7,38.5,20.46341825119426,9.110900804897922
2018-06-17 05:00:00,0.25,0.01,0.04,0.88,26.6,77.0,22.3,1004.4,45.4,16.59659099674549,6.705458022144829
2018-06-17 06:00:00,0.88,0.0,0.0,0.88,27.5,75.0,22.5,1004.6,36.7,16.150941378401587,6.199765527133702
2018-06-17 07:00:00,0.57,0.0,0.0,0.57,29.2,67.0,22.5,1005.1,40.3,20.071979169689833,7.704910915223965
2018-06-17 08:00:00,0.67,0.0,0.0,0.67,30.9,60.0,22.4,1005.6,46.8,21.229965582379382,6.490651844844764
2018-06-17 09:00:00,0.7,0.0,0.0,0.7,33.2,51.0,21.8,1005.8,44.6,13.351447505761737,5.394334945189137
2018-06-17 10:00:00,0.91,0.01,0.0,0.9,35.2,44.0,21.3,1005.4,34.6,13.329776402789143,3.571702822414785
2018-06-17 11:00:00,0.9,0.01,0.02,0.89,36.8,40.0,20.9,1004.4,35.3,12.192568089632967,-0.42577385977051563
2018-06-17 12:00:00,0.96,0.07,0.02,0.95,37.6,38.0,21.0,1003.5,34.6,11.222383006759184,7.857997178009335
2018-06-17 13:00:00,0.96,0.24,0.1,0.95,37.8,37.0,20.5,1002.8,42.5,19.0994752271062,6.576476720034564
2018-06-17 14:00:00,0.85,0.0,0.1,0.84,36.3,39.0,20.1,1002.2,45.0,20.169460341054368,4.6564868249180105
2018-06-17 15:00:00,1.0,0.0,0.05,1.0,35.0,46.0,21.5,1001.7,45.7,19.458518247787403,8.663490497514543
2018-06-17 16:00:00,0.94,0.0,0.04,0.94,34.2,47.0,21.4,1001.7,45.4,19.831981746663637,11.45000000000001
2018-06-17 17:00:00,0.8,0.0,0.88,0.84,32.2,52.0,21.2,1002.2,45.7,16.98096555501237,14.761328152286413
2018-06-17 18:00:00,0.96,0.0,0.87,0.85,31.0,57.0,21.5,1002.7,41.8,14.790708301526907,7.53624229567648
2018-06-17 19:00:00,1.0,0.0,0.99,0.97,30.0,61.0,21.8,1003.8,32.4,15.503513520877599,7.899434695468116
2018-06-17 20:00:00,0.99,0.0,0.82,0.99,29.5,65.0,22.1,1004.9,32.0,15.870867250452426,6.092255142270112
2018-06-17 21:00:00,0.9,0.0,0.44,0.89,29.1,67.0,22.3,1005.3,32.4,17.689651203089856,5.747716095374025
2018-06-17 22:00:00,0.81,0.0,0.07,0.8,28.7,70.0,22.7,1005.5,36.7,19.030464643664402,5.818196923982468
2018-06-17 23:00:00,0.74,0.0,0.02,0.74,28.1,70.0,22.2,1005.4,36.7,19.417486257954042,5.567874587503377
2018-06-18 00:00:00,0.48,0.0,0.08,0.46,27.7,73.0,22.4,1004.9,36.4,18.352590699492296,4.917561856947892
2018-06-18 01:00:00,0.4,0.0,0.13,0.35,27.3,75.0,22.5,1004.4,34.2,17.975593714046564,5.154418553777879
2018-06-18 02:00:00,0.55,0.0,0.08,0.53,27.2,76.0,22.5,1004.0,33.8,17.9749681579784,5.840421193686509
2018-06-18 03:00:00,0.79,0.0,0.12,0.78,27.0,76.0,22.4,1003.8,35.3,18.450496416125976,5.994929690873982
2018-06-18 04:00:00,0.88,0.0,0.0,0.87,27.0,75.0,22.2,1003.9,35.3,16.49480172406703,7.691652363680724
2018-06-18 05:00:00,0.92,0.0,0.57,0.76,27.8,72.0,22.2,1003.9,35.3,16.897328070424336,8.241377559634662
2018-06-18 06:00:00,0.76,0.0,0.41,0.68,28.1,70.0,22.1,1004.4,34.2,13.314355109655887,8.319732448461318
2018-06-18 07:00:00,0.85,0.0,0.25,0.81,29.2,66.0,22.3,1005.3,36.7,16.629045633620972,9.991738653255053
2018-06-18 08:00:00,0.88,0.0,0.1,0.88,31.4,55.0,21.4,1005.6,46.1,20.852021874140668,10.170210605506604
2018-06-18 09:00:00,0.91,0.0,0.03,0.91,33.0,49.0,21.0,1005.8,48.6,22.36468437470462,8.140079411150912
2018-06-18 10:00:00,0.93,0.03,0.02,0.93,34.5,44.0,20.4,1005.6,58.3,25.954065790334614,7.44220860705897
2018-06-18 11:00:00,0.92,0.03,0.05,0.92,35.5,39.0,19.5,1005.2,59.0,27.67574462418897,8.992394536310975
2018-06-18 12:00:00,0.93,0.04,0.12,0.93,35.3,39.0,19.5,1004.2,61.9,29.1023293986317,9.455920027873395
2018-06-18 13:00:00,0.91,0.01,0.08,0.9,35.8,38.0,19.1,1003.7,62.3,29.943700614961116,8.02339039817814
2018-06-18 14:00:00,0.91,0.01,0.05,0.91,34.7,39.0,18.5,1003.0,63.7,28.7545941960488,10.465816385765457
2018-06-18 15:00:00,0.89,0.0,0.07,0.89,34.3,42.0,19.6,1002.4,62.3,30.219230288431916,9.238945869238492
2018-06-18 16:00:00,0.87,0.01,0.06,0.86,33.0,45.0,19.5,1002.4,62.6,29.13047124436316,10.602624443095724
2018-06-18 17:00:00,0.87,0.0,0.04,0.89,32.3,46.0,19.4,1002.7,60.5,21.95295464919884,12.168721468183055
2018-06-18 18:00:00,0.81,0.0,0.03,0.8,30.2,58.0,21.2,1003.1,47.5,19.513141802182286,10.375321537568187
2018-06-18 19:00:00,0.81,0.0,0.04,0.81,29.0,64.0,21.5,1004.1,41.0,17.611768952213318,12.331893381547497
2018-06-18 20:00:00,0.81,0.0,0.02,0.81,28.5,66.0,21.6,1005.1,40.0,14.41681763465924,9.008627491964486
2018-06-18 21:00:00,0.76,0.0,0.03,0.76,28.2,67.0,21.5,1006.1,31.7,13.977245501931796,6.223070639059742
2018-06-18 22:00:00,0.81,0.0,0.06,0.8,27.8,71.0,22.0,1006.2,28.8,12.960201354624097,6.043441142891998
2018-06-18 23:00:00,0.96,0.0,0.21,0.96,27.0,74.0,22.0,1006.0,25.9,11.510108895365455,5.3672519241068795
2018-06-19 00:00:00,0.98,0.0,0.14,0.98,26.5,75.0,21.8,1005.4,23.4,9.685990497933867,5.819930246483615
2018-06-19 01:00:00,0.98,0.0,0.06,0.98,26.3,76.0,21.7,1005.0,20.5,7.5800772198694215,6.825132184860353
2018-06-19 02:00:00,1.0,0.0,0.04,1.0,26.0,77.0,21.7,1005.0,19.1,6.490566881680924,7.208504807130724
2018-06-19 03:00:00,0.84,0.0,0.02,0.84,25.6,79.0,21.6,1004.9,18.4,6.069785404556236,6.509047944410618
2018-06-19 04:00:00,0.7,0.0,0.02,0.7,25.5,79.0,21.5,1004.9,17.3,7.8801075360672215,6.156614753256581
2018-06-19 05:00:00,0.19,0.0,0.0,0.72,25.3,81.0,21.8,1004.1,18.0,6.18861855782673,5.379684037722159
2018-06-19 06:00:00,0.6,0.0,0.02,0.6,25.9,78.0,21.7,1004.3,16.9,7.505054539300879,3.9905082836800716
2018-06-19 07:00:00,0.95,0.0,0.02,0.95,27.6,70.0,21.8,1004.9,21.6,7.149742845404129,5.789747597658508
2018-06-19 08:00:00,0.9,0.0,0.01,0.9,30.0,60.0,21.5,1005.3,25.6,8.274112912870581,6.46444549091941
2018-06-19 09:00:00,0.85,0.18,0.01,0.84,32.5,49.0,20.6,1005.2,40.3,18.417975367403805,6.703594809183104
2018-06-19 10:00:00,0.15,0.12,0.03,0.04,34.0,44.0,20.0,1004.7,54.0,21.588982919899983,7.014685772311309
2018-06-19 11:00:00,0.12,0.08,0.1,0.0,35.0,40.0,19.2,1004.0,58.0,25.56956111195929,7.331953664732171
2018-06-19 12:00:00,0.13,0.02,0.13,0.0,35.7,38.0,19.0,1003.2,59.0,26.680902691368683,8.157170561764366
2018-06-19 13:00:00,0.03,0.0,0.03,0.0,35.9,36.0,18.4,1002.5,60.8,29.133664937078528,6.726036524881571
2018-06-19 14:00:00,0.05,0.01,0.05,0.0,35.8,38.0,19.3,1001.8,63.4,31.007278943261635,6.590800598922985
2018-06-19 15:00:00,0.11,0.0,0.09,0.02,34.5,40.0,19.1,1001.4,64.4,31.271165519991257,9.560554744433505
2018-06-19 16:00:00,0.24,0.0,0.07,0.21,33.2,46.0,19.9,1001.6,64.8,29.86317461166782,9.703133623373352
2018-06-19 17:00:00,0.73,0.0,0.17,0.66,31.6,52.0,20.4,1002.6,61.9,26.23930308424008,10.601366593670319
2018-06-19 18:00:00,0.25,0.0,0.07,0.21,29.8,60.0,21.2,1003.1,53.3,20.89546017337039,8.869596616706515
2018-06-19 19:00:00,0.79,0.0,0.09,0.78,28.5,66.0,21.6,1004.0,42.1,17.709211622225638,7.154985934243926
2018-06-19 20:00:00,0.96,0.0,0.08,0.96,28.0,68.0,21.5,1005.0,35.3,17.196374960382126,6.258968622859735
2018-06-19 21:00:00,0.87,0.0,0.05,0.87,28.0,67.0,21.2,1005.6,32.4,13.644067431374577,7.563030075842854
2018-06-19 22:00:00,0.89,0.01,0.17,0.87,28.0,67.0,21.3,1006.1,28.8,10.724614268106194,8.684621396487763
2018-06-19 23:00:00,0.96,0.0,0.26,0.95,27.6,70.0,21.6,1005.9,25.6,7.979380812731231,8.556838308944295
2018-06-20 00:00:00,0.98,0.0,0.52,0.96,27.2,72.0,21.7,1005.3,21.6,6.505382386916236,6.505382386916239
2018-06-20 01:00:00,0.97,0.0,0.56,0.95,27.1,73.0,21.8,1004.8,17.6,7.958760696528401,5.368251873319167
2018-06-20 02:00:00,0.92,0.0,0.47,0.89,26.9,74.0,21.8,1004.5,19.4,8.625263508510763,6.4996022500421216
2018-06-20 03:00:00,0.82,0.0,0.33,0.8,26.6,75.0,21.8,1004.2,22.0,9.056514962673264,7.872708347886087
2018-06-20 04:00:00,0.53,0.0,0.28,0.47,26.6,75.0,21.8,1004.3,27.0,11.169701787297026,9.709673629059509
2018-06-20 05:00:00,0.83,0.01,0.2,0.95,26.5,77.0,22.0,1003.9,28.1,9.002378352824978,9.65386886137305
2018-06-20 06:00:00,0.55,0.0,0.22,0.52,26.5,77.0,22.0,1004.0,23.8,6.464445490919411,8.274112912870581
2018-06-20 07:00:00,0.17,0.0,0.16,0.13,28.0,69.0,21.9,1004.4,22.3,5.760295472466236,7.9283665448744856
2018-06-20 08:00:00,0.12,0.0,0.07,0.11,30.2,59.0,21.4,1005.1,27.4,8.335900445507969,8.632077604063813
2018-06-20 09:00:00,0.37,0.34,0.01,0.07,32.6,49.0,20.4,1005.2,44.3,21.20760221665761,9.88926732473236
2018-06-20 10:00:00,0.4,0.4,0.01,0.0,34.0,43.0,19.8,1004.8,59.4,24.45980717422668,9.389240278086879
2018-06-20 11:00:00,0.14,0.12,0.07,0.0,35.3,40.0,19.6,1004.2,59.4,23.828625062366434,9.627389450788945
2018-06-20 12:00:00,0.29,0.19,0.27,0.04,36.1,39.0,19.8,1003.8,60.1,26.394011264579778,8.069459050347545
2018-06-20 13:00:00,0.57,0.0,0.2,0.51,35.3,39.0,19.4,1003.2,64.8,28.472686409813026,10.363210342767758
2018-06-20 14:00:00,0.5,0.0,0.2,0.44,34.1,41.0,19.0,1002.4,65.9,31.384865037740067,10.19756081437327
2018-06-20 15:00:00,0.35,0.0,0.13,0.3,33.9,43.0,19.4,1001.9,69.1,30.624019824703947,9.950347218873313
2018-06-20 16:00:00,0.06,0.0,0.05,0.02,32.7,47.0,20.0,1001.8,63.4,29.885108369300692,7.451194384469768
2018-06-20 17:00:00,0.2,0.0,0.91,0.51,30.4,57.0,21.0,1002.7,60.1,27.43229346660954,7.3504608809115854
2018-06-20 18:00:00,0.93,0.0,0.93,0.52,29.1,62.0,21.2,1002.9,52.6,21.263662114751373,9.025889068102225
2018-06-20 19:00:00,0.96,0.0,0.94,0.44,28.4,65.0,21.3,1003.6,42.8,20.12003287221363,9.382125410643521
2018-06-20 20:00:00,0.75,0.0,0.59,0.5,28.3,67.0,21.5,1004.2,41.0,16.511119986461935,8.779118224096157
2018-06-20 21:00:00,0.72,0.0,0.4,0.66,28.2,67.0,21.6,1004.8,34.6,12.529370982346881,9.789017457677964
2018-06-20 22:00:00,0.96,0.0,0.72,0.94,28.4,67.0,21.7,1005.0,36.0,15.917521393056802,10.736503746638334
2018-06-20 23:00:00,0.98,0.0,0.5,0.97,28.0,69.0,21.8,1005.2,35.3,8.725585085573744,10.03763741696287
2018-06-21 00:00:00,0.91,0.0,0.58,0.91,27.2,74.0,22.2,1004.7,24.1,4.76690024726524,9.355568503977864
2018-06-21 01:00:00,1.0,0.0,0.17,1.0,26.9,76.0,22.4,1003.9,21.2,7.281961780139786,9.663489671572243
2018-06-21 02:00:00,0.99,0.0,0.02,0.99,26.9,76.0,22.3,1003.5,22.0,8.632077604063815,8.335900445507967
2018-06-21 03:00:00,0.98,0.0,0.04,0.98,27.0,75.0,22.1,1003.4,21.2,9.03932442880394,7.584893794301166
2018-06-21 04:00:00,0.97,0.0,0.05,0.97,26.8,75.0,22.0,1003.3,28.1,11.189711634773307,10.434574908956229
2018-06-21 05:00:00,0.94,0.0,0.02,0.98,26.7,75.0,21.8,1003.3,32.4,11.950293312656054,10.027486711110015
2018-06-21 06:00:00,0.88,0.0,0.01,0.88,27.5,71.0,21.9,1003.6,32.0,12.563128867151237,10.541716798859246
2018-06-21 07:00:00,0.94,0.0,0.0,0.94,29.1,65.0,21.9,1004.0,39.2,17.24398150914487,11.631212392191529
2018-06-21 08:00:00,0.96,0.0,0.0,0.96,31.4,55.0,21.4,1004.3,47.5,21.651458537777337,11.031969143670992
2018-06-21 09:00:00,0.97,0.0,0.0,0.97,32.8,50.0,21.1,1004.4,58.0,27.703694265059983,9.53914692559469
2018-06-21 10:00:00,0.98,0.02,0.1,0.98,33.8,45.0,20.2,1004.2,61.2,29.48275200514976,9.579526825623374
2018-06-21 11:00:00,0.99,0.04,0.1,0.99,34.8,42.0,19.9,1003.6,68.8,29.836708386046702,9.121997187349397
2018-06-21 12:00:00,0.99,0.1,0.23,0.98,34.7,41.0,19.6,1003.0,66.6,33.03466325908614,8.851611342506207
2018-06-21 13:00:00,0.99,0.01,0.15,0.99,34.7,42.0,19.8,1002.4,69.5,30.564315377693887,7.620539711389536
2018-06-21 14:00:00,0.99,0.0,0.12,0.99,33.9,42.0,19.2,1001.7,65.9,32.05060459914667,10.413872710435733
2018-06-21 15:00:00,0.71,0.0,0.04,0.7,32.4,47.0,19.8,1001.1,66.2,31.769424140137048,10.939089989760463
2018-06-21 16:00:00,0.35,0.0,0.02,0.34,31.9,49.0,19.8,1001.1,65.5,29.87457364791045,11.467774385449623
2018-06-21 17:00:00,0.73,0.0,0.06,0.99,30.9,54.0,20.5,1001.4,61.9,25.126682458759937,10.151838681571224
2018-06-21 18:00:00,1.0,0.0,0.04,1.0,29.1,63.0,21.4,1001.7,50.8,18.279551879213376,10.13252106314844
2018-06-21 19:00:00,1.0,0.0,0.03,1.0,28.1,70.0,22.1,1002.6,38.9,18.622036355536885,9.488401444556532
2018-06-21 20:00:00,0.99,0.0,0.02,0.99,28.0,70.0,22.1,1003.1,38.5,16.629045633620972,9.991738653255053
2018-06-21 21:00:00,0.98,0.0,0.01,0.98,28.1,70.0,22.1,1003.8,40.7,20.12003287221363,9.382125410643521
2018-06-21 22:00:00,0.97,0.0,0.01,0.97,28.0,69.0,21.9,1004.0,40.7,16.137295272493134,11.299455796115613
2018-06-21 23:00:00,0.98,0.0,0.01,0.98,27.6,71.0,21.9,1004.1,42.8,21.20760221665761,9.88926732473236
2018-06-22 00:00:00,0.97,0.0,0.05,0.97,27.3,72.0,21.7,1003.7,43.2,20.861636727752714,8.428648351858026
2018-06-22 01:00:00,0.94,0.0,0.13,0.93,27.1,72.0,21.6,1003.3,44.3,22.349828132936107,7.261899367811267
2018-06-22 02:00:00,0.94,0.0,0.07,0.94,27.0,72.0,21.6,1003.0,42.8,20.13954566026545,6.934601689937437
2018-06-22 03:00:00,0.91,0.0,0.0,0.91,27.0,73.0,21.8,1002.9,40.0,20.895960520744904,7.195056213503162
2018-06-22 04:00:00,0.98,0.0,0.04,0.98,26.9,75.0,22.0,1003.0,40.7,21.14308396768294,7.695453224827542
2018-06-22 05:00:00,0.97,0.01,0.08,0.97,27.4,71.0,21.8,1003.0,42.1,16.617774435648524,9.2113827846804
2018-06-22 06:00:00,0.91,0.0,0.05,0.91,27.5,72.0,21.9,1003.3,35.3,12.528179031698016,10.890579881242422
2018-06-22 07:00:00,0.52,0.0,0.14,0.46,28.9,66.0,21.8,1003.7,37.1,14.708053307884375,12.341522105981557
2018-06-22 08:00:00,0.8,0.0,0.35,0.76,30.6,57.0,21.2,1004.2,47.5,21.651458537777337,11.031969143670992
2018-06-22 09:00:00,1.0,0.0,1.0,0.96,32.3,50.0,20.6,1004.5,54.0,25.583420288339628,8.31255714868609
2018-06-22 10:00:00,0.97,0.0,0.05,0.97,33.3,46.0,20.0,1004.0,56.2,26.967794118157595,8.244882073181186
2018-06-22 11:00:00,0.92,0.01,0.05,0.92,35.2,40.0,19.5,1003.2,60.1,27.625478631867356,7.4022246899320905
2018-06-22 12:00:00,0.91,0.2,0.29,0.89,34.2,44.0,20.0,1002.9,60.1,27.0712507631003,6.749620887230731
2018-06-22 13:00:00,0.89,0.0,0.16,0.88,34.3,41.0,19.3,1002.0,58.0,26.610176626066796,10.751209231036682
2018-06-22 14:00:00,0.86,0.0,0.12,0.85,35.1,39.0,19.0,1001.5,58.7,28.464095181353745,6.0502302027968105
2018-06-22 15:00:00,0.85,0.0,0.06,0.85,34.0,43.0,19.9,1000.9,60.1,28.784773154487365,8.800388312154388
2018-06-22 16:00:00,0.95,0.0,0.05,0.95,32.9,45.0,19.5,1000.6,61.6,29.78383513137848,10.255396865400435
2018-06-22 17:00:00,0.98,0.0,0.05,0.92,31.0,54.0,20.6,1001.2,61.2,28.08190169529971,9.669374187377553
2018-06-22 18:00:00,0.97,0.0,0.05,0.97,29.4,60.0,20.8,1001.5,55.4,23.086877978713,9.327704176056216
2018-06-22 19:00:00,0.91,0.0,0.03,0.91,28.1,67.0,21.5,1002.2,46.1,20.89546017337039,8.869596616706515
2018-06-22 20:00:00,0.9,0.0,0.05,0.89,27.8,70.0,21.8,1002.6,40.7,20.212608029555962,8.166423736466887
2018-06-22 21:00:00,0.83,0.0,0.02,0.83,27.8,69.0,21.6,1003.5,42.5,20.954355113209395,8.466109011199618
2018-06-22 22:00:00,0.92,0.0,0.01,0.92,27.5,70.0,21.6,1003.9,41.8,19.093100064730358,8.500795840284221
2018-06-22 23:00:00,0.88,0.0,0.01,0.88,27.4,70.0,21.5,1003.8,38.9,19.123094306473316,8.917245322728753
2018-06-23 00:00:00,0.86,0.0,0.0,0.86,27.4,71.0,21.6,1003.3,38.9,19.144313186172255,9.337305426607356
2018-06-23 01:00:00,0.93,0.0,0.01,0.93,27.1,71.0,21.4,1003.1,38.9,18.669940412954993,8.705936191858404
2018-06-23 02:00:00,0.93,0.0,0.02,0.93,27.0,72.0,21.5,1002.6,37.8,17.641929178929683,8.98901189484303
2018-06-23 03:00:00,0.97,0.0,0.0,0.97,26.9,73.0,21.6,1002.3,35.6,16.246235708604257,8.638276755260389
2018-06-23 04:00:00,0.97,0.0,0.0,0.97,26.8,73.0,21.6,1002.6,33.1,15.804761912174792,8.403540973867443
2018-06-23 05:00:00,0.98,0.0,0.0,0.99,26.7,74.0,21.6,1002.9,32.0,14.809034404713897,8.550000000000008
2018-06-23 06:00:00,0.99,0.0,0.0,0.99,27.2,71.0,21.6,1003.4,33.1,14.343763197086092,7.950877772039924
2018-06-23 07:00:00,0.98,0.0,0.05,0.98,28.5,66.0,21.7,1003.8,36.4,16.180464582078827,8.968977974557232
2018-06-23 08:00:00,0.93,0.0,0.12,0.92,30.6,58.0,21.5,1004.3,42.8,19.82751429858267,7.216625024171607
2018-06-23 09:00:00,0.98,0.0,0.1,0.97,32.5,52.0,21.2,1004.3,43.6,19.508617021645918,5.964382776343837
2018-06-23 10:00:00,0.98,0.02,0.27,0.98,33.9,47.0,20.9,1003.6,47.9,18.721267796866474,6.446249458251701
2018-06-23 11:00:00,0.97,0.03,0.41,0.96,34.5,45.0,20.7,1003.3,47.2,16.546575072988045,5.697442703000242
2018-06-23 12:00:00,0.97,0.07,0.24,0.97,34.5,45.0,21.0,1002.7,42.1,16.880160347790344,9.3568256707543
2018-06-23 13:00:00,0.99,0.04,0.21,0.99,35.8,40.0,20.1,1001.7,44.3,20.188558936750265,3.559787642172072
2018-06-23 14:00:00,1.0,0.1,0.28,1.0,34.7,43.0,20.3,1001.1,47.9,21.612930278075893,7.866463296490377
2018-06-23 15:00:00,1.0,0.03,0.21,1.0,34.7,42.0,19.8,1000.6,48.6,23.704520174283303,3.7544271609655446
2018-06-23 16:00:00,1.0,0.0,0.14,1.0,32.5,48.0,20.1,1000.6,51.5,23.086877978713,9.327704176056216
2018-06-23 17:00:00,0.95,0.0,0.07,0.95,31.3,52.0,20.4,1000.9,49.3,21.205955275683156,10.804973893801218
2018-06-23 18:00:00,1.0,0.0,0.08,1.0,29.5,58.0,20.4,1001.3,46.1,19.413951400062004,9.46881677064408
2018-06-23 19:00:00,1.0,0.0,0.08,1.0,28.0,66.0,21.2,1002.4,40.3,18.699883153639576,6.806200852180804
2018-06-23 20:00:00,0.99,0.0,0.1,0.99,27.7,69.0,21.4,1003.1,36.7,16.132999069462098,6.518154725436873
2018-06-23 21:00:00,1.0,0.0,0.2,1.0,27.6,69.0,21.5,1003.9,35.3,18.43761222418668,6.348579011914555
2018-06-23 22:00:00,0.97,0.0,0.22,0.96,27.6,69.0,21.5,1004.4,35.6,16.222909387956033,7.564866885158515
2018-06-23 23:00:00,0.97,0.0,0.28,0.96,27.5,71.0,21.7,1004.5,32.8,16.617731591650188,6.378949501906353
2018-06-24 00:00:00,0.93,0.0,0.4,0.89,27.1,73.0,21.8,1004.0,32.0,15.854843913092065,6.405772747412101
2018-06-24 01:00:00,0.99,0.0,0.76,0.98,26.8,74.0,21.9,1003.5,31.0,15.098403837887652,8.027963723638733
2018-06-24 02:00:00,0.98,0.0,0.53,0.97,26.8,75.0,22.0,1003.0,31.0,14.376021702821678,8.300000000000008
2018-06-24 03:00:00,0.97,0.0,0.22,0.96,26.6,76.0,22.0,1002.7,31.7,15.098403837887652,8.027963723638733
2018-06-24 04:00:00,0.99,0.0,0.0,0.99,26.4,76.0,21.8,1002.8,31.0,14.343763197086092,7.950877772039924
2018-06-24 05:00:00,0.94,0.0,0.26,0.93,27.0,74.0,21.9,1003.1,30.6,15.761662348876778,9.100000000000009
2018-06-24 06:00:00,0.96,0.0,0.0,0.96,27.4,72.0,22.0,1003.5,33.8,15.804761912174792,8.403540973867443
2018-06-24 07:00:00,0.96,0.0,0.0,0.96,28.9,66.0,22.0,1003.9,38.2,17.6314273325022,7.8500172113629425
2018-06-24 08:00:00,0.99,0.0,0.0,0.99,31.2,56.0,21.4,1004.2,39.6,17.196374960382126,6.258968622859735
2018-06-24 09:00:00,0.98,0.0,0.0,0.98,33.3,47.0,20.5,1004.6,38.9,15.88080529128185,5.7801404222037975
2018-06-24 10:00:00,0.98,0.0,0.01,0.98,34.9,42.0,20.1,1004.4,45.4,17.978529412105065,5.496588048787458
2018-06-24 11:00:00,0.97,0.0,0.02,0.97,36.0,39.0,19.9,1003.8,45.0,18.417975367403805,6.703594809183104
2018-06-24 12:00:00,0.99,0.0,0.03,0.99,36.5,38.0,19.8,1002.9,46.8,19.76133823002572,6.804374428154573
2018-06-24 13:00:00,0.96,0.02,0.09,0.96,36.5,38.0,19.8,1002.0,46.8,21.208560313381923,6.891078974561331
2018-06-24 14:00:00,0.96,0.0,0.08,0.95,35.6,38.0,19.3,1001.4,54.0,23.473371684249233,10.945812979084108
2018-06-24 15:00:00,0.99,0.0,0.11,0.99,35.7,40.0,20.0,1000.6,52.6,24.11072367778258,8.301987938657495
2018-06-24 16:00:00,1.0,0.0,0.07,1.0,33.8,45.0,20.1,1000.6,55.8,26.914899411152845,8.745180940811016
2018-06-24 17:00:00,0.99,0.0,0.15,0.47,32.2,49.0,20.2,1001.0,55.8,25.829771930544528,12.044620459609925
2018-06-24 18:00:00,0.33,0.0,0.12,0.27,29.5,61.0,21.3,1002.0,53.3,23.112700078357804,10.290437069817743
2018-06-24 19:00:00,0.55,0.0,0.08,0.53,28.6,65.0,21.4,1003.0,46.4,20.46341825119426,9.110900804897922
2018-06-24 20:00:00,0.82,0.0,0.05,0.81,28.2,68.0,21.7,1004.0,41.0,19.470860945902533,7.866738461734158
2018-06-24 21:00:00,0.81,0.0,0.03,0.81,28.0,68.0,21.6,1004.8,40.7,20.818843510887593,7.991605274860206
2018-06-24 22:00:00,0.85,0.0,0.02,0.84,27.9,71.0,22.1,1005.3,41.4,20.189354613901482,8.988879811975183
2018-06-24 23:00:00,0.91,0.0,0.02,0.91,27.8,72.0,22.2,1005.6,42.1,21.565707852085357,8.278299634496447
2018-06-25 00:00:00,0.85,0.0,0.02,0.85,27.6,72.0,22.1,1005.0,42.8,21.588982919899983,7.014685772311309
2018-06-25 01:00:00,0.89,0.0,0.02,0.88,27.5,73.0,22.2,1004.2,40.7,21.6124874847646,6.607600526733859
2018-06-25 02:00:00,0.78,0.0,0.02,0.78,27.1,73.0,21.9,1003.7,43.9,21.612930278075893,7.866463296490377
2018-06-25 03:00:00,0.6,0.0,0.02,0.59,26.9,73.0,21.7,1003.1,42.1,19.00726901861914,7.679435165026202
2018-06-25 04:00:00,0.94,0.0,0.02,0.94,26.6,75.0,21.9,1003.0,37.8,20.10942208481844,7.319231067169307
2018-06-25 05:00:00,0.98,0.0,0.01,0.85,27.0,73.0,21.7,1003.1,40.3,21.179616093424695,7.292726659840309
2018-06-25 06:00:00,0.99,0.0,0.02,0.98,27.4,71.0,21.7,1003.3,40.3,19.07576020195394,6.943008909511072
2018-06-25 07:00:00,0.97,0.0,0.01,0.97,29.0,63.0,21.2,1004.1,42.8,21.14308396768294,7.695453224827542
2018-06-25 08:00:00,0.94,0.0,0.01,0.94,31.1,55.0,21.0,1004.3,47.2,23.375404996195453,6.263420891480999
2018-06-25 09:00:00,0.94,0.0,0.01,0.94,32.8,48.0,20.5,1004.6,56.5,27.43229346660954,7.3504608809115854
2018-06-25 10:00:00,0.94,0.0,0.02,0.94,34.3,43.0,20.0,1004.2,56.9,25.914957643018326,5.037357477940778
2018-06-25 11:00:00,0.8,0.13,0.16,0.78,33.8,47.0,20.9,1003.9,55.8,26.586102899962302,6.628659939430897
2018-06-25 12:00:00,0.66,0.02,0.13,0.62,35.2,40.0,19.7,1002.9,57.2,25.918243723287254,5.983698045546816
2018-06-25 13:00:00,0.46,0.04,0.13,0.4,34.3,44.0,20.4,1002.1,58.7,28.068841521398916,8.048610789856367
2018-06-25 14:00:00,0.84,0.11,0.2,0.82,33.8,47.0,20.8,1001.6,64.4,30.909626441250186,8.28220944328066
2018-06-25 15:00:00,0.81,0.0,0.09,0.8,34.3,43.0,20.0,1000.5,63.7,25.15081508182783,7.689375834207986
2018-06-25 16:00:00,0.71,0.0,0.05,0.71,32.5,49.0,20.3,1000.4,61.9,31.004442431222007,10.073954016623292
2018-06-25 17:00:00,0.72,0.0,0.07,0.98,31.5,51.0,20.2,1000.9,63.7,25.487918268228565,11.347952341814823
2018-06-25 18:00:00,0.97,0.0,0.04,0.96,29.5,62.0,21.3,1001.1,52.2,21.65102734612964,9.639658440896461
2018-06-25 19:00:00,0.91,0.0,0.03,0.91,28.2,67.0,21.5,1002.4,44.6,19.82751429858267,7.216625024171607
2018-06-25 20:00:00,0.9,0.0,0.02,0.9,27.9,71.0,22.0,1003.1,38.5,17.245619694942246,6.967682637535969
2018-06-25 21:00:00,0.84,0.0,0.03,0.84,27.5,71.0,21.8,1003.9,37.1,18.43761222418668,6.348579011914555
2018-06-25 22:00:00,0.92,0.0,0.09,0.91,27.2,72.0,21.8,1004.2,35.3,11.493984162029944,5.856477446640156
2018-06-25 23:00:00,0.95,0.02,0.19,0.95,27.1,71.0,21.5,1004.2,33.1,15.761662348876778,9.100000000000009
2018-06-26 00:00:00,0.97,0.02,0.27,0.97,26.8,75.0,21.9,1003.8,33.1,14.376021702821678,8.300000000000008
2018-06-26 01:00:00,0.91,0.09,0.14,0.89,26.6,76.0,22.0,1003.1,31.7,14.007499957341757,9.808157061602895
2018-06-26 02:00:00,0.89,0.01,0.28,0.86,26.6,75.0,22.0,1002.3,31.3,10.404027556683522,9.367828489024014
2018-06-26 03:00:00,0.57,0.04,0.19,0.48,26.7,75.0,21.8,1001.7,25.2,10.032455143944825,9.033263185844584
2018-06-26 04:00:00,0.98,0.08,0.16,0.98,26.4,76.0,21.8,1002.0,27.7,12.29898685472831,9.267951356541543
2018-06-26 05:00:00,0.95,0.01,0.18,0.96,26.8,74.0,21.7,1002.1,28.1,13.250188677901908,7.6500000000000075
2018-06-26 06:00:00,0.99,0.01,0.01,0.99,27.2,72.0,21.8,1002.4,32.8,15.058010258783414,7.672439445598343
2018-06-26 07:00:00,0.95,0.0,0.01,0.95,28.9,65.0,21.7,1003.1,35.3,16.897805719599347,6.486459886769944
2018-06-26 08:00:00,0.91,0.0,0.0,0.91,31.1,55.0,21.0,1003.4,35.6,15.476313304606938,4.437761428653682
2018-06-26 09:00:00,0.89,0.0,0.01,0.89,33.5,45.0,19.9,1003.6,38.2,17.679621296652964,2.8001769242201355
2018-06-26 10:00:00,0.86,0.0,0.01,0.86,34.5,42.0,19.9,1003.5,43.2,19.47327592771419,1.020551146737414
2018-06-26 11:00:00,0.82,0.0,0.11,0.81,36.0,38.0,19.5,1002.8,48.6,20.20146860232803,2.8391312595853426
2018-06-26 12:00:00,0.87,0.01,0.09,0.86,37.0,36.0,19.6,1001.8,47.2,18.738961030007925,5.0210894749889
2018-06-26 13:00:00,0.57,0.0,0.08,0.55,36.0,36.0,18.7,1001.1,49.0,20.4477151003458,6.643865379061372
2018-06-26 14:00:00,0.49,0.01,0.11,0.46,34.9,43.0,20.3,1000.1,59.0,26.58527221577238,8.12793339129209
2018-06-26 15:00:00,0.51,0.0,0.09,0.49,34.0,47.0,21.1,999.9,63.0,24.459621297916783,3.4375755937136256
2018-06-26 16:00:00,0.85,0.0,0.11,0.84,33.3,49.0,21.0,1000.1,51.5,24.11072367778258,8.301987938657495
2018-06-26 17:00:00,0.97,0.0,0.12,0.97,32.2,52.0,21.1,1000.0,51.1,22.736469880275273,9.651058873685063
2018-06-26 18:00:00,0.99,0.0,0.35,0.99,30.1,59.0,21.1,1000.6,46.8,19.39498664258431,9.044030801250962
2018-06-26 19:00:00,0.97,0.0,0.14,0.97,28.5,68.0,22.1,1001.8,40.3,18.450958705879067,7.454671208976654
2018-06-26 20:00:00,0.96,0.0,0.1,0.95,28.0,70.0,22.0,1002.8,37.4,17.6314273325022,7.8500172113629425
2018-06-26 21:00:00,0.99,0.0,0.11,0.98,27.6,71.0,21.9,1003.5,35.6,18.764966572593753,7.203195785860545
2018-06-26 22:00:00,0.96,0.0,0.11,0.96,27.4,71.0,21.8,1003.8,35.6,18.01810223139599,6.916501426224304
2018-06-26 23:00:00,0.97,0.0,0.12,0.96,27.3,72.0,21.9,1003.7,34.9,16.947955617585354,7.902961494551074
2018-06-27 00:00:00,0.92,0.0,0.18,0.91,27.2,72.0,21.7,1003.0,35.6,17.99684551555924,8.01271186859326
2018-06-27 01:00:00,1.0,0.0,0.0,1.0,27.0,73.0,21.8,1002.0,35.6,16.9372893035249,7.189452764202638
2018-06-27 02:00:00,1.0,0.0,0.05,1.0,26.8,73.0,21.5,1001.5,33.5,15.497863158326718,7.226772275765956
2018-06-27 03:00:00,1.0,0.0,0.11,1.0,26.8,73.0,21.5,1001.5,32.0,15.519280159662596,9.697522535467652
2018-06-27 04:00:00,0.99,0.03,0.12,0.99,26.8,72.0,21.4,1001.7,40.0,19.780344836981765,10.078589094217943
2018-06-27 05:00:00,0.99,0.01,0.01,1.0,27.0,71.0,21.4,1000.8,40.3,16.880160347790344,9.3568256707543
2018-06-27 06:00:00,0.99,0.0,0.03,0.99,27.5,69.0,21.2,1000.9,35.3,16.216318740228292,8.262627095259754
2018-06-27 07:00:00,0.99,0.02,0.05,0.99,28.9,63.0,21.2,1001.7,39.2,17.300181161591087,10.810352990357382
2018-06-27 08:00:00,0.99,0.02,0.01,0.99,30.5,57.0,21.1,1001.9,40.0,16.952593782891398,9.013854005489103
2018-06-27 09:00:00,1.0,0.01,0.01,1.0,32.8,48.0,20.5,1002.0,41.0,17.709211622225638,7.154985934243926
2018-06-27 10:00:00,1.0,0.34,0.1,1.0,34.3,44.0,20.1,1002.2,47.2,20.187849769441527,5.40931804264268
2018-06-27 11:00:00,1.0,0.1,0.27,1.0,35.3,40.0,19.9,1001.6,45.4,17.659382218223136,4.402978499913954
2018-06-27 12:00:00,1.0,0.1,0.45,0.99,35.0,42.0,20.2,1001.5,48.2,21.974257353232858,8.878176263957121
2018-06-27 13:00:00,0.99,0.04,0.24,0.99,34.5,44.0,20.3,1000.8,56.2,24.52597740251221,8.926725740799949
2018-06-27 14:00:00,0.99,0.0,0.15,0.99,34.2,44.0,20.3,1000.1,57.2,23.38274090554557,10.903551152910039
2018-06-27 15:00:00,0.98,0.23,0.25,0.98,33.8,47.0,20.8,999.5,53.6,23.71294283302892,9.102545918450637
2018-06-27 16:00:00,1.0,0.03,0.21,1.0,32.5,49.0,20.5,999.7,53.3,23.843536444471887,10.615826384278384
2018-06-27 17:00:00,1.0,0.0,0.12,0.97,32.2,53.0,21.5,999.8,51.1,20.845079101842952,9.72022002003608
2018-06-27 18:00:00,0.99,0.0,0.09,0.99,29.5,62.0,21.4,1000.8,44.3,18.9659563428792,10.950000000000008
2018-06-27 19:00:00,0.98,0.0,0.12,0.98,28.3,66.0,21.5,1001.8,41.0,19.848140536102633,9.255339932121311
2018-06-27 20:00:00,0.98,0.0,0.16,0.98,27.9,71.0,22.0,1002.6,40.7,19.054450466465514,8.088134359727968
2018-06-27 21:00:00,0.99,0.0,0.0,0.99,27.5,72.0,22.0,1003.4,40.3,20.189354613901482,8.988879811975183
2018-06-27 22:00:00,0.97,0.0,0.05,0.97,27.1,74.0,22.1,1003.5,40.3,16.483620697484803,8.398824245181618
2018-06-27 23:00:00,0.99,0.01,0.04,0.98,27.0,73.0,21.8,1003.5,35.6,18.764966572593753,7.203195785860545
2018-06-28 00:00:00,0.99,0.0,0.06,0.99,27.0,73.0,21.8,1003.0,37.1,19.04504070054291,7.310706170724134
2018-06-28 01:00:00,0.99,0.01,0.08,0.99,27.0,73.0,21.6,1002.5,39.6,19.848140536102633,9.255339932121311
2018-06-28 02:00:00,0.99,0.02,0.02,0.99,26.9,73.0,21.6,1002.0,41.8,21.33102249184012,7.7638572534926755
2018-06-28 03:00:00,0.98,0.0,0.0,0.98,26.8,73.0,21.5,1001.8,41.4,19.093100064730358,8.500795840284221
2018-06-28 04:00:00,0.97,0.0,0.01,0.97,26.7,71.0,21.1,1001.5,37.8,16.952593782891398,9.013854005489103
2018-06-28 05:00:00,0.96,0.0,0.05,0.96,26.9,71.0,21.1,1001.4,36.0,16.53781045190467,8.06602910091903
2018-06-28 06:00:00,0.98,0.0,0.01,0.98,27.1,70.0,21.1,1001.7,34.9,15.480768816367307,8.581130278360162
2018-06-28 07:00:00,0.97,0.0,0.0,0.97,28.4,66.0,21.4,1002.2,36.0,16.483620697484803,8.398824245181618
2018-06-28 08:00:00,0.96,0.04,0.01,0.96,30.4,58.0,21.1,1002.8,37.8,17.309228596571792,5.624109297624045
2018-06-28 09:00:00,0.98,0.03,0.01,0.97,32.4,48.0,20.0,1003.2,37.8,14.057679912656619,4.297864059424235
2018-06-28 10:00:00,0.98,0.33,0.14,0.98,34.6,40.0,19.1,1002.9,39.2,16.889704976622717,-0.5898014942722716
2018-06-28 11:00:00,0.97,0.31,0.27,0.97,36.0,37.0,18.9,1002.4,40.3,14.094155353306773,1.7305446763530898
2018-06-28 12:00:00,0.96,0.18,0.16,0.95,36.8,36.0,19.1,1001.5,36.0,12.960201354624097,6.043441142891998
2018-06-28 13:00:00,0.95,0.0,0.17,0.94,36.3,37.0,19.2,1000.6,43.2,17.641929178929683,8.98901189484303
2018-06-28 14:00:00,0.96,0.02,0.35,0.95,36.0,38.0,19.5,1000.3,50.4,22.646592160940394,8.242685454148612
2018-06-28 15:00:00,0.95,0.0,0.13,0.94,34.6,43.0,20.4,1000.0,52.2,22.31288658727748,5.978719941868227
2018-06-28 16:00:00,0.96,0.01,0.08,0.96,34.2,43.0,19.9,999.8,47.5,20.474874123486195,5.871075678902076
2018-06-28 17:00:00,0.97,0.01,0.18,0.98,33.2,49.0,21.0,1000.3,45.0,20.071979169689833,7.704910915223965
2018-06-28 18:00:00,0.73,0.0,0.19,0.71,31.2,55.0,21.0,1001.2,41.0,17.67369318628685,7.502037666994057
2018-06-28 19:00:00,0.77,0.0,0.21,0.73,29.4,60.0,20.7,1002.2,36.7,15.058010258783414,7.672439445598343
2018-06-28 20:00:00,0.97,0.0,0.18,0.97,28.4,64.0,20.9,1002.9,31.3,14.833519560029973,7.887122254802965
2018-06-28 21:00:00,0.88,0.0,0.12,0.87,27.7,68.0,21.2,1003.7,32.0,15.503513520877599,7.899434695468116
2018-06-28 22:00:00,0.8,0.0,0.1,0.79,27.4,70.0,21.4,1004.2,32.8,15.068842025849227,8.700000000000006
2018-06-28 23:00:00,0.62,0.0,0.02,0.62,27.2,72.0,21.6,1004.0,34.2,16.96746453857221,6.855300659511196
2018-06-29 00:00:00,0.33,0.0,0.09,0.28,26.9,73.0,21.6,1003.6,34.2,17.266009149445157,7.6873225541326216
2018-06-29 01:00:00,0.85,0.0,0.09,0.84,26.8,73.0,21.5,1003.3,34.9,17.213440759560633,7.30667210274942
2018-06-29 02:00:00,0.85,0.0,0.02,0.85,26.9,72.0,21.5,1002.7,33.8,15.502221215611003,5.036977008311646
2018-06-29 03:00:00,0.87,0.0,0.0,0.88,26.8,72.0,21.4,1002.4,35.3,19.0994752271062,6.576476720034564
2018-06-29 04:00:00,0.9,0.0,0.0,0.9,26.4,74.0,21.5,1002.3,38.2,16.617731591650188,6.378949501906353
2018-06-29 05:00:00,0.95,0.0,0.01,0.96,26.8,73.0,21.6,1002.3,31.7,15.503513520877599,7.899434695468116
2018-06-29 06:00:00,0.89,0.0,0.05,0.88,27.5,70.0,21.6,1002.5,34.2,15.770815478134109,8.03563184538998
2018-06-29 07:00:00,0.92,0.0,0.02,0.92,28.9,64.0,21.4,1003.2,38.5,18.686248525084537,7.931841908332259
2018-06-29 08:00:00,0.85,0.0,0.0,0.85,31.0,55.0,20.9,1003.0,43.2,20.861358114933925,5.2013207553928575
2018-06-29 09:00:00,0.94,0.0,0.0,0.94,33.0,47.0,20.2,1003.0,45.4,21.17336668976247,3.733435819839002
2018-06-29 10:00:00,0.89,0.0,0.0,0.89,34.3,43.0,19.9,1002.8,45.4,18.356428330471317,3.568128213541384
2018-06-29 11:00:00,0.93,0.0,0.02,0.93,35.3,40.0,19.8,1002.3,44.3,18.735813371014522,6.087634789186467
2018-06-29 12:00:00,0.87,0.01,0.08,0.86,36.2,37.0,19.1,1001.4,45.4,19.04504070054291,7.310706170724134
2018-06-29 13:00:00,0.83,0.0,0.09,0.83,36.0,38.0,19.3,1000.6,47.9,20.48255598702829,9.551172715339801
2018-06-29 14:00:00,0.86,0.01,0.23,0.84,35.3,39.0,19.1,1000.1,52.9,24.394379250462375,8.399658384994641
2018-06-29 15:00:00,0.45,0.04,0.33,0.26,34.5,41.0,19.2,999.6,53.6,20.851519386404032,4.8139525629587165
2018-06-29 16:00:00,0.58,0.0,0.29,0.48,33.4,45.0,19.7,999.8,46.1,20.895960520744904,7.195056213503162
2018-06-29 17:00:00,0.51,0.01,0.67,0.37,32.8,47.0,19.9,999.9,44.3,-6.811735915548058,2.891410350820626
2018-06-29 18:00:00,0.52,0.0,0.49,0.12,30.8,53.0,20.1,1000.6,20.2,6.054188098612473,8.332875042061959
2018-06-29 19:00:00,0.34,0.0,0.29,0.17,29.1,60.0,20.5,1001.5,22.0,10.800307988846612,6.489479743866685
2018-06-29 20:00:00,0.35,0.0,0.25,0.23,28.3,65.0,21.0,1002.3,23.8,11.47831870716605,6.10313031621658
2018-06-29 21:00:00,0.26,0.0,0.12,0.24,28.0,67.0,21.2,1002.9,23.4,9.743700647852352,2.2495105434386526
2018-06-29 22:00:00,0.29,0.0,0.11,0.25,27.7,68.0,21.3,1003.6,18.0,8.314254606237347,1.767249371950958
2018-06-29 23:00:00,0.28,0.0,0.19,0.16,27.4,70.0,21.4,1003.6,16.6,9.325458242752807,1.812685456077174
2018-06-30 00:00:00,0.34,0.0,0.3,0.11,27.1,71.0,21.5,1003.0,18.4,10.442479901366871,1.0975488643103604
2018-06-30 01:00:00,0.45,0.0,0.39,0.19,26.9,72.0,21.4,1002.4,18.4,10.075396907624224,0.7045403848156684
2018-06-30 02:00:00,0.44,0.0,0.09,0.39,26.7,72.0,21.2,1002.1,18.0,10.100734301164016,1.4195656297926713
2018-06-30 03:00:00,0.51,0.0,0.02,0.5,26.5,73.0,21.2,1001.7,18.0,10.093847352892867,0.35248491669525767
2018-06-30 04:00:00,0.66,0.01,0.01,0.66,26.2,74.0,21.1,1002.1,18.0,10.093847352892867,-0.35248491669526294
2018-06-30 05:00:00,0.93,0.0,0.2,0.88,26.2,73.0,21.0,1001.8,17.6,6.8,1.2491397351303002e-15
2018-06-30 06:00:00,0.91,0.0,0.18,0.9,26.9,70.0,21.0,1002.3,13.3,5.7378285357782115,1.7542302283364226
2018-06-30 07:00:00,0.91,0.0,0.19,0.89,28.8,63.0,21.1,1002.9,17.6,6.847033205136639,1.4553818357243185
2018-06-30 08:00:00,0.53,0.0,0.17,0.48,31.1,53.0,20.5,1003.5,19.8,6.0916401620029,0.31924933308196024
2018-06-30 09:00:00,0.56,0.0,0.07,0.54,33.5,45.0,19.9,1003.9,19.1,2.9,5.327213576290986e-16
2018-06-30 10:00:00,0.88,0.07,0.18,0.87,35.2,40.0,19.5,1003.9,18.0,2.8783838397598336,-0.35342109587492826
2018-06-30 11:00:00,0.24,0.04,0.2,0.12,36.8,35.0,19.0,1003.1,22.3,5.8,1.0654427152581972e-15
2018-06-30 12:00:00,0.34,0.03,0.3,0.1,37.5,33.0,18.4,1002.3,27.0,8.60769888645749,-1.8296228791962834
2018-06-30 13:00:00,0.38,0.03,0.18,0.31,37.2,32.0,17.8,1001.3,26.6,1.8467702839738933,6.440453362786736
2018-06-30 14:00:00,0.58,0.05,0.46,0.33,34.0,50.0,22.1,1001.5,34.6,-3.537697627145113,11.57128754715273
2018-06-30 15:00:00,0.56,0.0,0.49,0.22,32.7,52.0,21.5,1001.2,38.9,5.856477446640152,11.493984162029946
2018-06-30 16:00:00,0.74,0.0,0.61,0.59,33.0,49.0,20.8,1000.6,29.9,4.01298205757793,3.613305274337834
2018-06-30 17:00:00,0.64,0.2,0.38,0.97,31.9,53.0,21.0,1001.3,21.6,3.9905082836800725,7.505054539300878
2018-06-30 18:00:00,0.86,0.0,0.47,0.83,28.7,70.0,22.7,1001.6,17.3,2.2218812871808646,-5.78819864428265
2018-06-30 19:00:00,0.64,0.0,0.48,0.53,28.3,74.0,23.3,1002.4,14.0,1.4235782507653005,-3.197409101749103
2018-06-30 20:00:00,0.37,0.0,0.22,0.27,28.1,77.0,23.7,1003.2,10.4,5.756767679519668,0.7068421917498535
2018-06-30 21:00:00,0.19,0.0,0.06,0.15,27.8,78.0,23.5,1003.8,11.2,5.7378285357782115,1.7542302283364226
2018-06-30 22:00:00,0.86,0.04,0.08,0.85,27.6,77.0,23.2,1004.3,11.9,6.518743047927909,-1.0324674692655225
2018-06-30 23:00:00,0.88,0.0,0.11,0.87,27.5,77.0,23.2,1004.6,11.2,4.685893304218874,-1.43262135314141
2018-07-01 00:00:00,0.93,0.0,0.08,0.92,27.4,77.0,23.0,1003.9,9.4,5.785871491506981,-0.40458754771592625
2018-07-01 01:00:00,0.84,0.04,0.11,0.84,27.0,78.0,22.7,1003.4,13.3,6.841600689897065,-3.950000000000001
2018-07-01 02:00:00,0.39,0.03,0.07,0.38,26.6,78.0,22.5,1002.9,13.7,5.702441754805555,-2.9055391983330985
2018-07-01 03:00:00,0.99,0.03,0.02,0.99,26.2,80.0,22.5,1002.4,11.2,4.676976310969129,-1.0797650608505516
2018-07-01 04:00:00,0.93,0.04,0.04,0.93,26.0,81.0,22.5,1002.5,9.4,4.366330768241984,-1.0886485301985036
2018-07-01 05:00:00,0.99,0.0,0.02,1.0,25.9,83.0,22.8,1003.0,8.6,3.215421213791276,0.7423384793347553
2018-07-01 06:00:00,0.99,0.0,0.0,0.99,26.5,79.0,22.5,1003.6,11.5,5.3989495089621515,1.0494494745709955
2018-07-01 07:00:00,0.92,0.0,0.0,0.92,28.0,70.0,22.1,1004.0,15.8,5.756767679519668,0.7068421917498535
2018-07-01 08:00:00,0.95,0.0,0.0,0.95,30.4,59.0,21.5,1004.3,17.6,3.233246532964663,2.1808523235359116
2018-07-01 09:00:00,0.98,0.0,0.0,0.98,32.4,51.0,21.0,1004.7,16.6,1.4375439180851277,-1.0832670416736863
2018-07-01 10:00:00,0.98,0.11,0.1,0.98,34.3,45.0,20.5,1004.2,19.8,1.800051331474436,-1.0815799573111138
2018-07-01 11:00:00,0.97,0.06,0.18,0.97,35.6,41.0,20.2,1003.6,20.5,2.894099322141325,1.1109406435904323
2018-07-01 12:00:00,0.91,0.09,0.19,0.9,36.7,37.0,19.7,1002.7,23.0,5.755336383148386,2.5624408513775405
2018-07-01 13:00:00,0.81,0.05,0.19,0.79,38.0,33.0,19.1,1001.7,23.8,1.4333142502483949,4.998560818879258
2018-07-01 14:00:00,0.97,0.13,0.65,0.95,33.2,51.0,21.6,1002.0,37.1,-2.535263393937182,14.378193193978237
2018-07-01 15:00:00,0.95,0.08,0.39,0.93,34.3,44.0,20.3,1001.3,34.2,2.8652427062828205,9.371786608437748
2018-07-01 16:00:00,0.99,0.03,0.12,0.99,33.2,49.0,21.0,1001.2,29.2,0.6766377953180152,9.676371287520293
2018-07-01 17:00:00,0.98,0.45,0.31,0.99,31.1,57.0,21.5,1001.9,24.8,6.042203531053469,7.200817765318393
2018-07-01 18:00:00,1.0,0.0,0.18,1.0,29.0,69.0,22.9,1002.5,20.2,-0.6883116461770159,-4.3458286986186065
2018-07-01 19:00:00,0.93,0.01,0.19,0.93,28.8,70.0,22.9,1002.8,11.2,-1.8017254983928965,-2.883363526931848
2018-07-01 20:00:00,0.68,0.0,0.49,0.49,28.0,75.0,23.1,1004.0,9.4,2.490620541896064,-3.985826051935202
2018-07-01 21:00:00,0.55,0.0,0.42,0.35,26.9,83.0,23.7,1004.9,10.8,3.2335921554035223,-1.0506577808748205
2018-07-01 22:00:00,0.69,0.0,0.23,0.64,25.9,89.0,24.0,1005.1,13.0,6.092338390726597,3.239353783222646
2018-07-01 23:00:00,0.8,0.0,0.23,0.78,26.0,88.0,23.9,1005.0,12.6,2.5237363199446032,3.604268994871564
2018-07-02 00:00:00,0.63,0.0,0.28,0.54,26.0,87.0,23.7,1004.3,14.0,7.128052193506942,3.6319239979163758
2018-07-02 01:00:00,0.33,0.0,0.21,0.2,26.1,85.0,23.5,1003.3,13.3,6.486172749262467,-2.887830165838178
2018-07-02 02:00:00,0.37,0.0,0.15,0.3,25.9,85.0,23.2,1002.7,14.4,7.920591775570361,-2.122316169840666
2018-07-02 03:00:00,0.23,0.0,0.1,0.18,25.6,85.0,22.9,1002.4,13.3,3.5670951622914937,-3.2118269105225172
2018-07-02 04:00:00,0.23,0.0,0.17,0.1,25.5,85.0,22.8,1002.8,8.6,4.998560818879258,-1.4333142502483969
2018-07-02 05:00:00,0.39,0.0,0.14,0.12,26.1,79.0,22.2,1002.9,9.0,4.688551036221175,-0.32785542659738853
2018-07-02 06:00:00,0.18,0.0,0.04,0.17,26.9,75.0,22.0,1003.1,13.7,6.8,1.2491397351303002e-15
2018-07-02 07:00:00,0.19,0.0,0.04,0.17,28.6,67.0,21.9,1003.6,14.0,2.894099322141325,1.1109406435904323
2018-07-02 08:00:00,0.39,0.0,0.15,0.3,30.5,59.0,21.6,1004.2,14.4,-1.0549740469210394,2.485363104321589
2018-07-02 09:00:00,0.38,0.0,0.11,0.32,32.3,52.0,21.2,1004.6,18.7,-0.7352419856890856,4.6421352007971475
2018-07-02 10:00:00,0.46,0.03,0.11,0.41,34.0,46.0,20.6,1004.3,22.7,-0.37668495821827785,5.386845871403051
2018-07-02 11:00:00,0.38,0.11,0.11,0.31,35.8,39.0,19.8,1003.5,25.9,-1.822103540185308,7.892397524760404
2018-07-02 12:00:00,0.46,0.19,0.16,0.36,36.8,37.0,19.6,1002.7,29.5,-1.8406706832694608,10.438962181929405
2018-07-02 13:00:00,0.79,0.3,0.53,0.69,31.1,60.0,22.5,1003.1,41.0,0.7536377698983874,14.380265300465863
2018-07-02 14:00:00,0.89,0.38,0.33,0.85,31.5,58.0,22.2,1002.6,41.4,10.553806428859248,15.072397614917447
2018-07-02 15:00:00,0.96,0.07,0.36,0.94,32.6,53.0,21.6,1001.6,39.6,7.582869291715809,10.062807426595889
2018-07-02 16:00:00,0.95,0.02,0.03,0.95,33.1,48.0,20.6,1001.2,37.8,15.39125198580867,6.218469450704145
2018-07-02 17:00:00,0.97,0.21,0.3,0.95,32.7,51.0,21.1,1001.3,39.6,11.510108895365455,5.3672519241068795
2018-07-02 18:00:00,1.0,0.1,0.13,1.0,31.2,57.0,21.6,1001.9,30.2,14.081377284944276,7.805434885966024
2018-07-02 19:00:00,0.99,0.08,0.12,0.99,29.2,63.0,21.5,1002.6,32.0,15.39125198580867,6.218469450704145
2018-07-02 20:00:00,0.93,0.0,0.12,0.92,28.5,67.0,21.8,1003.5,30.6,14.360953396056818,4.666156615061708
2018-07-02 21:00:00,0.82,0.0,0.26,0.78,28.0,69.0,21.7,1004.2,28.8,15.492137046601172,4.736421616508341
2018-07-02 22:00:00,0.91,0.0,0.28,0.9,27.4,72.0,21.9,1004.6,30.2,15.091808626231607,4.327506486326882
2018-07-02 23:00:00,0.75,0.0,0.21,0.72,27.4,72.0,21.8,1004.7,27.7,11.88088766335554,3.1834742547610038
2018-07-03 00:00:00,0.67,0.0,0.16,0.63,27.0,73.0,21.9,1004.1,22.3,11.888206453689419,3.8627124296868445
2018-07-03 01:00:00,0.71,0.0,0.21,0.68,26.8,74.0,21.8,1003.5,22.0,8.652745622452938,3.672872607799174
2018-07-03 02:00:00,0.58,0.0,0.2,0.53,26.4,76.0,21.8,1003.1,18.4,9.353074360871934,5.400000000000005
2018-07-03 03:00:00,0.19,0.0,0.04,0.16,26.3,76.0,21.7,1002.8,21.2,10.082668606169777,3.870373855089248
2018-07-03 04:00:00,0.27,0.0,0.06,0.23,26.0,77.0,21.5,1002.9,18.7,7.128052193506942,3.6319239979163758
2018-07-03 05:00:00,0.43,0.0,0.11,0.34,25.6,79.0,21.6,1003.7,13.7,3.252691193458118,3.2526911934581193
2018-07-03 06:00:00,0.52,0.0,0.09,0.49,26.3,75.0,21.5,1004.1,10.8,4.666904755831213,4.666904755831214
2018-07-03 07:00:00,0.53,0.0,0.01,0.53,28.1,66.0,21.2,1004.7,15.8,4.649263446279661,3.632402704421383
2018-07-03 08:00:00,0.45,0.0,0.0,0.46,30.7,55.0,20.5,1004.8,18.7,4.680663690362691,4.364789504399991
2018-07-03 09:00:00,0.57,0.0,0.0,0.57,32.8,47.0,19.9,1004.6,19.4,3.6133052743378347,4.012982057577929
2018-07-03 10:00:00,0.74,0.0,0.0,0.74,34.5,41.0,19.5,1004.2,21.2,5.7247447850283795,1.42733918403804
2018-07-03 11:00:00,0.58,0.07,0.12,0.54,36.3,36.0,18.7,1003.6,26.6,6.815049550106451,-1.0793978087775917
2018-07-03 12:00:00,0.79,0.05,0.21,0.76,36.8,34.0,18.5,1003.1,24.8,5.755336383148386,2.5624408513775405
2018-07-03 13:00:00,0.82,0.0,0.36,0.75,35.1,41.0,19.7,1003.0,29.2,-6.8005097616181445,9.024581263534412
2018-07-03 14:00:00,0.89,0.0,0.29,0.86,33.3,52.0,22.0,1002.5,36.7,-12.92337635915024,10.096848195340796
2018-07-03 15:00:00,0.93,0.06,0.41,0.91,34.0,50.0,22.0,1001.9,36.4,-8.632077604063813,8.335900445507969
2018-07-03 16:00:00,0.88,0.01,0.19,0.86,31.9,59.0,22.9,1002.0,35.3,-1.7554427574642135,9.030970087718506
2018-07-03 17:00:00,0.81,0.07,0.32,0.77,32.0,56.0,22.0,1002.0,22.3,-8.323222045346816,7.494262791219212
2018-07-03 18:00:00,0.39,0.0,0.2,0.32,31.4,59.0,22.2,1002.0,24.1,-4.971631089293716,6.139453095510071
2018-07-03 19:00:00,0.15,0.0,0.13,0.04,30.5,61.0,22.0,1002.7,15.5,4.333068166694749,5.750175672340508
2018-07-03 20:00:00,0.65,0.0,0.03,0.64,29.2,62.0,21.1,1003.5,20.5,10.51387698542274,5.357087896926655
2018-07-03 21:00:00,0.33,0.0,0.01,0.32,28.5,66.0,21.4,1004.0,22.7,12.26862906020748,3.9863192274368235
2018-07-03 22:00:00,0.09,0.0,0.0,0.09,28.0,68.0,21.6,1004.6,22.7,11.88088766335554,3.1834742547610038
2018-07-03 23:00:00,0.93,0.0,0.0,0.93,27.6,71.0,21.9,1004.9,21.6,11.160878248725057,1.7677094549546108
2018-07-04 00:00:00,0.23,0.0,0.0,0.23,27.3,72.0,21.9,1004.5,20.5,11.513535359039336,1.413684383499707
2018-07-04 01:00:00,0.67,0.0,0.0,0.67,27.0,73.0,21.8,1004.2,20.5,10.793921949283115,1.5169868004647176
2018-07-04 02:00:00,0.84,0.0,0.0,0.84,26.9,73.0,21.6,1003.9,19.1,9.74959675482086,1.7191169589026103
2018-07-04 03:00:00,0.85,0.0,0.0,0.85,26.6,74.0,21.5,1003.6,17.6,8.314254606237347,1.767249371950958
2018-07-04 04:00:00,0.33,0.0,0.0,0.33,26.1,77.0,21.6,1003.7,14.4,6.5187430479279085,1.0324674692655247
2018-07-04 05:00:00,0.46,0.0,0.0,0.04,26.5,73.0,21.3,1004.0,11.2,6.535062985480411,2.508575646817105
2018-07-04 06:00:00,0.29,0.0,0.0,0.29,27.1,71.0,21.4,1004.5,13.3,7.593967397912721,2.1775351109542913
2018-07-04 07:00:00,0.24,0.0,0.0,0.24,29.1,63.0,21.3,1005.0,18.4,7.593967397912721,2.1775351109542913
2018-07-04 08:00:00,0.21,0.0,0.0,0.21,31.6,52.0,20.6,1005.5,20.9,7.172285669722765,2.192787785420528
2018-07-04 09:00:00,0.33,0.0,0.0,0.33,33.8,44.0,19.9,1005.6,23.0,7.558529312547013,1.4692292643993936
2018-07-04 10:00:00,0.42,0.0,0.03,0.41,35.7,37.0,19.0,1005.4,24.8,7.558529312547013,1.4692292643993936
2018-07-04 11:00:00,0.34,0.01,0.18,0.21,36.8,33.0,18.0,1004.6,26.6,9.383039235653808,1.4861274178821948
2018-07-04 12:00:00,0.44,0.01,0.19,0.34,37.5,31.0,17.6,1003.9,27.0,8.314254606237347,1.767249371950958
2018-07-04 13:00:00,0.55,0.02,0.21,0.48,37.8,31.0,17.6,1003.0,25.6,1.0811407922523495,5.086367523815789
2018-07-04 14:00:00,0.6,0.0,0.36,0.47,36.4,36.0,19.0,1002.2,29.5,-6.143371093601033,5.7287862245249865
2018-07-04 15:00:00,0.48,0.0,0.25,0.42,33.8,51.0,22.2,1002.0,29.9,-10.806243742382302,3.3038002633669246
2018-07-04 16:00:00,0.33,0.0,0.17,0.27,34.2,50.0,22.5,1001.8,29.5,-9.692532269362681,7.572636146505597
2018-07-04 17:00:00,0.39,0.0,0.12,0.07,33.5,48.0,20.9,1002.2,30.2,-14.038866726456938,7.464597848295666
2018-07-04 18:00:00,0.45,0.06,0.38,0.17,32.0,55.0,21.9,1002.6,31.3,-8.980088637561916,6.52441630044645
2018-07-04 19:00:00,0.38,0.0,0.06,0.36,31.4,59.0,22.5,1003.2,20.9,-3.603450996785794,5.766727053863696
2018-07-04 20:00:00,0.97,0.01,0.01,0.97,31.0,55.0,20.9,1004.0,12.6,3.9597979746446654,3.9597979746446668
2018-07-04 21:00:00,0.93,0.0,0.0,0.93,30.4,57.0,20.9,1004.7,17.3,8.987940462991668,4.383711467890778
2018-07-04 22:00:00,0.89,0.0,0.0,0.89,29.4,63.0,21.5,1005.0,22.0,12.22684500917257,2.5988961352219975
2018-07-04 23:00:00,0.95,0.0,0.0,0.95,28.5,65.0,21.4,1005.2,22.0,11.21577151354694,1.3771235804781632
2018-07-05 00:00:00,0.93,0.0,0.0,0.93,27.8,67.0,21.2,1004.5,19.8,9.383039235653808,1.4861274178821948
2018-07-05 01:00:00,0.91,0.0,0.0,0.91,27.1,70.0,21.2,1004.1,16.6,8.314254606237347,1.767249371950958
2018-07-05 02:00:00,0.89,0.0,0.0,0.89,26.7,72.0,21.1,1003.8,14.8,7.160557646651569,0.7526049355271042
2018-07-05 03:00:00,0.08,0.0,0.0,0.08,26.3,72.0,20.9,1003.2,12.6,7.180188374442374,1.7902220274375418
2018-07-05 04:00:00,0.1,0.0,0.0,0.1,26.0,72.0,20.7,1003.4,15.8,8.987963899415753,1.4235536318661024
2018-07-05 05:00:00,0.18,0.0,0.0,0.19,25.8,74.0,20.8,1003.9,16.2,6.5187430479279085,1.0324674692655247
2018-07-05 06:00:00,0.2,0.0,0.0,0.2,26.5,71.0,20.7,1004.2,13.3,8.268415994161488,0.7233926648055635
2018-07-05 07:00:00,0.26,0.0,0.0,0.26,28.7,61.0,20.4,1004.8,16.6,6.464392319893777,0.6794350112397468
2018-07-05 08:00:00,0.46,0.0,0.0,0.46,31.5,48.0,19.2,1004.9,19.8,6.790680836331102,0.3558845024520213
2018-07-05 09:00:00,0.7,0.0,0.0,0.7,33.8,40.0,18.2,1004.7,20.9,3.9467090073008153,-1.43648460196781
2018-07-05 10:00:00,0.67,0.0,0.0,0.67,35.9,33.0,16.9,1004.6,18.4,3.6339580726595346,-1.1110124779463995
2018-07-05 11:00:00,0.95,0.0,0.0,0.95,37.5,28.0,16.1,1004.0,24.1,6.847606917325106,-2.22492235949962
2018-07-05 12:00:00,0.88,0.0,0.0,0.88,38.9,26.0,15.7,1003.1,25.9,7.210124886344506,-1.141971594793684
2018-07-05 13:00:00,0.39,0.0,0.29,0.17,39.0,24.0,15.1,1002.1,25.2,-0.7515347451843528,5.34744757120448
2018-07-05 14:00:00,0.46,0.0,0.45,0.11,36.5,36.0,19.0,1001.9,30.6,-9.65386886137305,9.002378352824978
2018-07-05 15:00:00,0.88,0.0,0.38,0.83,36.3,38.0,19.5,1001.2,33.5,-4.976398565530441,9.359244484304625
2018-07-05 16:00:00,0.45,0.0,0.3,0.31,35.0,37.0,18.0,1001.5,31.0,9.39311036098875,6.099957192168302
2018-07-05 17:00:00,0.33,0.0,0.09,0.15,33.7,47.0,20.7,1001.7,26.6,-7.212489168102785,7.212489168102784
2018-07-05 18:00:00,0.25,0.0,0.03,0.23,32.7,49.0,20.6,1001.7,22.0,-1.822103540185308,7.892397524760404
2018-07-05 19:00:00,0.09,0.0,0.06,0.04,31.4,51.0,20.1,1002.6,24.8,11.877704642190379,8.316858327090172
2018-07-05 20:00:00,0.13,0.0,0.01,0.12,29.5,61.0,21.4,1004.1,32.4,16.926594180545724,5.174979173592447
2018-07-05 21:00:00,0.66,0.0,0.01,0.66,28.8,64.0,21.3,1004.7,32.8,16.883987555299818,3.2819147204765673
2018-07-05 22:00:00,0.24,0.0,0.01,0.23,28.7,63.0,21.0,1004.8,31.0,16.593164121998313,2.6280990126758814
2018-07-05 23:00:00,0.35,0.0,0.01,0.35,28.2,65.0,21.0,1005.0,29.9,14.748495039395145,3.67721281311495
2018-07-06 00:00:00,0.43,0.0,0.0,0.43,27.6,68.0,21.1,1004.5,27.4,13.302807369979755,2.8275989951215332
2018-07-06 01:00:00,0.45,0.0,0.0,0.45,27.2,70.0,21.1,1003.5,24.1,12.5648279481301,2.442355140819771
2018-07-06 02:00:00,0.59,0.0,0.01,0.59,27.0,70.0,21.1,1003.0,23.0,11.555858497864248,1.0110066158728357
2018-07-06 03:00:00,0.47,0.0,0.02,0.46,26.6,73.0,21.4,1002.9,20.2,10.074920287558198,2.141490415422926
2018-07-06 04:00:00,0.7,0.0,0.01,0.7,26.5,73.0,21.2,1002.7,18.4,9.335804264972015,3.583679495453007
2018-07-06 05:00:00,0.68,0.0,0.02,0.47,26.5,72.0,21.0,1003.0,23.0,10.068373723328557,5.130092647056881
2018-07-06 06:00:00,0.77,0.0,0.01,0.77,27.2,70.0,21.3,1003.4,21.2,10.031810730249347,7.288537128426668
2018-07-06 07:00:00,0.94,0.0,0.01,0.94,29.1,63.0,21.4,1004.0,28.8,11.488041320124251,8.34655058255312
2018-07-06 08:00:00,0.91,0.0,0.0,0.91,31.9,50.0,20.1,1004.0,32.4,13.703181864639015,6.101049646137001
2018-07-06 09:00:00,0.95,0.0,0.0,0.95,34.0,41.0,18.9,1004.3,33.5,14.420567482839964,1.5156627173809738
2018-07-06 10:00:00,0.93,0.0,0.0,0.93,35.3,38.0,18.8,1003.8,33.5,13.3,2.4431703642989694e-15
2018-07-06 11:00:00,0.44,0.01,0.01,0.44,36.6,36.0,18.9,1003.0,35.3,11.555953584963111,-1.8302832409706988
2018-07-06 12:00:00,0.27,0.0,0.27,0.01,38.7,29.0,17.4,1001.5,34.2,9.7,1.7818610927593987e-15
2018-07-06 13:00:00,0.21,0.0,0.21,0.0,39.4,25.0,15.8,1000.3,33.1,12.959121861643629,-2.991849022773404
2018-07-06 14:00:00,0.21,0.0,0.21,0.01,40.0,24.0,15.3,999.5,37.8,15.854843913092067,-6.405772747412095
2018-07-06 15:00:00,0.32,0.0,0.3,0.05,38.8,24.0,14.8,999.1,40.0,19.126938203361515,-1.6733902607550315
2018-07-06 16:00:00,0.49,0.0,0.26,0.37,36.5,31.0,16.8,999.3,49.7,25.537639686651502,1.7857657278496148
2018-07-06 17:00:00,0.36,0.0,0.05,0.79,36.0,30.0,15.9,1000.2,51.8,20.196923442159104,-0.3525386100331192
2018-07-06 18:00:00,0.97,0.0,0.01,0.97,32.2,47.0,19.6,1000.7,43.9,22.00006599751332,9.338473970893643
2018-07-06 19:00:00,0.98,0.0,0.0,0.98,30.5,55.0,20.3,1002.1,46.1,21.916766667393674,6.284531712627575
2018-07-06 20:00:00,0.99,0.0,0.0,0.99,29.5,58.0,20.2,1003.1,43.6,18.360098392421893,5.264673496104679
2018-07-06 21:00:00,0.99,0.0,0.0,0.99,28.9,57.0,19.6,1003.7,35.3,15.102736004171145,3.4867413423299114
2018-07-06 22:00:00,1.0,0.0,0.0,1.0,28.5,57.0,19.1,1003.9,28.8,15.844289099865124,2.2267696153610532
2018-07-06 23:00:00,0.99,0.0,0.0,0.99,28.0,60.0,19.5,1003.7,29.5,15.844289099865124,2.2267696153610532
2018-07-07 00:00:00,0.99,0.0,0.0,1.0,27.6,62.0,19.8,1003.0,28.4,15.111631611105606,2.393447315115535
2018-07-07 01:00:00,0.99,0.0,0.0,0.99,27.1,65.0,20.0,1002.5,27.4,14.06928803100195,3.507867486195183
2018-07-07 02:00:00,0.99,0.0,0.0,0.99,26.8,67.0,20.2,1002.3,25.9,11.226682204773434,5.7202802967182915
2018-07-07 03:00:00,1.0,0.0,0.0,1.0,26.7,67.0,20.1,1002.2,22.0,10.062807426595889,7.582869291715808
2018-07-07 04:00:00,1.0,0.0,0.0,1.0,26.6,70.0,20.6,1002.1,27.0,13.365097862825516,6.809857496093205
2018-07-07 05:00:00,1.0,0.0,0.0,1.0,26.5,72.0,21.2,1002.5,26.6,14.371349745785203,5.806402197946641
2018-07-07 06:00:00,1.0,0.0,0.0,1.0,27.0,70.0,21.1,1002.6,28.1,12.990381056766577,7.500000000000007
2018-07-07 07:00:00,1.0,0.0,0.0,1.0,29.0,62.0,21.0,1003.1,31.3,12.932986131858652,8.723409294143647
2018-07-07 08:00:00,0.99,0.0,0.0,0.99,31.4,50.0,19.7,1003.4,33.1,13.703181864639015,6.101049646137001
2018-07-07 09:00:00,0.99,0.01,0.0,0.99,33.0,45.0,19.4,1003.3,35.3,15.121798609092941,4.913370210561666
2018-07-07 10:00:00,0.98,0.02,0.0,0.98,34.2,42.0,19.6,1003.0,40.0,17.276638428678886,3.3582383186271856
2018-07-07 11:00:00,0.99,0.04,0.0,0.99,36.1,36.0,18.6,1002.5,39.6,12.992080751248245,0.4536934571325099
2018-07-07 12:00:00,0.97,0.02,0.01,0.97,37.4,32.0,17.9,1001.2,37.1,14.753174146338761,5.369716250212996
2018-07-07 13:00:00,0.98,0.01,0.1,0.98,38.0,30.0,17.4,1000.1,41.4,18.352590699492296,4.917561856947892
2018-07-07 14:00:00,0.99,0.0,0.06,0.99,36.9,33.0,18.0,999.7,51.5,24.09887985026849,7.367766959012974
2018-07-07 15:00:00,1.0,0.0,0.01,1.0,36.2,33.0,17.5,999.3,52.6,22.312572193283113,8.564993994132687
2018-07-07 16:00:00,1.0,0.0,0.01,1.0,34.2,41.0,18.9,999.6,51.5,24.025176675108693,10.198082453570047
2018-07-07 17:00:00,1.0,0.0,0.0,1.0,32.7,48.0,20.1,999.8,51.5,18.01716596707156,9.98707817707454
2018-07-07 18:00:00,1.0,0.0,0.0,1.0,30.2,60.0,21.5,1000.6,38.5,16.301125681350932,11.414171083385822
2018-07-07 19:00:00,1.0,0.01,0.01,1.0,28.8,65.0,21.6,1001.5,37.4,14.341795715642341,11.205038850926977
2018-07-07 20:00:00,1.0,0.0,0.01,1.0,28.0,68.0,21.6,1002.3,36.0,16.629045633620972,9.991738653255053
2018-07-07 21:00:00,1.0,0.0,0.0,1.0,27.8,70.0,21.9,1002.9,35.6,16.197718636587737,10.121457946854216
2018-07-07 22:00:00,1.0,0.0,0.0,1.0,27.5,72.0,22.0,1002.9,34.9,16.880160347790344,9.3568256707543
2018-07-07 23:00:00,0.99,0.0,0.0,0.99,27.4,72.0,22.0,1003.1,36.0,17.673001847214675,8.241056103943635
2018-07-08 00:00:00,0.98,0.0,0.01,0.98,27.4,72.0,22.0,1002.5,35.3,16.947955617585354,7.902961494551074
2018-07-08 01:00:00,0.96,0.0,0.0,0.96,27.5,71.0,21.9,1002.1,33.8,16.178292833385,7.8906806422033995
2018-07-08 02:00:00,0.97,0.01,0.01,0.97,27.4,72.0,21.8,1001.6,32.8,16.66113784748917,7.072233425655857
2018-07-08 03:00:00,0.98,0.01,0.01,0.98,27.4,72.0,21.9,1001.2,33.5,16.897328070424336,8.241377559634662
2018-07-08 04:00:00,0.99,0.02,0.02,0.99,27.0,73.0,21.9,1001.5,35.6,15.096070223017636,9.803502630270486
2018-07-08 05:00:00,1.0,0.0,0.0,1.0,27.1,73.0,21.9,1001.5,32.8,17.217478060749077,9.15469547432487
2018-07-08 06:00:00,1.0,0.0,0.0,1.0,27.2,73.0,21.9,1002.0,34.6,15.072397614917444,10.553806428859252
2018-07-08 07:00:00,1.0,0.0,0.0,1.0,28.2,68.0,21.8,1002.5,37.4,16.629045633620972,9.991738653255053
2018-07-08 08:00:00,0.99,0.01,0.02,0.99,30.0,60.0,21.4,1002.9,37.8,16.194675050768996,9.350000000000009
2018-07-08 09:00:00,1.0,0.0,0.0,1.0,31.5,53.0,20.9,1003.3,37.4,14.376021702821678,8.300000000000008
2018-07-08 10:00:00,0.99,0.01,0.01,0.99,32.5,49.0,20.4,1003.2,35.6,14.740222359306335,7.189286807340874
2018-07-08 11:00:00,0.98,0.22,0.08,0.98,34.0,44.0,20.0,1002.7,39.2,17.59731943475249,-0.30716235329618313
2018-07-08 12:00:00,0.99,0.25,0.43,0.99,36.1,38.0,19.5,1001.8,42.8,17.65688368959889,-1.2346895852710162
2018-07-08 13:00:00,1.0,0.09,0.27,0.99,35.7,40.0,19.8,1001.0,45.0,19.496658584050646,6.334848384686425
2018-07-08 14:00:00,0.96,0.07,0.18,0.95,34.8,43.0,20.5,1000.2,48.2,19.0994752271062,6.576476720034564
2018-07-08 15:00:00,0.92,0.01,0.1,0.92,35.3,41.0,20.0,999.3,50.8,22.380058353559487,3.145312081697488
2018-07-08 16:00:00,0.87,0.0,0.03,0.87,34.5,41.0,19.5,999.3,52.2,22.296603601987528,-0.3891886635514138
2018-07-08 17:00:00,0.87,0.0,0.03,0.87,31.1,55.0,21.0,1000.1,45.4,19.413951400062004,9.46881677064408
2018-07-08 18:00:00,0.9,0.0,0.05,0.9,29.1,62.0,21.1,1000.9,42.1,17.300181161591087,10.810352990357382
2018-07-08 19:00:00,0.96,0.0,0.32,0.96,27.9,69.0,21.6,1001.6,38.5,17.5803156968241,10.15000000000001
2018-07-08 20:00:00,0.9,0.0,0.55,0.87,27.6,71.0,21.8,1002.3,37.8,18.01716596707156,9.98707817707454
2018-07-08 21:00:00,0.99,0.0,0.72,0.96,27.6,71.0,22.0,1003.1,37.8,16.880160347790344,9.3568256707543
2018-07-08 22:00:00,0.99,0.0,0.83,0.98,27.8,71.0,22.0,1003.3,34.6,16.6056772453194,10.783852893297535
2018-07-08 23:00:00,1.0,0.0,0.71,1.0,27.8,69.0,21.7,1003.3,42.1,20.845079101842952,9.72022002003608
2018-07-09 00:00:00,0.97,0.0,0.02,0.97,27.4,70.0,21.3,1002.5,45.0,20.46341825119426,9.110900804897922
2018-07-09 01:00:00,0.98,0.0,0.05,0.97,27.0,72.0,21.5,1001.6,41.4,20.527258231989418,8.713304165310806
2018-07-09 02:00:00,0.99,0.0,0.93,0.99,27.1,72.0,21.6,1001.1,40.7,20.212608029555962,8.166423736466887
2018-07-09 03:00:00,0.99,0.0,0.94,0.99,27.4,71.0,21.7,1000.9,42.5,21.603383811406147,8.728333626590757
2018-07-09 04:00:00,0.99,0.0,0.87,0.99,27.3,71.0,21.5,1001.1,42.5,19.39498664258431,9.044030801250962
2018-07-09 05:00:00,0.99,0.0,0.86,0.99,27.5,72.0,22.0,1000.9,39.2,21.285633724136197,8.170789249632856
2018-07-09 06:00:00,1.0,0.0,0.83,0.99,27.8,70.0,21.8,1001.5,44.6,20.954355113209395,8.466109011199618
2018-07-09 07:00:00,0.99,0.0,0.9,0.99,28.4,69.0,22.0,1002.4,45.0,22.736469880275273,9.651058873685063
2018-07-09 08:00:00,1.0,0.0,0.93,0.98,28.8,66.0,21.7,1003.0,52.9,25.935516333691073,9.439755955788453
2018-07-09 09:00:00,0.99,0.0,0.85,0.97,29.9,61.0,21.5,1003.7,52.6,23.04694461870915,7.046158083817964
2018-07-09 10:00:00,0.99,0.0,0.95,0.98,33.0,48.0,20.6,1003.5,51.5,24.824293735629055,6.65164945913478
2018-07-09 11:00:00,0.99,0.0,0.79,0.98,33.0,47.0,20.2,1003.2,56.9,27.395958334242092,7.855664640784468
2018-07-09 12:00:00,0.99,0.17,0.66,0.97,34.7,41.0,19.6,1002.5,62.6,26.58527221577238,8.12793339129209
2018-07-09 13:00:00,0.98,0.0,0.92,0.97,32.5,50.0,20.7,1002.0,60.1,26.969178216555573,9.815978113446688
2018-07-09 14:00:00,1.0,0.0,1.0,0.96,31.5,53.0,20.6,1001.3,63.0,30.624019824703947,9.950347218873313
2018-07-09 15:00:00,1.0,0.0,1.0,0.92,30.2,57.0,20.8,1000.7,63.4,26.6872704303198,9.713372070448987
2018-07-09 16:00:00,1.0,0.0,1.0,0.88,29.6,59.0,20.9,1000.8,55.1,26.33202146969676,10.63882725301191
2018-07-09 17:00:00,1.0,0.0,1.0,0.95,29.4,61.0,21.0,1001.4,54.7,24.17973304627752,9.281729893223288
2018-07-09 18:00:00,1.0,0.0,1.0,0.99,28.4,67.0,21.7,1001.6,48.2,21.974257353232858,8.878176263957121
2018-07-09 19:00:00,0.99,0.0,0.81,0.98,28.1,68.0,21.7,1002.3,44.3,20.861636727752714,8.428648351858026
2018-07-09 20:00:00,0.96,0.0,0.91,0.93,27.8,69.0,21.6,1003.4,41.4,19.848140536102633,9.255339932121311
2018-07-09 21:00:00,0.96,0.0,0.92,0.84,27.4,71.0,21.8,1004.2,43.6,21.571057111180004,10.520907522937865
2018-07-09 22:00:00,1.0,0.0,1.0,0.95,27.2,71.0,21.5,1004.6,43.2,21.190742228614248,11.267317506861378
2018-07-09 23:00:00,1.0,0.0,1.0,0.97,27.3,70.0,21.4,1004.8,42.1,19.1148308056571,11.485349070494212
2018-07-10 00:00:00,1.0,0.0,1.0,0.99,27.2,71.0,21.5,1004.2,42.1,20.76045201358897,10.577978643931445
2018-07-10 01:00:00,1.0,0.0,1.0,0.88,27.4,69.0,21.3,1003.7,43.2,21.631864056132347,9.182181519497934
2018-07-10 02:00:00,1.0,0.0,1.0,0.98,27.3,69.0,21.1,1003.2,44.6,21.253258883487323,11.780873771985986
2018-07-10 03:00:00,0.99,0.0,0.92,0.98,27.0,71.0,21.2,1003.0,45.7,20.845079101842952,9.72022002003608
2018-07-10 04:00:00,1.0,0.0,1.0,0.75,27.2,70.0,21.2,1003.0,47.9,23.74902521907296,10.080863115023265
2018-07-10 05:00:00,0.91,0.0,0.48,0.92,27.5,69.0,21.2,1002.9,47.2,22.295171561101593,10.3964092388212
2018-07-10 06:00:00,0.98,0.0,0.95,0.95,27.6,68.0,21.1,1003.0,44.6,19.513141802182286,10.375321537568187
2018-07-10 07:00:00,1.0,0.0,1.0,0.93,28.3,64.0,20.9,1003.8,45.4,21.63221602504371,11.502053288254324
2018-07-10 08:00:00,0.99,0.0,0.93,0.94,29.1,62.0,21.1,1004.6,50.4,24.485429101834914,10.393448017814684
2018-07-10 09:00:00,0.98,0.0,0.46,0.97,30.8,56.0,20.9,1004.9,53.6,25.953535856622203,9.96262899735936
2018-07-10 10:00:00,0.95,0.0,0.53,0.92,32.8,48.0,20.4,1004.8,59.8,28.402251252102147,8.683439630265292
2018-07-10 11:00:00,0.98,0.01,0.03,0.98,33.8,45.0,20.1,1004.3,59.8,28.041546489376298,6.991542782830399
2018-07-10 12:00:00,0.98,0.12,0.17,0.98,34.4,41.0,19.4,1003.7,62.6,30.272657625060322,3.7170149738569886
2018-07-10 13:00:00,0.9,0.06,0.26,0.88,32.8,49.0,20.8,1003.0,64.1,31.316886545788215,5.522012049808384
2018-07-10 14:00:00,0.87,0.09,0.16,0.85,33.8,44.0,19.9,1002.3,65.5,33.482634746175165,5.303128364863832
2018-07-10 15:00:00,0.51,0.0,0.43,0.24,33.0,47.0,20.4,1001.6,68.4,32.738834176783904,7.558355425953873
2018-07-10 16:00:00,0.26,0.0,0.13,0.23,31.6,52.0,20.5,1001.3,66.2,33.13125584171504,8.877493247016456
2018-07-10 17:00:00,0.53,0.0,0.35,0.9,30.0,57.0,20.6,1002.1,65.5,28.817012443743153,9.363214929560911
2018-07-10 18:00:00,0.99,0.0,0.94,0.98,28.9,64.0,21.5,1002.7,57.2,24.481401752653706,7.4847156409020705
2018-07-10 19:00:00,0.99,0.0,0.99,0.9,28.1,67.0,21.5,1003.6,47.2,20.920190980015562,9.314269126435821
2018-07-10 20:00:00,0.97,0.0,0.95,0.68,27.9,70.0,21.9,1004.2,42.5,19.39498664258431,9.044030801250962
2018-07-10 21:00:00,0.69,0.0,0.16,0.67,27.8,69.0,21.5,1004.9,39.2,19.144313186172255,9.337305426607356
2018-07-10 22:00:00,0.97,0.0,0.48,0.96,27.4,73.0,22.0,1004.9,45.7,21.6124874847646,6.607600526733859
2018-07-10 23:00:00,0.97,0.0,0.63,0.96,27.4,72.0,21.8,1005.1,43.6,22.314238384143877,7.683408445188897
2018-07-11 00:00:00,0.99,0.0,0.74,0.99,26.9,73.0,21.6,1004.7,42.8,17.949844642322585,7.61925700554084
2018-07-11 01:00:00,0.99,0.0,0.71,0.99,27.0,72.0,21.4,1003.9,36.0,18.72768188167332,8.338101183053903
2018-07-11 02:00:00,0.99,0.0,0.65,0.98,27.1,72.0,21.7,1003.6,41.8,21.23251026957943,8.578490989224392
2018-07-11 03:00:00,0.98,0.0,0.1,0.98,27.1,73.0,21.9,1003.2,41.8,20.48255598702829,9.551172715339801
2018-07-11 04:00:00,0.97,0.0,0.05,0.97,27.1,73.0,21.9,1003.2,41.0,18.622036355536885,9.488401444556532
2018-07-11 05:00:00,0.97,0.0,0.85,0.98,27.2,71.0,21.5,1003.4,38.2,19.778026080039965,10.516163006403952
2018-07-11 06:00:00,0.98,0.0,0.86,0.96,27.7,70.0,21.8,1003.6,42.8,19.82393643084444,8.826185154744861
2018-07-11 07:00:00,0.98,0.02,0.85,0.97,28.1,68.0,21.5,1004.4,38.9,14.792307772366332,12.858756968213944
2018-07-11 08:00:00,0.98,0.04,0.76,0.96,29.4,63.0,21.6,1005.2,43.2,17.96017727512383,13.048832600892906
2018-07-11 09:00:00,0.99,0.03,0.94,0.98,30.5,59.0,21.4,1005.6,49.3,22.739489371368922,11.090790013763668
2018-07-11 10:00:00,1.0,0.01,0.97,1.0,29.8,62.0,21.9,1005.6,50.4,20.914882137131535,12.566929027805326
2018-07-11 11:00:00,0.99,0.11,0.56,0.98,30.9,57.0,21.4,1005.2,58.7,21.14308396768294,7.695453224827542
2018-07-11 12:00:00,0.96,0.12,0.24,0.95,33.4,46.0,20.2,1004.3,60.1,21.2503681783595,5.694018992255454
2018-07-11 13:00:00,0.97,0.08,0.13,0.96,33.8,45.0,20.3,1003.2,52.2,20.521610780689958,1.79540830060176
2018-07-11 14:00:00,0.79,0.18,0.35,0.74,33.5,46.0,20.3,1002.6,52.6,23.76177532671108,6.3669485095220075
2018-07-11 15:00:00,0.76,0.08,0.11,0.75,33.0,48.0,20.5,1002.0,50.4,21.6840885715295,7.045587471748805
2018-07-11 16:00:00,0.98,0.0,0.06,0.98,32.0,52.0,20.9,1001.7,49.7,22.381863712243725,9.965047755357102
2018-07-11 17:00:00,0.99,0.01,0.07,0.93,30.8,56.0,21.1,1002.2,49.0,18.44634110060854,10.65000000000001
2018-07-11 18:00:00,0.94,0.0,0.09,0.94,29.1,63.0,21.4,1002.9,43.9,18.979247644924893,10.520368759345509
2018-07-11 19:00:00,0.91,0.0,0.04,0.91,27.9,70.0,22.0,1003.4,45.4,20.48255598702829,9.551172715339801
2018-07-11 20:00:00,0.94,0.0,0.04,0.94,27.4,70.0,21.4,1004.3,41.8,19.513042879725255,9.942391944296078
2018-07-11 21:00:00,0.77,0.0,0.02,0.77,27.0,72.0,21.4,1004.9,40.0,19.39498664258431,9.044030801250962
2018-07-11 22:00:00,0.98,0.0,0.0,0.98,26.8,72.0,21.2,1005.0,40.3,19.780344836981765,10.078589094217943
2018-07-11 23:00:00,0.91,0.0,0.0,0.91,26.6,71.0,21.0,1004.9,42.8,20.92585795075657,11.12647603802561
2018-07-12 00:00:00,1.0,0.0,0.0,1.0,26.5,72.0,21.0,1004.4,43.6,20.189354613901482,8.988879811975183
2018-07-12 01:00:00,0.99,0.0,0.04,0.99,26.4,72.0,21.0,1003.7,40.0,19.123094306473316,8.917245322728753
2018-07-12 02:00:00,0.99,0.0,0.21,0.99,26.5,71.0,20.7,1003.2,38.5,17.57985611350186,9.744673366951371
2018-07-12 03:00:00,1.0,0.0,0.13,1.0,26.1,72.0,20.6,1002.8,36.7,18.087432441023868,9.216007144712805
2018-07-12 04:00:00,1.0,0.0,0.2,1.0,26.1,72.0,20.5,1002.6,36.7,16.880160347790344,9.3568256707543
2018-07-12 05:00:00,1.0,0.0,0.45,1.0,26.5,72.0,21.0,1002.8,36.4,18.01716596707156,9.98707817707454
2018-07-12 06:00:00,1.0,0.0,0.04,1.0,27.0,69.0,20.8,1002.8,38.2,16.887495373796547,9.750000000000009
2018-07-12 07:00:00,0.98,0.04,0.05,0.98,28.0,66.0,20.9,1003.6,38.9,19.054450466465514,8.088134359727968
2018-07-12 08:00:00,0.98,0.0,0.06,0.97,29.8,59.0,21.0,1004.4,42.8,20.542820751975317,6.674767078498868
2018-07-12 09:00:00,0.97,0.0,0.07,0.97,32.0,51.0,20.5,1004.5,46.1,21.179616093424695,7.292726659840309
2018-07-12 10:00:00,0.95,0.02,0.14,0.94,33.2,45.0,19.6,1004.4,53.6,25.665687281553115,7.35951740031387
2018-07-12 11:00:00,0.85,0.0,0.22,0.82,34.3,41.0,19.2,1003.9,66.6,26.307608516397394,5.113681076091396
2018-07-12 12:00:00,0.81,0.04,0.1,0.8,35.0,39.0,19.0,1003.3,59.4,26.302473018495036,3.2295376002364002
2018-07-12 13:00:00,0.93,0.09,0.1,0.93,35.7,39.0,19.4,1002.5,59.8,28.491168365423924,2.492654242583026
2018-07-12 14:00:00,0.93,0.0,0.17,0.92,34.2,42.0,19.4,1001.6,61.6,28.453346199774245,8.158865732183168
2018-07-12 15:00:00,0.77,0.08,0.12,0.74,33.7,46.0,20.5,1001.1,61.2,26.663623831900736,9.181021955691817
2018-07-12 16:00:00,0.94,0.0,0.06,0.94,32.6,46.0,19.6,1000.9,59.0,28.402251252102147,8.683439630265292
2018-07-12 17:00:00,0.82,0.0,0.06,0.01,30.6,54.0,20.1,1000.9,58.0,26.949591000456728,11.998730970736103
2018-07-12 18:00:00,0.05,0.0,0.05,0.0,28.8,64.0,21.2,1001.7,55.4,22.655927349536505,10.087068748279842
2018-07-12 19:00:00,0.06,0.0,0.06,0.0,28.2,69.0,22.0,1002.4,45.7,22.314238384143877,7.683408445188897
2018-07-12 20:00:00,0.13,0.0,0.1,0.03,28.2,64.0,20.9,1003.4,46.8,23.68130725574932,7.694523159936194
2018-07-12 21:00:00,0.4,0.0,0.15,0.32,27.6,68.0,21.1,1003.9,46.4,21.179616093424695,7.292726659840309
2018-07-12 22:00:00,0.52,0.0,0.08,0.49,27.5,70.0,21.6,1004.0,43.6,21.565707852085357,8.278299634496447
2018-07-12 23:00:00,0.79,0.0,0.05,0.78,27.5,68.0,21.1,1004.1,43.6,22.345130895059576,9.028018901323486
2018-07-13 00:00:00,0.87,0.0,0.01,0.87,27.5,70.0,21.6,1003.7,48.2,24.17973304627752,9.281729893223288
2018-07-13 01:00:00,0.91,0.0,0.02,0.91,27.3,70.0,21.4,1003.0,47.5,23.43286870507976,8.995035533587048
2018-07-13 02:00:00,0.96,0.0,0.03,0.96,27.1,69.0,20.9,1002.7,45.4,23.012621336311007,9.768278212231845
2018-07-13 03:00:00,0.97,0.0,0.07,0.97,27.1,69.0,21.0,1002.2,47.2,24.17973304627752,9.281729893223288
2018-07-13 04:00:00,0.92,0.0,0.25,0.91,27.0,70.0,21.0,1002.3,49.3,24.10678021873647,9.73977142881372
2018-07-13 05:00:00,0.84,0.0,0.18,0.81,26.9,70.0,20.9,1002.0,49.0,23.74902521907296,10.080863115023265
2018-07-13 06:00:00,0.92,0.0,0.13,0.91,27.4,70.0,21.4,1002.5,49.7,24.05613109211926,8.755715669137116
2018-07-13 07:00:00,0.91,0.0,0.09,0.9,28.3,67.0,21.6,1003.1,50.4,25.126682458759937,10.151838681571224
2018-07-13 08:00:00,0.91,0.0,0.05,0.9,30.2,58.0,21.0,1003.8,58.3,29.510734065306394,8.462066823581866
2018-07-13 09:00:00,0.87,0.01,0.09,0.87,31.5,54.0,21.0,1004.1,63.4,31.95933812495571,7.37839458247878
2018-07-13 10:00:00,0.92,0.11,0.18,0.91,32.5,49.0,20.2,1003.9,70.6,33.15920366487601,7.048206318722056
2018-07-13 11:00:00,0.91,0.11,0.2,0.9,33.3,46.0,20.0,1003.5,71.6,33.087559409937114,5.24055457884774
2018-07-13 12:00:00,0.87,0.05,0.12,0.85,34.0,43.0,19.8,1003.0,70.9,34.91986934619686,7.422447362194025
2018-07-13 13:00:00,0.89,0.06,0.13,0.88,34.1,43.0,19.8,1002.5,72.0,32.69896597550108,8.152767881708805
2018-07-13 14:00:00,0.97,0.11,0.27,0.96,33.3,47.0,20.4,1001.7,71.3,30.856500439620042,8.847959121725665
2018-07-13 15:00:00,0.95,0.15,0.18,0.94,32.5,49.0,20.2,1001.3,63.7,29.16729505687258,8.917336994043481
2018-07-13 16:00:00,0.96,0.07,0.13,0.96,31.5,53.0,20.9,1001.0,60.1,25.221832984596862,10.706032920606102
2018-07-13 17:00:00,0.96,0.03,0.34,0.93,30.7,56.0,21.0,1000.9,54.7,19.39896904477142,11.20000000000001
2018-07-13 18:00:00,0.67,0.0,0.4,0.54,29.2,61.0,20.9,1001.2,43.9,18.354734398280378,9.352204294634669
2018-07-13 19:00:00,0.87,0.0,0.81,0.49,28.0,68.0,21.5,1002.2,38.2,17.5803156968241,10.15000000000001
2018-07-13 20:00:00,0.87,0.0,0.85,0.2,27.8,69.0,21.6,1003.1,37.8,17.99684551555924,8.01271186859326
2018-07-13 21:00:00,0.97,0.0,0.7,0.94,27.8,70.0,21.8,1003.5,38.9,19.82751429858267,7.216625024171607
2018-07-13 22:00:00,0.97,0.0,0.49,0.95,27.6,72.0,22.0,1003.9,40.7,20.542820751975317,6.674767078498868
2018-07-13 23:00:00,0.95,0.0,0.1,0.94,27.5,72.0,22.0,1004.3,39.6,20.579268395211393,7.490241138832141
2018-07-14 00:00:00,0.99,0.0,0.08,0.99,27.4,71.0,21.8,1003.8,43.9,22.312572193283113,8.564993994132687
2018-07-14 01:00:00,0.98,0.0,0.04,0.98,27.1,73.0,21.8,1003.3,43.6,20.89546017337039,8.869596616706515
2018-07-14 02:00:00,0.99,0.0,0.02,0.99,26.9,71.0,21.2,1002.9,41.8,18.694916163022672,9.118119853212818
2018-07-14 03:00:00,0.99,0.0,0.02,0.99,26.6,72.0,21.1,1002.3,39.6,19.06753961763107,9.715396694426305
2018-07-14 04:00:00,0.99,0.0,0.02,0.99,26.6,72.0,21.2,1002.1,40.0,19.848140536102633,9.255339932121311
2018-07-14 05:00:00,0.98,0.0,0.01,0.99,26.8,72.0,21.3,1001.9,41.4,20.132986637101336,9.819513688075341
2018-07-14 06:00:00,0.92,0.0,0.05,0.92,27.0,71.0,21.3,1001.7,40.7,17.909231136186193,9.125209044764894
2018-07-14 07:00:00,0.11,0.01,0.01,0.09,28.5,65.0,21.4,1002.0,41.8,20.189354613901482,8.988879811975183
2018-07-14 08:00:00,0.88,0.02,0.05,0.87,30.7,57.0,21.2,1002.5,47.9,23.015567694342714,7.478211263873731
2018-07-14 09:00:00,0.92,0.08,0.13,0.91,32.5,51.0,21.0,1002.7,49.7,22.281900813938723,6.812260720039775
2018-07-14 10:00:00,0.91,0.04,0.19,0.9,34.0,45.0,20.4,1002.7,63.4,19.39704528603399,0.33857668488329984
2018-07-14 11:00:00,0.98,0.09,0.21,0.98,35.5,41.0,20.2,1002.2,63.4,18.68860846525709,0.6526205883367642
2018-07-14 12:00:00,0.98,0.17,0.14,0.97,36.5,38.0,20.0,1001.5,49.7,18.716066499215675,2.6303716081452437
2018-07-14 13:00:00,0.96,0.18,0.26,0.96,36.2,39.0,20.2,1000.7,47.2,20.464921777608954,6.256754481066573
2018-07-14 14:00:00,0.96,0.04,0.21,0.96,34.7,44.0,20.8,1000.1,58.3,24.156835513896898,7.849031657123668
2018-07-14 15:00:00,0.95,0.07,0.13,0.94,33.8,47.0,20.9,999.5,58.7,26.273182475062658,7.039878026788561
2018-07-14 16:00:00,0.93,0.0,0.12,0.93,32.8,50.0,21.0,999.5,54.7,23.827068105102782,8.204317492320348
2018-07-14 17:00:00,0.97,0.0,0.05,0.96,33.1,50.0,21.1,999.3,50.0,19.028738777894645,5.098735188519656
2018-07-14 18:00:00,0.94,0.0,0.03,0.94,30.0,62.0,21.8,1000.2,42.5,19.037821892361126,12.363306094841112
2018-07-14 19:00:00,0.98,0.0,0.22,0.98,28.5,68.0,22.0,1001.5,42.8,19.853867352064288,11.005178379591845
2018-07-14 20:00:00,0.96,0.0,0.18,0.96,28.1,70.0,22.0,1002.1,42.1,17.202192930068822,12.045105163371973
2018-07-14 21:00:00,0.94,0.0,0.16,0.93,27.8,71.0,22.1,1003.1,43.6,21.571057111180004,10.520907522937865
2018-07-14 22:00:00,0.97,0.0,0.03,0.97,28.0,69.0,21.8,1002.9,42.8,19.371980995867734,11.63986049296723
2018-07-14 23:00:00,0.95,0.0,0.03,0.95,27.8,69.0,21.6,1003.1,41.8,19.20555600595021,12.472233901844117
2018-07-15 00:00:00,0.95,0.0,0.02,0.95,27.4,72.0,21.9,1002.7,43.9,20.92585795075657,11.12647603802561
2018-07-15 01:00:00,0.9,0.04,0.15,0.89,27.5,72.0,22.0,1002.5,44.3,20.89546017337039,8.869596616706515
2018-07-15 02:00:00,1.0,0.0,0.05,1.0,27.3,71.0,21.5,1001.6,41.0,14.099060086637564,13.615304060996348
2018-07-15 03:00:00,0.98,0.0,0.14,0.98,27.0,72.0,21.6,1001.0,40.7,18.70614872174387,10.80000000000001
2018-07-15 04:00:00,0.99,0.0,0.26,0.99,26.9,72.0,21.4,1000.9,38.9,17.314779474182664,10.403769113183099
2018-07-15 05:00:00,1.0,0.01,0.36,0.99,27.0,72.0,21.5,1001.2,36.7,19.13916142363609,11.050000000000011
2018-07-15 06:00:00,0.99,0.0,0.53,0.99,26.8,75.0,22.0,1001.3,41.0,20.132986637101336,9.819513688075341
2018-07-15 07:00:00,1.0,0.0,0.92,1.0,26.9,76.0,22.3,1001.9,47.9,15.501854727741446,8.950000000000006
2018-07-15 08:00:00,1.0,0.0,0.09,1.0,28.5,67.0,21.9,1002.2,40.3,19.863348423211587,9.688002344038619
2018-07-15 09:00:00,0.99,0.0,0.26,0.99,31.5,55.0,21.3,1002.4,53.6,23.43286870507976,8.995035533587048
2018-07-15 10:00:00,1.0,0.0,1.0,0.99,33.5,48.0,21.1,1002.6,51.1,25.227818614604963,4.903791181177196
2018-07-15 11:00:00,1.0,0.0,0.5,1.0,33.5,48.0,21.1,1002.4,58.7,28.75753946157388,6.112603710042137
2018-07-15 12:00:00,1.0,0.0,0.62,1.0,33.4,50.0,21.4,1002.1,59.4,25.186052685176012,3.9890788585258914
2018-07-15 13:00:00,1.0,0.0,0.65,1.0,32.1,54.0,21.5,1001.4,51.8,24.920886318257963,6.677531363645032
2018-07-15 14:00:00,0.99,0.02,0.43,0.99,33.5,47.0,20.6,1000.8,55.4,27.08748780102954,6.253639310759454
2018-07-15 15:00:00,1.0,0.0,0.33,1.0,32.5,51.0,21.0,1000.4,58.0,28.880403630083666,8.82962548262666
2018-07-15 16:00:00,0.98,0.0,0.81,0.97,31.4,57.0,21.7,1000.4,61.9,29.16729505687258,8.917336994043481
2018-07-15 17:00:00,0.97,0.0,0.3,0.97,30.0,63.0,22.1,1000.8,67.7,23.012621336311007,9.768278212231845
2018-07-15 18:00:00,1.0,0.0,0.2,1.0,28.7,68.0,22.2,1001.8,47.9,20.047646794238275,10.214786244139807
2018-07-15 19:00:00,1.0,0.0,0.17,1.0,28.0,71.0,22.3,1002.1,41.4,17.57985611350186,9.744673366951371
2018-07-15 20:00:00,1.0,0.0,0.03,1.0,27.9,73.0,22.5,1002.5,41.8,20.579268395211393,7.490241138832141
2018-07-15 21:00:00,0.97,0.0,0.15,0.97,28.1,71.0,22.4,1003.0,41.4,20.920190980015562,9.314269126435821
2018-07-15 22:00:00,0.97,0.0,0.05,0.97,28.0,72.0,22.5,1003.4,42.5,20.553563117775806,11.393026075788915
2018-07-15 23:00:00,0.97,0.04,0.2,0.96,27.2,74.0,22.1,1003.4,43.2,21.92509098342242,9.761679433819202
2018-07-16 00:00:00,0.98,0.03,0.02,0.98,27.1,73.0,22.0,1002.8,46.1,23.28877279234674,9.885497550778629
2018-07-16 01:00:00,0.99,0.0,0.67,0.99,26.8,74.0,21.9,1002.6,46.4,18.826667734672654,11.764207665977152
2018-07-16 02:00:00,1.0,0.0,0.93,1.0,26.9,73.0,21.5,1002.1,40.3,20.189354613901482,8.988879811975183
2018-07-16 03:00:00,0.98,0.0,0.79,0.97,27.0,72.0,21.5,1001.6,40.0,19.51183091379151,7.489890145496784
2018-07-16 04:00:00,0.99,0.0,0.65,0.98,26.9,73.0,21.5,1001.4,37.4,17.673001847214675,8.241056103943635
2018-07-16 05:00:00,1.0,0.0,1.0,0.98,26.9,72.0,21.4,1001.7,35.3,19.123094306473316,8.917245322728753
2018-07-16 06:00:00,0.98,0.0,0.89,0.93,25.2,87.0,23.0,1002.2,42.1,21.208560313381923,6.891078974561331
2018-07-16 07:00:00,1.0,0.0,0.78,1.0,25.5,88.0,23.5,1002.9,55.1,20.474874123486195,5.871075678902076
2018-07-16 08:00:00,1.0,0.0,1.0,0.94,25.5,88.0,23.4,1003.5,50.4,22.951314143112846,7.0169209133456905
2018-07-16 09:00:00,1.0,0.0,1.0,0.95,26.0,85.0,23.4,1004.0,51.1,21.285633724136197,8.170789249632856
2018-07-16 10:00:00,1.0,0.0,1.0,0.94,27.2,81.0,23.6,1004.2,51.5,19.790854349227466,8.400719262519388
2018-07-16 11:00:00,1.0,0.0,1.0,0.96,28.2,77.0,23.8,1003.6,50.0,17.256845688944,8.416726018350293
2018-07-16 12:00:00,1.0,0.0,1.0,0.97,29.0,70.0,23.0,1002.9,48.6,16.9372893035249,7.189452764202638
2018-07-16 13:00:00,0.99,0.0,0.62,0.99,28.8,74.0,23.7,1002.4,40.0,18.087432441023868,9.216007144712805
2018-07-16 14:00:00,1.0,0.0,0.33,1.0,26.9,87.0,24.5,1002.0,38.5,19.51183091379151,7.489890145496784
2018-07-16 15:00:00,1.0,0.0,0.55,1.0,28.2,78.0,24.0,1001.3,40.3,18.398048076843995,8.579150713336194
2018-07-16 16:00:00,1.0,0.0,0.91,1.0,29.2,67.0,22.5,1001.1,40.7,19.732581885080183,8.785511490437283
2018-07-16 17:00:00,0.91,0.0,0.0,1.0,30.5,60.0,21.9,1000.8,41.0,13.685687689313369,7.276809223181306
2018-07-16 18:00:00,1.0,0.0,0.0,1.0,29.0,65.0,21.8,1001.5,29.2,13.314355109655887,8.319732448461318
2018-07-16 19:00:00,1.0,0.0,0.0,1.0,28.4,69.0,22.0,1002.0,28.8,11.855237287537099,7.996458519631676
2018-07-16 20:00:00,0.99,0.0,0.0,0.99,28.2,69.0,22.0,1002.6,32.4,15.08848382050176,10.177310843167588
2018-07-16 21:00:00,0.98,0.0,0.12,0.98,28.0,70.0,22.0,1003.7,34.9,16.200461983269918,9.734219615800027
2018-07-16 22:00:00,0.87,0.01,0.81,0.48,27.8,71.0,22.0,1004.2,35.3,17.641929178929683,8.98901189484303
2018-07-16 23:00:00,0.95,0.0,0.93,0.4,27.9,72.0,22.4,1004.1,36.7,18.686248525084537,7.931841908332259
2018-07-17 00:00:00,1.0,0.0,1.0,0.07,27.2,72.0,21.9,1003.7,47.2,23.472873763037228,9.963643776476482
2018-07-17 01:00:00,0.91,0.01,0.88,0.41,26.0,78.0,21.9,1003.3,47.2,19.00726901861914,7.679435165026202
2018-07-17 02:00:00,1.0,0.0,1.0,0.28,25.4,81.0,21.9,1002.8,37.1,18.36226369861628,8.175406525823583
2018-07-17 03:00:00,1.0,0.0,1.0,0.34,25.3,81.0,21.9,1002.6,36.0,15.870867250452426,6.092255142270112
2018-07-17 04:00:00,1.0,0.0,1.0,0.35,25.2,81.0,21.8,1002.5,30.2,9.708278749247295,5.381386784734339
2018-07-17 05:00:00,0.84,0.0,0.11,0.84,25.1,79.0,21.2,1002.7,21.2,12.613844441587954,3.144984642795681
2018-07-17 06:00:00,0.83,0.0,0.01,0.83,26.4,72.0,21.0,1003.0,27.4,15.121798609092941,4.913370210561666
2018-07-17 07:00:00,0.83,0.0,0.1,0.82,28.1,66.0,21.1,1003.2,28.8,13.293051449981151,3.3143299697154487
2018-07-17 08:00:00,0.19,0.0,0.03,0.18,30.7,50.0,19.1,1003.4,27.4,12.283143277481258,0.643732261788215
2018-07-17 09:00:00,0.23,0.01,0.01,0.23,32.8,42.0,18.0,1003.6,32.0,14.080676440039491,0.7379369830255147
2018-07-17 10:00:00,0.17,0.0,0.04,0.14,34.6,38.0,18.2,1003.4,36.4,15.8,2.902412913979227e-15
2018-07-17 11:00:00,0.25,0.01,0.05,0.21,35.8,36.0,18.5,1002.7,42.8,19.452498980066572,1.3602512380104488
2018-07-17 12:00:00,0.32,0.2,0.25,0.15,36.5,35.0,18.6,1002.1,49.7,21.935269951273217,-2.693312489253764
2018-07-17 13:00:00,0.28,0.05,0.21,0.15,36.7,34.0,18.5,1001.4,49.7,21.196771137315494,-0.36999101647040233
2018-07-17 14:00:00,0.2,0.02,0.09,0.16,36.1,35.0,18.2,1000.7,51.1,21.946409105716135,-1.5346424223707549
2018-07-17 15:00:00,0.42,0.3,0.3,0.16,35.2,37.0,18.4,1000.3,55.1,26.28397875060222,-0.9178567632757837
2018-07-17 16:00:00,0.29,0.0,0.23,0.16,34.2,42.0,19.6,1000.0,53.3,24.796222839878503,0.43281967964463075
2018-07-17 17:00:00,0.27,0.0,0.09,0.1,32.0,53.0,21.2,1000.5,49.7,20.187849769441527,5.40931804264268
2018-07-17 18:00:00,0.25,0.0,0.25,0.0,29.9,61.0,21.6,1001.0,40.3,16.216318740228292,8.262627095259754
2018-07-17 19:00:00,0.97,0.0,0.97,0.06,28.4,69.0,22.1,1002.2,34.9,15.924733964727217,6.759648522864437
2018-07-17 20:00:00,1.0,0.0,1.0,0.0,28.4,68.0,21.9,1002.8,32.8,15.804761912174792,8.403540973867443
2018-07-17 21:00:00,0.97,0.0,0.97,0.0,28.5,69.0,22.1,1003.9,33.1,14.400410651795484,8.652639658488914
2018-07-17 22:00:00,0.95,0.0,0.95,0.01,28.4,67.0,21.8,1004.4,32.0,15.818775214865337,7.715332183487769
2018-07-17 23:00:00,0.8,0.0,0.78,0.14,28.0,68.0,21.5,1004.5,32.4,15.459257596345669,7.539983724772137
2018-07-18 00:00:00,0.64,0.0,0.64,0.02,27.7,69.0,21.5,1003.9,31.7,13.683201379794127,7.9000000000000075
2018-07-18 01:00:00,0.45,0.0,0.44,0.02,27.5,69.0,21.4,1003.1,28.8,12.942602299766067,9.062507694346532
2018-07-18 02:00:00,0.78,0.0,0.75,0.13,27.0,72.0,21.6,1002.9,28.8,12.538577507742497,9.448495863487157
2018-07-18 03:00:00,0.71,0.01,0.64,0.21,27.0,72.0,21.6,1002.5,29.5,12.333315534215545,10.348880515953287
2018-07-18 04:00:00,0.98,0.01,0.94,0.62,27.0,72.0,21.5,1002.7,29.9,12.563128867151237,10.541716798859246
2018-07-18 05:00:00,0.87,0.0,0.5,0.37,27.2,71.0,21.4,1002.6,29.9,16.180464582078827,8.968977974557232
2018-07-18 06:00:00,0.6,0.0,0.59,0.09,27.4,70.0,21.4,1003.0,34.2,14.78107305065579,8.193282582163091
2018-07-18 07:00:00,0.97,0.0,0.97,0.2,28.5,65.0,21.2,1003.4,37.1,17.673001847214675,8.241056103943635
2018-07-18 08:00:00,0.7,0.01,0.54,0.49,29.4,61.0,21.1,1003.7,37.4,15.818775214865337,7.715332183487769
2018-07-18 09:00:00,0.87,0.0,0.79,0.49,31.9,52.0,20.8,1004.1,36.0,14.772816928697397,6.888677666373397
2018-07-18 10:00:00,0.33,0.02,0.33,0.0,32.5,49.0,20.3,1003.7,38.2,17.63609817261276,4.071614083623961
2018-07-18 11:00:00,0.26,0.01,0.23,0.04,34.4,43.0,19.9,1002.8,43.9,18.682619174015688,3.971113294619212
2018-07-18 12:00:00,0.66,0.09,0.59,0.39,36.2,37.0,19.1,1002.1,49.7,19.79698436409655,-0.345557647458206
2018-07-18 13:00:00,0.89,0.03,0.85,0.35,35.6,37.0,18.8,1001.4,47.5,20.471905462468765,-1.0728871029803508
2018-07-18 14:00:00,0.92,0.06,0.92,0.18,34.9,39.0,18.8,1000.9,44.3,18.728460324124818,-1.6385279636559684
2018-07-18 15:00:00,0.96,0.0,0.96,0.0,33.7,43.0,19.5,1000.6,40.3,17.997258512815044,-0.31414331587109634
2018-07-18 16:00:00,0.99,0.0,0.99,0.01,32.1,49.0,19.9,1000.5,38.2,16.177798463024097,0.8478424911356978
2018-07-18 17:00:00,0.98,0.0,0.39,0.19,33.6,43.0,19.2,1000.8,33.1,19.488121126872368,0.6805401856987648
2018-07-18 18:00:00,0.95,0.01,0.95,0.01,30.4,60.0,21.6,1001.2,38.5,15.501854727741446,8.950000000000006
2018-07-18 19:00:00,0.95,0.0,0.95,0.0,28.9,65.0,21.5,1002.2,36.4,16.200461983269918,9.734219615800027
2018-07-18 20:00:00,0.98,0.01,0.98,0.01,28.6,66.0,21.6,1002.8,35.6,15.047716095374021,10.932805692640004
2018-07-18 21:00:00,0.99,0.0,0.98,0.15,28.4,67.0,21.6,1003.7,34.9,13.660243402032174,11.874668424728183
2018-07-18 22:00:00,0.99,0.0,0.99,0.23,28.2,66.0,21.4,1004.3,33.5,12.652419038011647,11.798571629081225
2018-07-18 23:00:00,0.98,0.0,0.98,0.11,28.0,66.0,21.1,1004.4,31.7,11.869106705587745,11.461863112573454
2018-07-19 00:00:00,0.97,0.0,0.96,0.45,27.8,66.0,21.0,1003.8,29.9,10.41987555688496,10.790097005079765
2018-07-19 01:00:00,0.94,0.0,0.63,0.87,27.6,67.0,20.9,1003.4,29.2,12.512049979457228,10.13205829590239
2018-07-19 02:00:00,0.98,0.0,0.79,0.94,27.3,69.0,21.1,1002.9,29.9,12.68427486009214,8.555651423102423
2018-07-19 03:00:00,1.0,0.0,1.0,0.99,27.2,70.0,21.2,1002.9,27.7,11.486041829408302,6.901510203794729
2018-07-19 04:00:00,0.95,0.0,0.78,0.9,26.6,73.0,21.3,1002.8,30.6,14.343763197086092,7.950877772039924
2018-07-19 05:00:00,0.98,0.0,0.15,0.96,26.5,72.0,21.2,1002.5,29.9,11.486041829408302,6.901510203794729
2018-07-19 06:00:00,0.99,0.0,0.51,0.98,26.7,71.0,21.0,1002.5,25.2,11.110951625854781,8.68082680209178
2018-07-19 07:00:00,0.99,0.0,0.69,0.97,27.9,67.0,21.3,1002.9,30.6,13.286093160882738,7.983090161105843
2018-07-19 08:00:00,0.98,0.0,0.29,0.97,29.3,61.0,21.0,1003.5,31.0,12.600359320321047,7.571059701177799
2018-07-19 09:00:00,0.57,0.0,0.39,0.34,31.9,51.0,20.5,1003.6,32.8,11.497079796628164,4.645121758357313
2018-07-19 10:00:00,0.53,0.01,0.52,0.04,33.4,46.0,20.2,1003.2,32.4,13.001962732098352,3.2417534010355484
2018-07-19 11:00:00,0.9,0.37,0.87,0.0,34.0,44.0,20.1,1002.8,40.3,17.309228596571792,5.624109297624045
2018-07-19 12:00:00,0.88,0.05,0.85,0.39,33.7,47.0,20.7,1002.4,42.1,17.98736677859567,7.267367912268698
2018-07-19 13:00:00,0.98,0.17,0.96,0.61,33.4,48.0,21.0,1002.3,46.4,21.229965582379382,6.490651844844764
2018-07-19 14:00:00,0.98,0.07,0.98,0.16,32.7,51.0,21.2,1001.9,46.8,19.422652407846492,8.24442681112368
2018-07-19 15:00:00,0.99,0.05,0.99,0.5,32.6,51.0,21.0,1001.5,54.4,21.24388348023685,6.091585563555676
2018-07-19 16:00:00,1.0,0.01,1.0,0.97,30.6,56.0,20.9,1001.9,45.7,18.694916163022672,9.118119853212818
2018-07-19 17:00:00,0.98,0.01,0.55,0.58,29.1,63.0,21.5,1002.2,46.1,21.21762239271874,12.25000000000001
2018-07-19 18:00:00,0.89,0.0,0.65,0.86,28.1,68.0,21.6,1002.5,45.7,18.279551879213376,10.13252106314844
2018-07-19 19:00:00,0.99,0.0,0.95,0.99,27.4,72.0,21.8,1003.3,39.2,16.876157113512875,10.545393358240778
2018-07-19 20:00:00,1.0,0.0,0.98,1.0,27.1,73.0,22.0,1004.1,36.7,16.629045633620972,9.991738653255053
2018-07-19 21:00:00,1.0,0.01,0.89,1.0,26.7,76.0,22.2,1004.2,36.4,16.197718636587737,10.121457946854216
2018-07-19 22:00:00,1.0,0.0,0.71,1.0,26.8,74.0,21.8,1004.4,34.6,16.178292833385,7.8906806422033995
2018-07-19 23:00:00,1.0,0.0,0.56,1.0,26.8,73.0,21.6,1004.4,38.9,19.123094306473316,8.917245322728753
2018-07-20 00:00:00,1.0,0.0,1.0,1.0,27.1,72.0,21.6,1004.1,38.2,18.729113862249104,7.567053187001428
2018-07-20 01:00:00,1.0,0.0,0.98,1.0,27.2,70.0,21.4,1003.2,40.7,20.954355113209395,8.466109011199618
2018-07-20 02:00:00,1.0,0.0,0.79,1.0,26.9,72.0,21.4,1002.7,42.1,19.790854349227466,8.400719262519388
2018-07-20 03:00:00,1.0,0.0,0.87,1.0,26.6,72.0,21.1,1002.5,39.2,17.975880925983336,8.767422935781555
2018-07-20 04:00:00,0.99,0.0,0.95,0.99,26.5,71.0,21.0,1002.3,36.4,16.194675050768996,9.350000000000009
2018-07-20 05:00:00,0.99,0.0,0.98,1.0,27.0,68.0,20.8,1003.1,33.8,19.093100064730358,8.500795840284221
2018-07-20 06:00:00,1.0,0.0,0.98,0.95,27.5,66.0,20.6,1003.1,37.8,18.699883153639576,6.806200852180804
2018-07-20 07:00:00,0.85,0.0,0.55,0.75,28.1,65.0,20.9,1003.4,37.1,18.410097069048806,7.8146225697854765
2018-07-20 08:00:00,0.96,0.01,0.08,0.96,30.4,56.0,20.6,1003.8,43.6,20.4477151003458,6.643865379061372
2018-07-20 09:00:00,0.99,0.02,0.63,0.98,32.0,48.0,19.6,1004.0,43.6,20.182151106540726,5.03197542847309
2018-07-20 10:00:00,0.98,0.52,0.81,0.97,33.2,45.0,19.6,1003.8,47.9,23.0682388110201,4.4840113913487984
2018-07-20 11:00:00,0.97,0.45,0.34,0.95,34.5,41.0,19.2,1003.4,50.4,23.371264541154424,2.4564188867898538
2018-07-20 12:00:00,0.94,0.16,0.38,0.92,35.0,40.0,19.4,1003.0,50.8,24.16437760667383,5.578786147727858
2018-07-20 13:00:00,0.84,0.01,0.46,0.8,35.4,39.0,19.1,1002.1,51.1,20.542820751975317,6.674767078498868
2018-07-20 14:00:00,0.96,0.26,0.31,0.96,34.9,42.0,20.0,1001.6,48.6,20.943074155590473,6.402940333427942
2018-07-20 15:00:00,0.96,0.04,0.12,0.96,35.2,40.0,19.5,1000.9,46.4,20.187849769441527,5.40931804264268
2018-07-20 16:00:00,0.97,0.2,0.23,0.97,33.2,47.0,20.3,1001.1,45.0,20.542820751975317,6.674767078498868
2018-07-20 17:00:00,0.99,0.2,0.1,0.97,32.3,49.0,20.4,1001.8,45.0,17.978529412105065,5.496588048787458
2018-07-20 18:00:00,1.0,0.0,0.07,1.0,29.5,61.0,21.2,1002.5,39.6,18.72768188167332,8.338101183053903
2018-07-20 19:00:00,0.98,0.0,0.02,0.99,27.6,69.0,21.5,1003.5,38.9,18.391534401994868,7.059848606042424
2018-07-20 20:00:00,0.99,0.0,0.06,0.99,27.2,72.0,21.6,1004.5,36.4,17.909231136186193,9.125209044764894
2018-07-20 21:00:00,0.99,0.0,0.06,0.99,27.2,72.0,21.6,1004.8,36.4,16.150941378401587,6.199765527133702
2018-07-20 22:00:00,1.0,0.0,0.07,1.0,27.2,71.0,21.5,1005.3,35.6,17.641929178929683,8.98901189484303
2018-07-20 23:00:00,0.98,0.01,0.11,0.98,27.0,73.0,21.6,1005.3,37.4,17.641929178929683,8.98901189484303
2018-07-21 00:00:00,0.98,0.01,0.05,0.98,26.9,73.0,21.6,1004.5,37.4,18.01716596707156,9.98707817707454
2018-07-21 01:00:00,0.99,0.01,0.03,0.99,26.8,73.0,21.5,1004.0,37.8,17.5803156968241,10.15000000000001
2018-07-21 02:00:00,1.0,0.01,0.03,1.0,26.8,73.0,21.5,1003.5,40.7,19.76640538135035,10.956697417567213
2018-07-21 03:00:00,1.0,0.01,0.01,1.0,26.6,72.0,21.2,1003.2,43.6,20.49315005633246,10.44178149400958
2018-07-21 04:00:00,0.99,0.0,0.01,0.99,26.6,74.0,21.5,1003.2,41.8,18.669940412954993,8.705936191858404
2018-07-21 05:00:00,0.97,0.03,0.01,1.0,26.7,71.0,21.0,1002.9,37.8,18.72768188167332,8.338101183053903
2018-07-21 06:00:00,1.0,0.01,0.03,1.0,26.6,72.0,21.2,1003.2,36.7,12.297560733739024,7.100000000000006
2018-07-21 07:00:00,1.0,0.04,0.02,1.0,28.2,66.0,21.3,1003.7,30.6,12.529370982346881,9.789017457677964
2018-07-21 08:00:00,0.99,0.03,0.03,0.99,30.3,57.0,20.8,1004.3,35.6,14.833519560029973,7.887122254802965
2018-07-21 09:00:00,0.99,0.03,0.02,0.99,32.4,47.0,19.6,1004.8,35.3,12.887067948334163,5.470235798849833
2018-07-21 10:00:00,0.99,0.44,0.09,0.98,34.5,40.0,18.9,1004.7,40.0,16.593164121998313,-2.6280990126758756
2018-07-21 11:00:00,1.0,0.64,1.0,0.97,35.7,36.0,18.3,1004.5,44.3,19.415109108410277,-5.202262806560658
2018-07-21 12:00:00,0.98,0.0,0.62,0.98,36.1,34.0,17.9,1003.9,43.9,20.187694705785734,-0.7049698333905259
2018-07-21 13:00:00,1.0,0.0,0.41,0.99,34.6,42.0,19.9,1003.6,46.1,19.51183091379151,7.489890145496784
2018-07-21 14:00:00,0.99,0.11,0.25,0.99,34.8,41.0,19.7,1003.1,48.2,21.17336668976247,3.733435819839002
2018-07-21 15:00:00,0.99,0.14,0.18,0.99,34.5,43.0,20.0,1002.6,54.0,24.466423601487058,1.2822309279521356
2018-07-21 16:00:00,0.99,0.0,0.06,0.99,34.2,43.0,19.9,1002.4,55.4,21.538251490616688,2.6445647518916937
2018-07-21 17:00:00,0.98,0.01,0.03,0.99,34.4,39.0,18.4,1002.2,46.1,20.15079381524845,1.4090807696313368
2018-07-21 18:00:00,1.0,0.0,0.01,1.0,31.8,51.0,20.3,1002.8,40.7,18.699883153639576,6.806200852180804
2018-07-21 19:00:00,1.0,0.0,0.0,1.0,29.5,62.0,21.4,1003.4,38.2,18.087432441023868,9.216007144712805
2018-07-21 20:00:00,1.0,0.0,0.0,1.0,28.9,63.0,21.2,1004.7,38.2,17.300181161591087,10.810352990357382
2018-07-21 21:00:00,1.0,0.0,0.0,1.0,28.4,64.0,21.0,1005.6,38.5,17.7242052096693,11.075312622473984
2018-07-21 22:00:00,0.99,0.0,0.01,0.99,27.8,67.0,21.0,1005.7,38.2,16.166232664823315,10.904261617679559
2018-07-21 23:00:00,0.99,0.0,0.03,0.99,27.3,70.0,21.4,1005.6,35.6,15.503002606779281,10.45690729490296
2018-07-22 00:00:00,1.0,0.0,0.01,1.0,27.0,72.0,21.5,1004.8,34.2,14.005798484688583,9.09547188475095
2018-07-22 01:00:00,1.0,0.0,0.0,1.0,26.9,73.0,21.6,1004.0,30.2,12.2970583144992,8.934335834845593
2018-07-22 02:00:00,0.98,0.0,0.0,0.98,26.6,74.0,21.5,1003.7,31.7,13.711387112756963,10.71250967066645
2018-07-22 03:00:00,0.99,0.0,0.01,0.99,26.6,73.0,21.4,1003.4,32.0,13.754197314304955,8.932080174246442
2018-07-22 04:00:00,0.97,0.01,0.0,0.97,26.5,73.0,21.3,1003.7,29.5,11.950293312656054,10.027486711110015
2018-07-22 05:00:00,0.99,0.0,0.0,0.97,26.4,74.0,21.3,1003.6,29.2,10.430427104910443,10.07254637165546
2018-07-22 06:00:00,0.96,0.0,0.0,0.96,26.8,72.0,21.2,1003.7,26.3,9.725217186425963,10.070757204741115
2018-07-22 07:00:00,0.96,0.03,0.01,0.96,29.0,61.0,20.8,1004.8,29.2,10.430427104910443,10.07254637165546
2018-07-22 08:00:00,0.95,0.01,0.0,0.95,31.5,48.0,19.2,1005.1,30.6,10.403230962470193,7.2844207416582885
2018-07-22 09:00:00,0.95,0.03,0.0,0.95,33.4,41.0,18.4,1005.1,32.0,13.333792598034359,2.111865278043119
2018-07-22 10:00:00,0.89,0.42,0.47,0.78,34.8,37.0,18.0,1005.0,35.6,14.75317414633876,-5.369716250213003
2018-07-22 11:00:00,0.94,0.0,0.73,0.92,36.7,32.0,17.4,1003.8,45.4,19.470860945902537,-7.866738461734151
2018-07-22 12:00:00,0.93,0.02,0.3,0.92,37.8,30.0,17.2,1003.4,47.5,20.13954566026545,-6.93460168993743
2018-07-22 13:00:00,0.95,0.0,0.48,0.94,38.8,27.0,16.6,1002.0,50.0,22.312886587277482,-5.978719941868219
2018-07-22 14:00:00,0.95,0.0,0.22,0.94,38.5,29.0,17.4,1000.8,51.1,21.894838064311664,-7.969069339488088
2018-07-22 15:00:00,0.89,0.0,0.11,0.88,37.2,31.0,17.1,1000.4,54.4,26.638211049148243,-3.743756415825761
2018-07-22 16:00:00,0.88,0.0,0.08,0.88,36.4,33.0,17.5,1000.4,54.4,25.529652379152328,-5.426495130343522
2018-07-22 17:00:00,0.89,0.0,0.0,0.78,35.5,35.0,17.6,1000.5,53.3,23.733866847594218,-4.1849210817730125
2018-07-22 18:00:00,0.77,0.0,0.0,0.77,33.3,40.0,17.9,1000.8,47.2,24.884831592775484,-0.8689974678922818
2018-07-22 19:00:00,0.77,0.0,0.0,0.76,31.3,49.0,19.2,1001.9,47.9,23.733866847594214,4.184921081773021
2018-07-22 20:00:00,0.69,0.0,0.08,0.68,30.0,55.0,20.0,1003.0,45.0,21.986598194420107,0.7677889274550167
2018-07-22 21:00:00,0.86,0.02,0.18,0.81,30.0,54.0,19.5,1003.8,40.7,21.587843898566234,-3.033973600929427
2018-07-22 22:00:00,0.76,0.01,0.05,0.72,29.6,54.0,19.4,1004.1,40.3,20.8872682846991,-0.7293994810822767
2018-07-22 23:00:00,0.49,0.0,0.02,0.48,29.0,58.0,19.8,1004.1,38.9,17.679621296652964,2.8001769242201355
2018-07-23 00:00:00,0.56,0.0,0.06,0.53,28.3,61.0,20.0,1003.4,32.8,12.967758166845536,4.719877977894226
2018-07-23 01:00:00,0.84,0.0,0.15,0.82,27.8,64.0,20.4,1002.8,24.8,9.02458126353441,6.800509761618146
2018-07-23 02:00:00,0.71,0.0,0.24,0.62,27.5,66.0,20.6,1002.2,20.5,7.199221228489239,8.579697762932554
2018-07-23 03:00:00,0.89,0.0,0.2,0.87,27.6,66.0,20.8,1002.3,23.4,8.741911491736934,10.4182044264181
2018-07-23 04:00:00,0.75,0.0,0.16,0.71,27.5,67.0,20.8,1002.3,27.4,9.706092906266742,11.567271091096568
2018-07-23 05:00:00,0.46,0.0,0.28,0.54,27.5,69.0,21.3,1002.3,27.4,12.529370982346881,9.789017457677964
2018-07-23 06:00:00,0.53,0.0,0.2,0.43,27.5,69.0,21.4,1002.8,32.0,14.826652001630748,10.38173349795394
2018-07-23 07:00:00,0.39,0.01,0.21,0.25,29.3,62.0,21.2,1003.7,36.7,16.617774435648524,9.2113827846804
2018-07-23 08:00:00,0.36,0.0,0.04,0.33,31.5,51.0,20.3,1004.4,37.4,16.132999069462098,6.518154725436873
2018-07-23 09:00:00,0.25,0.0,0.05,0.21,33.5,43.0,19.2,1004.5,38.2,17.29736512620557,0.3019266313650045
2018-07-23 10:00:00,0.03,0.0,0.03,0.0,34.7,40.0,19.3,1004.1,39.6,16.972539193066606,-2.0839657722280256
2018-07-23 11:00:00,0.03,0.01,0.03,0.0,36.9,33.0,18.2,1002.7,46.1,17.97588092598334,-8.767422935781548
2018-07-23 12:00:00,0.05,0.02,0.04,0.02,38.1,31.0,18.0,1001.8,49.0,19.732581885080183,-8.785511490437276
2018-07-23 13:00:00,0.38,0.02,0.1,0.32,38.8,29.0,17.8,1000.5,48.6,20.861176181447163,-7.5928471818298515
2018-07-23 14:00:00,0.74,0.02,0.14,0.7,39.0,29.0,17.8,999.7,48.2,20.47487412348619,-5.871075678902087
2018-07-23 15:00:00,0.3,0.02,0.18,0.15,38.4,30.0,17.9,999.2,46.1,21.250368178359505,-5.6940189922554465
2018-07-23 16:00:00,0.13,0.02,0.12,0.01,37.0,33.0,18.0,999.3,45.7,21.531605824974005,-3.410271337877029
2018-07-23 17:00:00,0.12,0.02,0.22,0.04,36.3,34.0,18.1,999.8,45.7,18.3525906994923,-4.917561856947886
2018-07-23 18:00:00,0.06,0.0,0.05,0.02,33.0,45.0,19.5,1000.7,38.2,19.856396294896253,4.2206073236005235
2018-07-23 19:00:00,0.08,0.0,0.07,0.01,30.0,58.0,20.9,1002.0,39.6,19.451637250268305,7.079816966841339
2018-07-23 20:00:00,0.12,0.0,0.12,0.0,29.2,62.0,21.1,1003.2,38.9,17.681197363707224,6.088124488348829
2018-07-23 21:00:00,0.09,0.0,0.09,0.0,28.6,65.0,21.4,1004.0,34.2,14.093194589415166,5.694020219921867
2018-07-23 22:00:00,0.16,0.0,0.16,0.0,28.1,68.0,21.5,1004.5,27.7,14.075636441168273,4.573451516749224
2018-07-23 23:00:00,0.23,0.0,0.23,0.0,28.0,67.0,21.4,1004.5,27.4,15.524731620415944,3.8707503295946846
2018-07-24 00:00:00,0.26,0.0,0.26,0.0,28.1,66.0,21.2,1004.0,31.7,17.276638428678886,3.3582383186271856
2018-07-24 01:00:00,0.45,0.0,0.45,0.0,28.0,66.0,21.0,1003.5,32.0,16.883987555299818,3.2819147204765673
2018-07-24 02:00:00,0.57,0.0,0.57,0.0,28.0,64.0,20.6,1003.3,31.7,15.117058625094026,2.938458528798787
2018-07-24 03:00:00,0.5,0.0,0.5,0.05,27.8,65.0,20.6,1003.2,28.1,12.613844441587954,3.144984642795681
2018-07-24 04:00:00,0.44,0.0,0.43,0.08,27.5,67.0,20.9,1003.5,23.0,10.477177556604698,4.233054505599809
2018-07-24 05:00:00,0.15,0.0,0.13,0.0,27.5,68.0,21.0,1003.4,20.5,9.7525531057989,6.094071538681858
2018-07-24 06:00:00,0.21,0.0,0.21,0.0,27.9,66.0,21.0,1003.9,20.9,9.38459713474939,6.81830892659269
2018-07-24 07:00:00,0.41,0.0,0.41,0.0,29.6,60.0,21.0,1004.6,28.4,11.855237287537099,7.996458519631676
2018-07-24 08:00:00,0.6,0.0,0.35,0.4,31.9,50.0,20.1,1005.0,33.8,15.124002909254664,5.805560782633871
2018-07-24 09:00:00,0.56,0.0,0.15,0.48,33.1,45.0,19.5,1005.1,35.6,15.844289099865124,2.2267696153610532
2018-07-24 10:00:00,0.1,0.02,0.1,0.0,35.1,40.0,19.4,1005.0,42.1,13.647867363856914,-1.194033675642913
2018-07-24 11:00:00,0.21,0.03,0.2,0.03,36.9,34.0,18.2,1004.1,40.0,14.030928932907388,-3.239295182551655
2018-07-24 12:00:00,0.24,0.03,0.24,0.01,38.3,30.0,17.6,1003.0,38.5,14.46643420666955,-4.981192763194492
2018-07-24 13:00:00,0.29,0.02,0.29,0.0,39.0,28.0,17.4,1001.6,38.2,14.750570738655789,-5.662213602815746
2018-07-24 14:00:00,0.93,0.02,0.93,0.02,38.2,30.0,17.7,1001.0,42.5,19.79098571782864,-2.0801164190262944
2018-07-24 15:00:00,0.57,0.0,0.48,0.4,37.3,32.0,17.8,1000.9,43.9,20.196923442159104,-0.3525386100331192
2018-07-24 16:00:00,0.81,0.03,0.52,0.7,36.0,32.0,16.8,1001.0,46.8,23.084283377317814,-4.906715903299124
2018-07-24 17:00:00,0.89,0.0,0.21,0.87,33.5,47.0,20.8,1002.1,46.4,19.415109108410274,5.202262806560665
2018-07-24 18:00:00,0.95,0.0,0.23,0.93,31.7,52.0,20.7,1002.5,38.9,19.496658584050646,6.334848384686425
2018-07-24 19:00:00,0.97,0.0,0.23,0.96,29.7,61.0,21.2,1003.4,38.9,16.90059096638812,7.5246278969023015
2018-07-24 20:00:00,0.95,0.0,0.38,0.93,29.5,60.0,21.0,1004.4,34.6,16.178292833385,7.8906806422033995
2018-07-24 21:00:00,0.9,0.0,0.35,0.87,29.1,61.0,20.9,1005.3,33.1,12.292967756264865,9.604319015080266
2018-07-24 22:00:00,0.96,0.0,0.38,0.95,28.5,64.0,21.0,1005.7,29.2,11.149766905249093,10.767204742114458
2018-07-24 23:00:00,0.74,0.0,0.39,0.64,28.4,64.0,20.9,1005.7,28.4,11.147172382160916,10.036959095382873
2018-07-25 00:00:00,0.54,0.0,0.33,0.38,28.0,65.0,20.8,1005.2,28.1,11.189711634773307,10.434574908956229
2018-07-25 01:00:00,0.78,0.0,0.3,0.69,27.6,67.0,20.9,1004.5,27.7,11.184248869537077,9.384699101423475
2018-07-25 02:00:00,0.53,0.0,0.29,0.35,27.4,67.0,20.9,1003.9,27.0,10.840827724624294,7.876322380719142
2018-07-25 03:00:00,0.74,0.0,0.22,0.68,27.2,68.0,20.9,1003.7,24.5,10.418204426418098,8.741911491736937
2018-07-25 04:00:00,0.4,0.0,0.26,0.29,27.0,69.0,20.8,1003.7,23.8,10.062807426595889,7.582869291715808
2018-07-25 05:00:00,0.3,0.0,0.86,0.07,27.5,69.0,21.3,1003.6,24.5,11.573653837646853,7.516018683207372
2018-07-25 06:00:00,0.75,0.0,0.53,0.59,27.8,69.0,21.5,1003.9,25.2,11.864548031846805,6.850000000000006
2018-07-25 07:00:00,0.66,0.0,0.21,0.61,29.4,63.0,21.5,1004.5,28.1,11.533454107727392,7.206901993571588
2018-07-25 08:00:00,0.91,0.0,0.24,0.89,31.8,51.0,20.4,1004.9,28.8,10.426010937070334,5.085105302753302
2018-07-25 09:00:00,0.89,0.0,0.26,0.87,33.7,44.0,19.6,1005.3,27.4,9.0,1.6532731788489267e-15
2018-07-25 10:00:00,0.89,0.02,0.05,0.89,34.8,41.0,19.5,1005.0,26.3,9.06164160250269,-2.092044805397944
2018-07-25 11:00:00,0.85,0.01,0.04,0.84,36.7,36.0,19.1,1004.1,31.0,6.472185832831528,-3.5875911898228963
2018-07-25 12:00:00,0.85,0.02,0.08,0.84,38.8,31.0,18.5,1002.7,27.4,6.887939181478538,-3.2118987892293167
2018-07-25 13:00:00,1.0,0.04,1.0,0.87,40.0,28.0,18.4,1001.5,29.2,10.773691742806102,0.7533699164365563
2018-07-25 14:00:00,0.94,0.02,0.94,0.77,35.0,45.0,21.2,1001.4,29.9,6.095202647831139,9.036509540849956
2018-07-25 15:00:00,0.79,0.0,0.18,0.76,34.5,45.0,21.0,1001.0,28.4,9.033263185844586,10.032455143944823
2018-07-25 16:00:00,0.79,0.07,0.51,0.7,36.5,35.0,18.8,1000.7,41.4,16.6,3.0493705298769097e-15
2018-07-25 17:00:00,0.82,0.11,0.47,0.4,35.5,38.0,19.0,1001.3,37.1,-0.31924933308195735,-6.0916401620029
2018-07-25 18:00:00,0.77,0.0,0.55,0.65,32.6,47.0,20.0,1002.1,17.6,-0.726384799583275,-1.4256104387013888
2018-07-25 19:00:00,0.79,0.0,0.56,0.7,31.4,52.0,20.5,1003.1,16.2,3.516580156403462,8.284543681071963
2018-07-25 20:00:00,0.7,0.0,0.29,0.66,29.8,58.0,20.7,1004.4,24.8,11.87451260953648,5.040431557511632
2018-07-25 21:00:00,0.72,0.0,0.18,0.69,29.0,62.0,21.0,1005.1,24.8,10.414418217125652,4.636797731064121
2018-07-25 22:00:00,0.72,0.0,0.18,0.68,28.8,63.0,21.1,1005.6,21.2,8.999165894302514,4.585304047369425
2018-07-25 23:00:00,0.75,0.02,0.3,0.66,28.5,64.0,21.1,1005.6,23.0,12.569373835729534,2.901868601035862
2018-07-26 00:00:00,0.69,0.0,0.43,0.53,28.4,64.0,21.0,1005.1,23.4,12.277062816293963,2.834383284732702
2018-07-26 01:00:00,0.23,0.0,0.21,0.1,28.1,65.0,21.0,1004.8,22.7,11.48303924591558,4.407925779407199
2018-07-26 02:00:00,0.19,0.0,0.16,0.13,27.8,67.0,21.0,1004.2,22.3,9.735430472951267,3.933369230867079
2018-07-26 03:00:00,0.3,0.0,0.11,0.25,27.5,68.0,21.0,1004.2,19.1,9.735430472951267,3.933369230867079
2018-07-26 04:00:00,0.4,0.0,0.08,0.34,27.4,69.0,21.0,1004.2,19.1,8.999165894302514,4.585304047369425
2018-07-26 05:00:00,0.36,0.0,0.17,0.24,27.5,70.0,21.5,1004.4,18.0,7.924450592339106,6.888619804400326
2018-07-26 06:00:00,0.45,0.02,0.39,0.12,27.7,70.0,21.8,1004.9,22.7,10.777488443215544,7.269507745119705
2018-07-26 07:00:00,0.55,0.04,0.42,0.25,29.1,64.0,21.5,1005.2,26.6,11.840127021902445,4.3094538059034235
2018-07-26 08:00:00,0.51,0.04,0.31,0.33,31.4,54.0,20.9,1005.5,26.3,10.797899017924303,2.098898949141991
2018-07-26 09:00:00,0.9,0.02,0.29,0.87,33.2,46.0,20.1,1005.8,29.2,11.858178973941639,-3.625409138561935
2018-07-26 10:00:00,0.96,0.08,0.22,0.95,35.1,41.0,19.7,1005.7,41.8,11.171727708819258,-6.450000000000002
2018-07-26 11:00:00,0.96,0.01,0.2,0.96,36.8,35.0,18.9,1004.8,36.7,8.196675541373065,-6.87782742364597
2018-07-26 12:00:00,0.98,0.03,0.25,0.97,38.0,32.0,18.5,1003.6,31.7,9.008582983535776,-4.993539088537275
2018-07-26 13:00:00,0.97,0.06,0.7,0.95,39.1,30.0,18.5,1002.3,29.2,7.878462024097665,-1.3891854213354398
2018-07-26 14:00:00,0.96,0.08,0.89,0.91,36.2,37.0,19.1,1002.2,28.4,0.4153040107597607,11.89275084152724
2018-07-26 15:00:00,0.52,0.0,0.45,0.36,34.7,42.0,19.8,1001.9,30.2,13.00574468109728,3.9762551842292244
2018-07-26 16:00:00,0.5,0.0,0.35,0.41,34.9,42.0,20.2,1001.4,35.6,15.845991131887649,3.3681693912477084
2018-07-26 17:00:00,0.49,0.1,0.43,0.43,34.3,44.0,20.2,1002.0,37.4,15.50670694734366,2.4560211011316273
2018-07-26 18:00:00,0.49,0.05,0.13,0.45,32.0,51.0,20.8,1002.4,31.7,13.329776402789143,3.571702822414785
2018-07-26 19:00:00,0.2,0.0,0.13,0.12,30.0,59.0,21.1,1003.6,27.0,12.244590292003192,7.9517299112193935
2018-07-26 20:00:00,0.13,0.0,0.11,0.03,28.8,62.0,20.9,1004.5,28.4,14.047770699068076,6.550583056980837
2018-07-26 21:00:00,0.26,0.0,0.24,0.03,28.6,62.0,20.7,1005.4,28.4,14.750089779349343,5.078863209531644
2018-07-26 22:00:00,0.46,0.0,0.4,0.15,28.2,64.0,20.7,1005.8,28.8,14.359875713858068,6.095405604432671
2018-07-26 23:00:00,0.36,0.0,0.36,0.0,27.9,66.0,21.0,1006.1,28.1,11.957478155805605,7.471861625688191
2018-07-27 00:00:00,0.8,0.0,0.79,0.05,27.6,68.0,21.2,1005.6,25.6,10.861442936643183,8.184684314867857
2018-07-27 01:00:00,0.71,0.0,0.71,0.06,27.4,70.0,21.4,1004.9,24.1,9.056514962673264,7.872708347886087
2018-07-27 02:00:00,0.64,0.0,0.63,0.07,27.2,71.0,21.5,1004.5,23.8,7.919595949289331,7.9195959492893335
2018-07-27 03:00:00,0.59,0.0,0.48,0.38,27.0,73.0,21.8,1004.0,24.1,10.086537646166043,7.880466884168424
2018-07-27 04:00:00,0.77,0.0,0.5,0.68,26.9,73.0,21.8,1003.7,23.0,11.192007229493065,7.549104196855079
2018-07-27 05:00:00,0.67,0.0,0.16,0.25,26.9,74.0,21.8,1003.2,25.6,7.8801075360672215,6.156614753256581
2018-07-27 06:00:00,0.67,0.0,0.29,0.61,27.2,72.0,21.6,1003.7,19.4,8.196675541373063,6.8778274236459715
2018-07-27 07:00:00,0.87,0.0,0.18,0.85,29.0,64.0,21.5,1004.2,22.3,9.000256657372177,5.407899786555571
2018-07-27 08:00:00,0.94,0.0,0.13,0.93,31.4,54.0,20.9,1004.8,24.1,8.95274548489749,3.986019102142841
2018-07-27 09:00:00,0.95,0.0,0.04,0.94,33.2,47.0,20.2,1004.9,27.0,10.793921949283115,1.5169868004647176
2018-07-27 10:00:00,0.94,0.0,0.01,0.94,35.5,40.0,19.7,1004.5,28.8,9.704627073667389,1.363896389408645
2018-07-27 11:00:00,0.93,0.01,0.07,0.92,37.2,35.0,19.1,1004.2,27.7,7.526037322435934,1.0577155672965002
2018-07-27 12:00:00,0.94,0.04,0.16,0.93,38.5,32.0,18.8,1003.2,25.2,6.862201078041087,0.7212463965468082
2018-07-27 13:00:00,0.97,0.02,0.87,0.94,39.3,30.0,18.6,1001.9,25.6,8.3,1.5246852649384548e-15
2018-07-27 14:00:00,1.0,0.08,1.0,0.94,37.8,34.0,19.2,1001.4,27.4,8.196675541373063,6.8778274236459715
2018-07-27 15:00:00,0.98,0.0,0.81,0.96,36.1,37.0,19.3,1000.8,31.7,12.950531075192693,1.1330246557195571
2018-07-27 16:00:00,0.98,0.03,0.73,0.97,37.3,34.0,18.9,1000.4,36.4,16.210706894502856,1.70381395126275
2018-07-27 17:00:00,0.96,0.03,0.63,0.98,34.1,43.0,19.9,1002.0,35.3,-5.379684037722159,6.18861855782673
2018-07-27 18:00:00,0.91,0.08,0.09,0.9,32.7,46.0,19.5,1002.6,18.7,-0.3449439287832573,3.2819222547153015
2018-07-27 19:00:00,0.62,0.01,0.06,0.61,31.5,49.0,19.5,1003.6,9.0,2.883363526931848,1.801725498392897
2018-07-27 20:00:00,0.58,0.0,0.05,0.57,30.2,56.0,20.6,1004.8,20.2,9.685990497933867,5.819930246483615
2018-07-27 21:00:00,0.43,0.0,0.02,0.43,29.4,62.0,21.2,1005.6,24.8,14.057679912656619,4.297864059424235
2018-07-27 22:00:00,0.24,0.0,0.01,0.24,28.7,63.0,21.0,1006.0,26.3,13.333792598034359,2.111865278043119
2018-07-27 23:00:00,0.08,0.0,0.01,0.07,28.3,65.0,21.2,1005.9,23.8,12.267257993871167,3.2870018728020116
2018-07-28 00:00:00,0.07,0.0,0.01,0.06,27.8,68.0,21.4,1005.4,23.0,11.864081411149002,5.7864991376158255
2018-07-28 01:00:00,0.31,0.0,0.02,0.3,27.2,71.0,21.5,1004.6,25.2,12.919594600731333,6.582862246223431
2018-07-28 02:00:00,0.29,0.0,0.02,0.28,27.0,72.0,21.5,1004.1,25.9,13.322724469438755,6.212488447588277
2018-07-28 03:00:00,0.71,0.0,0.01,0.71,26.6,75.0,21.8,1003.7,27.4,13.632399820082028,6.946054646015069
2018-07-28 04:00:00,0.83,0.0,0.0,0.83,26.4,76.0,21.8,1003.5,28.8,14.345205039432722,7.309247045806707
2018-07-28 05:00:00,0.91,0.0,0.0,0.89,26.4,75.0,21.6,1003.2,28.4,12.610916492298431,5.353016460303051
2018-07-28 06:00:00,0.96,0.0,0.0,0.96,26.7,74.0,21.7,1003.6,24.5,11.864081411149002,5.7864991376158255
2018-07-28 07:00:00,0.96,0.0,0.0,0.96,28.2,67.0,21.6,1004.0,26.3,11.14504617410967,5.435802220184564
2018-07-28 08:00:00,0.97,0.0,0.0,0.97,30.8,55.0,20.7,1004.3,28.8,11.840127021902445,4.3094538059034235
2018-07-28 09:00:00,0.97,0.0,0.0,0.97,33.2,46.0,20.0,1004.3,31.3,12.957478821509163,2.518678738970389
2018-07-28 10:00:00,0.98,0.01,0.0,0.98,34.7,42.0,19.8,1004.2,35.3,15.097700196861508,0.26353133720298083
2018-07-28 11:00:00,0.98,0.0,0.02,0.98,35.8,38.0,19.5,1003.6,36.0,11.190549891303368,-2.175222547292614
2018-07-28 12:00:00,0.97,0.03,0.14,0.97,38.1,32.0,18.7,1002.3,33.1,9.371786608437748,-2.86524270628282
2018-07-28 13:00:00,0.98,0.03,0.95,0.97,39.2,29.0,18.1,1001.0,30.6,9.743700647852352,-2.249510543438649
2018-07-28 14:00:00,0.97,0.01,0.24,0.96,38.2,32.0,18.5,1000.4,36.7,16.22755388165635,4.348159957722347
2018-07-28 15:00:00,0.96,0.0,0.31,0.96,35.4,39.0,19.5,1000.3,45.0,21.17336668976247,3.733435819839002
2018-07-28 16:00:00,0.96,0.0,0.14,0.96,35.3,39.0,19.3,1000.0,43.6,17.24635014669866,3.981633661886415
2018-07-28 17:00:00,0.92,0.0,0.12,0.97,33.8,45.0,20.2,1000.8,43.6,21.63221602504371,11.502053288254324
2018-07-28 18:00:00,0.92,0.0,0.07,0.92,31.0,53.0,20.3,1001.5,49.0,20.957814771583408,12.10000000000001
2018-07-28 19:00:00,0.98,0.0,0.02,0.98,29.5,58.0,20.5,1002.7,44.6,16.53781045190467,8.06602910091903
2018-07-28 20:00:00,0.97,0.01,0.16,0.96,28.9,62.0,20.9,1003.7,33.5,15.50492824296749,5.643332364873531
2018-07-28 21:00:00,0.93,0.06,0.11,0.92,28.2,66.0,21.2,1004.6,30.2,15.121798609092941,4.913370210561666
2018-07-28 22:00:00,0.98,0.09,0.19,0.98,28.0,67.0,21.4,1005.2,29.2,14.360953396056818,4.666156615061708
2018-07-28 23:00:00,0.87,0.07,0.28,0.83,27.8,68.0,21.4,1005.2,27.0,14.001420049710037,5.0961001355524616
2018-07-29 00:00:00,0.41,0.02,0.3,0.23,27.7,69.0,21.4,1004.7,28.4,15.121798609092941,4.913370210561666
2018-07-29 01:00:00,0.34,0.01,0.29,0.08,27.2,71.0,21.5,1003.9,28.8,14.001420049710037,5.0961001355524616
2018-07-29 02:00:00,0.28,0.03,0.17,0.16,27.0,72.0,21.6,1003.3,27.0,14.001420049710037,5.0961001355524616
2018-07-29 03:00:00,0.22,0.04,0.15,0.15,27.0,72.0,21.5,1002.9,28.8,15.109615144215958,4.619472934619246
2018-07-29 04:00:00,0.54,0.01,0.2,0.48,26.9,72.0,21.5,1002.9,28.8,14.06928803100195,3.507867486195183
2018-07-29 05:00:00,0.22,0.03,0.14,0.78,27.3,72.0,21.9,1002.6,25.9,12.610916492298431,5.353016460303051
2018-07-29 06:00:00,0.91,0.0,0.09,0.91,27.5,72.0,21.9,1002.7,27.0,13.332508652169798,7.08902059806695
2018-07-29 07:00:00,0.82,0.0,0.05,0.82,28.8,66.0,21.9,1003.3,34.2,16.20088542076295,6.8768678614112195
2018-07-29 08:00:00,0.77,0.0,0.03,0.76,31.2,56.0,21.4,1003.4,35.6,14.74137600257488,4.789763412811687
2018-07-29 09:00:00,0.93,0.0,0.01,0.93,33.5,47.0,20.8,1003.3,33.8,11.888206453689419,3.8627124296868445
2018-07-29 10:00:00,0.9,0.08,0.09,0.89,35.0,42.0,20.3,1003.1,32.0,10.861957270738795,4.6106273161734315
2018-07-29 11:00:00,0.92,0.0,0.19,0.92,36.2,38.0,19.7,1002.4,31.3,8.95274548489749,3.986019102142841
2018-07-29 12:00:00,0.98,0.07,0.29,0.98,37.6,35.0,19.6,1001.6,32.4,11.497079796628164,4.645121758357313
2018-07-29 13:00:00,0.98,0.0,0.66,0.97,36.2,38.0,19.8,1001.3,37.1,12.915526746359532,8.387441139231415
2018-07-29 14:00:00,0.98,0.0,0.38,0.97,36.0,39.0,19.8,1000.4,43.6,18.321730353466425,12.3581631667035
2018-07-29 15:00:00,0.97,0.02,0.4,0.96,34.8,43.0,20.4,1000.1,52.6,19.49262914921816,2.048757880046006
2018-07-29 16:00:00,0.97,0.01,0.16,0.97,34.8,41.0,19.5,999.9,41.0,18.389174893795545,3.908739787373884
2018-07-29 17:00:00,0.97,0.01,0.1,0.98,33.2,49.0,20.9,1000.0,44.3,17.947550154032076,11.655275349321576
2018-07-29 18:00:00,0.98,0.0,0.09,0.98,30.9,55.0,21.0,1000.6,41.8,18.716861732783073,10.374925873271607
2018-07-29 19:00:00,0.96,0.0,0.16,0.95,29.2,63.0,21.5,1001.6,40.3,15.497863158326718,7.226772275765956
2018-07-29 20:00:00,0.98,0.02,0.24,0.98,28.8,65.0,21.5,1002.5,31.7,15.098403837887652,8.027963723638733
2018-07-29 21:00:00,0.99,0.04,0.22,0.99,28.5,67.0,21.6,1003.6,31.0,13.623471831096117,5.782820701641253
2018-07-29 22:00:00,0.98,0.02,0.19,0.97,28.2,68.0,21.8,1004.2,27.0,12.887067948334163,5.470235798849833
2018-07-29 23:00:00,0.94,0.0,0.2,0.94,28.0,69.0,21.8,1004.4,24.8,11.493984162029944,5.856477446640156
2018-07-30 00:00:00,0.95,0.0,0.22,0.93,28.0,69.0,21.8,1003.9,22.7,11.145254583239732,4.962187045524761
2018-07-30 01:00:00,0.98,0.06,0.38,0.97,27.6,71.0,21.8,1003.7,22.0,5.772490067120013,3.199743493625823
2018-07-30 02:00:00,0.97,0.0,0.32,0.97,27.5,71.0,21.9,1003.0,9.7,3.2360929164157652,1.7937955949114464
2018-07-30 03:00:00,0.96,0.0,0.06,0.96,27.1,73.0,21.9,1002.3,12.2,7.593967397912721,2.1775351109542913
2018-07-30 04:00:00,0.96,0.0,0.07,0.96,26.9,74.0,21.9,1002.5,20.9,11.571287547152727,3.537697627145119
2018-07-30 05:00:00,0.94,0.01,0.42,0.84,27.5,72.0,22.0,1002.1,21.2,9.704627073667389,1.363896389408645
2018-07-30 06:00:00,0.93,0.0,0.61,0.92,27.9,71.0,22.0,1002.7,19.8,8.301805382450492,7.2166493188955805
2018-07-30 07:00:00,0.9,0.0,0.17,0.89,28.4,66.0,21.4,1003.2,29.9,13.30215188522767,6.487892972478351
2018-07-30 08:00:00,0.95,0.0,0.0,0.95,31.2,55.0,21.0,1003.5,31.0,12.22990358711334,4.694620139043439
2018-07-30 09:00:00,0.96,0.0,0.0,0.96,33.8,46.0,20.5,1003.6,29.5,10.818369254437565,2.898773305148231
2018-07-30 10:00:00,0.96,0.02,0.02,0.96,35.5,41.0,20.0,1003.1,32.0,11.888206453689419,3.8627124296868445
2018-07-30 11:00:00,0.97,0.04,0.16,0.97,36.7,37.0,19.5,1002.6,32.8,11.510108895365455,5.3672519241068795
2018-07-30 12:00:00,0.99,0.23,0.32,0.98,35.2,43.0,20.6,1002.1,36.4,13.714676811233794,8.24060919856087
2018-07-30 13:00:00,0.98,0.02,0.32,0.98,34.8,45.0,21.0,1001.8,42.1,17.689651203089856,5.747716095374025
2018-07-30 14:00:00,0.99,0.1,0.32,0.98,34.0,48.0,21.4,1001.1,45.7,20.182151106540726,5.03197542847309
2018-07-30 15:00:00,0.98,0.03,0.13,0.97,34.0,46.0,20.6,1000.5,43.9,21.23529932279546,3.363340998364967
2018-07-30 16:00:00,0.94,0.11,0.25,0.93,33.3,49.0,21.0,1000.3,45.7,20.851519386404032,4.8139525629587165
2018-07-30 17:00:00,0.9,0.0,0.25,0.95,31.7,53.0,21.0,1000.8,45.0,20.923243358493377,6.798373876248847
2018-07-30 18:00:00,0.98,0.09,0.26,0.98,29.9,60.0,21.4,1001.6,41.4,18.354734398280378,9.352204294634669
2018-07-30 19:00:00,0.97,0.04,0.3,0.97,28.7,66.0,21.6,1002.5,38.9,19.123094306473316,8.917245322728753
2018-07-30 20:00:00,0.95,0.08,0.17,0.95,28.2,68.0,21.8,1003.4,41.4,20.920190980015562,9.314269126435821
2018-07-30 21:00:00,0.94,0.08,0.12,0.94,28.0,70.0,22.0,1004.2,41.8,19.790854349227466,8.400719262519388
2018-07-30 22:00:00,0.96,0.03,0.11,0.96,27.7,71.0,22.0,1004.5,39.2,18.686248525084537,7.931841908332259
2018-07-30 23:00:00,0.94,0.0,0.14,0.93,27.7,71.0,21.9,1004.7,37.1,18.72768188167332,8.338101183053903
2018-07-31 00:00:00,0.99,0.0,0.34,0.98,27.6,71.0,21.8,1004.5,38.5,19.39498664258431,9.044030801250962
2018-07-31 01:00:00,0.96,0.03,0.42,0.95,27.2,72.0,21.8,1004.0,39.2,18.450958705879067,7.454671208976654
2018-07-31 02:00:00,0.96,0.01,0.25,0.96,27.0,73.0,21.6,1003.7,36.4,19.146500951810758,8.127207472576895
2018-07-31 03:00:00,0.97,0.0,0.12,0.97,26.6,72.0,21.1,1003.2,39.6,19.417486257954042,5.567874587503377
2018-07-31 04:00:00,0.97,0.0,0.15,0.97,26.3,71.0,20.7,1002.9,36.0,15.135340043512056,7.057724971069676
2018-07-31 05:00:00,0.95,0.0,0.05,0.99,26.5,73.0,21.2,1002.8,33.8,17.67369318628685,7.502037666994057
2018-07-31 06:00:00,0.99,0.0,0.12,0.99,26.6,71.0,21.0,1003.3,36.7,17.99684551555924,8.01271186859326
2018-07-31 07:00:00,0.98,0.0,0.21,0.98,28.0,66.0,21.0,1004.0,41.0,19.33484157488758,9.85159384434817
2018-07-31 08:00:00,0.99,0.0,0.59,0.98,29.6,61.0,21.4,1004.9,43.9,20.861636727752714,8.428648351858026
2018-07-31 09:00:00,1.0,0.0,0.76,1.0,29.5,62.0,21.5,1005.2,45.4,22.31288658727748,5.978719941868227
2018-07-31 10:00:00,0.99,0.0,0.64,0.98,32.3,51.0,20.9,1004.9,49.3,23.438424521690553,4.132826628472942
2018-07-31 11:00:00,0.98,0.0,0.07,0.98,33.9,46.0,20.8,1004.5,49.0,21.969849764600625,1.1513910373447747
2018-07-31 12:00:00,0.99,0.03,0.14,0.99,35.8,42.0,20.8,1003.7,46.4,17.667321499215532,2.16927431261162
2018-07-31 13:00:00,0.97,0.25,0.24,0.97,34.2,47.0,21.4,1003.0,51.1,23.472873763037228,9.963643776476482
2018-07-31 14:00:00,0.98,0.0,0.16,0.98,35.0,42.0,20.3,1001.9,52.9,22.729306872586275,2.79080796397787
2018-07-31 15:00:00,0.93,0.02,0.23,0.92,34.4,43.0,19.9,1001.4,49.0,20.84908865043033,-1.457910301252217
2018-07-31 16:00:00,0.96,0.0,0.19,0.95,34.5,41.0,19.1,1001.1,43.2,16.889704976622717,0.5898014942722628
2018-07-31 17:00:00,0.87,0.0,0.05,0.97,31.9,50.0,20.3,1001.8,37.1,19.00726901861914,7.679435165026202
2018-07-31 18:00:00,0.97,0.0,0.05,0.97,30.2,56.0,20.5,1002.7,38.9,16.132999069462098,6.518154725436873
2018-07-31 19:00:00,0.98,0.0,0.09,0.99,29.0,61.0,20.8,1003.6,32.8,11.957478155805605,7.471861625688191
2018-07-31 20:00:00,1.0,0.0,0.23,1.0,28.2,64.0,20.9,1004.6,28.8,12.529370982346881,9.789017457677964
2018-07-31 21:00:00,0.99,0.0,0.17,0.98,27.9,65.0,20.8,1005.6,28.8,10.072546371655461,10.430427104910441
2018-07-31 22:00:00,0.98,0.0,0.16,0.98,27.6,66.0,20.8,1006.2,25.9,9.030558815966966,9.351417404402465
2018-07-31 23:00:00,0.99,0.0,0.24,0.99,27.6,65.0,20.6,1006.1,24.8,11.110951625854781,8.68082680209178
2018-08-01 00:00:00,1.0,0.0,0.27,0.99,27.4,67.0,20.8,1005.5,28.1,12.932986131858652,8.723409294143647
2018-08-01 01:00:00,1.0,0.0,0.23,1.0,27.1,70.0,21.0,1004.8,28.1,7.919595949289331,7.9195959492893335
2018-08-01 02:00:00,0.99,0.0,0.15,0.99,26.7,70.0,20.9,1004.5,25.2,10.430427104910443,10.07254637165546
2018-08-01 03:00:00,0.66,0.0,0.21,0.59,26.7,69.0,20.6,1003.9,26.6,8.661379172793728,9.288192010563465
2018-08-01 04:00:00,0.86,0.0,0.07,0.86,26.8,68.0,20.4,1003.8,25.9,11.504957002658143,8.988657539754607
2018-08-01 05:00:00,0.3,0.0,0.09,0.97,26.8,69.0,20.6,1003.7,25.9,8.301805382450492,7.2166493188955805
2018-08-01 06:00:00,1.0,0.0,0.12,1.0,27.2,67.0,20.6,1004.1,22.7,10.102897498940617,8.181165083647892
2018-08-01 07:00:00,1.0,0.0,0.04,1.0,29.0,61.0,20.6,1005.0,29.2,12.211892584652533,7.630837404958152
2018-08-01 08:00:00,0.98,0.0,0.03,0.98,31.4,51.0,20.1,1005.7,34.6,15.113096829438634,6.106087472679371
2018-08-01 09:00:00,0.97,0.0,0.0,0.97,33.5,43.0,19.0,1005.9,34.9,15.086701504948094,-1.8524140197582448
2018-08-01 10:00:00,0.96,0.0,0.01,0.96,35.4,37.0,18.6,1005.3,34.6,13.681224626137661,0.717002600528337
2018-08-01 11:00:00,0.98,0.01,0.09,0.97,35.8,38.0,19.4,1005.0,38.2,13.623471831096117,5.782820701641253
2018-08-01 12:00:00,0.72,0.0,0.07,0.71,36.8,37.0,19.6,1003.9,38.2,10.483382099317803,6.807987937687837
2018-08-01 13:00:00,0.64,0.01,0.22,0.6,35.9,39.0,19.6,1003.4,45.7,18.000513314744353,10.815799573111143
2018-08-01 14:00:00,0.91,0.0,0.05,0.9,37.5,34.0,18.8,1002.0,46.8,11.892549817311725,8.640443208699356
2018-08-01 15:00:00,0.66,0.0,0.12,0.63,36.3,36.0,19.0,1001.5,46.4,19.780344836981765,10.078589094217943
2018-08-01 16:00:00,0.89,0.0,0.06,0.89,35.7,38.0,19.2,1001.2,46.8,23.015567694342714,7.478211263873731
2018-08-01 17:00:00,0.98,0.0,0.04,0.98,33.7,45.0,20.0,1002.1,51.1,21.651458537777337,11.031969143670992
2018-08-01 18:00:00,0.98,0.0,0.01,0.98,30.9,55.0,20.9,1002.4,47.9,21.298232995361275,9.93152915090643
2018-08-01 19:00:00,0.97,0.0,0.01,0.97,29.4,62.0,21.2,1003.2,43.6,16.90059096638812,7.5246278969023015
2018-08-01 20:00:00,0.94,0.0,0.01,0.94,29.0,63.0,21.3,1004.3,33.5,15.39125198580867,6.218469450704145
2018-08-01 21:00:00,0.97,0.0,0.0,0.97,28.4,66.0,21.3,1004.9,31.0,14.728077655239044,6.251698055828381
2018-08-01 22:00:00,0.97,0.0,0.0,0.97,28.1,66.0,21.2,1005.7,30.2,13.632399820082028,6.946054646015069
2018-08-01 23:00:00,0.96,0.0,0.0,0.96,27.8,68.0,21.4,1005.8,27.4,11.47831870716605,6.10313031621658
2018-08-02 00:00:00,0.95,0.0,0.0,0.95,27.5,70.0,21.5,1005.5,22.7,9.000256657372177,5.407899786555571
2018-08-02 01:00:00,0.96,0.0,0.0,0.96,27.1,71.0,21.5,1004.8,18.4,7.54424191025088,5.088655421583794
2018-08-02 02:00:00,0.96,0.0,0.0,0.96,27.0,72.0,21.4,1004.5,16.2,7.885939166459431,4.7383502891725
2018-08-02 03:00:00,0.93,0.0,0.0,0.93,26.8,72.0,21.2,1004.5,15.8,6.881011852206848,4.6413010988071965
2018-08-02 04:00:00,0.74,0.0,0.0,0.74,26.5,73.0,21.2,1004.2,14.4,6.149493427364155,4.6339756782707715
2018-08-02 05:00:00,0.0,0.0,0.0,0.96,26.6,73.0,21.3,1004.2,16.2,5.766727053863696,3.603450996785794
2018-08-02 06:00:00,0.93,0.0,0.0,0.93,27.0,71.0,21.4,1004.5,13.3,6.466493065929326,4.361704647071823
2018-08-02 07:00:00,0.13,0.0,0.0,0.12,28.8,64.0,21.3,1005.2,19.4,7.548139798310009,3.203995253612045
2018-08-02 08:00:00,0.47,0.0,0.0,0.47,31.5,52.0,20.4,1005.9,21.2,7.160557646651569,0.7526049355271042
2018-08-02 09:00:00,0.29,0.0,0.0,0.29,33.8,44.0,19.9,1005.8,22.3,6.8,1.2491397351303002e-15
2018-08-02 10:00:00,0.03,0.0,0.0,0.03,35.9,38.0,19.3,1005.6,25.9,8.666893873398186,0.7582549619046267
2018-08-02 11:00:00,0.21,0.1,0.14,0.09,38.0,33.0,18.9,1005.1,29.5,10.044671143219562,1.055737479003299
2018-08-02 12:00:00,0.69,0.04,0.21,0.65,38.8,31.0,18.5,1004.1,29.2,4.023790324368741,4.314986839553106
2018-08-02 13:00:00,0.68,0.03,0.62,0.41,36.5,38.0,20.1,1003.4,31.0,-7.9885712602784675,8.27240770389449
2018-08-02 14:00:00,0.85,0.23,0.79,0.47,31.2,63.0,23.2,1004.1,38.9,14.410293813882733,-6.719630361677124
2018-08-02 15:00:00,0.3,0.0,0.07,0.28,33.5,50.0,21.7,1002.9,35.6,-1.801725498392897,2.883363526931848
2018-08-02 16:00:00,0.39,0.01,0.15,0.34,35.2,42.0,20.2,1002.6,35.3,8.68301166946331,6.0799102253210915
2018-08-02 17:00:00,0.34,0.09,0.31,0.82,32.5,55.0,22.4,1003.1,34.9,1.8000513314744355,1.0815799573111142
2018-08-02 18:00:00,0.56,0.01,0.26,0.45,32.5,53.0,21.5,1003.5,14.0,6.122295146001596,3.9758649556096968
2018-08-02 19:00:00,0.72,0.0,0.12,0.7,30.6,58.0,21.5,1004.4,31.0,15.895690962981256,7.077217589518921
2018-08-02 20:00:00,0.87,0.01,0.07,0.86,29.2,63.0,21.5,1005.3,34.2,17.30911608293094,5.291927855481542
2018-08-02 21:00:00,0.93,0.0,0.05,0.93,28.6,67.0,21.8,1006.0,33.1,16.150941378401587,6.199765527133702
2018-08-02 22:00:00,0.88,0.0,0.02,0.88,28.2,68.0,21.7,1006.4,31.3,15.88080529128185,5.7801404222037975
2018-08-02 23:00:00,0.89,0.0,0.01,0.89,27.9,69.0,21.6,1006.6,29.9,16.20393862880914,4.040095656514452
2018-08-03 00:00:00,0.94,0.0,0.01,0.94,27.6,69.0,21.5,1006.2,28.8,14.420676958821481,3.3292756042892058
2018-08-03 01:00:00,0.94,0.0,0.02,0.94,27.4,72.0,21.8,1005.6,28.4,15.129051194653128,5.506524307543264
2018-08-03 02:00:00,0.93,0.0,0.02,0.92,27.0,74.0,22.0,1005.2,29.2,14.034420760699458,4.0243053949281835
2018-08-03 03:00:00,0.95,0.0,0.01,0.95,26.9,74.0,21.8,1005.0,25.9,11.858178973941639,3.62540913856194
2018-08-03 04:00:00,0.98,0.0,0.01,0.98,26.7,75.0,21.8,1005.0,22.0,11.127361240653295,3.6154988341868863
2018-08-03 05:00:00,0.91,0.0,0.01,0.96,26.9,75.0,22.1,1004.8,20.9,12.887067948334163,5.470235798849833
2018-08-03 06:00:00,0.96,0.0,0.01,0.96,27.2,73.0,22.0,1005.5,24.1,12.206789381380638,6.219669846431793
2018-08-03 07:00:00,0.98,0.0,0.02,0.98,28.8,66.0,21.7,1006.2,28.1,11.88088766335554,3.1834742547610038
2018-08-03 08:00:00,0.96,0.0,0.02,0.95,30.8,57.0,21.1,1006.9,27.4,11.08837292527372,4.0358376912428895
2018-08-03 09:00:00,0.94,0.0,0.01,0.94,33.2,47.0,20.5,1007.0,27.7,10.382164271153162,2.5885642829164452
2018-08-03 10:00:00,0.93,0.0,0.02,0.93,35.0,40.0,19.4,1006.6,28.1,9.743700647852352,2.2495105434386526
2018-08-03 11:00:00,0.9,0.0,0.03,0.9,36.2,36.0,18.5,1005.8,27.7,7.190132650232932,-0.3768188849491964
2018-08-03 12:00:00,0.94,0.01,0.04,0.94,37.5,31.0,17.6,1004.7,24.5,5.050367150582008,0.7097828148963357
2018-08-03 13:00:00,0.93,0.0,0.43,0.92,39.2,27.0,17.0,1003.3,23.4,5.78819864428265,2.2218812871808646
2018-08-03 14:00:00,0.98,0.03,0.97,0.83,35.7,36.0,18.2,1003.2,25.6,6.874724795220201,6.410784584587487
2018-08-03 15:00:00,0.93,0.0,0.19,0.92,34.1,42.0,19.5,1002.7,28.1,3.252691193458118,3.2526911934581193
2018-08-03 16:00:00,0.77,0.0,0.39,0.69,35.8,33.0,17.2,1002.4,27.4,10.075396907624226,-0.7045403848156647
2018-08-03 17:00:00,0.42,0.0,0.72,0.93,33.0,47.0,20.2,1003.4,37.1,-5.702441754805555,2.9055391983330994
2018-08-03 18:00:00,0.74,0.0,0.66,0.42,32.7,47.0,20.0,1003.8,14.8,-2.490620541896064,3.9858260519352022
2018-08-03 19:00:00,0.79,0.0,0.79,0.05,31.8,48.0,19.5,1004.5,14.8,4.361704647071824,6.466493065929326
2018-08-03 20:00:00,0.96,0.0,0.88,0.8,30.0,59.0,21.0,1005.4,24.8,11.154318553674141,7.2436991656998595
2018-08-03 21:00:00,0.96,0.0,0.92,0.68,29.1,63.0,21.2,1006.1,25.6,10.06404681534509,6.535668420180324
2018-08-03 22:00:00,0.99,0.0,0.95,0.87,29.0,63.0,21.1,1006.2,22.0,9.708278749247295,5.381386784734339
2018-08-03 23:00:00,0.99,0.0,0.95,0.93,28.5,64.0,21.0,1006.2,21.6,10.771960632878908,5.727553065987867
2018-08-04 00:00:00,0.98,0.0,0.78,0.93,28.2,65.0,21.0,1005.8,23.8,11.864081411149002,5.7864991376158255
2018-08-04 01:00:00,0.95,0.0,0.41,0.94,27.8,66.0,20.9,1005.2,24.5,11.510108895365455,5.3672519241068795
2018-08-04 02:00:00,0.96,0.0,0.4,0.95,27.4,67.0,20.8,1004.8,22.7,11.497079796628164,4.645121758357313
2018-08-04 03:00:00,0.94,0.0,0.44,0.9,27.4,67.0,20.8,1004.8,23.4,12.623222778712066,3.8593065023401296
2018-08-04 04:00:00,0.85,0.0,0.84,0.43,27.4,67.0,20.8,1005.0,25.2,13.331811915950368,4.590510977845908
2018-08-04 05:00:00,1.0,0.0,0.97,0.89,27.9,65.0,20.8,1004.8,25.9,13.293051449981151,3.3143299697154487
2018-08-04 06:00:00,0.98,0.0,0.91,0.93,28.0,65.0,20.9,1004.9,24.5,12.22990358711334,4.694620139043439
2018-08-04 07:00:00,0.97,0.0,0.82,0.94,28.6,64.0,21.0,1005.9,27.4,12.972345498524934,5.775660331676361
2018-08-04 08:00:00,0.98,0.0,0.71,0.96,30.0,58.0,20.9,1006.8,29.5,13.649916082324129,3.914050452601384
2018-08-04 09:00:00,0.96,0.0,0.5,0.95,32.8,45.0,19.2,1006.7,32.0,14.36492232374147,1.0044932219154084
2018-08-04 10:00:00,0.96,0.0,0.39,0.95,34.2,40.0,18.8,1006.3,36.7,16.177798463024097,-0.8478424911356919
2018-08-04 11:00:00,0.96,0.0,0.0,0.96,35.3,39.0,19.1,1005.5,37.1,14.065653108663522,-0.9835662797921656
2018-08-04 12:00:00,0.95,0.01,0.03,0.95,37.2,34.0,18.5,1004.0,40.7,13.34900895442939,1.1678869528186206
2018-08-04 13:00:00,0.97,0.0,0.19,0.97,38.7,28.0,16.9,1002.9,37.1,15.483719965604624,1.901161757120296
2018-08-04 14:00:00,0.97,0.0,0.23,0.96,38.7,27.0,16.4,1002.2,40.0,18.0,3.3065463576978533e-15
2018-08-04 15:00:00,0.97,0.0,0.28,0.97,37.7,29.0,16.6,1001.6,41.8,19.49919350964172,3.4382339178052206
2018-08-04 16:00:00,0.98,0.0,0.33,0.97,35.8,38.0,19.2,1001.9,46.4,21.652375381224353,7.455510737068887
2018-08-04 17:00:00,0.96,0.0,0.3,0.95,33.3,46.0,20.0,1002.2,46.8,22.020454134329587,10.740093096332405
2018-08-04 18:00:00,0.98,0.0,0.49,0.97,31.1,53.0,20.5,1002.9,46.4,18.735813371014522,6.087634789186467
2018-08-04 19:00:00,0.98,0.0,0.77,0.96,30.4,55.0,20.4,1003.6,37.1,18.749079203850382,3.644451811692002
2018-08-04 20:00:00,0.88,0.0,0.81,0.46,29.6,58.0,20.5,1004.7,34.9,16.530694452401313,3.51370757482014
2018-08-04 21:00:00,0.93,0.0,0.83,0.83,29.1,60.0,20.6,1005.5,30.6,12.967758166845536,4.719877977894226
2018-08-04 22:00:00,0.75,0.0,0.64,0.39,28.5,63.0,20.8,1006.0,25.2,11.202965117966418,4.3004153945436085
2018-08-04 23:00:00,0.95,0.0,0.58,0.93,28.2,64.0,20.9,1006.2,21.2,9.676371287520293,0.676637795318018
2018-08-05 00:00:00,0.95,0.0,0.53,0.95,28.1,64.0,20.6,1006.0,16.6,7.893769085249775,2.564841053312065
2018-08-05 01:00:00,0.95,0.0,0.44,0.94,27.8,64.0,20.4,1005.4,14.8,6.122295146001596,3.9758649556096968
2018-08-05 02:00:00,0.95,0.0,0.27,0.94,27.5,65.0,20.4,1004.9,15.1,7.54424191025088,5.088655421583794
2018-08-05 03:00:00,0.96,0.0,0.02,0.96,27.1,67.0,20.5,1004.6,19.8,10.060016436106816,4.691062705321761
2018-08-05 04:00:00,0.96,0.0,0.03,0.96,26.8,68.0,20.5,1004.7,19.8,9.38914950521489,3.9854575105905927
2018-08-05 05:00:00,0.97,0.0,0.02,0.94,26.9,68.0,20.5,1004.8,17.3,9.02104915954472,3.283393375926418
2018-08-05 06:00:00,0.93,0.0,0.0,0.93,27.2,68.0,20.8,1005.1,18.4,10.400704331592486,3.581249699028723
2018-08-05 07:00:00,0.96,0.0,0.0,0.96,29.0,61.0,20.8,1005.7,24.5,11.535326622311665,3.971931484377311
2018-08-05 08:00:00,0.97,0.0,0.0,0.97,31.4,50.0,19.8,1006.3,28.1,12.22684500917257,2.5988961352219975
2018-08-05 09:00:00,0.98,0.0,0.0,0.98,33.4,42.0,18.8,1006.2,29.9,12.192568089632967,-0.42577385977051563
2018-08-05 10:00:00,0.98,0.0,0.0,0.98,35.3,36.0,17.8,1005.9,29.9,10.46617932785172,-2.224655091750026
2018-08-05 11:00:00,0.96,0.0,0.0,0.96,37.3,29.0,16.6,1004.9,30.6,11.15840085217396,-2.782101799396176
2018-08-05 12:00:00,0.98,0.0,0.42,0.97,38.7,26.0,15.8,1003.7,35.6,12.976767928311105,-4.981314498679676
2018-08-05 13:00:00,0.99,0.0,0.26,0.99,38.9,25.0,15.5,1002.7,37.1,15.129051194653126,-5.5065243075432715
2018-08-05 14:00:00,1.0,0.0,0.35,0.99,38.7,26.0,15.8,1001.9,45.4,21.20314716246954,-4.121474300133374
2018-08-05 15:00:00,0.99,0.0,0.3,0.98,37.9,28.0,16.0,1001.4,47.5,22.27729045624932,-2.3414375771954266
2018-08-05 16:00:00,1.0,0.0,0.31,0.99,36.7,30.0,16.5,1001.5,45.7,22.296603601987528,0.389188663551422
2018-08-05 17:00:00,0.99,0.0,0.1,0.99,35.2,36.0,17.9,1002.0,44.6,23.04372956100194,1.611374543489301
2018-08-05 18:00:00,0.96,0.0,0.0,0.96,32.0,49.0,20.0,1002.8,45.0,20.49315005633246,10.44178149400958
2018-08-05 19:00:00,0.87,0.0,0.01,0.87,29.6,58.0,20.6,1004.0,44.6,19.853867352064288,11.005178379591845
2018-08-05 20:00:00,0.84,0.0,0.0,0.84,28.6,63.0,20.9,1005.0,41.8,16.617774435648524,9.2113827846804
2018-08-05 21:00:00,0.87,0.0,0.0,0.87,28.4,64.0,20.8,1005.9,35.6,17.245619694942246,6.967682637535969
2018-08-05 22:00:00,0.95,0.0,0.0,0.95,28.0,65.0,20.8,1006.8,34.2,17.59108903567124,5.04416361145108
2018-08-05 23:00:00,0.96,0.0,0.01,0.96,27.8,66.0,20.8,1006.9,33.5,17.28454596041491,2.7376031382040433
2018-08-06 00:00:00,0.99,0.0,0.02,0.99,27.5,66.0,20.5,1006.0,31.3,15.839495699658755,1.3857763096877662
2018-08-06 01:00:00,0.98,0.0,0.0,0.98,27.2,69.0,21.0,1005.2,32.8,18.36210380536446,2.2545828529952225
2018-08-06 02:00:00,0.55,0.0,0.01,0.55,26.9,67.0,20.3,1004.7,36.7,20.148842148140808,3.191263086820713
2018-08-06 03:00:00,0.76,0.0,0.0,0.76,26.5,71.0,20.8,1004.4,37.1,19.856396294896253,4.2206073236005235
2018-08-06 04:00:00,0.81,0.0,0.0,0.81,26.6,69.0,20.5,1004.5,36.4,19.417486257954042,5.567874587503377
2018-08-06 05:00:00,0.75,0.0,0.01,0.89,26.8,72.0,21.4,1004.3,37.4,19.790854349227466,8.400719262519388
2018-08-06 06:00:00,0.61,0.0,0.03,0.6,27.0,68.0,20.5,1004.8,40.0,19.144313186172255,9.337305426607356
2018-08-06 07:00:00,0.91,0.0,0.03,0.91,28.4,65.0,21.2,1005.1,47.5,23.643188291453075,9.552468132105764
2018-08-06 08:00:00,0.97,0.0,0.03,0.97,30.9,53.0,20.3,1005.5,51.1,25.210664066144684,6.755177077175789
2018-08-06 09:00:00,0.96,0.0,0.01,0.96,32.8,45.0,19.1,1005.4,54.7,26.60030276863692,6.141163783587522
2018-08-06 10:00:00,0.97,0.0,0.01,0.97,33.5,44.0,19.5,1005.2,57.6,27.727505924763967,3.896846826881843
2018-08-06 11:00:00,0.95,0.0,0.01,0.95,35.0,39.0,19.0,1004.5,56.9,23.084283377317814,4.906715903299132
2018-08-06 12:00:00,0.73,0.0,0.02,0.73,35.7,38.0,19.0,1003.4,50.8,22.951314143112846,7.0169209133456905
2018-08-06 13:00:00,0.87,0.0,0.04,0.87,36.8,34.0,18.4,1002.6,53.6,24.512173246427135,7.028752573333471
2018-08-06 14:00:00,0.9,0.0,0.04,0.9,36.7,35.0,18.6,1001.8,55.1,24.846436652023495,5.736251885768564
2018-08-06 15:00:00,0.99,0.0,0.03,0.99,36.0,34.0,17.9,1001.1,54.7,25.620469487984032,4.980114779327814
2018-08-06 16:00:00,0.98,0.0,0.02,0.98,33.3,47.0,20.5,1001.2,54.4,24.583482965582238,8.464772015886073
2018-08-06 17:00:00,0.99,0.0,0.01,0.97,32.2,48.0,20.0,1002.0,51.1,24.379679471285886,11.368431240824806
2018-08-06 18:00:00,1.0,0.0,0.01,1.0,30.0,58.0,20.7,1002.9,50.8,21.205955275683156,10.804973893801218
2018-08-06 19:00:00,0.97,0.0,0.0,0.97,28.2,64.0,20.8,1003.6,44.6,19.071668005752823,10.140585756175241
2018-08-06 20:00:00,0.95,0.0,0.0,0.95,27.8,66.0,20.8,1004.3,44.3,22.96607849183116,8.815851558814398
2018-08-06 21:00:00,0.95,0.0,0.0,0.95,27.7,65.0,20.5,1005.2,46.8,23.36503313508304,9.440086154080989
2018-08-06 22:00:00,0.98,0.0,0.0,0.98,27.4,67.0,20.7,1005.5,46.1,22.730250739454167,7.385506165561246
2018-08-06 23:00:00,0.98,0.0,0.0,0.98,27.2,68.0,20.9,1005.4,43.9,21.995009387149814,6.724549208622953
2018-08-07 00:00:00,0.99,0.0,0.0,0.99,27.2,70.0,21.2,1004.4,42.1,21.588982919899983,7.014685772311309
2018-08-07 01:00:00,0.98,0.0,0.0,0.98,27.0,70.0,21.0,1003.9,41.0,20.517753090505174,7.064828951720299
2018-08-07 02:00:00,0.95,0.0,0.0,0.95,26.6,72.0,21.1,1003.2,41.8,21.603383811406147,8.728333626590757
2018-08-07 03:00:00,0.95,0.0,0.0,0.95,26.8,71.0,21.1,1002.9,44.6,22.96607849183116,8.815851558814398
2018-08-07 04:00:00,0.93,0.0,0.01,0.93,26.7,71.0,21.0,1002.9,45.0,22.646592160940394,8.242685454148612
2018-08-07 05:00:00,0.97,0.0,0.0,0.98,26.9,71.0,21.2,1003.2,44.6,22.646592160940394,8.242685454148612
2018-08-07 06:00:00,0.98,0.0,0.07,0.97,27.1,70.0,21.2,1003.6,43.6,20.579268395211393,7.490241138832141
2018-08-07 07:00:00,0.97,0.0,0.09,0.97,28.6,64.0,21.2,1004.2,45.7,23.04694461870915,7.046158083817964
2018-08-07 08:00:00,0.98,0.0,0.02,0.98,30.6,56.0,20.8,1004.5,51.5,25.185056433583956,7.221698722405371
2018-08-07 09:00:00,0.98,0.0,0.05,0.98,32.0,52.0,20.9,1004.7,58.7,28.817783070397095,7.185080299310133
2018-08-07 10:00:00,0.98,0.01,0.12,0.98,33.7,43.0,19.2,1004.1,61.9,30.332279968532816,5.895997957135228
2018-08-07 11:00:00,0.98,0.01,0.18,0.98,34.5,41.0,19.2,1003.5,66.2,28.067020960847927,4.948973063507514
2018-08-07 12:00:00,0.97,0.01,0.41,0.96,34.8,39.0,18.9,1002.9,61.9,29.83350182238107,6.341306569941674
2018-08-07 13:00:00,0.99,0.0,0.14,0.99,34.5,40.0,19.0,1001.7,62.3,29.59401965141789,7.378617815789868
2018-08-07 14:00:00,1.0,0.01,0.15,1.0,33.8,42.0,19.1,1001.2,64.1,30.624019824703947,9.950347218873313
2018-08-07 15:00:00,0.98,0.01,0.13,0.98,33.3,44.0,19.4,1000.4,64.1,28.472686409813026,10.363210342767758
2018-08-07 16:00:00,0.96,0.0,0.04,0.96,32.3,48.0,19.8,1000.7,61.2,27.351923709720225,11.050894505769413
2018-08-07 17:00:00,0.95,0.01,0.04,0.93,30.4,53.0,19.7,1001.3,60.1,23.751290247905136,12.62878503894046
2018-08-07 18:00:00,0.88,0.0,0.12,0.87,28.5,61.0,20.4,1002.1,50.8,22.073689821473174,11.73678906964727
2018-08-07 19:00:00,0.84,0.0,0.1,0.82,27.5,69.0,21.2,1002.8,46.4,21.974257353232858,8.878176263957121
2018-08-07 20:00:00,0.85,0.0,0.03,0.85,27.1,69.0,21.0,1003.6,43.6,20.538769382938433,7.884094889996616
2018-08-07 21:00:00,0.89,0.0,0.02,0.89,27.0,70.0,21.0,1004.3,43.6,22.314238384143877,7.683408445188897
2018-08-07 22:00:00,0.97,0.0,0.02,0.96,27.2,68.0,20.8,1004.7,43.2,20.13954566026545,6.934601689937437
2018-08-07 23:00:00,0.76,0.0,0.03,0.75,27.1,68.0,20.8,1004.4,39.2,19.451637250268305,7.079816966841339
2018-08-08 00:00:00,0.91,0.0,0.05,0.91,27.1,68.0,20.6,1003.6,38.5,19.791905041740673,7.597400530360375
2018-08-08 01:00:00,0.98,0.0,0.06,0.98,26.6,70.0,20.7,1003.0,38.9,19.470860945902533,7.866738461734158
2018-08-08 02:00:00,1.0,0.0,0.03,1.0,26.5,69.0,20.3,1002.7,38.2,19.458518247787403,8.663490497514543
2018-08-08 03:00:00,0.98,0.0,0.02,0.98,26.2,71.0,20.5,1002.3,38.9,19.146500951810758,8.127207472576895
2018-08-08 04:00:00,0.97,0.0,0.01,0.97,26.2,71.0,20.5,1002.4,37.8,18.398048076843995,8.579150713336194
2018-08-08 05:00:00,0.95,0.0,0.04,0.73,26.8,69.0,20.7,1002.3,36.7,21.974257353232858,8.878176263957121
2018-08-08 06:00:00,0.88,0.0,0.15,0.86,27.0,69.0,20.9,1002.8,43.6,20.527258231989418,8.713304165310806
2018-08-08 07:00:00,0.87,0.0,0.42,0.8,28.2,64.0,20.8,1003.4,42.1,19.13916142363609,11.050000000000011
2018-08-08 08:00:00,0.83,0.0,0.09,0.82,30.0,58.0,20.9,1004.0,51.5,24.485429101834914,10.393448017814684
2018-08-08 09:00:00,0.95,0.0,0.09,0.95,32.0,48.0,19.7,1004.4,57.6,27.67574462418897,8.992394536310975
2018-08-08 10:00:00,0.56,0.01,0.19,0.5,33.6,43.0,19.4,1004.0,65.5,29.180856858254867,3.5829586961113264
2018-08-08 11:00:00,0.58,0.27,0.38,0.38,34.0,43.0,19.8,1003.6,65.2,30.52860540522235,5.934159756210538
2018-08-08 12:00:00,0.57,0.25,0.49,0.19,32.7,48.0,20.1,1002.9,62.6,29.546978221774687,5.743350760833993
2018-08-08 13:00:00,0.3,0.11,0.28,0.07,33.8,44.0,19.6,1002.0,60.1,23.742024396183815,1.6602040751101887
2018-08-08 14:00:00,0.39,0.13,0.33,0.11,33.7,42.0,18.8,1001.5,58.3,28.46094406205281,5.018432334574286
2018-08-08 15:00:00,0.62,0.05,0.57,0.16,32.5,46.0,19.4,1001.4,58.3,26.586102899962302,6.628659939430897
2018-08-08 16:00:00,0.88,0.0,0.86,0.18,31.6,49.0,19.5,1001.4,54.7,26.6295824562643,8.652475842498532
2018-08-08 17:00:00,0.42,0.01,0.98,0.04,30.1,56.0,20.2,1001.7,55.8,25.487918268228565,11.347952341814823
2018-08-08 18:00:00,0.6,0.01,0.6,0.02,28.8,63.0,21.0,1002.4,52.2,20.219499876469428,10.750898787796897
2018-08-08 19:00:00,0.73,0.03,0.73,0.02,28.0,68.0,21.5,1003.4,42.5,19.513042879725255,9.942391944296078
2018-08-08 20:00:00,0.55,0.0,0.55,0.02,28.0,68.0,21.5,1004.2,43.2,19.123094306473316,8.917245322728753
2018-08-08 21:00:00,0.4,0.0,0.39,0.01,27.9,69.0,21.5,1004.8,38.9,18.694916163022672,9.118119853212818
2018-08-08 22:00:00,0.24,0.0,0.24,0.01,27.6,67.0,21.0,1004.8,44.6,22.023279224990596,10.26962376029899
2018-08-08 23:00:00,0.26,0.0,0.25,0.01,27.0,69.0,20.9,1004.9,47.2,22.345130895059576,9.028018901323486
2018-08-09 00:00:00,0.29,0.0,0.28,0.08,26.9,69.0,20.8,1004.6,43.9,21.23251026957943,8.578490989224392
2018-08-09 01:00:00,0.29,0.0,0.27,0.09,26.7,71.0,20.9,1004.0,42.1,20.189354613901482,8.988879811975183
2018-08-09 02:00:00,0.3,0.0,0.21,0.19,26.8,69.0,20.6,1003.6,41.4,20.861636727752714,8.428648351858026
2018-08-09 03:00:00,0.49,0.01,0.36,0.26,26.6,70.0,20.6,1003.3,40.7,19.093100064730358,8.500795840284221
2018-08-09 04:00:00,0.55,0.03,0.39,0.42,25.8,76.0,21.2,1003.5,43.2,20.212608029555962,8.166423736466887
2018-08-09 05:00:00,0.78,0.0,0.25,0.69,26.7,71.0,21.0,1003.8,42.1,17.245619694942246,6.967682637535969
2018-08-09 06:00:00,0.84,0.0,0.28,0.81,27.2,69.0,21.1,1004.0,40.0,18.622036355536885,9.488401444556532
2018-08-09 07:00:00,0.9,0.0,0.22,0.88,27.9,66.0,20.9,1005.0,42.8,21.612930278075893,7.866463296490377
2018-08-09 08:00:00,0.93,0.0,0.16,0.92,30.2,56.0,20.5,1005.8,46.4,19.82751429858267,7.216625024171607
2018-08-09 09:00:00,0.91,0.0,0.11,0.91,32.5,47.0,19.9,1005.8,42.8,16.546575072988045,5.697442703000242
2018-08-09 10:00:00,0.88,0.01,0.08,0.88,33.9,43.0,19.5,1005.4,41.4,18.31995927171905,2.5747023677612177
2018-08-09 11:00:00,0.77,0.04,0.08,0.76,35.5,38.0,19.2,1004.7,46.4,15.162973563949327,1.0602984009107088
2018-08-09 12:00:00,0.45,0.05,0.17,0.37,37.2,34.0,18.9,1003.7,40.3,15.84118355114072,4.244632339681338
2018-08-09 13:00:00,0.44,0.02,0.22,0.35,38.3,29.0,17.3,1002.2,40.7,16.95403912726309,3.9141483455832553
2018-08-09 14:00:00,0.37,0.0,0.29,0.17,38.2,28.0,16.5,1001.4,42.5,20.169460341054368,4.6564868249180105
2018-08-09 15:00:00,0.35,0.0,0.3,0.08,36.0,35.0,18.4,1001.4,56.9,26.233609984571363,10.070139382222951
2018-08-09 16:00:00,0.16,0.0,0.09,0.12,35.8,33.0,16.8,1001.3,56.5,23.80328900834282,3.770070607469568
2018-08-09 17:00:00,0.19,0.0,0.25,0.87,33.0,45.0,19.6,1002.3,51.5,23.059436534480877,8.851688353768928
2018-08-09 18:00:00,0.93,0.0,0.14,0.93,30.1,54.0,19.9,1003.3,49.0,18.622036355536885,9.488401444556532
2018-08-09 19:00:00,0.81,0.0,0.02,0.81,29.3,58.0,20.2,1003.8,39.2,14.772816928697397,6.888677666373397
2018-08-09 20:00:00,0.91,0.0,0.03,0.91,28.2,63.0,20.5,1004.8,30.2,14.728077655239044,6.251698055828381
2018-08-09 21:00:00,0.94,0.0,0.04,0.94,27.7,66.0,20.7,1005.9,28.8,12.652292643474821,6.446665096301567
2018-08-09 22:00:00,0.94,0.0,0.07,0.94,27.6,66.0,20.7,1006.6,25.2,11.10943005964918,6.941942361454985
2018-08-09 23:00:00,0.9,0.0,0.17,0.89,27.5,67.0,20.8,1006.7,24.1,11.468128620045881,8.03007010891465
2018-08-10 00:00:00,0.78,0.0,0.25,0.74,27.4,68.0,20.9,1006.2,26.3,12.635916632730748,7.895797037074755
2018-08-10 01:00:00,0.86,0.0,0.3,0.82,27.4,69.0,21.0,1005.5,26.6,12.600359320321047,7.571059701177799
2018-08-10 02:00:00,0.9,0.0,0.36,0.88,27.1,70.0,21.2,1005.0,26.6,12.244675899951543,6.787334683448716
2018-08-10 03:00:00,0.88,0.0,0.24,0.87,27.0,70.0,21.1,1004.9,25.2,11.914625479759358,7.159029241249756
2018-08-10 04:00:00,0.91,0.0,0.28,0.9,26.8,72.0,21.2,1005.1,26.3,12.944371665663061,7.175182379645785
2018-08-10 05:00:00,0.96,0.0,0.94,0.83,27.2,71.0,21.5,1004.9,27.0,10.812806984614689,7.571208959833812
2018-08-10 06:00:00,1.0,0.0,0.99,0.83,27.2,72.0,21.6,1005.3,28.4,12.944271909999157,9.404564036679572
2018-08-10 07:00:00,0.95,0.0,0.56,0.93,27.5,70.0,21.6,1006.1,31.0,13.714676811233794,8.24060919856087
2018-08-10 08:00:00,0.99,0.0,0.94,0.96,29.2,62.0,21.1,1006.7,30.2,12.583116648188335,6.137196055047088
2018-08-10 09:00:00,0.99,0.0,0.81,0.95,31.6,51.0,20.1,1006.9,32.4,14.778665142222746,3.959931390068566
2018-08-10 10:00:00,1.0,0.0,0.96,1.0,31.8,50.0,20.0,1006.7,32.8,13.987510690493421,2.973137178693965
2018-08-10 11:00:00,1.0,0.0,0.51,1.0,32.0,50.0,20.3,1005.9,33.1,14.466434206669549,4.981192763194497
2018-08-10 12:00:00,0.99,0.01,0.13,0.99,35.2,40.0,19.8,1004.9,44.3,13.688827766869691,2.4137096695703315
2018-08-10 13:00:00,0.89,0.03,0.05,0.89,36.4,36.0,19.0,1003.8,42.1,12.959121861643627,2.991849022773408
2018-08-10 14:00:00,0.87,0.02,0.31,0.84,37.5,30.0,17.1,1002.8,39.2,16.533701170139082,-4.740962520052389
2018-08-10 15:00:00,0.98,0.01,0.2,0.98,36.7,32.0,17.1,1002.3,39.6,15.448181872368497,-2.171100374977021
2018-08-10 16:00:00,0.96,0.0,0.28,0.95,35.2,36.0,17.9,1002.4,40.3,20.2,3.71067980141648e-15
2018-08-10 17:00:00,0.99,0.0,0.67,0.9,31.7,52.0,20.5,1003.1,41.0,18.354734398280378,9.352204294634669
2018-08-10 18:00:00,0.88,0.0,0.21,0.88,30.1,58.0,20.8,1003.5,38.9,15.943304207740809,9.962482167584255
2018-08-10 19:00:00,0.96,0.0,0.43,0.96,28.8,63.0,21.0,1004.5,34.9,14.03886672645694,7.464597848295663
2018-08-10 20:00:00,0.83,0.0,0.15,0.83,28.6,62.0,20.5,1005.5,29.2,12.663925575975904,8.224049428726907
2018-08-10 21:00:00,0.91,0.0,0.64,0.88,28.1,62.0,20.3,1006.4,28.1,12.26975607381462,8.27605497136705
2018-08-10 22:00:00,0.98,0.0,0.61,0.98,27.9,64.0,20.5,1006.8,27.0,11.488041320124251,8.34655058255312
2018-08-10 23:00:00,1.0,0.0,0.99,0.97,27.8,65.0,20.5,1006.7,25.2,9.422346650363428,7.906287599144436
2018-08-11 00:00:00,0.97,0.0,0.75,0.95,27.5,66.0,20.5,1005.8,22.7,8.698697882665158,9.660882731206126
2018-08-11 01:00:00,0.92,0.0,0.02,0.92,27.0,68.0,20.6,1005.0,26.6,10.093575728924977,10.824034783963725
2018-08-11 02:00:00,0.95,0.0,0.1,0.94,26.7,69.0,20.6,1004.5,26.6,9.053614600068999,10.414992207074256
2018-08-11 03:00:00,0.97,0.0,0.2,0.97,26.6,69.0,20.6,1004.1,24.8,8.683229630737467,8.991747504233139
2018-08-11 04:00:00,0.95,0.0,0.1,0.94,26.5,71.0,20.8,1003.9,23.8,10.092681082344551,9.411577368862481
2018-08-11 05:00:00,0.94,0.01,0.0,0.99,26.8,71.0,21.0,1003.9,25.6,11.547056577408412,10.037703143554761
2018-08-11 06:00:00,0.96,0.01,0.14,0.96,27.3,69.0,21.1,1004.2,28.1,11.110951625854781,8.68082680209178
2018-08-11 07:00:00,0.95,0.0,0.19,0.95,28.7,64.0,21.1,1004.5,31.0,12.937895262766144,9.749403375063181
2018-08-11 08:00:00,0.96,0.0,0.09,0.96,31.1,53.0,20.5,1005.1,34.6,14.434018230753097,6.4264389605976415
2018-08-11 09:00:00,0.66,0.0,0.16,0.62,33.2,44.0,19.3,1005.5,34.2,14.779717114367694,0.7745721523955758
2018-08-11 10:00:00,0.45,0.0,0.15,0.4,34.5,41.0,19.4,1005.4,34.6,12.592324420440606,-0.43973365845151613
2018-08-11 11:00:00,0.92,0.05,0.16,0.91,36.6,35.0,18.5,1004.5,37.1,13.269592121137043,-1.8649195528648772
2018-08-11 12:00:00,0.96,0.06,0.22,0.96,37.8,32.0,18.1,1003.4,40.7,16.589499400265517,-3.2246720218636122
2018-08-11 13:00:00,0.98,0.05,0.13,0.99,37.8,31.0,17.7,1002.5,44.3,17.96508534470793,-2.2058351156331732
2018-08-11 14:00:00,0.99,0.03,0.09,0.99,36.6,33.0,17.5,1001.8,45.0,20.877924363858813,-3.6813413665389154
2018-08-11 15:00:00,1.0,0.01,0.07,1.0,35.8,34.0,17.3,1001.6,50.8,24.835167741225895,-4.827467583026592
2018-08-11 16:00:00,1.0,0.04,0.06,1.0,34.8,36.0,17.6,1001.3,51.1,24.440319231365695,-1.7090336067310679
2018-08-11 17:00:00,1.0,0.0,0.02,1.0,33.2,40.0,17.6,1002.5,48.6,20.487151044586433,-2.1532863433136518
2018-08-11 18:00:00,1.0,0.0,0.05,1.0,31.1,48.0,19.0,1003.0,40.0,16.22755388165635,4.348159957722347
2018-08-11 19:00:00,1.0,0.0,0.65,1.0,29.2,59.0,20.3,1003.5,31.7,14.010734976180206,9.450360068655616
2018-08-11 20:00:00,1.0,0.0,0.03,1.0,28.3,63.0,20.5,1004.2,34.2,14.839772548735247,10.009552972126363
2018-08-11 21:00:00,1.0,0.0,0.07,1.0,28.0,65.0,20.8,1004.9,32.8,12.946151088710726,10.863110603702516
2018-08-11 22:00:00,0.99,0.0,0.27,0.99,27.5,68.0,20.9,1005.3,31.3,12.286742187202062,11.457572449049977
2018-08-11 23:00:00,0.99,0.0,0.16,0.99,27.2,69.0,21.0,1005.4,32.0,13.75548351778838,11.138970921582128
2018-08-12 00:00:00,0.99,0.0,0.16,0.99,27.1,70.0,21.1,1004.6,33.5,15.20951949424901,11.050362743098498
2018-08-12 01:00:00,0.98,0.0,0.06,0.98,27.2,70.0,21.1,1003.6,33.8,13.75548351778838,11.138970921582128
2018-08-12 02:00:00,1.0,0.01,0.67,0.99,27.1,70.0,21.1,1003.3,32.8,13.947790338838981,10.897208113264147
2018-08-12 03:00:00,1.0,0.03,0.0,1.0,27.0,71.0,21.2,1002.9,32.8,13.711387112756963,10.71250967066645
2018-08-12 04:00:00,1.0,0.02,0.27,1.0,26.8,71.0,21.1,1003.1,31.7,12.707776515663445,11.442133368736474
2018-08-12 05:00:00,0.99,0.0,0.71,0.98,27.0,71.0,21.4,1002.9,31.0,13.22797789349762,11.910524793187674
2018-08-12 06:00:00,0.98,0.0,0.92,0.98,26.6,76.0,22.0,1003.2,31.7,12.528179031698016,10.890579881242422
2018-08-12 07:00:00,0.91,0.0,0.34,0.91,26.4,79.0,22.5,1003.9,46.4,11.892549817311725,8.640443208699356
2018-08-12 08:00:00,0.96,0.0,0.81,0.96,27.0,80.0,23.2,1004.3,44.6,11.488041320124251,8.34655058255312
2018-08-12 09:00:00,0.99,0.0,0.33,0.99,28.0,73.0,22.8,1004.7,31.7,15.492137046601172,4.736421616508341
2018-08-12 10:00:00,0.9,0.02,0.05,0.86,31.8,52.0,20.6,1004.4,40.7,19.073878214309207,4.054277970946316
2018-08-12 11:00:00,0.85,0.01,0.02,0.85,33.8,46.0,20.7,1003.8,46.4,21.24048764512429,2.608003948870149
2018-08-12 12:00:00,0.93,0.07,0.09,0.93,37.2,33.0,18.2,1003.0,61.6,22.974154532925816,-6.587732804026285
2018-08-12 13:00:00,0.99,0.02,0.15,0.99,35.7,38.0,19.0,1002.4,55.8,25.25183575291004,3.5489140744816785
2018-08-12 14:00:00,0.99,0.01,0.05,0.99,35.0,41.0,19.6,1001.5,58.3,22.7132391164918,1.987150934646608
2018-08-12 15:00:00,0.99,0.0,0.15,0.99,34.8,40.0,19.1,1000.9,55.8,22.376742645786152,2.3518904235222005
2018-08-12 16:00:00,1.0,0.0,0.06,1.0,34.1,41.0,19.0,1000.9,54.0,24.063514070420158,3.3819063533295997
2018-08-12 17:00:00,0.99,0.0,0.36,0.98,30.8,55.0,20.8,1001.3,49.0,22.736469880275273,9.651058873685063
2018-08-12 18:00:00,0.96,0.0,0.36,0.96,29.4,60.0,20.9,1002.0,47.2,19.82393643084444,8.826185154744861
2018-08-12 19:00:00,0.97,0.0,0.06,0.96,28.1,69.0,22.0,1003.2,42.8,21.631864056132347,9.182181519497934
2018-08-12 20:00:00,0.8,0.0,0.17,0.77,28.0,69.0,21.8,1003.9,43.2,18.36226369861628,8.175406525823583
2018-08-12 21:00:00,0.91,0.0,0.15,0.91,27.8,70.0,21.8,1004.8,38.9,19.791905041740673,7.597400530360375
2018-08-12 22:00:00,0.48,0.0,0.13,0.43,27.5,69.0,21.2,1004.9,40.0,19.030464643664402,5.818196923982468
2018-08-12 23:00:00,0.74,0.0,0.13,0.71,27.5,69.0,21.3,1005.0,36.7,19.508617021645918,5.964382776343837
2018-08-13 00:00:00,0.69,0.0,0.22,0.63,26.9,72.0,21.4,1004.5,38.2,18.43761222418668,6.348579011914555
2018-08-13 01:00:00,0.85,0.0,0.2,0.83,26.9,72.0,21.3,1004.0,35.3,17.245619694942246,6.967682637535969
2018-08-13 02:00:00,0.94,0.0,0.28,0.93,26.9,70.0,21.0,1003.2,41.0,20.954355113209395,8.466109011199618
2018-08-13 03:00:00,0.98,0.0,0.3,0.98,26.9,69.0,20.7,1002.7,41.4,19.780344836981765,10.078589094217943
2018-08-13 04:00:00,0.99,0.0,0.44,0.98,26.9,67.0,20.3,1003.0,41.8,21.263662114751373,9.025889068102225
2018-08-13 05:00:00,0.98,0.0,0.14,0.97,27.2,69.0,21.0,1002.7,41.8,19.093100064730358,8.500795840284221
2018-08-13 06:00:00,0.98,0.04,0.11,0.98,27.4,68.0,21.0,1003.0,42.8,21.93264844628693,10.22736193412492
2018-08-13 07:00:00,0.98,0.0,0.08,0.98,28.2,64.0,20.7,1003.4,44.3,20.057714836429422,12.051890952895272
2018-08-13 08:00:00,0.98,0.0,0.0,0.98,30.2,58.0,20.9,1004.0,52.6,25.497556000586652,10.301681318937588
2018-08-13 09:00:00,1.0,0.0,0.02,1.0,32.3,49.0,20.2,1004.4,57.2,28.164967690992746,8.076174525438068
2018-08-13 10:00:00,1.0,0.0,0.0,1.0,33.5,43.0,19.4,1004.3,61.6,30.616019902968116,6.507635922595881
2018-08-13 11:00:00,1.0,0.01,0.02,1.0,34.2,41.0,19.1,1003.9,62.3,28.420693572883067,3.994267997553889
2018-08-13 12:00:00,0.99,0.05,0.02,0.99,34.5,41.0,19.4,1003.3,58.0,28.841353917642962,6.6585512085784115
2018-08-13 13:00:00,0.98,0.0,0.07,0.98,34.4,41.0,19.3,1002.4,63.0,31.309720396865863,4.958972541775323
2018-08-13 14:00:00,0.99,0.02,0.16,0.99,33.2,47.0,20.4,1002.0,63.0,30.27974342205705,8.682576708235464
2018-08-13 15:00:00,1.0,0.02,0.14,1.0,32.5,46.0,19.6,1001.6,62.6,30.634801849417865,10.548408204411874
2018-08-13 16:00:00,0.99,0.0,0.15,0.99,31.5,50.0,19.7,1001.7,63.0,28.742699491570406,11.612804395893281
2018-08-13 17:00:00,0.99,0.0,0.06,1.0,30.4,54.0,20.1,1002.1,59.0,24.485429101834914,10.393448017814684
2018-08-13 18:00:00,1.0,0.0,0.17,1.0,29.3,62.0,21.1,1002.9,49.7,20.212608029555962,8.166423736466887
2018-08-13 19:00:00,0.98,0.0,0.17,0.98,28.5,66.0,21.6,1003.8,42.5,19.513042879725255,9.942391944296078
2018-08-13 20:00:00,0.97,0.0,0.08,0.97,28.2,68.0,21.7,1004.8,41.0,19.863348423211587,9.688002344038619
2018-08-13 21:00:00,0.99,0.0,0.16,0.99,28.0,69.0,21.9,1005.8,40.7,18.669940412954993,8.705936191858404
2018-08-13 22:00:00,0.37,0.0,0.28,0.26,28.1,67.0,21.5,1006.0,37.8,18.622036355536885,9.488401444556532
2018-08-13 23:00:00,0.75,0.0,0.34,0.72,27.7,69.0,21.5,1005.8,44.6,21.205955275683156,10.804973893801218
2018-08-14 00:00:00,0.96,0.01,0.27,0.96,27.6,69.0,21.5,1005.1,43.6,17.217478060749077,9.15469547432487
2018-08-14 01:00:00,0.94,0.03,0.07,0.94,27.2,70.0,21.4,1004.2,40.0,16.85120926199788,12.698296988508218
2018-08-14 02:00:00,0.97,0.0,0.02,0.97,27.2,70.0,21.2,1003.3,38.9,18.806783727895144,9.999744287339473
2018-08-14 03:00:00,0.94,0.0,0.16,0.94,26.8,72.0,21.3,1002.9,40.7,18.000513314744353,10.815799573111143
2018-08-14 04:00:00,0.98,0.0,0.15,0.98,26.8,71.0,21.0,1002.9,40.0,18.686247155306045,11.227830033039186
2018-08-14 05:00:00,0.99,0.0,0.06,0.95,27.2,70.0,21.3,1002.1,41.4,20.76045201358897,10.577978643931445
2018-08-14 06:00:00,0.99,0.04,0.26,0.99,27.0,72.0,21.6,1002.5,43.9,14.417075979486253,10.094945279778416
2018-08-14 07:00:00,0.96,0.02,0.3,0.95,28.3,68.0,21.9,1003.2,31.3,10.036959095382873,11.147172382160914
2018-08-14 08:00:00,0.95,0.0,0.22,0.94,30.0,62.0,22.0,1003.9,40.3,17.97861963851623,11.234288401743946
2018-08-14 09:00:00,0.93,0.0,0.21,0.92,32.1,53.0,21.5,1004.0,56.5,26.700400197819963,10.249323356995601
2018-08-14 10:00:00,0.95,0.0,0.11,0.95,33.7,47.0,20.7,1003.9,66.6,30.984274093202345,9.472843233016683
2018-08-14 11:00:00,0.95,0.04,0.14,0.94,33.7,45.0,20.2,1003.4,69.8,33.45264794509615,7.110579825967386
2018-08-14 12:00:00,0.97,0.02,0.14,0.97,34.7,42.0,19.9,1002.7,70.9,34.21644692391197,2.3926470494235073
2018-08-14 13:00:00,0.99,0.01,0.16,0.99,34.3,43.0,19.8,1002.2,71.6,35.31376737919778,2.4693791705420454
2018-08-14 14:00:00,1.0,0.0,0.25,1.0,33.3,47.0,20.4,1001.6,76.7,39.20557298983222,4.813839064503314
2018-08-14 15:00:00,1.0,0.0,0.16,1.0,31.9,51.0,20.6,1001.0,76.0,36.73332918735536,6.477077026976501
2018-08-14 16:00:00,1.0,0.0,0.15,1.0,31.0,55.0,21.0,1000.8,71.3,35.27219634522552,8.143228167247923
2018-08-14 17:00:00,0.79,0.0,0.77,1.0,29.1,67.0,22.3,1001.3,68.8,22.032498065333957,8.457483609269097
2018-08-14 18:00:00,1.0,0.0,0.9,1.0,28.6,69.0,22.5,1001.9,43.2,20.938653318426642,10.668776743879354
2018-08-14 19:00:00,0.98,0.01,0.38,0.97,28.2,70.0,22.2,1002.9,45.0,20.225848099075947,10.305584344087716
2018-08-14 20:00:00,0.64,0.0,0.23,0.59,28.0,70.0,22.0,1003.6,50.0,23.28877279234674,9.885497550778629
2018-08-14 21:00:00,0.85,0.0,0.32,0.81,28.0,70.0,22.1,1004.5,48.6,23.38274090554557,10.903551152910039
2018-08-14 22:00:00,0.96,0.0,0.66,0.93,28.0,71.0,22.2,1004.8,48.6,23.386763715650588,10.412458062740484
2018-08-14 23:00:00,0.99,0.05,0.68,0.98,28.0,69.0,21.9,1004.8,47.2,22.295171561101593,10.3964092388212
2018-08-15 00:00:00,0.86,0.0,0.25,0.84,27.7,68.0,21.3,1004.1,52.9,25.829771930544528,12.044620459609925
2018-08-15 01:00:00,0.81,0.0,0.21,0.79,27.2,69.0,21.1,1003.3,53.3,26.949591000456728,11.998730970736103
2018-08-15 02:00:00,0.95,0.0,0.41,0.93,27.2,70.0,21.2,1002.7,56.5,29.13047124436316,10.602624443095724
2018-08-15 03:00:00,1.0,0.0,0.99,0.97,27.2,70.0,21.2,1002.4,57.6,27.733018283321492,12.932118809265395
2018-08-15 04:00:00,1.0,0.0,1.0,0.98,26.5,72.0,21.0,1002.3,57.2,26.69464075012077,11.331202726188941
2018-08-15 05:00:00,1.0,0.0,1.0,1.0,25.0,88.0,22.9,1002.4,55.4,13.018095888821232,12.139570809112476
2018-08-15 06:00:00,0.99,0.0,0.68,0.99,24.8,90.0,23.0,1002.6,32.4,7.237184497073133,8.937178556755164
2018-08-15 07:00:00,1.0,0.01,0.77,1.0,25.1,89.0,23.3,1003.3,20.2,6.538771374401926,9.338333304894507
2018-08-15 08:00:00,1.0,0.0,0.97,1.0,25.2,85.0,22.5,1004.2,27.7,15.50492824296749,5.643332364873531
2018-08-15 09:00:00,1.0,0.0,0.88,1.0,25.3,86.0,22.8,1004.2,35.3,15.20951949424901,11.050362743098498
2018-08-15 10:00:00,1.0,0.0,0.97,1.0,25.2,85.0,22.5,1004.1,35.3,15.501854727741446,8.950000000000006
2018-08-15 11:00:00,1.0,0.0,0.97,1.0,25.5,83.0,22.4,1003.9,45.7,23.752181898707626,10.575152719970802
2018-08-15 12:00:00,1.0,0.0,1.0,1.0,26.5,77.0,22.2,1003.6,49.0,24.394379250462375,8.399658384994641
2018-08-15 13:00:00,1.0,0.0,0.99,1.0,28.5,69.0,22.3,1003.0,45.7,15.501854727741446,8.950000000000006
2018-08-15 14:00:00,1.0,0.0,0.93,1.0,28.3,71.0,22.6,1002.4,36.7,17.67369318628685,7.502037666994057
2018-08-15 15:00:00,1.0,0.0,0.99,1.0,27.2,80.0,23.5,1002.0,36.7,15.761662348876778,9.100000000000009
2018-08-15 16:00:00,1.0,0.0,1.0,1.0,25.4,84.0,22.5,1001.9,43.9,22.349828132936107,7.261899367811267
2018-08-15 17:00:00,1.0,0.0,0.81,1.0,25.2,81.0,21.8,1001.5,43.2,27.350316020542813,8.361830755070281
2018-08-15 18:00:00,1.0,0.0,0.73,1.0,24.8,86.0,22.2,1002.0,52.6,25.944690997049868,11.551320663352723
2018-08-15 19:00:00,1.0,0.0,0.89,1.0,24.6,84.0,21.8,1003.0,52.2,24.379679471285886,11.368431240824806
2018-08-15 20:00:00,0.96,0.0,0.75,0.96,25.6,79.0,21.6,1003.3,59.8,31.38573353424934,11.42347278707733
2018-08-15 21:00:00,0.99,0.0,0.7,0.98,25.9,73.0,20.6,1004.2,65.9,33.80740392011739,9.058666578588221
2018-08-15 22:00:00,1.0,0.0,0.92,1.0,24.8,78.0,20.8,1004.9,64.4,30.595220034256382,7.063463106397369
2018-08-15 23:00:00,0.99,0.0,0.97,0.99,24.5,81.0,21.0,1004.8,56.5,26.70025938977646,5.190004674242013
2018-08-16 00:00:00,1.0,0.0,1.0,1.0,24.1,86.0,21.6,1004.2,48.2,23.774629580759736,5.488805725990312
2018-08-16 01:00:00,1.0,0.0,1.0,1.0,24.1,87.0,21.8,1004.0,44.3,20.17803035082005,6.1690429696497535
2018-08-16 02:00:00,1.0,0.0,1.0,1.0,24.0,85.0,21.4,1003.8,49.7,26.659552805578286,7.14340564482957
2018-08-16 03:00:00,1.0,0.0,1.0,1.0,24.0,86.0,21.5,1003.2,51.1,22.62328605142961,9.14040087934826
2018-08-16 04:00:00,1.0,0.0,1.0,1.0,24.1,85.0,21.5,1003.0,48.2,24.570372146019864,9.927074725521676
2018-08-16 05:00:00,1.0,0.0,0.99,1.0,24.2,83.0,21.1,1002.8,48.2,28.453346199774245,8.158865732183168
2018-08-16 06:00:00,1.0,0.0,1.0,1.0,26.1,72.0,20.8,1003.0,54.0,26.6295824562643,8.652475842498532
2018-08-16 07:00:00,1.0,0.0,0.27,1.0,26.9,68.0,20.5,1002.9,56.5,28.186389178830332,11.388040439843733
2018-08-16 08:00:00,0.98,0.0,0.58,0.97,28.2,66.0,21.2,1003.3,56.5,26.33202146969676,10.63882725301191
2018-08-16 09:00:00,1.0,0.0,0.59,1.0,29.0,65.0,21.8,1003.7,60.1,27.251086002791343,9.918584156444387
2018-08-16 10:00:00,1.0,0.0,0.1,1.0,29.6,62.0,21.6,1003.6,56.5,26.610176626066796,10.751209231036682
2018-08-16 11:00:00,1.0,0.0,0.88,1.0,30.2,58.0,21.0,1003.6,59.4,29.224440506441752,10.636826457428292
2018-08-16 12:00:00,1.0,0.0,1.0,1.0,30.6,57.0,21.2,1003.5,61.9,29.895238743681723,8.572321765908665
2018-08-16 13:00:00,1.0,0.01,0.08,1.0,29.6,61.0,21.4,1002.9,60.8,27.799246574263694,11.80008008037607
2018-08-16 14:00:00,1.0,0.0,0.63,1.0,30.3,59.0,21.5,1002.3,62.6,30.25659441917814,10.418180942629013
2018-08-16 15:00:00,1.0,0.0,1.0,0.98,29.5,63.0,21.7,1002.0,61.9,28.7545941960488,10.465816385765457
2018-08-16 16:00:00,1.0,0.0,1.0,0.92,28.5,67.0,21.7,1001.8,59.0,24.485429101834914,10.393448017814684
2018-08-16 17:00:00,1.0,0.0,0.97,0.72,27.3,76.0,22.7,1001.5,49.7,25.130659310548307,6.265777096031395
2018-08-16 18:00:00,1.0,0.0,1.0,0.81,26.8,76.0,22.1,1002.0,54.0,28.467188319982256,5.5334608659197935
2018-08-16 19:00:00,1.0,0.0,0.99,1.0,25.5,87.0,23.2,1002.7,52.9,25.59703439666031,6.8587046952167965
2018-08-16 20:00:00,0.98,0.0,0.96,0.95,25.0,86.0,22.5,1003.4,49.3,25.915858886598258,7.923273197986176
2018-08-16 21:00:00,1.0,0.0,1.0,0.99,24.9,87.0,22.5,1004.0,49.7,24.91768072693302,8.096245252623627
2018-08-16 22:00:00,0.97,0.0,0.6,0.96,24.7,87.0,22.3,1004.4,54.0,23.716357947883278,7.25081827712388
2018-08-16 23:00:00,1.0,0.0,0.31,1.0,24.2,87.0,22.0,1004.2,44.6,19.04504070054291,7.310706170724134
2018-08-17 00:00:00,0.99,0.0,0.69,0.99,24.4,87.0,22.1,1003.5,49.0,17.66622127077508,6.4299786945225685
2018-08-17 01:00:00,1.0,0.0,0.54,1.0,24.2,88.0,22.1,1003.0,46.4,16.132999069462098,6.518154725436873
2018-08-17 02:00:00,1.0,0.0,0.48,1.0,24.0,88.0,22.0,1002.5,42.8,15.78753817049955,5.12968210662413
2018-08-17 03:00:00,1.0,0.0,0.63,1.0,24.0,87.0,21.6,1002.2,40.7,17.689651203089856,5.747716095374025
2018-08-17 04:00:00,1.0,0.0,0.91,1.0,24.0,88.0,21.9,1002.0,41.8,19.030464643664402,5.818196923982468
2018-08-17 05:00:00,1.0,0.0,0.88,0.99,25.4,83.0,22.2,1001.8,43.6,23.015567694342714,7.478211263873731
2018-08-17 06:00:00,1.0,0.0,1.0,0.99,26.1,79.0,22.1,1001.9,44.6,23.68130725574932,7.694523159936194
2018-08-17 07:00:00,0.98,0.0,0.73,0.96,26.4,78.0,22.2,1002.5,52.9,24.45145230215511,6.096431769111628
2018-08-17 08:00:00,0.98,0.0,0.78,0.96,27.6,73.0,22.3,1003.2,51.5,21.225802935923582,4.511683690745388
2018-08-17 09:00:00,1.0,0.0,1.0,0.93,28.9,67.0,22.2,1003.3,48.2,23.38488155484564,5.398825304252766
2018-08-17 10:00:00,1.0,0.0,1.0,0.96,29.4,65.0,22.2,1003.4,46.8,24.148145657226706,6.470476127563016
2018-08-17 11:00:00,1.0,0.0,1.0,0.94,29.8,64.0,22.4,1003.1,52.6,25.90720897142128,8.920567432126091
2018-08-17 12:00:00,0.99,0.0,0.99,0.9,30.1,61.0,21.8,1002.4,54.7,28.068841521398916,8.048610789856367
2018-08-17 13:00:00,0.99,0.0,0.99,0.84,30.4,59.0,21.5,1001.8,58.3,29.170959953929863,7.816335162096123
2018-08-17 14:00:00,1.0,0.0,1.0,0.91,29.4,64.0,21.8,1001.2,57.6,26.394011264579778,8.069459050347545
2018-08-17 15:00:00,0.99,0.0,0.98,0.96,29.2,64.0,21.6,1000.8,51.8,24.05613109211926,8.755715669137116
2018-08-17 16:00:00,1.0,0.0,1.0,0.98,28.5,68.0,22.0,1000.7,47.9,21.565707852085357,8.278299634496447
2018-08-17 17:00:00,1.0,0.0,1.0,0.53,28.9,67.0,22.0,1000.4,42.8,19.82393643084444,8.826185154744861
2018-08-17 18:00:00,1.0,0.0,1.0,0.88,28.0,69.0,21.7,1001.2,42.5,19.00726901861914,7.679435165026202
2018-08-17 19:00:00,0.9,0.0,0.75,0.85,27.3,72.0,21.8,1002.2,52.2,19.791905041740673,7.597400530360375
2018-08-17 20:00:00,0.94,0.0,0.89,0.81,27.0,72.0,21.6,1002.7,38.5,17.975880925983336,8.767422935781555
2018-08-17 21:00:00,0.91,0.0,0.84,0.84,27.3,72.0,21.7,1003.5,37.4,19.470860945902533,7.866738461734158
2018-08-17 22:00:00,0.89,0.0,0.29,0.87,27.1,73.0,21.9,1003.6,41.8,20.861176181447167,7.592847181829842
2018-08-17 23:00:00,0.67,0.0,0.18,0.64,27.2,72.0,21.6,1003.3,40.3,19.51183091379151,7.489890145496784
2018-08-18 00:00:00,0.59,0.0,0.28,0.55,26.9,74.0,21.9,1002.6,37.4,17.949844642322585,7.61925700554084
2018-08-18 01:00:00,0.24,0.0,0.24,0.0,26.7,75.0,21.9,1002.0,37.4,19.054450466465514,8.088134359727968
2018-08-18 02:00:00,0.26,0.0,0.26,0.03,26.7,72.0,21.2,1001.4,38.5,19.39498664258431,9.044030801250962
2018-08-18 03:00:00,0.14,0.0,0.1,0.09,26.4,73.0,21.2,1001.4,39.2,18.694916163022672,9.118119853212818
2018-08-18 04:00:00,0.43,0.0,0.01,0.43,26.1,74.0,21.1,1001.2,37.4,16.216318740228292,8.262627095259754
2018-08-18 05:00:00,0.75,0.0,0.31,0.51,27.0,73.0,21.7,1001.4,34.2,19.513042879725255,9.942391944296078
2018-08-18 06:00:00,0.96,0.0,0.69,0.91,27.0,73.0,21.8,1001.9,41.8,19.863348423211587,9.688002344038619
2018-08-18 07:00:00,0.96,0.0,0.84,0.81,28.0,72.0,22.5,1002.8,40.0,19.451637250268305,7.079816966841339
2018-08-18 08:00:00,0.87,0.01,0.31,0.83,29.0,67.0,22.3,1003.6,42.8,21.263662114751373,9.025889068102225
2018-08-18 09:00:00,0.94,0.01,0.73,0.83,29.8,65.0,22.4,1003.7,49.3,23.39834625756912,8.516301568809146
2018-08-18 10:00:00,0.98,0.0,0.95,0.81,30.0,63.0,22.1,1003.5,48.6,20.818843510887593,7.991605274860206
2018-08-18 11:00:00,1.0,0.0,1.0,0.75,30.2,60.0,21.6,1003.1,45.7,22.68577602414433,6.505041597281174
2018-08-18 12:00:00,1.0,0.0,1.0,0.7,29.0,65.0,21.9,1002.4,46.8,22.012892836987504,6.312095448209274
2018-08-18 13:00:00,1.0,0.0,1.0,0.67,29.1,66.0,22.0,1001.6,52.2,26.202750313387167,8.010984709402996
2018-08-18 14:00:00,1.0,0.0,1.0,0.79,29.2,64.0,21.9,1000.7,52.6,24.394379250462375,8.399658384994641
2018-08-18 15:00:00,1.0,0.0,1.0,0.8,29.2,65.0,21.9,1000.4,50.0,23.36503313508304,9.440086154080989
2018-08-18 16:00:00,1.0,0.0,1.0,0.53,28.7,67.0,21.9,1000.4,52.2,25.277731499140934,9.200341855460483
2018-08-18 17:00:00,0.94,0.0,1.0,0.67,28.5,68.0,22.0,1000.6,50.4,14.833519560029973,7.887122254802965
2018-08-18 18:00:00,1.0,0.0,1.0,0.5,27.8,69.0,21.5,1001.3,31.3,14.03886672645694,7.464597848295663
2018-08-18 19:00:00,1.0,0.0,1.0,0.02,27.4,69.0,21.1,1002.0,30.6,14.41681763465924,9.008627491964486
2018-08-18 20:00:00,0.96,0.0,0.95,0.34,27.2,69.0,21.0,1003.0,32.0,14.417075979486253,10.094945279778416
2018-08-18 21:00:00,0.99,0.0,0.99,0.57,26.9,71.0,21.2,1004.2,31.7,13.329173310270214,11.184504408545786
2018-08-18 22:00:00,1.0,0.0,0.8,1.0,26.9,72.0,21.5,1004.8,32.4,14.341795715642341,11.205038850926977
2018-08-18 23:00:00,1.0,0.01,0.92,1.0,26.7,73.0,21.5,1004.7,34.6,15.503002606779281,10.45690729490296
2018-08-19 00:00:00,1.0,0.0,0.9,1.0,26.6,74.0,21.6,1003.7,35.3,16.166232664823315,10.904261617679559
2018-08-19 01:00:00,0.99,0.0,0.16,0.98,26.5,74.0,21.5,1002.9,35.3,15.934740790963058,10.348141665285512
2018-08-19 02:00:00,0.96,0.0,0.17,0.95,26.4,76.0,21.8,1002.2,34.2,15.095256111584384,9.43256290335105
2018-08-19 03:00:00,0.98,0.0,0.08,0.98,26.0,76.0,21.5,1001.7,32.0,14.005798484688583,9.09547188475095
2018-08-19 04:00:00,0.98,0.0,0.0,0.98,25.8,76.0,21.2,1001.8,29.9,12.944271909999157,9.404564036679572
2018-08-19 05:00:00,0.97,0.0,0.15,0.9,26.0,77.0,21.8,1001.6,28.8,12.937895262766144,9.749403375063181
2018-08-19 06:00:00,0.96,0.0,0.09,0.96,26.5,75.0,21.8,1001.8,29.2,11.547056577408412,10.037703143554761
2018-08-19 07:00:00,0.98,0.01,0.01,0.98,27.9,71.0,22.1,1002.4,34.6,13.660243402032174,11.874668424728183
2018-08-19 08:00:00,0.95,0.01,0.01,0.95,29.6,63.0,21.9,1003.2,36.7,14.095217753389193,11.827292018232326
2018-08-19 09:00:00,0.89,0.02,0.0,0.89,31.2,56.0,21.5,1003.6,40.0,15.943304207740809,9.962482167584255
2018-08-19 10:00:00,0.94,0.01,0.01,0.94,32.6,51.0,21.0,1003.1,39.6,16.20088542076295,6.8768678614112195
2018-08-19 11:00:00,0.56,0.12,0.01,0.5,33.7,48.0,21.0,1002.7,42.8,17.28454596041491,-2.7376031382040367
2018-08-19 12:00:00,0.98,0.91,0.6,0.92,35.0,42.0,20.2,1001.9,47.9,20.57926839521139,-7.49024113883215
2018-08-19 13:00:00,0.73,0.52,0.51,0.66,34.6,42.0,19.9,1000.7,48.2,17.000294542687605,-4.555215193804358
2018-08-19 14:00:00,0.88,0.17,0.35,0.86,34.2,44.0,20.2,1000.1,45.4,20.187694705785734,-0.7049698333905259
2018-08-19 15:00:00,0.97,0.25,0.19,0.97,33.7,47.0,20.8,999.6,48.2,21.191736671069602,2.9783043605454087
2018-08-19 16:00:00,0.94,0.01,0.02,0.94,31.9,57.0,22.4,999.6,49.0,19.0994752271062,6.576476720034564
2018-08-19 17:00:00,1.0,0.0,0.01,0.96,31.6,58.0,22.2,1000.0,41.8,17.689651203089856,5.747716095374025
2018-08-19 18:00:00,1.0,0.0,0.08,1.0,29.8,63.0,22.0,1000.7,34.9,16.169754600274036,7.199238582441661
2018-08-19 19:00:00,1.0,0.0,0.02,1.0,28.1,69.0,21.9,1001.6,32.8,14.400502499874063,10.462577490806025
2018-08-19 20:00:00,1.0,0.0,0.1,1.0,27.1,70.0,21.2,1002.5,32.4,11.17228714274745,11.172287142747454
2018-08-19 21:00:00,1.0,0.0,0.07,1.0,26.8,72.0,21.2,1003.3,30.6,11.798571629081222,12.65241903801165
2018-08-19 22:00:00,1.0,0.0,0.18,1.0,26.4,74.0,21.3,1003.6,31.3,11.879393923933998,11.879393923934002
2018-08-19 23:00:00,1.0,0.0,0.12,1.0,26.4,74.0,21.3,1003.5,31.0,12.707776515663445,11.442133368736474
2018-08-20 00:00:00,0.99,0.0,0.14,0.99,26.3,73.0,21.1,1002.9,31.0,11.96463169018605,10.773002762377617
2018-08-20 01:00:00,1.0,0.0,0.22,0.99,26.2,74.0,21.1,1002.4,28.8,10.41987555688496,10.790097005079765
2018-08-20 02:00:00,0.99,0.01,0.23,0.99,26.2,74.0,21.2,1001.9,28.8,11.555388485582892,10.775574088987478
2018-08-20 03:00:00,0.99,0.01,0.07,0.99,26.1,75.0,21.3,1001.9,29.5,12.301766157631185,10.693762172545268
2018-08-20 04:00:00,0.99,0.0,0.01,0.99,25.9,76.0,21.4,1002.2,29.2,12.512049979457228,10.13205829590239
2018-08-20 05:00:00,0.99,0.01,0.01,0.97,25.9,76.0,21.4,1002.2,29.2,10.818733752154177,10.81873375215418
2018-08-20 06:00:00,0.97,0.02,0.01,0.97,26.4,74.0,21.4,1002.5,28.1,11.567271091096567,9.706092906266745
2018-08-20 07:00:00,0.96,0.02,0.0,0.96,27.8,69.0,21.7,1003.3,32.4,13.753288904374104,9.992349288972045
2018-08-20 08:00:00,0.91,0.02,0.01,0.91,29.6,61.0,21.5,1004.1,34.9,13.76175434405506,9.63608413069758
2018-08-20 09:00:00,0.95,0.02,0.01,0.95,31.5,53.0,20.6,1004.5,34.6,13.322724469438755,6.212488447588277
2018-08-20 10:00:00,0.96,0.12,0.01,0.95,32.7,48.0,20.3,1004.4,34.9,15.861268399131205,1.1091279325315968
2018-08-20 11:00:00,0.86,0.39,0.17,0.83,33.9,44.0,19.9,1003.9,36.7,16.533701170139082,-4.740962520052389
2018-08-20 12:00:00,0.97,0.04,0.06,0.97,34.7,41.0,19.5,1003.2,38.5,16.95403912726309,-3.914148345583249
2018-08-20 13:00:00,0.96,0.06,0.38,0.95,35.5,39.0,19.3,1002.0,44.6,17.944894183325665,-8.367841582465852
2018-08-20 14:00:00,1.0,0.04,0.72,1.0,35.7,38.0,19.0,1001.1,44.3,17.975927798831506,-2.847107263732198
2018-08-20 15:00:00,1.0,0.01,0.06,1.0,34.2,42.0,19.4,1000.6,42.5,18.299202874776228,1.9233237241248218
2018-08-20 16:00:00,1.0,0.06,0.04,1.0,33.4,47.0,20.6,1000.7,40.0,20.15079381524845,1.4090807696313368
2018-08-20 17:00:00,1.0,0.0,0.01,1.0,31.9,48.0,19.6,1001.3,41.0,18.764966572593753,7.203195785860545
2018-08-20 18:00:00,1.0,0.0,0.01,1.0,29.6,60.0,21.0,1002.2,37.8,15.761662348876778,9.100000000000009
2018-08-20 19:00:00,1.0,0.0,0.01,1.0,27.8,67.0,21.0,1003.2,34.6,16.442850494220643,9.114420860631133
2018-08-20 20:00:00,1.0,0.0,0.01,1.0,26.9,68.0,20.5,1003.9,34.2,14.840841682737453,9.273587124081088
2018-08-20 21:00:00,0.99,0.0,0.01,0.99,26.6,69.0,20.5,1004.6,31.7,14.007499957341757,9.808157061602895
2018-08-20 22:00:00,1.0,0.0,0.01,1.0,26.4,70.0,20.5,1005.2,30.6,12.937895262766144,9.749403375063181
2018-08-20 23:00:00,0.96,0.0,0.09,0.95,26.1,72.0,20.7,1005.2,29.5,13.992793586581028,8.743667859847882
2018-08-21 00:00:00,0.96,0.0,0.15,0.95,26.0,73.0,20.7,1004.6,29.5,14.077903082176212,7.1730498958848425
2018-08-21 01:00:00,0.95,0.0,0.2,0.9,25.8,73.0,20.7,1004.2,28.1,12.297560733739024,7.100000000000006
2018-08-21 02:00:00,0.95,0.0,0.17,0.95,25.7,74.0,20.7,1003.7,25.6,10.418204426418098,8.741911491736937
2018-08-21 03:00:00,0.91,0.0,0.04,0.91,25.6,75.0,20.9,1003.5,24.5,10.092681082344551,9.411577368862481
2018-08-21 04:00:00,0.87,0.0,0.0,0.87,25.4,77.0,21.0,1003.6,25.2,10.11162697096763,10.111626970967633
2018-08-21 05:00:00,0.49,0.0,0.0,0.79,25.7,75.0,20.9,1003.7,27.4,12.211892584652533,7.630837404958152
2018-08-21 06:00:00,0.87,0.0,0.0,0.87,26.1,73.0,21.0,1004.3,27.0,14.093194589415166,5.694020219921867
2018-08-21 07:00:00,0.44,0.01,0.0,0.43,27.6,69.0,21.4,1004.7,31.3,14.708081868045877,6.548459953520382
2018-08-21 08:00:00,0.79,0.0,0.0,0.79,29.8,59.0,21.0,1005.2,32.4,12.960201354624097,6.043441142891998
2018-08-21 09:00:00,0.83,0.01,0.0,0.83,31.5,51.0,20.2,1005.6,31.3,11.127361240653295,3.6154988341868863
2018-08-21 10:00:00,0.91,0.27,0.0,0.9,32.8,47.0,20.1,1005.6,29.5,11.910553819695865,1.462432120861766
2018-08-21 11:00:00,0.69,0.43,0.19,0.64,34.5,43.0,20.0,1004.9,34.2,14.0,2.5717582782094417e-15
2018-08-21 12:00:00,0.72,0.71,0.34,0.0,35.2,41.0,20.0,1004.1,33.5,12.192568089632967,-0.42577385977051563
2018-08-21 13:00:00,0.38,0.35,0.12,0.0,35.1,43.0,20.5,1003.0,33.1,13.351447505761737,5.394334945189137
2018-08-21 14:00:00,0.22,0.19,0.05,0.01,35.8,40.0,20.1,1001.6,37.8,15.84118355114072,4.244632339681338
2018-08-21 15:00:00,0.04,0.0,0.04,0.0,34.8,40.0,19.0,1001.1,42.1,19.40591452551993,4.838437911993355
2018-08-21 16:00:00,0.03,0.0,0.03,0.0,32.8,50.0,21.1,1001.3,43.9,19.458518247787403,8.663490497514543
2018-08-21 17:00:00,0.02,0.0,0.01,0.01,32.2,51.0,20.9,1001.2,43.2,18.44634110060854,10.65000000000001
2018-08-21 18:00:00,0.01,0.0,0.01,0.0,30.2,57.0,20.6,1002.0,40.0,17.65895185717854,9.389431255717815
2018-08-21 19:00:00,0.01,0.0,0.01,0.0,28.9,59.0,20.1,1003.1,37.1,18.398048076843995,8.579150713336194
2018-08-21 20:00:00,0.0,0.0,0.0,0.0,28.1,61.0,19.9,1004.1,37.1,16.511119986461935,8.779118224096157
2018-08-21 21:00:00,0.08,0.0,0.0,0.08,27.4,65.0,20.1,1005.0,33.5,12.68427486009214,8.555651423102423
2018-08-21 22:00:00,0.0,0.0,0.0,0.0,26.7,68.0,20.4,1005.3,27.4,10.480543022969405,8.188297621831254
2018-08-21 23:00:00,0.0,0.0,0.0,0.0,26.3,70.0,20.4,1005.1,23.4,8.556838308944293,7.979380812731233
2018-08-22 00:00:00,0.0,0.0,0.0,0.0,26.0,71.0,20.3,1004.3,20.9,7.159697488039782,7.951649632608118
2018-08-22 01:00:00,0.0,0.0,0.0,0.0,25.7,72.0,20.3,1003.9,19.1,6.56059028990507,7.547095802227721
2018-08-22 02:00:00,0.0,0.0,0.0,0.0,25.5,73.0,20.4,1003.5,19.1,7.8408038236912985,7.57177623800307
2018-08-22 03:00:00,0.0,0.0,0.0,0.0,25.5,73.0,20.3,1003.2,20.5,8.937178556755162,7.237184497073135
2018-08-22 04:00:00,0.01,0.0,0.0,0.01,25.5,73.0,20.3,1003.3,20.5,8.668118289673943,6.772276228582239
2018-08-22 05:00:00,0.01,0.0,0.0,0.15,25.9,71.0,20.4,1003.4,19.4,9.03932442880394,7.584893794301166
2018-08-22 06:00:00,0.01,0.0,0.0,0.01,26.5,70.0,20.6,1003.8,21.2,9.663489671572243,7.281961780139784
2018-08-22 07:00:00,0.06,0.0,0.0,0.05,28.5,63.0,20.9,1004.5,23.8,10.068373723328557,5.130092647056881
2018-08-22 08:00:00,0.22,0.0,0.0,0.22,31.0,52.0,20.0,1005.3,24.1,9.383039235653808,1.4861274178821948
2018-08-22 09:00:00,0.36,0.0,0.0,0.36,32.8,45.0,19.4,1005.2,27.7,11.190549891303368,-2.175222547292614
2018-08-22 10:00:00,0.14,0.0,0.0,0.14,33.8,43.0,19.6,1005.3,31.0,11.535326622311667,-3.971931484377307
2018-08-22 11:00:00,0.04,0.01,0.04,0.0,34.9,41.0,19.8,1004.8,30.6,8.952745484897491,-3.986019102142838
2018-08-22 12:00:00,0.27,0.0,0.25,0.03,35.9,38.0,19.4,1003.7,31.0,10.065602558591769,-5.351975815759151
2018-08-22 13:00:00,0.49,0.01,0.29,0.3,35.9,39.0,19.6,1002.6,30.2,11.497079796628164,-4.645121758357308
2018-08-22 14:00:00,0.53,0.42,0.42,0.12,36.0,40.0,20.2,1001.6,30.6,8.337387673787106,-1.0237024846032405
2018-08-22 15:00:00,0.59,0.06,0.45,0.29,35.8,40.0,20.0,1001.0,23.4,4.6769763109691285,1.0797650608505531
2018-08-22 16:00:00,0.56,0.04,0.29,0.45,34.8,40.0,19.1,1001.0,20.5,1.437543918085127,1.083267041673687
2018-08-22 17:00:00,0.96,0.04,0.22,0.91,33.1,49.0,21.0,1001.1,19.1,-2.2258437878816806,8.306962106085987
2018-08-22 18:00:00,0.71,0.01,0.12,0.67,31.5,52.0,20.4,1002.1,18.4,6.877117867544074,7.121464023352646
2018-08-22 19:00:00,0.88,0.0,0.04,0.88,30.4,54.0,20.2,1003.0,26.3,14.093194589415166,5.694020219921867
2018-08-22 20:00:00,0.89,0.0,0.04,0.88,29.1,58.0,20.1,1003.9,29.5,12.967758166845536,4.719877977894226
2018-08-22 21:00:00,0.95,0.0,0.13,0.94,28.5,61.0,20.4,1004.9,24.8,9.743700647852352,2.2495105434386526
2018-08-22 22:00:00,0.89,0.0,0.24,0.86,28.0,63.0,20.5,1005.7,17.3,8.987963899415753,1.4235536318661024
2018-08-22 23:00:00,0.79,0.0,0.35,0.71,27.5,65.0,20.5,1005.7,15.8,8.337387673787106,1.0237024846032363
2018-08-23 00:00:00,0.93,0.0,0.33,0.9,27.4,66.0,20.5,1005.2,16.2,9.329933825428428,1.1455718280083835
2018-08-23 01:00:00,0.93,0.0,0.26,0.91,27.2,67.0,20.5,1004.9,17.3,8.987963899415753,1.4235536318661024
2018-08-23 02:00:00,0.93,0.0,0.3,0.91,27.0,68.0,20.6,1004.4,16.2,6.790680836331102,-0.3558845024520188
2018-08-23 03:00:00,0.87,0.0,0.36,0.84,26.9,69.0,20.6,1004.2,12.2,5.785871491506981,-0.40458754771592625
2018-08-23 04:00:00,0.73,0.03,0.16,0.72,26.1,74.0,21.2,1004.4,9.7,3.939231012048832,0.6945927106677213
2018-08-23 05:00:00,0.87,0.05,0.59,0.83,26.9,71.0,21.2,1004.3,5.8,3.1974091017491033,1.4235782507653003
2018-08-23 06:00:00,0.77,0.06,0.3,0.73,27.5,65.0,20.4,1004.6,5.4,2.5114736709748713,1.4500000000000013
2018-08-23 07:00:00,0.8,0.08,0.22,0.76,28.8,60.0,20.1,1005.3,11.5,3.939231012048832,0.6945927106677213
2018-08-23 08:00:00,0.75,0.07,0.12,0.72,31.4,50.0,19.8,1005.8,18.4,6.790680836331102,-0.3558845024520188
2018-08-23 09:00:00,0.38,0.04,0.05,0.35,33.5,44.0,19.5,1005.6,25.2,9.38303923565381,-1.4861274178821915
2018-08-23 10:00:00,0.59,0.04,0.04,0.58,35.2,40.0,19.4,1005.3,25.2,7.969557584733964,-0.6972459419812631
2018-08-23 11:00:00,0.76,0.05,0.08,0.75,36.5,36.0,19.2,1004.5,25.2,8.6,1.5797943709000855e-15
2018-08-23 12:00:00,0.74,0.03,0.21,0.71,37.5,34.0,19.1,1003.6,26.6,9.394273773979501,-0.32805526900351206
2018-08-23 13:00:00,0.82,0.01,0.32,0.78,37.2,34.0,18.9,1002.2,27.0,9.030970087718506,-1.7554427574642149
2018-08-23 14:00:00,0.61,0.09,0.48,0.5,36.0,37.0,19.1,1001.5,25.6,-5.265981236333618e-16,4.3
2018-08-23 15:00:00,0.59,0.01,0.54,0.23,31.8,57.0,22.2,1002.2,31.0,6.8255595925774495,9.747909327039002
2018-08-23 16:00:00,0.39,0.11,0.38,0.04,33.5,49.0,21.3,1001.6,28.4,2.496747046277381,6.859756131737131
2018-08-23 17:00:00,0.34,0.06,0.24,0.51,32.6,54.0,22.0,1001.6,28.4,-6.807987937687841,10.483382099317799
2018-08-23 18:00:00,0.89,0.0,0.23,0.88,31.6,56.0,21.6,1002.1,24.1,1.3929056662487764,7.165878439167947
2018-08-23 19:00:00,0.69,0.0,0.11,0.67,30.7,55.0,20.8,1002.8,19.8,10.477177556604698,4.233054505599809
2018-08-23 20:00:00,0.75,0.0,0.14,0.73,29.7,58.0,20.6,1003.9,21.6,10.423721839997086,3.1868515814778346
2018-08-23 21:00:00,0.32,0.0,0.22,0.18,29.1,61.0,20.8,1004.7,20.5,11.10781873855168,2.564442019520064
2018-08-23 22:00:00,0.38,0.0,0.26,0.24,28.6,63.0,20.9,1005.2,20.9,11.13864522812466,1.1707187885977175
2018-08-23 23:00:00,0.33,0.0,0.27,0.12,28.1,64.0,20.6,1005.1,20.2,10.1,1.85533990070824e-15
2018-08-24 00:00:00,0.43,0.0,0.3,0.26,27.7,65.0,20.5,1004.6,17.6,8.294943864258496,-0.2896658226307607
2018-08-24 01:00:00,0.62,0.0,0.42,0.46,27.5,65.0,20.4,1004.1,14.0,7.6,1.3960973510279824e-15
2018-08-24 02:00:00,0.71,0.01,0.43,0.54,27.4,65.0,20.1,1003.8,13.0,4.998560818879258,-1.4333142502483969
2018-08-24 03:00:00,0.86,0.04,0.38,0.82,26.4,74.0,21.3,1004.2,11.2,0.4134540543192605,-7.889173324561134
2018-08-24 04:00:00,0.92,0.02,0.19,0.91,26.0,75.0,21.1,1004.4,15.1,6.505382386916239,-6.505382386916235
2018-08-24 05:00:00,0.96,0.0,0.26,0.79,27.2,63.0,19.7,1003.7,14.8,9.694091022085228,0.33852511801425733
2018-08-24 06:00:00,0.7,0.0,0.19,0.66,27.0,65.0,19.9,1004.0,21.2,11.13864522812466,1.1707187885977175
2018-08-24 07:00:00,0.88,0.0,0.19,0.85,28.5,60.0,20.0,1004.6,19.8,8.691657397237211,1.3766232923540331
2018-08-24 08:00:00,0.92,0.05,0.18,0.91,31.0,50.0,19.5,1005.6,20.9,7.92059177557036,2.122316169840669
2018-08-24 09:00:00,0.96,0.06,0.16,0.95,32.4,44.0,18.8,1005.7,23.0,7.608452130361228,2.4721359549995805
2018-08-24 10:00:00,0.97,0.03,0.18,0.96,34.2,38.0,18.0,1005.5,25.9,9.02104915954472,3.283393375926418
2018-08-24 11:00:00,0.98,0.02,0.2,0.98,35.0,36.0,17.8,1005.0,31.0,11.888206453689419,3.8627124296868445
2018-08-24 12:00:00,1.0,0.08,0.2,1.0,35.8,34.0,17.8,1004.0,32.4,13.001962732098352,3.2417534010355484
2018-08-24 13:00:00,0.98,0.04,0.27,0.98,36.2,35.0,18.1,1002.6,32.4,11.202965117966418,4.3004153945436085
2018-08-24 14:00:00,0.97,0.06,0.39,0.96,35.4,38.0,19.0,1002.0,29.9,5.387787044493737,5.777694242791448
2018-08-24 15:00:00,0.96,0.03,0.19,0.96,35.5,39.0,19.5,1001.4,23.8,3.296985135816764,8.588939923774255
2018-08-24 16:00:00,0.96,0.25,0.43,0.94,32.7,50.0,20.9,1002.0,27.4,3.9905082836800725,7.505054539300878
2018-08-24 17:00:00,0.95,0.0,0.16,0.87,31.1,54.0,20.8,1001.9,20.2,-9.78901745767797,12.529370982346878
2018-08-24 18:00:00,0.82,0.0,0.31,0.79,29.5,57.0,20.0,1002.5,31.7,-10.40402755668352,9.367828489024015
2018-08-24 19:00:00,0.43,0.0,0.32,0.29,29.4,56.0,19.9,1003.4,25.9,-7.8804668841684276,10.086537646166041
2018-08-24 20:00:00,0.78,0.0,0.15,0.77,29.0,61.0,20.6,1004.3,22.7,-4.352968095929205,9.334970206477495
2018-08-24 21:00:00,0.88,0.0,0.13,0.88,28.7,65.0,21.4,1004.9,18.0,-1.4493866525741177,5.409184627218782
2018-08-24 22:00:00,0.84,0.0,0.13,0.83,28.5,63.0,20.9,1005.3,10.4,2.4881992827652213,4.679622242152313
2018-08-24 23:00:00,0.71,0.0,0.12,0.69,28.1,64.0,20.6,1004.8,11.9,6.16289295184922,2.873804179836754
2018-08-25 00:00:00,0.84,0.0,0.0,0.84,27.5,66.0,20.7,1004.2,13.3,7.165878439167947,1.3929056662487755
2018-08-25 01:00:00,0.83,0.0,0.0,0.83,27.2,67.0,20.6,1003.5,13.0,6.8,1.2491397351303002e-15
2018-08-25 02:00:00,0.87,0.0,0.01,0.87,26.8,69.0,20.5,1002.8,12.6,7.210124886344506,-1.141971594793684
2018-08-25 03:00:00,0.93,0.0,0.02,0.93,26.4,70.0,20.6,1002.4,13.0,7.180188374442375,-1.7902220274375393
2018-08-25 04:00:00,0.93,0.0,0.01,0.93,26.0,72.0,20.7,1002.7,13.0,6.535062985480412,-2.5085756468171025
2018-08-25 05:00:00,0.91,0.0,0.02,0.93,26.2,73.0,20.9,1002.8,12.2,5.062776693988423,-2.149021206691004
2018-08-25 06:00:00,0.67,0.0,0.03,0.67,26.6,71.0,20.9,1003.0,11.9,6.535062985480412,-2.5085756468171025
2018-08-25 07:00:00,0.38,0.01,0.02,0.37,28.2,64.0,20.8,1003.7,14.4,4.98963653545486,-2.542346798541461
2018-08-25 08:00:00,0.4,0.02,0.04,0.38,30.8,54.0,20.3,1004.3,16.6,4.32637281122647,-1.8364363038995855
2018-08-25 09:00:00,0.54,0.01,0.01,0.53,32.9,46.0,19.6,1004.2,18.0,3.9602958877851804,-1.061158084920333
2018-08-25 10:00:00,0.74,0.04,0.06,0.73,34.8,41.0,19.5,1004.1,18.7,2.883363526931849,-1.8017254983928959
2018-08-25 11:00:00,0.73,0.0,0.32,0.64,36.2,37.0,19.4,1003.5,19.4,3.230844089787559,-2.5242120488352
2018-08-25 12:00:00,0.91,0.14,0.71,0.78,36.3,38.0,19.8,1002.8,20.2,1.8221342821066675,-2.507952682562337
2018-08-25 13:00:00,0.9,0.25,0.8,0.76,36.5,38.0,19.7,1002.0,19.4,0.7117525274902328,1.761649323676896
2018-08-25 14:00:00,0.96,0.17,0.94,0.73,33.8,47.0,21.0,1001.8,24.8,-10.785062665736136,5.029157314714322
2018-08-25 15:00:00,0.81,0.05,0.26,0.78,32.8,50.0,21.0,1001.9,33.5,-3.625409138561934,11.85817897394164
2018-08-25 16:00:00,0.98,0.0,0.23,0.98,32.4,50.0,20.8,1001.9,31.0,1.0975488643103617,10.44247990136687
2018-08-25 17:00:00,0.97,0.01,0.19,0.61,32.3,53.0,21.6,1001.4,24.1,-5.367251924106883,11.510108895365454
2018-08-25 18:00:00,0.86,0.0,0.07,0.85,31.1,57.0,21.6,1002.1,26.6,-4.298042413382012,10.125553387976844
2018-08-25 19:00:00,0.95,0.0,0.07,0.94,30.5,57.0,21.0,1003.1,20.5,5.000000000000001,8.660254037844386
2018-08-25 20:00:00,0.89,0.0,0.09,0.88,29.7,59.0,20.8,1003.7,19.8,10.125553387976844,4.298042413382012
2018-08-25 21:00:00,0.81,0.0,0.13,0.78,28.9,64.0,21.2,1004.5,19.4,9.000256657372177,5.407899786555571
2018-08-25 22:00:00,0.95,0.0,0.19,0.94,28.4,66.0,21.3,1004.6,18.7,8.284543681071963,3.5165801564034647
2018-08-25 23:00:00,0.97,0.0,0.25,0.96,27.9,67.0,21.1,1004.2,17.3,9.74959675482086,1.7191169589026103
2018-08-26 00:00:00,0.98,0.0,0.29,0.97,27.6,66.0,20.8,1003.5,18.4,10.075396907624224,0.7045403848156684
2018-08-26 01:00:00,0.98,0.0,0.16,0.97,27.3,67.0,20.6,1003.0,17.6,7.571079705497266,-0.6623836448821999
2018-08-26 02:00:00,0.98,0.02,0.07,0.98,26.9,68.0,20.5,1002.5,12.6,5.8,1.0654427152581972e-15
2018-08-26 03:00:00,0.96,0.04,0.04,0.96,26.4,70.0,20.5,1002.2,11.9,6.430842427582552,1.4846769586695105
2018-08-26 04:00:00,0.99,0.07,0.03,0.99,26.4,70.0,20.4,1002.4,12.6,6.862201078041087,0.7212463965468082
2018-08-26 05:00:00,1.0,0.04,0.02,0.97,26.4,69.0,20.1,1002.3,11.9,6.535062985480411,2.508575646817105
2018-08-26 06:00:00,0.99,0.03,0.01,0.99,27.0,65.0,19.9,1002.8,14.4,7.878462024097664,1.3891854213354426
2018-08-26 07:00:00,1.0,0.02,0.0,1.0,28.5,60.0,20.0,1003.4,16.6,6.81504955010645,1.0793978087775942
2018-08-26 08:00:00,1.0,0.0,0.0,1.0,30.6,52.0,19.5,1003.9,19.1,6.815049550106451,-1.0793978087775917
2018-08-26 09:00:00,1.0,0.0,0.0,1.0,31.8,48.0,19.3,1004.1,19.1,5.756767679519667,-0.7068421917498565
2018-08-26 10:00:00,1.0,0.0,0.0,1.0,33.2,43.0,19.0,1003.6,18.0,5.087576656325103,0.35575801609504043
2018-08-26 11:00:00,0.99,0.0,0.0,0.99,34.5,39.0,18.7,1003.0,21.6,6.858073366652385,1.8376152202278964
2018-08-26 12:00:00,0.99,0.0,0.03,0.99,35.8,36.0,18.5,1001.9,28.8,10.46617932785172,2.2246550917500296
2018-08-26 13:00:00,0.98,0.02,0.24,0.98,36.9,34.0,18.5,1000.9,31.7,12.304149708010485,3.5281581544575857
2018-08-26 14:00:00,0.98,0.0,0.36,0.98,36.2,36.0,18.6,1000.1,32.0,11.1506356728845,3.197393327477187
2018-08-26 15:00:00,0.98,0.04,0.34,0.98,35.3,38.0,19.0,999.5,28.4,2.116193003971519,6.145870741395559
2018-08-26 16:00:00,0.97,0.21,0.36,0.96,34.0,43.0,19.9,999.5,24.5,7.9268888068611,6.4190679887083455
2018-08-26 17:00:00,0.96,0.07,0.32,0.94,32.8,48.0,20.5,1000.0,34.2,4.033014550459512,8.268905225952334
2018-08-26 18:00:00,0.91,0.0,0.15,0.9,31.5,54.0,21.1,1000.5,20.5,6.877117867544074,7.121464023352646
2018-08-26 19:00:00,0.97,0.0,0.05,0.97,30.2,57.0,20.8,1001.5,23.8,12.26862906020748,3.9863192274368235
2018-08-26 20:00:00,0.97,0.0,0.02,0.97,29.0,61.0,20.7,1002.5,23.4,11.127361240653295,3.6154988341868863
2018-08-26 21:00:00,0.91,0.0,0.01,0.91,28.4,63.0,20.7,1003.4,20.5,10.84204428576475,3.5227937358744024
2018-08-26 22:00:00,0.92,0.0,0.01,0.92,28.0,65.0,20.6,1004.0,23.0,12.98218395180946,0.680367431158276
2018-08-26 23:00:00,0.93,0.0,0.02,0.93,27.6,67.0,20.8,1004.0,23.8,12.928784639787555,1.3588700224794936
2018-08-27 00:00:00,0.88,0.0,0.07,0.88,27.2,68.0,20.8,1003.5,23.4,10.8,1.9839278146187122e-15
2018-08-27 01:00:00,0.96,0.0,0.1,0.95,26.9,69.0,20.7,1002.8,19.8,11.21577151354694,1.3771235804781632
2018-08-27 02:00:00,0.17,0.01,0.12,0.06,26.5,71.0,20.8,1002.4,19.8,9.659258262890683,2.5881904510252065
2018-08-27 03:00:00,0.76,0.04,0.19,0.72,26.3,72.0,20.9,1002.3,17.6,9.325458242752807,1.812685456077174
2018-08-27 04:00:00,0.72,0.04,0.19,0.7,26.2,72.0,20.9,1002.7,16.6,8.337387673787106,1.0237024846032363
2018-08-27 05:00:00,0.95,0.02,0.04,0.92,26.3,72.0,20.9,1002.4,14.8,10.044671143219562,1.055737479003299
2018-08-27 06:00:00,0.95,0.0,0.0,0.95,26.8,70.0,21.0,1002.6,20.2,11.88369146357943,0.6227978792910372
2018-08-27 07:00:00,0.91,0.0,0.0,0.91,28.9,62.0,20.8,1003.2,24.8,12.21161613735138,2.1532374030699364
2018-08-27 08:00:00,0.79,0.0,0.01,0.79,31.5,51.0,20.1,1003.9,31.0,14.022758724692654,1.4738513320739124
2018-08-27 09:00:00,0.62,0.0,0.04,0.6,33.7,43.0,19.5,1004.2,32.0,13.3,2.4431703642989694e-15
2018-08-27 10:00:00,0.87,0.0,0.02,0.87,34.9,40.0,19.5,1004.4,31.7,11.555858497864248,1.0110066158728357
2018-08-27 11:00:00,0.97,0.09,0.04,0.97,36.5,37.0,19.4,1003.5,31.0,11.13864522812466,1.1707187885977175
2018-08-27 12:00:00,0.98,0.14,0.2,0.98,37.1,35.0,19.1,1002.7,36.0,15.844289099865126,-2.2267696153610474
2018-08-27 13:00:00,1.0,0.29,1.0,0.98,36.4,37.0,19.4,1001.5,37.4,16.2571808513716,4.970318980286531
2018-08-27 14:00:00,0.99,0.06,0.31,0.98,34.8,39.0,18.8,1001.1,45.4,17.256845688944008,-8.416726018350285
2018-08-27 15:00:00,0.96,0.05,0.26,0.95,35.0,39.0,19.0,1000.6,40.0,13.62347183109612,-5.782820701641248
2018-08-27 16:00:00,0.93,0.02,0.26,0.92,34.0,41.0,19.0,1000.9,34.6,16.58988772851699,-0.5793316452615214
2018-08-27 17:00:00,0.73,0.01,0.09,0.54,33.7,39.0,17.7,1000.8,34.9,15.497863158326714,-7.226772275765964
2018-08-27 18:00:00,0.97,0.0,0.0,0.97,32.1,42.0,17.5,1001.5,32.8,14.364922323741471,-1.0044932219154032
2018-08-27 19:00:00,0.93,0.0,0.03,0.93,30.7,47.0,18.1,1002.3,28.1,15.476313304606938,4.437761428653682
2018-08-27 20:00:00,0.91,0.0,0.14,0.91,28.7,62.0,20.7,1003.3,29.9,12.610916492298431,5.353016460303051
2018-08-27 21:00:00,0.94,0.0,0.09,0.94,28.3,63.0,20.7,1004.2,24.5,10.414418217125652,4.636797731064121
2018-08-27 22:00:00,0.99,0.0,0.02,0.99,28.0,62.0,20.0,1004.5,20.5,9.334970206477497,4.352968095929202
2018-08-27 23:00:00,0.97,0.0,0.02,0.97,27.5,65.0,20.2,1004.3,18.0,6.841600689897064,3.9500000000000037
2018-08-28 00:00:00,0.96,0.0,0.07,0.96,27.0,68.0,20.5,1003.8,13.7,7.128052193506942,3.6319239979163758
2018-08-28 01:00:00,0.95,0.08,0.08,0.95,26.8,69.0,20.5,1003.3,14.4,7.608452130361228,2.4721359549995805
2018-08-28 02:00:00,0.91,0.06,0.07,0.9,26.5,69.0,20.5,1002.7,14.8,8.306962106085987,2.2258437878816775
2018-08-28 03:00:00,0.93,0.0,0.06,0.93,26.5,70.0,20.5,1002.4,14.8,7.185941174554808,2.4743179738743906
2018-08-28 04:00:00,0.95,0.0,0.04,0.95,26.1,72.0,20.6,1002.6,13.3,6.88793918147854,3.2118987892293136
2018-08-28 05:00:00,0.95,0.0,0.02,0.91,26.2,71.0,20.5,1003.0,15.5,6.4721858328315305,3.5875911898228927
2018-08-28 06:00:00,0.91,0.0,0.04,0.91,26.4,70.0,20.6,1003.2,13.7,7.97378114927437,3.2216167033768457
2018-08-28 07:00:00,0.96,0.0,0.04,0.96,28.3,63.0,20.6,1003.8,20.2,8.651355263444872,2.4807362023529897
2018-08-28 08:00:00,0.95,0.0,0.01,0.95,30.8,52.0,19.9,1004.4,24.5,10.044671143219562,1.055737479003299
2018-08-28 09:00:00,0.95,0.0,0.16,0.95,32.7,45.0,19.4,1004.8,25.9,9.659258262890685,-2.588190451025203
2018-08-28 10:00:00,0.97,0.0,0.54,0.96,34.2,40.0,18.9,1004.8,29.9,10.045894683899487,-5.800000000000001
2018-08-28 11:00:00,1.0,0.0,0.83,0.99,34.9,39.0,18.8,1004.4,29.9,6.876644452187055,-4.99617464448602
2018-08-28 12:00:00,0.99,0.02,0.1,0.99,35.2,39.0,19.1,1003.6,28.1,7.893769085249776,-2.5648410533120622
2018-08-28 13:00:00,1.0,0.26,0.57,0.99,37.5,34.0,19.2,1002.2,28.4,8.691657397237211,1.3766232923540331
2018-08-28 14:00:00,0.99,0.05,0.86,0.99,36.1,36.0,18.6,1001.2,27.0,9.359244484304625,4.976398565530442
2018-08-28 15:00:00,0.97,0.0,0.39,0.96,31.6,58.0,22.5,1001.1,29.9,0.7324429743133154,10.474422527728153
2018-08-28 16:00:00,0.99,0.15,0.72,0.99,34.2,41.0,19.0,1001.0,27.7,10.075396907624226,-0.7045403848156647
2018-08-28 17:00:00,0.98,0.18,0.43,0.61,32.0,51.0,20.4,1001.7,27.0,5.400153994423308,-3.244739871933341
2018-08-28 18:00:00,0.81,0.0,0.14,0.8,31.8,51.0,20.5,1002.1,13.3,3.96029588778518,1.0611580849203346
2018-08-28 19:00:00,0.88,0.0,0.15,0.88,29.7,61.0,21.3,1002.9,22.3,11.226682204773434,5.7202802967182915
2018-08-28 20:00:00,0.9,0.0,0.27,0.87,28.1,67.0,21.5,1003.8,26.6,14.392294811707119,3.8564037720275572
2018-08-28 21:00:00,0.96,0.0,0.27,0.95,27.9,66.0,21.0,1004.8,26.6,14.030928932907386,3.23929518255166
2018-08-28 22:00:00,0.96,0.0,0.21,0.95,27.8,66.0,20.9,1005.5,25.2,10.05471104240922,3.6596155335846534
2018-08-28 23:00:00,0.96,0.0,0.18,0.95,27.5,67.0,20.9,1005.7,19.1,8.654614298285896,2.8120546488120226
2018-08-29 00:00:00,0.99,0.0,0.11,0.99,27.2,67.0,20.7,1004.9,16.2,7.92059177557036,2.122316169840669
2018-08-29 01:00:00,0.88,0.0,0.01,0.88,26.9,69.0,20.6,1004.4,14.8,7.558529312547013,1.4692292643993936
2018-08-29 02:00:00,0.93,0.0,0.01,0.93,26.5,70.0,20.6,1003.9,13.7,6.862201078041087,0.7212463965468082
2018-08-29 03:00:00,0.97,0.0,0.06,0.97,26.3,70.0,20.5,1003.5,11.9,6.5187430479279085,1.0324674692655247
2018-08-29 04:00:00,0.17,0.0,0.12,0.06,26.0,72.0,20.5,1003.8,11.5,5.756767679519668,0.7068421917498535
2018-08-29 05:00:00,0.2,0.0,0.46,0.94,26.0,73.0,20.6,1003.9,10.1,5.074340152243905,-1.8469087739586127
2018-08-29 06:00:00,0.85,0.0,0.77,0.52,26.9,68.0,20.5,1004.4,6.1,2.9108871788279895,0.7257656867990033
2018-08-29 07:00:00,0.9,0.0,0.78,0.75,28.3,63.0,20.5,1005.4,10.1,0.7257656867990026,2.9108871788279895
2018-08-29 08:00:00,0.87,0.0,0.09,0.87,30.4,53.0,19.6,1006.0,14.0,-0.3449439287832573,3.2819222547153015
2018-08-29 09:00:00,0.94,0.0,0.01,0.93,32.5,46.0,19.5,1006.1,18.4,1.0797650608505518,4.676976310969129
2018-08-29 10:00:00,0.96,0.01,0.0,0.96,34.6,41.0,19.4,1005.7,28.4,1.8376152202278975,6.858073366652385
2018-08-29 11:00:00,0.94,0.07,0.01,0.94,35.8,38.0,19.4,1005.1,26.3,6.156001578501495,6.836932394392027
2018-08-29 12:00:00,0.78,0.01,0.13,0.77,36.9,35.0,19.0,1004.1,29.2,9.00858298353578,4.99353908853727
2018-08-29 13:00:00,0.55,0.09,0.43,0.36,36.1,37.0,19.0,1003.3,28.8,0.3977532674463711,7.589584464134761
2018-08-29 14:00:00,0.67,0.01,0.57,0.4,34.0,46.0,20.8,1002.5,34.9,-8.92251515975388,8.32037999276248
2018-08-29 15:00:00,0.72,0.0,0.44,0.59,31.8,57.0,22.3,1002.4,34.9,-0.3192493330819572,6.0916401620029
2018-08-29 16:00:00,0.72,0.04,0.33,0.64,32.5,55.0,22.4,1001.9,23.0,-4.716281451675525,7.547628055792192
2018-08-29 17:00:00,0.86,0.01,0.17,0.88,31.5,53.0,20.9,1002.5,34.9,-9.00025665737218,5.40789978655557
2018-08-29 18:00:00,0.62,0.0,0.11,0.59,31.0,54.0,20.8,1002.7,23.0,-6.1394530955100715,4.971631089293715
2018-08-29 19:00:00,0.57,0.0,0.41,0.36,30.5,56.0,20.8,1003.8,14.4,6.143640332167437,4.301823272632848
2018-08-29 20:00:00,0.61,0.0,0.56,0.16,29.6,57.0,20.4,1004.5,30.6,16.933583975480854,2.3798600264171257
2018-08-29 21:00:00,0.66,0.0,0.54,0.32,28.5,61.0,20.4,1005.3,31.3,12.977032895167307,3.721104303529485
2018-08-29 22:00:00,0.13,0.0,0.0,0.12,28.0,63.0,20.4,1005.6,24.5,11.21577151354694,1.3771235804781632
2018-08-29 23:00:00,0.11,0.0,0.03,0.09,27.7,64.0,20.2,1005.0,20.9,11.88369146357943,0.6227978792910372
2018-08-30 00:00:00,0.07,0.0,0.04,0.05,27.2,66.0,20.4,1004.5,23.4,12.950531075192693,1.1330246557195571
2018-08-30 01:00:00,0.35,0.0,0.03,0.32,26.9,68.0,20.4,1004.0,23.0,10.793921949283115,1.5169868004647176
2018-08-30 02:00:00,0.5,0.0,0.05,0.47,26.5,70.0,20.5,1003.5,19.1,9.061641602502688,2.092044805397947
2018-08-30 03:00:00,0.81,0.04,0.3,0.75,26.2,71.0,20.5,1003.4,16.2,6.440453362786737,1.8467702839738926
2018-08-30 04:00:00,0.5,0.02,0.43,0.16,26.1,72.0,20.6,1003.9,11.5,5.3989495089621515,1.0494494745709955
2018-08-30 05:00:00,0.27,0.0,0.16,0.16,26.0,71.0,20.4,1003.7,9.4,3.9467090073008158,1.436484601967808
2018-08-30 06:00:00,0.27,0.0,0.25,0.05,26.5,69.0,20.5,1004.3,10.1,6.858073366652385,1.8376152202278964
2018-08-30 07:00:00,0.19,0.0,0.18,0.02,28.7,61.0,20.4,1004.7,18.4,7.593967397912721,2.1775351109542913
2018-08-30 08:00:00,0.13,0.0,0.0,0.13,31.4,49.0,19.5,1005.1,23.4,9.061641602502688,2.092044805397947
2018-08-30 09:00:00,0.49,0.0,0.03,0.48,33.8,41.0,18.9,1004.9,24.8,8.337387673787106,1.0237024846032363
2018-08-30 10:00:00,0.75,0.0,0.13,0.72,35.7,36.0,18.4,1004.6,24.8,6.847033205136639,1.4553818357243185
2018-08-30 11:00:00,0.65,0.05,0.18,0.58,37.2,33.0,18.0,1003.9,25.9,7.892397524760404,1.8221035401853085
2018-08-30 12:00:00,0.74,0.03,0.4,0.68,38.5,30.0,18.0,1002.9,28.8,8.652745622452938,3.672872607799174
2018-08-30 13:00:00,1.0,0.04,1.0,0.75,37.8,32.0,18.2,1001.8,28.4,-2.0920448053979466,9.061641602502688
2018-08-30 14:00:00,0.84,0.17,0.62,0.72,33.1,47.0,20.4,1001.9,32.8,7.880466884168425,10.086537646166043
2018-08-30 15:00:00,0.91,0.1,0.87,0.46,34.7,42.0,20.0,1001.2,31.7,6.877117867544074,7.121464023352646
2018-08-30 16:00:00,0.84,0.0,0.79,0.32,33.2,48.0,20.8,1001.0,28.8,10.082668606169777,3.870373855089248
2018-08-30 17:00:00,0.73,0.0,0.62,0.41,33.4,45.0,19.8,1001.0,26.6,3.6336839561343464,8.993683389297837
2018-08-30 18:00:00,0.81,0.0,0.78,0.17,32.0,51.0,20.6,1001.3,22.3,6.542556970607736,9.69973959889399
2018-08-30 19:00:00,0.88,0.0,0.86,0.22,30.5,57.0,21.0,1002.0,23.8,10.480543022969405,8.188297621831254
2018-08-30 20:00:00,0.89,0.0,0.81,0.54,29.6,60.0,21.1,1002.8,25.2,12.967758166845536,4.719877977894226
2018-08-30 21:00:00,0.71,0.0,0.65,0.22,29.0,63.0,21.2,1003.9,25.2,13.00574468109728,3.9762551842292244
2018-08-30 22:00:00,0.44,0.0,0.44,0.02,28.4,66.0,21.4,1004.5,24.5,12.267257993871167,3.2870018728020116
2018-08-30 23:00:00,0.31,0.0,0.31,0.0,28.2,67.0,21.4,1004.8,23.0,12.576404473017941,1.7674983821928358
2018-08-31 00:00:00,0.29,0.0,0.27,0.13,27.9,68.0,21.4,1004.4,22.7,12.98218395180946,0.680367431158276
2018-08-31 01:00:00,0.42,0.0,0.42,0.04,27.7,68.0,21.2,1003.9,22.7,12.2,2.241103642439656e-15
2018-08-31 02:00:00,0.53,0.0,0.5,0.07,27.4,69.0,21.1,1003.3,21.6,10.793420931806235,-0.3769145643870139
2018-08-31 03:00:00,0.37,0.0,0.34,0.05,27.1,70.0,21.1,1003.1,19.1,8.691657397237211,1.3766232923540331
2018-08-31 04:00:00,0.26,0.0,0.25,0.03,26.9,70.0,21.0,1003.4,15.1,6.10580806867569,1.0766187015349682
2018-08-31 05:00:00,0.22,0.0,0.72,0.14,26.8,71.0,21.0,1003.9,10.4,5.4091846272187825,1.4493866525741155
2018-08-31 06:00:00,0.89,0.0,0.88,0.17,27.3,69.0,21.1,1004.3,11.9,5.377666356487366,2.1727182418122912
2018-08-31 07:00:00,0.9,0.0,0.88,0.22,28.4,64.0,21.0,1004.7,12.6,5.074340152243906,1.8469087739586103
2018-08-31 08:00:00,0.89,0.0,0.88,0.11,30.0,57.0,20.7,1005.4,14.8,4.326372811226469,1.836436303899587
2018-08-31 09:00:00,0.81,0.0,0.79,0.11,31.7,51.0,20.2,1005.3,15.8,3.6160170328104706,1.460965714322058
2018-08-31 10:00:00,0.21,0.0,0.15,0.16,33.8,44.0,20.0,1004.6,16.9,1.7677669529663687,1.7677669529663693
2018-08-31 11:00:00,0.99,0.0,0.97,0.83,36.2,38.0,19.5,1003.9,24.8,1.7998053071223097,2.1449244407331385
2018-08-31 12:00:00,0.95,0.08,0.64,0.93,37.8,34.0,19.1,1002.8,24.1,5.358438019581681,4.658019105832602
2018-08-31 13:00:00,0.97,0.17,0.48,0.96,32.6,56.0,22.5,1003.0,37.8,10.761378686952224,13.289195940914201
2018-08-31 14:00:00,0.98,0.0,0.2,0.97,34.2,45.0,20.7,1002.2,36.7,-2.1532374030699355,12.21161613735138
2018-08-31 15:00:00,0.99,0.12,0.27,0.98,33.2,53.0,22.4,1002.0,34.6,-6.8005097616181445,9.024581263534412
2018-08-31 16:00:00,0.99,0.1,0.62,0.99,32.2,54.0,21.8,1002.3,33.1,4.685893304218874,-1.43262135314141
2018-08-31 17:00:00,0.99,0.0,0.76,0.99,31.2,55.0,21.1,1002.8,19.1,6.069785404556236,6.509047944410618
2018-08-31 18:00:00,1.0,0.02,0.72,0.99,30.4,59.0,21.5,1003.5,18.7,4.301823272632846,6.143640332167439
2018-08-31 19:00:00,1.0,0.01,0.85,0.99,29.7,62.0,21.8,1004.5,17.3,4.981241083792125,7.971652103870405
2018-08-31 20:00:00,0.99,0.01,0.83,0.96,28.7,65.0,21.5,1005.1,24.8,12.206789381380638,6.219669846431793
2018-08-31 21:00:00,0.97,0.0,0.68,0.94,28.0,67.0,21.2,1005.8,24.8,12.591881118531173,4.5830699205639585
2018-08-31 22:00:00,0.95,0.0,0.01,0.95,27.7,67.0,21.0,1006.1,25.2,12.291741482791119,4.232386007943036
2018-08-31 23:00:00,0.97,0.0,0.23,0.96,27.4,68.0,21.0,1006.3,23.4,10.84204428576475,3.5227937358744024
2018-09-01 00:00:00,0.96,0.0,0.3,0.95,27.1,70.0,21.1,1005.8,20.5,10.84204428576475,3.5227937358744024
2018-09-01 01:00:00,0.96,0.0,0.5,0.94,26.9,71.0,21.1,1005.1,20.5,10.8062437423823,3.3038002633669294
2018-09-01 02:00:00,0.93,0.0,0.54,0.87,26.6,72.0,21.1,1004.6,19.8,9.369480515003962,2.51054473749445
2018-09-01 03:00:00,0.94,0.0,0.75,0.88,26.5,72.0,21.0,1004.3,16.9,8.939931253174443,2.904759747124507
2018-09-01 04:00:00,0.9,0.0,0.78,0.79,26.4,72.0,21.0,1004.1,16.6,8.635631963856369,2.1531048708370433
2018-09-01 05:00:00,0.89,0.0,0.3,0.89,26.2,72.0,20.9,1004.9,15.5,6.811735915548058,2.8914103508206264
2018-09-01 06:00:00,0.96,0.0,0.29,0.95,26.5,71.0,20.9,1005.5,13.7,6.472135954999579,4.702282018339786
2018-09-01 07:00:00,0.96,0.0,0.03,0.96,28.0,65.0,21.0,1006.2,20.5,7.5238580476870105,5.466402846320002
2018-09-01 08:00:00,0.89,0.0,0.0,0.89,30.5,54.0,20.3,1006.6,23.0,7.871577364254564,4.3632865822170315
2018-09-01 09:00:00,0.88,0.0,0.0,0.88,32.9,46.0,19.6,1006.4,25.2,8.284543681071963,3.5165801564034647
2018-09-01 10:00:00,0.93,0.0,0.0,0.93,34.7,39.0,18.9,1006.0,26.6,8.939733772226367,2.56342740909809
2018-09-01 11:00:00,0.96,0.0,0.02,0.96,36.3,35.0,18.2,1005.4,31.0,9.030970087718508,1.7554427574642102
2018-09-01 12:00:00,0.98,0.04,0.17,0.98,37.9,32.0,18.1,1004.3,27.7,7.232034065620941,2.921931428644116
2018-09-01 13:00:00,1.0,0.07,1.0,0.98,37.2,34.0,18.5,1003.4,25.9,-0.7233926648055631,8.268415994161488
2018-09-01 14:00:00,0.99,0.09,0.79,0.98,36.1,37.0,19.2,1002.7,28.1,-6.0541880986124745,8.332875042061959
2018-09-01 15:00:00,0.99,0.01,0.26,0.99,35.2,37.0,18.4,1002.7,28.1,3.269385687200963,4.669166652447253
2018-09-01 16:00:00,0.99,0.13,0.3,0.99,34.2,41.0,19.2,1002.8,23.8,9.658678035226657,2.9529542176996446
2018-09-01 17:00:00,0.99,0.13,0.33,0.95,33.2,44.0,19.3,1003.1,25.6,2.192787785420526,7.172285669722766
2018-09-01 18:00:00,0.99,0.0,0.18,0.98,32.0,50.0,20.1,1003.5,17.6,6.156001578501495,6.836932394392027
2018-09-01 19:00:00,0.99,0.01,0.15,0.98,30.4,56.0,20.7,1004.1,22.0,9.69973959889399,6.542556970607735
2018-09-01 20:00:00,0.99,0.0,0.15,0.99,29.2,62.0,21.2,1005.1,24.8,12.583116648188335,6.137196055047088
2018-09-01 21:00:00,0.97,0.04,0.15,0.97,28.6,65.0,21.4,1005.6,27.7,14.466434206669549,4.981192763194497
2018-09-01 22:00:00,0.98,0.05,0.1,0.98,28.2,67.0,21.6,1006.0,27.0,13.619554150675864,3.6493485359455407
2018-09-01 23:00:00,0.95,0.02,0.07,0.95,27.9,69.0,21.6,1005.8,24.8,11.858178973941639,3.62540913856194
2018-09-02 00:00:00,0.98,0.0,0.02,0.98,27.5,70.0,21.5,1005.2,21.6,11.10781873855168,2.564442019520064
2018-09-02 01:00:00,0.99,0.0,0.01,0.99,27.1,71.0,21.4,1004.6,20.2,11.19054989130337,2.1752225472926088
2018-09-02 02:00:00,0.98,0.0,0.04,0.98,26.8,72.0,21.2,1004.2,20.5,11.19054989130337,2.1752225472926088
2018-09-02 03:00:00,0.98,0.0,0.04,0.98,26.4,73.0,21.2,1004.0,20.2,10.438962181929405,1.8406706832694615
2018-09-02 04:00:00,0.97,0.0,0.02,0.97,26.1,74.0,21.2,1004.3,18.7,9.329933825428428,1.1455718280083835
2018-09-02 05:00:00,0.94,0.0,0.02,0.96,26.2,73.0,21.0,1004.5,16.6,7.558529312547013,1.4692292643993936
2018-09-02 06:00:00,0.95,0.0,0.0,0.95,26.6,71.0,21.0,1005.2,14.4,6.858073366652385,1.8376152202278964
2018-09-02 07:00:00,0.99,0.0,0.0,0.99,28.3,63.0,20.7,1006.0,15.1,4.998560818879259,1.4333142502483942
2018-09-02 08:00:00,1.0,0.0,0.0,1.0,30.9,52.0,19.8,1006.8,15.1,1.7669289302057951,0.3434561916777803
2018-09-02 09:00:00,0.99,0.0,0.0,0.99,33.0,45.0,19.4,1006.9,15.1,-1.4554435894139948,0.36288284339950166
2018-09-02 10:00:00,0.99,0.03,0.08,0.99,35.0,39.0,18.8,1006.3,22.0,-1.4256104387013888,0.7263847995832748
2018-09-02 11:00:00,0.99,0.09,0.08,0.99,36.7,34.0,18.4,1005.6,20.2,-0.7071067811865476,0.7071067811865475
2018-09-02 12:00:00,1.0,0.03,0.38,1.0,38.2,31.0,18.3,1004.1,20.2,-1.4499999999999997,2.511473670974872
2018-09-02 13:00:00,0.99,0.05,0.82,0.98,38.1,32.0,18.8,1003.2,29.2,-7.23718449707313,8.937178556755166
2018-09-02 14:00:00,0.99,0.03,0.49,0.99,34.1,45.0,20.4,1003.0,45.4,-15.034201827077807,14.518359942593044
2018-09-02 15:00:00,0.96,0.0,0.39,0.94,34.2,44.0,20.0,1002.3,44.6,-11.11095162585478,8.680826802091781
2018-09-02 16:00:00,0.58,0.03,0.28,0.46,33.2,46.0,20.1,1002.4,32.0,-2.141490415422921,10.0749202875582
2018-09-02 17:00:00,0.94,0.0,0.12,0.39,32.1,50.0,20.3,1003.1,24.5,-10.4833820993178,6.80798793768784
2018-09-02 18:00:00,0.3,0.03,0.11,0.23,31.4,53.0,20.8,1003.4,26.3,-5.351975815759154,10.065602558591769
2018-09-02 19:00:00,0.99,0.0,0.09,0.99,30.3,57.0,20.9,1004.3,21.2,-1.423553631866102,8.987963899415753
2018-09-02 20:00:00,1.0,0.0,0.06,1.0,29.4,60.0,20.8,1005.1,16.9,2.921931428644114,7.232034065620942
2018-09-02 21:00:00,0.99,0.0,0.05,0.99,28.7,64.0,21.1,1005.9,14.4,7.217009115376548,3.2132194802988208
2018-09-02 22:00:00,0.98,0.0,0.05,0.98,28.3,66.0,21.3,1006.0,16.2,9.325458242752807,1.812685456077174
2018-09-02 23:00:00,0.97,0.0,0.05,0.97,27.8,68.0,21.2,1006.0,21.6,11.48303924591558,4.407925779407199
2018-09-03 00:00:00,0.96,0.0,0.06,0.96,27.6,68.0,21.2,1005.4,22.7,12.569373835729534,2.901868601035862
2018-09-03 01:00:00,0.93,0.0,0.06,0.93,27.2,70.0,21.2,1004.7,24.1,13.691654330161612,0.4781231048242604
2018-09-03 02:00:00,0.95,0.0,0.05,0.95,26.8,71.0,21.1,1004.3,24.5,12.58273213790763,-0.6594330486610936
2018-09-03 03:00:00,0.94,0.0,0.06,0.94,26.4,72.0,21.0,1004.1,22.3,10.091075553270365,-2.5159877142365414
2018-09-03 04:00:00,0.95,0.0,0.07,0.95,26.1,73.0,20.9,1004.4,18.4,7.5620014546273335,-2.902780391316933
2018-09-03 05:00:00,0.96,0.0,0.06,0.95,26.0,74.0,21.0,1004.9,14.4,8.337387673787106,-1.0237024846032405
2018-09-03 06:00:00,0.97,0.0,0.08,0.97,26.3,73.0,21.0,1005.3,15.8,8.268415994161488,-0.7233926648055605
2018-09-03 07:00:00,0.96,0.0,0.13,0.95,28.0,65.0,20.8,1006.2,16.6,6.518743047927909,-1.0324674692655225
2018-09-03 08:00:00,0.96,0.0,0.13,0.96,30.5,55.0,20.4,1006.9,16.9,2.1554976886431083,-1.4539015490239422
2018-09-03 09:00:00,0.96,0.01,0.1,0.96,32.6,48.0,20.1,1007.0,14.4,-1.0461621679246689,-0.3399186938124422
2018-09-03 10:00:00,0.96,0.03,0.08,0.95,34.8,40.0,19.1,1006.4,18.0,-1.7669289302057951,-0.34345619167778085
2018-09-03 11:00:00,0.93,0.02,0.07,0.93,36.5,35.0,18.6,1005.5,18.0,-1.761649323676896,0.7117525274902329
2018-09-03 12:00:00,0.72,0.04,0.64,0.55,37.9,32.0,18.5,1004.1,22.3,-3.5996106142446207,4.289848881466276
2018-09-03 13:00:00,0.55,0.06,0.42,0.27,37.1,35.0,19.2,1003.2,27.7,-6.069785404556238,6.509047944410617
2018-09-03 14:00:00,0.72,0.0,0.67,0.11,35.3,40.0,19.6,1002.3,29.2,-8.579697762932554,7.1992212284892405
2018-09-03 15:00:00,0.59,0.01,0.28,0.46,32.8,50.0,21.0,1002.1,37.8,-9.095471884750955,14.00579848468858
2018-09-03 16:00:00,0.94,0.0,0.28,0.93,32.8,49.0,20.9,1002.4,36.7,-7.549104196855083,11.192007229493061
2018-09-03 17:00:00,0.96,0.02,0.1,1.0,31.0,54.0,20.5,1003.1,30.2,-9.030558815966963,9.351417404402467
2018-09-03 18:00:00,0.96,0.0,0.09,0.96,30.0,58.0,20.9,1003.7,26.3,-8.184684314867855,10.861442936643183
2018-09-03 19:00:00,0.95,0.0,0.05,0.95,29.0,67.0,22.3,1004.7,25.6,-5.789747597658503,7.149742845404131
2018-09-03 20:00:00,0.95,0.0,0.12,0.94,29.0,70.0,23.0,1005.4,17.6,-1.4692292643993963,7.558529312547012
2018-09-03 21:00:00,0.91,0.0,0.19,0.89,29.2,64.0,21.8,1006.3,19.8,5.800000000000001,10.045894683899487
2018-09-03 22:00:00,0.7,0.0,0.27,0.61,28.6,64.0,21.0,1006.5,23.8,9.333809511662427,9.333809511662428
2018-09-03 23:00:00,0.89,0.0,0.28,0.84,28.0,66.0,21.1,1006.4,24.1,10.738715006927036,6.2000000000000055
2018-09-04 00:00:00,0.89,0.0,0.25,0.85,27.5,68.0,21.0,1005.6,22.3,10.477177556604698,4.233054505599809
2018-09-04 01:00:00,0.95,0.0,0.18,0.94,27.2,67.0,20.6,1005.2,20.5,11.15840085217396,2.7821017993961794
2018-09-04 02:00:00,0.89,0.0,0.26,0.87,26.9,68.0,20.4,1004.7,22.0,11.852260087141651,1.8772135804827723
2018-09-04 03:00:00,0.71,0.0,0.15,0.69,26.5,68.0,20.1,1004.7,20.9,10.093847352892867,-0.35248491669526294
2018-09-04 04:00:00,0.89,0.0,0.11,0.88,26.2,69.0,20.0,1005.0,17.6,7.892397524760405,-1.8221035401853058
2018-09-04 05:00:00,0.87,0.0,0.07,0.64,26.3,70.0,20.4,1005.3,14.0,6.1385314081469815,-1.4171916423663489
2018-09-04 06:00:00,0.21,0.0,0.14,0.1,27.0,68.0,20.6,1005.9,12.2,4.669166652447253,-3.2693856872009626
2018-09-04 07:00:00,0.16,0.0,0.12,0.09,28.9,66.0,21.8,1006.6,14.8,0.7515347451843558,-5.34744757120448
2018-09-04 08:00:00,0.19,0.0,0.16,0.09,31.0,53.0,20.2,1007.3,20.2,1.0793978087775948,-6.81504955010645
2018-09-04 09:00:00,0.04,0.0,0.03,0.03,33.5,41.0,18.3,1007.1,23.0,3.9758649556096968,-6.122295146001595
2018-09-04 10:00:00,0.02,0.0,0.0,0.02,35.7,34.0,17.5,1006.4,24.1,5.766727053863698,-3.6034509967857917
2018-09-04 11:00:00,0.22,0.0,0.06,0.2,37.3,31.0,17.2,1005.2,24.1,6.464392319893777,-0.6794350112397444
2018-09-04 12:00:00,0.71,0.0,0.06,0.71,39.2,27.0,17.0,1003.8,24.1,5.702441754805554,2.9055391983331007
2018-09-04 13:00:00,0.67,0.0,0.11,0.66,39.9,25.0,16.2,1002.5,27.0,0.6557108531947776,9.377102072442348
2018-09-04 14:00:00,0.54,0.0,0.25,0.46,33.8,48.0,21.1,1002.5,50.8,-19.385064538725363,15.145272293011194
2018-09-04 15:00:00,0.79,0.0,0.42,0.75,34.3,41.0,19.3,1002.3,51.5,-16.503946685248927,11.99081914676645
2018-09-04 16:00:00,0.29,0.0,0.13,0.23,33.1,43.0,18.7,1002.3,44.3,-16.995270237378357,11.463454521150307
2018-09-04 17:00:00,0.85,0.0,0.17,0.85,31.5,46.0,18.6,1003.1,41.8,-11.879393923934,11.879393923933998
2018-09-04 18:00:00,0.44,0.0,0.09,0.41,28.5,72.0,23.1,1003.8,33.1,-10.403230962470193,7.284420741658286
2018-09-04 19:00:00,0.43,0.0,0.04,0.41,27.8,81.0,24.2,1004.9,23.8,-5.416335208368434,7.187719590425637
2018-09-04 20:00:00,0.35,0.0,0.02,0.34,28.1,77.0,23.7,1005.7,17.3,-1.1090110249868426,9.032169979936029
2018-09-04 21:00:00,0.94,0.0,0.01,0.94,28.0,65.0,20.9,1006.2,28.1,11.114533927343958,11.509436805418417
2018-09-04 22:00:00,0.98,0.0,0.0,0.98,27.1,70.0,21.1,1006.4,28.4,12.979329615026225,6.901231972952593
2018-09-04 23:00:00,0.95,0.0,0.0,0.95,26.6,70.0,20.6,1005.8,28.4,15.476313304606938,4.437761428653682
2018-09-05 00:00:00,0.56,0.0,0.01,0.56,26.5,69.0,20.3,1005.2,29.5,15.815820338298742,3.9433268982745853
2018-09-05 01:00:00,0.95,0.0,0.01,0.95,26.2,70.0,20.2,1004.8,29.2,14.378193193978237,2.535263393937183
2018-09-05 02:00:00,0.97,0.0,0.01,0.97,26.0,70.0,20.1,1004.7,25.6,10.793921949283115,1.5169868004647176
2018-09-05 03:00:00,0.98,0.0,0.01,0.98,25.4,72.0,20.0,1004.6,19.4,8.319851376878407,2.5436338310878126
2018-09-05 04:00:00,0.94,0.0,0.01,0.94,25.0,73.0,20.0,1005.1,15.1,7.217009115376548,3.2132194802988208
2018-09-05 05:00:00,0.95,0.0,0.0,0.98,25.0,72.0,19.7,1004.9,13.3,4.679622242152313,2.488199282765221
2018-09-05 06:00:00,0.98,0.0,0.0,0.98,25.5,71.0,19.8,1005.6,10.4,3.9402334420842124,5.043268823083022
2018-09-05 07:00:00,0.96,0.0,0.0,0.96,27.4,63.0,19.8,1006.3,15.5,4.289848881466276,3.5996106142446207
2018-09-05 08:00:00,0.97,0.0,0.0,0.97,30.0,50.0,18.4,1007.0,16.9,1.4527695991665495,2.8512208774027776
2018-09-05 09:00:00,0.97,0.0,0.0,0.97,32.5,40.0,17.1,1007.0,18.7,-1.4609657143220578,3.6160170328104706
2018-09-05 10:00:00,0.9,0.0,0.0,0.9,34.9,32.0,15.9,1006.2,19.1,1.0549740469210387,2.485363104321589
2018-09-05 11:00:00,0.67,0.0,0.0,0.67,37.0,27.0,14.7,1005.5,21.2,1.4364846019678084,3.9467090073008158
2018-09-05 12:00:00,0.28,0.0,0.01,0.28,38.3,24.0,14.3,1004.2,26.6,2.5436338310878095,8.319851376878407
2018-09-05 13:00:00,0.94,0.0,0.1,0.94,38.2,25.0,14.7,1003.2,34.2,1.8231676225768583,12.97251170051457
2018-09-05 14:00:00,0.84,0.0,0.03,0.84,37.2,26.0,14.4,1002.5,35.6,-1.4738513320739177,14.022758724692652
2018-09-05 15:00:00,0.53,0.0,0.01,0.52,37.2,27.0,15.4,1001.9,34.6,1.7257464519048125,12.279324052395472
2018-09-05 16:00:00,0.95,0.0,0.01,0.95,36.3,29.0,15.5,1001.8,30.6,9.002378352824978,9.65386886137305
2018-09-05 17:00:00,0.88,0.0,0.0,0.9,32.3,53.0,21.4,1002.5,42.1,-7.089020598066949,13.332508652169798
2018-09-05 18:00:00,0.92,0.0,0.0,0.92,31.5,52.0,20.6,1003.2,30.6,1.1330246557195534,12.950531075192693
2018-09-05 19:00:00,0.93,0.0,0.0,0.93,30.8,47.0,18.1,1003.8,32.0,13.237501999306984,12.344170317131226
2018-09-05 20:00:00,0.96,0.0,0.0,0.96,29.0,58.0,19.9,1004.6,36.4,15.891549659206435,11.127382865210299
2018-09-05 21:00:00,0.94,0.0,0.0,0.94,28.0,63.0,20.5,1005.0,34.9,13.971827001444428,8.395120621033886
2018-09-05 22:00:00,0.97,0.0,0.0,0.97,27.3,67.0,20.6,1005.0,29.2,13.331811915950368,4.590510977845908
2018-09-05 23:00:00,0.96,0.0,0.0,0.96,26.5,70.0,20.7,1004.5,24.8,12.575397055470916,4.330056454280184
2018-09-06 00:00:00,0.9,0.0,0.0,0.9,26.0,71.0,20.4,1003.7,23.8,12.592528216791978,3.6108493612026855
2018-09-06 01:00:00,0.95,0.0,0.0,0.95,25.8,70.0,19.9,1003.1,23.4,12.22684500917257,2.5988961352219975
2018-09-06 02:00:00,0.97,0.0,0.0,0.97,25.5,70.0,19.6,1002.8,22.7,11.535326622311665,3.971931484377311
2018-09-06 03:00:00,0.97,0.0,0.0,0.97,25.4,72.0,19.9,1003.1,21.6,9.706975700031002,4.73440838532204
2018-09-06 04:00:00,0.97,0.0,0.0,0.97,25.2,72.0,19.8,1003.5,18.7,8.642763284627167,4.403707847473605
2018-09-06 05:00:00,0.99,0.01,0.0,0.95,25.2,70.0,19.5,1003.9,17.3,9.360633898433237,3.2231247291258507
2018-09-06 06:00:00,0.98,0.0,0.0,0.98,26.0,67.0,19.4,1004.4,19.4,10.426010937070334,5.085105302753302
2018-09-06 07:00:00,0.99,0.0,0.0,0.99,28.1,59.0,19.4,1005.2,26.6,12.575397055470916,4.330056454280184
2018-09-06 08:00:00,0.94,0.0,0.0,0.94,30.8,49.0,18.9,1005.4,31.3,14.022758724692654,1.4738513320739124
2018-09-06 09:00:00,0.84,0.0,0.0,0.84,33.8,38.0,17.5,1005.1,35.6,15.878209602597725,-0.8321417042628088
2018-09-06 10:00:00,0.7,0.0,0.0,0.7,36.0,30.0,15.8,1004.3,38.2,16.2,2.975891721928068e-15
2018-09-06 11:00:00,0.76,0.0,0.0,0.76,37.2,28.0,15.8,1003.6,40.0,16.24532266135759,4.658271313307281
2018-09-06 12:00:00,0.82,0.0,0.0,0.82,37.5,29.0,16.3,1002.4,43.2,17.6314273325022,7.8500172113629425
2018-09-06 13:00:00,0.62,0.0,0.0,0.62,37.7,29.0,16.5,1001.3,50.8,22.312572193283113,8.564993994132687
2018-09-06 14:00:00,0.92,0.0,0.0,0.92,37.0,30.0,16.6,1000.6,56.2,24.848436447878747,11.063236691661762
2018-09-06 15:00:00,0.89,0.0,0.0,0.89,36.0,32.0,16.8,1000.4,60.5,26.675901067751578,14.786693417513273
2018-09-06 16:00:00,0.96,0.0,0.0,0.96,34.5,36.0,17.4,1000.6,61.9,27.375596833463096,15.174541113710344
2018-09-06 17:00:00,0.98,0.0,0.0,0.98,33.0,39.0,17.3,1001.6,61.6,24.08640114972935,14.472569904972529
2018-09-06 18:00:00,0.94,0.0,0.0,0.94,30.5,47.0,17.9,1002.4,55.1,27.27986438980317,12.720809678395046
2018-09-06 19:00:00,0.9,0.0,0.0,0.9,29.1,54.0,18.8,1003.5,56.2,26.202750313387167,8.010984709402996
2018-09-06 20:00:00,0.94,0.0,0.0,0.94,28.2,59.0,19.5,1004.4,51.8,25.24644555742413,7.718613004680259
2018-09-06 21:00:00,0.93,0.0,0.0,0.93,27.5,63.0,20.0,1005.4,48.6,23.743163889676477,6.808242688679872
2018-09-06 22:00:00,0.97,0.0,0.0,0.97,27.2,65.0,20.0,1005.9,45.4,22.704919994858315,5.660972357032226
2018-09-06 23:00:00,0.96,0.0,0.0,0.96,26.6,68.0,20.2,1005.9,42.8,20.162398145457253,6.5511602807488885
2018-09-07 00:00:00,0.87,0.0,0.0,0.87,26.4,69.0,20.3,1005.2,39.2,20.517753090505174,7.064828951720299
2018-09-07 01:00:00,0.61,0.0,0.0,0.61,26.2,69.0,20.0,1004.8,39.2,19.496658584050646,6.334848384686425
2018-09-07 02:00:00,0.72,0.0,0.0,0.72,25.9,71.0,20.4,1004.3,37.1,19.02113032590307,6.180339887498951
2018-09-07 03:00:00,0.88,0.0,0.0,0.88,25.7,74.0,20.6,1004.3,36.7,19.0994752271062,6.576476720034564
2018-09-07 04:00:00,0.07,0.0,0.0,0.07,25.6,74.0,20.6,1004.5,36.4,17.948129057010853,6.53258473752027
2018-09-07 05:00:00,0.0,0.0,0.0,0.0,25.9,73.0,20.6,1004.5,34.6,16.914467174146353,6.156362579862034
2018-09-07 06:00:00,0.0,0.0,0.0,0.0,26.5,69.0,20.3,1005.2,32.8,16.926594180545724,5.174979173592447
2018-09-07 07:00:00,0.0,0.0,0.0,0.0,28.4,60.0,19.8,1006.0,36.7,17.689651203089856,5.747716095374025
2018-09-07 08:00:00,0.0,0.0,0.0,0.0,31.1,45.0,17.8,1006.6,40.7,19.36732249452935,4.116651478191644
2018-09-07 09:00:00,0.0,0.0,0.0,0.0,33.5,34.0,15.5,1006.5,44.3,20.487151044586433,2.1532863433136593
2018-09-07 10:00:00,0.0,0.0,0.0,0.0,35.4,29.0,14.8,1006.0,46.1,21.270809090272422,1.1147558679747138
2018-09-07 11:00:00,0.0,0.0,0.0,0.0,36.7,29.0,15.7,1004.9,47.2,20.849088650430325,1.4579103012522245
2018-09-07 12:00:00,0.0,0.0,0.0,0.0,37.7,27.0,15.6,1003.6,46.4,19.805361374831406,2.7834620192013166
2018-09-07 13:00:00,0.03,0.0,0.03,0.0,38.5,25.0,15.1,1002.2,45.4,19.8014794389259,5.305790424601673
2018-09-07 14:00:00,0.15,0.0,0.15,0.01,37.5,29.0,16.2,1001.4,53.3,24.150100354197846,8.789917683469682
2018-09-07 15:00:00,0.57,0.0,0.06,0.56,36.6,31.0,16.9,1001.0,56.2,26.680902691368683,8.157170561764366
2018-09-07 16:00:00,0.25,0.0,0.02,0.24,35.1,34.0,17.1,1001.4,59.0,28.46010912553944,9.799601449160415
2018-09-07 17:00:00,0.06,0.0,0.0,0.63,33.2,40.0,17.5,1002.0,59.8,24.016174525762814,12.769626507776229
2018-09-07 18:00:00,0.0,0.0,0.0,0.0,30.8,46.0,17.9,1002.7,51.1,23.835894799063897,11.114860283780388
2018-09-07 19:00:00,0.0,0.0,0.0,0.0,29.4,52.0,18.6,1003.4,48.6,21.939140022684235,8.421646814314567
2018-09-07 20:00:00,0.0,0.0,0.0,0.0,28.4,59.0,19.5,1004.1,43.2,21.62838815861218,6.201840505882475
2018-09-07 21:00:00,0.0,0.0,0.0,0.0,27.6,62.0,19.8,1004.8,41.0,20.851519386404032,4.8139525629587165
2018-09-07 22:00:00,0.0,0.0,0.0,0.0,27.1,63.0,19.5,1005.4,39.2,18.02198188012341,3.177761651304825
2018-09-07 23:00:00,0.0,0.0,0.0,0.0,26.8,64.0,19.4,1005.3,33.1,15.803013449522203,2.5029514406436966
2018-09-08 00:00:00,0.0,0.0,0.0,0.0,26.5,66.0,19.6,1004.7,28.4,14.025174436450953,2.2213694035712805
2018-09-08 01:00:00,0.05,0.01,0.0,0.05,26.1,68.0,19.9,1004.0,24.8,11.542141688658907,2.453357951649566
2018-09-08 02:00:00,0.0,0.0,0.0,0.0,25.9,70.0,20.0,1003.7,20.5,9.061641602502688,2.092044805397947
2018-09-08 03:00:00,0.0,0.0,0.0,0.0,25.5,71.0,20.0,1003.5,16.2,6.415246974156248,3.2687315981247385
2018-09-08 04:00:00,0.0,0.0,0.0,0.0,25.3,72.0,20.0,1004.0,12.2,5.734064310022941,4.015035054457325
2018-09-08 05:00:00,0.07,0.0,0.0,0.89,25.6,69.0,19.5,1004.3,13.0,5.358438019581681,4.658019105832602
2018-09-08 06:00:00,0.77,0.0,0.0,0.77,26.4,66.0,19.5,1005.1,13.3,5.358438019581681,4.658019105832602
2018-09-08 07:00:00,0.34,0.0,0.0,0.34,28.8,56.0,19.2,1005.5,16.6,5.78819864428265,2.2218812871808646
2018-09-08 08:00:00,0.23,0.0,0.0,0.23,31.5,45.0,18.1,1006.2,16.9,3.984778792366982,-0.34862297099063155
2018-09-08 09:00:00,0.35,0.0,0.0,0.35,34.0,38.0,17.5,1006.3,17.6,2.5114736709748717,-1.4500000000000002
2018-09-08 10:00:00,0.16,0.0,0.0,0.16,36.2,32.0,16.8,1006.0,17.6,1.0815799573111144,-1.8000513314744355
2018-09-08 11:00:00,0.18,0.0,0.0,0.18,38.0,27.0,15.8,1004.8,20.2,0.36288284339950183,-1.4554435894139948
2018-09-08 12:00:00,0.18,0.0,0.06,0.14,39.3,24.0,15.1,1003.4,19.1,-1.0606601717798214,1.0606601717798212
2018-09-08 13:00:00,0.29,0.0,0.29,0.0,39.2,25.0,15.4,1001.9,30.2,-6.077449283938642,10.114574148284925
2018-09-08 14:00:00,0.36,0.0,0.36,0.0,34.9,40.0,19.2,1001.5,51.1,-13.812064715727448,20.477228042109527
2018-09-08 15:00:00,0.17,0.0,0.17,0.0,35.2,38.0,18.8,1000.9,51.5,-11.631212392191536,17.243981509144866
2018-09-08 16:00:00,0.21,0.0,0.21,0.0,33.5,40.0,18.0,1001.0,45.0,-12.045105163371964,17.20219293006883
2018-09-08 17:00:00,0.12,0.0,0.1,0.0,32.2,44.0,18.4,1001.5,42.8,-10.456907294902967,15.503002606779278
2018-09-08 18:00:00,0.05,0.0,0.05,0.0,30.6,59.0,21.8,1001.9,35.3,-2.795245687107227,10.431998923921936
2018-09-08 19:00:00,0.02,0.0,0.02,0.0,30.3,59.0,21.3,1002.6,19.8,4.705788684431239,5.0463405411722775
2018-09-08 20:00:00,0.02,0.0,0.02,0.0,30.0,54.0,19.8,1003.6,25.9,11.567271091096567,9.706092906266745
2018-09-08 21:00:00,0.03,0.0,0.03,0.0,28.9,61.0,20.5,1004.3,29.9,12.635916632730748,7.895797037074755
2018-09-08 22:00:00,0.04,0.0,0.04,0.0,28.4,63.0,20.7,1005.0,27.4,10.456100776768656,4.013721034907368
2018-09-08 23:00:00,0.03,0.0,0.03,0.0,27.9,66.0,20.9,1004.8,19.8,7.608452130361228,2.4721359549995805
2018-09-09 00:00:00,0.02,0.0,0.02,0.0,27.2,68.0,20.9,1004.4,14.0,7.165878439167947,1.3929056662487755
2018-09-09 01:00:00,0.02,0.0,0.02,0.0,26.9,69.0,20.6,1003.8,13.0,7.2,1.3226185430791415e-15
2018-09-09 02:00:00,0.02,0.0,0.02,0.0,26.6,69.0,20.5,1003.5,13.3,7.210124886344506,-1.141971594793684
2018-09-09 03:00:00,0.03,0.0,0.03,0.0,26.4,70.0,20.4,1003.5,13.0,6.152074854005241,-1.7640790772287962
2018-09-09 04:00:00,0.06,0.0,0.06,0.0,26.4,69.0,20.2,1004.1,11.2,4.31335136523794,-4.3133513652379385
2018-09-09 05:00:00,0.07,0.0,0.02,0.0,26.9,70.0,21.0,1004.2,10.4,-0.662383644882202,-7.571079705497266
2018-09-09 06:00:00,0.03,0.0,0.03,0.0,27.2,71.0,21.5,1004.7,13.7,-0.7526049355271051,-7.160557646651568
2018-09-09 07:00:00,0.17,0.0,0.04,0.13,29.2,61.0,21.0,1005.6,19.1,-2.12231616984067,-7.92059177557036
2018-09-09 08:00:00,0.44,0.0,0.04,0.42,31.5,49.0,19.6,1006.2,24.5,-0.3280552690035091,-9.394273773979501
2018-09-09 09:00:00,0.61,0.0,0.03,0.6,33.8,41.0,18.6,1006.1,25.6,0.30013567164150706,-8.594761112364223
2018-09-09 10:00:00,0.93,0.0,0.19,0.92,36.2,33.0,17.3,1005.6,25.6,-0.31924933308195735,-6.0916401620029
2018-09-09 11:00:00,0.96,0.0,0.35,0.94,37.1,30.0,16.7,1005.0,23.0,-1.453901549023942,-2.1554976886431088
2018-09-09 12:00:00,0.92,0.0,0.4,0.87,37.5,30.0,17.0,1004.1,21.6,-3.5670951622914924,3.2118269105225195
2018-09-09 13:00:00,0.97,0.0,0.5,0.95,35.9,38.0,19.4,1003.2,32.8,-12.291741482791119,4.232386007943036
2018-09-09 14:00:00,0.96,0.0,0.35,0.94,36.5,35.0,18.6,1002.2,32.8,-9.708278749247294,5.381386784734341
2018-09-09 15:00:00,0.93,0.0,0.25,0.92,34.6,43.0,20.0,1001.8,31.0,-10.032455143944823,9.033263185844586
2018-09-09 16:00:00,0.97,0.0,0.16,0.97,32.8,50.0,20.9,1002.1,36.0,-9.992349288972045,13.753288904374104
2018-09-09 17:00:00,0.98,0.0,0.34,0.97,31.1,54.0,20.8,1002.9,36.0,-10.132058295902382,12.512049979457233
2018-09-09 18:00:00,0.94,0.0,0.36,0.91,29.3,65.0,22.1,1003.6,32.4,-8.188297621831257,10.480543022969401
2018-09-09 19:00:00,0.93,0.03,0.2,0.92,29.0,68.0,22.4,1004.5,26.3,-4.948496447161061,9.71197111365321
2018-09-09 20:00:00,0.93,0.0,0.15,0.92,28.8,64.0,21.4,1005.4,21.6,-3.631923997916375,7.128052193506942
2018-09-09 21:00:00,0.88,0.0,0.16,0.86,28.4,65.0,21.2,1006.0,15.8,-5.0463405411722775,4.705788684431239
2018-09-09 22:00:00,0.89,0.0,0.15,0.87,28.0,68.0,21.4,1006.5,12.6,-2.8948737988292517,3.5748714227020657
2018-09-09 23:00:00,0.81,0.0,0.38,0.71,27.6,71.0,21.8,1006.7,7.9,0.7257656867990026,2.9108871788279895
2018-09-10 00:00:00,0.94,0.0,0.64,0.87,27.4,74.0,22.2,1006.3,6.1,0.3763024677635526,3.580278823325784
2018-09-10 01:00:00,0.99,0.0,0.53,0.98,27.4,73.0,22.0,1005.6,7.2,-0.7,-4.286263797015736e-17
2018-09-10 02:00:00,1.0,0.0,0.63,0.99,27.4,75.0,22.5,1005.3,4.3,-0.4,-2.4492935982947065e-17
2018-09-10 03:00:00,0.98,0.01,0.46,0.97,27.2,76.0,22.8,1005.3,7.2,-2.524212048835199,-3.2308440897875594
2018-09-10 04:00:00,0.93,0.01,0.23,0.91,27.2,76.0,22.6,1005.7,9.4,-3.5996106142446194,-4.289848881466277
2018-09-10 05:00:00,0.98,0.0,0.58,0.92,27.6,69.0,21.5,1006.0,11.9,-2.873804179836756,-6.162892951849219
2018-09-10 06:00:00,0.95,0.0,0.41,0.91,27.6,71.0,22.0,1006.4,13.3,-3.2393537832226467,-6.092338390726597
2018-09-10 07:00:00,0.98,0.01,0.12,0.97,28.9,64.0,21.4,1007.2,18.4,-0.6972459419812653,-7.969557584733964
2018-09-10 08:00:00,0.98,0.0,0.07,0.98,30.8,54.0,20.4,1007.8,22.3,0.7233926648055641,-8.268415994161488
2018-09-10 09:00:00,0.98,0.0,0.03,0.98,32.8,46.0,19.6,1007.9,24.5,1.4586446924022154,-8.272385125302547
2018-09-10 10:00:00,0.98,0.03,0.07,0.98,35.1,39.0,19.2,1007.6,25.6,1.4846769586695112,-6.430842427582552
2018-09-10 11:00:00,0.98,0.04,0.23,0.97,36.6,35.0,18.8,1007.0,24.1,0.7423384793347556,-3.215421213791276
2018-09-10 12:00:00,0.97,0.0,0.31,0.96,37.8,33.0,18.5,1006.0,19.8,-2.499280409439629,0.7166571251241975
2018-09-10 13:00:00,0.95,0.0,0.23,0.94,38.2,32.0,18.4,1004.4,23.8,-6.122295146001595,3.9758649556096985
2018-09-10 14:00:00,0.95,0.11,0.75,0.92,37.2,35.0,19.4,1003.4,27.4,-2.8649997592229783,8.320563465273988
2018-09-10 15:00:00,0.92,0.08,0.23,0.9,31.8,59.0,22.8,1004.1,30.6,2.153104870837041,8.635631963856369
2018-09-10 16:00:00,0.54,0.1,0.27,0.43,32.5,54.0,22.0,1004.0,23.8,-2.101315561749643,6.467184310807044
2018-09-10 17:00:00,0.85,0.04,0.18,0.93,31.4,57.0,21.7,1005.1,19.1,2.851220877402777,1.4527695991665504
2018-09-10 18:00:00,0.95,0.04,0.12,0.94,30.5,60.0,21.8,1005.6,12.2,2.5000000000000004,4.330127018922193
2018-09-10 19:00:00,0.99,0.0,0.07,0.99,29.7,63.0,21.9,1006.5,11.2,0.36319239979163737,0.7128052193506944
2018-09-10 20:00:00,0.97,0.0,0.06,0.96,29.0,65.0,21.9,1007.3,6.8,-2.9108871788279895,0.7257656867990033
2018-09-10 21:00:00,0.93,0.01,0.03,0.93,28.6,67.0,22.0,1008.4,7.2,-2.475670171853926,-0.34793275240016364
2018-09-10 22:00:00,0.79,0.02,0.02,0.79,28.2,70.0,22.4,1009.0,7.2,-3.5640260967534716,-1.8159619989581874
2018-09-10 23:00:00,0.3,0.0,0.02,0.29,27.9,75.0,23.0,1009.0,7.9,-2.545584412271571,-2.5455844122715714
2018-09-11 00:00:00,0.05,0.0,0.04,0.02,27.5,77.0,23.2,1008.5,6.8,-0.34862297099063266,-3.984778792366982
2018-09-11 01:00:00,0.05,0.01,0.04,0.0,27.1,80.0,23.4,1007.6,10.1,1.0766187015349684,-6.10580806867569
2018-09-11 02:00:00,0.04,0.02,0.04,0.0,26.9,79.0,23.0,1007.2,14.0,0.6972459419812665,-7.969557584733964
2018-09-11 03:00:00,0.03,0.01,0.03,0.0,26.8,77.0,22.5,1007.2,14.0,-1.7542302283364206,-5.737828535778212
2018-09-11 04:00:00,0.05,0.01,0.04,0.0,26.5,80.0,22.9,1007.3,10.8,-3.921004419087889,-4.6728711030257655
2018-09-11 05:00:00,0.0,0.03,0.0,0.0,26.5,79.0,22.6,1007.3,10.8,-4.669166652447253,-3.2693856872009626
2018-09-11 06:00:00,0.1,0.1,0.08,0.0,26.8,79.0,22.7,1007.9,11.9,-3.9597979746446654,-3.9597979746446663
2018-09-11 07:00:00,0.19,0.09,0.07,0.11,28.1,74.0,23.0,1008.6,17.6,-3.603450996785793,-5.766727053863696
2018-09-11 08:00:00,0.05,0.01,0.04,0.0,30.2,63.0,22.3,1008.9,20.9,-2.2249223594996215,-6.8476069173251055
2018-09-11 09:00:00,0.05,0.01,0.04,0.0,32.5,54.0,21.9,1008.9,22.3,-0.6794350112397476,-6.4643923198937765
2018-09-11 10:00:00,0.11,0.07,0.07,0.0,34.8,46.0,21.6,1008.5,22.3,0.688311646177017,-4.345828698618606
2018-09-11 11:00:00,0.71,0.29,0.15,0.56,36.7,41.0,21.4,1007.7,22.0,1.0606601717798214,-1.060660171779821
2018-09-11 12:00:00,0.73,0.14,0.19,0.68,37.0,40.0,21.2,1006.4,20.2,-2.490620541896064,3.9858260519352022
2018-09-11 13:00:00,0.87,0.03,0.42,0.83,35.4,46.0,22.1,1005.4,33.8,-13.647867363856914,1.1940336756429177
2018-09-11 14:00:00,0.66,0.0,0.28,0.56,35.1,47.0,22.0,1004.6,33.5,-0.34018371557913474,6.49109197590473
2018-09-11 15:00:00,0.77,0.21,0.33,0.69,33.2,54.0,22.7,1004.2,30.6,-4.719877977894231,12.967758166845535
2018-09-11 16:00:00,0.6,0.0,0.25,0.5,32.6,57.0,23.1,1004.3,32.4,-0.6794350112397493,6.4643923198937765
2018-09-11 17:00:00,0.24,0.0,0.18,0.43,31.6,58.0,22.4,1004.8,20.5,-2.8729692039356185,7.893418014601631
2018-09-11 18:00:00,0.1,0.01,0.09,0.01,30.0,64.0,22.6,1005.3,20.9,-7.919595949289333,7.919595949289331
2018-09-11 19:00:00,0.08,0.0,0.08,0.0,29.1,64.0,21.7,1006.2,22.3,-6.877117867544072,7.121464023352648
2018-09-11 20:00:00,0.15,0.12,0.11,0.0,29.1,63.0,21.4,1007.1,18.7,-2.172718241812291,5.377666356487366
2018-09-11 21:00:00,0.01,0.0,0.01,0.0,29.0,63.0,21.2,1007.5,10.4,-2.542346798541462,4.989636535454859
2018-09-11 22:00:00,0.01,0.0,0.0,0.0,28.5,64.0,21.0,1007.7,10.1,2.1490212066910046,5.062776693988422
2018-09-11 23:00:00,0.0,0.0,0.0,0.0,28.0,65.0,20.9,1007.7,12.2,5.362307134053097,4.342310698243882
2018-09-12 00:00:00,0.0,0.0,0.0,0.0,27.4,68.0,20.9,1007.0,11.9,6.16289295184922,2.873804179836754
2018-09-12 01:00:00,0.01,0.0,0.01,0.0,26.9,70.0,20.9,1006.3,11.5,5.78819864428265,2.2218812871808646
2018-09-12 02:00:00,0.01,0.0,0.01,0.0,26.6,71.0,20.9,1006.2,10.4,5.756767679519668,0.7068421917498535
2018-09-12 03:00:00,0.03,0.01,0.03,0.0,26.4,72.0,20.8,1006.0,10.1,5.4091846272187825,-1.4493866525741135
2018-09-12 04:00:00,0.04,0.01,0.04,0.0,26.2,72.0,20.8,1006.2,10.1,4.3149868395531055,-4.0237903243687425
2018-09-12 05:00:00,0.04,0.05,0.14,0.0,26.7,74.0,21.6,1006.6,10.4,-1.484676958669509,-6.430842427582553
2018-09-12 06:00:00,0.03,0.02,0.02,0.0,26.8,85.0,24.0,1006.9,16.9,-4.738350289172498,-7.8859391664594325
2018-09-12 07:00:00,0.04,0.04,0.01,0.0,28.6,75.0,23.7,1007.7,23.8,-4.948496447161061,-9.71197111365321
2018-09-12 08:00:00,0.03,0.03,0.01,0.0,31.0,60.0,22.5,1008.3,28.8,-5.124881702755083,-11.510672766296771
2018-09-12 09:00:00,0.04,0.03,0.02,0.0,33.2,51.0,21.9,1008.5,29.9,-5.351975815759156,-10.065602558591769
2018-09-12 10:00:00,0.31,0.11,0.27,0.0,35.0,44.0,21.0,1007.7,29.2,-3.9754388860199636,-7.171881598543044
2018-09-12 11:00:00,0.21,0.11,0.21,0.0,36.0,41.0,20.6,1006.9,25.6,-2.8772616073430903,-3.195522749552795
2018-09-12 12:00:00,0.26,0.0,0.23,0.1,36.7,39.0,20.3,1005.6,21.6,-4.679622242152313,2.4881992827652217
2018-09-12 13:00:00,0.51,0.08,0.4,0.26,34.8,47.0,21.9,1004.5,33.5,-10.032455143944823,9.033263185844586
2018-09-12 14:00:00,0.23,0.02,0.23,0.03,35.1,45.0,21.5,1003.1,34.2,-7.566042558696059,7.566042558696057
2018-09-12 15:00:00,0.28,0.03,0.26,0.14,34.7,50.0,22.6,1002.2,34.2,-10.790097005079765,10.41987555688496
2018-09-12 16:00:00,0.2,0.01,0.2,0.02,33.0,53.0,22.0,1002.3,37.4,-10.446718491427301,12.900622960185718
2018-09-12 17:00:00,0.21,0.0,0.08,0.0,30.5,63.0,22.8,1002.9,36.0,-8.968977974557237,16.18046458207882
2018-09-12 18:00:00,0.06,0.0,0.06,0.0,28.9,69.0,22.5,1003.3,36.4,-9.450360068655622,14.010734976180203
2018-09-12 19:00:00,0.05,0.0,0.05,0.0,29.0,67.0,22.1,1003.9,31.3,-6.807987937687841,10.483382099317799
2018-09-12 20:00:00,0.09,0.0,0.09,0.0,29.1,63.0,21.4,1004.8,23.0,-4.0330145504595105,8.268905225952336
2018-09-12 21:00:00,0.17,0.04,0.17,0.0,28.9,62.0,21.0,1005.7,16.6,-0.7059932828932164,3.6320205787563564
2018-09-12 22:00:00,0.29,0.02,0.29,0.0,28.4,65.0,21.1,1006.1,6.1,-1.7669289302057951,-0.34345619167778085
2018-09-12 23:00:00,0.21,0.0,0.21,0.0,28.1,67.0,21.4,1006.0,4.7,-0.35355339059327373,-0.3535533905932738
2018-09-13 00:00:00,0.23,0.0,0.23,0.0,27.9,68.0,21.4,1005.2,4.3,-3.5514757175273243e-16,2.9
2018-09-13 01:00:00,0.18,0.0,0.18,0.0,27.6,69.0,21.4,1004.5,5.4,2.4930243101639267,2.867896404846534
2018-09-13 02:00:00,0.13,0.0,0.13,0.0,27.3,72.0,21.8,1004.1,12.6,7.172285669722765,2.192787785420528
2018-09-13 03:00:00,0.11,0.0,0.11,0.0,26.9,75.0,22.0,1004.0,13.3,7.589584464134761,-0.39775326744637396
2018-09-13 04:00:00,0.08,0.0,0.08,0.0,26.6,75.0,22.0,1004.2,13.3,7.190132650232932,-0.3768188849491964
2018-09-13 05:00:00,0.07,0.0,0.13,0.0,26.4,78.0,22.2,1004.8,12.2,4.688551036221175,-0.32785542659738853
2018-09-13 06:00:00,0.12,0.0,0.12,0.0,26.6,77.0,22.3,1005.2,9.4,2.5079526825623377,-1.8221342821066662
2018-09-13 07:00:00,0.1,0.01,0.1,0.0,28.2,70.0,22.3,1005.9,14.0,4.366330768241984,-1.0886485301985036
2018-09-13 08:00:00,0.05,0.0,0.05,0.0,30.4,61.0,22.1,1006.3,19.4,5.032023407672545,-3.26783421009016
2018-09-13 09:00:00,0.01,0.0,0.01,0.0,32.8,53.0,21.9,1006.5,22.7,4.364789504399989,-4.680663690362692
2018-09-13 10:00:00,0.2,0.12,0.18,0.0,34.8,45.0,21.3,1005.8,23.4,3.964183272437243,-2.8801477362331176
2018-09-13 11:00:00,0.33,0.04,0.33,0.0,36.1,41.0,20.8,1005.2,22.0,3.6,6.613092715395707e-16
2018-09-13 12:00:00,0.34,0.15,0.33,0.0,37.1,38.0,20.5,1004.1,20.9,0.3449439287832565,3.2819222547153015
2018-09-13 13:00:00,0.3,0.03,0.3,0.0,37.1,38.0,20.5,1002.8,27.0,-4.996174644486023,6.876644452187052
2018-09-13 14:00:00,0.38,0.07,0.37,0.02,35.3,45.0,21.6,1002.1,35.3,-8.224049428726913,12.6639255759759
2018-09-13 15:00:00,0.16,0.0,0.16,0.01,34.8,45.0,21.2,1001.7,37.1,-4.727846654720213,11.138108726774528
2018-09-13 16:00:00,0.1,0.0,0.09,0.03,33.8,48.0,21.2,1001.8,32.4,-8.741911491736937,10.418204426418098
2018-09-13 17:00:00,0.09,0.0,0.08,0.0,32.7,52.0,21.5,1002.0,33.1,-9.71108730457179,9.377888001196464
2018-09-13 18:00:00,0.12,0.11,0.07,0.0,30.1,66.0,23.1,1002.7,27.0,-10.800307988846615,6.489479743866683
2018-09-13 19:00:00,0.07,0.0,0.07,0.0,29.2,72.0,23.6,1003.8,23.8,-8.621990754572435,5.815606196095766
2018-09-13 20:00:00,0.16,0.0,0.06,0.11,28.9,75.0,24.0,1004.6,19.8,-8.294943864258496,-0.289665822630759
2018-09-13 21:00:00,0.48,0.0,0.04,0.45,28.4,78.0,24.0,1005.2,16.2,-7.200205325897744,-4.326319829244455
2018-09-13 22:00:00,0.65,0.0,0.03,0.64,27.9,80.0,24.0,1005.5,16.6,-6.505382386916236,-6.505382386916237
2018-09-13 23:00:00,0.38,0.0,0.03,0.37,27.6,82.0,24.1,1005.6,16.9,-6.410784584587486,-6.874724795220202
2018-09-14 00:00:00,0.33,0.0,0.03,0.31,27.3,84.0,24.3,1005.5,19.1,-7.580077219869421,-6.825132184860354
2018-09-14 01:00:00,0.66,0.0,0.04,0.64,26.9,86.0,24.4,1004.8,19.1,-7.547628055792192,-4.716281451675524
2018-09-14 02:00:00,0.67,0.0,0.06,0.66,26.5,88.0,24.4,1004.4,16.6,-6.143640332167439,-4.301823272632845
2018-09-14 03:00:00,0.28,0.04,0.06,0.23,26.3,89.0,24.4,1004.2,13.7,-1.7542302283364206,-5.737828535778212
2018-09-14 04:00:00,0.12,0.03,0.06,0.05,26.1,90.0,24.4,1004.4,11.2,1.1257730727216135,-5.791600382341218
2018-09-14 05:00:00,0.09,0.06,0.05,0.0,26.1,92.0,24.7,1004.8,10.4,0.7526049355271046,-7.160557646651568
2018-09-14 06:00:00,0.23,0.02,0.03,0.19,26.5,89.0,24.6,1005.0,13.7,2.8738041798367546,-6.16289295184922
2018-09-14 07:00:00,0.22,0.02,0.03,0.19,28.5,78.0,24.2,1005.9,18.0,2.101315561749644,-6.467184310807044
2018-09-14 08:00:00,0.28,0.02,0.02,0.26,31.0,60.0,22.5,1006.3,22.3,0.6972459419812665,-7.969557584733964
2018-09-14 09:00:00,0.31,0.04,0.07,0.27,33.3,50.0,21.4,1006.3,24.5,1.389185421335443,-7.878462024097664
2018-09-14 10:00:00,0.25,0.07,0.13,0.15,35.0,44.0,20.8,1005.8,24.5,1.4493866525741157,-5.4091846272187825
2018-09-14 11:00:00,0.4,0.0,0.19,0.28,36.8,37.0,19.9,1005.4,22.0,1.083267041673687,-1.437543918085127
2018-09-14 12:00:00,0.3,0.0,0.29,0.02,37.7,34.0,19.2,1004.1,19.8,-1.0506577808748214,3.233592155403522
2018-09-14 13:00:00,0.54,0.03,0.49,0.24,35.3,42.0,20.5,1003.4,31.3,-10.086537646166043,7.880466884168427
2018-09-14 14:00:00,0.35,0.0,0.29,0.12,34.8,47.0,21.9,1002.9,35.3,-7.9283665448744856,5.760295472466236
2018-09-14 15:00:00,0.27,0.15,0.13,0.14,33.0,54.0,22.6,1002.3,34.2,-11.501760229563171,9.313941787537592
2018-09-14 16:00:00,0.39,0.0,0.08,0.36,34.2,46.0,20.9,1002.4,34.2,-5.829111906565255,9.328529057720685
2018-09-14 17:00:00,0.38,0.0,0.08,0.45,32.8,50.0,21.0,1002.8,28.8,-7.264805408842769,9.29852689255932
2018-09-14 18:00:00,0.57,0.02,0.21,0.47,30.8,59.0,21.9,1003.7,25.2,-8.272407703894487,7.988571260278469
2018-09-14 19:00:00,0.63,0.1,0.21,0.56,29.9,64.0,22.5,1004.7,22.0,-8.268905225952334,4.033014550459513
2018-09-14 20:00:00,0.22,0.05,0.19,0.02,29.8,67.0,23.0,1005.6,17.6,-4.012982057577929,3.6133052743378347
2018-09-14 21:00:00,0.38,0.05,0.35,0.04,29.6,69.0,23.3,1006.8,10.4,-0.32785542659739,4.688551036221174
2018-09-14 22:00:00,0.38,0.0,0.36,0.04,29.5,62.0,21.4,1006.9,14.8,7.871577364254564,4.3632865822170315
2018-09-14 23:00:00,0.37,0.04,0.34,0.08,28.9,64.0,21.4,1006.9,23.0,12.605336125844788,-1.5477406612453755
2018-09-15 00:00:00,0.34,0.04,0.28,0.1,28.3,68.0,21.9,1006.6,23.4,10.081199072728628,-3.2755801403744407
2018-09-15 01:00:00,0.2,0.07,0.16,0.08,28.0,70.0,22.0,1006.0,19.4,6.472185832831528,-3.5875911898228963
2018-09-15 02:00:00,0.66,0.09,0.06,0.64,27.6,73.0,22.4,1005.7,14.4,3.9754388860199623,-7.171881598543045
2018-09-15 03:00:00,0.51,0.06,0.07,0.49,27.2,78.0,23.0,1005.3,15.5,3.550000000000003,-6.148780366869512
2018-09-15 04:00:00,0.39,0.02,0.03,0.36,26.9,80.0,23.1,1005.3,12.2,3.600102662948872,-2.1631599146222276
2018-09-15 05:00:00,0.41,0.0,0.08,0.71,27.0,74.0,22.0,1005.9,7.2,-0.3628828433995016,-1.4554435894139948
2018-09-15 06:00:00,0.84,0.01,0.09,0.83,27.3,73.0,22.0,1006.2,5.8,-1.0549740469210394,2.485363104321589
2018-09-15 07:00:00,0.94,0.0,0.03,0.94,28.9,62.0,20.9,1006.5,14.4,-5.755839955992561e-16,4.7
2018-09-15 08:00:00,0.97,0.0,0.01,0.97,31.2,50.0,19.8,1007.2,18.4,-6.123233995736766e-16,5.0
2018-09-15 09:00:00,0.95,0.0,0.01,0.95,33.6,41.0,18.6,1007.2,20.5,1.7918397477265022,4.667902132486008
2018-09-15 10:00:00,0.95,0.0,0.0,0.95,36.0,31.0,16.3,1006.6,22.3,5.032023407672545,3.267834210090162
2018-09-15 11:00:00,0.94,0.0,0.0,0.94,38.0,24.0,14.1,1005.8,24.5,4.313351365237939,4.31335136523794
2018-09-15 12:00:00,0.94,0.0,0.02,0.94,37.2,33.0,18.0,1004.6,37.1,-8.932080174246448,13.754197314304951
2018-09-15 13:00:00,0.94,0.0,0.19,0.93,35.2,38.0,18.8,1003.8,50.0,-16.19274528917194,16.192745289171935
2018-09-15 14:00:00,0.95,0.0,0.09,0.95,35.0,38.0,18.6,1003.1,49.0,-11.12738286521029,15.891549659206442
2018-09-15 15:00:00,0.95,0.0,0.07,0.94,35.2,36.0,17.8,1002.6,42.8,-10.863110603702516,12.946151088710726
2018-09-15 16:00:00,0.98,0.0,0.04,0.98,34.3,40.0,18.8,1002.4,37.8,-9.706092906266745,11.567271091096567
2018-09-15 17:00:00,0.98,0.0,0.05,0.94,32.1,47.0,19.5,1002.9,33.5,-8.200737862381342,9.43386975278465
2018-09-15 18:00:00,0.95,0.1,0.07,0.95,31.0,54.0,20.6,1003.6,25.9,-7.5717762380030695,7.840803823691299
2018-09-15 19:00:00,0.9,0.19,0.15,0.89,30.5,60.0,21.8,1004.4,20.2,-4.585304047369423,8.999165894302514
2018-09-15 20:00:00,0.63,0.0,0.08,0.61,30.3,59.0,21.3,1005.1,19.4,1.7191169589026116,9.74959675482086
2018-09-15 21:00:00,0.57,0.0,0.12,0.52,29.4,60.0,20.9,1005.6,25.6,11.877704642190379,8.316858327090172
2018-09-15 22:00:00,0.66,0.0,0.14,0.61,28.7,62.0,20.8,1006.1,26.6,13.256842056260261,5.0888248835432695
2018-09-15 23:00:00,0.63,0.0,0.16,0.57,28.2,62.0,20.2,1005.9,26.3,13.329776402789143,3.571702822414785
2018-09-16 00:00:00,0.19,0.0,0.16,0.04,27.9,63.0,20.2,1005.4,24.8,11.916173811447717,2.101142949769857
2018-09-16 01:00:00,0.77,0.0,0.16,0.74,27.4,66.0,20.5,1004.5,21.2,10.797899017924303,2.098898949141991
2018-09-16 02:00:00,0.83,0.0,0.15,0.81,27.0,68.0,20.5,1003.9,19.8,10.438962181929405,1.8406706832694615
2018-09-16 03:00:00,0.94,0.0,0.17,0.93,26.9,67.0,20.2,1003.7,18.4,10.093847352892867,0.35248491669525767
2018-09-16 04:00:00,0.89,0.0,0.17,0.87,26.8,66.0,20.0,1004.0,18.0,8.594761112364223,-0.300135671641511
2018-09-16 05:00:00,0.87,0.0,0.25,0.94,26.6,68.0,20.1,1004.7,15.1,4.330127018922192,2.500000000000002
2018-09-16 06:00:00,0.97,0.0,0.33,0.96,27.0,66.0,20.0,1005.5,11.5,3.5996106142446194,4.289848881466277
2018-09-16 07:00:00,0.96,0.01,0.6,0.9,28.6,59.0,19.8,1006.4,14.8,3.9641832724372423,2.880147736233119
2018-09-16 08:00:00,0.99,0.0,0.8,0.97,30.5,51.0,19.3,1006.7,15.1,2.507952682562337,1.822134282106667
2018-09-16 09:00:00,0.98,0.0,0.51,0.96,32.5,45.0,19.0,1006.6,18.0,0.6945927106677219,3.939231012048832
2018-09-16 10:00:00,0.96,0.0,0.14,0.95,34.2,40.0,18.5,1005.9,19.1,0.3763024677635526,3.580278823325784
2018-09-16 11:00:00,0.98,0.01,0.12,0.98,36.2,35.0,18.3,1005.1,20.2,0.7059932828932155,3.632020578756357
2018-09-16 12:00:00,0.97,0.03,0.57,0.96,37.2,33.0,18.3,1003.9,24.5,-2.5648410533120645,7.893769085249775
2018-09-16 13:00:00,0.97,0.0,0.5,0.96,36.0,39.0,20.0,1002.6,34.2,-7.516018683207378,11.573653837646852
2018-09-16 14:00:00,0.97,0.08,0.47,0.97,34.3,44.0,20.4,1001.8,37.8,-9.706092906266745,11.567271091096567
2018-09-16 15:00:00,0.99,0.0,0.42,0.99,34.8,41.0,19.6,1001.0,36.7,-5.769234480931413,10.40797451495881
2018-09-16 16:00:00,0.99,0.0,0.2,0.99,34.2,42.0,19.6,1001.0,33.8,-1.0243789400230068,9.746314574609078
2018-09-16 17:00:00,0.95,0.01,0.71,0.99,33.2,39.0,17.4,1002.1,25.6,13.269592121137043,-1.8649195528648772
2018-09-16 18:00:00,1.0,0.01,0.76,1.0,30.9,54.0,20.4,1002.9,27.4,14.778665142222746,3.959931390068566
2018-09-16 19:00:00,0.99,0.0,0.53,0.99,29.5,60.0,20.9,1003.8,31.3,15.84118355114072,4.244632339681338
2018-09-16 20:00:00,1.0,0.0,1.0,0.94,29.0,63.0,21.2,1004.4,30.6,14.770028771080463,3.1394665313481727
2018-09-16 21:00:00,0.99,0.0,0.98,0.93,28.6,64.0,21.2,1005.0,27.4,13.688827766869691,2.4137096695703315
2018-09-16 22:00:00,1.0,0.0,0.99,0.96,28.3,66.0,21.5,1005.1,26.3,13.600108183020696,4.41894301956175
2018-09-16 23:00:00,0.99,0.0,0.98,0.93,28.0,68.0,21.5,1004.8,26.3,12.291741482791119,4.232386007943036
2018-09-17 00:00:00,0.99,0.0,0.99,0.95,28.0,68.0,21.5,1004.0,23.4,11.87451260953648,5.040431557511632
2018-09-17 01:00:00,1.0,0.0,1.0,0.81,27.8,68.0,21.5,1003.3,23.4,11.145254583239732,4.962187045524761
2018-09-17 02:00:00,0.99,0.0,0.99,0.98,27.5,70.0,21.7,1002.8,22.3,9.772803256173448,3.557009490586953
2018-09-17 03:00:00,0.99,0.0,0.91,0.98,27.4,71.0,21.8,1002.7,19.1,8.588939923774253,3.296985135816766
2018-09-17 04:00:00,0.97,0.0,0.75,0.95,27.4,71.0,21.6,1002.9,18.0,9.371786608437747,2.8652427062828236
2018-09-17 05:00:00,0.91,0.0,0.62,0.76,27.2,71.0,21.5,1003.6,20.9,8.60769888645749,1.8296228791962863
2018-09-17 06:00:00,0.95,0.0,0.16,0.95,27.2,71.0,21.5,1004.0,16.6,8.652745622452938,3.672872607799174
2018-09-17 07:00:00,0.97,0.0,0.03,0.97,28.8,65.0,21.4,1004.8,24.1,10.060016436106816,4.691062705321761
2018-09-17 08:00:00,0.95,0.0,0.05,0.95,31.0,53.0,20.4,1005.3,25.2,9.700776466210565,3.1519733426244647
2018-09-17 09:00:00,0.95,0.0,0.11,0.94,33.3,45.0,19.6,1005.2,25.9,9.383039235653808,1.4861274178821948
2018-09-17 10:00:00,0.98,0.0,0.1,0.98,35.3,38.0,18.7,1004.8,33.1,11.17271736291003,0.7812725059342065
2018-09-17 11:00:00,0.98,0.05,0.1,0.98,36.8,34.0,18.2,1004.1,33.5,13.269592121137041,1.864919552864882
2018-09-17 12:00:00,1.0,0.0,0.24,1.0,37.5,32.0,18.1,1003.0,37.1,15.878209602597725,0.8321417042628145
2018-09-17 13:00:00,1.0,0.0,0.4,1.0,36.8,33.0,18.0,1002.0,37.8,16.935309867559674,-1.4816476267101841
2018-09-17 14:00:00,1.0,0.0,0.24,1.0,35.5,37.0,18.8,1001.5,42.8,20.908659007435244,4.0642316015204
2018-09-17 15:00:00,1.0,0.02,0.15,1.0,34.2,42.0,19.5,1001.3,51.1,25.918243723287254,5.983698045546816
2018-09-17 16:00:00,1.0,0.0,0.04,1.0,33.4,42.0,18.6,1001.2,52.6,23.643188291453075,9.552468132105764
2018-09-17 17:00:00,1.0,0.02,0.16,1.0,32.8,45.0,19.3,1001.7,49.3,18.01810223139599,6.916501426224304
2018-09-17 18:00:00,1.0,0.0,0.02,1.0,30.7,52.0,19.9,1002.4,42.8,22.012892836987504,6.312095448209274
2018-09-17 19:00:00,1.0,0.0,0.01,1.0,29.4,59.0,20.4,1003.3,42.5,20.474874123486195,5.871075678902076
2018-09-17 20:00:00,0.98,0.0,0.0,0.98,28.9,62.0,20.8,1004.2,40.0,19.79550844843483,6.052094287760657
2018-09-17 21:00:00,1.0,0.0,0.0,1.0,28.4,64.0,21.0,1004.9,38.2,18.01810223139599,6.916501426224304
2018-09-17 22:00:00,1.0,0.0,0.0,1.0,28.0,67.0,21.3,1005.5,34.9,17.245619694942246,6.967682637535969
2018-09-17 23:00:00,0.98,0.0,0.0,0.98,27.8,68.0,21.4,1005.2,34.6,17.67369318628685,7.502037666994057
2018-09-18 00:00:00,0.87,0.0,0.0,0.87,27.5,69.0,21.2,1004.6,36.7,18.087432441023868,9.216007144712805
2018-09-18 01:00:00,0.66,0.0,0.0,0.66,27.1,70.0,21.2,1003.7,37.4,19.146500951810758,8.127207472576895
2018-09-18 02:00:00,0.78,0.0,0.0,0.78,26.8,72.0,21.4,1003.2,37.4,18.729113862249104,7.567053187001428
2018-09-18 03:00:00,0.84,0.0,0.0,0.86,26.5,73.0,21.4,1002.9,36.7,17.66622127077508,6.4299786945225685
2018-09-18 04:00:00,0.95,0.0,0.0,0.95,26.5,73.0,21.3,1003.0,34.2,16.59659099674549,6.705458022144829
2018-09-18 05:00:00,0.91,0.0,0.0,0.98,26.8,71.0,21.0,1003.5,32.4,16.483620697484803,8.398824245181618
2018-09-18 06:00:00,0.97,0.0,0.0,0.97,27.3,68.0,20.9,1004.1,34.6,15.068842025849227,8.700000000000006
2018-09-18 07:00:00,0.96,0.0,0.02,0.96,28.9,62.0,21.0,1004.9,40.0,18.36530993146568,9.765008505946527
2018-09-18 08:00:00,0.97,0.0,0.04,0.97,31.0,53.0,20.3,1005.4,45.4,20.954355113209395,8.466109011199618
2018-09-18 09:00:00,0.95,0.0,0.01,0.95,32.9,46.0,19.6,1005.4,45.7,19.028738777894645,5.098735188519656
2018-09-18 10:00:00,0.96,0.03,0.09,0.96,34.6,41.0,19.3,1004.9,42.1,17.679621296652964,2.8001769242201355
2018-09-18 11:00:00,0.97,0.0,0.21,0.97,35.6,37.0,18.8,1004.1,41.8,18.061940175437016,3.5108855149284204
2018-09-18 12:00:00,0.99,0.01,0.44,0.98,36.4,35.0,18.5,1002.9,42.8,19.49262914921816,2.048757880046006
2018-09-18 13:00:00,1.0,0.05,0.45,1.0,35.8,38.0,19.5,1002.0,49.0,23.073246001678587,3.242733252369534
2018-09-18 14:00:00,1.0,0.0,0.27,1.0,35.5,38.0,18.9,1001.2,52.9,26.703429500032893,5.675989159324843
2018-09-18 15:00:00,1.0,0.0,0.16,1.0,33.5,44.0,19.6,1000.9,60.8,28.841353917642962,6.6585512085784115
2018-09-18 16:00:00,0.99,0.0,0.11,0.99,32.5,49.0,20.3,1001.0,57.6,28.341484185595576,9.208706432373438
2018-09-18 17:00:00,0.98,0.0,0.08,1.0,30.5,54.0,20.2,1002.2,60.8,25.202997681821568,8.18895035093611
2018-09-18 18:00:00,1.0,0.0,0.05,1.0,28.7,60.0,20.3,1002.7,49.3,21.603383811406147,8.728333626590757
2018-09-18 19:00:00,1.0,0.0,0.05,1.0,27.9,65.0,20.8,1003.8,43.6,22.692445814383603,7.813635706971759
2018-09-18 20:00:00,1.0,0.0,0.04,1.0,27.5,68.0,21.1,1004.8,43.9,21.588982919899983,7.014685772311309
2018-09-18 21:00:00,1.0,0.0,0.04,1.0,27.2,72.0,21.6,1005.5,41.4,19.781975538939193,6.42755348299891
2018-09-18 22:00:00,0.99,0.0,0.03,0.99,27.1,72.0,21.6,1005.8,38.2,19.07576020195394,6.943008909511072
2018-09-18 23:00:00,0.72,0.0,0.01,0.74,26.9,73.0,21.6,1005.2,36.4,17.689651203089856,5.747716095374025
2018-09-19 00:00:00,0.96,0.0,0.0,0.96,26.5,74.0,21.5,1004.7,33.5,15.860817982982264,4.5480163709804815
2018-09-19 01:00:00,0.98,0.0,0.0,0.98,26.3,75.0,21.5,1003.9,29.5,15.109615144215958,4.619472934619246
2018-09-19 02:00:00,0.99,0.0,0.0,0.99,26.1,76.0,21.6,1003.5,28.1,14.74137600257488,4.789763412811687
2018-09-19 03:00:00,0.99,0.0,0.0,0.99,26.1,76.0,21.6,1003.0,28.1,14.753174146338761,5.369716250212996
2018-09-19 04:00:00,0.95,0.0,0.0,0.95,26.3,74.0,21.4,1002.9,28.1,13.629602662131774,5.506716923213911
2018-09-19 05:00:00,0.96,0.0,0.0,0.96,26.3,75.0,21.5,1003.4,25.9,12.244675899951543,6.787334683448716
2018-09-19 06:00:00,0.98,0.0,0.0,0.98,26.5,74.0,21.5,1004.0,25.2,12.244675899951543,6.787334683448716
2018-09-19 07:00:00,0.97,0.0,0.0,0.97,28.4,66.0,21.4,1004.8,29.5,13.30215188522767,6.487892972478351
2018-09-19 08:00:00,0.98,0.0,0.0,0.98,31.0,53.0,20.5,1005.4,31.3,13.00574468109728,3.9762551842292244
2018-09-19 09:00:00,0.97,0.0,0.0,0.97,33.2,43.0,19.1,1005.4,30.2,11.89275084152724,-0.41530401075976525
2018-09-19 10:00:00,0.97,0.0,0.0,0.97,35.2,38.0,18.6,1004.8,41.0,12.552053195955994,-1.0981623586204894
2018-09-19 11:00:00,0.99,0.1,0.02,0.99,36.7,34.0,18.2,1003.7,35.6,12.279324052395474,-1.7257464519048118
2018-09-19 12:00:00,0.98,0.04,0.28,0.98,37.7,32.0,18.0,1002.3,33.1,10.393664600998596,-0.3629547657060133
2018-09-19 13:00:00,1.0,0.04,0.99,0.99,38.1,31.0,17.9,1001.2,34.9,15.161287811373986,3.2226312076752768
2018-09-19 14:00:00,1.0,0.01,0.26,1.0,35.8,35.0,18.1,1000.5,39.6,15.804761912174792,8.403540973867443
2018-09-19 15:00:00,1.0,0.05,0.39,1.0,35.8,34.0,17.6,1000.2,40.0,16.933583975480854,-2.3798600264171195
2018-09-19 16:00:00,0.99,0.1,0.5,0.99,34.7,38.0,18.4,1000.8,37.8,9.735430472951267,3.933369230867079
2018-09-19 17:00:00,0.99,0.03,0.5,0.99,33.5,42.0,18.8,1001.1,30.6,-9.663489671572243,-7.281961780139784
2018-09-19 18:00:00,1.0,0.01,0.3,1.0,32.1,49.0,20.0,1001.9,29.5,-6.1385314081469815,1.4171916423663498
2018-09-19 19:00:00,0.99,0.08,0.01,0.99,31.1,56.0,21.2,1002.7,11.5,-2.2043642384652358e-16,1.8
2018-09-19 20:00:00,0.99,0.0,0.0,0.99,30.1,56.0,20.4,1003.4,15.5,7.2085048071307245,6.490566881680923
2018-09-19 21:00:00,1.0,0.0,0.0,1.0,28.5,63.0,20.8,1003.8,27.4,13.685247584253416,6.381535752284557
2018-09-19 22:00:00,0.99,0.0,0.0,0.99,27.9,65.0,20.8,1003.6,27.0,11.867953338454878,4.794964395723677
2018-09-19 23:00:00,0.99,0.0,0.0,0.99,27.6,67.0,20.9,1003.1,23.0,11.840127021902445,4.3094538059034235
2018-09-20 00:00:00,0.99,0.0,0.0,0.99,27.3,68.0,21.0,1002.4,22.3,11.19054989130337,2.1752225472926088
2018-09-20 01:00:00,0.99,0.0,0.0,0.99,27.0,70.0,21.1,1001.7,20.2,10.815507719116109,2.496956703216904
2018-09-20 02:00:00,1.0,0.0,0.0,1.0,26.9,70.0,20.9,1001.3,22.0,11.858178973941639,3.62540913856194
2018-09-20 03:00:00,1.0,0.0,0.0,1.0,26.6,70.0,20.7,1000.9,23.0,11.888206453689419,3.8627124296868445
2018-09-20 04:00:00,1.0,0.0,0.0,1.0,26.4,72.0,20.8,1001.2,22.3,10.068373723328557,5.130092647056881
2018-09-20 05:00:00,1.0,0.0,0.0,0.98,26.2,74.0,21.2,1001.0,23.0,13.644067431374577,7.563030075842854
2018-09-20 06:00:00,0.95,0.0,0.0,0.95,26.9,71.0,21.0,1001.5,34.2,16.216318740228292,8.262627095259754
2018-09-20 07:00:00,0.98,0.0,0.0,0.98,28.8,62.0,20.8,1002.4,39.6,18.686248525084537,7.931841908332259
2018-09-20 08:00:00,0.93,0.0,0.0,0.93,31.1,52.0,20.2,1003.2,41.0,19.030464643664402,5.818196923982468
2018-09-20 09:00:00,0.96,0.0,0.0,0.96,33.2,45.0,19.6,1003.4,43.2,19.412986546049616,5.935145605871563
2018-09-20 10:00:00,0.95,0.16,0.07,0.94,35.0,41.0,19.6,1003.0,47.5,19.032981579578717,5.457619645176578
2018-09-20 11:00:00,0.99,0.05,0.41,0.99,36.2,38.0,19.4,1002.2,46.4,21.14308396768294,7.695453224827542
2018-09-20 12:00:00,0.99,0.0,0.47,0.98,35.7,38.0,19.3,1001.5,51.8,19.415109108410274,5.202262806560665
2018-09-20 13:00:00,0.99,0.04,0.36,0.99,35.2,41.0,19.9,1000.5,50.4,23.460889684399167,4.560334989499416
2018-09-20 14:00:00,0.98,0.03,0.34,0.97,33.8,44.0,19.9,1000.1,51.5,24.066940600195306,5.556291042293472
2018-09-20 15:00:00,0.98,0.03,0.22,0.98,34.3,42.0,19.6,999.5,54.0,24.551504778418522,5.218583439525771
2018-09-20 16:00:00,1.0,0.0,0.12,1.0,32.5,47.0,19.8,999.7,54.7,26.6872704303198,9.713372070448987
2018-09-20 17:00:00,0.98,0.01,0.11,0.96,31.7,50.0,19.9,1000.3,55.1,20.845079101842952,9.72022002003608
2018-09-20 18:00:00,1.0,0.01,0.06,1.0,29.8,59.0,20.8,1000.5,44.6,19.831981746663637,11.45000000000001
2018-09-20 19:00:00,0.91,0.0,0.01,0.91,28.5,65.0,21.2,1001.4,41.8,18.321730353466425,12.3581631667035
2018-09-20 20:00:00,0.92,0.0,0.02,0.92,28.1,66.0,21.2,1002.4,42.8,19.543414456008158,11.74286810794924
2018-09-20 21:00:00,0.97,0.0,0.02,0.96,28.0,66.0,21.0,1003.0,42.1,17.57985611350186,9.744673366951371
2018-09-20 22:00:00,0.93,0.0,0.01,0.93,27.6,67.0,21.0,1003.5,36.7,16.897328070424336,8.241377559634662
2018-09-20 23:00:00,0.96,0.01,0.0,0.96,27.1,70.0,21.2,1003.4,36.4,18.100425653608003,9.62416703711076
2018-09-21 00:00:00,0.81,0.0,0.0,0.81,26.7,70.0,20.8,1002.7,38.9,18.273136019851652,10.55000000000001
2018-09-21 01:00:00,0.91,0.0,0.0,0.91,26.2,69.0,20.0,1002.0,38.2,18.087432441023868,9.216007144712805
2018-09-21 02:00:00,0.88,0.0,0.0,0.88,26.0,70.0,20.0,1001.7,36.7,17.217478060749077,9.15469547432487
2018-09-21 03:00:00,0.96,0.0,0.0,0.96,26.0,70.0,20.0,1001.6,35.3,15.804761912174792,8.403540973867443
2018-09-21 04:00:00,0.95,0.0,0.0,0.95,25.8,73.0,20.6,1001.8,32.0,13.332508652169798,7.08902059806695
2018-09-21 05:00:00,0.88,0.01,0.0,0.67,25.6,75.0,20.9,1001.3,27.0,8.973775077016038,5.827637674660788
2018-09-21 06:00:00,0.9,0.0,0.0,0.9,26.1,73.0,21.0,1001.3,19.8,9.39311036098875,6.099957192168302
2018-09-21 07:00:00,0.91,0.0,0.0,0.91,28.5,62.0,20.4,1002.6,26.6,10.855015630802253,6.782966582185025
2018-09-21 08:00:00,0.95,0.0,0.0,0.95,31.2,47.0,18.5,1003.3,27.4,10.060016436106816,4.691062705321761
2018-09-21 09:00:00,0.88,0.0,0.0,0.88,33.6,38.0,17.4,1003.9,27.7,9.38914950521489,3.9854575105905927
2018-09-21 10:00:00,0.85,0.0,0.0,0.85,35.7,33.0,17.0,1003.5,29.5,9.359244484304625,4.976398565530442
2018-09-21 11:00:00,0.67,0.0,0.0,0.67,37.5,30.0,16.8,1002.8,35.6,13.322724469438755,6.212488447588277
2018-09-21 12:00:00,0.43,0.0,0.01,0.43,38.2,28.0,16.4,1001.7,45.7,20.162398145457253,6.5511602807488885
2018-09-21 13:00:00,0.47,0.0,0.13,0.4,38.0,29.0,17.0,1001.0,55.4,25.583420288339628,8.31255714868609
2018-09-21 14:00:00,0.38,0.0,0.12,0.31,37.5,30.0,17.1,1000.1,55.8,24.11072367778258,8.301987938657495
2018-09-21 15:00:00,0.04,0.0,0.04,0.0,36.5,32.0,17.0,999.7,57.2,26.28292582406285,12.255929590480276
2018-09-21 16:00:00,0.3,0.0,0.0,0.3,34.8,36.0,17.4,1000.0,60.5,27.68285662601434,13.501831321103595
2018-09-21 17:00:00,0.35,0.0,0.0,0.06,33.0,40.0,17.6,1001.0,60.1,22.780047895760315,12.112366319875981
2018-09-21 18:00:00,0.22,0.0,0.0,0.22,31.4,45.0,17.9,1001.8,48.6,23.828625062366434,9.627389450788945
2018-09-21 19:00:00,0.6,0.0,0.0,0.6,29.9,53.0,19.2,1003.0,47.9,23.827068105102782,8.204317492320348
2018-09-21 20:00:00,0.76,0.0,0.0,0.76,29.0,59.0,20.0,1004.2,46.1,23.07065324462333,7.943862968754622
2018-09-21 21:00:00,0.76,0.0,0.0,0.76,28.3,62.0,20.2,1005.0,45.0,20.845079101842952,9.72022002003608
2018-09-21 22:00:00,0.26,0.0,0.0,0.26,27.8,61.0,19.6,1005.0,42.1,19.513042879725255,9.942391944296078
2018-09-21 23:00:00,0.7,0.0,0.0,0.7,27.3,63.0,19.6,1005.0,40.0,16.194675050768996,9.350000000000009
2018-09-22 00:00:00,0.26,0.0,0.0,0.26,26.9,66.0,20.0,1004.5,33.8,14.425133768661295,9.367791402258463
2018-09-22 01:00:00,0.58,0.0,0.0,0.58,26.7,67.0,20.1,1003.9,31.0,13.762023704413696,9.282602197614393
2018-09-22 02:00:00,0.47,0.0,0.0,0.47,26.6,69.0,20.5,1003.5,31.7,15.480768816367307,8.581130278360162
2018-09-22 03:00:00,0.92,0.0,0.0,0.92,26.5,71.0,20.9,1003.5,32.4,15.804761912174792,8.403540973867443
2018-09-22 04:00:00,0.59,0.0,0.0,0.59,26.5,71.0,20.9,1003.8,32.8,16.66113784748917,7.072233425655857
2018-09-22 05:00:00,0.44,0.0,0.0,0.63,26.1,73.0,21.0,1003.4,32.4,11.513535359039336,1.413684383499707
2018-09-22 06:00:00,0.38,0.0,0.0,0.38,26.7,70.0,20.8,1004.1,20.5,8.337387673787106,1.0237024846032363
2018-09-22 07:00:00,0.31,0.0,0.0,0.31,28.8,60.0,20.3,1005.2,20.5,8.60769888645749,1.8296228791962863
2018-09-22 08:00:00,0.39,0.0,0.0,0.39,31.2,49.0,19.2,1006.0,21.6,5.087576656325103,0.35575801609504043
2018-09-22 09:00:00,0.78,0.0,0.0,0.78,33.3,42.0,18.6,1006.1,18.7,1.7669289302057951,0.3434561916777803
2018-09-22 10:00:00,0.86,0.0,0.0,0.86,35.6,36.0,18.1,1006.1,17.6,1.4256104387013886,0.7263847995832752
2018-09-22 11:00:00,0.86,0.05,0.1,0.86,37.5,31.0,17.5,1005.3,20.9,-0.6945927106677211,3.939231012048832
2018-09-22 12:00:00,0.87,0.01,0.34,0.84,37.9,31.0,17.8,1004.5,31.7,-8.683229630737465,8.99174750423314
2018-09-22 13:00:00,0.93,0.04,0.51,0.87,34.8,44.0,20.8,1004.0,44.3,-17.30018116159109,10.810352990357377
2018-09-22 14:00:00,0.68,0.0,0.31,0.57,34.2,43.0,19.9,1003.5,44.6,-12.685169497162475,13.603178850116572
2018-09-22 15:00:00,0.74,0.0,0.23,0.71,33.7,44.0,19.7,1003.0,41.0,-12.821569169174975,13.749449590440404
2018-09-22 16:00:00,0.67,0.0,0.19,0.6,34.1,44.0,20.0,1003.0,40.0,-10.036959095382876,11.14717238216091
2018-09-22 17:00:00,0.82,0.0,0.13,0.97,32.0,51.0,20.5,1003.3,32.8,-7.996458519631681,11.855237287537095
2018-09-22 18:00:00,0.79,0.0,0.15,0.75,30.1,65.0,22.7,1004.1,28.1,-8.650090580795545,5.405176495178688
2018-09-22 19:00:00,0.33,0.0,0.27,0.1,29.8,70.0,23.9,1005.1,19.4,-7.190132650232932,-0.3768188849491966
2018-09-22 20:00:00,0.32,0.06,0.25,0.08,29.8,71.0,24.0,1006.0,12.6,1.0606601717798214,-1.060660171779821
2018-09-22 21:00:00,0.34,0.0,0.24,0.14,30.1,58.0,20.9,1006.7,19.1,11.19054989130337,2.1752225472926088
2018-09-22 22:00:00,0.37,0.0,0.28,0.16,29.5,60.0,21.0,1007.0,29.9,15.164854596867178,6.7518282750582825
2018-09-22 23:00:00,0.38,0.0,0.34,0.15,28.9,65.0,21.5,1007.1,30.6,13.332508652169798,7.08902059806695
2018-09-23 00:00:00,0.31,0.0,0.29,0.07,28.4,66.0,21.5,1006.4,28.1,11.93948742412413,6.083472696509929
2018-09-23 01:00:00,0.14,0.0,0.1,0.06,27.9,69.0,21.6,1005.8,24.5,9.355568503977862,4.7669002472652435
2018-09-23 02:00:00,0.16,0.0,0.1,0.09,27.4,71.0,21.8,1005.5,18.7,5.78819864428265,2.2218812871808646
2018-09-23 03:00:00,0.15,0.0,0.1,0.09,27.2,72.0,21.6,1005.6,10.4,5.0,9.184850993605148e-16
2018-09-23 04:00:00,0.14,0.0,0.07,0.09,27.1,71.0,21.4,1005.9,11.2,6.49109197590473,-0.3401837155791356
2018-09-23 05:00:00,0.27,0.02,0.07,0.26,27.3,70.0,21.4,1006.5,11.5,7.6,1.3960973510279824e-15
2018-09-23 06:00:00,0.5,0.0,0.06,0.48,28.0,68.0,21.4,1007.1,14.8,6.790680836331102,0.3558845024520213
2018-09-23 07:00:00,0.78,0.0,0.0,0.78,29.6,63.0,21.8,1008.0,15.8,5.086367523815789,-1.0811407922523493
2018-09-23 08:00:00,0.88,0.01,0.0,0.88,31.5,55.0,21.3,1008.3,18.4,2.88014773623312,-3.9641832724372423
2018-09-23 09:00:00,0.79,0.06,0.02,0.78,33.6,47.0,20.6,1008.5,21.2,1.8469087739586105,-5.074340152243906
2018-09-23 10:00:00,0.85,0.08,0.08,0.84,35.5,39.0,19.4,1008.0,22.0,1.1110124779464012,-3.633958072659534
2018-09-23 11:00:00,0.54,0.0,0.12,0.49,37.5,33.0,18.8,1007.0,21.2,1.0815799573111144,-1.8000513314744355
2018-09-23 12:00:00,0.63,0.0,0.4,0.49,38.3,32.0,18.6,1005.9,19.4,-2.1631599146222285,3.6001026629488715
2018-09-23 13:00:00,0.41,0.0,0.29,0.31,33.7,49.0,21.5,1005.3,33.1,-4.971631089293716,6.139453095510071
2018-09-23 14:00:00,0.79,0.07,0.14,0.76,34.8,45.0,21.2,1004.3,25.9,-8.274112912870581,6.464445490919412
2018-09-23 15:00:00,0.13,0.0,0.12,0.03,33.8,49.0,21.6,1003.8,30.6,-5.827637674660791,8.973775077016036
2018-09-23 16:00:00,0.24,0.07,0.2,0.05,33.2,51.0,21.7,1004.2,28.1,-1.4493866525741177,5.409184627218782
2018-09-23 17:00:00,0.49,0.0,0.03,0.08,32.8,54.0,22.4,1004.0,22.7,-10.03763741696287,8.725585085573746
2018-09-23 18:00:00,0.14,0.03,0.1,0.08,30.8,65.0,23.5,1004.7,27.4,-8.973775077016036,5.8276376746607905
2018-09-23 19:00:00,0.47,0.14,0.11,0.41,30.0,71.0,24.1,1005.7,19.8,-7.612985411107861,3.5499933986218744
2018-09-23 20:00:00,0.93,0.3,0.35,0.91,28.6,80.0,24.8,1007.2,15.5,-1.8364363038995868,-4.32637281122647
2018-09-23 21:00:00,0.98,0.0,0.12,0.98,27.9,88.0,25.7,1008.1,10.4,-2.8512208774027776,-1.4527695991665501
2018-09-23 22:00:00,0.97,0.04,0.09,0.97,27.4,91.0,25.9,1008.5,9.4,1.4493866525741157,-5.4091846272187825
2018-09-23 23:00:00,0.99,0.01,0.12,0.99,26.9,91.0,25.4,1008.4,14.4,1.7546182238821495,-7.600086505324834
2018-09-24 00:00:00,1.0,0.13,0.11,1.0,25.9,90.0,24.1,1007.8,24.5,7.206901993571588,-11.53345410772739
2018-09-24 01:00:00,0.99,0.07,0.04,0.99,25.5,89.0,23.5,1007.1,24.5,6.399486987251646,-11.544980134240024
2018-09-24 02:00:00,0.99,0.09,0.15,0.98,25.5,86.0,22.9,1006.3,24.1,3.5836794954530076,-9.335804264972015
2018-09-24 03:00:00,0.97,0.09,0.03,0.96,25.5,84.0,22.5,1006.2,17.6,3.6149310334513594,-6.798696465013738
2018-09-24 04:00:00,0.96,0.11,0.04,0.95,25.4,84.0,22.5,1006.5,14.0,3.914289369316414,-6.514471485336052
2018-09-24 05:00:00,0.96,0.0,0.03,0.86,25.6,86.0,23.0,1006.2,13.0,2.902780391316936,-7.562001454627332
2018-09-24 06:00:00,0.92,0.01,0.03,0.91,26.4,80.0,22.6,1007.1,15.5,1.0324674692655254,-6.5187430479279085
2018-09-24 07:00:00,0.94,0.03,0.06,0.94,28.1,69.0,21.8,1007.9,17.3,2.9055391983331007,-5.702441754805554
2018-09-24 08:00:00,0.96,0.03,0.05,0.96,30.1,59.0,21.3,1008.4,17.3,1.453901549023941,-2.1554976886431088
2018-09-24 09:00:00,0.93,0.21,0.22,0.91,32.3,51.0,21.0,1009.0,18.4,0.35355339059327384,-0.3535533905932737
2018-09-24 10:00:00,0.97,0.73,0.32,0.95,33.4,49.0,21.1,1008.9,18.0,-1.453901549023942,2.1554976886431083
2018-09-24 11:00:00,0.98,0.35,0.35,0.97,34.7,46.0,21.5,1007.7,23.4,-5.420413862312148,3.9381611903595695
2018-09-24 12:00:00,0.97,0.64,0.83,0.95,35.2,45.0,21.4,1006.6,27.7,-5.750880114781586,4.656970893768796
2018-09-24 13:00:00,0.95,0.05,0.11,0.95,31.0,62.0,22.9,1006.1,26.3,-3.9210044190878905,4.672871103025765
2018-09-24 14:00:00,0.95,0.03,0.06,0.95,33.0,53.0,22.3,1004.9,26.6,-5.412017391981863,5.046787864462488
2018-09-24 15:00:00,0.96,0.13,0.05,0.96,30.9,63.0,22.9,1004.9,27.4,-0.3629547657060119,10.393664600998596
2018-09-24 16:00:00,0.96,0.08,0.13,0.96,31.4,60.0,22.8,1004.7,27.7,-5.727553065987866,10.771960632878908
2018-09-24 17:00:00,0.96,0.2,0.13,0.86,28.9,68.0,22.2,1005.8,27.7,-1.1511679911985121e-15,9.4
2018-09-24 18:00:00,0.94,0.0,0.06,0.94,28.5,68.0,22.0,1006.2,18.4,-0.37668495821827785,5.386845871403051
2018-09-24 19:00:00,0.96,0.01,0.09,0.96,28.1,70.0,22.1,1006.8,10.4,1.766928930205795,-0.3434561916777812
2018-09-24 20:00:00,0.99,0.0,0.03,0.99,27.8,74.0,22.6,1007.5,5.8,1.0606601717798214,-1.060660171779821
2018-09-24 21:00:00,0.98,0.05,0.02,0.98,27.5,77.0,23.0,1008.2,4.0,0.7117525274902334,-1.7616493236768958
2018-09-24 22:00:00,0.99,0.07,0.0,0.99,27.1,84.0,24.2,1008.5,4.0,-0.35355339059327373,-0.3535533905932738
2018-09-24 23:00:00,0.98,0.07,0.06,0.98,26.9,88.0,24.7,1008.5,2.2,1.0777488443215542,-0.7269507745119711
2018-09-25 00:00:00,0.99,0.11,0.12,0.98,26.5,86.0,24.0,1007.6,2.5,1.8,3.3065463576978537e-16
2018-09-25 01:00:00,0.99,0.19,0.16,0.99,26.4,83.0,23.2,1006.7,7.2,4.374859974957706,-1.421478174124757
2018-09-25 02:00:00,0.95,0.16,0.1,0.94,26.4,83.0,23.4,1006.0,8.6,2.5242120488351985,-3.2308440897875603
2018-09-25 03:00:00,0.2,0.11,0.06,0.14,25.9,88.0,23.8,1005.8,7.2,1.4375439180851277,-1.0832670416736863
2018-09-25 04:00:00,0.6,0.08,0.09,0.57,25.7,89.0,23.8,1005.7,3.2,1.766928930205795,-0.3434561916777812
2018-09-25 05:00:00,0.91,0.08,0.31,0.45,24.9,94.0,23.9,1006.2,4.3,-1.1109406435904308,-2.8940993221413254
2018-09-25 06:00:00,0.66,0.0,0.21,0.62,25.4,91.0,23.8,1006.5,7.6,1.4500000000000013,-2.5114736709748713
2018-09-25 07:00:00,0.86,0.0,0.13,0.84,26.8,84.0,24.0,1007.2,10.4,1.761649323676896,-0.7117525274902327
2018-09-25 08:00:00,0.98,0.07,0.1,0.98,28.9,73.0,23.6,1008.0,14.4,3.2,5.878304635907295e-16
2018-09-25 09:00:00,0.96,0.1,0.04,0.95,30.6,65.0,23.4,1008.0,15.1,1.4375439180851277,-1.0832670416736863
2018-09-25 10:00:00,0.9,0.05,0.04,0.9,32.5,57.0,22.8,1007.7,17.6,0.7423384793347556,-3.215421213791276
2018-09-25 11:00:00,0.92,0.16,0.18,0.91,34.2,51.0,22.8,1006.7,19.4,2.192031021678298,-2.192031021678297
2018-09-25 12:00:00,0.93,0.26,0.22,0.92,34.8,50.0,22.9,1005.4,19.8,-1.8221342821066668,-2.5079526825623373
2018-09-25 13:00:00,0.91,0.29,0.18,0.89,34.8,51.0,23.1,1004.0,19.8,-4.688551036221174,-0.3278554265973886
2018-09-25 14:00:00,0.98,0.11,0.21,0.98,31.7,63.0,23.8,1003.5,28.1,-7.481133923521972,7.224447052773573
2018-09-25 15:00:00,0.9,0.19,0.1,0.88,31.9,60.0,23.1,1002.6,26.6,-8.272407703894487,7.988571260278469
2018-09-25 16:00:00,0.92,0.0,0.04,0.92,31.3,62.0,23.0,1002.5,29.5,-6.941942361454985,11.10943005964918
2018-09-25 17:00:00,0.96,0.11,0.16,0.65,30.5,64.0,22.9,1003.2,28.4,-6.822153422343112,10.114258385171507
2018-09-25 18:00:00,0.77,0.2,0.4,0.69,28.6,71.0,22.8,1004.1,23.4,-4.276831316104166,2.1791543987498243
2018-09-25 19:00:00,0.87,0.0,0.18,0.85,27.8,76.0,23.2,1005.1,9.4,-1.4554435894139948,-0.3628828433995015
2018-09-25 20:00:00,0.93,0.08,0.29,0.91,26.9,87.0,24.6,1006.2,10.8,9.797174393178826e-16,-4.0
2018-09-25 21:00:00,0.97,0.24,0.33,0.96,26.6,89.0,24.5,1007.1,11.5,-3.634753872559855,-5.388744221607771
2018-09-25 22:00:00,0.95,0.05,0.22,0.95,26.2,90.0,24.5,1006.8,12.2,-2.5085756468171017,-6.535062985480412
2018-09-25 23:00:00,0.96,0.04,0.18,0.95,26.2,90.0,24.5,1006.4,12.6,-0.31924933308195735,-6.0916401620029
2018-09-26 00:00:00,0.97,0.19,0.33,0.96,25.6,93.0,24.4,1006.1,16.9,0.32805526900350773,-9.394273773979501
2018-09-26 01:00:00,0.97,0.04,0.2,0.96,25.3,93.0,24.1,1005.2,16.9,1.113384807680527,-7.922144549932562
2018-09-26 02:00:00,0.98,0.02,0.28,0.98,24.9,94.0,23.8,1004.6,14.4,2.1775351109542918,-7.59396739791272
2018-09-26 03:00:00,0.98,0.04,0.32,0.98,24.8,94.0,23.8,1004.4,13.7,2.1927877854205287,-7.172285669722765
2018-09-26 04:00:00,0.95,0.13,0.26,0.94,24.7,93.0,23.5,1004.4,13.0,2.8738041798367546,-6.16289295184922
2018-09-26 05:00:00,0.95,0.05,0.27,0.98,24.9,91.0,23.4,1004.6,13.0,2.1927877854205287,-7.172285669722765
2018-09-26 06:00:00,0.94,0.05,0.17,0.93,25.5,87.0,23.2,1004.7,15.5,1.4846769586695112,-6.430842427582552
2018-09-26 07:00:00,0.9,0.0,0.18,0.89,26.9,79.0,23.0,1005.6,15.5,-0.31924933308195735,-6.0916401620029
2018-09-26 08:00:00,0.92,0.01,0.15,0.91,29.0,68.0,22.6,1006.3,20.2,-1.3891854213354426,-7.878462024097664
2018-09-26 09:00:00,0.94,0.01,0.1,0.94,31.3,59.0,22.2,1006.6,23.4,-0.7582549619046259,-8.666893873398186
2018-09-26 10:00:00,0.93,0.02,0.08,0.93,33.0,53.0,22.0,1006.2,24.5,0.28966582263075685,-8.294943864258496
2018-09-26 11:00:00,0.89,0.01,0.24,0.86,34.3,48.0,21.7,1005.2,24.5,0.6794350112397471,-6.4643923198937765
2018-09-26 12:00:00,0.8,0.11,0.31,0.76,35.0,46.0,21.7,1004.3,22.3,-1.079765060850552,-4.676976310969129
2018-09-26 13:00:00,0.71,0.04,0.24,0.67,34.2,49.0,21.8,1003.2,19.4,-3.197409101749103,-1.4235782507653008
2018-09-26 14:00:00,0.81,0.01,0.34,0.75,34.6,48.0,22.1,1001.9,23.0,-8.272385125302547,1.4586446924022145
2018-09-26 15:00:00,0.53,0.07,0.26,0.44,31.6,63.0,23.8,1002.0,24.5,-5.750880114781586,4.656970893768796
2018-09-26 16:00:00,0.79,0.0,0.14,0.77,30.0,69.0,23.8,1002.2,33.1,-6.25169805582838,14.728077655239046
2018-09-26 17:00:00,0.68,0.07,0.14,0.8,30.6,64.0,23.0,1002.0,32.8,-4.5905109778459074,13.331811915950368
2018-09-26 18:00:00,0.78,0.15,0.17,0.75,29.6,67.0,22.8,1003.0,26.6,-4.040515447681967,7.929958065276474
2018-09-26 19:00:00,0.87,0.01,0.13,0.85,28.9,68.0,22.5,1003.9,16.6,-3.9905082836800707,7.505054539300879
2018-09-26 20:00:00,0.91,0.12,0.1,0.9,28.4,72.0,22.9,1004.9,15.8,-3.2526911934581184,3.252691193458118
2018-09-26 21:00:00,0.86,0.14,0.16,0.83,28.1,74.0,23.1,1005.7,7.9,-3.580278823325784,0.3763024677635528
2018-09-26 22:00:00,0.91,0.05,0.23,0.88,28.0,76.0,23.2,1006.1,8.3,-3.580278823325784,0.3763024677635528
2018-09-26 23:00:00,0.94,0.18,0.2,0.93,27.4,79.0,23.5,1006.1,6.5,-3.2819222547153015,-0.3449439287832564
2018-09-27 00:00:00,0.95,0.25,0.13,0.93,27.3,81.0,23.8,1005.6,7.9,-3.935788682127281,-2.181643291108517
2018-09-27 01:00:00,0.96,0.14,0.15,0.95,26.7,85.0,24.0,1004.8,11.5,-3.634753872559855,-5.388744221607771
2018-09-27 02:00:00,0.96,0.24,0.25,0.95,25.8,89.0,23.9,1004.6,14.8,-2.5436338310878095,-8.319851376878407
2018-09-27 03:00:00,0.93,0.1,0.16,0.92,25.3,92.0,23.9,1003.8,14.8,1.8467702839738929,-6.440453362786736
2018-09-27 04:00:00,0.94,0.02,0.11,0.94,25.1,92.0,23.7,1003.8,12.2,3.6347538725598527,-5.388744221607772
2018-09-27 05:00:00,0.86,0.14,0.05,0.99,25.8,84.0,22.8,1004.2,15.1,0.3278554265973905,-4.688551036221174
2018-09-27 06:00:00,1.0,0.06,0.04,1.0,26.2,80.0,22.5,1004.8,10.4,-0.37668495821827663,-5.386845871403051
2018-09-27 07:00:00,0.97,0.02,0.03,0.97,27.9,71.0,22.0,1005.5,18.0,-2.921931428644114,-7.232034065620942
2018-09-27 08:00:00,0.98,0.02,0.02,0.98,29.9,62.0,21.9,1006.0,23.0,-3.296985135816762,-8.588939923774255
2018-09-27 09:00:00,0.98,0.18,0.13,0.98,31.6,57.0,22.0,1006.1,24.8,-3.296985135816762,-8.588939923774255
2018-09-27 10:00:00,0.2,0.11,0.15,0.05,33.0,52.0,21.7,1005.5,24.8,-3.1997434936258244,-5.772490067120011
2018-09-27 11:00:00,0.97,0.14,0.18,0.97,34.3,47.0,21.4,1004.6,22.7,-3.963444403430551,-3.2095339943541705
2018-09-27 12:00:00,0.98,0.14,0.18,0.97,34.8,46.0,21.4,1003.5,22.0,-6.858073366652385,1.837615220227898
2018-09-27 13:00:00,0.79,0.09,0.34,0.7,33.7,53.0,22.6,1002.6,30.6,-10.114258385171508,6.822153422343109
2018-09-27 14:00:00,0.2,0.09,0.19,0.08,32.8,54.0,22.3,1002.0,31.0,-7.159697488039785,7.951649632608116
2018-09-27 15:00:00,0.33,0.08,0.13,0.27,31.6,61.0,23.2,1001.9,33.5,-10.767204742114457,11.149766905249095
2018-09-27 16:00:00,0.54,0.0,0.13,0.52,31.8,58.0,22.5,1001.9,34.2,-9.78901745767797,12.529370982346878
2018-09-27 17:00:00,0.93,0.01,0.14,0.75,30.5,65.0,23.1,1002.7,34.6,-10.775599969422217,9.702393792203445
2018-09-27 18:00:00,0.88,0.13,0.12,0.88,28.6,74.0,23.6,1003.6,27.4,-10.513876985422742,5.357087896926652
2018-09-27 19:00:00,0.91,0.05,0.09,0.91,28.0,82.0,24.6,1004.2,21.6,-8.683011669463312,6.079910225321089
2018-09-27 20:00:00,0.94,0.19,0.11,0.93,27.5,83.0,24.3,1005.6,18.7,-1.761649323676896,-0.7117525274902327
2018-09-27 21:00:00,0.95,0.15,0.12,0.94,26.0,93.0,24.9,1006.5,9.4,1.0494494745709957,-5.3989495089621515
2018-09-27 22:00:00,0.96,0.0,0.15,0.95,25.2,96.0,24.5,1006.9,13.0,3.550000000000003,-6.148780366869512
2018-09-27 23:00:00,0.95,0.0,0.12,0.95,25.1,93.0,23.9,1006.1,13.0,2.508575646817105,-6.535062985480411
2018-09-28 00:00:00,0.97,0.04,0.11,0.97,25.2,92.0,23.8,1005.3,13.7,3.6319239979163758,-7.128052193506942
2018-09-28 01:00:00,0.97,0.08,0.09,0.97,25.1,93.0,23.9,1004.4,15.8,1.8126854560771744,-9.325458242752807
2018-09-28 02:00:00,0.97,0.07,0.07,0.97,24.9,92.0,23.4,1004.0,17.3,2.092044805397948,-9.061641602502688
2018-09-28 03:00:00,0.97,0.08,0.05,0.96,24.7,91.0,23.1,1004.1,15.8,-0.30013567164150834,-8.594761112364223
2018-09-28 04:00:00,0.97,0.01,0.04,0.97,24.8,90.0,23.0,1004.1,14.4,-0.3558845024520181,-6.790680836331102
2018-09-28 05:00:00,0.94,0.0,0.01,0.96,24.9,90.0,23.0,1004.4,12.2,-1.4364846019678086,-3.9467090073008158
2018-09-28 06:00:00,0.94,0.0,0.01,0.94,25.5,86.0,23.0,1004.9,10.4,-3.2693856872009626,-4.669166652447253
2018-09-28 07:00:00,0.92,0.02,0.01,0.92,27.3,77.0,23.0,1005.8,17.3,-3.603450996785793,-5.766727053863696
2018-09-28 08:00:00,0.9,0.16,0.02,0.88,29.5,66.0,22.6,1006.5,18.4,-3.2498011250210608,-4.312631754255381
2018-09-28 09:00:00,0.87,0.27,0.08,0.82,31.1,59.0,22.1,1006.6,18.0,-0.6883116461770159,-4.3458286986186065
2018-09-28 10:00:00,0.88,0.28,0.16,0.86,32.5,54.0,22.0,1005.8,19.1,-0.7097828148963337,-5.050367150582009
2018-09-28 11:00:00,0.75,0.24,0.31,0.7,33.4,51.0,22.0,1005.4,19.8,-2.1631599146222276,-3.600102662948872
2018-09-28 12:00:00,0.64,0.12,0.23,0.58,33.0,53.0,22.0,1004.2,22.7,-6.88793918147854,3.211898789229315
2018-09-28 13:00:00,0.85,0.04,0.18,0.83,31.6,61.0,23.1,1003.1,33.1,-12.597678239809436,5.874393838195721
2018-09-28 14:00:00,0.81,0.21,0.23,0.77,31.6,60.0,23.0,1002.4,33.8,-13.314355109655889,8.319732448461314
2018-09-28 15:00:00,0.94,0.01,0.29,0.93,30.4,65.0,23.1,1002.4,34.9,-3.9719314843773104,11.535326622311665
2018-09-28 16:00:00,0.95,0.37,0.18,0.94,29.8,68.0,23.1,1002.8,30.6,-1.3588700224794985,12.928784639787553
2018-09-28 17:00:00,0.98,0.18,0.22,0.97,30.0,68.0,23.3,1003.0,28.1,2.144924440733138,1.7998053071223103
2018-09-28 18:00:00,1.0,0.51,0.07,0.99,26.4,90.0,24.5,1003.9,22.7,4.60082131530173,-8.652886410017485
2018-09-28 19:00:00,1.0,0.12,0.17,1.0,26.2,90.0,24.4,1004.5,17.6,3.5748714227020653,-2.894873798829252
2018-09-28 20:00:00,1.0,0.23,0.16,1.0,26.2,91.0,24.6,1005.6,15.1,5.789747597658508,-7.149742845404129
2018-09-28 21:00:00,1.0,0.14,0.09,1.0,26.0,92.0,24.5,1006.1,17.6,5.368251873319167,-7.958760696528401
2018-09-28 22:00:00,1.0,0.06,0.09,1.0,25.6,93.0,24.4,1006.2,16.6,4.333068166694748,-5.750175672340508
2018-09-28 23:00:00,1.0,0.1,0.09,1.0,25.5,93.0,24.4,1006.2,11.9,1.7918397477265038,-4.667902132486008
2018-09-29 00:00:00,1.0,0.1,0.2,1.0,25.2,94.0,24.2,1006.0,11.2,2.8991378028648453,-2.899137802864844
2018-09-29 01:00:00,1.0,0.94,0.36,1.0,24.8,94.0,23.8,1005.3,11.9,4.015035054457325,-5.734064310022941
2018-09-29 02:00:00,1.0,0.12,0.3,0.99,24.7,94.0,23.6,1004.5,19.1,2.952954217699645,-9.658678035226657
2018-09-29 03:00:00,0.99,0.22,0.3,0.99,24.5,94.0,23.5,1004.7,19.1,1.7712114122026898,-10.045039080724521
2018-09-29 04:00:00,1.0,0.07,0.32,1.0,24.5,94.0,23.5,1004.9,19.1,1.840670683269462,-10.438962181929405
2018-09-29 05:00:00,1.0,0.07,0.32,1.0,25.0,88.0,23.0,1004.9,19.1,3.2687315981247385,-6.415246974156248
2018-09-29 06:00:00,1.0,0.06,0.16,1.0,25.5,86.0,23.0,1005.7,14.0,1.2246467991473533e-15,-5.0
2018-09-29 07:00:00,0.99,0.58,0.11,0.99,26.8,78.0,22.6,1006.6,19.4,-5.46640284632,-7.523858047687012
2018-09-29 08:00:00,1.0,0.66,0.16,1.0,28.5,72.0,22.9,1007.1,22.7,-5.047472639889206,-7.208537989743128
2018-09-29 09:00:00,0.99,0.48,0.12,0.99,29.4,67.0,22.7,1007.1,22.3,-4.702282018339785,-6.47213595499958
2018-09-29 10:00:00,1.0,0.4,0.12,1.0,29.9,65.0,22.5,1006.7,20.9,-5.358438019581681,-4.658019105832602
2018-09-29 11:00:00,1.0,0.37,0.15,1.0,30.4,64.0,22.7,1006.4,19.8,-5.737828535778212,-1.7542302283364206
2018-09-29 12:00:00,0.99,0.22,0.14,0.99,29.5,69.0,23.1,1005.4,19.1,-7.190132650232932,-0.3768188849491966
2018-09-29 13:00:00,0.99,0.14,0.13,0.99,29.9,68.0,23.2,1004.3,21.2,-4.312631754255381,3.2498011250210617
2018-09-29 14:00:00,0.96,0.26,0.29,0.95,30.5,66.0,23.5,1003.4,20.9,-3.644268564213334,5.015905365124674
2018-09-29 15:00:00,0.98,0.2,0.19,0.98,29.6,71.0,23.8,1003.5,21.6,-5.788198644282651,2.2218812871808615
2018-09-29 16:00:00,0.95,0.22,0.13,0.94,29.5,71.0,23.8,1003.6,17.6,-7.571079705497266,0.6623836448822026
2018-09-29 17:00:00,0.98,0.16,0.18,0.69,29.5,69.0,23.2,1003.7,19.1,-0.3479327524001633,2.475670171853926
2018-09-29 18:00:00,0.91,0.03,0.09,0.9,28.0,78.0,23.8,1004.7,11.2,-2.887830165838183,6.486172749262465
2018-09-29 19:00:00,0.96,0.09,0.15,0.96,27.0,84.0,24.2,1005.5,16.9,-0.30013567164150984,8.594761112364223
2018-09-29 20:00:00,0.99,0.06,0.06,0.99,26.6,85.0,23.8,1006.2,16.2,1.7640790772287938,6.1520748540052415
2018-09-29 21:00:00,0.98,0.11,0.03,0.98,26.3,85.0,23.6,1006.5,11.9,0.37476969381492914,4.283637201794505
2018-09-29 22:00:00,0.99,0.17,0.13,0.99,26.1,86.0,23.6,1006.3,7.6,1.7489675652259409,3.9282454678631837
2018-09-29 23:00:00,0.98,0.12,0.29,0.98,26.0,89.0,24.0,1006.4,8.3,-1.0777488443215544,0.7269507745119708
2018-09-30 00:00:00,0.97,0.26,0.28,0.96,25.2,91.0,23.7,1005.7,7.6,-1.7677669529663687,-1.7677669529663689
2018-09-30 01:00:00,0.98,0.28,0.27,0.97,24.6,96.0,24.0,1005.0,15.1,-5.043268823083022,-3.9402334420842133
2018-09-30 02:00:00,0.95,0.42,0.29,0.92,24.4,96.0,23.7,1004.8,15.1,-5.421022142882375,-1.7613968679372005
2018-09-30 03:00:00,0.95,0.31,0.3,0.93,24.2,96.0,23.6,1004.9,14.0,-4.667902132486009,-1.791839747726502
2018-09-30 04:00:00,0.81,0.11,0.25,0.75,24.4,96.0,23.6,1005.1,11.5,-2.1449244407331385,-1.7998053071223101
2018-09-30 05:00:00,0.88,0.03,0.02,0.95,24.6,99.0,24.5,1005.0,9.4,0.7107390870623796,-2.1874299874788528
2018-09-30 06:00:00,0.92,0.05,0.03,0.92,25.2,97.0,24.6,1005.5,8.3,1.0531962472667237e-15,-4.3
2018-09-30 07:00:00,0.26,0.1,0.03,0.18,26.5,88.0,24.4,1006.4,13.3,1.0611580849203348,-3.96029588778518
2018-09-30 08:00:00,0.45,0.26,0.02,0.3,28.7,72.0,23.2,1006.9,16.6,-2.197614961051637,-4.7128004925905795
2018-09-30 09:00:00,0.77,0.34,0.12,0.68,30.3,64.0,22.9,1006.9,20.5,-4.329989591337347,-4.981083229470295
2018-09-30 10:00:00,0.77,0.23,0.22,0.69,31.7,60.0,23.1,1006.8,26.6,-4.679622242152313,-2.4881992827652213
2018-09-30 11:00:00,0.99,0.82,0.98,0.66,32.5,56.0,22.6,1005.7,24.8,-4.3748599749577055,-1.4214781741247582
2018-09-30 12:00:00,0.88,0.81,0.61,0.75,29.5,72.0,24.0,1005.1,24.5,-7.580077219869421,6.825132184860354
2018-09-30 13:00:00,0.77,0.02,0.43,0.68,29.9,70.0,23.8,1003.9,28.8,-0.34018371557913474,6.49109197590473
2018-09-30 14:00:00,0.72,0.27,0.4,0.61,31.7,64.0,24.1,1003.2,25.2,-2.5624408513775427,5.755336383148385
2018-09-30 15:00:00,0.71,0.52,0.18,0.63,29.7,72.0,24.0,1002.9,27.0,-10.8,-6.613092715395707e-16
2018-09-30 16:00:00,0.68,0.04,0.07,0.67,30.1,68.0,23.6,1003.1,25.2,-1.7489675652259418,3.9282454678631833
2018-09-30 17:00:00,0.81,0.0,0.15,0.91,30.3,67.0,23.5,1002.7,20.2,-6.149493427364154,4.633975678270772
2018-09-30 18:00:00,0.96,0.04,0.15,0.96,29.1,73.0,23.7,1003.3,15.5,-4.702282018339786,6.472135954999579
2018-09-30 19:00:00,0.88,0.04,0.08,0.87,28.1,78.0,23.8,1004.2,14.4,-2.47431797387439,7.185941174554808
2018-09-30 20:00:00,0.91,0.14,0.04,0.9,27.5,79.0,23.6,1005.0,18.7,-2.2218812871808615,5.788198644282651
2018-09-30 21:00:00,0.98,0.28,0.18,0.98,27.0,81.0,23.5,1006.2,17.6,3.2360929164157652,1.7937955949114464
2018-09-30 22:00:00,0.96,0.15,0.24,0.95,26.2,88.0,24.0,1006.3,17.6,2.8637765329939335,-5.385980316439454
2018-09-30 23:00:00,0.92,0.21,0.26,0.91,25.4,94.0,24.4,1006.0,26.6,0.6623836448822031,-7.571079705497266
2018-10-01 00:00:00,0.84,0.17,0.11,0.82,25.4,94.0,24.3,1005.5,13.3,1.7634913907721887e-15,-7.2
2018-10-01 01:00:00,0.94,0.73,0.27,0.89,25.0,96.0,24.4,1005.1,11.5,0.7423384793347556,-3.215421213791276
2018-10-01 02:00:00,0.95,0.81,0.23,0.91,25.1,93.0,23.9,1004.6,18.4,3.2332465329646625,-2.1808523235359134
2018-10-01 03:00:00,0.96,0.88,0.28,0.92,25.0,94.0,23.9,1004.4,13.7,5.051654523226907,-5.811263767715344
2018-10-01 04:00:00,0.99,0.98,0.29,0.81,24.7,95.0,23.9,1004.3,15.8,3.189474750953177,-8.308865795825094
2018-10-01 05:00:00,0.87,0.16,0.37,0.88,24.9,94.0,23.9,1004.7,16.9,-2.472403516545019,-6.1194134401407965
2018-10-01 06:00:00,0.98,0.36,0.27,0.97,25.2,93.0,24.0,1005.5,19.8,-0.7515347451843534,-5.34744757120448
2018-10-01 07:00:00,1.0,1.0,0.32,0.99,25.8,89.0,23.8,1006.5,19.1,0.6945927106677215,-3.939231012048832
2018-10-01 08:00:00,1.0,1.0,0.55,0.92,25.8,90.0,24.0,1007.3,14.0,-0.7068421917498553,-5.756767679519667
2018-10-01 09:00:00,1.0,1.0,0.28,0.57,26.9,84.0,24.0,1007.3,24.5,-6.466493065929326,-4.361704647071825
2018-10-01 10:00:00,0.8,0.71,0.11,0.43,28.7,78.0,24.5,1007.0,31.7,-6.858073366652385,-1.8376152202278973
2018-10-01 11:00:00,0.74,0.39,0.68,0.21,30.8,68.0,24.2,1006.6,31.0,-5.020458146424487,5.020458146424486
2018-10-01 12:00:00,0.54,0.46,0.05,0.34,28.1,77.0,23.8,1005.8,33.1,-11.807366046381844,6.544929873325549
2018-10-01 13:00:00,0.34,0.22,0.08,0.25,31.1,63.0,23.1,1003.9,29.9,-9.325458242752807,-1.8126854560771768
2018-10-01 14:00:00,0.56,0.33,0.17,0.43,31.7,61.0,23.2,1003.2,28.4,-7.547628055792193,4.716281451675523
2018-10-01 15:00:00,0.99,0.11,0.21,0.99,29.1,74.0,23.9,1003.3,27.7,-6.410784584587487,6.874724795220202
2018-10-01 16:00:00,1.0,0.0,0.04,1.0,30.5,65.0,23.1,1003.4,23.0,-4.366330768241984,1.088648530198505
2018-10-01 17:00:00,1.0,0.08,0.07,0.99,29.7,68.0,23.2,1003.4,18.7,-0.7097828148963331,5.050367150582009
2018-10-01 18:00:00,0.99,0.07,0.07,0.99,28.5,74.0,23.4,1004.4,16.9,-2.249510543438652,9.743700647852352
2018-10-01 19:00:00,0.99,0.11,0.11,0.99,27.8,78.0,23.6,1005.4,17.3,-2.153104870837043,8.635631963856369
2018-10-01 20:00:00,0.99,0.09,0.16,0.99,27.4,81.0,23.8,1006.2,19.4,-3.5386087947594635,7.947845481490626
2018-10-01 21:00:00,0.98,0.11,0.2,0.98,26.9,85.0,24.1,1006.6,14.8,-2.1791543987498248,4.276831316104166
2018-10-01 22:00:00,0.99,0.17,0.05,0.99,26.5,87.0,24.1,1006.7,7.9,2.1449244407331385,-1.7998053071223097
2018-10-01 23:00:00,0.98,0.17,0.08,0.98,26.2,89.0,24.2,1006.4,8.3,4.310995377286217,-2.9078030980478844
2018-10-02 00:00:00,0.98,0.17,0.15,0.98,25.8,91.0,24.1,1005.6,9.4,3.2498011250210608,-4.312631754255381
2018-10-02 01:00:00,0.99,0.28,0.18,0.99,25.5,91.0,24.0,1005.5,18.0,-3.2154212137912763,-0.7423384793347542
2018-10-02 02:00:00,0.99,0.88,0.19,0.99,24.8,96.0,24.1,1005.2,17.3,-5.0,-3.061616997868383e-16
2018-10-02 03:00:00,0.97,0.04,0.13,0.97,24.9,95.0,24.0,1004.5,8.3,-0.37630246776355253,-3.580278823325784
2018-10-02 04:00:00,0.94,0.59,0.26,0.91,24.8,93.0,23.5,1004.8,15.1,-3.9858260519352022,-2.490620541896063
2018-10-02 05:00:00,1.0,0.6,0.57,0.98,25.1,95.0,24.2,1004.8,10.1,2.192031021678298,-2.192031021678297
2018-10-02 06:00:00,1.0,0.32,1.0,0.87,25.5,92.0,24.0,1005.4,16.9,2.9000000000000026,-5.022947341949743
2018-10-02 07:00:00,1.0,1.0,1.0,1.0,25.5,90.0,23.8,1006.2,15.5,-1.458644692402215,-8.272385125302547
2018-10-02 08:00:00,1.0,1.0,1.0,1.0,24.9,94.0,24.0,1007.3,17.3,-2.8637765329939335,-5.385980316439454
2018-10-02 09:00:00,1.0,1.0,1.0,1.0,24.6,94.0,23.6,1008.3,12.6,0.37668495821827847,-5.386845871403051
2018-10-02 10:00:00,1.0,0.73,1.0,1.0,24.4,96.0,23.8,1007.9,21.6,-0.6794350112397476,-6.4643923198937765
2018-10-02 11:00:00,1.0,0.43,0.81,1.0,24.4,96.0,23.6,1007.3,24.5,-6.145870741395559,-2.116193003971519
2018-10-02 12:00:00,0.97,0.71,0.37,0.96,26.0,90.0,24.2,1006.6,25.9,-3.963444403430552,3.20953399435417
2018-10-02 13:00:00,0.99,0.12,0.04,0.99,26.2,89.0,24.2,1005.6,24.1,-1.0815799573111142,1.8000513314744357
2018-10-02 14:00:00,0.98,0.2,0.06,0.97,27.6,81.0,24.0,1004.6,20.2,-0.35355339059327373,-0.3535533905932738
2018-10-02 15:00:00,0.98,0.26,0.07,0.98,29.0,77.0,24.5,1004.3,22.7,-0.726950774511971,-1.0777488443215544
2018-10-02 16:00:00,0.98,0.16,0.12,0.98,29.2,75.0,24.4,1004.4,24.1,0.3486229709906333,-3.984778792366982
2018-10-02 17:00:00,0.96,0.6,0.23,1.0,25.8,93.0,24.5,1005.2,23.8,-7.5442419102508795,5.088655421583795
2018-10-02 18:00:00,1.0,0.05,0.24,1.0,25.8,94.0,24.6,1005.6,15.5,3.564026096753471,1.8159619989581879
2018-10-02 19:00:00,1.0,0.05,0.06,1.0,25.6,94.0,24.5,1005.9,9.7,3.9467090073008158,1.436484601967808
2018-10-02 20:00:00,1.0,0.4,0.29,0.99,25.4,95.0,24.5,1006.8,7.6,-0.726950774511971,-1.0777488443215544
2018-10-02 21:00:00,1.0,0.13,0.46,1.0,25.3,97.0,24.8,1007.6,8.3,4.688551036221175,-0.32785542659738853
2018-10-02 22:00:00,1.0,0.13,0.2,1.0,25.0,96.0,24.4,1007.6,9.7,5.421022142882376,-1.7613968679371992
2018-10-02 23:00:00,0.99,0.12,0.04,0.99,24.9,96.0,24.2,1007.0,9.7,3.9597979746446668,-3.959797974644665
2018-10-03 00:00:00,0.99,0.15,0.42,0.99,24.7,96.0,24.0,1006.4,9.7,3.9597979746446668,-3.959797974644665
2018-10-03 01:00:00,0.98,0.1,0.66,0.97,24.7,94.0,23.8,1005.7,16.6,4.289848881466277,-3.5996106142446194
2018-10-03 02:00:00,0.97,0.06,0.74,0.96,24.6,96.0,23.9,1005.3,16.2,2.8940993221413254,-1.1109406435904312
2018-10-03 03:00:00,1.0,0.63,1.0,0.99,24.5,97.0,23.9,1004.9,5.0,2.144924440733138,1.7998053071223103
2018-10-03 04:00:00,1.0,1.0,1.0,0.97,24.6,96.0,24.0,1005.2,11.9,3.2,5.878304635907295e-16
2018-10-03 05:00:00,0.97,0.16,0.35,0.95,25.1,96.0,24.5,1004.5,11.5,-0.6945927106677213,-3.939231012048832
2018-10-03 06:00:00,0.86,0.13,0.01,0.85,25.3,95.0,24.5,1004.9,9.4,-2.914555953282627,-4.664264528860342
2018-10-03 07:00:00,0.96,0.94,0.22,0.93,26.5,91.0,24.9,1006.2,15.1,-5.086367523815789,-1.0811407922523493
2018-10-03 08:00:00,0.99,0.55,0.37,0.98,26.5,87.0,24.1,1007.1,23.8,-8.21141261358802,-4.366085533908786
2018-10-03 09:00:00,0.98,0.13,0.39,0.97,27.3,84.0,24.5,1007.1,23.4,-3.600102662948872,-2.1631599146222276
2018-10-03 10:00:00,1.0,1.0,0.79,0.98,30.1,69.0,23.9,1006.6,25.2,-5.412017391981862,-5.046787864462489
2018-10-03 11:00:00,0.98,0.44,0.43,0.97,27.5,79.0,23.6,1006.4,27.0,-7.893418014601631,-2.872969203935618
2018-10-03 12:00:00,0.97,0.46,0.58,0.94,28.1,79.0,24.2,1005.1,26.3,-3.5165801564034638,8.284543681071963
2018-10-03 13:00:00,1.0,0.98,0.86,1.0,26.5,87.0,24.2,1004.6,25.6,-7.893769085249776,2.564841053312063
2018-10-03 14:00:00,0.99,0.43,0.44,0.98,26.5,89.0,24.6,1004.0,18.4,-4.669166652447252,3.269385687200963
2018-10-03 15:00:00,0.98,0.41,0.18,0.98,27.5,86.0,25.0,1003.3,20.9,-3.236092916415765,1.793795594911447
2018-10-03 16:00:00,0.96,0.38,0.27,0.94,27.5,86.0,24.9,1003.4,19.4,-2.9108871788279895,0.7257656867990033
2018-10-03 17:00:00,0.99,0.05,0.37,0.98,27.6,82.0,24.2,1004.0,16.6,-1.761649323676896,0.7117525274902329
2018-10-03 18:00:00,1.0,0.54,0.2,1.0,25.7,92.0,24.3,1005.0,18.4,-4.64926344627966,-3.6324027044213842
2018-10-03 19:00:00,1.0,0.06,0.46,1.0,25.3,93.0,24.1,1005.6,17.6,-1.1110124779463997,-3.6339580726595346
2018-10-03 20:00:00,0.99,0.98,0.45,0.98,24.8,96.0,24.1,1006.6,10.8,3.6320205787563564,-0.705993282893217
2018-10-03 21:00:00,1.0,0.71,0.43,0.99,24.8,97.0,24.2,1007.0,10.8,3.2498011250210608,-4.312631754255381
2018-10-03 22:00:00,1.0,0.83,0.46,0.99,24.8,96.0,24.1,1007.2,10.1,1.1110124779464012,-3.633958072659534
2018-10-03 23:00:00,1.0,1.0,0.35,0.99,24.7,96.0,24.1,1007.5,9.0,-3.195522749552795,-2.8772616073430903
2018-10-04 00:00:00,1.0,1.0,0.5,1.0,24.5,97.0,24.0,1006.7,9.7,0.3763024677635523,-3.580278823325784
2018-10-04 01:00:00,1.0,1.0,0.56,1.0,24.1,98.0,23.8,1006.3,12.6,-2.5357095704441965,-5.437846722219899
2018-10-04 02:00:00,1.0,0.64,0.87,1.0,23.9,98.0,23.6,1005.2,13.3,-1.8159619989581872,-3.5640260967534716
2018-10-04 03:00:00,1.0,0.96,0.89,1.0,23.8,99.0,23.5,1004.8,9.0,0.37668495821827847,-5.386845871403051
2018-10-04 04:00:00,1.0,0.57,0.88,1.0,23.7,98.0,23.4,1004.8,14.4,2.0329136865846065e-15,-8.3
2018-10-04 05:00:00,1.0,0.14,0.11,1.0,24.0,96.0,23.3,1004.9,15.5,-1.4326213531414103,-4.685893304218874
2018-10-04 06:00:00,1.0,0.09,0.17,1.0,24.2,96.0,23.5,1005.4,11.2,-1.7542302283364206,-5.737828535778212
2018-10-04 07:00:00,1.0,0.93,1.0,1.0,24.5,95.0,23.6,1006.2,15.1,0.28966582263075685,-8.294943864258496
2018-10-04 08:00:00,1.0,0.89,0.96,1.0,24.7,95.0,23.9,1007.1,18.7,-0.7844016847289235,-8.96575228282571
2018-10-04 09:00:00,1.0,0.21,0.63,1.0,25.6,91.0,24.0,1007.4,20.2,0.32805526900350773,-9.394273773979501
2018-10-04 10:00:00,1.0,1.0,0.57,1.0,26.6,85.0,23.9,1007.1,28.8,-2.4533579516495605,-11.542141688658909
2018-10-04 11:00:00,1.0,0.71,0.65,1.0,27.2,80.0,23.5,1006.1,28.1,-2.8941922360784913,-10.093247807352348
2018-10-04 12:00:00,1.0,0.48,0.03,1.0,28.8,72.0,23.2,1004.7,24.1,-6.505382386916236,-6.505382386916237
2018-10-04 13:00:00,1.0,0.93,0.2,1.0,29.0,71.0,23.2,1003.5,25.9,-5.728786224524987,-6.143371093601032
2018-10-04 14:00:00,1.0,0.75,0.46,1.0,28.5,74.0,23.4,1002.9,24.5,2.9055391983331007,-5.702441754805554
2018-10-04 15:00:00,1.0,0.72,0.27,1.0,27.0,82.0,23.8,1002.9,23.4,2.166534083347374,-2.875087836170254
2018-10-04 16:00:00,1.0,0.54,0.17,1.0,27.1,81.0,23.6,1003.1,13.7,-2.9108871788279895,0.7257656867990033
2018-10-04 17:00:00,1.0,0.25,0.21,1.0,28.1,73.0,22.9,1003.5,15.1,-1.0324674692655236,-6.518743047927909
2018-10-04 18:00:00,1.0,0.34,0.2,1.0,27.3,78.0,23.0,1003.9,12.6,-0.7097828148963337,-5.050367150582009
2018-10-04 19:00:00,1.0,0.33,0.15,1.0,26.5,82.0,23.2,1004.6,15.5,-0.3280552690035091,-9.394273773979501
2018-10-04 20:00:00,1.0,0.39,0.2,1.0,25.6,86.0,23.0,1005.5,17.3,2.8649997592229792,-8.320563465273988
2018-10-04 21:00:00,1.0,0.34,0.2,1.0,25.2,86.0,22.8,1006.1,18.4,2.588564282916446,-10.382164271153162
2018-10-04 22:00:00,0.99,0.72,0.3,0.98,25.0,88.0,23.0,1006.5,19.1,0.30013567164150706,-8.594761112364223
2018-10-04 23:00:00,0.99,0.21,0.41,0.98,24.5,94.0,23.5,1006.4,14.0,0.7555899291119128,-6.153786140176197
2018-10-05 00:00:00,1.0,0.96,0.51,1.0,24.1,96.0,23.5,1006.0,10.4,-0.7515347451843534,-5.34744757120448
2018-10-05 01:00:00,1.0,0.93,0.6,0.99,24.0,97.0,23.5,1005.2,13.0,0.7068421917498539,-5.756767679519668
2018-10-05 02:00:00,0.99,0.25,0.58,0.99,23.8,97.0,23.3,1004.8,17.3,1.1257730727216135,-5.791600382341218
2018-10-05 03:00:00,1.0,1.0,0.53,0.99,23.6,98.0,23.2,1004.5,23.0,1.423553631866103,-8.987963899415753
2018-10-05 04:00:00,1.0,1.0,0.78,0.99,23.8,97.0,23.3,1004.4,23.4,0.3140954703225074,-8.994517443171862
2018-10-05 05:00:00,1.0,0.23,0.03,1.0,24.0,96.0,23.3,1004.5,26.3,1.113384807680527,-7.922144549932562
2018-10-05 06:00:00,1.0,1.0,0.1,0.98,24.2,96.0,23.6,1005.2,15.8,2.812054648812024,-8.654614298285896
2018-10-05 07:00:00,0.99,0.7,0.58,0.98,24.8,95.0,23.9,1006.6,22.0,-1.4613175600806871,-10.397814721786489
2018-10-05 08:00:00,1.0,0.85,0.46,1.0,25.6,90.0,23.9,1006.8,23.4,-0.7233926648055629,-8.268415994161488
2018-10-05 09:00:00,1.0,0.73,0.45,1.0,27.0,82.0,23.6,1007.6,25.6,-7.551844692598049,-9.32575153748365
2018-10-05 10:00:00,0.99,0.57,0.48,0.98,27.8,79.0,23.7,1007.5,31.0,-6.818308926592688,-9.38459713474939
2018-10-05 11:00:00,0.97,0.49,0.5,0.95,28.5,78.0,24.4,1006.5,30.6,-2.472135954999579,-7.608452130361228
2018-10-05 12:00:00,1.0,0.38,0.28,1.0,28.1,77.0,23.7,1005.4,34.6,-11.08837292527372,4.035837691242891
2018-10-05 13:00:00,1.0,0.21,0.21,1.0,27.1,83.0,23.9,1004.2,27.4,-7.5442419102508795,-5.088655421583796
2018-10-05 14:00:00,0.95,0.34,0.23,0.93,28.5,77.0,24.1,1003.5,27.7,-3.604268994871564,-2.523736319944603
2018-10-05 15:00:00,0.95,0.46,0.23,0.93,29.3,75.0,24.5,1002.8,28.4,-5.0159053651246746,-3.6442685642133337
2018-10-05 16:00:00,0.99,0.91,0.19,0.99,27.9,79.0,24.0,1003.2,31.3,-12.605336125844788,-1.547740661245373
2018-10-05 17:00:00,1.0,0.36,0.19,1.0,26.4,88.0,24.2,1004.1,32.0,1.8159619989581879,-3.564026096753471
2018-10-05 18:00:00,1.0,0.28,0.07,1.0,26.2,90.0,24.5,1004.4,10.8,3.613305274337834,-4.01298205757793
2018-10-05 19:00:00,1.0,0.22,0.04,1.0,25.9,92.0,24.5,1005.0,8.6,0.3534210958749269,-2.878383839759834
2018-10-05 20:00:00,1.0,0.7,0.2,1.0,25.9,89.0,24.0,1006.0,16.9,-5.821436275322066,-6.46535998165333
2018-10-05 21:00:00,1.0,0.12,0.09,1.0,24.9,94.0,23.9,1006.6,20.5,-3.93816119035957,-5.420413862312148
2018-10-05 22:00:00,1.0,1.0,0.26,1.0,24.5,96.0,23.8,1006.9,12.2,-1.7937955949114472,-3.2360929164157644
2018-10-05 23:00:00,1.0,1.0,0.37,1.0,24.5,96.0,23.8,1006.8,10.1,2.8750878361702554,-2.1665340833473725
2018-10-06 00:00:00,1.0,1.0,0.26,1.0,24.0,98.0,23.6,1005.9,11.5,8.817456953860943e-16,-3.6
2018-10-06 01:00:00,1.0,1.0,0.39,1.0,23.8,98.0,23.5,1004.6,11.9,-1.7640790772287946,-6.1520748540052415
2018-10-06 02:00:00,1.0,1.0,0.4,1.0,23.9,98.0,23.5,1004.2,16.9,-1.7542302283364206,-5.737828535778212
2018-10-06 03:00:00,1.0,1.0,0.44,1.0,23.7,98.0,23.4,1004.3,16.2,2.883363526931849,-1.8017254983928959
2018-10-06 04:00:00,1.0,1.0,0.15,1.0,23.8,98.0,23.4,1004.6,15.8,0.6945927106677215,-3.939231012048832
2018-10-06 05:00:00,1.0,1.0,0.37,1.0,24.5,97.0,24.0,1004.4,17.6,-1.7918397477265013,-4.667902132486009
2018-10-06 06:00:00,1.0,1.0,0.33,1.0,24.6,97.0,24.1,1005.0,14.0,-0.35342109587492765,-2.8783838397598336
2018-10-06 07:00:00,1.0,0.99,0.86,1.0,24.7,97.0,24.2,1006.5,16.6,1.3226185430791415e-15,-5.4
2018-10-06 08:00:00,1.0,1.0,0.86,1.0,24.6,96.0,24.0,1007.3,16.9,-2.5357095704441965,-5.437846722219899
2018-10-06 09:00:00,1.0,0.99,0.19,1.0,25.3,94.0,24.2,1007.7,20.2,-5.811263767715345,-5.051654523226906
2018-10-06 10:00:00,1.0,1.0,0.26,1.0,27.0,88.0,24.8,1007.7,22.7,-7.608452130361229,2.4721359549995787
2018-10-06 11:00:00,1.0,0.68,0.39,1.0,27.4,82.0,24.1,1006.9,28.4,-10.73871500692704,6.199999999999998
2018-10-06 12:00:00,1.0,0.6,0.6,1.0,28.0,82.0,24.6,1005.6,31.7,-7.505054539300878,3.990508283680073
2018-10-06 13:00:00,1.0,0.26,0.08,1.0,28.9,78.0,24.6,1004.1,31.3,-11.109430059649181,6.9419423614549824
2018-10-06 14:00:00,1.0,0.95,0.74,1.0,29.0,75.0,24.1,1003.8,32.0,-9.628601983062513,11.890333210291656
2018-10-06 15:00:00,0.99,0.01,0.16,0.99,26.6,86.0,24.0,1003.5,34.9,-3.9333692308670787,9.735430472951267
2018-10-06 16:00:00,0.99,0.0,0.05,0.99,27.2,83.0,24.0,1003.5,23.4,-8.272385125302547,1.4586446924022145
2018-10-06 17:00:00,1.0,0.27,0.06,1.0,27.9,80.0,24.1,1003.5,19.1,-6.858073366652385,-1.8376152202278973
2018-10-06 18:00:00,1.0,0.22,0.13,1.0,27.0,85.0,24.2,1004.3,14.0,-5.087576656325103,-0.35575801609503865
2018-10-06 19:00:00,0.99,0.32,0.13,0.99,26.2,92.0,24.9,1005.8,9.4,0.7071067811865477,-0.7071067811865474
2018-10-06 20:00:00,1.0,0.47,0.25,1.0,25.7,94.0,24.6,1006.3,11.2,-3.1997434936258244,-5.772490067120011
2018-10-06 21:00:00,1.0,1.0,0.19,0.93,25.4,94.0,24.4,1007.1,11.9,-5.3623071340531,-4.342310698243878
2018-10-06 22:00:00,0.98,0.98,0.33,0.94,25.0,95.0,24.1,1007.3,15.1,-7.608452130361228,-2.4721359549995796
2018-10-06 23:00:00,0.95,0.27,0.19,0.93,25.0,95.0,24.1,1006.9,13.7,-2.542346798541462,-4.98963653545486
2018-10-07 00:00:00,1.0,1.0,0.27,0.89,24.5,96.0,23.9,1006.4,11.5,-2.1816432911085166,-3.935788682127281
2018-10-07 01:00:00,0.96,0.9,0.62,0.87,24.2,97.0,23.8,1005.8,14.8,-2.914555953282627,-4.664264528860342
2018-10-07 02:00:00,0.98,0.85,0.14,0.94,24.0,98.0,23.5,1005.4,15.5,-2.891410350820626,-6.811735915548059
2018-10-07 03:00:00,0.94,0.08,0.09,0.94,23.9,96.0,23.3,1004.3,18.4,-2.2246550917500247,-10.46617932785172
2018-10-07 04:00:00,1.0,1.0,0.07,0.93,23.7,97.0,23.2,1004.4,19.4,1.7902220274375422,-7.180188374442374
2018-10-07 05:00:00,1.0,0.24,0.3,1.0,24.2,96.0,23.6,1004.7,14.8,1.767249371950959,-8.314254606237347
2018-10-07 06:00:00,1.0,0.89,0.06,1.0,24.6,94.0,23.6,1005.2,15.5,-0.30013567164150834,-8.594761112364223
2018-10-07 07:00:00,1.0,0.5,0.06,1.0,25.5,90.0,23.8,1006.5,19.8,-4.363286582217033,-7.871577364254562
2018-10-07 08:00:00,1.0,0.5,0.16,1.0,26.5,86.0,24.0,1007.3,26.3,-5.789747597658503,-7.149742845404131
2018-10-07 09:00:00,1.0,0.33,0.2,1.0,27.6,81.0,24.0,1007.6,25.6,-5.416335208368435,-7.187719590425635
2018-10-07 10:00:00,1.0,0.43,0.13,1.0,28.8,78.0,24.6,1007.1,25.2,-2.2258437878816784,-8.306962106085987
2018-10-07 11:00:00,0.98,0.32,0.07,0.98,29.6,76.0,24.9,1006.2,24.8,0.7068421917498539,-5.756767679519668
2018-10-07 12:00:00,1.0,1.0,1.0,0.97,30.9,67.0,24.0,1004.7,27.0,2.138415658052083,-1.089577199374912
2018-10-07 13:00:00,1.0,1.0,0.26,0.99,27.0,85.0,24.2,1004.0,21.6,-9.38914950521489,3.9854575105905923
2018-10-07 14:00:00,1.0,0.01,0.27,1.0,26.5,84.0,23.6,1003.2,20.9,-2.9108871788279895,0.7257656867990033
2018-10-07 15:00:00,0.99,0.37,0.33,0.99,26.8,87.0,24.4,1003.5,15.8,-6.858073366652385,1.837615220227898
2018-10-07 16:00:00,0.97,0.22,0.14,0.96,27.8,81.0,24.2,1003.4,18.0,-2.5455844122715714,2.545584412271571
2018-10-07 17:00:00,0.97,0.03,0.04,0.97,28.8,74.0,23.8,1003.3,11.5,-4.71280049259058,2.1976149610516367
2018-10-07 18:00:00,0.88,0.05,0.06,0.87,27.2,82.0,24.0,1003.8,9.4,-4.679622242152313,2.4881992827652217
2018-10-07 19:00:00,0.92,0.03,0.01,0.94,26.5,87.0,24.3,1004.9,8.6,-3.6062445840513924,3.606244584051392
2018-10-07 20:00:00,0.98,0.1,0.04,0.98,26.1,90.0,24.3,1006.1,10.8,-1.4846769586695103,6.430842427582552
2018-10-07 21:00:00,0.98,0.17,0.16,0.98,26.2,88.0,24.0,1006.7,12.2,2.5624408513775414,5.755336383148386
2018-10-07 22:00:00,0.98,0.14,0.27,0.97,25.5,89.0,23.6,1007.0,13.3,1.8159619989581868,3.5640260967534716
2018-10-07 23:00:00,1.0,1.0,0.22,0.95,24.9,94.0,23.8,1007.4,6.5,-1.7669289302057951,-0.34345619167778085
2018-10-08 00:00:00,1.0,1.0,0.24,1.0,24.5,95.0,23.7,1006.7,7.9,-3.939231012048832,0.6945927106677212
2018-10-08 01:00:00,1.0,0.98,0.29,0.94,24.2,96.0,23.5,1005.6,7.9,1.4554435894139948,0.36288284339950166
2018-10-08 02:00:00,1.0,1.0,0.33,1.0,24.0,97.0,23.5,1005.0,5.4,0.7257656867990037,-2.9108871788279895
2018-10-08 03:00:00,1.0,0.95,0.51,1.0,23.9,98.0,23.5,1005.0,8.6,1.0811407922523513,-5.086367523815789
2018-10-08 04:00:00,1.0,0.03,0.61,1.0,23.7,98.0,23.3,1004.7,10.4,1.4333142502483947,-4.998560818879258
2018-10-08 05:00:00,0.91,1.0,0.86,0.99,24.0,97.0,23.5,1005.2,10.4,-1.4499999999999997,-2.511473670974872
2018-10-08 06:00:00,0.98,0.06,0.39,0.98,24.3,96.0,23.6,1005.4,7.6,5.388445916248355e-16,-2.2
2018-10-08 07:00:00,0.98,0.12,0.63,0.97,25.2,91.0,23.6,1006.0,11.5,0.688311646177017,-4.345828698618606
2018-10-08 08:00:00,1.0,0.51,0.58,0.99,26.9,81.0,23.4,1007.1,17.3,2.101315561749644,-6.467184310807044
2018-10-08 09:00:00,0.96,0.59,0.37,0.94,28.4,75.0,23.5,1007.6,17.6,2.88014773623312,-3.9641832724372423
2018-10-08 10:00:00,0.88,0.32,0.18,0.86,29.1,74.0,24.0,1007.2,16.9,2.5079526825623377,-1.8221342821066662
2018-10-08 11:00:00,0.76,0.24,0.09,0.69,30.4,71.0,24.6,1006.0,19.1,1.761649323676896,-0.7117525274902327
2018-10-08 12:00:00,1.0,0.9,1.0,0.27,31.4,64.0,23.8,1004.3,18.7,1.7874357113510322,1.447436899414627
2018-10-08 13:00:00,0.92,0.08,0.12,0.92,29.3,73.0,24.0,1003.3,19.1,1.7546182238821468,7.6000865053248345
2018-10-08 14:00:00,1.0,0.01,0.61,1.0,29.5,74.0,24.3,1002.6,18.4,-2.5085756468171017,-6.535062985480412
2018-10-08 15:00:00,1.0,0.13,0.36,1.0,28.1,81.0,24.5,1002.2,20.5,-3.2693856872009626,-4.669166652447253
2018-10-08 16:00:00,0.97,0.16,0.1,0.97,27.8,84.0,24.8,1002.6,14.0,1.4474368994146265,1.7874357113510326
2018-10-08 17:00:00,0.93,0.15,0.89,0.98,27.2,84.0,24.4,1003.3,12.6,-1.767249371950954,8.314254606237348
2018-10-08 18:00:00,0.99,0.02,0.95,0.98,26.4,87.0,24.0,1003.9,15.5,-1.837615220227899,6.858073366652384
2018-10-08 19:00:00,1.0,0.05,1.0,0.98,26.2,87.0,24.0,1005.1,11.9,0.4045875477159266,5.78587149150698
2018-10-08 20:00:00,0.99,0.0,0.98,0.97,26.2,90.0,24.5,1005.8,9.7,1.1110124779463997,3.6339580726595346
2018-10-08 21:00:00,0.95,0.0,0.65,0.92,26.5,84.0,23.6,1006.2,13.3,7.893769085249775,2.564841053312065
2018-10-08 22:00:00,0.93,0.0,0.65,0.87,26.1,83.0,23.0,1006.1,15.1,8.319851376878407,2.5436338310878126
2018-10-08 23:00:00,0.97,0.0,0.78,0.93,25.7,85.0,23.0,1005.9,14.8,5.377666356487366,2.1727182418122912
2018-10-09 00:00:00,1.0,0.0,0.99,0.74,25.6,85.0,23.0,1005.3,10.1,6.0916401620029,0.31924933308196024
2018-10-09 01:00:00,0.99,0.01,0.97,0.9,25.5,86.0,23.0,1004.4,10.4,4.7128004925905795,-2.197614961051638
2018-10-09 02:00:00,0.91,0.02,0.13,0.9,25.2,88.0,23.1,1003.7,8.3,1.4214781741247593,-4.3748599749577055
2018-10-09 03:00:00,0.97,0.0,0.27,0.97,24.5,93.0,23.2,1003.6,8.3,0.3763024677635523,-3.580278823325784
2018-10-09 04:00:00,0.99,0.02,0.97,0.98,24.2,94.0,23.3,1004.0,6.1,3.2335921554035223,-1.0506577808748205
2018-10-09 05:00:00,0.98,0.0,0.7,0.99,25.0,91.0,23.5,1003.5,8.3,1.2246467991473533e-15,-5.0
2018-10-09 06:00:00,0.99,0.0,0.53,0.98,25.3,91.0,23.7,1004.1,8.3,-2.1791543987498248,-4.276831316104166
2018-10-09 07:00:00,0.98,0.0,0.29,0.98,26.6,83.0,23.4,1005.1,13.0,-2.907803098047884,-4.3109953772862175
2018-10-09 08:00:00,0.98,0.0,0.07,0.98,28.1,75.0,23.3,1005.6,14.8,-2.490620541896063,-3.9858260519352022
2018-10-09 09:00:00,0.98,0.0,0.17,0.97,29.9,68.0,23.2,1006.1,16.2,-3.600102662948872,-2.1631599146222276
2018-10-09 10:00:00,0.99,0.04,0.37,0.98,30.9,64.0,23.3,1005.9,19.8,-2.8512208774027776,1.4527695991665497
2018-10-09 11:00:00,1.0,0.23,0.59,1.0,31.4,63.0,23.5,1005.3,20.5,-0.35588450245201786,6.790680836331102
2018-10-09 12:00:00,0.99,0.22,0.86,0.98,30.9,64.0,23.2,1004.5,24.8,3.5836794954530045,9.335804264972015
2018-10-09 13:00:00,0.99,0.23,0.75,0.99,30.3,62.0,22.3,1003.4,24.5,0.4045875477159266,5.78587149150698
2018-10-09 14:00:00,0.99,0.09,0.55,0.99,29.5,65.0,22.1,1003.0,17.3,-2.542346798541462,4.989636535454859
2018-10-09 15:00:00,0.99,0.06,0.19,0.98,29.8,64.0,22.2,1002.6,14.4,-0.7352419856890856,4.6421352007971475
2018-10-09 16:00:00,0.99,0.01,0.15,0.99,29.7,63.0,21.9,1002.7,13.7,1.0811407922523495,5.086367523815789
2018-10-09 17:00:00,1.0,0.0,0.9,0.99,28.4,77.0,24.0,1002.8,12.2,-4.329989591337347,4.981083229470295
2018-10-09 18:00:00,0.99,0.01,0.63,0.98,27.7,79.0,23.7,1003.3,13.0,-4.301823272632845,6.14364033216744
2018-10-09 19:00:00,0.99,0.01,0.49,0.98,27.1,81.0,23.5,1004.5,13.3,-4.342310698243878,5.3623071340531
2018-10-09 20:00:00,0.96,0.02,0.48,0.95,26.9,82.0,23.5,1005.5,12.2,-2.9145559532826275,4.664264528860342
2018-10-09 21:00:00,0.92,0.0,0.5,0.89,26.4,85.0,23.6,1006.3,11.2,3.6347538725598536,5.388744221607772
2018-10-09 22:00:00,0.95,0.0,0.5,0.94,25.8,87.0,23.5,1006.4,10.8,4.989636535454859,2.542346798541463
2018-10-09 23:00:00,0.97,0.0,0.62,0.95,25.3,90.0,23.6,1005.8,10.8,5.7247447850283795,1.42733918403804
2018-10-10 00:00:00,0.94,0.0,0.34,0.92,25.1,91.0,23.6,1005.1,10.1,5.78819864428265,2.2218812871808646
2018-10-10 01:00:00,0.91,0.0,0.02,0.91,24.9,93.0,23.6,1004.0,10.4,3.935788682127282,2.1816432911085157
2018-10-10 02:00:00,0.94,0.04,0.05,0.94,24.3,95.0,23.5,1003.6,7.2,4.374859974957706,-1.421478174124757
2018-10-10 03:00:00,0.98,0.03,0.12,0.98,24.4,93.0,23.2,1003.6,7.2,3.604268994871564,-2.523736319944603
2018-10-10 04:00:00,0.98,0.0,0.1,0.98,24.2,92.0,22.8,1003.5,8.6,5.4091846272187825,-1.4493866525741135
2018-10-10 05:00:00,0.61,0.0,0.36,0.62,24.5,88.0,22.5,1003.7,10.1,4.283637201794505,-0.3747696938149289
2018-10-10 06:00:00,0.52,0.0,0.17,0.44,25.5,84.0,22.5,1004.2,9.7,5.086367523815789,-1.0811407922523493
2018-10-10 07:00:00,0.33,0.0,0.17,0.21,27.0,78.0,22.9,1004.9,10.4,2.8512208774027776,-1.4527695991665492
2018-10-10 08:00:00,0.28,0.0,0.04,0.25,28.9,70.0,23.0,1005.5,11.9,2.172914349309303,0.3441558230885083
2018-10-10 09:00:00,0.66,0.0,0.03,0.65,30.7,63.0,22.9,1006.0,14.8,2.883363526931848,1.801725498392897
2018-10-10 10:00:00,0.82,0.04,0.1,0.81,31.6,60.0,22.9,1005.7,16.2,3.6160170328104706,1.460965714322058
2018-10-10 11:00:00,0.77,0.11,0.04,0.75,32.4,58.0,23.0,1004.6,16.9,3.1974091017491033,1.4235782507653003
2018-10-10 12:00:00,0.48,0.09,0.1,0.43,33.0,57.0,23.4,1003.3,17.6,2.475670171853926,0.3479327524001646
2018-10-10 13:00:00,0.81,0.5,0.56,0.7,33.5,53.0,22.8,1002.0,18.4,2.8783838397598336,-0.35342109587492826
2018-10-10 14:00:00,0.88,0.68,0.22,0.81,29.0,77.0,24.5,1002.0,28.1,-0.659433048661092,12.58273213790763
2018-10-10 15:00:00,0.95,0.0,0.15,0.95,28.8,75.0,23.9,1001.6,28.1,-7.893769085249776,2.564841053312063
2018-10-10 16:00:00,0.9,0.03,0.11,0.89,29.4,75.0,24.5,1001.8,21.2,-5.793122007145564,8.273435647318818
2018-10-10 17:00:00,0.41,0.0,0.25,0.25,29.4,71.0,23.5,1001.9,22.3,-2.496747046277383,6.8597561317371305
2018-10-10 18:00:00,0.47,0.0,0.17,0.38,28.2,77.0,23.7,1002.4,13.3,-2.5085756468171017,6.535062985480412
2018-10-10 19:00:00,0.31,0.0,0.07,0.27,27.6,79.0,23.8,1003.3,11.5,1.4171916423663493,6.1385314081469815
2018-10-10 20:00:00,1.0,0.0,0.04,1.0,27.3,73.0,22.0,1004.1,17.3,8.660254037844384,5.000000000000004
2018-10-10 21:00:00,1.0,0.0,0.03,1.0,26.7,76.0,22.1,1004.8,18.0,8.999165894302514,4.585304047369425
2018-10-10 22:00:00,0.97,0.0,0.1,0.97,26.5,77.0,22.1,1005.0,19.1,9.685990497933867,5.819930246483615
2018-10-10 23:00:00,0.34,0.0,0.13,0.28,26.2,79.0,22.2,1004.8,20.2,10.068373723328557,5.130092647056881
2018-10-11 00:00:00,0.84,0.0,0.13,0.83,25.9,81.0,22.4,1004.0,19.4,8.651355263444872,2.4807362023529897
2018-10-11 01:00:00,0.97,0.0,0.06,0.97,25.5,83.0,22.5,1003.1,15.1,7.589584464134761,0.39775326744637673
2018-10-11 02:00:00,0.95,0.0,0.09,0.95,25.0,85.0,22.4,1002.4,13.0,5.386845871403052,-0.3766849582182762
2018-10-11 03:00:00,1.0,0.0,0.24,1.0,24.3,90.0,22.5,1002.5,9.0,6.535062985480412,-2.5085756468171025
2018-10-11 04:00:00,0.99,0.0,0.36,0.99,24.4,90.0,22.6,1002.9,7.6,1.7489675652259407,-3.9282454678631837
2018-10-11 05:00:00,1.0,0.0,0.57,0.89,25.2,86.0,22.6,1003.6,5.4,-0.34415582308850795,-2.1729143493093033
2018-10-11 06:00:00,0.88,0.0,0.12,0.86,25.4,86.0,22.9,1004.2,6.1,1.4364846019678081,-3.9467090073008158
2018-10-11 07:00:00,0.97,0.0,0.02,0.97,26.8,81.0,23.1,1004.9,10.4,2.8512208774027776,-1.4527695991665492
2018-10-11 08:00:00,0.99,0.0,0.05,0.99,29.0,71.0,23.2,1005.7,12.6,1.7874357113510326,-1.447436899414626
2018-10-11 09:00:00,0.98,0.0,0.03,0.98,30.9,64.0,23.2,1006.0,13.7,2.138415658052083,-1.089577199374912
2018-10-11 10:00:00,0.96,0.0,0.05,0.96,32.5,58.0,23.1,1005.4,16.2,4.345828698618606,0.6883116461770166
2018-10-11 11:00:00,0.77,0.0,0.01,0.77,33.7,53.0,22.8,1004.6,18.0,3.928245467863184,1.7489675652259404
2018-10-11 12:00:00,0.67,0.04,0.22,0.58,34.7,45.0,21.0,1003.4,17.3,2.187429987478853,-0.7107390870623785
2018-10-11 13:00:00,0.71,0.02,0.21,0.64,35.2,40.0,19.5,1002.3,14.0,-1.453901549023942,-2.1554976886431088
2018-10-11 14:00:00,0.57,0.0,0.42,0.35,33.2,51.0,21.8,1001.7,24.1,-10.755332712974734,4.34543648362458
2018-10-11 15:00:00,0.59,0.0,0.26,0.49,31.2,67.0,24.4,1001.8,36.7,-8.699999999999998,15.068842025849232
2018-10-11 16:00:00,0.81,0.02,0.23,0.78,31.3,62.0,23.0,1002.3,34.2,-2.8343832847327013,12.277062816293963
2018-10-11 17:00:00,0.82,0.0,0.17,0.67,30.0,72.0,24.4,1002.5,25.2,-2.232465245905576,11.485038046337667
2018-10-11 18:00:00,0.44,0.0,0.07,0.4,28.7,80.0,24.9,1003.2,20.9,-2.224922359499622,6.8476069173251055
2018-10-11 19:00:00,0.65,0.0,0.23,0.55,27.6,87.0,25.2,1004.2,12.2,0.3557580160950389,5.087576656325103
2018-10-11 20:00:00,0.9,0.0,0.18,0.88,27.2,89.0,25.2,1005.3,7.2,4.312631754255381,3.2498011250210608
2018-10-11 21:00:00,0.97,0.0,0.09,0.97,26.5,88.0,24.3,1006.0,7.9,5.702441754805554,2.9055391983331007
2018-10-11 22:00:00,0.96,0.0,0.12,0.96,26.1,85.0,23.4,1006.1,7.9,5.421022142882375,1.7613968679372012
2018-10-11 23:00:00,0.86,0.0,0.06,0.86,26.2,83.0,23.0,1005.8,9.4,5.791600382341218,1.1257730727216133
2018-10-12 00:00:00,0.86,0.0,0.02,0.86,25.9,84.0,23.0,1005.1,10.8,5.772490067120013,3.199743493625823
2018-10-12 01:00:00,0.73,0.0,0.0,0.73,25.4,87.0,23.0,1004.5,11.2,3.96344440343055,3.2095339943541727
2018-10-12 02:00:00,0.39,0.0,0.0,0.39,24.8,90.0,23.0,1003.9,9.4,6.461688179575121,5.048424097670396
2018-10-12 03:00:00,0.66,0.0,0.01,0.66,24.7,89.0,22.8,1004.0,9.4,4.34231069824388,5.362307134053099
2018-10-12 04:00:00,0.81,0.0,0.02,0.81,24.1,91.0,22.6,1004.4,8.3,2.116193003971519,6.145870741395559
2018-10-12 05:00:00,0.91,0.0,0.03,0.7,25.0,88.0,23.0,1004.2,7.9,1.8364363038995857,4.32637281122647
2018-10-12 06:00:00,0.69,0.0,0.02,0.68,25.9,85.0,23.2,1004.9,8.3,1.4364846019678084,3.9467090073008158
2018-10-12 07:00:00,0.49,0.0,0.01,0.48,27.2,80.0,23.5,1006.2,10.1,2.9,5.327213576290986e-16
2018-10-12 08:00:00,0.54,0.0,0.01,0.54,28.8,74.0,23.8,1006.7,13.7,3.6339580726595346,-1.1110124779463995
2018-10-12 09:00:00,0.82,0.0,0.0,0.82,30.4,67.0,23.7,1007.0,14.0,2.8783838397598336,-0.35342109587492826
2018-10-12 10:00:00,0.92,0.0,0.0,0.92,31.6,62.0,23.4,1006.7,15.1,2.875087836170254,2.166534083347374
2018-10-12 11:00:00,0.96,0.0,0.0,0.96,32.8,56.0,22.9,1005.9,16.9,2.179154398749824,4.276831316104166
2018-10-12 12:00:00,0.76,0.04,0.1,0.75,33.2,54.0,22.6,1004.9,17.6,-1.4493866525741177,5.409184627218782
2018-10-12 13:00:00,0.47,0.08,0.43,0.07,32.4,61.0,23.9,1003.8,28.1,-7.866504888122967,9.714324518212136
2018-10-12 14:00:00,0.36,0.0,0.36,0.0,31.5,64.0,23.9,1003.2,30.2,-6.464445490919413,8.27411291287058
2018-10-12 15:00:00,0.34,0.07,0.32,0.0,31.4,64.0,23.8,1002.9,24.5,-6.079910225321087,8.683011669463314
2018-10-12 16:00:00,0.56,0.01,0.33,0.45,31.0,69.0,24.6,1003.2,24.5,-5.39192644664877,8.302838622659698
2018-10-12 17:00:00,0.63,0.0,0.19,0.05,29.5,77.0,25.0,1003.7,20.2,-6.825559592577447,9.747909327039004
2018-10-12 18:00:00,0.29,0.01,0.11,0.21,28.4,82.0,25.0,1004.2,21.2,-6.104407793183422,7.538315826132617
2018-10-12 19:00:00,0.34,0.0,0.08,0.29,27.9,84.0,24.9,1005.5,19.4,-5.381386784734342,9.708278749247292
2018-10-12 20:00:00,0.4,0.0,0.07,0.37,27.2,86.0,24.6,1006.5,20.9,-3.3038002633669237,10.806243742382302
2018-10-12 21:00:00,0.38,0.0,0.07,0.36,26.6,88.0,24.5,1007.2,20.5,-0.6766377953180175,9.676371287520293
2018-10-12 22:00:00,0.42,0.0,0.07,0.4,26.2,90.0,24.4,1007.4,17.6,0.6766377953180152,9.676371287520293
2018-10-12 23:00:00,0.9,0.06,0.06,0.89,25.8,91.0,24.2,1007.4,17.3,1.0602632876247815,8.635151519279502
2018-10-13 00:00:00,0.87,0.06,0.05,0.86,25.4,93.0,24.1,1007.1,15.1,-8.817456953860943e-16,7.2
2018-10-13 01:00:00,0.83,0.07,0.04,0.81,25.4,92.0,24.0,1006.4,14.0,-0.4134540543192561,7.889173324561134
2018-10-13 02:00:00,0.84,0.02,0.03,0.83,25.0,94.0,24.0,1005.8,16.6,-1.1511679911985121e-15,9.4
2018-10-13 03:00:00,0.82,0.0,0.03,0.81,24.7,95.0,23.9,1005.7,16.9,0.6557108531947776,9.377102072442348
2018-10-13 04:00:00,0.83,0.0,0.02,0.83,24.5,96.0,23.9,1006.0,16.9,1.458644692402216,8.272385125302547
2018-10-13 05:00:00,0.9,0.0,0.01,0.98,24.6,96.0,24.0,1006.4,15.1,0.6623836448822004,7.571079705497266
2018-10-13 06:00:00,0.98,0.0,0.01,0.98,25.2,93.0,24.0,1007.3,15.5,0.723392664805561,8.268415994161488
2018-10-13 07:00:00,0.94,0.0,0.0,0.94,26.5,87.0,24.2,1007.9,18.4,1.8221035401853063,7.892397524760405
2018-10-13 08:00:00,0.94,0.0,0.0,0.94,28.5,78.0,24.2,1008.7,19.4,1.3929056662487764,7.165878439167947
2018-10-13 09:00:00,0.88,0.12,0.05,0.87,30.0,68.0,23.5,1008.9,22.0,2.8729692039356167,7.8934180146016315
2018-10-13 10:00:00,0.19,0.09,0.12,0.08,31.3,61.0,22.8,1008.8,24.8,3.9860191021428424,8.95274548489749
2018-10-13 11:00:00,0.25,0.13,0.24,0.0,32.2,56.0,22.4,1007.9,24.5,2.1595301217011036,9.353952621938259
2018-10-13 12:00:00,0.37,0.13,0.37,0.0,32.0,56.0,22.2,1006.8,27.4,-1.4573296909853504e-15,11.9
2018-10-13 13:00:00,0.29,0.17,0.27,0.0,31.8,61.0,23.4,1005.8,29.9,0.6803674311582664,12.98218395180946
2018-10-13 14:00:00,0.25,0.15,0.23,0.0,32.1,61.0,23.6,1005.1,29.9,-1.7145055188062944e-15,14.0
2018-10-13 15:00:00,0.27,0.1,0.17,0.21,31.5,61.0,22.9,1004.7,33.5,-1.4467853296111262,16.536831988322977
2018-10-13 16:00:00,0.79,0.06,0.19,0.77,30.6,63.0,22.8,1005.1,33.8,-0.26353133720297994,15.097700196861508
2018-10-13 17:00:00,0.93,0.03,0.04,0.95,29.7,68.0,23.2,1005.6,29.2,-1.681796938991036,13.697136892650244
2018-10-13 18:00:00,1.0,0.01,0.06,1.0,28.5,72.0,23.0,1006.4,25.6,-2.2213694035712797,14.025174436450953
2018-10-13 19:00:00,1.0,0.01,0.05,1.0,27.5,77.0,23.0,1007.3,25.6,-0.6960682180311527,13.281772812235833
2018-10-13 20:00:00,0.97,0.01,0.08,0.97,26.6,80.0,22.9,1008.2,24.1,1.4195656297926682,10.100734301164016
2018-10-13 21:00:00,0.96,0.02,0.04,0.96,26.2,82.0,22.9,1008.9,18.4,0.6972459419812636,7.969557584733964
2018-10-13 22:00:00,0.91,0.03,0.06,0.9,26.0,83.0,22.9,1009.2,14.4,-8.817456953860943e-16,7.2
2018-10-13 23:00:00,0.93,0.03,0.12,0.92,25.5,85.0,22.9,1009.0,12.6,-0.35588450245201786,6.790680836331102
2018-10-14 00:00:00,0.87,0.04,0.17,0.85,25.3,86.0,22.9,1008.5,12.2,0.6794350112397477,6.4643923198937765
2018-10-14 01:00:00,0.83,0.07,0.22,0.79,24.9,88.0,22.9,1007.7,11.9,1.0766187015349689,6.10580806867569
2018-10-14 02:00:00,0.85,0.08,0.09,0.85,24.6,90.0,22.9,1007.1,10.8,1.4273391840380383,5.7247447850283795
2018-10-14 03:00:00,0.86,0.05,0.05,0.85,24.5,91.0,22.9,1006.9,10.1,1.0811407922523495,5.086367523815789
2018-10-14 04:00:00,0.79,0.01,0.05,0.78,24.2,92.0,22.9,1006.8,9.4,1.8364363038995857,4.32637281122647
2018-10-14 05:00:00,0.76,0.02,0.47,0.68,24.8,90.0,23.0,1007.4,7.9,-1.1419715947936862,7.210124886344505
2018-10-14 06:00:00,0.52,0.0,0.42,0.39,25.2,88.0,23.0,1008.2,14.0,-8.327598234202001e-16,6.8
2018-10-14 07:00:00,0.51,0.0,0.4,0.38,26.1,83.0,23.0,1008.8,16.2,-0.6794350112397493,6.4643923198937765
2018-10-14 08:00:00,0.87,0.0,0.41,0.84,27.6,76.0,23.0,1009.6,16.2,-6.613092715395707e-16,5.4
2018-10-14 09:00:00,0.76,0.0,0.33,0.69,28.9,71.0,23.0,1010.0,16.6,0.3766849582182765,5.386845871403051
2018-10-14 10:00:00,0.7,0.05,0.32,0.64,30.6,64.0,23.0,1009.8,18.0,2.181643291108516,3.9357886821272814
2018-10-14 11:00:00,0.73,0.09,0.11,0.7,31.5,59.0,22.6,1008.7,17.3,1.7937955949114468,3.236092916415765
2018-10-14 12:00:00,0.78,0.1,0.17,0.76,32.7,57.0,23.0,1007.3,17.3,-1.0506577808748214,3.233592155403522
2018-10-14 13:00:00,0.99,0.99,0.21,0.85,32.0,61.0,23.6,1006.4,25.2,-7.9283665448744856,5.760295472466236
2018-10-14 14:00:00,0.96,0.01,0.64,0.94,29.1,73.0,23.8,1006.4,30.6,-3.537697627145113,11.57128754715273
2018-10-14 15:00:00,0.95,0.06,0.54,0.91,30.1,67.0,23.4,1006.3,27.0,4.040515447681965,7.929958065276475
2018-10-14 16:00:00,0.99,0.1,0.75,0.98,28.2,74.0,23.0,1006.6,20.5,4.971631089293718,6.13945309551007
2018-10-14 17:00:00,0.99,0.23,0.33,0.68,29.1,70.0,23.1,1006.2,17.6,3.2360929164157652,1.7937955949114464
2018-10-14 18:00:00,0.68,0.18,0.29,0.54,28.4,76.0,23.9,1006.8,7.9,2.1649947956686733,2.490541614735148
2018-10-14 19:00:00,0.95,0.13,0.34,0.94,27.8,82.0,24.4,1007.8,5.4,-0.7352419856890856,4.6421352007971475
2018-10-14 20:00:00,0.96,0.08,0.34,0.95,27.5,82.0,24.1,1008.9,5.4,-5.265981236333618e-16,4.3
2018-10-14 21:00:00,0.79,0.03,0.44,0.72,27.0,81.0,23.5,1009.4,5.4,1.1110124779463997,3.6339580726595346
2018-10-14 22:00:00,0.83,0.01,0.43,0.82,26.5,81.0,23.1,1009.6,7.6,1.8364363038995857,4.32637281122647
2018-10-14 23:00:00,0.94,0.0,0.38,0.93,26.1,82.0,22.9,1009.5,8.3,2.1727182418122895,5.377666356487367
2018-10-15 00:00:00,0.91,0.0,0.45,0.89,25.4,86.0,22.8,1008.9,11.2,4.333068166694749,5.750175672340508
2018-10-15 01:00:00,0.79,0.0,0.39,0.76,25.2,86.0,22.7,1007.9,11.2,4.313351365237939,4.31335136523794
2018-10-15 02:00:00,0.72,0.0,0.52,0.58,25.0,87.0,22.6,1007.4,9.0,3.5748714227020644,2.894873798829254
2018-10-15 03:00:00,0.62,0.0,0.41,0.53,24.7,88.0,22.6,1007.1,8.6,4.669166652447252,3.2693856872009643
2018-10-15 04:00:00,0.64,0.0,0.28,0.59,24.4,91.0,22.8,1007.3,8.6,2.4881992827652213,4.679622242152313
2018-10-15 05:00:00,0.53,0.0,0.76,0.68,24.9,90.0,23.1,1007.5,8.6,2.5242120488351985,3.23084408978756
2018-10-15 06:00:00,0.8,0.0,0.72,0.46,25.4,90.0,23.5,1008.2,10.8,2.5624408513775414,5.755336383148386
2018-10-15 07:00:00,0.97,0.0,0.97,0.11,26.0,87.0,23.6,1009.0,11.5,0.37476969381492914,4.283637201794505
2018-10-15 08:00:00,0.27,0.0,0.14,0.22,27.1,80.0,23.4,1009.5,15.1,2.5357095704441956,5.4378467222199
2018-10-15 09:00:00,0.72,0.0,0.41,0.56,29.5,69.0,23.0,1009.9,22.0,6.461688179575121,5.048424097670396
2018-10-15 10:00:00,0.84,0.03,0.61,0.75,31.0,62.0,22.8,1009.3,22.7,6.514471485336052,3.914289369316413
2018-10-15 11:00:00,0.92,0.18,0.85,0.76,31.4,59.0,22.4,1008.6,22.0,3.921004419087889,4.6728711030257655
2018-10-15 12:00:00,0.88,0.1,0.86,0.13,31.2,59.0,22.2,1007.1,19.4,0.4045875477159266,5.78587149150698
2018-10-15 13:00:00,0.37,0.08,0.21,0.22,31.5,57.0,22.0,1005.9,20.2,-1.7902220274375413,7.180188374442374
2018-10-15 14:00:00,0.53,0.14,0.42,0.19,31.9,57.0,22.5,1005.3,20.5,1.0886485301985038,4.366330768241984
2018-10-15 15:00:00,0.52,0.2,0.39,0.23,31.5,58.0,22.2,1005.0,17.6,0.7555899291119134,6.153786140176197
2018-10-15 16:00:00,0.35,0.11,0.29,0.1,30.9,63.0,23.1,1005.0,22.0,-8.625263508510763,6.499602250042123
2018-10-15 17:00:00,0.61,0.03,0.17,0.14,29.8,72.0,24.2,1005.5,23.0,-10.031810730249349,7.288537128426666
2018-10-15 18:00:00,0.72,0.1,0.11,0.69,28.3,79.0,24.4,1006.5,22.7,-6.464445490919413,8.27411291287058
2018-10-15 19:00:00,0.92,0.13,0.1,0.91,27.9,81.0,24.2,1007.5,18.7,-4.605691392340203,8.30888721782426
2018-10-15 20:00:00,0.93,0.17,0.11,0.92,27.5,83.0,24.3,1008.6,16.9,-1.4273391840380396,5.7247447850283795
2018-10-15 21:00:00,0.92,0.15,0.1,0.91,27.2,83.0,24.2,1009.4,10.1,-7.102951435054649e-16,5.8
2018-10-15 22:00:00,0.78,0.07,0.06,0.76,27.0,85.0,24.2,1009.5,14.4,-1.822103540185308,7.892397524760404
2018-10-15 23:00:00,0.54,0.11,0.08,0.5,26.5,87.0,24.2,1009.3,14.4,-0.3768188849491954,7.190132650232932
2018-10-16 00:00:00,0.41,0.13,0.22,0.35,26.0,89.0,24.0,1008.9,13.0,-5.265981236333618e-16,4.3
2018-10-16 01:00:00,0.3,0.14,0.19,0.24,25.5,93.0,24.2,1008.1,6.8,3.9467090073008158,1.436484601967808
2018-10-16 02:00:00,0.72,0.3,0.23,0.62,25.2,94.0,24.2,1007.6,5.0,-0.3631923997916375,-0.7128052193506944
2018-10-16 03:00:00,0.87,0.47,0.16,0.83,25.2,94.0,24.1,1007.7,5.8,2.493024310163928,-2.867896404846533
2018-10-16 04:00:00,0.79,0.32,0.06,0.76,24.9,96.0,24.2,1007.5,12.6,-0.3558845024520181,-6.790680836331102
2018-10-16 05:00:00,1.0,0.09,0.06,0.43,25.2,97.0,24.7,1007.7,13.7,-0.33991869381244216,-1.0461621679246689
2018-10-16 06:00:00,0.49,0.02,0.06,0.47,25.8,93.0,24.6,1008.2,5.8,-1.0606601717798212,-1.0606601717798214
2018-10-16 07:00:00,0.81,0.3,0.1,0.75,27.1,84.0,24.3,1009.7,19.4,-4.6413010988072,6.881011852206846
2018-10-16 08:00:00,0.56,0.46,0.13,0.45,27.6,83.0,24.6,1010.4,22.7,-1.7554427574642135,9.030970087718506
2018-10-16 09:00:00,0.91,0.85,0.1,0.49,28.9,80.0,25.1,1010.8,25.6,-0.7233926648055631,8.268415994161488
2018-10-16 10:00:00,0.79,0.76,0.09,0.39,29.5,76.0,24.8,1010.4,26.6,0.6794350112397477,6.4643923198937765
2018-10-16 11:00:00,0.54,0.32,0.25,0.34,30.2,69.0,24.0,1009.5,25.6,1.7902220274375396,7.180188374442374
2018-10-16 12:00:00,0.6,0.33,0.1,0.45,30.9,67.0,24.0,1007.9,24.5,-6.149493427364154,4.633975678270772
2018-10-16 13:00:00,0.89,0.46,0.4,0.83,29.9,69.0,23.5,1006.9,25.2,2.2495105434386495,9.743700647852352
2018-10-16 14:00:00,0.81,0.2,0.09,0.78,28.9,75.0,23.9,1006.8,24.5,-2.1161930039715178,6.1458707413955596
2018-10-16 15:00:00,0.88,0.21,0.08,0.85,29.3,73.0,23.9,1006.4,21.6,2.8914103508206246,6.811735915548059
2018-10-16 16:00:00,0.91,0.34,0.16,0.88,27.8,77.0,23.4,1006.7,20.2,4.649263446279661,3.632402704421383
2018-10-16 17:00:00,0.83,0.13,0.11,0.75,27.9,78.0,23.6,1007.3,15.1,3.644268564213333,5.0159053651246746
2018-10-16 18:00:00,0.85,0.0,0.02,0.83,26.4,86.0,23.8,1007.9,12.2,3.5748714227020653,-2.894873798829252
2018-10-16 19:00:00,0.98,0.06,0.02,0.98,25.8,88.0,23.7,1009.2,16.2,9.02104915954472,-3.283393375926422
2018-10-16 20:00:00,0.97,0.06,0.02,0.97,25.5,88.0,23.5,1010.1,15.8,7.1859411745548085,-2.474317973874388
2018-10-16 21:00:00,0.99,0.05,0.01,0.99,25.2,88.0,23.1,1010.3,12.6,6.1385314081469815,1.417191642366351
2018-10-16 22:00:00,0.97,0.02,0.01,0.97,24.9,88.0,22.8,1010.6,10.1,5.785871491506981,-0.40458754771592625
2018-10-16 23:00:00,0.87,0.01,0.02,0.86,25.0,87.0,22.6,1010.1,11.2,6.162892951849218,-2.8738041798367573
2018-10-17 00:00:00,0.8,0.01,0.02,0.8,24.7,89.0,22.8,1009.4,11.9,6.464392319893777,0.6794350112397468
2018-10-17 01:00:00,0.87,0.04,0.03,0.86,24.3,91.0,22.6,1008.6,10.4,2.8991378028648445,2.8991378028648453
2018-10-17 02:00:00,0.96,0.04,0.06,0.96,24.0,93.0,22.7,1008.2,6.1,1.4326213531414103,4.685893304218874
2018-10-17 03:00:00,0.97,0.02,0.02,0.97,24.1,91.0,22.5,1008.0,6.8,-2.899137802864845,2.8991378028648445
2018-10-17 04:00:00,0.88,0.03,0.07,0.88,23.5,96.0,22.7,1008.1,7.9,-4.6421352007971475,0.7352419856890848
2018-10-17 05:00:00,0.86,0.02,0.39,0.94,23.5,96.0,22.8,1008.4,5.0,-2.8512208774027776,1.4527695991665497
2018-10-17 06:00:00,0.68,0.0,0.28,0.67,24.4,91.0,22.8,1009.0,6.5,-1.761649323676896,-0.7117525274902327
2018-10-17 07:00:00,0.67,0.01,0.18,0.61,25.7,84.0,22.8,1009.8,9.4,-1.7669289302057951,-0.34345619167778085
2018-10-17 08:00:00,0.83,0.01,0.17,0.81,27.5,74.0,22.5,1010.6,12.2,-1.7677669529663687,-1.7677669529663689
2018-10-17 09:00:00,0.95,0.02,0.28,0.94,29.0,68.0,22.5,1011.0,14.0,-0.34345619167778063,-1.7669289302057951
2018-10-17 10:00:00,0.94,0.06,0.13,0.94,30.2,65.0,23.0,1010.6,23.8,2.1729143493093033,-0.3441558230885075
2018-10-17 11:00:00,0.71,0.14,0.2,0.64,31.1,63.0,23.1,1009.1,22.3,2.4853631043215896,-1.0549740469210385
2018-10-17 12:00:00,1.0,1.0,0.18,0.52,31.7,62.0,23.5,1007.9,24.1,1.8000513314744355,1.0815799573111142
2018-10-17 13:00:00,1.0,1.0,0.21,0.91,28.5,74.0,23.5,1006.7,29.2,-2.8275989951215266,13.302807369979757
2018-10-17 14:00:00,0.87,0.4,0.43,0.8,29.1,70.0,23.0,1006.0,29.2,-2.5079526825623373,1.8221342821066664
2018-10-17 15:00:00,0.95,0.18,0.14,0.94,29.1,70.0,23.1,1005.7,25.2,-6.440453362786736,1.8467702839738938
2018-10-17 16:00:00,1.0,0.39,0.09,1.0,28.2,73.0,23.0,1006.0,25.2,-1.111012477946399,3.633958072659535
2018-10-17 17:00:00,0.75,0.01,0.67,0.93,28.9,68.0,22.5,1005.8,12.2,-0.7212463965468108,6.862201078041086
2018-10-17 18:00:00,0.93,0.0,0.2,0.92,27.5,77.0,23.1,1006.3,13.0,-4.0150350544573215,5.734064310022943
2018-10-17 19:00:00,0.92,0.0,0.03,0.92,26.5,82.0,23.2,1007.4,13.7,-5.374011537017761,5.37401153701776
2018-10-17 20:00:00,0.89,0.0,0.03,0.88,25.9,85.0,23.1,1008.3,13.3,-1.4214781741247584,4.3748599749577055
2018-10-17 21:00:00,0.96,0.0,0.09,0.96,25.6,87.0,23.4,1008.8,7.2,1.8159619989581868,3.5640260967534716
2018-10-17 22:00:00,0.92,0.0,0.33,0.9,25.2,92.0,23.8,1008.9,6.5,2.894873798829253,3.5748714227020653
2018-10-17 23:00:00,0.81,0.0,0.46,0.77,25.1,93.0,23.9,1008.5,6.1,2.9108871788279895,0.7257656867990033
2018-10-18 00:00:00,0.78,0.0,0.1,0.76,25.0,94.0,23.9,1008.1,5.0,2.8783838397598336,-0.35342109587492826
2018-10-18 01:00:00,0.34,0.0,0.02,0.33,24.5,95.0,23.7,1007.0,6.5,3.6339580726595346,-1.1110124779463995
2018-10-18 02:00:00,0.62,0.01,0.03,0.62,24.5,92.0,23.1,1006.6,9.4,5.377666356487367,-2.1727182418122895
2018-10-18 03:00:00,0.81,0.01,0.0,0.81,24.7,85.0,22.0,1006.4,11.5,6.430842427582553,-1.4846769586695083
2018-10-18 04:00:00,0.88,0.01,0.0,0.88,24.2,87.0,21.9,1006.6,10.8,5.087576656325104,-0.3557580160950386
2018-10-18 05:00:00,0.9,0.0,0.0,0.86,24.2,88.0,22.0,1007.1,8.3,5.074340152243906,1.8469087739586103
2018-10-18 06:00:00,0.76,0.0,0.0,0.76,25.4,82.0,22.1,1007.9,8.6,4.676976310969129,-1.0797650608505516
2018-10-18 07:00:00,0.68,0.0,0.0,0.68,26.9,76.0,22.3,1008.7,12.6,3.5670951622914937,-3.2118269105225172
2018-10-18 08:00:00,0.83,0.0,0.0,0.83,28.6,70.0,22.8,1009.2,16.9,3.2693856872009652,-4.669166652447252
2018-10-18 09:00:00,0.8,0.06,0.01,0.79,29.9,67.0,23.0,1009.5,17.6,1.4205902870109297e-15,-5.8
2018-10-18 10:00:00,0.66,0.08,0.13,0.62,31.0,60.0,22.2,1008.8,19.1,-2.149021206691006,-5.062776693988422
2018-10-18 11:00:00,0.29,0.09,0.16,0.22,31.8,56.0,21.9,1007.7,18.7,-1.7489675652259409,-3.9282454678631837
2018-10-18 12:00:00,0.36,0.11,0.13,0.31,32.4,54.0,21.9,1006.6,18.4,-1.1110124779463997,-3.6339580726595346
2018-10-18 13:00:00,0.23,0.15,0.12,0.15,32.8,54.0,22.2,1005.4,18.4,-3.5670951622914924,-3.2118269105225195
2018-10-18 14:00:00,0.91,0.08,0.23,0.89,30.9,63.0,23.0,1005.1,24.8,-10.423721839997087,3.1868515814778298
2018-10-18 15:00:00,0.34,0.17,0.17,0.22,30.2,69.0,23.9,1004.5,25.6,-9.353074360871938,5.399999999999999
2018-10-18 16:00:00,0.35,0.07,0.11,0.27,29.5,71.0,23.8,1005.3,25.9,-9.708278749247294,5.381386784734341
2018-10-18 17:00:00,0.2,0.02,0.06,0.9,28.8,73.0,23.5,1005.6,23.4,-7.59396739791272,2.1775351109542926
2018-10-18 18:00:00,0.87,0.02,0.04,0.87,27.4,81.0,23.8,1006.2,14.8,-3.9210044190878905,4.672871103025765
2018-10-18 19:00:00,0.85,0.01,0.04,0.85,26.5,88.0,24.4,1007.0,10.4,-4.898587196589413e-16,4.0
2018-10-18 20:00:00,0.89,0.02,0.03,0.89,26.1,89.0,24.2,1007.8,6.1,0.3557580160950389,5.087576656325103
2018-10-18 21:00:00,0.87,0.03,0.05,0.86,26.2,87.0,23.9,1008.4,5.8,3.6320205787563564,-0.705993282893217
2018-10-18 22:00:00,0.33,0.24,0.11,0.21,25.5,89.0,23.6,1008.3,15.1,6.887939181478538,-3.2118987892293167
2018-10-18 23:00:00,0.48,0.4,0.11,0.38,25.0,91.0,23.5,1008.3,12.6,5.062776693988423,-2.149021206691004
2018-10-19 00:00:00,0.99,0.99,0.16,0.78,24.0,96.0,23.2,1007.8,11.5,3.613305274337834,-4.01298205757793
2018-10-19 01:00:00,0.98,0.97,0.26,0.82,23.5,96.0,22.9,1007.4,9.4,-0.35575801609503904,-5.087576656325103
2018-10-19 02:00:00,0.8,0.31,0.24,0.74,23.3,97.0,22.9,1007.2,14.4,-0.4134540543192563,-7.889173324561134
2018-10-19 03:00:00,0.77,0.02,0.15,0.75,23.2,97.0,22.8,1006.7,14.4,-1.0324674692655236,-6.518743047927909
2018-10-19 04:00:00,0.7,0.08,0.1,0.67,23.2,97.0,22.6,1006.8,11.2,0.31924933308196063,-6.0916401620029
2018-10-19 05:00:00,0.9,0.07,0.09,0.27,23.2,96.0,22.5,1007.2,13.3,1.3226185430791415e-15,-5.4
2018-10-19 06:00:00,0.22,0.0,0.19,0.04,23.8,93.0,22.6,1007.8,11.9,1.0811407922523513,-5.086367523815789
2018-10-19 07:00:00,0.25,0.01,0.24,0.01,25.2,87.0,22.8,1008.6,13.7,0.709782814896336,-5.050367150582008
2018-10-19 08:00:00,0.14,0.01,0.13,0.01,27.0,77.0,22.6,1009.3,16.2,1.0811407922523513,-5.086367523815789
2018-10-19 09:00:00,0.15,0.04,0.09,0.04,28.8,71.0,23.1,1009.6,16.6,-0.6883116461770159,-4.3458286986186065
2018-10-19 10:00:00,0.3,0.27,0.13,0.03,30.2,63.0,22.5,1008.9,17.3,-2.8948737988292517,-3.5748714227020657
2018-10-19 11:00:00,0.35,0.18,0.27,0.1,30.9,61.0,22.5,1007.9,18.7,-3.9641832724372428,-2.8801477362331185
2018-10-19 12:00:00,0.57,0.47,0.24,0.36,30.9,64.0,23.2,1006.6,22.0,-8.635151519279502,1.060263287624782
2018-10-19 13:00:00,0.59,0.01,0.21,0.5,29.4,70.0,23.4,1005.7,26.3,-7.971652103870405,4.981241083792125
2018-10-19 14:00:00,0.71,0.23,0.2,0.61,30.4,69.0,24.0,1004.8,24.5,-4.366330768241984,-1.0886485301985045
2018-10-19 15:00:00,0.79,0.66,0.32,0.57,30.0,69.0,23.8,1005.1,18.0,-6.49109197590473,0.34018371557913496
2018-10-19 16:00:00,0.93,0.58,0.17,0.89,28.0,75.0,23.1,1006.0,18.4,-4.283637201794505,0.3747696938149304
2018-10-19 17:00:00,0.96,0.01,0.12,0.31,28.9,73.0,23.5,1005.4,13.0,-3.9402334420842138,5.043268823083021
2018-10-19 18:00:00,0.49,0.05,0.16,0.43,27.6,78.0,23.5,1006.2,12.6,-4.333068166694747,5.750175672340509
2018-10-19 19:00:00,0.65,0.09,0.22,0.57,26.8,82.0,23.5,1007.2,12.2,-2.490620541896064,3.9858260519352022
2018-10-19 20:00:00,0.95,0.14,0.25,0.93,26.5,85.0,23.8,1008.3,7.9,-1.4235782507653014,3.197409101749103
2018-10-19 21:00:00,0.97,0.18,0.22,0.96,26.3,87.0,24.0,1008.8,9.4,2.138415658052083,1.0895771993749126
2018-10-19 22:00:00,0.71,0.24,0.25,0.62,24.6,94.0,23.6,1009.4,21.6,6.855693556378479,-5.356254835333228
2018-10-19 23:00:00,0.66,0.24,0.43,0.51,24.1,96.0,23.4,1009.2,21.2,2.5237363199446046,-3.604268994871563
2018-10-20 00:00:00,0.54,0.19,0.37,0.31,24.2,95.0,23.4,1008.6,22.0,5.387787044493737,-5.777694242791449
2018-10-20 01:00:00,0.48,0.31,0.34,0.19,23.7,94.0,22.6,1008.0,23.8,6.505382386916239,-6.505382386916235
2018-10-20 02:00:00,0.89,0.77,0.41,0.71,23.2,95.0,22.4,1007.7,22.3,3.516580156403465,-8.284543681071963
2018-10-20 03:00:00,0.92,0.33,0.44,0.86,23.1,95.0,22.4,1007.4,21.2,4.716281451675525,-7.54762805579219
2018-10-20 04:00:00,0.95,0.75,0.41,0.91,23.2,95.0,22.4,1007.7,15.5,4.361704647071823,-6.466493065929326
2018-10-20 05:00:00,0.95,0.24,0.17,0.28,24.1,95.0,23.2,1007.5,15.1,0.7423384793347556,-3.215421213791276
2018-10-20 06:00:00,0.48,0.19,0.08,0.4,24.7,93.0,23.5,1008.2,8.6,2.163159914622229,-3.600102662948871
2018-10-20 07:00:00,0.47,0.16,0.17,0.38,25.8,88.0,23.6,1009.3,13.0,8.817456953860943e-16,-3.6
2018-10-20 08:00:00,0.76,0.34,0.26,0.63,26.8,82.0,23.5,1010.2,18.0,-3.9402334420842133,-5.043268823083021
2018-10-20 09:00:00,0.77,0.39,0.2,0.71,27.6,80.0,23.9,1010.7,18.4,-3.921004419087889,-4.6728711030257655
2018-10-20 10:00:00,0.78,0.71,0.17,0.64,29.0,77.0,24.5,1010.3,18.7,-3.963444403430551,-3.2095339943541705
2018-10-20 11:00:00,0.99,0.6,0.98,0.75,30.2,68.0,23.6,1008.9,18.7,1.046162167924669,-0.339918693812442
2018-10-20 12:00:00,0.98,0.68,0.4,0.95,27.0,79.0,23.1,1008.2,24.8,-11.89275084152724,0.41530401075976137
2018-10-20 13:00:00,0.97,0.0,0.35,0.96,27.4,79.0,23.4,1007.0,28.4,-3.96029588778518,1.0611580849203355
2018-10-20 14:00:00,0.98,0.01,0.1,0.98,29.4,71.0,23.5,1006.2,16.6,-1.4375439180851268,1.0832670416736871
2018-10-20 15:00:00,0.98,0.4,0.16,0.98,28.2,75.0,23.2,1006.4,20.9,-6.10580806867569,1.076618701534968
2018-10-20 16:00:00,0.98,0.3,0.48,0.96,26.4,85.0,23.6,1007.0,17.6,1.0506577808748208,3.2335921554035223
2018-10-20 17:00:00,0.96,0.23,0.18,0.95,28.0,75.0,23.2,1006.7,11.2,-5.791600382341218,1.1257730727216144
2018-10-20 18:00:00,0.92,0.01,0.31,0.9,25.2,93.0,24.0,1007.6,22.3,-2.542346798541462,4.989636535454859
2018-10-20 19:00:00,0.86,0.1,0.22,0.83,24.6,93.0,23.5,1008.6,20.9,2.588564282916442,10.382164271153162
2018-10-20 20:00:00,0.97,0.18,0.18,0.96,24.0,95.0,23.1,1009.9,21.2,-1.4326213531414094,4.685893304218874
2018-10-20 21:00:00,0.97,0.28,0.15,0.96,23.5,97.0,23.0,1010.4,16.9,1.7918397477265022,4.667902132486008
2018-10-20 22:00:00,0.99,0.07,0.18,0.99,23.5,96.0,22.9,1010.6,16.2,0.37476969381492914,4.283637201794505
2018-10-20 23:00:00,1.0,0.24,0.14,1.0,23.3,97.0,22.8,1010.5,14.8,-2.9108871788279895,-0.725765686799003
2018-10-21 00:00:00,1.0,0.06,0.13,1.0,23.0,98.0,22.6,1009.9,12.6,-1.0506577808748212,-3.233592155403522
2018-10-21 01:00:00,1.0,0.08,0.14,1.0,23.0,98.0,22.6,1008.5,14.0,5.750880114781584,-4.656970893768798
2018-10-21 02:00:00,1.0,0.1,0.01,1.0,23.0,98.0,22.6,1007.8,13.0,3.2693856872009652,-4.669166652447252
2018-10-21 03:00:00,1.0,0.11,0.0,1.0,23.1,97.0,22.7,1007.6,9.7,3.6339580726595346,-1.1110124779463995
2018-10-21 04:00:00,0.99,0.25,0.19,0.99,23.1,97.0,22.6,1008.0,6.5,-3.9188697572715305e-16,3.2
2018-10-21 05:00:00,1.0,0.21,0.07,0.99,23.5,95.0,22.5,1008.1,8.6,1.7937955949114466,-3.236092916415765
2018-10-21 06:00:00,0.93,0.11,0.07,0.92,24.1,92.0,22.6,1008.6,10.1,0.4045875477159287,-5.78587149150698
2018-10-21 07:00:00,0.83,0.14,0.05,0.81,25.2,87.0,22.8,1009.4,11.9,9.797174393178826e-16,-4.0
2018-10-21 08:00:00,0.22,0.14,0.02,0.18,27.2,78.0,23.0,1010.0,15.8,1.0811407922523513,-5.086367523815789
2018-10-21 09:00:00,0.37,0.22,0.07,0.24,29.0,68.0,22.6,1010.1,21.2,-1.8221035401853065,-7.892397524760405
2018-10-21 10:00:00,0.43,0.21,0.14,0.34,30.1,63.0,22.2,1009.6,23.0,-2.153104870837043,-8.635631963856369
2018-10-21 11:00:00,0.53,0.11,0.18,0.46,31.0,59.0,21.9,1008.7,23.4,-1.8296228791962823,-8.607698886457491
2018-10-21 12:00:00,0.44,0.1,0.3,0.3,31.7,54.0,21.4,1007.5,23.0,-0.30013567164150834,-8.594761112364223
2018-10-21 13:00:00,0.51,0.08,0.24,0.4,32.1,52.0,21.0,1006.1,22.3,-1.1133848076805235,-7.922144549932563
2018-10-21 14:00:00,0.77,0.1,0.32,0.7,31.5,53.0,20.9,1005.8,20.9,-6.855693556378481,-5.356254835333226
2018-10-21 15:00:00,0.87,0.02,0.35,0.82,30.4,61.0,22.1,1005.6,20.9,-8.666893873398186,0.7582549619046266
2018-10-21 16:00:00,0.92,0.0,0.33,0.9,29.2,72.0,23.8,1005.9,20.9,-7.947845481490627,3.538608794759462
2018-10-21 17:00:00,0.98,0.08,0.15,0.68,28.4,76.0,23.7,1006.3,18.7,-8.666893873398186,0.7582549619046266
2018-10-21 18:00:00,0.82,0.09,0.46,0.77,27.2,82.0,24.0,1007.3,17.3,-6.869189578867051,4.292346040288959
2018-10-21 19:00:00,0.63,0.12,0.32,0.5,26.9,83.0,23.8,1008.2,13.7,-3.613305274337836,4.012982057577928
2018-10-21 20:00:00,0.99,0.19,0.48,0.98,26.6,85.0,24.0,1009.6,9.4,-2.490541614735148,2.1649947956686737
2018-10-21 21:00:00,0.99,0.34,0.4,0.99,25.6,91.0,24.1,1010.3,17.3,1.846908773958611,5.074340152243906
2018-10-21 22:00:00,1.0,1.0,0.27,1.0,24.2,97.0,23.8,1010.8,23.4,6.16289295184922,2.873804179836754
2018-10-21 23:00:00,1.0,0.96,0.32,0.99,23.9,97.0,23.3,1010.5,21.2,5.062776693988422,2.149021206691006
2018-10-22 00:00:00,1.0,1.0,0.41,1.0,23.6,97.0,23.2,1009.8,15.1,4.667902132486008,1.7918397477265036
2018-10-22 01:00:00,1.0,0.99,0.36,1.0,23.6,98.0,23.2,1008.8,15.1,6.464392319893777,-0.6794350112397444
2018-10-22 02:00:00,1.0,1.0,0.36,0.99,23.5,97.0,23.0,1008.5,19.8,7.200205325897744,-4.326319829244455
2018-10-22 03:00:00,1.0,1.0,0.44,0.99,23.5,96.0,22.8,1008.1,15.5,3.5499933986218735,-7.612985411107861
2018-10-22 04:00:00,0.99,0.82,0.28,0.99,23.6,94.0,22.5,1008.3,19.4,5.405176495178691,-8.650090580795544
2018-10-22 05:00:00,1.0,0.16,0.12,0.84,23.4,96.0,22.6,1008.5,18.4,3.2095339943541727,-3.96344440343055
2018-10-22 06:00:00,0.82,0.25,0.24,0.76,24.0,92.0,22.7,1009.2,11.9,4.672871103025766,-3.921004419087889
2018-10-22 07:00:00,0.89,0.02,0.58,0.82,24.6,91.0,23.0,1010.1,11.5,1.437543918085127,1.083267041673687
2018-10-22 08:00:00,1.0,0.45,0.71,1.0,26.1,83.0,23.0,1010.4,16.6,0.7526049355271046,-7.160557646651568
2018-10-22 09:00:00,1.0,0.0,0.19,1.0,25.9,89.0,24.0,1010.8,20.2,0.33852511801425794,-9.694091022085228
2018-10-22 10:00:00,1.0,0.0,0.73,1.0,25.8,91.0,24.2,1010.6,20.2,0.655710853194781,-9.377102072442348
2018-10-22 11:00:00,1.0,0.08,0.17,1.0,25.8,92.0,24.3,1009.6,18.7,1.4940690949597709e-15,-6.1
2018-10-22 12:00:00,1.0,0.25,0.75,1.0,26.6,88.0,24.5,1008.5,18.4,-2.5648410533120636,-7.893769085249775
2018-10-22 13:00:00,1.0,0.2,0.7,0.99,27.8,80.0,24.0,1007.2,20.2,-4.015035054457322,-5.7340643100229425
2018-10-22 14:00:00,0.99,0.14,0.45,0.99,28.1,78.0,24.0,1006.3,20.5,-2.197614961051637,-4.7128004925905795
2018-10-22 15:00:00,0.98,0.46,0.25,0.97,27.7,80.0,24.0,1005.9,20.9,-2.1013155617496424,-6.467184310807044
2018-10-22 16:00:00,0.97,0.2,0.33,0.97,27.3,81.0,23.6,1006.2,21.2,-1.4474368994146258,1.7874357113510329
2018-10-22 17:00:00,0.89,0.03,0.18,0.72,27.0,83.0,23.9,1006.0,15.5,-4.898587196589413e-16,4.0
2018-10-22 18:00:00,0.45,0.15,0.08,0.39,25.8,91.0,24.1,1006.9,9.0,0.3763024677635526,3.580278823325784
2018-10-22 19:00:00,0.76,0.27,0.11,0.73,25.6,90.0,24.0,1007.8,6.1,1.7937955949114468,3.236092916415765
2018-10-22 20:00:00,0.99,0.61,0.31,0.99,25.0,94.0,23.9,1008.9,13.7,0.3557580160950389,5.087576656325103
2018-10-22 21:00:00,0.99,0.2,0.22,0.98,24.5,96.0,23.8,1009.6,16.9,1.4493866525741164,5.4091846272187825
2018-10-22 22:00:00,0.98,0.49,0.15,0.96,23.9,98.0,23.5,1010.2,17.3,2.181643291108516,3.9357886821272814
2018-10-22 23:00:00,1.0,0.97,0.36,0.98,23.7,98.0,23.4,1010.1,17.6,3.281922254715302,-0.3449439287832548
2018-10-23 00:00:00,0.99,0.9,0.37,0.98,23.7,98.0,23.4,1009.4,16.2,1.4364846019678081,-3.9467090073008158
2018-10-23 01:00:00,0.98,0.16,0.26,0.98,23.8,97.0,23.2,1008.3,9.7,0.709782814896336,-5.050367150582008
2018-10-23 02:00:00,0.98,0.1,0.1,0.97,23.5,98.0,23.2,1007.4,9.4,2.490620541896064,-3.985826051935202
2018-10-23 03:00:00,0.98,0.05,0.03,0.98,23.3,99.0,23.0,1007.0,8.3,2.545584412271572,-2.5455844122715705
2018-10-23 04:00:00,0.97,0.06,0.04,0.97,23.4,98.0,23.0,1007.4,7.2,4.374859974957706,-1.421478174124757
2018-10-23 05:00:00,0.99,0.08,0.15,0.96,23.5,96.0,22.8,1008.1,11.2,2.8991378028648453,-2.899137802864844
2018-10-23 06:00:00,0.98,0.04,0.03,0.98,23.9,92.0,22.6,1008.5,11.2,4.329989591337348,-4.981083229470294
2018-10-23 07:00:00,0.74,0.05,0.04,0.72,25.1,87.0,22.8,1009.5,15.1,4.364789504399989,-4.680663690362692
2018-10-23 08:00:00,0.91,0.06,0.02,0.9,27.0,79.0,23.0,1009.9,17.6,2.9055391983331007,-5.702441754805554
2018-10-23 09:00:00,0.92,0.26,0.01,0.9,28.8,70.0,22.8,1010.5,25.2,-2.2246550917500247,-10.46617932785172
2018-10-23 10:00:00,0.42,0.31,0.0,0.22,30.0,64.0,22.5,1010.3,25.2,-2.5159877142365445,-10.091075553270363
2018-10-23 11:00:00,0.16,0.06,0.04,0.12,31.0,58.0,22.0,1009.6,31.3,-3.659615533584655,-10.05471104240922
2018-10-23 12:00:00,0.35,0.1,0.05,0.31,31.5,56.0,21.8,1008.3,27.7,-1.109011024986842,-9.032169979936029
2018-10-23 13:00:00,0.56,0.13,0.06,0.52,32.0,53.0,21.2,1006.8,25.6,1.145571828008384,-9.329933825428428
2018-10-23 14:00:00,0.48,0.2,0.09,0.41,32.2,50.0,20.5,1006.0,23.4,1.145571828008384,-9.329933825428428
2018-10-23 15:00:00,0.44,0.28,0.09,0.39,32.0,49.0,20.0,1005.7,22.3,-3.2678342100901627,-5.032023407672544
2018-10-23 16:00:00,0.39,0.0,0.06,0.37,29.8,69.0,23.4,1006.0,20.9,-9.706975700031004,4.734408385322038
2018-10-23 17:00:00,0.51,0.08,0.01,0.48,29.3,67.0,22.6,1006.4,25.6,-7.505054539300878,3.990508283680073
2018-10-23 18:00:00,0.63,0.02,0.07,0.61,27.2,79.0,23.2,1007.3,18.4,-7.208537989743127,5.0474726398892065
2018-10-23 19:00:00,0.76,0.09,0.09,0.73,26.4,85.0,23.6,1007.8,15.1,-4.366330768241984,1.088648530198505
2018-10-23 20:00:00,0.95,0.05,0.09,0.94,26.6,86.0,24.0,1008.7,9.0,-4.312631754255381,3.2498011250210617
2018-10-23 21:00:00,0.96,0.01,0.08,0.95,25.6,93.0,24.4,1009.4,9.4,-3.9402334420842138,5.043268823083021
2018-10-23 22:00:00,0.93,0.03,0.07,0.93,26.1,89.0,24.1,1009.4,7.6,-5.050367150582009,0.7097828148963332
2018-10-23 23:00:00,0.92,0.14,0.18,0.91,25.6,90.0,23.9,1009.0,7.9,-4.998560818879258,-1.4333142502483958
2018-10-24 00:00:00,0.96,0.07,0.15,0.96,25.0,91.0,23.5,1008.0,9.7,-4.3748599749577055,-1.4214781741247582
2018-10-24 01:00:00,0.99,0.06,0.14,0.98,25.0,93.0,23.6,1007.2,6.8,-2.8772616073430903,-3.195522749552795
2018-10-24 02:00:00,0.99,0.34,0.14,0.99,24.6,92.0,23.2,1006.5,10.8,1.801725498392897,-2.8833635269318476
2018-10-24 03:00:00,0.98,0.56,0.4,0.97,24.1,96.0,23.5,1006.3,14.4,1.0777488443215544,0.7269507745119705
2018-10-24 04:00:00,0.99,0.41,0.3,0.98,24.2,93.0,23.0,1006.6,4.7,0.7269507745119708,1.0777488443215544
2018-10-24 05:00:00,0.99,0.3,0.32,0.94,24.4,95.0,23.5,1007.1,4.0,1.447436899414627,-1.7874357113510322
2018-10-24 06:00:00,0.96,0.29,0.45,0.94,24.8,94.0,23.7,1008.0,7.2,0.3441558230885085,-2.172914349309303
2018-10-24 07:00:00,0.95,0.33,0.28,0.95,25.8,86.0,23.2,1009.1,7.2,-0.4,-2.4492935982947065e-17
2018-10-24 08:00:00,0.97,0.41,0.07,0.95,27.0,81.0,23.4,1009.7,13.7,-1.0811407922523486,-5.08636752381579
2018-10-24 09:00:00,0.98,0.28,0.06,0.97,28.4,73.0,23.0,1010.2,20.5,-5.7208097262102,-6.817795543758905
2018-10-24 10:00:00,0.98,0.28,0.02,0.97,29.5,65.0,22.3,1009.9,20.9,-6.139453095510071,-4.971631089293716
2018-10-24 11:00:00,0.98,0.24,0.21,0.97,30.8,59.0,21.7,1008.8,22.7,-5.7208097262102,-6.817795543758905
2018-10-24 12:00:00,0.96,0.25,0.24,0.95,31.3,55.0,21.2,1007.5,22.3,-3.9754388860199636,-7.171881598543044
2018-10-24 13:00:00,0.97,0.32,0.29,0.96,31.1,56.0,21.4,1006.4,22.3,-4.666904755831213,-4.666904755831213
2018-10-24 14:00:00,0.94,0.24,0.36,0.92,29.0,70.0,22.9,1006.2,23.4,-8.65274562245294,-3.672872607799173
2018-10-24 15:00:00,0.95,0.12,0.11,0.94,28.6,72.0,23.1,1005.8,24.5,-8.294943864258496,0.28966582263075796
2018-10-24 16:00:00,0.94,0.04,0.07,0.94,28.1,76.0,23.5,1006.0,19.8,-6.790680836331102,-0.35588450245201897
2018-10-24 17:00:00,0.94,0.12,0.12,0.79,28.6,76.0,24.0,1005.8,15.5,-3.984778792366982,-0.34862297099063255
2018-10-24 18:00:00,0.88,0.11,0.12,0.87,27.1,83.0,24.1,1006.3,11.2,-3.236092916415765,1.793795594911447
2018-10-24 19:00:00,0.51,0.1,0.12,0.44,26.7,86.0,24.2,1007.5,6.1,-2.867896404846534,2.493024310163927
2018-10-24 20:00:00,0.63,0.11,0.04,0.59,26.4,87.0,24.1,1008.2,7.6,-3.9282454678631837,1.748967565225941
2018-10-24 21:00:00,0.74,0.1,0.03,0.72,26.3,86.0,23.9,1008.8,9.4,-6.49109197590473,-0.3401837155791358
2018-10-24 22:00:00,0.87,0.08,0.08,0.86,25.9,89.0,23.9,1009.2,13.7,-7.2,-4.4087284769304716e-16
2018-10-24 23:00:00,1.0,1.0,0.2,0.94,24.8,93.0,23.6,1009.6,11.9,2.1808523235359116,-3.233246532964663
2018-10-25 00:00:00,0.99,0.8,0.39,0.97,23.8,98.0,23.4,1009.1,16.9,5.412017391981861,-5.04678786446249
2018-10-25 01:00:00,0.98,0.11,0.53,0.97,23.6,97.0,23.2,1008.5,16.9,-0.34345619167778063,-1.7669289302057951
2018-10-25 02:00:00,0.97,0.0,0.4,0.95,23.5,97.0,23.0,1007.8,10.8,-5.043268823083022,-3.9402334420842133
2018-10-25 03:00:00,0.99,0.3,0.48,0.98,23.4,97.0,22.9,1007.4,11.5,-1.7918397477265013,-4.667902132486009
2018-10-25 04:00:00,0.99,0.33,0.98,0.98,23.4,98.0,23.0,1007.6,15.1,-0.6794350112397476,-6.4643923198937765
2018-10-25 05:00:00,1.0,1.0,0.28,0.98,23.6,96.0,23.0,1008.3,17.3,-1.061158084920335,-3.96029588778518
2018-10-25 06:00:00,0.97,0.54,0.26,0.96,23.8,96.0,23.0,1008.8,13.7,-1.7918397477265013,-4.667902132486009
2018-10-25 07:00:00,0.99,0.97,0.2,0.98,24.4,92.0,23.0,1009.6,15.1,-2.8637765329939335,-5.385980316439454
2018-10-25 08:00:00,0.99,0.76,0.36,0.98,24.8,89.0,22.9,1010.4,18.7,-7.121464023352646,-6.877117867544073
2018-10-25 09:00:00,0.99,0.19,0.53,0.99,26.5,85.0,23.9,1010.6,30.6,-5.82763767466079,-8.973775077016036
2018-10-25 10:00:00,1.0,1.0,0.29,1.0,27.8,82.0,24.5,1010.5,26.6,-3.6149310334513594,-6.798696465013738
2018-10-25 11:00:00,1.0,1.0,0.16,0.98,28.8,80.0,25.0,1009.7,26.3,1.4326213531414123,-4.685893304218873
2018-10-25 12:00:00,0.98,0.61,0.48,0.97,28.4,77.0,24.0,1008.9,30.6,-10.81550771911611,-2.4969567032169007
2018-10-25 13:00:00,1.0,0.12,0.48,1.0,26.5,85.0,23.9,1008.1,29.2,-5.358438019581682,4.658019105832601
2018-10-25 14:00:00,1.0,0.0,0.68,1.0,25.5,90.0,23.8,1007.4,28.1,-6.841600689897065,-3.950000000000001
2018-10-25 15:00:00,1.0,0.03,0.06,1.0,26.1,86.0,23.6,1006.7,15.8,-1.8017254983928965,-2.883363526931848
2018-10-25 16:00:00,1.0,0.19,0.16,1.0,26.4,85.0,23.6,1007.6,24.1,-5.048424097670398,-6.461688179575119
2018-10-25 17:00:00,1.0,0.02,0.03,0.99,26.9,87.0,24.5,1007.3,23.4,-2.1449244407331385,-1.7998053071223101
2018-10-25 18:00:00,0.98,0.06,0.05,0.97,26.8,83.0,23.7,1007.7,5.4,9.797174393178826e-16,-4.0
2018-10-25 19:00:00,0.93,0.03,0.03,0.91,25.7,90.0,24.0,1007.9,6.8,-2.2218812871808615,-5.788198644282651
2018-10-25 20:00:00,0.87,0.0,0.01,0.85,25.2,90.0,23.5,1008.9,7.9,-3.9597979746446654,-3.9597979746446663
2018-10-25 21:00:00,0.92,0.0,0.01,0.92,25.1,90.0,23.4,1009.6,9.0,-5.0229473419497435,-2.9000000000000004
2018-10-25 22:00:00,0.97,0.02,0.04,0.97,24.9,92.0,23.5,1009.9,11.2,-3.244739871933341,-5.400153994423308
2018-10-25 23:00:00,0.94,0.08,0.02,0.93,24.5,94.0,23.5,1009.7,10.8,0.37668495821827847,-5.386845871403051
2018-10-26 00:00:00,0.87,0.06,0.0,0.86,24.4,95.0,23.5,1009.2,11.9,1.141971594793687,-7.210124886344505
2018-10-26 01:00:00,0.81,0.09,0.01,0.79,24.4,94.0,23.3,1008.5,15.5,0.7844016847289249,-8.96575228282571
2018-10-26 02:00:00,0.9,0.21,0.05,0.89,24.3,93.0,23.1,1007.9,17.3,0.7045403848156689,-10.075396907624224
2018-10-26 03:00:00,0.94,0.11,0.19,0.92,24.5,90.0,22.8,1007.6,18.0,1.419565629792672,-10.100734301164016
2018-10-26 04:00:00,0.77,0.26,0.26,0.72,24.6,88.0,22.5,1007.9,18.7,-1.1707187885977188,-11.13864522812466
2018-10-26 05:00:00,0.87,0.32,0.36,0.92,24.1,92.0,22.8,1008.4,19.8,-1.4171916423663495,-6.1385314081469815
2018-10-26 06:00:00,0.97,0.22,0.39,0.95,24.3,91.0,22.8,1009.1,13.7,-1.0577155672964973,-7.5260373224359345
2018-10-26 07:00:00,0.97,0.21,0.42,0.95,25.1,89.0,23.2,1009.9,16.9,-0.721246396546809,-6.862201078041086
2018-10-26 08:00:00,0.96,0.15,0.42,0.95,26.2,84.0,23.3,1010.4,20.9,-2.1414904154229215,-10.0749202875582
2018-10-26 09:00:00,0.97,0.15,0.41,0.95,27.5,79.0,23.5,1010.8,29.5,-3.7211043035294886,-12.977032895167305
2018-10-26 10:00:00,0.98,0.86,0.79,0.95,28.5,74.0,23.5,1010.4,37.8,-8.319732448461316,-13.314355109655887
2018-10-26 11:00:00,0.99,0.06,0.88,0.98,28.5,78.0,24.2,1009.7,38.2,-6.524416300446451,-8.980088637561916
2018-10-26 12:00:00,0.98,0.25,0.88,0.96,29.4,75.0,24.4,1008.2,40.7,-4.311408416603482,-9.683581851011569
2018-10-26 13:00:00,1.0,0.02,1.0,0.92,26.9,83.0,23.7,1008.2,45.7,-12.94427190999916,-9.40456403667957
2018-10-26 14:00:00,0.94,0.04,0.61,0.9,27.4,82.0,24.1,1007.4,40.0,-11.876090949353811,-5.287576359985403
2018-10-26 15:00:00,0.99,0.0,0.98,0.94,27.5,81.0,23.9,1007.1,26.6,-12.959121861643629,-2.991849022773404
2018-10-26 16:00:00,1.0,0.0,0.9,1.0,27.1,81.0,23.5,1007.1,25.9,-9.325458242752807,-1.8126854560771768
2018-10-26 17:00:00,1.0,0.03,0.02,0.94,27.2,77.0,22.8,1007.2,18.4,-4.6421352007971475,-0.7352419856890854
2018-10-26 18:00:00,0.96,0.0,0.04,0.96,25.6,86.0,23.1,1007.7,8.3,-4.326372811226469,1.8364363038995868
2018-10-26 19:00:00,0.87,0.0,0.06,0.87,26.0,82.0,22.8,1008.4,5.8,-1.801725498392897,2.883363526931848
2018-10-26 20:00:00,0.82,0.01,0.12,0.81,26.0,83.0,22.8,1009.2,4.0,1.414213562373095,1.4142135623730954
2018-10-26 21:00:00,0.83,0.02,0.1,0.82,25.0,88.0,23.0,1009.4,7.2,-5.420413862312148,-3.93816119035957
2018-10-26 22:00:00,0.86,0.03,0.12,0.84,24.4,91.0,22.9,1009.8,9.7,-2.5624408513775414,-5.755336383148386
2018-10-26 23:00:00,0.89,0.02,0.22,0.86,24.8,87.0,22.4,1010.0,11.2,-2.1013155617496424,-6.467184310807044
2018-10-27 00:00:00,0.91,0.02,0.18,0.89,24.4,86.0,21.9,1009.6,12.6,-0.37681888494919563,-7.190132650232932
2018-10-27 01:00:00,0.86,0.03,0.2,0.83,24.0,87.0,21.7,1008.9,12.2,1.4846769586695112,-6.430842427582552
2018-10-27 02:00:00,0.87,0.04,0.2,0.83,24.0,88.0,21.8,1008.1,13.0,1.469229264399394,-7.558529312547013
2018-10-27 03:00:00,0.95,0.05,0.23,0.94,23.8,88.0,21.7,1007.8,13.0,1.392905666248776,-7.165878439167947
2018-10-27 04:00:00,0.97,0.08,0.22,0.96,23.7,88.0,21.6,1008.0,12.6,1.0577155672965006,-7.526037322435934
2018-10-27 05:00:00,0.96,0.04,0.26,0.98,24.1,86.0,21.6,1008.5,13.3,0.4134540543192605,-7.889173324561134
2018-10-27 06:00:00,0.92,0.13,0.14,0.91,24.6,84.0,21.8,1009.1,17.6,-1.0975488643103615,-10.44247990136687
2018-10-27 07:00:00,0.93,0.18,0.21,0.92,26.0,80.0,22.2,1009.7,21.6,-1.1707187885977188,-11.13864522812466
2018-10-27 08:00:00,0.97,0.2,0.12,0.96,27.0,76.0,22.5,1010.2,27.0,-3.7211043035294886,-12.977032895167305
2018-10-27 09:00:00,0.98,0.27,0.14,0.98,28.6,69.0,22.4,1010.6,37.1,-10.381733497953935,-14.826652001630753
2018-10-27 10:00:00,0.99,0.28,0.22,0.99,29.4,66.0,22.2,1009.8,36.0,-8.555651423102429,-12.68427486009214
2018-10-27 11:00:00,1.0,0.33,0.25,1.0,30.0,63.0,22.1,1008.7,32.4,-8.65976065673893,-13.334862030332243
2018-10-27 12:00:00,0.99,0.23,0.26,0.99,30.8,60.0,22.1,1007.5,34.6,-10.404678933003625,-13.3173817359536
2018-10-27 13:00:00,0.99,0.24,0.3,0.99,30.5,63.0,22.6,1006.8,34.9,-13.329173310270216,-11.184504408545784
2018-10-27 14:00:00,0.98,0.17,0.28,0.97,29.2,71.0,23.5,1006.6,36.7,-9.367828489024015,-10.40402755668352
2018-10-27 15:00:00,0.96,0.11,0.17,0.95,28.7,75.0,23.8,1005.9,38.2,-10.062807426595889,-7.582869291715808
2018-10-27 16:00:00,0.98,0.15,0.16,0.98,27.7,79.0,23.7,1006.4,38.2,-4.366085533908785,-8.211412613588022
2018-10-27 17:00:00,0.95,0.04,0.08,0.95,28.9,72.0,23.3,1006.3,18.4,-7.172285669722766,-2.192787785420526
2018-10-27 18:00:00,0.94,0.0,0.19,0.94,26.7,84.0,23.9,1006.7,13.3,-6.148780366869514,-3.5500000000000007
2018-10-27 19:00:00,0.96,0.04,0.06,0.95,26.0,87.0,23.7,1007.3,8.3,-6.440453362786736,-1.8467702839738944
2018-10-27 20:00:00,0.99,0.07,0.26,0.99,25.6,89.0,23.7,1008.1,7.9,-6.1385314081469815,1.4171916423663498
2018-10-27 21:00:00,0.97,0.09,0.17,0.96,26.4,83.0,23.1,1008.4,7.2,1.1,2.0206672185931328e-16
2018-10-27 22:00:00,1.0,0.09,0.32,1.0,25.9,86.0,23.2,1008.5,1.4,0.35355339059327373,0.35355339059327384
2018-10-27 23:00:00,0.93,0.01,0.49,0.91,25.5,86.0,23.1,1008.1,2.5,1.7874357113510326,-1.447436899414626
2018-10-28 00:00:00,0.95,0.15,0.41,0.92,24.5,94.0,23.4,1008.3,16.2,2.164994795668674,-2.490541614735147
2018-10-28 01:00:00,1.0,0.22,0.42,1.0,24.4,94.0,23.2,1007.5,16.6,2.4853631043215896,-1.0549740469210385
2018-10-28 02:00:00,0.97,0.09,0.38,0.96,24.5,93.0,23.4,1007.5,5.0,1.4,2.5717582782094415e-16
2018-10-28 03:00:00,0.96,0.09,0.27,0.95,24.2,94.0,23.2,1006.8,5.0,1.1110124779464012,-3.633958072659534
2018-10-28 04:00:00,0.99,0.0,0.12,0.99,24.0,96.0,23.3,1006.6,12.6,1.7546182238821495,-7.600086505324834
2018-10-28 05:00:00,1.0,0.0,0.12,0.99,23.7,87.0,21.5,1007.4,13.7,3.9754388860199623,-7.171881598543045
2018-10-28 06:00:00,0.99,0.0,0.16,0.99,24.1,82.0,21.0,1008.3,15.5,2.812054648812024,-8.654614298285896
2018-10-28 07:00:00,1.0,0.0,0.23,1.0,25.1,78.0,21.0,1009.1,21.2,1.1707187885977182,-11.13864522812466
2018-10-28 08:00:00,1.0,0.0,0.0,1.0,26.6,73.0,21.3,1009.4,32.8,-1.4467853296111257,-16.536831988322977
2018-10-28 09:00:00,1.0,0.0,0.0,1.0,28.2,66.0,21.4,1009.3,36.7,-2.2058351156331697,-17.96508534470793
2018-10-28 10:00:00,1.0,0.03,0.02,1.0,29.4,62.0,21.4,1009.2,37.1,-3.6800369274743403,-17.31321253298836
2018-10-28 11:00:00,0.99,0.11,0.0,0.99,30.5,55.0,20.5,1008.0,36.4,-3.3582383186271887,-17.276638428678886
2018-10-28 12:00:00,0.98,0.05,0.0,0.98,31.1,49.0,19.3,1006.1,37.4,-3.510885514928424,-18.061940175437016
2018-10-28 13:00:00,0.97,0.0,0.01,0.97,31.8,44.0,18.2,1005.3,37.8,-5.376895702124084,-16.54838338353567
2018-10-28 14:00:00,0.95,0.0,0.03,0.95,32.0,43.0,17.9,1005.0,34.9,-7.8999999999999995,-13.683201379794133
2018-10-28 15:00:00,0.94,0.0,0.02,0.94,31.6,46.0,18.5,1004.3,32.0,-7.099999999999999,-12.29756073373903
2018-10-28 16:00:00,0.98,0.0,0.03,0.98,31.0,52.0,20.0,1004.4,27.4,-5.391926446648768,-8.302838622659698
2018-10-28 17:00:00,0.93,0.02,0.0,0.0,29.1,61.0,20.9,1005.0,18.0,-6.143640332167439,-4.301823272632845
2018-10-28 18:00:00,0.98,0.01,0.0,0.98,27.0,68.0,20.6,1005.8,12.6,-6.467184310807044,-2.1013155617496424
2018-10-28 19:00:00,0.99,0.0,0.0,0.99,25.9,74.0,20.8,1006.5,9.7,-4.312631754255381,3.2498011250210617
2018-10-28 20:00:00,1.0,0.0,0.0,1.0,25.6,81.0,22.1,1007.4,10.4,-5.0159053651246746,3.644268564213333
2018-10-28 21:00:00,1.0,0.0,0.04,1.0,25.4,82.0,22.0,1007.9,10.4,-6.430842427582553,1.4846769586695092
2018-10-28 22:00:00,0.99,0.0,0.07,0.99,25.1,79.0,21.4,1008.0,10.8,-5.737828535778212,-1.7542302283364206
2018-10-28 23:00:00,0.98,0.0,0.0,0.98,24.2,84.0,21.5,1007.8,10.1,-4.023790324368742,-4.314986839553106
2018-10-29 00:00:00,0.98,0.0,0.0,0.98,23.9,86.0,21.5,1007.6,8.3,1.801725498392897,-2.8833635269318476
2018-10-29 01:00:00,0.98,0.0,0.0,0.98,23.5,89.0,21.5,1006.8,10.1,5.0229473419497435,-2.9000000000000004
2018-10-29 02:00:00,0.99,0.0,0.0,0.99,23.4,90.0,21.6,1006.1,10.1,4.649263446279659,-3.6324027044213856
2018-10-29 03:00:00,1.0,0.02,0.0,1.0,23.3,90.0,21.6,1005.7,10.1,4.664264528860344,-2.9145559532826257
2018-10-29 04:00:00,0.99,0.04,0.0,0.99,23.2,91.0,21.6,1005.6,9.4,3.606244584051393,-3.606244584051391
2018-10-29 05:00:00,1.0,0.0,0.0,0.92,23.1,94.0,22.1,1005.6,8.3,4.366330768241984,-1.0886485301985036
2018-10-29 06:00:00,0.92,0.01,0.0,0.92,24.4,90.0,22.5,1006.4,9.0,1.4500000000000013,-2.5114736709748713
2018-10-29 07:00:00,0.9,0.0,0.0,0.9,25.9,85.0,23.2,1007.3,8.6,0.7117525274902334,-1.7616493236768958
2018-10-29 08:00:00,0.96,0.0,0.0,0.96,27.9,75.0,23.0,1008.1,10.8,1.083267041673687,-1.437543918085127
2018-10-29 09:00:00,0.96,0.07,0.0,0.95,29.6,63.0,21.7,1008.2,16.2,0.37668495821827847,-5.386845871403051
2018-10-29 10:00:00,0.99,0.12,0.0,0.98,30.5,57.0,20.9,1007.6,22.3,-1.3766232923540318,-8.691657397237213
2018-10-29 11:00:00,0.99,0.04,0.0,0.99,30.9,55.0,20.8,1006.7,22.3,-1.1133848076805235,-7.922144549932563
2018-10-29 12:00:00,0.97,0.51,0.0,0.95,31.1,53.0,20.4,1005.5,22.3,1.719116958902611,-9.74959675482086
2018-10-29 13:00:00,0.88,0.0,0.02,0.88,31.1,54.0,20.7,1004.3,23.0,-0.4134540543192563,-7.889173324561134
2018-10-29 14:00:00,0.81,0.08,0.05,0.79,31.7,52.0,20.7,1003.5,19.8,-1.8376152202278973,-6.858073366652385
2018-10-29 15:00:00,0.5,0.02,0.09,0.45,31.7,52.0,20.6,1003.2,18.0,-1.0811407922523486,-5.08636752381579
2018-10-29 16:00:00,0.32,0.01,0.21,0.25,31.4,54.0,21.0,1003.5,13.3,2.4905416147351485,-2.1649947956686733
2018-10-29 17:00:00,0.98,0.01,0.03,0.55,29.3,79.0,25.3,1004.0,8.3,2.8678964048465345,-2.4930243101639267
2018-10-29 18:00:00,0.58,0.0,0.03,0.57,28.1,71.0,22.5,1004.3,5.0,3.6320205787563564,-0.705993282893217
2018-10-29 19:00:00,0.82,0.0,0.01,0.82,26.4,80.0,22.6,1005.1,6.8,5.4091846272187825,1.4493866525741155
2018-10-29 20:00:00,0.9,0.02,0.01,0.9,25.4,85.0,22.5,1006.0,7.9,-1.8467702839738949,6.440453362786736
2018-10-29 21:00:00,1.0,0.01,0.01,1.0,25.2,85.0,22.5,1006.7,10.1,-2.8999999999999995,5.022947341949744
2018-10-29 22:00:00,1.0,0.0,0.0,1.0,24.4,87.0,22.1,1007.0,10.1,2.181643291108516,3.9357886821272814
2018-10-29 23:00:00,0.99,0.0,0.0,0.99,23.8,88.0,21.7,1006.5,7.6,1.7489675652259409,3.9282454678631837
2018-10-30 00:00:00,0.86,0.0,0.0,0.86,23.4,90.0,21.6,1006.0,7.6,3.5748714227020644,2.894873798829254
2018-10-30 01:00:00,0.35,0.0,0.0,0.35,22.8,94.0,21.7,1005.0,7.6,6.1385314081469815,1.417191642366351
2018-10-30 02:00:00,0.28,0.0,0.0,0.28,23.7,88.0,21.5,1004.3,7.2,1.083267041673687,-1.437543918085127
2018-10-30 03:00:00,0.65,0.0,0.01,0.65,22.3,95.0,21.5,1004.0,4.3,-0.3449439287832564,-3.2819222547153015
2018-10-30 04:00:00,0.6,0.0,0.01,0.6,22.4,96.0,21.6,1004.5,7.2,-0.3747696938149301,-4.283637201794505
2018-10-30 05:00:00,0.46,0.0,0.0,0.97,22.6,96.0,22.0,1004.7,10.4,1.7613968679372018,-5.421022142882375
2018-10-30 06:00:00,0.92,0.0,0.0,0.92,23.4,93.0,22.2,1005.6,11.5,2.542346798541463,-4.989636535454859
2018-10-30 07:00:00,0.95,0.0,0.0,0.95,25.5,86.0,22.9,1006.7,9.7,0.3441558230885085,-2.172914349309303
2018-10-30 08:00:00,0.7,0.0,0.0,0.7,27.8,75.0,23.0,1007.3,11.9,-1.4474368994146258,-1.7874357113510329
2018-10-30 09:00:00,0.72,0.0,0.0,0.72,29.8,64.0,22.1,1007.5,12.6,-1.7669289302057951,-0.34345619167778085
2018-10-30 10:00:00,0.14,0.1,0.12,0.0,31.0,57.0,21.5,1007.0,14.4,-2.1449244407331385,-1.7998053071223101
2018-10-30 11:00:00,0.12,0.11,0.06,0.03,31.8,53.0,21.1,1006.0,17.6,-2.542346798541462,-4.98963653545486
2018-10-30 12:00:00,0.97,0.16,0.03,0.97,32.3,51.0,21.0,1004.7,21.2,-1.1133848076805235,-7.922144549932563
2018-10-30 13:00:00,0.98,0.07,0.04,0.98,32.5,51.0,21.0,1003.8,22.3,1.389185421335443,-7.878462024097664
2018-10-30 14:00:00,0.86,0.06,0.03,0.86,32.6,50.0,20.9,1003.1,21.6,1.4846769586695112,-6.430842427582552
2018-10-30 15:00:00,0.98,0.06,0.04,0.98,32.3,51.0,20.9,1002.7,18.4,-0.6945927106677213,-3.939231012048832
2018-10-30 16:00:00,1.0,0.03,0.03,1.0,31.8,54.0,21.1,1003.1,12.6,-4.667902132486009,1.7918397477265013
2018-10-30 17:00:00,0.97,0.0,0.0,0.76,28.8,69.0,22.5,1003.9,19.1,-2.795245687107227,10.431998923921936
2018-10-30 18:00:00,0.77,0.0,0.0,0.77,27.5,68.0,21.1,1004.7,19.4,0.7045403848156653,10.075396907624224
2018-10-30 19:00:00,0.35,0.0,0.06,0.33,27.0,70.0,21.2,1005.6,18.0,1.0557374790033003,10.04467114321956
2018-10-30 20:00:00,0.46,0.0,0.06,0.43,26.7,71.0,21.1,1006.3,18.4,3.5836794954530045,9.335804264972015
2018-10-30 21:00:00,0.79,0.0,0.2,0.74,26.0,76.0,21.4,1006.7,17.3,-1.7613968679372007,5.421022142882375
2018-10-30 22:00:00,0.84,0.03,0.25,0.79,25.3,85.0,22.5,1007.3,9.0,-4.676976310969129,1.079765060850552
2018-10-30 23:00:00,0.65,0.05,0.19,0.58,25.4,85.0,22.5,1006.6,5.8,-1.800051331474436,-1.0815799573111138
2018-10-31 00:00:00,0.75,0.12,0.02,0.73,24.8,87.0,22.5,1006.0,8.6,-2.8801477362331185,-3.9641832724372428
2018-10-31 01:00:00,0.95,0.12,0.09,0.95,24.5,91.0,22.9,1005.2,10.8,-2.2218812871808615,-5.788198644282651
2018-10-31 02:00:00,0.96,0.12,0.01,0.96,24.8,91.0,23.1,1004.9,11.5,-2.8637765329939335,-5.385980316439454
2018-10-31 03:00:00,0.76,0.08,0.04,0.75,24.5,93.0,23.4,1004.6,12.6,-4.656970893768797,-5.750880114781585
2018-10-31 04:00:00,0.34,0.06,0.02,0.33,24.2,93.0,23.0,1004.8,13.0,-3.9402334420842133,-5.043268823083021
2018-10-31 05:00:00,0.96,0.09,0.62,0.3,24.6,93.0,23.4,1005.0,10.4,0.3278554265973905,-4.688551036221174
2018-10-31 06:00:00,0.97,0.16,0.93,0.62,25.6,88.0,23.5,1005.6,12.2,2.2218812871808646,-5.78819864428265
2018-10-31 07:00:00,0.97,0.5,0.86,0.89,26.8,83.0,23.7,1006.5,11.5,9.797174393178826e-16,-4.0
2018-10-31 08:00:00,0.98,0.08,0.55,0.97,27.7,79.0,23.8,1007.1,11.2,-0.37630246776355253,-3.580278823325784
2018-10-31 09:00:00,0.99,0.35,0.4,0.99,29.5,68.0,23.0,1006.9,24.5,-5.085105302753298,-10.426010937070338
2018-10-31 10:00:00,0.9,0.3,0.33,0.86,30.3,65.0,22.9,1006.5,26.6,-5.727553065987867,-10.771960632878908
2018-10-31 11:00:00,0.8,0.22,0.55,0.61,31.2,61.0,22.8,1005.5,27.4,-3.186851581477831,-10.423721839997087
2018-10-31 12:00:00,0.75,0.19,0.6,0.49,31.3,60.0,22.7,1004.4,25.2,-1.8221035401853065,-7.892397524760405
2018-10-31 13:00:00,0.75,0.25,0.67,0.26,31.5,60.0,22.9,1003.7,20.5,-1.437543918085127,-1.083267041673687
2018-10-31 14:00:00,0.75,0.69,0.36,0.57,30.9,63.0,23.0,1003.0,18.7,-1.0895771993749124,2.138415658052083
2018-10-31 15:00:00,0.99,0.08,0.29,0.99,29.5,71.0,23.8,1003.0,26.6,-2.141490415422921,10.0749202875582
2018-10-31 16:00:00,0.99,0.0,0.5,0.99,28.2,79.0,24.2,1004.0,25.9,-11.573653837646852,7.516018683207376
2018-10-31 17:00:00,1.0,0.01,0.08,1.0,28.5,79.0,24.4,1004.0,26.6,-4.363286582217034,7.871577364254562
2018-10-31 18:00:00,0.99,0.04,0.09,0.99,27.8,81.0,24.1,1004.9,16.6,-1.4861274178821944,9.383039235653808
2018-10-31 19:00:00,0.99,0.14,0.33,0.98,27.2,82.0,23.9,1005.7,16.2,-0.6794350112397493,6.4643923198937765
2018-10-31 20:00:00,0.94,0.4,0.2,0.92,26.5,84.0,23.7,1007.0,11.5,-1.4554435894139948,-0.3628828433995015
2018-10-31 21:00:00,0.99,0.31,0.19,0.99,25.2,94.0,24.2,1007.4,11.2,-4.015035054457322,-5.7340643100229425
2018-10-31 22:00:00,1.0,0.02,0.28,1.0,24.9,96.0,24.1,1007.1,12.6,-2.1791543987498248,-4.276831316104166
2018-10-31 23:00:00,1.0,0.06,0.02,1.0,24.7,96.0,24.1,1006.1,8.3,-2.8783838397598336,-0.3534210958749277
2018-11-01 00:00:00,1.0,0.25,0.37,1.0,24.4,97.0,23.9,1005.7,14.0,-2.8999999999999995,-5.022947341949744
2018-11-01 01:00:00,0.99,0.04,0.27,0.99,24.2,96.0,23.6,1004.8,15.1,-5.420413862312148,-3.93816119035957
2018-11-01 02:00:00,1.0,0.25,1.0,1.0,24.0,97.0,23.6,1005.0,14.4,-4.971631089293716,-6.139453095510071
2018-11-01 03:00:00,1.0,0.22,0.81,1.0,23.9,96.0,23.3,1005.0,16.6,-1.3891854213354426,-7.878462024097664
2018-11-01 04:00:00,1.0,0.02,1.0,1.0,24.1,94.0,23.0,1004.7,18.0,1.453901549023941,-2.1554976886431088
2018-11-01 05:00:00,1.0,0.09,1.0,1.0,24.7,95.0,23.9,1004.9,10.4,5.074340152243905,-1.8469087739586127
2018-11-01 06:00:00,1.0,0.12,1.0,1.0,24.9,95.0,24.0,1005.4,13.3,6.869189578867052,-4.292346040288957
2018-11-01 07:00:00,1.0,0.35,0.71,1.0,24.6,94.0,23.5,1006.4,22.3,7.547095802227722,-6.56059028990507
2018-11-01 08:00:00,1.0,0.31,1.0,0.92,24.6,92.0,23.2,1007.9,19.4,1.7613968679372018,-5.421022142882375
2018-11-01 09:00:00,1.0,0.07,0.58,1.0,25.2,89.0,23.2,1008.0,14.8,5.032023407672545,-3.26783421009016
2018-11-01 10:00:00,1.0,0.94,0.26,1.0,24.8,93.0,23.5,1007.9,23.0,7.185941174554808,2.4743179738743906
2018-11-01 11:00:00,1.0,0.23,0.08,1.0,25.4,90.0,23.6,1007.0,23.0,8.635151519279502,1.0602632876247804
2018-11-01 12:00:00,1.0,0.13,0.22,1.0,26.0,87.0,23.6,1005.9,19.4,8.594761112364223,-0.300135671641511
2018-11-01 13:00:00,1.0,0.13,0.37,1.0,27.1,81.0,23.5,1005.1,21.2,7.208504807130727,-6.4905668816809206
2018-11-01 14:00:00,1.0,0.0,0.36,1.0,27.5,81.0,23.9,1004.3,24.1,5.829111906565255,-9.328529057720685
2018-11-01 15:00:00,1.0,0.0,0.26,1.0,27.7,81.0,24.1,1003.6,23.4,5.815606196095764,-8.621990754572435
2018-11-01 16:00:00,1.0,0.03,0.61,1.0,27.6,81.0,24.0,1004.0,22.3,4.014873486536643,-8.609923976848176
2018-11-01 17:00:00,1.0,0.0,0.49,1.0,27.6,81.0,24.0,1004.3,18.7,1.4326213531414123,-4.685893304218873
2018-11-01 18:00:00,1.0,0.02,0.17,1.0,26.8,85.0,24.1,1004.8,8.6,-0.7097828148963337,-5.050367150582009
2018-11-01 19:00:00,1.0,0.0,0.01,1.0,26.2,89.0,24.2,1005.6,8.6,1.0797650608505536,-4.6769763109691285
2018-11-01 20:00:00,1.0,0.02,0.02,1.0,26.1,89.0,24.1,1006.5,10.8,1.7640790772287933,-6.1520748540052415
2018-11-01 21:00:00,0.99,0.04,0.11,0.99,25.9,89.0,23.9,1007.3,11.2,-0.31924933308195735,-6.0916401620029
2018-11-01 22:00:00,0.99,0.08,0.12,0.99,25.6,88.0,23.5,1007.2,10.8,-0.31924933308195735,-6.0916401620029
2018-11-01 23:00:00,1.0,0.1,0.04,1.0,25.5,89.0,23.5,1006.9,11.5,-0.3558845024520181,-6.790680836331102
2018-11-02 00:00:00,1.0,0.24,0.06,1.0,25.2,91.0,23.7,1006.4,11.9,1.592040838891559e-15,-6.5
2018-11-02 01:00:00,1.0,0.99,0.23,0.99,24.4,95.0,23.5,1005.9,14.8,0.6972459419812665,-7.969557584733964
2018-11-02 02:00:00,1.0,0.16,0.47,1.0,24.3,95.0,23.4,1005.1,18.0,3.2833933759264187,-9.02104915954472
2018-11-02 03:00:00,1.0,0.3,0.24,1.0,24.1,95.0,23.4,1005.0,16.6,1.113384807680527,-7.922144549932562
2018-11-02 04:00:00,1.0,0.46,0.53,1.0,24.0,95.0,23.1,1005.4,22.3,-1.098162358620493,-12.552053195955994
2018-11-02 05:00:00,1.0,0.09,0.44,0.71,23.9,94.0,22.8,1005.8,24.1,0.4153040107597598,-11.89275084152724
2018-11-02 06:00:00,0.93,0.91,0.36,0.69,23.6,94.0,22.6,1006.7,22.0,0.8021994480574448,-11.471986577987979
2018-11-02 07:00:00,0.81,0.31,0.46,0.71,24.5,90.0,22.8,1007.1,20.9,-0.3769145643870105,-10.793420931806235
2018-11-02 08:00:00,1.0,1.0,0.47,0.8,25.9,84.0,22.9,1007.6,28.8,-6.713443347838239,-12.626150577882656
2018-11-02 09:00:00,1.0,1.0,0.23,0.92,26.9,81.0,23.3,1008.3,36.4,-5.367251924106883,-11.510108895365454
2018-11-02 10:00:00,1.0,1.0,0.28,0.88,27.1,82.0,23.9,1008.2,35.3,-2.5881904510252074,-9.659258262890683
2018-11-02 11:00:00,1.0,1.0,0.4,0.89,26.8,84.0,24.0,1007.3,29.9,-5.8199302464836125,-9.68599049793387
2018-11-02 12:00:00,0.98,0.82,0.55,0.95,27.4,82.0,24.0,1006.3,31.0,-6.836932394392027,-6.156001578501495
2018-11-02 13:00:00,0.99,0.37,0.54,0.98,26.6,85.0,24.0,1005.3,27.7,-6.825132184860354,-7.580077219869421
2018-11-02 14:00:00,0.99,0.88,0.45,0.98,27.5,83.0,24.5,1004.4,23.0,-1.4195656297926673,-10.100734301164017
2018-11-02 15:00:00,0.99,0.4,0.67,0.97,26.5,83.0,23.4,1004.2,33.8,-8.725585085573748,-10.037637416962868
2018-11-02 16:00:00,0.99,0.96,0.49,0.94,26.0,88.0,23.9,1004.6,26.6,-6.054188098612474,-8.332875042061959
2018-11-02 17:00:00,0.98,0.35,0.24,0.95,26.2,88.0,24.1,1004.7,25.2,-2.12231616984067,-7.92059177557036
2018-11-02 18:00:00,0.95,0.14,0.16,0.94,25.8,90.0,24.0,1005.5,18.0,-2.952954217699641,-9.658678035226657
2018-11-02 19:00:00,0.99,0.26,0.26,0.98,25.2,93.0,24.0,1006.2,17.3,-4.349999999999999,-7.534421012924616
2018-11-02 20:00:00,1.0,0.12,0.32,0.99,25.1,94.0,24.1,1007.0,15.5,-4.683895701129233,-7.212566884330647
2018-11-02 21:00:00,1.0,0.81,0.55,1.0,24.6,96.0,24.0,1007.8,14.0,-3.6133052743378347,-4.012982057577929
2018-11-02 22:00:00,1.0,1.0,0.7,1.0,24.3,97.0,23.8,1007.8,11.9,-5.087576656325103,-0.35575801609503865
2018-11-02 23:00:00,1.0,0.96,0.92,1.0,24.0,97.0,23.5,1007.5,10.1,-3.5640260967534716,1.815961998958187
2018-11-03 00:00:00,1.0,0.94,0.43,0.99,23.8,97.0,23.2,1007.0,9.7,-1.3471114790620887e-16,1.1
2018-11-03 01:00:00,1.0,1.0,0.31,0.98,23.5,98.0,23.1,1006.2,11.9,-2.8991378028648445,-2.899137802864845
2018-11-03 02:00:00,1.0,1.0,0.19,0.99,23.3,98.0,23.0,1006.1,11.9,-2.1816432911085166,-3.935788682127281
2018-11-03 03:00:00,1.0,1.0,0.5,1.0,23.2,98.0,22.9,1006.3,10.4,-2.914555953282627,-4.664264528860342
2018-11-03 04:00:00,1.0,0.07,0.93,1.0,23.1,97.0,22.6,1006.6,17.6,-6.876644452187053,-4.996174644486022
2018-11-03 05:00:00,1.0,1.0,0.41,0.99,23.1,97.0,22.7,1006.5,18.0,-3.603450996785793,-5.766727053863696
2018-11-03 06:00:00,1.0,1.0,0.63,0.97,23.5,97.0,22.9,1007.5,18.7,-5.829111906565254,-9.328529057720685
2018-11-03 07:00:00,1.0,0.78,0.22,1.0,24.5,90.0,22.8,1008.3,25.2,-8.188297621831255,-10.480543022969401
2018-11-03 08:00:00,1.0,1.0,0.22,1.0,25.4,87.0,23.1,1009.0,28.4,-6.095202647831141,-9.036509540849956
2018-11-03 09:00:00,0.99,0.77,0.23,0.98,26.4,85.0,23.6,1009.1,29.9,-6.464445490919412,-8.27411291287058
2018-11-03 10:00:00,0.99,0.5,0.23,0.99,27.1,83.0,24.0,1009.0,27.7,-3.9499999999999997,-6.841600689897066
2018-11-03 11:00:00,1.0,0.97,1.0,0.98,28.8,74.0,23.8,1008.0,31.3,-1.4553818357243153,-6.84703320513664
2018-11-03 12:00:00,0.99,0.4,0.15,0.98,27.5,80.0,23.8,1007.2,31.0,-6.5144714853360535,3.9142893693164122
2018-11-03 13:00:00,1.0,0.0,0.47,1.0,27.2,83.0,24.1,1006.2,29.9,-7.172285669722767,2.192787785420525
2018-11-03 14:00:00,1.0,0.07,0.16,1.0,27.9,81.0,24.4,1005.6,23.8,-9.06164160250269,2.092044805397945
2018-11-03 15:00:00,1.0,0.92,0.15,1.0,27.5,82.0,24.2,1005.6,29.2,-11.160878248725057,1.7677094549546084
2018-11-03 16:00:00,1.0,0.22,0.12,1.0,26.5,85.0,23.8,1006.0,30.6,-4.314986839553106,-4.023790324368742
2018-11-03 17:00:00,1.0,0.12,0.28,1.0,25.8,88.0,23.8,1006.3,12.6,-6.143371093601032,-5.728786224524987
2018-11-03 18:00:00,1.0,0.11,0.41,1.0,25.0,92.0,23.6,1007.0,15.5,-5.358438019581681,-4.658019105832602
2018-11-03 19:00:00,0.99,0.1,0.31,0.99,24.3,96.0,23.6,1007.6,11.9,-1.7542302283364206,-5.737828535778212
2018-11-03 20:00:00,0.99,0.39,0.21,0.99,24.1,97.0,23.5,1008.5,11.5,0.6794350112397471,-6.4643923198937765
2018-11-03 21:00:00,0.99,0.38,0.28,0.98,23.9,97.0,23.4,1009.4,11.2,0.37476969381493075,-4.283637201794505
2018-11-03 22:00:00,1.0,1.0,0.45,0.99,23.6,97.0,23.1,1009.4,9.4,-2.8991378028648445,-2.899137802864845
2018-11-03 23:00:00,1.0,0.59,0.55,0.99,23.5,97.0,23.0,1009.0,12.2,-0.7068421917498553,-5.756767679519667
2018-11-04 00:00:00,0.98,0.88,0.17,0.97,23.2,98.0,22.8,1008.2,15.8,-1.1419715947936853,-7.210124886344506
2018-11-04 01:00:00,0.97,0.52,0.29,0.94,23.0,98.0,22.8,1007.5,14.4,2.225843787881678,-8.306962106085987
2018-11-04 02:00:00,1.0,1.0,0.34,0.97,23.0,97.0,22.5,1007.0,15.1,1.4846769586695112,-6.430842427582552
2018-11-04 03:00:00,1.0,1.0,0.28,0.95,23.0,97.0,22.6,1007.0,15.8,1.7634913907721887e-15,-7.2
2018-11-04 04:00:00,1.0,1.0,0.3,0.9,23.1,97.0,22.7,1007.0,16.6,1.4846769586695112,-6.430842427582552
2018-11-04 05:00:00,0.94,0.19,0.26,0.89,23.8,96.0,23.1,1006.8,11.5,-1.392905666248777,-7.165878439167947
2018-11-04 06:00:00,0.94,0.3,0.21,0.92,24.2,95.0,23.4,1007.3,15.8,-1.7191169589026103,-9.74959675482086
2018-11-04 07:00:00,0.91,0.4,0.09,0.89,25.7,89.0,23.8,1008.2,27.0,-4.0375771035993235,-15.068442890109464
2018-11-04 08:00:00,0.94,0.38,0.03,0.9,27.2,81.0,23.6,1008.9,36.0,-8.035631845389979,-15.77081547813411
2018-11-04 09:00:00,0.61,0.47,0.0,0.5,28.6,72.0,23.0,1009.2,34.9,-10.050310886639206,-13.33721301778979
2018-11-04 10:00:00,0.73,0.3,0.29,0.61,29.6,66.0,22.6,1008.9,33.8,-11.869106705587743,-11.461863112573454
2018-11-04 11:00:00,0.78,0.15,0.29,0.69,30.4,62.0,22.4,1008.1,34.2,-12.937895262766144,-9.749403375063181
2018-11-04 12:00:00,0.66,0.09,0.35,0.5,30.9,59.0,22.0,1007.1,33.5,-14.081377284944272,-7.8054348859660285
2018-11-04 13:00:00,0.61,0.13,0.34,0.4,31.1,57.0,21.7,1006.0,33.1,-15.188330081965265,-6.447063620073016
2018-11-04 14:00:00,0.76,0.07,0.2,0.7,31.2,57.0,21.6,1004.9,33.5,-14.377138568056907,-5.518866422997626
2018-11-04 15:00:00,0.3,0.04,0.09,0.22,31.0,58.0,21.9,1004.5,31.3,-13.977245501931794,-6.223070639059744
2018-11-04 16:00:00,0.12,0.02,0.05,0.07,30.1,63.0,22.4,1005.1,30.2,-11.154318553674141,-7.24369916569986
2018-11-04 17:00:00,0.06,0.02,0.04,0.47,28.7,70.0,22.8,1005.5,24.5,-6.092338390726596,-3.239353783222647
2018-11-04 18:00:00,1.0,0.03,0.07,1.0,27.2,76.0,22.6,1006.6,11.9,-6.440453362786736,-1.8467702839738944
2018-11-04 19:00:00,0.99,0.01,0.16,0.99,26.4,82.0,23.1,1007.7,11.5,-5.062776693988422,-2.1490212066910055
2018-11-04 20:00:00,0.99,0.02,0.2,0.99,26.4,84.0,23.4,1008.7,10.1,-4.6728711030257655,-3.92100441908789
2018-11-04 21:00:00,1.0,0.02,0.27,1.0,25.6,88.0,23.5,1009.1,10.4,-3.244739871933341,-5.400153994423308
2018-11-04 22:00:00,1.0,0.14,0.22,1.0,25.6,89.0,23.6,1009.2,11.2,-1.7542302283364206,-5.737828535778212
2018-11-04 23:00:00,0.98,0.2,0.25,0.98,25.0,91.0,23.4,1008.9,10.8,2.1490212066910064,-5.062776693988422
2018-11-05 00:00:00,0.98,0.09,0.12,0.97,24.8,92.0,23.3,1008.1,12.2,2.1161930039715187,-6.1458707413955596
2018-11-05 01:00:00,0.99,0.22,0.21,0.99,24.2,94.0,23.2,1007.0,12.2,1.8376152202278968,-6.858073366652385
2018-11-05 02:00:00,0.99,0.21,0.17,0.99,24.1,94.0,23.2,1006.5,11.9,1.8376152202278968,-6.858073366652385
2018-11-05 03:00:00,0.98,0.12,0.1,0.98,24.2,94.0,23.1,1006.4,14.8,2.8649997592229792,-8.320563465273988
2018-11-05 04:00:00,1.0,0.22,0.02,1.0,23.9,95.0,23.0,1006.5,15.1,2.8649997592229792,-8.320563465273988
2018-11-05 05:00:00,1.0,0.11,0.0,0.98,24.5,92.0,23.0,1006.7,15.1,1.389185421335443,-7.878462024097664
2018-11-05 06:00:00,0.97,0.22,0.01,0.97,24.9,89.0,22.9,1007.7,15.8,0.655710853194781,-9.377102072442348
2018-11-05 07:00:00,0.78,0.12,0.13,0.74,26.1,84.0,23.1,1008.5,22.0,-0.7812725059342034,-11.17271736291003
2018-11-05 08:00:00,0.58,0.15,0.29,0.48,27.6,77.0,23.3,1009.4,29.9,-7.175182379645789,-12.944371665663057
2018-11-05 09:00:00,0.37,0.21,0.2,0.26,28.6,74.0,23.5,1010.1,29.9,-8.684621396487756,-10.7246142681062
2018-11-05 10:00:00,0.6,0.15,0.24,0.5,29.6,72.0,24.0,1009.6,31.0,-7.284420741658284,-10.403230962470195
2018-11-05 11:00:00,0.98,0.34,0.41,0.98,30.2,70.0,24.2,1008.6,30.2,-6.800509761618146,-9.02458126353441
2018-11-05 12:00:00,0.92,0.34,0.88,0.74,29.8,70.0,23.8,1007.5,29.5,-9.00025665737218,-5.407899786555569
2018-11-05 13:00:00,0.98,0.7,0.35,0.96,28.4,78.0,24.2,1006.6,28.1,-8.691657397237213,1.3766232923540314
2018-11-05 14:00:00,0.99,0.97,0.66,0.82,25.5,87.0,23.2,1006.1,24.5,-3.580278823325784,-0.3763024677635525
2018-11-05 15:00:00,0.91,0.16,0.43,0.85,26.4,85.0,23.6,1005.7,11.9,3.564026096753471,1.8159619989581879
2018-11-05 16:00:00,0.92,0.28,0.39,0.89,27.1,82.0,23.9,1005.8,17.3,3.195522749552796,2.87726160734309
2018-11-05 17:00:00,0.99,0.01,0.24,0.91,28.0,77.0,23.5,1005.0,16.2,-3.9597979746446654,-3.9597979746446663
2018-11-05 18:00:00,1.0,0.02,0.11,1.0,26.4,87.0,24.0,1005.6,10.1,-4.329989591337347,-4.981083229470295
2018-11-05 19:00:00,1.0,0.14,0.08,1.0,26.5,84.0,23.6,1007.0,7.2,-3.2526911934581184,3.252691193458118
2018-11-05 20:00:00,1.0,0.03,0.04,1.0,26.2,83.0,23.2,1008.1,6.8,-5.050367150582009,0.7097828148963332
2018-11-05 21:00:00,1.0,0.05,0.04,1.0,26.0,83.0,22.8,1008.9,10.8,-5.755336383148386,-2.5624408513775414
2018-11-05 22:00:00,1.0,0.04,0.04,1.0,25.6,84.0,22.8,1009.0,11.5,-4.658019105832602,-5.358438019581681
2018-11-05 23:00:00,1.0,0.0,0.06,1.0,25.0,88.0,22.9,1008.7,11.9,-1.7640790772287946,-6.1520748540052415
2018-11-06 00:00:00,1.0,0.03,0.0,1.0,24.5,90.0,22.8,1008.1,10.8,1.0811407922523513,-5.086367523815789
2018-11-06 01:00:00,1.0,0.03,0.0,1.0,24.4,90.0,22.6,1007.5,8.6,1.4326213531414123,-4.685893304218873
2018-11-06 02:00:00,1.0,0.0,0.32,1.0,24.5,89.0,22.5,1006.6,13.3,1.8221035401853092,-7.892397524760404
2018-11-06 03:00:00,1.0,0.03,0.86,1.0,24.5,87.0,22.1,1006.5,15.8,2.5634274090980904,-8.939733772226367
2018-11-06 04:00:00,1.0,0.01,1.0,1.0,24.5,86.0,21.9,1006.7,16.9,0.7582549619046273,-8.666893873398186
2018-11-06 05:00:00,1.0,0.08,0.97,1.0,24.0,91.0,22.5,1007.5,14.4,0.688311646177017,-4.345828698618606
2018-11-06 06:00:00,1.0,0.09,1.0,1.0,24.4,92.0,23.1,1008.3,8.3,1.0531962472667237e-15,-4.3
2018-11-06 07:00:00,1.0,0.14,1.0,1.0,25.0,90.0,23.2,1009.5,11.9,-3.2393537832226467,-6.092338390726597
2018-11-06 08:00:00,1.0,0.18,1.0,1.0,25.7,87.0,23.3,1009.9,13.7,-1.7640790772287946,-6.1520748540052415
2018-11-06 09:00:00,1.0,0.23,0.82,1.0,26.6,82.0,23.2,1010.7,20.9,-6.524416300446451,-8.980088637561916
2018-11-06 10:00:00,1.0,0.2,0.67,1.0,27.6,77.0,23.1,1010.3,29.5,-8.723409294143652,-12.932986131858652
2018-11-06 11:00:00,1.0,0.03,0.53,1.0,26.9,82.0,23.6,1009.3,31.0,-5.367251924106883,-11.510108895365454
2018-11-06 12:00:00,1.0,0.0,1.0,1.0,25.7,87.0,23.3,1008.4,25.9,-2.9731371786939587,-13.987510690493423
2018-11-06 13:00:00,1.0,0.0,0.95,1.0,25.5,85.0,22.6,1007.4,33.8,-3.1449846427956807,-12.613844441587954
2018-11-06 14:00:00,1.0,0.0,1.0,1.0,24.9,87.0,22.5,1006.6,27.7,1.376623292354034,-8.691657397237211
2018-11-06 15:00:00,1.0,0.05,0.96,1.0,24.4,89.0,22.5,1006.3,15.5,4.31335136523794,-4.3133513652379385
2018-11-06 16:00:00,1.0,0.0,0.98,1.0,24.3,90.0,22.5,1006.6,11.2,3.9597979746446668,-3.959797974644665
2018-11-06 17:00:00,1.0,0.1,0.99,1.0,25.4,91.0,23.8,1006.4,15.8,-0.7068421917498553,-5.756767679519667
2018-11-06 18:00:00,1.0,0.02,0.5,1.0,25.4,91.0,23.9,1007.1,10.4,0.688311646177017,-4.345828698618606
2018-11-06 19:00:00,1.0,0.0,0.0,1.0,24.9,93.0,23.7,1008.1,16.6,2.894873798829254,-3.5748714227020644
2018-11-06 20:00:00,1.0,0.0,1.0,1.0,24.6,94.0,23.6,1009.0,17.3,0.3557580160950407,-5.087576656325103
2018-11-06 21:00:00,1.0,0.0,1.0,1.0,24.4,95.0,23.5,1009.6,9.0,1.0494494745709957,-5.3989495089621515
2018-11-06 22:00:00,1.0,0.01,1.0,0.98,24.5,94.0,23.5,1010.1,11.9,2.101315561749644,-6.467184310807044
2018-11-06 23:00:00,1.0,0.0,1.0,0.97,24.5,93.0,23.3,1009.9,12.2,0.7212463965468086,-6.862201078041086
2018-11-07 00:00:00,1.0,0.0,1.0,0.97,24.3,93.0,23.1,1009.2,12.2,3.587591189822893,-6.47218583283153
2018-11-07 01:00:00,1.0,0.0,1.0,1.0,24.2,93.0,23.0,1008.2,12.6,3.914289369316414,-6.514471485336052
2018-11-07 02:00:00,1.0,0.0,1.0,1.0,24.0,92.0,22.6,1007.5,16.6,5.000000000000004,-8.660254037844384
2018-11-07 03:00:00,1.0,0.0,1.0,1.0,23.8,90.0,22.0,1006.9,17.6,4.716281451675525,-7.54762805579219
2018-11-07 04:00:00,1.0,0.0,1.0,1.0,23.6,89.0,21.8,1006.9,16.6,6.156614753256582,-7.8801075360672215
2018-11-07 05:00:00,1.0,0.07,1.0,0.99,23.3,89.0,21.3,1007.9,17.3,5.400153994423308,-3.244739871933341
2018-11-07 06:00:00,1.0,0.01,1.0,1.0,23.9,86.0,21.5,1008.5,22.3,7.187719590425639,-5.416335208368431
2018-11-07 07:00:00,1.0,0.0,1.0,1.0,24.1,86.0,21.6,1009.3,23.4,6.410784584587485,-6.874724795220205
2018-11-07 08:00:00,1.0,0.0,0.91,1.0,24.8,85.0,22.0,1010.1,23.0,4.403707847473605,-8.642763284627167
2018-11-07 09:00:00,1.0,0.01,1.0,1.0,25.6,84.0,22.6,1010.3,21.6,5.399415921366932,-6.434773322199414
2018-11-07 10:00:00,0.98,0.32,0.56,0.98,27.2,79.0,23.2,1010.0,21.2,2.891410350820627,-6.811735915548058
2018-11-07 11:00:00,0.98,0.29,0.19,0.98,28.8,69.0,22.6,1009.0,20.5,-4.363286582217033,-7.871577364254562
2018-11-07 12:00:00,0.75,0.14,0.38,0.68,30.1,61.0,21.8,1007.8,25.2,-7.2648054088427685,-9.29852689255932
2018-11-07 13:00:00,0.92,0.18,0.51,0.89,30.5,59.0,21.5,1006.8,30.2,-7.630837404958151,-12.211892584652533
2018-11-07 14:00:00,0.99,0.25,0.61,0.98,30.0,59.0,21.2,1005.8,30.2,-7.572636146505597,-9.69253226936268
2018-11-07 15:00:00,0.99,0.28,0.54,0.98,29.4,61.0,21.2,1005.3,24.5,-7.128052193506943,-3.631923997916375
2018-11-07 16:00:00,1.0,0.18,0.26,1.0,28.0,73.0,22.8,1005.7,15.8,-2.9047597471245066,8.939931253174443
2018-11-07 17:00:00,1.0,0.0,0.22,1.0,26.8,78.0,22.7,1006.1,22.7,-4.301823272632845,6.14364033216744
2018-11-07 18:00:00,1.0,0.02,0.42,1.0,25.6,84.0,22.8,1006.8,13.3,-1.7613968679372007,5.421022142882375
2018-11-07 19:00:00,0.99,0.48,0.94,0.99,25.4,85.0,22.7,1007.8,10.4,-3.269385687200962,4.669166652447254
2018-11-07 20:00:00,1.0,0.08,1.0,1.0,25.6,83.0,22.4,1008.6,10.1,-5.421022142882376,1.7613968679371999
2018-11-07 21:00:00,0.99,0.36,0.62,0.99,25.6,83.0,22.6,1009.1,10.8,-6.10580806867569,-1.0766187015349686
2018-11-07 22:00:00,0.99,0.14,0.16,0.99,24.9,91.0,23.2,1009.1,10.4,-2.2218812871808615,-5.788198644282651
2018-11-07 23:00:00,0.99,0.13,0.18,0.99,24.5,92.0,23.1,1008.8,6.8,2.4905416147351485,-2.1649947956686733
2018-11-08 00:00:00,0.99,0.23,0.36,0.99,24.1,94.0,23.0,1008.1,5.0,1.801725498392897,-2.8833635269318476
2018-11-08 01:00:00,1.0,0.11,0.47,0.99,24.3,93.0,23.1,1007.2,9.0,0.709782814896336,-5.050367150582008
2018-11-08 02:00:00,0.98,0.09,0.67,0.98,24.1,94.0,23.1,1006.6,8.3,1.0886485301985054,-4.366330768241984
2018-11-08 03:00:00,0.95,0.08,0.4,0.94,24.2,93.0,23.0,1006.0,13.0,1.7902220274375422,-7.180188374442374
2018-11-08 04:00:00,0.97,0.01,0.45,0.96,24.0,93.0,22.8,1006.2,13.0,1.7640790772287933,-6.1520748540052415
2018-11-08 05:00:00,0.99,0.01,0.22,0.98,23.9,94.0,22.9,1006.9,10.8,1.7546182238821495,-7.600086505324834
2018-11-08 06:00:00,1.0,0.03,0.21,1.0,24.4,92.0,22.9,1007.3,16.2,1.376623292354034,-8.691657397237211
2018-11-08 07:00:00,1.0,0.04,0.46,1.0,25.1,89.0,23.1,1008.2,14.4,1.0577155672965006,-7.526037322435934
2018-11-08 08:00:00,1.0,0.04,0.38,1.0,26.0,83.0,22.8,1009.1,24.1,-1.098162358620493,-12.552053195955994
2018-11-08 09:00:00,0.99,0.0,0.07,0.99,26.5,80.0,22.8,1009.3,32.8,4.139306181118054e-15,-16.9
2018-11-08 10:00:00,1.0,0.06,0.92,1.0,26.1,84.0,23.3,1008.3,32.8,3.9678556292374245e-15,-16.2
2018-11-08 11:00:00,1.0,0.38,0.97,1.0,25.7,89.0,23.7,1007.9,30.6,-1.1707187885977188,-11.13864522812466
2018-11-08 12:00:00,1.0,0.96,1.0,0.98,25.8,88.0,23.5,1007.2,22.3,-1.0110066158728348,-11.555858497864248
2018-11-08 13:00:00,1.0,0.76,1.0,0.98,25.6,88.0,23.5,1006.2,22.3,-4.766900247265242,-9.355568503977864
2018-11-08 14:00:00,0.98,0.86,0.76,0.95,25.6,92.0,24.2,1005.5,22.3,-7.23718449707313,-8.937178556755166
2018-11-08 15:00:00,0.99,0.89,0.97,0.92,25.2,93.0,24.0,1005.3,22.7,-5.811263767715345,-5.051654523226906
2018-11-08 16:00:00,0.99,0.32,0.84,0.98,25.2,93.0,24.0,1005.8,14.0,-5.048424097670398,-6.461688179575119
2018-11-08 17:00:00,1.0,0.01,1.0,1.0,24.4,91.0,22.8,1006.0,15.1,-5.085105302753298,-10.426010937070338
2018-11-08 18:00:00,1.0,0.0,1.0,1.0,24.0,92.0,22.7,1006.4,20.9,-4.948496447161061,-9.71197111365321
2018-11-08 19:00:00,1.0,0.02,1.0,1.0,23.9,93.0,22.6,1007.2,19.8,-4.734408385322037,-9.706975700031006
2018-11-08 20:00:00,1.0,0.09,0.05,1.0,23.9,94.0,22.8,1008.0,19.1,-2.510544737494451,-9.369480515003962
2018-11-08 21:00:00,1.0,0.08,0.04,1.0,23.6,95.0,22.8,1008.2,16.9,-0.3280552690035091,-9.394273773979501
2018-11-08 22:00:00,1.0,0.12,0.12,1.0,23.7,95.0,22.9,1008.2,16.2,-0.2896658226307581,-8.294943864258496
2018-11-08 23:00:00,1.0,0.15,0.48,1.0,23.5,96.0,22.9,1008.1,14.4,1.3226185430791415e-15,-5.4
2018-11-09 00:00:00,1.0,0.07,0.64,1.0,23.5,96.0,22.9,1007.5,10.8,0.3558845024520217,-6.790680836331102
2018-11-09 01:00:00,0.99,0.03,0.61,0.99,23.5,95.0,22.6,1006.4,16.9,-0.6766377953180154,-9.676371287520293
2018-11-09 02:00:00,0.98,0.09,0.08,0.98,23.2,95.0,22.4,1005.7,17.3,-0.31409547032250873,-8.994517443171862
2018-11-09 03:00:00,0.99,0.18,0.34,0.99,23.0,96.0,22.4,1005.6,15.5,-0.2896658226307581,-8.294943864258496
2018-11-09 04:00:00,1.0,1.0,0.43,0.99,23.0,96.0,22.4,1005.5,14.4,-2.472135954999579,-7.608452130361228
2018-11-09 05:00:00,0.99,0.02,0.45,1.0,23.6,94.0,22.5,1006.1,14.0,-2.153104870837043,-8.635631963856369
2018-11-09 06:00:00,0.98,0.08,0.14,0.98,23.9,94.0,22.8,1006.7,16.9,-1.4195656297926673,-10.100734301164017
2018-11-09 07:00:00,0.99,0.34,0.07,0.99,24.8,91.0,23.1,1007.3,21.6,-1.767498382192831,-12.576404473017943
2018-11-09 08:00:00,0.97,0.24,0.12,0.97,26.0,85.0,23.2,1007.8,32.4,-5.780140422203801,-15.88080529128185
2018-11-09 09:00:00,0.96,0.3,0.37,0.94,27.4,82.0,24.0,1008.6,33.5,-3.507867486195182,-14.06928803100195
2018-11-09 10:00:00,0.96,0.32,0.67,0.92,28.2,75.0,23.4,1008.3,35.3,-6.705458022144825,-16.596590996745494
2018-11-09 11:00:00,0.98,0.17,0.59,0.97,27.2,82.0,24.0,1007.7,36.0,-5.643332364873534,-15.50492824296749
2018-11-09 12:00:00,1.0,0.23,0.62,1.0,28.0,79.0,24.0,1006.2,32.8,-2.111865278043117,-13.33379259803436
2018-11-09 13:00:00,0.99,0.05,0.11,0.99,27.7,78.0,23.5,1005.5,34.6,-10.11162697096763,-10.111626970967631
2018-11-09 14:00:00,1.0,0.03,0.95,0.98,26.1,85.0,23.5,1005.3,33.5,-9.371786608437748,2.8652427062828196
2018-11-09 15:00:00,0.99,0.3,0.88,0.97,25.4,93.0,24.1,1005.1,27.7,-4.301823272632845,-6.143640332167439
2018-11-09 16:00:00,1.0,0.05,1.0,0.96,25.5,92.0,24.0,1005.6,14.8,1.4940690949597709e-15,-6.1
2018-11-09 17:00:00,1.0,0.0,0.68,0.98,25.6,89.0,23.7,1004.6,13.0,-5.087576656325103,-0.35575801609503865
2018-11-09 18:00:00,1.0,0.03,1.0,1.0,25.5,88.0,23.4,1005.4,8.6,-3.23084408978756,-2.524212048835199
2018-11-09 19:00:00,1.0,0.11,0.21,1.0,24.6,93.0,23.4,1006.4,5.0,-3.5514757175273243e-16,2.9
2018-11-09 20:00:00,0.99,0.18,0.06,0.99,25.5,86.0,23.1,1007.6,4.3,-3.9467090073008158,1.4364846019678086
2018-11-09 21:00:00,0.97,0.15,0.04,0.97,24.2,93.0,23.0,1007.8,9.7,-3.268731598124737,-6.415246974156249
2018-11-09 22:00:00,0.94,0.25,0.02,0.93,24.1,93.0,23.0,1007.7,9.0,-0.37668495821827663,-5.386845871403051
2018-11-09 23:00:00,0.9,0.19,0.01,0.89,23.6,94.0,22.6,1007.9,8.6,2.1490212066910064,-5.062776693988422
2018-11-10 00:00:00,0.89,0.02,0.01,0.89,23.5,92.0,22.1,1007.5,11.5,2.2249223594996232,-6.8476069173251055
2018-11-10 01:00:00,0.7,0.03,0.0,0.69,23.0,93.0,21.8,1006.8,14.0,2.1223161698406696,-7.92059177557036
2018-11-10 02:00:00,0.29,0.07,0.0,0.25,22.8,93.0,21.5,1006.5,15.5,2.4807362023529906,-8.65135526344487
2018-11-10 03:00:00,0.31,0.07,0.0,0.3,22.5,92.0,21.1,1006.2,15.5,1.829622879196287,-8.60769888645749
2018-11-10 04:00:00,0.53,0.05,0.02,0.51,22.2,93.0,21.0,1006.3,14.8,2.2249223594996232,-6.8476069173251055
2018-11-10 05:00:00,0.63,0.02,0.0,0.01,22.4,94.0,21.2,1006.4,11.9,3.6149310334513594,-6.798696465013738
2018-11-10 06:00:00,0.03,0.01,0.0,0.02,23.0,91.0,21.5,1007.2,14.8,2.8649997592229792,-8.320563465273988
2018-11-10 07:00:00,0.31,0.02,0.0,0.3,24.9,86.0,22.4,1007.9,18.7,1.7554427574642109,-9.030970087718508
2018-11-10 08:00:00,0.57,0.08,0.0,0.53,26.8,79.0,23.0,1008.5,23.4,-0.3629547657060101,-10.393664600998596
2018-11-10 09:00:00,0.73,0.3,0.0,0.63,28.6,70.0,22.6,1008.7,32.4,-6.426438960597643,-14.434018230753095
2018-11-10 10:00:00,0.83,0.28,0.45,0.69,29.5,66.0,22.5,1008.2,33.8,-6.447063620073017,-15.188330081965265
2018-11-10 11:00:00,0.81,0.2,0.36,0.69,30.0,63.0,22.3,1007.4,34.2,-6.447063620073017,-15.188330081965265
2018-11-10 12:00:00,0.34,0.22,0.31,0.01,30.5,61.0,22.2,1006.5,33.8,-7.175182379645789,-12.944371665663057
2018-11-10 13:00:00,0.25,0.09,0.19,0.06,31.0,58.0,21.7,1005.6,31.3,-6.713443347838239,-12.626150577882656
2018-11-10 14:00:00,0.26,0.07,0.15,0.11,31.3,56.0,21.5,1004.8,29.5,-6.10313031621658,-11.47831870716605
2018-11-10 15:00:00,0.23,0.12,0.22,0.0,30.9,57.0,21.2,1004.4,27.4,-7.572636146505597,-9.69253226936268
2018-11-10 16:00:00,0.18,0.08,0.18,0.0,29.8,63.0,22.0,1004.7,24.1,-8.625263508510763,-6.4996022500421216
2018-11-10 17:00:00,0.15,0.05,0.03,0.0,28.5,66.0,21.5,1004.9,19.8,-6.887939181478539,-3.211898789229316
2018-11-10 18:00:00,0.04,0.0,0.04,0.0,26.8,73.0,21.6,1005.7,14.4,-7.59396739791272,-2.1775351109542935
2018-11-10 19:00:00,0.03,0.0,0.03,0.0,25.8,80.0,22.0,1006.8,13.7,-6.440453362786736,-1.8467702839738944
2018-11-10 20:00:00,0.03,0.02,0.03,0.0,25.3,82.0,22.0,1007.7,11.5,-6.148780366869514,-3.5500000000000007
2018-11-10 21:00:00,0.52,0.02,0.02,0.51,25.1,83.0,22.0,1008.5,13.7,-6.86918957886705,-4.29234604028896
2018-11-10 22:00:00,0.73,0.02,0.02,0.73,24.5,87.0,22.2,1008.8,13.7,-4.6806636903626915,-4.36478950439999
2018-11-10 23:00:00,0.87,0.0,0.01,0.87,23.6,92.0,22.4,1008.9,10.1,-1.8376152202278973,-6.858073366652385
2018-11-11 00:00:00,0.95,0.0,0.02,0.95,23.3,94.0,22.2,1008.5,9.0,0.3557580160950407,-5.087576656325103
2018-11-11 01:00:00,0.96,0.0,0.0,0.96,23.1,95.0,22.2,1007.8,10.4,1.7640790772287933,-6.1520748540052415
2018-11-11 02:00:00,0.96,0.02,0.04,0.96,23.0,95.0,22.1,1007.3,13.7,2.1223161698406696,-7.92059177557036
2018-11-11 03:00:00,0.96,0.02,0.01,0.96,22.8,96.0,22.0,1007.0,14.4,2.921931428644116,-7.232034065620941
2018-11-11 04:00:00,0.93,0.01,0.01,0.93,22.5,96.0,21.8,1007.2,13.7,2.508575646817105,-6.535062985480411
2018-11-11 05:00:00,0.98,0.0,0.01,1.0,22.6,95.0,21.8,1007.8,11.5,1.4493866525741157,-5.4091846272187825
2018-11-11 06:00:00,0.98,0.0,0.0,0.98,23.4,92.0,22.0,1008.4,10.8,1.7542302283364228,-5.7378285357782115
2018-11-11 07:00:00,1.0,0.0,0.0,1.0,25.0,86.0,22.5,1009.2,15.1,1.4553818357243191,-6.847033205136639
2018-11-11 08:00:00,1.0,0.0,0.0,1.0,26.7,79.0,22.8,1010.0,21.2,2.375814790345865e-15,-9.7
2018-11-11 09:00:00,0.92,0.13,0.01,0.92,28.2,71.0,22.5,1010.6,23.4,-1.1455718280083864,-9.329933825428427
2018-11-11 10:00:00,0.95,0.08,0.16,0.94,29.5,61.0,21.2,1010.1,33.8,-1.7712114122026892,-10.045039080724521
2018-11-11 11:00:00,0.99,0.05,0.24,0.99,30.2,56.0,20.4,1009.0,25.9,-2.782101799396179,-11.15840085217396
2018-11-11 12:00:00,1.0,0.1,0.29,1.0,30.6,52.0,19.8,1008.0,26.3,-4.345436483624579,-10.755332712974734
2018-11-11 13:00:00,1.0,0.05,0.3,1.0,30.7,52.0,19.9,1006.8,26.3,-4.014873486536644,-8.609923976848174
2018-11-11 14:00:00,0.99,0.16,0.14,0.99,31.1,51.0,19.7,1005.8,21.2,-4.585304047369423,-8.999165894302516
2018-11-11 15:00:00,1.0,0.09,0.04,1.0,30.9,51.0,19.5,1005.3,22.7,-6.818308926592688,-9.38459713474939
2018-11-11 16:00:00,1.0,0.0,0.06,1.0,30.0,57.0,20.5,1005.7,22.0,-7.589584464134761,-0.3977532674463741
2018-11-11 17:00:00,1.0,0.0,0.07,1.0,27.6,71.0,22.0,1006.0,20.2,-5.34744757120448,0.7515347451843529
2018-11-11 18:00:00,1.0,0.0,0.06,1.0,25.9,83.0,22.6,1006.9,17.3,-7.547095802227721,6.560590289905072
2018-11-11 19:00:00,1.0,0.0,0.08,1.0,25.5,82.0,22.1,1008.0,17.6,-6.841600689897066,3.949999999999999
2018-11-11 20:00:00,0.98,0.0,0.02,0.98,25.1,88.0,22.9,1009.2,14.0,-5.374011537017761,5.37401153701776
2018-11-11 21:00:00,0.95,0.0,0.02,0.95,24.0,95.0,23.1,1009.7,13.3,-1.4273391840380396,5.7247447850283795
2018-11-11 22:00:00,0.97,0.0,0.01,0.97,23.6,96.0,22.9,1009.4,7.6,3.2498011250210617,4.312631754255381
2018-11-11 23:00:00,0.69,0.0,0.0,0.69,22.9,98.0,22.5,1009.0,6.5,4.0,7.347880794884119e-16
2018-11-12 00:00:00,0.67,0.0,0.0,0.67,22.3,99.0,22.1,1008.5,6.5,5.0,9.184850993605148e-16
2018-11-12 01:00:00,0.96,0.0,0.0,0.96,22.0,99.0,21.9,1007.5,6.5,4.998560818879258,-1.4333142502483969
2018-11-12 02:00:00,0.95,0.0,0.0,0.95,22.0,98.0,21.8,1007.1,6.8,4.310995377286217,-2.9078030980478844
2018-11-12 03:00:00,0.95,0.02,0.0,0.95,21.8,99.0,21.5,1007.2,6.5,3.604268994871564,-2.523736319944603
2018-11-12 04:00:00,0.94,0.05,0.0,0.94,21.9,99.0,21.7,1007.2,5.0,1.7677669529663693,-1.7677669529663684
2018-11-12 05:00:00,0.66,0.14,0.0,0.86,22.8,99.0,22.6,1007.2,7.6,1.7937955949114466,-3.236092916415765
2018-11-12 06:00:00,0.71,0.14,0.0,0.66,23.9,95.0,23.0,1008.0,10.1,1.7489675652259407,-3.9282454678631837
2018-11-12 07:00:00,0.78,0.15,0.0,0.74,25.3,90.0,23.5,1008.6,10.8,2.4905416147351485,-2.1649947956686733
2018-11-12 08:00:00,0.85,0.15,0.02,0.83,27.2,77.0,23.0,1009.3,13.7,2.8750878361702554,-2.1665340833473725
2018-11-12 09:00:00,0.9,0.09,0.29,0.85,28.5,68.0,21.9,1009.5,17.6,1.7542302283364228,-5.7378285357782115
2018-11-12 10:00:00,0.91,0.15,0.19,0.88,29.2,64.0,21.6,1008.8,20.2,1.7902220274375422,-7.180188374442374
2018-11-12 11:00:00,0.91,0.1,0.29,0.87,29.9,61.0,21.5,1008.0,21.2,2.474317973874391,-7.185941174554808
2018-11-12 12:00:00,0.86,0.12,0.23,0.81,30.2,59.0,21.3,1007.0,20.9,2.9055391983331007,-5.702441754805554
2018-11-12 13:00:00,0.91,0.09,0.28,0.87,30.2,59.0,21.4,1005.9,22.3,0.688311646177017,-4.345828698618606
2018-11-12 14:00:00,0.93,0.07,0.27,0.91,30.6,57.0,21.2,1005.2,20.2,-4.012982057577929,-3.6133052743378347
2018-11-12 15:00:00,0.33,0.06,0.2,0.15,30.2,58.0,21.0,1004.7,19.4,-5.050367150582009,0.7097828148963332
2018-11-12 16:00:00,0.12,0.01,0.11,0.01,29.3,66.0,22.2,1004.8,18.0,-6.156001578501497,6.836932394392025
2018-11-12 17:00:00,0.11,0.0,0.04,0.0,27.8,74.0,22.6,1005.1,19.4,-2.9027803913169317,7.5620014546273335
2018-11-12 18:00:00,0.04,0.0,0.04,0.0,25.9,79.0,21.9,1005.7,14.8,-1.837615220227899,6.858073366652384
2018-11-12 19:00:00,0.71,0.0,0.04,0.7,25.1,81.0,21.6,1006.6,14.4,1.1090110249868406,9.03216997993603
2018-11-12 20:00:00,0.94,0.0,0.01,0.94,25.0,78.0,21.0,1007.7,18.7,2.795245687107225,10.431998923921938
2018-11-12 21:00:00,0.96,0.0,0.01,0.96,24.6,81.0,21.2,1007.9,18.7,2.5159877142365423,10.091075553270363
2018-11-12 22:00:00,0.97,0.0,0.01,0.97,24.2,85.0,21.6,1007.9,18.4,2.5436338310878095,8.319851376878407
2018-11-12 23:00:00,0.92,0.0,0.0,0.92,23.9,89.0,22.0,1007.7,15.1,1.3891854213354438,7.878462024097664
2018-11-13 00:00:00,0.97,0.06,0.0,0.97,23.2,93.0,22.1,1007.4,13.3,0.7068421917498544,5.756767679519668
2018-11-13 01:00:00,0.96,0.11,0.0,0.96,22.9,94.0,22.0,1006.7,9.4,3.5500000000000007,6.148780366869514
2018-11-13 02:00:00,0.92,0.11,0.0,0.91,22.8,94.0,21.8,1006.2,8.3,4.6769763109691285,1.0797650608505531
2018-11-13 03:00:00,0.17,0.13,0.0,0.05,22.0,98.0,21.6,1005.9,5.8,3.600102662948872,-2.1631599146222276
2018-11-13 04:00:00,0.09,0.08,0.0,0.0,22.0,98.0,21.8,1005.8,5.4,1.050657780874822,-3.233592155403522
2018-11-13 05:00:00,0.02,0.06,0.0,0.02,22.5,98.0,22.1,1006.4,5.8,-2.1649947956686737,-2.4905416147351476
2018-11-13 06:00:00,0.08,0.0,0.0,0.07,23.4,94.0,22.3,1006.7,8.6,-0.7059932828932158,-3.632020578756357
2018-11-13 07:00:00,0.5,0.0,0.0,0.5,25.1,87.0,22.9,1007.4,10.8,-0.7423384793347545,-3.2154212137912763
2018-11-13 08:00:00,0.99,0.0,0.0,0.99,26.9,80.0,23.1,1008.0,14.8,-0.7352419856890852,-4.6421352007971475
2018-11-13 09:00:00,0.9,0.0,0.0,0.9,28.1,75.0,23.3,1007.9,15.8,-0.3747696938149301,-4.283637201794505
2018-11-13 10:00:00,0.9,0.07,0.06,0.89,29.2,69.0,23.0,1007.2,15.5,1.4235782507653005,-3.197409101749103
2018-11-13 11:00:00,0.86,0.06,0.11,0.84,30.1,65.0,22.7,1006.2,16.9,2.500000000000002,-4.330127018922192
2018-11-13 12:00:00,0.37,0.05,0.06,0.35,30.6,62.0,22.5,1004.9,17.3,2.907803098047882,-4.3109953772862175
2018-11-13 13:00:00,0.23,0.08,0.17,0.07,31.0,59.0,22.0,1003.7,16.9,1.7937955949114466,-3.236092916415765
2018-11-13 14:00:00,0.44,0.07,0.23,0.31,31.3,56.0,21.4,1003.0,14.4,-1.761649323676896,-0.7117525274902327
2018-11-13 15:00:00,0.35,0.09,0.2,0.25,30.4,63.0,22.5,1002.8,20.9,-9.008582983535778,4.993539088537272
2018-11-13 16:00:00,0.51,0.34,0.29,0.31,28.8,75.0,23.8,1003.3,26.3,-9.660882731206126,8.698697882665158
2018-11-13 17:00:00,0.79,0.06,0.09,0.0,27.6,75.0,22.9,1003.3,25.6,-5.760295472466238,7.928366544874485
2018-11-13 18:00:00,0.06,0.03,0.05,0.0,26.5,83.0,23.4,1004.0,17.6,-5.051654523226906,5.811263767715345
2018-11-13 19:00:00,0.07,0.06,0.04,0.0,26.0,87.0,23.6,1005.1,13.0,-3.9210044190878905,4.672871103025765
2018-11-13 20:00:00,0.09,0.09,0.02,0.0,25.4,91.0,23.9,1005.7,10.8,-2.1976149610516376,4.7128004925905795
2018-11-13 21:00:00,0.38,0.03,0.01,0.36,24.8,95.0,24.0,1006.2,7.9,-1.0324674692655245,6.5187430479279085
2018-11-13 22:00:00,0.52,0.0,0.0,0.51,24.6,96.0,23.9,1006.2,8.3,-1.4553818357243151,6.84703320513664
2018-11-13 23:00:00,0.44,0.0,0.01,0.44,24.4,96.0,23.8,1005.8,8.3,-0.37668495821827785,5.386845871403051
2018-11-14 00:00:00,0.89,0.0,0.02,0.89,23.9,98.0,23.5,1005.3,7.2,1.7640790772287938,6.1520748540052415
2018-11-14 01:00:00,0.95,0.0,0.01,0.94,23.8,97.0,23.2,1004.4,7.6,3.928245467863184,1.7489675652259404
2018-11-14 02:00:00,0.95,0.02,0.01,0.94,23.4,97.0,22.9,1004.0,5.4,2.883363526931849,-1.8017254983928959
2018-11-14 03:00:00,0.97,0.13,0.01,0.97,23.1,99.0,23.0,1004.6,5.0,0.34494392878325625,-3.2819222547153015
2018-11-14 04:00:00,0.97,0.67,0.19,0.91,23.0,100.0,23.0,1004.7,9.4,-0.7515347451843534,-5.34744757120448
2018-11-14 05:00:00,0.3,1.0,0.0,0.76,24.2,99.0,24.1,1004.9,10.4,-1.7902220274375413,-7.180188374442374
2018-11-14 06:00:00,0.75,0.73,0.01,0.06,24.9,94.0,24.0,1005.7,16.2,-3.211898789229316,-6.887939181478539
2018-11-14 07:00:00,0.54,0.54,0.02,0.0,26.1,87.0,23.8,1006.6,18.0,-4.683895701129233,-7.212566884330647
2018-11-14 08:00:00,0.31,0.25,0.02,0.11,27.5,80.0,23.8,1007.2,20.2,-3.603450996785793,-5.766727053863696
2018-11-14 09:00:00,0.66,0.16,0.11,0.58,28.8,73.0,23.4,1007.5,17.6,-2.8948737988292517,-3.5748714227020657
2018-11-14 10:00:00,0.88,0.18,0.24,0.86,29.7,67.0,23.0,1007.2,15.5,-3.616017032810471,-1.4609657143220567
2018-11-14 11:00:00,0.71,0.21,0.23,0.62,30.3,64.0,22.8,1006.5,14.8,-2.878383839759834,0.35342109587492737
2018-11-14 12:00:00,0.4,0.23,0.36,0.0,30.5,62.0,22.5,1005.5,14.4,-2.1874299874788528,-0.7107390870623791
2018-11-14 13:00:00,0.48,0.24,0.46,0.02,30.5,62.0,22.3,1004.5,13.7,-2.9108871788279895,0.7257656867990033
2018-11-14 14:00:00,0.41,0.34,0.32,0.06,30.4,62.0,22.2,1003.6,15.1,-3.9858260519352027,2.4906205418960625
2018-11-14 15:00:00,0.32,0.27,0.21,0.01,29.8,67.0,23.0,1003.1,16.9,-5.750175672340507,4.333068166694749
2018-11-14 16:00:00,0.2,0.17,0.13,0.0,29.0,70.0,23.1,1003.4,20.9,-7.580077219869421,6.825132184860354
2018-11-14 17:00:00,0.19,0.09,0.2,0.87,27.9,76.0,23.1,1003.8,20.9,-5.728786224524988,6.143371093601032
2018-11-14 18:00:00,0.92,0.08,0.15,0.91,26.8,82.0,23.5,1004.4,15.1,-3.938161190359571,5.420413862312147
2018-11-14 19:00:00,0.93,0.09,0.11,0.93,26.4,87.0,24.0,1005.1,12.2,-1.8467702839738949,6.440453362786736
2018-11-14 20:00:00,0.42,0.13,0.17,0.35,26.0,89.0,24.1,1006.2,11.5,1.049449474570996,5.3989495089621515
2018-11-14 21:00:00,0.25,0.18,0.19,0.04,25.6,90.0,24.0,1006.8,9.7,2.1976149610516362,4.71280049259058
2018-11-14 22:00:00,0.18,0.17,0.12,0.0,25.4,91.0,23.8,1006.9,9.0,2.5000000000000004,4.330127018922193
2018-11-14 23:00:00,0.33,0.05,0.04,0.29,25.0,93.0,23.7,1006.5,8.6,3.567095162291493,3.211826910522519
2018-11-15 00:00:00,0.53,0.06,0.05,0.49,24.4,96.0,23.6,1006.2,8.3,3.604268994871563,2.523736319944604
2018-11-15 01:00:00,0.1,0.07,0.04,0.03,23.9,97.0,23.4,1005.5,7.2,5.4378467222199,2.5357095704441948
2018-11-15 02:00:00,0.04,0.0,0.03,0.0,23.6,98.0,23.2,1004.8,6.8,4.276831316104166,-2.179154398749824
2018-11-15 03:00:00,0.02,0.0,0.02,0.0,23.1,99.0,23.0,1004.3,6.1,3.606244584051393,-3.606244584051391
2018-11-15 04:00:00,0.01,0.0,0.01,0.0,22.8,100.0,22.8,1004.4,6.1,2.88014773623312,-3.9641832724372423
2018-11-15 05:00:00,1.0,0.06,0.01,0.0,23.5,99.0,23.3,1004.7,6.5,2.5242120488351985,-3.2308440897875603
2018-11-15 06:00:00,0.12,0.12,0.0,0.0,24.0,98.0,23.6,1005.6,10.1,1.0324674692655254,-6.5187430479279085
2018-11-15 07:00:00,0.09,0.09,0.0,0.0,25.4,93.0,24.1,1006.5,12.6,1.1511679911985121e-15,-4.7
2018-11-15 08:00:00,0.49,0.42,0.0,0.12,27.5,81.0,24.0,1007.1,14.0,8.817456953860943e-16,-3.6
2018-11-15 09:00:00,0.18,0.17,0.02,0.01,29.0,72.0,23.4,1007.3,13.7,0.7117525274902334,-1.7616493236768958
2018-11-15 10:00:00,0.11,0.1,0.02,0.01,30.0,66.0,23.0,1007.1,13.7,1.7677669529663693,-1.7677669529663684
2018-11-15 11:00:00,0.09,0.08,0.01,0.0,30.9,62.0,22.9,1006.0,17.3,4.276831316104166,-2.179154398749824
2018-11-15 12:00:00,0.06,0.05,0.01,0.0,31.5,59.0,22.6,1005.0,19.1,4.649263446279659,-3.6324027044213856
2018-11-15 13:00:00,0.74,0.01,0.01,0.73,32.0,55.0,21.8,1004.1,18.7,4.023790324368741,-4.314986839553107
2018-11-15 14:00:00,0.15,0.07,0.02,0.1,32.3,54.0,21.8,1003.5,18.4,1.0793978087775948,-6.81504955010645
2018-11-15 15:00:00,0.11,0.07,0.07,0.04,32.0,54.0,21.7,1002.6,17.6,-1.079765060850552,-4.676976310969129
2018-11-15 16:00:00,0.93,0.15,0.34,0.89,31.0,59.0,22.1,1003.2,13.3,-4.012982057577929,3.6133052743378347
2018-11-15 17:00:00,0.86,0.0,0.19,0.56,28.5,75.0,23.5,1003.0,24.1,-2.5885642829164444,10.382164271153162
2018-11-15 18:00:00,0.65,0.0,0.12,0.62,27.0,79.0,23.1,1003.7,20.5,0.6766377953180152,9.676371287520293
2018-11-15 19:00:00,0.81,0.0,0.03,0.8,26.7,81.0,23.2,1004.5,17.3,1.0243789400230043,9.746314574609078
2018-11-15 20:00:00,0.67,0.0,0.08,0.65,26.4,83.0,23.2,1005.5,18.0,1.7712114122026907,10.045039080724521
2018-11-15 21:00:00,0.49,0.0,0.17,0.43,26.0,85.0,23.4,1005.9,18.4,1.0602632876247815,8.635151519279502
2018-11-15 22:00:00,0.44,0.01,0.09,0.42,25.8,88.0,23.6,1005.8,14.8,1.4171916423663493,6.1385314081469815
2018-11-15 23:00:00,0.63,0.05,0.44,0.48,25.2,91.0,23.6,1005.9,10.1,2.1631599146222276,3.600102662948872
2018-11-16 00:00:00,0.62,0.0,0.45,0.48,25.3,92.0,24.0,1005.1,6.5,4.685893304218873,1.4326213531414118
2018-11-16 01:00:00,0.94,0.06,0.89,0.62,25.5,88.0,23.4,1004.1,13.3,6.434773322199415,5.3994159213669315
2018-11-16 02:00:00,0.89,0.03,0.26,0.87,26.0,84.0,23.0,1002.9,32.4,16.216318740228292,8.262627095259754
2018-11-16 03:00:00,1.0,0.01,0.99,0.97,25.5,85.0,22.8,1002.8,32.8,16.921953492694836,3.5968722511472446
2018-11-16 04:00:00,1.0,0.02,0.97,1.0,24.8,89.0,22.9,1002.5,29.5,12.206789381380638,6.219669846431793
2018-11-16 05:00:00,1.0,0.22,1.0,1.0,24.6,88.0,22.5,1004.1,27.7,10.442479901366871,-1.0975488643103564
2018-11-16 06:00:00,1.0,0.0,1.0,1.0,24.8,89.0,22.9,1004.7,23.0,10.426010937070334,5.085105302753302
2018-11-16 07:00:00,1.0,0.0,1.0,1.0,24.6,91.0,23.1,1005.6,20.5,5.717242719944459,7.587037345449282
2018-11-16 08:00:00,1.0,0.0,1.0,1.0,25.0,92.0,23.6,1005.8,24.8,3.239295182551656,14.030928932907388
2018-11-16 09:00:00,1.0,0.0,0.91,1.0,25.0,89.0,23.1,1006.1,34.2,2.9096810497482917,18.371003135069564
2018-11-16 10:00:00,1.0,0.01,1.0,1.0,25.0,90.0,23.1,1006.4,33.8,-2.1293484446889996,15.151101451746028
2018-11-16 11:00:00,1.0,0.02,1.0,1.0,25.0,92.0,23.6,1006.3,28.1,-3.862712429686844,11.888206453689419
2018-11-16 12:00:00,1.0,0.0,0.99,1.0,25.0,92.0,23.5,1005.4,22.7,-3.933231648245192,10.806465139037945
2018-11-16 13:00:00,1.0,0.0,1.0,1.0,25.4,91.0,23.8,1005.0,21.2,-4.981241083792128,7.9716521038704045
2018-11-16 14:00:00,1.0,0.0,1.0,1.0,25.2,92.0,23.8,1004.6,17.6,-4.333068166694747,5.750175672340509
2018-11-16 15:00:00,1.0,0.01,1.0,1.0,25.8,88.0,23.6,1004.5,13.3,-1.800051331474436,1.081579957311114
2018-11-16 16:00:00,1.0,0.04,0.99,1.0,25.8,89.0,23.8,1004.8,6.1,-2.9108871788279895,-0.725765686799003
2018-11-16 17:00:00,1.0,0.0,1.0,0.98,24.0,91.0,22.5,1004.8,6.1,-1.7613968679372007,5.421022142882375
2018-11-16 18:00:00,0.94,0.0,0.9,0.88,23.5,91.0,22.0,1005.3,10.1,4.989636535454859,2.542346798541463
2018-11-16 19:00:00,0.91,0.0,0.78,0.87,23.4,93.0,22.1,1006.3,9.7,4.32637281122647,-1.8364363038995855
2018-11-16 20:00:00,0.9,0.0,0.49,0.85,23.5,93.0,22.2,1007.6,7.6,0.3763024677635523,-3.580278823325784
2018-11-16 21:00:00,0.98,0.0,0.47,0.97,23.4,93.0,22.1,1008.2,5.4,-2.485363104321589,-1.0549740469210391
2018-11-16 22:00:00,0.99,0.0,0.8,0.95,23.1,94.0,22.1,1008.2,7.2,-3.935788682127281,-2.181643291108517
2018-11-16 23:00:00,0.88,0.0,0.12,0.87,22.4,97.0,22.0,1008.2,7.6,-2.907803098047884,-4.3109953772862175
2018-11-17 00:00:00,0.9,0.0,0.07,0.89,22.0,99.0,21.8,1007.8,7.2,1.1511679911985121e-15,-4.7
2018-11-17 01:00:00,0.94,0.0,0.12,0.93,22.2,99.0,22.0,1007.2,6.8,1.4214781741247593,-4.3748599749577055
2018-11-17 02:00:00,0.94,0.0,0.1,0.93,22.3,99.0,22.1,1006.8,12.2,3.2687315981247385,-6.415246974156248
2018-11-17 03:00:00,0.89,0.03,0.07,0.88,22.1,98.0,21.8,1006.3,13.0,2.508575646817105,-6.535062985480411
2018-11-17 04:00:00,0.32,0.02,0.06,0.27,21.9,98.0,21.5,1006.3,11.9,1.0797650608505536,-4.6769763109691285
2018-11-17 05:00:00,0.43,0.01,0.02,0.92,22.1,98.0,21.8,1007.3,9.4,3.211898789229314,-6.88793918147854
2018-11-17 06:00:00,0.95,0.18,0.0,0.94,22.5,98.0,22.1,1007.9,14.8,3.2687315981247385,-6.415246974156248
2018-11-17 07:00:00,0.93,0.01,0.0,0.93,24.0,93.0,22.8,1008.7,14.4,2.1727182418122917,-5.377666356487366
2018-11-17 08:00:00,0.57,0.02,0.0,0.57,26.0,84.0,23.1,1009.4,15.5,1.8364363038995872,-4.326372811226469
2018-11-17 09:00:00,0.41,0.01,0.0,0.4,27.8,76.0,23.1,1009.8,15.5,1.8221342821066675,-2.507952682562337
2018-11-17 10:00:00,0.42,0.21,0.02,0.27,29.0,68.0,22.5,1009.4,14.4,2.5,4.592425496802574e-16
2018-11-17 11:00:00,0.17,0.1,0.11,0.04,29.8,63.0,22.0,1008.5,14.0,1.4375439180851277,-1.0832670416736863
2018-11-17 12:00:00,0.3,0.13,0.18,0.13,30.4,59.0,21.6,1007.1,13.3,0.7128052193506944,-0.3631923997916373
2018-11-17 13:00:00,0.22,0.13,0.19,0.0,30.6,58.0,21.5,1005.8,11.9,0.7269507745119708,1.0777488443215544
2018-11-17 14:00:00,0.46,0.12,0.15,0.35,30.6,59.0,21.7,1005.0,13.0,-1.4527695991665501,2.851220877402777
2018-11-17 15:00:00,0.26,0.24,0.12,0.0,30.1,63.0,22.2,1004.6,16.6,-3.2393537832226458,6.092338390726597
2018-11-17 16:00:00,0.27,0.23,0.13,0.0,28.6,73.0,23.3,1005.1,22.3,-5.819930246483615,9.685990497933869
2018-11-17 17:00:00,0.24,0.04,0.03,0.83,27.4,76.0,22.8,1005.2,22.3,-8.301805382450492,7.216649318895579
2018-11-17 18:00:00,0.71,0.02,0.07,0.68,26.1,75.0,21.4,1006.1,19.4,-7.505054539300878,3.990508283680073
2018-11-17 19:00:00,0.88,0.0,0.07,0.88,25.7,81.0,22.2,1007.3,14.4,-6.47218583283153,3.587591189822894
2018-11-17 20:00:00,0.84,0.0,0.09,0.83,25.0,88.0,23.0,1008.3,12.2,-3.963444403430552,3.20953399435417
2018-11-17 21:00:00,0.82,0.0,0.07,0.8,24.7,92.0,23.2,1008.6,8.6,-3.1997434936258253,5.772490067120011
2018-11-17 22:00:00,0.84,0.0,0.07,0.83,24.8,91.0,23.2,1008.7,7.6,2.1665340833473743,2.875087836170254
2018-11-17 23:00:00,0.72,0.07,0.18,0.69,24.7,91.0,23.1,1008.5,4.3,2.1554976886431088,1.453901549023941
2018-11-18 00:00:00,0.44,0.16,0.03,0.36,24.1,94.0,23.1,1008.1,3.2,1.7669289302057951,0.3434561916777803
2018-11-18 01:00:00,0.39,0.25,0.15,0.23,23.7,96.0,23.0,1007.3,3.6,2.2,4.0413344371862655e-16
2018-11-18 02:00:00,0.53,0.22,0.38,0.34,23.8,93.0,22.6,1006.9,5.8,2.166534083347374,-2.875087836170254
2018-11-18 03:00:00,0.37,0.1,0.21,0.28,23.2,96.0,22.5,1006.6,13.0,4.656970893768801,-5.750880114781583
2018-11-18 04:00:00,0.49,0.1,0.16,0.41,23.0,97.0,22.5,1006.4,12.6,3.613305274337834,-4.01298205757793
2018-11-18 05:00:00,0.85,0.1,0.04,0.79,23.5,94.0,22.5,1006.8,10.8,3.2693856872009652,-4.669166652447252
2018-11-18 06:00:00,0.52,0.1,0.04,0.47,24.1,92.0,22.7,1007.5,11.9,3.2393537832226467,-6.092338390726597
2018-11-18 07:00:00,0.37,0.17,0.12,0.26,25.7,87.0,23.5,1008.7,14.8,2.562440851377541,-5.755336383148386
2018-11-18 08:00:00,0.44,0.24,0.38,0.04,27.0,84.0,24.0,1009.7,20.2,-1.8469087739586112,-5.074340152243906
2018-11-18 09:00:00,0.43,0.06,0.29,0.31,28.0,82.0,24.6,1010.2,19.8,-3.252691193458118,-3.2526911934581184
2018-11-18 10:00:00,0.72,0.55,0.17,0.61,29.1,80.0,25.3,1010.0,20.9,-3.5640260967534716,-1.8159619989581874
2018-11-18 11:00:00,1.0,1.0,0.38,0.56,29.9,71.0,24.0,1008.9,20.5,-2.475670171853926,0.3479327524001634
2018-11-18 12:00:00,0.93,0.39,0.14,0.92,27.6,79.0,23.6,1008.3,23.8,-8.21141261358802,4.366085533908786
2018-11-18 13:00:00,1.0,0.16,0.55,1.0,27.0,83.0,23.9,1006.8,24.8,-4.314986839553106,-4.023790324368742
2018-11-18 14:00:00,0.98,0.12,0.25,0.98,27.5,82.0,24.1,1005.6,16.6,-4.3,-2.632990618166809e-16
2018-11-18 15:00:00,0.88,0.1,0.22,0.86,28.4,79.0,24.3,1005.2,18.0,-3.2154212137912763,0.7423384793347546
2018-11-18 16:00:00,0.88,0.03,0.22,0.86,28.3,79.0,24.4,1005.4,15.5,-3.233246532964663,2.180852323535912
2018-11-18 17:00:00,1.0,0.1,0.17,0.78,28.4,79.0,24.5,1006.2,15.5,-2.8512208774027776,-1.4527695991665501
2018-11-18 18:00:00,0.82,0.04,0.36,0.75,26.4,87.0,24.0,1007.2,17.6,-7.926888806861102,-6.419067988708341
2018-11-18 19:00:00,0.48,0.0,0.27,0.34,25.2,92.0,23.8,1007.9,17.3,-3.2393537832226467,-6.092338390726597
2018-11-18 20:00:00,0.71,0.0,0.32,0.63,24.7,94.0,23.8,1009.0,11.2,1.1511679911985121e-15,-4.7
2018-11-18 21:00:00,1.0,0.05,0.92,1.0,24.7,94.0,23.8,1009.5,9.0,2.1490212066910064,-5.062776693988422
2018-11-18 22:00:00,0.99,0.1,0.95,0.98,25.0,94.0,23.9,1009.5,10.8,3.2693856872009652,-4.669166652447252
2018-11-18 23:00:00,0.95,0.1,0.36,0.94,24.9,94.0,23.9,1009.2,9.4,1.460965714322058,-3.6160170328104706
2018-11-19 00:00:00,0.97,0.18,0.27,0.96,24.5,96.0,23.8,1008.4,6.1,1.7998053071223108,-2.1449244407331376
2018-11-19 01:00:00,0.96,0.18,0.16,0.96,24.4,96.0,23.7,1007.5,6.8,-0.3747696938149301,-4.283637201794505
2018-11-19 02:00:00,0.95,0.27,0.11,0.93,24.0,97.0,23.5,1006.8,6.8,0.7059932828932153,-3.632020578756357
2018-11-19 03:00:00,0.97,0.8,0.18,0.92,23.8,98.0,23.4,1006.8,8.3,-1.4326213531414103,-4.685893304218874
2018-11-19 04:00:00,0.92,0.37,0.14,0.9,23.8,97.0,23.3,1006.8,9.0,-1.1110124779463997,-3.6339580726595346
2018-11-19 05:00:00,1.0,0.2,0.24,0.9,24.1,96.0,23.5,1007.6,9.0,-2.1816432911085166,-3.935788682127281
2018-11-19 06:00:00,0.93,0.15,0.12,0.91,24.4,94.0,23.5,1008.2,12.6,-1.4273391840380396,-5.7247447850283795
2018-11-19 07:00:00,0.94,0.32,0.16,0.91,25.2,91.0,23.6,1009.3,13.7,-1.7918397477265013,-4.667902132486009
2018-11-19 08:00:00,0.88,0.38,0.18,0.84,26.1,89.0,24.1,1010.3,16.9,-2.149021206691006,-5.062776693988422
2018-11-19 09:00:00,0.96,0.8,0.81,0.84,27.7,81.0,24.1,1010.8,22.3,-1.7902220274375413,-7.180188374442374
2018-11-19 10:00:00,0.95,0.71,0.9,0.88,27.3,83.0,24.1,1010.6,23.0,-3.634753872559855,-5.388744221607771
2018-11-19 11:00:00,0.92,0.49,0.54,0.85,27.0,81.0,23.5,1009.8,23.0,-6.847606917325106,2.224922359499621
2018-11-19 12:00:00,0.83,0.71,0.48,0.61,27.5,84.0,24.5,1009.0,23.0,-6.122295146001595,-3.9758649556096977
2018-11-19 13:00:00,0.9,0.88,0.55,0.53,27.8,82.0,24.4,1007.6,21.6,-5.379684037722159,-6.18861855782673
2018-11-19 14:00:00,0.96,0.3,0.12,0.94,27.9,82.0,24.6,1006.8,22.0,-3.233246532964663,-2.1808523235359125
2018-11-19 15:00:00,0.84,0.35,0.41,0.77,28.4,79.0,24.5,1006.2,23.0,1.761649323676896,-0.7117525274902327
2018-11-19 16:00:00,1.0,1.0,0.2,0.76,25.9,90.0,24.1,1007.1,23.8,-8.939733772226367,-2.5634274090980926
2018-11-19 17:00:00,0.35,0.19,0.15,0.07,27.3,84.0,24.4,1006.7,24.5,-3.2154212137912763,0.7423384793347546
2018-11-19 18:00:00,0.37,0.2,0.11,0.29,26.1,91.0,24.5,1007.8,8.6,-3.96029588778518,-1.061158084920335
2018-11-19 19:00:00,0.74,0.34,0.19,0.68,25.5,92.0,24.1,1009.1,10.8,-4.023790324368742,-4.314986839553106
2018-11-19 20:00:00,0.94,0.82,0.12,0.91,24.8,94.0,23.9,1010.1,12.6,-1.0324674692655236,-6.518743047927909
2018-11-19 21:00:00,0.93,0.16,0.26,0.92,24.5,95.0,23.7,1010.7,14.0,1.0494494745709957,-5.3989495089621515
2018-11-19 22:00:00,0.95,0.05,0.07,0.95,24.4,95.0,23.5,1010.3,12.2,2.887830165838181,-6.486172749262466
2018-11-19 23:00:00,0.98,0.71,0.18,0.98,23.9,95.0,23.1,1010.4,16.2,5.387787044493737,-5.777694242791449
2018-11-20 00:00:00,1.0,1.0,0.21,0.98,23.6,96.0,23.0,1009.7,18.4,3.9500000000000037,-6.841600689897064
2018-11-20 01:00:00,0.99,0.46,0.24,0.99,23.8,96.0,23.1,1008.6,18.0,3.9758649556096968,-6.122295146001595
2018-11-20 02:00:00,0.99,0.32,0.22,0.98,23.7,96.0,23.1,1007.8,13.7,3.213219480298821,-7.217009115376547
2018-11-20 03:00:00,0.97,0.24,0.17,0.97,23.5,96.0,22.8,1007.4,15.1,4.9961746444860236,-6.876644452187052
2018-11-20 04:00:00,0.99,0.23,0.2,0.98,23.5,95.0,22.6,1007.7,14.8,3.2039952536120455,-7.548139798310009
2018-11-20 05:00:00,0.98,0.92,0.38,0.99,23.8,96.0,23.0,1008.3,13.7,3.603450996785794,-5.766727053863695
2018-11-20 06:00:00,0.99,0.21,0.25,0.98,24.2,95.0,23.4,1008.9,20.9,1.7613968679372018,-5.421022142882375
2018-11-20 07:00:00,0.99,0.23,0.19,0.99,24.9,92.0,23.5,1010.0,19.1,1.0797650608505536,-4.6769763109691285
2018-11-20 08:00:00,0.98,0.27,0.18,0.98,25.8,89.0,23.9,1010.7,20.5,-0.3278554265973889,-4.688551036221174
2018-11-20 09:00:00,0.98,0.56,0.79,0.97,27.3,80.0,23.5,1010.6,24.8,-0.3558845024520181,-6.790680836331102
2018-11-20 10:00:00,0.98,0.27,0.34,0.97,26.6,82.0,23.3,1010.4,29.9,-0.3769145643870105,-10.793420931806235
2018-11-20 11:00:00,0.98,0.63,0.84,0.97,27.4,81.0,23.7,1009.6,31.3,2.5242120488351985,-3.2308440897875603
2018-11-20 12:00:00,0.99,0.69,0.67,0.99,26.2,83.0,23.0,1008.5,30.6,-6.054188098612474,-8.332875042061959
2018-11-20 13:00:00,1.0,0.02,0.82,1.0,26.8,83.0,23.6,1007.2,28.8,1.0793978087775948,-6.81504955010645
2018-11-20 14:00:00,1.0,0.0,0.68,1.0,26.8,83.0,23.6,1006.3,23.4,1.840670683269462,-10.438962181929405
2018-11-20 15:00:00,0.95,0.0,0.54,0.94,27.3,81.0,23.9,1006.0,22.7,1.392905666248776,-7.165878439167947
2018-11-20 16:00:00,1.0,0.0,0.77,1.0,27.5,80.0,23.7,1006.3,16.9,4.361704647071823,-6.466493065929326
2018-11-20 17:00:00,1.0,0.0,0.39,0.96,26.2,90.0,24.5,1006.6,16.2,-1.800051331474436,-1.0815799573111138
2018-11-20 18:00:00,0.99,0.0,0.65,0.99,25.4,95.0,24.5,1007.0,4.7,-3.632020578756357,0.7059932828932158
2018-11-20 19:00:00,0.98,0.04,0.53,0.97,25.1,95.0,24.2,1007.8,4.3,-3.616017032810471,1.4609657143220571
2018-11-20 20:00:00,0.96,0.0,0.01,0.96,25.4,92.0,23.9,1008.9,5.0,-1.7998053071223103,2.144924440733138
2018-11-20 21:00:00,0.94,0.0,0.2,0.94,25.1,92.0,23.8,1009.7,3.2,1.0832670416736871,1.437543918085127
2018-11-20 22:00:00,0.93,0.0,0.37,0.92,24.9,93.0,23.7,1009.5,3.2,2.138415658052083,-1.089577199374912
2018-11-20 23:00:00,0.96,0.04,0.05,0.95,24.5,94.0,23.4,1009.2,5.4,0.3557580160950407,-5.087576656325103
2018-11-21 00:00:00,0.96,0.0,0.07,0.96,24.2,93.0,23.1,1008.2,7.9,2.1976149610516362,-4.71280049259058
2018-11-21 01:00:00,0.94,0.0,0.0,0.94,23.5,94.0,22.5,1007.4,8.6,2.9145559532826275,-4.664264528860342
2018-11-21 02:00:00,0.92,0.0,0.0,0.92,22.9,96.0,22.1,1006.7,8.3,5.0229473419497435,-2.9000000000000004
2018-11-21 03:00:00,0.94,0.0,0.0,0.94,22.7,97.0,22.1,1006.4,6.8,3.935788682127282,2.1816432911085157
2018-11-21 04:00:00,0.68,0.0,0.0,0.68,22.8,97.0,22.2,1006.6,5.0,-4.898587196589413e-16,4.0
2018-11-21 05:00:00,0.98,0.0,0.14,0.78,22.7,93.0,21.5,1007.9,6.1,2.4992804094396295,0.7166571251241971
2018-11-21 06:00:00,0.88,0.0,0.18,0.86,23.1,92.0,21.8,1008.3,4.3,3.236092916415764,-1.7937955949114481
2018-11-21 07:00:00,0.9,0.0,0.08,0.9,24.5,88.0,22.5,1009.0,10.1,2.5079526825623377,-1.8221342821066662
2018-11-21 08:00:00,0.74,0.0,0.0,0.74,26.1,82.0,22.8,1009.5,11.9,2.8783838397598336,-0.35342109587492826
2018-11-21 09:00:00,0.77,0.0,0.01,0.77,28.0,73.0,22.7,1009.4,16.6,5.074340152243905,-1.8469087739586127
2018-11-21 10:00:00,0.53,0.0,0.01,0.53,29.5,68.0,23.0,1008.9,17.6,5.087576656325104,-0.3557580160950386
2018-11-21 11:00:00,0.27,0.17,0.12,0.11,30.8,59.0,22.0,1007.7,18.7,5.788198644282651,-2.2218812871808624
2018-11-21 12:00:00,0.53,0.16,0.18,0.42,31.2,57.0,21.8,1006.5,18.7,5.015905365124675,-3.6442685642133323
2018-11-21 13:00:00,0.52,0.13,0.19,0.45,31.6,56.0,21.8,1005.0,22.3,5.702441754805555,-2.9055391983330985
2018-11-21 14:00:00,0.96,0.2,0.22,0.95,31.3,56.0,21.4,1004.4,18.0,0.36319239979163737,0.7128052193506944
2018-11-21 15:00:00,0.71,0.26,0.37,0.64,29.1,67.0,22.4,1004.7,16.9,-4.329989591337347,4.981083229470295
2018-11-21 16:00:00,0.78,0.0,0.28,0.74,28.0,76.0,23.5,1005.3,18.0,-6.881011852206847,4.641301098807197
2018-11-21 17:00:00,0.5,0.0,0.11,0.06,27.6,79.0,23.6,1005.5,17.3,-6.46535998165333,5.821436275322066
2018-11-21 18:00:00,0.17,0.06,0.1,0.09,26.6,82.0,23.3,1006.3,15.8,-3.2969851358167617,8.588939923774255
2018-11-21 19:00:00,0.2,0.06,0.08,0.16,26.0,85.0,23.2,1007.0,16.2,-1.4586446924022143,8.272385125302547
2018-11-21 20:00:00,0.24,0.1,0.09,0.2,25.6,87.0,23.2,1008.0,14.4,1.3891854213354438,7.878462024097664
2018-11-21 21:00:00,0.3,0.05,0.1,0.25,25.4,89.0,23.4,1008.3,13.7,2.863776532993934,5.385980316439453
2018-11-21 22:00:00,0.26,0.13,0.18,0.15,24.9,92.0,23.5,1008.3,10.1,2.181643291108516,3.9357886821272814
2018-11-21 23:00:00,0.61,0.19,0.23,0.49,24.8,93.0,23.6,1008.4,7.6,2.4881992827652213,4.679622242152313
2018-11-22 00:00:00,0.73,0.07,0.2,0.69,24.6,94.0,23.7,1007.7,5.8,3.633958072659534,1.111012477946401
2018-11-22 01:00:00,0.75,0.0,0.18,0.73,24.2,96.0,23.5,1007.0,5.4,3.281922254715302,-0.3449439287832548
2018-11-22 02:00:00,0.12,0.02,0.09,0.06,24.0,96.0,23.4,1006.0,5.0,3.2154212137912763,-0.7423384793347542
2018-11-22 03:00:00,0.1,0.04,0.05,0.05,23.5,98.0,23.1,1005.8,4.0,0.7107390870623796,-2.1874299874788528
2018-11-22 04:00:00,0.23,0.15,0.13,0.13,23.2,99.0,23.0,1006.0,4.3,8.817456953860943e-16,-3.6
2018-11-22 05:00:00,0.35,0.97,0.02,0.06,24.1,98.0,23.8,1006.7,4.7,-2.166534083347374,-2.875087836170254
2018-11-22 06:00:00,0.36,0.31,0.01,0.2,25.0,94.0,24.0,1007.4,7.9,-2.1874299874788528,-0.7107390870623791
2018-11-22 07:00:00,0.31,0.12,0.05,0.24,26.1,90.0,24.4,1008.3,10.8,-3.939231012048832,-0.6945927106677217
2018-11-22 08:00:00,0.12,0.07,0.02,0.1,27.7,84.0,24.8,1008.9,14.0,-3.616017032810471,1.4609657143220571
2018-11-22 09:00:00,0.35,0.33,0.07,0.11,29.1,80.0,25.2,1009.3,17.6,-5.032023407672544,3.267834210090163
2018-11-22 10:00:00,0.17,0.14,0.09,0.07,30.0,76.0,25.3,1009.1,22.3,-7.534421012924616,4.349999999999998
2018-11-22 11:00:00,0.5,0.47,0.11,0.15,30.4,74.0,25.4,1008.0,24.1,-8.30888721782426,4.605691392340201
2018-11-22 12:00:00,0.78,0.74,0.17,0.48,30.4,75.0,25.5,1006.9,25.2,-10.08266860616978,3.8703738550892433
2018-11-22 13:00:00,0.72,0.23,0.57,0.46,29.0,74.0,24.0,1006.4,26.6,-6.46168817957512,5.048424097670398
2018-11-22 14:00:00,0.9,0.17,0.45,0.85,28.9,76.0,24.1,1005.8,23.4,-7.566042558696059,7.566042558696057
2018-11-22 15:00:00,0.91,0.07,0.29,0.88,28.4,78.0,24.1,1005.6,24.1,-9.359244484304625,4.9763985655304435
2018-11-22 16:00:00,0.96,0.26,0.21,0.94,27.8,79.0,23.8,1005.9,23.8,-7.523858047687012,5.466402846319999
2018-11-22 17:00:00,0.99,0.32,0.07,0.95,27.6,81.0,24.0,1005.9,18.4,-3.616017032810471,1.4609657143220571
2018-11-22 18:00:00,0.97,0.14,0.05,0.96,26.5,87.0,24.2,1006.6,7.6,-4.3458286986186065,0.6883116461770157
2018-11-22 19:00:00,0.96,0.01,0.38,0.94,26.2,89.0,24.4,1007.8,6.1,-3.9467090073008158,1.4364846019678086
2018-11-22 20:00:00,0.96,0.25,0.49,0.95,26.1,90.0,24.4,1009.1,9.4,-4.3748599749577055,-1.4214781741247582
2018-11-22 21:00:00,0.98,0.22,0.35,0.97,24.9,96.0,24.1,1009.9,16.6,2.508575646817105,-6.535062985480411
2018-11-22 22:00:00,0.97,0.41,0.42,0.96,23.9,98.0,23.5,1010.3,18.7,3.606244584051393,-3.606244584051391
2018-11-22 23:00:00,1.0,1.0,0.35,0.95,23.9,98.0,23.5,1010.1,10.8,2.500000000000002,-4.330127018922192
2018-11-23 00:00:00,1.0,1.0,0.26,0.96,24.0,97.0,23.5,1009.8,13.0,3.587591189822893,-6.47218583283153
2018-11-23 01:00:00,1.0,1.0,0.35,0.95,23.8,97.0,23.3,1009.1,15.1,5.3562548353332256,-6.8556935563784815
2018-11-23 02:00:00,0.98,0.97,0.3,0.96,23.6,97.0,23.0,1008.7,16.6,4.738350289172501,-7.885939166459431
2018-11-23 03:00:00,1.0,1.0,0.38,0.63,23.6,97.0,23.1,1008.2,16.2,4.716281451675525,-7.54762805579219
2018-11-23 04:00:00,1.0,1.0,0.32,0.63,23.5,97.0,23.0,1008.4,16.6,4.033014550459515,-8.268905225952334
2018-11-23 05:00:00,1.0,1.0,0.41,0.97,23.7,96.0,23.0,1008.8,16.6,-0.7582549619046259,-8.666893873398186
2018-11-23 06:00:00,1.0,1.0,0.41,0.97,23.7,95.0,22.8,1010.0,20.5,-1.5169868004647133,-10.793921949283117
2018-11-23 07:00:00,0.95,0.27,0.36,0.93,24.0,93.0,22.8,1010.6,21.2,-0.7533699164365533,-10.773691742806102
2018-11-23 08:00:00,1.0,1.0,0.42,0.94,24.6,91.0,23.0,1011.5,22.7,-0.6972459419812653,-7.969557584733964
2018-11-23 09:00:00,1.0,1.0,0.45,0.62,25.1,89.0,23.3,1012.5,25.2,2.4721359549995814,-7.608452130361228
2018-11-23 10:00:00,1.0,1.0,0.35,0.93,25.6,88.0,23.6,1012.2,28.4,5.368251873319167,-7.958760696528401
2018-11-23 11:00:00,1.0,1.0,0.14,0.92,26.4,84.0,23.5,1011.2,33.5,2.4721359549995814,-7.608452130361228
2018-11-23 12:00:00,1.0,1.0,0.22,1.0,26.8,83.0,23.7,1010.0,27.0,-2.8637765329939335,-5.385980316439454
2018-11-23 13:00:00,1.0,0.76,0.12,1.0,26.4,86.0,23.9,1009.0,24.1,-7.558529312547013,-1.4692292643993958
2018-11-23 14:00:00,0.98,0.57,0.36,0.97,25.9,87.0,23.5,1008.1,19.8,-7.589584464134761,-0.3977532674463741
2018-11-23 15:00:00,0.98,0.83,0.28,0.96,26.7,82.0,23.5,1007.7,21.2,-5.78587149150698,-0.40458754771592637
2018-11-23 16:00:00,0.99,0.55,0.24,0.98,26.5,84.0,23.5,1008.3,17.6,-6.1520748540052415,-1.7640790772287946
2018-11-23 17:00:00,0.99,0.14,0.19,0.92,25.9,90.0,24.1,1008.3,14.8,1.0797650608505536,-4.6769763109691285
2018-11-23 18:00:00,0.95,0.07,0.22,0.94,25.2,93.0,24.0,1008.7,10.1,1.7542302283364228,-5.7378285357782115
2018-11-23 19:00:00,0.96,0.03,0.17,0.96,24.9,93.0,23.8,1009.6,10.4,1.7640790772287933,-6.1520748540052415
2018-11-23 20:00:00,0.95,0.13,0.01,0.95,24.5,94.0,23.5,1010.8,11.2,0.3401837155791384,-6.49109197590473
2018-11-23 21:00:00,0.96,0.8,0.18,0.94,24.4,95.0,23.5,1011.5,11.2,-0.3747696938149301,-4.283637201794505
2018-11-23 22:00:00,0.98,0.9,0.44,0.94,24.3,95.0,23.5,1011.6,9.4,-0.7059932828932158,-3.632020578756357
2018-11-23 23:00:00,1.0,1.0,0.29,0.94,24.1,96.0,23.5,1011.4,6.1,0.7071067811865475,0.7071067811865477
2018-11-24 00:00:00,1.0,1.0,0.38,0.97,24.0,97.0,23.5,1010.8,8.3,1.0811407922523513,-5.086367523815789
2018-11-24 01:00:00,1.0,1.0,0.33,0.96,23.7,96.0,23.0,1010.5,14.8,-2.2258437878816784,-8.306962106085987
2018-11-24 02:00:00,1.0,1.0,0.15,0.96,23.5,97.0,23.0,1009.9,15.1,-5.356254835333226,-6.85569355637848
2018-11-24 03:00:00,0.98,0.51,0.2,0.96,23.3,97.0,22.9,1009.9,19.1,-6.524416300446451,-8.980088637561916
2018-11-24 04:00:00,0.98,0.01,0.11,0.98,23.1,96.0,22.5,1009.8,20.5,-2.8788705576360463,-11.546519142684359
2018-11-24 05:00:00,1.0,0.16,0.12,0.99,23.0,96.0,22.4,1010.0,21.6,-1.8126854560771757,-9.325458242752807
2018-11-24 06:00:00,1.0,0.19,0.13,1.0,23.4,95.0,22.6,1010.9,18.0,-0.3280552690035091,-9.394273773979501
2018-11-24 07:00:00,1.0,0.47,0.17,1.0,24.3,91.0,22.7,1012.0,17.6,-3.9860191021428424,-8.95274548489749
2018-11-24 08:00:00,1.0,0.97,1.0,1.0,24.5,93.0,23.2,1012.7,25.2,-6.0834726965099275,-11.93948742412413
2018-11-24 09:00:00,1.0,0.02,1.0,1.0,24.5,94.0,23.5,1013.3,25.9,-4.636797731064123,-10.41441821712565
2018-11-24 10:00:00,0.99,0.12,0.44,0.99,24.4,94.0,23.4,1012.8,20.2,-0.721246396546809,-6.862201078041086
2018-11-24 11:00:00,0.99,0.29,0.07,0.99,27.9,79.0,24.0,1011.8,30.2,-6.782966582185023,-10.855015630802253
2018-11-24 12:00:00,0.99,0.38,0.77,0.99,29.2,73.0,23.8,1011.0,32.4,-6.077449283938639,-10.114574148284927
2018-11-24 13:00:00,1.0,0.22,0.31,0.99,28.2,79.0,24.2,1009.9,30.6,-3.2693856872009626,-4.669166652447253
2018-11-24 14:00:00,1.0,0.91,0.71,0.99,26.2,84.0,23.2,1009.7,27.0,-12.623222778712067,-3.859306502340125
2018-11-24 15:00:00,0.99,0.04,0.23,0.99,25.8,88.0,23.6,1009.2,27.0,-3.6,-2.2043642384652358e-16
2018-11-24 16:00:00,0.98,0.42,0.36,0.97,26.4,85.0,23.6,1009.8,15.8,-4.329989591337347,-4.981083229470295
2018-11-24 17:00:00,0.79,0.01,0.1,0.54,26.9,83.0,23.9,1008.9,20.5,0.31924933308196063,-6.0916401620029
2018-11-24 18:00:00,0.35,0.04,0.13,0.26,25.5,90.0,23.6,1009.8,10.8,1.0811407922523513,-5.086367523815789
2018-11-24 19:00:00,0.94,0.05,0.37,0.91,25.0,92.0,23.6,1010.8,8.6,1.0531962472667237e-15,-4.3
2018-11-24 20:00:00,0.93,0.1,0.29,0.91,24.9,93.0,23.6,1012.0,7.2,0.37476969381493075,-4.283637201794505
2018-11-24 21:00:00,0.85,0.15,0.25,0.81,24.3,96.0,23.5,1012.7,6.8,0.7515347451843558,-5.34744757120448
2018-11-24 22:00:00,0.91,0.7,0.26,0.78,24.1,94.0,23.2,1013.0,10.1,-0.3479327524001636,-2.475670171853926
2018-11-24 23:00:00,0.83,0.43,0.43,0.7,23.9,96.0,23.2,1012.5,18.0,-0.7582549619046259,-8.666893873398186
2018-11-25 00:00:00,0.72,0.21,0.2,0.64,23.6,96.0,23.0,1011.8,19.1,-1.469229264399395,-7.558529312547013
2018-11-25 01:00:00,0.66,0.32,0.18,0.55,23.2,97.0,22.7,1010.9,13.7,0.3558845024520217,-6.790680836331102
2018-11-25 02:00:00,0.52,0.46,0.15,0.12,23.2,97.0,22.7,1010.0,12.2,0.7212463965468086,-6.862201078041086
2018-11-25 03:00:00,0.98,0.98,0.17,0.07,23.4,97.0,22.9,1009.8,12.6,0.7526049355271046,-7.160557646651568
2018-11-25 04:00:00,0.99,0.99,0.25,0.06,23.5,96.0,22.9,1009.8,14.0,2.0329136865846065e-15,-8.3
2018-11-25 05:00:00,0.83,0.91,0.24,0.0,24.1,95.0,23.3,1010.6,16.9,1.0577155672965006,-7.526037322435934
2018-11-25 06:00:00,0.43,0.29,0.34,0.0,24.5,93.0,23.4,1010.9,15.8,2.204364238465236e-15,-9.0
2018-11-25 07:00:00,0.39,0.18,0.35,0.0,25.2,89.0,23.3,1011.3,19.1,-1.0557374790033,-10.04467114321956
2018-11-25 08:00:00,0.43,0.28,0.31,0.01,26.3,82.0,23.0,1012.1,28.1,-4.590510977845909,-13.331811915950368
2018-11-25 09:00:00,0.49,0.36,0.32,0.0,27.5,76.0,22.8,1012.3,28.8,-6.0834726965099275,-11.93948742412413
2018-11-25 10:00:00,0.46,0.37,0.22,0.0,28.2,71.0,22.5,1012.3,28.1,-5.124881702755083,-11.510672766296771
2018-11-25 11:00:00,0.31,0.23,0.24,0.0,29.0,67.0,22.2,1011.5,27.4,-4.300415394543603,-11.202965117966421
2018-11-25 12:00:00,0.29,0.21,0.26,0.0,29.9,62.0,21.8,1010.2,27.0,-4.636797731064123,-10.41441821712565
2018-11-25 13:00:00,0.27,0.14,0.24,0.0,30.2,61.0,21.8,1009.1,26.3,-4.691062705321763,-10.060016436106814
2018-11-25 14:00:00,0.31,0.27,0.21,0.0,30.5,56.0,20.8,1008.0,25.2,-4.298042413382012,-10.125553387976844
2018-11-25 15:00:00,0.27,0.25,0.1,0.0,30.4,56.0,20.7,1007.3,23.4,-5.36825187331917,-7.9587606965284
2018-11-25 16:00:00,0.17,0.14,0.08,0.0,30.0,60.0,21.4,1007.6,19.4,-6.415246974156249,-3.2687315981247376
2018-11-25 17:00:00,0.27,0.07,0.08,0.0,28.3,68.0,21.9,1007.7,13.0,-4.702282018339785,-6.47213595499958
2018-11-25 18:00:00,0.1,0.01,0.1,0.0,26.8,74.0,21.6,1008.3,19.1,-7.208504807130724,-6.490566881680924
2018-11-25 19:00:00,0.1,0.05,0.08,0.0,25.5,83.0,22.4,1009.2,16.6,-5.702441754805555,-2.9055391983331003
2018-11-25 20:00:00,0.08,0.07,0.02,0.0,25.0,87.0,22.8,1010.2,10.4,-4.679622242152313,-2.4881992827652213
2018-11-25 21:00:00,0.09,0.09,0.0,0.0,24.6,90.0,22.9,1010.3,8.6,-4.012982057577929,-3.6133052743378347
2018-11-25 22:00:00,0.15,0.15,0.0,0.0,24.5,90.0,22.7,1010.4,9.0,-3.2693856872009626,-4.669166652447253
2018-11-25 23:00:00,0.23,0.23,0.0,0.0,24.2,90.0,22.5,1010.2,11.5,-1.8467702839738944,-6.440453362786736
2018-11-26 00:00:00,0.28,0.28,0.01,0.0,24.1,89.0,22.2,1009.7,13.0,-1.0577155672964973,-7.5260373224359345
2018-11-26 01:00:00,0.31,0.3,0.03,0.0,24.1,89.0,22.1,1009.3,14.0,-1.3891854213354426,-7.878462024097664
2018-11-26 02:00:00,0.38,0.38,0.03,0.0,23.9,89.0,22.0,1008.9,15.1,-0.7582549619046259,-8.666893873398186
2018-11-26 03:00:00,0.32,0.32,0.02,0.0,23.5,91.0,21.9,1008.5,15.1,-0.30013567164150834,-8.594761112364223
2018-11-26 04:00:00,0.19,0.19,0.03,0.0,23.1,91.0,21.6,1008.5,17.3,-0.3524849166952598,-10.093847352892867
2018-11-26 05:00:00,0.18,0.36,0.16,0.22,23.4,89.0,21.4,1009.0,18.4,-1.0975488643103615,-10.44247990136687
2018-11-26 06:00:00,0.98,0.98,0.53,0.02,23.8,86.0,21.2,1009.6,20.2,-1.3771235804781665,-11.215771513546938
2018-11-26 07:00:00,0.96,0.96,0.44,0.0,24.6,83.0,21.5,1010.2,22.0,-1.0110066158728348,-11.555858497864248
2018-11-26 08:00:00,0.55,0.12,0.55,0.0,25.6,79.0,21.8,1010.9,25.6,-1.7257464519048116,-12.279324052395474
2018-11-26 09:00:00,0.4,0.35,0.05,0.07,27.4,71.0,21.7,1011.2,32.8,-9.062507694346529,-12.94260229976607
2018-11-26 10:00:00,0.3,0.25,0.03,0.08,28.2,66.0,21.4,1010.9,32.8,-7.571059701177796,-12.60035932032105
2018-11-26 11:00:00,0.51,0.49,0.01,0.05,29.0,62.0,21.0,1010.0,32.0,-7.828578738632823,-13.028942970672107
2018-11-26 12:00:00,0.67,0.66,0.13,0.0,29.2,62.0,21.3,1009.1,32.0,-7.98309016110584,-13.286093160882741
2018-11-26 13:00:00,0.41,0.39,0.31,0.0,29.3,62.0,21.3,1008.0,32.0,-5.35301646030305,-12.610916492298433
2018-11-26 14:00:00,0.38,0.14,0.33,0.04,29.5,61.0,21.2,1007.1,28.4,-5.493285046848516,-10.78117894267925
2018-11-26 15:00:00,0.51,0.34,0.37,0.2,29.0,64.0,21.5,1006.3,25.2,-7.57177623800307,-7.8408038236912985
2018-11-26 16:00:00,0.58,0.09,0.36,0.35,28.6,67.0,21.9,1006.6,22.3,-6.876644452187053,-4.996174644486022
2018-11-26 17:00:00,0.18,1.0,0.38,0.0,27.1,71.0,21.4,1006.6,15.5,-11.533454107727392,-7.206901993571586
2018-11-26 18:00:00,0.97,0.97,0.4,0.0,26.2,76.0,21.8,1007.3,26.3,-11.510108895365454,-5.367251924106883
2018-11-26 19:00:00,0.9,0.9,0.59,0.0,25.8,78.0,21.6,1008.3,23.4,-8.999165894302516,-4.585304047369423
2018-11-26 20:00:00,0.91,0.9,0.64,0.0,25.4,79.0,21.5,1009.0,18.0,-6.143640332167439,-4.301823272632845
2018-11-26 21:00:00,1.0,1.0,0.98,0.0,25.1,80.0,21.5,1009.7,13.3,-4.6806636903626915,-4.36478950439999
2018-11-26 22:00:00,1.0,1.0,0.96,0.0,25.2,78.0,21.1,1009.9,12.2,-6.143640332167439,-4.301823272632845
2018-11-26 23:00:00,0.71,0.7,0.33,0.0,25.1,75.0,20.5,1010.0,16.6,-6.104407793183422,-7.538315826132617
2018-11-27 00:00:00,0.5,0.5,0.15,0.0,24.2,76.0,19.8,1009.6,16.9,-3.6336839561343464,-8.993683389297837
2018-11-27 01:00:00,0.91,0.91,0.06,0.0,23.6,77.0,19.3,1008.8,16.9,-1.8126854560771757,-9.325458242752807
2018-11-27 02:00:00,0.79,0.79,0.06,0.0,23.5,76.0,19.0,1008.4,17.6,-1.7191169589026103,-9.74959675482086
2018-11-27 03:00:00,0.71,0.71,0.04,0.0,23.4,76.0,18.9,1008.0,18.0,-1.4195656297926673,-10.100734301164017
2018-11-27 04:00:00,0.14,0.13,0.01,0.0,22.9,77.0,18.7,1008.3,19.1,2.645237086158283e-15,-10.8
2018-11-27 05:00:00,0.0,0.02,0.0,0.0,21.2,86.0,18.8,1008.7,19.1,1.7554427574642109,-9.030970087718508
2018-11-27 06:00:00,0.02,0.02,0.0,0.0,21.5,85.0,18.9,1009.5,16.6,1.423553631866103,-8.987963899415753
2018-11-27 07:00:00,0.0,0.0,0.0,0.0,22.9,81.0,19.5,1010.5,19.4,1.3638963894086458,-9.704627073667389
2018-11-27 08:00:00,0.0,0.0,0.0,0.0,24.7,74.0,19.6,1011.2,25.6,2.9881381899195417e-15,-12.2
2018-11-27 09:00:00,0.0,0.0,0.0,0.0,26.4,68.0,20.0,1011.4,28.4,-0.696068218031153,-13.281772812235833
2018-11-27 10:00:00,0.0,0.0,0.0,0.0,27.6,63.0,20.0,1011.0,29.5,-2.518678738970391,-12.957478821509163
2018-11-27 11:00:00,0.12,0.12,0.0,0.0,28.6,59.0,19.8,1010.1,30.2,-5.874393838195722,-12.597678239809435
2018-11-27 12:00:00,0.3,0.3,0.0,0.0,29.3,55.0,19.5,1009.2,30.6,-6.1371960550470845,-12.583116648188339
2018-11-27 13:00:00,0.33,0.33,0.0,0.0,29.7,53.0,19.1,1008.0,30.2,-5.786499137615822,-11.864081411149003
2018-11-27 14:00:00,0.3,0.3,0.0,0.0,29.9,52.0,18.8,1007.1,28.4,-6.518006950068421,-10.43099158272404
2018-11-27 15:00:00,0.31,0.31,0.0,0.0,29.8,51.0,18.5,1006.8,25.9,-7.57177623800307,-7.8408038236912985
2018-11-27 16:00:00,0.19,0.19,0.04,0.0,29.4,57.0,19.9,1007.0,22.0,-5.051654523226906,-5.811263767715345
2018-11-27 17:00:00,0.24,0.61,0.0,0.0,28.1,68.0,21.8,1007.2,15.1,-2.545584412271571,-2.5455844122715714
2018-11-27 18:00:00,0.21,0.16,0.03,0.05,26.5,69.0,20.5,1007.9,15.8,-9.369480515003962,-2.510544737494451
2018-11-27 19:00:00,0.25,0.22,0.09,0.01,25.5,74.0,20.6,1009.1,17.3,-8.939733772226367,-2.5634274090980926
2018-11-27 20:00:00,0.2,0.15,0.17,0.0,25.0,78.0,20.8,1009.9,15.8,-6.1385314081469815,-1.4171916423663489
2018-11-27 21:00:00,0.85,0.18,0.84,0.0,24.8,78.0,20.6,1010.4,12.2,-6.122295146001595,-3.9758649556096977
2018-11-27 22:00:00,0.32,0.16,0.32,0.0,24.8,78.0,20.6,1010.3,14.4,-4.349999999999999,-7.534421012924616
2018-11-27 23:00:00,0.39,0.03,0.38,0.0,24.6,77.0,20.4,1010.1,19.4,-5.3813867847343415,-9.708278749247292
2018-11-28 00:00:00,0.75,0.11,0.74,0.0,24.4,76.0,19.8,1009.6,19.4,-4.734408385322037,-9.706975700031006
2018-11-28 01:00:00,1.0,0.11,1.0,0.0,24.4,74.0,19.5,1008.9,19.4,-2.5885642829164444,-10.382164271153162
2018-11-28 02:00:00,1.0,1.0,0.97,0.0,24.2,73.0,19.0,1008.3,19.1,-0.3769145643870105,-10.793420931806235
2018-11-28 03:00:00,0.95,0.92,0.95,0.0,24.2,72.0,18.9,1008.1,19.4,2.645237086158283e-15,-10.8
2018-11-28 04:00:00,0.75,0.05,0.75,0.0,23.9,74.0,19.0,1008.3,18.7,0.35248491669525833,-10.093847352892867
2018-11-28 05:00:00,0.04,0.18,0.32,0.02,24.1,75.0,19.4,1008.5,18.4,1.0243789400230034,-9.746314574609078
2018-11-28 06:00:00,0.98,0.98,0.36,0.0,24.0,76.0,19.5,1009.2,17.6,2.4737865342776532e-15,-10.1
2018-11-28 07:00:00,0.33,0.13,0.32,0.0,24.7,77.0,20.4,1010.1,19.8,-1.0975488643103615,-10.44247990136687
2018-11-28 08:00:00,0.33,0.0,0.21,0.15,25.9,73.0,20.7,1010.8,29.9,-3.2226312076752697,-15.161287811373988
2018-11-28 09:00:00,0.36,0.0,0.34,0.02,27.0,70.0,21.0,1011.0,34.9,-3.5137075748201325,-16.530694452401313
2018-11-28 10:00:00,0.45,0.18,0.42,0.06,28.0,66.0,20.9,1010.9,34.9,-4.24463233968134,-15.84118355114072
2018-11-28 11:00:00,1.0,1.0,1.0,0.33,28.8,61.0,20.5,1010.1,34.2,-5.806402197946636,-14.371349745785205
2018-11-28 12:00:00,1.0,0.96,1.0,0.9,28.4,62.0,20.3,1009.3,32.8,-6.446665096301564,-12.652292643474823
2018-11-28 13:00:00,0.96,0.82,0.43,0.92,28.7,63.0,20.9,1008.1,27.4,-6.094071538681856,-9.7525531057989
2018-11-28 14:00:00,0.98,0.96,0.23,0.63,28.5,66.0,21.5,1007.0,28.1,-10.11162697096763,-10.111626970967631
2018-11-28 15:00:00,0.65,0.58,0.43,0.04,28.5,66.0,21.7,1006.8,29.5,-7.288537128426667,-10.031810730249349
2018-11-28 16:00:00,0.98,0.56,0.94,0.66,27.8,72.0,22.2,1007.4,24.8,-8.31452281681049,-4.995869326627525
2018-11-28 17:00:00,0.93,0.03,0.77,0.73,27.4,76.0,22.6,1007.3,18.0,-5.702441754805555,-2.9055391983331003
2018-11-28 18:00:00,0.98,0.01,0.65,0.95,26.0,82.0,22.8,1007.9,16.6,-6.877117867544073,-7.121464023352647
2018-11-28 19:00:00,0.2,0.04,0.13,0.11,25.5,87.0,23.2,1008.8,16.6,-6.104407793183422,-7.538315826132617
2018-11-28 20:00:00,0.31,0.05,0.31,0.0,25.0,89.0,23.2,1009.7,16.6,-4.6339756782707715,-6.149493427364155
2018-11-28 21:00:00,1.0,0.0,1.0,0.26,24.9,89.0,23.0,1010.2,13.0,-4.702282018339785,-6.47213595499958
2018-11-28 22:00:00,1.0,0.0,1.0,0.83,25.0,88.0,22.9,1010.3,15.5,-5.7208097262102,-6.817795543758905
2018-11-28 23:00:00,0.96,0.1,0.55,0.95,24.6,90.0,22.9,1010.3,18.0,-4.766900247265242,-9.355568503977864
2018-11-29 00:00:00,0.99,0.65,0.77,0.96,24.4,91.0,22.8,1009.8,18.4,-4.013721034907363,-10.45610077676866
2018-11-29 01:00:00,0.99,0.86,0.42,0.98,24.0,92.0,22.6,1009.1,19.8,-4.995869326627525,-8.31452281681049
2018-11-29 02:00:00,1.0,1.0,0.4,0.97,23.8,95.0,22.9,1008.7,16.6,-5.37401153701776,-5.374011537017761
2018-11-29 03:00:00,0.98,0.96,0.4,0.96,23.5,96.0,22.8,1008.5,14.4,-6.139453095510071,-4.971631089293716
2018-11-29 04:00:00,1.0,1.0,0.36,0.94,23.5,96.0,22.8,1008.9,15.1,-4.996174644486022,-6.876644452187053
2018-11-29 05:00:00,0.97,0.61,0.4,0.92,23.8,92.0,22.5,1009.1,15.5,-1.8221035401853065,-7.892397524760405
2018-11-29 06:00:00,1.0,1.0,0.24,0.9,23.9,94.0,22.9,1010.1,15.8,-3.6319239979163744,-7.128052193506943
2018-11-29 07:00:00,0.98,0.84,0.18,0.94,24.5,92.0,23.0,1010.8,20.2,-5.829111906565254,-9.328529057720685
2018-11-29 08:00:00,0.99,0.91,0.29,0.98,25.3,88.0,23.2,1011.7,28.8,-8.640443208699354,-11.892549817311727
2018-11-29 09:00:00,0.99,0.63,0.2,0.98,26.0,85.0,23.4,1011.5,29.9,-8.98865753975461,-11.50495700265814
2018-11-29 10:00:00,0.98,0.19,0.25,0.98,27.4,81.0,23.9,1011.1,32.0,-9.41157736886248,-10.092681082344553
2018-11-29 11:00:00,1.0,0.84,1.0,0.95,28.5,76.0,23.9,1010.8,29.2,-10.068373723328557,-5.1300926470568795
2018-11-29 12:00:00,1.0,0.31,0.53,1.0,27.0,84.0,24.1,1009.6,29.5,-12.22684500917257,-2.598896135221993
2018-11-29 13:00:00,1.0,1.0,0.2,1.0,27.1,85.0,24.5,1008.6,26.3,-5.074340152243905,-1.8469087739586119
2018-11-29 14:00:00,1.0,0.71,0.37,0.99,26.1,85.0,23.5,1008.1,22.3,-8.607698886457491,1.8296228791962823
2018-11-29 15:00:00,0.99,0.7,0.34,0.98,26.4,84.0,23.5,1008.1,19.4,-6.162892951849219,-2.873804179836756
2018-11-29 16:00:00,1.0,0.15,0.27,0.99,26.1,87.0,23.9,1008.6,15.5,-5.437846722219899,-2.5357095704441965
2018-11-29 17:00:00,1.0,0.2,0.2,0.97,25.6,89.0,23.6,1009.1,13.0,-4.349999999999999,-7.534421012924616
2018-11-29 18:00:00,0.98,0.02,0.2,0.98,25.0,90.0,23.4,1009.3,15.8,-3.9758649556096977,-6.122295146001595
2018-11-29 19:00:00,0.98,0.1,0.12,0.98,24.6,92.0,23.2,1010.5,12.6,-3.6149310334513594,-6.798696465013738
2018-11-29 20:00:00,0.93,0.14,0.06,0.92,24.5,92.0,23.2,1011.2,16.6,-4.014873486536644,-8.609923976848174
2018-11-29 21:00:00,0.96,0.32,0.06,0.96,24.2,93.0,23.0,1011.5,16.6,-2.8649997592229792,-8.320563465273988
2018-11-29 22:00:00,0.99,0.98,0.2,0.98,24.0,93.0,22.9,1011.4,16.2,-3.6336839561343464,-8.993683389297837
2018-11-29 23:00:00,0.99,0.97,0.19,0.97,24.1,93.0,23.0,1011.2,17.6,-4.993539088537272,-9.008582983535776
2018-11-30 00:00:00,1.0,1.0,0.33,0.97,23.7,95.0,22.9,1010.7,17.3,-5.46640284632,-7.523858047687012
2018-11-30 01:00:00,0.99,0.98,0.42,0.96,23.8,96.0,23.1,1010.0,16.9,-4.60082131530173,-8.652886410017485
2018-11-30 02:00:00,1.0,1.0,0.46,0.95,23.6,95.0,22.8,1009.7,17.6,-3.5386087947594613,-7.947845481490627
2018-11-30 03:00:00,0.94,0.62,0.37,0.88,23.5,95.0,22.7,1009.4,17.3,-2.24951054343865,-9.743700647852352
2018-11-30 04:00:00,0.97,0.32,0.39,0.95,23.2,96.0,22.5,1009.5,18.4,-2.952954217699641,-9.658678035226657
2018-11-30 05:00:00,0.96,0.4,0.43,0.65,23.6,92.0,22.2,1010.1,17.6,-2.5159877142365445,-10.091075553270363
2018-11-30 06:00:00,0.85,0.39,0.47,0.73,23.9,91.0,22.4,1011.0,19.1,-4.383711467890775,-8.98794046299167
2018-11-30 07:00:00,0.89,0.38,0.52,0.81,24.4,92.0,22.9,1011.9,16.9,-2.8649997592229792,-8.320563465273988
2018-11-30 08:00:00,0.95,0.43,0.39,0.91,25.5,85.0,22.8,1012.4,28.4,-4.993494092554763,-13.719512263474263
2018-11-30 09:00:00,0.94,0.34,0.34,0.91,26.5,80.0,22.8,1012.8,30.2,-6.487892972478346,-13.302151885227673
2018-11-30 10:00:00,0.92,0.23,0.28,0.89,27.5,76.0,23.0,1012.1,30.2,-7.880466884168427,-10.086537646166041
2018-11-30 11:00:00,0.86,0.22,0.22,0.82,28.4,74.0,23.2,1011.5,30.6,-7.2166493188955805,-8.301805382450492
2018-11-30 12:00:00,0.72,0.38,0.22,0.58,29.2,71.0,23.5,1010.2,31.7,-7.212489168102784,-7.212489168102785
2018-11-30 13:00:00,0.59,0.56,0.2,0.04,29.5,71.0,23.8,1008.7,31.3,-6.877117867544073,-7.121464023352647
2018-11-30 14:00:00,0.95,0.84,0.93,0.09,29.5,68.0,23.0,1007.8,31.3,-9.68599049793387,-5.8199302464836125
2018-11-30 15:00:00,0.4,0.02,0.26,0.27,28.1,77.0,23.8,1007.9,28.1,-9.38303923565381,-1.4861274178821937
2018-11-30 16:00:00,0.49,0.13,0.19,0.41,26.8,83.0,23.5,1008.3,25.6,-10.478907385791707,-6.050000000000002
2018-11-30 17:00:00,0.56,0.05,0.21,0.0,27.0,81.0,23.4,1008.2,22.7,-3.5996106142446194,-4.289848881466277
2018-11-30 18:00:00,0.34,0.31,0.17,0.0,26.2,81.0,22.8,1008.9,13.7,-5.39941592136693,-6.4347733221994154
2018-11-30 19:00:00,0.19,0.12,0.17,0.0,25.6,84.0,22.7,1009.8,14.8,-4.656970893768797,-5.750880114781585
2018-11-30 20:00:00,0.14,0.06,0.13,0.0,24.9,88.0,22.8,1010.4,13.7,-3.6149310334513594,-6.798696465013738
2018-11-30 21:00:00,0.09,0.06,0.08,0.0,24.3,92.0,22.9,1011.2,13.3,-1.4493866525741161,-5.4091846272187825
2018-11-30 22:00:00,0.2,0.1,0.16,0.04,23.8,94.0,22.9,1011.4,9.0,0.3278554265973905,-4.688551036221174
2018-11-30 23:00:00,0.33,0.13,0.32,0.0,23.8,94.0,22.9,1011.0,9.0,1.3226185430791415e-15,-5.4
2018-12-01 00:00:00,0.32,0.12,0.31,0.0,23.9,94.0,22.9,1010.4,11.9,-0.7526049355271051,-7.160557646651568
2018-12-01 01:00:00,0.24,0.18,0.17,0.0,23.8,94.0,22.7,1009.7,13.7,-0.7233926648055629,-8.268415994161488
2018-12-01 02:00:00,0.27,0.2,0.19,0.01,23.6,93.0,22.4,1009.1,16.6,-1.4861274178821933,-9.38303923565381
2018-12-01 03:00:00,0.39,0.24,0.25,0.13,23.2,93.0,22.1,1008.6,16.6,0.3140954703225074,-8.994517443171862
2018-12-01 04:00:00,0.34,0.22,0.24,0.09,23.0,94.0,22.0,1008.7,15.8,2.0329136865846065e-15,-8.3
2018-12-01 05:00:00,0.23,0.14,0.1,0.17,23.0,94.0,22.0,1008.7,14.4,-0.7844016847289235,-8.96575228282571
2018-12-01 06:00:00,0.28,0.16,0.08,0.16,23.5,92.0,22.0,1009.4,17.3,-0.3385251180142594,-9.694091022085228
2018-12-01 07:00:00,0.21,0.12,0.05,0.1,24.6,88.0,22.5,1010.2,19.4,-1.0557374790033,-10.04467114321956
2018-12-01 08:00:00,0.71,0.53,0.02,0.43,26.0,80.0,22.3,1010.6,32.0,-6.25169805582838,-14.728077655239046
2018-12-01 09:00:00,0.89,0.83,0.02,0.37,27.0,74.0,22.0,1011.0,32.0,-8.240609198560866,-13.714676811233797
2018-12-01 10:00:00,0.68,0.68,0.02,0.02,28.0,69.0,21.8,1010.7,32.0,-7.951729911219395,-12.24459029200319
2018-12-01 11:00:00,0.56,0.53,0.18,0.04,28.6,66.0,21.6,1009.5,30.2,-6.713443347838239,-12.626150577882656
2018-12-01 12:00:00,0.53,0.39,0.49,0.0,29.1,64.0,21.5,1008.3,30.2,-7.471861625688189,-11.957478155805605
2018-12-01 13:00:00,0.87,0.85,0.57,0.0,29.4,62.0,21.4,1006.9,29.9,-10.465180361560902,-10.465180361560904
2018-12-01 14:00:00,0.83,0.83,0.07,0.0,29.2,63.0,21.4,1006.0,30.6,-11.892549817311727,-8.640443208699354
2018-12-01 15:00:00,0.98,0.98,0.15,0.94,29.2,62.0,21.2,1005.5,29.2,-9.333809511662427,-9.333809511662427
2018-12-01 16:00:00,1.0,0.52,0.01,1.0,28.5,68.0,22.0,1005.7,25.6,-6.18861855782673,-5.379684037722159
2018-12-01 17:00:00,0.98,0.17,0.01,1.0,27.4,73.0,22.1,1005.5,14.8,-11.13864522812466,-1.1707187885977186
2018-12-01 18:00:00,0.98,0.08,0.04,0.98,26.4,77.0,22.0,1006.4,22.0,-11.107818738551682,-2.5644420195200603
2018-12-01 19:00:00,0.97,0.11,0.02,0.96,25.8,79.0,22.0,1007.0,20.2,-10.818369254437565,-2.8987733051482323
2018-12-01 20:00:00,0.94,0.15,0.03,0.93,25.2,82.0,22.0,1007.8,20.5,-10.426010937070336,-5.085105302753298
2018-12-01 21:00:00,0.92,0.11,0.03,0.91,24.7,85.0,22.1,1008.4,20.9,-10.114574148284927,-6.077449283938639
2018-12-01 22:00:00,0.82,0.04,0.02,0.81,24.4,87.0,22.1,1008.6,20.9,-8.274112912870581,-6.464445490919412
2018-12-01 23:00:00,0.95,0.03,0.01,0.95,24.0,89.0,22.0,1008.2,18.4,-6.156001578501495,-6.836932394392027
2018-12-02 00:00:00,0.93,0.02,0.01,0.93,23.5,90.0,21.7,1008.0,15.8,-2.872969203935617,-7.8934180146016315
2018-12-02 01:00:00,0.88,0.05,0.0,0.87,23.0,90.0,21.3,1007.3,14.8,2.0329136865846065e-15,-8.3
2018-12-02 02:00:00,0.91,0.06,0.0,0.9,22.5,90.0,20.9,1006.9,15.5,1.376623292354034,-8.691657397237211
2018-12-02 03:00:00,0.74,0.13,0.0,0.71,22.1,90.0,20.3,1006.9,15.8,2.4807362023529906,-8.65135526344487
2018-12-02 04:00:00,0.56,0.16,0.0,0.48,22.0,88.0,19.9,1007.0,16.6,1.145571828008384,-9.329933825428428
2018-12-02 05:00:00,0.16,0.11,0.0,0.0,22.1,88.0,20.1,1006.5,18.0,2.9047597471245084,-8.939931253174443
2018-12-02 06:00:00,0.08,0.08,0.0,0.0,22.2,88.0,20.1,1007.2,17.6,3.516580156403465,-8.284543681071963
2018-12-02 07:00:00,0.06,0.06,0.0,0.0,23.6,84.0,20.7,1008.2,18.7,2.5634274090980904,-8.939733772226367
2018-12-02 08:00:00,0.04,0.04,0.0,0.0,25.2,79.0,21.2,1008.7,24.5,0.4013442120787595,-11.492994510719601
2018-12-02 09:00:00,0.19,0.19,0.0,0.0,26.9,72.0,21.5,1008.9,28.8,-3.571702822414786,-13.329776402789143
2018-12-02 10:00:00,0.27,0.27,0.0,0.0,28.0,66.0,21.1,1008.6,30.2,-5.35301646030305,-12.610916492298433
2018-12-02 11:00:00,0.44,0.44,0.0,0.0,28.8,63.0,21.0,1007.5,32.0,-5.694020219921862,-14.093194589415168
2018-12-02 12:00:00,0.61,0.61,0.0,0.0,29.2,59.0,20.4,1006.3,32.4,-5.782820701641252,-13.623471831096118
2018-12-02 13:00:00,0.68,0.67,0.0,0.03,29.5,58.0,20.4,1005.4,31.3,-6.381535752284561,-13.685247584253414
2018-12-02 14:00:00,1.0,1.0,0.0,0.01,29.3,59.0,20.5,1004.5,30.6,-6.713443347838239,-12.626150577882656
2018-12-02 15:00:00,0.8,0.63,0.0,0.47,29.0,60.0,20.4,1004.3,28.8,-5.367251924106883,-11.510108895365454
2018-12-02 16:00:00,0.8,0.54,0.0,0.57,28.6,64.0,21.0,1004.7,24.1,-1.4553818357243153,-6.84703320513664
2018-12-02 17:00:00,0.67,0.23,0.0,0.0,27.4,75.0,22.5,1004.4,12.2,-2.524212048835199,-3.2308440897875594
2018-12-02 18:00:00,0.08,0.08,0.01,0.0,25.7,76.0,21.1,1005.0,9.4,-6.5,-3.9801020972288977e-16
2018-12-02 19:00:00,0.01,0.01,0.0,0.0,25.1,81.0,21.7,1006.3,20.2,-11.107818738551682,-2.5644420195200603
2018-12-02 20:00:00,0.23,0.0,0.0,0.22,24.5,84.0,21.6,1007.3,20.2,-8.21141261358802,-4.366085533908786
2018-12-02 21:00:00,0.78,0.0,0.0,0.78,23.6,88.0,21.5,1008.0,15.8,-4.313351365237939,-4.31335136523794
2018-12-02 22:00:00,0.99,0.0,0.0,0.99,23.2,90.0,21.4,1007.8,9.4,-2.149021206691006,-5.062776693988422
2018-12-02 23:00:00,1.0,0.0,0.0,1.0,22.9,91.0,21.4,1007.8,9.4,-0.40458754771592675,-5.78587149150698
2018-12-03 00:00:00,0.7,0.0,0.0,0.7,22.8,91.0,21.3,1007.6,12.2,1.7634913907721887e-15,-7.2
2018-12-03 01:00:00,0.5,0.01,0.0,0.5,22.6,92.0,21.2,1007.0,13.7,1.934941942652818e-15,-7.9
2018-12-03 02:00:00,0.09,0.0,0.05,0.05,22.5,92.0,21.1,1006.6,15.1,1.0602632876247808,-8.635151519279502
2018-12-03 03:00:00,0.07,0.05,0.06,0.0,22.4,93.0,21.1,1006.3,15.5,2.8729692039356163,-7.8934180146016315
2018-12-03 04:00:00,0.04,0.04,0.0,0.0,22.2,94.0,21.2,1006.4,14.8,3.2039952536120455,-7.548139798310009
2018-12-03 05:00:00,0.12,0.08,0.08,0.65,22.5,94.0,21.5,1006.5,14.4,1.141971594793687,-7.210124886344505
2018-12-03 06:00:00,0.45,0.06,0.0,0.42,23.0,91.0,21.5,1007.0,14.0,1.8221035401853092,-7.892397524760404
2018-12-03 07:00:00,0.35,0.0,0.0,0.35,24.3,86.0,21.8,1007.6,19.4,1.0557374790032994,-10.04467114321956
2018-12-03 08:00:00,0.5,0.01,0.0,0.5,25.8,80.0,22.0,1008.4,26.3,-1.098162358620493,-12.552053195955994
2018-12-03 09:00:00,0.62,0.57,0.0,0.3,27.4,71.0,21.6,1009.0,38.9,-10.146250075728066,-16.886195823831613
2018-12-03 10:00:00,0.93,0.83,0.0,0.58,28.0,66.0,21.1,1008.9,39.2,-9.599999999999998,-16.627687752661224
2018-12-03 11:00:00,0.61,0.57,0.0,0.1,29.1,61.0,20.8,1008.0,37.8,-10.094945279778411,-14.417075979486256
2018-12-03 12:00:00,0.74,0.64,0.0,0.26,30.2,57.0,20.6,1006.7,36.0,-9.095471884750951,-14.005798484688581
2018-12-03 13:00:00,0.3,0.02,0.0,0.29,30.1,58.0,21.0,1005.2,33.8,-2.9918490227734047,-12.959121861643629
2018-12-03 14:00:00,0.69,0.45,0.0,0.44,30.8,55.0,20.8,1004.3,28.8,-2.4533579516495605,-11.542141688658909
2018-12-03 15:00:00,0.6,0.59,0.03,0.0,30.6,56.0,20.8,1004.2,25.2,-2.5648410533120636,-7.893769085249775
2018-12-03 16:00:00,0.99,0.99,0.24,0.0,30.0,62.0,22.0,1004.5,16.6,-2.902780391316932,-7.5620014546273335
2018-12-03 17:00:00,0.65,0.23,0.42,0.28,27.6,72.0,22.1,1005.4,14.4,-8.973775077016036,-5.82763767466079
2018-12-03 18:00:00,0.89,0.28,0.45,0.84,26.2,80.0,22.5,1006.1,23.4,-8.274112912870581,-6.464445490919412
2018-12-03 19:00:00,0.93,0.14,0.66,0.89,25.5,85.0,22.9,1007.0,18.0,-4.314986839553106,-4.023790324368742
2018-12-03 20:00:00,1.0,0.09,0.98,0.95,25.5,87.0,23.1,1007.9,16.6,-8.302838622659698,-5.391926446648768
2018-12-03 21:00:00,0.99,0.4,0.58,0.99,25.4,88.0,23.2,1008.5,17.6,-6.410784584587486,-6.874724795220202
2018-12-03 22:00:00,0.97,0.14,0.3,0.97,25.0,91.0,23.5,1008.6,17.3,-7.580077219869421,-6.825132184860354
2018-12-03 23:00:00,0.96,0.04,0.17,0.95,24.7,92.0,23.3,1008.4,20.5,-5.7931220071455645,-8.273435647318816
2018-12-04 00:00:00,0.98,0.13,0.41,0.97,24.2,92.0,22.9,1008.0,17.6,-5.7931220071455645,-8.273435647318816
2018-12-04 01:00:00,0.98,0.46,0.29,0.97,24.0,93.0,22.8,1007.4,19.1,-5.1300926470568795,-10.068373723328557
2018-12-04 02:00:00,0.98,0.93,0.32,0.98,23.2,95.0,22.4,1007.1,24.1,-2.5988961352219917,-12.226845009172571
2018-12-04 03:00:00,0.98,0.88,0.28,0.96,23.1,95.0,22.2,1006.8,22.7,-2.101142949769857,-11.916173811447717
2018-12-04 04:00:00,1.0,1.0,0.15,0.96,23.2,95.0,22.4,1006.9,20.5,-2.8652427062828205,-9.371786608437748
2018-12-04 05:00:00,1.0,1.0,0.39,0.99,23.5,96.0,22.9,1007.1,17.3,-1.4195656297926673,-10.100734301164017
2018-12-04 06:00:00,0.98,0.33,0.39,0.98,23.6,96.0,23.0,1007.9,22.7,-0.30013567164150834,-8.594761112364223
2018-12-04 07:00:00,0.99,0.78,0.4,0.98,24.0,95.0,23.1,1008.7,16.9,-0.6557108531947778,-9.377102072442348
2018-12-04 08:00:00,0.98,0.6,0.29,0.98,24.8,89.0,22.9,1009.5,22.7,-5.029157314714324,-10.785062665736135
2018-12-04 09:00:00,0.99,0.92,0.11,0.99,26.5,83.0,23.2,1009.6,28.4,-7.85799717800933,-11.222383006759188
2018-12-04 10:00:00,1.0,1.0,0.41,0.96,26.8,82.0,23.4,1009.4,33.1,-6.538771374401925,-9.338333304894507
2018-12-04 11:00:00,0.98,0.95,0.27,0.95,27.4,83.0,24.2,1008.7,31.0,-2.891410350820626,-6.811735915548059
2018-12-04 12:00:00,0.98,0.79,0.85,0.96,28.0,80.0,24.2,1007.5,27.4,-2.1727182418122895,-5.377666356487367
2018-12-04 13:00:00,1.0,1.0,0.33,0.98,26.5,89.0,24.6,1007.0,27.7,-7.232034065620942,-2.9219314286441134
2018-12-04 14:00:00,0.99,0.63,0.22,0.98,26.5,85.0,23.8,1006.5,22.7,-7.200817765318393,-6.04220353105347
2018-12-04 15:00:00,0.97,0.12,0.08,0.97,26.9,84.0,23.9,1006.2,19.8,-4.667902132486009,-1.791839747726502
2018-12-04 16:00:00,0.98,0.17,0.1,0.98,26.6,87.0,24.2,1006.2,18.0,-1.7640790772287946,-6.1520748540052415
2018-12-04 17:00:00,0.99,0.07,0.03,1.0,26.5,86.0,24.0,1005.8,18.0,-0.35575801609503904,-5.087576656325103
2018-12-04 18:00:00,1.0,0.16,0.03,1.0,25.8,90.0,24.0,1006.4,9.4,-0.7068421917498553,-5.756767679519667
2018-12-04 19:00:00,1.0,0.11,0.03,1.0,25.2,93.0,24.0,1007.3,9.4,-0.3278554265973889,-4.688551036221174
2018-12-04 20:00:00,1.0,0.11,0.07,1.0,24.8,95.0,23.9,1008.3,7.9,-0.6883116461770159,-4.3458286986186065
2018-12-04 21:00:00,0.99,0.27,0.37,0.99,24.6,94.0,23.6,1009.2,10.8,-2.914555953282627,-4.664264528860342
2018-12-04 22:00:00,0.98,0.35,0.29,0.98,24.5,96.0,23.8,1009.4,13.0,-2.1161930039715187,-6.1458707413955596
2018-12-04 23:00:00,0.97,0.32,0.33,0.96,24.6,94.0,23.7,1009.0,13.3,-1.0237024846032388,-8.337387673787106
2018-12-05 00:00:00,0.95,0.82,0.2,0.93,24.5,95.0,23.6,1008.3,16.9,-2.8652427062828205,-9.371786608437748
2018-12-05 01:00:00,1.0,0.99,0.26,0.74,24.4,95.0,23.6,1007.6,19.1,-3.5812496990287235,-10.400704331592486
2018-12-05 02:00:00,1.0,1.0,0.27,0.86,24.2,97.0,23.6,1007.0,19.1,-1.3766232923540318,-8.691657397237213
2018-12-05 03:00:00,1.0,1.0,0.35,0.9,24.2,97.0,23.8,1006.8,17.6,-2.9047597471245057,-8.939931253174443
2018-12-05 04:00:00,1.0,1.0,0.34,0.87,24.1,98.0,23.7,1007.0,19.4,-3.6336839561343464,-8.993683389297837
2018-12-05 05:00:00,1.0,1.0,0.29,0.88,24.0,97.0,23.6,1007.1,19.1,-2.2258437878816784,-8.306962106085987
2018-12-05 06:00:00,0.94,0.8,0.18,0.9,24.4,96.0,23.7,1007.6,15.8,-1.458644692402215,-8.272385125302547
2018-12-05 07:00:00,0.97,0.85,0.31,0.93,24.9,94.0,24.0,1008.6,16.6,-1.1133848076805235,-7.922144549932563
2018-12-05 08:00:00,0.98,0.92,0.36,0.96,25.7,92.0,24.2,1009.9,19.1,-3.5499933986218752,-7.61298541110786
2018-12-05 09:00:00,0.99,0.92,0.49,0.98,26.6,86.0,24.1,1010.5,22.0,-3.9854575105905923,-9.389149505214892
2018-12-05 10:00:00,0.99,0.56,0.38,0.99,26.6,86.0,24.1,1009.9,25.6,-7.2648054088427685,-9.29852689255932
2018-12-05 11:00:00,0.99,0.72,0.83,0.98,27.9,79.0,24.0,1009.3,24.8,-6.877117867544073,-7.121464023352647
2018-12-05 12:00:00,0.99,0.04,0.21,0.98,26.6,84.0,23.7,1007.8,29.2,-6.162892951849219,-2.873804179836756
2018-12-05 13:00:00,0.98,0.35,0.08,0.97,28.4,80.0,24.5,1006.2,22.3,-5.046787864462489,-5.412017391981862
2018-12-05 14:00:00,0.95,0.12,0.19,0.94,29.0,73.0,23.8,1005.3,27.0,-3.211898789229316,-6.887939181478539
2018-12-05 15:00:00,0.97,0.22,0.36,0.95,27.4,80.0,23.6,1005.1,28.1,-10.45610077676866,-4.013721034907364
2018-12-05 16:00:00,0.56,0.14,0.14,0.49,27.9,79.0,23.9,1005.3,23.0,-4.329989591337347,-4.981083229470295
2018-12-05 17:00:00,0.97,0.17,0.15,0.89,27.4,82.0,24.1,1005.8,17.6,-3.2154212137912763,0.7423384793347546
2018-12-05 18:00:00,0.98,0.26,0.17,0.97,26.8,83.0,23.8,1006.6,6.1,-2.166534083347374,-2.875087836170254
2018-12-05 19:00:00,0.98,0.19,0.12,0.98,26.2,86.0,23.6,1007.5,6.1,-3.2819222547153015,0.3449439287832567
2018-12-05 20:00:00,0.94,0.05,0.03,0.94,25.3,92.0,23.9,1007.9,6.1,-5.421022142882375,-1.7613968679372005
2018-12-05 21:00:00,0.94,0.01,0.01,0.94,24.9,92.0,23.5,1008.5,8.3,-3.9641832724372428,-2.8801477362331185
2018-12-05 22:00:00,0.97,0.04,0.03,0.97,24.5,95.0,23.5,1008.4,6.8,-3.2118269105225195,-3.5670951622914924
2018-12-05 23:00:00,0.97,0.04,0.03,0.97,24.5,94.0,23.5,1008.2,7.9,-1.4326213531414103,-4.685893304218874
2018-12-06 00:00:00,0.94,0.06,0.01,0.93,24.2,96.0,23.5,1007.6,8.6,-1.079765060850552,-4.676976310969129
2018-12-06 01:00:00,0.58,0.1,0.03,0.55,23.9,97.0,23.4,1006.9,7.6,1.1511679911985121e-15,-4.7
2018-12-06 02:00:00,0.84,0.18,0.03,0.83,23.8,98.0,23.4,1006.1,11.2,-0.3558845024520181,-6.790680836331102
2018-12-06 03:00:00,0.37,0.15,0.03,0.32,24.0,97.0,23.5,1005.9,13.3,-1.754618223882147,-7.6000865053248345
2018-12-06 04:00:00,0.26,0.19,0.03,0.16,23.8,98.0,23.4,1006.0,13.3,-1.469229264399395,-7.558529312547013
2018-12-06 05:00:00,0.51,1.0,0.18,0.53,24.1,96.0,23.4,1006.4,15.1,-4.683895701129233,-7.212566884330647
2018-12-06 06:00:00,0.91,0.38,0.19,0.88,24.1,96.0,23.5,1007.1,17.6,-4.995869326627525,-8.31452281681049
2018-12-06 07:00:00,0.95,0.64,0.2,0.92,25.0,93.0,23.8,1008.1,17.3,-2.1013155617496424,-6.467184310807044
2018-12-06 08:00:00,0.92,0.21,0.16,0.9,26.1,90.0,24.4,1008.6,17.3,-2.4967470462773815,-6.859756131737131
2018-12-06 09:00:00,0.98,0.98,0.15,0.78,27.0,87.0,24.7,1008.9,23.8,-3.9860191021428424,-8.95274548489749
2018-12-06 10:00:00,0.99,0.99,0.18,0.61,28.0,76.0,23.5,1008.6,28.1,-3.9854575105905923,-9.389149505214892
2018-12-06 11:00:00,0.67,0.22,0.59,0.24,27.4,76.0,22.9,1008.0,30.2,-7.17304989588484,-14.077903082176213
2018-12-06 12:00:00,0.33,0.04,0.28,0.08,27.7,77.0,23.2,1006.5,32.8,-5.7208097262102,-6.817795543758905
2018-12-06 13:00:00,0.4,0.02,0.39,0.02,28.6,74.0,23.5,1004.9,31.0,-8.273435647318816,-5.7931220071455645
2018-12-06 14:00:00,0.97,0.31,0.21,0.96,29.4,68.0,22.9,1003.7,24.1,-8.301805382450492,-7.2166493188955805
2018-12-06 15:00:00,0.95,0.09,0.11,0.95,29.7,66.0,22.8,1003.6,30.6,-5.356254835333226,-6.85569355637848
2018-12-06 16:00:00,0.18,0.13,0.13,0.09,29.6,67.0,22.7,1003.9,25.6,-5.37401153701776,-5.374011537017761
2018-12-06 17:00:00,0.39,0.14,0.06,0.81,28.2,75.0,23.5,1004.5,14.0,-5.032023407672544,3.267834210090163
2018-12-06 18:00:00,0.83,0.11,0.03,0.81,26.6,84.0,23.8,1005.7,12.6,-4.658019105832602,5.358438019581681
2018-12-06 19:00:00,0.84,0.13,0.03,0.82,25.9,83.0,22.8,1006.7,14.8,-8.994517443171862,0.3140954703225086
2018-12-06 20:00:00,0.9,0.18,0.03,0.88,25.5,83.0,22.4,1007.4,15.8,-8.337387673787106,-1.023702484603239
2018-12-06 21:00:00,0.89,0.07,0.02,0.88,24.9,87.0,22.5,1008.1,14.0,-5.750175672340508,-4.333068166694748
2018-12-06 22:00:00,0.73,0.01,0.02,0.73,24.5,90.0,22.8,1007.9,12.2,-5.046787864462489,-5.412017391981862
2018-12-06 23:00:00,0.71,0.0,0.02,0.71,23.8,95.0,22.9,1008.0,12.6,-3.634753872559855,-5.388744221607771
2018-12-07 00:00:00,0.7,0.03,0.02,0.69,23.5,96.0,22.8,1007.4,10.8,1.592040838891559e-15,-6.5
2018-12-07 01:00:00,0.62,0.04,0.01,0.6,23.3,96.0,22.7,1006.8,11.9,1.4553818357243191,-6.847033205136639
2018-12-07 02:00:00,0.61,0.04,0.01,0.59,23.2,96.0,22.6,1006.3,13.7,1.389185421335443,-7.878462024097664
2018-12-07 03:00:00,0.55,0.04,0.01,0.53,23.2,96.0,22.5,1005.9,16.6,0.655710853194781,-9.377102072442348
2018-12-07 04:00:00,0.69,0.05,0.01,0.68,23.0,96.0,22.4,1006.2,16.6,0.32805526900350773,-9.394273773979501
2018-12-07 05:00:00,0.62,0.08,0.01,0.01,23.1,96.0,22.4,1006.5,16.2,-0.4134540543192563,-7.889173324561134
2018-12-07 06:00:00,0.16,0.12,0.03,0.04,23.5,94.0,22.5,1007.1,14.8,0.37681888494919946,-7.190132650232932
2018-12-07 07:00:00,0.18,0.17,0.01,0.01,25.0,89.0,23.0,1007.8,17.3,-1.109011024986842,-9.032169979936029
2018-12-07 08:00:00,0.67,0.47,0.01,0.41,26.7,80.0,23.0,1008.3,30.2,-6.838589889909608,-14.021187122267005
2018-12-07 09:00:00,0.91,0.29,0.1,0.88,27.9,74.0,22.9,1008.6,32.0,-9.110671410533334,-12.539763412811686
2018-12-07 10:00:00,0.88,0.25,0.36,0.81,28.9,70.0,22.8,1008.3,32.0,-10.037703143554761,-11.547056577408412
2018-12-07 11:00:00,0.51,0.26,0.28,0.33,29.4,70.0,23.4,1007.8,33.5,-9.65386886137305,-9.00237835282498
2018-12-07 12:00:00,0.98,0.98,0.62,0.37,30.2,66.0,23.0,1006.8,33.5,-7.2648054088427685,-9.29852689255932
2018-12-07 13:00:00,0.59,0.19,0.38,0.34,28.9,71.0,23.0,1005.9,33.5,-6.818308926592688,-9.38459713474939
2018-12-07 14:00:00,0.93,0.89,0.74,0.54,29.6,70.0,23.6,1005.0,32.8,-7.180188374442374,-1.7902220274375409
2018-12-07 15:00:00,0.6,0.37,0.3,0.39,27.0,82.0,23.7,1005.1,26.6,-7.9283665448744856,-5.760295472466237
2018-12-07 16:00:00,0.56,0.06,0.19,0.48,27.9,79.0,23.9,1005.2,19.8,-4.70578868443124,-5.046340541172277
2018-12-07 17:00:00,0.62,0.24,0.56,0.68,27.2,79.0,23.4,1005.2,23.4,-7.187719590425635,-5.416335208368435
2018-12-07 18:00:00,0.74,0.13,0.21,0.67,26.2,85.0,23.5,1006.1,16.6,-3.23084408978756,-2.524212048835199
2018-12-07 19:00:00,0.67,0.07,0.14,0.63,25.5,89.0,23.5,1007.2,7.6,-1.8469087739586112,-5.074340152243906
2018-12-07 20:00:00,0.92,0.03,0.04,0.92,25.4,89.0,23.5,1008.2,8.3,-2.197614961051637,-4.7128004925905795
2018-12-07 21:00:00,0.99,0.07,0.05,0.99,24.8,92.0,23.3,1009.1,8.3,-4.7128004925905795,-2.197614961051637
2018-12-07 22:00:00,0.98,0.12,0.11,0.98,24.8,91.0,23.2,1008.8,10.1,-6.1194134401407965,-2.4724035165450187
2018-12-07 23:00:00,0.98,0.06,0.29,0.97,24.5,92.0,23.1,1009.2,15.1,-1.0324674692655236,-6.518743047927909
2018-12-08 00:00:00,0.57,0.35,0.24,0.38,24.0,95.0,23.0,1008.7,16.6,-0.30013567164150834,-8.594761112364223
2018-12-08 01:00:00,0.28,0.07,0.12,0.18,23.8,95.0,23.0,1008.1,15.5,1.469229264399394,-7.558529312547013
2018-12-08 02:00:00,0.55,0.14,0.18,0.46,23.3,96.0,22.7,1007.5,13.3,1.0494494745709957,-5.3989495089621515
2018-12-08 03:00:00,0.62,0.31,0.45,0.25,23.0,98.0,22.5,1007.2,9.4,1.050657780874822,-3.233592155403522
2018-12-08 04:00:00,0.58,0.23,0.13,0.46,23.2,96.0,22.6,1007.1,9.4,2.542346798541463,-4.989636535454859
2018-12-08 05:00:00,0.38,0.27,0.03,0.26,23.8,94.0,22.6,1007.1,13.0,0.28966582263075685,-8.294943864258496
2018-12-08 06:00:00,0.32,0.28,0.03,0.17,24.1,91.0,22.6,1008.0,16.2,1.145571828008384,-9.329933825428428
2018-12-08 07:00:00,0.34,0.3,0.02,0.18,25.2,87.0,23.0,1008.7,20.5,0.3908743630680092,-11.193177262613872
2018-12-08 08:00:00,0.63,0.38,0.02,0.45,26.4,81.0,22.8,1009.5,34.2,-6.258968622859737,-17.196374960382126
2018-12-08 09:00:00,0.65,0.24,0.02,0.62,27.8,75.0,22.9,1009.9,35.6,-8.262627095259752,-16.216318740228296
2018-12-08 10:00:00,0.77,0.21,0.38,0.69,28.5,71.0,22.8,1009.5,35.6,-8.193282582163096,-14.781073050655786
2018-12-08 11:00:00,0.77,0.22,0.4,0.7,29.2,68.0,22.7,1009.0,34.6,-8.65263965848891,-14.400410651795488
2018-12-08 12:00:00,0.57,0.29,0.44,0.46,29.5,66.0,22.5,1007.9,36.7,-10.050310886639206,-13.33721301778979
2018-12-08 13:00:00,0.69,0.17,0.25,0.66,29.5,66.0,22.5,1006.8,36.7,-9.267951356541543,-12.29898685472831
2018-12-08 14:00:00,0.79,0.18,0.26,0.72,30.1,63.0,22.3,1006.0,32.0,-9.40456403667957,-12.94427190999916
2018-12-08 15:00:00,0.92,0.11,0.28,0.88,29.6,66.0,22.5,1005.5,32.0,-7.159029241249753,-11.914625479759362
2018-12-08 16:00:00,0.85,0.04,0.1,0.83,29.5,66.0,22.5,1005.5,27.4,-6.399486987251649,-11.544980134240022
2018-12-08 17:00:00,0.91,0.06,0.13,0.97,28.0,70.0,22.0,1006.2,24.1,-5.0886554215837965,-7.5442419102508795
2018-12-08 18:00:00,0.98,0.04,0.09,0.98,26.7,75.0,21.9,1006.9,15.8,-5.7340643100229425,-4.015035054457322
2018-12-08 19:00:00,0.96,0.02,0.04,0.96,26.2,78.0,22.0,1007.8,15.1,-8.65135526344487,-2.4807362023529924
2018-12-08 20:00:00,0.96,0.0,0.01,0.96,25.4,83.0,22.2,1008.6,16.2,-7.9716521038704045,-4.981241083792126
2018-12-08 21:00:00,0.89,0.0,0.0,0.89,24.7,87.0,22.3,1009.2,15.8,-5.727564927611034,-5.727564927611035
2018-12-08 22:00:00,0.74,0.0,0.0,0.74,24.2,89.0,22.2,1009.4,13.7,-4.702282018339785,-6.47213595499958
2018-12-08 23:00:00,0.85,0.0,0.0,0.85,24.0,89.0,22.0,1009.3,17.3,-5.815606196095768,-8.621990754572435
2018-12-09 00:00:00,0.89,0.01,0.0,0.89,23.9,87.0,21.6,1008.9,19.4,-5.1300926470568795,-10.068373723328557
2018-12-09 01:00:00,0.88,0.02,0.0,0.87,23.6,88.0,21.5,1008.1,21.6,-4.4079257794071935,-11.483039245915583
2018-12-09 02:00:00,0.94,0.03,0.0,0.94,23.2,90.0,21.5,1007.6,22.0,-2.232465245905574,-11.485038046337667
2018-12-09 03:00:00,0.96,0.03,0.0,0.96,22.9,92.0,21.5,1007.2,20.9,0.781272505934207,-11.17271736291003
2018-12-09 04:00:00,0.84,0.03,0.0,0.83,22.7,93.0,21.5,1007.3,19.8,1.7677094549546117,-11.160878248725057
2018-12-09 05:00:00,0.82,0.09,0.0,0.9,22.9,94.0,21.9,1007.0,20.5,0.781272505934207,-11.17271736291003
2018-12-09 06:00:00,0.69,0.28,0.0,0.57,23.2,92.0,22.0,1007.9,20.9,1.1707187885977182,-11.13864522812466
2018-12-09 07:00:00,0.69,0.34,0.0,0.53,24.7,87.0,22.5,1008.9,21.6,1.0110066158728364,-11.555858497864248
2018-12-09 08:00:00,0.49,0.49,0.0,0.0,26.3,78.0,22.1,1009.4,37.8,-7.567053187001423,-18.729113862249104
2018-12-09 09:00:00,0.44,0.32,0.01,0.19,27.2,74.0,22.1,1009.9,38.9,-7.3066721027494195,-17.213440759560633
2018-12-09 10:00:00,0.56,0.28,0.19,0.39,28.1,69.0,22.0,1009.7,36.4,-6.486459886769936,-16.897805719599354
2018-12-09 11:00:00,0.29,0.19,0.27,0.0,29.2,64.0,21.6,1009.1,36.4,-7.199238582441663,-16.169754600274036
2018-12-09 12:00:00,0.34,0.15,0.21,0.13,29.8,61.0,21.5,1008.2,35.6,-8.338725468236998,-15.043458962797606
2018-12-09 13:00:00,0.38,0.08,0.37,0.0,30.0,59.0,21.0,1007.1,34.6,-9.808157061602888,-14.00749995734176
2018-12-09 14:00:00,0.75,0.28,0.43,0.52,29.4,62.0,21.4,1006.5,34.2,-10.037703143554761,-11.547056577408412
2018-12-09 15:00:00,0.9,0.16,0.38,0.83,28.4,69.0,22.2,1006.0,30.6,-10.800307988846615,-6.489479743866682
2018-12-09 16:00:00,0.93,0.11,0.04,0.92,28.5,70.0,22.4,1006.2,25.2,-6.836932394392027,-6.156001578501495
2018-12-09 17:00:00,0.88,0.23,0.22,0.96,27.3,75.0,22.4,1006.2,17.3,-6.153786140176196,-0.7555899291119145
2018-12-09 18:00:00,0.99,0.18,0.14,0.98,26.2,77.0,22.0,1006.7,11.2,-6.49109197590473,0.34018371557913496
2018-12-09 19:00:00,0.98,0.0,0.03,0.98,25.5,81.0,22.0,1007.6,10.8,-6.1385314081469815,-1.4171916423663489
2018-12-09 20:00:00,0.99,0.05,0.03,0.98,24.7,84.0,21.8,1008.7,10.8,-6.440453362786736,-1.8467702839738944
2018-12-09 21:00:00,0.97,0.01,0.05,0.97,24.5,83.0,21.5,1009.3,12.6,-6.472185832831529,-3.587591189822895
2018-12-09 22:00:00,0.97,0.0,0.01,0.97,24.1,84.0,21.4,1009.6,13.3,-6.139453095510071,-4.971631089293716
2018-12-09 23:00:00,1.0,0.0,0.0,1.0,23.4,88.0,21.3,1009.7,13.3,-4.36478950439999,-4.6806636903626915
2018-12-10 00:00:00,1.0,0.0,0.0,1.0,22.9,90.0,21.2,1009.2,10.4,-2.1161930039715187,-6.1458707413955596
2018-12-10 01:00:00,0.97,0.0,0.0,0.97,22.6,92.0,21.1,1008.4,12.2,1.8614631347039767e-15,-7.6
2018-12-10 02:00:00,0.97,0.0,0.0,0.97,22.3,92.0,21.0,1007.8,14.0,0.7233926648055641,-8.268415994161488
2018-12-10 03:00:00,0.97,0.0,0.0,0.97,21.9,94.0,20.9,1007.6,14.0,2.2249223594996232,-6.8476069173251055
2018-12-10 04:00:00,0.97,0.0,0.0,0.97,21.6,95.0,20.8,1007.6,12.6,2.1727182418122917,-5.377666356487366
2018-12-10 05:00:00,0.97,0.0,0.0,1.0,22.0,94.0,20.9,1007.4,10.8,2.564841053312066,-7.893769085249775
2018-12-10 06:00:00,1.0,0.0,0.0,1.0,22.2,93.0,21.0,1008.3,15.1,1.7546182238821495,-7.600086505324834
2018-12-10 07:00:00,1.0,0.0,0.0,1.0,23.7,88.0,21.6,1009.3,16.9,2.1063924945334474e-15,-8.6
2018-12-10 08:00:00,0.99,0.0,0.0,0.99,25.2,83.0,22.0,1010.0,22.7,-1.3771235804781665,-11.215771513546938
2018-12-10 09:00:00,1.0,0.42,0.0,1.0,26.7,75.0,21.9,1010.2,32.0,-6.838589889909608,-14.021187122267005
2018-12-10 10:00:00,1.0,0.44,0.0,1.0,27.4,71.0,21.6,1010.1,31.7,-6.1371960550470845,-12.583116648188339
2018-12-10 11:00:00,0.93,0.21,0.0,0.91,28.1,67.0,21.4,1009.1,29.5,-4.309453805903425,-11.840127021902445
2018-12-10 12:00:00,0.78,0.12,0.0,0.76,29.1,63.0,21.4,1007.9,28.1,-2.782101799396179,-11.15840085217396
2018-12-10 13:00:00,0.61,0.1,0.0,0.57,29.8,61.0,21.5,1006.8,26.3,-2.952954217699641,-9.658678035226657
2018-12-10 14:00:00,0.22,0.14,0.0,0.1,29.9,60.0,21.4,1005.9,24.1,-3.1519733426244634,-9.700776466210565
2018-12-10 15:00:00,0.14,0.09,0.0,0.06,29.8,61.0,21.4,1005.4,22.7,-4.383711467890775,-8.98794046299167
2018-12-10 16:00:00,0.01,0.01,0.0,0.01,29.5,62.0,21.5,1005.6,20.9,-4.29234604028896,-6.86918957886705
2018-12-10 17:00:00,0.02,0.0,0.0,0.67,27.6,76.0,23.0,1005.7,14.8,-2.1816432911085166,-3.935788682127281
2018-12-10 18:00:00,0.44,0.0,0.0,0.44,27.2,70.0,21.4,1006.2,8.6,-4.679622242152313,-2.4881992827652213
2018-12-10 19:00:00,0.98,0.0,0.0,0.98,24.6,84.0,21.8,1007.1,5.8,-1.7489675652259418,3.9282454678631833
2018-12-10 20:00:00,0.86,0.01,0.0,0.85,23.2,94.0,22.2,1008.2,8.6,-6.1886185578267305,5.379684037722158
2018-12-10 21:00:00,0.85,0.0,0.0,0.85,23.1,92.0,21.8,1008.7,9.7,-7.208537989743128,-5.047472639889206
2018-12-10 22:00:00,0.87,0.0,0.0,0.87,22.8,93.0,21.6,1008.9,10.4,-4.329989591337347,-4.981083229470295
2018-12-10 23:00:00,0.85,0.0,0.0,0.85,22.2,95.0,21.4,1008.7,9.0,-1.7640790772287946,-6.1520748540052415
2018-12-11 00:00:00,0.93,0.0,0.0,0.93,21.9,96.0,21.1,1008.5,9.0,-1.7640790772287946,-6.1520748540052415
2018-12-11 01:00:00,0.77,0.0,0.0,0.77,21.9,96.0,21.2,1007.9,9.0,-1.7613968679372003,-5.421022142882375
2018-12-11 02:00:00,0.93,0.0,0.0,0.93,21.7,96.0,21.0,1007.1,10.4,-1.7640790772287946,-6.1520748540052415
2018-12-11 03:00:00,0.58,0.0,0.0,0.58,21.5,96.0,20.8,1007.0,13.3,-0.6972459419812653,-7.969557584733964
2018-12-11 04:00:00,0.52,0.0,0.0,0.52,21.0,95.0,20.2,1007.4,13.3,-0.3558845024520181,-6.790680836331102
2018-12-11 05:00:00,0.59,0.0,0.0,0.78,20.6,96.0,20.0,1007.7,11.9,1.3226185430791415e-15,-5.4
2018-12-11 06:00:00,0.93,0.0,0.0,0.93,20.9,95.0,20.1,1008.6,10.1,0.37476969381493075,-4.283637201794505
2018-12-11 07:00:00,0.93,0.0,0.0,0.93,22.6,89.0,20.7,1009.5,13.0,0.7555899291119128,-6.153786140176197
2018-12-11 08:00:00,1.0,0.17,0.0,1.0,24.4,83.0,21.4,1010.4,19.1,-1.8296228791962823,-8.607698886457491
2018-12-11 09:00:00,1.0,0.36,0.0,1.0,26.2,73.0,21.0,1010.7,26.3,-4.962187045524762,-11.14525458323973
2018-12-11 10:00:00,1.0,0.89,0.0,1.0,27.6,66.0,20.8,1010.5,28.1,-6.449999999999999,-11.17172770881926
2018-12-11 11:00:00,1.0,0.76,0.0,0.99,28.3,63.0,20.7,1009.9,28.4,-6.449999999999999,-11.17172770881926
2018-12-11 12:00:00,0.89,0.88,0.0,0.11,28.7,60.0,20.2,1008.8,27.4,-5.72028029671829,-11.226682204773436
2018-12-11 13:00:00,0.86,0.86,0.0,0.0,28.9,59.0,20.0,1007.6,27.0,-5.1300926470568795,-10.068373723328557
2018-12-11 14:00:00,0.69,0.25,0.0,0.59,29.2,57.0,19.8,1006.6,24.5,-3.933369230867076,-9.735430472951268
2018-12-11 15:00:00,0.0,0.0,0.0,0.0,29.5,56.0,19.8,1005.8,23.0,-3.6319239979163744,-7.128052193506943
2018-12-11 16:00:00,0.0,0.0,0.0,0.0,29.4,58.0,20.1,1005.9,18.0,-3.921004419087889,-4.6728711030257655
2018-12-11 17:00:00,0.0,0.0,0.0,0.13,27.2,74.0,22.2,1006.3,11.5,-4.71280049259058,2.1976149610516367
2018-12-11 18:00:00,0.5,0.0,0.0,0.5,25.0,81.0,21.5,1006.8,11.2,-3.1997434936258253,5.772490067120011
2018-12-11 19:00:00,0.77,0.0,0.01,0.77,23.6,88.0,21.5,1007.6,11.2,-3.603450996785794,5.766727053863696
2018-12-11 20:00:00,0.74,0.0,0.0,0.74,24.9,80.0,21.1,1008.6,9.4,-5.4091846272187825,1.4493866525741166
2018-12-11 21:00:00,0.83,0.0,0.0,0.83,23.6,85.0,21.0,1009.5,6.1,-4.312631754255381,-3.2498011250210608
2018-12-11 22:00:00,0.7,0.0,0.0,0.7,22.5,91.0,20.9,1009.7,6.8,-1.0811407922523486,-5.08636752381579
2018-12-11 23:00:00,0.7,0.0,0.0,0.7,21.5,95.0,20.6,1009.8,7.2,3.2447398719333433,-5.400153994423306
2018-12-12 00:00:00,0.02,0.0,0.0,0.02,21.1,96.0,20.5,1009.3,8.3,2.508575646817105,-6.535062985480411
2018-12-12 01:00:00,0.0,0.0,0.0,0.0,21.3,96.0,20.6,1008.8,8.6,1.8364363038995872,-4.326372811226469
2018-12-12 02:00:00,0.0,0.0,0.0,0.0,20.8,97.0,20.3,1008.5,7.6,1.4493866525741157,-5.4091846272187825
2018-12-12 03:00:00,0.0,0.0,0.0,0.0,20.8,98.0,20.5,1008.1,7.2,2.163159914622229,-3.600102662948871
2018-12-12 04:00:00,0.0,0.0,0.0,0.0,20.8,98.0,20.4,1008.1,8.6,2.907803098047882,-4.3109953772862175
2018-12-12 05:00:00,0.0,0.0,0.0,0.01,21.3,96.0,20.7,1008.3,10.1,1.4553818357243191,-6.847033205136639
2018-12-12 06:00:00,0.11,0.0,0.0,0.11,21.6,96.0,20.9,1009.1,13.3,1.7542302283364228,-5.7378285357782115
2018-12-12 07:00:00,0.87,0.0,0.0,0.87,23.2,90.0,21.5,1009.9,14.0,1.7640790772287933,-6.1520748540052415
2018-12-12 08:00:00,0.76,0.0,0.0,0.76,25.2,83.0,22.0,1010.6,18.7,-0.6972459419812653,-7.969557584733964
2018-12-12 09:00:00,0.13,0.0,0.0,0.13,26.6,77.0,22.2,1010.7,23.4,-2.5881904510252074,-9.659258262890683
2018-12-12 10:00:00,0.63,0.57,0.0,0.32,28.4,69.0,22.0,1010.6,28.1,-2.834383284732699,-12.277062816293963
2018-12-12 11:00:00,0.98,0.36,0.0,0.96,29.4,63.0,21.6,1009.9,28.1,-3.30764826980399,-11.535140351259827
2018-12-12 12:00:00,0.96,0.28,0.0,0.96,29.9,61.0,21.6,1008.9,26.6,-2.8652427062828205,-9.371786608437748
2018-12-12 13:00:00,0.89,0.23,0.01,0.85,30.5,58.0,21.3,1008.0,23.4,-2.902780391316932,-7.5620014546273335
2018-12-12 14:00:00,0.89,0.04,0.13,0.88,30.7,56.0,21.0,1007.3,20.5,-4.361704647071826,-6.466493065929326
2018-12-12 15:00:00,0.97,0.01,0.07,0.97,30.5,57.0,21.0,1006.8,19.1,-5.777694242791447,-5.387787044493738
2018-12-12 16:00:00,0.99,0.01,0.0,0.99,30.1,60.0,21.4,1007.1,17.6,-6.535062985480412,-2.5085756468171025
2018-12-12 17:00:00,1.0,0.01,0.01,0.98,28.2,77.0,23.8,1007.2,13.3,-2.1665340833473734,2.8750878361702545
2018-12-12 18:00:00,0.96,0.0,0.01,0.96,25.8,87.0,23.4,1007.7,13.3,-3.6149310334513585,6.798696465013738
2018-12-12 19:00:00,0.96,0.0,0.02,0.96,24.2,94.0,23.2,1008.7,13.7,-1.079765060850553,4.6769763109691285
2018-12-12 20:00:00,0.99,0.0,0.02,0.99,23.7,95.0,22.9,1009.8,7.6,-7.102951435054649e-16,5.8
2018-12-12 21:00:00,0.99,0.0,0.0,0.99,23.9,94.0,22.9,1010.3,8.6,-1.4493866525741177,5.409184627218782
2018-12-12 22:00:00,1.0,0.03,0.01,1.0,23.9,95.0,23.0,1010.6,9.4,1.049449474570996,5.3989495089621515
2018-12-12 23:00:00,0.98,0.05,0.02,0.98,23.5,96.0,22.9,1010.4,10.8,2.9000000000000004,5.0229473419497435
2018-12-13 00:00:00,0.98,0.04,0.04,0.98,23.0,97.0,22.5,1009.9,10.1,1.4326213531414103,4.685893304218874
2018-12-13 01:00:00,0.96,0.07,0.03,0.95,22.6,98.0,22.2,1009.5,7.9,3.9381611903595695,5.420413862312148
2018-12-13 02:00:00,0.98,0.13,0.12,0.97,23.6,94.0,22.5,1009.2,8.3,2.8991378028648445,2.8991378028648453
2018-12-13 03:00:00,0.99,0.3,0.04,0.99,22.9,96.0,22.3,1009.0,8.3,-2.1554976886431088,-1.4539015490239418
2018-12-13 04:00:00,0.98,0.55,0.11,0.97,23.0,98.0,22.6,1009.1,8.3,-3.606244584051392,-3.6062445840513924
2018-12-13 05:00:00,1.0,1.0,0.02,1.0,22.4,99.0,22.2,1009.3,11.5,-2.1791543987498248,-4.276831316104166
2018-12-13 06:00:00,1.0,1.0,0.14,1.0,22.7,99.0,22.5,1009.9,11.9,-2.4999999999999996,-4.330127018922194
2018-12-13 07:00:00,1.0,1.0,0.23,1.0,23.1,99.0,23.0,1010.6,14.8,-1.484676958669509,-6.430842427582553
2018-12-13 08:00:00,0.97,0.42,0.14,0.96,25.5,86.0,23.0,1011.4,21.6,-2.952954217699641,-9.658678035226657
2018-12-13 09:00:00,0.95,0.19,0.04,0.94,26.9,78.0,22.8,1011.4,22.3,-1.8126854560771757,-9.325458242752807
2018-12-13 10:00:00,0.93,0.19,0.0,0.92,28.1,71.0,22.5,1011.1,22.7,-0.30013567164150834,-8.594761112364223
2018-12-13 11:00:00,0.95,0.03,0.01,0.95,29.0,67.0,22.2,1010.0,22.7,-1.109011024986842,-9.032169979936029
2018-12-13 12:00:00,0.95,0.02,0.0,0.95,29.8,62.0,21.7,1008.9,23.0,-2.9047597471245057,-8.939931253174443
2018-12-13 13:00:00,0.74,0.02,0.04,0.73,30.5,59.0,21.4,1007.9,24.5,-5.407899786555569,-9.00025665737218
2018-12-13 14:00:00,0.78,0.04,0.17,0.73,30.5,58.0,21.2,1007.0,24.5,-6.079910225321088,-8.683011669463312
2018-12-13 15:00:00,0.79,0.03,0.18,0.75,30.2,59.0,21.4,1006.6,23.0,-6.87782742364597,-8.196675541373065
2018-12-13 16:00:00,0.82,0.01,0.15,0.79,29.8,62.0,21.8,1006.7,21.6,-6.817795543758905,-5.7208097262102005
2018-12-13 17:00:00,0.84,0.01,0.09,0.99,28.1,70.0,22.2,1007.2,15.8,-4.6728711030257655,-3.92100441908789
2018-12-13 18:00:00,0.85,0.02,0.06,0.84,26.0,82.0,22.5,1008.0,10.1,-7.571079705497266,-0.6623836448822018
2018-12-13 19:00:00,0.71,0.0,0.03,0.7,25.2,85.0,22.5,1008.8,9.0,-7.558529312547013,1.469229264399395
2018-12-13 20:00:00,0.84,0.0,0.01,0.84,24.3,88.0,22.2,1009.7,9.7,-7.922144549932563,-1.1133848076805237
2018-12-13 21:00:00,0.79,0.0,0.01,0.76,23.8,90.0,22.1,1010.2,9.4,-5.7340643100229425,-4.015035054457322
2018-12-13 22:00:00,0.82,0.0,0.01,0.82,23.5,92.0,22.1,1010.1,8.3,-1.1257730727216144,-5.791600382341218
2018-12-13 23:00:00,1.0,0.0,0.01,1.0,22.9,95.0,22.0,1009.8,8.3,1.4940690949597709e-15,-6.1
2018-12-14 00:00:00,1.0,0.0,0.0,1.0,22.7,96.0,22.0,1009.4,7.6,1.4214781741247593,-4.3748599749577055
2018-12-14 01:00:00,0.98,0.01,0.0,0.98,22.6,97.0,22.1,1009.0,8.6,2.1976149610516362,-4.71280049259058
2018-12-14 02:00:00,1.0,0.09,0.02,1.0,22.0,98.0,21.7,1008.8,8.3,0.6794350112397471,-6.4643923198937765
2018-12-14 03:00:00,0.99,0.04,0.02,0.98,22.0,98.0,21.7,1008.9,7.9,-1.079765060850552,-4.676976310969129
2018-12-14 04:00:00,0.93,0.0,0.0,0.93,21.8,99.0,21.5,1009.1,7.9,-0.35575801609503904,-5.087576656325103
2018-12-14 05:00:00,0.83,0.02,0.02,0.1,22.0,98.0,21.5,1009.0,8.3,-1.7918397477265013,-4.667902132486009
2018-12-14 06:00:00,0.02,0.02,0.01,0.0,22.4,96.0,21.6,1009.3,10.4,0.3278554265973905,-4.688551036221174
2018-12-14 07:00:00,0.0,0.0,0.0,0.0,23.9,88.0,21.8,1010.2,15.5,1.7546182238821495,-7.600086505324834
2018-12-14 08:00:00,0.0,0.0,0.0,0.0,25.7,79.0,21.9,1010.8,22.3,-0.3629547657060101,-10.393664600998596
2018-12-14 09:00:00,0.07,0.07,0.0,0.0,27.1,72.0,21.6,1010.8,25.6,-0.40134421207876114,-11.492994510719601
2018-12-14 10:00:00,0.1,0.1,0.0,0.0,28.1,66.0,21.1,1010.0,26.6,1.037153338697134,-11.854716907291772
2018-12-14 11:00:00,0.01,0.01,0.0,0.0,29.0,62.0,20.9,1009.4,27.7,0.4153040107597598,-11.89275084152724
2018-12-14 12:00:00,0.03,0.03,0.0,0.0,30.0,57.0,20.6,1008.7,27.4,-1.7677094549546088,-11.160878248725057
2018-12-14 13:00:00,0.02,0.02,0.0,0.0,30.5,54.0,20.3,1007.6,25.9,-2.5881904510252074,-9.659258262890683
2018-12-14 14:00:00,0.88,0.01,0.0,0.88,30.9,52.0,19.8,1006.5,23.4,-3.5836794954530027,-9.335804264972017
2018-12-14 15:00:00,1.0,0.0,0.0,1.0,30.9,50.0,19.2,1005.8,22.3,-2.5881904510252074,-9.659258262890683
2018-12-14 16:00:00,1.0,0.0,0.0,1.0,30.2,54.0,20.0,1006.0,20.5,-5.727564927611034,-5.727564927611035
2018-12-14 17:00:00,1.0,0.0,0.0,0.82,27.9,72.0,22.4,1006.2,15.5,-5.086367523815789,-1.0811407922523493
2018-12-14 18:00:00,0.99,0.0,0.0,0.99,25.4,82.0,22.1,1007.0,10.1,-4.31335136523794,4.313351365237939
2018-12-14 19:00:00,0.97,0.0,0.0,0.97,24.1,95.0,23.4,1008.3,11.2,-0.6945927106677211,3.939231012048832
2018-12-14 20:00:00,0.98,0.0,0.0,0.98,23.8,96.0,23.0,1009.3,6.5,0.7352419856890845,4.6421352007971475
2018-12-14 21:00:00,0.98,0.0,0.0,0.98,24.7,92.0,23.3,1009.9,5.4,0.7423384793347544,3.2154212137912763
2018-12-14 22:00:00,0.94,0.0,0.0,0.94,24.8,88.0,22.7,1009.9,3.6,2.172914349309303,0.3441558230885083
2018-12-14 23:00:00,1.0,0.0,0.0,1.0,22.9,94.0,21.9,1009.8,6.8,1.7640790772287933,-6.1520748540052415
2018-12-15 00:00:00,1.0,0.0,0.0,1.0,22.6,95.0,21.9,1009.4,8.6,3.2498011250210608,-4.312631754255381
2018-12-15 01:00:00,1.0,0.0,0.0,1.0,22.4,96.0,21.6,1008.5,10.8,5.400153994423308,-3.244739871933341
2018-12-15 02:00:00,0.98,0.0,0.0,0.98,22.2,96.0,21.5,1007.7,11.9,5.420413862312149,-3.9381611903595686
2018-12-15 03:00:00,0.99,0.0,0.0,0.99,21.7,96.0,21.0,1007.6,11.2,3.613305274337834,-4.01298205757793
2018-12-15 04:00:00,0.97,0.0,0.0,0.97,21.3,95.0,20.5,1007.6,9.7,2.1976149610516362,-4.71280049259058
2018-12-15 05:00:00,0.91,0.01,0.0,0.84,22.8,87.0,20.5,1007.7,13.0,-3.30764826980399,-11.535140351259827
2018-12-15 06:00:00,1.0,0.07,0.0,1.0,22.9,86.0,20.4,1008.2,21.6,-1.0243789400230041,-9.746314574609078
2018-12-15 07:00:00,0.99,0.01,0.0,0.99,24.1,82.0,20.9,1009.4,18.7,-2.24951054343865,-9.743700647852352
2018-12-15 08:00:00,0.98,0.0,0.0,0.98,25.2,79.0,21.3,1010.1,24.1,-2.515731458894888,-11.835585968879048
2018-12-15 09:00:00,0.97,0.05,0.0,0.96,26.9,72.0,21.4,1010.2,27.4,-1.1678869528186195,-13.34900895442939
2018-12-15 10:00:00,0.99,0.7,0.0,0.97,28.5,63.0,20.8,1009.6,41.0,-3.559787642172072,-20.188558936750265
2018-12-15 11:00:00,1.0,0.72,0.0,1.0,29.5,58.0,20.4,1008.7,41.0,-3.4903283711052997,-19.79463583554538
2018-12-15 12:00:00,1.0,0.69,0.0,1.0,30.0,55.0,20.1,1007.8,39.6,-5.154418553777884,-17.975593714046564
2018-12-15 13:00:00,1.0,0.64,0.0,1.0,30.0,56.0,20.2,1006.4,37.1,-5.376895702124084,-16.54838338353567
2018-12-15 14:00:00,1.0,0.07,0.01,1.0,30.5,53.0,19.6,1005.5,34.6,-5.369716250212998,-14.753174146338761
2018-12-15 15:00:00,1.0,0.41,0.14,1.0,30.5,53.0,19.8,1005.3,31.0,-6.901231972952594,-12.979329615026225
2018-12-15 16:00:00,0.99,0.11,0.18,0.99,29.8,58.0,20.6,1005.7,27.7,-9.063305296580204,-10.80122664797759
2018-12-15 17:00:00,0.99,0.0,0.02,1.0,27.9,65.0,20.7,1006.3,25.9,-8.323222045346816,-7.494262791219212
2018-12-15 18:00:00,1.0,0.02,0.03,1.0,26.0,73.0,20.8,1006.9,19.8,-5.046340541172277,-4.70578868443124
2018-12-15 19:00:00,1.0,0.0,0.03,1.0,25.0,77.0,20.6,1007.9,10.8,-3.93816119035957,-5.420413862312148
2018-12-15 20:00:00,1.0,0.0,0.02,1.0,24.3,83.0,21.1,1008.7,10.4,-3.5875911898228945,-6.472185832831529
2018-12-15 21:00:00,0.99,0.0,0.0,0.99,23.8,86.0,21.4,1009.3,9.7,-1.3891854213354426,-7.878462024097664
2018-12-15 22:00:00,0.99,0.0,0.01,0.99,23.9,86.0,21.5,1009.5,9.4,-4.70578868443124,-5.046340541172277
2018-12-15 23:00:00,1.0,0.0,0.02,1.0,23.2,89.0,21.4,1009.8,9.4,-4.301823272632845,-6.143640332167439
2018-12-16 00:00:00,1.0,0.01,0.02,1.0,22.6,91.0,21.1,1009.3,10.1,-2.4967470462773815,-6.859756131737131
2018-12-16 01:00:00,1.0,0.0,0.01,1.0,22.2,92.0,20.9,1008.4,9.7,0.37681888494919946,-7.190132650232932
2018-12-16 02:00:00,1.0,0.0,0.0,1.0,22.4,90.0,20.5,1007.8,9.4,1.1257730727216135,-5.791600382341218
2018-12-16 03:00:00,1.0,0.0,0.0,1.0,21.6,90.0,19.8,1007.3,9.4,1.0793978087775948,-6.81504955010645
2018-12-16 04:00:00,1.0,0.0,0.0,1.0,21.7,85.0,19.1,1007.0,10.1,-1.4171916423663495,-6.1385314081469815
2018-12-16 05:00:00,1.0,0.0,0.0,1.0,21.6,82.0,18.5,1007.5,10.4,-2.472403516545019,-6.1194134401407965
2018-12-16 06:00:00,1.0,0.0,0.0,1.0,22.0,81.0,18.5,1008.2,12.6,-1.484676958669509,-6.430842427582553
2018-12-16 07:00:00,1.0,0.0,0.0,1.0,23.1,79.0,19.2,1009.1,13.3,0.3977532674463772,-7.589584464134761
2018-12-16 08:00:00,1.0,0.0,0.0,1.0,24.5,75.0,19.7,1009.6,16.6,0.3977532674463772,-7.589584464134761
2018-12-16 09:00:00,1.0,0.0,0.0,1.0,26.0,71.0,20.4,1009.8,16.6,3.267834210090162,-5.032023407672544
2018-12-16 10:00:00,1.0,0.0,0.0,1.0,27.5,65.0,20.3,1009.2,20.2,5.048424097670397,-6.461688179575121
2018-12-16 11:00:00,1.0,0.0,0.0,1.0,28.7,58.0,19.7,1008.1,20.5,4.3018232726328485,-6.143640332167437
2018-12-16 12:00:00,1.0,0.0,0.0,1.0,29.6,53.0,19.0,1007.1,19.4,3.199743493625823,-5.772490067120012
2018-12-16 13:00:00,1.0,0.0,0.0,1.0,30.0,51.0,18.8,1006.6,19.4,-0.662383644882202,-7.571079705497266
2018-12-16 14:00:00,1.0,0.0,0.0,1.0,30.2,51.0,19.0,1006.0,18.7,-2.8878301658381815,-6.486172749262466
2018-12-16 15:00:00,1.0,0.01,0.04,1.0,29.8,53.0,19.0,1005.9,18.0,-4.6339756782707715,-6.149493427364155
2018-12-16 16:00:00,1.0,0.0,0.03,1.0,29.3,57.0,19.8,1005.7,15.8,-2.8678964048465336,-2.4930243101639276
2018-12-16 17:00:00,1.0,0.0,0.03,1.0,28.4,67.0,21.8,1005.7,7.6,-1.45276959916655,-2.8512208774027776
2018-12-16 18:00:00,1.0,0.0,0.01,1.0,25.4,78.0,21.3,1006.0,7.2,-6.518743047927909,1.0324674692655234
2018-12-16 19:00:00,1.0,0.0,0.0,1.0,24.8,82.0,21.5,1007.1,8.3,-2.907803098047884,4.310995377286217
2018-12-16 20:00:00,1.0,0.0,0.0,1.0,23.9,89.0,22.0,1007.9,9.4,-1.433314250248396,4.998560818879258
2018-12-16 21:00:00,1.0,0.04,0.0,1.0,23.8,89.0,21.9,1008.9,12.6,2.474317973874391,7.185941174554807
2018-12-16 22:00:00,1.0,0.08,0.0,1.0,23.5,89.0,21.5,1009.1,13.7,2.192787785420526,7.172285669722766
2018-12-16 23:00:00,1.0,0.09,0.0,1.0,23.5,87.0,21.2,1009.3,16.2,2.904759747124505,8.939931253174445
2018-12-17 00:00:00,1.0,0.1,0.0,1.0,23.2,88.0,21.1,1008.7,16.2,2.192787785420526,7.172285669722766
2018-12-17 01:00:00,0.99,0.06,0.0,0.99,23.0,89.0,21.0,1008.2,13.0,1.0766187015349689,6.10580806867569
2018-12-17 02:00:00,0.99,0.04,0.01,0.99,21.9,94.0,20.8,1007.6,10.1,2.905539198333099,5.702441754805555
2018-12-17 03:00:00,1.0,0.02,0.01,1.0,21.8,94.0,20.8,1007.2,8.6,3.5748714227020644,2.894873798829254
2018-12-17 04:00:00,1.0,0.02,0.01,1.0,21.2,95.0,20.5,1007.5,7.9,5.050367150582008,0.7097828148963357
2018-12-17 05:00:00,1.0,0.0,0.0,1.0,21.6,94.0,20.6,1007.6,6.1,3.939231012048832,0.6945927106677213
2018-12-17 06:00:00,0.99,0.0,0.0,0.99,21.8,95.0,20.9,1008.2,4.7,2.138415658052083,-1.089577199374912
2018-12-17 07:00:00,0.99,0.0,0.0,0.99,23.6,89.0,21.6,1009.0,8.3,0.3479327524001638,2.475670171853926
2018-12-17 08:00:00,0.98,0.0,0.0,0.98,25.9,83.0,22.8,1009.6,12.6,-1.0506577808748214,3.233592155403522
2018-12-17 09:00:00,0.99,0.0,0.0,0.99,27.6,75.0,22.8,1009.6,13.3,-2.6942229581241775e-16,2.2
2018-12-17 10:00:00,0.98,0.07,0.0,0.98,28.9,70.0,22.8,1009.2,13.7,1.4474368994146265,1.7874357113510326
2018-12-17 11:00:00,0.98,0.25,0.0,0.97,30.0,63.0,22.2,1008.4,13.7,-2.2043642384652358e-16,1.8
2018-12-17 12:00:00,0.99,0.17,0.2,0.99,30.7,60.0,22.0,1007.2,14.8,-2.5079526825623373,1.8221342821066664
2018-12-17 13:00:00,0.98,0.18,0.25,0.97,30.7,58.0,21.5,1006.4,18.0,-3.9210044190878905,4.672871103025765
2018-12-17 14:00:00,0.98,0.32,0.36,0.97,29.2,68.0,22.8,1005.9,27.0,-9.030558815966963,9.351417404402467
2018-12-17 15:00:00,0.96,0.15,0.32,0.94,28.8,70.0,22.9,1005.7,29.9,-9.030558815966963,9.351417404402467
2018-12-17 16:00:00,0.94,0.0,0.08,0.94,28.1,74.0,23.1,1006.0,27.4,-9.377888001196462,9.711087304571793
2018-12-17 17:00:00,0.94,0.0,0.01,0.9,27.1,77.0,22.8,1006.4,27.4,-6.822153422343112,10.114258385171507
2018-12-17 18:00:00,0.91,0.01,0.0,0.91,25.9,81.0,22.4,1007.4,21.6,-2.8941922360784917,10.093247807352348
2018-12-17 19:00:00,0.82,0.03,0.0,0.82,25.5,84.0,22.5,1008.3,18.4,-2.812054648812022,8.654614298285896
2018-12-17 20:00:00,0.51,0.01,0.0,0.51,25.0,88.0,22.8,1009.2,16.2,-1.4692292643993963,7.558529312547012
2018-12-17 21:00:00,0.45,0.0,0.0,0.45,24.8,89.0,22.9,1009.6,14.8,-1.3766232923540327,8.691657397237211
2018-12-17 22:00:00,0.42,0.03,0.0,0.4,24.6,90.0,23.0,1009.7,15.1,-1.3891854213354422,7.878462024097664
2018-12-17 23:00:00,0.3,0.09,0.0,0.28,24.5,92.0,23.1,1009.5,13.7,-1.0324674692655245,6.5187430479279085
2018-12-18 00:00:00,0.79,0.12,0.01,0.76,24.1,94.0,23.1,1009.1,11.2,0.7515347451843538,5.34744757120448
2018-12-18 01:00:00,0.81,0.01,0.01,0.8,23.5,96.0,22.9,1008.4,9.0,3.564026096753471,1.8159619989581879
2018-12-18 02:00:00,0.75,0.01,0.01,0.75,22.9,98.0,22.5,1007.8,7.6,3.230844089787559,-2.5242120488352
2018-12-18 03:00:00,0.02,0.01,0.02,0.0,22.2,99.0,22.1,1007.6,7.6,1.7937955949114466,-3.236092916415765
2018-12-18 04:00:00,0.02,0.02,0.01,0.0,22.1,99.0,22.0,1007.7,7.9,2.88014773623312,-3.9641832724372423
2018-12-18 05:00:00,1.0,0.01,0.01,0.24,22.4,99.0,22.2,1008.2,12.2,2.9000000000000026,-5.022947341949743
2018-12-18 06:00:00,0.36,0.02,0.01,0.34,22.9,98.0,22.6,1008.7,12.6,1.7542302283364228,-5.7378285357782115
2018-12-18 07:00:00,0.31,0.01,0.01,0.31,24.3,93.0,23.1,1009.4,12.2,0.709782814896336,-5.050367150582008
2018-12-18 08:00:00,0.38,0.03,0.01,0.36,26.5,85.0,23.6,1010.1,14.4,-0.3278554265973889,-4.688551036221174
2018-12-18 09:00:00,0.22,0.04,0.01,0.19,28.0,77.0,23.7,1010.2,14.8,-0.7423384793347545,-3.2154212137912763
2018-12-18 10:00:00,0.39,0.15,0.01,0.28,29.5,69.0,23.2,1009.9,15.1,-1.8017254983928965,-2.883363526931848
2018-12-18 11:00:00,0.27,0.14,0.01,0.15,30.6,62.0,22.6,1008.7,15.5,-2.1649947956686737,-2.4905416147351476
2018-12-18 12:00:00,0.35,0.26,0.0,0.12,31.4,57.0,21.9,1007.6,15.5,-2.166534083347374,-2.875087836170254
2018-12-18 13:00:00,0.31,0.3,0.0,0.01,31.5,55.0,21.5,1006.6,15.5,-3.233592155403522,-1.0506577808748212
2018-12-18 14:00:00,0.72,0.53,0.0,0.41,30.5,60.0,22.0,1005.9,19.4,-8.284543681071963,3.5165801564034638
2018-12-18 15:00:00,0.59,0.29,0.02,0.43,30.0,62.0,21.8,1005.5,25.9,-10.478907385791707,6.049999999999998
2018-12-18 16:00:00,0.22,0.14,0.12,0.07,29.2,65.0,21.9,1005.5,25.9,-9.7525531057989,6.094071538681855
2018-12-18 17:00:00,0.24,0.03,0.02,0.96,27.9,73.0,22.6,1006.0,22.7,-10.806243742382302,3.3038002633669246
2018-12-18 18:00:00,0.97,0.05,0.05,0.97,26.5,81.0,23.0,1007.0,20.2,-9.706975700031004,4.734408385322038
2018-12-18 19:00:00,0.99,0.06,0.23,0.98,26.0,85.0,23.2,1008.1,19.1,-7.973781149274371,3.2216167033768435
2018-12-18 20:00:00,1.0,0.01,0.99,0.99,25.9,86.0,23.4,1009.3,15.1,-5.734064310022942,4.015035054457323
2018-12-18 21:00:00,0.99,0.03,0.58,0.98,26.0,86.0,23.5,1009.9,11.9,-4.669166652447252,3.269385687200963
2018-12-18 22:00:00,0.99,0.03,0.12,0.99,25.8,88.0,23.6,1009.9,10.1,-4.330127018922194,2.499999999999999
2018-12-18 23:00:00,0.13,0.07,0.1,0.02,24.6,94.0,23.5,1009.5,8.3,-3.935788682127281,-2.181643291108517
2018-12-19 00:00:00,0.28,0.1,0.26,0.0,24.5,94.0,23.4,1009.0,16.2,-5.46640284632,-7.523858047687012
2018-12-19 01:00:00,0.42,0.19,0.36,0.03,24.0,93.0,22.8,1008.3,16.2,-2.891410350820626,-6.811735915548059
2018-12-19 02:00:00,0.6,0.22,0.04,0.5,23.8,94.0,22.7,1007.8,13.3,1.592040838891559e-15,-6.5
2018-12-19 03:00:00,0.53,0.14,0.07,0.46,23.3,96.0,22.7,1007.8,11.2,1.592040838891559e-15,-6.5
2018-12-19 04:00:00,0.93,0.19,0.07,0.92,23.2,96.0,22.6,1008.0,13.0,-0.3977532674463731,-7.589584464134761
2018-12-19 05:00:00,0.49,0.2,0.2,0.96,23.5,95.0,22.5,1008.7,13.3,-1.1133848076805235,-7.922144549932563
2018-12-19 06:00:00,0.93,0.92,0.19,0.02,23.6,94.0,22.6,1009.3,15.1,-1.458644692402215,-8.272385125302547
2018-12-19 07:00:00,0.63,0.13,0.18,0.54,24.5,89.0,22.6,1010.5,16.9,-4.014873486536644,-8.609923976848174
2018-12-19 08:00:00,0.92,0.32,0.16,0.88,25.9,81.0,22.4,1011.1,26.6,-9.00237835282498,-9.65386886137305
2018-12-19 09:00:00,1.0,0.21,0.09,1.0,27.0,75.0,22.1,1011.1,29.5,-10.070757204741115,-9.725217186425962
2018-12-19 10:00:00,1.0,0.32,0.11,1.0,28.2,67.0,21.5,1010.8,29.9,-10.086537646166043,-7.880466884168427
2018-12-19 11:00:00,0.93,0.56,0.22,0.85,29.0,62.0,21.0,1010.1,28.8,-9.7525531057989,-6.094071538681856
2018-12-19 12:00:00,0.79,0.75,0.24,0.4,29.5,59.0,20.6,1009.0,26.3,-8.660254037844386,-5.000000000000001
2018-12-19 13:00:00,0.94,0.93,0.74,0.09,29.1,63.0,21.2,1007.9,25.9,-10.785062665736135,-5.029157314714324
2018-12-19 14:00:00,0.84,0.64,0.68,0.49,29.2,63.0,21.4,1006.9,26.6,-8.973775077016036,-5.82763767466079
2018-12-19 15:00:00,0.95,0.73,0.67,0.84,28.9,63.0,21.1,1006.5,23.8,-7.929958065276475,-4.040515447681967
2018-12-19 16:00:00,0.73,0.06,0.55,0.42,28.0,70.0,22.0,1007.0,18.7,-8.65274562245294,-3.672872607799173
2018-12-19 17:00:00,0.62,0.91,0.51,0.0,27.1,73.0,21.9,1007.4,17.6,-8.691657397237213,-1.3766232923540322
2018-12-19 18:00:00,0.39,0.19,0.24,0.17,26.6,71.0,20.9,1008.2,19.1,-10.806243742382302,-3.303800263366926
2018-12-19 19:00:00,0.36,0.12,0.17,0.23,25.6,76.0,21.1,1009.2,20.9,-11.138108726774528,-4.727846654720212
2018-12-19 20:00:00,0.15,0.12,0.13,0.0,25.1,81.0,21.5,1010.5,22.3,-10.73871500692704,-6.200000000000002
2018-12-19 21:00:00,0.14,0.13,0.05,0.0,24.6,84.0,21.7,1010.8,22.0,-9.036509540849956,-6.09520264783114
2018-12-19 22:00:00,0.12,0.11,0.01,0.0,24.2,86.0,21.6,1010.8,19.4,-8.660254037844386,-5.000000000000001
2018-12-19 23:00:00,0.09,0.09,0.01,0.0,23.9,87.0,21.5,1010.7,17.6,-7.547628055792192,-4.716281451675524
2018-12-20 00:00:00,0.07,0.06,0.01,0.0,23.4,89.0,21.5,1010.1,15.1,-4.656970893768797,-5.750880114781585
2018-12-20 01:00:00,0.51,0.14,0.01,0.42,22.9,92.0,21.5,1009.4,12.6,-0.3401837155791349,-6.49109197590473
2018-12-20 02:00:00,0.95,0.31,0.01,0.93,22.7,92.0,21.4,1009.0,13.7,1.389185421335443,-7.878462024097664
2018-12-20 03:00:00,0.99,0.89,0.01,0.93,23.0,90.0,21.2,1008.8,15.5,2.204364238465236e-15,-9.0
2018-12-20 04:00:00,1.0,1.0,0.01,0.7,22.8,90.0,21.1,1009.0,18.4,0.3629547657060086,-10.393664600998596
2018-12-20 05:00:00,1.0,1.0,0.02,0.0,23.0,86.0,20.6,1009.5,19.8,1.7677094549546117,-11.160878248725057
2018-12-20 06:00:00,1.0,1.0,0.01,0.0,23.4,82.0,20.1,1010.0,20.9,2.8166876380389124e-15,-11.5
2018-12-20 07:00:00,0.2,0.2,0.0,0.0,23.5,81.0,20.1,1010.9,23.0,1.4624321208617668,-11.910553819695865
2018-12-20 08:00:00,0.05,0.05,0.0,0.0,24.7,78.0,20.5,1011.8,27.4,-1.1330246557195562,-12.950531075192693
2018-12-20 09:00:00,0.27,0.27,0.0,0.0,26.5,70.0,20.6,1012.1,31.3,-5.782820701641252,-13.623471831096118
2018-12-20 10:00:00,0.24,0.24,0.0,0.0,27.5,64.0,20.2,1011.7,31.7,-3.2417534010355475,-13.001962732098352
2018-12-20 11:00:00,0.04,0.04,0.0,0.0,28.8,59.0,20.0,1011.0,29.9,-2.951447126315946,-11.837607860567156
2018-12-20 12:00:00,0.26,0.26,0.0,0.0,29.6,55.0,19.5,1009.8,28.4,-6.542556970607738,-9.699739598893988
2018-12-20 13:00:00,0.29,0.29,0.01,0.0,29.9,53.0,19.3,1008.7,27.7,-6.818308926592688,-9.38459713474939
2018-12-20 14:00:00,0.1,0.1,0.0,0.0,30.0,51.0,18.8,1007.3,26.6,-3.8703738550892433,-10.08266860616978
2018-12-20 15:00:00,0.19,0.0,0.0,0.19,30.0,50.0,18.5,1006.6,24.5,-3.296985135816762,-8.588939923774255
2018-12-20 16:00:00,0.87,0.0,0.0,0.87,29.6,51.0,18.5,1006.6,20.5,-4.683895701129233,-7.212566884330647
2018-12-20 17:00:00,0.03,0.01,0.0,0.85,28.1,62.0,20.1,1006.8,16.9,-4.6728711030257655,-3.92100441908789
2018-12-20 18:00:00,0.92,0.0,0.0,0.92,25.6,73.0,20.5,1007.6,10.4,-6.881011852206847,-4.641301098807199
2018-12-20 19:00:00,0.03,0.0,0.0,0.03,24.5,77.0,20.1,1008.5,10.4,-8.6,-5.265981236333618e-16
2018-12-20 20:00:00,0.04,0.0,0.0,0.04,24.5,77.0,20.3,1009.3,12.6,-7.6000865053248345,-1.7546182238821464
2018-12-20 21:00:00,0.84,0.0,0.0,0.84,23.8,84.0,21.0,1009.9,13.0,-6.811735915548059,-2.8914103508206255
2018-12-20 22:00:00,0.83,0.0,0.0,0.83,23.1,90.0,21.4,1009.9,12.6,-4.314986839553106,-4.023790324368742
2018-12-20 23:00:00,0.96,0.0,0.0,0.96,22.8,92.0,21.5,1009.7,9.0,-4.312631754255381,-3.2498011250210608
2018-12-21 00:00:00,0.93,0.0,0.0,0.93,22.0,95.0,21.1,1009.0,9.4,-3.9499999999999997,-6.841600689897066
2018-12-21 01:00:00,0.95,0.0,0.0,0.95,22.0,94.0,21.0,1008.5,9.7,1.2246467991473533e-15,-5.0
2018-12-21 02:00:00,0.97,0.0,0.0,0.97,21.8,95.0,20.9,1008.3,11.2,1.0793978087775948,-6.81504955010645
2018-12-21 03:00:00,0.97,0.0,0.0,0.97,21.5,94.0,20.5,1008.2,13.0,1.7546182238821495,-7.600086505324834
2018-12-21 04:00:00,0.61,0.0,0.0,0.61,21.4,93.0,20.1,1008.3,14.8,2.543633831087813,-8.319851376878407
2018-12-21 05:00:00,0.74,0.01,0.0,0.97,21.8,90.0,20.1,1008.4,15.5,2.2249223594996232,-6.8476069173251055
2018-12-21 06:00:00,0.97,0.08,0.0,0.97,22.2,85.0,19.6,1009.1,13.7,1.8221035401853092,-7.892397524760404
2018-12-21 07:00:00,0.99,0.82,0.0,0.93,23.4,82.0,20.1,1010.1,19.1,0.35248491669525833,-10.093847352892867
2018-12-21 08:00:00,0.98,0.87,0.0,0.88,25.0,79.0,21.0,1010.9,30.2,-5.5188664229976245,-14.377138568056907
2018-12-21 09:00:00,0.98,0.73,0.0,0.93,26.6,70.0,20.8,1011.3,30.2,-4.2978640594242306,-14.05767991265662
2018-12-21 10:00:00,0.95,0.62,0.0,0.88,28.5,61.0,20.2,1010.8,30.6,-2.827598995121527,-13.302807369979757
2018-12-21 11:00:00,0.99,0.76,0.0,0.96,29.3,56.0,19.8,1009.9,29.9,-3.1718098662484966,-13.738617913471817
2018-12-21 12:00:00,1.0,1.0,0.0,0.96,29.4,57.0,19.9,1008.7,31.3,-4.6661566150617055,-14.360953396056818
2018-12-21 13:00:00,0.97,0.1,0.0,0.97,29.6,55.0,19.7,1007.5,31.3,-2.4969567032169016,-10.81550771911611
2018-12-21 14:00:00,1.0,0.17,0.0,1.0,30.3,53.0,19.5,1006.3,24.1,-1.4553818357243153,-6.84703320513664
2018-12-21 15:00:00,0.99,0.01,0.0,0.99,30.3,52.0,19.5,1005.7,18.0,-3.2693856872009626,-4.669166652447253
2018-12-21 16:00:00,0.98,0.0,0.0,0.98,30.1,54.0,19.7,1005.7,13.3,-3.197409101749103,-1.4235782507653008
2018-12-21 17:00:00,0.97,0.0,0.0,0.98,28.0,66.0,21.0,1006.3,9.0,-5.791600382341218,-1.125773072721615
2018-12-21 18:00:00,1.0,0.0,0.01,1.0,26.4,75.0,21.6,1006.9,15.1,-8.65135526344487,2.4807362023529915
2018-12-21 19:00:00,1.0,0.0,0.0,1.0,25.1,84.0,22.2,1008.0,15.5,-7.160557646651568,0.7526049355271056
2018-12-21 20:00:00,0.97,0.0,0.18,0.97,24.6,87.0,22.4,1009.0,12.2,-5.4,-3.3065463576978537e-16
2018-12-21 21:00:00,0.99,0.0,0.65,0.99,24.6,88.0,22.5,1009.2,9.4,-3.9282454678631837,-1.7489675652259409
2018-12-21 22:00:00,1.0,0.0,1.0,0.99,24.4,90.0,22.6,1009.3,9.4,-3.23084408978756,-2.524212048835199
2018-12-21 23:00:00,1.0,0.0,0.99,1.0,24.4,91.0,22.8,1009.2,6.1,-1.0506577808748212,-3.233592155403522
2018-12-22 00:00:00,1.0,0.01,0.86,1.0,24.2,92.0,22.8,1008.4,8.6,1.4333142502483947,-4.998560818879258
2018-12-22 01:00:00,1.0,0.0,0.42,1.0,24.0,93.0,22.8,1007.8,9.7,-0.7555899291119144,-6.153786140176196
2018-12-22 02:00:00,1.0,0.02,0.35,1.0,23.8,93.0,22.5,1007.0,11.5,0.7555899291119128,-6.153786140176197
2018-12-22 03:00:00,1.0,0.05,0.6,1.0,23.6,93.0,22.5,1006.7,10.4,1.2246467991473533e-15,-5.0
2018-12-22 04:00:00,1.0,0.0,0.9,1.0,23.5,93.0,22.4,1006.7,12.2,2.891410350820627,-6.811735915548058
2018-12-22 05:00:00,1.0,0.05,0.9,0.95,23.2,92.0,21.9,1007.2,14.0,-2.5881904510252074,-9.659258262890683
2018-12-22 06:00:00,1.0,0.01,1.0,0.98,23.7,89.0,21.9,1007.8,19.4,-0.41530401075976153,-11.89275084152724
2018-12-22 07:00:00,1.0,0.0,0.87,1.0,23.8,92.0,22.3,1009.3,22.7,-3.19739332747719,-11.1506356728845
2018-12-22 08:00:00,1.0,0.0,0.81,1.0,24.3,91.0,22.8,1010.3,20.9,-2.8788705576360463,-11.546519142684359
2018-12-22 09:00:00,1.0,0.0,1.0,1.0,24.6,91.0,23.1,1010.4,23.4,-2.4533579516495605,-11.542141688658909
2018-12-22 10:00:00,1.0,0.13,0.97,1.0,25.0,90.0,23.1,1010.2,22.0,-3.615498834186884,-11.127361240653295
2018-12-22 11:00:00,1.0,0.02,1.0,0.99,24.9,92.0,23.5,1009.5,22.7,-0.31409547032250873,-8.994517443171862
2018-12-22 12:00:00,1.0,0.17,1.0,0.99,25.5,87.0,23.1,1008.6,22.0,-2.232465245905574,-11.485038046337667
2018-12-22 13:00:00,1.0,0.07,0.92,1.0,26.0,86.0,23.5,1007.6,24.1,-3.303800263366926,-10.806243742382302
2018-12-22 14:00:00,0.95,0.11,0.47,0.92,26.7,80.0,23.0,1006.9,27.0,-2.9731371786939587,-13.987510690493423
2018-12-22 15:00:00,0.6,0.27,0.19,0.45,27.5,74.0,22.5,1006.5,32.8,-4.327506486326887,-15.091808626231606
2018-12-22 16:00:00,0.5,0.05,0.2,0.44,27.7,71.0,21.9,1006.8,32.4,-3.329275604289202,-14.420676958821483
2018-12-22 17:00:00,0.98,0.0,0.82,0.87,26.4,75.0,21.6,1006.8,28.1,-1.1579574641524801,-16.55956323431308
2018-12-22 18:00:00,0.96,0.6,0.84,0.87,25.5,78.0,21.4,1007.5,37.8,-5.6781295298301835,-19.80199093632937
2018-12-22 19:00:00,0.91,0.39,0.81,0.79,24.8,82.0,21.5,1008.3,37.1,-2.7957356604375785,-15.855404823496551
2018-12-22 20:00:00,0.85,0.09,0.2,0.82,24.7,83.0,21.7,1009.1,29.2,-2.5950023371210094,-13.35012969488823
2018-12-22 21:00:00,0.73,0.13,0.18,0.7,24.4,85.0,21.6,1009.4,24.1,-1.767498382192831,-12.576404473017943
2018-12-22 22:00:00,0.75,0.28,0.17,0.71,24.2,85.0,21.5,1009.4,23.8,-2.5950023371210094,-13.35012969488823
2018-12-22 23:00:00,0.93,0.28,0.15,0.9,24.2,85.0,21.5,1009.2,24.5,-2.5950023371210094,-13.35012969488823
2018-12-23 00:00:00,0.9,0.53,0.12,0.81,24.0,86.0,21.5,1008.9,24.5,-2.9918490227734047,-12.959121861643629
2018-12-23 01:00:00,0.95,0.74,0.24,0.83,23.7,89.0,21.7,1008.1,24.1,-1.864919552864877,-13.269592121137043
2018-12-23 02:00:00,0.95,0.87,0.32,0.85,23.6,89.0,21.7,1007.7,24.5,-0.4536934571325126,-12.992080751248245
2018-12-23 03:00:00,1.0,1.0,0.31,0.87,23.3,91.0,21.8,1007.6,23.4,2.8166876380389124e-15,-11.5
2018-12-23 04:00:00,1.0,1.0,0.29,0.69,23.0,95.0,22.1,1007.5,19.8,0.7533699164365569,-10.773691742806102
2018-12-23 05:00:00,1.0,1.0,0.34,0.81,23.1,95.0,22.2,1007.9,20.5,-2.2246550917500247,-10.46617932785172
2018-12-23 06:00:00,0.87,0.87,0.42,0.62,23.1,95.0,22.4,1008.4,20.2,-1.8406706832694615,-10.438962181929405
2018-12-23 07:00:00,0.98,0.97,0.37,0.38,23.5,96.0,22.7,1009.4,21.6,-4.013721034907363,-10.45610077676866
2018-12-23 08:00:00,0.66,0.12,0.59,0.32,24.0,94.0,23.0,1010.4,21.6,-4.014873486536644,-8.609923976848174
2018-12-23 09:00:00,0.99,0.99,0.29,0.26,25.0,88.0,22.9,1010.8,31.7,-8.240609198560866,-13.714676811233797
2018-12-23 10:00:00,0.94,0.93,0.26,0.19,25.4,87.0,23.0,1010.3,34.2,-6.901231972952594,-12.979329615026225
2018-12-23 11:00:00,0.49,0.41,0.12,0.14,27.5,74.0,22.5,1009.2,35.3,-11.505898213389052,-13.712195531829705
2018-12-23 12:00:00,0.45,0.42,0.1,0.02,28.9,68.0,22.5,1008.0,37.8,-12.8718251484974,-12.003171137099974
2018-12-23 13:00:00,0.46,0.37,0.37,0.09,28.0,75.0,23.1,1007.7,38.9,-14.414952982254947,-12.53072745371869
2018-12-23 14:00:00,0.31,0.22,0.22,0.07,28.1,78.0,23.9,1006.9,38.5,-8.96704384496552,-11.899669099704663
2018-12-23 15:00:00,0.63,0.22,0.38,0.49,27.9,78.0,23.7,1006.7,32.0,-11.107670280670325,-6.157082177128481
2018-12-23 16:00:00,0.81,0.79,0.22,0.45,27.4,81.0,23.7,1007.2,29.5,-8.626702730475879,-8.62670273047588
2018-12-23 17:00:00,0.47,0.16,0.2,0.02,27.5,78.0,23.4,1007.1,30.6,-5.728786224524987,-6.143371093601032
2018-12-23 18:00:00,0.19,0.16,0.07,0.05,26.5,82.0,23.1,1007.8,16.2,-4.716281451675524,-7.547628055792192
2018-12-23 19:00:00,0.35,0.08,0.04,0.3,25.9,85.0,23.2,1008.8,15.8,-5.46640284632,-7.523858047687012
2018-12-23 20:00:00,0.32,0.08,0.05,0.27,25.4,88.0,23.2,1009.4,16.2,-5.416335208368435,-7.187719590425635
2018-12-23 21:00:00,0.32,0.09,0.06,0.27,25.0,89.0,23.1,1009.9,15.8,-5.0886554215837965,-7.5442419102508795
2018-12-23 22:00:00,0.54,0.13,0.29,0.37,24.8,89.0,22.9,1010.2,17.6,-5.36825187331917,-7.9587606965284
2018-12-23 23:00:00,0.29,0.1,0.11,0.21,24.5,91.0,22.9,1010.0,16.9,-4.363286582217033,-7.871577364254562
2018-12-24 00:00:00,0.7,0.68,0.17,0.02,24.0,93.0,22.8,1009.7,15.8,-3.5386087947594613,-7.947845481490627
2018-12-24 01:00:00,0.97,0.96,0.31,0.01,24.0,93.0,22.8,1009.3,16.6,-4.014873486536644,-8.609923976848174
2018-12-24 02:00:00,0.99,0.99,0.28,0.04,24.0,93.0,22.7,1008.5,18.7,-5.3999999999999995,-9.353074360871938
2018-12-24 03:00:00,1.0,1.0,0.32,0.05,24.3,91.0,22.7,1008.1,22.3,-6.157082177128481,-11.107670280670325
2018-12-24 04:00:00,1.0,1.0,0.32,0.08,24.2,91.0,22.6,1008.1,24.8,-6.582862246223429,-12.919594600731335
2018-12-24 05:00:00,0.63,0.86,0.11,0.34,24.4,88.0,22.2,1008.5,25.2,-6.478707566445293,-12.184676781453193
2018-12-24 06:00:00,0.5,0.41,0.12,0.35,24.6,88.0,22.4,1009.1,26.6,-5.769234480931411,-10.40797451495881
2018-12-24 07:00:00,0.54,0.42,0.15,0.37,25.0,87.0,22.6,1010.0,20.9,-5.799999999999999,-10.045894683899489
2018-12-24 08:00:00,0.5,0.34,0.25,0.34,25.8,85.0,23.0,1010.8,28.1,-8.640443208699354,-11.892549817311727
2018-12-24 09:00:00,0.45,0.05,0.24,0.33,26.9,82.0,23.5,1011.2,32.4,-10.006194217692414,-12.356620787165838
2018-12-24 10:00:00,0.8,0.7,0.26,0.3,28.0,78.0,23.9,1010.9,32.4,-9.063305296580204,-10.80122664797759
2018-12-24 11:00:00,1.0,1.0,0.24,0.29,28.8,77.0,24.3,1010.1,30.2,-7.5712089598338075,-10.81280698461469
2018-12-24 12:00:00,0.93,0.84,0.86,0.33,28.5,76.0,24.0,1009.1,32.0,-4.610627316173431,-10.861957270738797
2018-12-24 13:00:00,0.83,0.29,0.37,0.74,27.4,79.0,23.5,1008.2,30.2,-7.924450592339106,-6.888619804400326
2018-12-24 14:00:00,0.85,0.62,0.82,0.74,28.1,77.0,23.8,1007.0,24.1,-1.8364363038995868,-4.32637281122647
2018-12-24 15:00:00,0.98,0.84,0.83,0.96,25.2,90.0,23.4,1007.3,28.1,-8.642763284627168,-4.403707847473604
2018-12-24 16:00:00,0.87,0.28,0.12,0.84,25.8,87.0,23.4,1007.6,24.1,-5.737828535778212,-1.7542302283364206
2018-12-24 17:00:00,0.68,0.17,0.12,0.35,25.7,87.0,23.4,1007.7,17.6,-4.676976310969129,-1.0797650608505516
2018-12-24 18:00:00,0.8,0.03,0.38,0.73,25.0,90.0,23.2,1008.4,10.4,-6.145870741395559,-2.116193003971519
2018-12-24 19:00:00,0.98,0.09,0.32,0.97,24.6,91.0,23.0,1009.4,11.9,-5.020458146424486,-5.020458146424487
2018-12-24 20:00:00,0.99,0.2,0.4,0.98,24.2,91.0,22.7,1010.2,11.9,-2.1013155617496424,-6.467184310807044
2018-12-24 21:00:00,0.94,0.1,0.38,0.92,24.1,91.0,22.6,1010.6,11.2,-2.2218812871808615,-5.788198644282651
2018-12-24 22:00:00,0.73,0.09,0.23,0.64,23.8,93.0,22.6,1010.7,10.1,0.3278554265973905,-4.688551036221174
2018-12-24 23:00:00,0.66,0.11,0.3,0.55,23.5,95.0,22.7,1010.3,9.7,1.7613968679372018,-5.421022142882375
2018-12-25 00:00:00,0.74,0.13,0.66,0.21,23.5,96.0,22.8,1009.9,10.8,1.0324674692655254,-6.5187430479279085
2018-12-25 01:00:00,0.57,0.12,0.49,0.11,23.5,96.0,22.9,1009.1,11.9,1.4846769586695112,-6.430842427582552
2018-12-25 02:00:00,0.48,0.18,0.38,0.11,23.4,97.0,22.9,1008.8,11.5,1.0324674692655254,-6.5187430479279085
2018-12-25 03:00:00,0.49,0.18,0.33,0.2,23.4,97.0,22.8,1008.7,10.8,0.4045875477159287,-5.78587149150698
2018-12-25 04:00:00,0.41,0.12,0.15,0.28,23.3,97.0,22.8,1008.7,10.8,1.592040838891559e-15,-6.5
2018-12-25 05:00:00,0.5,0.1,0.14,0.74,23.3,96.0,22.6,1009.0,13.3,-0.7526049355271051,-7.160557646651568
2018-12-25 06:00:00,0.87,0.09,0.05,0.86,23.5,94.0,22.4,1009.7,16.9,-1.7191169589026103,-9.74959675482086
2018-12-25 07:00:00,0.6,0.09,0.05,0.57,24.1,91.0,22.5,1010.7,19.4,-1.4613175600806871,-10.397814721786489
2018-12-25 08:00:00,0.69,0.46,0.08,0.61,25.5,82.0,22.2,1011.7,30.2,-6.9460546460150665,-13.63239982008203
2018-12-25 09:00:00,0.91,0.72,0.11,0.76,26.8,75.0,22.0,1012.1,30.6,-8.555651423102429,-12.68427486009214
2018-12-25 10:00:00,0.52,0.41,0.12,0.24,27.8,70.0,21.8,1011.5,30.6,-7.895797037074753,-12.635916632730748
2018-12-25 11:00:00,0.42,0.39,0.09,0.1,28.5,66.0,21.5,1010.6,31.3,-7.175182379645789,-12.944371665663057
2018-12-25 12:00:00,0.37,0.26,0.14,0.18,29.1,63.0,21.3,1009.4,31.0,-7.249999999999999,-12.557368354874361
2018-12-25 13:00:00,0.28,0.23,0.14,0.08,29.6,61.0,21.2,1007.7,30.6,-8.030070108914645,-11.468128620045885
2018-12-25 14:00:00,0.34,0.28,0.17,0.03,29.9,59.0,21.0,1006.6,29.9,-8.181165083647887,-10.10289749894062
2018-12-25 15:00:00,0.71,0.69,0.15,0.0,29.9,59.0,21.0,1006.2,27.0,-10.480543022969403,-8.188297621831255
2018-12-25 16:00:00,0.51,0.48,0.28,0.0,29.0,65.0,21.6,1006.6,26.3,-10.45610077676866,-4.013721034907364
2018-12-25 17:00:00,0.26,0.26,0.03,0.0,28.0,70.0,22.0,1006.9,20.5,-9.772803256173447,-3.557009490586956
2018-12-25 18:00:00,0.15,0.14,0.01,0.0,26.7,74.0,21.7,1007.4,19.1,-7.8859391664594325,-4.738350289172498
2018-12-25 19:00:00,0.1,0.1,0.0,0.0,25.9,78.0,21.9,1008.5,16.2,-7.217009115376547,-3.2132194802988217
2018-12-25 20:00:00,0.03,0.03,0.02,0.0,25.2,83.0,22.2,1009.3,13.7,-7.61298541110786,-3.5499933986218752
2018-12-25 21:00:00,0.05,0.01,0.05,0.0,24.8,87.0,22.5,1009.8,16.2,-8.268905225952334,-4.033014550459512
2018-12-25 22:00:00,0.04,0.0,0.04,0.0,24.3,91.0,22.6,1010.0,15.8,-6.86918957886705,-4.29234604028896
2018-12-25 23:00:00,0.0,0.0,0.0,0.0,23.9,92.0,22.6,1009.7,13.7,-4.313351365237939,-4.31335136523794
2018-12-26 00:00:00,0.05,0.0,0.0,0.05,23.5,93.0,22.4,1009.4,10.1,-3.2678342100901627,-5.032023407672544
2018-12-26 01:00:00,0.06,0.0,0.02,0.04,22.8,96.0,22.0,1008.9,10.1,-1.0494494745709964,-5.3989495089621515
2018-12-26 02:00:00,0.09,0.0,0.0,0.09,22.4,96.0,21.8,1008.1,11.2,-0.3401837155791349,-6.49109197590473
2018-12-26 03:00:00,0.48,0.0,0.0,0.48,22.0,97.0,21.5,1007.9,11.2,-0.3558845024520181,-6.790680836331102
2018-12-26 04:00:00,0.74,0.0,0.0,0.74,21.8,97.0,21.2,1008.1,12.2,-0.7526049355271051,-7.160557646651568
2018-12-26 05:00:00,0.78,0.01,0.0,0.42,22.0,97.0,21.5,1008.5,13.7,0.7526049355271046,-7.160557646651568
2018-12-26 06:00:00,0.85,0.04,0.01,0.85,22.0,94.0,21.1,1009.3,13.7,1.7634913907721887e-15,-7.2
2018-12-26 07:00:00,0.91,0.13,0.03,0.91,23.1,86.0,20.8,1010.4,15.8,2.1063924945334474e-15,-8.6
2018-12-26 08:00:00,0.91,0.27,0.06,0.9,24.7,81.0,21.3,1011.2,20.5,-1.1455718280083864,-9.329933825428427
2018-12-26 09:00:00,0.85,0.24,0.09,0.83,26.4,78.0,22.2,1011.5,22.7,-3.557009490586955,-9.772803256173448
2018-12-26 10:00:00,0.92,0.42,0.24,0.89,27.6,73.0,22.4,1011.2,25.6,-7.840803823691297,-7.57177623800307
2018-12-26 11:00:00,0.95,0.42,0.24,0.92,28.1,73.0,23.0,1010.6,25.2,-8.320563465273988,-2.8649997592229797
2018-12-26 12:00:00,0.86,0.25,0.23,0.82,28.5,74.0,23.5,1009.6,24.8,-6.798696465013737,-3.61493103345136
2018-12-26 13:00:00,0.31,0.05,0.25,0.16,29.4,73.0,23.9,1008.4,25.9,-5.811263767715345,-5.051654523226906
2018-12-26 14:00:00,0.29,0.12,0.23,0.08,29.5,72.0,23.9,1007.3,25.9,-3.5875911898228945,-6.472185832831529
2018-12-26 15:00:00,0.36,0.32,0.27,0.17,29.6,71.0,23.7,1007.1,24.8,-2.8637765329939335,-5.385980316439454
2018-12-26 16:00:00,0.85,0.84,0.31,0.21,29.0,72.0,23.6,1007.3,22.3,-4.312631754255381,-3.2498011250210608
2018-12-26 17:00:00,0.51,0.11,0.13,0.88,28.0,75.0,23.3,1008.0,18.0,-3.2,-1.9594348786357652e-16
2018-12-26 18:00:00,0.68,0.08,0.09,0.64,26.1,86.0,23.6,1008.4,6.8,-3.195522749552795,2.8772616073430903
2018-12-26 19:00:00,0.07,0.05,0.06,0.0,25.6,88.0,23.5,1009.2,6.8,-1.8159619989581874,3.564026096753471
2018-12-26 20:00:00,0.05,0.04,0.04,0.0,25.0,93.0,23.7,1009.9,9.4,-3.2498011250210603,4.312631754255382
2018-12-26 21:00:00,0.05,0.04,0.03,0.0,24.6,93.0,23.5,1010.1,9.7,-5.737828535778213,1.75423022833642
2018-12-26 22:00:00,0.04,0.03,0.02,0.0,24.0,94.0,23.0,1010.1,9.7,-5.3989495089621515,-1.049449474570997
2018-12-26 23:00:00,0.21,0.02,0.01,0.19,23.3,96.0,22.6,1009.8,8.6,-3.252691193458118,-3.2526911934581184
2018-12-27 00:00:00,0.14,0.06,0.01,0.11,22.9,97.0,22.5,1009.5,6.8,-2.1791543987498248,-4.276831316104166
2018-12-27 01:00:00,0.11,0.11,0.01,0.0,22.4,99.0,22.2,1008.8,7.6,0.37668495821827847,-5.386845871403051
2018-12-27 02:00:00,0.8,0.8,0.0,0.0,22.4,100.0,22.4,1008.3,6.5,1.1110124779464012,-3.633958072659534
2018-12-27 03:00:00,1.0,1.0,0.0,0.0,23.0,99.0,22.9,1008.0,9.4,-0.37668495821827663,-5.386845871403051
2018-12-27 04:00:00,1.0,1.0,0.0,0.0,23.5,97.0,23.0,1008.0,11.5,-0.6794350112397476,-6.4643923198937765
2018-12-27 05:00:00,1.0,1.0,0.01,0.0,24.0,95.0,23.2,1008.4,11.5,-2.5624408513775414,-5.755336383148386
2018-12-27 06:00:00,1.0,1.0,0.01,0.0,24.2,94.0,23.1,1009.4,13.0,-2.1013155617496424,-6.467184310807044
2018-12-27 07:00:00,0.79,0.79,0.0,0.0,24.5,91.0,23.0,1010.1,16.6,-2.12231616984067,-7.92059177557036
2018-12-27 08:00:00,0.42,0.42,0.0,0.0,25.4,85.0,22.8,1010.9,22.3,-3.557009490586955,-9.772803256173448
2018-12-27 09:00:00,0.81,0.8,0.0,0.0,26.6,77.0,22.4,1011.4,22.7,-3.296985135816762,-8.588939923774255
2018-12-27 10:00:00,0.82,0.82,0.0,0.0,28.0,70.0,22.0,1011.0,22.3,-2.8120546488120213,-8.654614298285896
2018-12-27 11:00:00,0.69,0.69,0.0,0.0,28.8,65.0,21.5,1010.1,22.3,-3.2039952536120446,-7.54813979831001
2018-12-27 12:00:00,0.17,0.17,0.0,0.0,29.4,63.0,21.5,1008.6,21.2,-3.1997434936258244,-5.772490067120011
2018-12-27 13:00:00,0.15,0.15,0.0,0.0,30.0,59.0,21.2,1007.2,19.4,-3.6442685642133337,-5.0159053651246746
2018-12-27 14:00:00,0.11,0.03,0.03,0.08,30.3,57.0,20.9,1006.4,18.0,-3.9402334420842133,-5.043268823083021
2018-12-27 15:00:00,0.28,0.15,0.18,0.11,30.2,57.0,20.8,1006.4,17.3,-4.666904755831213,-4.666904755831213
2018-12-27 16:00:00,0.21,0.2,0.04,0.0,29.6,61.0,21.1,1006.7,16.6,-6.1385314081469815,-1.4171916423663489
2018-12-27 17:00:00,0.04,0.0,0.01,0.0,28.4,74.0,23.2,1006.6,13.3,-5.755336383148386,2.5624408513775414
2018-12-27 18:00:00,0.0,0.0,0.0,0.0,25.9,89.0,23.9,1006.9,13.3,-5.750880114781586,4.656970893768796
2018-12-27 19:00:00,0.0,0.0,0.0,0.0,24.3,95.0,23.5,1007.7,13.0,-5.385980316439453,2.8637765329939344
2018-12-27 20:00:00,0.0,0.0,0.0,0.0,24.1,94.0,23.0,1008.3,7.6,-6.49109197590473,0.34018371557913496
2018-12-27 21:00:00,0.01,0.0,0.01,0.0,23.5,96.0,22.8,1008.2,9.4,-7.190132650232932,0.3768188849491957
2018-12-27 22:00:00,0.01,0.0,0.01,0.0,23.0,96.0,22.3,1008.1,9.0,-7.160557646651568,-0.752604935527105
2018-12-27 23:00:00,0.01,0.0,0.01,0.0,22.3,96.0,21.6,1007.9,9.7,-6.5144714853360535,-3.9142893693164114
2018-12-28 00:00:00,0.0,0.0,0.0,0.0,21.6,97.0,21.1,1007.8,9.4,-6.149493427364155,-4.6339756782707715
2018-12-28 01:00:00,0.0,0.0,0.0,0.0,21.3,97.0,20.8,1007.2,8.6,-4.70578868443124,-5.046340541172277
2018-12-28 02:00:00,0.0,0.0,0.0,0.0,21.0,98.0,20.8,1007.2,7.9,0.37476969381493075,-4.283637201794505
2018-12-28 03:00:00,0.01,0.01,0.0,0.0,21.0,99.0,21.0,1007.2,11.2,1.0324674692655254,-6.5187430479279085
2018-12-28 04:00:00,0.04,0.04,0.01,0.0,20.8,99.0,20.7,1007.7,11.2,-0.3747696938149301,-4.283637201794505
2018-12-28 05:00:00,0.06,0.04,0.02,0.0,20.9,99.0,20.6,1007.9,7.2,-1.079765060850552,-4.676976310969129
2018-12-28 06:00:00,0.16,0.13,0.06,0.0,21.5,98.0,21.1,1008.9,11.5,-0.3558845024520181,-6.790680836331102
2018-12-28 07:00:00,0.09,0.08,0.03,0.0,23.0,93.0,21.9,1009.7,13.7,-0.6794350112397476,-6.4643923198937765
2018-12-28 08:00:00,0.45,0.44,0.05,0.0,25.2,85.0,22.5,1010.1,20.9,-6.490566881680924,-7.208504807130724
2018-12-28 09:00:00,0.21,0.2,0.03,0.0,26.8,75.0,22.0,1010.3,20.9,-6.4347733221994154,-5.399415921366931
2018-12-28 10:00:00,0.22,0.21,0.02,0.0,28.0,68.0,21.4,1010.0,20.5,-5.412017391981862,-5.046787864462489
2018-12-28 11:00:00,0.33,0.31,0.26,0.0,28.6,63.0,20.9,1008.8,19.8,-4.981083229470295,-4.329989591337347
2018-12-28 12:00:00,0.24,0.22,0.2,0.0,29.0,61.0,20.6,1007.5,19.1,-5.043268823083022,-3.9402334420842133
2018-12-28 13:00:00,0.15,0.13,0.11,0.0,29.5,58.0,20.4,1006.1,18.7,-5.737828535778212,-1.7542302283364206
2018-12-28 14:00:00,0.18,0.14,0.11,0.0,29.5,57.0,20.2,1005.6,18.4,-6.815049550106451,1.0793978087775926
2018-12-28 15:00:00,0.31,0.29,0.15,0.0,29.0,62.0,21.0,1005.5,20.2,-7.534421012924616,4.349999999999998
2018-12-28 16:00:00,0.3,0.29,0.17,0.0,27.7,73.0,22.5,1005.8,21.6,-7.924450592339108,6.888619804400325
2018-12-28 17:00:00,0.29,0.1,0.03,0.0,27.0,76.0,22.5,1006.5,21.6,-8.939931253174445,2.9047597471245052
2018-12-28 18:00:00,0.06,0.04,0.05,0.0,25.7,82.0,22.4,1006.9,16.9,-7.505054539300878,3.990508283680073
2018-12-28 19:00:00,0.05,0.03,0.05,0.0,25.0,85.0,22.3,1007.8,14.8,-7.172285669722767,2.192787785420525
2018-12-28 20:00:00,0.02,0.01,0.02,0.0,24.8,84.0,21.9,1008.5,12.6,-7.5260373224359345,-1.0577155672964975
2018-12-28 21:00:00,0.05,0.04,0.04,0.0,24.2,83.0,21.2,1008.9,14.4,-7.973781149274371,-3.2216167033768426
2018-12-28 22:00:00,0.14,0.12,0.06,0.0,23.8,86.0,21.3,1009.2,15.1,-8.320563465273988,-2.8649997592229797
2018-12-28 23:00:00,0.2,0.19,0.04,0.0,23.5,89.0,21.6,1009.2,15.1,-7.232034065620942,-2.9219314286441134
2018-12-29 00:00:00,0.19,0.19,0.05,0.0,23.3,91.0,21.8,1009.0,13.0,-5.750175672340508,-4.333068166694748
2018-12-29 01:00:00,0.19,0.17,0.06,0.0,23.0,94.0,22.0,1008.8,12.2,-2.8999999999999995,-5.022947341949744
2018-12-29 02:00:00,0.23,0.13,0.19,0.0,22.6,96.0,22.0,1008.4,9.7,0.7515347451843558,-5.34744757120448
2018-12-29 03:00:00,0.21,0.13,0.18,0.0,22.4,97.0,21.9,1008.0,9.4,2.1490212066910064,-5.062776693988422
2018-12-29 04:00:00,0.23,0.13,0.19,0.0,22.3,98.0,21.9,1008.2,10.4,1.7613968679372018,-5.421022142882375
2018-12-29 05:00:00,0.32,0.15,0.19,0.0,22.7,97.0,22.1,1008.9,9.7,0.7515347451843558,-5.34744757120448
2018-12-29 06:00:00,0.23,0.1,0.2,0.0,23.0,95.0,22.2,1009.9,10.8,1.4493866525741157,-5.4091846272187825
2018-12-29 07:00:00,0.24,0.08,0.22,0.0,24.2,91.0,22.5,1010.8,11.9,1.7918397477265038,-4.667902132486008
2018-12-29 08:00:00,0.28,0.15,0.26,0.0,25.6,82.0,22.4,1011.5,17.3,-3.2132194802988217,-7.217009115376547
2018-12-29 09:00:00,0.42,0.21,0.39,0.0,26.7,79.0,22.7,1011.8,22.3,-6.156001578501495,-6.836932394392027
2018-12-29 10:00:00,0.79,0.76,0.52,0.0,27.6,73.0,22.4,1011.4,23.4,-5.3623071340531,-4.342310698243878
2018-12-29 11:00:00,0.61,0.5,0.56,0.0,27.5,72.0,22.0,1010.6,23.4,-9.008582983535776,-4.993539088537273
2018-12-29 12:00:00,0.86,0.81,0.74,0.0,28.2,71.0,22.5,1009.3,27.0,-5.0229473419497435,-2.9000000000000004
2018-12-29 13:00:00,0.85,0.81,0.46,0.0,26.9,75.0,22.0,1008.6,26.6,-11.89275084152724,-0.41530401075976286
2018-12-29 14:00:00,0.44,0.29,0.38,0.0,27.3,78.0,23.1,1007.8,27.0,-9.030970087718508,-1.755442757464213
2018-12-29 15:00:00,0.49,0.36,0.43,0.0,27.6,74.0,22.6,1007.3,25.2,-9.700776466210565,-3.151973342624464
2018-12-29 16:00:00,0.53,0.31,0.51,0.0,26.9,75.0,22.0,1007.9,26.3,-10.100734301164017,-1.4195656297926678
2018-12-29 17:00:00,0.51,0.18,0.76,0.0,25.9,81.0,22.3,1008.3,20.9,-7.6000865053248345,-1.7546182238821464
2018-12-29 18:00:00,0.28,0.1,0.27,0.0,25.5,79.0,21.5,1008.9,13.7,-6.143640332167439,-4.301823272632845
2018-12-29 19:00:00,0.27,0.08,0.26,0.0,25.0,80.0,21.2,1009.7,12.6,-6.149493427364155,-4.6339756782707715
2018-12-29 20:00:00,0.94,0.07,0.94,0.0,24.4,82.0,21.2,1010.5,14.8,-6.855693556378481,-5.356254835333226
2018-12-29 21:00:00,0.97,0.11,0.97,0.0,24.5,82.0,21.4,1011.2,15.5,-5.789747597658503,-7.149742845404131
2018-12-29 22:00:00,1.0,0.1,1.0,0.0,24.5,83.0,21.4,1011.1,18.0,-5.407899786555569,-9.00025665737218
2018-12-29 23:00:00,0.99,0.13,0.99,0.0,24.2,84.0,21.4,1011.2,18.7,-4.976398565530443,-9.359244484304625
2018-12-30 00:00:00,1.0,0.11,1.0,0.0,24.1,84.0,21.4,1010.7,20.5,-5.769234480931411,-10.40797451495881
2018-12-30 01:00:00,0.93,0.08,0.93,0.0,24.0,84.0,21.2,1010.3,21.2,-5.029157314714324,-10.785062665736135
2018-12-30 02:00:00,0.9,0.04,0.9,0.0,23.9,84.0,20.9,1009.7,21.2,-3.93323164824519,-10.806465139037947
2018-12-30 03:00:00,1.0,0.06,1.0,0.0,23.6,84.0,20.8,1010.0,20.2,-3.186851581477831,-10.423721839997087
2018-12-30 04:00:00,0.95,0.1,0.95,0.0,23.5,84.0,20.7,1010.4,21.6,-3.5376976271451146,-11.571287547152728
2018-12-30 05:00:00,0.78,0.04,0.76,0.0,23.3,86.0,20.8,1010.8,22.3,-3.186851581477831,-10.423721839997087
2018-12-30 06:00:00,0.31,0.19,0.27,0.0,23.5,85.0,20.9,1011.7,22.0,-4.035837691242891,-11.08837292527372
2018-12-30 07:00:00,0.28,0.15,0.23,0.0,23.9,85.0,21.2,1012.6,21.2,-2.5885642829164444,-10.382164271153162
2018-12-30 08:00:00,0.31,0.29,0.18,0.0,25.0,79.0,21.2,1013.4,30.6,-6.0954056044326705,-14.35987571385807
2018-12-30 09:00:00,0.42,0.25,0.38,0.0,26.0,75.0,21.2,1013.5,37.8,-6.9460546460150665,-13.63239982008203
2018-12-30 10:00:00,0.48,0.45,0.22,0.0,27.0,74.0,22.0,1013.0,38.9,-6.478707566445293,-12.184676781453193
2018-12-30 11:00:00,0.51,0.49,0.25,0.0,27.8,72.0,22.2,1012.4,39.6,-7.85799717800933,-11.222383006759188
2018-12-30 12:00:00,0.38,0.35,0.26,0.0,28.2,69.0,22.0,1011.3,39.6,-8.346550582553117,-11.488041320124253
2018-12-30 13:00:00,0.44,0.1,0.43,0.0,28.5,69.0,22.1,1010.0,39.6,-10.036959095382873,-11.147172382160914
2018-12-30 14:00:00,0.4,0.12,0.39,0.0,28.2,68.0,21.8,1009.1,39.6,-10.037703143554761,-11.547056577408412
2018-12-30 15:00:00,0.48,0.29,0.47,0.0,27.1,71.0,21.4,1009.3,38.5,-14.425133768661293,-9.367791402258465
2018-12-30 16:00:00,0.33,0.16,0.29,0.0,27.0,72.0,21.6,1009.6,36.4,-11.486041829408306,-6.901510203794726
2018-12-30 17:00:00,0.44,0.12,0.14,0.0,27.0,66.0,20.1,1009.5,28.1,-7.566042558696057,-7.566042558696059
2018-12-30 18:00:00,0.1,0.08,0.1,0.0,25.5,71.0,19.9,1010.1,19.1,-7.947845481490627,-3.5386087947594613
2018-12-30 19:00:00,0.06,0.06,0.04,0.0,24.8,75.0,20.0,1011.1,16.6,-8.65274562245294,-3.672872607799173
2018-12-30 20:00:00,0.07,0.06,0.02,0.0,24.0,79.0,20.1,1012.1,15.8,-7.232034065620942,-2.9219314286441134
2018-12-30 21:00:00,0.04,0.04,0.02,0.0,23.6,82.0,20.4,1012.4,14.8,-8.691657397237213,-1.3766232923540322
2018-12-30 22:00:00,0.01,0.01,0.01,0.0,23.3,84.0,20.5,1012.9,15.1,-7.871577364254562,-4.363286582217034
2018-12-30 23:00:00,0.01,0.0,0.01,0.0,23.0,86.0,20.5,1012.7,17.3,-7.212489168102784,-7.212489168102785
2018-12-31 00:00:00,0.04,0.0,0.04,0.0,22.5,87.0,20.2,1012.5,18.0,-4.993539088537272,-9.008582983535776
2018-12-31 01:00:00,0.1,0.0,0.1,0.0,22.1,88.0,20.0,1012.0,19.8,-3.5227937358744006,-10.84204428576475
2018-12-31 02:00:00,0.07,0.03,0.06,0.0,21.8,89.0,19.9,1011.5,20.9,-1.830283240970701,-11.555953584963111
2018-12-31 03:00:00,0.07,0.06,0.02,0.0,21.5,90.0,19.9,1011.0,20.9,0.622797879291038,-11.88369146357943
2018-12-31 04:00:00,0.08,0.08,0.01,0.0,21.4,91.0,19.8,1011.6,20.9,1.0110066158728364,-11.555858497864248
2018-12-31 05:00:00,0.1,0.02,0.03,0.0,21.1,92.0,19.8,1011.8,20.9,0.7045403848156689,-10.075396907624224
2018-12-31 06:00:00,0.09,0.08,0.03,0.0,21.5,90.0,19.9,1012.7,19.1,1.419565629792672,-10.100734301164016
2018-12-31 07:00:00,0.23,0.22,0.02,0.0,22.8,85.0,20.1,1013.4,21.6,1.037153338697134,-11.854716907291772
2018-12-31 08:00:00,0.49,0.49,0.02,0.0,24.4,78.0,20.4,1014.1,28.8,-1.5470212563612715,-14.718924051450445
2018-12-31 09:00:00,0.96,0.96,0.02,0.0,26.0,70.0,20.0,1014.2,41.4,-9.488401444556528,-18.62203635553689
2018-12-31 10:00:00,0.52,0.52,0.12,0.0,26.5,67.0,19.9,1014.2,40.7,-10.403769113183094,-17.314779474182668
2018-12-31 11:00:00,0.38,0.32,0.32,0.0,27.5,63.0,19.8,1013.3,40.0,-9.349999999999998,-16.194675050769003
2018-12-31 12:00:00,0.32,0.25,0.26,0.0,28.1,60.0,19.7,1012.5,37.8,-8.581130278360165,-15.480768816367304
2018-12-31 13:00:00,0.38,0.28,0.34,0.0,28.5,58.0,19.5,1011.3,36.4,-7.887122254802966,-14.833519560029973
2018-12-31 14:00:00,0.85,0.84,0.34,0.0,28.4,58.0,19.4,1010.5,34.6,-9.698456662825807,-13.348780407186633
2018-12-31 15:00:00,0.56,0.23,0.54,0.0,27.8,62.0,19.7,1010.6,32.8,-10.419875556884959,-10.790097005079767
2018-12-31 16:00:00,0.43,0.22,0.4,0.0,26.9,66.0,20.0,1011.0,29.5,-11.47831870716605,-6.103130316216581
2018-12-31 17:00:00,0.4,0.0,0.02,0.0,26.6,68.0,20.3,1010.8,24.8,-11.858178973941639,-3.625409138561936
2018-12-31 18:00:00,0.01,0.0,0.01,0.0,25.0,74.0,20.1,1011.5,22.3,-12.277062816293963,-2.8343832847326977
2018-12-31 19:00:00,0.02,0.01,0.01,0.0,24.1,78.0,20.0,1012.3,22.3,-11.535140351259827,-3.30764826980399
2018-12-31 20:00:00,0.13,0.13,0.05,0.0,23.7,80.0,20.0,1013.0,21.6,-10.785062665736135,-5.029157314714324
2018-12-31 21:00:00,0.06,0.05,0.04,0.0,23.5,80.0,19.9,1013.5,21.6,-10.771960632878907,-5.727553065987868
2018-12-31 22:00:00,0.14,0.13,0.07,0.0,23.1,81.0,19.6,1013.6,21.6,-8.980088637561916,-6.524416300446451
2018-12-31 23:00:00,1.0,1.0,0.21,0.0,22.7,81.0,19.4,1013.6,19.4,-4.738350289172498,-7.8859391664594325
