context_days,forecast_date,target_timestamp,month,hour,target,prediction,abs_error,squared_error
3,2024-05-04,2024-05-04 08:00:00,2024-05,8,355.4333190917969,350.7405700683594,4.6927490234375,22.02189339697361
3,2024-05-04,2024-05-04 09:00:00,2024-05,9,534.0833129882812,367.22369384765625,166.859619140625,27842.13249975443
3,2024-05-04,2024-05-04 10:00:00,2024-05,10,710.5166625976562,409.7666320800781,300.7500305175781,90450.58085632417
3,2024-05-04,2024-05-04 11:00:00,2024-05,11,807.0,458.796630859375,348.203369140625,121245.58628088236
3,2024-05-04,2024-05-04 12:00:00,2024-05,12,696.9000244140625,531.6148071289062,165.28521728515625,27319.203053001314
3,2024-05-04,2024-05-04 13:00:00,2024-05,13,378.8166809082031,586.562744140625,207.74606323242188,43158.42678856943
3,2024-05-04,2024-05-04 14:00:00,2024-05,14,679.8666381835938,623.9024047851562,55.9642333984375,3131.9954198747873
3,2024-05-04,2024-05-04 15:00:00,2024-05,15,471.5833435058594,641.9373779296875,170.35403442382812,29020.497044474818
3,2024-05-04,2024-05-04 16:00:00,2024-05,16,316.8333435058594,654.3789672851562,337.5456237792969,113937.04813255463
3,2024-05-05,2024-05-05 08:00:00,2024-05,8,456.8833312988281,394.2344970703125,62.648834228515625,3924.876430192031
3,2024-05-05,2024-05-05 09:00:00,2024-05,9,631.9166870117188,407.29736328125,224.61932373046875,50453.84059313312
3,2024-05-05,2024-05-05 10:00:00,2024-05,10,823.9666748046875,433.59295654296875,390.37371826171875,152391.63990947977
3,2024-05-05,2024-05-05 11:00:00,2024-05,11,873.8833618164062,467.7170715332031,406.1662902832031,164971.05536241923
3,2024-05-05,2024-05-05 12:00:00,2024-05,12,388.95001220703125,507.039794921875,118.08978271484375,13945.19678163901
3,2024-05-05,2024-05-05 13:00:00,2024-05,13,822.5833129882812,539.8843994140625,282.69891357421875,79918.6757360436
3,2024-05-05,2024-05-05 14:00:00,2024-05,14,634.2833251953125,566.1353149414062,68.14801025390625,4644.151301566511
3,2024-05-05,2024-05-05 15:00:00,2024-05,15,300.3500061035156,581.6035766601562,281.2535705566406,79103.57095085923
3,2024-05-05,2024-05-05 16:00:00,2024-05,16,303.3166809082031,589.595458984375,286.2787780761719,81955.53877678607
3,2024-05-06,2024-05-06 08:00:00,2024-05,8,453.04998779296875,384.1964111328125,68.85357666015625,4740.8150188960135
3,2024-05-06,2024-05-06 09:00:00,2024-05,9,645.4500122070312,419.8580627441406,225.59194946289062,50891.7276624674
3,2024-05-06,2024-05-06 10:00:00,2024-05,10,801.3499755859375,459.76861572265625,341.58135986328125,116677.82540604845
3,2024-05-06,2024-05-06 11:00:00,2024-05,11,925.7666625976562,500.6553955078125,425.11126708984375,180719.58940673247
3,2024-05-06,2024-05-06 12:00:00,2024-05,12,682.1666870117188,524.5144653320312,157.6522216796875,24854.22300054133
3,2024-05-06,2024-05-06 13:00:00,2024-05,13,801.683349609375,529.1016845703125,272.5816650390625,74300.76411546767
3,2024-05-06,2024-05-06 14:00:00,2024-05,14,449.26666259765625,514.591796875,65.32513427734375,4267.373168352991
3,2024-05-06,2024-05-06 15:00:00,2024-05,15,425.2833251953125,497.4784851074219,72.19515991210938,5212.1411147350445
3,2024-05-06,2024-05-06 16:00:00,2024-05,16,109.18333435058594,492.9317626953125,383.7484130859375,147262.84454597533
3,2024-05-07,2024-05-07 08:00:00,2024-05,8,473.20001220703125,170.17410278320312,303.0259094238281,91824.70178213809
3,2024-05-07,2024-05-07 09:00:00,2024-05,9,689.0999755859375,206.546142578125,482.5538330078125,232858.2017505318
3,2024-05-07,2024-05-07 10:00:00,2024-05,10,846.3666381835938,259.0842590332031,587.2823486328125,344900.5570156723
3,2024-05-07,2024-05-07 11:00:00,2024-05,11,957.8666381835938,313.93438720703125,643.9322509765625,414648.7438477427
3,2024-05-07,2024-05-07 12:00:00,2024-05,12,783.0166625976562,395.24951171875,387.76715087890625,150363.36330074444
3,2024-05-07,2024-05-07 13:00:00,2024-05,13,622.0999755859375,451.15936279296875,170.94061279296875,29220.69310203567
3,2024-05-07,2024-05-07 14:00:00,2024-05,14,599.5,466.55780029296875,132.94219970703125,17673.62846294418
3,2024-05-07,2024-05-07 15:00:00,2024-05,15,487.75,467.83831787109375,19.91168212890625,396.47508520260453
3,2024-05-07,2024-05-07 16:00:00,2024-05,16,351.3666687011719,456.6103515625,105.24368286132812,11076.232782215811
3,2024-05-08,2024-05-08 08:00:00,2024-05,8,463.26666259765625,400.06256103515625,63.2041015625,3994.758454322815
3,2024-05-08,2024-05-08 09:00:00,2024-05,9,671.3499755859375,401.2804870605469,270.0694885253906,72937.5286323661
3,2024-05-08,2024-05-08 10:00:00,2024-05,10,801.3666381835938,434.27386474609375,367.0927734375,134757.1043100357
3,2024-05-08,2024-05-08 11:00:00,2024-05,11,800.5999755859375,466.7337341308594,333.8662414550781,111466.66718334053
3,2024-05-08,2024-05-08 12:00:00,2024-05,12,834.7833251953125,526.3131713867188,308.47015380859375,95153.83579069749
3,2024-05-08,2024-05-08 13:00:00,2024-05,13,346.25,562.9940185546875,216.7440185546875,46977.96957923472
3,2024-05-08,2024-05-08 14:00:00,2024-05,14,289.79998779296875,571.4555053710938,281.655517578125,79329.83058220148
3,2024-05-08,2024-05-08 15:00:00,2024-05,15,460.7833251953125,591.326171875,130.5428466796875,17041.434819236398
3,2024-05-08,2024-05-08 16:00:00,2024-05,16,151.64999389648438,604.998046875,453.3480529785156,205524.457139411
3,2024-05-09,2024-05-09 08:00:00,2024-05,8,326.29998779296875,190.83282470703125,135.4671630859375,18351.352274551988
3,2024-05-09,2024-05-09 09:00:00,2024-05,9,508.48333740234375,225.23922729492188,283.2441101074219,80227.22591054533
3,2024-05-09,2024-05-09 10:00:00,2024-05,10,485.7796630859375,303.6917419433594,182.08792114257812,33156.01102602575
3,2024-05-09,2024-05-09 11:00:00,2024-05,11,345.7833251953125,387.9490966796875,42.165771484375,1777.952284872532
3,2024-05-09,2024-05-09 12:00:00,2024-05,12,733.6666870117188,471.5336608886719,262.1330261230469,68713.72338442598
3,2024-05-09,2024-05-09 13:00:00,2024-05,13,627.3333129882812,493.83245849609375,133.5008544921875,17822.47815014422
3,2024-05-09,2024-05-09 14:00:00,2024-05,14,495.70001220703125,486.13690185546875,9.5631103515625,91.45307959616184
3,2024-05-09,2024-05-09 15:00:00,2024-05,15,322.6000061035156,484.8497619628906,162.249755859375,26324.983276426792
3,2024-05-09,2024-05-09 16:00:00,2024-05,16,205.38333129882812,498.29864501953125,292.9153137207031,85799.38101209793
3,2024-05-14,2024-05-14 08:00:00,2024-05,8,175.23333740234375,23.165618896484375,152.06771850585938,23124.591011577286
3,2024-05-14,2024-05-14 09:00:00,2024-05,9,465.0,47.459136962890625,417.5408630371094,174340.37230577413
3,2024-05-14,2024-05-14 10:00:00,2024-05,10,792.2166748046875,81.66607666015625,710.5505981445312,504882.15252355114
3,2024-05-14,2024-05-14 11:00:00,2024-05,11,567.4000244140625,106.53939819335938,460.8606262207031,212392.51680053864
3,2024-05-14,2024-05-14 12:00:00,2024-05,12,472.8833312988281,129.667236328125,343.2160949707031,117797.2878469387
3,2024-05-14,2024-05-14 13:00:00,2024-05,13,535.2333374023438,150.88351440429688,384.3498229980469,147724.78643862996
3,2024-05-14,2024-05-14 14:00:00,2024-05,14,326.51666259765625,177.22398376464844,149.2926788330078,22288.30395313562
3,2024-05-14,2024-05-14 15:00:00,2024-05,15,420.0,208.28697204589844,211.71302795410156,44822.40620549419
3,2024-05-14,2024-05-14 16:00:00,2024-05,16,88.19999694824219,227.8462677001953,139.64627075195312,19501.0809349278
3,2024-05-15,2024-05-15 08:00:00,2024-05,8,349.3333435058594,137.80795288085938,211.525390625,44742.99087905884
3,2024-05-15,2024-05-15 09:00:00,2024-05,9,506.9166564941406,118.63296508789062,388.28369140625,150764.22501206398
3,2024-05-15,2024-05-15 10:00:00,2024-05,10,525.1333618164062,169.8988494873047,355.2344970703125,126191.54790879786
3,2024-05-15,2024-05-15 11:00:00,2024-05,11,574.7833251953125,242.73373413085938,332.0495910644531,110256.93092607055
3,2024-05-15,2024-05-15 12:00:00,2024-05,12,548.9666748046875,359.6164245605469,189.35025024414062,35853.51726751868
3,2024-05-15,2024-05-15 13:00:00,2024-05,13,66.4000015258789,430.0472412109375,363.6472473144531,132239.32047937904
3,2024-05-15,2024-05-15 14:00:00,2024-05,14,135.93333435058594,444.457763671875,308.5244140625,95187.31407260895
3,2024-05-15,2024-05-15 15:00:00,2024-05,15,154.21665954589844,360.7457275390625,206.52906799316406,42654.255926124984
3,2024-05-15,2024-05-15 16:00:00,2024-05,16,60.41666793823242,309.54559326171875,249.12892150878906,62065.21953213238
3,2024-05-16,2024-05-16 08:00:00,2024-05,8,157.86666870117188,60.509918212890625,97.35675048828125,9478.336865637451
3,2024-05-16,2024-05-16 09:00:00,2024-05,9,209.1666717529297,87.06466674804688,122.10200500488281,14908.899626212427
3,2024-05-16,2024-05-16 10:00:00,2024-05,10,231.21665954589844,132.44956970214844,98.76708984375,9754.938036203384
3,2024-05-16,2024-05-16 11:00:00,2024-05,11,271.0333251953125,176.18408203125,94.8492431640625,8996.378928795457
3,2024-05-16,2024-05-16 12:00:00,2024-05,12,549.6666870117188,210.08340454101562,339.5832824707031,115316.80573357735
3,2024-05-16,2024-05-16 13:00:00,2024-05,13,500.3500061035156,226.8280029296875,273.5220031738281,74814.28622022364
3,2024-05-16,2024-05-16 14:00:00,2024-05,14,615.9666748046875,223.43443298339844,392.5322265625,154081.54889011383
3,2024-05-16,2024-05-16 15:00:00,2024-05,15,467.04998779296875,245.314453125,221.73553466796875,49166.64733448997
3,2024-05-16,2024-05-16 16:00:00,2024-05,16,372.6499938964844,257.05841064453125,115.59158325195312,13361.41411869321
3,2024-05-17,2024-05-17 08:00:00,2024-05,8,258.3833312988281,416.5926513671875,158.20932006835938,25030.18895649258
3,2024-05-17,2024-05-17 09:00:00,2024-05,9,236.26666259765625,386.788818359375,150.52215576171875,22656.91937515512
3,2024-05-17,2024-05-17 10:00:00,2024-05,10,242.64999389648438,394.7638244628906,152.11383056640625,23138.61744958535
3,2024-05-17,2024-05-17 11:00:00,2024-05,11,147.39999389648438,417.43487548828125,270.0348815917969,72918.83727629576
3,2024-05-17,2024-05-17 12:00:00,2024-05,12,167.6999969482422,442.59393310546875,274.8939208984375,75566.66774691641
3,2024-05-17,2024-05-17 13:00:00,2024-05,13,261.2833251953125,455.7193603515625,194.43603515625,37805.371767282486
3,2024-05-17,2024-05-17 14:00:00,2024-05,14,247.26666259765625,476.198974609375,228.93231201171875,52410.003483030945
3,2024-05-17,2024-05-17 15:00:00,2024-05,15,159.23333740234375,471.0743408203125,311.84100341796875,97244.8114127256
3,2024-05-17,2024-05-17 16:00:00,2024-05,16,133.89999389648438,446.2173767089844,312.3173828125,97542.14760684967
3,2024-05-26,2024-05-26 08:00:00,2024-05,8,239.5833282470703,240.26316833496094,0.679840087890625,0.4621825451031327
3,2024-05-26,2024-05-26 09:00:00,2024-05,9,458.9333190917969,265.7954406738281,193.13787841796875,37302.24007979408
3,2024-05-26,2024-05-26 10:00:00,2024-05,10,492.1333312988281,290.997314453125,201.13601684570312,40455.69727255497
3,2024-05-26,2024-05-26 11:00:00,2024-05,11,571.0333251953125,325.3398742675781,245.69345092773438,60365.27182877902
3,2024-05-26,2024-05-26 12:00:00,2024-05,12,701.4500122070312,358.24249267578125,343.20751953125,117791.40146279335
3,2024-05-26,2024-05-26 13:00:00,2024-05,13,530.1500244140625,364.04119873046875,166.10882568359375,27592.141969982535
3,2024-05-26,2024-05-26 14:00:00,2024-05,14,386.7833251953125,347.6461486816406,39.137176513671875,1531.7185854623094
3,2024-05-26,2024-05-26 15:00:00,2024-05,15,355.3666687011719,343.2275390625,12.139129638671875,147.35846838448197
3,2024-05-26,2024-05-26 16:00:00,2024-05,16,196.4499969482422,331.15118408203125,134.70118713378906,18144.40981525206
3,2024-05-27,2024-05-27 08:00:00,2024-05,8,375.8666687011719,217.93115234375,157.93551635742188,24943.627327085473
3,2024-05-27,2024-05-27 09:00:00,2024-05,9,623.4666748046875,213.23077392578125,410.23590087890625,168293.4943699278
3,2024-05-27,2024-05-27 10:00:00,2024-05,10,760.1500244140625,248.8839111328125,511.26611328125,261393.03858971596
3,2024-05-27,2024-05-27 11:00:00,2024-05,11,693.3666381835938,302.2425537109375,391.12408447265625,152978.04945457354
3,2024-05-27,2024-05-27 12:00:00,2024-05,12,755.066650390625,380.8622131347656,374.2044372558594,140028.9608619744
3,2024-05-27,2024-05-27 13:00:00,2024-05,13,784.1666870117188,397.4532775878906,386.7134094238281,149547.26102820132
3,2024-05-27,2024-05-27 14:00:00,2024-05,14,642.6333618164062,393.34722900390625,249.2861328125,62143.57601261139
3,2024-05-27,2024-05-27 15:00:00,2024-05,15,452.0517272949219,376.87176513671875,75.17996215820312,5652.026710108854
3,2024-05-27,2024-05-27 16:00:00,2024-05,16,215.1372528076172,364.0081481933594,148.8708953857422,22162.543492952595
3,2024-05-28,2024-05-28 08:00:00,2024-05,8,206.11666870117188,207.97683715820312,1.86016845703125,3.4602266885340214
3,2024-05-28,2024-05-28 09:00:00,2024-05,9,642.3499755859375,189.91064453125,452.4393310546875,204701.3482852131
3,2024-05-28,2024-05-28 10:00:00,2024-05,10,814.4166870117188,227.30503845214844,587.1116333007812,344700.06995711103
3,2024-05-28,2024-05-28 11:00:00,2024-05,11,566.816650390625,288.7391662597656,278.0774841308594,77327.08718054835
3,2024-05-28,2024-05-28 12:00:00,2024-05,12,788.8666381835938,386.2187805175781,402.6478576660156,162125.29728303198
3,2024-05-28,2024-05-28 13:00:00,2024-05,13,737.9833374023438,452.9732971191406,285.0100402832031,81230.72306223307
3,2024-05-28,2024-05-28 14:00:00,2024-05,14,683.2000122070312,481.8277587890625,201.37225341796875,40550.78444663063
3,2024-05-28,2024-05-28 15:00:00,2024-05,15,465.73333740234375,462.1684265136719,3.564910888671875,12.708589644171298
3,2024-05-28,2024-05-28 16:00:00,2024-05,16,282.1000061035156,451.83282470703125,169.73281860351562,28809.22971109394
3,2024-05-29,2024-05-29 08:00:00,2024-05,8,445.8999938964844,356.7967834472656,89.10321044921875,7939.382112357765
3,2024-05-29,2024-05-29 09:00:00,2024-05,9,656.3499755859375,354.66705322265625,301.68292236328125,91012.58564564958
3,2024-05-29,2024-05-29 10:00:00,2024-05,10,806.2666625976562,394.1125183105469,412.1541442871094,169871.03865303937
3,2024-05-29,2024-05-29 11:00:00,2024-05,11,901.9000244140625,445.8233947753906,456.0766296386719,208005.89210257027
3,2024-05-29,2024-05-29 12:00:00,2024-05,12,907.9000244140625,516.0779418945312,391.82208251953125,153524.54434994236
3,2024-05-29,2024-05-29 13:00:00,2024-05,13,818.2333374023438,562.83544921875,255.39788818359375,65228.081288639456
3,2024-05-29,2024-05-29 14:00:00,2024-05,14,719.5999755859375,591.0451049804688,128.55487060546875,16526.354756388813
3,2024-05-29,2024-05-29 15:00:00,2024-05,15,564.0333251953125,602.7391357421875,38.705810546875,1498.13977009058
3,2024-05-29,2024-05-29 16:00:00,2024-05,16,354.8500061035156,614.411865234375,259.5618591308594,67372.35871546809
3,2024-05-30,2024-05-30 08:00:00,2024-05,8,449.70001220703125,393.82403564453125,55.8759765625,3122.1247568130493
3,2024-05-30,2024-05-30 09:00:00,2024-05,9,650.4833374023438,397.5202331542969,252.96310424804688,63990.33211080823
3,2024-05-30,2024-05-30 10:00:00,2024-05,10,804.9833374023438,445.416259765625,359.56707763671875,129288.48332021013
3,2024-05-30,2024-05-30 11:00:00,2024-05,11,877.6166381835938,499.8261413574219,377.7904968261719,142725.65949216578
3,2024-05-30,2024-05-30 12:00:00,2024-05,12,890.7166748046875,581.400146484375,309.3165283203125,95676.71469213068
3,2024-05-30,2024-05-30 13:00:00,2024-05,13,844.933349609375,636.5198974609375,208.4134521484375,43436.16703642905
3,2024-05-30,2024-05-30 14:00:00,2024-05,14,609.433349609375,661.194580078125,51.76123046875,2679.2249796390533
3,2024-05-30,2024-05-30 15:00:00,2024-05,15,513.433349609375,670.9165649414062,157.48321533203125,24800.963111314923
3,2024-05-30,2024-05-30 16:00:00,2024-05,16,351.48333740234375,677.9172973632812,326.4339599609375,106559.13021577895
3,2024-05-31,2024-05-31 08:00:00,2024-05,8,436.1666564941406,365.2400207519531,70.9266357421875,5030.587657704949
3,2024-05-31,2024-05-31 09:00:00,2024-05,9,643.9166870117188,364.1502685546875,279.76641845703125,78269.24889627472
3,2024-05-31,2024-05-31 10:00:00,2024-05,10,659.5499877929688,413.50372314453125,246.0462646484375,60538.764347448945
3,2024-05-31,2024-05-31 11:00:00,2024-05,11,776.9666748046875,475.87335205078125,301.09332275390625,90657.18900698796
3,2024-05-31,2024-05-31 12:00:00,2024-05,12,795.0333251953125,558.8956298828125,236.1376953125,55761.011147499084
3,2024-05-31,2024-05-31 13:00:00,2024-05,13,586.7666625976562,595.5767211914062,8.81005859375,77.61713242530823
3,2024-05-31,2024-05-31 14:00:00,2024-05,14,454.6666564941406,598.7437744140625,144.07711791992188,20758.215908111073
3,2024-05-31,2024-05-31 15:00:00,2024-05,15,516.6666870117188,594.7882690429688,78.12158203125,6102.981579065323
3,2024-05-31,2024-05-31 16:00:00,2024-05,16,142.76666259765625,610.2965087890625,467.52984619140625,218584.15707975999
3,2024-06-05,2024-06-05 08:00:00,2024-06,8,495.3833312988281,167.59371948242188,327.78961181640625,107446.0296147503
3,2024-06-05,2024-06-05 09:00:00,2024-06,9,687.0166625976562,155.08749389648438,531.92919921875,282948.6729815006
3,2024-06-05,2024-06-05 10:00:00,2024-06,10,749.5333251953125,210.6470947265625,538.88623046875,290398.36938881874
3,2024-06-05,2024-06-05 11:00:00,2024-06,11,679.5499877929688,296.26788330078125,383.2821044921875,146905.17162396014
3,2024-06-05,2024-06-05 12:00:00,2024-06,12,910.2000122070312,419.1090393066406,491.0909729003906,241170.3436642522
3,2024-06-05,2024-06-05 13:00:00,2024-06,13,860.0499877929688,493.8735046386719,366.1764831542969,134085.21681524906
3,2024-06-05,2024-06-05 14:00:00,2024-06,14,722.4666748046875,530.8587646484375,191.60791015625,36713.59123444557
3,2024-06-05,2024-06-05 15:00:00,2024-06,15,498.9166564941406,517.5781860351562,18.661529541015625,348.25268481019884
3,2024-06-05,2024-06-05 16:00:00,2024-06,16,425.25,509.2603759765625,84.0103759765625,7057.74327172339
3,2024-06-06,2024-06-06 08:00:00,2024-06,8,309.01666259765625,494.124755859375,185.10809326171875,34265.00619098917
3,2024-06-06,2024-06-06 09:00:00,2024-06,9,643.183349609375,492.0674133300781,151.11593627929688,22836.026197568513
3,2024-06-06,2024-06-06 10:00:00,2024-06,10,786.5333251953125,523.7445068359375,262.788818359375,69057.96305471659
3,2024-06-06,2024-06-06 11:00:00,2024-06,11,779.2666625976562,556.4564819335938,222.8101806640625,49644.37660755217
3,2024-06-06,2024-06-06 12:00:00,2024-06,12,640.1666870117188,592.5,47.66668701171875,2272.113050673157
3,2024-06-06,2024-06-06 13:00:00,2024-06,13,589.183349609375,616.9254760742188,27.74212646484375,769.625580791384
3,2024-06-06,2024-06-06 14:00:00,2024-06,14,647.0833129882812,629.1649169921875,17.91839599609375,321.06891507282853
3,2024-06-06,2024-06-06 15:00:00,2024-06,15,517.8666381835938,644.6600341796875,126.79339599609375,16076.565268222243
3,2024-06-06,2024-06-06 16:00:00,2024-06,16,140.06666564941406,645.8017578125,505.735107421875,255767.99887901545
3,2024-06-07,2024-06-07 08:00:00,2024-06,8,118.78333282470703,259.2975769042969,140.51425170898438,19744.25493333582
3,2024-06-07,2024-06-07 09:00:00,2024-06,9,214.5833282470703,303.0362548828125,88.45292663574219,7823.92023042799
3,2024-06-07,2024-06-07 10:00:00,2024-06,10,433.7833251953125,383.4761962890625,50.30712890625,2530.8072187900543
3,2024-06-07,2024-06-07 11:00:00,2024-06,11,517.0333251953125,486.0500183105469,30.983306884765625,959.965305515565
3,2024-06-07,2024-06-07 12:00:00,2024-06,12,781.4833374023438,588.5205688476562,192.9627685546875,37234.630048289895
3,2024-06-07,2024-06-07 13:00:00,2024-06,13,741.4666748046875,620.7295532226562,120.73712158203125,14577.452527914196
3,2024-06-07,2024-06-07 14:00:00,2024-06,14,563.5499877929688,653.9939575195312,90.4439697265625,8180.111659899354
3,2024-06-07,2024-06-07 15:00:00,2024-06,15,365.9166564941406,633.8605346679688,267.9438781738281,71793.92185083125
3,2024-06-07,2024-06-07 16:00:00,2024-06,16,409.0833435058594,643.0824584960938,233.99911499023438,54755.58581621293
3,2024-06-08,2024-06-08 08:00:00,2024-06,8,431.2166748046875,497.941650390625,66.7249755859375,4452.222366943955
3,2024-06-08,2024-06-08 09:00:00,2024-06,9,313.1333312988281,523.871337890625,210.73800659179688,44410.50742228422
3,2024-06-08,2024-06-08 10:00:00,2024-06,10,646.7166748046875,557.005615234375,89.7110595703125,8048.074209228158
3,2024-06-08,2024-06-08 11:00:00,2024-06,11,501.8333435058594,597.3524169921875,95.51907348632812,9123.893399686553
3,2024-06-08,2024-06-08 12:00:00,2024-06,12,326.29998779296875,623.3627319335938,297.062744140625,88246.27395635843
3,2024-06-08,2024-06-08 13:00:00,2024-06,13,243.6666717529297,640.0947875976562,396.4281005859375,157155.23893417418
3,2024-06-08,2024-06-08 14:00:00,2024-06,14,381.20001220703125,626.83740234375,245.63739013671875,60337.727433178574
3,2024-06-08,2024-06-08 15:00:00,2024-06,15,406.6000061035156,617.8300170898438,211.23001098632812,44618.1175412843
3,2024-06-08,2024-06-08 16:00:00,2024-06,16,309.6166687011719,594.5897827148438,284.9731140136719,81209.67571064923
3,2024-06-09,2024-06-09 08:00:00,2024-06,8,503.4333190917969,370.44989013671875,132.98342895507812,17684.59237665031
3,2024-06-09,2024-06-09 09:00:00,2024-06,9,715.066650390625,385.5334777832031,329.5331726074219,108592.1118487129
3,2024-06-09,2024-06-09 10:00:00,2024-06,10,707.3333129882812,372.91558837890625,334.417724609375,111835.21453291178
3,2024-06-09,2024-06-09 11:00:00,2024-06,11,939.0166625976562,391.9706115722656,547.0460205078125,299259.348553434
3,2024-06-09,2024-06-09 12:00:00,2024-06,12,726.4500122070312,454.140380859375,272.30963134765625,74152.53532469645
3,2024-06-09,2024-06-09 13:00:00,2024-06,13,836.0833129882812,443.0909118652344,392.9924011230469,154443.02734045777
3,2024-06-09,2024-06-09 14:00:00,2024-06,14,676.433349609375,437.6544494628906,238.77890014648438,57015.363155164756
3,2024-06-09,2024-06-09 15:00:00,2024-06,15,583.1666870117188,463.3343505859375,119.83233642578125,14359.78885326162
3,2024-06-09,2024-06-09 16:00:00,2024-06,16,358.7166748046875,477.71533203125,118.9986572265625,14160.680421724916
3,2024-06-10,2024-06-10 08:00:00,2024-06,8,512.0,388.1998291015625,123.8001708984375,15326.482314482331
3,2024-06-10,2024-06-10 09:00:00,2024-06,9,716.066650390625,365.257080078125,350.8095703125,123067.35462284088
3,2024-06-10,2024-06-10 10:00:00,2024-06,10,875.3499755859375,383.90423583984375,491.44573974609375,241518.9151145853
3,2024-06-10,2024-06-10 11:00:00,2024-06,11,960.4500122070312,413.126220703125,547.3237915039062,299563.33274621144
3,2024-06-10,2024-06-10 12:00:00,2024-06,12,981.433349609375,480.1650085449219,501.2683410644531,251269.9497535089
3,2024-06-10,2024-06-10 13:00:00,2024-06,13,758.4166870117188,518.19091796875,240.22576904296875,57708.42011228576
3,2024-06-10,2024-06-10 14:00:00,2024-06,14,747.4000244140625,514.4269409179688,232.97308349609375,54276.45763367787
3,2024-06-10,2024-06-10 15:00:00,2024-06,15,542.4000244140625,470.5478210449219,71.85220336914062,5162.739129000343
3,2024-06-10,2024-06-10 16:00:00,2024-06,16,354.9333190917969,442.35455322265625,87.42123413085938,7642.472176962532
3,2024-06-11,2024-06-11 08:00:00,2024-06,8,504.3500061035156,392.1922607421875,112.15774536132812,12579.35984453652
3,2024-06-11,2024-06-11 09:00:00,2024-06,9,726.0166625976562,383.19598388671875,342.8206787109375,117526.01775182784
3,2024-06-11,2024-06-11 10:00:00,2024-06,10,843.0499877929688,424.1451416015625,418.90484619140625,175481.27016264573
3,2024-06-11,2024-06-11 11:00:00,2024-06,11,732.8499755859375,480.4620361328125,252.387939453125,63699.67198139429
3,2024-06-11,2024-06-11 12:00:00,2024-06,12,674.566650390625,551.1324462890625,123.4342041015625,15236.002742186189
3,2024-06-11,2024-06-11 13:00:00,2024-06,13,732.9833374023438,589.4105834960938,143.57275390625,20613.135664224625
3,2024-06-11,2024-06-11 14:00:00,2024-06,14,422.98333740234375,603.2288208007812,180.2454833984375,32488.43428553641
3,2024-06-11,2024-06-11 15:00:00,2024-06,15,407.6166687011719,618.359375,210.74270629882812,44412.48825815413
3,2024-06-11,2024-06-11 16:00:00,2024-06,16,242.06666564941406,636.7000122070312,394.63336181640625,155735.4902585186
3,2024-06-16,2024-06-16 08:00:00,2024-06,8,412.5,265.6905822753906,146.80941772460938,21553.00513263885
3,2024-06-16,2024-06-16 09:00:00,2024-06,9,718.4833374023438,261.6472473144531,456.8360900878906,208699.21320679132
3,2024-06-16,2024-06-16 10:00:00,2024-06,10,869.683349609375,309.04827880859375,560.6350708007812,314311.682611797
3,2024-06-16,2024-06-16 11:00:00,2024-06,11,795.75,398.22857666015625,397.52142333984375,158023.28201413527
3,2024-06-16,2024-06-16 12:00:00,2024-06,12,914.3499755859375,541.5452880859375,372.8046875,138983.33502197266
3,2024-06-16,2024-06-16 13:00:00,2024-06,13,933.2833251953125,624.0454711914062,309.23785400390625,95628.05034894124
3,2024-06-16,2024-06-16 14:00:00,2024-06,14,604.4166870117188,658.710693359375,54.29400634765625,2947.839125279337
3,2024-06-16,2024-06-16 15:00:00,2024-06,15,313.1016845703125,636.1470947265625,323.04541015625,104358.33702301979
3,2024-06-16,2024-06-16 16:00:00,2024-06,16,194.11666870117188,637.4888916015625,443.3722229003906,196578.92803963367
3,2024-06-17,2024-06-17 08:00:00,2024-06,8,493.8999938964844,199.79916381835938,294.100830078125,86495.29825264215
3,2024-06-17,2024-06-17 09:00:00,2024-06,9,674.7999877929688,233.26785278320312,441.5321350097656,194950.6262462819
3,2024-06-17,2024-06-17 10:00:00,2024-06,10,864.0333251953125,313.943603515625,550.0897216796875,302598.70189763606
3,2024-06-17,2024-06-17 11:00:00,2024-06,11,928.5999755859375,408.14996337890625,520.4500122070312,270868.215206299
3,2024-06-17,2024-06-17 12:00:00,2024-06,12,810.7999877929688,506.42138671875,304.37860107421875,92646.3327918984
3,2024-06-17,2024-06-17 13:00:00,2024-06,13,813.1666870117188,555.0594482421875,258.10723876953125,66619.34670523182
3,2024-06-17,2024-06-17 14:00:00,2024-06,14,746.8643798828125,563.6860961914062,183.17828369140625,33554.28361612931
3,2024-06-17,2024-06-17 15:00:00,2024-06,15,645.816650390625,562.814208984375,83.00244140625,6889.4052793979645
3,2024-06-17,2024-06-17 16:00:00,2024-06,16,335.1499938964844,584.8961181640625,249.74612426757812,62373.126586676575
3,2024-06-18,2024-06-18 08:00:00,2024-06,8,427.4333190917969,401.4591979980469,25.97412109375,674.6549665927887
3,2024-06-18,2024-06-18 09:00:00,2024-06,9,659.6333618164062,406.2287902832031,253.40457153320312,64213.87687392626
3,2024-06-18,2024-06-18 10:00:00,2024-06,10,814.7833251953125,473.73211669921875,341.05120849609375,116315.92681664601
3,2024-06-18,2024-06-18 11:00:00,2024-06,11,884.0499877929688,568.0482177734375,316.00177001953125,99857.11865547672
3,2024-06-18,2024-06-18 12:00:00,2024-06,12,737.5499877929688,699.760986328125,37.78900146484375,1428.008631709963
3,2024-06-18,2024-06-18 13:00:00,2024-06,13,513.1166381835938,762.1232299804688,249.006591796875,62004.282758295536
3,2024-06-18,2024-06-18 14:00:00,2024-06,14,639.7666625976562,798.0460205078125,158.27935791015625,25052.355140451342
3,2024-06-18,2024-06-18 15:00:00,2024-06,15,548.816650390625,803.0100708007812,254.19342041015625,64614.29497981444
3,2024-06-18,2024-06-18 16:00:00,2024-06,16,294.23333740234375,822.525390625,528.2920532226562,279092.49349820986
3,2024-06-19,2024-06-19 08:00:00,2024-06,8,485.9166564941406,385.5521240234375,100.36453247070312,10073.039378062822
3,2024-06-19,2024-06-19 09:00:00,2024-06,9,690.5833129882812,407.06781005859375,283.5155029296875,80381.04040147364
3,2024-06-19,2024-06-19 10:00:00,2024-06,10,504.48333740234375,452.41693115234375,52.06640625,2710.910659790039
3,2024-06-19,2024-06-19 11:00:00,2024-06,11,474.5833435058594,519.648681640625,45.065338134765625,2030.884701200761
3,2024-06-19,2024-06-19 12:00:00,2024-06,12,327.23333740234375,587.3363037109375,260.10296630859375,67653.55308252946
3,2024-06-19,2024-06-19 13:00:00,2024-06,13,633.683349609375,622.8528442382812,10.83050537109375,117.29984659329057
3,2024-06-19,2024-06-19 14:00:00,2024-06,14,757.3666381835938,648.1951904296875,109.17144775390625,11918.405004683882
3,2024-06-19,2024-06-19 15:00:00,2024-06,15,144.35000610351562,657.7408447265625,513.390869140625,263570.18451696634
3,2024-06-19,2024-06-19 16:00:00,2024-06,16,71.06666564941406,687.9102172851562,616.8435668945312,380495.98601916805
3,2024-06-20,2024-06-20 08:00:00,2024-06,8,447.3999938964844,171.913330078125,275.4866638183594,75892.90194176976
3,2024-06-20,2024-06-20 09:00:00,2024-06,9,673.6333618164062,199.79791259765625,473.83544921875,224520.0329363346
3,2024-06-20,2024-06-20 10:00:00,2024-06,10,928.1166381835938,265.6238708496094,662.4927978515625,438896.70720519125
3,2024-06-20,2024-06-20 11:00:00,2024-06,11,936.7166748046875,326.8491516113281,609.8675537109375,371938.43306936324
3,2024-06-20,2024-06-20 12:00:00,2024-06,12,904.7999877929688,417.46575927734375,487.334228515625,237494.6502829194
3,2024-06-20,2024-06-20 13:00:00,2024-06,13,630.183349609375,443.440185546875,186.7431640625,34873.00932407379
3,2024-06-20,2024-06-20 14:00:00,2024-06,14,254.28334045410156,444.407470703125,190.12413024902344,36147.18490294763
3,2024-06-20,2024-06-20 15:00:00,2024-06,15,281.29998779296875,451.1441955566406,169.84420776367188,28847.054910869338
3,2024-06-20,2024-06-20 16:00:00,2024-06,16,220.6666717529297,483.5245056152344,262.85784912109375,69094.24884456769
3,2024-06-21,2024-06-21 08:00:00,2024-06,8,359.6499938964844,278.6668701171875,80.98312377929688,6558.266337052919
3,2024-06-21,2024-06-21 09:00:00,2024-06,9,547.6166381835938,353.982177734375,193.63446044921875,37494.30427346006
3,2024-06-21,2024-06-21 10:00:00,2024-06,10,595.933349609375,395.17462158203125,200.75872802734375,40304.06687915698
3,2024-06-21,2024-06-21 11:00:00,2024-06,11,778.316650390625,460.5960693359375,317.7205810546875,100946.36762572825
3,2024-06-21,2024-06-21 12:00:00,2024-06,12,620.2166748046875,520.1492919921875,100.0673828125,10013.48110294342
3,2024-06-21,2024-06-21 13:00:00,2024-06,13,583.1166381835938,536.045654296875,47.07098388671875,2215.677524063736
3,2024-06-21,2024-06-21 14:00:00,2024-06,14,462.6166687011719,515.8821411132812,53.265472412109375,2837.210551285185
3,2024-06-21,2024-06-21 15:00:00,2024-06,15,351.0666809082031,474.5241394042969,123.45745849609375,15241.74405831471
3,2024-06-21,2024-06-21 16:00:00,2024-06,16,201.21665954589844,487.50030517578125,286.28363037109375,81958.31701845303
3,2024-06-22,2024-06-22 08:00:00,2024-06,8,471.5,221.68148803710938,249.81851196289062,62409.288919352926
3,2024-06-22,2024-06-22 09:00:00,2024-06,9,563.816650390625,211.2861328125,352.530517578125,124277.7658239007
3,2024-06-22,2024-06-22 10:00:00,2024-06,10,570.1500244140625,253.2388916015625,316.9111328125,100432.66610050201
3,2024-06-22,2024-06-22 11:00:00,2024-06,11,725.4000244140625,323.7559814453125,401.64404296875,161317.9372522831
3,2024-06-22,2024-06-22 12:00:00,2024-06,12,745.1666870117188,418.13970947265625,327.0269775390625,106946.64403833449
3,2024-06-22,2024-06-22 13:00:00,2024-06,13,852.75,462.8304443359375,389.9195556640625,152037.25988925993
3,2024-06-22,2024-06-22 14:00:00,2024-06,14,698.9500122070312,495.9573059082031,202.99270629882812,41206.038810522296
3,2024-06-22,2024-06-22 15:00:00,2024-06,15,613.4166870117188,521.7993774414062,91.6173095703125,8393.731412902474
3,2024-06-22,2024-06-22 16:00:00,2024-06,16,198.13333129882812,568.1051025390625,369.9717712402344,136879.11151463632
3,2024-06-23,2024-06-23 08:00:00,2024-06,8,573.0999755859375,156.54031372070312,416.5596618652344,173521.9518932784
3,2024-06-23,2024-06-23 09:00:00,2024-06,9,647.816650390625,188.91671752929688,458.8999328613281,210589.14838013146
3,2024-06-23,2024-06-23 10:00:00,2024-06,10,784.4166870117188,271.5914001464844,512.8253173828125,262989.8061487824
3,2024-06-23,2024-06-23 11:00:00,2024-06,11,876.1864624023438,378.5290222167969,497.6574401855469,247662.92777203117
3,2024-06-23,2024-06-23 12:00:00,2024-06,12,597.2166748046875,520.7333374023438,76.48333740234375,5849.700900200754
3,2024-06-23,2024-06-23 13:00:00,2024-06,13,469.8333435058594,624.4281616210938,154.59481811523438,23899.5577880824
3,2024-06-23,2024-06-23 14:00:00,2024-06,14,449.6833190917969,683.90576171875,234.22244262695312,54860.15263013635
3,2024-06-23,2024-06-23 15:00:00,2024-06,15,363.3833312988281,698.47802734375,335.0946960449219,112288.45531743858
3,2024-06-23,2024-06-23 16:00:00,2024-06,16,230.25,689.5090942382812,459.25909423828125,210918.9156405665
3,2024-06-24,2024-06-24 08:00:00,2024-06,8,480.3500061035156,302.1282653808594,178.22174072265625,31762.98886621371
3,2024-06-24,2024-06-24 09:00:00,2024-06,9,592.2166748046875,340.46881103515625,251.74786376953125,63376.986912522465
3,2024-06-24,2024-06-24 10:00:00,2024-06,10,775.9000244140625,376.07879638671875,399.82122802734375,159857.0143812932
3,2024-06-24,2024-06-24 11:00:00,2024-06,11,937.5166625976562,423.13763427734375,514.3790283203125,264585.78477574885
3,2024-06-24,2024-06-24 12:00:00,2024-06,12,507.4166564941406,462.59136962890625,44.825286865234375,2009.3063425505534
3,2024-06-24,2024-06-24 13:00:00,2024-06,13,440.1166687011719,468.9247131347656,28.80804443359375,829.9034240879118
3,2024-06-24,2024-06-24 14:00:00,2024-06,14,680.5333251953125,447.41082763671875,233.12249755859375,54346.09886795655
3,2024-06-24,2024-06-24 15:00:00,2024-06,15,500.4666748046875,456.9619140625,43.5047607421875,1892.6642072349787
3,2024-06-24,2024-06-24 16:00:00,2024-06,16,102.86666870117188,487.77734375,384.9106750488281,148156.22776654456
3,2024-06-25,2024-06-25 08:00:00,2024-06,8,270.29998779296875,188.19927978515625,82.1007080078125,6740.526255384088
3,2024-06-25,2024-06-25 09:00:00,2024-06,9,282.1166687011719,231.10629272460938,51.0103759765625,2602.0584572702646
3,2024-06-25,2024-06-25 10:00:00,2024-06,10,666.8833618164062,302.1618957519531,364.7214660644531,133021.74780820403
3,2024-06-25,2024-06-25 11:00:00,2024-06,11,613.7666625976562,404.4560852050781,209.31057739257812,43810.91780841444
3,2024-06-25,2024-06-25 12:00:00,2024-06,12,575.25,514.4175415039062,60.83245849609375,3700.5880066789687
3,2024-06-25,2024-06-25 13:00:00,2024-06,13,720.9166870117188,576.1336669921875,144.78302001953125,20962.122885975987
3,2024-06-25,2024-06-25 14:00:00,2024-06,14,421.1666564941406,622.27490234375,201.10824584960938,40444.52654870693
3,2024-06-25,2024-06-25 15:00:00,2024-06,15,379.70001220703125,608.3657836914062,228.665771484375,52288.03504854441
3,2024-06-25,2024-06-25 16:00:00,2024-06,16,212.1999969482422,623.0406494140625,410.84063720703125,168790.02918067947
3,2024-06-26,2024-06-26 08:00:00,2024-06,8,208.10000610351562,254.63265991210938,46.53265380859375,2165.2878704704344
3,2024-06-26,2024-06-26 09:00:00,2024-06,9,229.3333282470703,277.4027099609375,48.06938171386719,2310.665458353469
3,2024-06-26,2024-06-26 10:00:00,2024-06,10,351.2166748046875,325.60626220703125,25.61041259765625,655.89323342219
3,2024-06-26,2024-06-26 11:00:00,2024-06,11,368.1499938964844,376.65484619140625,8.504852294921875,72.33251255843788
3,2024-06-26,2024-06-26 12:00:00,2024-06,12,527.7457885742188,444.7553405761719,82.99044799804688,6887.414458916523
3,2024-06-26,2024-06-26 13:00:00,2024-06,13,375.7833251953125,477.9970397949219,102.21371459960938,10447.643452250399
3,2024-06-26,2024-06-26 14:00:00,2024-06,14,266.1000061035156,479.858642578125,213.75863647460938,45692.7546674842
3,2024-06-26,2024-06-26 15:00:00,2024-06,15,229.1666717529297,477.7716979980469,248.6050262451172,61804.459074335406
3,2024-06-26,2024-06-26 16:00:00,2024-06,16,136.6999969482422,479.9526672363281,343.252685546875,117822.40613514185
3,2024-06-27,2024-06-27 08:00:00,2024-06,8,117.69999694824219,142.44775390625,24.747756958007812,612.4514744526241
3,2024-06-27,2024-06-27 09:00:00,2024-06,9,192.4166717529297,129.6871337890625,62.72953796386719,3934.9949331602547
3,2024-06-27,2024-06-27 10:00:00,2024-06,10,300.8666687011719,159.02227783203125,141.84439086914062,20119.831221037544
3,2024-06-27,2024-06-27 11:00:00,2024-06,11,637.7166748046875,200.55567932128906,437.1610107421875,191109.74931313097
3,2024-06-27,2024-06-27 12:00:00,2024-06,12,742.4833374023438,259.6313781738281,482.8519592285156,233146.01453081612
3,2024-06-27,2024-06-27 13:00:00,2024-06,13,603.3833618164062,290.9455871582031,312.4377746582031,97617.36303337011
3,2024-06-27,2024-06-27 14:00:00,2024-06,14,512.25,307.35211181640625,204.89788818359375,41983.14458209649
3,2024-06-27,2024-06-27 15:00:00,2024-06,15,533.2000122070312,317.690673828125,215.50933837890625,46444.274928513914
3,2024-06-27,2024-06-27 16:00:00,2024-06,16,210.76666259765625,347.0470886230469,136.28042602539062,18572.354517661966
3,2024-06-28,2024-06-28 08:00:00,2024-06,8,491.2833251953125,238.30685424804688,252.97647094726562,63997.09485293273
3,2024-06-28,2024-06-28 09:00:00,2024-06,9,683.316650390625,210.64414978027344,472.6724853515625,223419.27840842307
3,2024-06-28,2024-06-28 10:00:00,2024-06,10,816.25,224.57579040527344,591.6741943359375,350078.35224308074
3,2024-06-28,2024-06-28 11:00:00,2024-06,11,956.7833251953125,264.54205322265625,692.2412719726562,479197.97862232104
3,2024-06-28,2024-06-28 12:00:00,2024-06,12,862.933349609375,345.3341064453125,517.5992431640625,267908.9765240103
3,2024-06-28,2024-06-28 13:00:00,2024-06,13,667.8333129882812,388.506103515625,279.32720947265625,78023.68995178118
3,2024-06-28,2024-06-28 14:00:00,2024-06,14,656.8333129882812,407.0274963378906,249.80581665039062,62402.94603236858
3,2024-06-28,2024-06-28 15:00:00,2024-06,15,613.7166748046875,391.9545593261719,221.76211547851562,49178.4358615065
3,2024-06-28,2024-06-28 16:00:00,2024-06,16,455.76666259765625,378.63128662109375,77.1353759765625,5949.866227045655
3,2024-06-29,2024-06-29 08:00:00,2024-06,8,471.95001220703125,519.7334594726562,47.783447265625,2283.2578325867653
3,2024-06-29,2024-06-29 09:00:00,2024-06,9,659.5999755859375,493.5206604003906,166.07931518554688,27582.33893250022
3,2024-06-29,2024-06-29 10:00:00,2024-06,10,843.2999877929688,480.50531005859375,362.794677734375,131619.978192389
3,2024-06-29,2024-06-29 11:00:00,2024-06,11,786.9833374023438,491.8053894042969,295.1779479980469,87130.02098433767
3,2024-06-29,2024-06-29 12:00:00,2024-06,12,784.1500244140625,511.18798828125,272.9620361328125,74508.27316977084
3,2024-06-29,2024-06-29 13:00:00,2024-06,13,641.183349609375,518.0409545898438,123.14239501953125,15164.049451146275
3,2024-06-29,2024-06-29 14:00:00,2024-06,14,820.9833374023438,515.231201171875,305.75213623046875,93484.36880949512
3,2024-06-29,2024-06-29 15:00:00,2024-06,15,363.0666809082031,504.2470397949219,141.18035888671875,19931.893735382706
3,2024-06-29,2024-06-29 16:00:00,2024-06,16,152.26666259765625,499.0022888183594,346.7356262207031,120225.59449066315
3,2024-06-30,2024-06-30 08:00:00,2024-06,8,487.6000061035156,159.24514770507812,328.3548583984375,107816.91303385794
3,2024-06-30,2024-06-30 09:00:00,2024-06,9,679.4500122070312,186.09625244140625,493.353759765625,243397.93227487803
3,2024-06-30,2024-06-30 10:00:00,2024-06,10,864.3833618164062,260.6364440917969,603.7469482421875,364510.37751175463
3,2024-06-30,2024-06-30 11:00:00,2024-06,11,838.7000122070312,366.60906982421875,472.0909423828125,222869.857879892
3,2024-06-30,2024-06-30 12:00:00,2024-06,12,654.316650390625,503.5125427246094,150.80410766601562,22741.878888943233
3,2024-06-30,2024-06-30 13:00:00,2024-06,13,534.1500244140625,568.3831176757812,34.23309326171875,1171.9046742655337
3,2024-06-30,2024-06-30 14:00:00,2024-06,14,423.45001220703125,602.4513549804688,179.0013427734375,32041.480714693666
3,2024-06-30,2024-06-30 15:00:00,2024-06,15,444.48333740234375,586.0850830078125,141.60174560546875,20051.05435851589
3,2024-06-30,2024-06-30 16:00:00,2024-06,16,85.66666412353516,593.9127197265625,508.2460632324219,258314.06079125497
3,2024-07-01,2024-07-01 08:00:00,2024-07,8,442.0333251953125,126.71896362304688,315.3143615722656,99423.14661372546
3,2024-07-01,2024-07-01 09:00:00,2024-07,9,539.4000244140625,234.8941650390625,304.505859375,92723.81839370728
3,2024-07-01,2024-07-01 10:00:00,2024-07,10,747.4833374023438,309.0066223144531,438.4767150878906,192261.8296742672
3,2024-07-01,2024-07-01 11:00:00,2024-07,11,782.0999755859375,381.64361572265625,400.45635986328125,160365.2961549498
3,2024-07-01,2024-07-01 12:00:00,2024-07,12,820.7333374023438,435.5015869140625,385.23175048828125,148403.50158426538
3,2024-07-01,2024-07-01 13:00:00,2024-07,13,663.5166625976562,449.1717529296875,214.34490966796875,45943.74030056968
3,2024-07-01,2024-07-01 14:00:00,2024-07,14,559.1666870117188,455.14727783203125,104.0194091796875,10820.037486091256
3,2024-07-01,2024-07-01 15:00:00,2024-07,15,391.8833312988281,451.45526123046875,59.571929931640625,3548.8148357803
3,2024-07-01,2024-07-01 16:00:00,2024-07,16,237.23333740234375,482.8736572265625,245.64031982421875,60339.166723344475
3,2024-07-02,2024-07-02 08:00:00,2024-07,8,474.3166809082031,259.8150634765625,214.50161743164062,46010.94388078991
3,2024-07-02,2024-07-02 09:00:00,2024-07,9,692.816650390625,279.0832824707031,413.7333679199219,171175.29973036144
3,2024-07-02,2024-07-02 10:00:00,2024-07,10,838.8499755859375,334.0616760253906,504.7882995605469,254811.2273732284
3,2024-07-02,2024-07-02 11:00:00,2024-07,11,831.1333618164062,386.7410888671875,444.39227294921875,197484.49225697294
3,2024-07-02,2024-07-02 12:00:00,2024-07,12,761.3666381835938,443.6629638671875,317.70367431640625,100935.62467414513
3,2024-07-02,2024-07-02 13:00:00,2024-07,13,579.2333374023438,468.9890441894531,110.24429321289062,12153.804186009802
3,2024-07-02,2024-07-02 14:00:00,2024-07,14,362.76666259765625,475.76251220703125,112.995849609375,12768.062028944492
3,2024-07-02,2024-07-02 15:00:00,2024-07,15,283.1833190917969,482.8019104003906,199.61859130859375,39847.58199602738
3,2024-07-02,2024-07-02 16:00:00,2024-07,16,260.3333435058594,494.2630920410156,233.92974853515625,54723.12724972144
3,2024-07-03,2024-07-03 08:00:00,2024-07,8,376.1000061035156,304.71295166015625,71.38705444335938,5096.1115420991555
3,2024-07-03,2024-07-03 09:00:00,2024-07,9,643.316650390625,351.74267578125,291.573974609375,85015.38266950846
3,2024-07-03,2024-07-03 10:00:00,2024-07,10,778.5,385.45050048828125,393.04949951171875,154487.9090664126
3,2024-07-03,2024-07-03 11:00:00,2024-07,11,802.433349609375,416.94598388671875,385.48736572265625,148600.50913179293
3,2024-07-03,2024-07-03 12:00:00,2024-07,12,658.2999877929688,412.48828125,245.81170654296875,60423.395073566586
3,2024-07-03,2024-07-03 13:00:00,2024-07,13,388.3833312988281,336.76385498046875,51.619476318359375,2664.5703353816643
3,2024-07-03,2024-07-03 14:00:00,2024-07,14,591.8666381835938,279.6493225097656,312.2173156738281,97479.65220657084
3,2024-07-03,2024-07-03 15:00:00,2024-07,15,601.2833251953125,270.0281066894531,331.2552185058594,109730.01978736464
3,2024-07-03,2024-07-03 16:00:00,2024-07,16,413.29998779296875,306.33599853515625,106.9639892578125,11441.294997945428
3,2024-07-04,2024-07-04 08:00:00,2024-07,8,324.6499938964844,469.55853271484375,144.90853881835938,20998.484622471966
3,2024-07-04,2024-07-04 09:00:00,2024-07,9,625.6333618164062,462.76751708984375,162.8658447265625,26525.283378496766
3,2024-07-04,2024-07-04 10:00:00,2024-07,10,774.7833251953125,449.5302429199219,325.2530822753906,105789.56752964202
3,2024-07-04,2024-07-04 11:00:00,2024-07,11,860.3333129882812,461.809814453125,398.52349853515625,158820.9788847007
3,2024-07-04,2024-07-04 12:00:00,2024-07,12,784.2833251953125,491.45843505859375,292.82489013671875,85746.4162835814
3,2024-07-04,2024-07-04 13:00:00,2024-07,13,468.51666259765625,503.0621337890625,34.54547119140625,1193.3895798362792
3,2024-07-04,2024-07-04 14:00:00,2024-07,14,333.3666687011719,519.9066772460938,186.54000854492188,34797.174787939526
3,2024-07-04,2024-07-04 15:00:00,2024-07,15,342.04998779296875,522.2825927734375,180.23260498046875,32483.79189804569
3,2024-07-04,2024-07-04 16:00:00,2024-07,16,250.51666259765625,541.6942138671875,291.17755126953125,84784.3663633205
3,2024-07-05,2024-07-05 08:00:00,2024-07,8,428.20001220703125,278.9729919433594,149.22702026367188,22268.703576774336
3,2024-07-05,2024-07-05 09:00:00,2024-07,9,665.5499877929688,329.66107177734375,335.888916015625,112821.36390215158
3,2024-07-05,2024-07-05 10:00:00,2024-07,10,763.0338745117188,364.86309814453125,398.1707763671875,158539.96715284884
3,2024-07-05,2024-07-05 11:00:00,2024-07,11,737.7333374023438,406.8153076171875,330.91802978515625,109506.74243688956
3,2024-07-05,2024-07-05 12:00:00,2024-07,12,828.2833251953125,430.53033447265625,397.75299072265625,158207.44162881747
3,2024-07-05,2024-07-05 13:00:00,2024-07,13,475.95001220703125,417.92755126953125,58.0224609375,3366.6059732437134
3,2024-07-05,2024-07-05 14:00:00,2024-07,14,81.98332977294922,409.3968200683594,327.4134826660156,107199.58863148931
3,2024-07-05,2024-07-05 15:00:00,2024-07,15,72.06666564941406,367.0048828125,294.938232421875,86988.56094413996
3,2024-07-05,2024-07-05 16:00:00,2024-07,16,210.53334045410156,370.4674072265625,159.93406677246094,25578.905714377994
3,2024-07-06,2024-07-06 08:00:00,2024-07,8,431.5,269.2745666503906,162.22543334960938,26317.091225468554
3,2024-07-06,2024-07-06 09:00:00,2024-07,9,715.0999755859375,366.4324951171875,348.66748046875,121569.01193642616
3,2024-07-06,2024-07-06 10:00:00,2024-07,10,867.9500122070312,409.7762451171875,458.17376708984375,209923.2008492984
3,2024-07-06,2024-07-06 11:00:00,2024-07,11,564.25,439.26287841796875,124.98712158203125,15621.780561361462
3,2024-07-06,2024-07-06 12:00:00,2024-07,12,377.7833251953125,414.10113525390625,36.31781005859375,1318.9833274520934
3,2024-07-06,2024-07-06 13:00:00,2024-07,13,361.0,330.84637451171875,30.15362548828125,909.2411300875247
3,2024-07-06,2024-07-06 14:00:00,2024-07,14,344.76666259765625,251.74151611328125,93.025146484375,8653.677878439426
3,2024-07-06,2024-07-06 15:00:00,2024-07,15,367.7166748046875,236.41549682617188,131.30117797851562,17239.999338545837
3,2024-07-06,2024-07-06 16:00:00,2024-07,16,316.04998779296875,255.52154541015625,60.5284423828125,3663.6923372894526
3,2024-07-07,2024-07-07 08:00:00,2024-07,8,388.76666259765625,329.60028076171875,59.1663818359375,3500.660739555955
3,2024-07-07,2024-07-07 09:00:00,2024-07,9,557.9166870117188,305.10614013671875,252.810546875,63913.17261123657
3,2024-07-07,2024-07-07 10:00:00,2024-07,10,842.6500244140625,293.3560791015625,549.2939453125,301723.83835697174
3,2024-07-07,2024-07-07 11:00:00,2024-07,11,827.5166625976562,282.4796142578125,545.0370483398438,297065.3840630092
3,2024-07-07,2024-07-07 12:00:00,2024-07,12,769.6333618164062,280.4677429199219,489.1656188964844,239283.0027103806
3,2024-07-07,2024-07-07 13:00:00,2024-07,13,867.6166381835938,276.4881896972656,591.12841796875,349432.8065302372
3,2024-07-07,2024-07-07 14:00:00,2024-07,14,464.1499938964844,284.02716064453125,180.12283325195312,32444.23505871091
3,2024-07-07,2024-07-07 15:00:00,2024-07,15,555.933349609375,313.45355224609375,242.47979736328125,58796.45212933794
3,2024-07-07,2024-07-07 16:00:00,2024-07,16,291.95001220703125,354.18511962890625,62.235107421875,3873.2085958123207
3,2024-07-08,2024-07-08 08:00:00,2024-07,8,425.7166748046875,313.5235290527344,112.19314575195312,12587.301953718998
3,2024-07-08,2024-07-08 09:00:00,2024-07,9,672.9833374023438,285.25714111328125,387.7261962890625,150331.60328878462
3,2024-07-08,2024-07-08 10:00:00,2024-07,10,827.9666748046875,323.52081298828125,504.44586181640625,254465.62750369683
3,2024-07-08,2024-07-08 11:00:00,2024-07,11,768.6500244140625,375.0494689941406,393.6005554199219,154921.397226871
3,2024-07-08,2024-07-08 12:00:00,2024-07,12,885.5166625976562,468.3301086425781,417.1865539550781,174044.6208009133
3,2024-07-08,2024-07-08 13:00:00,2024-07,13,683.816650390625,541.7677612304688,142.04888916015625,20177.886911634356
3,2024-07-08,2024-07-08 14:00:00,2024-07,14,453.3500061035156,552.8783569335938,99.52835083007812,9905.892618955113
3,2024-07-08,2024-07-08 15:00:00,2024-07,15,354.45001220703125,514.80810546875,160.35809326171875,25714.71807453409
3,2024-07-08,2024-07-08 16:00:00,2024-07,16,342.9333190917969,484.5206604003906,141.58734130859375,20046.975218836218
3,2024-07-09,2024-07-09 08:00:00,2024-07,8,256.1333312988281,371.7323913574219,115.59906005859375,13363.142686430365
3,2024-07-09,2024-07-09 09:00:00,2024-07,9,595.0333251953125,394.5410461425781,200.49227905273438,40197.15395975951
3,2024-07-09,2024-07-09 10:00:00,2024-07,10,758.933349609375,435.8919372558594,323.0414123535156,104355.75409535412
3,2024-07-09,2024-07-09 11:00:00,2024-07,11,699.3333129882812,454.9776611328125,244.35565185546875,59709.68459371105
3,2024-07-09,2024-07-09 12:00:00,2024-07,12,783.3833618164062,455.7003173828125,327.68304443359375,107376.17760926858
3,2024-07-09,2024-07-09 13:00:00,2024-07,13,895.5833129882812,429.9811706542969,465.6021423339844,216785.35494599584
3,2024-07-09,2024-07-09 14:00:00,2024-07,14,569.7333374023438,380.009033203125,189.72430419921875,35995.31160387769
3,2024-07-09,2024-07-09 15:00:00,2024-07,15,364.5762634277344,393.3907775878906,28.81451416015625,830.276226285845
3,2024-07-09,2024-07-09 16:00:00,2024-07,16,430.0666809082031,428.0982971191406,1.9683837890625,3.8745347410440445
3,2024-07-10,2024-07-10 08:00:00,2024-07,8,464.3333435058594,529.6047973632812,65.27145385742188,4260.362688661553
3,2024-07-10,2024-07-10 09:00:00,2024-07,9,589.3666381835938,568.469482421875,20.89715576171875,436.69111892953515
3,2024-07-10,2024-07-10 10:00:00,2024-07,10,711.7166748046875,619.2291870117188,92.48748779296875,8553.935398254544
3,2024-07-10,2024-07-10 11:00:00,2024-07,11,894.0,659.5579833984375,234.4420166015625,54963.05914820731
3,2024-07-10,2024-07-10 12:00:00,2024-07,12,861.7666625976562,679.6011962890625,182.16546630859375,33184.257115427405
3,2024-07-10,2024-07-10 13:00:00,2024-07,13,906.7666625976562,656.3291015625,250.43756103515625,62718.97197723761
3,2024-07-10,2024-07-10 14:00:00,2024-07,14,754.7166748046875,626.3519287109375,128.36474609375,16477.508039712906
3,2024-07-10,2024-07-10 15:00:00,2024-07,15,620.7000122070312,624.21826171875,3.51824951171875,12.378079626709223
3,2024-07-10,2024-07-10 16:00:00,2024-07,16,440.29998779296875,632.6002807617188,192.30029296875,36979.40267586708
3,2024-07-11,2024-07-11 08:00:00,2024-07,8,487.29998779296875,458.7432861328125,28.55670166015625,815.4852097071707
3,2024-07-11,2024-07-11 09:00:00,2024-07,9,688.7999877929688,439.63287353515625,249.1671142578125,62084.25082756579
3,2024-07-11,2024-07-11 10:00:00,2024-07,10,849.4666748046875,480.47393798828125,368.99273681640625,136155.63982326165
3,2024-07-11,2024-07-11 11:00:00,2024-07,11,925.8333129882812,535.8406982421875,389.99261474609375,152094.2395564951
3,2024-07-11,2024-07-11 12:00:00,2024-07,12,957.183349609375,635.970458984375,321.212890625,103177.72110366821
3,2024-07-11,2024-07-11 13:00:00,2024-07,13,713.2166748046875,696.5240478515625,16.692626953125,278.6437945961952
3,2024-07-11,2024-07-11 14:00:00,2024-07,14,557.4833374023438,704.68994140625,147.20660400390625,21669.784262362868
3,2024-07-11,2024-07-11 15:00:00,2024-07,15,178.5833282470703,689.9747924804688,511.3914794921875,261521.24529720843
3,2024-07-11,2024-07-11 16:00:00,2024-07,16,93.88333129882812,702.4471435546875,608.5638427734375,370349.95073117316
3,2024-07-12,2024-07-12 08:00:00,2024-07,8,482.3333435058594,48.1629638671875,434.1703796386719,188503.91855558846
3,2024-07-12,2024-07-12 09:00:00,2024-07,9,690.2166748046875,103.14599609375,587.0706787109375,344651.9818021208
3,2024-07-12,2024-07-12 10:00:00,2024-07,10,852.6500244140625,205.56439208984375,647.0856323242188,418719.815560434
3,2024-07-12,2024-07-12 11:00:00,2024-07,11,940.7000122070312,304.3908386230469,636.3092041015625,404889.4032243639
3,2024-07-12,2024-07-12 12:00:00,2024-07,12,789.3666381835938,399.6340637207031,389.7325744628906,151891.4795974726
3,2024-07-12,2024-07-12 13:00:00,2024-07,13,460.20001220703125,436.8858642578125,23.31414794921875,543.5494945980608
3,2024-07-12,2024-07-12 14:00:00,2024-07,14,435.6000061035156,429.5530090332031,6.0469970703125,36.56617356836796
3,2024-07-12,2024-07-12 15:00:00,2024-07,15,103.13333129882812,447.34893798828125,344.2156066894531,118484.38388858829
3,2024-07-12,2024-07-12 16:00:00,2024-07,16,83.76667022705078,493.4412536621094,409.6745910644531,167833.2705638269
3,2024-07-13,2024-07-13 08:00:00,2024-07,8,323.2833251953125,142.62353515625,180.6597900390625,32637.959736958146
3,2024-07-13,2024-07-13 09:00:00,2024-07,9,473.54998779296875,231.99307250976562,241.55691528320312,58349.74332113657
3,2024-07-13,2024-07-13 10:00:00,2024-07,10,336.5833435058594,325.53192138671875,11.051422119140625,122.13393085543066
3,2024-07-13,2024-07-13 11:00:00,2024-07,11,484.8166809082031,375.723388671875,109.09329223632812,11901.34641096089
3,2024-07-13,2024-07-13 12:00:00,2024-07,12,281.6833190917969,391.97607421875,110.29275512695312,12164.491833494045
3,2024-07-13,2024-07-13 13:00:00,2024-07,13,304.1333312988281,366.74481201171875,62.611480712890625,3920.1975170606747
3,2024-07-13,2024-07-13 14:00:00,2024-07,14,193.9166717529297,348.8868713378906,154.97019958496094,24015.762759402627
3,2024-07-13,2024-07-13 15:00:00,2024-07,15,101.13333129882812,387.722412109375,286.5890808105469,82133.30123983417
3,2024-07-13,2024-07-13 16:00:00,2024-07,16,75.43333435058594,465.150146484375,389.716796875,151879.18176651
3,2024-07-14,2024-07-14 08:00:00,2024-07,8,364.3666687011719,83.91998291015625,280.4466857910156,78650.34357116465
3,2024-07-14,2024-07-14 09:00:00,2024-07,9,422.8166809082031,85.1988525390625,337.6178283691406,113985.7980326945
3,2024-07-14,2024-07-14 10:00:00,2024-07,10,550.8833618164062,127.4844970703125,423.39886474609375,179266.598668281
3,2024-07-14,2024-07-14 11:00:00,2024-07,11,609.9833374023438,139.03384399414062,470.9494934082031,221793.42534144316
3,2024-07-14,2024-07-14 12:00:00,2024-07,12,754.4500122070312,160.67672729492188,593.7733154296875,352566.75011636317
3,2024-07-14,2024-07-14 13:00:00,2024-07,13,704.8833618164062,168.12112426757812,536.76220703125,288113.6668970585
3,2024-07-14,2024-07-14 14:00:00,2024-07,14,455.01666259765625,192.7352294921875,262.28143310546875,68791.55015185848
3,2024-07-14,2024-07-14 15:00:00,2024-07,15,340.3166809082031,244.9886474609375,95.32803344726562,9087.433960922994
3,2024-07-14,2024-07-14 16:00:00,2024-07,16,407.3500061035156,323.5806884765625,83.76931762695312,7017.2985756853595
3,2024-07-15,2024-07-15 08:00:00,2024-07,8,282.2833251953125,433.3932800292969,151.10995483398438,22834.218449928798
3,2024-07-15,2024-07-15 09:00:00,2024-07,9,557.0499877929688,435.2841491699219,121.76583862304688,14826.919455573894
3,2024-07-15,2024-07-15 10:00:00,2024-07,10,578.4166870117188,464.77099609375,113.64569091796875,12915.343064222485
3,2024-07-15,2024-07-15 11:00:00,2024-07,11,533.933349609375,470.6183776855469,63.314971923828125,4008.7856697151437
3,2024-07-15,2024-07-15 12:00:00,2024-07,12,496.8333435058594,496.11865234375,0.714691162109375,0.5107834571972489
3,2024-07-15,2024-07-15 13:00:00,2024-07,13,555.5,503.0862121582031,52.413787841796875,2747.205155924894
3,2024-07-15,2024-07-15 14:00:00,2024-07,14,382.8999938964844,492.28515625,109.38516235351562,11965.113743104972
3,2024-07-15,2024-07-15 15:00:00,2024-07,15,143.28334045410156,490.7478942871094,347.46453857421875,120731.60556659475
3,2024-07-15,2024-07-15 16:00:00,2024-07,16,187.88333129882812,494.7661437988281,306.8828125,94177.06060791016
3,2024-07-16,2024-07-16 08:00:00,2024-07,8,312.0666809082031,226.70376586914062,85.3629150390625,7286.827263966203
3,2024-07-16,2024-07-16 09:00:00,2024-07,9,399.3999938964844,245.7637481689453,153.63624572753906,23604.096001252765
3,2024-07-16,2024-07-16 10:00:00,2024-07,10,548.6333618164062,284.94476318359375,263.6885986328125,69531.67704893649
3,2024-07-16,2024-07-16 11:00:00,2024-07,11,461.6499938964844,317.18463134765625,144.46536254882812,20870.24097636435
3,2024-07-16,2024-07-16 12:00:00,2024-07,12,473.73333740234375,358.3870544433594,115.34628295898438,13304.76499245409
3,2024-07-16,2024-07-16 13:00:00,2024-07,13,469.0,371.469482421875,97.530517578125,9512.20185905695
3,2024-07-16,2024-07-16 14:00:00,2024-07,14,239.26666259765625,367.90838623046875,128.6417236328125,16548.69305922091
3,2024-07-16,2024-07-16 15:00:00,2024-07,15,171.01666259765625,385.3251953125,214.30853271484375,45928.147194389254
3,2024-07-16,2024-07-16 16:00:00,2024-07,16,145.31666564941406,409.66790771484375,264.35125732421875,69881.58724889532
3,2024-07-17,2024-07-17 08:00:00,2024-07,8,516.066650390625,162.17108154296875,353.89556884765625,125242.0736500062
3,2024-07-17,2024-07-17 09:00:00,2024-07,9,451.1499938964844,182.52940368652344,268.62060546875,72157.02968239784
3,2024-07-17,2024-07-17 10:00:00,2024-07,10,389.9333190917969,231.19735717773438,158.7359619140625,25197.1056047827
3,2024-07-17,2024-07-17 11:00:00,2024-07,11,292.76666259765625,262.1575927734375,30.60906982421875,936.9151555038989
3,2024-07-17,2024-07-17 12:00:00,2024-07,12,320.1499938964844,292.44091796875,27.709075927734375,767.7928887689486
3,2024-07-17,2024-07-17 13:00:00,2024-07,13,535.0,302.0733337402344,232.92666625976562,54254.83185488824
3,2024-07-17,2024-07-17 14:00:00,2024-07,14,808.75,296.4534912109375,512.2965087890625,262447.712917462
3,2024-07-17,2024-07-17 15:00:00,2024-07,15,227.1666717529297,311.46588134765625,84.29920959472656,7106.356738295639
3,2024-07-17,2024-07-17 16:00:00,2024-07,16,119.98332977294922,339.8983154296875,219.91497802734375,48362.597560767084
3,2024-07-18,2024-07-18 08:00:00,2024-07,8,280.9166564941406,180.0133514404297,100.90330505371094,10181.476970762247
3,2024-07-18,2024-07-18 09:00:00,2024-07,9,230.93333435058594,198.33578491210938,32.59754943847656,1062.6002293939237
3,2024-07-18,2024-07-18 10:00:00,2024-07,10,423.5333251953125,247.20814514160156,176.32518005371094,31090.56912097358
3,2024-07-18,2024-07-18 11:00:00,2024-07,11,585.8333129882812,294.84515380859375,290.9881591796875,84674.10878278315
3,2024-07-18,2024-07-18 12:00:00,2024-07,12,599.5333251953125,367.3893127441406,232.14401245117188,53890.84251692984
3,2024-07-18,2024-07-18 13:00:00,2024-07,13,782.1666870117188,434.8865966796875,347.28009033203125,120603.46114102378
3,2024-07-18,2024-07-18 14:00:00,2024-07,14,479.7833251953125,489.64801025390625,9.86468505859375,97.31201130524278
3,2024-07-18,2024-07-18 15:00:00,2024-07,15,441.48333740234375,525.2332763671875,83.74993896484375,7014.052276615053
3,2024-07-18,2024-07-18 16:00:00,2024-07,16,162.73333740234375,541.7841796875,379.05084228515625,143679.5410370864
3,2024-07-19,2024-07-19 08:00:00,2024-07,8,413.8500061035156,239.94395446777344,173.9060516357422,30243.314795533428
3,2024-07-19,2024-07-19 09:00:00,2024-07,9,581.7000122070312,266.6239929199219,315.0760192871094,99272.89792981092
3,2024-07-19,2024-07-19 10:00:00,2024-07,10,769.2166748046875,321.2987365722656,447.9179382324219,200630.4793903837
3,2024-07-19,2024-07-19 11:00:00,2024-07,11,712.3833618164062,377.289794921875,335.09356689453125,112287.69857409969
3,2024-07-19,2024-07-19 12:00:00,2024-07,12,536.1500244140625,446.5018005371094,89.64822387695312,8036.804044292308
3,2024-07-19,2024-07-19 13:00:00,2024-07,13,487.1166687011719,507.48175048828125,20.365081787109375,414.736556195654
3,2024-07-19,2024-07-19 14:00:00,2024-07,14,522.3666381835938,530.5324096679688,8.165771484375,66.67982393503189
3,2024-07-19,2024-07-19 15:00:00,2024-07,15,397.6833190917969,541.699462890625,144.01614379882812,20740.64967468474
3,2024-07-19,2024-07-19 16:00:00,2024-07,16,225.35000610351562,541.0577392578125,315.7077331542969,99671.37277342472
3,2024-07-20,2024-07-20 08:00:00,2024-07,8,344.0,315.4380187988281,28.561981201171875,815.7867701360956
3,2024-07-20,2024-07-20 09:00:00,2024-07,9,703.0333251953125,327.1880798339844,375.8452453613281,141259.64846071694
3,2024-07-20,2024-07-20 10:00:00,2024-07,10,680.3499755859375,366.95562744140625,313.39434814453125,98216.01744893566
3,2024-07-20,2024-07-20 11:00:00,2024-07,11,850.7333374023438,413.6847839355469,437.0485534667969,191011.4380874196
3,2024-07-20,2024-07-20 12:00:00,2024-07,12,808.7333374023438,461.1280212402344,347.6053161621094,120829.45582416002
3,2024-07-20,2024-07-20 13:00:00,2024-07,13,522.75,493.8061828613281,28.943817138671875,837.7445505568758
3,2024-07-20,2024-07-20 14:00:00,2024-07,14,479.8999938964844,504.24554443359375,24.345550537109375,592.7058309549466
3,2024-07-20,2024-07-20 15:00:00,2024-07,15,357.23333740234375,530.2229614257812,172.9896240234375,29925.410019770265
3,2024-07-20,2024-07-20 16:00:00,2024-07,16,288.8833312988281,554.9878540039062,266.1045227050781,70811.61700409744
3,2024-07-21,2024-07-21 08:00:00,2024-07,8,289.0333251953125,324.7802734375,35.7469482421875,1277.844308629632
3,2024-07-21,2024-07-21 09:00:00,2024-07,9,415.1833190917969,335.8481140136719,79.335205078125,6294.074764788151
3,2024-07-21,2024-07-21 10:00:00,2024-07,10,617.4833374023438,383.9931640625,233.49017333984375,54517.66104627028
3,2024-07-21,2024-07-21 11:00:00,2024-07,11,742.8333129882812,428.4407958984375,314.39251708984375,98842.6548020877
3,2024-07-21,2024-07-21 12:00:00,2024-07,12,890.7833251953125,475.8601989746094,414.9231262207031,172161.20067276154
3,2024-07-21,2024-07-21 13:00:00,2024-07,13,519.3499755859375,499.4326171875,19.9173583984375,396.7011655718088
3,2024-07-21,2024-07-21 14:00:00,2024-07,14,369.70001220703125,492.9222717285156,123.22225952148438,15183.725241580047
3,2024-07-21,2024-07-21 15:00:00,2024-07,15,337.9333190917969,503.0324401855469,165.09912109375,27257.719785928726
3,2024-07-21,2024-07-21 16:00:00,2024-07,16,272.76666259765625,514.2949829101562,241.5283203125,58335.9295129776
3,2024-07-22,2024-07-22 08:00:00,2024-07,8,303.6833190917969,290.42608642578125,13.257232666015625,175.75421796087176
3,2024-07-22,2024-07-22 09:00:00,2024-07,9,538.1333618164062,313.7134094238281,224.41995239257812,50364.31503188703
3,2024-07-22,2024-07-22 10:00:00,2024-07,10,659.1500244140625,371.58026123046875,287.56976318359375,82696.36869746819
3,2024-07-22,2024-07-22 11:00:00,2024-07,11,401.4666748046875,419.3057861328125,17.839111328125,318.2338929772377
3,2024-07-22,2024-07-22 12:00:00,2024-07,12,579.7999877929688,453.2764892578125,126.52349853515625,16008.195681575686
3,2024-07-22,2024-07-22 13:00:00,2024-07,13,364.3500061035156,460.02655029296875,95.67654418945312,9154.001108036377
3,2024-07-22,2024-07-22 14:00:00,2024-07,14,212.28334045410156,451.02081298828125,238.7374725341797,56995.5807920082
3,2024-07-22,2024-07-22 15:00:00,2024-07,15,177.39999389648438,471.9959411621094,294.595947265625,86786.7721453309
3,2024-07-22,2024-07-22 16:00:00,2024-07,16,308.01666259765625,500.5352478027344,192.51858520507812,37063.405649364926
3,2024-07-23,2024-07-23 08:00:00,2024-07,8,421.98333740234375,337.72491455078125,84.2584228515625,7099.48182143271
3,2024-07-23,2024-07-23 09:00:00,2024-07,9,672.933349609375,351.83099365234375,321.10235595703125,103106.723001156
3,2024-07-23,2024-07-23 10:00:00,2024-07,10,354.20001220703125,379.49896240234375,25.2989501953125,640.0368809849024
3,2024-07-23,2024-07-23 11:00:00,2024-07,11,377.5666809082031,401.01324462890625,23.446563720703125,549.741350308992
3,2024-07-23,2024-07-23 12:00:00,2024-07,12,450.5666809082031,383.45355224609375,67.11312866210938,4504.172038816847
3,2024-07-23,2024-07-23 13:00:00,2024-07,13,746.4500122070312,389.6239318847656,356.8260803222656,127324.85159815196
3,2024-07-23,2024-07-23 14:00:00,2024-07,14,489.20001220703125,417.71844482421875,71.4815673828125,5109.614475503564
3,2024-07-23,2024-07-23 15:00:00,2024-07,15,353.3166809082031,453.43255615234375,100.11587524414062,10023.18847590033
3,2024-07-23,2024-07-23 16:00:00,2024-07,16,342.3666687011719,461.727783203125,119.36111450195312,14247.075655148365
3,2024-07-24,2024-07-24 08:00:00,2024-07,8,425.2833251953125,392.42059326171875,32.86273193359375,1079.9591501392424
3,2024-07-24,2024-07-24 09:00:00,2024-07,9,650.5,397.3177185058594,253.18228149414062,64101.26766257826
3,2024-07-24,2024-07-24 10:00:00,2024-07,10,825.3333129882812,422.6734924316406,402.6598205566406,162134.93109070603
3,2024-07-24,2024-07-24 11:00:00,2024-07,11,932.2999877929688,449.2916564941406,483.0083312988281,233297.0481040785
3,2024-07-24,2024-07-24 12:00:00,2024-07,12,564.3666381835938,501.25115966796875,63.115478515625,3983.563628256321
3,2024-07-24,2024-07-24 13:00:00,2024-07,13,947.9666748046875,535.5299072265625,412.436767578125,170104.0872502923
3,2024-07-24,2024-07-24 14:00:00,2024-07,14,673.316650390625,559.888916015625,113.427734375,12865.850925445557
3,2024-07-24,2024-07-24 15:00:00,2024-07,15,565.066650390625,573.1441040039062,8.07745361328125,65.24525687471032
3,2024-07-24,2024-07-24 16:00:00,2024-07,16,292.4333190917969,581.8522338867188,289.4189147949219,83763.30824107025
3,2024-07-25,2024-07-25 08:00:00,2024-07,8,459.3666687011719,360.8922119140625,98.47445678710938,9697.218639516272
3,2024-07-25,2024-07-25 09:00:00,2024-07,9,620.3666381835938,364.15216064453125,256.2144775390625,65645.85850061476
3,2024-07-25,2024-07-25 10:00:00,2024-07,10,637.566650390625,388.63360595703125,248.93304443359375,61967.66061097756
3,2024-07-25,2024-07-25 11:00:00,2024-07,11,532.9666748046875,414.55767822265625,118.40899658203125,14020.690471563488
3,2024-07-25,2024-07-25 12:00:00,2024-07,12,776.5,460.4876708984375,316.0123291015625,99863.79214419425
3,2024-07-25,2024-07-25 13:00:00,2024-07,13,752.683349609375,501.35894775390625,251.32440185546875,63163.954968009144
3,2024-07-25,2024-07-25 14:00:00,2024-07,14,379.4166564941406,524.7384033203125,145.32174682617188,21118.410100609995
3,2024-07-25,2024-07-25 15:00:00,2024-07,15,357.8666687011719,543.9404296875,186.07376098632812,34623.44452759717
3,2024-07-25,2024-07-25 16:00:00,2024-07,16,233.93333435058594,551.6064453125,317.673095703125,100916.19573360682
3,2024-07-26,2024-07-26 08:00:00,2024-07,8,313.3333435058594,284.751953125,28.581390380859375,816.8958761030808
3,2024-07-26,2024-07-26 09:00:00,2024-07,9,621.75,305.4661560058594,316.2838439941406,100035.46997170988
3,2024-07-26,2024-07-26 10:00:00,2024-07,10,746.4000244140625,368.552490234375,377.8475341796875,142768.7590856701
3,2024-07-26,2024-07-26 11:00:00,2024-07,11,789.4666748046875,420.55572509765625,368.91094970703125,136095.28881374374
3,2024-07-26,2024-07-26 12:00:00,2024-07,12,681.3499755859375,461.47967529296875,219.87030029296875,48342.948950920254
3,2024-07-26,2024-07-26 13:00:00,2024-07,13,719.2666625976562,489.9988708496094,229.26779174804688,52563.72033302579
3,2024-07-26,2024-07-26 14:00:00,2024-07,14,700.6666870117188,485.02545166015625,215.6412353515625,46501.14238394797
3,2024-07-26,2024-07-26 15:00:00,2024-07,15,528.9833374023438,508.54364013671875,20.439697265625,417.7812243103981
3,2024-07-26,2024-07-26 16:00:00,2024-07,16,249.06666564941406,523.873779296875,274.80712890625,75518.9580976963
3,2024-07-27,2024-07-27 08:00:00,2024-07,8,271.4166564941406,311.3461608886719,39.92950439453125,1594.3653211928904
3,2024-07-27,2024-07-27 09:00:00,2024-07,9,554.2166748046875,324.1621398925781,230.05453491210938,52925.08903362695
3,2024-07-27,2024-07-27 10:00:00,2024-07,10,655.3833618164062,410.267578125,245.11578369140625,60081.74741465226
3,2024-07-27,2024-07-27 11:00:00,2024-07,11,638.9500122070312,515.96337890625,122.98663330078125,15125.711970660836
3,2024-07-27,2024-07-27 12:00:00,2024-07,12,531.2999877929688,649.5659790039062,118.2659912109375,13986.844677105546
3,2024-07-27,2024-07-27 13:00:00,2024-07,13,517.9000244140625,715.862060546875,197.9620361328125,39188.96774984896
3,2024-07-27,2024-07-27 14:00:00,2024-07,14,654.1666870117188,775.5366821289062,121.3699951171875,14730.675714746118
3,2024-07-27,2024-07-27 15:00:00,2024-07,15,380.8500061035156,722.15185546875,341.3018493652344,116486.95238012914
3,2024-07-27,2024-07-27 16:00:00,2024-07,16,314.2166748046875,736.4859619140625,422.269287109375,178311.35083585978
3,2024-07-28,2024-07-28 08:00:00,2024-07,8,241.440673828125,444.72210693359375,203.28143310546875,41323.341045413166
3,2024-07-28,2024-07-28 09:00:00,2024-07,9,479.54998779296875,490.267578125,10.71759033203125,114.86674252524972
3,2024-07-28,2024-07-28 10:00:00,2024-07,10,727.1666870117188,524.9577026367188,202.208984375,40888.473361968994
3,2024-07-28,2024-07-28 11:00:00,2024-07,11,780.1500244140625,572.0709228515625,208.0791015625,43296.91250705719
3,2024-07-28,2024-07-28 12:00:00,2024-07,12,484.26666259765625,609.2677612304688,125.0010986328125,15625.274659410119
3,2024-07-28,2024-07-28 13:00:00,2024-07,13,375.8833312988281,622.9327392578125,247.04940795898438,61033.40997288469
3,2024-07-28,2024-07-28 14:00:00,2024-07,14,470.26666259765625,620.8609008789062,150.59423828125,22678.624603509903
3,2024-07-28,2024-07-28 15:00:00,2024-07,15,449.3500061035156,626.7710571289062,177.42105102539062,31478.229346954264
3,2024-07-28,2024-07-28 16:00:00,2024-07,16,197.51666259765625,662.1270751953125,464.61041259765625,215862.83549416438
3,2024-07-29,2024-07-29 08:00:00,2024-07,8,314.23333740234375,310.54779052734375,3.685546875,13.583255767822266
3,2024-07-29,2024-07-29 09:00:00,2024-07,9,466.8666687011719,335.01092529296875,131.85574340820312,17385.937069729902
3,2024-07-29,2024-07-29 10:00:00,2024-07,10,620.0499877929688,388.40997314453125,231.6400146484375,53657.09638632834
3,2024-07-29,2024-07-29 11:00:00,2024-07,11,652.5,444.029541015625,208.470458984375,43459.93226915598
3,2024-07-29,2024-07-29 12:00:00,2024-07,12,682.1333618164062,506.4489440917969,175.68441772460938,30865.01463123504
3,2024-07-29,2024-07-29 13:00:00,2024-07,13,540.3833618164062,549.0975952148438,8.7142333984375,75.93786372244358
3,2024-07-29,2024-07-29 14:00:00,2024-07,14,612.8499755859375,573.2183227539062,39.63165283203125,1570.6679061986506
3,2024-07-29,2024-07-29 15:00:00,2024-07,15,408.95001220703125,567.7180786132812,158.76806640625,25207.29891037941
3,2024-07-29,2024-07-29 16:00:00,2024-07,16,114.94999694824219,575.2109375,460.26092529296875,211840.11935153976
3,2024-07-30,2024-07-30 08:00:00,2024-07,8,380.29998779296875,199.0767822265625,181.22320556640625,32841.85023576394
3,2024-07-30,2024-07-30 09:00:00,2024-07,9,483.04998779296875,212.54684448242188,270.5031433105469,73171.95054088626
3,2024-07-30,2024-07-30 10:00:00,2024-07,10,505.45001220703125,289.65875244140625,215.791259765625,46565.86779123545
3,2024-07-30,2024-07-30 11:00:00,2024-07,11,672.7666625976562,372.6606750488281,300.1059875488281,90063.60376265738
3,2024-07-30,2024-07-30 12:00:00,2024-07,12,664.5,463.6341857910156,200.86581420898438,40347.07531783823
3,2024-07-30,2024-07-30 13:00:00,2024-07,13,615.0,535.7093505859375,79.2906494140625,6287.00708450377
3,2024-07-30,2024-07-30 14:00:00,2024-07,14,486.1833190917969,585.322265625,99.13894653320312,9828.530719713308
3,2024-07-30,2024-07-30 15:00:00,2024-07,15,407.1499938964844,570.9236450195312,163.77365112304688,26821.808802173473
3,2024-07-30,2024-07-30 16:00:00,2024-07,16,375.7833251953125,574.1139526367188,198.33062744140625,39335.037781301886
3,2024-07-31,2024-07-31 08:00:00,2024-07,8,468.8666687011719,432.7811279296875,36.085540771484375,1302.1662527704611
3,2024-07-31,2024-07-31 09:00:00,2024-07,9,474.4166564941406,445.99383544921875,28.422821044921875,807.8567561516538
3,2024-07-31,2024-07-31 10:00:00,2024-07,10,536.066650390625,490.93426513671875,45.13238525390625,2036.9321987070143
3,2024-07-31,2024-07-31 11:00:00,2024-07,11,790.0166625976562,543.8096313476562,246.20703125,60617.90223693848
3,2024-07-31,2024-07-31 12:00:00,2024-07,12,954.2333374023438,570.250732421875,383.98260498046875,147442.6409275867
3,2024-07-31,2024-07-31 13:00:00,2024-07,13,525.6500244140625,570.8892822265625,45.2392578125,2046.5904474258423
3,2024-07-31,2024-07-31 14:00:00,2024-07,14,792.933349609375,551.7890625,241.144287109375,58150.56720548868
3,2024-07-31,2024-07-31 15:00:00,2024-07,15,640.6333618164062,541.6338500976562,98.99951171875,9800.903320550919
3,2024-07-31,2024-07-31 16:00:00,2024-07,16,447.0,544.6126708984375,97.6126708984375,9528.233519926667
3,2024-08-01,2024-08-01 08:00:00,2024-08,8,474.0,508.41265869140625,34.41265869140625,1184.2310782112181
3,2024-08-01,2024-08-01 09:00:00,2024-08,9,676.75,506.0599670410156,170.69003295898438,29135.087351539172
3,2024-08-01,2024-08-01 10:00:00,2024-08,10,841.2833251953125,530.6556396484375,310.627685546875,96489.55902820826
3,2024-08-01,2024-08-01 11:00:00,2024-08,11,939.6500244140625,563.1732177734375,376.476806640625,141734.78593832254
3,2024-08-01,2024-08-01 12:00:00,2024-08,12,967.0999755859375,611.6038208007812,355.49615478515625,126377.51606703177
3,2024-08-01,2024-08-01 13:00:00,2024-08,13,904.5999755859375,643.6729736328125,260.927001953125,68082.9003482461
3,2024-08-01,2024-08-01 14:00:00,2024-08,14,707.1500244140625,666.907958984375,40.2420654296875,1619.4238300472498
3,2024-08-01,2024-08-01 15:00:00,2024-08,15,502.0833435058594,670.8944702148438,168.81112670898438,28497.196500756778
3,2024-08-01,2024-08-01 16:00:00,2024-08,16,424.9333190917969,677.5653686523438,252.63204956054688,63822.95246516261
3,2024-08-02,2024-08-02 08:00:00,2024-08,8,284.9666748046875,473.04425048828125,188.07757568359375,35373.174475017935
3,2024-08-02,2024-08-02 09:00:00,2024-08,9,585.183349609375,490.3463134765625,94.8370361328125,8994.063422456384
3,2024-08-02,2024-08-02 10:00:00,2024-08,10,783.2833251953125,546.5448608398438,236.73846435546875,56045.10050538555
3,2024-08-02,2024-08-02 11:00:00,2024-08,11,938.6666870117188,614.2932739257812,324.3734130859375,105218.11111702025
3,2024-08-02,2024-08-02 12:00:00,2024-08,12,929.1666870117188,663.0647583007812,266.1019287109375,70810.23646368086
3,2024-08-02,2024-08-02 13:00:00,2024-08,13,834.3833618164062,679.6411743164062,154.7421875,23945.144592285156
3,2024-08-02,2024-08-02 14:00:00,2024-08,14,717.4833374023438,665.6424560546875,51.84088134765625,2687.4769789017737
3,2024-08-02,2024-08-02 15:00:00,2024-08,15,504.51666259765625,649.4727783203125,144.95611572265625,21012.27548540011
3,2024-08-02,2024-08-02 16:00:00,2024-08,16,392.3833312988281,654.559814453125,262.1764831542969,68736.50831915531
3,2024-08-03,2024-08-03 08:00:00,2024-08,8,432.73333740234375,471.5128173828125,38.77947998046875,1503.8480675555766
3,2024-08-03,2024-08-03 09:00:00,2024-08,9,626.4500122070312,494.4263916015625,132.02362060546875,17430.236397776753
3,2024-08-03,2024-08-03 10:00:00,2024-08,10,829.5999755859375,562.799560546875,266.8004150390625,71182.46146501601
3,2024-08-03,2024-08-03 11:00:00,2024-08,11,893.0999755859375,651.1589965820312,241.94097900390625,58535.437321368605
3,2024-08-03,2024-08-03 12:00:00,2024-08,12,972.3833618164062,740.5592041015625,231.82415771484375,53742.44010019675
3,2024-08-03,2024-08-03 13:00:00,2024-08,13,546.6166381835938,746.1490478515625,199.53240966796875,39813.18250790611
3,2024-08-03,2024-08-03 14:00:00,2024-08,14,307.9666748046875,730.0955810546875,422.12890625,178192.8134918213
3,2024-08-03,2024-08-03 15:00:00,2024-08,15,433.6333312988281,721.69482421875,288.0614929199219,82979.4237032542
3,2024-08-03,2024-08-03 16:00:00,2024-08,16,156.0833282470703,750.9304809570312,594.84716796875,353843.1532404423
3,2024-08-04,2024-08-04 08:00:00,2024-08,8,394.3833312988281,214.56387329101562,179.8194580078125,32335.037478223443
3,2024-08-04,2024-08-04 09:00:00,2024-08,9,677.816650390625,250.3212890625,427.495361328125,182752.28395706415
3,2024-08-04,2024-08-04 10:00:00,2024-08,10,759.7999877929688,345.770263671875,414.02972412109375,171420.612455789
3,2024-08-04,2024-08-04 11:00:00,2024-08,11,848.7666625976562,429.6517028808594,419.1149597167969,175657.34945841227
3,2024-08-04,2024-08-04 12:00:00,2024-08,12,686.9833374023438,495.61676025390625,191.3665771484375,36621.16684950888
3,2024-08-04,2024-08-04 13:00:00,2024-08,13,502.4666748046875,515.9892578125,13.5225830078125,182.86025120317936
3,2024-08-04,2024-08-04 14:00:00,2024-08,14,466.1666564941406,495.92431640625,29.757659912109375,885.5183234447613
3,2024-08-04,2024-08-04 15:00:00,2024-08,15,134.21665954589844,485.6070861816406,351.39044189453125,123475.24265483394
3,2024-08-04,2024-08-04 16:00:00,2024-08,16,93.33333587646484,506.8675842285156,413.53424072265625,171010.5682500638
3,2024-08-05,2024-08-05 08:00:00,2024-08,8,477.6333312988281,166.92822265625,310.7051086425781,96537.66453659628
3,2024-08-05,2024-08-05 09:00:00,2024-08,9,669.2666625976562,203.14181518554688,466.1248474121094,217272.37337496225
3,2024-08-05,2024-08-05 10:00:00,2024-08,10,806.5833129882812,283.5044860839844,523.078857421875,273611.49108177423
3,2024-08-05,2024-08-05 11:00:00,2024-08,11,683.0999755859375,336.8463134765625,346.253662109375,119891.59852415323
3,2024-08-05,2024-08-05 12:00:00,2024-08,12,575.0333251953125,371.52294921875,203.5103759765625,41416.47313012183
3,2024-08-05,2024-08-05 13:00:00,2024-08,13,428.45001220703125,367.67755126953125,60.7724609375,3693.2920083999634
3,2024-08-05,2024-08-05 14:00:00,2024-08,14,371.8500061035156,330.3818664550781,41.4681396484375,1719.6066059023142
3,2024-08-05,2024-08-05 15:00:00,2024-08,15,193.28334045410156,334.8751525878906,141.59181213378906,20048.241263330216
3,2024-08-05,2024-08-05 16:00:00,2024-08,16,90.19999694824219,355.8329162597656,265.6329345703125,70560.85592843592
3,2024-08-15,2024-08-15 08:00:00,2024-08,8,491.8333435058594,104.96786499023438,386.865478515625,149664.8984671235
3,2024-08-15,2024-08-15 09:00:00,2024-08,9,684.8833618164062,130.09661865234375,554.7867431640625,307788.33039058745
3,2024-08-15,2024-08-15 10:00:00,2024-08,10,806.7833251953125,239.25509643554688,567.5281982421875,322088.2558000237
3,2024-08-15,2024-08-15 11:00:00,2024-08,11,743.5499877929688,319.095947265625,424.45404052734375,180161.23251998797
3,2024-08-15,2024-08-15 12:00:00,2024-08,12,826.1500244140625,402.5345764160156,423.6154479980469,179450.04778258596
3,2024-08-15,2024-08-15 13:00:00,2024-08,13,634.9500122070312,447.40606689453125,187.5439453125,35172.73142337799
3,2024-08-15,2024-08-15 14:00:00,2024-08,14,581.6333618164062,452.3713684082031,129.26199340820312,16708.662939862348
3,2024-08-15,2024-08-15 15:00:00,2024-08,15,557.7000122070312,450.60516357421875,107.0948486328125,11469.306603685021
3,2024-08-15,2024-08-15 16:00:00,2024-08,16,313.9333190917969,443.2192687988281,129.28594970703125,16714.856791649014
3,2024-08-16,2024-08-16 08:00:00,2024-08,8,361.2166748046875,366.7229309082031,5.506256103515625,30.318856277503073
3,2024-08-16,2024-08-16 09:00:00,2024-08,9,399.9333190917969,357.1503601074219,42.782958984375,1830.3815794587135
3,2024-08-16,2024-08-16 10:00:00,2024-08,10,772.7333374023438,404.7005310058594,368.0328063964844,135448.14658407215
3,2024-08-16,2024-08-16 11:00:00,2024-08,11,800.316650390625,455.1824035644531,345.1342468261719,119117.64833226893
3,2024-08-16,2024-08-16 12:00:00,2024-08,12,530.1333618164062,544.9427490234375,14.80938720703125,219.31794944778085
3,2024-08-16,2024-08-16 13:00:00,2024-08,13,139.18333435058594,613.6065063476562,474.42315673828125,225077.33164951578
3,2024-08-16,2024-08-16 14:00:00,2024-08,14,176.89999389648438,656.0543212890625,479.1543273925781,229588.86945903394
3,2024-08-16,2024-08-16 15:00:00,2024-08,15,356.95001220703125,678.34375,321.39373779296875,103293.93469253555
3,2024-08-16,2024-08-16 16:00:00,2024-08,16,249.48333740234375,702.6181030273438,453.134765625,205331.11581802368
3,2024-08-17,2024-08-17 08:00:00,2024-08,8,493.98333740234375,293.1600036621094,200.82333374023438,40330.01137454156
3,2024-08-17,2024-08-17 09:00:00,2024-08,9,693.2000122070312,324.30853271484375,368.8914794921875,136080.923641935
3,2024-08-17,2024-08-17 10:00:00,2024-08,10,424.6166687011719,371.4938049316406,53.12286376953125,2822.038655076176
3,2024-08-17,2024-08-17 11:00:00,2024-08,11,833.7333374023438,405.02099609375,428.71234130859375,183794.27159029618
3,2024-08-17,2024-08-17 12:00:00,2024-08,12,667.183349609375,456.1293640136719,211.05398559570312,44543.78483583126
3,2024-08-17,2024-08-17 13:00:00,2024-08,13,599.9833374023438,493.7523498535156,106.23098754882812,11285.022715599276
3,2024-08-17,2024-08-17 14:00:00,2024-08,14,338.6000061035156,495.5091247558594,156.90911865234375,24620.47151625529
3,2024-08-17,2024-08-17 15:00:00,2024-08,15,316.0833435058594,529.4757080078125,213.39236450195312,45536.301227734424
3,2024-08-17,2024-08-17 16:00:00,2024-08,16,266.6666564941406,574.5765991210938,307.9099426269531,94808.53276853357
3,2024-08-18,2024-08-18 08:00:00,2024-08,8,381.2166748046875,301.8582763671875,79.3583984375,6297.755402565002
3,2024-08-18,2024-08-18 09:00:00,2024-08,9,592.7333374023438,307.44598388671875,285.287353515625,81388.87407594919
3,2024-08-18,2024-08-18 10:00:00,2024-08,10,863.683349609375,385.14068603515625,478.54266357421875,229003.0808607079
3,2024-08-18,2024-08-18 11:00:00,2024-08,11,890.9833374023438,430.0750732421875,460.90826416015625,212436.42797112837
3,2024-08-18,2024-08-18 12:00:00,2024-08,12,737.0,486.55438232421875,250.44561767578125,62723.007413003594
3,2024-08-18,2024-08-18 13:00:00,2024-08,13,660.3833618164062,504.815673828125,155.56768798828125,24201.305546019226
3,2024-08-18,2024-08-18 14:00:00,2024-08,14,576.0,480.4307861328125,95.5692138671875,9133.474639192224
3,2024-08-18,2024-08-18 15:00:00,2024-08,15,505.01666259765625,461.34564208984375,43.6710205078125,1907.15803219378
3,2024-08-18,2024-08-18 16:00:00,2024-08,16,184.23333740234375,441.10198974609375,256.86865234375,65981.5045568943
3,2024-08-19,2024-08-19 08:00:00,2024-08,8,218.31666564941406,197.32968139648438,20.986984252929688,440.4535080327187
3,2024-08-19,2024-08-19 09:00:00,2024-08,9,420.76666259765625,184.7054443359375,236.06121826171875,55724.89876720682
3,2024-08-19,2024-08-19 10:00:00,2024-08,10,648.2833251953125,242.91769409179688,405.3656311035156,164321.2948799515
3,2024-08-19,2024-08-19 11:00:00,2024-08,11,453.5833435058594,306.68011474609375,146.90322875976562,21580.55862004403
3,2024-08-19,2024-08-19 12:00:00,2024-08,12,263.7166748046875,412.12213134765625,148.40545654296875,22024.179531726986
3,2024-08-19,2024-08-19 13:00:00,2024-08,13,229.21665954589844,493.4808044433594,264.26416015625,69835.54634308815
3,2024-08-19,2024-08-19 14:00:00,2024-08,14,42.31666564941406,531.3770141601562,489.06036376953125,239180.03941038623
3,2024-08-19,2024-08-19 15:00:00,2024-08,15,87.05000305175781,531.0670776367188,444.01708984375,197151.17607331276
3,2024-08-19,2024-08-19 16:00:00,2024-08,16,96.56666564941406,550.2431030273438,453.67645263671875,205822.3236770369
3,2024-08-20,2024-08-20 08:00:00,2024-08,8,410.5333251953125,91.30459594726562,319.2287292480469,101906.98157732282
3,2024-08-20,2024-08-20 09:00:00,2024-08,9,609.4500122070312,118.5657958984375,490.88421630859375,240967.31382090226
3,2024-08-20,2024-08-20 10:00:00,2024-08,10,672.0166625976562,165.62667846679688,506.3899841308594,256430.816028052
3,2024-08-20,2024-08-20 11:00:00,2024-08,11,685.2666625976562,198.00970458984375,487.2569580078125,237419.34312702715
3,2024-08-20,2024-08-20 12:00:00,2024-08,12,650.7833251953125,223.2306671142578,427.55267333984375,182801.28848004714
3,2024-08-20,2024-08-20 13:00:00,2024-08,13,257.1666564941406,231.56243896484375,25.604217529296875,655.5759552875534
3,2024-08-20,2024-08-20 14:00:00,2024-08,14,320.8666687011719,228.88418579101562,91.98248291015625,8460.777162317187
3,2024-08-20,2024-08-20 15:00:00,2024-08,15,334.3999938964844,264.68121337890625,69.71878051757812,4860.708356858231
3,2024-08-20,2024-08-20 16:00:00,2024-08,16,46.099998474121094,310.6014404296875,264.5014343261719,69961.00876060221
3,2024-08-21,2024-08-21 08:00:00,2024-08,8,209.4499969482422,90.1099853515625,119.34001159667969,14242.038367895642
3,2024-08-21,2024-08-21 09:00:00,2024-08,9,265.98333740234375,94.12066650390625,171.8626708984375,29536.777648344636
3,2024-08-21,2024-08-21 10:00:00,2024-08,10,357.76666259765625,180.5184326171875,177.24822998046875,31416.93503120914
3,2024-08-21,2024-08-21 11:00:00,2024-08,11,503.0833435058594,248.33009338378906,254.7532501220703,64899.21844775812
3,2024-08-21,2024-08-21 12:00:00,2024-08,12,457.6333312988281,342.86932373046875,114.76400756835938,13170.777433150448
3,2024-08-21,2024-08-21 13:00:00,2024-08,13,444.4333190917969,385.63287353515625,58.800445556640625,3457.492397659458
3,2024-08-21,2024-08-21 14:00:00,2024-08,14,592.7833251953125,378.5069274902344,214.27639770507812,45914.37461346481
3,2024-08-21,2024-08-21 15:00:00,2024-08,15,276.20001220703125,353.3861083984375,77.18609619140625,5957.693445269018
3,2024-08-21,2024-08-21 16:00:00,2024-08,16,180.3000030517578,336.6435241699219,156.34352111816406,24443.296595625812
3,2024-08-22,2024-08-22 08:00:00,2024-08,8,334.2833251953125,269.5030212402344,64.78030395507812,4196.487780512311
3,2024-08-22,2024-08-22 09:00:00,2024-08,9,642.683349609375,267.3548889160156,375.3284606933594,140871.4534064466
3,2024-08-22,2024-08-22 10:00:00,2024-08,10,568.5166625976562,303.1544494628906,265.3622131347656,70417.10415978078
3,2024-08-22,2024-08-22 11:00:00,2024-08,11,764.2666625976562,338.8249206542969,425.4417419433594,181000.6757878
3,2024-08-22,2024-08-22 12:00:00,2024-08,12,732.7666625976562,387.827880859375,344.93878173828125,118982.76314708963
3,2024-08-22,2024-08-22 13:00:00,2024-08,13,445.51666259765625,433.1052551269531,12.411407470703125,154.04303540382534
3,2024-08-22,2024-08-22 14:00:00,2024-08,14,333.6333312988281,465.69329833984375,132.05996704101562,17439.834894874133
3,2024-08-22,2024-08-22 15:00:00,2024-08,15,297.26666259765625,493.17303466796875,195.9063720703125,38379.30661775172
3,2024-08-22,2024-08-22 16:00:00,2024-08,16,185.89999389648438,510.873779296875,324.9737854003906,105607.96119745914
3,2024-08-23,2024-08-23 08:00:00,2024-08,8,495.48333740234375,228.34393310546875,267.139404296875,71363.46132808924
3,2024-08-23,2024-08-23 09:00:00,2024-08,9,677.1166381835938,235.49510192871094,441.62152099609375,195029.56780690327
3,2024-08-23,2024-08-23 10:00:00,2024-08,10,653.75,272.8948059082031,380.8551940917969,145050.67886670027
3,2024-08-23,2024-08-23 11:00:00,2024-08,11,875.7288208007812,310.29010009765625,565.438720703125,319720.9468703866
3,2024-08-23,2024-08-23 12:00:00,2024-08,12,1042.3499755859375,349.17181396484375,693.1781616210938,480495.96374839917
3,2024-08-23,2024-08-23 13:00:00,2024-08,13,749.066650390625,372.8487548828125,376.2178955078125,141539.90490032732
3,2024-08-23,2024-08-23 14:00:00,2024-08,14,675.6666870117188,368.6217041015625,307.04498291015625,94276.62153029814
3,2024-08-23,2024-08-23 15:00:00,2024-08,15,504.73333740234375,374.5634460449219,130.16989135742188,16944.200616003014
3,2024-08-23,2024-08-23 16:00:00,2024-08,16,411.29998779296875,383.5511474609375,27.74884033203125,769.9981397725642
3,2024-08-24,2024-08-24 08:00:00,2024-08,8,495.75,454.2769470214844,41.473052978515625,1720.0141233587638
3,2024-08-24,2024-08-24 09:00:00,2024-08,9,623.8666381835938,445.58721923828125,178.2794189453125,31783.55121947825
3,2024-08-24,2024-08-24 10:00:00,2024-08,10,756.7833251953125,479.93988037109375,276.84344482421875,76642.29294214025
3,2024-08-24,2024-08-24 11:00:00,2024-08,11,839.0833129882812,515.9872436523438,323.0960693359375,104391.07002033293
3,2024-08-24,2024-08-24 12:00:00,2024-08,12,995.683349609375,576.9666748046875,418.7166748046875,175323.65375949442
3,2024-08-24,2024-08-24 13:00:00,2024-08,13,807.8499755859375,613.266357421875,194.5836181640625,37862.784457817674
3,2024-08-24,2024-08-24 14:00:00,2024-08,14,848.2666625976562,627.5872802734375,220.67938232421875,48699.38978299871
3,2024-08-24,2024-08-24 15:00:00,2024-08,15,658.4833374023438,626.5222778320312,31.9610595703125,1021.5093288570642
3,2024-08-24,2024-08-24 16:00:00,2024-08,16,436.8500061035156,632.383056640625,195.53305053710938,38233.17385234777
3,2024-08-25,2024-08-25 08:00:00,2024-08,8,430.0333251953125,495.0364990234375,65.003173828125,4225.412607729435
3,2024-08-25,2024-08-25 09:00:00,2024-08,9,743.25,481.5963439941406,261.6536560058594,68462.63570123259
3,2024-08-25,2024-08-25 10:00:00,2024-08,10,893.4166870117188,521.3240356445312,372.0926513671875,138452.94120146334
3,2024-08-25,2024-08-25 11:00:00,2024-08,11,1010.0833129882812,569.2870483398438,440.7962646484375,194301.34692801535
3,2024-08-25,2024-08-25 12:00:00,2024-08,12,706.0333251953125,648.6365356445312,57.39678955078125,3294.3914507366717
3,2024-08-25,2024-08-25 13:00:00,2024-08,13,846.2833251953125,702.633056640625,143.6502685546875,20635.39965583384
3,2024-08-25,2024-08-25 14:00:00,2024-08,14,828.25,732.5881958007812,95.66180419921875,9151.180782649666
3,2024-08-25,2024-08-25 15:00:00,2024-08,15,611.566650390625,733.5049438476562,121.93829345703125,14868.94741121307
3,2024-08-25,2024-08-25 16:00:00,2024-08,16,397.2166748046875,756.7021484375,359.4854736328125,129229.80575300753
3,2024-08-26,2024-08-26 08:00:00,2024-08,8,469.8166809082031,520.4306030273438,50.613922119140625,2561.7691122824326
3,2024-08-26,2024-08-26 09:00:00,2024-08,9,740.7333374023438,548.9137573242188,191.819580078125,36794.75130134821
3,2024-08-26,2024-08-26 10:00:00,2024-08,10,853.9166870117188,610.6398315429688,243.27685546875,59183.62840676308
3,2024-08-26,2024-08-26 11:00:00,2024-08,11,935.816650390625,678.6867065429688,257.12994384765625,66115.80802309886
3,2024-08-26,2024-08-26 12:00:00,2024-08,12,1014.8833618164062,746.7684326171875,268.11492919921875,71885.61525950208
3,2024-08-26,2024-08-26 13:00:00,2024-08,13,866.0499877929688,771.80126953125,94.24871826171875,8882.820893976837
3,2024-08-26,2024-08-26 14:00:00,2024-08,14,609.1333618164062,770.5360107421875,161.40264892578125,26050.815080258995
3,2024-08-26,2024-08-26 15:00:00,2024-08,15,521.183349609375,772.693359375,251.510009765625,63257.28501230478
3,2024-08-26,2024-08-26 16:00:00,2024-08,16,357.79998779296875,797.0194702148438,439.219482421875,192913.75373893976
3,2024-08-27,2024-08-27 08:00:00,2024-08,8,503.70001220703125,398.1427001953125,105.55731201171875,11142.346119139344
3,2024-08-27,2024-08-27 09:00:00,2024-08,9,695.5,412.6643981933594,282.8356018066406,79995.97764932457
3,2024-08-27,2024-08-27 10:00:00,2024-08,10,844.3666381835938,486.7101135253906,357.6565246582031,127918.18963058386
3,2024-08-27,2024-08-27 11:00:00,2024-08,11,978.5166625976562,552.2806396484375,426.23602294921875,181677.14725956693
3,2024-08-27,2024-08-27 12:00:00,2024-08,12,927.7999877929688,617.4290161132812,310.3709716796875,96330.14006139338
3,2024-08-27,2024-08-27 13:00:00,2024-08,13,571.0166625976562,654.185302734375,83.16864013671875,6917.022702191025
3,2024-08-27,2024-08-27 14:00:00,2024-08,14,650.7048950195312,648.46435546875,2.24053955078125,5.0200174786150455
3,2024-08-27,2024-08-27 15:00:00,2024-08,15,537.3499755859375,649.2444458007812,111.89447021484375,12520.372464660555
3,2024-08-27,2024-08-27 16:00:00,2024-08,16,343.0833435058594,658.930908203125,315.8475646972656,99759.6841251934
3,2024-08-28,2024-08-28 08:00:00,2024-08,8,364.51666259765625,417.2424011230469,52.725738525390625,2780.003503047861
3,2024-08-28,2024-08-28 09:00:00,2024-08,9,443.70001220703125,434.7535400390625,8.94647216796875,80.03936425223947
3,2024-08-28,2024-08-28 10:00:00,2024-08,10,530.6166381835938,499.5299987792969,31.086639404296875,966.3791494527832
3,2024-08-28,2024-08-28 11:00:00,2024-08,11,685.4833374023438,563.1218872070312,122.3614501953125,14972.324493899941
3,2024-08-28,2024-08-28 12:00:00,2024-08,12,541.4833374023438,620.4705200195312,78.9871826171875,6238.975017800927
3,2024-08-28,2024-08-28 13:00:00,2024-08,13,477.4666748046875,646.1624755859375,168.69580078125,28458.273201227188
3,2024-08-28,2024-08-28 14:00:00,2024-08,14,423.8833312988281,652.330322265625,228.44699096679688,52188.02768178377
3,2024-08-28,2024-08-28 15:00:00,2024-08,15,368.5,653.1043090820312,284.60430908203125,80999.61274806038
3,2024-08-28,2024-08-28 16:00:00,2024-08,16,221.96665954589844,683.5328979492188,461.56622314453125,213043.37834790722
3,2024-08-29,2024-08-29 08:00:00,2024-08,8,534.0166625976562,272.5896301269531,261.4270324707031,68344.09330643807
3,2024-08-29,2024-08-29 09:00:00,2024-08,9,734.2000122070312,283.44659423828125,450.75341796875,203178.64381051064
3,2024-08-29,2024-08-29 10:00:00,2024-08,10,716.5833129882812,344.9007263183594,371.6825866699219,138147.945233644
3,2024-08-29,2024-08-29 11:00:00,2024-08,11,708.0833129882812,411.8524169921875,296.23089599609375,87752.74374264851
3,2024-08-29,2024-08-29 12:00:00,2024-08,12,504.8500061035156,473.1149597167969,31.73504638671875,1007.1131691671908
3,2024-08-29,2024-08-29 13:00:00,2024-08,13,421.95001220703125,508.6175537109375,86.66754150390625,7511.262750331312
3,2024-08-29,2024-08-29 14:00:00,2024-08,14,406.6166687011719,523.92138671875,117.30471801757812,13760.396869183518
3,2024-08-29,2024-08-29 15:00:00,2024-08,15,343.1000061035156,508.11004638671875,165.01004028320312,27228.313394264318
3,2024-08-29,2024-08-29 16:00:00,2024-08,16,201.0833282470703,530.1611328125,329.07781982421875,108292.21150026098
3,2024-08-30,2024-08-30 08:00:00,2024-08,8,287.0833435058594,234.78280639648438,52.300537109375,2735.3461819291115
3,2024-08-30,2024-08-30 09:00:00,2024-08,9,536.2666625976562,239.43417358398438,296.8324890136719,88109.52653405163
3,2024-08-30,2024-08-30 10:00:00,2024-08,10,758.683349609375,282.8600769042969,475.8232727050781,226407.78684777115
3,2024-08-30,2024-08-30 11:00:00,2024-08,11,619.5833129882812,324.6788024902344,294.9045104980469,86968.67031209264
3,2024-08-30,2024-08-30 12:00:00,2024-08,12,441.6499938964844,366.4612731933594,75.188720703125,5653.343720972538
3,2024-08-30,2024-08-30 13:00:00,2024-08,13,328.6666564941406,391.58837890625,62.921722412109375,3959.143151306547
3,2024-08-30,2024-08-30 14:00:00,2024-08,14,326.0,390.3197326660156,64.31973266601562,4137.0280102277175
3,2024-08-30,2024-08-30 15:00:00,2024-08,15,364.5833435058594,404.8431396484375,40.259796142578125,1620.8511854419485
3,2024-08-30,2024-08-30 16:00:00,2024-08,16,202.21665954589844,416.7172546386719,214.50059509277344,46010.50529515394
3,2024-08-31,2024-08-31 08:00:00,2024-08,8,586.9500122070312,244.34873962402344,342.60125732421875,117375.62152013555
3,2024-08-31,2024-08-31 09:00:00,2024-08,9,642.1500244140625,256.18621826171875,385.96380615234375,148968.05965960398
3,2024-08-31,2024-08-31 10:00:00,2024-08,10,851.0999755859375,298.0154724121094,553.08447265625,305902.43389344215
3,2024-08-31,2024-08-31 11:00:00,2024-08,11,631.1333618164062,338.7918701171875,292.34149169921875,85463.54776892439
3,2024-08-31,2024-08-31 12:00:00,2024-08,12,775.9500122070312,376.5251159667969,399.4248962402344,159540.247736522
3,2024-08-31,2024-08-31 13:00:00,2024-08,13,342.51666259765625,403.9285888671875,61.41192626953125,3771.4246881343424
3,2024-08-31,2024-08-31 14:00:00,2024-08,14,706.25,416.3233642578125,289.9266357421875,84057.45411278307
3,2024-08-31,2024-08-31 15:00:00,2024-08,15,608.4666748046875,438.5618896484375,169.90478515625,28867.63601899147
3,2024-08-31,2024-08-31 16:00:00,2024-08,16,281.5333251953125,454.8531799316406,173.31985473632812,30039.772045821883
3,2024-09-01,2024-09-01 08:00:00,2024-09,8,457.48333740234375,389.873291015625,67.61004638671875,4571.118372414261
3,2024-09-01,2024-09-01 09:00:00,2024-09,9,723.9166870117188,395.8023681640625,328.11431884765625,107659.00623286143
3,2024-09-01,2024-09-01 10:00:00,2024-09,10,704.203369140625,452.42730712890625,251.77606201171875,63391.185402128845
3,2024-09-01,2024-09-01 11:00:00,2024-09,11,866.3499755859375,502.2977294921875,364.05224609375,132534.0378859043
3,2024-09-01,2024-09-01 12:00:00,2024-09,12,753.2333374023438,559.2688598632812,193.9644775390625,37622.21854700148
3,2024-09-01,2024-09-01 13:00:00,2024-09,13,380.54998779296875,589.5673217773438,209.017333984375,43688.245905935764
3,2024-09-01,2024-09-01 14:00:00,2024-09,14,355.4666748046875,597.3189086914062,241.85223388671875,58492.50303599611
3,2024-09-01,2024-09-01 15:00:00,2024-09,15,274.26666259765625,586.0277709960938,311.7611083984375,97194.9887098223
3,2024-09-01,2024-09-01 16:00:00,2024-09,16,184.23333740234375,576.6572265625,392.42388916015625,153996.5087835826
3,2024-09-02,2024-09-02 08:00:00,2024-09,8,323.70001220703125,234.82302856445312,88.87698364257812,7899.1182214031
3,2024-09-02,2024-09-02 09:00:00,2024-09,9,544.9166870117188,263.20928955078125,281.7073974609375,79359.05778421462
3,2024-09-02,2024-09-02 10:00:00,2024-09,10,551.9166870117188,331.2651062011719,220.65158081054688,48687.1201141933
3,2024-09-02,2024-09-02 11:00:00,2024-09,11,891.5166625976562,393.3558349609375,498.16082763671875,248164.2101917006
3,2024-09-02,2024-09-02 12:00:00,2024-09,12,706.5833129882812,437.8290710449219,268.7542419433594,72228.84256254975
3,2024-09-02,2024-09-02 13:00:00,2024-09,13,757.25,444.7872314453125,312.4627685546875,97632.98173286021
3,2024-09-02,2024-09-02 14:00:00,2024-09,14,665.2333374023438,421.37261962890625,243.8607177734375,59468.049672976136
3,2024-09-02,2024-09-02 15:00:00,2024-09,15,402.1666564941406,411.8106689453125,9.644012451171875,93.00697615835816
3,2024-09-02,2024-09-02 16:00:00,2024-09,16,193.31666564941406,403.9850769042969,210.6684112548828,44381.179500656435
3,2024-09-03,2024-09-03 08:00:00,2024-09,8,519.7166748046875,255.4404296875,264.2762451171875,69841.93373323977
3,2024-09-03,2024-09-03 09:00:00,2024-09,9,706.6500244140625,257.1997375488281,449.4502868652344,202005.56036324147
3,2024-09-03,2024-09-03 10:00:00,2024-09,10,851.4833374023438,336.0173645019531,515.4659423828125,265705.137756601
3,2024-09-03,2024-09-03 11:00:00,2024-09,11,1040.683349609375,430.16741943359375,610.5159301757812,372729.7009983994
3,2024-09-03,2024-09-03 12:00:00,2024-09,12,632.5999755859375,549.9398193359375,82.66015625,6832.701431274414
3,2024-09-03,2024-09-03 13:00:00,2024-09,13,683.8333129882812,619.2369384765625,64.59637451171875,4172.691600058228
3,2024-09-03,2024-09-03 14:00:00,2024-09,14,294.4166564941406,651.3909301757812,356.9742736816406,127430.63207053486
3,2024-09-03,2024-09-03 15:00:00,2024-09,15,276.0833435058594,614.29150390625,338.2081604003906,114384.75976141635
3,2024-09-03,2024-09-03 16:00:00,2024-09,16,145.23333740234375,618.2216796875,472.98834228515625,223717.97193766013
3,2024-09-04,2024-09-04 08:00:00,2024-09,8,518.3499755859375,201.90216064453125,316.44781494140625,100139.2195811905
3,2024-09-04,2024-09-04 09:00:00,2024-09,9,735.25,232.51165771484375,502.73834228515625,252745.84080362692
3,2024-09-04,2024-09-04 10:00:00,2024-09,10,907.4000244140625,300.8809509277344,606.51904296875,367865.3494837284
3,2024-09-04,2024-09-04 11:00:00,2024-09,11,768.5499877929688,352.38116455078125,416.1688232421875,173196.4894387871
3,2024-09-04,2024-09-04 12:00:00,2024-09,12,790.2333374023438,397.42388916015625,392.8094482421875,154299.26262833178
3,2024-09-04,2024-09-04 13:00:00,2024-09,13,820.9666748046875,408.586181640625,412.3804931640625,170057.6711422354
3,2024-09-04,2024-09-04 14:00:00,2024-09,14,575.183349609375,379.0562744140625,196.1270751953125,38465.829624667764
3,2024-09-04,2024-09-04 15:00:00,2024-09,15,390.5833435058594,381.50531005859375,9.078033447265625,82.4106912696734
3,2024-09-04,2024-09-04 16:00:00,2024-09,16,236.8333282470703,398.56402587890625,161.73069763183594,26156.818556480343
3,2024-09-05,2024-09-05 08:00:00,2024-09,8,508.6333312988281,237.62039184570312,271.012939453125,73448.0133510232
3,2024-09-05,2024-09-05 09:00:00,2024-09,9,729.4500122070312,232.54525756835938,496.9047546386719,246914.3351825187
3,2024-09-05,2024-09-05 10:00:00,2024-09,10,892.2000122070312,311.5099182128906,580.6900634765625,337200.9498204142
3,2024-09-05,2024-09-05 11:00:00,2024-09,11,977.9166870117188,387.5859375,590.3307495117188,348490.3938190676
3,2024-09-05,2024-09-05 12:00:00,2024-09,12,833.6500244140625,499.765625,333.8843994140625,111478.79217208922
3,2024-09-05,2024-09-05 13:00:00,2024-09,13,694.75,578.9682006835938,115.78179931640625,13405.42505294457
3,2024-09-05,2024-09-05 14:00:00,2024-09,14,725.8666381835938,603.0269775390625,122.83966064453125,15089.5822272636
3,2024-09-05,2024-09-05 15:00:00,2024-09,15,527.816650390625,608.7685546875,80.951904296875,6553.210809290409
3,2024-09-05,2024-09-05 16:00:00,2024-09,16,394.7833251953125,601.9501342773438,207.16680908203125,42918.086785230786
3,2024-09-06,2024-09-06 08:00:00,2024-09,8,411.9666748046875,448.17706298828125,36.21038818359375,1311.1922124065459
3,2024-09-06,2024-09-06 09:00:00,2024-09,9,649.7333374023438,447.88232421875,201.85101318359375,40743.83152324334
3,2024-09-06,2024-09-06 10:00:00,2024-09,10,854.7333374023438,503.6761474609375,351.05718994140625,123241.15060955659
3,2024-09-06,2024-09-06 11:00:00,2024-09,11,899.9833374023438,542.2545776367188,357.728759765625,127969.86556345224
3,2024-09-06,2024-09-06 12:00:00,2024-09,12,774.1666870117188,607.9505004882812,166.2161865234375,27627.820662394166
3,2024-09-06,2024-09-06 13:00:00,2024-09,13,609.7666625976562,651.8447265625,42.07806396484375,1770.5634670294821
3,2024-09-06,2024-09-06 14:00:00,2024-09,14,540.6166381835938,663.68017578125,123.06353759765625,15144.634286049753
3,2024-09-06,2024-09-06 15:00:00,2024-09,15,491.9666748046875,691.0252075195312,199.05853271484375,39624.29944658652
3,2024-09-06,2024-09-06 16:00:00,2024-09,16,144.98333740234375,713.6227416992188,568.639404296875,323350.77211910486
3,2024-09-07,2024-09-07 08:00:00,2024-09,8,474.23333740234375,194.20761108398438,280.0257263183594,78414.4074001247
3,2024-09-07,2024-09-07 09:00:00,2024-09,9,709.5833129882812,217.64059448242188,491.9427185058594,242007.6382909352
3,2024-09-07,2024-09-07 10:00:00,2024-09,10,861.1166381835938,307.9900207519531,553.1265869140625,305949.02115119994
3,2024-09-07,2024-09-07 11:00:00,2024-09,11,973.9500122070312,393.7601318359375,580.1898803710938,336620.2972850241
3,2024-09-07,2024-09-07 12:00:00,2024-09,12,925.6166381835938,500.0141906738281,425.6024475097656,181137.4433263028
3,2024-09-07,2024-09-07 13:00:00,2024-09,13,541.9666748046875,566.0610961914062,24.09442138671875,580.5411419607699
3,2024-09-07,2024-09-07 14:00:00,2024-09,14,460.54998779296875,587.9471435546875,127.39715576171875,16230.035296175629
3,2024-09-07,2024-09-07 15:00:00,2024-09,15,356.3833312988281,591.4339599609375,235.05062866210938,55248.79803445283
3,2024-09-07,2024-09-07 16:00:00,2024-09,16,261.51666259765625,614.3308715820312,352.814208984375,124477.86606127024
3,2024-09-08,2024-09-08 08:00:00,2024-09,8,326.1499938964844,298.6470947265625,27.502899169921875,756.4094627508894
3,2024-09-08,2024-09-08 09:00:00,2024-09,9,554.4000244140625,321.14776611328125,233.25225830078125,54406.616002414376
3,2024-09-08,2024-09-08 10:00:00,2024-09,10,756.9833374023438,388.3534240722656,368.6299133300781,135888.0130017409
3,2024-09-08,2024-09-08 11:00:00,2024-09,11,760.1666870117188,428.696533203125,331.47015380859375,109872.4628658928
3,2024-09-08,2024-09-08 12:00:00,2024-09,12,869.4166870117188,474.86102294921875,394.5556640625,155674.17204380035
3,2024-09-08,2024-09-08 13:00:00,2024-09,13,770.75,482.7225341796875,288.0274658203125,82959.82106687129
3,2024-09-08,2024-09-08 14:00:00,2024-09,14,688.0333251953125,459.99017333984375,228.04315185546875,52003.67910817638
3,2024-09-08,2024-09-08 15:00:00,2024-09,15,515.9833374023438,470.50128173828125,45.4820556640625,2068.6173874288797
3,2024-09-08,2024-09-08 16:00:00,2024-09,16,347.8166809082031,491.8907470703125,144.07406616210938,20757.33654048387
3,2024-09-09,2024-09-09 08:00:00,2024-09,8,366.8666687011719,395.00189208984375,28.135223388671875,791.5907951304689
3,2024-09-09,2024-09-09 09:00:00,2024-09,9,561.2833251953125,379.43719482421875,181.84613037109375,33068.015130940825
3,2024-09-09,2024-09-09 10:00:00,2024-09,10,599.183349609375,443.8866882324219,155.29666137695312,24117.053034828044
3,2024-09-09,2024-09-09 11:00:00,2024-09,11,860.2166748046875,520.7229614257812,339.49371337890625,115255.98142379895
3,2024-09-09,2024-09-09 12:00:00,2024-09,12,842.433349609375,612.5421752929688,229.89117431640625,52849.952028576285
3,2024-09-09,2024-09-09 13:00:00,2024-09,13,825.7999877929688,659.171630859375,166.62835693359375,27765.00933438912
3,2024-09-09,2024-09-09 14:00:00,2024-09,14,733.6500244140625,677.3978881835938,56.25213623046875,3164.302830491215
3,2024-09-09,2024-09-09 15:00:00,2024-09,15,460.1166687011719,651.0007934570312,190.88412475585938,36436.749083810486
3,2024-09-09,2024-09-09 16:00:00,2024-09,16,242.0500030517578,657.5094604492188,415.45947265625,172606.57341980934
3,2024-09-10,2024-09-10 08:00:00,2024-09,8,528.9166870117188,285.78375244140625,243.1329345703125,59113.62387277186
3,2024-09-10,2024-09-10 09:00:00,2024-09,9,743.0166625976562,287.5982360839844,455.4184265136719,207405.94320818875
3,2024-09-10,2024-09-10 10:00:00,2024-09,10,890.0166625976562,357.61761474609375,532.3990478515625,283448.74615325034
3,2024-09-10,2024-09-10 11:00:00,2024-09,11,809.5833129882812,439.05712890625,370.52618408203125,137289.6530903913
3,2024-09-10,2024-09-10 12:00:00,2024-09,12,676.5833129882812,543.6141967773438,132.9691162109375,17680.785865917802
3,2024-09-10,2024-09-10 13:00:00,2024-09,13,866.5999755859375,607.9631958007812,258.63677978515625,66892.98385763541
3,2024-09-10,2024-09-10 14:00:00,2024-09,14,666.2999877929688,621.9146728515625,44.38531494140625,1970.056182447821
3,2024-09-10,2024-09-10 15:00:00,2024-09,15,333.1833190917969,619.6146240234375,286.4313049316406,82042.8924448425
3,2024-09-10,2024-09-10 16:00:00,2024-09,16,365.20001220703125,625.0957641601562,259.895751953125,67545.80188328028
3,2024-09-11,2024-09-11 08:00:00,2024-09,8,533.8333129882812,467.8018798828125,66.03143310546875,4360.150157961994
3,2024-09-11,2024-09-11 09:00:00,2024-09,9,718.2833251953125,505.5289306640625,212.75439453125,45264.43239235878
3,2024-09-11,2024-09-11 10:00:00,2024-09,10,882.5833129882812,563.4578857421875,319.12542724609375,101841.03831500188
3,2024-09-11,2024-09-11 11:00:00,2024-09,11,924.6333618164062,607.8666381835938,316.7667236328125,100341.15720106661
3,2024-09-11,2024-09-11 12:00:00,2024-09,12,904.5999755859375,641.2582397460938,263.34173583984375,69348.86983514205
3,2024-09-11,2024-09-11 13:00:00,2024-09,13,606.9500122070312,634.1985473632812,27.24853515625,742.4826681613922
3,2024-09-11,2024-09-11 14:00:00,2024-09,14,678.0833129882812,603.3746948242188,74.7086181640625,5581.377627983689
3,2024-09-11,2024-09-11 15:00:00,2024-09,15,574.7833251953125,594.048828125,19.2655029296875,371.15960313379765
3,2024-09-11,2024-09-11 16:00:00,2024-09,16,304.6166687011719,611.230712890625,306.6140441894531,94012.17209421191
3,2024-09-12,2024-09-12 08:00:00,2024-09,8,530.5166625976562,355.8497314453125,174.66693115234375,30508.53683817759
3,2024-09-12,2024-09-12 09:00:00,2024-09,9,756.5333251953125,370.05816650390625,386.47515869140625,149363.04828554764
3,2024-09-12,2024-09-12 10:00:00,2024-09,10,875.0499877929688,439.2177734375,435.83221435546875,189949.71906999126
3,2024-09-12,2024-09-12 11:00:00,2024-09,11,728.4833374023438,505.0663146972656,223.41702270507812,49915.166034401394
3,2024-09-12,2024-09-12 12:00:00,2024-09,12,825.5999755859375,585.2550048828125,240.344970703125,57765.704942286015
3,2024-09-12,2024-09-12 13:00:00,2024-09,13,553.5999755859375,643.2066040039062,89.60662841796875,8029.347856435925
3,2024-09-12,2024-09-12 14:00:00,2024-09,14,764.0,675.7363891601562,88.26361083984375,7790.464998487383
3,2024-09-12,2024-09-12 15:00:00,2024-09,15,523.3499755859375,693.1587524414062,169.80877685546875,28835.02069715038
3,2024-09-12,2024-09-12 16:00:00,2024-09,16,374.0333251953125,715.7064208984375,341.673095703125,116740.50432735682
3,2024-09-13,2024-09-13 08:00:00,2024-09,8,432.6833190917969,454.5895690917969,21.90625,479.8837890625
3,2024-09-13,2024-09-13 09:00:00,2024-09,9,722.4000244140625,474.70684814453125,247.69317626953125,61351.90957048908
3,2024-09-13,2024-09-13 10:00:00,2024-09,10,898.2666625976562,528.917236328125,369.34942626953125,136418.9986856319
3,2024-09-13,2024-09-13 11:00:00,2024-09,11,772.3499755859375,572.4566040039062,199.89337158203125,39957.36000243202
3,2024-09-13,2024-09-13 12:00:00,2024-09,12,552.8833618164062,618.3829345703125,65.49957275390625,4290.194030944258
3,2024-09-13,2024-09-13 13:00:00,2024-09,13,147.89999389648438,645.9140625,498.0140686035156,248018.01252702717
3,2024-09-13,2024-09-13 14:00:00,2024-09,14,323.4666748046875,659.781982421875,336.3153076171875,113107.98613764346
3,2024-09-13,2024-09-13 15:00:00,2024-09,15,288.5666809082031,676.1741943359375,387.6075134277344,150239.58446563128
3,2024-09-13,2024-09-13 16:00:00,2024-09,16,363.8166809082031,687.9481811523438,324.1315002441406,105061.22945051733
3,2024-09-14,2024-09-14 08:00:00,2024-09,8,505.29998779296875,435.32452392578125,69.9754638671875,4896.565543428063
3,2024-09-14,2024-09-14 09:00:00,2024-09,9,656.4166870117188,501.2561950683594,155.16049194335938,24074.77826010529
3,2024-09-14,2024-09-14 10:00:00,2024-09,10,786.8499755859375,533.1454467773438,253.70452880859375,64365.987937990576
3,2024-09-14,2024-09-14 11:00:00,2024-09,11,1000.3499755859375,570.3195190429688,430.03045654296875,184926.19355455413
3,2024-09-14,2024-09-14 12:00:00,2024-09,12,660.433349609375,571.7213745117188,88.71197509765625,7869.814525727183
3,2024-09-14,2024-09-14 13:00:00,2024-09,13,666.4666748046875,558.6669921875,107.7996826171875,11620.771572366357
3,2024-09-14,2024-09-14 14:00:00,2024-09,14,541.816650390625,538.036865234375,3.77978515625,14.286775827407837
3,2024-09-14,2024-09-14 15:00:00,2024-09,15,433.48333740234375,536.4642944335938,102.98095703125,10605.077511072159
3,2024-09-14,2024-09-14 16:00:00,2024-09,16,224.63333129882812,552.534423828125,327.9010925292969,107519.12648190651
3,2024-09-15,2024-09-15 08:00:00,2024-09,8,531.2999877929688,320.7858581542969,210.51412963867188,44316.19877752755
3,2024-09-15,2024-09-15 09:00:00,2024-09,9,726.8833618164062,339.8447570800781,387.0386047363281,149798.88155624364
3,2024-09-15,2024-09-15 10:00:00,2024-09,10,899.2833251953125,429.5435791015625,469.73974609375,220655.42906022072
3,2024-09-15,2024-09-15 11:00:00,2024-09,11,989.9500122070312,508.91705322265625,481.032958984375,231392.7076292634
3,2024-09-15,2024-09-15 12:00:00,2024-09,12,855.066650390625,600.3848876953125,254.6817626953125,64862.80024959147
3,2024-09-15,2024-09-15 13:00:00,2024-09,13,544.9666748046875,642.8106689453125,97.843994140625,9573.44718939066
3,2024-09-15,2024-09-15 14:00:00,2024-09,14,577.7666625976562,635.150146484375,57.38348388671875,3292.8642229773104
3,2024-09-15,2024-09-15 15:00:00,2024-09,15,542.7166748046875,599.8367919921875,57.1201171875,3262.707787513733
3,2024-09-15,2024-09-15 16:00:00,2024-09,16,375.2833251953125,578.1134643554688,202.83013916015625,41140.06535172835
3,2024-09-16,2024-09-16 08:00:00,2024-09,8,525.5,412.71038818359375,112.78961181640625,12721.496533695608
3,2024-09-16,2024-09-16 09:00:00,2024-09,9,745.5499877929688,411.87603759765625,333.6739501953125,111338.30503894389
3,2024-09-16,2024-09-16 10:00:00,2024-09,10,915.2000122070312,446.15185546875,469.04815673828125,220006.17333957925
3,2024-09-16,2024-09-16 11:00:00,2024-09,11,1020.7666625976562,484.25665283203125,536.510009765625,287842.99057871103
3,2024-09-16,2024-09-16 12:00:00,2024-09,12,908.1666870117188,537.70654296875,370.46014404296875,137240.71832433715
3,2024-09-16,2024-09-16 13:00:00,2024-09,13,380.1000061035156,582.24755859375,202.14755249023438,40863.63297779206
3,2024-09-16,2024-09-16 14:00:00,2024-09,14,823.683349609375,597.7268676757812,225.95648193359375,51056.33172780648
3,2024-09-16,2024-09-16 15:00:00,2024-09,15,625.816650390625,633.3958740234375,7.5792236328125,57.44463087618351
3,2024-09-16,2024-09-16 16:00:00,2024-09,16,355.1333312988281,664.7774047851562,309.6440734863281,95879.45224520657
3,2024-09-17,2024-09-17 08:00:00,2024-09,8,514.1333618164062,442.1656188964844,71.96774291992188,5179.356020987965
3,2024-09-17,2024-09-17 09:00:00,2024-09,9,736.7833251953125,459.05462646484375,277.72869873046875,77133.23009851947
3,2024-09-17,2024-09-17 10:00:00,2024-09,10,909.816650390625,517.8104248046875,392.0062255859375,153668.88089813292
3,2024-09-17,2024-09-17 11:00:00,2024-09,11,1014.5166625976562,584.593017578125,429.92364501953125,184834.34054687992
3,2024-09-17,2024-09-17 12:00:00,2024-09,12,1018.4833374023438,655.8660278320312,362.6173095703125,131491.31320001185
3,2024-09-17,2024-09-17 13:00:00,2024-09,13,429.6833190917969,695.8703002929688,266.1869812011719,70855.50896099303
3,2024-09-17,2024-09-17 14:00:00,2024-09,14,844.183349609375,714.7268676757812,129.45648193359375,16758.980714622885
3,2024-09-17,2024-09-17 15:00:00,2024-09,15,625.6101684570312,720.7379150390625,95.12774658203125,9049.288169775158
3,2024-09-17,2024-09-17 16:00:00,2024-09,16,364.4666748046875,721.58740234375,357.1207275390625,127535.21403802931
3,2024-09-18,2024-09-18 08:00:00,2024-09,8,517.9500122070312,497.77508544921875,20.1749267578125,407.0276696830988
3,2024-09-18,2024-09-18 09:00:00,2024-09,9,748.1666870117188,542.132080078125,206.03460693359375,42450.25925428048
3,2024-09-18,2024-09-18 10:00:00,2024-09,10,919.316650390625,622.7942504882812,296.52239990234375,87925.53364384547
3,2024-09-18,2024-09-18 11:00:00,2024-09,11,1013.816650390625,699.8859252929688,313.93072509765625,98552.50016034022
3,2024-09-18,2024-09-18 12:00:00,2024-09,12,1047.9166259765625,741.7761840820312,306.14044189453125,93721.97016337886
3,2024-09-18,2024-09-18 13:00:00,2024-09,13,544.6333618164062,751.8458251953125,207.21246337890625,42937.004979554564
3,2024-09-18,2024-09-18 14:00:00,2024-09,14,326.1666564941406,742.8533935546875,416.6867370605469,173627.83684216533
3,2024-09-18,2024-09-18 15:00:00,2024-09,15,118.18333435058594,732.9110107421875,614.7276611328125,377890.09736181796
3,2024-09-18,2024-09-18 16:00:00,2024-09,16,133.6666717529297,719.9534912109375,586.2868041992188,343732.21677813306
3,2024-09-19,2024-09-19 08:00:00,2024-09,8,533.4500122070312,137.139404296875,396.31060791015625,157062.0979421176
3,2024-09-19,2024-09-19 09:00:00,2024-09,9,751.7166748046875,187.391357421875,564.3253173828125,318463.06383921206
3,2024-09-19,2024-09-19 10:00:00,2024-09,10,912.7833251953125,286.5966796875,626.1866455078125,392109.71501232684
3,2024-09-19,2024-09-19 11:00:00,2024-09,11,775.683349609375,342.27294921875,433.410400390625,187844.57516676188
3,2024-09-19,2024-09-19 12:00:00,2024-09,12,654.5166625976562,409.8345642089844,244.68209838867188,59869.329271883704
3,2024-09-19,2024-09-19 13:00:00,2024-09,13,492.8999938964844,420.75567626953125,72.14431762695312,5204.802565858699
3,2024-09-19,2024-09-19 14:00:00,2024-09,14,238.5,395.7152404785156,157.21524047851562,24716.631838717498
3,2024-09-19,2024-09-19 15:00:00,2024-09,15,536.0166625976562,392.4794006347656,143.53726196289062,20602.945571803488
3,2024-09-19,2024-09-19 16:00:00,2024-09,16,364.9666748046875,395.0738830566406,30.107208251953125,906.4439887264743
3,2024-09-20,2024-09-20 08:00:00,2024-09,8,419.5333251953125,368.7067565917969,50.826568603515625,2583.3400760078803
3,2024-09-20,2024-09-20 09:00:00,2024-09,9,661.4666748046875,374.2469177246094,287.2197570800781,82495.18885713909
3,2024-09-20,2024-09-20 10:00:00,2024-09,10,851.6333618164062,402.2840270996094,449.3493347167969,201914.82461042795
3,2024-09-20,2024-09-20 11:00:00,2024-09,11,966.0,415.9956970214844,550.0042724609375,302504.6997252852
3,2024-09-20,2024-09-20 12:00:00,2024-09,12,775.7000122070312,460.5540771484375,315.14593505859375,99316.96038395539
3,2024-09-20,2024-09-20 13:00:00,2024-09,13,510.48333740234375,480.6337585449219,29.849578857421875,890.997357965447
3,2024-09-20,2024-09-20 14:00:00,2024-09,14,560.6500244140625,495.4025573730469,65.24746704101562,4257.23195526842
3,2024-09-20,2024-09-20 15:00:00,2024-09,15,313.8999938964844,521.2786865234375,207.37869262695312,43005.9221556643
3,2024-09-20,2024-09-20 16:00:00,2024-09,16,172.64999389648438,560.1658935546875,387.5158996582031,150168.57248790655
3,2024-09-21,2024-09-21 08:00:00,2024-09,8,506.04998779296875,193.8375244140625,312.21246337890625,97476.62228912488
3,2024-09-21,2024-09-21 09:00:00,2024-09,9,757.6500244140625,206.86135864257812,550.7886962890625,303368.18795980513
3,2024-09-21,2024-09-21 10:00:00,2024-09,10,924.2333374023438,273.215576171875,651.0177612304688,423824.1254375316
3,2024-09-21,2024-09-21 11:00:00,2024-09,11,1026.699951171875,308.65960693359375,718.0403442382812,515581.93595382944
3,2024-09-21,2024-09-21 12:00:00,2024-09,12,902.0499877929688,385.16265869140625,516.8873291015625,267172.510985747
3,2024-09-21,2024-09-21 13:00:00,2024-09,13,705.566650390625,421.7342834472656,283.8323669433594,80560.8125246698
3,2024-09-21,2024-09-21 14:00:00,2024-09,14,719.8666381835938,421.755615234375,298.11102294921875,88870.18200382963
3,2024-09-21,2024-09-21 15:00:00,2024-09,15,651.2833251953125,445.3289794921875,205.954345703125,42417.19251400232
3,2024-09-21,2024-09-21 16:00:00,2024-09,16,376.3999938964844,461.0772399902344,84.67724609375,7170.2360060215
3,2024-09-22,2024-09-22 08:00:00,2024-09,8,468.51666259765625,384.422119140625,84.09454345703125,7071.892239246517
3,2024-09-22,2024-09-22 09:00:00,2024-09,9,813.566650390625,369.8013916015625,443.7652587890625,196927.6049081236
3,2024-09-22,2024-09-22 10:00:00,2024-09,10,874.6333618164062,414.6260070800781,460.0073547363281,211606.76641151402
3,2024-09-22,2024-09-22 11:00:00,2024-09,11,1017.4500122070312,481.1869201660156,536.2630615234375,287578.0711544901
3,2024-09-22,2024-09-22 12:00:00,2024-09,12,895.0,599.1306762695312,295.86932373046875,87538.65672472492
3,2024-09-22,2024-09-22 13:00:00,2024-09,13,550.4833374023438,690.259033203125,139.77569580078125,19537.245136592537
3,2024-09-22,2024-09-22 14:00:00,2024-09,14,723.4833374023438,740.2174072265625,16.73406982421875,280.02909288182855
3,2024-09-22,2024-09-22 15:00:00,2024-09,15,564.566650390625,754.461669921875,189.89501953125,36060.11844277382
3,2024-09-22,2024-09-22 16:00:00,2024-09,16,198.35000610351562,761.5858764648438,563.23583984375,317234.6112844944
3,2024-09-23,2024-09-23 08:00:00,2024-09,8,499.51666259765625,265.82080078125,233.69586181640625,54613.755830112845
3,2024-09-23,2024-09-23 09:00:00,2024-09,9,678.5166625976562,288.6763610839844,389.8403015136719,151975.4606842706
3,2024-09-23,2024-09-23 10:00:00,2024-09,10,973.5333251953125,362.42681884765625,611.1065063476562,373451.162100438
3,2024-09-23,2024-09-23 11:00:00,2024-09,11,695.9500122070312,441.9951171875,253.95489501953125,64493.08870438114
3,2024-09-23,2024-09-23 12:00:00,2024-09,12,516.5833129882812,547.9501342773438,31.3668212890625,983.8774777799845
3,2024-09-23,2024-09-23 13:00:00,2024-09,13,436.3999938964844,624.760498046875,188.36050415039062,35479.679523789324
3,2024-09-23,2024-09-23 14:00:00,2024-09,14,567.8833618164062,668.1465454101562,100.26318359375,10052.70598435402
3,2024-09-23,2024-09-23 15:00:00,2024-09,15,338.6333312988281,688.51025390625,349.8769226074219,122413.86097323988
3,2024-09-23,2024-09-23 16:00:00,2024-09,16,185.21665954589844,703.1080322265625,517.891357421875,268211.4580922723
3,2024-09-24,2024-09-24 08:00:00,2024-09,8,493.5833435058594,260.7593078613281,232.82403564453125,54207.03157380596
3,2024-09-24,2024-09-24 09:00:00,2024-09,9,734.8833618164062,295.2849426269531,439.5984191894531,193246.77015386615
3,2024-09-24,2024-09-24 10:00:00,2024-09,10,757.1333618164062,351.3996276855469,405.7337341308594,164619.86301177088
3,2024-09-24,2024-09-24 11:00:00,2024-09,11,923.0333251953125,394.1741638183594,528.859130859375,279691.98029333353
3,2024-09-24,2024-09-24 12:00:00,2024-09,12,945.7833251953125,444.47607421875,501.3072509765625,251308.95988167822
3,2024-09-24,2024-09-24 13:00:00,2024-09,13,656.4666748046875,469.18426513671875,187.28240966796875,35074.700971040875
3,2024-09-24,2024-09-24 14:00:00,2024-09,14,616.9833374023438,481.30938720703125,135.6739501953125,18407.420761600137
3,2024-09-24,2024-09-24 15:00:00,2024-09,15,392.4333190917969,506.4052429199219,113.971923828125,12989.599421083927
3,2024-09-24,2024-09-24 16:00:00,2024-09,16,292.9666748046875,541.1404418945312,248.17376708984375,61590.21867156401
3,2024-09-25,2024-09-25 08:00:00,2024-09,8,466.8166809082031,327.5546569824219,139.26202392578125,19393.91130790487
3,2024-09-25,2024-09-25 09:00:00,2024-09,9,674.5499877929688,337.4115905761719,337.1383972167969,113662.29887791071
3,2024-09-25,2024-09-25 10:00:00,2024-09,10,815.0,401.2075500488281,413.7924499511719,171224.19163659308
3,2024-09-25,2024-09-25 11:00:00,2024-09,11,980.7166748046875,458.799560546875,521.9171142578125,272397.4741552025
3,2024-09-25,2024-09-25 12:00:00,2024-09,12,885.933349609375,540.4344482421875,345.4989013671875,119369.49084593356
3,2024-09-25,2024-09-25 13:00:00,2024-09,13,670.5,601.8593139648438,68.64068603515625,4711.543779376894
3,2024-09-25,2024-09-25 14:00:00,2024-09,14,758.4500122070312,625.0593872070312,133.390625,17793.058837890625
3,2024-09-25,2024-09-25 15:00:00,2024-09,15,540.8333129882812,628.05078125,87.21746826171875,7606.8867699839175
3,2024-09-25,2024-09-25 16:00:00,2024-09,16,240.03334045410156,618.5216674804688,378.48834228515625,143253.4252457656
3,2024-09-26,2024-09-26 08:00:00,2024-09,8,492.45001220703125,256.05914306640625,236.390869140625,55880.64301306009
3,2024-09-26,2024-09-26 09:00:00,2024-09,9,674.2333374023438,249.623779296875,424.60955810546875,180293.27683452144
3,2024-09-26,2024-09-26 10:00:00,2024-09,10,830.9666748046875,312.5668029785156,518.39990234375,268738.45875000954
3,2024-09-26,2024-09-26 11:00:00,2024-09,11,918.2166748046875,398.2108154296875,520.005859375,270406.0937843323
3,2024-09-26,2024-09-26 12:00:00,2024-09,12,956.5499877929688,519.6548461914062,436.8951416015625,190877.36475504935
3,2024-09-26,2024-09-26 13:00:00,2024-09,13,763.7391357421875,613.563232421875,150.1759033203125,22552.801938071847
3,2024-09-26,2024-09-26 14:00:00,2024-09,14,183.5454559326172,676.9153442382812,493.369873046875,243413.83163028955
3,2024-09-26,2024-09-26 15:00:00,2024-09,15,193.8000030517578,664.7212524414062,470.9212646484375,221766.8374980837
3,2024-09-26,2024-09-26 16:00:00,2024-09,16,148.25,667.9619140625,519.7119140625,270100.4736185074
3,2024-09-27,2024-09-27 08:00:00,2024-09,8,528.0,100.10076904296875,427.89923095703125,183097.75185361877
3,2024-09-27,2024-09-27 09:00:00,2024-09,9,749.3333129882812,152.07577514648438,597.257568359375,356716.6029625535
3,2024-09-27,2024-09-27 10:00:00,2024-09,10,913.4000244140625,244.22344970703125,669.1765747070312,447797.288136635
3,2024-09-27,2024-09-27 11:00:00,2024-09,11,812.7166748046875,314.7862243652344,497.9304504394531,247934.73347483668
3,2024-09-27,2024-09-27 12:00:00,2024-09,12,284.95001220703125,378.4156799316406,93.46566772460938,8735.831043207087
3,2024-09-27,2024-09-27 13:00:00,2024-09,13,887.3666381835938,407.0543212890625,480.31231689453125,230699.9217605926
3,2024-09-27,2024-09-27 14:00:00,2024-09,14,470.8166809082031,387.58477783203125,83.23190307617188,6927.549689681269
3,2024-09-27,2024-09-27 15:00:00,2024-09,15,112.88333129882812,388.59307861328125,275.7097473144531,76015.86476419959
3,2024-09-27,2024-09-27 16:00:00,2024-09,16,99.25,395.3951110839844,296.1451110839844,87701.92681894545
3,2024-09-28,2024-09-28 08:00:00,2024-09,8,359.1666564941406,109.58975219726562,249.576904296875,62288.6311584115
3,2024-09-28,2024-09-28 09:00:00,2024-09,9,616.0999755859375,180.5789794921875,435.52099609375,189678.5380384922
3,2024-09-28,2024-09-28 10:00:00,2024-09,10,860.8499755859375,255.14654541015625,605.7034301757812,366876.6453267075
3,2024-09-28,2024-09-28 11:00:00,2024-09,11,674.2666625976562,307.60736083984375,366.6593017578125,134439.0435655266
3,2024-09-28,2024-09-28 12:00:00,2024-09,12,255.6999969482422,357.182373046875,101.48237609863281,10298.67265862436
3,2024-09-28,2024-09-28 13:00:00,2024-09,13,716.75,366.0506286621094,350.6993713378906,122990.0490567917
3,2024-09-28,2024-09-28 14:00:00,2024-09,14,546.2166748046875,364.8403015136719,181.37637329101562,32897.388788201846
3,2024-09-28,2024-09-28 15:00:00,2024-09,15,440.1166687011719,383.6633605957031,56.45330810546875,3186.9759960509837
3,2024-09-28,2024-09-28 16:00:00,2024-09,16,335.70001220703125,408.6585998535156,72.95858764648438,5322.955511369742
3,2024-09-29,2024-09-29 08:00:00,2024-09,8,358.3666687011719,382.83935546875,24.472686767578125,598.9123976239935
3,2024-09-29,2024-09-29 09:00:00,2024-09,9,396.6833190917969,374.985107421875,21.698211669921875,470.81238967273384
3,2024-09-29,2024-09-29 10:00:00,2024-09,10,570.1333618164062,392.09228515625,178.04107666015625,31698.624978307635
3,2024-09-29,2024-09-29 11:00:00,2024-09,11,707.75,405.418212890625,302.331787109375,91404.50949674845
3,2024-09-29,2024-09-29 12:00:00,2024-09,12,381.1833190917969,445.3504943847656,64.16717529296875,4117.426385078579
3,2024-09-29,2024-09-29 13:00:00,2024-09,13,736.25,498.1354064941406,238.11459350585938,56698.55964046065
3,2024-09-29,2024-09-29 14:00:00,2024-09,14,656.1500244140625,546.7713012695312,109.37872314453125,11963.705076728016
3,2024-09-29,2024-09-29 15:00:00,2024-09,15,305.0,583.3008422851562,278.30084228515625,77451.35881662741
3,2024-09-29,2024-09-29 16:00:00,2024-09,16,164.31666564941406,598.7332153320312,434.41656494140625,188717.75189549103
3,2024-09-30,2024-09-30 08:00:00,2024-09,8,394.1000061035156,236.89596557617188,157.20404052734375,24713.110358122736
3,2024-09-30,2024-09-30 09:00:00,2024-09,9,581.2166748046875,245.33404541015625,335.88262939453125,112817.14072898403
3,2024-09-30,2024-09-30 10:00:00,2024-09,10,298.8833312988281,292.092529296875,6.790802001953125,46.11499182973057
3,2024-09-30,2024-09-30 11:00:00,2024-09,11,514.1166381835938,359.75848388671875,154.358154296875,23826.43979793787
3,2024-09-30,2024-09-30 12:00:00,2024-09,12,565.183349609375,450.2314453125,114.951904296875,13213.940301477909
3,2024-09-30,2024-09-30 13:00:00,2024-09,13,990.1333618164062,543.7523193359375,446.38104248046875,199256.03508595005
3,2024-09-30,2024-09-30 14:00:00,2024-09,14,852.9000244140625,609.8720703125,243.0279541015625,59062.58647479117
3,2024-09-30,2024-09-30 15:00:00,2024-09,15,430.73333740234375,635.4284057617188,204.695068359375,41900.071010649204
3,2024-09-30,2024-09-30 16:00:00,2024-09,16,224.26666259765625,636.427978515625,412.16131591796875,169876.95033923164
3,2024-10-01,2024-10-01 08:00:00,2024-10,8,202.4499969482422,326.84228515625,124.39228820800781,15473.44136562408
3,2024-10-01,2024-10-01 09:00:00,2024-10,9,519.816650390625,334.1707763671875,185.6458740234375,34464.390541926026
3,2024-10-01,2024-10-01 10:00:00,2024-10,10,330.0833435058594,369.1112060546875,39.027862548828125,1523.174055130221
3,2024-10-01,2024-10-01 11:00:00,2024-10,11,441.4745788574219,421.1041259765625,20.370452880859375,414.955350571312
3,2024-10-01,2024-10-01 12:00:00,2024-10,12,848.183349609375,496.5787048339844,351.6046447753906,123625.82622762863
3,2024-10-01,2024-10-01 13:00:00,2024-10,13,672.75,558.4051513671875,114.3448486328125,13074.744408860803
3,2024-10-01,2024-10-01 14:00:00,2024-10,14,637.5999755859375,598.5242309570312,39.07574462890625,1526.9138183034956
3,2024-10-01,2024-10-01 15:00:00,2024-10,15,276.6666564941406,622.8043212890625,346.1376647949219,119811.2829896817
3,2024-10-01,2024-10-01 16:00:00,2024-10,16,323.8999938964844,634.4697265625,310.5697326660156,96453.55884824041
3,2024-10-02,2024-10-02 08:00:00,2024-10,8,466.3833312988281,388.85821533203125,77.52511596679688,6010.143605665304
3,2024-10-02,2024-10-02 09:00:00,2024-10,9,383.7166748046875,411.33148193359375,27.61480712890625,762.5775727666914
3,2024-10-02,2024-10-02 10:00:00,2024-10,10,525.9666748046875,446.3759765625,79.5906982421875,6334.679246678948
3,2024-10-02,2024-10-02 11:00:00,2024-10,11,855.5166625976562,490.53765869140625,364.97900390625,133209.67329239845
3,2024-10-02,2024-10-02 12:00:00,2024-10,12,817.5999755859375,535.9546508789062,281.64532470703125,79324.08892932907
3,2024-10-02,2024-10-02 13:00:00,2024-10,13,856.1500244140625,558.8102416992188,297.33978271484375,88410.9463849105
3,2024-10-02,2024-10-02 14:00:00,2024-10,14,861.75,563.9114990234375,297.8385009765625,88707.77266396582
3,2024-10-02,2024-10-02 15:00:00,2024-10,15,371.8833312988281,578.145263671875,206.26193237304688,42543.98474626336
3,2024-10-02,2024-10-02 16:00:00,2024-10,16,133.03334045410156,598.4309692382812,465.39764404296875,216594.96708074585
3,2024-10-03,2024-10-03 08:00:00,2024-10,8,385.5666809082031,129.55596923828125,256.0107116699219,65541.48448973987
3,2024-10-03,2024-10-03 09:00:00,2024-10,9,505.6333312988281,143.866455078125,361.7668762207031,130875.27273048554
3,2024-10-03,2024-10-03 10:00:00,2024-10,10,726.4500122070312,202.50991821289062,523.9400634765625,274513.19011582434
3,2024-10-03,2024-10-03 11:00:00,2024-10,11,901.7333374023438,287.6374206542969,614.095947265625,377113.8324480653
3,2024-10-03,2024-10-03 12:00:00,2024-10,12,875.6333618164062,419.68798828125,455.94537353515625,207886.18364811316
3,2024-10-03,2024-10-03 13:00:00,2024-10,13,850.6500244140625,514.7613525390625,335.888671875,112821.19989395142
3,2024-10-03,2024-10-03 14:00:00,2024-10,14,533.5999755859375,558.510009765625,24.9100341796875,620.5098028331995
3,2024-10-03,2024-10-03 15:00:00,2024-10,15,410.3166809082031,560.6598510742188,150.34317016601562,22603.06881556753
3,2024-10-03,2024-10-03 16:00:00,2024-10,16,266.3333435058594,569.6950073242188,303.3616638183594,92028.29907464329
3,2024-10-04,2024-10-04 08:00:00,2024-10,8,499.6333312988281,313.7795715332031,185.853759765625,34541.62001901865
3,2024-10-04,2024-10-04 09:00:00,2024-10,9,750.816650390625,342.29388427734375,408.52276611328125,166890.8504328467
3,2024-10-04,2024-10-04 10:00:00,2024-10,10,908.8499755859375,392.41424560546875,516.4357299804688,266705.86320045963
3,2024-10-04,2024-10-04 11:00:00,2024-10,11,928.6166381835938,455.548828125,473.06781005859375,223793.15291363373
3,2024-10-04,2024-10-04 12:00:00,2024-10,12,634.9500122070312,525.109375,109.84063720703125,12064.965582046658
3,2024-10-04,2024-10-04 13:00:00,2024-10,13,869.6333618164062,551.3925170898438,318.2408447265625,101277.23525227606
3,2024-10-04,2024-10-04 14:00:00,2024-10,14,527.7999877929688,545.243408203125,17.44342041015625,304.27291560545564
3,2024-10-04,2024-10-04 15:00:00,2024-10,15,126.6500015258789,545.9850463867188,419.3350524902344,175841.88624698762
3,2024-10-04,2024-10-04 16:00:00,2024-10,16,43.04999923706055,571.4900512695312,528.4400634765625,279248.9006871134
3,2024-10-05,2024-10-05 08:00:00,2024-10,8,235.39999389648438,25.131591796875,210.26840209960938,44212.80092152301
3,2024-10-05,2024-10-05 09:00:00,2024-10,9,344.9666748046875,60.85479736328125,284.11187744140625,80719.55890328065
3,2024-10-05,2024-10-05 10:00:00,2024-10,10,497.20001220703125,149.9615478515625,347.23846435546875,120574.55112794414
3,2024-10-05,2024-10-05 11:00:00,2024-10,11,849.2000122070312,237.92852783203125,611.271484375,373652.82761001587
3,2024-10-05,2024-10-05 12:00:00,2024-10,12,893.8833618164062,355.7235107421875,538.1598510742188,289616.0253082253
3,2024-10-05,2024-10-05 13:00:00,2024-10,13,570.933349609375,419.5421142578125,151.3912353515625,22919.306141272187
3,2024-10-05,2024-10-05 14:00:00,2024-10,14,290.01666259765625,434.00421142578125,143.987548828125,20732.41421753168
3,2024-10-05,2024-10-05 15:00:00,2024-10,15,162.88333129882812,448.89251708984375,286.0091857910156,81801.2543568397
3,2024-10-05,2024-10-05 16:00:00,2024-10,16,24.75,469.0956115722656,444.3456115722656,197443.02252353076
3,2024-10-06,2024-10-06 08:00:00,2024-10,8,131.48333740234375,0.0,131.48333740234375,17287.868014458567
3,2024-10-06,2024-10-06 09:00:00,2024-10,9,170.8333282470703,24.14544677734375,146.68788146972656,21517.33457007655
3,2024-10-06,2024-10-06 10:00:00,2024-10,10,279.3666687011719,98.32748413085938,181.0391845703125,32775.186349883676
3,2024-10-06,2024-10-06 11:00:00,2024-10,11,417.2833251953125,162.19357299804688,255.08975219726562,65070.78167606238
3,2024-10-06,2024-10-06 12:00:00,2024-10,12,491.1000061035156,262.0372619628906,229.062744140625,52469.74075323343
3,2024-10-06,2024-10-06 13:00:00,2024-10,13,480.1499938964844,328.4793395996094,151.670654296875,23003.987374842167
3,2024-10-06,2024-10-06 14:00:00,2024-10,14,341.3333435058594,358.59423828125,17.260894775390625,297.9384884471074
3,2024-10-06,2024-10-06 15:00:00,2024-10,15,233.38333129882812,410.03765869140625,176.65432739257812,31206.751386524178
3,2024-10-06,2024-10-06 16:00:00,2024-10,16,128.8333282470703,464.652587890625,335.81927490234375,112774.58539593592
3,2024-10-07,2024-10-07 08:00:00,2024-10,8,212.03334045410156,145.53533935546875,66.49800109863281,4421.984150113771
3,2024-10-07,2024-10-07 09:00:00,2024-10,9,269.29998779296875,138.08786010742188,131.21212768554688,17216.622451768257
3,2024-10-07,2024-10-07 10:00:00,2024-10,10,416.4333190917969,172.84677124023438,243.5865478515625,59334.40629424155
3,2024-10-07,2024-10-07 11:00:00,2024-10,11,698.4833374023438,213.405517578125,485.07781982421875,235300.49128541723
3,2024-10-07,2024-10-07 12:00:00,2024-10,12,749.4666748046875,301.39215087890625,448.07452392578125,200770.7789913155
3,2024-10-07,2024-10-07 13:00:00,2024-10,13,753.5,376.2212829589844,377.2787170410156,142339.23033211473
3,2024-10-07,2024-10-07 14:00:00,2024-10,14,335.4666748046875,427.97283935546875,92.50616455078125,8557.390479896218
3,2024-10-07,2024-10-07 15:00:00,2024-10,15,167.85000610351562,471.5562438964844,303.70623779296875,92237.47887435928
3,2024-10-07,2024-10-07 16:00:00,2024-10,16,53.66666793823242,518.8409423828125,465.1742858886719,216387.11625203583
3,2024-10-08,2024-10-08 08:00:00,2024-10,8,403.25,40.5548095703125,362.6951904296875,131547.80116082728
3,2024-10-08,2024-10-08 09:00:00,2024-10,9,649.8499755859375,46.85809326171875,602.9918823242188,363599.2101489045
3,2024-10-08,2024-10-08 10:00:00,2024-10,10,775.0833129882812,86.3328857421875,688.7504272460938,474377.1510316767
3,2024-10-08,2024-10-08 11:00:00,2024-10,11,337.1333312988281,130.86578369140625,206.26754760742188,42546.30119598005
3,2024-10-08,2024-10-08 12:00:00,2024-10,12,436.8833312988281,201.7878875732422,235.09544372558594,55269.867660530144
3,2024-10-08,2024-10-08 13:00:00,2024-10,13,521.5333251953125,248.69137573242188,272.8419494628906,74442.72938671056
3,2024-10-08,2024-10-08 14:00:00,2024-10,14,341.8666687011719,261.4555969238281,80.41107177734375,6465.940464381129
3,2024-10-08,2024-10-08 15:00:00,2024-10,15,243.85000610351562,275.9515380859375,32.101531982421875,1030.5083556184545
3,2024-10-08,2024-10-08 16:00:00,2024-10,16,110.86666870117188,295.8833312988281,185.01666259765625,34231.16543877497
3,2024-10-09,2024-10-09 08:00:00,2024-10,8,534.5999755859375,122.65950012207031,411.94049072265625,169694.96789682284
3,2024-10-09,2024-10-09 09:00:00,2024-10,9,661.0833129882812,121.38165283203125,539.70166015625,291277.88197541237
3,2024-10-09,2024-10-09 10:00:00,2024-10,10,977.3728637695312,145.64598083496094,831.7268676757812,691769.5824137665
3,2024-10-09,2024-10-09 11:00:00,2024-10,11,959.7000122070312,184.89352416992188,774.8065185546875,600325.1411948353
3,2024-10-09,2024-10-09 12:00:00,2024-10,12,285.7166748046875,234.94021606445312,50.776458740234375,2578.248762198724
3,2024-10-09,2024-10-09 13:00:00,2024-10,13,86.93333435058594,280.13702392578125,193.2036895751953,37327.665665468434
3,2024-10-09,2024-10-09 14:00:00,2024-10,14,105.8499984741211,314.03997802734375,208.18997192382812,43343.06440964434
3,2024-10-09,2024-10-09 15:00:00,2024-10,15,163.13333129882812,352.56787109375,189.43453979492188,35885.44486731384
3,2024-10-09,2024-10-09 16:00:00,2024-10,16,81.63333129882812,381.54656982421875,299.9132385253906,89947.95064278785
3,2024-10-10,2024-10-10 08:00:00,2024-10,8,420.79998779296875,57.986602783203125,362.8133850097656,131633.55234224442
3,2024-10-10,2024-10-10 09:00:00,2024-10,9,726.5166625976562,73.6510009765625,652.8656616210938,426233.5721239485
3,2024-10-10,2024-10-10 10:00:00,2024-10,10,586.1500244140625,99.06585693359375,487.08416748046875,237250.98621014133
3,2024-10-10,2024-10-10 11:00:00,2024-10,11,251.78334045410156,129.52664184570312,122.25669860839844,14946.700354624772
3,2024-10-10,2024-10-10 12:00:00,2024-10,12,374.8333435058594,172.0063934326172,202.8269500732422,41138.77167601348
3,2024-10-10,2024-10-10 13:00:00,2024-10,13,710.7999877929688,202.31784057617188,508.4821472167969,258554.0940382043
3,2024-10-10,2024-10-10 14:00:00,2024-10,14,869.25,222.1240234375,647.1259765625,418772.0295419693
3,2024-10-10,2024-10-10 15:00:00,2024-10,15,321.26666259765625,263.3602600097656,57.906402587890625,3353.151460670866
3,2024-10-10,2024-10-10 16:00:00,2024-10,16,145.60000610351562,302.1362609863281,156.5362548828125,24503.59909273684
3,2024-10-11,2024-10-11 08:00:00,2024-10,8,166.36666870117188,236.55006408691406,70.18339538574219,4925.708987871418
3,2024-10-11,2024-10-11 09:00:00,2024-10,9,297.1833190917969,231.52752685546875,65.65579223632812,4310.6830541798845
3,2024-10-11,2024-10-11 10:00:00,2024-10,10,329.7166748046875,268.8587646484375,60.85791015625,3703.685228586197
3,2024-10-11,2024-10-11 11:00:00,2024-10,11,344.5333251953125,313.3441162109375,31.189208984375,972.7667570710182
3,2024-10-11,2024-10-11 12:00:00,2024-10,12,595.2333374023438,389.40399169921875,205.829345703125,42365.71955257654
3,2024-10-11,2024-10-11 13:00:00,2024-10,13,564.6166381835938,467.3663024902344,97.25033569335938,9457.627792471088
3,2024-10-11,2024-10-11 14:00:00,2024-10,14,191.14999389648438,533.0383911132812,341.8883972167969,116887.67615147028
3,2024-10-11,2024-10-11 15:00:00,2024-10,15,67.36666870117188,562.2802124023438,494.9135437011719,244939.41573885176
3,2024-10-11,2024-10-11 16:00:00,2024-10,16,144.68333435058594,560.718505859375,416.03515625,173085.2512359619
3,2024-10-12,2024-10-12 08:00:00,2024-10,8,579.6500244140625,201.5408477783203,378.10919189453125,142966.56099513546
3,2024-10-12,2024-10-12 09:00:00,2024-10,9,524.6666870117188,233.46963500976562,291.1970520019531,84795.72309462819
3,2024-10-12,2024-10-12 10:00:00,2024-10,10,746.433349609375,259.22845458984375,487.20489501953125,237368.60973099247
3,2024-10-12,2024-10-12 11:00:00,2024-10,11,1029.5999755859375,279.2698669433594,750.330078125,562995.2261390686
3,2024-10-12,2024-10-12 12:00:00,2024-10,12,234.68333435058594,301.1286926269531,66.44535827636719,4414.9856364747975
3,2024-10-12,2024-10-12 13:00:00,2024-10,13,98.63333129882812,329.39532470703125,230.76199340820312,53251.09760172758
3,2024-10-12,2024-10-12 14:00:00,2024-10,14,154.39999389648438,344.6874694824219,190.2874755859375,36209.32336486876
3,2024-10-12,2024-10-12 15:00:00,2024-10,15,389.3666687011719,368.1614685058594,21.2052001953125,449.6605153232813
3,2024-10-12,2024-10-12 16:00:00,2024-10,16,167.53334045410156,367.6666564941406,200.13331604003906,40053.34418918216
3,2024-10-13,2024-10-13 08:00:00,2024-10,8,201.0833282470703,225.03622436523438,23.952896118164062,573.741232447559
3,2024-10-13,2024-10-13 09:00:00,2024-10,9,291.7833251953125,243.21490478515625,48.56842041015625,2358.891461137682
3,2024-10-13,2024-10-13 10:00:00,2024-10,10,865.3666381835938,242.8296356201172,622.5369873046875,387552.30056239665
3,2024-10-13,2024-10-13 11:00:00,2024-10,11,358.9666748046875,260.0811767578125,98.885498046875,9778.34172397852
3,2024-10-13,2024-10-13 12:00:00,2024-10,12,790.5166625976562,308.64520263671875,481.8714599609375,232200.1039248854
3,2024-10-13,2024-10-13 13:00:00,2024-10,13,671.816650390625,337.5453186035156,334.2713317871094,111737.32325472776
3,2024-10-13,2024-10-13 14:00:00,2024-10,14,104.96666717529297,347.56982421875,242.6031494140625,58856.288105621934
3,2024-10-13,2024-10-13 15:00:00,2024-10,15,198.6666717529297,378.3755187988281,179.70884704589844,32295.26970656612
3,2024-10-13,2024-10-13 16:00:00,2024-10,16,123.44999694824219,400.6665954589844,277.21661376953125,76849.05094984546
3,2024-10-14,2024-10-14 08:00:00,2024-10,8,105.75,142.34402465820312,36.594024658203125,1339.1226406851783
3,2024-10-14,2024-10-14 09:00:00,2024-10,9,207.11666870117188,160.87521362304688,46.241455078125,2138.2721677422523
3,2024-10-14,2024-10-14 10:00:00,2024-10,10,251.89999389648438,206.6134033203125,45.286590576171875,2050.8752860138193
3,2024-10-14,2024-10-14 11:00:00,2024-10,11,300.98333740234375,242.18106079101562,58.802276611328125,3457.7077346751466
3,2024-10-14,2024-10-14 12:00:00,2024-10,12,320.6666564941406,276.1400146484375,44.526641845703125,1982.6218340555206
3,2024-10-14,2024-10-14 13:00:00,2024-10,13,241.8333282470703,299.9822692871094,58.14894104003906,3381.299344077939
3,2024-10-14,2024-10-14 14:00:00,2024-10,14,318.8666687011719,304.2946472167969,14.572021484375,212.34381014108658
3,2024-10-14,2024-10-14 15:00:00,2024-10,15,270.26666259765625,322.3831787109375,52.11651611328125,2716.131251785904
3,2024-10-14,2024-10-14 16:00:00,2024-10,16,44.06666564941406,308.9889221191406,264.9222412109375,70183.79388822615
3,2024-10-15,2024-10-15 08:00:00,2024-10,8,296.48333740234375,120.17559814453125,176.3077392578125,31084.4189222008
3,2024-10-15,2024-10-15 09:00:00,2024-10,9,572.0499877929688,118.70172119140625,453.3482666015625,205524.6508306414
3,2024-10-15,2024-10-15 10:00:00,2024-10,10,798.9500122070312,145.29010009765625,653.659912109375,427271.28069883585
3,2024-10-15,2024-10-15 11:00:00,2024-10,11,638.5333251953125,179.3345947265625,459.19873046875,210863.4740641117
3,2024-10-15,2024-10-15 12:00:00,2024-10,12,766.2000122070312,246.4214630126953,519.778564453125,270169.7560649514
3,2024-10-15,2024-10-15 13:00:00,2024-10,13,532.25,303.7183532714844,228.53164672851562,52226.71355644707
3,2024-10-15,2024-10-15 14:00:00,2024-10,14,426.5,347.50457763671875,78.99542236328125,6240.276754353195
3,2024-10-15,2024-10-15 15:00:00,2024-10,15,365.1333312988281,385.71728515625,20.583953857421875,423.6991564044729
3,2024-10-15,2024-10-15 16:00:00,2024-10,16,179.1666717529297,406.5611267089844,227.3944549560547,51708.238144761184
3,2024-10-16,2024-10-16 08:00:00,2024-10,8,330.79998779296875,200.96754455566406,129.8324432373047,16856.463316967944
3,2024-10-16,2024-10-16 09:00:00,2024-10,9,604.5999755859375,198.15989685058594,406.4400634765625,165193.52519883215
3,2024-10-16,2024-10-16 10:00:00,2024-10,10,508.25,207.44464111328125,300.80535888671875,90483.86393496767
3,2024-10-16,2024-10-16 11:00:00,2024-10,11,659.8833618164062,220.2625274658203,439.620849609375,193266.4914112687
3,2024-10-16,2024-10-16 12:00:00,2024-10,12,767.6666870117188,249.5686492919922,518.0980224609375,268425.5608779341
3,2024-10-16,2024-10-16 13:00:00,2024-10,13,586.183349609375,274.07501220703125,312.10833740234375,97411.61427605525
3,2024-10-16,2024-10-16 14:00:00,2024-10,14,616.183349609375,283.7666931152344,332.4166564941406,110500.83351474348
3,2024-10-16,2024-10-16 15:00:00,2024-10,15,521.2166748046875,300.2842712402344,220.93240356445312,48811.12694476638
3,2024-10-16,2024-10-16 16:00:00,2024-10,16,227.11666870117188,298.9869384765625,71.87026977539062,5165.335677587427
3,2024-10-17,2024-10-17 08:00:00,2024-10,8,540.0333251953125,302.1864318847656,237.84689331054688,56571.14465747867
3,2024-10-17,2024-10-17 09:00:00,2024-10,9,756.5833129882812,289.974853515625,466.60845947265625,217723.4544514455
3,2024-10-17,2024-10-17 10:00:00,2024-10,10,907.7999877929688,325.822998046875,581.9769897460938,338697.2165939249
3,2024-10-17,2024-10-17 11:00:00,2024-10,11,974.5333251953125,373.36767578125,601.1656494140625,361400.1380354315
3,2024-10-17,2024-10-17 12:00:00,2024-10,12,971.25,459.5759582519531,511.6740417480469,261810.32499878202
3,2024-10-17,2024-10-17 13:00:00,2024-10,13,887.5166625976562,502.340087890625,385.17657470703125,148360.99370304123
3,2024-10-17,2024-10-17 14:00:00,2024-10,14,277.7166748046875,540.3292236328125,262.612548828125,68965.35080200434
3,2024-10-17,2024-10-17 15:00:00,2024-10,15,431.5666809082031,557.5018920898438,125.93521118164062,15859.677415364422
3,2024-10-17,2024-10-17 16:00:00,2024-10,16,301.20001220703125,565.2696533203125,264.06964111328125,69732.77535769716
3,2024-10-18,2024-10-18 08:00:00,2024-10,8,542.183349609375,347.09002685546875,195.09332275390625,38061.404583159834
3,2024-10-18,2024-10-18 09:00:00,2024-10,9,758.1166381835938,369.0250244140625,389.09161376953125,151392.28390577808
3,2024-10-18,2024-10-18 10:00:00,2024-10,10,906.316650390625,413.0065002441406,493.3101501464844,243354.90423754696
3,2024-10-18,2024-10-18 11:00:00,2024-10,11,958.5333251953125,466.6769714355469,491.8563537597656,241922.6727338517
3,2024-10-18,2024-10-18 12:00:00,2024-10,12,914.8666381835938,519.1563110351562,395.7103271484375,156586.66301192343
3,2024-10-18,2024-10-18 13:00:00,2024-10,13,869.3833618164062,549.2656860351562,320.11767578125,102475.3263475895
3,2024-10-18,2024-10-18 14:00:00,2024-10,14,421.4745788574219,545.752197265625,124.27761840820312,15444.926437214948
3,2024-10-18,2024-10-18 15:00:00,2024-10,15,405.29998779296875,537.6744384765625,132.37445068359375,17522.995193783194
3,2024-10-18,2024-10-18 16:00:00,2024-10,16,237.73333740234375,537.7782592773438,300.044921875,90026.95514297485
3,2024-10-19,2024-10-19 08:00:00,2024-10,8,188.11666870117188,232.51327514648438,44.3966064453125,1971.0586638599634
3,2024-10-19,2024-10-19 09:00:00,2024-10,9,411.76666259765625,252.25619506835938,159.51046752929688,25443.589251414873
3,2024-10-19,2024-10-19 10:00:00,2024-10,10,493.3666687011719,333.0875549316406,160.27911376953125,25689.394310746342
3,2024-10-19,2024-10-19 11:00:00,2024-10,11,765.4000244140625,413.074462890625,352.3255615234375,124133.30130280554
3,2024-10-19,2024-10-19 12:00:00,2024-10,12,724.683349609375,498.1796569824219,226.50369262695312,51303.92277364526
3,2024-10-19,2024-10-19 13:00:00,2024-10,13,743.8499755859375,528.6329345703125,215.217041015625,46318.37474352121
3,2024-10-19,2024-10-19 14:00:00,2024-10,14,441.6000061035156,517.739013671875,76.13900756835938,5797.148473494686
3,2024-10-19,2024-10-19 15:00:00,2024-10,15,424.6666564941406,509.10284423828125,84.43618774414062,7129.4698007637635
3,2024-10-19,2024-10-19 16:00:00,2024-10,16,210.8000030517578,515.9324340820312,305.1324462890625,93105.80977834761
3,2024-10-30,2024-10-30 08:00:00,2024-10,8,471.8999938964844,70.73602294921875,401.1639709472656,160932.53158617858
3,2024-10-30,2024-10-30 09:00:00,2024-10,9,567.2666625976562,83.8656005859375,483.40106201171875,233676.58675405756
3,2024-10-30,2024-10-30 10:00:00,2024-10,10,793.066650390625,154.74639892578125,638.3202514648438,407452.74343014136
3,2024-10-30,2024-10-30 11:00:00,2024-10,11,689.3499755859375,228.35064697265625,460.99932861328125,212520.38098189607
3,2024-10-30,2024-10-30 12:00:00,2024-10,12,828.75,347.9351501464844,480.8148498535156,231182.91983965877
3,2024-10-30,2024-10-30 13:00:00,2024-10,13,300.0,423.2945556640625,123.2945556640625,15201.547456398606
3,2024-10-30,2024-10-30 14:00:00,2024-10,14,255.4499969482422,447.7685852050781,192.31858825683594,36986.439389102394
3,2024-10-30,2024-10-30 15:00:00,2024-10,15,217.5833282470703,462.2418518066406,244.6585235595703,59857.79315034882
3,2024-10-30,2024-10-30 16:00:00,2024-10,16,78.56666564941406,471.4749755859375,392.9083251953125,154376.95200778544
3,2024-10-31,2024-10-31 08:00:00,2024-10,8,449.0666809082031,94.8988037109375,354.1678771972656,125434.88523841742
3,2024-10-31,2024-10-31 09:00:00,2024-10,9,685.0166625976562,128.18344116210938,556.833251953125,310063.2704806924
3,2024-10-31,2024-10-31 10:00:00,2024-10,10,666.5999755859375,196.617431640625,469.9825439453125,220883.5916133076
3,2024-10-31,2024-10-31 11:00:00,2024-10,11,713.9833374023438,267.9480895996094,446.0352478027344,198947.44228244666
3,2024-10-31,2024-10-31 12:00:00,2024-10,12,551.6500244140625,304.53424072265625,247.11578369140625,61066.21054941788
3,2024-10-31,2024-10-31 13:00:00,2024-10,13,668.9166870117188,305.34869384765625,363.5679931640625,132181.6856533438
3,2024-10-31,2024-10-31 14:00:00,2024-10,14,503.8833312988281,290.2427978515625,213.64053344726562,45642.27753163222
3,2024-10-31,2024-10-31 15:00:00,2024-10,15,226.10000610351562,304.0262451171875,77.92623901367188,6072.498726815917
3,2024-10-31,2024-10-31 16:00:00,2024-10,16,48.21666717529297,330.13067626953125,281.91400146484375,79475.50422191992
3,2024-11-01,2024-11-01 08:00:00,2024-11,8,391.79998779296875,66.61398315429688,325.1860046386719,105745.93761286233
3,2024-11-01,2024-11-01 09:00:00,2024-11,9,539.5499877929688,69.50164794921875,470.04833984375,220945.4417898655
3,2024-11-01,2024-11-01 10:00:00,2024-11,10,776.6500244140625,134.49703979492188,642.1529541015625,412360.41646136343
3,2024-11-01,2024-11-01 11:00:00,2024-11,11,793.3499755859375,216.48016357421875,576.8698120117188,332778.78001043573
3,2024-11-01,2024-11-01 12:00:00,2024-11,12,740.566650390625,327.76019287109375,412.80645751953125,170409.17136982456
3,2024-11-01,2024-11-01 13:00:00,2024-11,13,282.0,405.0089111328125,123.0089111328125,15131.192218080163
3,2024-11-01,2024-11-01 14:00:00,2024-11,14,98.23332977294922,444.88671875,346.65338134765625,120168.56679976359
3,2024-11-01,2024-11-01 15:00:00,2024-11,15,126.6500015258789,450.3656005859375,323.7156066894531,104791.79401432071
3,2024-11-01,2024-11-01 16:00:00,2024-11,16,87.4000015258789,451.34320068359375,363.9432067871094,132454.65776648466
3,2024-11-02,2024-11-02 08:00:00,2024-11,8,496.5833435058594,77.71160888671875,418.8717346191406,175453.53006284777
3,2024-11-02,2024-11-02 09:00:00,2024-11,9,556.5333251953125,133.20257568359375,423.33074951171875,179208.92348215356
3,2024-11-02,2024-11-02 10:00:00,2024-11,10,659.2999877929688,184.5107421875,474.78924560546875,225424.82774261013
3,2024-11-02,2024-11-02 11:00:00,2024-11,11,802.3833618164062,242.88760375976562,559.4957275390625,313035.46913446486
3,2024-11-02,2024-11-02 12:00:00,2024-11,12,213.48333740234375,281.37420654296875,67.890869140625,4609.170112669468
3,2024-11-02,2024-11-02 13:00:00,2024-11,13,302.7796630859375,284.534912109375,18.2447509765625,332.8709381967783
3,2024-11-02,2024-11-02 14:00:00,2024-11,14,371.95001220703125,265.9682922363281,105.98171997070312,11232.124967948534
3,2024-11-02,2024-11-02 15:00:00,2024-11,15,349.3500061035156,283.9837646484375,65.36624145507812,4272.745521963574
3,2024-11-02,2024-11-02 16:00:00,2024-11,16,78.26667022705078,315.8970031738281,237.63034057617188,56468.17876234744
3,2024-11-03,2024-11-03 08:00:00,2024-11,8,500.8500061035156,120.40185546875,380.4481506347656,144740.79532141332
3,2024-11-03,2024-11-03 09:00:00,2024-11,9,678.6500244140625,138.23443603515625,540.4155883789062,292049.00816291943
3,2024-11-03,2024-11-03 10:00:00,2024-11,10,631.5333251953125,185.42764282226562,446.1056823730469,199010.27984552179
3,2024-11-03,2024-11-03 11:00:00,2024-11,11,405.9666748046875,256.9376220703125,149.029052734375,22209.658558905125
3,2024-11-03,2024-11-03 12:00:00,2024-11,12,543.3666381835938,334.0020751953125,209.36456298828125,43833.52023527399
3,2024-11-03,2024-11-03 13:00:00,2024-11,13,938.8499755859375,380.48284912109375,558.3671264648438,311773.8479166068
3,2024-11-03,2024-11-03 14:00:00,2024-11,14,691.183349609375,409.86871337890625,281.31463623046875,79137.92455748096
3,2024-11-03,2024-11-03 15:00:00,2024-11,15,546.566650390625,417.95697021484375,128.60968017578125,16540.44983491674
3,2024-11-03,2024-11-03 16:00:00,2024-11,16,232.38333129882812,440.28131103515625,207.89797973632812,43221.5699784467
3,2024-11-04,2024-11-04 08:00:00,2024-11,8,190.43333435058594,334.8810119628906,144.4476776123047,20865.13156758831
3,2024-11-04,2024-11-04 09:00:00,2024-11,9,629.5333251953125,342.27154541015625,287.26177978515625,82519.3301253356
3,2024-11-04,2024-11-04 10:00:00,2024-11,10,427.1833190917969,368.9339599609375,58.249359130859375,3392.9878391558304
3,2024-11-04,2024-11-04 11:00:00,2024-11,11,245.1666717529297,400.5158386230469,155.3491668701172,24133.363647239516
3,2024-11-04,2024-11-04 12:00:00,2024-11,12,121.06666564941406,438.47821044921875,317.41156005859375,100750.09845883027
3,2024-11-04,2024-11-04 13:00:00,2024-11,13,309.2833251953125,489.9765625,180.6932373046875,32650.04600764811
3,2024-11-04,2024-11-04 14:00:00,2024-11,14,417.7166748046875,528.2708129882812,110.55413818359375,12222.217469517142
3,2024-11-04,2024-11-04 15:00:00,2024-11,15,166.14999389648438,556.6171264648438,390.4671325683594,152464.58161615673
3,2024-11-04,2024-11-04 16:00:00,2024-11,16,66.13333129882812,556.2168579101562,490.0835266113281,240181.86305579636
3,2024-11-05,2024-11-05 08:00:00,2024-11,8,489.8666687011719,118.80752563476562,371.05914306640625,137684.88765317574
3,2024-11-05,2024-11-05 09:00:00,2024-11,9,658.75,140.76174926757812,517.98828125,268311.8595123291
3,2024-11-05,2024-11-05 10:00:00,2024-11,10,770.1166381835938,180.6271514892578,589.489501953125,347497.87291294336
3,2024-11-05,2024-11-05 11:00:00,2024-11,11,972.1166381835938,251.6609649658203,720.4556884765625,519056.3990582377
3,2024-11-05,2024-11-05 12:00:00,2024-11,12,858.0166625976562,329.148681640625,528.8679809570312,279701.34128156677
3,2024-11-05,2024-11-05 13:00:00,2024-11,13,725.3666381835938,391.2966003417969,334.0700378417969,111602.7901836196
3,2024-11-05,2024-11-05 14:00:00,2024-11,14,559.2833251953125,431.06085205078125,128.22247314453125,16441.002619300038
3,2024-11-05,2024-11-05 15:00:00,2024-11,15,236.0833282470703,453.2033386230469,217.12001037597656,47141.09890566417
3,2024-11-05,2024-11-05 16:00:00,2024-11,16,128.75,468.26470947265625,339.51470947265625,115270.23794830218
3,2024-11-06,2024-11-06 08:00:00,2024-11,8,418.4333190917969,134.96890258789062,283.46441650390625,80352.07542390004
3,2024-11-06,2024-11-06 09:00:00,2024-11,9,631.2666625976562,134.82504272460938,496.4416198730469,246454.28194217477
3,2024-11-06,2024-11-06 10:00:00,2024-11,10,748.9166870117188,180.201416015625,568.7152709960938,323437.05946416035
3,2024-11-06,2024-11-06 11:00:00,2024-11,11,663.4166870117188,230.00216674804688,433.4145202636719,187848.14637538884
3,2024-11-06,2024-11-06 12:00:00,2024-11,12,672.0166625976562,317.0314025878906,354.9852600097656,126014.5348242009
3,2024-11-06,2024-11-06 13:00:00,2024-11,13,508.5,373.9595947265625,134.5404052734375,18101.12065114081
3,2024-11-06,2024-11-06 14:00:00,2024-11,14,623.316650390625,381.97528076171875,241.34136962890625,58245.65669435635
3,2024-11-06,2024-11-06 15:00:00,2024-11,15,418.70001220703125,359.8817138671875,58.81829833984375,3459.592219594866
3,2024-11-06,2024-11-06 16:00:00,2024-11,16,180.9499969482422,341.49102783203125,160.54103088378906,25773.422597229714
3,2024-11-07,2024-11-07 08:00:00,2024-11,8,394.20001220703125,248.71693420410156,145.4830780029297,21165.325985206524
3,2024-11-07,2024-11-07 09:00:00,2024-11,9,640.6666870117188,238.0435333251953,402.6231689453125,162105.41617156565
3,2024-11-07,2024-11-07 10:00:00,2024-11,10,733.0499877929688,277.5262451171875,455.52374267578125,207501.88014135137
3,2024-11-07,2024-11-07 11:00:00,2024-11,11,633.2999877929688,335.5270080566406,297.7729797363281,88668.74746105168
3,2024-11-07,2024-11-07 12:00:00,2024-11,12,571.6666870117188,409.9872741699219,161.67941284179688,26140.232536868192
3,2024-11-07,2024-11-07 13:00:00,2024-11,13,636.9000244140625,462.2447509765625,174.6552734375,30504.464539527893
3,2024-11-07,2024-11-07 14:00:00,2024-11,14,478.1833190917969,504.47833251953125,26.295013427734375,691.4277311647311
3,2024-11-07,2024-11-07 15:00:00,2024-11,15,296.8166809082031,540.6407470703125,243.82406616210938,59450.17523982469
3,2024-11-07,2024-11-07 16:00:00,2024-11,16,210.4499969482422,578.3470458984375,367.89703369140625,135348.2273989357
3,2024-11-08,2024-11-08 08:00:00,2024-11,8,331.1666564941406,245.40078735351562,85.765869140625,7355.784309446812
3,2024-11-08,2024-11-08 09:00:00,2024-11,9,370.01666259765625,263.6952209472656,106.32144165039062,11304.248954617418
3,2024-11-08,2024-11-08 10:00:00,2024-11,10,286.98333740234375,311.0819091796875,24.09857177734375,580.7411617077887
3,2024-11-08,2024-11-08 11:00:00,2024-11,11,264.6833190917969,354.43499755859375,89.75167846679688,8055.36378760729
3,2024-11-08,2024-11-08 12:00:00,2024-11,12,136.23333740234375,395.90386962890625,259.6705322265625,67428.78530682623
3,2024-11-08,2024-11-08 13:00:00,2024-11,13,110.08333587646484,430.74591064453125,320.6625671386719,102824.48196396325
3,2024-11-08,2024-11-08 14:00:00,2024-11,14,134.56666564941406,452.1068420410156,317.5401611328125,100831.75393225253
3,2024-11-08,2024-11-08 15:00:00,2024-11,15,109.71666717529297,479.04461669921875,369.32794189453125,136403.12866405025
3,2024-11-08,2024-11-08 16:00:00,2024-11,16,79.48332977294922,498.95147705078125,419.4681396484375,175953.52018012106
3,2024-11-09,2024-11-09 08:00:00,2024-11,8,436.45001220703125,44.432525634765625,392.0174865722656,153677.70977843646
3,2024-11-09,2024-11-09 09:00:00,2024-11,9,456.01666259765625,40.582550048828125,415.4341125488281,172585.5018692324
3,2024-11-09,2024-11-09 10:00:00,2024-11,10,320.1166687011719,70.13088989257812,249.98577880859375,62492.88960653916
3,2024-11-09,2024-11-09 11:00:00,2024-11,11,439.8833312988281,122.47589111328125,317.4074401855469,100747.48308514152
3,2024-11-09,2024-11-09 12:00:00,2024-11,12,321.98333740234375,174.30499267578125,147.6783447265625,21808.89350117743
3,2024-11-09,2024-11-09 13:00:00,2024-11,13,329.6833190917969,208.5561065673828,121.12721252441406,14671.801613934571
3,2024-11-09,2024-11-09 14:00:00,2024-11,14,490.26666259765625,238.69044494628906,251.5762176513672,63290.593287768075
3,2024-11-09,2024-11-09 15:00:00,2024-11,15,510.01666259765625,253.5772705078125,256.43939208984375,65761.16181540862
3,2024-11-09,2024-11-09 16:00:00,2024-11,16,143.3000030517578,288.67279052734375,145.37278747558594,21133.247338421876
3,2024-11-10,2024-11-10 08:00:00,2024-11,8,425.79998779296875,209.99851989746094,215.8014678955078,46570.27354585589
3,2024-11-10,2024-11-10 09:00:00,2024-11,9,676.8666381835938,198.67466735839844,478.19195556640625,228667.54636842385
3,2024-11-10,2024-11-10 10:00:00,2024-11,10,829.7166748046875,214.93099975585938,614.78564453125,377961.3887217045
3,2024-11-10,2024-11-10 11:00:00,2024-11,11,904.2166748046875,248.12066650390625,656.0960083007812,430461.9721082188
3,2024-11-10,2024-11-10 12:00:00,2024-11,12,868.7666625976562,309.56842041015625,559.1982421875,312702.6740655899
3,2024-11-10,2024-11-10 13:00:00,2024-11,13,849.566650390625,348.0192565917969,501.5473937988281,251549.78822639678
3,2024-11-10,2024-11-10 14:00:00,2024-11,14,546.8499755859375,375.2975158691406,171.55245971679688,29430.246434883215
3,2024-11-10,2024-11-10 15:00:00,2024-11,15,445.8333435058594,371.1973571777344,74.635986328125,5570.530455172062
3,2024-11-10,2024-11-10 16:00:00,2024-11,16,283.20001220703125,347.72332763671875,64.5233154296875,4163.258234038949
3,2024-11-11,2024-11-11 08:00:00,2024-11,8,421.3666687011719,291.1641845703125,130.20248413085938,16952.686873846687
3,2024-11-11,2024-11-11 09:00:00,2024-11,9,623.3666381835938,275.7567138671875,347.60992431640625,120832.65948325768
3,2024-11-11,2024-11-11 10:00:00,2024-11,10,787.7000122070312,280.0712585449219,507.6287536621094,257686.95154454652
3,2024-11-11,2024-11-11 11:00:00,2024-11,11,888.0333251953125,297.7694091796875,590.263916015625,348411.4905501008
3,2024-11-11,2024-11-11 12:00:00,2024-11,12,903.7166748046875,338.1063537597656,565.6103515625,319915.06979465485
3,2024-11-11,2024-11-11 13:00:00,2024-11,13,829.316650390625,380.8063049316406,448.5103454589844,201161.5299837375
3,2024-11-11,2024-11-11 14:00:00,2024-11,14,685.5833129882812,400.4161376953125,285.16717529296875,81320.31786457077
3,2024-11-11,2024-11-11 15:00:00,2024-11,15,470.50848388671875,405.5398254394531,64.96865844726562,4220.926580437459
3,2024-11-11,2024-11-11 16:00:00,2024-11,16,238.68333435058594,405.66119384765625,166.9778594970703,27881.605562223354
3,2024-11-12,2024-11-12 08:00:00,2024-11,8,417.48333740234375,244.79116821289062,172.69216918945312,29822.585299358703
3,2024-11-12,2024-11-12 09:00:00,2024-11,9,529.2000122070312,218.76748657226562,310.4325256347656,96368.35297197942
3,2024-11-12,2024-11-12 10:00:00,2024-11,10,589.566650390625,272.4977722167969,317.0688781738281,100532.67350640986
3,2024-11-12,2024-11-12 11:00:00,2024-11,11,758.9833374023438,351.62762451171875,407.355712890625,165938.6768246293
3,2024-11-12,2024-11-12 12:00:00,2024-11,12,548.3833618164062,484.43316650390625,63.9501953125,4089.627480506897
3,2024-11-12,2024-11-12 13:00:00,2024-11,13,805.3499755859375,541.8634643554688,263.48651123046875,69425.14160040393
3,2024-11-12,2024-11-12 14:00:00,2024-11,14,619.4166870117188,574.3184204101562,45.0982666015625,2033.8536504656076
3,2024-11-12,2024-11-12 15:00:00,2024-11,15,424.04998779296875,566.209228515625,142.15924072265625,20209.249722842127
3,2024-11-12,2024-11-12 16:00:00,2024-11,16,145.14999389648438,577.7731323242188,432.6231384277344,187162.77990306262
3,2024-11-13,2024-11-13 08:00:00,2024-11,8,355.5833435058594,179.00497436523438,176.578369140625,31179.920448362827
3,2024-11-13,2024-11-13 09:00:00,2024-11,9,393.1833190917969,196.40322875976562,196.78009033203125,38722.40395108238
3,2024-11-13,2024-11-13 10:00:00,2024-11,10,564.9833374023438,260.5278625488281,304.4554748535156,92693.13616827969
3,2024-11-13,2024-11-13 11:00:00,2024-11,11,549.9166870117188,339.7149353027344,210.20175170898438,44184.776421525516
3,2024-11-13,2024-11-13 12:00:00,2024-11,12,678.7833251953125,448.9888610839844,229.79446411132812,52805.49573621247
3,2024-11-13,2024-11-13 13:00:00,2024-11,13,633.933349609375,528.215576171875,105.7177734375,11176.24762058258
3,2024-11-13,2024-11-13 14:00:00,2024-11,14,400.6333312988281,570.4969482421875,169.86361694335938,28853.648361080326
3,2024-11-13,2024-11-13 15:00:00,2024-11,15,217.31666564941406,602.8618774414062,385.54522705078125,148645.12210163847
3,2024-11-13,2024-11-13 16:00:00,2024-11,16,227.1999969482422,632.7830200195312,405.5830078125,164497.57622623444
3,2024-11-14,2024-11-14 08:00:00,2024-11,8,213.96665954589844,272.2406311035156,58.27397155761719,3395.855761097977
3,2024-11-14,2024-11-14 09:00:00,2024-11,9,447.23333740234375,298.5343017578125,148.69903564453125,22111.403201613575
3,2024-11-14,2024-11-14 10:00:00,2024-11,10,619.8833618164062,342.82611083984375,277.0572509765625,76760.72031868994
3,2024-11-14,2024-11-14 11:00:00,2024-11,11,543.2833251953125,385.48388671875,157.7994384765625,24900.662783518434
3,2024-11-14,2024-11-14 12:00:00,2024-11,12,271.45001220703125,416.4669494628906,145.01693725585938,21029.912091069855
3,2024-11-14,2024-11-14 13:00:00,2024-11,13,345.9333190917969,430.2769775390625,84.34365844726562,7113.852720269002
3,2024-11-14,2024-11-14 14:00:00,2024-11,14,129.35000610351562,425.4735107421875,296.1235046386719,87689.12999948952
3,2024-11-14,2024-11-14 15:00:00,2024-11,15,76.88333129882812,437.5372009277344,360.65386962890625,130071.2136783041
3,2024-11-14,2024-11-14 16:00:00,2024-11,16,158.9166717529297,451.341064453125,292.42437744140625,85512.01652199402
3,2024-11-15,2024-11-15 08:00:00,2024-11,8,35.900001525878906,210.75518798828125,174.85519409179688,30574.338900879957
3,2024-11-15,2024-11-15 09:00:00,2024-11,9,78.88333129882812,258.590087890625,179.70675659179688,32294.51836474333
3,2024-11-15,2024-11-15 10:00:00,2024-11,10,157.0833282470703,281.71832275390625,124.63499450683594,15533.881855719024
3,2024-11-15,2024-11-15 11:00:00,2024-11,11,463.1666564941406,318.1739196777344,144.99273681640625,21022.89372951165
3,2024-11-15,2024-11-15 12:00:00,2024-11,12,358.23333740234375,336.2825622558594,21.950775146484375,481.83652953151613
3,2024-11-15,2024-11-15 13:00:00,2024-11,13,355.0333251953125,336.4979553222656,18.535369873046875,343.5599363306537
3,2024-11-15,2024-11-15 14:00:00,2024-11,14,233.61666870117188,342.060302734375,108.44363403320312,11760.021762327291
3,2024-11-15,2024-11-15 15:00:00,2024-11,15,98.61666870117188,362.22637939453125,263.6097106933594,69490.07957183663
3,2024-11-15,2024-11-15 16:00:00,2024-11,16,75.06666564941406,387.5280456542969,312.46136474609375,97632.10445899144
3,2024-11-16,2024-11-16 08:00:00,2024-11,8,371.01666259765625,86.36264038085938,284.6540222167969,81027.91236420069
3,2024-11-16,2024-11-16 09:00:00,2024-11,9,498.54998779296875,91.59049987792969,406.95947265625,165616.0123846531
3,2024-11-16,2024-11-16 10:00:00,2024-11,10,556.2333374023438,119.64094543457031,436.5924072265625,190612.93004788458
3,2024-11-16,2024-11-16 11:00:00,2024-11,11,581.2333374023438,154.31394958496094,426.91937255859375,182260.15066582337
3,2024-11-16,2024-11-16 12:00:00,2024-11,12,444.3999938964844,200.08279418945312,244.31719970703125,59690.89407268539
3,2024-11-16,2024-11-16 13:00:00,2024-11,13,358.75,243.20977783203125,115.54022216796875,13349.542938623577
3,2024-11-16,2024-11-16 14:00:00,2024-11,14,365.1666564941406,271.95355224609375,93.21310424804688,8688.682803557254
3,2024-11-16,2024-11-16 15:00:00,2024-11,15,447.70001220703125,289.9831848144531,157.71682739257812,24874.59764278028
3,2024-11-16,2024-11-16 16:00:00,2024-11,16,270.8666687011719,297.4840087890625,26.617340087890625,708.4827933544293
3,2024-11-17,2024-11-17 08:00:00,2024-11,8,245.25,298.5436706542969,53.293670654296875,2840.215331808664
3,2024-11-17,2024-11-17 09:00:00,2024-11,9,523.2666625976562,288.9956359863281,234.27102661132812,54882.91390952561
3,2024-11-17,2024-11-17 10:00:00,2024-11,10,487.1333312988281,289.99365234375,197.13967895507812,38864.05301851127
3,2024-11-17,2024-11-17 11:00:00,2024-11,11,787.1166381835938,292.06390380859375,495.052734375,245077.2098121643
3,2024-11-17,2024-11-17 12:00:00,2024-11,12,582.6666870117188,307.8169860839844,274.8497009277344,75542.35810006503
3,2024-11-17,2024-11-17 13:00:00,2024-11,13,688.683349609375,320.5620422363281,368.1213073730469,135513.29694204126
3,2024-11-17,2024-11-17 14:00:00,2024-11,14,232.1666717529297,329.2809753417969,97.11430358886719,9431.187961550662
3,2024-11-17,2024-11-17 15:00:00,2024-11,15,390.23333740234375,344.462158203125,45.77117919921875,2095.000845286995
3,2024-11-17,2024-11-17 16:00:00,2024-11,16,287.2833251953125,351.4441223144531,64.16079711914062,4116.607886963524
3,2024-11-18,2024-11-18 08:00:00,2024-11,8,389.29998779296875,333.7593688964844,55.540618896484375,3084.7603474045172
3,2024-11-18,2024-11-18 09:00:00,2024-11,9,364.26666259765625,341.2182922363281,23.048370361328125,531.2273763129488
3,2024-11-18,2024-11-18 10:00:00,2024-11,10,245.48333740234375,360.2050476074219,114.72171020507812,13161.070792377926
3,2024-11-18,2024-11-18 11:00:00,2024-11,11,306.95001220703125,380.5643005371094,73.61428833007812,5419.063446343876
3,2024-11-18,2024-11-18 12:00:00,2024-11,12,679.6666870117188,404.66253662109375,275.004150390625,75627.28273206949
3,2024-11-18,2024-11-18 13:00:00,2024-11,13,341.4166564941406,422.2103271484375,80.79367065429688,6527.617217794992
3,2024-11-18,2024-11-18 14:00:00,2024-11,14,422.5666809082031,425.62908935546875,3.062408447265625,9.378345497883856
3,2024-11-18,2024-11-18 15:00:00,2024-11,15,418.70001220703125,433.9535827636719,15.253570556640625,232.6714147264138
3,2024-11-18,2024-11-18 16:00:00,2024-11,16,193.71665954589844,438.3709411621094,244.65428161621094,59855.71751314425
3,2024-11-19,2024-11-19 08:00:00,2024-11,8,64.75,232.0575714111328,167.3075714111328,27991.823451491306
3,2024-11-19,2024-11-19 09:00:00,2024-11,9,86.81666564941406,241.38833618164062,154.57167053222656,23892.401331123197
3,2024-11-19,2024-11-19 10:00:00,2024-11,10,181.43333435058594,265.5245361328125,84.09120178222656,7071.330217179144
3,2024-11-19,2024-11-19 11:00:00,2024-11,11,170.75,310.4945068359375,139.7445068359375,19528.527190819383
3,2024-11-19,2024-11-19 12:00:00,2024-11,12,291.45001220703125,357.77423095703125,66.32421875,4398.901992797852
3,2024-11-19,2024-11-19 13:00:00,2024-11,13,265.7166748046875,396.191650390625,130.4749755859375,17023.719254150987
3,2024-11-19,2024-11-19 14:00:00,2024-11,14,283.5438537597656,425.3044128417969,141.76055908203125,20096.056111250073
3,2024-11-19,2024-11-19 15:00:00,2024-11,15,243.75,449.5639953613281,205.81399536132812,42359.400686592795
3,2024-11-19,2024-11-19 16:00:00,2024-11,16,62.650001525878906,458.0133972167969,395.3634033203125,156312.2206850201
3,2024-11-20,2024-11-20 08:00:00,2024-11,8,32.20000076293945,120.09202575683594,87.89202880859375,7725.008728090674
3,2024-11-20,2024-11-20 09:00:00,2024-11,9,23.950000762939453,124.71144104003906,100.76144409179688,10152.868615464307
3,2024-11-20,2024-11-20 10:00:00,2024-11,10,50.45000076293945,144.66526794433594,94.21527099609375,8876.517288867384
3,2024-11-20,2024-11-20 11:00:00,2024-11,11,89.8499984741211,195.37782287597656,105.52782440185547,11136.121722988843
3,2024-11-20,2024-11-20 12:00:00,2024-11,12,156.48333740234375,261.6097412109375,105.12640380859375,11051.560777727515
3,2024-11-20,2024-11-20 13:00:00,2024-11,13,139.43333435058594,289.3663330078125,149.93299865722656,22479.904086347902
3,2024-11-20,2024-11-20 14:00:00,2024-11,14,94.4000015258789,305.816650390625,211.41665649414062,44697.00264316145
3,2024-11-20,2024-11-20 15:00:00,2024-11,15,74.96666717529297,302.3612060546875,227.39453125,51708.27284240723
3,2024-11-20,2024-11-20 16:00:00,2024-11,16,41.08333206176758,300.5638427734375,259.4804992675781,67330.12950015161
3,2024-11-21,2024-11-21 08:00:00,2024-11,8,69.0999984741211,53.9141845703125,15.185813903808594,230.6089439211064
3,2024-11-21,2024-11-21 09:00:00,2024-11,9,84.71666717529297,68.82034301757812,15.896324157714844,252.69312172714854
3,2024-11-21,2024-11-21 10:00:00,2024-11,10,310.20001220703125,87.54620361328125,222.65380859375,49574.71848130226
3,2024-11-21,2024-11-21 11:00:00,2024-11,11,503.8999938964844,125.83370971679688,378.0662841796875,142934.11523343623
3,2024-11-21,2024-11-21 12:00:00,2024-11,12,137.38333129882812,165.82107543945312,28.437744140625,808.7052918076515
3,2024-11-21,2024-11-21 13:00:00,2024-11,13,240.8333282470703,168.60946655273438,72.22386169433594,5216.286198042566
3,2024-11-21,2024-11-21 14:00:00,2024-11,14,160.63333129882812,167.6693572998047,7.0360260009765625,49.50566188641824
3,2024-11-21,2024-11-21 15:00:00,2024-11,15,148.36666870117188,166.0952606201172,17.728591918945312,314.30297142849304
3,2024-11-21,2024-11-21 16:00:00,2024-11,16,70.86666870117188,158.65333557128906,87.78666687011719,7706.498880164931
3,2024-11-22,2024-11-22 08:00:00,2024-11,8,363.5333251953125,92.69737243652344,270.8359375,73352.1050415039
3,2024-11-22,2024-11-22 09:00:00,2024-11,9,553.0833129882812,91.86932373046875,461.2139892578125,212718.34388710558
3,2024-11-22,2024-11-22 10:00:00,2024-11,10,572.3333129882812,90.36975860595703,481.96356201171875,232288.87510702386
3,2024-11-22,2024-11-22 11:00:00,2024-11,11,668.9666748046875,89.10433197021484,579.8623657226562,336240.36318147555
3,2024-11-22,2024-11-22 12:00:00,2024-11,12,778.8833618164062,95.9622802734375,682.9210815429688,466381.2036158182
3,2024-11-22,2024-11-22 13:00:00,2024-11,13,614.5,100.78202819824219,513.7179565429688,263906.13887468353
3,2024-11-22,2024-11-22 14:00:00,2024-11,14,608.6166381835938,101.40852355957031,507.2081298828125,257260.08701922
3,2024-11-22,2024-11-22 15:00:00,2024-11,15,365.4666748046875,105.16688537597656,260.2998046875,67755.98832035065
3,2024-11-22,2024-11-22 16:00:00,2024-11,16,85.25,103.54403686523438,18.294036865234375,334.67178482655436
3,2024-11-23,2024-11-23 08:00:00,2024-11,8,136.96665954589844,95.61083984375,41.35581970214844,1710.3038232366089
3,2024-11-23,2024-11-23 09:00:00,2024-11,9,593.9500122070312,68.94160461425781,525.0084228515625,275633.84406508505
3,2024-11-23,2024-11-23 10:00:00,2024-11,10,647.2833251953125,76.01176452636719,571.2715454101562,326351.1785953082
3,2024-11-23,2024-11-23 11:00:00,2024-11,11,523.5762939453125,114.51425170898438,409.0620422363281,167331.7543985555
3,2024-11-23,2024-11-23 12:00:00,2024-11,12,374.6333312988281,192.00457763671875,182.62875366210938,33353.26166417543
3,2024-11-23,2024-11-23 13:00:00,2024-11,13,483.01666259765625,257.71490478515625,225.3017578125,50760.882073402405
3,2024-11-23,2024-11-23 14:00:00,2024-11,14,468.5666809082031,304.94964599609375,163.61703491210938,26770.534113430418
3,2024-11-23,2024-11-23 15:00:00,2024-11,15,291.6666564941406,310.0386962890625,18.372039794921875,337.531846226193
3,2024-11-23,2024-11-23 16:00:00,2024-11,16,170.86666870117188,308.9748229980469,138.108154296875,19073.862283289433
3,2024-11-24,2024-11-24 08:00:00,2024-11,8,174.3333282470703,231.97576904296875,57.64244079589844,3322.6509809086565
3,2024-11-24,2024-11-24 09:00:00,2024-11,9,410.9333190917969,232.14529418945312,178.78802490234375,31965.15784848109
3,2024-11-24,2024-11-24 10:00:00,2024-11,10,529.816650390625,253.1107635498047,276.70587158203125,76566.13936797157
3,2024-11-24,2024-11-24 11:00:00,2024-11,11,390.0333251953125,287.7440185546875,102.289306640625,10463.10225301981
3,2024-11-24,2024-11-24 12:00:00,2024-11,12,405.8166809082031,330.3863220214844,75.43035888671875,5689.73904177919
3,2024-11-24,2024-11-24 13:00:00,2024-11,13,388.0833435058594,369.9255676269531,18.15777587890625,329.70482486858964
3,2024-11-24,2024-11-24 14:00:00,2024-11,14,206.98333740234375,406.8396911621094,199.85635375976562,39942.56213814858
3,2024-11-24,2024-11-24 15:00:00,2024-11,15,201.5500030517578,444.65472412109375,243.10472106933594,59099.90540619963
3,2024-11-24,2024-11-24 16:00:00,2024-11,16,252.6999969482422,472.3370361328125,219.6370391845703,48240.428981764475
3,2024-11-25,2024-11-25 08:00:00,2024-11,8,280.1666564941406,282.1085510253906,1.94189453125,3.7709543704986572
3,2024-11-25,2024-11-25 09:00:00,2024-11,9,256.8666687011719,304.5118713378906,47.64520263671875,2270.0653342939913
3,2024-11-25,2024-11-25 10:00:00,2024-11,10,496.70001220703125,324.31585693359375,172.3841552734375,29716.29698933661
3,2024-11-25,2024-11-25 11:00:00,2024-11,11,622.1166381835938,348.74871826171875,273.367919921875,74730.01964241266
3,2024-11-25,2024-11-25 12:00:00,2024-11,12,448.29998779296875,362.0950012207031,86.20498657226562,7431.299709924497
3,2024-11-25,2024-11-25 13:00:00,2024-11,13,291.5666809082031,376.06884765625,84.50216674804688,7140.616185114719
3,2024-11-25,2024-11-25 14:00:00,2024-11,14,253.5833282470703,384.0099792480469,130.42665100097656,17011.11129133054
3,2024-11-25,2024-11-25 15:00:00,2024-11,15,136.53334045410156,404.4136047363281,267.8802490234375,71759.82781685889
3,2024-11-25,2024-11-25 16:00:00,2024-11,16,74.36666870117188,420.16912841796875,345.8024597167969,119579.34114618693
3,2024-11-26,2024-11-26 08:00:00,2024-11,8,89.78333282470703,72.24542236328125,17.53791046142578,307.57830335298786
3,2024-11-26,2024-11-26 09:00:00,2024-11,9,188.9499969482422,89.16696166992188,99.78303527832031,9956.654129354516
3,2024-11-26,2024-11-26 10:00:00,2024-11,10,217.6666717529297,128.6014404296875,89.06523132324219,7932.615430662641
3,2024-11-26,2024-11-26 11:00:00,2024-11,11,163.18333435058594,175.90628051757812,12.722946166992188,161.8733591681812
3,2024-11-26,2024-11-26 12:00:00,2024-11,12,157.56666564941406,221.99624633789062,64.42958068847656,4151.170867692912
3,2024-11-26,2024-11-26 13:00:00,2024-11,13,134.25,251.32669067382812,117.07669067382812,13706.951499135233
3,2024-11-26,2024-11-26 14:00:00,2024-11,14,110.06666564941406,264.4825439453125,154.41587829589844,23844.263469893718
3,2024-11-26,2024-11-26 15:00:00,2024-11,15,50.266666412353516,268.49346923828125,218.226806640625,47622.93913656473
3,2024-11-26,2024-11-26 16:00:00,2024-11,16,34.78333282470703,277.245849609375,242.4625244140625,58788.075745239854
3,2024-11-27,2024-11-27 08:00:00,2024-11,8,96.91666412353516,11.897216796875,85.01944732666016,7228.306423730741
3,2024-11-27,2024-11-27 09:00:00,2024-11,9,118.01667022705078,18.157669067382812,99.85900115966797,9971.820112606569
3,2024-11-27,2024-11-27 10:00:00,2024-11,10,177.21665954589844,30.207138061523438,147.009521484375,21611.799407064915
3,2024-11-27,2024-11-27 11:00:00,2024-11,11,239.0500030517578,51.77101135253906,187.27899169921875,35073.420731876045
3,2024-11-27,2024-11-27 12:00:00,2024-11,12,218.01666259765625,64.38761901855469,153.62904357910156,23601.883031029487
3,2024-11-27,2024-11-27 13:00:00,2024-11,13,151.9166717529297,83.49971008300781,68.41696166992188,4680.880644143559
3,2024-11-27,2024-11-27 14:00:00,2024-11,14,122.31666564941406,103.63609313964844,18.680572509765625,348.9637892926112
3,2024-11-27,2024-11-27 15:00:00,2024-11,15,71.96666717529297,127.26263427734375,55.29596710205078,3057.6439777510823
3,2024-11-27,2024-11-27 16:00:00,2024-11,16,40.75,156.84817504882812,116.09817504882812,13478.786249668337
3,2024-11-28,2024-11-28 08:00:00,2024-11,8,182.35000610351562,41.73606872558594,140.6139373779297,19772.27938492433
3,2024-11-28,2024-11-28 09:00:00,2024-11,9,372.6333312988281,48.04579162597656,324.5875244140625,105357.06100524962
3,2024-11-28,2024-11-28 10:00:00,2024-11,10,784.0166625976562,53.72615051269531,730.29052734375,533324.2543280125
3,2024-11-28,2024-11-28 11:00:00,2024-11,11,307.29998779296875,57.49098205566406,249.8090057373047,62404.539347460726
3,2024-11-28,2024-11-28 12:00:00,2024-11,12,268.75,66.07005310058594,202.67994689941406,41079.160875149304
3,2024-11-28,2024-11-28 13:00:00,2024-11,13,357.3999938964844,75.10516357421875,282.2948303222656,79690.37122667674
3,2024-11-28,2024-11-28 14:00:00,2024-11,14,204.13333129882812,80.69438934326172,123.4389419555664,15237.172391109692
3,2024-11-28,2024-11-28 15:00:00,2024-11,15,141.5,95.34899139404297,46.15100860595703,2129.91559534712
3,2024-11-28,2024-11-28 16:00:00,2024-11,16,92.58333587646484,103.18180084228516,10.598464965820312,112.32745963172056
3,2024-11-29,2024-11-29 08:00:00,2024-11,8,134.56666564941406,100.44526672363281,34.12139892578125,1164.2698646523058
3,2024-11-29,2024-11-29 09:00:00,2024-11,9,219.4166717529297,98.93710327148438,120.47956848144531,14515.32642147527
3,2024-11-29,2024-11-29 10:00:00,2024-11,10,357.8500061035156,97.71810913085938,260.13189697265625,67668.60382259265
3,2024-11-29,2024-11-29 11:00:00,2024-11,11,680.0499877929688,97.489013671875,582.5609741210938,339377.28856891766
3,2024-11-29,2024-11-29 12:00:00,2024-11,12,499.26666259765625,105.06127166748047,394.20538330078125,155397.88422331586
3,2024-11-29,2024-11-29 13:00:00,2024-11,13,345.76666259765625,113.13555908203125,232.631103515625,54117.230322897434
3,2024-11-29,2024-11-29 14:00:00,2024-11,14,202.5833282470703,120.34929656982422,82.2340316772461,6762.435965894314
3,2024-11-29,2024-11-29 15:00:00,2024-11,15,202.61666870117188,131.8756866455078,70.74098205566406,5004.286542199785
3,2024-11-29,2024-11-29 16:00:00,2024-11,16,93.25,135.6439971923828,42.39399719238281,1797.2509979477618
3,2024-11-30,2024-11-30 08:00:00,2024-11,8,393.6000061035156,103.71902465820312,289.8809814453125,84030.98340369761
3,2024-11-30,2024-11-30 09:00:00,2024-11,9,543.3666381835938,108.31878662109375,435.0478515625,189266.63314914703
3,2024-11-30,2024-11-30 10:00:00,2024-11,10,696.1333618164062,121.70152282714844,574.4318237304688,329971.9201143123
3,2024-11-30,2024-11-30 11:00:00,2024-11,11,718.316650390625,138.5644073486328,579.7522583007812,336112.6810048558
3,2024-11-30,2024-11-30 12:00:00,2024-11,12,752.4166870117188,183.0567169189453,569.3599853515625,324170.79291953146
3,2024-11-30,2024-11-30 13:00:00,2024-11,13,629.183349609375,223.62525939941406,405.55810546875,164477.37691140175
3,2024-11-30,2024-11-30 14:00:00,2024-11,14,465.95001220703125,254.28372192382812,211.66629028320312,44802.61844225321
3,2024-11-30,2024-11-30 15:00:00,2024-11,15,329.8500061035156,277.95257568359375,51.897430419921875,2693.3432841906324
3,2024-11-30,2024-11-30 16:00:00,2024-11,16,148.78334045410156,292.05865478515625,143.2753143310547,20527.815696662525
3,2024-12-01,2024-12-01 08:00:00,2024-12,8,231.10000610351562,127.09573364257812,104.0042724609375,10816.888690128922
3,2024-12-01,2024-12-01 09:00:00,2024-12,9,280.8333435058594,99.41876220703125,181.41458129882812,32911.25030782912
3,2024-12-01,2024-12-01 10:00:00,2024-12,10,191.88333129882812,118.22866821289062,73.6546630859375,5425.009394302964
3,2024-12-01,2024-12-01 11:00:00,2024-12,11,228.4166717529297,162.06063842773438,66.35603332519531,4403.123158654431
3,2024-12-01,2024-12-01 12:00:00,2024-12,12,405.75,246.6710205078125,159.0789794921875,25306.12171627581
3,2024-12-01,2024-12-01 13:00:00,2024-12,13,414.54998779296875,304.2574157714844,110.29257202148438,12164.451443114318
3,2024-12-01,2024-12-01 14:00:00,2024-12,14,180.53334045410156,336.4591064453125,155.92576599121094,24312.844499945873
3,2024-12-01,2024-12-01 15:00:00,2024-12,15,80.1500015258789,339.89398193359375,259.7439880371094,67466.93932142202
3,2024-12-01,2024-12-01 16:00:00,2024-12,16,27.433332443237305,342.60394287109375,315.1706237792969,99332.5220934311
3,2024-12-02,2024-12-02 08:00:00,2024-12,8,434.3500061035156,0.0,434.3500061035156,188659.92780212406
3,2024-12-02,2024-12-02 09:00:00,2024-12,9,654.75,0.0,654.75,428697.5625
3,2024-12-02,2024-12-02 10:00:00,2024-12,10,710.9830322265625,29.467010498046875,681.5159912109375,464464.04627622664
3,2024-12-02,2024-12-02 11:00:00,2024-12,11,865.7333374023438,100.34153747558594,765.3917846679688,585824.5840372182
3,2024-12-02,2024-12-02 12:00:00,2024-12,12,868.0,172.47174072265625,695.5282592773438,483759.5594533719
3,2024-12-02,2024-12-02 13:00:00,2024-12,13,743.316650390625,214.67822265625,528.638427734375,279458.587277472
3,2024-12-02,2024-12-02 14:00:00,2024-12,14,341.0666809082031,241.33474731445312,99.73193359375,9946.45857834816
3,2024-12-02,2024-12-02 15:00:00,2024-12,15,335.6666564941406,269.2642517089844,66.40240478515625,4409.279361251742
3,2024-12-02,2024-12-02 16:00:00,2024-12,16,198.14999389648438,303.0552978515625,104.90530395507812,11005.12279790733
3,2024-12-03,2024-12-03 08:00:00,2024-12,8,384.73333740234375,193.4276580810547,191.30567932128906,36597.862940579886
3,2024-12-03,2024-12-03 09:00:00,2024-12,9,607.4500122070312,177.39834594726562,430.0516662597656,184944.43565280084
3,2024-12-03,2024-12-03 10:00:00,2024-12,10,803.3666381835938,194.7142333984375,608.6524047851562,370457.7498507537
3,2024-12-03,2024-12-03 11:00:00,2024-12,11,840.2666625976562,226.58734130859375,613.6793212890625,376602.3093778044
3,2024-12-03,2024-12-03 12:00:00,2024-12,12,730.7333374023438,289.8045654296875,440.92877197265625,194418.1819533147
3,2024-12-03,2024-12-03 13:00:00,2024-12,13,841.8833618164062,322.9825744628906,518.9007568359375,269257.99544490874
3,2024-12-03,2024-12-03 14:00:00,2024-12,14,621.9833374023438,317.0901184082031,304.8932189941406,92959.874988609
3,2024-12-03,2024-12-03 15:00:00,2024-12,15,488.26666259765625,276.97369384765625,211.29296875,44644.71864318848
3,2024-12-03,2024-12-03 16:00:00,2024-12,16,247.86666870117188,259.60809326171875,11.741424560546875,137.86105071101338
3,2024-12-04,2024-12-04 08:00:00,2024-12,8,132.96665954589844,263.264892578125,130.29823303222656,16977.629531320417
3,2024-12-04,2024-12-04 09:00:00,2024-12,9,348.5333251953125,229.24037170410156,119.29295349121094,14230.808752656216
3,2024-12-04,2024-12-04 10:00:00,2024-12,10,546.25,238.89501953125,307.35498046875,94467.0840189457
3,2024-12-04,2024-12-04 11:00:00,2024-12,11,622.7666625976562,276.8160400390625,345.95062255859375,119681.8332486786
3,2024-12-04,2024-12-04 12:00:00,2024-12,12,651.9166870117188,355.97344970703125,295.9432373046875,87582.39970637858
3,2024-12-04,2024-12-04 13:00:00,2024-12,13,702.4833374023438,421.3759765625,281.10736083984375,79021.34831834212
3,2024-12-04,2024-12-04 14:00:00,2024-12,14,393.70001220703125,466.7567443847656,73.05673217773438,5337.286116489209
3,2024-12-04,2024-12-04 15:00:00,2024-12,15,464.3166809082031,490.51702880859375,26.200347900390625,686.4582301015034
3,2024-12-04,2024-12-04 16:00:00,2024-12,16,256.8999938964844,513.0820922851562,256.1820983886719,65629.26753482316
3,2024-12-05,2024-12-05 08:00:00,2024-12,8,68.68333435058594,308.5889892578125,239.90565490722656,57554.72325646528
3,2024-12-05,2024-12-05 09:00:00,2024-12,9,209.5,309.5660400390625,100.0660400390625,10013.21236909926
3,2024-12-05,2024-12-05 10:00:00,2024-12,10,612.5999755859375,344.0426025390625,268.557373046875,72123.06261783838
3,2024-12-05,2024-12-05 11:00:00,2024-12,11,738.2000122070312,386.85675048828125,351.34326171875,123442.08755517006
3,2024-12-05,2024-12-05 12:00:00,2024-12,12,603.933349609375,450.919921875,153.013427734375,23413.1090670228
3,2024-12-05,2024-12-05 13:00:00,2024-12,13,739.566650390625,508.3310852050781,231.23556518554688,53469.8866066793
3,2024-12-05,2024-12-05 14:00:00,2024-12,14,687.5,541.19140625,146.30859375,21406.20460510254
3,2024-12-05,2024-12-05 15:00:00,2024-12,15,167.11666870117188,582.0791625976562,414.9624938964844,172193.87134078983
3,2024-12-05,2024-12-05 16:00:00,2024-12,16,186.81666564941406,615.3067016601562,428.49005126953125,183603.72403696552
3,2024-12-06,2024-12-06 08:00:00,2024-12,8,427.1666564941406,285.40618896484375,141.76046752929688,20096.030154124834
3,2024-12-06,2024-12-06 09:00:00,2024-12,9,570.8333129882812,318.08160400390625,252.751708984375,63883.42639452219
3,2024-12-06,2024-12-06 10:00:00,2024-12,10,760.8666381835938,362.27410888671875,398.592529296875,158876.00441128016
3,2024-12-06,2024-12-06 11:00:00,2024-12,11,711.316650390625,421.26776123046875,290.04888916015625,84128.3581030406
3,2024-12-06,2024-12-06 12:00:00,2024-12,12,774.7000122070312,476.33636474609375,298.3636474609375,89020.8661261946
3,2024-12-06,2024-12-06 13:00:00,2024-12,13,839.316650390625,500.1799011230469,339.1367492675781,115013.73470378015
3,2024-12-06,2024-12-06 14:00:00,2024-12,14,574.1166381835938,520.56982421875,53.54681396484375,2867.2612857855856
3,2024-12-06,2024-12-06 15:00:00,2024-12,15,487.4333190917969,545.1928100585938,57.759490966796875,3336.15879674349
3,2024-12-06,2024-12-06 16:00:00,2024-12,16,292.6833190917969,562.4072265625,269.7239074707031,72750.98626126442
3,2024-12-07,2024-12-07 08:00:00,2024-12,8,425.1333312988281,354.6424865722656,70.4908447265625,4968.959190264344
3,2024-12-07,2024-12-07 09:00:00,2024-12,9,660.1500244140625,355.3455810546875,304.804443359375,92905.74869161844
3,2024-12-07,2024-12-07 10:00:00,2024-12,10,674.8333129882812,387.2619323730469,287.5713806152344,82697.298948952
3,2024-12-07,2024-12-07 11:00:00,2024-12,11,889.7000122070312,432.14752197265625,457.552490234375,209354.28131967783
3,2024-12-07,2024-12-07 12:00:00,2024-12,12,641.3499755859375,487.71380615234375,153.63616943359375,23604.072558227926
3,2024-12-07,2024-12-07 13:00:00,2024-12,13,538.5333251953125,525.8421630859375,12.691162109375,161.0655956864357
3,2024-12-07,2024-12-07 14:00:00,2024-12,14,681.4500122070312,554.1168823242188,127.3331298828125,16213.725965753198
3,2024-12-07,2024-12-07 15:00:00,2024-12,15,440.79998779296875,575.3995361328125,134.59954833984375,18117.038413289934
3,2024-12-07,2024-12-07 16:00:00,2024-12,16,191.46665954589844,595.079833984375,403.6131591796875,162903.58226300776
3,2024-12-08,2024-12-08 08:00:00,2024-12,8,432.20001220703125,248.69464111328125,183.50537109375,33674.2212202549
3,2024-12-08,2024-12-08 09:00:00,2024-12,9,554.6666870117188,266.9078674316406,287.7588195800781,82805.13824611995
3,2024-12-08,2024-12-08 10:00:00,2024-12,10,545.6166381835938,309.60723876953125,236.0093994140625,55700.436611786485
3,2024-12-08,2024-12-08 11:00:00,2024-12,11,633.4500122070312,369.86993408203125,263.580078125,69474.4575843811
3,2024-12-08,2024-12-08 12:00:00,2024-12,12,408.5333251953125,449.57586669921875,41.04254150390625,1684.490213099867
3,2024-12-08,2024-12-08 13:00:00,2024-12,13,825.8499755859375,508.91009521484375,316.93988037109375,100450.88776964322
3,2024-12-08,2024-12-08 14:00:00,2024-12,14,666.933349609375,554.637939453125,112.29541015625,12610.259142160416
3,2024-12-08,2024-12-08 15:00:00,2024-12,15,474.5833435058594,597.7784423828125,123.19509887695312,15177.032387302257
3,2024-12-08,2024-12-08 16:00:00,2024-12,16,241.43333435058594,633.3829345703125,391.9495849609375,153624.47715105116
3,2024-12-09,2024-12-09 08:00:00,2024-12,8,361.23333740234375,338.791748046875,22.44158935546875,503.6249327994883
3,2024-12-09,2024-12-09 09:00:00,2024-12,9,550.4000244140625,364.24566650390625,186.15435791015625,34653.44496894255
3,2024-12-09,2024-12-09 10:00:00,2024-12,10,717.1500244140625,404.99151611328125,312.15850830078125,97442.93430456892
3,2024-12-09,2024-12-09 11:00:00,2024-12,11,745.0999755859375,461.27252197265625,283.82745361328125,80558.02342459932
3,2024-12-09,2024-12-09 12:00:00,2024-12,12,853.1333618164062,519.098388671875,334.03497314453125,111579.36328366771
3,2024-12-09,2024-12-09 13:00:00,2024-12,13,679.5,567.8262329101562,111.67376708984375,12471.030256036669
3,2024-12-09,2024-12-09 14:00:00,2024-12,14,551.6181640625,606.4125366210938,54.79437255859375,3002.423264089972
3,2024-12-09,2024-12-09 15:00:00,2024-12,15,348.54998779296875,633.259033203125,284.70904541015625,81059.24053836241
3,2024-12-09,2024-12-09 16:00:00,2024-12,16,220.1666717529297,654.6112060546875,434.44451904296875,188742.04012647644
3,2024-12-10,2024-12-10 08:00:00,2024-12,8,301.1499938964844,251.46697998046875,49.683013916015625,2468.4018717790022
3,2024-12-10,2024-12-10 09:00:00,2024-12,9,399.5833435058594,273.13671875,126.44662475585938,15988.748912149109
3,2024-12-10,2024-12-10 10:00:00,2024-12,10,669.4000244140625,319.04473876953125,350.35528564453125,122748.82617906108
3,2024-12-10,2024-12-10 11:00:00,2024-12,11,694.25,372.818603515625,321.431396484375,103318.14264589548
3,2024-12-10,2024-12-10 12:00:00,2024-12,12,733.5166625976562,433.1134338378906,300.4032287597656,90242.09984929208
3,2024-12-10,2024-12-10 13:00:00,2024-12,13,753.7000122070312,478.01202392578125,275.68798828125,76003.86688256264
3,2024-12-10,2024-12-10 14:00:00,2024-12,14,556.9666748046875,501.56683349609375,55.39984130859375,3069.1424170173705
3,2024-12-10,2024-12-10 15:00:00,2024-12,15,426.5,523.164794921875,96.664794921875,9344.08257728815
3,2024-12-10,2024-12-10 16:00:00,2024-12,16,261.6499938964844,545.6199340820312,283.9699401855469,80638.92692898307
3,2024-12-11,2024-12-11 08:00:00,2024-12,8,154.13333129882812,268.8950500488281,114.76171875,13170.252090454102
3,2024-12-11,2024-12-11 09:00:00,2024-12,9,292.8333435058594,270.436279296875,22.397064208984375,501.6284851813689
3,2024-12-11,2024-12-11 10:00:00,2024-12,10,458.0333251953125,310.931640625,147.1016845703125,21638.905603423715
3,2024-12-11,2024-12-11 11:00:00,2024-12,11,482.5666809082031,377.97564697265625,104.59103393554688,10939.284379706718
3,2024-12-11,2024-12-11 12:00:00,2024-12,12,663.5,458.4057922363281,205.09420776367188,42063.634058208205
3,2024-12-11,2024-12-11 13:00:00,2024-12,13,478.26666259765625,505.53680419921875,27.2701416015625,743.6606229692698
3,2024-12-11,2024-12-11 14:00:00,2024-12,14,504.8166809082031,536.3925170898438,31.575836181640625,997.0334305698052
3,2024-12-11,2024-12-11 15:00:00,2024-12,15,284.1499938964844,546.5337524414062,262.3837585449219,68845.23674815986
3,2024-12-11,2024-12-11 16:00:00,2024-12,16,154.56666564941406,565.6348876953125,411.0682373046875,168977.09572078288
3,2024-12-16,2024-12-16 08:00:00,2024-12,8,379.6333312988281,252.0074005126953,127.62593078613281,16288.378209026763
3,2024-12-16,2024-12-16 09:00:00,2024-12,9,564.0,194.65380859375,369.34619140625,136416.60910630226
3,2024-12-16,2024-12-16 10:00:00,2024-12,10,527.3333129882812,181.80157470703125,345.53173828125,119392.18215966225
3,2024-12-16,2024-12-16 11:00:00,2024-12,11,563.433349609375,194.98110961914062,368.4522399902344,135757.05315382127
3,2024-12-16,2024-12-16 12:00:00,2024-12,12,643.2000122070312,246.63644409179688,396.5635681152344,157262.66355628613
3,2024-12-16,2024-12-16 13:00:00,2024-12,13,384.4166564941406,278.8715515136719,105.54510498046875,11139.76918533817
3,2024-12-16,2024-12-16 14:00:00,2024-12,14,232.4166717529297,268.2408752441406,35.82420349121094,1283.37355577969
3,2024-12-16,2024-12-16 15:00:00,2024-12,15,192.86666870117188,212.26544189453125,19.398773193359375,376.3124014073983
3,2024-12-16,2024-12-16 16:00:00,2024-12,16,163.28334045410156,170.82666015625,7.5433197021484375,56.90167212882079
3,2024-12-17,2024-12-17 08:00:00,2024-12,8,213.06666564941406,112.8531494140625,100.21351623535156,10042.748836253071
3,2024-12-17,2024-12-17 09:00:00,2024-12,9,290.9333190917969,107.60812377929688,183.3251953125,33608.12723636627
3,2024-12-17,2024-12-17 10:00:00,2024-12,10,469.1166687011719,107.4327392578125,361.6839294433594,130815.26481758896
3,2024-12-17,2024-12-17 11:00:00,2024-12,11,852.566650390625,116.3773193359375,736.1893310546875,541974.7311587483
3,2024-12-17,2024-12-17 12:00:00,2024-12,12,874.2166748046875,121.86854553222656,752.34814453125,566027.7305796146
3,2024-12-17,2024-12-17 13:00:00,2024-12,13,837.4666748046875,142.66323852539062,694.803466796875,482751.8574729562
3,2024-12-17,2024-12-17 14:00:00,2024-12,14,518.0499877929688,161.6036834716797,356.4462890625,127053.9569864273
3,2024-12-17,2024-12-17 15:00:00,2024-12,15,258.5333251953125,209.89755249023438,48.635772705078125,2365.4383866200224
3,2024-12-17,2024-12-17 16:00:00,2024-12,16,78.96666717529297,267.05078125,188.0841064453125,35375.63109733164
3,2024-12-18,2024-12-18 08:00:00,2024-12,8,345.1000061035156,33.62237548828125,311.4776306152344,97018.31437368039
3,2024-12-18,2024-12-18 09:00:00,2024-12,9,544.4074096679688,35.1788330078125,509.22857666015625,259313.74328732863
3,2024-12-18,2024-12-18 10:00:00,2024-12,10,653.5,76.70120239257812,576.798828125,332696.8881263733
3,2024-12-18,2024-12-18 11:00:00,2024-12,11,650.9666748046875,156.0330810546875,494.93359375,244959.26222229004
3,2024-12-18,2024-12-18 12:00:00,2024-12,12,633.3666381835938,273.7779846191406,359.5886535644531,129303.99977229629
3,2024-12-18,2024-12-18 13:00:00,2024-12,13,715.2999877929688,353.0469665527344,362.2530212402344,131227.2513976777
3,2024-12-18,2024-12-18 14:00:00,2024-12,14,361.3500061035156,380.90283203125,19.552825927734375,382.3130017602816
3,2024-12-18,2024-12-18 15:00:00,2024-12,15,325.54998779296875,367.39874267578125,41.8487548828125,1751.318285241723
3,2024-12-18,2024-12-18 16:00:00,2024-12,16,257.8666687011719,350.2497863769531,92.38311767578125,8534.640431497246
3,2024-12-19,2024-12-19 08:00:00,2024-12,8,150.0,295.15533447265625,145.15533447265625,21070.071125868708
3,2024-12-19,2024-12-19 09:00:00,2024-12,9,371.1666564941406,300.84149169921875,70.32516479492188,4945.628803432919
3,2024-12-19,2024-12-19 10:00:00,2024-12,10,624.6166381835938,307.34063720703125,317.2760009765625,100664.06079567969
3,2024-12-19,2024-12-19 11:00:00,2024-12,11,718.5999755859375,323.34735107421875,395.25262451171875,156224.63718340173
3,2024-12-19,2024-12-19 12:00:00,2024-12,12,598.5833129882812,335.44732666015625,263.135986328125,69240.54730087519
3,2024-12-19,2024-12-19 13:00:00,2024-12,13,562.2000122070312,336.28533935546875,225.9146728515625,51037.43940962851
3,2024-12-19,2024-12-19 14:00:00,2024-12,14,665.2666625976562,326.6201171875,338.64654541015625,114681.48271823302
3,2024-12-19,2024-12-19 15:00:00,2024-12,15,318.23333740234375,346.8613586425781,28.628021240234375,819.5636001313105
3,2024-12-19,2024-12-19 16:00:00,2024-12,16,193.28334045410156,382.36956787109375,189.0862274169922,35753.60139879049
3,2024-12-20,2024-12-20 08:00:00,2024-12,8,385.4745788574219,270.2638244628906,115.21075439453125,13273.517928157002
3,2024-12-20,2024-12-20 09:00:00,2024-12,9,596.183349609375,270.5118103027344,325.6715393066406,106061.95151435677
3,2024-12-20,2024-12-20 10:00:00,2024-12,10,714.0833129882812,289.08392333984375,424.9993896484375,180624.4812015444
3,2024-12-20,2024-12-20 11:00:00,2024-12,11,719.8833618164062,326.6698913574219,393.2134704589844,154616.83335039858
3,2024-12-20,2024-12-20 12:00:00,2024-12,12,833.7000122070312,386.98712158203125,446.712890625,199552.4066505432
3,2024-12-20,2024-12-20 13:00:00,2024-12,13,751.433349609375,427.2453308105469,324.1880187988281,105097.87153270934
3,2024-12-20,2024-12-20 14:00:00,2024-12,14,502.6333312988281,454.219482421875,48.413848876953125,2343.9007630804554
3,2024-12-20,2024-12-20 15:00:00,2024-12,15,455.51666259765625,471.50323486328125,15.986572265625,255.57049280405045
3,2024-12-20,2024-12-20 16:00:00,2024-12,16,148.39999389648438,493.77996826171875,345.3799743652344,119287.32669252995
3,2024-12-21,2024-12-21 08:00:00,2024-12,8,358.6000061035156,125.84652709960938,232.75347900390625,54174.18198842183
3,2024-12-21,2024-12-21 09:00:00,2024-12,9,541.3833618164062,155.3748779296875,386.00848388671875,149002.5496325232
3,2024-12-21,2024-12-21 10:00:00,2024-12,10,693.4500122070312,205.25885009765625,488.191162109375,238330.61076170206
3,2024-12-21,2024-12-21 11:00:00,2024-12,11,642.7833251953125,280.3358154296875,362.447509765625,131368.19733530283
3,2024-12-21,2024-12-21 12:00:00,2024-12,12,668.933349609375,367.7700500488281,301.1632995605469,90699.3330021957
3,2024-12-21,2024-12-21 13:00:00,2024-12,13,630.1666870117188,443.3339538574219,186.83273315429688,34906.4701779047
3,2024-12-21,2024-12-21 14:00:00,2024-12,14,582.7999877929688,495.5117492675781,87.28823852539062,7619.236584865488
3,2024-12-21,2024-12-21 15:00:00,2024-12,15,277.0833435058594,500.3046569824219,223.2213134765625,49827.75479020178
3,2024-12-21,2024-12-21 16:00:00,2024-12,16,200.1666717529297,503.35321044921875,303.1865234375,91922.06799411774
3,2024-12-22,2024-12-22 08:00:00,2024-12,8,292.6333312988281,253.90386962890625,38.729461669921875,1499.9712012419477
3,2024-12-22,2024-12-22 09:00:00,2024-12,9,606.0166625976562,281.3275146484375,324.68914794921875,105423.04279598966
3,2024-12-22,2024-12-22 10:00:00,2024-12,10,489.0833435058594,310.3001708984375,178.78317260742188,31963.422807575203
3,2024-12-22,2024-12-22 11:00:00,2024-12,11,427.3333435058594,355.1484069824219,72.1849365234375,5210.665060892701
3,2024-12-22,2024-12-22 12:00:00,2024-12,12,540.2333374023438,385.18780517578125,155.0455322265625,24039.11706341803
3,2024-12-22,2024-12-22 13:00:00,2024-12,13,492.04998779296875,394.0903625488281,97.95962524414062,9596.088177972473
3,2024-12-22,2024-12-22 14:00:00,2024-12,14,363.3166809082031,391.301025390625,27.984344482421875,783.1235361108556
3,2024-12-22,2024-12-22 15:00:00,2024-12,15,404.6166687011719,407.44610595703125,2.829437255859375,8.00571518484503
3,2024-12-22,2024-12-22 16:00:00,2024-12,16,124.03333282470703,436.8108825683594,312.7775573730469,97829.80039624963
3,2024-12-23,2024-12-23 08:00:00,2024-12,8,74.4000015258789,162.533935546875,88.1339340209961,7767.590326017293
3,2024-12-23,2024-12-23 09:00:00,2024-12,9,202.1666717529297,169.39871215820312,32.76795959472656,1073.7391760016326
3,2024-12-23,2024-12-23 10:00:00,2024-12,10,293.98333740234375,187.61083984375,106.37249755859375,11315.108236853033
3,2024-12-23,2024-12-23 11:00:00,2024-12,11,751.1500244140625,237.04644775390625,514.1035766601562,264302.48753476515
3,2024-12-23,2024-12-23 12:00:00,2024-12,12,741.1166381835938,308.6928405761719,432.4237976074219,186990.34073722456
3,2024-12-23,2024-12-23 13:00:00,2024-12,13,756.566650390625,358.173828125,398.392822265625,158716.84083276987
3,2024-12-23,2024-12-23 14:00:00,2024-12,14,727.3499755859375,408.9830322265625,318.366943359375,101357.51062399149
3,2024-12-23,2024-12-23 15:00:00,2024-12,15,463.6666564941406,413.8939514160156,49.772705078125,2477.32217079401
3,2024-12-23,2024-12-23 16:00:00,2024-12,16,237.78334045410156,428.1844482421875,190.40110778808594,36252.58184693032
3,2024-12-24,2024-12-24 08:00:00,2024-12,8,316.20001220703125,249.2335205078125,66.96649169921875,4484.511010501534
3,2024-12-24,2024-12-24 09:00:00,2024-12,9,538.0999755859375,231.23329162597656,306.86669921875,94167.17108941078
3,2024-12-24,2024-12-24 10:00:00,2024-12,10,704.7666625976562,235.82962036132812,468.9370422363281,219901.9495813558
3,2024-12-24,2024-12-24 11:00:00,2024-12,11,711.183349609375,266.7782287597656,444.4051208496094,197495.9114373559
3,2024-12-24,2024-12-24 12:00:00,2024-12,12,894.0333251953125,336.4072265625,557.6260986328125,310946.86587645113
3,2024-12-24,2024-12-24 13:00:00,2024-12,13,653.316650390625,398.9577331542969,254.35891723632812,64698.45877763722
3,2024-12-24,2024-12-24 14:00:00,2024-12,14,718.8666381835938,445.04901123046875,273.817626953125,74976.09283024073
3,2024-12-24,2024-12-24 15:00:00,2024-12,15,495.5833435058594,447.6656799316406,47.91766357421875,2296.1024824120104
3,2024-12-24,2024-12-24 16:00:00,2024-12,16,290.9166564941406,433.308837890625,142.39218139648438,20275.53332284931
3,2024-12-25,2024-12-25 08:00:00,2024-12,8,362.2833251953125,337.02825927734375,25.25506591796875,637.8183545209467
3,2024-12-25,2024-12-25 09:00:00,2024-12,9,585.5,322.0526123046875,263.4473876953125,69404.52608348429
3,2024-12-25,2024-12-25 10:00:00,2024-12,10,756.2999877929688,330.3070068359375,425.99298095703125,181470.0198246576
3,2024-12-25,2024-12-25 11:00:00,2024-12,11,850.7833251953125,370.9022216796875,479.881103515625,230285.873511374
3,2024-12-25,2024-12-25 12:00:00,2024-12,12,813.5999755859375,419.28814697265625,394.31182861328125,155481.8181843497
3,2024-12-25,2024-12-25 13:00:00,2024-12,13,718.3333129882812,436.09930419921875,282.2340087890625,79656.03571714461
3,2024-12-25,2024-12-25 14:00:00,2024-12,14,734.4166870117188,442.4200439453125,291.99664306640625,85262.03956205025
3,2024-12-25,2024-12-25 15:00:00,2024-12,15,449.7833251953125,431.0746765136719,18.708648681640625,350.0135354930535
3,2024-12-25,2024-12-25 16:00:00,2024-12,16,190.10000610351562,437.32379150390625,247.22378540039062,61119.6000676984
3,2024-12-26,2024-12-26 08:00:00,2024-12,8,348.3333435058594,206.7991943359375,141.53414916992188,20031.915381253697
3,2024-12-26,2024-12-26 09:00:00,2024-12,9,563.8666381835938,209.11062622070312,354.7560119628906,125851.8280238146
3,2024-12-26,2024-12-26 10:00:00,2024-12,10,704.683349609375,238.62066650390625,466.06268310546875,217214.4245834686
3,2024-12-26,2024-12-26 11:00:00,2024-12,11,772.6333618164062,303.47540283203125,469.157958984375,220109.1904783845
3,2024-12-26,2024-12-26 12:00:00,2024-12,12,618.5499877929688,382.25982666015625,236.2901611328125,55833.040248170495
3,2024-12-26,2024-12-26 13:00:00,2024-12,13,676.9833374023438,439.6150817871094,237.36825561523438,56343.688773819245
3,2024-12-26,2024-12-26 14:00:00,2024-12,14,556.433349609375,476.9480285644531,79.48532104492188,6317.9162616143
3,2024-12-26,2024-12-26 15:00:00,2024-12,15,381.1833190917969,472.5657653808594,91.3824462890625,8350.751489773393
3,2024-12-26,2024-12-26 16:00:00,2024-12,16,250.26666259765625,481.9458923339844,231.67922973632812,53675.265491218306
3,2024-12-27,2024-12-27 08:00:00,2024-12,8,280.1000061035156,293.2022705078125,13.102264404296875,171.66933252010494
3,2024-12-27,2024-12-27 09:00:00,2024-12,9,394.7166748046875,309.18719482421875,85.52947998046875,7315.291945729405
3,2024-12-27,2024-12-27 10:00:00,2024-12,10,565.6666870117188,331.2802734375,234.38641357421875,54936.990868184716
3,2024-12-27,2024-12-27 11:00:00,2024-12,11,650.933349609375,377.87176513671875,273.06158447265625,74562.62891471758
3,2024-12-27,2024-12-27 12:00:00,2024-12,12,616.1166381835938,424.6728515625,191.44378662109375,36650.723435822874
3,2024-12-27,2024-12-27 13:00:00,2024-12,13,512.7166748046875,453.1693115234375,59.54736328125,3545.8884737491608
3,2024-12-27,2024-12-27 14:00:00,2024-12,14,659.0,476.5955810546875,182.4044189453125,33271.37205077708
3,2024-12-27,2024-12-27 15:00:00,2024-12,15,339.23333740234375,486.39801025390625,147.1646728515625,21657.440935507417
3,2024-12-27,2024-12-27 16:00:00,2024-12,16,223.0,504.48779296875,281.48779296875,79235.37759041786
3,2024-12-28,2024-12-28 08:00:00,2024-12,8,214.35000610351562,260.91229248046875,46.562286376953125,2168.0465126493946
3,2024-12-28,2024-12-28 09:00:00,2024-12,9,364.75,261.6752014160156,103.07479858398438,10624.414103128947
3,2024-12-28,2024-12-28 10:00:00,2024-12,10,565.8666381835938,279.6185302734375,286.24810791015625,81937.97928214446
3,2024-12-28,2024-12-28 11:00:00,2024-12,11,656.066650390625,322.56793212890625,333.49871826171875,111221.39508220926
3,2024-12-28,2024-12-28 12:00:00,2024-12,12,859.6333618164062,373.3505859375,486.28277587890625,236470.93811649457
3,2024-12-28,2024-12-28 13:00:00,2024-12,13,756.6166381835938,412.4024353027344,344.2142028808594,118483.41746490542
3,2024-12-28,2024-12-28 14:00:00,2024-12,14,473.6499938964844,436.5274353027344,37.12255859375,1378.084356546402
3,2024-12-28,2024-12-28 15:00:00,2024-12,15,335.48333740234375,440.09619140625,104.61285400390625,10943.849222842604
3,2024-12-28,2024-12-28 16:00:00,2024-12,16,259.25,447.2440185546875,187.9940185546875,35341.75101234019
3,2024-12-29,2024-12-29 08:00:00,2024-12,8,366.7166748046875,263.34564208984375,103.37103271484375,10685.570404533297
3,2024-12-29,2024-12-29 09:00:00,2024-12,9,541.25,272.9607849121094,268.2892150878906,71979.10293247644
3,2024-12-29,2024-12-29 10:00:00,2024-12,10,570.8305053710938,294.1904296875,276.64007568359375,76529.73147422448
3,2024-12-29,2024-12-29 11:00:00,2024-12,11,741.316650390625,334.4029541015625,406.9136962890625,165578.7562276274
3,2024-12-29,2024-12-29 12:00:00,2024-12,12,772.0,379.1170654296875,392.8829345703125,154357.00027658045
3,2024-12-29,2024-12-29 13:00:00,2024-12,13,698.0333251953125,412.9136657714844,285.1196594238281,81293.22018995974
3,2024-12-29,2024-12-29 14:00:00,2024-12,14,570.3333129882812,434.93060302734375,135.4027099609375,18333.893864765763
3,2024-12-29,2024-12-29 15:00:00,2024-12,15,495.5666809082031,422.445068359375,73.12161254882812,5346.770221740939
3,2024-12-29,2024-12-29 16:00:00,2024-12,16,295.8999938964844,412.6556701660156,116.75567626953125,13631.887941155583
3,2024-12-30,2024-12-30 08:00:00,2024-12,8,256.95001220703125,291.09893798828125,34.14892578125,1166.149132013321
3,2024-12-30,2024-12-30 09:00:00,2024-12,9,569.9833374023438,275.5177917480469,294.4655456542969,86709.9575774828
3,2024-12-30,2024-12-30 10:00:00,2024-12,10,475.8500061035156,283.5758056640625,192.27420043945312,36969.368154630996
3,2024-12-30,2024-12-30 11:00:00,2024-12,11,600.8333129882812,324.81671142578125,276.0166015625,76185.16433811188
3,2024-12-30,2024-12-30 12:00:00,2024-12,12,452.20001220703125,391.8614501953125,60.33856201171875,3640.742065642029
3,2024-12-30,2024-12-30 13:00:00,2024-12,13,288.01666259765625,434.407958984375,146.39129638671875,21430.411657784134
3,2024-12-30,2024-12-30 14:00:00,2024-12,14,503.7166748046875,468.3572998046875,35.359375,1250.285400390625
3,2024-12-30,2024-12-30 15:00:00,2024-12,15,114.68333435058594,457.42620849609375,342.74285888671875,117472.6673178412
3,2024-12-30,2024-12-30 16:00:00,2024-12,16,67.03333282470703,456.59075927734375,389.55743408203125,151754.99444857612
3,2024-12-31,2024-12-31 08:00:00,2024-12,8,163.93333435058594,95.005859375,68.92747497558594,4750.996806510026
3,2024-12-31,2024-12-31 09:00:00,2024-12,9,229.88333129882812,121.43194580078125,108.45138549804688,11761.703016445972
3,2024-12-31,2024-12-31 10:00:00,2024-12,10,313.2833251953125,143.22891235351562,170.05441284179688,28918.50332696829
3,2024-12-31,2024-12-31 11:00:00,2024-12,11,492.1666564941406,186.79495239257812,305.3717041015625,93251.87766589224
3,2024-12-31,2024-12-31 12:00:00,2024-12,12,579.5333251953125,229.5173797607422,350.01593017578125,122511.15137681738
3,2024-12-31,2024-12-31 13:00:00,2024-12,13,290.5,252.41537475585938,38.084625244140625,1450.4386799866334
3,2024-12-31,2024-12-31 14:00:00,2024-12,14,512.6500244140625,272.634521484375,240.0155029296875,57607.44164659083
3,2024-12-31,2024-12-31 15:00:00,2024-12,15,271.1833190917969,293.08984375,21.906524658203125,479.89582260046154
3,2024-12-31,2024-12-31 16:00:00,2024-12,16,61.31666564941406,317.6895751953125,256.3729248046875,65727.07657290995
