context_days,forecast_date,target_timestamp,month,hour,target,prediction,abs_error,squared_error
4,2024-05-05,2024-05-05 08:00:00,2024-05,8,456.8833312988281,372.90997314453125,83.97335815429688,7051.5248797098175
4,2024-05-05,2024-05-05 09:00:00,2024-05,9,631.9166870117188,411.0150146484375,220.90167236328125,48797.548852894455
4,2024-05-05,2024-05-05 10:00:00,2024-05,10,823.9666748046875,428.0057678222656,395.9609069824219,156785.03985834215
4,2024-05-05,2024-05-05 11:00:00,2024-05,11,873.8833618164062,447.45062255859375,426.4327392578125,181844.8811109215
4,2024-05-05,2024-05-05 12:00:00,2024-05,12,388.95001220703125,467.02392578125,78.07391357421875,6095.535980794579
4,2024-05-05,2024-05-05 13:00:00,2024-05,13,822.5833129882812,484.02862548828125,338.5546875,114619.27642822266
4,2024-05-05,2024-05-05 14:00:00,2024-05,14,634.2833251953125,495.88580322265625,138.39752197265625,19153.87408817187
4,2024-05-05,2024-05-05 15:00:00,2024-05,15,300.3500061035156,500.7693786621094,200.41937255859375,40167.9248967804
4,2024-05-05,2024-05-05 16:00:00,2024-05,16,303.3166809082031,502.0291748046875,198.71249389648438,39486.65523056034
4,2024-05-06,2024-05-06 08:00:00,2024-05,8,453.04998779296875,379.6580505371094,73.39193725585938,5386.376454167999
4,2024-05-06,2024-05-06 09:00:00,2024-05,9,645.4500122070312,446.3106689453125,199.13934326171875,39656.47803470865
4,2024-05-06,2024-05-06 10:00:00,2024-05,10,801.3499755859375,478.7068786621094,322.6430969238281,104098.56799259875
4,2024-05-06,2024-05-06 11:00:00,2024-05,11,925.7666625976562,506.827392578125,418.93927001953125,175510.11196449772
4,2024-05-06,2024-05-06 12:00:00,2024-05,12,682.1666870117188,521.0025024414062,161.1641845703125,25973.894388213754
4,2024-05-06,2024-05-06 13:00:00,2024-05,13,801.683349609375,530.7457885742188,270.93756103515625,73407.16197967902
4,2024-05-06,2024-05-06 14:00:00,2024-05,14,449.26666259765625,536.7388305664062,87.47216796875,7651.3801691532135
4,2024-05-06,2024-05-06 15:00:00,2024-05,15,425.2833251953125,535.0900268554688,109.80670166015625,12057.511729482561
4,2024-05-06,2024-05-06 16:00:00,2024-05,16,109.18333435058594,532.2667236328125,423.0833740234375,178999.5413750559
4,2024-05-07,2024-05-07 08:00:00,2024-05,8,473.20001220703125,120.25186157226562,352.9481506347656,124572.3970365012
4,2024-05-07,2024-05-07 09:00:00,2024-05,9,689.0999755859375,212.61419677734375,476.48577880859375,227038.69740683213
4,2024-05-07,2024-05-07 10:00:00,2024-05,10,846.3666381835938,274.9192199707031,571.4473876953125,326552.1169037968
4,2024-05-07,2024-05-07 11:00:00,2024-05,11,957.8666381835938,324.33465576171875,633.531982421875,401362.77275139093
4,2024-05-07,2024-05-07 12:00:00,2024-05,12,783.0166625976562,368.2947998046875,414.72186279296875,171994.22347847
4,2024-05-07,2024-05-07 13:00:00,2024-05,13,622.0999755859375,401.74896240234375,220.35101318359375,48554.56901103631
4,2024-05-07,2024-05-07 14:00:00,2024-05,14,599.5,420.27325439453125,179.22674560546875,32122.226340327412
4,2024-05-07,2024-05-07 15:00:00,2024-05,15,487.75,430.7741394042969,56.975860595703125,3246.248690620996
4,2024-05-07,2024-05-07 16:00:00,2024-05,16,351.3666687011719,436.784912109375,85.41824340820312,7296.276306943037
4,2024-05-08,2024-05-08 08:00:00,2024-05,8,463.26666259765625,370.0380859375,93.22857666015625,8691.56750607863
4,2024-05-08,2024-05-08 09:00:00,2024-05,9,671.3499755859375,397.21466064453125,274.13531494140625,75150.170898024
4,2024-05-08,2024-05-08 10:00:00,2024-05,10,801.3666381835938,413.8387756347656,387.5278625488281,150177.84425166342
4,2024-05-08,2024-05-08 11:00:00,2024-05,11,800.5999755859375,437.8218078613281,362.7781677246094,131607.9989776248
4,2024-05-08,2024-05-08 12:00:00,2024-05,12,834.7833251953125,464.85870361328125,369.92462158203125,136844.22565260902
4,2024-05-08,2024-05-08 13:00:00,2024-05,13,346.25,485.16839599609375,138.91839599609375,19298.320746127516
4,2024-05-08,2024-05-08 14:00:00,2024-05,14,289.79998779296875,500.1435546875,210.34356689453125,44244.41613391414
4,2024-05-08,2024-05-08 15:00:00,2024-05,15,460.7833251953125,505.0191650390625,44.23583984375,1956.8095266819
4,2024-05-08,2024-05-08 16:00:00,2024-05,16,151.64999389648438,508.477294921875,356.8273010253906,127325.72275706474
4,2024-05-09,2024-05-09 08:00:00,2024-05,8,326.29998779296875,138.05361938476562,188.24636840820312,35436.695218876936
4,2024-05-09,2024-05-09 09:00:00,2024-05,9,508.48333740234375,187.80059814453125,320.6827392578125,102837.41925789416
4,2024-05-09,2024-05-09 10:00:00,2024-05,10,485.7796630859375,225.93994140625,259.8397216796875,67516.68096257746
4,2024-05-09,2024-05-09 11:00:00,2024-05,11,345.7833251953125,266.6594543457031,79.12387084960938,6260.586938225664
4,2024-05-09,2024-05-09 12:00:00,2024-05,12,733.6666870117188,307.5845031738281,426.0821838378906,181546.02738406602
4,2024-05-09,2024-05-09 13:00:00,2024-05,13,627.3333129882812,336.093017578125,291.24029541015625,84820.90967059508
4,2024-05-09,2024-05-09 14:00:00,2024-05,14,495.70001220703125,352.87933349609375,142.8206787109375,20397.746267452836
4,2024-05-09,2024-05-09 15:00:00,2024-05,15,322.6000061035156,365.351318359375,42.751312255859375,1827.674699597992
4,2024-05-09,2024-05-09 16:00:00,2024-05,16,205.38333129882812,373.48614501953125,168.10281372070312,28258.555980817415
4,2024-05-15,2024-05-15 08:00:00,2024-05,8,349.3333435058594,77.9998779296875,271.3334655761719,73621.84954157565
4,2024-05-15,2024-05-15 09:00:00,2024-05,9,506.9166564941406,124.1646728515625,382.7519836425781,146499.0809823284
4,2024-05-15,2024-05-15 10:00:00,2024-05,10,525.1333618164062,168.7296905517578,356.4036865234375,127023.5877674967
4,2024-05-15,2024-05-15 11:00:00,2024-05,11,574.7833251953125,216.80685424804688,357.9764709472656,128147.15375185851
4,2024-05-15,2024-05-15 12:00:00,2024-05,12,548.9666748046875,265.763671875,283.2030029296875,80203.94086839259
4,2024-05-15,2024-05-15 13:00:00,2024-05,13,66.4000015258789,298.0794677734375,231.67947387695312,53675.378615901805
4,2024-05-15,2024-05-15 14:00:00,2024-05,14,135.93333435058594,314.7183837890625,178.78504943847656,31964.09390271851
4,2024-05-15,2024-05-15 15:00:00,2024-05,15,154.21665954589844,319.8507995605469,165.63414001464844,27434.668338392163
4,2024-05-15,2024-05-15 16:00:00,2024-05,16,60.41666793823242,318.0166931152344,257.60003662109375,66357.77886718884
4,2024-05-16,2024-05-16 08:00:00,2024-05,8,157.86666870117188,68.76272583007812,89.10394287109375,7939.512635175139
4,2024-05-16,2024-05-16 09:00:00,2024-05,9,209.1666717529297,113.74502563476562,95.42164611816406,9105.290547900135
4,2024-05-16,2024-05-16 10:00:00,2024-05,10,231.21665954589844,147.54249572753906,83.67416381835938,7001.365690701641
4,2024-05-16,2024-05-16 11:00:00,2024-05,11,271.0333251953125,182.26417541503906,88.76914978027344,7879.96195271262
4,2024-05-16,2024-05-16 12:00:00,2024-05,12,549.6666870117188,216.38377380371094,333.28289794921875,111077.49006542936
4,2024-05-16,2024-05-16 13:00:00,2024-05,13,500.3500061035156,241.08090209960938,259.26910400390625,67220.46829098836
4,2024-05-16,2024-05-16 14:00:00,2024-05,14,615.9666748046875,258.0045166015625,357.962158203125,128136.90670543909
4,2024-05-16,2024-05-16 15:00:00,2024-05,15,467.04998779296875,271.9255676269531,195.12442016601562,38073.539345123805
4,2024-05-16,2024-05-16 16:00:00,2024-05,16,372.6499938964844,283.0737609863281,89.57623291015625,8023.90150237456
4,2024-05-17,2024-05-17 08:00:00,2024-05,8,258.3833312988281,406.5396423339844,148.15631103515625,21950.29249954596
4,2024-05-17,2024-05-17 09:00:00,2024-05,9,236.26666259765625,386.5806579589844,150.31399536132812,22594.297201485373
4,2024-05-17,2024-05-17 10:00:00,2024-05,10,242.64999389648438,378.66888427734375,136.01889038085938,18501.13854044024
4,2024-05-17,2024-05-17 11:00:00,2024-05,11,147.39999389648438,376.68780517578125,229.28781127929688,52572.90040125046
4,2024-05-17,2024-05-17 12:00:00,2024-05,12,167.6999969482422,384.3280334472656,216.62803649902344,46927.70619742223
4,2024-05-17,2024-05-17 13:00:00,2024-05,13,261.2833251953125,391.0646667480469,129.78134155273438,16843.196615227498
4,2024-05-17,2024-05-17 14:00:00,2024-05,14,247.26666259765625,397.6954345703125,150.42877197265625,22628.81543720141
4,2024-05-17,2024-05-17 15:00:00,2024-05,15,159.23333740234375,396.9053955078125,237.67205810546875,56488.007204089314
4,2024-05-17,2024-05-17 16:00:00,2024-05,16,133.89999389648438,391.9892578125,258.0892639160156,66610.06814871076
4,2024-05-27,2024-05-27 08:00:00,2024-05,8,375.8666687011719,175.44845581054688,200.418212890625,40167.460058271885
4,2024-05-27,2024-05-27 09:00:00,2024-05,9,623.4666748046875,217.45437622070312,406.0122985839844,164845.98660145048
4,2024-05-27,2024-05-27 10:00:00,2024-05,10,760.1500244140625,251.01266479492188,509.1373596191406,259220.85095995013
4,2024-05-27,2024-05-27 11:00:00,2024-05,11,693.3666381835938,285.9696350097656,407.3970031738281,165972.31819501612
4,2024-05-27,2024-05-27 12:00:00,2024-05,12,755.066650390625,320.751220703125,434.3154296875,188629.89246463776
4,2024-05-27,2024-05-27 13:00:00,2024-05,13,784.1666870117188,344.1839294433594,439.9827575683594,193584.8269574577
4,2024-05-27,2024-05-27 14:00:00,2024-05,14,642.6333618164062,359.2106628417969,283.4226989746094,80328.42629405204
4,2024-05-27,2024-05-27 15:00:00,2024-05,15,452.0517272949219,363.0523681640625,88.99935913085938,7920.885925703682
4,2024-05-27,2024-05-27 16:00:00,2024-05,16,215.1372528076172,365.5470886230469,150.4098358154297,22623.118710024515
4,2024-05-28,2024-05-28 08:00:00,2024-05,8,206.11666870117188,178.09750366210938,28.0191650390625,785.0736094862223
4,2024-05-28,2024-05-28 09:00:00,2024-05,9,642.3499755859375,224.9366455078125,417.413330078125,174233.88812690973
4,2024-05-28,2024-05-28 10:00:00,2024-05,10,814.4166870117188,260.7347717285156,553.681884765625,306563.62951761484
4,2024-05-28,2024-05-28 11:00:00,2024-05,11,566.816650390625,297.23291015625,269.583740234375,72675.39299875498
4,2024-05-28,2024-05-28 12:00:00,2024-05,12,788.8666381835938,333.9434814453125,454.92315673828125,206955.0785367228
4,2024-05-28,2024-05-28 13:00:00,2024-05,13,737.9833374023438,363.9720764160156,374.0112609863281,139884.42334458325
4,2024-05-28,2024-05-28 14:00:00,2024-05,14,683.2000122070312,383.94134521484375,299.2586669921875,89555.74976994097
4,2024-05-28,2024-05-28 15:00:00,2024-05,15,465.73333740234375,389.0142822265625,76.71905517578125,5885.813427064568
4,2024-05-28,2024-05-28 16:00:00,2024-05,16,282.1000061035156,391.472412109375,109.37240600585938,11962.323195510544
4,2024-05-29,2024-05-29 08:00:00,2024-05,8,445.8999938964844,299.26287841796875,146.63711547851562,21502.443635859527
4,2024-05-29,2024-05-29 09:00:00,2024-05,9,656.3499755859375,334.28936767578125,322.06060791015625,103723.0351674594
4,2024-05-29,2024-05-29 10:00:00,2024-05,10,806.2666625976562,357.7816162109375,448.48504638671875,201138.83683249727
4,2024-05-29,2024-05-29 11:00:00,2024-05,11,901.9000244140625,385.64825439453125,516.2517700195312,266515.890048299
4,2024-05-29,2024-05-29 12:00:00,2024-05,12,907.9000244140625,413.7911682128906,494.1088562011719,244143.56177643035
4,2024-05-29,2024-05-29 13:00:00,2024-05,13,818.2333374023438,435.81231689453125,382.4210205078125,146245.83692623675
4,2024-05-29,2024-05-29 14:00:00,2024-05,14,719.5999755859375,450.8525695800781,268.7474060058594,72225.16823487822
4,2024-05-29,2024-05-29 15:00:00,2024-05,15,564.0333251953125,454.8189697265625,109.21435546875,11927.775440454483
4,2024-05-29,2024-05-29 16:00:00,2024-05,16,354.8500061035156,456.776123046875,101.92611694335938,10388.933315151371
4,2024-05-30,2024-05-30 08:00:00,2024-05,8,449.70001220703125,339.70599365234375,109.9940185546875,12098.684117808938
4,2024-05-30,2024-05-30 09:00:00,2024-05,9,650.4833374023438,364.1405334472656,286.3428039550781,81992.2013768563
4,2024-05-30,2024-05-30 10:00:00,2024-05,10,804.9833374023438,385.55938720703125,419.4239501953125,175916.44999743998
4,2024-05-30,2024-05-30 11:00:00,2024-05,11,877.6166381835938,413.9893798828125,463.62725830078125,214950.23463949934
4,2024-05-30,2024-05-30 12:00:00,2024-05,12,890.7166748046875,448.34478759765625,442.37188720703125,195692.88659111038
4,2024-05-30,2024-05-30 13:00:00,2024-05,13,844.933349609375,477.0977783203125,367.8355712890625,135303.00750555098
4,2024-05-30,2024-05-30 14:00:00,2024-05,14,609.433349609375,495.0625305175781,114.37081909179688,13080.684259728529
4,2024-05-30,2024-05-30 15:00:00,2024-05,15,513.433349609375,497.28448486328125,16.14886474609375,260.78583258762956
4,2024-05-30,2024-05-30 16:00:00,2024-05,16,351.48333740234375,499.4689025878906,147.98556518554688,21899.727503285743
4,2024-05-31,2024-05-31 08:00:00,2024-05,8,436.1666564941406,311.1846923828125,124.98196411132812,15620.491353125311
4,2024-05-31,2024-05-31 09:00:00,2024-05,9,643.9166870117188,350.60357666015625,293.3131103515625,86032.58070410788
4,2024-05-31,2024-05-31 10:00:00,2024-05,10,659.5499877929688,383.8056945800781,275.7442932128906,76034.9152394766
4,2024-05-31,2024-05-31 11:00:00,2024-05,11,776.9666748046875,422.57122802734375,354.39544677734375,125596.13269651309
4,2024-05-31,2024-05-31 12:00:00,2024-05,12,795.0333251953125,462.58697509765625,332.44635009765625,110520.57569325343
4,2024-05-31,2024-05-31 13:00:00,2024-05,13,586.7666625976562,493.15509033203125,93.611572265625,8763.126462042332
4,2024-05-31,2024-05-31 14:00:00,2024-05,14,454.6666564941406,516.869384765625,62.202728271484375,3869.1794044161215
4,2024-05-31,2024-05-31 15:00:00,2024-05,15,516.6666870117188,525.7766723632812,9.1099853515625,82.99183310568333
4,2024-05-31,2024-05-31 16:00:00,2024-05,16,142.76666259765625,533.939697265625,391.17303466796875,153016.34305134788
4,2024-06-06,2024-06-06 08:00:00,2024-06,8,309.01666259765625,469.11273193359375,160.0960693359375,25630.751416817307
4,2024-06-06,2024-06-06 09:00:00,2024-06,9,643.183349609375,479.5702819824219,163.61306762695312,26769.235898301937
4,2024-06-06,2024-06-06 10:00:00,2024-06,10,786.5333251953125,488.69830322265625,297.83502197265625,88705.70031345263
4,2024-06-06,2024-06-06 11:00:00,2024-06,11,779.2666625976562,505.97119140625,273.29547119140625,74690.41457373276
4,2024-06-06,2024-06-06 12:00:00,2024-06,12,640.1666870117188,526.8287353515625,113.33795166015625,12845.491286519915
4,2024-06-06,2024-06-06 13:00:00,2024-06,13,589.183349609375,542.2306518554688,46.95269775390625,2204.555826369673
4,2024-06-06,2024-06-06 14:00:00,2024-06,14,647.0833129882812,554.7007446289062,92.382568359375,8534.538936674595
4,2024-06-06,2024-06-06 15:00:00,2024-06,15,517.8666381835938,556.4924926757812,38.6258544921875,1491.9566352516413
4,2024-06-06,2024-06-06 16:00:00,2024-06,16,140.06666564941406,554.76513671875,414.698486328125,171974.83456283808
4,2024-06-07,2024-06-07 08:00:00,2024-06,8,118.78333282470703,91.13760375976562,27.645729064941406,764.286335532146
4,2024-06-07,2024-06-07 09:00:00,2024-06,9,214.5833282470703,172.67404174804688,41.90928649902344,1756.3882948572282
4,2024-06-07,2024-06-07 10:00:00,2024-06,10,433.7833251953125,235.55133056640625,198.23199462890625,39295.923694554716
4,2024-06-07,2024-06-07 11:00:00,2024-06,11,517.0333251953125,292.0681457519531,224.96517944335938,50609.33196198288
4,2024-06-07,2024-06-07 12:00:00,2024-06,12,781.4833374023438,344.775390625,436.70794677734375,190713.8307784833
4,2024-06-07,2024-06-07 13:00:00,2024-06,13,741.4666748046875,386.59185791015625,354.87481689453125,125936.13566592708
4,2024-06-07,2024-06-07 14:00:00,2024-06,14,563.5499877929688,415.1670837402344,148.38290405273438,22017.486215122975
4,2024-06-07,2024-06-07 15:00:00,2024-06,15,365.9166564941406,429.08392333984375,63.167266845703125,3990.103600756265
4,2024-06-07,2024-06-07 16:00:00,2024-06,16,409.0833435058594,437.6910095214844,28.607666015625,818.3985548615456
4,2024-06-08,2024-06-08 08:00:00,2024-06,8,431.2166748046875,451.88934326171875,20.67266845703125,427.3592211343348
4,2024-06-08,2024-06-08 09:00:00,2024-06,9,313.1333312988281,457.4637451171875,144.33041381835938,20831.268352978863
4,2024-06-08,2024-06-08 10:00:00,2024-06,10,646.7166748046875,463.4141845703125,183.302490234375,33599.80292612314
4,2024-06-08,2024-06-08 11:00:00,2024-06,11,501.8333435058594,473.38983154296875,28.443511962890625,809.0333727831021
4,2024-06-08,2024-06-08 12:00:00,2024-06,12,326.29998779296875,486.4645080566406,160.16452026367188,25652.67355129216
4,2024-06-08,2024-06-08 13:00:00,2024-06,13,243.6666717529297,496.1365966796875,252.4699249267578,63741.062992522726
4,2024-06-08,2024-06-08 14:00:00,2024-06,14,381.20001220703125,505.68408203125,124.48406982421875,15496.28364000097
4,2024-06-08,2024-06-08 15:00:00,2024-06,15,406.6000061035156,511.469482421875,104.86947631835938,10997.607063286938
4,2024-06-08,2024-06-08 16:00:00,2024-06,16,309.6166687011719,514.587646484375,204.97097778320312,42013.10173340235
4,2024-06-09,2024-06-09 08:00:00,2024-06,8,503.4333190917969,341.77508544921875,161.65823364257812,26133.384504438378
4,2024-06-09,2024-06-09 09:00:00,2024-06,9,715.066650390625,353.0225830078125,362.0440673828125,131075.90672709048
4,2024-06-09,2024-06-09 10:00:00,2024-06,10,707.3333129882812,350.91094970703125,356.42236328125,127036.90104699135
4,2024-06-09,2024-06-09 11:00:00,2024-06,11,939.0166625976562,355.22039794921875,583.7962646484375,340818.0786174685
4,2024-06-09,2024-06-09 12:00:00,2024-06,12,726.4500122070312,367.5132751464844,358.9367370605469,128835.58121167216
4,2024-06-09,2024-06-09 13:00:00,2024-06,13,836.0833129882812,380.0286865234375,456.05462646484375,207985.82231998816
4,2024-06-09,2024-06-09 14:00:00,2024-06,14,676.433349609375,392.7667236328125,283.6666259765625,80466.754692927
4,2024-06-09,2024-06-09 15:00:00,2024-06,15,583.1666870117188,406.9485778808594,176.21810913085938,31052.821985655464
4,2024-06-09,2024-06-09 16:00:00,2024-06,16,358.7166748046875,417.80126953125,59.0845947265625,3490.989334002137
4,2024-06-10,2024-06-10 08:00:00,2024-06,8,512.0,361.7154541015625,150.2845458984375,22585.444735899568
4,2024-06-10,2024-06-10 09:00:00,2024-06,9,716.066650390625,394.32147216796875,321.74517822265625,103519.95970952883
4,2024-06-10,2024-06-10 10:00:00,2024-06,10,875.3499755859375,425.5447082519531,449.8052673339844,202324.77852139715
4,2024-06-10,2024-06-10 11:00:00,2024-06,11,960.4500122070312,458.599853515625,501.85015869140625,251853.58177858964
4,2024-06-10,2024-06-10 12:00:00,2024-06,12,981.433349609375,493.7436828613281,487.6896667480469,237841.21105282102
4,2024-06-10,2024-06-10 13:00:00,2024-06,13,758.4166870117188,517.197998046875,241.21868896484375,58186.45590591803
4,2024-06-10,2024-06-10 14:00:00,2024-06,14,747.4000244140625,525.3681030273438,222.03192138671875,49298.174114678055
4,2024-06-10,2024-06-10 15:00:00,2024-06,15,542.4000244140625,517.74755859375,24.6524658203125,607.7440710216761
4,2024-06-10,2024-06-10 16:00:00,2024-06,16,354.9333190917969,512.1410522460938,157.20773315429688,24714.271363512613
4,2024-06-11,2024-06-11 08:00:00,2024-06,8,504.3500061035156,339.0038757324219,165.34613037109375,27339.34282869473
4,2024-06-11,2024-06-11 09:00:00,2024-06,9,726.0166625976562,360.7414245605469,365.2752380371094,133425.99952306692
4,2024-06-11,2024-06-11 10:00:00,2024-06,10,843.0499877929688,378.5141906738281,464.5357971191406,215793.50680511538
4,2024-06-11,2024-06-11 11:00:00,2024-06,11,732.8499755859375,407.51409912109375,325.33587646484375,105843.43251514807
4,2024-06-11,2024-06-11 12:00:00,2024-06,12,674.566650390625,439.9422912597656,234.62435913085938,55048.589897566475
4,2024-06-11,2024-06-11 13:00:00,2024-06,13,732.9833374023438,465.9079284667969,267.0754089355469,71329.27405808959
4,2024-06-11,2024-06-11 14:00:00,2024-06,14,422.98333740234375,487.6869201660156,64.70358276367188,4186.553622455336
4,2024-06-11,2024-06-11 15:00:00,2024-06,15,407.6166687011719,496.31414794921875,88.69747924804688,7867.242824957706
4,2024-06-11,2024-06-11 16:00:00,2024-06,16,242.06666564941406,505.18243408203125,263.11578369140625,69229.91562754288
4,2024-06-17,2024-06-17 08:00:00,2024-06,8,493.8999938964844,152.66299438476562,341.23699951171875,116442.68983576074
4,2024-06-17,2024-06-17 09:00:00,2024-06,9,674.7999877929688,236.21304321289062,438.5869445800781,192358.50795608852
4,2024-06-17,2024-06-17 10:00:00,2024-06,10,864.0333251953125,302.54217529296875,561.4911499023438,315272.31141865626
4,2024-06-17,2024-06-17 11:00:00,2024-06,11,928.5999755859375,373.8083801269531,554.7916259765625,307793.748253718
4,2024-06-17,2024-06-17 12:00:00,2024-06,12,810.7999877929688,430.1795349121094,380.6204528808594,144871.9291512305
4,2024-06-17,2024-06-17 13:00:00,2024-06,13,813.1666870117188,472.47705078125,340.68963623046875,116069.42823484913
4,2024-06-17,2024-06-17 14:00:00,2024-06,14,746.8643798828125,504.3464660644531,242.51791381835938,58814.938522809185
4,2024-06-17,2024-06-17 15:00:00,2024-06,15,645.816650390625,519.8658447265625,125.9508056640625,15863.605447426438
4,2024-06-17,2024-06-17 16:00:00,2024-06,16,335.1499938964844,535.2428588867188,200.09286499023438,40037.15462000016
4,2024-06-18,2024-06-18 08:00:00,2024-06,8,427.4333190917969,291.9989013671875,135.43441772460938,18342.481504403986
4,2024-06-18,2024-06-18 09:00:00,2024-06,9,659.6333618164062,352.7596130371094,306.8737487792969,94171.49768985901
4,2024-06-18,2024-06-18 10:00:00,2024-06,10,814.7833251953125,397.7262878417969,417.0570373535156,173936.57240609173
4,2024-06-18,2024-06-18 11:00:00,2024-06,11,884.0499877929688,446.1614990234375,437.88848876953125,191746.3285968639
4,2024-06-18,2024-06-18 12:00:00,2024-06,12,737.5499877929688,500.941650390625,236.60833740234375,55983.50532830134
4,2024-06-18,2024-06-18 13:00:00,2024-06,13,513.1166381835938,549.546875,36.43023681640625,1327.1621544994414
4,2024-06-18,2024-06-18 14:00:00,2024-06,14,639.7666625976562,582.1367797851562,57.6298828125,3321.203392982483
4,2024-06-18,2024-06-18 15:00:00,2024-06,15,548.816650390625,589.2144775390625,40.3978271484375,1631.984438315034
4,2024-06-18,2024-06-18 16:00:00,2024-06,16,294.23333740234375,591.4039916992188,297.170654296875,88310.39777523279
4,2024-06-19,2024-06-19 08:00:00,2024-06,8,485.9166564941406,307.6268310546875,178.28982543945312,31787.261855230667
4,2024-06-19,2024-06-19 09:00:00,2024-06,9,690.5833129882812,363.73345947265625,326.849853515625,106830.82674318552
4,2024-06-19,2024-06-19 10:00:00,2024-06,10,504.48333740234375,400.7740478515625,103.70928955078125,10755.616739127785
4,2024-06-19,2024-06-19 11:00:00,2024-06,11,474.5833435058594,442.93731689453125,31.646026611328125,1001.4710002848879
4,2024-06-19,2024-06-19 12:00:00,2024-06,12,327.23333740234375,483.8393859863281,156.60604858398438,24525.454453089274
4,2024-06-19,2024-06-19 13:00:00,2024-06,13,633.683349609375,515.0989379882812,118.58441162109375,14062.262679520994
4,2024-06-19,2024-06-19 14:00:00,2024-06,14,757.3666381835938,540.6253051757812,216.7413330078125,46976.80543400347
4,2024-06-19,2024-06-19 15:00:00,2024-06,15,144.35000610351562,547.3902587890625,403.0402526855469,162441.44528482947
4,2024-06-19,2024-06-19 16:00:00,2024-06,16,71.06666564941406,554.40087890625,483.334228515625,233611.9764547944
4,2024-06-20,2024-06-20 08:00:00,2024-06,8,447.3999938964844,133.531982421875,313.8680114746094,98513.12862702552
4,2024-06-20,2024-06-20 09:00:00,2024-06,9,673.6333618164062,233.048095703125,440.58526611328125,194115.37671611086
4,2024-06-20,2024-06-20 10:00:00,2024-06,10,928.1166381835938,301.142822265625,626.9738159179688,393096.16584673896
4,2024-06-20,2024-06-20 11:00:00,2024-06,11,936.7166748046875,363.28375244140625,573.4329223632812,328825.31645009294
4,2024-06-20,2024-06-20 12:00:00,2024-06,12,904.7999877929688,411.8267822265625,492.97320556640625,243022.58140641823
4,2024-06-20,2024-06-20 13:00:00,2024-06,13,630.183349609375,450.35009765625,179.833251953125,32339.998508036137
4,2024-06-20,2024-06-20 14:00:00,2024-06,14,254.28334045410156,476.9181823730469,222.6348419189453,49566.27283627377
4,2024-06-20,2024-06-20 15:00:00,2024-06,15,281.29998779296875,485.1161804199219,203.81619262695312,41541.04037694726
4,2024-06-20,2024-06-20 16:00:00,2024-06,16,220.6666717529297,487.978759765625,267.31207275390625,71455.74423998967
4,2024-06-21,2024-06-21 08:00:00,2024-06,8,359.6499938964844,217.622314453125,142.02767944335938,20171.861728065647
4,2024-06-21,2024-06-21 09:00:00,2024-06,9,547.6166381835938,306.00335693359375,241.61328125,58376.9776763916
4,2024-06-21,2024-06-21 10:00:00,2024-06,10,595.933349609375,350.429443359375,245.50390625,60272.16798400879
4,2024-06-21,2024-06-21 11:00:00,2024-06,11,778.316650390625,393.78814697265625,384.52850341796875,147862.1699408628
4,2024-06-21,2024-06-21 12:00:00,2024-06,12,620.2166748046875,427.4582824707031,192.75839233398438,37155.797815182246
4,2024-06-21,2024-06-21 13:00:00,2024-06,13,583.1166381835938,450.746337890625,132.37030029296875,17521.896399650723
4,2024-06-21,2024-06-21 14:00:00,2024-06,14,462.6166687011719,470.1564636230469,7.539794921875,56.84850746393204
4,2024-06-21,2024-06-21 15:00:00,2024-06,15,351.0666809082031,483.15179443359375,132.08511352539062,17446.47721501533
4,2024-06-21,2024-06-21 16:00:00,2024-06,16,201.21665954589844,493.71844482421875,292.50177001953125,85557.28546455875
4,2024-06-22,2024-06-22 08:00:00,2024-06,8,471.5,185.79803466796875,285.70196533203125,81625.61299458519
4,2024-06-22,2024-06-22 09:00:00,2024-06,9,563.816650390625,223.79058837890625,340.02606201171875,115617.7228471972
4,2024-06-22,2024-06-22 10:00:00,2024-06,10,570.1500244140625,258.00006103515625,312.14996337890625,97437.59963745251
4,2024-06-22,2024-06-22 11:00:00,2024-06,11,725.4000244140625,298.75860595703125,426.64141845703125,182022.89994302765
4,2024-06-22,2024-06-22 12:00:00,2024-06,12,745.1666870117188,343.92578125,401.24090576171875,160994.26445648447
4,2024-06-22,2024-06-22 13:00:00,2024-06,13,852.75,382.9544982910156,469.7955017089844,220707.81342599634
4,2024-06-22,2024-06-22 14:00:00,2024-06,14,698.9500122070312,420.6439208984375,278.30609130859375,77454.28045946732
4,2024-06-22,2024-06-22 15:00:00,2024-06,15,613.4166870117188,437.1231689453125,176.29351806640625,31079.404512230307
4,2024-06-22,2024-06-22 16:00:00,2024-06,16,198.13333129882812,449.09674072265625,250.96340942382812,62982.63286963198
4,2024-06-23,2024-06-23 08:00:00,2024-06,8,573.0999755859375,168.6688232421875,404.43115234375,163564.55698609352
4,2024-06-23,2024-06-23 09:00:00,2024-06,9,647.816650390625,259.09271240234375,388.72393798828125,151106.29996511713
4,2024-06-23,2024-06-23 10:00:00,2024-06,10,784.4166870117188,327.12030029296875,457.29638671875,209119.98530602455
4,2024-06-23,2024-06-23 11:00:00,2024-06,11,876.1864624023438,385.6070556640625,490.57940673828125,240668.154315684
4,2024-06-23,2024-06-23 12:00:00,2024-06,12,597.2166748046875,447.3609619140625,149.855712890625,22456.73468595743
4,2024-06-23,2024-06-23 13:00:00,2024-06,13,469.8333435058594,499.415771484375,29.582427978515625,875.120045104064
4,2024-06-23,2024-06-23 14:00:00,2024-06,14,449.6833190917969,527.0166625976562,77.33334350585938,5980.446017795242
4,2024-06-23,2024-06-23 15:00:00,2024-06,15,363.3833312988281,527.2661743164062,163.88284301757812,26857.586235524155
4,2024-06-23,2024-06-23 16:00:00,2024-06,16,230.25,522.2819213867188,292.03192138671875,85282.64310881868
4,2024-06-24,2024-06-24 08:00:00,2024-06,8,480.3500061035156,253.86032104492188,226.48968505859375,51297.577437940985
4,2024-06-24,2024-06-24 09:00:00,2024-06,9,592.2166748046875,309.3119201660156,282.9047546386719,80035.10019716714
4,2024-06-24,2024-06-24 10:00:00,2024-06,10,775.9000244140625,339.208984375,436.6910400390625,190699.0644503981
4,2024-06-24,2024-06-24 11:00:00,2024-06,11,937.5166625976562,378.47210693359375,559.0445556640625,312530.8152176291
4,2024-06-24,2024-06-24 12:00:00,2024-06,12,507.4166564941406,410.4924011230469,96.92425537109375,9394.311279240996
4,2024-06-24,2024-06-24 13:00:00,2024-06,13,440.1166687011719,435.32672119140625,4.789947509765625,22.943597146309912
4,2024-06-24,2024-06-24 14:00:00,2024-06,14,680.5333251953125,455.7212829589844,224.81204223632812,50540.45433446858
4,2024-06-24,2024-06-24 15:00:00,2024-06,15,500.4666748046875,470.3342590332031,30.132415771484375,907.9624802256003
4,2024-06-24,2024-06-24 16:00:00,2024-06,16,102.86666870117188,488.41815185546875,385.5514831542969,148649.94616247807
4,2024-06-25,2024-06-25 08:00:00,2024-06,8,270.29998779296875,114.1097412109375,156.19024658203125,24395.393127355725
4,2024-06-25,2024-06-25 09:00:00,2024-06,9,282.1166687011719,227.18093872070312,54.93572998046875,3017.934428486973
4,2024-06-25,2024-06-25 10:00:00,2024-06,10,666.8833618164062,309.23773193359375,357.6456298828125,127910.3965742737
4,2024-06-25,2024-06-25 11:00:00,2024-06,11,613.7666625976562,375.5567626953125,238.20989990234375,56743.95641148463
4,2024-06-25,2024-06-25 12:00:00,2024-06,12,575.25,427.9815979003906,147.26840209960938,21687.98225697223
4,2024-06-25,2024-06-25 13:00:00,2024-06,13,720.9166870117188,471.79205322265625,249.1246337890625,62063.0831605345
4,2024-06-25,2024-06-25 14:00:00,2024-06,14,421.1666564941406,506.0228576660156,84.856201171875,7200.57487732172
4,2024-06-25,2024-06-25 15:00:00,2024-06,15,379.70001220703125,521.2866821289062,141.586669921875,20046.785099565983
4,2024-06-25,2024-06-25 16:00:00,2024-06,16,212.1999969482422,528.6881713867188,316.4881591796875,100164.75490094721
4,2024-06-26,2024-06-26 08:00:00,2024-06,8,208.10000610351562,224.2344970703125,16.134490966796875,260.32179875764996
4,2024-06-26,2024-06-26 09:00:00,2024-06,9,229.3333282470703,264.7371520996094,35.40382385253906,1253.4307433816139
4,2024-06-26,2024-06-26 10:00:00,2024-06,10,351.2166748046875,292.0647888183594,59.151885986328125,3498.9456157395616
4,2024-06-26,2024-06-26 11:00:00,2024-06,11,368.1499938964844,325.5818176269531,42.56817626953125,1812.0496309138834
4,2024-06-26,2024-06-26 12:00:00,2024-06,12,527.7457885742188,357.61553955078125,170.1302490234375,28944.301632776856
4,2024-06-26,2024-06-26 13:00:00,2024-06,13,375.7833251953125,383.73602294921875,7.95269775390625,63.245401564985514
4,2024-06-26,2024-06-26 14:00:00,2024-06,14,266.1000061035156,404.9678955078125,138.86788940429688,19284.29070760403
4,2024-06-26,2024-06-26 15:00:00,2024-06,15,229.1666717529297,412.0263671875,182.8596954345703,33437.668214423815
4,2024-06-26,2024-06-26 16:00:00,2024-06,16,136.6999969482422,411.08917236328125,274.38916015625,75289.41121125221
4,2024-06-27,2024-06-27 08:00:00,2024-06,8,117.69999694824219,138.6693115234375,20.969314575195312,439.71215375349857
4,2024-06-27,2024-06-27 09:00:00,2024-06,9,192.4166717529297,150.11126708984375,42.30540466308594,1789.7472637074534
4,2024-06-27,2024-06-27 10:00:00,2024-06,10,300.8666687011719,161.2808837890625,139.58578491210938,19484.19134952966
4,2024-06-27,2024-06-27 11:00:00,2024-06,11,637.7166748046875,179.6611328125,458.0555419921875,209814.87954975665
4,2024-06-27,2024-06-27 12:00:00,2024-06,12,742.4833374023438,205.16098022460938,537.3223876953125,288715.3483185917
4,2024-06-27,2024-06-27 13:00:00,2024-06,13,603.3833618164062,229.02635192871094,374.35699462890625,140143.15942758694
4,2024-06-27,2024-06-27 14:00:00,2024-06,14,512.25,253.307373046875,258.942626953125,67051.28405338526
4,2024-06-27,2024-06-27 15:00:00,2024-06,15,533.2000122070312,266.4512939453125,266.74871826171875,71154.8786942698
4,2024-06-27,2024-06-27 16:00:00,2024-06,16,210.76666259765625,280.18817138671875,69.4215087890625,4819.345882549882
4,2024-06-28,2024-06-28 08:00:00,2024-06,8,491.2833251953125,177.4007568359375,313.882568359375,98522.26671987772
4,2024-06-28,2024-06-28 09:00:00,2024-06,9,683.316650390625,193.99301147460938,489.3236389160156,239437.62360201124
4,2024-06-28,2024-06-28 10:00:00,2024-06,10,816.25,207.1964874267578,609.0535278320312,370946.19976464286
4,2024-06-28,2024-06-28 11:00:00,2024-06,11,956.7833251953125,225.41761779785156,731.36572265625,534895.8202764988
4,2024-06-28,2024-06-28 12:00:00,2024-06,12,862.933349609375,252.60060119628906,610.332763671875,372506.0824113488
4,2024-06-28,2024-06-28 13:00:00,2024-06,13,667.8333129882812,279.29376220703125,388.53955078125,150962.98252129555
4,2024-06-28,2024-06-28 14:00:00,2024-06,14,656.8333129882812,296.2581787109375,360.57513427734375,130014.42745912448
4,2024-06-28,2024-06-28 15:00:00,2024-06,15,613.7166748046875,302.936279296875,310.7803955078125,96584.45423199236
4,2024-06-28,2024-06-28 16:00:00,2024-06,16,455.76666259765625,302.38006591796875,153.3865966796875,23527.44804097712
4,2024-06-29,2024-06-29 08:00:00,2024-06,8,471.95001220703125,483.5271301269531,11.577117919921875,134.0296593317762
4,2024-06-29,2024-06-29 09:00:00,2024-06,9,659.5999755859375,478.28826904296875,181.31170654296875,32873.93492952362
4,2024-06-29,2024-06-29 10:00:00,2024-06,10,843.2999877929688,469.3592224121094,373.9407653808594,139831.69601362292
4,2024-06-29,2024-06-29 11:00:00,2024-06,11,786.9833374023438,471.3668212890625,315.61651611328125,99613.78524348512
4,2024-06-29,2024-06-29 12:00:00,2024-06,12,784.1500244140625,474.7374267578125,309.41259765625,95736.15558838844
4,2024-06-29,2024-06-29 13:00:00,2024-06,13,641.183349609375,478.24822998046875,162.93511962890625,26547.85320848599
4,2024-06-29,2024-06-29 14:00:00,2024-06,14,820.9833374023438,480.17822265625,340.80511474609375,116148.12623709813
4,2024-06-29,2024-06-29 15:00:00,2024-06,15,363.0666809082031,476.3886413574219,113.32196044921875,12841.866720054299
4,2024-06-29,2024-06-29 16:00:00,2024-06,16,152.26666259765625,473.322021484375,321.05535888671875,103076.54346987978
4,2024-06-30,2024-06-30 08:00:00,2024-06,8,487.6000061035156,137.06008911132812,350.5399169921875,122878.2334048897
4,2024-06-30,2024-06-30 09:00:00,2024-06,9,679.4500122070312,185.03799438476562,494.4120178222656,244443.2433670843
4,2024-06-30,2024-06-30 10:00:00,2024-06,10,864.3833618164062,225.42825317382812,638.955078125,408263.59186172485
4,2024-06-30,2024-06-30 11:00:00,2024-06,11,838.7000122070312,278.5505676269531,560.1494140625,313767.3660745621
4,2024-06-30,2024-06-30 12:00:00,2024-06,12,654.316650390625,333.1605224609375,321.1561279296875,103141.2585067898
4,2024-06-30,2024-06-30 13:00:00,2024-06,13,534.1500244140625,381.4717102050781,152.67831420898438,23310.66762969736
4,2024-06-30,2024-06-30 14:00:00,2024-06,14,423.45001220703125,414.2710266113281,9.178985595703125,84.25377656612545
4,2024-06-30,2024-06-30 15:00:00,2024-06,15,444.48333740234375,423.47479248046875,21.008544921875,441.35895973443985
4,2024-06-30,2024-06-30 16:00:00,2024-06,16,85.66666412353516,429.4010314941406,343.734375,118153.32055664062
4,2024-07-01,2024-07-01 08:00:00,2024-07,8,442.0333251953125,121.00045776367188,321.0328674316406,103062.10197138134
4,2024-07-01,2024-07-01 09:00:00,2024-07,9,539.4000244140625,233.476806640625,305.9232177734375,93589.01517285407
4,2024-07-01,2024-07-01 10:00:00,2024-07,10,747.4833374023438,296.6170349121094,450.8663024902344,203280.42272121552
4,2024-07-01,2024-07-01 11:00:00,2024-07,11,782.0999755859375,353.63446044921875,428.46551513671875,183582.69766137376
4,2024-07-01,2024-07-01 12:00:00,2024-07,12,820.7333374023438,401.96551513671875,418.767822265625,175366.4889650941
4,2024-07-01,2024-07-01 13:00:00,2024-07,13,663.5166625976562,445.40411376953125,218.112548828125,47573.08395630121
4,2024-07-01,2024-07-01 14:00:00,2024-07,14,559.1666870117188,476.06341552734375,83.103271484375,6906.153731405735
4,2024-07-01,2024-07-01 15:00:00,2024-07,15,391.8833312988281,494.4917907714844,102.60845947265625,10528.49595535174
4,2024-07-01,2024-07-01 16:00:00,2024-07,16,237.23333740234375,512.1011962890625,274.86785888671875,75552.33984896913
4,2024-07-02,2024-07-02 08:00:00,2024-07,8,474.3166809082031,250.72198486328125,223.59469604492188,49994.588099421
4,2024-07-02,2024-07-02 09:00:00,2024-07,9,692.816650390625,309.64923095703125,383.16741943359375,146817.27131539956
4,2024-07-02,2024-07-02 10:00:00,2024-07,10,838.8499755859375,349.7719421386719,489.0780334472656,239197.32280064467
4,2024-07-02,2024-07-02 11:00:00,2024-07,11,831.1333618164062,397.26922607421875,433.8641357421875,188238.0882833153
4,2024-07-02,2024-07-02 12:00:00,2024-07,12,761.3666381835938,445.3010559082031,316.0655822753906,99897.45229908172
4,2024-07-02,2024-07-02 13:00:00,2024-07,13,579.2333374023438,487.2287292480469,92.00460815429688,8464.847921625711
4,2024-07-02,2024-07-02 14:00:00,2024-07,14,362.76666259765625,515.1277465820312,152.361083984375,23213.899912893772
4,2024-07-02,2024-07-02 15:00:00,2024-07,15,283.1833190917969,518.8407592773438,235.65744018554688,55534.4291148046
4,2024-07-02,2024-07-02 16:00:00,2024-07,16,260.3333435058594,513.835693359375,253.50234985351562,64263.44138125423
4,2024-07-03,2024-07-03 08:00:00,2024-07,8,376.1000061035156,260.8853759765625,115.21463012695312,13274.410995290615
4,2024-07-03,2024-07-03 09:00:00,2024-07,9,643.316650390625,309.1539306640625,334.1627197265625,111664.72325505316
4,2024-07-03,2024-07-03 10:00:00,2024-07,10,778.5,326.3999938964844,452.1000061035156,204394.41551879887
4,2024-07-03,2024-07-03 11:00:00,2024-07,11,802.433349609375,349.8872985839844,452.5460510253906,204797.92829867546
4,2024-07-03,2024-07-03 12:00:00,2024-07,12,658.2999877929688,364.3580627441406,293.9419250488281,86401.85530141089
4,2024-07-03,2024-07-03 13:00:00,2024-07,13,388.3833312988281,367.38043212890625,21.002899169921875,441.121773541905
4,2024-07-03,2024-07-03 14:00:00,2024-07,14,591.8666381835938,370.98651123046875,220.880126953125,48788.03048282862
4,2024-07-03,2024-07-03 15:00:00,2024-07,15,601.2833251953125,380.1595458984375,221.123779296875,48895.725770533085
4,2024-07-03,2024-07-03 16:00:00,2024-07,16,413.29998779296875,400.1976013183594,13.102386474609375,171.6725313300267
4,2024-07-04,2024-07-04 08:00:00,2024-07,8,324.6499938964844,454.74932861328125,130.09933471679688,16925.83689375315
4,2024-07-04,2024-07-04 09:00:00,2024-07,9,625.6333618164062,495.41339111328125,130.219970703125,16957.240769922733
4,2024-07-04,2024-07-04 10:00:00,2024-07,10,774.7833251953125,499.1526184082031,275.6307067871094,75972.28652396146
4,2024-07-04,2024-07-04 11:00:00,2024-07,11,860.3333129882812,506.4777526855469,353.8555603027344,125213.75755716208
4,2024-07-04,2024-07-04 12:00:00,2024-07,12,784.2833251953125,519.5851440429688,264.69818115234375,70065.12710535899
4,2024-07-04,2024-07-04 13:00:00,2024-07,13,468.51666259765625,535.0762329101562,66.5595703125,4430.176400184631
4,2024-07-04,2024-07-04 14:00:00,2024-07,14,333.3666687011719,547.8322143554688,214.46554565429688,45995.4702727953
4,2024-07-04,2024-07-04 15:00:00,2024-07,15,342.04998779296875,556.4523315429688,214.40234375,45968.365005493164
4,2024-07-04,2024-07-04 16:00:00,2024-07,16,250.51666259765625,565.5490112304688,315.0323486328125,99245.38068510592
4,2024-07-05,2024-07-05 08:00:00,2024-07,8,428.20001220703125,246.19369506835938,182.00631713867188,33126.2994783828
4,2024-07-05,2024-07-05 09:00:00,2024-07,9,665.5499877929688,309.2147216796875,356.33526611328125,126974.82187602296
4,2024-07-05,2024-07-05 10:00:00,2024-07,10,763.0338745117188,343.744873046875,419.28900146484375,175803.26674938574
4,2024-07-05,2024-07-05 11:00:00,2024-07,11,737.7333374023438,383.2845458984375,354.44879150390625,125633.9457985796
4,2024-07-05,2024-07-05 12:00:00,2024-07,12,828.2833251953125,411.41900634765625,416.86431884765625,173775.8603283204
4,2024-07-05,2024-07-05 13:00:00,2024-07,13,475.95001220703125,432.94390869140625,43.006103515625,1849.524939596653
4,2024-07-05,2024-07-05 14:00:00,2024-07,14,81.98332977294922,450.93072509765625,368.9473876953125,136122.17488719523
4,2024-07-05,2024-07-05 15:00:00,2024-07,15,72.06666564941406,459.4600830078125,387.3934326171875,150073.6716349274
4,2024-07-05,2024-07-05 16:00:00,2024-07,16,210.53334045410156,469.4384765625,258.9051513671875,67031.87740446627
4,2024-07-06,2024-07-06 08:00:00,2024-07,8,431.5,297.6584167480469,133.84158325195312,17913.5694073895
4,2024-07-06,2024-07-06 09:00:00,2024-07,9,715.0999755859375,416.8272399902344,298.2727355957031,88966.62479974423
4,2024-07-06,2024-07-06 10:00:00,2024-07,10,867.9500122070312,452.5307922363281,415.4192199707031,172573.12832106743
4,2024-07-06,2024-07-06 11:00:00,2024-07,11,564.25,474.29791259765625,89.95208740234375,8091.378028038889
4,2024-07-06,2024-07-06 12:00:00,2024-07,12,377.7833251953125,469.8382568359375,92.054931640625,8474.110439360142
4,2024-07-06,2024-07-06 13:00:00,2024-07,13,361.0,460.35137939453125,99.35137939453125,9870.696587596089
4,2024-07-06,2024-07-06 14:00:00,2024-07,14,344.76666259765625,447.9644775390625,103.19781494140625,10649.789008680731
4,2024-07-06,2024-07-06 15:00:00,2024-07,15,367.7166748046875,454.89056396484375,87.17388916015625,7599.286951307207
4,2024-07-06,2024-07-06 16:00:00,2024-07,16,316.04998779296875,469.318115234375,153.26812744140625,23491.118889395148
4,2024-07-07,2024-07-07 08:00:00,2024-07,8,388.76666259765625,336.2561950683594,52.510467529296875,2757.3492001453415
4,2024-07-07,2024-07-07 09:00:00,2024-07,9,557.9166870117188,341.01324462890625,216.9034423828125,47047.10331751406
4,2024-07-07,2024-07-07 10:00:00,2024-07,10,842.6500244140625,332.7413024902344,509.9087219238281,260006.90469399188
4,2024-07-07,2024-07-07 11:00:00,2024-07,11,827.5166625976562,336.0684814453125,491.44818115234375,241521.31475794688
4,2024-07-07,2024-07-07 12:00:00,2024-07,12,769.6333618164062,337.27581787109375,432.3575439453125,186933.04580642283
4,2024-07-07,2024-07-07 13:00:00,2024-07,13,867.6166381835938,340.84234619140625,526.7742919921875,277491.1547038704
4,2024-07-07,2024-07-07 14:00:00,2024-07,14,464.1499938964844,353.9020690917969,110.2479248046875,12154.60492374003
4,2024-07-07,2024-07-07 15:00:00,2024-07,15,555.933349609375,373.2499694824219,182.68338012695312,33373.21737460885
4,2024-07-07,2024-07-07 16:00:00,2024-07,16,291.95001220703125,388.92730712890625,96.977294921875,9404.595730364323
4,2024-07-08,2024-07-08 08:00:00,2024-07,8,425.7166748046875,295.04315185546875,130.67352294921875,17075.56959996
4,2024-07-08,2024-07-08 09:00:00,2024-07,9,672.9833374023438,317.4462890625,355.53704833984375,126406.59274220839
4,2024-07-08,2024-07-08 10:00:00,2024-07,10,827.9666748046875,339.07275390625,488.8939208984375,239017.26589144766
4,2024-07-08,2024-07-08 11:00:00,2024-07,11,768.6500244140625,372.09051513671875,396.55950927734375,157259.44439828768
4,2024-07-08,2024-07-08 12:00:00,2024-07,12,885.5166625976562,411.21856689453125,474.298095703125,224958.68358761072
4,2024-07-08,2024-07-08 13:00:00,2024-07,13,683.816650390625,442.8670654296875,240.9495849609375,58056.70249284804
4,2024-07-08,2024-07-08 14:00:00,2024-07,14,453.3500061035156,456.0448913574219,2.69488525390625,7.2624065317213535
4,2024-07-08,2024-07-08 15:00:00,2024-07,15,354.45001220703125,454.8890686035156,100.43905639648438,10088.004049816169
4,2024-07-08,2024-07-08 16:00:00,2024-07,16,342.9333190917969,449.93328857421875,106.99996948242188,11448.993469239213
4,2024-07-09,2024-07-09 08:00:00,2024-07,8,256.1333312988281,357.724609375,101.59127807617188,10320.78778115008
4,2024-07-09,2024-07-09 09:00:00,2024-07,9,595.0333251953125,380.7911071777344,214.24221801757812,45899.72798109148
4,2024-07-09,2024-07-09 10:00:00,2024-07,10,758.933349609375,392.71807861328125,366.21527099609375,134113.62471074238
4,2024-07-09,2024-07-09 11:00:00,2024-07,11,699.3333129882812,411.0447692871094,288.2885437011719,83110.28442934249
4,2024-07-09,2024-07-09 12:00:00,2024-07,12,783.3833618164062,429.5425720214844,353.8407897949219,125203.30452269409
4,2024-07-09,2024-07-09 13:00:00,2024-07,13,895.5833129882812,441.7428894042969,453.8404235839844,205971.13007889036
4,2024-07-09,2024-07-09 14:00:00,2024-07,14,569.7333374023438,447.51483154296875,122.218505859375,14937.363174498081
4,2024-07-09,2024-07-09 15:00:00,2024-07,15,364.5762634277344,457.76123046875,93.18496704101562,8683.438082435168
4,2024-07-09,2024-07-09 16:00:00,2024-07,16,430.0666809082031,473.537109375,43.470428466796875,1889.678151086904
4,2024-07-10,2024-07-10 08:00:00,2024-07,8,464.3333435058594,481.80810546875,17.474761962890625,305.367305659689
4,2024-07-10,2024-07-10 09:00:00,2024-07,9,589.3666381835938,507.92132568359375,81.4453125,6633.338928222656
4,2024-07-10,2024-07-10 10:00:00,2024-07,10,711.7166748046875,519.4674682617188,192.24920654296875,36959.75741640106
4,2024-07-10,2024-07-10 11:00:00,2024-07,11,894.0,539.6898193359375,354.3101806640625,125535.70412220061
4,2024-07-10,2024-07-10 12:00:00,2024-07,12,861.7666625976562,554.2202758789062,307.54638671875,94584.77998375893
4,2024-07-10,2024-07-10 13:00:00,2024-07,13,906.7666625976562,563.9618530273438,342.8048095703125,117515.13746453822
4,2024-07-10,2024-07-10 14:00:00,2024-07,14,754.7166748046875,565.1824951171875,189.5341796875,35923.20526981354
4,2024-07-10,2024-07-10 15:00:00,2024-07,15,620.7000122070312,567.470703125,53.22930908203125,2833.3593453504145
4,2024-07-10,2024-07-10 16:00:00,2024-07,16,440.29998779296875,569.9463500976562,129.6463623046875,16808.179258838296
4,2024-07-11,2024-07-11 08:00:00,2024-07,8,487.29998779296875,414.887451171875,72.41253662109375,5243.575459901243
4,2024-07-11,2024-07-11 09:00:00,2024-07,9,688.7999877929688,405.15673828125,283.64324951171875,80453.49299356714
4,2024-07-11,2024-07-11 10:00:00,2024-07,10,849.4666748046875,404.67828369140625,444.78839111328125,197836.71286914125
4,2024-07-11,2024-07-11 11:00:00,2024-07,11,925.8333129882812,414.95098876953125,510.88232421875,261000.749199152
4,2024-07-11,2024-07-11 12:00:00,2024-07,12,957.183349609375,438.0902099609375,519.0931396484375,269457.68763007224
4,2024-07-11,2024-07-11 13:00:00,2024-07,13,713.2166748046875,461.9512634277344,251.26541137695312,63134.306954429485
4,2024-07-11,2024-07-11 14:00:00,2024-07,14,557.4833374023438,475.4432373046875,82.04010009765625,6730.578024033457
4,2024-07-11,2024-07-11 15:00:00,2024-07,15,178.5833282470703,477.63177490234375,299.0484619140625,89429.98257316649
4,2024-07-11,2024-07-11 16:00:00,2024-07,16,93.88333129882812,481.04266357421875,387.1593322753906,149892.34856792632
4,2024-07-12,2024-07-12 08:00:00,2024-07,8,482.3333435058594,56.0050048828125,426.3283386230469,181755.85231308732
4,2024-07-12,2024-07-12 09:00:00,2024-07,9,690.2166748046875,79.64654541015625,610.5701293945312,372795.88290885463
4,2024-07-12,2024-07-12 10:00:00,2024-07,10,852.6500244140625,107.5111083984375,745.138916015625,555232.0041609406
4,2024-07-12,2024-07-12 11:00:00,2024-07,11,940.7000122070312,144.36428833007812,796.335693359375,634150.5365181565
4,2024-07-12,2024-07-12 12:00:00,2024-07,12,789.3666381835938,188.71438598632812,600.6522216796875,360783.09140874445
4,2024-07-12,2024-07-12 13:00:00,2024-07,13,460.20001220703125,225.50259399414062,234.69741821289062,55082.878115796484
4,2024-07-12,2024-07-12 14:00:00,2024-07,14,435.6000061035156,258.8310241699219,176.76898193359375,31247.272973839194
4,2024-07-12,2024-07-12 15:00:00,2024-07,15,103.13333129882812,291.5471496582031,188.413818359375,35499.766948759556
4,2024-07-12,2024-07-12 16:00:00,2024-07,16,83.76667022705078,321.1679992675781,237.40133666992188,56359.39465266559
4,2024-07-13,2024-07-13 08:00:00,2024-07,8,323.2833251953125,79.75469970703125,243.52862548828125,59306.19143221155
4,2024-07-13,2024-07-13 09:00:00,2024-07,9,473.54998779296875,135.37039184570312,338.1795959472656,114365.43911505584
4,2024-07-13,2024-07-13 10:00:00,2024-07,10,336.5833435058594,174.15768432617188,162.4256591796875,26382.094759956002
4,2024-07-13,2024-07-13 11:00:00,2024-07,11,484.8166809082031,221.24749755859375,263.5691833496094,69468.71441158
4,2024-07-13,2024-07-13 12:00:00,2024-07,12,281.6833190917969,256.91314697265625,24.770172119140625,613.5614268118516
4,2024-07-13,2024-07-13 13:00:00,2024-07,13,304.1333312988281,279.90679931640625,24.226531982421875,586.92485189531
4,2024-07-13,2024-07-13 14:00:00,2024-07,14,193.9166717529297,299.8810729980469,105.96440124511719,11228.454331236193
4,2024-07-13,2024-07-13 15:00:00,2024-07,15,101.13333129882812,325.6145324707031,224.481201171875,50391.809679567814
4,2024-07-13,2024-07-13 16:00:00,2024-07,16,75.43333435058594,355.8833312988281,280.45001220703125,78652.20934692398
4,2024-07-14,2024-07-14 08:00:00,2024-07,8,364.3666687011719,63.56927490234375,300.7973937988281,90479.07211616728
4,2024-07-14,2024-07-14 09:00:00,2024-07,9,422.8166809082031,69.50222778320312,353.314453125,124831.10278701782
4,2024-07-14,2024-07-14 10:00:00,2024-07,10,550.8833618164062,82.96084594726562,467.9225158691406,218951.48085730616
4,2024-07-14,2024-07-14 11:00:00,2024-07,11,609.9833374023438,86.014404296875,523.9689331054688,274543.4428596832
4,2024-07-14,2024-07-14 12:00:00,2024-07,12,754.4500122070312,99.26220703125,655.1878051757812,429271.0600510575
4,2024-07-14,2024-07-14 13:00:00,2024-07,13,704.8833618164062,110.53741455078125,594.345947265625,353247.1050310731
4,2024-07-14,2024-07-14 14:00:00,2024-07,14,455.01666259765625,135.39425659179688,319.6224060058594,102158.48242097441
4,2024-07-14,2024-07-14 15:00:00,2024-07,15,340.3166809082031,166.27969360351562,174.0369873046875,30288.872950091958
4,2024-07-14,2024-07-14 16:00:00,2024-07,16,407.3500061035156,198.69744873046875,208.65255737304688,43535.88969831262
4,2024-07-15,2024-07-15 08:00:00,2024-07,8,282.2833251953125,427.6484680175781,145.36514282226562,21131.024747737683
4,2024-07-15,2024-07-15 09:00:00,2024-07,9,557.0499877929688,422.49871826171875,134.55126953125,18104.044132471085
4,2024-07-15,2024-07-15 10:00:00,2024-07,10,578.4166870117188,422.3372802734375,156.07940673828125,24360.781207773834
4,2024-07-15,2024-07-15 11:00:00,2024-07,11,533.933349609375,413.6638488769531,120.26950073242188,14464.752806426026
4,2024-07-15,2024-07-15 12:00:00,2024-07,12,496.8333435058594,407.9788513183594,88.8544921875,7895.1207818984985
4,2024-07-15,2024-07-15 13:00:00,2024-07,13,555.5,399.2227783203125,156.2772216796875,24422.57001592219
4,2024-07-15,2024-07-15 14:00:00,2024-07,14,382.8999938964844,385.52459716796875,2.624603271484375,6.888542332686484
4,2024-07-15,2024-07-15 15:00:00,2024-07,15,143.28334045410156,371.0204772949219,227.7371368408203,51864.20349645452
4,2024-07-15,2024-07-15 16:00:00,2024-07,16,187.88333129882812,356.43536376953125,168.55203247070312,28409.78765000496
4,2024-07-16,2024-07-16 08:00:00,2024-07,8,312.0666809082031,185.80018615722656,126.26649475097656,15943.227696698392
4,2024-07-16,2024-07-16 09:00:00,2024-07,9,399.3999938964844,188.7938232421875,210.60617065429688,44354.95911766682
4,2024-07-16,2024-07-16 10:00:00,2024-07,10,548.6333618164062,192.0537109375,356.57965087890625,127149.04742092267
4,2024-07-16,2024-07-16 11:00:00,2024-07,11,461.6499938964844,193.62542724609375,268.0245666503906,71837.16832812969
4,2024-07-16,2024-07-16 12:00:00,2024-07,12,473.73333740234375,200.0732879638672,273.6600341796875,74889.81430722773
4,2024-07-16,2024-07-16 13:00:00,2024-07,13,469.0,207.19984436035156,261.8001708984375,68539.32948245108
4,2024-07-16,2024-07-16 14:00:00,2024-07,14,239.26666259765625,215.1041717529297,24.162490844726562,583.825963821495
4,2024-07-16,2024-07-16 15:00:00,2024-07,15,171.01666259765625,221.026123046875,50.00946044921875,2500.9461344219744
4,2024-07-16,2024-07-16 16:00:00,2024-07,16,145.31666564941406,225.44406127929688,80.12739562988281,6420.399530427763
4,2024-07-17,2024-07-17 08:00:00,2024-07,8,516.066650390625,133.42901611328125,382.63763427734375,146411.55916536227
4,2024-07-17,2024-07-17 09:00:00,2024-07,9,451.1499938964844,146.63916015625,304.5108337402344,92726.84786517266
4,2024-07-17,2024-07-17 10:00:00,2024-07,10,389.9333190917969,158.63836669921875,231.29495239257812,53497.35500228498
4,2024-07-17,2024-07-17 11:00:00,2024-07,11,292.76666259765625,168.93966674804688,123.82699584960938,15333.124901139177
4,2024-07-17,2024-07-17 12:00:00,2024-07,12,320.1499938964844,182.8806915283203,137.26930236816406,18842.861372642452
4,2024-07-17,2024-07-17 13:00:00,2024-07,13,535.0,191.50721740722656,343.4927978515625,117987.30217589438
4,2024-07-17,2024-07-17 14:00:00,2024-07,14,808.75,199.1813507080078,609.5686645507812,371573.9568022229
4,2024-07-17,2024-07-17 15:00:00,2024-07,15,227.1666717529297,208.84716796875,18.319503784179688,335.6042188985739
4,2024-07-17,2024-07-17 16:00:00,2024-07,16,119.98332977294922,219.30233764648438,99.31900787353516,9864.265324983338
4,2024-07-18,2024-07-18 08:00:00,2024-07,8,280.9166564941406,144.42141723632812,136.4952392578125,18630.95034004748
4,2024-07-18,2024-07-18 09:00:00,2024-07,9,230.93333435058594,186.81405639648438,44.11927795410156,1946.5106871912722
4,2024-07-18,2024-07-18 10:00:00,2024-07,10,423.5333251953125,215.3625946044922,208.1707305908203,43335.05307471589
4,2024-07-18,2024-07-18 11:00:00,2024-07,11,585.8333129882812,239.0436553955078,346.7896728515625,120263.07719649374
4,2024-07-18,2024-07-18 12:00:00,2024-07,12,599.5333251953125,264.582763671875,334.9505615234375,112191.87866486609
4,2024-07-18,2024-07-18 13:00:00,2024-07,13,782.1666870117188,289.2878723144531,492.8788146972656,242929.5259773815
4,2024-07-18,2024-07-18 14:00:00,2024-07,14,479.7833251953125,302.2852783203125,177.498046875,31505.556644439697
4,2024-07-18,2024-07-18 15:00:00,2024-07,15,441.48333740234375,304.9435119628906,136.53982543945312,18643.12393103633
4,2024-07-18,2024-07-18 16:00:00,2024-07,16,162.73333740234375,301.60040283203125,138.8670654296875,19284.06186105311
4,2024-07-19,2024-07-19 08:00:00,2024-07,8,413.8500061035156,169.85084533691406,243.99916076660156,59535.590454805875
4,2024-07-19,2024-07-19 09:00:00,2024-07,9,581.7000122070312,204.1195831298828,377.5804443359375,142566.991944924
4,2024-07-19,2024-07-19 10:00:00,2024-07,10,769.2166748046875,227.65945434570312,541.5572509765625,293284.2560852915
4,2024-07-19,2024-07-19 11:00:00,2024-07,11,712.3833618164062,246.04393005371094,466.33941650390625,217472.45138520375
4,2024-07-19,2024-07-19 12:00:00,2024-07,12,536.1500244140625,266.8692626953125,269.28076171875,72512.12863183022
4,2024-07-19,2024-07-19 13:00:00,2024-07,13,487.1166687011719,288.3076171875,198.80905151367188,39525.03896376584
4,2024-07-19,2024-07-19 14:00:00,2024-07,14,522.3666381835938,299.2377014160156,223.12893676757812,49786.52242302988
4,2024-07-19,2024-07-19 15:00:00,2024-07,15,397.6833190917969,302.11334228515625,95.56997680664062,9133.620466821827
4,2024-07-19,2024-07-19 16:00:00,2024-07,16,225.35000610351562,304.4954528808594,79.14544677734375,6264.001745585352
4,2024-07-20,2024-07-20 08:00:00,2024-07,8,344.0,266.6819763183594,77.31802368164062,5978.0767860347405
4,2024-07-20,2024-07-20 09:00:00,2024-07,9,703.0333251953125,279.9222412109375,423.111083984375,179022.98939043283
4,2024-07-20,2024-07-20 10:00:00,2024-07,10,680.3499755859375,286.13720703125,394.2127685546875,155403.7068915516
4,2024-07-20,2024-07-20 11:00:00,2024-07,11,850.7333374023438,297.47515869140625,553.2581787109375,306094.61231054366
4,2024-07-20,2024-07-20 12:00:00,2024-07,12,808.7333374023438,310.47528076171875,498.258056640625,248261.09100729227
4,2024-07-20,2024-07-20 13:00:00,2024-07,13,522.75,323.072998046875,199.677001953125,39870.905108988285
4,2024-07-20,2024-07-20 14:00:00,2024-07,14,479.8999938964844,334.3776550292969,145.5223388671875,21176.75110937655
4,2024-07-20,2024-07-20 15:00:00,2024-07,15,357.23333740234375,341.8373107910156,15.396026611328125,237.0376354167238
4,2024-07-20,2024-07-20 16:00:00,2024-07,16,288.8833312988281,348.279296875,59.395965576171875,3527.8807267257944
4,2024-07-21,2024-07-21 08:00:00,2024-07,8,289.0333251953125,305.323486328125,16.2901611328125,265.36934973299503
4,2024-07-21,2024-07-21 09:00:00,2024-07,9,415.1833190917969,311.236083984375,103.94723510742188,10805.027686477639
4,2024-07-21,2024-07-21 10:00:00,2024-07,10,617.4833374023438,316.5534973144531,300.9298400878906,90558.76865532342
4,2024-07-21,2024-07-21 11:00:00,2024-07,11,742.8333129882812,322.5440368652344,420.2892761230469,176643.07562403474
4,2024-07-21,2024-07-21 12:00:00,2024-07,12,890.7833251953125,334.29229736328125,556.4910278320312,309682.2640575506
4,2024-07-21,2024-07-21 13:00:00,2024-07,13,519.3499755859375,342.16021728515625,177.18975830078125,31396.210446689278
4,2024-07-21,2024-07-21 14:00:00,2024-07,14,369.70001220703125,346.1529846191406,23.547027587890625,554.4625082248822
4,2024-07-21,2024-07-21 15:00:00,2024-07,15,337.9333190917969,348.9283447265625,10.995025634765625,120.89058870915323
4,2024-07-21,2024-07-21 16:00:00,2024-07,16,272.76666259765625,353.04083251953125,80.274169921875,6443.942356646061
4,2024-07-22,2024-07-22 08:00:00,2024-07,8,303.6833190917969,268.9375,34.745819091796875,1207.2719443598762
4,2024-07-22,2024-07-22 09:00:00,2024-07,9,538.1333618164062,275.8680419921875,262.26531982421875,68783.09798249975
4,2024-07-22,2024-07-22 10:00:00,2024-07,10,659.1500244140625,283.91107177734375,375.23895263671875,140804.27157590166
4,2024-07-22,2024-07-22 11:00:00,2024-07,11,401.4666748046875,292.7086181640625,108.758056640625,11828.314884245396
4,2024-07-22,2024-07-22 12:00:00,2024-07,12,579.7999877929688,307.6993408203125,272.10064697265625,74038.7620829381
4,2024-07-22,2024-07-22 13:00:00,2024-07,13,364.3500061035156,315.5341491699219,48.81585693359375,2382.987888161093
4,2024-07-22,2024-07-22 14:00:00,2024-07,14,212.28334045410156,323.16839599609375,110.88505554199219,12295.495542550692
4,2024-07-22,2024-07-22 15:00:00,2024-07,15,177.39999389648438,332.31658935546875,154.91659545898438,23999.15154860262
4,2024-07-22,2024-07-22 16:00:00,2024-07,16,308.01666259765625,341.0859069824219,33.069244384765625,1093.5749241793528
4,2024-07-23,2024-07-23 08:00:00,2024-07,8,421.98333740234375,335.27996826171875,86.703369140625,7517.474220335484
4,2024-07-23,2024-07-23 09:00:00,2024-07,9,672.933349609375,346.7234802246094,326.2098693847656,106412.87888402585
4,2024-07-23,2024-07-23 10:00:00,2024-07,10,354.20001220703125,355.50018310546875,1.3001708984375,1.690444365143776
4,2024-07-23,2024-07-23 11:00:00,2024-07,11,377.5666809082031,364.6593933105469,12.90728759765625,166.59807312861085
4,2024-07-23,2024-07-23 12:00:00,2024-07,12,450.5666809082031,363.93182373046875,86.63485717773438,7505.598478206433
4,2024-07-23,2024-07-23 13:00:00,2024-07,13,746.4500122070312,370.9983215332031,375.4516906738281,140963.97202983592
4,2024-07-23,2024-07-23 14:00:00,2024-07,14,489.20001220703125,387.0810546875,102.11895751953125,10428.281484875828
4,2024-07-23,2024-07-23 15:00:00,2024-07,15,353.3166809082031,399.22039794921875,45.903717041015625,2107.1512381816283
4,2024-07-23,2024-07-23 16:00:00,2024-07,16,342.3666687011719,392.33563232421875,49.968963623046875,2496.897325561382
4,2024-07-24,2024-07-24 08:00:00,2024-07,8,425.2833251953125,373.4559326171875,51.827392578125,2686.0786214470863
4,2024-07-24,2024-07-24 09:00:00,2024-07,9,650.5,390.09368896484375,260.40631103515625,67811.44682693854
4,2024-07-24,2024-07-24 10:00:00,2024-07,10,825.3333129882812,401.48858642578125,423.8447265625,179644.3522348404
4,2024-07-24,2024-07-24 11:00:00,2024-07,11,932.2999877929688,411.58306884765625,520.7169189453125,271146.10967589915
4,2024-07-24,2024-07-24 12:00:00,2024-07,12,564.3666381835938,425.8475341796875,138.51910400390625,19187.542174044997
4,2024-07-24,2024-07-24 13:00:00,2024-07,13,947.9666748046875,440.6015930175781,507.3650817871094,257419.32621684019
4,2024-07-24,2024-07-24 14:00:00,2024-07,14,673.316650390625,447.4727478027344,225.84390258789062,51005.46833612863
4,2024-07-24,2024-07-24 15:00:00,2024-07,15,565.066650390625,449.8349304199219,115.23171997070312,13278.349287406541
4,2024-07-24,2024-07-24 16:00:00,2024-07,16,292.4333190917969,448.50872802734375,156.07540893554688,24359.533274398185
4,2024-07-25,2024-07-25 08:00:00,2024-07,8,459.3666687011719,302.3829345703125,156.98373413085938,24643.892781668343
4,2024-07-25,2024-07-25 09:00:00,2024-07,9,620.3666381835938,317.95001220703125,302.4166259765625,91455.8156670481
4,2024-07-25,2024-07-25 10:00:00,2024-07,10,637.566650390625,326.552734375,311.013916015625,96729.65595537424
4,2024-07-25,2024-07-25 11:00:00,2024-07,11,532.9666748046875,336.98919677734375,195.97747802734375,38407.171893958
4,2024-07-25,2024-07-25 12:00:00,2024-07,12,776.5,354.522705078125,421.977294921875,178064.83742958307
4,2024-07-25,2024-07-25 13:00:00,2024-07,13,752.683349609375,372.2895812988281,380.3937683105469,144699.41896949802
4,2024-07-25,2024-07-25 14:00:00,2024-07,14,379.4166564941406,381.4530334472656,2.036376953125,4.1468310952186584
4,2024-07-25,2024-07-25 15:00:00,2024-07,15,357.8666687011719,388.60296630859375,30.736297607421875,944.7199906120077
4,2024-07-25,2024-07-25 16:00:00,2024-07,16,233.93333435058594,394.4156799316406,160.4823455810547,25754.583243197063
4,2024-07-26,2024-07-26 08:00:00,2024-07,8,313.3333435058594,240.5086669921875,72.82467651367188,5303.433509320952
4,2024-07-26,2024-07-26 09:00:00,2024-07,9,621.75,263.50836181640625,358.24163818359375,128337.0713284649
4,2024-07-26,2024-07-26 10:00:00,2024-07,10,746.4000244140625,281.92462158203125,464.47540283203125,215737.3998359777
4,2024-07-26,2024-07-26 11:00:00,2024-07,11,789.4666748046875,297.1431884765625,492.323486328125,242382.41519027948
4,2024-07-26,2024-07-26 12:00:00,2024-07,12,681.3499755859375,314.44366455078125,366.90631103515625,134620.24107742682
4,2024-07-26,2024-07-26 13:00:00,2024-07,13,719.2666625976562,330.79547119140625,388.47119140625,150909.86655259132
4,2024-07-26,2024-07-26 14:00:00,2024-07,14,700.6666870117188,343.2326965332031,357.4339904785156,127759.0575493956
4,2024-07-26,2024-07-26 15:00:00,2024-07,15,528.9833374023438,354.4320068359375,174.55133056640625,30468.16700250283
4,2024-07-26,2024-07-26 16:00:00,2024-07,16,249.06666564941406,362.48052978515625,113.41386413574219,12862.704578200588
4,2024-07-27,2024-07-27 08:00:00,2024-07,8,271.4166564941406,231.22311401367188,40.19354248046875,1615.520857129246
4,2024-07-27,2024-07-27 09:00:00,2024-07,9,554.2166748046875,271.95050048828125,282.26617431640625,79674.19316321984
4,2024-07-27,2024-07-27 10:00:00,2024-07,10,655.3833618164062,304.0826416015625,351.30072021484375,123412.19602346793
4,2024-07-27,2024-07-27 11:00:00,2024-07,11,638.9500122070312,334.94171142578125,304.00830078125,92421.04694390297
4,2024-07-27,2024-07-27 12:00:00,2024-07,12,531.2999877929688,371.072998046875,160.22698974609375,25672.68824309483
4,2024-07-27,2024-07-27 13:00:00,2024-07,13,517.9000244140625,402.4332580566406,115.46676635742188,13332.574133039452
4,2024-07-27,2024-07-27 14:00:00,2024-07,14,654.1666870117188,419.799560546875,234.36712646484375,54927.949967388064
4,2024-07-27,2024-07-27 15:00:00,2024-07,15,380.8500061035156,427.1683044433594,46.31829833984375,2145.3847610987723
4,2024-07-27,2024-07-27 16:00:00,2024-07,16,314.2166748046875,430.893798828125,116.6771240234375,13613.551270380616
4,2024-07-28,2024-07-28 08:00:00,2024-07,8,241.440673828125,355.67181396484375,114.23114013671875,13048.753376934677
4,2024-07-28,2024-07-28 09:00:00,2024-07,9,479.54998779296875,368.1571350097656,111.39285278320312,12408.367651180364
4,2024-07-28,2024-07-28 10:00:00,2024-07,10,727.1666870117188,380.36993408203125,346.7967529296875,120267.98784257472
4,2024-07-28,2024-07-28 11:00:00,2024-07,11,780.1500244140625,393.06072998046875,387.08929443359375,149838.12186509743
4,2024-07-28,2024-07-28 12:00:00,2024-07,12,484.26666259765625,409.58770751953125,74.678955078125,5576.946331560612
4,2024-07-28,2024-07-28 13:00:00,2024-07,13,375.8833312988281,424.28094482421875,48.397613525390625,2342.3289949530736
4,2024-07-28,2024-07-28 14:00:00,2024-07,14,470.26666259765625,437.6845703125,32.58209228515625,1061.5927376784384
4,2024-07-28,2024-07-28 15:00:00,2024-07,15,449.3500061035156,448.15020751953125,1.199798583984375,1.4395166421309114
4,2024-07-28,2024-07-28 16:00:00,2024-07,16,197.51666259765625,455.1044921875,257.58782958984375,66351.48995280638
4,2024-07-29,2024-07-29 08:00:00,2024-07,8,314.23333740234375,200.72711181640625,113.5062255859375,12883.663246765733
4,2024-07-29,2024-07-29 09:00:00,2024-07,9,466.8666687011719,241.60772705078125,225.25894165039062,50741.59079345409
4,2024-07-29,2024-07-29 10:00:00,2024-07,10,620.0499877929688,272.55517578125,347.49481201171875,120752.64437505975
4,2024-07-29,2024-07-29 11:00:00,2024-07,11,652.5,301.3902282714844,351.1097717285156,123278.07180325035
4,2024-07-29,2024-07-29 12:00:00,2024-07,12,682.1333618164062,328.279296875,353.85406494140625,125212.69927555695
4,2024-07-29,2024-07-29 13:00:00,2024-07,13,540.3833618164062,349.77789306640625,190.60546875,36330.44471740723
4,2024-07-29,2024-07-29 14:00:00,2024-07,14,612.8499755859375,364.363525390625,248.4864501953125,61745.51593066752
4,2024-07-29,2024-07-29 15:00:00,2024-07,15,408.95001220703125,374.1551818847656,34.794830322265625,1210.6802171552554
4,2024-07-29,2024-07-29 16:00:00,2024-07,16,114.94999694824219,377.7806701660156,262.8306884765625,69079.97080506384
4,2024-07-30,2024-07-30 08:00:00,2024-07,8,380.29998779296875,94.38363647460938,285.9163513183594,81748.1599512035
4,2024-07-30,2024-07-30 09:00:00,2024-07,9,483.04998779296875,147.03973388671875,336.01025390625,112902.8907301426
4,2024-07-30,2024-07-30 10:00:00,2024-07,10,505.45001220703125,194.72842407226562,310.7215881347656,96547.90533299092
4,2024-07-30,2024-07-30 11:00:00,2024-07,11,672.7666625976562,241.34185791015625,431.4248046875,186127.36209964752
4,2024-07-30,2024-07-30 12:00:00,2024-07,12,664.5,289.15167236328125,375.34832763671875,140886.36705968156
4,2024-07-30,2024-07-30 13:00:00,2024-07,13,615.0,329.2965393066406,285.7034606933594,81626.46745216195
4,2024-07-30,2024-07-30 14:00:00,2024-07,14,486.1833190917969,355.6596984863281,130.52362060546875,17036.415535960346
4,2024-07-30,2024-07-30 15:00:00,2024-07,15,407.1499938964844,367.67218017578125,39.477813720703125,1558.497776166536
4,2024-07-30,2024-07-30 16:00:00,2024-07,16,375.7833251953125,370.79632568359375,4.98699951171875,24.87016412988305
4,2024-07-31,2024-07-31 08:00:00,2024-07,8,468.8666687011719,392.3027648925781,76.56390380859375,5862.0313664115965
4,2024-07-31,2024-07-31 09:00:00,2024-07,9,474.4166564941406,396.06201171875,78.35464477539062,6139.450357877649
4,2024-07-31,2024-07-31 10:00:00,2024-07,10,536.066650390625,401.2242431640625,134.8424072265625,18182.474786654115
4,2024-07-31,2024-07-31 11:00:00,2024-07,11,790.0166625976562,409.6700134277344,380.3466491699219,144663.57353478763
4,2024-07-31,2024-07-31 12:00:00,2024-07,12,954.2333374023438,420.10589599609375,534.12744140625,285292.123663187
4,2024-07-31,2024-07-31 13:00:00,2024-07,13,525.6500244140625,430.22296142578125,95.42706298828125,9106.324350569397
4,2024-07-31,2024-07-31 14:00:00,2024-07,14,792.933349609375,438.10565185546875,354.82769775390625,125902.69509333745
4,2024-07-31,2024-07-31 15:00:00,2024-07,15,640.6333618164062,443.759033203125,196.87432861328125,38759.50126693025
4,2024-07-31,2024-07-31 16:00:00,2024-07,16,447.0,447.509765625,0.509765625,0.2598609924316406
4,2024-08-01,2024-08-01 08:00:00,2024-08,8,474.0,483.4519348144531,9.451934814453125,89.33907173667103
4,2024-08-01,2024-08-01 09:00:00,2024-08,9,676.75,482.90167236328125,193.84832763671875,37577.17412755266
4,2024-08-01,2024-08-01 10:00:00,2024-08,10,841.2833251953125,484.53131103515625,356.75201416015625,127271.99960732833
4,2024-08-01,2024-08-01 11:00:00,2024-08,11,939.6500244140625,488.299560546875,451.3504638671875,203717.24123312533
4,2024-08-01,2024-08-01 12:00:00,2024-08,12,967.0999755859375,497.9033508300781,469.1966247558594,220145.4726822907
4,2024-08-01,2024-08-01 13:00:00,2024-08,13,904.5999755859375,510.7105407714844,393.8894348144531,155148.88685844932
4,2024-08-01,2024-08-01 14:00:00,2024-08,14,707.1500244140625,518.2872314453125,188.86279296875,35669.154567956924
4,2024-08-01,2024-08-01 15:00:00,2024-08,15,502.0833435058594,523.9303588867188,21.847015380859375,477.2920810515061
4,2024-08-01,2024-08-01 16:00:00,2024-08,16,424.9333190917969,527.802734375,102.86941528320312,10582.116600708105
4,2024-08-02,2024-08-02 08:00:00,2024-08,8,284.9666748046875,427.5145568847656,142.54788208007812,20319.89868551586
4,2024-08-02,2024-08-02 09:00:00,2024-08,9,585.183349609375,450.37554931640625,134.80780029296875,18173.143019828945
4,2024-08-02,2024-08-02 10:00:00,2024-08,10,783.2833251953125,470.95892333984375,312.32440185546875,97546.53199437633
4,2024-08-02,2024-08-02 11:00:00,2024-08,11,938.6666870117188,493.08294677734375,445.583740234375,198544.86956125498
4,2024-08-02,2024-08-02 12:00:00,2024-08,12,929.1666870117188,513.4525756835938,415.714111328125,172818.2223573327
4,2024-08-02,2024-08-02 13:00:00,2024-08,13,834.3833618164062,528.7110595703125,305.67230224609375,93435.55636042729
4,2024-08-02,2024-08-02 14:00:00,2024-08,14,717.4833374023438,538.1112060546875,179.37213134765625,32174.361504200846
4,2024-08-02,2024-08-02 15:00:00,2024-08,15,504.51666259765625,542.13916015625,37.62249755859375,1415.4523225463927
4,2024-08-02,2024-08-02 16:00:00,2024-08,16,392.3833312988281,546.3536376953125,153.97030639648438,23706.855251827277
4,2024-08-03,2024-08-03 08:00:00,2024-08,8,432.73333740234375,382.5180358886719,50.215301513671875,2521.576506108977
4,2024-08-03,2024-08-03 09:00:00,2024-08,9,626.4500122070312,399.00653076171875,227.4434814453125,51730.53725196421
4,2024-08-03,2024-08-03 10:00:00,2024-08,10,829.5999755859375,416.6599426269531,412.9400329589844,170519.4708201671
4,2024-08-03,2024-08-03 11:00:00,2024-08,11,893.0999755859375,437.8350830078125,455.264892578125,207266.1224141717
4,2024-08-03,2024-08-03 12:00:00,2024-08,12,972.3833618164062,466.13714599609375,506.2462158203125,256285.23103238642
4,2024-08-03,2024-08-03 13:00:00,2024-08,13,546.6166381835938,488.491943359375,58.12469482421875,3378.480148408562
4,2024-08-03,2024-08-03 14:00:00,2024-08,14,307.9666748046875,503.9883117675781,196.02163696289062,38424.48215761129
4,2024-08-03,2024-08-03 15:00:00,2024-08,15,433.6333312988281,514.1414794921875,80.50814819335938,6481.561925523914
4,2024-08-03,2024-08-03 16:00:00,2024-08,16,156.0833282470703,522.5811767578125,366.49786376953125,134320.6841476299
4,2024-08-04,2024-08-04 08:00:00,2024-08,8,394.3833312988281,95.28155517578125,299.1017761230469,89461.87247996125
4,2024-08-04,2024-08-04 09:00:00,2024-08,9,677.816650390625,131.25250244140625,546.5641479492188,298732.3678234555
4,2024-08-04,2024-08-04 10:00:00,2024-08,10,759.7999877929688,160.88555908203125,598.9144287109375,358698.49291814864
4,2024-08-04,2024-08-04 11:00:00,2024-08,11,848.7666625976562,190.32467651367188,658.4420166015625,433545.8892263323
4,2024-08-04,2024-08-04 12:00:00,2024-08,12,686.9833374023438,225.54061889648438,461.4427185058594,212929.38246207777
4,2024-08-04,2024-08-04 13:00:00,2024-08,13,502.4666748046875,252.31350708007812,250.15316772460938,62576.60732265655
4,2024-08-04,2024-08-04 14:00:00,2024-08,14,466.1666564941406,275.84942626953125,190.31723022460938,36220.64812036697
4,2024-08-04,2024-08-04 15:00:00,2024-08,15,134.21665954589844,300.2899169921875,166.07325744628906,27580.326838821406
4,2024-08-04,2024-08-04 16:00:00,2024-08,16,93.33333587646484,323.3480224609375,230.01467895507812,52906.75253480766
4,2024-08-05,2024-08-05 08:00:00,2024-08,8,477.6333312988281,105.3946533203125,372.2386779785156,138561.63338319305
4,2024-08-05,2024-08-05 09:00:00,2024-08,9,669.2666625976562,165.72921752929688,503.5374450683594,253549.95858597104
4,2024-08-05,2024-08-05 10:00:00,2024-08,10,806.5833129882812,214.10031127929688,592.4830322265625,351036.1434763819
4,2024-08-05,2024-08-05 11:00:00,2024-08,11,683.0999755859375,257.91278076171875,425.18719482421875,180784.15064248815
4,2024-08-05,2024-08-05 12:00:00,2024-08,12,575.0333251953125,299.30224609375,275.7310791015625,76027.62798251212
4,2024-08-05,2024-08-05 13:00:00,2024-08,13,428.45001220703125,327.07611083984375,101.3739013671875,10276.66787840426
4,2024-08-05,2024-08-05 14:00:00,2024-08,14,371.8500061035156,345.89642333984375,25.953582763671875,673.5884582707658
4,2024-08-05,2024-08-05 15:00:00,2024-08,15,193.28334045410156,362.2166748046875,168.93333435058594,28538.47145480686
4,2024-08-05,2024-08-05 16:00:00,2024-08,16,90.19999694824219,374.8382568359375,284.63824462890625,81018.93030542508
4,2024-08-16,2024-08-16 08:00:00,2024-08,8,361.2166748046875,327.15576171875,34.0609130859375,1160.1458002477884
4,2024-08-16,2024-08-16 09:00:00,2024-08,9,399.9333190917969,322.4604797363281,77.47283935546875,6002.040837798268
4,2024-08-16,2024-08-16 10:00:00,2024-08,10,772.7333374023438,323.64306640625,449.09027099609375,201682.07150334492
4,2024-08-16,2024-08-16 11:00:00,2024-08,11,800.316650390625,336.60247802734375,463.71417236328125,215030.8336505629
4,2024-08-16,2024-08-16 12:00:00,2024-08,12,530.1333618164062,360.4094543457031,169.72390747070312,28806.204767123796
4,2024-08-16,2024-08-16 13:00:00,2024-08,13,139.18333435058594,387.573974609375,248.39064025878906,61697.91016817116
4,2024-08-16,2024-08-16 14:00:00,2024-08,14,176.89999389648438,405.36883544921875,228.46884155273438,52198.011560448445
4,2024-08-16,2024-08-16 15:00:00,2024-08,15,356.95001220703125,415.68548583984375,58.7354736328125,3449.8558628708124
4,2024-08-16,2024-08-16 16:00:00,2024-08,16,249.48333740234375,422.3943176269531,172.91098022460938,29898.207082235254
4,2024-08-17,2024-08-17 08:00:00,2024-08,8,493.98333740234375,251.24710083007812,242.73623657226562,58920.880545266904
4,2024-08-17,2024-08-17 09:00:00,2024-08,9,693.2000122070312,267.9293518066406,425.2706604003906,180855.13459738437
4,2024-08-17,2024-08-17 10:00:00,2024-08,10,424.6166687011719,281.7504577636719,142.8662109375,20410.754227638245
4,2024-08-17,2024-08-17 11:00:00,2024-08,11,833.7333374023438,298.0071716308594,535.7261962890625,287002.5573903471
4,2024-08-17,2024-08-17 12:00:00,2024-08,12,667.183349609375,316.8329772949219,350.3503723144531,122745.38338087592
4,2024-08-17,2024-08-17 13:00:00,2024-08,13,599.9833374023438,333.8233642578125,266.15997314453125,70841.1313042976
4,2024-08-17,2024-08-17 14:00:00,2024-08,14,338.6000061035156,348.4423828125,9.842376708984375,96.8723792815581
4,2024-08-17,2024-08-17 15:00:00,2024-08,15,316.0833435058594,366.98016357421875,50.896820068359375,2590.4862930709496
4,2024-08-17,2024-08-17 16:00:00,2024-08,16,266.6666564941406,381.3964538574219,114.72979736328125,13162.926403019577
4,2024-08-18,2024-08-18 08:00:00,2024-08,8,381.2166748046875,286.34326171875,94.8734130859375,9000.964510574937
4,2024-08-18,2024-08-18 09:00:00,2024-08,9,592.7333374023438,319.36273193359375,273.37060546875,74731.48793435097
4,2024-08-18,2024-08-18 10:00:00,2024-08,10,863.683349609375,354.29388427734375,509.38946533203125,259477.62739125267
4,2024-08-18,2024-08-18 11:00:00,2024-08,11,890.9833374023438,382.9784851074219,508.0048522949219,258068.9299551854
4,2024-08-18,2024-08-18 12:00:00,2024-08,12,737.0,411.30548095703125,325.69451904296875,106076.91973463073
4,2024-08-18,2024-08-18 13:00:00,2024-08,13,660.3833618164062,426.0304870605469,234.35287475585938,54921.26990633551
4,2024-08-18,2024-08-18 14:00:00,2024-08,14,576.0,425.12786865234375,150.87213134765625,22762.40001738444
4,2024-08-18,2024-08-18 15:00:00,2024-08,15,505.01666259765625,422.118408203125,82.89825439453125,6872.12058166042
4,2024-08-18,2024-08-18 16:00:00,2024-08,16,184.23333740234375,420.4950866699219,236.26174926757812,55819.61416697595
4,2024-08-19,2024-08-19 08:00:00,2024-08,8,218.31666564941406,154.86935424804688,63.44731140136719,4025.5613240620587
4,2024-08-19,2024-08-19 09:00:00,2024-08,9,420.76666259765625,185.24993896484375,235.5167236328125,55468.12711073458
4,2024-08-19,2024-08-19 10:00:00,2024-08,10,648.2833251953125,213.876220703125,434.4071044921875,188709.5324332863
4,2024-08-19,2024-08-19 11:00:00,2024-08,11,453.5833435058594,249.06680297851562,204.51654052734375,41827.01534927264
4,2024-08-19,2024-08-19 12:00:00,2024-08,12,263.7166748046875,291.4071350097656,27.690460205078125,766.7615863690153
4,2024-08-19,2024-08-19 13:00:00,2024-08,13,229.21665954589844,331.86566162109375,102.64900207519531,10536.817627033452
4,2024-08-19,2024-08-19 14:00:00,2024-08,14,42.31666564941406,358.17034912109375,315.85369873046875,99763.55900171772
4,2024-08-19,2024-08-19 15:00:00,2024-08,15,87.05000305175781,375.4463806152344,288.3963623046875,83172.46179057658
4,2024-08-19,2024-08-19 16:00:00,2024-08,16,96.56666564941406,385.5866394042969,289.01995849609375,83532.53640908375
4,2024-08-20,2024-08-20 08:00:00,2024-08,8,410.5333251953125,85.84548950195312,324.6878356933594,105422.19064723793
4,2024-08-20,2024-08-20 09:00:00,2024-08,9,609.4500122070312,99.86080932617188,509.5892028808594,259681.15569274966
4,2024-08-20,2024-08-20 10:00:00,2024-08,10,672.0166625976562,118.89535522460938,553.121337890625,305943.21442991495
4,2024-08-20,2024-08-20 11:00:00,2024-08,11,685.2666625976562,131.35879516601562,553.9078369140625,306813.89179481566
4,2024-08-20,2024-08-20 12:00:00,2024-08,12,650.7833251953125,148.81484985351562,501.9684753417969,251972.35023696814
4,2024-08-20,2024-08-20 13:00:00,2024-08,13,257.1666564941406,164.66302490234375,92.50363159179688,8556.92185767088
4,2024-08-20,2024-08-20 14:00:00,2024-08,14,320.8666687011719,186.02520751953125,134.84146118164062,18182.219653599896
4,2024-08-20,2024-08-20 15:00:00,2024-08,15,334.3999938964844,209.37464904785156,125.02534484863281,15631.336854519555
4,2024-08-20,2024-08-20 16:00:00,2024-08,16,46.099998474121094,222.1900177001953,176.09002685546875,31007.697557959706
4,2024-08-21,2024-08-21 08:00:00,2024-08,8,209.4499969482422,26.469329833984375,182.9806671142578,33481.92453757883
4,2024-08-21,2024-08-21 09:00:00,2024-08,9,265.98333740234375,56.51422119140625,209.4691162109375,43877.31064619124
4,2024-08-21,2024-08-21 10:00:00,2024-08,10,357.76666259765625,83.83517456054688,273.9314880371094,75038.460138225
4,2024-08-21,2024-08-21 11:00:00,2024-08,11,503.0833435058594,111.95034790039062,391.13299560546875,152985.02025130764
4,2024-08-21,2024-08-21 12:00:00,2024-08,12,457.6333312988281,151.19293212890625,306.4403991699219,93905.71824342106
4,2024-08-21,2024-08-21 13:00:00,2024-08,13,444.4333190917969,179.84915161132812,264.58416748046875,70004.78168133274
4,2024-08-21,2024-08-21 14:00:00,2024-08,14,592.7833251953125,196.395751953125,396.3875732421875,157123.10822083056
4,2024-08-21,2024-08-21 15:00:00,2024-08,15,276.20001220703125,209.14942932128906,67.05058288574219,4495.780665317783
4,2024-08-21,2024-08-21 16:00:00,2024-08,16,180.3000030517578,213.69024658203125,33.39024353027344,1114.9083630109672
4,2024-08-22,2024-08-22 08:00:00,2024-08,8,334.2833251953125,229.6355743408203,104.64775085449219,10951.15175890387
4,2024-08-22,2024-08-22 09:00:00,2024-08,9,642.683349609375,231.58094787597656,411.1024169921875,169005.1972568184
4,2024-08-22,2024-08-22 10:00:00,2024-08,10,568.5166625976562,241.46688842773438,327.0497741699219,106961.5547845969
4,2024-08-22,2024-08-22 11:00:00,2024-08,11,764.2666625976562,255.80564880371094,508.46099853515625,258532.58703136817
4,2024-08-22,2024-08-22 12:00:00,2024-08,12,732.7666625976562,279.8076171875,452.95904541015625,205171.89681888
4,2024-08-22,2024-08-22 13:00:00,2024-08,13,445.51666259765625,306.8771057128906,138.63955688476562,19220.926733204164
4,2024-08-22,2024-08-22 14:00:00,2024-08,14,333.6333312988281,331.2024230957031,2.430908203125,5.909314692020416
4,2024-08-22,2024-08-22 15:00:00,2024-08,15,297.26666259765625,345.62005615234375,48.3533935546875,2338.0506682544947
4,2024-08-22,2024-08-22 16:00:00,2024-08,16,185.89999389648438,351.09527587890625,165.19528198242188,27289.481189251877
4,2024-08-23,2024-08-23 08:00:00,2024-08,8,495.48333740234375,183.5589141845703,311.9244384765625,97296.85531891882
4,2024-08-23,2024-08-23 09:00:00,2024-08,9,677.1166381835938,206.3424072265625,470.77423095703125,221628.3765331842
4,2024-08-23,2024-08-23 10:00:00,2024-08,10,653.75,222.16726684570312,431.5827331542969,186263.65555693302
4,2024-08-23,2024-08-23 11:00:00,2024-08,11,875.7288208007812,240.51832580566406,635.2105102539062,403492.39233702794
4,2024-08-23,2024-08-23 12:00:00,2024-08,12,1042.3499755859375,259.17999267578125,783.1699829101562,613355.2221314944
4,2024-08-23,2024-08-23 13:00:00,2024-08,13,749.066650390625,276.0995788574219,472.9670715332031,223697.85075469408
4,2024-08-23,2024-08-23 14:00:00,2024-08,14,675.6666870117188,285.6878356933594,389.9788513183594,152083.50447558705
4,2024-08-23,2024-08-23 15:00:00,2024-08,15,504.73333740234375,292.6100158691406,212.12332153320312,44996.30353827868
4,2024-08-23,2024-08-23 16:00:00,2024-08,16,411.29998779296875,301.2919006347656,110.00808715820312,12101.779240206815
4,2024-08-24,2024-08-24 08:00:00,2024-08,8,495.75,450.15582275390625,45.59417724609375,2078.828998748213
4,2024-08-24,2024-08-24 09:00:00,2024-08,9,623.8666381835938,447.53790283203125,176.3287353515625,31091.822910681367
4,2024-08-24,2024-08-24 10:00:00,2024-08,10,756.7833251953125,451.9985046386719,304.7848205566406,92893.78684174363
4,2024-08-24,2024-08-24 11:00:00,2024-08,11,839.0833129882812,460.6982727050781,378.3850402832031,143175.23871012125
4,2024-08-24,2024-08-24 12:00:00,2024-08,12,995.683349609375,477.70355224609375,517.9797973632812,268303.0704765059
4,2024-08-24,2024-08-24 13:00:00,2024-08,13,807.8499755859375,492.8569641113281,314.9930114746094,99220.5972778434
4,2024-08-24,2024-08-24 14:00:00,2024-08,14,848.2666625976562,501.20648193359375,347.0601806640625,120450.7690025717
4,2024-08-24,2024-08-24 15:00:00,2024-08,15,658.4833374023438,501.3460998535156,157.13723754882812,24692.11142447684
4,2024-08-24,2024-08-24 16:00:00,2024-08,16,436.8500061035156,500.8513488769531,64.0013427734375,4096.1718768030405
4,2024-08-25,2024-08-25 08:00:00,2024-08,8,430.0333251953125,461.120849609375,31.0875244140625,966.434174194932
4,2024-08-25,2024-08-25 09:00:00,2024-08,9,743.25,454.19317626953125,289.05682373046875,83553.84734514728
4,2024-08-25,2024-08-25 10:00:00,2024-08,10,893.4166870117188,452.5049743652344,440.9117126464844,194403.138348856
4,2024-08-25,2024-08-25 11:00:00,2024-08,11,1010.0833129882812,458.59014892578125,551.4931640625,304144.71000766754
4,2024-08-25,2024-08-25 12:00:00,2024-08,12,706.0333251953125,473.0211181640625,233.01220703125,54294.68862557411
4,2024-08-25,2024-08-25 13:00:00,2024-08,13,846.2833251953125,492.0141296386719,354.2691955566406,125506.66292034928
4,2024-08-25,2024-08-25 14:00:00,2024-08,14,828.25,506.245849609375,322.004150390625,103686.67286878824
4,2024-08-25,2024-08-25 15:00:00,2024-08,15,611.566650390625,511.8531494140625,99.7135009765625,9942.78227700293
4,2024-08-25,2024-08-25 16:00:00,2024-08,16,397.2166748046875,517.6173095703125,120.400634765625,14496.312851965427
4,2024-08-26,2024-08-26 08:00:00,2024-08,8,469.8166809082031,423.27691650390625,46.539764404296875,2165.9496708074585
4,2024-08-26,2024-08-26 09:00:00,2024-08,9,740.7333374023438,453.25042724609375,287.48291015625,82646.42363190651
4,2024-08-26,2024-08-26 10:00:00,2024-08,10,853.9166870117188,476.685791015625,377.23089599609375,142303.1488940157
4,2024-08-26,2024-08-26 11:00:00,2024-08,11,935.816650390625,500.79437255859375,435.02227783203125,189244.382210169
4,2024-08-26,2024-08-26 12:00:00,2024-08,12,1014.8833618164062,526.0919799804688,488.7913818359375,238917.01495708525
4,2024-08-26,2024-08-26 13:00:00,2024-08,13,866.0499877929688,547.107421875,318.94256591796875,101724.36035433784
4,2024-08-26,2024-08-26 14:00:00,2024-08,14,609.1333618164062,559.87939453125,49.25396728515625,2425.953293327242
4,2024-08-26,2024-08-26 15:00:00,2024-08,15,521.183349609375,565.447265625,44.263916015625,1959.2942610383034
4,2024-08-26,2024-08-26 16:00:00,2024-08,16,357.79998779296875,570.1092529296875,212.30926513671875,45075.22406289354
4,2024-08-27,2024-08-27 08:00:00,2024-08,8,503.70001220703125,324.0497741699219,179.65023803710938,32274.20802679006
4,2024-08-27,2024-08-27 09:00:00,2024-08,9,695.5,348.5064392089844,346.9935607910156,120404.53123042826
4,2024-08-27,2024-08-27 10:00:00,2024-08,10,844.3666381835938,370.6231994628906,473.7434387207031,224432.8457309166
4,2024-08-27,2024-08-27 11:00:00,2024-08,11,978.5166625976562,394.5859680175781,583.9306640625,340975.0204324722
4,2024-08-27,2024-08-27 12:00:00,2024-08,12,927.7999877929688,423.00616455078125,504.7938232421875,254816.80398346484
4,2024-08-27,2024-08-27 13:00:00,2024-08,13,571.0166625976562,444.57354736328125,126.443115234375,15987.861390173435
4,2024-08-27,2024-08-27 14:00:00,2024-08,14,650.7048950195312,458.77313232421875,191.9317626953125,36837.80153132975
4,2024-08-27,2024-08-27 15:00:00,2024-08,15,537.3499755859375,468.1690673828125,69.180908203125,4785.998059809208
4,2024-08-27,2024-08-27 16:00:00,2024-08,16,343.0833435058594,476.2261962890625,133.14285278320312,17727.0192472497
4,2024-08-28,2024-08-28 08:00:00,2024-08,8,364.51666259765625,344.1938171386719,20.322845458984375,413.01804754976183
4,2024-08-28,2024-08-28 09:00:00,2024-08,9,443.70001220703125,371.23553466796875,72.4644775390625,5251.100505009294
4,2024-08-28,2024-08-28 10:00:00,2024-08,10,530.6166381835938,394.34661865234375,136.27001953125,18569.518223047256
4,2024-08-28,2024-08-28 11:00:00,2024-08,11,685.4833374023438,420.46124267578125,265.0220947265625,70236.71069325507
4,2024-08-28,2024-08-28 12:00:00,2024-08,12,541.4833374023438,450.12408447265625,91.3592529296875,8346.513095870614
4,2024-08-28,2024-08-28 13:00:00,2024-08,13,477.4666748046875,476.5042724609375,0.96240234375,0.9262182712554932
4,2024-08-28,2024-08-28 14:00:00,2024-08,14,423.8833312988281,496.94378662109375,73.06045532226562,5337.8301318967715
4,2024-08-28,2024-08-28 15:00:00,2024-08,15,368.5,515.4168701171875,146.9168701171875,21584.56672503054
4,2024-08-28,2024-08-28 16:00:00,2024-08,16,221.96665954589844,530.4219970703125,308.455322265625,95144.68583399057
4,2024-08-29,2024-08-29 08:00:00,2024-08,8,534.0166625976562,191.132080078125,342.88458251953125,117569.83692959324
4,2024-08-29,2024-08-29 09:00:00,2024-08,9,734.2000122070312,196.02297973632812,538.177001953125,289634.4854312539
4,2024-08-29,2024-08-29 10:00:00,2024-08,10,716.5833129882812,206.40878295898438,510.1745300292969,260278.05109061394
4,2024-08-29,2024-08-29 11:00:00,2024-08,11,708.0833129882812,220.78253173828125,487.30078125,237462.05140686035
4,2024-08-29,2024-08-29 12:00:00,2024-08,12,504.8500061035156,245.554931640625,259.2950744628906,67233.935640716
4,2024-08-29,2024-08-29 13:00:00,2024-08,13,421.95001220703125,270.9873046875,150.96270751953125,22789.739061627537
4,2024-08-29,2024-08-29 14:00:00,2024-08,14,406.6166687011719,297.35052490234375,109.26614379882812,11939.090180666186
4,2024-08-29,2024-08-29 15:00:00,2024-08,15,343.1000061035156,319.64019775390625,23.459808349609375,550.3626078004017
4,2024-08-29,2024-08-29 16:00:00,2024-08,16,201.0833282470703,335.611328125,134.5279998779297,18097.78275115625
4,2024-08-30,2024-08-30 08:00:00,2024-08,8,287.0833435058594,181.718994140625,105.36434936523438,11101.646117159165
4,2024-08-30,2024-08-30 09:00:00,2024-08,9,536.2666625976562,209.6768798828125,326.58978271484375,106660.88617372885
4,2024-08-30,2024-08-30 10:00:00,2024-08,10,758.683349609375,232.43801879882812,526.245361328125,276934.18031936884
4,2024-08-30,2024-08-30 11:00:00,2024-08,11,619.5833129882812,262.0120544433594,357.5712585449219,127857.20493739937
4,2024-08-30,2024-08-30 12:00:00,2024-08,12,441.6499938964844,292.0580139160156,149.59197998046875,22377.760474476963
4,2024-08-30,2024-08-30 13:00:00,2024-08,13,328.6666564941406,316.8393859863281,11.8272705078125,139.88432766497135
4,2024-08-30,2024-08-30 14:00:00,2024-08,14,326.0,338.74542236328125,12.74542236328125,162.4457912184298
4,2024-08-30,2024-08-30 15:00:00,2024-08,15,364.5833435058594,354.6677551269531,9.91558837890625,98.31889289990067
4,2024-08-30,2024-08-30 16:00:00,2024-08,16,202.21665954589844,366.8128662109375,164.59620666503906,27091.91124852025
4,2024-08-31,2024-08-31 08:00:00,2024-08,8,586.9500122070312,187.52093505859375,399.4290771484375,159543.58767165244
4,2024-08-31,2024-08-31 09:00:00,2024-08,9,642.1500244140625,210.52621459960938,431.6238098144531,186299.1131987432
4,2024-08-31,2024-08-31 10:00:00,2024-08,10,851.0999755859375,230.48098754882812,620.6190185546875,385167.96619178355
4,2024-08-31,2024-08-31 11:00:00,2024-08,11,631.1333618164062,252.46969604492188,378.6636657714844,143386.17177549843
4,2024-08-31,2024-08-31 12:00:00,2024-08,12,775.9500122070312,275.79290771484375,500.1571044921875,250157.12917400897
4,2024-08-31,2024-08-31 13:00:00,2024-08,13,342.51666259765625,297.54205322265625,44.974609375,2022.715488433838
4,2024-08-31,2024-08-31 14:00:00,2024-08,14,706.25,316.6717529296875,389.5782470703125,151771.21059037745
4,2024-08-31,2024-08-31 15:00:00,2024-08,15,608.4666748046875,333.4519348144531,275.0147399902344,75633.10721189622
4,2024-08-31,2024-08-31 16:00:00,2024-08,16,281.5333251953125,342.65301513671875,61.11968994140625,3735.6164985336363
4,2024-09-01,2024-09-01 08:00:00,2024-09,8,457.48333740234375,349.7832946777344,107.70004272460938,11599.299202882685
4,2024-09-01,2024-09-01 09:00:00,2024-09,9,723.9166870117188,390.23309326171875,333.68359375,111344.74073791504
4,2024-09-01,2024-09-01 10:00:00,2024-09,10,704.203369140625,412.8192138671875,291.3841552734375,84904.72594441473
4,2024-09-01,2024-09-01 11:00:00,2024-09,11,866.3499755859375,439.8487548828125,426.501220703125,181903.29126125574
4,2024-09-01,2024-09-01 12:00:00,2024-09,12,753.2333374023438,464.1093444824219,289.1239929199219,83592.68328195903
4,2024-09-01,2024-09-01 13:00:00,2024-09,13,380.54998779296875,483.0130310058594,102.46304321289062,10498.675224446692
4,2024-09-01,2024-09-01 14:00:00,2024-09,14,355.4666748046875,490.5906677246094,135.12399291992188,18258.493462623097
4,2024-09-01,2024-09-01 15:00:00,2024-09,15,274.26666259765625,490.3675231933594,216.10086059570312,46699.581950203516
4,2024-09-01,2024-09-01 16:00:00,2024-09,16,184.23333740234375,491.7282409667969,307.4949035644531,94553.11571811233
4,2024-09-02,2024-09-02 08:00:00,2024-09,8,323.70001220703125,196.49862670898438,127.20138549804688,16180.19247262273
4,2024-09-02,2024-09-02 09:00:00,2024-09,9,544.9166870117188,242.717041015625,302.19964599609375,91324.62604016438
4,2024-09-02,2024-09-02 10:00:00,2024-09,10,551.9166870117188,281.44134521484375,270.475341796875,73156.91052013636
4,2024-09-02,2024-09-02 11:00:00,2024-09,11,891.5166625976562,322.2293701171875,569.2872924804688,324088.0213797428
4,2024-09-02,2024-09-02 12:00:00,2024-09,12,706.5833129882812,351.96978759765625,354.613525390625,125750.75238996744
4,2024-09-02,2024-09-02 13:00:00,2024-09,13,757.25,370.8724365234375,386.3775634765625,149287.62155808508
4,2024-09-02,2024-09-02 14:00:00,2024-09,14,665.2333374023438,380.1197509765625,285.11358642578125,81289.75716457143
4,2024-09-02,2024-09-02 15:00:00,2024-09,15,402.1666564941406,387.1549072265625,15.011749267578125,225.35261607263237
4,2024-09-02,2024-09-02 16:00:00,2024-09,16,193.31666564941406,392.8248596191406,199.50819396972656,39803.51946106204
4,2024-09-03,2024-09-03 08:00:00,2024-09,8,519.7166748046875,187.4468994140625,332.269775390625,110403.20363813639
4,2024-09-03,2024-09-03 09:00:00,2024-09,9,706.6500244140625,226.87847900390625,479.77154541015625,230180.73578524962
4,2024-09-03,2024-09-03 10:00:00,2024-09,10,851.4833374023438,268.6719970703125,582.8113403320312,339669.05841961876
4,2024-09-03,2024-09-03 11:00:00,2024-09,11,1040.683349609375,314.2659912109375,726.4173583984375,527682.178582564
4,2024-09-03,2024-09-03 12:00:00,2024-09,12,632.5999755859375,367.18023681640625,265.41973876953125,70447.63772848621
4,2024-09-03,2024-09-03 13:00:00,2024-09,13,683.8333129882812,414.41656494140625,269.416748046875,72585.38412815332
4,2024-09-03,2024-09-03 14:00:00,2024-09,14,294.4166564941406,442.5435485839844,148.12689208984375,21941.576160196215
4,2024-09-03,2024-09-03 15:00:00,2024-09,15,276.0833435058594,452.7467041015625,176.66336059570312,31209.94297696743
4,2024-09-03,2024-09-03 16:00:00,2024-09,16,145.23333740234375,455.0665588378906,309.8332214355469,95996.62510512862
4,2024-09-04,2024-09-04 08:00:00,2024-09,8,518.3499755859375,145.93368530273438,372.4162902832031,138693.893268303
4,2024-09-04,2024-09-04 09:00:00,2024-09,9,735.25,205.79745483398438,529.4525146484375,280319.9652675539
4,2024-09-04,2024-09-04 10:00:00,2024-09,10,907.4000244140625,248.13943481445312,659.2606201171875,434624.5652372986
4,2024-09-04,2024-09-04 11:00:00,2024-09,11,768.5499877929688,287.5682067871094,480.9817810058594,231343.47365956847
4,2024-09-04,2024-09-04 12:00:00,2024-09,12,790.2333374023438,322.47320556640625,467.7601318359375,218799.54093517363
4,2024-09-04,2024-09-04 13:00:00,2024-09,13,820.9666748046875,347.79296875,473.1737060546875,223893.3561015278
4,2024-09-04,2024-09-04 14:00:00,2024-09,14,575.183349609375,364.33746337890625,210.84588623046875,44455.98774031177
4,2024-09-04,2024-09-04 15:00:00,2024-09,15,390.5833435058594,380.26763916015625,10.315704345703125,106.41375614795834
4,2024-09-04,2024-09-04 16:00:00,2024-09,16,236.8333282470703,392.99652099609375,156.16319274902344,24386.942769568646
4,2024-09-05,2024-09-05 08:00:00,2024-09,8,508.6333312988281,229.24713134765625,279.3861999511719,78056.64872315619
4,2024-09-05,2024-09-05 09:00:00,2024-09,9,729.4500122070312,253.94317626953125,475.5068359375,226106.75102329254
4,2024-09-05,2024-09-05 10:00:00,2024-09,10,892.2000122070312,278.85357666015625,613.346435546875,376193.8499980569
4,2024-09-05,2024-09-05 11:00:00,2024-09,11,977.9166870117188,306.68389892578125,671.2327880859375,450553.4558016211
4,2024-09-05,2024-09-05 12:00:00,2024-09,12,833.6500244140625,343.0684814453125,490.58154296875,240670.2503015995
4,2024-09-05,2024-09-05 13:00:00,2024-09,13,694.75,375.05657958984375,319.69342041015625,102203.88305354491
4,2024-09-05,2024-09-05 14:00:00,2024-09,14,725.8666381835938,395.5270690917969,330.3395690917969,109124.23090775404
4,2024-09-05,2024-09-05 15:00:00,2024-09,15,527.816650390625,407.29559326171875,120.52105712890625,14525.325211469084
4,2024-09-05,2024-09-05 16:00:00,2024-09,16,394.7833251953125,414.5060119628906,19.722686767578125,388.98437333200127
4,2024-09-06,2024-09-06 08:00:00,2024-09,8,411.9666748046875,419.0696716308594,7.102996826171875,50.45256391260773
4,2024-09-06,2024-09-06 09:00:00,2024-09,9,649.7333374023438,423.38177490234375,226.3515625,51235.029846191406
4,2024-09-06,2024-09-06 10:00:00,2024-09,10,854.7333374023438,429.081298828125,425.65203857421875,181179.6579423882
4,2024-09-06,2024-09-06 11:00:00,2024-09,11,899.9833374023438,441.99005126953125,457.9932861328125,209757.85014273226
4,2024-09-06,2024-09-06 12:00:00,2024-09,12,774.1666870117188,461.3406982421875,312.82598876953125,97860.09924963489
4,2024-09-06,2024-09-06 13:00:00,2024-09,13,609.7666625976562,480.79107666015625,128.9755859375,16634.701767921448
4,2024-09-06,2024-09-06 14:00:00,2024-09,14,540.6166381835938,492.7018127441406,47.914825439453125,2295.8304968932644
4,2024-09-06,2024-09-06 15:00:00,2024-09,15,491.9666748046875,501.7806091308594,9.813934326171875,96.31330695841461
4,2024-09-06,2024-09-06 16:00:00,2024-09,16,144.98333740234375,510.3728332519531,365.3894958496094,133509.4836772317
4,2024-09-07,2024-09-07 08:00:00,2024-09,8,474.23333740234375,102.752685546875,371.48065185546875,137997.87470296398
4,2024-09-07,2024-09-07 09:00:00,2024-09,9,709.5833129882812,144.05364990234375,565.5296630859375,319823.799830094
4,2024-09-07,2024-09-07 10:00:00,2024-09,10,861.1166381835938,184.64242553710938,676.4742431640625,457617.40166439116
4,2024-09-07,2024-09-07 11:00:00,2024-09,11,973.9500122070312,231.16751098632812,742.782470703125,551725.7987838387
4,2024-09-07,2024-09-07 12:00:00,2024-09,12,925.6166381835938,282.0137634277344,643.6029052734375,414224.69967640936
4,2024-09-07,2024-09-07 13:00:00,2024-09,13,541.9666748046875,327.9716796875,213.9949951171875,45793.8579352051
4,2024-09-07,2024-09-07 14:00:00,2024-09,14,460.54998779296875,358.9646301269531,101.58535766601562,10319.58489213232
4,2024-09-07,2024-09-07 15:00:00,2024-09,15,356.3833312988281,381.86004638671875,25.476715087890625,649.0630116695538
4,2024-09-07,2024-09-07 16:00:00,2024-09,16,261.51666259765625,396.7121276855469,135.19546508789062,18277.813780331053
4,2024-09-08,2024-09-08 08:00:00,2024-09,8,326.1499938964844,263.0606689453125,63.089324951171875,3980.262922794558
4,2024-09-08,2024-09-08 09:00:00,2024-09,9,554.4000244140625,292.6968078613281,261.7032165527344,68488.57355404738
4,2024-09-08,2024-09-08 10:00:00,2024-09,10,756.9833374023438,315.3446960449219,441.6386413574219,195044.6895400295
4,2024-09-08,2024-09-08 11:00:00,2024-09,11,760.1666870117188,340.7350158691406,419.4316711425781,175922.9267574558
4,2024-09-08,2024-09-08 12:00:00,2024-09,12,869.4166870117188,367.13348388671875,502.283203125,252288.41614151
4,2024-09-08,2024-09-08 13:00:00,2024-09,13,770.75,384.744873046875,386.005126953125,148999.95803409815
4,2024-09-08,2024-09-08 14:00:00,2024-09,14,688.0333251953125,395.9271240234375,292.106201171875,85326.03276306391
4,2024-09-08,2024-09-08 15:00:00,2024-09,15,515.9833374023438,408.80859375,107.17474365234375,11486.425676945597
4,2024-09-08,2024-09-08 16:00:00,2024-09,16,347.8166809082031,418.8339538574219,71.01727294921875,5043.453057143837
4,2024-09-09,2024-09-09 08:00:00,2024-09,8,366.8666687011719,354.7709045410156,12.09576416015625,146.30751061812043
4,2024-09-09,2024-09-09 09:00:00,2024-09,9,561.2833251953125,355.4849853515625,205.79833984375,42352.95668244362
4,2024-09-09,2024-09-09 10:00:00,2024-09,10,599.183349609375,363.2337951660156,235.94955444335938,55672.19224201981
4,2024-09-09,2024-09-09 11:00:00,2024-09,11,860.2166748046875,379.11529541015625,481.10137939453125,231458.5372553207
4,2024-09-09,2024-09-09 12:00:00,2024-09,12,842.433349609375,404.302978515625,438.13037109375,191958.2220747471
4,2024-09-09,2024-09-09 13:00:00,2024-09,13,825.7999877929688,430.1276550292969,395.6723327636719,156556.5949146459
4,2024-09-09,2024-09-09 14:00:00,2024-09,14,733.6500244140625,448.23968505859375,285.41033935546875,81459.06181100383
4,2024-09-09,2024-09-09 15:00:00,2024-09,15,460.1166687011719,460.52581787109375,0.409149169921875,0.16740304324775934
4,2024-09-09,2024-09-09 16:00:00,2024-09,16,242.0500030517578,466.64984130859375,224.59983825683594,50445.087344996864
4,2024-09-10,2024-09-10 08:00:00,2024-09,8,528.9166870117188,204.09710693359375,324.819580078125,105507.75960212946
4,2024-09-10,2024-09-10 09:00:00,2024-09,9,743.0166625976562,237.52471923828125,505.491943359375,255522.10480123758
4,2024-09-10,2024-09-10 10:00:00,2024-09,10,890.0166625976562,271.6849670410156,618.3316650390625,382334.0479899794
4,2024-09-10,2024-09-10 11:00:00,2024-09,11,809.5833129882812,308.6573791503906,500.9259338378906,250926.79119136278
4,2024-09-10,2024-09-10 12:00:00,2024-09,12,676.5833129882812,354.6131286621094,321.9701843261719,103664.7995950291
4,2024-09-10,2024-09-10 13:00:00,2024-09,13,866.5999755859375,396.4431457519531,470.1568298339844,221047.44463954214
4,2024-09-10,2024-09-10 14:00:00,2024-09,14,666.2999877929688,422.73577880859375,243.564208984375,59323.5238981843
4,2024-09-10,2024-09-10 15:00:00,2024-09,15,333.1833190917969,436.66522216796875,103.48190307617188,10708.50426426623
4,2024-09-10,2024-09-10 16:00:00,2024-09,16,365.20001220703125,447.6024169921875,82.40240478515625,6790.156314376742
4,2024-09-11,2024-09-11 08:00:00,2024-09,8,533.8333129882812,426.6052551269531,107.22805786132812,11497.856392712332
4,2024-09-11,2024-09-11 09:00:00,2024-09,9,718.2833251953125,478.135498046875,240.1478271484375,57670.978884115815
4,2024-09-11,2024-09-11 10:00:00,2024-09,10,882.5833129882812,498.51739501953125,384.06591796875,147506.6293451786
4,2024-09-11,2024-09-11 11:00:00,2024-09,11,924.6333618164062,523.9932250976562,400.64013671875,160512.5191500187
4,2024-09-11,2024-09-11 12:00:00,2024-09,12,904.5999755859375,540.155517578125,364.4444580078125,132819.7629726082
4,2024-09-11,2024-09-11 13:00:00,2024-09,13,606.9500122070312,553.542236328125,53.40777587890625,2852.3905243314803
4,2024-09-11,2024-09-11 14:00:00,2024-09,14,678.0833129882812,562.6862182617188,115.3970947265625,13316.489471331239
4,2024-09-11,2024-09-11 15:00:00,2024-09,15,574.7833251953125,566.0449829101562,8.73834228515625,76.35862589254975
4,2024-09-11,2024-09-11 16:00:00,2024-09,16,304.6166687011719,570.7261352539062,266.1094665527344,70814.24818898086
4,2024-09-12,2024-09-12 08:00:00,2024-09,8,530.5166625976562,293.18756103515625,237.3291015625,56325.10244846344
4,2024-09-12,2024-09-12 09:00:00,2024-09,9,756.5333251953125,330.0701904296875,426.463134765625,181870.80531412363
4,2024-09-12,2024-09-12 10:00:00,2024-09,10,875.0499877929688,357.9757385253906,517.07421875,267365.74769592285
4,2024-09-12,2024-09-12 11:00:00,2024-09,11,728.4833374023438,387.6275634765625,340.85577392578125,116182.6586185433
4,2024-09-12,2024-09-12 12:00:00,2024-09,12,825.5999755859375,420.69097900390625,404.90899658203125,163951.2955130674
4,2024-09-12,2024-09-12 13:00:00,2024-09,13,553.5999755859375,453.07232666015625,100.52764892578125,10105.808198545128
4,2024-09-12,2024-09-12 14:00:00,2024-09,14,764.0,475.2406005859375,288.7593994140625,83381.99074997008
4,2024-09-12,2024-09-12 15:00:00,2024-09,15,523.3499755859375,492.5637512207031,30.786224365234375,947.7916106665507
4,2024-09-12,2024-09-12 16:00:00,2024-09,16,374.0333251953125,507.8138427734375,133.780517578125,17897.226883471012
4,2024-09-13,2024-09-13 08:00:00,2024-09,8,432.6833190917969,418.1341857910156,14.54913330078125,211.6772798039019
4,2024-09-13,2024-09-13 09:00:00,2024-09,9,722.4000244140625,439.19500732421875,283.20501708984375,80205.08170485869
4,2024-09-13,2024-09-13 10:00:00,2024-09,10,898.2666625976562,457.77386474609375,440.4927978515625,194033.9049590975
4,2024-09-13,2024-09-13 11:00:00,2024-09,11,772.3499755859375,479.7515563964844,292.5984191894531,85613.83491216693
4,2024-09-13,2024-09-13 12:00:00,2024-09,12,552.8833618164062,503.10552978515625,49.77783203125,2477.8325617313385
4,2024-09-13,2024-09-13 13:00:00,2024-09,13,147.89999389648438,525.4008178710938,377.5008239746094,142506.872101509
4,2024-09-13,2024-09-13 14:00:00,2024-09,14,323.4666748046875,540.8587646484375,217.39208984375,47259.32072663307
4,2024-09-13,2024-09-13 15:00:00,2024-09,15,288.5666809082031,549.3876342773438,260.8209533691406,68027.56971638743
4,2024-09-13,2024-09-13 16:00:00,2024-09,16,363.8166809082031,552.5803833007812,188.76370239257812,35631.735340953805
4,2024-09-14,2024-09-14 08:00:00,2024-09,8,505.29998779296875,375.57708740234375,129.722900390625,16828.030885756016
4,2024-09-14,2024-09-14 09:00:00,2024-09,9,656.4166870117188,401.89923095703125,254.5174560546875,64779.13543654978
4,2024-09-14,2024-09-14 10:00:00,2024-09,10,786.8499755859375,412.6409912109375,374.208984375,140032.363986969
4,2024-09-14,2024-09-14 11:00:00,2024-09,11,1000.3499755859375,426.16143798828125,574.1885375976562,329692.4767085351
4,2024-09-14,2024-09-14 12:00:00,2024-09,12,660.433349609375,435.5010986328125,224.9322509765625,50594.5175293833
4,2024-09-14,2024-09-14 13:00:00,2024-09,13,666.4666748046875,444.1075439453125,222.359130859375,49443.583076536655
4,2024-09-14,2024-09-14 14:00:00,2024-09,14,541.816650390625,450.5042724609375,91.3123779296875,8337.95036317408
4,2024-09-14,2024-09-14 15:00:00,2024-09,15,433.48333740234375,460.62579345703125,27.1424560546875,736.7129206806421
4,2024-09-14,2024-09-14 16:00:00,2024-09,16,224.63333129882812,466.9297180175781,242.29638671875,58707.53901696205
4,2024-09-15,2024-09-15 08:00:00,2024-09,8,531.2999877929688,240.20773315429688,291.0922546386719,84734.70071062539
4,2024-09-15,2024-09-15 09:00:00,2024-09,9,726.8833618164062,300.371337890625,426.51202392578125,181912.5065532662
4,2024-09-15,2024-09-15 10:00:00,2024-09,10,899.2833251953125,363.9354248046875,535.347900390625,286597.37445265055
4,2024-09-15,2024-09-15 11:00:00,2024-09,11,989.9500122070312,424.81768798828125,565.13232421875,319374.54387688637
4,2024-09-15,2024-09-15 12:00:00,2024-09,12,855.066650390625,478.52154541015625,376.54510498046875,141786.21608475223
4,2024-09-15,2024-09-15 13:00:00,2024-09,13,544.9666748046875,511.8334655761719,33.133209228515625,1097.809553780593
4,2024-09-15,2024-09-15 14:00:00,2024-09,14,577.7666625976562,520.074951171875,57.69171142578125,3328.333567235619
4,2024-09-15,2024-09-15 15:00:00,2024-09,15,542.7166748046875,518.3267211914062,24.38995361328125,594.8698372580111
4,2024-09-15,2024-09-15 16:00:00,2024-09,16,375.2833251953125,510.0091552734375,134.725830078125,18151.04929023981
4,2024-09-16,2024-09-16 08:00:00,2024-09,8,525.5,393.2710876464844,132.22891235351562,17484.485262193717
4,2024-09-16,2024-09-16 09:00:00,2024-09,9,745.5499877929688,406.5403747558594,339.0096130371094,114927.51773157064
4,2024-09-16,2024-09-16 10:00:00,2024-09,10,915.2000122070312,417.42510986328125,497.77490234375,247779.85340332985
4,2024-09-16,2024-09-16 11:00:00,2024-09,11,1020.7666625976562,435.298828125,585.4678344726562,342772.5852021016
4,2024-09-16,2024-09-16 12:00:00,2024-09,12,908.1666870117188,459.14605712890625,449.0206298828125,201619.5260603577
4,2024-09-16,2024-09-16 13:00:00,2024-09,13,380.1000061035156,478.5802001953125,98.48019409179688,9698.348628357984
4,2024-09-16,2024-09-16 14:00:00,2024-09,14,823.683349609375,491.83319091796875,331.85015869140625,110124.52782351151
4,2024-09-16,2024-09-16 15:00:00,2024-09,15,625.816650390625,501.56146240234375,124.25518798828125,15439.351742003113
4,2024-09-16,2024-09-16 16:00:00,2024-09,16,355.1333312988281,507.19842529296875,152.06509399414062,23123.792811446823
4,2024-09-17,2024-09-17 08:00:00,2024-09,8,514.1333618164062,405.6504211425781,108.48294067382812,11768.548417241313
4,2024-09-17,2024-09-17 09:00:00,2024-09,9,736.7833251953125,430.88507080078125,305.89825439453125,93573.74204162136
4,2024-09-17,2024-09-17 10:00:00,2024-09,10,909.816650390625,449.13104248046875,460.68560791015625,212231.22933555022
4,2024-09-17,2024-09-17 11:00:00,2024-09,11,1014.5166625976562,475.2265625,539.2901000976562,290833.8120633401
4,2024-09-17,2024-09-17 12:00:00,2024-09,12,1018.4833374023438,502.5478515625,515.9354858398438,266189.4255487956
4,2024-09-17,2024-09-17 13:00:00,2024-09,13,429.6833190917969,526.7274780273438,97.04415893554688,9417.568783507682
4,2024-09-17,2024-09-17 14:00:00,2024-09,14,844.183349609375,539.1629028320312,305.02044677734375,93037.47295225039
4,2024-09-17,2024-09-17 15:00:00,2024-09,15,625.6101684570312,546.0385131835938,79.5716552734375,6331.648322954774
4,2024-09-17,2024-09-17 16:00:00,2024-09,16,364.4666748046875,550.3124389648438,185.84576416015625,34538.64805627242
4,2024-09-18,2024-09-18 08:00:00,2024-09,8,517.9500122070312,431.00830078125,86.94171142578125,7558.861185643822
4,2024-09-18,2024-09-18 09:00:00,2024-09,9,748.1666870117188,479.9649658203125,268.20172119140625,71932.16325003281
4,2024-09-18,2024-09-18 10:00:00,2024-09,10,919.316650390625,513.6680908203125,405.6485595703125,164550.75388146937
4,2024-09-18,2024-09-18 11:00:00,2024-09,11,1013.816650390625,551.3931884765625,462.4234619140625,213835.4581285864
4,2024-09-18,2024-09-18 12:00:00,2024-09,12,1047.9166259765625,577.2213134765625,470.6953125,221554.07720947266
4,2024-09-18,2024-09-18 13:00:00,2024-09,13,544.6333618164062,597.8106689453125,53.17730712890625,2827.8259934820235
4,2024-09-18,2024-09-18 14:00:00,2024-09,14,326.1666564941406,604.7977905273438,278.6311340332031,77635.3088526288
4,2024-09-18,2024-09-18 15:00:00,2024-09,15,118.18333435058594,607.1127319335938,488.92938232421875,239051.94089994207
4,2024-09-18,2024-09-18 16:00:00,2024-09,16,133.6666717529297,606.9943237304688,473.32763671875,224039.05168175697
4,2024-09-19,2024-09-19 08:00:00,2024-09,8,533.4500122070312,126.517822265625,406.93218994140625,165593.80721050873
4,2024-09-19,2024-09-19 09:00:00,2024-09,9,751.7166748046875,182.30731201171875,569.4093627929688,324227.0224362947
4,2024-09-19,2024-09-19 10:00:00,2024-09,10,912.7833251953125,236.90023803710938,675.883056640625,456817.9062538743
4,2024-09-19,2024-09-19 11:00:00,2024-09,11,775.683349609375,291.1186828613281,484.5646667480469,234802.91626064572
4,2024-09-19,2024-09-19 12:00:00,2024-09,12,654.5166625976562,335.6600341796875,318.85662841796875,101669.5494860746
4,2024-09-19,2024-09-19 13:00:00,2024-09,13,492.8999938964844,366.75823974609375,126.14175415039062,15911.74214013759
4,2024-09-19,2024-09-19 14:00:00,2024-09,14,238.5,384.2251892089844,145.72518920898438,21235.830769994296
4,2024-09-19,2024-09-19 15:00:00,2024-09,15,536.0166625976562,406.45831298828125,129.558349609375,16785.36595350504
4,2024-09-19,2024-09-19 16:00:00,2024-09,16,364.9666748046875,418.13848876953125,53.17181396484375,2827.241800311953
4,2024-09-20,2024-09-20 08:00:00,2024-09,8,419.5333251953125,359.6908264160156,59.842498779296875,3581.124660150148
4,2024-09-20,2024-09-20 09:00:00,2024-09,9,661.4666748046875,379.51788330078125,281.94879150390625,79495.1210305132
4,2024-09-20,2024-09-20 10:00:00,2024-09,10,851.6333618164062,387.9723815917969,463.6609802246094,214981.5045828456
4,2024-09-20,2024-09-20 11:00:00,2024-09,11,966.0,403.62371826171875,562.3762817382812,316267.0822617747
4,2024-09-20,2024-09-20 12:00:00,2024-09,12,775.7000122070312,420.9395751953125,354.76043701171875,125854.96766874567
4,2024-09-20,2024-09-20 13:00:00,2024-09,13,510.48333740234375,437.77862548828125,72.7047119140625,5285.975134506822
4,2024-09-20,2024-09-20 14:00:00,2024-09,14,560.6500244140625,450.415283203125,110.2347412109375,12151.698169842362
4,2024-09-20,2024-09-20 15:00:00,2024-09,15,313.8999938964844,467.0927429199219,153.1927490234375,23468.01835335791
4,2024-09-20,2024-09-20 16:00:00,2024-09,16,172.64999389648438,480.95263671875,308.3026428222656,95050.5195711935
4,2024-09-21,2024-09-21 08:00:00,2024-09,8,506.04998779296875,178.97555541992188,327.0744323730469,106977.68431215081
4,2024-09-21,2024-09-21 09:00:00,2024-09,9,757.6500244140625,214.360595703125,543.2894287109375,295163.40334905684
4,2024-09-21,2024-09-21 10:00:00,2024-09,10,924.2333374023438,248.194091796875,676.0392456054688,457029.0615988113
4,2024-09-21,2024-09-21 11:00:00,2024-09,11,1026.699951171875,284.0598449707031,742.64013671875,551514.3726656437
4,2024-09-21,2024-09-21 12:00:00,2024-09,12,902.0499877929688,324.26324462890625,577.7867431640625,333837.5205761343
4,2024-09-21,2024-09-21 13:00:00,2024-09,13,705.566650390625,356.2436828613281,349.3229675292969,122026.5356434742
4,2024-09-21,2024-09-21 14:00:00,2024-09,14,719.8666381835938,373.99444580078125,345.8721923828125,119627.57346369326
4,2024-09-21,2024-09-21 15:00:00,2024-09,15,651.2833251953125,390.24908447265625,261.03424072265625,68138.87482965365
4,2024-09-21,2024-09-21 16:00:00,2024-09,16,376.3999938964844,401.58673095703125,25.186737060546875,634.3717237571254
4,2024-09-22,2024-09-22 08:00:00,2024-09,8,468.51666259765625,387.7387390136719,80.77792358398438,6525.072938540019
4,2024-09-22,2024-09-22 09:00:00,2024-09,9,813.566650390625,384.6985778808594,428.8680725097656,183927.8236182416
4,2024-09-22,2024-09-22 10:00:00,2024-09,10,874.6333618164062,393.34295654296875,481.2904052734375,231640.45420826972
4,2024-09-22,2024-09-22 11:00:00,2024-09,11,1017.4500122070312,416.1877136230469,601.2623291015625,361516.38839663565
4,2024-09-22,2024-09-22 12:00:00,2024-09,12,895.0,450.57208251953125,444.42791748046875,197516.17383602634
4,2024-09-22,2024-09-22 13:00:00,2024-09,13,550.4833374023438,479.269775390625,71.21356201171875,5071.371414396912
4,2024-09-22,2024-09-22 14:00:00,2024-09,14,723.4833374023438,493.74224853515625,229.7410888671875,52780.967913880944
4,2024-09-22,2024-09-22 15:00:00,2024-09,15,564.566650390625,498.8387451171875,65.7279052734375,4320.157531633973
4,2024-09-22,2024-09-22 16:00:00,2024-09,16,198.35000610351562,499.00872802734375,300.6587219238281,90395.6670688698
4,2024-09-23,2024-09-23 08:00:00,2024-09,8,499.51666259765625,203.9693603515625,295.54730224609375,87348.20786494389
4,2024-09-23,2024-09-23 09:00:00,2024-09,9,678.5166625976562,257.19134521484375,421.3253173828125,177515.02306772768
4,2024-09-23,2024-09-23 10:00:00,2024-09,10,973.5333251953125,297.68310546875,675.8502197265625,456773.5195044428
4,2024-09-23,2024-09-23 11:00:00,2024-09,11,695.9500122070312,338.77459716796875,357.1754150390625,127574.27710832655
4,2024-09-23,2024-09-23 12:00:00,2024-09,12,516.5833129882812,379.35394287109375,137.2293701171875,18831.900022760034
4,2024-09-23,2024-09-23 13:00:00,2024-09,13,436.3999938964844,413.7568359375,22.643157958984375,512.7126023555174
4,2024-09-23,2024-09-23 14:00:00,2024-09,14,567.8833618164062,435.7020263671875,132.18133544921875,17471.905441138893
4,2024-09-23,2024-09-23 15:00:00,2024-09,15,338.6333312988281,453.498779296875,114.86544799804688,13194.07114379201
4,2024-09-23,2024-09-23 16:00:00,2024-09,16,185.21665954589844,464.32470703125,279.1080322265625,77901.29365338385
4,2024-09-24,2024-09-24 08:00:00,2024-09,8,493.5833435058594,236.6661376953125,256.9172058105469,66006.4506414989
4,2024-09-24,2024-09-24 09:00:00,2024-09,9,734.8833618164062,280.14495849609375,454.7384033203125,206787.0154543072
4,2024-09-24,2024-09-24 10:00:00,2024-09,10,757.1333618164062,313.38214111328125,443.751220703125,196915.14587551355
4,2024-09-24,2024-09-24 11:00:00,2024-09,11,923.0333251953125,350.31884765625,572.7144775390625,328001.8727828413
4,2024-09-24,2024-09-24 12:00:00,2024-09,12,945.7833251953125,384.33795166015625,561.4453735351562,315220.90746403113
4,2024-09-24,2024-09-24 13:00:00,2024-09,13,656.4666748046875,413.20184326171875,243.26483154296875,59177.778265628964
4,2024-09-24,2024-09-24 14:00:00,2024-09,14,616.9833374023438,439.46630859375,177.51702880859375,31512.295517031103
4,2024-09-24,2024-09-24 15:00:00,2024-09,15,392.4333190917969,461.45806884765625,69.02474975585938,4764.416078859009
4,2024-09-24,2024-09-24 16:00:00,2024-09,16,292.9666748046875,475.85540771484375,182.88873291015625,33448.28862548247
4,2024-09-25,2024-09-25 08:00:00,2024-09,8,466.8166809082031,326.2401123046875,140.57656860351562,19761.771640338935
4,2024-09-25,2024-09-25 09:00:00,2024-09,9,674.5499877929688,358.8194274902344,315.7305603027344,99685.78670907859
4,2024-09-25,2024-09-25 10:00:00,2024-09,10,815.0,387.5301513671875,427.4698486328125,182730.47149015963
4,2024-09-25,2024-09-25 11:00:00,2024-09,11,980.7166748046875,416.20294189453125,564.5137329101562,318675.7546441592
4,2024-09-25,2024-09-25 12:00:00,2024-09,12,885.933349609375,450.599609375,435.333740234375,189515.4653864503
4,2024-09-25,2024-09-25 13:00:00,2024-09,13,670.5,476.18408203125,194.31591796875,37758.67597603798
4,2024-09-25,2024-09-25 14:00:00,2024-09,14,758.4500122070312,484.108642578125,274.34136962890625,75263.18708986416
4,2024-09-25,2024-09-25 15:00:00,2024-09,15,540.8333129882812,486.7375183105469,54.095794677734375,2926.3550018155947
4,2024-09-25,2024-09-25 16:00:00,2024-09,16,240.03334045410156,483.04449462890625,243.0111541748047,59054.421053370694
4,2024-09-26,2024-09-26 08:00:00,2024-09,8,492.45001220703125,227.40023803710938,265.0497741699219,70251.38278752659
4,2024-09-26,2024-09-26 09:00:00,2024-09,9,674.2333374023438,288.1346130371094,386.0987243652344,149072.22495646123
4,2024-09-26,2024-09-26 10:00:00,2024-09,10,830.9666748046875,339.9730529785156,490.9936218261719,241074.73667398188
4,2024-09-26,2024-09-26 11:00:00,2024-09,11,918.2166748046875,397.68280029296875,520.5338745117188,270955.51451418176
4,2024-09-26,2024-09-26 12:00:00,2024-09,12,956.5499877929688,455.2248229980469,501.3251647949219,251326.92085665558
4,2024-09-26,2024-09-26 13:00:00,2024-09,13,763.7391357421875,507.8066101074219,255.93252563476562,65501.457677789964
4,2024-09-26,2024-09-26 14:00:00,2024-09,14,183.5454559326172,538.0654296875,354.51995849609375,125684.40097207204
4,2024-09-26,2024-09-26 15:00:00,2024-09,15,193.8000030517578,550.53515625,356.73516845703125,127259.98041406646
4,2024-09-26,2024-09-26 16:00:00,2024-09,16,148.25,559.0720825195312,410.82208251953125,168774.78348568454
4,2024-09-27,2024-09-27 08:00:00,2024-09,8,528.0,110.9681396484375,417.0318603515625,173915.57254828513
4,2024-09-27,2024-09-27 09:00:00,2024-09,9,749.3333129882812,214.1295166015625,535.2037963867188,286443.1036667563
4,2024-09-27,2024-09-27 10:00:00,2024-09,10,913.4000244140625,292.27252197265625,621.1275024414062,385799.3742890991
4,2024-09-27,2024-09-27 11:00:00,2024-09,11,812.7166748046875,371.35479736328125,441.36187744140625,194800.3068586029
4,2024-09-27,2024-09-27 12:00:00,2024-09,12,284.95001220703125,424.2830810546875,139.33306884765625,19413.704074505717
4,2024-09-27,2024-09-27 13:00:00,2024-09,13,887.3666381835938,459.0535583496094,428.3130798339844,183452.09435687307
4,2024-09-27,2024-09-27 14:00:00,2024-09,14,470.8166809082031,476.7962951660156,5.9796142578125,35.755786672234535
4,2024-09-27,2024-09-27 15:00:00,2024-09,15,112.88333129882812,495.81719970703125,382.9338684082031,146638.34757407103
4,2024-09-27,2024-09-27 16:00:00,2024-09,16,99.25,510.2540283203125,411.0040283203125,168924.31129552424
4,2024-09-28,2024-09-28 08:00:00,2024-09,8,359.1666564941406,134.15679931640625,225.00985717773438,50629.43582714442
4,2024-09-28,2024-09-28 09:00:00,2024-09,9,616.0999755859375,296.103515625,319.9964599609375,102397.73438753188
4,2024-09-28,2024-09-28 10:00:00,2024-09,10,860.8499755859375,371.81610107421875,489.03387451171875,239154.13041994348
4,2024-09-28,2024-09-28 11:00:00,2024-09,11,674.2666625976562,428.5439147949219,245.72274780273438,60379.6687877262
4,2024-09-28,2024-09-28 12:00:00,2024-09,12,255.6999969482422,463.28070068359375,207.58070373535156,43089.7485632638
4,2024-09-28,2024-09-28 13:00:00,2024-09,13,716.75,491.2608947753906,225.48910522460938,50845.33657499496
4,2024-09-28,2024-09-28 14:00:00,2024-09,14,546.2166748046875,509.79461669921875,36.42205810546875,1326.5663166381419
4,2024-09-28,2024-09-28 15:00:00,2024-09,15,440.1166687011719,526.5616455078125,86.44497680664062,7472.734015100636
4,2024-09-28,2024-09-28 16:00:00,2024-09,16,335.70001220703125,540.5205078125,204.82049560546875,41951.43542006984
4,2024-09-29,2024-09-29 08:00:00,2024-09,8,358.3666687011719,368.77508544921875,10.408416748046875,108.33513920102268
4,2024-09-29,2024-09-29 09:00:00,2024-09,9,396.6833190917969,396.3087158203125,0.374603271484375,0.14032761100679636
4,2024-09-29,2024-09-29 10:00:00,2024-09,10,570.1333618164062,405.330322265625,164.80303955078125,27160.04184517637
4,2024-09-29,2024-09-29 11:00:00,2024-09,11,707.75,422.03375244140625,285.71624755859375,81633.77411896363
4,2024-09-29,2024-09-29 12:00:00,2024-09,12,381.1833190917969,446.0731201171875,64.88980102539062,4210.686277114786
4,2024-09-29,2024-09-29 13:00:00,2024-09,13,736.25,468.611572265625,267.638427734375,71630.32800012827
4,2024-09-29,2024-09-29 14:00:00,2024-09,14,656.1500244140625,484.9827880859375,171.167236328125,29298.222792208195
4,2024-09-29,2024-09-29 15:00:00,2024-09,15,305.0,491.36248779296875,186.36248779296875,34730.976856384426
4,2024-09-29,2024-09-29 16:00:00,2024-09,16,164.31666564941406,492.914794921875,328.59814453125,107976.74058938026
4,2024-09-30,2024-09-30 08:00:00,2024-09,8,394.1000061035156,201.40670776367188,192.69329833984375,37130.70722508803
4,2024-09-30,2024-09-30 09:00:00,2024-09,9,581.2166748046875,277.1202392578125,304.096435546875,92474.6421123147
4,2024-09-30,2024-09-30 10:00:00,2024-09,10,298.8833312988281,328.266845703125,29.383514404296875,863.3909187475219
4,2024-09-30,2024-09-30 11:00:00,2024-09,11,514.1166381835938,375.49395751953125,138.6226806640625,19216.247594490647
4,2024-09-30,2024-09-30 12:00:00,2024-09,12,565.183349609375,422.35675048828125,142.82659912109375,20399.437416497618
4,2024-09-30,2024-09-30 13:00:00,2024-09,13,990.1333618164062,459.912841796875,530.2205200195312,281133.79984978214
4,2024-09-30,2024-09-30 14:00:00,2024-09,14,852.9000244140625,477.6259765625,375.2740478515625,140830.61099089682
4,2024-09-30,2024-09-30 15:00:00,2024-09,15,430.73333740234375,479.36572265625,48.63238525390625,2365.108895484358
4,2024-09-30,2024-09-30 16:00:00,2024-09,16,224.26666259765625,482.24505615234375,257.9783935546875,66552.85154105723
4,2024-10-01,2024-10-01 08:00:00,2024-10,8,202.4499969482422,261.7738342285156,59.32383728027344,3519.3176696563605
4,2024-10-01,2024-10-01 09:00:00,2024-10,9,519.816650390625,339.1805114746094,180.63613891601562,32629.414682486095
4,2024-10-01,2024-10-01 10:00:00,2024-10,10,330.0833435058594,385.7576904296875,55.674346923828125,3099.63290539477
4,2024-10-01,2024-10-01 11:00:00,2024-10,11,441.4745788574219,427.7395935058594,13.7349853515625,188.64982260763645
4,2024-10-01,2024-10-01 12:00:00,2024-10,12,848.183349609375,470.0450439453125,378.1383056640625,142988.57821048796
4,2024-10-01,2024-10-01 13:00:00,2024-10,13,672.75,508.9059143066406,163.84408569335938,26844.88441669289
4,2024-10-01,2024-10-01 14:00:00,2024-10,14,637.5999755859375,525.4142456054688,112.18572998046875,12585.638011250645
4,2024-10-01,2024-10-01 15:00:00,2024-10,15,276.6666564941406,526.7755737304688,250.10891723632812,62554.47048112843
4,2024-10-01,2024-10-01 16:00:00,2024-10,16,323.8999938964844,528.4254150390625,204.52542114257812,41830.64789354894
4,2024-10-02,2024-10-02 08:00:00,2024-10,8,466.3833312988281,379.85382080078125,86.52951049804688,7487.356187031604
4,2024-10-02,2024-10-02 09:00:00,2024-10,9,383.7166748046875,412.6957092285156,28.979034423828125,839.7844361374155
4,2024-10-02,2024-10-02 10:00:00,2024-10,10,525.9666748046875,427.4676513671875,98.4990234375,9702.057618141174
4,2024-10-02,2024-10-02 11:00:00,2024-10,11,855.5166625976562,441.2463684082031,414.2702941894531,171619.87664781604
4,2024-10-02,2024-10-02 12:00:00,2024-10,12,817.5999755859375,455.1997375488281,362.4002380371094,131333.93252935354
4,2024-10-02,2024-10-02 13:00:00,2024-10,13,856.1500244140625,469.6536560058594,386.4963684082031,149379.44279272947
4,2024-10-02,2024-10-02 14:00:00,2024-10,14,861.75,478.2693786621094,383.4806213378906,147057.38694169465
4,2024-10-02,2024-10-02 15:00:00,2024-10,15,371.8833312988281,483.45281982421875,111.56948852539062,12447.75076981727
4,2024-10-02,2024-10-02 16:00:00,2024-10,16,133.03334045410156,487.04193115234375,354.00860595703125,125322.09309164062
4,2024-10-03,2024-10-03 08:00:00,2024-10,8,385.5666809082031,95.88873291015625,289.6779479980469,83913.31355635915
4,2024-10-03,2024-10-03 09:00:00,2024-10,9,505.6333312988281,188.77609252929688,316.85723876953125,100398.50976065174
4,2024-10-03,2024-10-03 10:00:00,2024-10,10,726.4500122070312,254.12930297851562,472.3207092285156,223086.852366128
4,2024-10-03,2024-10-03 11:00:00,2024-10,11,901.7333374023438,312.2845458984375,589.4487915039062,347449.87780541554
4,2024-10-03,2024-10-03 12:00:00,2024-10,12,875.6333618164062,367.47406005859375,508.1593017578125,258225.87596298754
4,2024-10-03,2024-10-03 13:00:00,2024-10,13,850.6500244140625,417.78900146484375,432.86102294921875,187368.66518864408
4,2024-10-03,2024-10-03 14:00:00,2024-10,14,533.5999755859375,442.33404541015625,91.26593017578125,8329.470010850579
4,2024-10-03,2024-10-03 15:00:00,2024-10,15,410.3166809082031,452.81829833984375,42.501617431640625,1806.3874843055382
4,2024-10-03,2024-10-03 16:00:00,2024-10,16,266.3333435058594,459.4765930175781,193.14324951171875,37304.314831946045
4,2024-10-04,2024-10-04 08:00:00,2024-10,8,499.6333312988281,251.75033569335938,247.88299560546875,61445.97951034084
4,2024-10-04,2024-10-04 09:00:00,2024-10,9,750.816650390625,318.8419189453125,431.9747314453125,186602.16860724986
4,2024-10-04,2024-10-04 10:00:00,2024-10,10,908.8499755859375,357.78826904296875,551.0617065429688,303669.004418049
4,2024-10-04,2024-10-04 11:00:00,2024-10,11,928.6166381835938,397.4044494628906,531.212158203125,282186.3570228219
4,2024-10-04,2024-10-04 12:00:00,2024-10,12,634.9500122070312,434.1031188964844,200.84689331054688,40339.4745524982
4,2024-10-04,2024-10-04 13:00:00,2024-10,13,869.6333618164062,460.0932312011719,409.5401306152344,167723.11858434323
4,2024-10-04,2024-10-04 14:00:00,2024-10,14,527.7999877929688,476.5780029296875,51.22198486328125,2623.6917333342135
4,2024-10-04,2024-10-04 15:00:00,2024-10,15,126.6500015258789,480.6924743652344,354.04248046875,125346.07797646523
4,2024-10-04,2024-10-04 16:00:00,2024-10,16,43.04999923706055,487.5405578613281,444.4905700683594,197571.8668796951
4,2024-10-05,2024-10-05 08:00:00,2024-10,8,235.39999389648438,0.0,235.39999389648438,55413.15712646488
4,2024-10-05,2024-10-05 09:00:00,2024-10,9,344.9666748046875,91.599609375,253.3670654296875,64194.86984445155
4,2024-10-05,2024-10-05 10:00:00,2024-10,10,497.20001220703125,161.59381103515625,335.606201171875,112631.52226501703
4,2024-10-05,2024-10-05 11:00:00,2024-10,11,849.2000122070312,233.55767822265625,615.642333984375,379015.48339372873
4,2024-10-05,2024-10-05 12:00:00,2024-10,12,893.8833618164062,294.2591552734375,599.6242065429688,359549.18907228485
4,2024-10-05,2024-10-05 13:00:00,2024-10,13,570.933349609375,344.37969970703125,226.55364990234375,51326.55628407374
4,2024-10-05,2024-10-05 14:00:00,2024-10,14,290.01666259765625,379.6766357421875,89.65997314453125,8038.910784278065
4,2024-10-05,2024-10-05 15:00:00,2024-10,15,162.88333129882812,404.2890625,241.40573120117188,58276.72705677245
4,2024-10-05,2024-10-05 16:00:00,2024-10,16,24.75,424.22979736328125,399.47979736328125,159584.10850140825
4,2024-10-06,2024-10-06 08:00:00,2024-10,8,131.48333740234375,0.0,131.48333740234375,17287.868014458567
4,2024-10-06,2024-10-06 09:00:00,2024-10,9,170.8333282470703,21.93939208984375,148.89393615722656,22169.40422439226
4,2024-10-06,2024-10-06 10:00:00,2024-10,10,279.3666687011719,59.88018798828125,219.48648071289062,48174.31521573011
4,2024-10-06,2024-10-06 11:00:00,2024-10,11,417.2833251953125,105.24264526367188,312.0406799316406,97369.38593220059
4,2024-10-06,2024-10-06 12:00:00,2024-10,12,491.1000061035156,158.90939331054688,332.19061279296875,110350.6032277681
4,2024-10-06,2024-10-06 13:00:00,2024-10,13,480.1499938964844,209.571533203125,270.5784606933594,73212.70339118782
4,2024-10-06,2024-10-06 14:00:00,2024-10,14,341.3333435058594,250.86965942382812,90.46368408203125,8183.678137693554
4,2024-10-06,2024-10-06 15:00:00,2024-10,15,233.38333129882812,287.395751953125,54.012420654296875,2917.3415849367157
4,2024-10-06,2024-10-06 16:00:00,2024-10,16,128.8333282470703,316.3597106933594,187.52638244628906,35166.14411339187
4,2024-10-07,2024-10-07 08:00:00,2024-10,8,212.03334045410156,138.47000122070312,73.56333923339844,5411.564879168058
4,2024-10-07,2024-10-07 09:00:00,2024-10,9,269.29998779296875,144.06338500976562,125.23660278320312,15684.2066766778
4,2024-10-07,2024-10-07 10:00:00,2024-10,10,416.4333190917969,157.061767578125,259.3715515136719,67273.60173460934
4,2024-10-07,2024-10-07 11:00:00,2024-10,11,698.4833374023438,180.80899047851562,517.67431640625,267986.69786667824
4,2024-10-07,2024-10-07 12:00:00,2024-10,12,749.4666748046875,214.57672119140625,534.8899536132812,286107.26247641817
4,2024-10-07,2024-10-07 13:00:00,2024-10,13,753.5,251.40086364746094,502.09912109375,252103.52740311623
4,2024-10-07,2024-10-07 14:00:00,2024-10,14,335.4666748046875,283.90826416015625,51.55841064453125,2658.2697081901133
4,2024-10-07,2024-10-07 15:00:00,2024-10,15,167.85000610351562,306.2459716796875,138.39596557617188,19153.44328776095
4,2024-10-07,2024-10-07 16:00:00,2024-10,16,53.66666793823242,318.74029541015625,265.0736389160156,70264.03404817823
4,2024-10-08,2024-10-08 08:00:00,2024-10,8,403.25,31.320556640625,371.929443359375,138331.51083761454
4,2024-10-08,2024-10-08 09:00:00,2024-10,9,649.8499755859375,61.925811767578125,587.9241943359375,345654.8582855612
4,2024-10-08,2024-10-08 10:00:00,2024-10,10,775.0833129882812,88.44451904296875,686.6387939453125,471472.8333506733
4,2024-10-08,2024-10-08 11:00:00,2024-10,11,337.1333312988281,120.443359375,216.68997192382812,46954.54393234942
4,2024-10-08,2024-10-08 12:00:00,2024-10,12,436.8833312988281,160.02725219726562,276.8560791015625,76649.28853549063
4,2024-10-08,2024-10-08 13:00:00,2024-10,13,521.5333251953125,190.4717254638672,331.06158447265625,109601.77271354571
4,2024-10-08,2024-10-08 14:00:00,2024-10,14,341.8666687011719,210.17161560058594,131.69505310058594,17343.58701116615
4,2024-10-08,2024-10-08 15:00:00,2024-10,15,243.85000610351562,218.1825714111328,25.667434692382812,658.8172036877368
4,2024-10-08,2024-10-08 16:00:00,2024-10,16,110.86666870117188,228.35220336914062,117.48553466796875,13802.850856218487
4,2024-10-09,2024-10-09 08:00:00,2024-10,8,534.5999755859375,116.60699462890625,417.99298095703125,174718.1321293451
4,2024-10-09,2024-10-09 09:00:00,2024-10,9,661.0833129882812,150.4177703857422,510.66552734375,260779.28081727028
4,2024-10-09,2024-10-09 10:00:00,2024-10,10,977.3728637695312,169.67604064941406,807.6968383789062,652374.182727281
4,2024-10-09,2024-10-09 11:00:00,2024-10,11,959.7000122070312,193.78799438476562,765.9119873046875,586621.1722970158
4,2024-10-09,2024-10-09 12:00:00,2024-10,12,285.7166748046875,217.4080810546875,68.30859375,4666.063980102539
4,2024-10-09,2024-10-09 13:00:00,2024-10,13,86.93333435058594,238.63848876953125,151.7051544189453,23014.453877276042
4,2024-10-09,2024-10-09 14:00:00,2024-10,14,105.8499984741211,259.722900390625,153.87289428710938,23676.867596291937
4,2024-10-09,2024-10-09 15:00:00,2024-10,15,163.13333129882812,272.5838317871094,109.45050048828125,11979.412057135254
4,2024-10-09,2024-10-09 16:00:00,2024-10,16,81.63333129882812,280.94061279296875,199.30728149414062,39723.39245658461
4,2024-10-10,2024-10-10 08:00:00,2024-10,8,420.79998779296875,70.70986938476562,350.0901184082031,122563.09100706968
4,2024-10-10,2024-10-10 09:00:00,2024-10,9,726.5166625976562,112.52590942382812,613.99072265625,376984.6075079441
4,2024-10-10,2024-10-10 10:00:00,2024-10,10,586.1500244140625,132.25888061523438,453.8911437988281,206017.17041900847
4,2024-10-10,2024-10-10 11:00:00,2024-10,11,251.78334045410156,159.4142303466797,92.36911010742188,8532.052502037026
4,2024-10-10,2024-10-10 12:00:00,2024-10,12,374.8333435058594,184.7280731201172,190.1052703857422,36140.013828436146
4,2024-10-10,2024-10-10 13:00:00,2024-10,13,710.7999877929688,203.2409210205078,507.55908203125,257616.22175240517
4,2024-10-10,2024-10-10 14:00:00,2024-10,14,869.25,221.83628845214844,647.4136962890625,419144.49414266646
4,2024-10-10,2024-10-10 15:00:00,2024-10,15,321.26666259765625,243.56211853027344,77.70454406738281,6037.996168719837
4,2024-10-10,2024-10-10 16:00:00,2024-10,16,145.60000610351562,261.57806396484375,115.97805786132812,13450.909905285574
4,2024-10-11,2024-10-11 08:00:00,2024-10,8,166.36666870117188,192.10316467285156,25.736495971679688,662.3672249002848
4,2024-10-11,2024-10-11 09:00:00,2024-10,9,297.1833190917969,243.39134216308594,53.79197692871094,2893.57678189897
4,2024-10-11,2024-10-11 10:00:00,2024-10,10,329.7166748046875,277.5782470703125,52.138427734375,2718.415646612644
4,2024-10-11,2024-10-11 11:00:00,2024-10,11,344.5333251953125,318.008056640625,26.5252685546875,703.5898718982935
4,2024-10-11,2024-10-11 12:00:00,2024-10,12,595.2333374023438,360.58514404296875,234.648193359375,55059.77464681864
4,2024-10-11,2024-10-11 13:00:00,2024-10,13,564.6166381835938,394.3516540527344,170.26498413085938,28990.164821081795
4,2024-10-11,2024-10-11 14:00:00,2024-10,14,191.14999389648438,422.0570983886719,230.9071044921875,53318.090904966
4,2024-10-11,2024-10-11 15:00:00,2024-10,15,67.36666870117188,431.5544128417969,364.187744140625,132632.71298223734
4,2024-10-11,2024-10-11 16:00:00,2024-10,16,144.68333435058594,433.11517333984375,288.43182373046875,83192.9169404842
4,2024-10-12,2024-10-12 08:00:00,2024-10,8,579.6500244140625,200.79257202148438,378.8574523925781,143532.9692333946
4,2024-10-12,2024-10-12 09:00:00,2024-10,9,524.6666870117188,236.1334228515625,288.53326416015625,83251.4445269145
4,2024-10-12,2024-10-12 10:00:00,2024-10,10,746.433349609375,254.24635314941406,492.18701171875,242248.05450463295
4,2024-10-12,2024-10-12 11:00:00,2024-10,11,1029.5999755859375,268.4028625488281,761.1971435546875,579421.0913558155
4,2024-10-12,2024-10-12 12:00:00,2024-10,12,234.68333435058594,277.4820556640625,42.79872131347656,1831.730546068633
4,2024-10-12,2024-10-12 13:00:00,2024-10,13,98.63333129882812,290.0228271484375,191.38949584960938,36629.939121567644
4,2024-10-12,2024-10-12 14:00:00,2024-10,14,154.39999389648438,301.58209228515625,147.18209838867188,21662.570086092688
4,2024-10-12,2024-10-12 15:00:00,2024-10,15,389.3666687011719,316.54058837890625,72.82608032226562,5303.6379751050845
4,2024-10-12,2024-10-12 16:00:00,2024-10,16,167.53334045410156,329.363525390625,161.83018493652344,26189.008756589377
4,2024-10-13,2024-10-13 08:00:00,2024-10,8,201.0833282470703,197.0282440185547,4.055084228515625,16.44370810035616
4,2024-10-13,2024-10-13 09:00:00,2024-10,9,291.7833251953125,260.999755859375,30.7835693359375,947.6281410604715
4,2024-10-13,2024-10-13 10:00:00,2024-10,10,865.3666381835938,265.60125732421875,599.765380859375,359718.51207739115
4,2024-10-13,2024-10-13 11:00:00,2024-10,11,358.9666748046875,279.964599609375,79.0020751953125,6241.327885165811
4,2024-10-13,2024-10-13 12:00:00,2024-10,12,790.5166625976562,304.9439392089844,485.5727233886719,235780.86969909165
4,2024-10-13,2024-10-13 13:00:00,2024-10,13,671.816650390625,329.10198974609375,342.71466064453125,117453.33862069622
4,2024-10-13,2024-10-13 14:00:00,2024-10,14,104.96666717529297,343.057373046875,238.0906982421875,56687.180589452386
4,2024-10-13,2024-10-13 15:00:00,2024-10,15,198.6666717529297,358.0615234375,159.3948516845703,25406.718743546167
4,2024-10-13,2024-10-13 16:00:00,2024-10,16,123.44999694824219,368.29486083984375,244.84486389160156,59949.007374096895
4,2024-10-14,2024-10-14 08:00:00,2024-10,8,105.75,130.32461547851562,24.574615478515625,603.9117259168997
4,2024-10-14,2024-10-14 09:00:00,2024-10,9,207.11666870117188,192.73817443847656,14.378494262695312,206.74109726236202
4,2024-10-14,2024-10-14 10:00:00,2024-10,10,251.89999389648438,238.1848907470703,13.715103149414062,188.10405439906754
4,2024-10-14,2024-10-14 11:00:00,2024-10,11,300.98333740234375,281.654052734375,19.32928466796875,373.6212457753718
4,2024-10-14,2024-10-14 12:00:00,2024-10,12,320.6666564941406,308.684326171875,11.982330322265625,143.57623995188624
4,2024-10-14,2024-10-14 13:00:00,2024-10,13,241.8333282470703,324.0562744140625,82.22294616699219,6760.612876380095
4,2024-10-14,2024-10-14 14:00:00,2024-10,14,318.8666687011719,336.06640625,17.199737548828125,295.8309717485681
4,2024-10-14,2024-10-14 15:00:00,2024-10,15,270.26666259765625,340.72393798828125,70.457275390625,4964.227655470371
4,2024-10-14,2024-10-14 16:00:00,2024-10,16,44.06666564941406,338.4072570800781,294.340576171875,86636.37478119135
4,2024-10-15,2024-10-15 08:00:00,2024-10,8,296.48333740234375,70.18399047851562,226.29934692382812,51211.39441815112
4,2024-10-15,2024-10-15 09:00:00,2024-10,9,572.0499877929688,89.65361022949219,482.3963623046875,232706.25036479533
4,2024-10-15,2024-10-15 10:00:00,2024-10,10,798.9500122070312,107.42362976074219,691.5263671875,478208.7165155411
4,2024-10-15,2024-10-15 11:00:00,2024-10,11,638.5333251953125,129.5162811279297,509.01702880859375,259098.33561712876
4,2024-10-15,2024-10-15 12:00:00,2024-10,12,766.2000122070312,161.02304077148438,605.177001953125,366239.20369297266
4,2024-10-15,2024-10-15 13:00:00,2024-10,13,532.25,195.0620880126953,337.18792724609375,113695.69828051701
4,2024-10-15,2024-10-15 14:00:00,2024-10,14,426.5,224.23190307617188,202.26809692382812,40912.38303318713
4,2024-10-15,2024-10-15 15:00:00,2024-10,15,365.1333312988281,247.3737030029297,117.75962829589844,13867.330056388164
4,2024-10-15,2024-10-15 16:00:00,2024-10,16,179.1666717529297,263.3600769042969,84.19340515136719,7088.529470982263
4,2024-10-16,2024-10-16 08:00:00,2024-10,8,330.79998779296875,192.26185607910156,138.5381317138672,19192.813938768813
4,2024-10-16,2024-10-16 09:00:00,2024-10,9,604.5999755859375,210.5220947265625,394.077880859375,155297.37618261576
4,2024-10-16,2024-10-16 10:00:00,2024-10,10,508.25,225.73570251464844,282.5142822265625,79814.31966198981
4,2024-10-16,2024-10-16 11:00:00,2024-10,11,659.8833618164062,249.1703338623047,410.7130126953125,168685.17879725993
4,2024-10-16,2024-10-16 12:00:00,2024-10,12,767.6666870117188,275.3155822753906,492.3511047363281,242409.61033508275
4,2024-10-16,2024-10-16 13:00:00,2024-10,13,586.183349609375,296.46746826171875,289.71588134765625,83935.29190504923
4,2024-10-16,2024-10-16 14:00:00,2024-10,14,616.183349609375,308.85308837890625,307.33026123046875,94451.88946798816
4,2024-10-16,2024-10-16 15:00:00,2024-10,15,521.2166748046875,314.9624328613281,206.25424194335938,42540.812319629826
4,2024-10-16,2024-10-16 16:00:00,2024-10,16,227.11666870117188,318.8464660644531,91.72979736328125,8414.35572430864
4,2024-10-17,2024-10-17 08:00:00,2024-10,8,540.0333251953125,253.0802764892578,286.95306396484375,82342.06091881171
4,2024-10-17,2024-10-17 09:00:00,2024-10,9,756.5833129882812,273.02398681640625,483.559326171875,233829.6219277978
4,2024-10-17,2024-10-17 10:00:00,2024-10,10,907.7999877929688,294.8979797363281,612.9019775390625,375648.8340712935
4,2024-10-17,2024-10-17 11:00:00,2024-10,11,974.5333251953125,322.71759033203125,651.8157348632812,424863.75221535936
4,2024-10-17,2024-10-17 12:00:00,2024-10,12,971.25,357.3912353515625,613.8587646484375,376822.5829357058
4,2024-10-17,2024-10-17 13:00:00,2024-10,13,887.5166625976562,387.6842041015625,499.83245849609375,249832.48656624928
4,2024-10-17,2024-10-17 14:00:00,2024-10,14,277.7166748046875,412.1636962890625,134.447021484375,18076.001586019993
4,2024-10-17,2024-10-17 15:00:00,2024-10,15,431.5666809082031,421.7771911621094,9.78948974609375,95.83410948887467
4,2024-10-17,2024-10-17 16:00:00,2024-10,16,301.20001220703125,425.9206237792969,124.72061157226562,15555.230950959958
4,2024-10-18,2024-10-18 08:00:00,2024-10,8,542.183349609375,329.893310546875,212.2900390625,45067.060685157776
4,2024-10-18,2024-10-18 09:00:00,2024-10,9,758.1166381835938,397.0633544921875,361.05328369140625,130359.47366434708
4,2024-10-18,2024-10-18 10:00:00,2024-10,10,906.316650390625,437.0797119140625,469.2369384765625,220183.3044308573
4,2024-10-18,2024-10-18 11:00:00,2024-10,11,958.5333251953125,475.2825622558594,483.2507629394531,233531.29988156352
4,2024-10-18,2024-10-18 12:00:00,2024-10,12,914.8666381835938,501.6083679199219,413.2582702636719,170782.39794132207
4,2024-10-18,2024-10-18 13:00:00,2024-10,13,869.3833618164062,521.8311157226562,347.55224609375,120792.56376481056
4,2024-10-18,2024-10-18 14:00:00,2024-10,14,421.4745788574219,530.6829223632812,109.20834350585938,11926.462291293778
4,2024-10-18,2024-10-18 15:00:00,2024-10,15,405.29998779296875,532.5266723632812,127.2266845703125,16186.629266753793
4,2024-10-18,2024-10-18 16:00:00,2024-10,16,237.73333740234375,535.1875610351562,297.4542236328125,88479.01515699923
4,2024-10-19,2024-10-19 08:00:00,2024-10,8,188.11666870117188,214.56063842773438,26.4439697265625,699.283534899354
4,2024-10-19,2024-10-19 09:00:00,2024-10,9,411.76666259765625,297.9109802246094,113.85568237304688,12963.116408632137
4,2024-10-19,2024-10-19 10:00:00,2024-10,10,493.3666687011719,360.17755126953125,133.18911743164062,17739.341002219357
4,2024-10-19,2024-10-19 11:00:00,2024-10,11,765.4000244140625,418.08087158203125,347.31915283203125,120630.59392395988
4,2024-10-19,2024-10-19 12:00:00,2024-10,12,724.683349609375,466.83233642578125,257.85101318359375,66487.14499980584
4,2024-10-19,2024-10-19 13:00:00,2024-10,13,743.8499755859375,501.5567626953125,242.293212890625,58706.00101286173
4,2024-10-19,2024-10-19 14:00:00,2024-10,14,441.6000061035156,522.599609375,80.99960327148438,6560.935730137862
4,2024-10-19,2024-10-19 15:00:00,2024-10,15,424.6666564941406,534.3509521484375,109.68429565429688,12030.644713179208
4,2024-10-19,2024-10-19 16:00:00,2024-10,16,210.8000030517578,544.2288818359375,333.42889404296875,111174.82738271728
4,2024-10-31,2024-10-31 08:00:00,2024-10,8,449.0666809082031,78.28964233398438,370.77703857421875,137475.6123338677
4,2024-10-31,2024-10-31 09:00:00,2024-10,9,685.0166625976562,122.3880615234375,562.6286010742188,316550.9427467324
4,2024-10-31,2024-10-31 10:00:00,2024-10,10,666.5999755859375,151.66452026367188,514.9354248046875,265158.491718784
4,2024-10-31,2024-10-31 11:00:00,2024-10,11,713.9833374023438,186.67385864257812,527.3094482421875,278055.2542054802
4,2024-10-31,2024-10-31 12:00:00,2024-10,12,551.6500244140625,221.054931640625,330.5950927734375,109293.11536587775
4,2024-10-31,2024-10-31 13:00:00,2024-10,13,668.9166870117188,249.00650024414062,419.9101867675781,176324.56495118234
4,2024-10-31,2024-10-31 14:00:00,2024-10,14,503.8833312988281,274.5425109863281,229.3408203125,52597.21186161041
4,2024-10-31,2024-10-31 15:00:00,2024-10,15,226.10000610351562,299.7919921875,73.69198608398438,5430.508813002147
4,2024-10-31,2024-10-31 16:00:00,2024-10,16,48.21666717529297,319.11871337890625,270.90203857421875,73387.9145036675
4,2024-11-01,2024-11-01 08:00:00,2024-11,8,391.79998779296875,46.37554931640625,345.4244384765625,119318.04269684851
4,2024-11-01,2024-11-01 09:00:00,2024-11,9,539.5499877929688,136.56802368164062,402.9819641113281,162394.46339902375
4,2024-11-01,2024-11-01 10:00:00,2024-11,10,776.6500244140625,209.68399047851562,566.966064453125,321450.5182414651
4,2024-11-01,2024-11-01 11:00:00,2024-11,11,793.3499755859375,278.683837890625,514.6661376953125,264881.23329021037
4,2024-11-01,2024-11-01 12:00:00,2024-11,12,740.566650390625,342.7433166503906,397.8233337402344,158263.4048681939
4,2024-11-01,2024-11-01 13:00:00,2024-11,13,282.0,390.2064208984375,108.2064208984375,11708.629523649812
4,2024-11-01,2024-11-01 14:00:00,2024-11,14,98.23332977294922,415.1683654785156,316.9350280761719,100447.81202164385
4,2024-11-01,2024-11-01 15:00:00,2024-11,15,126.6500015258789,417.5269775390625,290.8769836425781,84609.41961300466
4,2024-11-01,2024-11-01 16:00:00,2024-11,16,87.4000015258789,418.82916259765625,331.4291687011719,109845.29386594985
4,2024-11-02,2024-11-02 08:00:00,2024-11,8,496.5833435058594,78.62448120117188,417.9588623046875,174689.61057902873
4,2024-11-02,2024-11-02 09:00:00,2024-11,9,556.5333251953125,157.17721557617188,399.3561096191406,159485.30229013506
4,2024-11-02,2024-11-02 10:00:00,2024-11,10,659.2999877929688,207.29901123046875,452.0009765625,204304.88281345367
4,2024-11-02,2024-11-02 11:00:00,2024-11,11,802.3833618164062,259.5269775390625,542.8563842773438,294693.0539506711
4,2024-11-02,2024-11-02 12:00:00,2024-11,12,213.48333740234375,301.7295227050781,88.24618530273438,7787.389220484532
4,2024-11-02,2024-11-02 13:00:00,2024-11,13,302.7796630859375,327.52984619140625,24.75018310546875,612.5715637542307
4,2024-11-02,2024-11-02 14:00:00,2024-11,14,371.95001220703125,345.8580627441406,26.091949462890625,680.7898267740384
4,2024-11-02,2024-11-02 15:00:00,2024-11,15,349.3500061035156,361.67510986328125,12.325103759765625,151.90818268898875
4,2024-11-02,2024-11-02 16:00:00,2024-11,16,78.26667022705078,377.7177429199219,299.4510803222656,89670.94950617198
4,2024-11-03,2024-11-03 08:00:00,2024-11,8,500.8500061035156,66.99542236328125,433.8545837402344,188229.79983241204
4,2024-11-03,2024-11-03 09:00:00,2024-11,9,678.6500244140625,150.31466674804688,528.3353271484375,279138.2179130465
4,2024-11-03,2024-11-03 10:00:00,2024-11,10,631.5333251953125,211.30987548828125,420.22344970703125,176587.74768367782
4,2024-11-03,2024-11-03 11:00:00,2024-11,11,405.9666748046875,269.15875244140625,136.80792236328125,18716.40762135759
4,2024-11-03,2024-11-03 12:00:00,2024-11,12,543.3666381835938,320.2237548828125,223.14288330078125,49792.74636778608
4,2024-11-03,2024-11-03 13:00:00,2024-11,13,938.8499755859375,360.2623596191406,578.587646484375,334763.6646643281
4,2024-11-03,2024-11-03 14:00:00,2024-11,14,691.183349609375,388.99365234375,302.189697265625,91318.61313349009
4,2024-11-03,2024-11-03 15:00:00,2024-11,15,546.566650390625,401.0954895019531,145.47116088867188,21161.858650297858
4,2024-11-03,2024-11-03 16:00:00,2024-11,16,232.38333129882812,406.5979309082031,174.214599609375,30350.726717054844
4,2024-11-04,2024-11-04 08:00:00,2024-11,8,190.43333435058594,276.9491882324219,86.51585388183594,7484.9929729031865
4,2024-11-04,2024-11-04 09:00:00,2024-11,9,629.5333251953125,336.68408203125,292.8492431640625,85760.6792217642
4,2024-11-04,2024-11-04 10:00:00,2024-11,10,427.1833190917969,376.59210205078125,50.591217041015625,2559.4712416911498
4,2024-11-04,2024-11-04 11:00:00,2024-11,11,245.1666717529297,417.434326171875,172.2676544189453,29676.14475900517
4,2024-11-04,2024-11-04 12:00:00,2024-11,12,121.06666564941406,457.2724914550781,336.205810546875,113034.3470454812
4,2024-11-04,2024-11-04 13:00:00,2024-11,13,309.2833251953125,488.0596008300781,178.77627563476562,31960.956729837693
4,2024-11-04,2024-11-04 14:00:00,2024-11,14,417.7166748046875,502.3782043457031,84.66152954101562,7167.574584224261
4,2024-11-04,2024-11-04 15:00:00,2024-11,15,166.14999389648438,500.8242492675781,334.67425537109375,112006.85720819607
4,2024-11-04,2024-11-04 16:00:00,2024-11,16,66.13333129882812,495.6314697265625,429.4981384277344,184468.65091288928
4,2024-11-05,2024-11-05 08:00:00,2024-11,8,489.8666687011719,96.4110107421875,393.4556579589844,154807.3547799373
4,2024-11-05,2024-11-05 09:00:00,2024-11,9,658.75,125.7584228515625,532.9915771484375,284080.0213111788
4,2024-11-05,2024-11-05 10:00:00,2024-11,10,770.1166381835938,148.93936157226562,621.17724609375,385861.17106461525
4,2024-11-05,2024-11-05 11:00:00,2024-11,11,972.1166381835938,175.50816345214844,796.6084594726562,634585.0377033986
4,2024-11-05,2024-11-05 12:00:00,2024-11,12,858.0166625976562,204.31739807128906,653.6992797851562,427322.748391632
4,2024-11-05,2024-11-05 13:00:00,2024-11,13,725.3666381835938,231.4554443359375,493.91119384765625,243948.26740801707
4,2024-11-05,2024-11-05 14:00:00,2024-11,14,559.2833251953125,255.34474182128906,303.9385986328125,92378.67173887789
4,2024-11-05,2024-11-05 15:00:00,2024-11,15,236.0833282470703,272.971923828125,36.88859558105469,1360.7684839426074
4,2024-11-05,2024-11-05 16:00:00,2024-11,16,128.75,285.2246398925781,156.47463989257812,24484.312929512
4,2024-11-06,2024-11-06 08:00:00,2024-11,8,418.4333190917969,122.2296142578125,296.2037048339844,87736.63475737814
4,2024-11-06,2024-11-06 09:00:00,2024-11,9,631.2666625976562,178.05392456054688,453.2127380371094,205401.78591909353
4,2024-11-06,2024-11-06 10:00:00,2024-11,10,748.9166870117188,221.28994750976562,527.626708984375,278389.94403368235
4,2024-11-06,2024-11-06 11:00:00,2024-11,11,663.4166870117188,261.3026123046875,402.11407470703125,161695.7290774919
4,2024-11-06,2024-11-06 12:00:00,2024-11,12,672.0166625976562,304.13751220703125,367.879150390625,135335.0692921281
4,2024-11-06,2024-11-06 13:00:00,2024-11,13,508.5,335.5384826660156,172.96151733398438,29915.686478474177
4,2024-11-06,2024-11-06 14:00:00,2024-11,14,623.316650390625,351.894775390625,271.421875,73669.83422851562
4,2024-11-06,2024-11-06 15:00:00,2024-11,15,418.70001220703125,362.1881103515625,56.51190185546875,3193.5950513221323
4,2024-11-06,2024-11-06 16:00:00,2024-11,16,180.9499969482422,368.3327941894531,187.38279724121094,35112.31270194077
4,2024-11-07,2024-11-07 08:00:00,2024-11,8,394.20001220703125,202.867919921875,191.33209228515625,36607.96953821555
4,2024-11-07,2024-11-07 09:00:00,2024-11,9,640.6666870117188,238.20730590820312,402.4593811035156,161973.55343822483
4,2024-11-07,2024-11-07 10:00:00,2024-11,10,733.0499877929688,268.68890380859375,464.361083984375,215631.21631914377
4,2024-11-07,2024-11-07 11:00:00,2024-11,11,633.2999877929688,305.17315673828125,328.1268310546875,107667.21725799143
4,2024-11-07,2024-11-07 12:00:00,2024-11,12,571.6666870117188,344.388916015625,227.27777099609375,51655.18518895283
4,2024-11-07,2024-11-07 13:00:00,2024-11,13,636.9000244140625,381.52117919921875,255.37884521484375,65218.35458326712
4,2024-11-07,2024-11-07 14:00:00,2024-11,14,478.1833190917969,414.5398254394531,63.64349365234375,4050.494284275919
4,2024-11-07,2024-11-07 15:00:00,2024-11,15,296.8166809082031,430.709228515625,133.89254760742188,17927.214304805733
4,2024-11-07,2024-11-07 16:00:00,2024-11,16,210.4499969482422,440.4893493652344,230.0393524169922,52918.10366042913
4,2024-11-08,2024-11-08 08:00:00,2024-11,8,331.1666564941406,237.46202087402344,93.70463562011719,8780.558736698935
4,2024-11-08,2024-11-08 09:00:00,2024-11,9,370.01666259765625,272.1927185058594,97.82394409179688,9569.524037675
4,2024-11-08,2024-11-08 10:00:00,2024-11,10,286.98333740234375,299.58599853515625,12.6026611328125,158.82706762850285
4,2024-11-08,2024-11-08 11:00:00,2024-11,11,264.6833190917969,328.135986328125,63.452667236328125,4026.2409794041887
4,2024-11-08,2024-11-08 12:00:00,2024-11,12,136.23333740234375,355.30450439453125,219.0711669921875,47992.1762073189
4,2024-11-08,2024-11-08 13:00:00,2024-11,13,110.08333587646484,376.3793640136719,266.2960205078125,70913.5705382973
4,2024-11-08,2024-11-08 14:00:00,2024-11,14,134.56666564941406,391.8553161621094,257.28863525390625,66197.44183081761
4,2024-11-08,2024-11-08 15:00:00,2024-11,15,109.71666717529297,400.30767822265625,290.59100341796875,84443.13126746193
4,2024-11-08,2024-11-08 16:00:00,2024-11,16,79.48332977294922,405.3997497558594,325.9164123535156,106221.50784138683
4,2024-11-09,2024-11-09 08:00:00,2024-11,8,436.45001220703125,51.71063232421875,384.7393798828125,148024.3904326111
4,2024-11-09,2024-11-09 09:00:00,2024-11,9,456.01666259765625,61.03570556640625,394.98095703125,156009.95641732216
4,2024-11-09,2024-11-09 10:00:00,2024-11,10,320.1166687011719,69.90679931640625,250.20986938476562,62604.978737541474
4,2024-11-09,2024-11-09 11:00:00,2024-11,11,439.8833312988281,75.26382446289062,364.6195068359375,132947.38476528227
4,2024-11-09,2024-11-09 12:00:00,2024-11,12,321.98333740234375,90.89340209960938,231.08993530273438,53402.55819822196
4,2024-11-09,2024-11-09 13:00:00,2024-11,13,329.6833190917969,108.57223510742188,221.111083984375,48890.111460745335
4,2024-11-09,2024-11-09 14:00:00,2024-11,14,490.26666259765625,139.33132934570312,350.9353332519531,123155.6081246594
4,2024-11-09,2024-11-09 15:00:00,2024-11,15,510.01666259765625,168.38070678710938,341.6359558105469,116715.12630258594
4,2024-11-09,2024-11-09 16:00:00,2024-11,16,143.3000030517578,194.60208129882812,51.30207824707031,2631.903232468525
4,2024-11-10,2024-11-10 08:00:00,2024-11,8,425.79998779296875,123.18017578125,302.61981201171875,91578.750622008
4,2024-11-10,2024-11-10 09:00:00,2024-11,9,676.8666381835938,165.2147979736328,511.65185546875,261787.62120461464
4,2024-11-10,2024-11-10 10:00:00,2024-11,10,829.7166748046875,196.25613403320312,633.4605712890625,401272.29537786543
4,2024-11-10,2024-11-10 11:00:00,2024-11,11,904.2166748046875,226.92416381835938,677.29248046875,458725.1040995121
4,2024-11-10,2024-11-10 12:00:00,2024-11,12,868.7666625976562,262.50006103515625,606.2666015625,367559.1921701431
4,2024-11-10,2024-11-10 13:00:00,2024-11,13,849.566650390625,289.8653564453125,559.7012939453125,313265.5384440571
4,2024-11-10,2024-11-10 14:00:00,2024-11,14,546.8499755859375,301.95867919921875,244.89129638671875,59971.74704596773
4,2024-11-10,2024-11-10 15:00:00,2024-11,15,445.8333435058594,302.7814025878906,143.05194091796875,20463.857800398022
4,2024-11-10,2024-11-10 16:00:00,2024-11,16,283.20001220703125,298.8106994628906,15.610687255859375,243.6935566002503
4,2024-11-11,2024-11-11 08:00:00,2024-11,8,421.3666687011719,273.611083984375,147.75558471679688,21831.71281500254
4,2024-11-11,2024-11-11 09:00:00,2024-11,9,623.3666381835938,297.80218505859375,325.564453125,105992.21313858032
4,2024-11-11,2024-11-11 10:00:00,2024-11,10,787.7000122070312,317.0131530761719,470.6868591308594,221546.11935847346
4,2024-11-11,2024-11-11 11:00:00,2024-11,11,888.0333251953125,342.737060546875,545.2962646484375,297348.0162395388
4,2024-11-11,2024-11-11 12:00:00,2024-11,12,903.7166748046875,367.9898376464844,535.726806640625,287003.2113533616
4,2024-11-11,2024-11-11 13:00:00,2024-11,13,829.316650390625,390.0126647949219,439.3039855957031,192987.99176026974
4,2024-11-11,2024-11-11 14:00:00,2024-11,14,685.5833129882812,403.8292541503906,281.7540588378906,79385.34967162553
4,2024-11-11,2024-11-11 15:00:00,2024-11,15,470.50848388671875,408.350341796875,62.15814208984375,3863.634628061205
4,2024-11-11,2024-11-11 16:00:00,2024-11,16,238.68333435058594,410.9990234375,172.31568908691406,29692.696705498034
4,2024-11-12,2024-11-12 08:00:00,2024-11,8,417.48333740234375,214.48529052734375,202.998046875,41208.2070350647
4,2024-11-12,2024-11-12 09:00:00,2024-11,9,529.2000122070312,233.81686401367188,295.3831481933594,87251.2042366201
4,2024-11-12,2024-11-12 10:00:00,2024-11,10,589.566650390625,254.45884704589844,335.1077880859375,112297.2296358496
4,2024-11-12,2024-11-12 11:00:00,2024-11,11,758.9833374023438,283.15313720703125,475.8302001953125,226414.37941791117
4,2024-11-12,2024-11-12 12:00:00,2024-11,12,548.3833618164062,323.1065673828125,225.27679443359375,50749.634110275656
4,2024-11-12,2024-11-12 13:00:00,2024-11,13,805.3499755859375,356.6683349609375,448.681640625,201315.21463394165
4,2024-11-12,2024-11-12 14:00:00,2024-11,14,619.4166870117188,379.9722595214844,239.44442749023438,57333.63385612611
4,2024-11-12,2024-11-12 15:00:00,2024-11,15,424.04998779296875,392.4101867675781,31.639801025390625,1001.0770089263096
4,2024-11-12,2024-11-12 16:00:00,2024-11,16,145.14999389648438,401.2613830566406,256.11138916015625,65593.043657545
4,2024-11-13,2024-11-13 08:00:00,2024-11,8,355.5833435058594,120.25601196289062,235.32733154296875,55378.952971134335
4,2024-11-13,2024-11-13 09:00:00,2024-11,9,393.1833190917969,184.134033203125,209.04928588867188,43701.603930563666
4,2024-11-13,2024-11-13 10:00:00,2024-11,10,564.9833374023438,236.17825317382812,328.8050842285156,108112.78341452125
4,2024-11-13,2024-11-13 11:00:00,2024-11,11,549.9166870117188,282.7361755371094,267.1805114746094,71385.42571183387
4,2024-11-13,2024-11-13 12:00:00,2024-11,12,678.7833251953125,333.5518798828125,345.2314453125,119184.75083255768
4,2024-11-13,2024-11-13 13:00:00,2024-11,13,633.933349609375,378.1982421875,255.735107421875,65400.445168077946
4,2024-11-13,2024-11-13 14:00:00,2024-11,14,400.6333312988281,409.0323486328125,8.399017333984375,70.54349217657
4,2024-11-13,2024-11-13 15:00:00,2024-11,15,217.31666564941406,426.5622863769531,209.24562072753906,43783.729793653125
4,2024-11-13,2024-11-13 16:00:00,2024-11,16,227.1999969482422,439.1682434082031,211.96824645996094,44930.53750731074
4,2024-11-14,2024-11-14 08:00:00,2024-11,8,213.96665954589844,245.63385009765625,31.667190551757812,1002.8109574413393
4,2024-11-14,2024-11-14 09:00:00,2024-11,9,447.23333740234375,278.0662536621094,169.16708374023438,28617.50222117547
4,2024-11-14,2024-11-14 10:00:00,2024-11,10,619.8833618164062,298.661865234375,321.22149658203125,103183.24986639991
4,2024-11-14,2024-11-14 11:00:00,2024-11,11,543.2833251953125,320.2868957519531,222.99642944335938,49727.407544487156
4,2024-11-14,2024-11-14 12:00:00,2024-11,12,271.45001220703125,342.41943359375,70.96942138671875,5036.658771965653
4,2024-11-14,2024-11-14 13:00:00,2024-11,13,345.9333190917969,360.8471374511719,14.913818359375,222.42197805643082
4,2024-11-14,2024-11-14 14:00:00,2024-11,14,129.35000610351562,375.50762939453125,246.15762329101562,60593.57550428156
4,2024-11-14,2024-11-14 15:00:00,2024-11,15,76.88333129882812,387.2270812988281,310.34375,96313.2431640625
4,2024-11-14,2024-11-14 16:00:00,2024-11,16,158.9166717529297,396.69683837890625,237.78016662597656,56539.40764067718
4,2024-11-15,2024-11-15 08:00:00,2024-11,8,35.900001525878906,179.3365478515625,143.43655395507812,20574.045010508038
4,2024-11-15,2024-11-15 09:00:00,2024-11,9,78.88333129882812,202.6007080078125,123.71737670898438,15305.98929975275
4,2024-11-15,2024-11-15 10:00:00,2024-11,10,157.0833282470703,212.74954223632812,55.66621398925781,3098.727379897842
4,2024-11-15,2024-11-15 11:00:00,2024-11,11,463.1666564941406,226.24127197265625,236.92538452148438,56133.63783065323
4,2024-11-15,2024-11-15 12:00:00,2024-11,12,358.23333740234375,238.8606719970703,119.37266540527344,14249.833245959366
4,2024-11-15,2024-11-15 13:00:00,2024-11,13,355.0333251953125,251.6057586669922,103.42756652832031,10697.261517970124
4,2024-11-15,2024-11-15 14:00:00,2024-11,14,233.61666870117188,267.88861083984375,34.271942138671875,1174.566017956473
4,2024-11-15,2024-11-15 15:00:00,2024-11,15,98.61666870117188,284.1019287109375,185.48526000976562,34404.78168089036
4,2024-11-15,2024-11-15 16:00:00,2024-11,16,75.06666564941406,294.05908203125,218.99241638183594,47957.678432755405
4,2024-11-16,2024-11-16 08:00:00,2024-11,8,371.01666259765625,75.8404541015625,295.17620849609375,87128.99406212941
4,2024-11-16,2024-11-16 09:00:00,2024-11,9,498.54998779296875,89.41934204101562,409.1306457519531,167387.88529341016
4,2024-11-16,2024-11-16 10:00:00,2024-11,10,556.2333374023438,106.68658447265625,449.5467529296875,202092.2830696255
4,2024-11-16,2024-11-16 11:00:00,2024-11,11,581.2333374023438,121.78727722167969,459.446044921875,211090.66819435358
4,2024-11-16,2024-11-16 12:00:00,2024-11,12,444.3999938964844,147.96902465820312,296.43096923828125,87871.31952354684
4,2024-11-16,2024-11-16 13:00:00,2024-11,13,358.75,171.3810272216797,187.3689727783203,35107.13196000294
4,2024-11-16,2024-11-16 14:00:00,2024-11,14,365.1666564941406,191.45724487304688,173.70941162109375,30174.95968574658
4,2024-11-16,2024-11-16 15:00:00,2024-11,15,447.70001220703125,208.77621459960938,238.92379760742188,57084.58106315229
4,2024-11-16,2024-11-16 16:00:00,2024-11,16,270.8666687011719,217.2393035888672,53.62736511230469,2875.894288888434
4,2024-11-17,2024-11-17 08:00:00,2024-11,8,245.25,285.348388671875,40.098388671875,1607.8807740807533
4,2024-11-17,2024-11-17 09:00:00,2024-11,9,523.2666625976562,285.0616455078125,238.20501708984375,56741.63016677275
4,2024-11-17,2024-11-17 10:00:00,2024-11,10,487.1333312988281,286.560791015625,200.57254028320312,40229.34391565714
4,2024-11-17,2024-11-17 11:00:00,2024-11,11,787.1166381835938,294.3529357910156,492.7637023925781,242816.0663956413
4,2024-11-17,2024-11-17 12:00:00,2024-11,12,582.6666870117188,306.7210693359375,275.94561767578125,76145.98391446844
4,2024-11-17,2024-11-17 13:00:00,2024-11,13,688.683349609375,315.65460205078125,373.02874755859375,139150.44650513306
4,2024-11-17,2024-11-17 14:00:00,2024-11,14,232.1666717529297,322.3236083984375,90.15693664550781,8128.2732253021095
4,2024-11-17,2024-11-17 15:00:00,2024-11,15,390.23333740234375,324.31732177734375,65.916015625,4344.921115875244
4,2024-11-17,2024-11-17 16:00:00,2024-11,16,287.2833251953125,326.1229553222656,38.839630126953125,1508.5168683985248
4,2024-11-18,2024-11-18 08:00:00,2024-11,8,389.29998779296875,305.14306640625,84.15692138671875,7082.38741729036
4,2024-11-18,2024-11-18 09:00:00,2024-11,9,364.26666259765625,323.87884521484375,40.3878173828125,1631.1757929474115
4,2024-11-18,2024-11-18 10:00:00,2024-11,10,245.48333740234375,336.4252014160156,90.94186401367188,8270.422630281188
4,2024-11-18,2024-11-18 11:00:00,2024-11,11,306.95001220703125,352.6305236816406,45.680511474609375,2086.709128581919
4,2024-11-18,2024-11-18 12:00:00,2024-11,12,679.6666870117188,368.24365234375,311.42303466796875,96984.30652180687
4,2024-11-18,2024-11-18 13:00:00,2024-11,13,341.4166564941406,378.99676513671875,37.580108642578125,1412.264565587975
4,2024-11-18,2024-11-18 14:00:00,2024-11,14,422.5666809082031,384.2941589355469,38.27252197265625,1464.7859381474555
4,2024-11-18,2024-11-18 15:00:00,2024-11,15,418.70001220703125,383.6445007324219,35.055511474609375,1228.8888847464696
4,2024-11-18,2024-11-18 16:00:00,2024-11,16,193.71665954589844,384.76275634765625,191.0460968017578,36498.61110318662
4,2024-11-19,2024-11-19 08:00:00,2024-11,8,64.75,221.3366241455078,156.5866241455078,24519.37086128653
4,2024-11-19,2024-11-19 09:00:00,2024-11,9,86.81666564941406,238.16441345214844,151.34774780273438,22906.140764960088
4,2024-11-19,2024-11-19 10:00:00,2024-11,10,181.43333435058594,249.5717315673828,68.13839721679688,4642.841175273992
4,2024-11-19,2024-11-19 11:00:00,2024-11,11,170.75,260.6755676269531,89.92556762695312,8086.60771302972
4,2024-11-19,2024-11-19 12:00:00,2024-11,12,291.45001220703125,276.8715515136719,14.578460693359375,212.5315161878243
4,2024-11-19,2024-11-19 13:00:00,2024-11,13,265.7166748046875,291.77838134765625,26.06170654296875,679.2125479318202
4,2024-11-19,2024-11-19 14:00:00,2024-11,14,283.5438537597656,304.75689697265625,21.213043212890625,449.993202351965
4,2024-11-19,2024-11-19 15:00:00,2024-11,15,243.75,314.46221923828125,70.71221923828125,5000.217949602753
4,2024-11-19,2024-11-19 16:00:00,2024-11,16,62.650001525878906,321.4970397949219,258.8470458984375,67001.79317034781
4,2024-11-20,2024-11-20 08:00:00,2024-11,8,32.20000076293945,63.587982177734375,31.387981414794922,985.2053772955114
4,2024-11-20,2024-11-20 09:00:00,2024-11,9,23.950000762939453,89.50930786132812,65.55931091308594,4298.023247398669
4,2024-11-20,2024-11-20 10:00:00,2024-11,10,50.45000076293945,112.0079345703125,61.55793380737305,3789.3792146329215
4,2024-11-20,2024-11-20 11:00:00,2024-11,11,89.8499984741211,133.71847534179688,43.86847686767578,1924.4432626898051
4,2024-11-20,2024-11-20 12:00:00,2024-11,12,156.48333740234375,158.8390350341797,2.3556976318359375,5.549311332637444
4,2024-11-20,2024-11-20 13:00:00,2024-11,13,139.43333435058594,178.50201416015625,39.06867980957031,1526.361742062727
4,2024-11-20,2024-11-20 14:00:00,2024-11,14,94.4000015258789,194.4761505126953,100.0761489868164,10015.235596031474
4,2024-11-20,2024-11-20 15:00:00,2024-11,15,74.96666717529297,207.2796630859375,132.31298828125,17506.7268679142
4,2024-11-20,2024-11-20 16:00:00,2024-11,16,41.08333206176758,217.5154571533203,176.43212890625,31128.296110391617
4,2024-11-21,2024-11-21 08:00:00,2024-11,8,69.0999984741211,37.96015930175781,31.13983917236328,969.6895836806507
4,2024-11-21,2024-11-21 09:00:00,2024-11,9,84.71666717529297,42.85255432128906,41.864112854003906,1752.603945052775
4,2024-11-21,2024-11-21 10:00:00,2024-11,10,310.20001220703125,45.46235656738281,264.7376708984375,70086.0343927294
4,2024-11-21,2024-11-21 11:00:00,2024-11,11,503.8999938964844,48.82710266113281,455.0728759765625,207091.32244957983
4,2024-11-21,2024-11-21 12:00:00,2024-11,12,137.38333129882812,55.543060302734375,81.84027099609375,6697.829956714064
4,2024-11-21,2024-11-21 13:00:00,2024-11,13,240.8333282470703,62.442169189453125,178.3911590576172,31823.405629920075
4,2024-11-21,2024-11-21 14:00:00,2024-11,14,160.63333129882812,71.27592468261719,89.35740661621094,7984.746117174858
4,2024-11-21,2024-11-21 15:00:00,2024-11,15,148.36666870117188,80.85795593261719,67.50871276855469,4557.426299667219
4,2024-11-21,2024-11-21 16:00:00,2024-11,16,70.86666870117188,87.93714904785156,17.070480346679688,291.40129926637746
4,2024-11-22,2024-11-22 08:00:00,2024-11,8,363.5333251953125,90.45338439941406,273.0799560546875,74572.66239883006
4,2024-11-22,2024-11-22 09:00:00,2024-11,9,553.0833129882812,97.93376159667969,455.1495361328125,207161.1002419144
4,2024-11-22,2024-11-22 10:00:00,2024-11,10,572.3333129882812,101.92465209960938,470.4086608886719,221284.3082390735
4,2024-11-22,2024-11-22 11:00:00,2024-11,11,668.9666748046875,106.41048431396484,562.5562133789062,316469.4932112135
4,2024-11-22,2024-11-22 12:00:00,2024-11,12,778.8833618164062,114.18891906738281,664.6944580078125,441818.7225062996
4,2024-11-22,2024-11-22 13:00:00,2024-11,13,614.5,120.3766860961914,494.1233215332031,244157.85688300524
4,2024-11-22,2024-11-22 14:00:00,2024-11,14,608.6166381835938,124.35247039794922,484.26416015625,234511.77681183815
4,2024-11-22,2024-11-22 15:00:00,2024-11,15,365.4666748046875,130.34507751464844,235.12159729003906,55282.165512219304
4,2024-11-22,2024-11-22 16:00:00,2024-11,16,85.25,133.71530151367188,48.465301513671875,2348.8854508111253
4,2024-11-23,2024-11-23 08:00:00,2024-11,8,136.96665954589844,72.46034240722656,64.50631713867188,4161.064950794913
4,2024-11-23,2024-11-23 09:00:00,2024-11,9,593.9500122070312,112.4134521484375,481.53656005859375,231877.45867306367
4,2024-11-23,2024-11-23 10:00:00,2024-11,10,647.2833251953125,140.630126953125,506.6531982421875,256697.46328903735
4,2024-11-23,2024-11-23 11:00:00,2024-11,11,523.5762939453125,170.3340606689453,353.24224853515625,124780.0861501731
4,2024-11-23,2024-11-23 12:00:00,2024-11,12,374.6333312988281,202.28111267089844,172.3522186279297,29705.287265969673
4,2024-11-23,2024-11-23 13:00:00,2024-11,13,483.01666259765625,226.3729248046875,256.64373779296875,65866.0081483461
4,2024-11-23,2024-11-23 14:00:00,2024-11,14,468.5666809082031,241.58543395996094,226.9812469482422,51520.4864661789
4,2024-11-23,2024-11-23 15:00:00,2024-11,15,291.6666564941406,241.3767547607422,50.28990173339844,2529.074216354871
4,2024-11-23,2024-11-23 16:00:00,2024-11,16,170.86666870117188,241.63229370117188,70.765625,5007.773681640625
4,2024-11-24,2024-11-24 08:00:00,2024-11,8,174.3333282470703,207.77523803710938,33.44190979003906,1118.3613304051105
4,2024-11-24,2024-11-24 09:00:00,2024-11,9,410.9333190917969,212.07666015625,198.85665893554688,39543.970803008415
4,2024-11-24,2024-11-24 10:00:00,2024-11,10,529.816650390625,216.77877807617188,313.0378723144531,97992.70950315986
4,2024-11-24,2024-11-24 11:00:00,2024-11,11,390.0333251953125,227.22369384765625,162.80963134765625,26506.976059559733
4,2024-11-24,2024-11-24 12:00:00,2024-11,12,405.8166809082031,240.64578247070312,165.1708984375,27281.42569065094
4,2024-11-24,2024-11-24 13:00:00,2024-11,13,388.0833435058594,253.91119384765625,134.17214965820312,18002.165743903257
4,2024-11-24,2024-11-24 14:00:00,2024-11,14,206.98333740234375,270.33721923828125,63.3538818359375,4013.7143436819315
4,2024-11-24,2024-11-24 15:00:00,2024-11,15,201.5500030517578,279.9538879394531,78.40388488769531,6147.169165482977
4,2024-11-24,2024-11-24 16:00:00,2024-11,16,252.6999969482422,285.221435546875,32.52143859863281,1057.6439685246442
4,2024-11-25,2024-11-25 08:00:00,2024-11,8,280.1666564941406,268.4127197265625,11.753936767578125,138.1550295362249
4,2024-11-25,2024-11-25 09:00:00,2024-11,9,256.8666687011719,273.76141357421875,16.894744873046875,285.43240432534367
4,2024-11-25,2024-11-25 10:00:00,2024-11,10,496.70001220703125,279.2555847167969,217.44442749023438,47282.079046555795
4,2024-11-25,2024-11-25 11:00:00,2024-11,11,622.1166381835938,285.7410888671875,336.37554931640625,113148.51017791405
4,2024-11-25,2024-11-25 12:00:00,2024-11,12,448.29998779296875,292.6351318359375,155.66485595703125,24231.547380123287
4,2024-11-25,2024-11-25 13:00:00,2024-11,13,291.5666809082031,298.4398498535156,6.8731689453125,47.240451350808144
4,2024-11-25,2024-11-25 14:00:00,2024-11,14,253.5833282470703,306.44854736328125,52.86521911621094,2794.7313922049943
4,2024-11-25,2024-11-25 15:00:00,2024-11,15,136.53334045410156,313.5794372558594,177.0460968017578,31345.320392737398
4,2024-11-25,2024-11-25 16:00:00,2024-11,16,74.36666870117188,318.044921875,243.67825317382812,59379.09106984828
4,2024-11-26,2024-11-26 08:00:00,2024-11,8,89.78333282470703,74.94622802734375,14.837104797363281,220.1396787679405
4,2024-11-26,2024-11-26 09:00:00,2024-11,9,188.9499969482422,103.0943603515625,85.85563659667969,7371.1903354211245
4,2024-11-26,2024-11-26 10:00:00,2024-11,10,217.6666717529297,126.98974609375,90.67692565917969,8222.3048470004
4,2024-11-26,2024-11-26 11:00:00,2024-11,11,163.18333435058594,153.2825469970703,9.900787353515625,98.02559021953493
4,2024-11-26,2024-11-26 12:00:00,2024-11,12,157.56666564941406,183.17848205566406,25.61181640625,655.9651396274567
4,2024-11-26,2024-11-26 13:00:00,2024-11,13,134.25,203.650634765625,69.400634765625,4816.448105871677
4,2024-11-26,2024-11-26 14:00:00,2024-11,14,110.06666564941406,217.22842407226562,107.16175842285156,11483.642468277598
4,2024-11-26,2024-11-26 15:00:00,2024-11,15,50.266666412353516,228.89016723632812,178.62350463867188,31906.356409401633
4,2024-11-26,2024-11-26 16:00:00,2024-11,16,34.78333282470703,237.91070556640625,203.12738037109375,41260.732656423
4,2024-11-27,2024-11-27 08:00:00,2024-11,8,96.91666412353516,32.285552978515625,64.63111114501953,4177.180527839868
4,2024-11-27,2024-11-27 09:00:00,2024-11,9,118.01667022705078,39.309722900390625,78.70694732666016,6194.783557481656
4,2024-11-27,2024-11-27 10:00:00,2024-11,10,177.21665954589844,50.47108459472656,126.74557495117188,16064.440769703127
4,2024-11-27,2024-11-27 11:00:00,2024-11,11,239.0500030517578,58.83656311035156,180.21343994140625,32476.883935514838
4,2024-11-27,2024-11-27 12:00:00,2024-11,12,218.01666259765625,72.21122741699219,145.80543518066406,21259.22492822283
4,2024-11-27,2024-11-27 13:00:00,2024-11,13,151.9166717529297,84.45173645019531,67.46493530273438,4551.517495402135
4,2024-11-27,2024-11-27 14:00:00,2024-11,14,122.31666564941406,103.0113525390625,19.305313110351562,372.6951142887119
4,2024-11-27,2024-11-27 15:00:00,2024-11,15,71.96666717529297,119.826416015625,47.85974884033203,2290.555559059663
4,2024-11-27,2024-11-27 16:00:00,2024-11,16,40.75,130.98252868652344,90.23252868652344,8141.909233164275
4,2024-11-28,2024-11-28 08:00:00,2024-11,8,182.35000610351562,53.34727478027344,129.0027313232422,16641.70468885661
4,2024-11-28,2024-11-28 09:00:00,2024-11,9,372.6333312988281,56.08819580078125,316.5451354980469,100200.82280747686
4,2024-11-28,2024-11-28 10:00:00,2024-11,10,784.0166625976562,59.14453125,724.8721313476562,525439.6068044938
4,2024-11-28,2024-11-28 11:00:00,2024-11,11,307.29998779296875,63.726043701171875,243.57394409179688,59328.26624043379
4,2024-11-28,2024-11-28 12:00:00,2024-11,12,268.75,70.87442016601562,197.87557983398438,39154.745094635524
4,2024-11-28,2024-11-28 13:00:00,2024-11,13,357.3999938964844,77.5992431640625,279.8007507324219,78288.46011042688
4,2024-11-28,2024-11-28 14:00:00,2024-11,14,204.13333129882812,84.669921875,119.46340942382812,14271.506191165186
4,2024-11-28,2024-11-28 15:00:00,2024-11,15,141.5,91.08871459960938,50.411285400390625,2541.297695719637
4,2024-11-28,2024-11-28 16:00:00,2024-11,16,92.58333587646484,95.97377014160156,3.3904342651367188,11.495044506213162
4,2024-11-29,2024-11-29 08:00:00,2024-11,8,134.56666564941406,101.71309661865234,32.85356903076172,1079.3569980590255
4,2024-11-29,2024-11-29 09:00:00,2024-11,9,219.4166717529297,105.48274993896484,113.93392181396484,12980.938539910654
4,2024-11-29,2024-11-29 10:00:00,2024-11,10,357.8500061035156,108.29051208496094,249.5594940185547,62279.94105479703
4,2024-11-29,2024-11-29 11:00:00,2024-11,11,680.0499877929688,113.68438720703125,566.3656005859375,320769.9935270697
4,2024-11-29,2024-11-29 12:00:00,2024-11,12,499.26666259765625,120.71218872070312,378.5544738769531,143303.4896922568
4,2024-11-29,2024-11-29 13:00:00,2024-11,13,345.76666259765625,125.50151062011719,220.26515197753906,48516.73717568838
4,2024-11-29,2024-11-29 14:00:00,2024-11,14,202.5833282470703,131.69068908691406,70.89263916015625,5025.7662870921195
4,2024-11-29,2024-11-29 15:00:00,2024-11,15,202.61666870117188,136.27902221679688,66.337646484375,4400.683341085911
4,2024-11-29,2024-11-29 16:00:00,2024-11,16,93.25,138.70538330078125,45.45538330078125,2066.191871020943
4,2024-11-30,2024-11-30 08:00:00,2024-11,8,393.6000061035156,95.36707305908203,298.2329406738281,88942.88690295909
4,2024-11-30,2024-11-30 09:00:00,2024-11,9,543.3666381835938,105.50542449951172,437.8612060546875,191722.4357676655
4,2024-11-30,2024-11-30 10:00:00,2024-11,10,696.1333618164062,114.81311798095703,581.3202514648438,337933.2347631492
4,2024-11-30,2024-11-30 11:00:00,2024-11,11,718.316650390625,122.42766571044922,595.8889770507812,355083.6729706265
4,2024-11-30,2024-11-30 12:00:00,2024-11,12,752.4166870117188,136.44927978515625,615.9674072265625,379415.8467654139
4,2024-11-30,2024-11-30 13:00:00,2024-11,13,629.183349609375,144.5950164794922,484.58831787109375,234825.8378171362
4,2024-11-30,2024-11-30 14:00:00,2024-11,14,465.95001220703125,149.90643310546875,316.0435791015625,99883.5438913256
4,2024-11-30,2024-11-30 15:00:00,2024-11,15,329.8500061035156,154.05322265625,175.79678344726562,30904.509070404805
4,2024-11-30,2024-11-30 16:00:00,2024-11,16,148.78334045410156,156.54385375976562,7.7605133056640625,60.225566767388955
4,2024-12-01,2024-12-01 08:00:00,2024-12,8,231.10000610351562,136.4599151611328,94.64009094238281,8956.74681358249
4,2024-12-01,2024-12-01 09:00:00,2024-12,9,280.8333435058594,166.237060546875,114.59628295898438,13132.308068015613
4,2024-12-01,2024-12-01 10:00:00,2024-12,10,191.88333129882812,187.9088134765625,3.974517822265625,15.796791919507086
4,2024-12-01,2024-12-01 11:00:00,2024-12,11,228.4166717529297,214.1365509033203,14.280120849609375,203.92185147944838
4,2024-12-01,2024-12-01 12:00:00,2024-12,12,405.75,241.6903076171875,164.0596923828125,26915.582664743066
4,2024-12-01,2024-12-01 13:00:00,2024-12,13,414.54998779296875,258.51904296875,156.03094482421875,24345.655742738396
4,2024-12-01,2024-12-01 14:00:00,2024-12,14,180.53334045410156,268.58209228515625,88.04875183105469,7752.582699006656
4,2024-12-01,2024-12-01 15:00:00,2024-12,15,80.1500015258789,268.3745422363281,188.22454833984375,35428.48059773818
4,2024-12-01,2024-12-01 16:00:00,2024-12,16,27.433332443237305,268.7983703613281,241.3650360107422,58257.08060846687
4,2024-12-02,2024-12-02 08:00:00,2024-12,8,434.3500061035156,11.05950927734375,423.2904968261719,179174.84470334742
4,2024-12-02,2024-12-02 09:00:00,2024-12,9,654.75,34.67987060546875,620.0701293945312,384486.9653673507
4,2024-12-02,2024-12-02 10:00:00,2024-12,10,710.9830322265625,60.671783447265625,650.311279296875,422904.75998073816
4,2024-12-02,2024-12-02 11:00:00,2024-12,11,865.7333374023438,85.46018981933594,780.2731323242188,608826.1610270478
4,2024-12-02,2024-12-02 12:00:00,2024-12,12,868.0,118.51443481445312,749.485595703125,561728.6581664681
4,2024-12-02,2024-12-02 13:00:00,2024-12,13,743.316650390625,148.22682189941406,595.08984375,354131.9221343994
4,2024-12-02,2024-12-02 14:00:00,2024-12,14,341.0666809082031,176.8383331298828,164.2283477783203,26970.950213996926
4,2024-12-02,2024-12-02 15:00:00,2024-12,15,335.6666564941406,200.718017578125,134.94863891601562,18211.135145285167
4,2024-12-02,2024-12-02 16:00:00,2024-12,16,198.14999389648438,219.00491333007812,20.85491943359375,434.92766458168626
4,2024-12-03,2024-12-03 08:00:00,2024-12,8,384.73333740234375,184.54177856445312,200.19155883789062,40076.660229944624
4,2024-12-03,2024-12-03 09:00:00,2024-12,9,607.4500122070312,209.41688537597656,398.03314208984375,158430.38220191374
4,2024-12-03,2024-12-03 10:00:00,2024-12,10,803.3666381835938,227.46974182128906,575.8969116210938,331657.25281471387
4,2024-12-03,2024-12-03 11:00:00,2024-12,11,840.2666625976562,248.58267211914062,591.6839599609375,350089.9084750563
4,2024-12-03,2024-12-03 12:00:00,2024-12,12,730.7333374023438,273.67364501953125,457.0596923828125,208903.5624010712
4,2024-12-03,2024-12-03 13:00:00,2024-12,13,841.8833618164062,289.6980895996094,552.185302734375,304908.60855585337
4,2024-12-03,2024-12-03 14:00:00,2024-12,14,621.9833374023438,297.802978515625,324.18035888671875,105092.90508792177
4,2024-12-03,2024-12-03 15:00:00,2024-12,15,488.26666259765625,303.51611328125,184.75054931640625,34132.76547271386
4,2024-12-03,2024-12-03 16:00:00,2024-12,16,247.86666870117188,308.25506591796875,60.388397216796875,3646.7585184136406
4,2024-12-04,2024-12-04 08:00:00,2024-12,8,132.96665954589844,230.90618896484375,97.93952941894531,9592.151422804454
4,2024-12-04,2024-12-04 09:00:00,2024-12,9,348.5333251953125,256.8765869140625,91.65673828125,8400.95767235756
4,2024-12-04,2024-12-04 10:00:00,2024-12,10,546.25,279.8324890136719,266.4175109863281,70978.29016015027
4,2024-12-04,2024-12-04 11:00:00,2024-12,11,622.7666625976562,307.4740295410156,315.2926330566406,99409.44445978943
4,2024-12-04,2024-12-04 12:00:00,2024-12,12,651.9166870117188,342.91485595703125,309.0018310546875,95482.13159514964
4,2024-12-04,2024-12-04 13:00:00,2024-12,13,702.4833374023438,374.85528564453125,327.6280517578125,107340.14029861987
4,2024-12-04,2024-12-04 14:00:00,2024-12,14,393.70001220703125,400.23895263671875,6.5389404296875,42.75774194300175
4,2024-12-04,2024-12-04 15:00:00,2024-12,15,464.3166809082031,412.0946044921875,52.222076416015625,2727.1452652001753
4,2024-12-04,2024-12-04 16:00:00,2024-12,16,256.8999938964844,417.65313720703125,160.75314331054688,25841.57308422122
4,2024-12-05,2024-12-05 08:00:00,2024-12,8,68.68333435058594,253.9727783203125,185.28944396972656,34332.17804661044
4,2024-12-05,2024-12-05 09:00:00,2024-12,9,209.5,261.2276611328125,51.7276611328125,2675.750926271081
4,2024-12-05,2024-12-05 10:00:00,2024-12,10,612.5999755859375,270.5130615234375,342.0869140625,117023.45677280426
4,2024-12-05,2024-12-05 11:00:00,2024-12,11,738.2000122070312,285.73065185546875,452.4693603515625,204728.52205695212
4,2024-12-05,2024-12-05 12:00:00,2024-12,12,603.933349609375,311.6073303222656,292.3260192871094,85454.50155224744
4,2024-12-05,2024-12-05 13:00:00,2024-12,13,739.566650390625,332.67657470703125,406.89007568359375,165559.53368980065
4,2024-12-05,2024-12-05 14:00:00,2024-12,14,687.5,348.7417907714844,338.7582092285156,114757.12431971077
4,2024-12-05,2024-12-05 15:00:00,2024-12,15,167.11666870117188,361.938232421875,194.82156372070312,37955.44169057999
4,2024-12-05,2024-12-05 16:00:00,2024-12,16,186.81666564941406,371.4682312011719,184.6515655517578,34096.20066071511
4,2024-12-06,2024-12-06 08:00:00,2024-12,8,427.1666564941406,237.12005615234375,190.04660034179688,36117.71030147467
4,2024-12-06,2024-12-06 09:00:00,2024-12,9,570.8333129882812,281.6322021484375,289.20111083984375,83637.28251099959
4,2024-12-06,2024-12-06 10:00:00,2024-12,10,760.8666381835938,313.69195556640625,447.1746826171875,199965.19677378237
4,2024-12-06,2024-12-06 11:00:00,2024-12,11,711.316650390625,349.0330810546875,362.2835693359375,131249.38461078703
4,2024-12-06,2024-12-06 12:00:00,2024-12,12,774.7000122070312,385.5411376953125,389.15887451171875,151444.62961122766
4,2024-12-06,2024-12-06 13:00:00,2024-12,13,839.316650390625,407.710205078125,431.6064453125,186284.12363529205
4,2024-12-06,2024-12-06 14:00:00,2024-12,14,574.1166381835938,419.75311279296875,154.363525390625,23828.09797102213
4,2024-12-06,2024-12-06 15:00:00,2024-12,15,487.4333190917969,429.2204895019531,58.21282958984375,3388.733528856188
4,2024-12-06,2024-12-06 16:00:00,2024-12,16,292.6833190917969,430.2169494628906,137.53363037109375,18915.49948305264
4,2024-12-07,2024-12-07 08:00:00,2024-12,8,425.1333312988281,292.1545715332031,132.978759765625,17683.350548803806
4,2024-12-07,2024-12-07 09:00:00,2024-12,9,660.1500244140625,328.96258544921875,331.18743896484375,109685.1197280921
4,2024-12-07,2024-12-07 10:00:00,2024-12,10,674.8333129882812,352.0458984375,322.78741455078125,104191.7149923779
4,2024-12-07,2024-12-07 11:00:00,2024-12,11,889.7000122070312,377.48876953125,512.2112426757812,262360.3571234681
4,2024-12-07,2024-12-07 12:00:00,2024-12,12,641.3499755859375,406.9056091308594,234.44436645507812,54964.16096252296
4,2024-12-07,2024-12-07 13:00:00,2024-12,13,538.5333251953125,429.96630859375,108.5670166015625,11786.797093763947
4,2024-12-07,2024-12-07 14:00:00,2024-12,14,681.4500122070312,441.915771484375,239.53424072265625,57376.65247857943
4,2024-12-07,2024-12-07 15:00:00,2024-12,15,440.79998779296875,443.42388916015625,2.6239013671875,6.884858384728432
4,2024-12-07,2024-12-07 16:00:00,2024-12,16,191.46665954589844,445.85809326171875,254.3914337158203,64715.0015479906
4,2024-12-08,2024-12-08 08:00:00,2024-12,8,432.20001220703125,201.039306640625,231.16070556640625,53435.27179795876
4,2024-12-08,2024-12-08 09:00:00,2024-12,9,554.6666870117188,263.07391357421875,291.5927734375,85026.3455209732
4,2024-12-08,2024-12-08 10:00:00,2024-12,10,545.6166381835938,306.08074951171875,239.535888671875,57377.441961824894
4,2024-12-08,2024-12-08 11:00:00,2024-12,11,633.4500122070312,346.18743896484375,287.2625732421875,82519.78598572314
4,2024-12-08,2024-12-08 12:00:00,2024-12,12,408.5333251953125,386.1302185058594,22.403106689453125,501.89918933901936
4,2024-12-08,2024-12-08 13:00:00,2024-12,13,825.8499755859375,419.2664489746094,406.5835266113281,165310.16411170457
4,2024-12-08,2024-12-08 14:00:00,2024-12,14,666.933349609375,440.1201171875,226.813232421875,51444.24240165949
4,2024-12-08,2024-12-08 15:00:00,2024-12,15,474.5833435058594,449.6632080078125,24.920135498046875,621.013153241016
4,2024-12-08,2024-12-08 16:00:00,2024-12,16,241.43333435058594,457.33740234375,215.90406799316406,46614.56657599681
4,2024-12-09,2024-12-09 08:00:00,2024-12,8,361.23333740234375,301.47467041015625,59.7586669921875,3571.09828068316
4,2024-12-09,2024-12-09 09:00:00,2024-12,9,550.4000244140625,356.48797607421875,193.91204833984375,37601.8824913539
4,2024-12-09,2024-12-09 10:00:00,2024-12,10,717.1500244140625,389.986328125,327.1636962890625,107036.08416952193
4,2024-12-09,2024-12-09 11:00:00,2024-12,11,745.0999755859375,420.1058349609375,324.994140625,105621.19144058228
4,2024-12-09,2024-12-09 12:00:00,2024-12,12,853.1333618164062,448.3953857421875,404.73797607421875,163812.82927665487
4,2024-12-09,2024-12-09 13:00:00,2024-12,13,679.5,471.0217590332031,208.47824096679688,43463.17695660982
4,2024-12-09,2024-12-09 14:00:00,2024-12,14,551.6181640625,486.7996826171875,64.8184814453125,4201.435536876321
4,2024-12-09,2024-12-09 15:00:00,2024-12,15,348.54998779296875,489.2215270996094,140.67153930664062,19788.48197089974
4,2024-12-09,2024-12-09 16:00:00,2024-12,16,220.1666717529297,492.5345458984375,272.36785888671875,74184.25055453554
4,2024-12-10,2024-12-10 08:00:00,2024-12,8,301.1499938964844,218.96136474609375,82.18862915039062,6754.97076162044
4,2024-12-10,2024-12-10 09:00:00,2024-12,9,399.5833435058594,255.91415405273438,143.669189453125,20640.835998117924
4,2024-12-10,2024-12-10 10:00:00,2024-12,10,669.4000244140625,284.00152587890625,385.39849853515625,148532.00267315283
4,2024-12-10,2024-12-10 11:00:00,2024-12,11,694.25,314.48651123046875,379.76348876953125,144220.3074024059
4,2024-12-10,2024-12-10 12:00:00,2024-12,12,733.5166625976562,345.9855651855469,387.5310974121094,150180.3514614338
4,2024-12-10,2024-12-10 13:00:00,2024-12,13,753.7000122070312,369.48486328125,384.21514892578125,147621.28066406026
4,2024-12-10,2024-12-10 14:00:00,2024-12,14,556.9666748046875,385.49359130859375,171.47308349609375,29403.01836365834
4,2024-12-10,2024-12-10 15:00:00,2024-12,15,426.5,395.53643798828125,30.96356201171875,958.7421724535525
4,2024-12-10,2024-12-10 16:00:00,2024-12,16,261.6499938964844,403.2196044921875,141.56961059570312,20041.95464421902
4,2024-12-11,2024-12-11 08:00:00,2024-12,8,154.13333129882812,249.11654663085938,94.98321533203125,9021.811194811016
4,2024-12-11,2024-12-11 09:00:00,2024-12,9,292.8333435058594,278.8172912597656,14.01605224609375,196.44972056522965
4,2024-12-11,2024-12-11 10:00:00,2024-12,10,458.0333251953125,307.2503662109375,150.782958984375,22735.500720083714
4,2024-12-11,2024-12-11 11:00:00,2024-12,11,482.5666809082031,340.89971923828125,141.66696166992188,20069.528028787114
4,2024-12-11,2024-12-11 12:00:00,2024-12,12,663.5,379.22210693359375,284.27789306640625,80813.9204862751
4,2024-12-11,2024-12-11 13:00:00,2024-12,13,478.26666259765625,408.3551940917969,69.91146850585938,4887.613428645767
4,2024-12-11,2024-12-11 14:00:00,2024-12,14,504.8166809082031,426.95281982421875,77.86386108398438,6062.780862906016
4,2024-12-11,2024-12-11 15:00:00,2024-12,15,284.1499938964844,435.8674621582031,151.71746826171875,23018.190175745636
4,2024-12-11,2024-12-11 16:00:00,2024-12,16,154.56666564941406,441.1253967285156,286.5587158203125,82115.89761258662
4,2024-12-17,2024-12-17 08:00:00,2024-12,8,213.06666564941406,160.31507873535156,52.7515869140625,2782.72992195189
4,2024-12-17,2024-12-17 09:00:00,2024-12,9,290.9333190917969,158.14065551757812,132.79266357421875,17633.891499135643
4,2024-12-17,2024-12-17 10:00:00,2024-12,10,469.1166687011719,155.01882934570312,314.09783935546875,98657.45268777385
4,2024-12-17,2024-12-17 11:00:00,2024-12,11,852.566650390625,153.8874969482422,698.6791381835938,488152.5381329693
4,2024-12-17,2024-12-17 12:00:00,2024-12,12,874.2166748046875,157.99771118164062,716.218994140625,512969.6475678086
4,2024-12-17,2024-12-17 13:00:00,2024-12,13,837.4666748046875,164.1655731201172,673.3010864257812,453334.35298213735
4,2024-12-17,2024-12-17 14:00:00,2024-12,14,518.0499877929688,172.56976318359375,345.480224609375,119356.5855961442
4,2024-12-17,2024-12-17 15:00:00,2024-12,15,258.5333251953125,184.3159942626953,74.21733093261719,5508.212210761616
4,2024-12-17,2024-12-17 16:00:00,2024-12,16,78.96666717529297,197.771484375,118.80481719970703,14114.584589855804
4,2024-12-18,2024-12-18 08:00:00,2024-12,8,345.1000061035156,55.372589111328125,289.7274169921875,83941.9761569649
4,2024-12-18,2024-12-18 09:00:00,2024-12,9,544.4074096679688,81.30374145507812,463.1036682128906,214465.00751223508
4,2024-12-18,2024-12-18 10:00:00,2024-12,10,653.5,110.884033203125,542.615966796875,294432.08742290735
4,2024-12-18,2024-12-18 11:00:00,2024-12,11,650.9666748046875,146.79934692382812,504.1673278808594,254184.69450252596
4,2024-12-18,2024-12-18 12:00:00,2024-12,12,633.3666381835938,197.971923828125,435.39471435546875,189568.55728868023
4,2024-12-18,2024-12-18 13:00:00,2024-12,13,715.2999877929688,232.20657348632812,483.0934143066406,233379.24694644753
4,2024-12-18,2024-12-18 14:00:00,2024-12,14,361.3500061035156,250.08189392089844,111.26811218261719,12380.592788683483
4,2024-12-18,2024-12-18 15:00:00,2024-12,15,325.54998779296875,255.26687622070312,70.28311157226562,4939.715772279538
4,2024-12-18,2024-12-18 16:00:00,2024-12,16,257.8666687011719,262.26080322265625,4.394134521484375,19.308418192900717
4,2024-12-19,2024-12-19 08:00:00,2024-12,8,150.0,256.5152587890625,106.5152587890625,11345.500354900956
4,2024-12-19,2024-12-19 09:00:00,2024-12,9,371.1666564941406,278.4163818359375,92.75027465820312,8602.613449172117
4,2024-12-19,2024-12-19 10:00:00,2024-12,10,624.6166381835938,286.9995422363281,337.6170959472656,113985.30347586516
4,2024-12-19,2024-12-19 11:00:00,2024-12,11,718.5999755859375,301.55718994140625,417.04278564453125,173924.68505815044
4,2024-12-19,2024-12-19 12:00:00,2024-12,12,598.5833129882812,319.414306640625,279.16900634765625,77935.33410513774
4,2024-12-19,2024-12-19 13:00:00,2024-12,13,562.2000122070312,329.3482971191406,232.85171508789062,54219.92121937219
4,2024-12-19,2024-12-19 14:00:00,2024-12,14,665.2666625976562,339.2812194824219,325.9854431152344,106266.5091230357
4,2024-12-19,2024-12-19 15:00:00,2024-12,15,318.23333740234375,349.7555847167969,31.522247314453125,993.6520757535473
4,2024-12-19,2024-12-19 16:00:00,2024-12,16,193.28334045410156,361.2412109375,167.95787048339844,28209.846257318044
4,2024-12-20,2024-12-20 08:00:00,2024-12,8,385.4745788574219,217.76458740234375,167.70999145507812,28126.641233862378
4,2024-12-20,2024-12-20 09:00:00,2024-12,9,596.183349609375,243.51844787597656,352.6649169921875,124372.5436771065
4,2024-12-20,2024-12-20 10:00:00,2024-12,10,714.0833129882812,258.94598388671875,455.1373291015625,207149.988341704
4,2024-12-20,2024-12-20 11:00:00,2024-12,11,719.8833618164062,282.1139221191406,437.7694396972656,191642.08233285788
4,2024-12-20,2024-12-20 12:00:00,2024-12,12,833.7000122070312,313.9205322265625,519.7794799804688,270170.7078087665
4,2024-12-20,2024-12-20 13:00:00,2024-12,13,751.433349609375,339.549560546875,411.8837890625,169648.255692482
4,2024-12-20,2024-12-20 14:00:00,2024-12,14,502.6333312988281,353.45220947265625,149.18112182617188,22255.007109315135
4,2024-12-20,2024-12-20 15:00:00,2024-12,15,455.51666259765625,362.9784240722656,92.53823852539062,8563.32558938209
4,2024-12-20,2024-12-20 16:00:00,2024-12,16,148.39999389648438,369.0817565917969,220.6817626953125,48700.44038631022
4,2024-12-21,2024-12-21 08:00:00,2024-12,8,358.6000061035156,108.38922119140625,250.21078491210938,62605.43688633386
4,2024-12-21,2024-12-21 09:00:00,2024-12,9,541.3833618164062,157.61752319335938,383.7658386230469,147276.21889405046
4,2024-12-21,2024-12-21 10:00:00,2024-12,10,693.4500122070312,194.89501953125,498.55499267578125,248557.0807219483
4,2024-12-21,2024-12-21 11:00:00,2024-12,11,642.7833251953125,234.98004150390625,407.80328369140625,166303.51818949357
4,2024-12-21,2024-12-21 12:00:00,2024-12,12,668.933349609375,278.7403564453125,390.1929931640625,152250.57191433012
4,2024-12-21,2024-12-21 13:00:00,2024-12,13,630.1666870117188,309.93426513671875,320.232421875,102548.80401992798
4,2024-12-21,2024-12-21 14:00:00,2024-12,14,582.7999877929688,323.9198913574219,258.8800964355469,67018.90433047805
4,2024-12-21,2024-12-21 15:00:00,2024-12,15,277.0833435058594,327.96697998046875,50.883636474609375,2589.1444608801976
4,2024-12-21,2024-12-21 16:00:00,2024-12,16,200.1666717529297,329.45428466796875,129.28761291503906,16715.286853268975
4,2024-12-22,2024-12-22 08:00:00,2024-12,8,292.6333312988281,232.78851318359375,59.844818115234375,3581.4022552454844
4,2024-12-22,2024-12-22 09:00:00,2024-12,9,606.0166625976562,292.3843078613281,313.6323547363281,98365.25393745396
4,2024-12-22,2024-12-22 10:00:00,2024-12,10,489.0833435058594,322.04498291015625,167.03836059570312,27901.813910500146
4,2024-12-22,2024-12-22 11:00:00,2024-12,11,427.3333435058594,355.8599853515625,71.47335815429688,5108.440925852396
4,2024-12-22,2024-12-22 12:00:00,2024-12,12,540.2333374023438,383.2474365234375,156.98590087890625,24644.573074761778
4,2024-12-22,2024-12-22 13:00:00,2024-12,13,492.04998779296875,400.9115295410156,91.13845825195312,8306.218572543003
4,2024-12-22,2024-12-22 14:00:00,2024-12,14,363.3166809082031,407.66650390625,44.349822998046875,1966.9067999580875
4,2024-12-22,2024-12-22 15:00:00,2024-12,15,404.6166687011719,413.17620849609375,8.559539794921875,73.26572150085121
4,2024-12-22,2024-12-22 16:00:00,2024-12,16,124.03333282470703,420.2929382324219,296.2596130371094,87769.75831689779
4,2024-12-23,2024-12-23 08:00:00,2024-12,8,74.4000015258789,113.0394287109375,38.639427185058594,1493.005333189445
4,2024-12-23,2024-12-23 09:00:00,2024-12,9,202.1666717529297,163.66232299804688,38.50434875488281,1482.5848730376456
4,2024-12-23,2024-12-23 10:00:00,2024-12,10,293.98333740234375,199.1263427734375,94.85699462890625,8997.84943002835
4,2024-12-23,2024-12-23 11:00:00,2024-12,11,751.1500244140625,232.60223388671875,518.5477905273438,268891.81106079
4,2024-12-23,2024-12-23 12:00:00,2024-12,12,741.1166381835938,270.119140625,470.99749755859375,221838.64270645753
4,2024-12-23,2024-12-23 13:00:00,2024-12,13,756.566650390625,300.64263916015625,455.92401123046875,207866.7040164806
4,2024-12-23,2024-12-23 14:00:00,2024-12,14,727.3499755859375,321.05426025390625,406.29571533203125,165076.20829716697
4,2024-12-23,2024-12-23 15:00:00,2024-12,15,463.6666564941406,334.29931640625,129.36734008789062,16735.908681415953
4,2024-12-23,2024-12-23 16:00:00,2024-12,16,237.78334045410156,342.4715576171875,104.68821716308594,10959.622812785441
4,2024-12-24,2024-12-24 08:00:00,2024-12,8,316.20001220703125,223.07022094726562,93.12979125976562,8673.158020087518
4,2024-12-24,2024-12-24 09:00:00,2024-12,9,538.0999755859375,241.43453979492188,296.6654357910156,88010.38079307321
4,2024-12-24,2024-12-24 10:00:00,2024-12,10,704.7666625976562,255.55409240722656,449.21258544921875,201791.94692597166
4,2024-12-24,2024-12-24 11:00:00,2024-12,11,711.183349609375,273.3017272949219,437.8816223144531,191740.31516073737
4,2024-12-24,2024-12-24 12:00:00,2024-12,12,894.0333251953125,304.79913330078125,589.2341918945312,347196.9328976013
4,2024-12-24,2024-12-24 13:00:00,2024-12,13,653.316650390625,330.6490478515625,322.6676025390625,104114.38172830641
4,2024-12-24,2024-12-24 14:00:00,2024-12,14,718.8666381835938,343.9991455078125,374.86749267578125,140525.6370650269
4,2024-12-24,2024-12-24 15:00:00,2024-12,15,495.5833435058594,351.2548828125,144.32846069335938,20830.704566114582
4,2024-12-24,2024-12-24 16:00:00,2024-12,16,290.9166564941406,351.4747009277344,60.55804443359375,3667.276745621115
4,2024-12-25,2024-12-25 08:00:00,2024-12,8,362.2833251953125,317.2828674316406,45.000457763671875,2025.0411989400163
4,2024-12-25,2024-12-25 09:00:00,2024-12,9,585.5,357.621337890625,227.878662109375,51928.6846447587
4,2024-12-25,2024-12-25 10:00:00,2024-12,10,756.2999877929688,375.08404541015625,381.2159423828125,145325.59472681582
4,2024-12-25,2024-12-25 11:00:00,2024-12,11,850.7833251953125,396.8382568359375,453.945068359375,206066.12508779764
4,2024-12-25,2024-12-25 12:00:00,2024-12,12,813.5999755859375,422.70843505859375,390.89154052734375,152796.19645584002
4,2024-12-25,2024-12-25 13:00:00,2024-12,13,718.3333129882812,440.6004943847656,277.7328186035156,77135.51852945331
4,2024-12-25,2024-12-25 14:00:00,2024-12,14,734.4166870117188,446.17169189453125,288.2449951171875,83085.17721010745
4,2024-12-25,2024-12-25 15:00:00,2024-12,15,449.7833251953125,448.3552551269531,1.428070068359375,2.03938412014395
4,2024-12-25,2024-12-25 16:00:00,2024-12,16,190.10000610351562,451.2473449707031,261.1473388671875,68197.93259741366
4,2024-12-26,2024-12-26 08:00:00,2024-12,8,348.3333435058594,183.55087280273438,164.782470703125,27153.26265102625
4,2024-12-26,2024-12-26 09:00:00,2024-12,9,563.8666381835938,238.13742065429688,325.7292175292969,106099.523152248
4,2024-12-26,2024-12-26 10:00:00,2024-12,10,704.683349609375,277.69891357421875,426.98443603515625,182315.70861626044
4,2024-12-26,2024-12-26 11:00:00,2024-12,11,772.6333618164062,318.81121826171875,453.8221435546875,205954.5379805714
4,2024-12-26,2024-12-26 12:00:00,2024-12,12,618.5499877929688,359.7535400390625,258.79644775390625,66975.60137004033
4,2024-12-26,2024-12-26 13:00:00,2024-12,13,676.9833374023438,389.88232421875,287.10101318359375,82426.99177104607
4,2024-12-26,2024-12-26 14:00:00,2024-12,14,556.433349609375,406.37396240234375,150.05938720703125,22517.819688949734
4,2024-12-26,2024-12-26 15:00:00,2024-12,15,381.1833190917969,413.5569763183594,32.3736572265625,1048.0536822229624
4,2024-12-26,2024-12-26 16:00:00,2024-12,16,250.26666259765625,418.1014709472656,167.83480834960938,28168.52289375011
4,2024-12-27,2024-12-27 08:00:00,2024-12,8,280.1000061035156,247.404541015625,32.695465087890625,1068.9934373134747
4,2024-12-27,2024-12-27 09:00:00,2024-12,9,394.7166748046875,287.64715576171875,107.06951904296875,11463.881908092648
4,2024-12-27,2024-12-27 10:00:00,2024-12,10,565.6666870117188,311.70294189453125,253.9637451171875,64497.58383394778
4,2024-12-27,2024-12-27 11:00:00,2024-12,11,650.933349609375,341.4620666503906,309.4712829589844,95772.47497627977
4,2024-12-27,2024-12-27 12:00:00,2024-12,12,616.1166381835938,373.71221923828125,242.4044189453125,58759.90232421458
4,2024-12-27,2024-12-27 13:00:00,2024-12,13,512.7166748046875,396.52264404296875,116.19403076171875,13501.052784655243
4,2024-12-27,2024-12-27 14:00:00,2024-12,14,659.0,411.84539794921875,247.15460205078125,61085.39731488004
4,2024-12-27,2024-12-27 15:00:00,2024-12,15,339.23333740234375,421.46734619140625,82.2340087890625,6762.4322015196085
4,2024-12-27,2024-12-27 16:00:00,2024-12,16,223.0,429.6328430175781,206.63284301757812,42697.131813527085
4,2024-12-28,2024-12-28 08:00:00,2024-12,8,214.35000610351562,250.9080810546875,36.558074951171875,1336.4928441355005
4,2024-12-28,2024-12-28 09:00:00,2024-12,9,364.75,294.1705627441406,70.57943725585938,4981.45696335379
4,2024-12-28,2024-12-28 10:00:00,2024-12,10,565.8666381835938,321.2435302734375,244.62310791015625,59840.46492362395
4,2024-12-28,2024-12-28 11:00:00,2024-12,11,656.066650390625,350.25421142578125,305.81243896484375,93521.24782562628
4,2024-12-28,2024-12-28 12:00:00,2024-12,12,859.6333618164062,385.70001220703125,473.933349609375,224612.81987196207
4,2024-12-28,2024-12-28 13:00:00,2024-12,13,756.6166381835938,414.9462890625,341.67034912109375,116738.62746853009
4,2024-12-28,2024-12-28 14:00:00,2024-12,14,473.6499938964844,430.04058837890625,43.609405517578125,1901.7802495965734
4,2024-12-28,2024-12-28 15:00:00,2024-12,15,335.48333740234375,439.23004150390625,103.7467041015625,10763.378611937165
4,2024-12-28,2024-12-28 16:00:00,2024-12,16,259.25,445.11529541015625,185.86529541015625,34545.90803790465
4,2024-12-29,2024-12-29 08:00:00,2024-12,8,366.7166748046875,265.5579528808594,101.15872192382812,10233.087021262385
4,2024-12-29,2024-12-29 09:00:00,2024-12,9,541.25,319.82989501953125,221.42010498046875,49026.8628895618
4,2024-12-29,2024-12-29 10:00:00,2024-12,10,570.8305053710938,354.453125,216.37738037109375,46819.17073625699
4,2024-12-29,2024-12-29 11:00:00,2024-12,11,741.316650390625,387.26641845703125,354.05023193359375,125351.56673223153
4,2024-12-29,2024-12-29 12:00:00,2024-12,12,772.0,423.00726318359375,348.99273681640625,121795.9303506054
4,2024-12-29,2024-12-29 13:00:00,2024-12,13,698.0333251953125,446.79913330078125,251.23419189453125,63118.61917689815
4,2024-12-29,2024-12-29 14:00:00,2024-12,14,570.3333129882812,457.5102844238281,112.82302856445312,12729.035774455406
4,2024-12-29,2024-12-29 15:00:00,2024-12,15,495.5666809082031,460.2508544921875,35.315826416015625,1247.207595446147
4,2024-12-29,2024-12-29 16:00:00,2024-12,16,295.8999938964844,460.09136962890625,164.19137573242188,26958.807864905335
4,2024-12-30,2024-12-30 08:00:00,2024-12,8,256.95001220703125,263.47735595703125,6.52734375,42.60621643066406
4,2024-12-30,2024-12-30 09:00:00,2024-12,9,569.9833374023438,311.21307373046875,258.770263671875,66962.04936081171
4,2024-12-30,2024-12-30 10:00:00,2024-12,10,475.8500061035156,343.916259765625,131.93374633789062,17406.513422750868
4,2024-12-30,2024-12-30 11:00:00,2024-12,11,600.8333129882812,372.5635986328125,228.26971435546875,52107.062491927296
4,2024-12-30,2024-12-30 12:00:00,2024-12,12,452.20001220703125,410.294677734375,41.90533447265625,1756.0570572651923
4,2024-12-30,2024-12-30 13:00:00,2024-12,13,288.01666259765625,437.9657897949219,149.94912719726562,22484.740747221746
4,2024-12-30,2024-12-30 14:00:00,2024-12,14,503.7166748046875,454.3460388183594,49.370635986328125,2437.4596976945177
4,2024-12-30,2024-12-30 15:00:00,2024-12,15,114.68333435058594,457.8028869628906,343.11956787109375,117731.03785604611
4,2024-12-30,2024-12-30 16:00:00,2024-12,16,67.03333282470703,460.656005859375,393.6226806640625,154938.81473316252
4,2024-12-31,2024-12-31 08:00:00,2024-12,8,163.93333435058594,76.57455444335938,87.35877990722656,7631.556426879251
4,2024-12-31,2024-12-31 09:00:00,2024-12,9,229.88333129882812,127.82211303710938,102.06121826171875,10416.492273066193
4,2024-12-31,2024-12-31 10:00:00,2024-12,10,313.2833251953125,162.9903564453125,150.29296875,22587.976455688477
4,2024-12-31,2024-12-31 11:00:00,2024-12,11,492.1666564941406,196.93960571289062,295.22705078125,87159.01151299477
4,2024-12-31,2024-12-31 12:00:00,2024-12,12,579.5333251953125,232.7342071533203,346.79913330078125,120269.63885817304
4,2024-12-31,2024-12-31 13:00:00,2024-12,13,290.5,260.458984375,30.041015625,902.4626197814941
4,2024-12-31,2024-12-31 14:00:00,2024-12,14,512.6500244140625,284.53839111328125,228.11163330078125,52034.91724715009
4,2024-12-31,2024-12-31 15:00:00,2024-12,15,271.1833190917969,307.2306823730469,36.04736328125,1299.4123995304108
4,2024-12-31,2024-12-31 16:00:00,2024-12,16,61.31666564941406,326.28436279296875,264.96771240234375,70207.88861573115
