source_file,source_day_folder,time_utc,time_ist,target_lat,target_lon,grid_lat,grid_lon,row_index,col_index,ins,time,projection_information,proj_dim
3RIMG_01JAN2017_0015_L2C_INS_V01R00.h5,01JAN,2017-01-01 00:15:00,2017-01-01 05:45:00,9.14,77.92,1229.0670156003907,0.0,1350,868,0.0,8942415.0,1472309176,0
3RIMG_01JAN2017_0045_L2C_INS_V01R00.h5,01JAN,2017-01-01 00:45:00,2017-01-01 06:15:00,9.14,77.92,1229.0670156003907,0.0,1350,868,0.0,8942445.0,1262507960,0
3RIMG_01JAN2017_0115_L2C_INS_V01R00.h5,01JAN,2017-01-01 01:15:00,2017-01-01 06:45:00,9.14,77.92,1229.0670156003907,0.0,1350,868,0.0,8942475.0,1916323768,0
3RIMG_01JAN2017_0145_L2C_INS_V01R00.h5,01JAN,2017-01-01 01:45:00,2017-01-01 07:15:00,9.14,77.92,1229.0670156003907,0.0,1350,868,0.0,8942505.0,911251384,0
3RIMG_01JAN2017_0215_L2C_INS_V01R00.h5,01JAN,2017-01-01 02:15:00,2017-01-01 07:45:00,9.14,77.92,1229.0670156003907,0.0,1350,868,101.17166900634766,8942535.0,339130296,0
3RIMG_01JAN2017_0245_L2C_INS_V01R00.h5,01JAN,2017-01-01 02:45:00,2017-01-01 08:15:00,9.14,77.92,1229.0670156003907,0.0,1350,868,106.32969665527344,8942565.0,-605046856,0
3RIMG_01JAN2017_0315_L2C_INS_V01R00.h5,01JAN,2017-01-01 03:15:00,2017-01-01 08:45:00,9.14,77.92,1229.0670156003907,0.0,1350,868,218.4134521484375,8942595.0,624322488,0
3RIMG_01JAN2017_0345_L2C_INS_V01R00.h5,01JAN,2017-01-01 03:45:00,2017-01-01 09:15:00,9.14,77.92,1229.0670156003907,0.0,1350,868,232.27474975585938,8942625.0,-659044424,0
3RIMG_01JAN2017_0415_L2C_INS_V01R00.h5,01JAN,2017-01-01 04:15:00,2017-01-01 09:45:00,9.14,77.92,1229.0670156003907,0.0,1350,868,339.9844055175781,8942655.0,1554790328,0
3RIMG_01JAN2017_0445_L2C_INS_V01R00.h5,01JAN,2017-01-01 04:45:00,2017-01-01 10:15:00,9.14,77.92,1229.0670156003907,0.0,1350,868,416.07928466796875,8942685.0,1394177976,0
3RIMG_01JAN2017_0515_L2C_INS_V01R00.h5,01JAN,2017-01-01 05:15:00,2017-01-01 10:45:00,9.14,77.92,1229.0670156003907,0.0,1350,868,490.067138671875,8942715.0,1081616312,0
3RIMG_01JAN2017_0545_L2C_INS_V01R00.h5,01JAN,2017-01-01 05:45:00,2017-01-01 11:15:00,9.14,77.92,1229.0670156003907,0.0,1350,868,515.146728515625,8942745.0,-1611257928,0
3RIMG_01JAN2017_0615_L2C_INS_V01R00.h5,01JAN,2017-01-01 06:15:00,2017-01-01 11:45:00,9.14,77.92,1229.0670156003907,0.0,1350,868,612.1719970703125,8942775.0,1870264248,0
3RIMG_01JAN2017_0645_L2C_INS_V01R00.h5,01JAN,2017-01-01 06:45:00,2017-01-01 12:15:00,9.14,77.92,1229.0670156003907,0.0,1350,868,963.4415283203125,8942805.0,318932920,0
3RIMG_01JAN2017_0715_L2C_INS_V01R00.h5,01JAN,2017-01-01 07:15:00,2017-01-01 12:45:00,9.14,77.92,1229.0670156003907,0.0,1350,868,639.6402587890625,8942835.0,-1425188936,0
3RIMG_01JAN2017_0745_L2C_INS_V01R00.h5,01JAN,2017-01-01 07:45:00,2017-01-01 13:15:00,9.14,77.92,1229.0670156003907,0.0,1350,868,987.7615356445312,8942865.0,-2088159304,0
3RIMG_01JAN2017_0815_L2C_INS_V01R00.h5,01JAN,2017-01-01 08:15:00,2017-01-01 13:45:00,9.14,77.92,1229.0670156003907,0.0,1350,868,560.2262573242188,8942895.0,551995320,0
3RIMG_01JAN2017_0845_L2C_INS_V01R00.h5,01JAN,2017-01-01 08:45:00,2017-01-01 14:15:00,9.14,77.92,1229.0670156003907,0.0,1350,868,469.1663513183594,8942925.0,1766406072,0
3RIMG_01JAN2017_0915_L2C_INS_V01R00.h5,01JAN,2017-01-01 09:15:00,2017-01-01 14:45:00,9.14,77.92,1229.0670156003907,0.0,1350,868,308.35845947265625,8942955.0,-1866102856,0
3RIMG_01JAN2017_0945_L2C_INS_V01R00.h5,01JAN,2017-01-01 09:45:00,2017-01-01 15:15:00,9.14,77.92,1229.0670156003907,0.0,1350,868,379.2206726074219,8942985.0,1047508920,0
3RIMG_01JAN2017_1015_L2C_INS_V01R00.h5,01JAN,2017-01-01 10:15:00,2017-01-01 15:45:00,9.14,77.92,1229.0670156003907,0.0,1350,868,290.0986328125,8943015.0,441419704,0
3RIMG_01JAN2017_1045_L2C_INS_V01R00.h5,01JAN,2017-01-01 10:45:00,2017-01-01 16:15:00,9.14,77.92,1229.0670156003907,0.0,1350,868,298.0036315917969,8943045.0,-269535304,0
3RIMG_01JAN2017_1115_L2C_INS_V01R00.h5,01JAN,2017-01-01 11:15:00,2017-01-01 16:45:00,9.14,77.92,1229.0670156003907,0.0,1350,868,229.9304962158203,8943075.0,-1631520840,0
3RIMG_01JAN2017_1145_L2C_INS_V01R00.h5,01JAN,2017-01-01 11:45:00,2017-01-01 17:15:00,9.14,77.92,1229.0670156003907,0.0,1350,868,204.65516662597656,8943105.0,1352906680,0
3RIMG_01JAN2017_1215_L2C_INS_V01R00.h5,01JAN,2017-01-01 12:15:00,2017-01-01 17:45:00,9.14,77.92,1229.0670156003907,0.0,1350,868,86.13277435302734,8943135.0,-69974088,0
3RIMG_01JAN2017_1245_L2C_INS_V01R00.h5,01JAN,2017-01-01 12:45:00,2017-01-01 18:15:00,9.14,77.92,1229.0670156003907,0.0,1350,868,0.0,8943165.0,169183160,0
3RIMG_01JAN2017_1315_L2C_INS_V01R00.h5,01JAN,2017-01-01 13:15:00,2017-01-01 18:45:00,9.14,77.92,1229.0670156003907,0.0,1350,868,0.0,8943195.0,1862260664,0
3RIMG_01JAN2017_1345_L2C_INS_V01R00.h5,01JAN,2017-01-01 13:45:00,2017-01-01 19:15:00,9.14,77.92,1229.0670156003907,0.0,1350,868,0.0,8943225.0,-984156232,0
3RIMG_01JAN2017_1415_L2C_INS_V01R00.h5,01JAN,2017-01-01 14:15:00,2017-01-01 19:45:00,9.14,77.92,1229.0670156003907,0.0,1350,868,0.0,8943255.0,1392322488,0
3RIMG_01JAN2017_1445_L2C_INS_V01R00.h5,01JAN,2017-01-01 14:45:00,2017-01-01 20:15:00,9.14,77.92,1229.0670156003907,0.0,1350,868,0.0,8943285.0,-1280968776,0
3RIMG_01JAN2017_1515_L2C_INS_V01R00.h5,01JAN,2017-01-01 15:15:00,2017-01-01 20:45:00,9.14,77.92,1229.0670156003907,0.0,1350,868,0.0,8943315.0,-1219622984,0
3RIMG_01JAN2017_1545_L2C_INS_V01R00.h5,01JAN,2017-01-01 15:45:00,2017-01-01 21:15:00,9.14,77.92,1229.0670156003907,0.0,1350,868,0.0,8943345.0,-454166600,0
3RIMG_01JAN2017_1615_L2C_INS_V01R00.h5,01JAN,2017-01-01 16:15:00,2017-01-01 21:45:00,9.14,77.92,1229.0670156003907,0.0,1350,868,0.0,8943375.0,-841422920,0
3RIMG_01JAN2017_1645_L2C_INS_V01R00.h5,01JAN,2017-01-01 16:45:00,2017-01-01 22:15:00,9.14,77.92,1229.0670156003907,0.0,1350,868,0.0,8943405.0,-907208776,0
3RIMG_01JAN2017_1715_L2C_INS_V01R00.h5,01JAN,2017-01-01 17:15:00,2017-01-01 22:45:00,9.14,77.92,1229.0670156003907,0.0,1350,868,0.0,8943435.0,-1303418952,0
3RIMG_01JAN2017_1745_L2C_INS_V01R00.h5,01JAN,2017-01-01 17:45:00,2017-01-01 23:15:00,9.14,77.92,1229.0670156003907,0.0,1350,868,0.0,8943465.0,429111224,0
3RIMG_01JAN2017_1815_L2C_INS_V01R00.h5,01JAN,2017-01-01 18:15:00,2017-01-01 23:45:00,9.14,77.92,1229.0670156003907,0.0,1350,868,0.0,8943495.0,1629738936,0
3RIMG_01JAN2017_1845_L2C_INS_V01R00.h5,01JAN,2017-01-01 18:45:00,2017-01-02 00:15:00,9.14,77.92,1229.0670156003907,0.0,1350,868,0.0,8943525.0,1985636280,0
3RIMG_01JAN2017_1915_L2C_INS_V01R00.h5,01JAN,2017-01-01 19:15:00,2017-01-02 00:45:00,9.14,77.92,1229.0670156003907,0.0,1350,868,0.0,8943555.0,-1562675272,0
3RIMG_01JAN2017_1945_L2C_INS_V01R00.h5,01JAN,2017-01-01 19:45:00,2017-01-02 01:15:00,9.14,77.92,1229.0670156003907,0.0,1350,868,0.0,8943585.0,-1479170120,0
3RIMG_01JAN2017_2015_L2C_INS_V01R00.h5,01JAN,2017-01-01 20:15:00,2017-01-02 01:45:00,9.14,77.92,1229.0670156003907,0.0,1350,868,0.0,8943615.0,1373169592,0
3RIMG_01JAN2017_2045_L2C_INS_V01R00.h5,01JAN,2017-01-01 20:45:00,2017-01-02 02:15:00,9.14,77.92,1229.0670156003907,0.0,1350,868,0.0,8943645.0,-300058696,0
3RIMG_01JAN2017_2115_L2C_INS_V01R00.h5,01JAN,2017-01-01 21:15:00,2017-01-02 02:45:00,9.14,77.92,1229.0670156003907,0.0,1350,868,0.0,8943675.0,-2147190856,0
3RIMG_01JAN2017_2145_L2C_INS_V01R00.h5,01JAN,2017-01-01 21:45:00,2017-01-02 03:15:00,9.14,77.92,1229.0670156003907,0.0,1350,868,0.0,8943705.0,-79661128,0
3RIMG_01JAN2017_2215_L2C_INS_V01R00.h5,01JAN,2017-01-01 22:15:00,2017-01-02 03:45:00,9.14,77.92,1229.0670156003907,0.0,1350,868,0.0,8943735.0,1348089784,0
3RIMG_01JAN2017_2245_L2C_INS_V01R00.h5,01JAN,2017-01-01 22:45:00,2017-01-02 04:15:00,9.14,77.92,1229.0670156003907,0.0,1350,868,0.0,8943765.0,-864139336,0
3RIMG_01JAN2017_2315_L2C_INS_V01R00.h5,01JAN,2017-01-01 23:15:00,2017-01-02 04:45:00,9.14,77.92,1229.0670156003907,0.0,1350,868,0.0,8943795.0,-1115404360,0
3RIMG_01JAN2017_2345_L2C_INS_V01R00.h5,01JAN,2017-01-01 23:45:00,2017-01-02 05:15:00,9.14,77.92,1229.0670156003907,0.0,1350,868,0.0,8943825.0,1363126200,0
3RIMG_02JAN2017_0015_L2C_INS_V01R00.h5,02JAN,2017-01-02 00:15:00,2017-01-02 05:45:00,9.14,77.92,1229.0670156003907,0.0,1350,868,0.0,8943855.0,-1988450376,0
3RIMG_02JAN2017_0045_L2C_INS_V01R00.h5,02JAN,2017-01-02 00:45:00,2017-01-02 06:15:00,9.14,77.92,1229.0670156003907,0.0,1350,868,0.0,8943885.0,1061386168,0
3RIMG_02JAN2017_0115_L2C_INS_V01R00.h5,02JAN,2017-01-02 01:15:00,2017-01-02 06:45:00,9.14,77.92,1229.0670156003907,0.0,1350,868,0.0,8943915.0,-1654392904,0
3RIMG_02JAN2017_0145_L2C_INS_V01R00.h5,02JAN,2017-01-02 01:45:00,2017-01-02 07:15:00,9.14,77.92,1229.0670156003907,0.0,1350,868,0.0,8943945.0,-404256840,0
3RIMG_02JAN2017_0245_L2C_INS_V01R00.h5,02JAN,2017-01-02 02:45:00,2017-01-02 08:15:00,9.14,77.92,1229.0670156003907,0.0,1350,868,179.42391967773438,8944005.0,1475602360,0
3RIMG_02JAN2017_0315_L2C_INS_V01R00.h5,02JAN,2017-01-02 03:15:00,2017-01-02 08:45:00,9.14,77.92,1229.0670156003907,0.0,1350,868,398.35992431640625,8944035.0,-145848392,0
3RIMG_02JAN2017_0345_L2C_INS_V01R00.h5,02JAN,2017-01-02 03:45:00,2017-01-02 09:15:00,9.14,77.92,1229.0670156003907,0.0,1350,868,433.7589111328125,8944065.0,503400376,0
3RIMG_02JAN2017_0415_L2C_INS_V01R00.h5,02JAN,2017-01-02 04:15:00,2017-01-02 09:45:00,9.14,77.92,1229.0670156003907,0.0,1350,868,643.217529296875,8944095.0,-2078599240,0
3RIMG_02JAN2017_0445_L2C_INS_V01R00.h5,02JAN,2017-01-02 04:45:00,2017-01-02 10:15:00,9.14,77.92,1229.0670156003907,0.0,1350,868,671.1796875,8944125.0,-1671100488,0
3RIMG_02JAN2017_0515_L2C_INS_V01R00.h5,02JAN,2017-01-02 05:15:00,2017-01-02 10:45:00,9.14,77.92,1229.0670156003907,0.0,1350,868,840.4066772460938,8944155.0,-360491080,0
3RIMG_02JAN2017_0545_L2C_INS_V01R00.h5,02JAN,2017-01-02 05:45:00,2017-01-02 11:15:00,9.14,77.92,1229.0670156003907,0.0,1350,868,856.1624755859375,8944185.0,1505826744,0
3RIMG_02JAN2017_0645_L2C_INS_V01R00.h5,02JAN,2017-01-02 06:45:00,2017-01-02 12:15:00,9.14,77.92,1229.0670156003907,0.0,1350,868,968.3495483398438,8944245.0,351614904,0
3RIMG_02JAN2017_0715_L2C_INS_V01R00.h5,02JAN,2017-01-02 07:15:00,2017-01-02 12:45:00,9.14,77.92,1229.0670156003907,0.0,1350,868,1007.5302734375,8944275.0,-1348851784,0
3RIMG_02JAN2017_0745_L2C_INS_V01R00.h5,02JAN,2017-01-02 07:45:00,2017-01-02 13:15:00,9.14,77.92,1229.0670156003907,0.0,1350,868,988.488037109375,8944305.0,-1876076616,0
3RIMG_02JAN2017_0815_L2C_INS_V01R00.h5,02JAN,2017-01-02 08:15:00,2017-01-02 13:45:00,9.14,77.92,1229.0670156003907,0.0,1350,868,951.2412109375,8944335.0,2042034104,0
3RIMG_02JAN2017_0845_L2C_INS_V01R00.h5,02JAN,2017-01-02 08:45:00,2017-01-02 14:15:00,9.14,77.92,1229.0670156003907,0.0,1350,868,566.15185546875,8944365.0,991324088,0
3RIMG_02JAN2017_0915_L2C_INS_V01R00.h5,02JAN,2017-01-02 09:15:00,2017-01-02 14:45:00,9.14,77.92,1229.0670156003907,0.0,1350,868,478.1322326660156,8944395.0,-737486920,0
3RIMG_02JAN2017_0945_L2C_INS_V01R00.h5,02JAN,2017-01-02 09:45:00,2017-01-02 15:15:00,9.14,77.92,1229.0670156003907,0.0,1350,868,418.94091796875,8944425.0,1694025656,0
3RIMG_02JAN2017_1015_L2C_INS_V01R00.h5,02JAN,2017-01-02 10:15:00,2017-01-02 15:45:00,9.14,77.92,1229.0670156003907,0.0,1350,868,343.02056884765625,8944455.0,-1431115848,0
3RIMG_02JAN2017_1045_L2C_INS_V01R00.h5,02JAN,2017-01-02 10:45:00,2017-01-02 16:15:00,9.14,77.92,1229.0670156003907,0.0,1350,868,387.3078308105469,8944485.0,1909364664,0
3RIMG_02JAN2017_1115_L2C_INS_V01R00.h5,02JAN,2017-01-02 11:15:00,2017-01-02 16:45:00,9.14,77.92,1229.0670156003907,0.0,1350,868,258.4744567871094,8944515.0,492263352,0
3RIMG_02JAN2017_1145_L2C_INS_V01R00.h5,02JAN,2017-01-02 11:45:00,2017-01-02 17:15:00,9.14,77.92,1229.0670156003907,0.0,1350,868,191.49203491210938,8944545.0,1609844664,0
3RIMG_02JAN2017_1215_L2C_INS_V01R00.h5,02JAN,2017-01-02 12:15:00,2017-01-02 17:45:00,9.14,77.92,1229.0670156003907,0.0,1350,868,69.29996490478516,8944575.0,-1407014984,0
3RIMG_02JAN2017_1245_L2C_INS_V01R00.h5,02JAN,2017-01-02 12:45:00,2017-01-02 18:15:00,9.14,77.92,1229.0670156003907,0.0,1350,868,0.0,8944605.0,-474130504,0
3RIMG_02JAN2017_1315_L2C_INS_V01R00.h5,02JAN,2017-01-02 13:15:00,2017-01-02 18:45:00,9.14,77.92,1229.0670156003907,0.0,1350,868,0.0,8944635.0,1869948856,0
3RIMG_02JAN2017_1345_L2C_INS_V01R00.h5,02JAN,2017-01-02 13:45:00,2017-01-02 19:15:00,9.14,77.92,1229.0670156003907,0.0,1350,868,0.0,8944665.0,716347320,0
3RIMG_02JAN2017_1415_L2C_INS_V01R00.h5,02JAN,2017-01-02 14:15:00,2017-01-02 19:45:00,9.14,77.92,1229.0670156003907,0.0,1350,868,0.0,8944695.0,2040637368,0
3RIMG_02JAN2017_1445_L2C_INS_V01R00.h5,02JAN,2017-01-02 14:45:00,2017-01-02 20:15:00,9.14,77.92,1229.0670156003907,0.0,1350,868,0.0,8944725.0,-32270408,0
3RIMG_02JAN2017_1515_L2C_INS_V01R00.h5,02JAN,2017-01-02 15:15:00,2017-01-02 20:45:00,9.14,77.92,1229.0670156003907,0.0,1350,868,0.0,8944755.0,399759288,0
3RIMG_02JAN2017_1545_L2C_INS_V01R00.h5,02JAN,2017-01-02 15:45:00,2017-01-02 21:15:00,9.14,77.92,1229.0670156003907,0.0,1350,868,0.0,8944785.0,-1376053320,0
3RIMG_02JAN2017_1645_L2C_INS_V01R00.h5,02JAN,2017-01-02 16:45:00,2017-01-02 22:15:00,9.14,77.92,1229.0670156003907,0.0,1350,868,0.0,8944845.0,-1202722888,0
3RIMG_02JAN2017_1715_L2C_INS_V01R00.h5,02JAN,2017-01-02 17:15:00,2017-01-02 22:45:00,9.14,77.92,1229.0670156003907,0.0,1350,868,0.0,8944875.0,1241049016,0
3RIMG_02JAN2017_1745_L2C_INS_V01R00.h5,02JAN,2017-01-02 17:45:00,2017-01-02 23:15:00,9.14,77.92,1229.0670156003907,0.0,1350,868,0.0,8944905.0,730335160,0
3RIMG_02JAN2017_1815_L2C_INS_V01R00.h5,02JAN,2017-01-02 18:15:00,2017-01-02 23:45:00,9.14,77.92,1229.0670156003907,0.0,1350,868,0.0,8944935.0,1577723832,0
3RIMG_02JAN2017_1845_L2C_INS_V01R00.h5,02JAN,2017-01-02 18:45:00,2017-01-03 00:15:00,9.14,77.92,1229.0670156003907,0.0,1350,868,0.0,8944965.0,735369144,0
3RIMG_02JAN2017_1915_L2C_INS_V01R00.h5,02JAN,2017-01-02 19:15:00,2017-01-03 00:45:00,9.14,77.92,1229.0670156003907,0.0,1350,868,0.0,8944995.0,11474872,0
3RIMG_02JAN2017_1945_L2C_INS_V01R00.h5,02JAN,2017-01-02 19:45:00,2017-01-03 01:15:00,9.14,77.92,1229.0670156003907,0.0,1350,868,0.0,8945025.0,-1244809288,0
3RIMG_02JAN2017_2015_L2C_INS_V01R00.h5,02JAN,2017-01-02 20:15:00,2017-01-03 01:45:00,9.14,77.92,1229.0670156003907,0.0,1350,868,0.0,8945055.0,-1657301064,0
3RIMG_02JAN2017_2045_L2C_INS_V01R00.h5,02JAN,2017-01-02 20:45:00,2017-01-03 02:15:00,9.14,77.92,1229.0670156003907,0.0,1350,868,0.0,8945085.0,1015465912,0
3RIMG_02JAN2017_2115_L2C_INS_V01R00.h5,02JAN,2017-01-02 21:15:00,2017-01-03 02:45:00,9.14,77.92,1229.0670156003907,0.0,1350,868,0.0,8945115.0,-900184136,0
3RIMG_02JAN2017_2145_L2C_INS_V01R00.h5,02JAN,2017-01-02 21:45:00,2017-01-03 03:15:00,9.14,77.92,1229.0670156003907,0.0,1350,868,0.0,8945145.0,1682134968,0
3RIMG_02JAN2017_2215_L2C_INS_V01R00.h5,02JAN,2017-01-02 22:15:00,2017-01-03 03:45:00,9.14,77.92,1229.0670156003907,0.0,1350,868,0.0,8945175.0,-311883848,0
3RIMG_02JAN2017_2245_L2C_INS_V01R00.h5,02JAN,2017-01-02 22:45:00,2017-01-03 04:15:00,9.14,77.92,1229.0670156003907,0.0,1350,868,0.0,8945205.0,1023866808,0
3RIMG_02JAN2017_2315_L2C_INS_V01R00.h5,02JAN,2017-01-02 23:15:00,2017-01-03 04:45:00,9.14,77.92,1229.0670156003907,0.0,1350,868,0.0,8945235.0,-772900936,0
3RIMG_02JAN2017_2345_L2C_INS_V01R00.h5,02JAN,2017-01-02 23:45:00,2017-01-03 05:15:00,9.14,77.92,1229.0670156003907,0.0,1350,868,0.0,8945265.0,-797296712,0
3RIMG_03JAN2017_0015_L2C_INS_V01R00.h5,03JAN,2017-01-03 00:15:00,2017-01-03 05:45:00,9.14,77.92,1229.0670156003907,0.0,1350,868,0.0,8945295.0,1117296568,0
3RIMG_03JAN2017_0045_L2C_INS_V01R00.h5,03JAN,2017-01-03 00:45:00,2017-01-03 06:15:00,9.14,77.92,1229.0670156003907,0.0,1350,868,0.0,8945325.0,-1508644936,0
3RIMG_03JAN2017_0115_L2C_INS_V01R00.h5,03JAN,2017-01-03 01:15:00,2017-01-03 06:45:00,9.14,77.92,1229.0670156003907,0.0,1350,868,0.0,8945355.0,2064127928,0
3RIMG_03JAN2017_0145_L2C_INS_V01R00.h5,03JAN,2017-01-03 01:45:00,2017-01-03 07:15:00,9.14,77.92,1229.0670156003907,0.0,1350,868,0.0,8945385.0,-1524426824,0
3RIMG_03JAN2017_0215_L2C_INS_V01R00.h5,03JAN,2017-01-03 02:15:00,2017-01-03 07:45:00,9.14,77.92,1229.0670156003907,0.0,1350,868,148.3694610595703,8945415.0,-859269192,0
3RIMG_03JAN2017_0245_L2C_INS_V01R00.h5,03JAN,2017-01-03 02:45:00,2017-01-03 08:15:00,9.14,77.92,1229.0670156003907,0.0,1350,868,177.28643798828125,8945445.0,101750712,0
3RIMG_03JAN2017_0315_L2C_INS_V01R00.h5,03JAN,2017-01-03 03:15:00,2017-01-03 08:45:00,9.14,77.92,1229.0670156003907,0.0,1350,868,398.4336242675781,8945475.0,149657528,0
3RIMG_03JAN2017_0345_L2C_INS_V01R00.h5,03JAN,2017-01-03 03:45:00,2017-01-03 09:15:00,9.14,77.92,1229.0670156003907,0.0,1350,868,433.23321533203125,8945505.0,886663096,0
3RIMG_03JAN2017_0415_L2C_INS_V01R00.h5,03JAN,2017-01-03 04:15:00,2017-01-03 09:45:00,9.14,77.92,1229.0670156003907,0.0,1350,868,641.8909301757812,8945535.0,-681158728,0
3RIMG_03JAN2017_0445_L2C_INS_V01R00.h5,03JAN,2017-01-03 04:45:00,2017-01-03 10:15:00,9.14,77.92,1229.0670156003907,0.0,1350,868,668.865478515625,8945565.0,-1331619912,0
3RIMG_03JAN2017_0515_L2C_INS_V01R00.h5,03JAN,2017-01-03 05:15:00,2017-01-03 10:45:00,9.14,77.92,1229.0670156003907,0.0,1350,868,831.3446044921875,8945595.0,-2012108872,0
3RIMG_03JAN2017_0545_L2C_INS_V01R00.h5,03JAN,2017-01-03 05:45:00,2017-01-03 11:15:00,9.14,77.92,1229.0670156003907,0.0,1350,868,595.3401489257812,8945625.0,1214085048,0
3RIMG_03JAN2017_0615_L2C_INS_V01R00.h5,03JAN,2017-01-03 06:15:00,2017-01-03 11:45:00,9.14,77.92,1229.0670156003907,0.0,1350,868,966.697265625,8945655.0,-590760008,0
3RIMG_03JAN2017_0645_L2C_INS_V01R00.h5,03JAN,2017-01-03 06:45:00,2017-01-03 12:15:00,9.14,77.92,1229.0670156003907,0.0,1350,868,969.4378051757812,8945685.0,-659085384,0
3RIMG_03JAN2017_0715_L2C_INS_V01R00.h5,03JAN,2017-01-03 07:15:00,2017-01-03 12:45:00,9.14,77.92,1229.0670156003907,0.0,1350,868,1006.8524169921875,8945715.0,-661239880,0
3RIMG_03JAN2017_0745_L2C_INS_V01R00.h5,03JAN,2017-01-03 07:45:00,2017-01-03 13:15:00,9.14,77.92,1229.0670156003907,0.0,1350,868,994.2356567382812,8945745.0,-478767176,0
3RIMG_03JAN2017_0815_L2C_INS_V01R00.h5,03JAN,2017-01-03 08:15:00,2017-01-03 13:45:00,9.14,77.92,1229.0670156003907,0.0,1350,868,956.1260986328125,8945775.0,-2107672648,0
3RIMG_03JAN2017_0845_L2C_INS_V01R00.h5,03JAN,2017-01-03 08:45:00,2017-01-03 14:15:00,9.14,77.92,1229.0670156003907,0.0,1350,868,927.767333984375,8945805.0,-362022984,0
3RIMG_03JAN2017_0915_L2C_INS_V01R00.h5,03JAN,2017-01-03 09:15:00,2017-01-03 14:45:00,9.14,77.92,1229.0670156003907,0.0,1350,868,821.7777099609375,8945835.0,594536376,0
3RIMG_03JAN2017_0945_L2C_INS_V01R00.h5,03JAN,2017-01-03 09:45:00,2017-01-03 15:15:00,9.14,77.92,1229.0670156003907,0.0,1350,868,780.8446044921875,8945865.0,679319480,0
3RIMG_03JAN2017_1015_L2C_INS_V01R00.h5,03JAN,2017-01-03 10:15:00,2017-01-03 15:45:00,9.14,77.92,1229.0670156003907,0.0,1350,868,615.802001953125,8945895.0,-2126207048,0
3RIMG_03JAN2017_1045_L2C_INS_V01R00.h5,03JAN,2017-01-03 10:45:00,2017-01-03 16:15:00,9.14,77.92,1229.0670156003907,0.0,1350,868,560.4345703125,8945925.0,518842296,0
3RIMG_03JAN2017_1115_L2C_INS_V01R00.h5,03JAN,2017-01-03 11:15:00,2017-01-03 16:45:00,9.14,77.92,1229.0670156003907,0.0,1350,868,362.0474548339844,8945955.0,1678047160,0
3RIMG_03JAN2017_1145_L2C_INS_V01R00.h5,03JAN,2017-01-03 11:45:00,2017-01-03 17:15:00,9.14,77.92,1229.0670156003907,0.0,1350,868,287.4498596191406,8945985.0,1021511608,0
3RIMG_03JAN2017_1215_L2C_INS_V01R00.h5,03JAN,2017-01-03 12:15:00,2017-01-03 17:45:00,9.14,77.92,1229.0670156003907,0.0,1350,868,92.4725341796875,8946015.0,-687614024,0
3RIMG_03JAN2017_1245_L2C_INS_V01R00.h5,03JAN,2017-01-03 12:45:00,2017-01-03 18:15:00,9.14,77.92,1229.0670156003907,0.0,1350,868,0.0,8946045.0,434993080,0
3RIMG_03JAN2017_1315_L2C_INS_V01R00.h5,03JAN,2017-01-03 13:15:00,2017-01-03 18:45:00,9.14,77.92,1229.0670156003907,0.0,1350,868,0.0,8946075.0,1531733944,0
3RIMG_03JAN2017_1345_L2C_INS_V01R00.h5,03JAN,2017-01-03 13:45:00,2017-01-03 19:15:00,9.14,77.92,1229.0670156003907,0.0,1350,868,0.0,8946105.0,-1416480840,0
3RIMG_03JAN2017_1415_L2C_INS_V01R00.h5,03JAN,2017-01-03 14:15:00,2017-01-03 19:45:00,9.14,77.92,1229.0670156003907,0.0,1350,868,0.0,8946135.0,-2027874376,0
3RIMG_03JAN2017_1445_L2C_INS_V01R00.h5,03JAN,2017-01-03 14:45:00,2017-01-03 20:15:00,9.14,77.92,1229.0670156003907,0.0,1350,868,0.0,8946165.0,191956920,0
3RIMG_03JAN2017_1515_L2C_INS_V01R00.h5,03JAN,2017-01-03 15:15:00,2017-01-03 20:45:00,9.14,77.92,1229.0670156003907,0.0,1350,868,0.0,8946195.0,-1607874632,0
3RIMG_03JAN2017_1545_L2C_INS_V01R00.h5,03JAN,2017-01-03 15:45:00,2017-01-03 21:15:00,9.14,77.92,1229.0670156003907,0.0,1350,868,0.0,8946225.0,-535758920,0
3RIMG_03JAN2017_1615_L2C_INS_V01R00.h5,03JAN,2017-01-03 16:15:00,2017-01-03 21:45:00,9.14,77.92,1229.0670156003907,0.0,1350,868,0.0,8946255.0,380323768,0
3RIMG_03JAN2017_1645_L2C_INS_V01R00.h5,03JAN,2017-01-03 16:45:00,2017-01-03 22:15:00,9.14,77.92,1229.0670156003907,0.0,1350,868,0.0,8946285.0,37365688,0
3RIMG_03JAN2017_1715_L2C_INS_V01R00.h5,03JAN,2017-01-03 17:15:00,2017-01-03 22:45:00,9.14,77.92,1229.0670156003907,0.0,1350,868,0.0,8946315.0,-929822792,0
3RIMG_03JAN2017_1745_L2C_INS_V01R00.h5,03JAN,2017-01-03 17:45:00,2017-01-03 23:15:00,9.14,77.92,1229.0670156003907,0.0,1350,868,0.0,8946345.0,-1795729480,0
3RIMG_03JAN2017_1815_L2C_INS_V01R00.h5,03JAN,2017-01-03 18:15:00,2017-01-03 23:45:00,9.14,77.92,1229.0670156003907,0.0,1350,868,0.0,8946375.0,228505528,0
3RIMG_03JAN2017_1845_L2C_INS_V01R00.h5,03JAN,2017-01-03 18:45:00,2017-01-04 00:15:00,9.14,77.92,1229.0670156003907,0.0,1350,868,0.0,8946405.0,-846362696,0
3RIMG_03JAN2017_1915_L2C_INS_V01R00.h5,03JAN,2017-01-03 19:15:00,2017-01-04 00:45:00,9.14,77.92,1229.0670156003907,0.0,1350,868,0.0,8946435.0,52389816,0
3RIMG_03JAN2017_1945_L2C_INS_V01R00.h5,03JAN,2017-01-03 19:45:00,2017-01-04 01:15:00,9.14,77.92,1229.0670156003907,0.0,1350,868,0.0,8946465.0,-168753224,0
3RIMG_03JAN2017_2015_L2C_INS_V01R00.h5,03JAN,2017-01-03 20:15:00,2017-01-04 01:45:00,9.14,77.92,1229.0670156003907,0.0,1350,868,0.0,8946495.0,-1943902280,0
3RIMG_03JAN2017_2045_L2C_INS_V01R00.h5,03JAN,2017-01-03 20:45:00,2017-01-04 02:15:00,9.14,77.92,1229.0670156003907,0.0,1350,868,0.0,8946525.0,744454072,0
3RIMG_03JAN2017_2115_L2C_INS_V01R00.h5,03JAN,2017-01-03 21:15:00,2017-01-04 02:45:00,9.14,77.92,1229.0670156003907,0.0,1350,868,0.0,8946555.0,1513433016,0
3RIMG_03JAN2017_2145_L2C_INS_V01R00.h5,03JAN,2017-01-03 21:45:00,2017-01-04 03:15:00,9.14,77.92,1229.0670156003907,0.0,1350,868,0.0,8946585.0,-509880392,0
3RIMG_03JAN2017_2215_L2C_INS_V01R00.h5,03JAN,2017-01-03 22:15:00,2017-01-04 03:45:00,9.14,77.92,1229.0670156003907,0.0,1350,868,0.0,8946615.0,1557120952,0
3RIMG_03JAN2017_2245_L2C_INS_V01R00.h5,03JAN,2017-01-03 22:45:00,2017-01-04 04:15:00,9.14,77.92,1229.0670156003907,0.0,1350,868,0.0,8946645.0,-2123761736,0
3RIMG_03JAN2017_2315_L2C_INS_V01R00.h5,03JAN,2017-01-03 23:15:00,2017-01-04 04:45:00,9.14,77.92,1229.0670156003907,0.0,1350,868,0.0,8946675.0,-851167304,0
3RIMG_03JAN2017_2345_L2C_INS_V01R00.h5,03JAN,2017-01-03 23:45:00,2017-01-04 05:15:00,9.14,77.92,1229.0670156003907,0.0,1350,868,0.0,8946705.0,315963320,0
3RIMG_04JAN2017_0015_L2C_INS_V01R00.h5,04JAN,2017-01-04 00:15:00,2017-01-04 05:45:00,9.14,77.92,1229.0670156003907,0.0,1350,868,0.0,8946735.0,-1471326280,0
3RIMG_04JAN2017_0045_L2C_INS_V01R00.h5,04JAN,2017-01-04 00:45:00,2017-01-04 06:15:00,9.14,77.92,1229.0670156003907,0.0,1350,868,0.0,8946765.0,-1291741256,0
3RIMG_04JAN2017_0115_L2C_INS_V01R00.h5,04JAN,2017-01-04 01:15:00,2017-01-04 06:45:00,9.14,77.92,1229.0670156003907,0.0,1350,868,0.0,8946795.0,1553164216,0
3RIMG_04JAN2017_0145_L2C_INS_V01R00.h5,04JAN,2017-01-04 01:45:00,2017-01-04 07:15:00,9.14,77.92,1229.0670156003907,0.0,1350,868,0.0,8946825.0,-722679880,0
3RIMG_04JAN2017_0215_L2C_INS_V01R00.h5,04JAN,2017-01-04 02:15:00,2017-01-04 07:45:00,9.14,77.92,1229.0670156003907,0.0,1350,868,147.70162963867188,8946855.0,-188971080,0
3RIMG_04JAN2017_0245_L2C_INS_V01R00.h5,04JAN,2017-01-04 02:45:00,2017-01-04 08:15:00,9.14,77.92,1229.0670156003907,0.0,1350,868,177.2681884765625,8946885.0,-927590472,0
3RIMG_04JAN2017_0315_L2C_INS_V01R00.h5,04JAN,2017-01-04 03:15:00,2017-01-04 08:45:00,9.14,77.92,1229.0670156003907,0.0,1350,868,394.7172546386719,8946915.0,-35149896,0
3RIMG_04JAN2017_0345_L2C_INS_V01R00.h5,04JAN,2017-01-04 03:45:00,2017-01-04 09:15:00,9.14,77.92,1229.0670156003907,0.0,1350,868,428.85882568359375,8946945.0,-1508743240,0
3RIMG_04JAN2017_0415_L2C_INS_V01R00.h5,04JAN,2017-01-04 04:15:00,2017-01-04 09:45:00,9.14,77.92,1229.0670156003907,0.0,1350,868,634.5685424804688,8946975.0,989202360,0
3RIMG_04JAN2017_0445_L2C_INS_V01R00.h5,04JAN,2017-01-04 04:45:00,2017-01-04 10:15:00,9.14,77.92,1229.0670156003907,0.0,1350,868,659.9305419921875,8947005.0,1706424248,0
3RIMG_04JAN2017_0515_L2C_INS_V01R00.h5,04JAN,2017-01-04 05:15:00,2017-01-04 10:45:00,9.14,77.92,1229.0670156003907,0.0,1350,868,830.7943725585938,8947035.0,-618920008,0
3RIMG_04JAN2017_0545_L2C_INS_V01R00.h5,04JAN,2017-01-04 05:45:00,2017-01-04 11:15:00,9.14,77.92,1229.0670156003907,0.0,1350,868,579.4949951171875,8947065.0,569173944,0
3RIMG_04JAN2017_0615_L2C_INS_V01R00.h5,04JAN,2017-01-04 06:15:00,2017-01-04 11:45:00,9.14,77.92,1229.0670156003907,0.0,1350,868,961.8622436523438,8947095.0,-311818312,0
3RIMG_04JAN2017_0645_L2C_INS_V01R00.h5,04JAN,2017-01-04 06:45:00,2017-01-04 12:15:00,9.14,77.92,1229.0670156003907,0.0,1350,868,965.9047241210938,8947125.0,-70961224,0
3RIMG_04JAN2017_0715_L2C_INS_V01R00.h5,04JAN,2017-01-04 07:15:00,2017-01-04 12:45:00,9.14,77.92,1229.0670156003907,0.0,1350,868,1003.0482177734375,8947155.0,257677240,0
3RIMG_04JAN2017_0745_L2C_INS_V01R00.h5,04JAN,2017-01-04 07:45:00,2017-01-04 13:15:00,9.14,77.92,1229.0670156003907,0.0,1350,868,993.9659423828125,8947185.0,1425762232,0
3RIMG_04JAN2017_0815_L2C_INS_V01R00.h5,04JAN,2017-01-04 08:15:00,2017-01-04 13:45:00,9.14,77.92,1229.0670156003907,0.0,1350,868,956.915283203125,8947215.0,1143039928,0
3RIMG_04JAN2017_0845_L2C_INS_V01R00.h5,04JAN,2017-01-04 08:45:00,2017-01-04 14:15:00,9.14,77.92,1229.0670156003907,0.0,1350,868,931.0606689453125,8947245.0,690534328,0
3RIMG_04JAN2017_0915_L2C_INS_V01R00.h5,04JAN,2017-01-04 09:15:00,2017-01-04 14:45:00,9.14,77.92,1229.0670156003907,0.0,1350,868,823.3087768554688,8947275.0,1091897272,0
3RIMG_04JAN2017_0945_L2C_INS_V01R00.h5,04JAN,2017-01-04 09:45:00,2017-01-04 15:15:00,9.14,77.92,1229.0670156003907,0.0,1350,868,781.4622802734375,8947305.0,-672352328,0
3RIMG_04JAN2017_1015_L2C_INS_V01R00.h5,04JAN,2017-01-04 10:15:00,2017-01-04 15:45:00,9.14,77.92,1229.0670156003907,0.0,1350,868,617.43603515625,8947335.0,-580745288,0
3RIMG_04JAN2017_1045_L2C_INS_V01R00.h5,04JAN,2017-01-04 10:45:00,2017-01-04 16:15:00,9.14,77.92,1229.0670156003907,0.0,1350,868,562.4003295898438,8947365.0,101738424,0
3RIMG_04JAN2017_1115_L2C_INS_V01R00.h5,04JAN,2017-01-04 11:15:00,2017-01-04 16:45:00,9.14,77.92,1229.0670156003907,0.0,1350,868,364.3688049316406,8947395.0,-1856337992,0
3RIMG_04JAN2017_1145_L2C_INS_V01R00.h5,04JAN,2017-01-04 11:45:00,2017-01-04 17:15:00,9.14,77.92,1229.0670156003907,0.0,1350,868,289.55230712890625,8947425.0,731510712,0
3RIMG_04JAN2017_1215_L2C_INS_V01R00.h5,04JAN,2017-01-04 12:15:00,2017-01-04 17:45:00,9.14,77.92,1229.0670156003907,0.0,1350,868,93.8509521484375,8947455.0,401647544,0
3RIMG_04JAN2017_1245_L2C_INS_V01R00.h5,04JAN,2017-01-04 12:45:00,2017-01-04 18:15:00,9.14,77.92,1229.0670156003907,0.0,1350,868,0.0,8947485.0,993904568,0
3RIMG_04JAN2017_1315_L2C_INS_V01R00.h5,04JAN,2017-01-04 13:15:00,2017-01-04 18:45:00,9.14,77.92,1229.0670156003907,0.0,1350,868,0.0,8947515.0,-75847752,0
3RIMG_04JAN2017_1345_L2C_INS_V01R00.h5,04JAN,2017-01-04 13:45:00,2017-01-04 19:15:00,9.14,77.92,1229.0670156003907,0.0,1350,868,0.0,8947545.0,-320002120,0
3RIMG_04JAN2017_1415_L2C_INS_V01R00.h5,04JAN,2017-01-04 14:15:00,2017-01-04 19:45:00,9.14,77.92,1229.0670156003907,0.0,1350,868,0.0,8947575.0,-460597320,0
3RIMG_04JAN2017_1445_L2C_INS_V01R00.h5,04JAN,2017-01-04 14:45:00,2017-01-04 20:15:00,9.14,77.92,1229.0670156003907,0.0,1350,868,0.0,8947605.0,-847829064,0
3RIMG_04JAN2017_1515_L2C_INS_V01R00.h5,04JAN,2017-01-04 15:15:00,2017-01-04 20:45:00,9.14,77.92,1229.0670156003907,0.0,1350,868,0.0,8947635.0,1364711352,0
3RIMG_04JAN2017_1545_L2C_INS_V01R00.h5,04JAN,2017-01-04 15:45:00,2017-01-04 21:15:00,9.14,77.92,1229.0670156003907,0.0,1350,868,0.0,8947665.0,888301496,0
3RIMG_04JAN2017_1615_L2C_INS_V01R00.h5,04JAN,2017-01-04 16:15:00,2017-01-04 21:45:00,9.14,77.92,1229.0670156003907,0.0,1350,868,0.0,8947695.0,618162104,0
3RIMG_04JAN2017_1645_L2C_INS_V01R00.h5,04JAN,2017-01-04 16:45:00,2017-01-04 22:15:00,9.14,77.92,1229.0670156003907,0.0,1350,868,0.0,8947725.0,-1959454792,0
3RIMG_04JAN2017_1715_L2C_INS_V01R00.h5,04JAN,2017-01-04 17:15:00,2017-01-04 22:45:00,9.14,77.92,1229.0670156003907,0.0,1350,868,0.0,8947755.0,-72431688,0
3RIMG_04JAN2017_1745_L2C_INS_V01R00.h5,04JAN,2017-01-04 17:45:00,2017-01-04 23:15:00,9.14,77.92,1229.0670156003907,0.0,1350,868,0.0,8947785.0,833542072,0
3RIMG_04JAN2017_1815_L2C_INS_V01R00.h5,04JAN,2017-01-04 18:15:00,2017-01-04 23:45:00,9.14,77.92,1229.0670156003907,0.0,1350,868,0.0,8947815.0,-318609480,0
3RIMG_04JAN2017_1845_L2C_INS_V01R00.h5,04JAN,2017-01-04 18:45:00,2017-01-05 00:15:00,9.14,77.92,1229.0670156003907,0.0,1350,868,0.0,8947845.0,468932536,0
3RIMG_04JAN2017_1915_L2C_INS_V01R00.h5,04JAN,2017-01-04 19:15:00,2017-01-05 00:45:00,9.14,77.92,1229.0670156003907,0.0,1350,868,0.0,8947875.0,362268600,0
3RIMG_04JAN2017_1945_L2C_INS_V01R00.h5,04JAN,2017-01-04 19:45:00,2017-01-05 01:15:00,9.14,77.92,1229.0670156003907,0.0,1350,868,0.0,8947905.0,-900196424,0
3RIMG_04JAN2017_2015_L2C_INS_V01R00.h5,04JAN,2017-01-04 20:15:00,2017-01-05 01:45:00,9.14,77.92,1229.0670156003907,0.0,1350,868,0.0,8947935.0,1522546616,0
3RIMG_04JAN2017_2045_L2C_INS_V01R00.h5,04JAN,2017-01-04 20:45:00,2017-01-05 02:15:00,9.14,77.92,1229.0670156003907,0.0,1350,868,0.0,8947965.0,962058168,0
3RIMG_04JAN2017_2145_L2C_INS_V01R00.h5,04JAN,2017-01-04 21:45:00,2017-01-05 03:15:00,9.14,77.92,1229.0670156003907,0.0,1350,868,0.0,8948025.0,-1490860104,0
3RIMG_04JAN2017_2215_L2C_INS_V01R00.h5,04JAN,2017-01-04 22:15:00,2017-01-05 03:45:00,9.14,77.92,1229.0670156003907,0.0,1350,868,0.0,8948055.0,-1512343624,0
3RIMG_04JAN2017_2245_L2C_INS_V01R00.h5,04JAN,2017-01-04 22:45:00,2017-01-05 04:15:00,9.14,77.92,1229.0670156003907,0.0,1350,868,0.0,8948085.0,1633626040,0
3RIMG_04JAN2017_2315_L2C_INS_V01R00.h5,04JAN,2017-01-04 23:15:00,2017-01-05 04:45:00,9.14,77.92,1229.0670156003907,0.0,1350,868,0.0,8948115.0,1667815352,0
3RIMG_04JAN2017_2345_L2C_INS_V01R00.h5,04JAN,2017-01-04 23:45:00,2017-01-05 05:15:00,9.14,77.92,1229.0670156003907,0.0,1350,868,0.0,8948145.0,-135600200,0
3RIMG_05JAN2017_0015_L2C_INS_V01R00.h5,05JAN,2017-01-05 00:15:00,2017-01-05 05:45:00,9.14,77.92,1229.0670156003907,0.0,1350,868,0.0,8948175.0,-2006087752,0
3RIMG_05JAN2017_0045_L2C_INS_V01R00.h5,05JAN,2017-01-05 00:45:00,2017-01-05 06:15:00,9.14,77.92,1229.0670156003907,0.0,1350,868,0.0,8948205.0,-957331528,0
3RIMG_05JAN2017_0115_L2C_INS_V01R00.h5,05JAN,2017-01-05 01:15:00,2017-01-05 06:45:00,9.14,77.92,1229.0670156003907,0.0,1350,868,0.0,8948235.0,-470345800,0
3RIMG_05JAN2017_0145_L2C_INS_V01R00.h5,05JAN,2017-01-05 01:45:00,2017-01-05 07:15:00,9.14,77.92,1229.0670156003907,0.0,1350,868,0.0,8948265.0,2066651064,0
3RIMG_05JAN2017_0215_L2C_INS_V01R00.h5,05JAN,2017-01-05 02:15:00,2017-01-05 07:45:00,9.14,77.92,1229.0670156003907,0.0,1350,868,148.23721313476562,8948295.0,1775011768,0
3RIMG_05JAN2017_0245_L2C_INS_V01R00.h5,05JAN,2017-01-05 02:45:00,2017-01-05 08:15:00,9.14,77.92,1229.0670156003907,0.0,1350,868,176.17758178710938,8948325.0,1689409464,0
3RIMG_05JAN2017_0315_L2C_INS_V01R00.h5,05JAN,2017-01-05 03:15:00,2017-01-05 08:45:00,9.14,77.92,1229.0670156003907,0.0,1350,868,396.2063293457031,8948355.0,903456696,0
3RIMG_05JAN2017_0345_L2C_INS_V01R00.h5,05JAN,2017-01-05 03:45:00,2017-01-05 09:15:00,9.14,77.92,1229.0670156003907,0.0,1350,868,431.46063232421875,8948385.0,-1266567240,0
3RIMG_05JAN2017_0415_L2C_INS_V01R00.h5,05JAN,2017-01-05 04:15:00,2017-01-05 09:45:00,9.14,77.92,1229.0670156003907,0.0,1350,868,635.4737548828125,8948415.0,-687839304,0
3RIMG_05JAN2017_0445_L2C_INS_V01R00.h5,05JAN,2017-01-05 04:45:00,2017-01-05 10:15:00,9.14,77.92,1229.0670156003907,0.0,1350,868,666.002197265625,8948445.0,-1671329864,0
3RIMG_05JAN2017_0515_L2C_INS_V01R00.h5,05JAN,2017-01-05 05:15:00,2017-01-05 10:45:00,9.14,77.92,1229.0670156003907,0.0,1350,868,838.9860229492188,8948475.0,-388884552,0
3RIMG_05JAN2017_0545_L2C_INS_V01R00.h5,05JAN,2017-01-05 05:45:00,2017-01-05 11:15:00,9.14,77.92,1229.0670156003907,0.0,1350,868,598.0077514648438,8948505.0,2127316920,0
3RIMG_05JAN2017_0615_L2C_INS_V01R00.h5,05JAN,2017-01-05 06:15:00,2017-01-05 11:45:00,9.14,77.92,1229.0670156003907,0.0,1350,868,960.3080444335938,8948535.0,-1809627208,0
3RIMG_05JAN2017_0645_L2C_INS_V01R00.h5,05JAN,2017-01-05 06:45:00,2017-01-05 12:15:00,9.14,77.92,1229.0670156003907,0.0,1350,868,601.6590576171875,8948565.0,-1813313608,0
3RIMG_05JAN2017_0715_L2C_INS_V01R00.h5,05JAN,2017-01-05 07:15:00,2017-01-05 12:45:00,9.14,77.92,1229.0670156003907,0.0,1350,868,997.714111328125,8948595.0,2102028216,0
3RIMG_05JAN2017_0815_L2C_INS_V01R00.h5,05JAN,2017-01-05 08:15:00,2017-01-05 13:45:00,9.14,77.92,1229.0670156003907,0.0,1350,868,956.6571655273438,8948655.0,633305016,0
3RIMG_05JAN2017_0845_L2C_INS_V01R00.h5,05JAN,2017-01-05 08:45:00,2017-01-05 14:15:00,9.14,77.92,1229.0670156003907,0.0,1350,868,930.4978637695312,8948685.0,1740163000,0
3RIMG_05JAN2017_0915_L2C_INS_V01R00.h5,05JAN,2017-01-05 09:15:00,2017-01-05 14:45:00,9.14,77.92,1229.0670156003907,0.0,1350,868,824.4732666015625,8948715.0,267163576,0
3RIMG_05JAN2017_0945_L2C_INS_V01R00.h5,05JAN,2017-01-05 09:45:00,2017-01-05 15:15:00,9.14,77.92,1229.0670156003907,0.0,1350,868,783.821044921875,8948745.0,2123732920,0
3RIMG_05JAN2017_1015_L2C_INS_V01R00.h5,05JAN,2017-01-05 10:15:00,2017-01-05 15:45:00,9.14,77.92,1229.0670156003907,0.0,1350,868,619.1742553710938,8948775.0,-1562794056,0
3RIMG_05JAN2017_1045_L2C_INS_V01R00.h5,05JAN,2017-01-05 10:45:00,2017-01-05 16:15:00,9.14,77.92,1229.0670156003907,0.0,1350,868,564.4387817382812,8948805.0,1896576952,0
3RIMG_05JAN2017_1115_L2C_INS_V01R00.h5,05JAN,2017-01-05 11:15:00,2017-01-05 16:45:00,9.14,77.92,1229.0670156003907,0.0,1350,868,366.9335632324219,8948835.0,358565816,0
3RIMG_05JAN2017_1145_L2C_INS_V01R00.h5,05JAN,2017-01-05 11:45:00,2017-01-05 17:15:00,9.14,77.92,1229.0670156003907,0.0,1350,868,291.5497131347656,8948865.0,283850680,0
3RIMG_05JAN2017_1215_L2C_INS_V01R00.h5,05JAN,2017-01-05 12:15:00,2017-01-05 17:45:00,9.14,77.92,1229.0670156003907,0.0,1350,868,95.72186279296875,8948895.0,-1525778504,0
3RIMG_05JAN2017_1245_L2C_INS_V01R00.h5,05JAN,2017-01-05 12:45:00,2017-01-05 18:15:00,9.14,77.92,1229.0670156003907,0.0,1350,868,0.0,8948925.0,-1616816200,0
3RIMG_05JAN2017_1315_L2C_INS_V01R00.h5,05JAN,2017-01-05 13:15:00,2017-01-05 18:45:00,9.14,77.92,1229.0670156003907,0.0,1350,868,0.0,8948955.0,1708480440,0
3RIMG_05JAN2017_1345_L2C_INS_V01R00.h5,05JAN,2017-01-05 13:45:00,2017-01-05 19:15:00,9.14,77.92,1229.0670156003907,0.0,1350,868,0.0,8948985.0,-1163065416,0
3RIMG_05JAN2017_1415_L2C_INS_V01R00.h5,05JAN,2017-01-05 14:15:00,2017-01-05 19:45:00,9.14,77.92,1229.0670156003907,0.0,1350,868,0.0,8949015.0,1350313912,0
3RIMG_05JAN2017_1445_L2C_INS_V01R00.h5,05JAN,2017-01-05 14:45:00,2017-01-05 20:15:00,9.14,77.92,1229.0670156003907,0.0,1350,868,0.0,8949045.0,-1056503880,0
3RIMG_05JAN2017_1515_L2C_INS_V01R00.h5,05JAN,2017-01-05 15:15:00,2017-01-05 20:45:00,9.14,77.92,1229.0670156003907,0.0,1350,868,0.0,8949075.0,-1818691656,0
3RIMG_05JAN2017_1545_L2C_INS_V01R00.h5,05JAN,2017-01-05 15:45:00,2017-01-05 21:15:00,9.14,77.92,1229.0670156003907,0.0,1350,868,0.0,8949105.0,494196664,0
3RIMG_05JAN2017_1615_L2C_INS_V01R00.h5,05JAN,2017-01-05 16:15:00,2017-01-05 21:45:00,9.14,77.92,1229.0670156003907,0.0,1350,868,0.0,8949135.0,1171257272,0
3RIMG_05JAN2017_1645_L2C_INS_V01R00.h5,05JAN,2017-01-05 16:45:00,2017-01-05 22:15:00,9.14,77.92,1229.0670156003907,0.0,1350,868,0.0,8949165.0,978499512,0
3RIMG_05JAN2017_1715_L2C_INS_V01R00.h5,05JAN,2017-01-05 17:15:00,2017-01-05 22:45:00,9.14,77.92,1229.0670156003907,0.0,1350,868,0.0,8949195.0,-2073208904,0
3RIMG_05JAN2017_1745_L2C_INS_V01R00.h5,05JAN,2017-01-05 17:45:00,2017-01-05 23:15:00,9.14,77.92,1229.0670156003907,0.0,1350,868,0.0,8949225.0,655165368,0
3RIMG_05JAN2017_1815_L2C_INS_V01R00.h5,05JAN,2017-01-05 18:15:00,2017-01-05 23:45:00,9.14,77.92,1229.0670156003907,0.0,1350,868,0.0,8949255.0,-287320136,0
3RIMG_05JAN2017_1845_L2C_INS_V01R00.h5,05JAN,2017-01-05 18:45:00,2017-01-06 00:15:00,9.14,77.92,1229.0670156003907,0.0,1350,868,0.0,8949285.0,233060280,0
3RIMG_05JAN2017_1915_L2C_INS_V01R00.h5,05JAN,2017-01-05 19:15:00,2017-01-06 00:45:00,9.14,77.92,1229.0670156003907,0.0,1350,868,0.0,8949315.0,-974231624,0
3RIMG_05JAN2017_1945_L2C_INS_V01R00.h5,05JAN,2017-01-05 19:45:00,2017-01-06 01:15:00,9.14,77.92,1229.0670156003907,0.0,1350,868,0.0,8949345.0,-89032776,0
3RIMG_05JAN2017_2015_L2C_INS_V01R00.h5,05JAN,2017-01-05 20:15:00,2017-01-06 01:45:00,9.14,77.92,1229.0670156003907,0.0,1350,868,0.0,8949375.0,1921431480,0
3RIMG_05JAN2017_2045_L2C_INS_V01R00.h5,05JAN,2017-01-05 20:45:00,2017-01-06 02:15:00,9.14,77.92,1229.0670156003907,0.0,1350,868,0.0,8949405.0,1834293176,0
3RIMG_05JAN2017_2115_L2C_INS_V01R00.h5,05JAN,2017-01-05 21:15:00,2017-01-06 02:45:00,9.14,77.92,1229.0670156003907,0.0,1350,868,0.0,8949435.0,-289429576,0
3RIMG_05JAN2017_2145_L2C_INS_V01R00.h5,05JAN,2017-01-05 21:45:00,2017-01-06 03:15:00,9.14,77.92,1229.0670156003907,0.0,1350,868,0.0,8949465.0,396457912,0
3RIMG_05JAN2017_2215_L2C_INS_V01R00.h5,05JAN,2017-01-05 22:15:00,2017-01-06 03:45:00,9.14,77.92,1229.0670156003907,0.0,1350,868,0.0,8949495.0,-1200924744,0
3RIMG_05JAN2017_2245_L2C_INS_V01R00.h5,05JAN,2017-01-05 22:45:00,2017-01-06 04:15:00,9.14,77.92,1229.0670156003907,0.0,1350,868,0.0,8949525.0,1915082680,0
3RIMG_05JAN2017_2315_L2C_INS_V01R00.h5,05JAN,2017-01-05 23:15:00,2017-01-06 04:45:00,9.14,77.92,1229.0670156003907,0.0,1350,868,0.0,8949555.0,-1285777480,0
3RIMG_05JAN2017_2345_L2C_INS_V01R00.h5,05JAN,2017-01-05 23:45:00,2017-01-06 05:15:00,9.14,77.92,1229.0670156003907,0.0,1350,868,0.0,8949585.0,-186087496,0
3RIMG_06JAN2017_0015_L2C_INS_V01R00.h5,06JAN,2017-01-06 00:15:00,2017-01-06 05:45:00,9.14,77.92,1229.0670156003907,0.0,1350,868,0.0,8949615.0,-1562798152,0
3RIMG_06JAN2017_0045_L2C_INS_V01R00.h5,06JAN,2017-01-06 00:45:00,2017-01-06 06:15:00,9.14,77.92,1229.0670156003907,0.0,1350,868,0.0,8949645.0,-942622792,0
3RIMG_06JAN2017_0115_L2C_INS_V01R00.h5,06JAN,2017-01-06 01:15:00,2017-01-06 06:45:00,9.14,77.92,1229.0670156003907,0.0,1350,868,0.0,8949675.0,-328222792,0
3RIMG_06JAN2017_0145_L2C_INS_V01R00.h5,06JAN,2017-01-06 01:45:00,2017-01-06 07:15:00,9.14,77.92,1229.0670156003907,0.0,1350,868,0.0,8949705.0,1840953272,0
3RIMG_06JAN2017_0215_L2C_INS_V01R00.h5,06JAN,2017-01-06 02:15:00,2017-01-06 07:45:00,9.14,77.92,1229.0670156003907,0.0,1350,868,144.85350036621094,8949735.0,-1947191368,0
3RIMG_06JAN2017_0245_L2C_INS_V01R00.h5,06JAN,2017-01-06 02:45:00,2017-01-06 08:15:00,9.14,77.92,1229.0670156003907,0.0,1350,868,175.5045928955078,8949765.0,1584318392,0
3RIMG_06JAN2017_0315_L2C_INS_V01R00.h5,06JAN,2017-01-06 03:15:00,2017-01-06 08:45:00,9.14,77.92,1229.0670156003907,0.0,1350,868,393.8746643066406,8949795.0,899647416,0
3RIMG_06JAN2017_0345_L2C_INS_V01R00.h5,06JAN,2017-01-06 03:45:00,2017-01-06 09:15:00,9.14,77.92,1229.0670156003907,0.0,1350,868,424.5647277832031,8949825.0,446859192,0
3RIMG_06JAN2017_0415_L2C_INS_V01R00.h5,06JAN,2017-01-06 04:15:00,2017-01-06 09:45:00,9.14,77.92,1229.0670156003907,0.0,1350,868,629.713623046875,8949855.0,601831352,0
3RIMG_06JAN2017_0445_L2C_INS_V01R00.h5,06JAN,2017-01-06 04:45:00,2017-01-06 10:15:00,9.14,77.92,1229.0670156003907,0.0,1350,868,657.7920532226562,8949885.0,-1886210120,0
3RIMG_06JAN2017_0515_L2C_INS_V01R00.h5,06JAN,2017-01-06 05:15:00,2017-01-06 10:45:00,9.14,77.92,1229.0670156003907,0.0,1350,868,824.2017211914062,8949915.0,1309611960,0
3RIMG_06JAN2017_0545_L2C_INS_V01R00.h5,06JAN,2017-01-06 05:45:00,2017-01-06 11:15:00,9.14,77.92,1229.0670156003907,0.0,1350,868,427.5447692871094,8949945.0,660744120,0
3RIMG_06JAN2017_0615_L2C_INS_V01R00.h5,06JAN,2017-01-06 06:15:00,2017-01-06 11:45:00,9.14,77.92,1229.0670156003907,0.0,1350,868,950.362548828125,8949975.0,-710465608,0
3RIMG_06JAN2017_0645_L2C_INS_V01R00.h5,06JAN,2017-01-06 06:45:00,2017-01-06 12:15:00,9.14,77.92,1229.0670156003907,0.0,1350,868,950.9497680664062,8950005.0,-1018075208,0
3RIMG_06JAN2017_0715_L2C_INS_V01R00.h5,06JAN,2017-01-06 07:15:00,2017-01-06 12:45:00,9.14,77.92,1229.0670156003907,0.0,1350,868,988.677978515625,8950035.0,1637377976,0
3RIMG_06JAN2017_0745_L2C_INS_V01R00.h5,06JAN,2017-01-06 07:45:00,2017-01-06 13:15:00,9.14,77.92,1229.0670156003907,0.0,1350,868,979.7530517578125,8950065.0,-625387592,0
3RIMG_06JAN2017_0815_L2C_INS_V01R00.h5,06JAN,2017-01-06 08:15:00,2017-01-06 13:45:00,9.14,77.92,1229.0670156003907,0.0,1350,868,943.4251708984375,8950095.0,-1909078088,0
3RIMG_06JAN2017_0845_L2C_INS_V01R00.h5,06JAN,2017-01-06 08:45:00,2017-01-06 14:15:00,9.14,77.92,1229.0670156003907,0.0,1350,868,915.600830078125,8950125.0,-2132695112,0
3RIMG_06JAN2017_0915_L2C_INS_V01R00.h5,06JAN,2017-01-06 09:15:00,2017-01-06 14:45:00,9.14,77.92,1229.0670156003907,0.0,1350,868,420.71539306640625,8950155.0,-930789448,0
3RIMG_06JAN2017_0945_L2C_INS_V01R00.h5,06JAN,2017-01-06 09:45:00,2017-01-06 15:15:00,9.14,77.92,1229.0670156003907,0.0,1350,868,774.468505859375,8950185.0,105199544,0
3RIMG_06JAN2017_1015_L2C_INS_V01R00.h5,06JAN,2017-01-06 10:15:00,2017-01-06 15:45:00,9.14,77.92,1229.0670156003907,0.0,1350,868,329.5322265625,8950215.0,-1578231880,0
3RIMG_06JAN2017_1045_L2C_INS_V01R00.h5,06JAN,2017-01-06 10:45:00,2017-01-06 16:15:00,9.14,77.92,1229.0670156003907,0.0,1350,868,553.8978271484375,8950245.0,-859740232,0
3RIMG_06JAN2017_1115_L2C_INS_V01R00.h5,06JAN,2017-01-06 11:15:00,2017-01-06 16:45:00,9.14,77.92,1229.0670156003907,0.0,1350,868,234.29736328125,8950275.0,-1512900680,0
3RIMG_06JAN2017_1145_L2C_INS_V01R00.h5,06JAN,2017-01-06 11:45:00,2017-01-06 17:15:00,9.14,77.92,1229.0670156003907,0.0,1350,868,287.3151550292969,8950305.0,-1149106248,0
3RIMG_06JAN2017_1215_L2C_INS_V01R00.h5,06JAN,2017-01-06 12:15:00,2017-01-06 17:45:00,9.14,77.92,1229.0670156003907,0.0,1350,868,73.46329498291016,8950335.0,430880696,0
3RIMG_06JAN2017_1245_L2C_INS_V01R00.h5,06JAN,2017-01-06 12:45:00,2017-01-06 18:15:00,9.14,77.92,1229.0670156003907,0.0,1350,868,0.0,8950365.0,1072207800,0
3RIMG_06JAN2017_1315_L2C_INS_V01R00.h5,06JAN,2017-01-06 13:15:00,2017-01-06 18:45:00,9.14,77.92,1229.0670156003907,0.0,1350,868,0.0,8950395.0,1792784312,0
3RIMG_06JAN2017_1345_L2C_INS_V01R00.h5,06JAN,2017-01-06 13:45:00,2017-01-06 19:15:00,9.14,77.92,1229.0670156003907,0.0,1350,868,0.0,8950425.0,-965310536,0
3RIMG_06JAN2017_1415_L2C_INS_V01R00.h5,06JAN,2017-01-06 14:15:00,2017-01-06 19:45:00,9.14,77.92,1229.0670156003907,0.0,1350,868,0.0,8950455.0,-449452104,0
3RIMG_06JAN2017_1445_L2C_INS_V01R00.h5,06JAN,2017-01-06 14:45:00,2017-01-06 20:15:00,9.14,77.92,1229.0670156003907,0.0,1350,868,0.0,8950485.0,-1516730440,0
3RIMG_06JAN2017_1515_L2C_INS_V01R00.h5,06JAN,2017-01-06 15:15:00,2017-01-06 20:45:00,9.14,77.92,1229.0670156003907,0.0,1350,868,0.0,8950515.0,705263544,0
3RIMG_06JAN2017_1545_L2C_INS_V01R00.h5,06JAN,2017-01-06 15:45:00,2017-01-06 21:15:00,9.14,77.92,1229.0670156003907,0.0,1350,868,0.0,8950545.0,-1209837640,0
3RIMG_06JAN2017_1615_L2C_INS_V01R00.h5,06JAN,2017-01-06 16:15:00,2017-01-06 21:45:00,9.14,77.92,1229.0670156003907,0.0,1350,868,0.0,8950575.0,-117213256,0
3RIMG_06JAN2017_1645_L2C_INS_V01R00.h5,06JAN,2017-01-06 16:45:00,2017-01-06 22:15:00,9.14,77.92,1229.0670156003907,0.0,1350,868,0.0,8950605.0,1802905528,0
3RIMG_06JAN2017_1715_L2C_INS_V01R00.h5,06JAN,2017-01-06 17:15:00,2017-01-06 22:45:00,9.14,77.92,1229.0670156003907,0.0,1350,868,0.0,8950635.0,1016981432,0
3RIMG_06JAN2017_1745_L2C_INS_V01R00.h5,06JAN,2017-01-06 17:45:00,2017-01-06 23:15:00,9.14,77.92,1229.0670156003907,0.0,1350,868,0.0,8950665.0,-637122632,0
3RIMG_06JAN2017_1815_L2C_INS_V01R00.h5,06JAN,2017-01-06 18:15:00,2017-01-06 23:45:00,9.14,77.92,1229.0670156003907,0.0,1350,868,0.0,8950695.0,1930086328,0
3RIMG_06JAN2017_1845_L2C_INS_V01R00.h5,06JAN,2017-01-06 18:45:00,2017-01-07 00:15:00,9.14,77.92,1229.0670156003907,0.0,1350,868,0.0,8950725.0,-1940543560,0
3RIMG_06JAN2017_1915_L2C_INS_V01R00.h5,06JAN,2017-01-06 19:15:00,2017-01-07 00:45:00,9.14,77.92,1229.0670156003907,0.0,1350,868,0.0,8950755.0,-971188296,0
3RIMG_06JAN2017_1945_L2C_INS_V01R00.h5,06JAN,2017-01-06 19:45:00,2017-01-07 01:15:00,9.14,77.92,1229.0670156003907,0.0,1350,868,0.0,8950785.0,-1808500808,0
3RIMG_06JAN2017_2015_L2C_INS_V01R00.h5,06JAN,2017-01-06 20:15:00,2017-01-07 01:45:00,9.14,77.92,1229.0670156003907,0.0,1350,868,0.0,8950815.0,1298499512,0
3RIMG_06JAN2017_2045_L2C_INS_V01R00.h5,06JAN,2017-01-06 20:45:00,2017-01-07 02:15:00,9.14,77.92,1229.0670156003907,0.0,1350,868,0.0,8950845.0,1860093880,0
3RIMG_06JAN2017_2115_L2C_INS_V01R00.h5,06JAN,2017-01-06 21:15:00,2017-01-07 02:45:00,9.14,77.92,1229.0670156003907,0.0,1350,868,0.0,8950875.0,1364080568,0
3RIMG_06JAN2017_2145_L2C_INS_V01R00.h5,06JAN,2017-01-06 21:45:00,2017-01-07 03:15:00,9.14,77.92,1229.0670156003907,0.0,1350,868,0.0,8950905.0,-1220458568,0
3RIMG_06JAN2017_2215_L2C_INS_V01R00.h5,06JAN,2017-01-06 22:15:00,2017-01-07 03:45:00,9.14,77.92,1229.0670156003907,0.0,1350,868,0.0,8950935.0,1972783032,0
3RIMG_06JAN2017_2245_L2C_INS_V01R00.h5,06JAN,2017-01-06 22:45:00,2017-01-07 04:15:00,9.14,77.92,1229.0670156003907,0.0,1350,868,0.0,8950965.0,-1854572616,0
3RIMG_06JAN2017_2315_L2C_INS_V01R00.h5,06JAN,2017-01-06 23:15:00,2017-01-07 04:45:00,9.14,77.92,1229.0670156003907,0.0,1350,868,0.0,8950995.0,1906321336,0
3RIMG_06JAN2017_2345_L2C_INS_V01R00.h5,06JAN,2017-01-06 23:45:00,2017-01-07 05:15:00,9.14,77.92,1229.0670156003907,0.0,1350,868,0.0,8951025.0,2106398648,0
3RIMG_07JAN2017_0015_L2C_INS_V01R00.h5,07JAN,2017-01-07 00:15:00,2017-01-07 05:45:00,9.14,77.92,1229.0670156003907,0.0,1350,868,0.0,8951055.0,-754047048,0
3RIMG_07JAN2017_0045_L2C_INS_V01R00.h5,07JAN,2017-01-07 00:45:00,2017-01-07 06:15:00,9.14,77.92,1229.0670156003907,0.0,1350,868,0.0,8951085.0,-234731592,0
3RIMG_07JAN2017_0115_L2C_INS_V01R00.h5,07JAN,2017-01-07 01:15:00,2017-01-07 06:45:00,9.14,77.92,1229.0670156003907,0.0,1350,868,0.0,8951115.0,-2055673928,0
3RIMG_07JAN2017_0145_L2C_INS_V01R00.h5,07JAN,2017-01-07 01:45:00,2017-01-07 07:15:00,9.14,77.92,1229.0670156003907,0.0,1350,868,0.0,8951145.0,974837688,0
3RIMG_07JAN2017_0215_L2C_INS_V01R00.h5,07JAN,2017-01-07 02:15:00,2017-01-07 07:45:00,9.14,77.92,1229.0670156003907,0.0,1350,868,147.377685546875,8951175.0,-8345672,0
3RIMG_07JAN2017_0245_L2C_INS_V01R00.h5,07JAN,2017-01-07 02:45:00,2017-01-07 08:15:00,9.14,77.92,1229.0670156003907,0.0,1350,868,176.57351684570312,8951205.0,1364137912,0
3RIMG_07JAN2017_0315_L2C_INS_V01R00.h5,07JAN,2017-01-07 03:15:00,2017-01-07 08:45:00,9.14,77.92,1229.0670156003907,0.0,1350,868,395.0434875488281,8951235.0,1413425080,0
3RIMG_07JAN2017_0345_L2C_INS_V01R00.h5,07JAN,2017-01-07 03:45:00,2017-01-07 09:15:00,9.14,77.92,1229.0670156003907,0.0,1350,868,430.5343017578125,8951265.0,-1153103944,0
3RIMG_07JAN2017_0415_L2C_INS_V01R00.h5,07JAN,2017-01-07 04:15:00,2017-01-07 09:45:00,9.14,77.92,1229.0670156003907,0.0,1350,868,639.2891235351562,8951295.0,56436664,0
3RIMG_07JAN2017_0445_L2C_INS_V01R00.h5,07JAN,2017-01-07 04:45:00,2017-01-07 10:15:00,9.14,77.92,1229.0670156003907,0.0,1350,868,667.77783203125,8951325.0,-251791432,0
3RIMG_07JAN2017_0515_L2C_INS_V01R00.h5,07JAN,2017-01-07 05:15:00,2017-01-07 10:45:00,9.14,77.92,1229.0670156003907,0.0,1350,868,837.0205078125,8951355.0,466737080,0
3RIMG_07JAN2017_0545_L2C_INS_V01R00.h5,07JAN,2017-01-07 05:45:00,2017-01-07 11:15:00,9.14,77.92,1229.0670156003907,0.0,1350,868,854.5691528320312,8951385.0,1255757752,0
3RIMG_07JAN2017_0615_L2C_INS_V01R00.h5,07JAN,2017-01-07 06:15:00,2017-01-07 11:45:00,9.14,77.92,1229.0670156003907,0.0,1350,868,965.6688232421875,8951415.0,-1850918984,0
3RIMG_07JAN2017_0645_L2C_INS_V01R00.h5,07JAN,2017-01-07 06:45:00,2017-01-07 12:15:00,9.14,77.92,1229.0670156003907,0.0,1350,868,969.0144653320312,8951445.0,2126374840,0
3RIMG_07JAN2017_0715_L2C_INS_V01R00.h5,07JAN,2017-01-07 07:15:00,2017-01-07 12:45:00,9.14,77.92,1229.0670156003907,0.0,1350,868,1006.237548828125,8951475.0,-2077071432,0
3RIMG_07JAN2017_0745_L2C_INS_V01R00.h5,07JAN,2017-01-07 07:45:00,2017-01-07 13:15:00,9.14,77.92,1229.0670156003907,0.0,1350,868,994.0201416015625,8951505.0,-30451784,0
3RIMG_07JAN2017_0815_L2C_INS_V01R00.h5,07JAN,2017-01-07 08:15:00,2017-01-07 13:45:00,9.14,77.92,1229.0670156003907,0.0,1350,868,957.6435546875,8951535.0,1441814456,0
3RIMG_07JAN2017_0845_L2C_INS_V01R00.h5,07JAN,2017-01-07 08:45:00,2017-01-07 14:15:00,9.14,77.92,1229.0670156003907,0.0,1350,868,932.1021728515625,8951565.0,53766072,0
3RIMG_07JAN2017_0915_L2C_INS_V01R00.h5,07JAN,2017-01-07 09:15:00,2017-01-07 14:45:00,9.14,77.92,1229.0670156003907,0.0,1350,868,825.1967163085938,8951595.0,861665208,0
3RIMG_07JAN2017_0945_L2C_INS_V01R00.h5,07JAN,2017-01-07 09:45:00,2017-01-07 15:15:00,9.14,77.92,1229.0670156003907,0.0,1350,868,784.2799072265625,8951625.0,-124360776,0
3RIMG_07JAN2017_1015_L2C_INS_V01R00.h5,07JAN,2017-01-07 10:15:00,2017-01-07 15:45:00,9.14,77.92,1229.0670156003907,0.0,1350,868,619.7923583984375,8951655.0,1556752312,0
3RIMG_07JAN2017_1045_L2C_INS_V01R00.h5,07JAN,2017-01-07 10:45:00,2017-01-07 16:15:00,9.14,77.92,1229.0670156003907,0.0,1350,868,564.7125854492188,8951685.0,-226429000,0
3RIMG_07JAN2017_1115_L2C_INS_V01R00.h5,07JAN,2017-01-07 11:15:00,2017-01-07 16:45:00,9.14,77.92,1229.0670156003907,0.0,1350,868,366.7687072753906,8951715.0,1410914232,0
3RIMG_07JAN2017_1145_L2C_INS_V01R00.h5,07JAN,2017-01-07 11:45:00,2017-01-07 17:15:00,9.14,77.92,1229.0670156003907,0.0,1350,868,293.96905517578125,8951745.0,-438397000,0
3RIMG_07JAN2017_1215_L2C_INS_V01R00.h5,07JAN,2017-01-07 12:15:00,2017-01-07 17:45:00,9.14,77.92,1229.0670156003907,0.0,1350,868,98.43711853027344,8951775.0,-1300449352,0
3RIMG_07JAN2017_1245_L2C_INS_V01R00.h5,07JAN,2017-01-07 12:45:00,2017-01-07 18:15:00,9.14,77.92,1229.0670156003907,0.0,1350,868,0.0,8951805.0,436467640,0
3RIMG_07JAN2017_1315_L2C_INS_V01R00.h5,07JAN,2017-01-07 13:15:00,2017-01-07 18:45:00,9.14,77.92,1229.0670156003907,0.0,1350,868,0.0,8951835.0,1886771128,0
3RIMG_07JAN2017_1345_L2C_INS_V01R00.h5,07JAN,2017-01-07 13:45:00,2017-01-07 19:15:00,9.14,77.92,1229.0670156003907,0.0,1350,868,0.0,8951865.0,142686136,0
3RIMG_07JAN2017_1415_L2C_INS_V01R00.h5,07JAN,2017-01-07 14:15:00,2017-01-07 19:45:00,9.14,77.92,1229.0670156003907,0.0,1350,868,0.0,8951895.0,-1610840136,0
3RIMG_07JAN2017_1445_L2C_INS_V01R00.h5,07JAN,2017-01-07 14:45:00,2017-01-07 20:15:00,9.14,77.92,1229.0670156003907,0.0,1350,868,0.0,8951925.0,1727678392,0
3RIMG_07JAN2017_1515_L2C_INS_V01R00.h5,07JAN,2017-01-07 15:15:00,2017-01-07 20:45:00,9.14,77.92,1229.0670156003907,0.0,1350,868,0.0,8951955.0,287156152,0
3RIMG_07JAN2017_1615_L2C_INS_V01R00.h5,07JAN,2017-01-07 16:15:00,2017-01-07 21:45:00,9.14,77.92,1229.0670156003907,0.0,1350,868,0.0,8952015.0,138889144,0
3RIMG_07JAN2017_1645_L2C_INS_V01R00.h5,07JAN,2017-01-07 16:45:00,2017-01-07 22:15:00,9.14,77.92,1229.0670156003907,0.0,1350,868,0.0,8952045.0,1246382008,0
3RIMG_07JAN2017_1715_L2C_INS_V01R00.h5,07JAN,2017-01-07 17:15:00,2017-01-07 22:45:00,9.14,77.92,1229.0670156003907,0.0,1350,868,0.0,8952075.0,-551188552,0
3RIMG_07JAN2017_1745_L2C_INS_V01R00.h5,07JAN,2017-01-07 17:45:00,2017-01-07 23:15:00,9.14,77.92,1229.0670156003907,0.0,1350,868,0.0,8952105.0,957880248,0
3RIMG_07JAN2017_1815_L2C_INS_V01R00.h5,07JAN,2017-01-07 18:15:00,2017-01-07 23:45:00,9.14,77.92,1229.0670156003907,0.0,1350,868,0.0,8952135.0,234723256,0
3RIMG_07JAN2017_1845_L2C_INS_V01R00.h5,07JAN,2017-01-07 18:45:00,2017-01-08 00:15:00,9.14,77.92,1229.0670156003907,0.0,1350,868,0.0,8952165.0,401876920,0
3RIMG_07JAN2017_1915_L2C_INS_V01R00.h5,07JAN,2017-01-07 19:15:00,2017-01-08 00:45:00,9.14,77.92,1229.0670156003907,0.0,1350,868,0.0,8952195.0,67798968,0
3RIMG_07JAN2017_1945_L2C_INS_V01R00.h5,07JAN,2017-01-07 19:45:00,2017-01-08 01:15:00,9.14,77.92,1229.0670156003907,0.0,1350,868,0.0,8952225.0,76826552,0
3RIMG_07JAN2017_2015_L2C_INS_V01R00.h5,07JAN,2017-01-07 20:15:00,2017-01-08 01:45:00,9.14,77.92,1229.0670156003907,0.0,1350,868,0.0,8952255.0,1365948344,0
3RIMG_07JAN2017_2045_L2C_INS_V01R00.h5,07JAN,2017-01-07 20:45:00,2017-01-08 02:15:00,9.14,77.92,1229.0670156003907,0.0,1350,868,0.0,8952285.0,-1437509704,0
3RIMG_07JAN2017_2115_L2C_INS_V01R00.h5,07JAN,2017-01-07 21:15:00,2017-01-08 02:45:00,9.14,77.92,1229.0670156003907,0.0,1350,868,0.0,8952315.0,-1574193224,0
3RIMG_07JAN2017_2145_L2C_INS_V01R00.h5,07JAN,2017-01-07 21:45:00,2017-01-08 03:15:00,9.14,77.92,1229.0670156003907,0.0,1350,868,0.0,8952345.0,1407928248,0
3RIMG_07JAN2017_2215_L2C_INS_V01R00.h5,07JAN,2017-01-07 22:15:00,2017-01-08 03:45:00,9.14,77.92,1229.0670156003907,0.0,1350,868,0.0,8952375.0,-1203648584,0
3RIMG_07JAN2017_2245_L2C_INS_V01R00.h5,07JAN,2017-01-07 22:45:00,2017-01-08 04:15:00,9.14,77.92,1229.0670156003907,0.0,1350,868,0.0,8952405.0,1235863480,0
3RIMG_07JAN2017_2315_L2C_INS_V01R00.h5,07JAN,2017-01-07 23:15:00,2017-01-08 04:45:00,9.14,77.92,1229.0670156003907,0.0,1350,868,0.0,8952435.0,1554065336,0
3RIMG_07JAN2017_2345_L2C_INS_V01R00.h5,07JAN,2017-01-07 23:45:00,2017-01-08 05:15:00,9.14,77.92,1229.0670156003907,0.0,1350,868,0.0,8952465.0,-459835464,0
3RIMG_08JAN2017_0015_L2C_INS_V01R00.h5,08JAN,2017-01-08 00:15:00,2017-01-08 05:45:00,9.14,77.92,1229.0670156003907,0.0,1350,868,0.0,8952495.0,-942413896,0
3RIMG_08JAN2017_0045_L2C_INS_V01R00.h5,08JAN,2017-01-08 00:45:00,2017-01-08 06:15:00,9.14,77.92,1229.0670156003907,0.0,1350,868,0.0,8952525.0,-34420808,0
3RIMG_08JAN2017_0115_L2C_INS_V01R00.h5,08JAN,2017-01-08 01:15:00,2017-01-08 06:45:00,9.14,77.92,1229.0670156003907,0.0,1350,868,0.0,8952555.0,1763030968,0
3RIMG_08JAN2017_0145_L2C_INS_V01R00.h5,08JAN,2017-01-08 01:45:00,2017-01-08 07:15:00,9.14,77.92,1229.0670156003907,0.0,1350,868,0.0,8952585.0,-572811336,0
3RIMG_08JAN2017_0215_L2C_INS_V01R00.h5,08JAN,2017-01-08 02:15:00,2017-01-08 07:45:00,9.14,77.92,1229.0670156003907,0.0,1350,868,145.98085021972656,8952615.0,1620436920,0
3RIMG_08JAN2017_0245_L2C_INS_V01R00.h5,08JAN,2017-01-08 02:45:00,2017-01-08 08:15:00,9.14,77.92,1229.0670156003907,0.0,1350,868,175.71893310546875,8952645.0,-1950914632,0
3RIMG_08JAN2017_0315_L2C_INS_V01R00.h5,08JAN,2017-01-08 03:15:00,2017-01-08 08:45:00,9.14,77.92,1229.0670156003907,0.0,1350,868,392.35113525390625,8952675.0,-1061279816,0
3RIMG_08JAN2017_0345_L2C_INS_V01R00.h5,08JAN,2017-01-08 03:45:00,2017-01-08 09:15:00,9.14,77.92,1229.0670156003907,0.0,1350,868,427.6343688964844,8952705.0,1745377208,0
3RIMG_08JAN2017_0415_L2C_INS_V01R00.h5,08JAN,2017-01-08 04:15:00,2017-01-08 09:45:00,9.14,77.92,1229.0670156003907,0.0,1350,868,635.5889892578125,8952735.0,-1518004296,0
3RIMG_08JAN2017_0445_L2C_INS_V01R00.h5,08JAN,2017-01-08 04:45:00,2017-01-08 10:15:00,9.14,77.92,1229.0670156003907,0.0,1350,868,663.5444946289062,8952765.0,31954872,0
3RIMG_08JAN2017_0515_L2C_INS_V01R00.h5,08JAN,2017-01-08 05:15:00,2017-01-08 10:45:00,9.14,77.92,1229.0670156003907,0.0,1350,868,831.7605590820312,8952795.0,1784412088,0
3RIMG_08JAN2017_0545_L2C_INS_V01R00.h5,08JAN,2017-01-08 05:45:00,2017-01-08 11:15:00,9.14,77.92,1229.0670156003907,0.0,1350,868,849.03271484375,8952825.0,-1217185864,0
3RIMG_08JAN2017_0615_L2C_INS_V01R00.h5,08JAN,2017-01-08 06:15:00,2017-01-08 11:45:00,9.14,77.92,1229.0670156003907,0.0,1350,868,957.0950927734375,8952855.0,29632440,0
3RIMG_08JAN2017_0645_L2C_INS_V01R00.h5,08JAN,2017-01-08 06:45:00,2017-01-08 12:15:00,9.14,77.92,1229.0670156003907,0.0,1350,868,963.8756103515625,8952885.0,1043314616,0
3RIMG_08JAN2017_0715_L2C_INS_V01R00.h5,08JAN,2017-01-08 07:15:00,2017-01-08 12:45:00,9.14,77.92,1229.0670156003907,0.0,1350,868,1001.0771484375,8952915.0,549328824,0
3RIMG_08JAN2017_0745_L2C_INS_V01R00.h5,08JAN,2017-01-08 07:45:00,2017-01-08 13:15:00,9.14,77.92,1229.0670156003907,0.0,1350,868,989.7237548828125,8952945.0,331237304,0
3RIMG_08JAN2017_0815_L2C_INS_V01R00.h5,08JAN,2017-01-08 08:15:00,2017-01-08 13:45:00,9.14,77.92,1229.0670156003907,0.0,1350,868,953.209228515625,8952975.0,-921401416,0
3RIMG_08JAN2017_0845_L2C_INS_V01R00.h5,08JAN,2017-01-08 08:45:00,2017-01-08 14:15:00,9.14,77.92,1229.0670156003907,0.0,1350,868,928.8357543945312,8953005.0,-661915720,0
3RIMG_08JAN2017_0915_L2C_INS_V01R00.h5,08JAN,2017-01-08 09:15:00,2017-01-08 14:45:00,9.14,77.92,1229.0670156003907,0.0,1350,868,821.56884765625,8953035.0,-216516680,0
3RIMG_08JAN2017_0945_L2C_INS_V01R00.h5,08JAN,2017-01-08 09:45:00,2017-01-08 15:15:00,9.14,77.92,1229.0670156003907,0.0,1350,868,780.9578857421875,8953065.0,-1873311816,0
3RIMG_08JAN2017_1015_L2C_INS_V01R00.h5,08JAN,2017-01-08 10:15:00,2017-01-08 15:45:00,9.14,77.92,1229.0670156003907,0.0,1350,868,617.6797485351562,8953095.0,1580476344,0
3RIMG_08JAN2017_1045_L2C_INS_V01R00.h5,08JAN,2017-01-08 10:45:00,2017-01-08 16:15:00,9.14,77.92,1229.0670156003907,0.0,1350,868,562.7627563476562,8953125.0,-1474762824,0
3RIMG_08JAN2017_1115_L2C_INS_V01R00.h5,08JAN,2017-01-08 11:15:00,2017-01-08 16:45:00,9.14,77.92,1229.0670156003907,0.0,1350,868,365.7919006347656,8953155.0,-1944889416,0
3RIMG_08JAN2017_1145_L2C_INS_V01R00.h5,08JAN,2017-01-08 11:45:00,2017-01-08 17:15:00,9.14,77.92,1229.0670156003907,0.0,1350,868,293.3699951171875,8953185.0,165509048,0
3RIMG_08JAN2017_1215_L2C_INS_V01R00.h5,08JAN,2017-01-08 12:15:00,2017-01-08 17:45:00,9.14,77.92,1229.0670156003907,0.0,1350,868,99.1241226196289,8953215.0,503007160,0
3RIMG_08JAN2017_1245_L2C_INS_V01R00.h5,08JAN,2017-01-08 12:45:00,2017-01-08 18:15:00,9.14,77.92,1229.0670156003907,0.0,1350,868,0.0,8953245.0,1731463096,0
3RIMG_08JAN2017_1315_L2C_INS_V01R00.h5,08JAN,2017-01-08 13:15:00,2017-01-08 18:45:00,9.14,77.92,1229.0670156003907,0.0,1350,868,0.0,8953275.0,266028984,0
3RIMG_08JAN2017_1345_L2C_INS_V01R00.h5,08JAN,2017-01-08 13:45:00,2017-01-08 19:15:00,9.14,77.92,1229.0670156003907,0.0,1350,868,0.0,8953305.0,-296937544,0
3RIMG_08JAN2017_1415_L2C_INS_V01R00.h5,08JAN,2017-01-08 14:15:00,2017-01-08 19:45:00,9.14,77.92,1229.0670156003907,0.0,1350,868,0.0,8953335.0,1647163320,0
3RIMG_08JAN2017_1445_L2C_INS_V01R00.h5,08JAN,2017-01-08 14:45:00,2017-01-08 20:15:00,9.14,77.92,1229.0670156003907,0.0,1350,868,0.0,8953365.0,-2094065736,0
3RIMG_08JAN2017_1515_L2C_INS_V01R00.h5,08JAN,2017-01-08 15:15:00,2017-01-08 20:45:00,9.14,77.92,1229.0670156003907,0.0,1350,868,0.0,8953395.0,-1914927176,0
3RIMG_08JAN2017_1545_L2C_INS_V01R00.h5,08JAN,2017-01-08 15:45:00,2017-01-08 21:15:00,9.14,77.92,1229.0670156003907,0.0,1350,868,0.0,8953425.0,-818534472,0
3RIMG_08JAN2017_1615_L2C_INS_V01R00.h5,08JAN,2017-01-08 16:15:00,2017-01-08 21:45:00,9.14,77.92,1229.0670156003907,0.0,1350,868,0.0,8953455.0,1934546872,0
3RIMG_08JAN2017_1645_L2C_INS_V01R00.h5,08JAN,2017-01-08 16:45:00,2017-01-08 22:15:00,9.14,77.92,1229.0670156003907,0.0,1350,868,0.0,8953485.0,-427452488,0
3RIMG_08JAN2017_1715_L2C_INS_V01R00.h5,08JAN,2017-01-08 17:15:00,2017-01-08 22:45:00,9.14,77.92,1229.0670156003907,0.0,1350,868,0.0,8953515.0,-1003968584,0
3RIMG_08JAN2017_1745_L2C_INS_V01R00.h5,08JAN,2017-01-08 17:45:00,2017-01-08 23:15:00,9.14,77.92,1229.0670156003907,0.0,1350,868,0.0,8953545.0,-2084698184,0
3RIMG_08JAN2017_1815_L2C_INS_V01R00.h5,08JAN,2017-01-08 18:15:00,2017-01-08 23:45:00,9.14,77.92,1229.0670156003907,0.0,1350,868,0.0,8953575.0,2021922744,0
3RIMG_08JAN2017_1845_L2C_INS_V01R00.h5,08JAN,2017-01-08 18:45:00,2017-01-09 00:15:00,9.14,77.92,1229.0670156003907,0.0,1350,868,0.0,8953605.0,-2131949640,0
3RIMG_08JAN2017_1915_L2C_INS_V01R00.h5,08JAN,2017-01-08 19:15:00,2017-01-09 00:45:00,9.14,77.92,1229.0670156003907,0.0,1350,868,0.0,8953635.0,-1413597256,0
3RIMG_08JAN2017_1945_L2C_INS_V01R00.h5,08JAN,2017-01-08 19:45:00,2017-01-09 01:15:00,9.14,77.92,1229.0670156003907,0.0,1350,868,0.0,8953665.0,1641699256,0
3RIMG_08JAN2017_2015_L2C_INS_V01R00.h5,08JAN,2017-01-08 20:15:00,2017-01-09 01:45:00,9.14,77.92,1229.0670156003907,0.0,1350,868,0.0,8953695.0,-1649203272,0
3RIMG_08JAN2017_2045_L2C_INS_V01R00.h5,08JAN,2017-01-08 20:45:00,2017-01-09 02:15:00,9.14,77.92,1229.0670156003907,0.0,1350,868,0.0,8953725.0,-663529544,0
3RIMG_08JAN2017_2115_L2C_INS_V01R00.h5,08JAN,2017-01-08 21:15:00,2017-01-09 02:45:00,9.14,77.92,1229.0670156003907,0.0,1350,868,0.0,8953755.0,1786374072,0
3RIMG_08JAN2017_2145_L2C_INS_V01R00.h5,08JAN,2017-01-08 21:45:00,2017-01-09 03:15:00,9.14,77.92,1229.0670156003907,0.0,1350,868,0.0,8953785.0,-568354888,0
3RIMG_08JAN2017_2215_L2C_INS_V01R00.h5,08JAN,2017-01-08 22:15:00,2017-01-09 03:45:00,9.14,77.92,1229.0670156003907,0.0,1350,868,0.0,8953815.0,-75970632,0
3RIMG_08JAN2017_2245_L2C_INS_V01R00.h5,08JAN,2017-01-08 22:45:00,2017-01-09 04:15:00,9.14,77.92,1229.0670156003907,0.0,1350,868,0.0,8953845.0,-492427336,0
3RIMG_08JAN2017_2315_L2C_INS_V01R00.h5,08JAN,2017-01-08 23:15:00,2017-01-09 04:45:00,9.14,77.92,1229.0670156003907,0.0,1350,868,0.0,8953875.0,-953915464,0
3RIMG_08JAN2017_2345_L2C_INS_V01R00.h5,08JAN,2017-01-08 23:45:00,2017-01-09 05:15:00,9.14,77.92,1229.0670156003907,0.0,1350,868,0.0,8953905.0,-1201416264,0
3RIMG_09JAN2017_0015_L2C_INS_V01R00.h5,09JAN,2017-01-09 00:15:00,2017-01-09 05:45:00,9.14,77.92,1229.0670156003907,0.0,1350,868,0.0,8953935.0,79091640,0
3RIMG_09JAN2017_0045_L2C_INS_V01R00.h5,09JAN,2017-01-09 00:45:00,2017-01-09 06:15:00,9.14,77.92,1229.0670156003907,0.0,1350,868,0.0,8953965.0,-2015238216,0
3RIMG_09JAN2017_0115_L2C_INS_V01R00.h5,09JAN,2017-01-09 01:15:00,2017-01-09 06:45:00,9.14,77.92,1229.0670156003907,0.0,1350,868,0.0,8953995.0,2034034616,0
3RIMG_09JAN2017_0145_L2C_INS_V01R00.h5,09JAN,2017-01-09 01:45:00,2017-01-09 07:15:00,9.14,77.92,1229.0670156003907,0.0,1350,868,0.0,8954025.0,2115475384,0
3RIMG_09JAN2017_0215_L2C_INS_V01R00.h5,09JAN,2017-01-09 02:15:00,2017-01-09 07:45:00,9.14,77.92,1229.0670156003907,0.0,1350,868,171.60440063476562,8954055.0,1779546040,0
3RIMG_09JAN2017_0245_L2C_INS_V01R00.h5,09JAN,2017-01-09 02:45:00,2017-01-09 08:15:00,9.14,77.92,1229.0670156003907,0.0,1350,868,194.16482543945312,8954085.0,-1797953608,0
3RIMG_09JAN2017_0315_L2C_INS_V01R00.h5,09JAN,2017-01-09 03:15:00,2017-01-09 08:45:00,9.14,77.92,1229.0670156003907,0.0,1350,868,431.5199890136719,8954115.0,-429942856,0
3RIMG_09JAN2017_0345_L2C_INS_V01R00.h5,09JAN,2017-01-09 03:45:00,2017-01-09 09:15:00,9.14,77.92,1229.0670156003907,0.0,1350,868,457.8740539550781,8954145.0,-1116203080,0
3RIMG_09JAN2017_0415_L2C_INS_V01R00.h5,09JAN,2017-01-09 04:15:00,2017-01-09 09:45:00,9.14,77.92,1229.0670156003907,0.0,1350,868,677.4120483398438,8954175.0,-1698740296,0
3RIMG_09JAN2017_0445_L2C_INS_V01R00.h5,09JAN,2017-01-09 04:45:00,2017-01-09 10:15:00,9.14,77.92,1229.0670156003907,0.0,1350,868,699.506591796875,8954205.0,1687758776,0
3RIMG_09JAN2017_0515_L2C_INS_V01R00.h5,09JAN,2017-01-09 05:15:00,2017-01-09 10:45:00,9.14,77.92,1229.0670156003907,0.0,1350,868,877.1565551757812,8954235.0,1842825144,0
3RIMG_09JAN2017_0545_L2C_INS_V01R00.h5,09JAN,2017-01-09 05:45:00,2017-01-09 11:15:00,9.14,77.92,1229.0670156003907,0.0,1350,868,889.3751831054688,8954265.0,364054456,0
3RIMG_09JAN2017_0615_L2C_INS_V01R00.h5,09JAN,2017-01-09 06:15:00,2017-01-09 11:45:00,9.14,77.92,1229.0670156003907,0.0,1350,868,1006.3886108398438,8954295.0,1948583864,0
3RIMG_09JAN2017_0645_L2C_INS_V01R00.h5,09JAN,2017-01-09 06:45:00,2017-01-09 12:15:00,9.14,77.92,1229.0670156003907,0.0,1350,868,1008.3447265625,8954325.0,-1299884104,0
3RIMG_09JAN2017_0715_L2C_INS_V01R00.h5,09JAN,2017-01-09 07:15:00,2017-01-09 12:45:00,9.14,77.92,1229.0670156003907,0.0,1350,868,1050.33203125,8954355.0,-157644872,0
3RIMG_09JAN2017_0745_L2C_INS_V01R00.h5,09JAN,2017-01-09 07:45:00,2017-01-09 13:15:00,9.14,77.92,1229.0670156003907,0.0,1350,868,1041.374267578125,8954385.0,1836271544,0
3RIMG_09JAN2017_0815_L2C_INS_V01R00.h5,09JAN,2017-01-09 08:15:00,2017-01-09 13:45:00,9.14,77.92,1229.0670156003907,0.0,1350,868,1009.818115234375,8954415.0,71624632,0
3RIMG_09JAN2017_0845_L2C_INS_V01R00.h5,09JAN,2017-01-09 08:45:00,2017-01-09 14:15:00,9.14,77.92,1229.0670156003907,0.0,1350,868,990.0693359375,8954445.0,-2102646856,0
3RIMG_09JAN2017_0945_L2C_INS_V01R00.h5,09JAN,2017-01-09 09:45:00,2017-01-09 15:15:00,9.14,77.92,1229.0670156003907,0.0,1350,868,854.7675170898438,8954505.0,760367032,0
3RIMG_09JAN2017_1015_L2C_INS_V01R00.h5,09JAN,2017-01-09 10:15:00,2017-01-09 15:45:00,9.14,77.92,1229.0670156003907,0.0,1350,868,687.7344970703125,8954535.0,800253880,0
3RIMG_09JAN2017_1045_L2C_INS_V01R00.h5,09JAN,2017-01-09 10:45:00,2017-01-09 16:15:00,9.14,77.92,1229.0670156003907,0.0,1350,868,646.5330810546875,8954565.0,563836856,0
3RIMG_09JAN2017_1115_L2C_INS_V01R00.h5,09JAN,2017-01-09 11:15:00,2017-01-09 16:45:00,9.14,77.92,1229.0670156003907,0.0,1350,868,437.1821594238281,8954595.0,-124545096,0
3RIMG_09JAN2017_1145_L2C_INS_V01R00.h5,09JAN,2017-01-09 11:45:00,2017-01-09 17:15:00,9.14,77.92,1229.0670156003907,0.0,1350,868,378.8763732910156,8954625.0,-2006280264,0
3RIMG_09JAN2017_1215_L2C_INS_V01R00.h5,09JAN,2017-01-09 12:15:00,2017-01-09 17:45:00,9.14,77.92,1229.0670156003907,0.0,1350,868,153.34007263183594,8954655.0,-471734344,0
3RIMG_09JAN2017_1245_L2C_INS_V01R00.h5,09JAN,2017-01-09 12:45:00,2017-01-09 18:15:00,9.14,77.92,1229.0670156003907,0.0,1350,868,0.0,8954685.0,1239320504,0
3RIMG_09JAN2017_1315_L2C_INS_V01R00.h5,09JAN,2017-01-09 13:15:00,2017-01-09 18:45:00,9.14,77.92,1229.0670156003907,0.0,1350,868,0.0,8954715.0,385820600,0
3RIMG_09JAN2017_1345_L2C_INS_V01R00.h5,09JAN,2017-01-09 13:45:00,2017-01-09 19:15:00,9.14,77.92,1229.0670156003907,0.0,1350,868,0.0,8954745.0,1825564600,0
3RIMG_09JAN2017_1415_L2C_INS_V01R00.h5,09JAN,2017-01-09 14:15:00,2017-01-09 19:45:00,9.14,77.92,1229.0670156003907,0.0,1350,868,0.0,8954775.0,745408440,0
3RIMG_09JAN2017_1445_L2C_INS_V01R00.h5,09JAN,2017-01-09 14:45:00,2017-01-09 20:15:00,9.14,77.92,1229.0670156003907,0.0,1350,868,0.0,8954805.0,-925726792,0
3RIMG_09JAN2017_1515_L2C_INS_V01R00.h5,09JAN,2017-01-09 15:15:00,2017-01-09 20:45:00,9.14,77.92,1229.0670156003907,0.0,1350,868,0.0,8954835.0,611301304,0
3RIMG_09JAN2017_1545_L2C_INS_V01R00.h5,09JAN,2017-01-09 15:45:00,2017-01-09 21:15:00,9.14,77.92,1229.0670156003907,0.0,1350,868,0.0,8954865.0,320751544,0
3RIMG_09JAN2017_1615_L2C_INS_V01R00.h5,09JAN,2017-01-09 16:15:00,2017-01-09 21:45:00,9.14,77.92,1229.0670156003907,0.0,1350,868,0.0,8954895.0,-1525151816,0
3RIMG_09JAN2017_1645_L2C_INS_V01R00.h5,09JAN,2017-01-09 16:45:00,2017-01-09 22:15:00,9.14,77.92,1229.0670156003907,0.0,1350,868,0.0,8954925.0,569714616,0
3RIMG_09JAN2017_1715_L2C_INS_V01R00.h5,09JAN,2017-01-09 17:15:00,2017-01-09 22:45:00,9.14,77.92,1229.0670156003907,0.0,1350,868,0.0,8954955.0,1044559800,0
3RIMG_09JAN2017_1745_L2C_INS_V01R00.h5,09JAN,2017-01-09 17:45:00,2017-01-09 23:15:00,9.14,77.92,1229.0670156003907,0.0,1350,868,0.0,8954985.0,1333729208,0
3RIMG_09JAN2017_1815_L2C_INS_V01R00.h5,09JAN,2017-01-09 18:15:00,2017-01-09 23:45:00,9.14,77.92,1229.0670156003907,0.0,1350,868,0.0,8955015.0,811993016,0
3RIMG_09JAN2017_1845_L2C_INS_V01R00.h5,09JAN,2017-01-09 18:45:00,2017-01-10 00:15:00,9.14,77.92,1229.0670156003907,0.0,1350,868,0.0,8955045.0,-1292486728,0
3RIMG_09JAN2017_1915_L2C_INS_V01R00.h5,09JAN,2017-01-09 19:15:00,2017-01-10 00:45:00,9.14,77.92,1229.0670156003907,0.0,1350,868,0.0,8955075.0,-2057660488,0
3RIMG_09JAN2017_1945_L2C_INS_V01R00.h5,09JAN,2017-01-09 19:45:00,2017-01-10 01:15:00,9.14,77.92,1229.0670156003907,0.0,1350,868,0.0,8955105.0,982783928,0
3RIMG_09JAN2017_2015_L2C_INS_V01R00.h5,09JAN,2017-01-09 20:15:00,2017-01-10 01:45:00,9.14,77.92,1229.0670156003907,0.0,1350,868,0.0,8955135.0,-1801787464,0
3RIMG_09JAN2017_2045_L2C_INS_V01R00.h5,09JAN,2017-01-09 20:45:00,2017-01-10 02:15:00,9.14,77.92,1229.0670156003907,0.0,1350,868,0.0,8955165.0,-611936328,0
3RIMG_09JAN2017_2115_L2C_INS_V01R00.h5,09JAN,2017-01-09 21:15:00,2017-01-10 02:45:00,9.14,77.92,1229.0670156003907,0.0,1350,868,0.0,8955195.0,865695672,0
3RIMG_09JAN2017_2145_L2C_INS_V01R00.h5,09JAN,2017-01-09 21:45:00,2017-01-10 03:15:00,9.14,77.92,1229.0670156003907,0.0,1350,868,0.0,8955225.0,-855976008,0
3RIMG_09JAN2017_2215_L2C_INS_V01R00.h5,09JAN,2017-01-09 22:15:00,2017-01-10 03:45:00,9.14,77.92,1229.0670156003907,0.0,1350,868,0.0,8955255.0,-759236680,0
3RIMG_09JAN2017_2245_L2C_INS_V01R00.h5,09JAN,2017-01-09 22:45:00,2017-01-10 04:15:00,9.14,77.92,1229.0670156003907,0.0,1350,868,0.0,8955285.0,550950840,0
3RIMG_09JAN2017_2315_L2C_INS_V01R00.h5,09JAN,2017-01-09 23:15:00,2017-01-10 04:45:00,9.14,77.92,1229.0670156003907,0.0,1350,868,0.0,8955315.0,-506173512,0
3RIMG_09JAN2017_2345_L2C_INS_V01R00.h5,09JAN,2017-01-09 23:45:00,2017-01-10 05:15:00,9.14,77.92,1229.0670156003907,0.0,1350,868,0.0,8955345.0,876701624,0
3RIMG_10JAN2017_0015_L2C_INS_V01R00.h5,10JAN,2017-01-10 00:15:00,2017-01-10 05:45:00,9.14,77.92,1229.0670156003907,0.0,1350,868,0.0,8955375.0,-1721768008,0
3RIMG_10JAN2017_0045_L2C_INS_V01R00.h5,10JAN,2017-01-10 00:45:00,2017-01-10 06:15:00,9.14,77.92,1229.0670156003907,0.0,1350,868,0.0,8955405.0,1193641912,0
3RIMG_10JAN2017_0115_L2C_INS_V01R00.h5,10JAN,2017-01-10 01:15:00,2017-01-10 06:45:00,9.14,77.92,1229.0670156003907,0.0,1350,868,0.0,8955435.0,-656566344,0
3RIMG_10JAN2017_0145_L2C_INS_V01R00.h5,10JAN,2017-01-10 01:45:00,2017-01-10 07:15:00,9.14,77.92,1229.0670156003907,0.0,1350,868,0.0,8955465.0,1963165624,0
3RIMG_10JAN2017_0215_L2C_INS_V01R00.h5,10JAN,2017-01-10 02:15:00,2017-01-10 07:45:00,9.14,77.92,1229.0670156003907,0.0,1350,868,170.33349609375,8955495.0,-1540081736,0
3RIMG_10JAN2017_0245_L2C_INS_V01R00.h5,10JAN,2017-01-10 02:45:00,2017-01-10 08:15:00,9.14,77.92,1229.0670156003907,0.0,1350,868,194.53045654296875,8955525.0,-269129800,0
3RIMG_10JAN2017_0315_L2C_INS_V01R00.h5,10JAN,2017-01-10 03:15:00,2017-01-10 08:45:00,9.14,77.92,1229.0670156003907,0.0,1350,868,431.9436340332031,8955555.0,1637795768,0
3RIMG_10JAN2017_0345_L2C_INS_V01R00.h5,10JAN,2017-01-10 03:45:00,2017-01-10 09:15:00,9.14,77.92,1229.0670156003907,0.0,1350,868,458.11834716796875,8955585.0,-1017059400,0
3RIMG_10JAN2017_0415_L2C_INS_V01R00.h5,10JAN,2017-01-10 04:15:00,2017-01-10 09:45:00,9.14,77.92,1229.0670156003907,0.0,1350,868,680.1245727539062,8955615.0,-1121523784,0
3RIMG_10JAN2017_0445_L2C_INS_V01R00.h5,10JAN,2017-01-10 04:45:00,2017-01-10 10:15:00,9.14,77.92,1229.0670156003907,0.0,1350,868,700.581787109375,8955645.0,-1563322440,0
3RIMG_10JAN2017_0515_L2C_INS_V01R00.h5,10JAN,2017-01-10 05:15:00,2017-01-10 10:45:00,9.14,77.92,1229.0670156003907,0.0,1350,868,880.42431640625,8955675.0,1382385592,0
3RIMG_10JAN2017_0545_L2C_INS_V01R00.h5,10JAN,2017-01-10 05:45:00,2017-01-10 11:15:00,9.14,77.92,1229.0670156003907,0.0,1350,868,893.231201171875,8955705.0,34318264,0
3RIMG_10JAN2017_0615_L2C_INS_V01R00.h5,10JAN,2017-01-10 06:15:00,2017-01-10 11:45:00,9.14,77.92,1229.0670156003907,0.0,1350,868,1010.7669677734375,8955735.0,-1149913160,0
3RIMG_10JAN2017_0645_L2C_INS_V01R00.h5,10JAN,2017-01-10 06:45:00,2017-01-10 12:15:00,9.14,77.92,1229.0670156003907,0.0,1350,868,1008.6294555664062,8955765.0,-1954162760,0
3RIMG_10JAN2017_0715_L2C_INS_V01R00.h5,10JAN,2017-01-10 07:15:00,2017-01-10 12:45:00,9.14,77.92,1229.0670156003907,0.0,1350,868,1056.9302978515625,8955795.0,-869558344,0
3RIMG_10JAN2017_0745_L2C_INS_V01R00.h5,10JAN,2017-01-10 07:45:00,2017-01-10 13:15:00,9.14,77.92,1229.0670156003907,0.0,1350,868,1048.2955322265625,8955825.0,1402963896,0
3RIMG_10JAN2017_0815_L2C_INS_V01R00.h5,10JAN,2017-01-10 08:15:00,2017-01-10 13:45:00,9.14,77.92,1229.0670156003907,0.0,1350,868,1015.55126953125,8955855.0,-436754504,0
3RIMG_10JAN2017_0845_L2C_INS_V01R00.h5,10JAN,2017-01-10 08:45:00,2017-01-10 14:15:00,9.14,77.92,1229.0670156003907,0.0,1350,868,997.1397094726562,8955885.0,743544760,0
3RIMG_10JAN2017_0915_L2C_INS_V01R00.h5,10JAN,2017-01-10 09:15:00,2017-01-10 14:45:00,9.14,77.92,1229.0670156003907,0.0,1350,868,890.7503051757812,8955915.0,1180489656,0
3RIMG_10JAN2017_0945_L2C_INS_V01R00.h5,10JAN,2017-01-10 09:45:00,2017-01-10 15:15:00,9.14,77.92,1229.0670156003907,0.0,1350,868,859.7117309570312,8955945.0,1272829880,0
3RIMG_10JAN2017_1015_L2C_INS_V01R00.h5,10JAN,2017-01-10 10:15:00,2017-01-10 15:45:00,9.14,77.92,1229.0670156003907,0.0,1350,868,693.0881958007812,8955975.0,-1685284936,0
3RIMG_10JAN2017_1045_L2C_INS_V01R00.h5,10JAN,2017-01-10 10:45:00,2017-01-10 16:15:00,9.14,77.92,1229.0670156003907,0.0,1350,868,650.9024047851562,8956005.0,2026756024,0
3RIMG_10JAN2017_1115_L2C_INS_V01R00.h5,10JAN,2017-01-10 11:15:00,2017-01-10 16:45:00,9.14,77.92,1229.0670156003907,0.0,1350,868,442.24700927734375,8956035.0,1389451192,0
3RIMG_10JAN2017_1145_L2C_INS_V01R00.h5,10JAN,2017-01-10 11:45:00,2017-01-10 17:15:00,9.14,77.92,1229.0670156003907,0.0,1350,868,381.3714904785156,8956065.0,548677560,0
3RIMG_10JAN2017_1215_L2C_INS_V01R00.h5,10JAN,2017-01-10 12:15:00,2017-01-10 17:45:00,9.14,77.92,1229.0670156003907,0.0,1350,868,156.11056518554688,8956095.0,9820088,0
3RIMG_10JAN2017_1245_L2C_INS_V01R00.h5,10JAN,2017-01-10 12:45:00,2017-01-10 18:15:00,9.14,77.92,1229.0670156003907,0.0,1350,868,0.0,8956125.0,-821934152,0
3RIMG_10JAN2017_1315_L2C_INS_V01R00.h5,10JAN,2017-01-10 13:15:00,2017-01-10 18:45:00,9.14,77.92,1229.0670156003907,0.0,1350,868,0.0,8956155.0,1593960376,0
3RIMG_10JAN2017_1345_L2C_INS_V01R00.h5,10JAN,2017-01-10 13:45:00,2017-01-10 19:15:00,9.14,77.92,1229.0670156003907,0.0,1350,868,0.0,8956185.0,-2078623816,0
3RIMG_10JAN2017_1415_L2C_INS_V01R00.h5,10JAN,2017-01-10 14:15:00,2017-01-10 19:45:00,9.14,77.92,1229.0670156003907,0.0,1350,868,0.0,8956215.0,-395196488,0
3RIMG_10JAN2017_1445_L2C_INS_V01R00.h5,10JAN,2017-01-10 14:45:00,2017-01-10 20:15:00,9.14,77.92,1229.0670156003907,0.0,1350,868,0.0,8956245.0,639735736,0
3RIMG_10JAN2017_1515_L2C_INS_V01R00.h5,10JAN,2017-01-10 15:15:00,2017-01-10 20:45:00,9.14,77.92,1229.0670156003907,0.0,1350,868,0.0,8956275.0,-2014283848,0
3RIMG_10JAN2017_1545_L2C_INS_V01R00.h5,10JAN,2017-01-10 15:45:00,2017-01-10 21:15:00,9.14,77.92,1229.0670156003907,0.0,1350,868,0.0,8956305.0,-1407318088,0
3RIMG_10JAN2017_1615_L2C_INS_V01R00.h5,10JAN,2017-01-10 16:15:00,2017-01-10 21:45:00,9.14,77.92,1229.0670156003907,0.0,1350,868,0.0,8956335.0,580552632,0
3RIMG_10JAN2017_1645_L2C_INS_V01R00.h5,10JAN,2017-01-10 16:45:00,2017-01-10 22:15:00,9.14,77.92,1229.0670156003907,0.0,1350,868,0.0,8956365.0,-2124679240,0
3RIMG_10JAN2017_1715_L2C_INS_V01R00.h5,10JAN,2017-01-10 17:15:00,2017-01-10 22:45:00,9.14,77.92,1229.0670156003907,0.0,1350,868,0.0,8956395.0,-1792264264,0
3RIMG_10JAN2017_1745_L2C_INS_V01R00.h5,10JAN,2017-01-10 17:45:00,2017-01-10 23:15:00,9.14,77.92,1229.0670156003907,0.0,1350,868,0.0,8956425.0,-1826068552,0
3RIMG_10JAN2017_1815_L2C_INS_V01R00.h5,10JAN,2017-01-10 18:15:00,2017-01-10 23:45:00,9.14,77.92,1229.0670156003907,0.0,1350,868,0.0,8956455.0,1257125816,0
3RIMG_10JAN2017_1845_L2C_INS_V01R00.h5,10JAN,2017-01-10 18:45:00,2017-01-11 00:15:00,9.14,77.92,1229.0670156003907,0.0,1350,868,0.0,8956485.0,1215911864,0
3RIMG_10JAN2017_1915_L2C_INS_V01R00.h5,10JAN,2017-01-10 19:15:00,2017-01-11 00:45:00,9.14,77.92,1229.0670156003907,0.0,1350,868,0.0,8956515.0,381118392,0
3RIMG_10JAN2017_1945_L2C_INS_V01R00.h5,10JAN,2017-01-10 19:45:00,2017-01-11 01:15:00,9.14,77.92,1229.0670156003907,0.0,1350,868,0.0,8956545.0,1515063224,0
3RIMG_10JAN2017_2015_L2C_INS_V01R00.h5,10JAN,2017-01-10 20:15:00,2017-01-11 01:45:00,9.14,77.92,1229.0670156003907,0.0,1350,868,0.0,8956575.0,131602360,0
3RIMG_10JAN2017_2045_L2C_INS_V01R00.h5,10JAN,2017-01-10 20:45:00,2017-01-11 02:15:00,9.14,77.92,1229.0670156003907,0.0,1350,868,0.0,8956605.0,-1640036424,0
3RIMG_10JAN2017_2115_L2C_INS_V01R00.h5,10JAN,2017-01-10 21:15:00,2017-01-11 02:45:00,9.14,77.92,1229.0670156003907,0.0,1350,868,0.0,8956635.0,-1079453768,0
3RIMG_10JAN2017_2145_L2C_INS_V01R00.h5,10JAN,2017-01-10 21:45:00,2017-01-11 03:15:00,9.14,77.92,1229.0670156003907,0.0,1350,868,0.0,8956665.0,-886323272,0
3RIMG_10JAN2017_2215_L2C_INS_V01R00.h5,10JAN,2017-01-10 22:15:00,2017-01-11 03:45:00,9.14,77.92,1229.0670156003907,0.0,1350,868,0.0,8956695.0,-1234073672,0
3RIMG_10JAN2017_2245_L2C_INS_V01R00.h5,10JAN,2017-01-10 22:45:00,2017-01-11 04:15:00,9.14,77.92,1229.0670156003907,0.0,1350,868,0.0,8956725.0,-707020872,0
3RIMG_10JAN2017_2315_L2C_INS_V01R00.h5,10JAN,2017-01-10 23:15:00,2017-01-11 04:45:00,9.14,77.92,1229.0670156003907,0.0,1350,868,0.0,8956755.0,873465784,0
3RIMG_10JAN2017_2345_L2C_INS_V01R00.h5,10JAN,2017-01-10 23:45:00,2017-01-11 05:15:00,9.14,77.92,1229.0670156003907,0.0,1350,868,0.0,8956785.0,1650751416,0
3RIMG_11JAN2017_0015_L2C_INS_V01R00.h5,11JAN,2017-01-11 00:15:00,2017-01-11 05:45:00,9.14,77.92,1229.0670156003907,0.0,1350,868,0.0,8956815.0,1135773624,0
3RIMG_11JAN2017_0045_L2C_INS_V01R00.h5,11JAN,2017-01-11 00:45:00,2017-01-11 06:15:00,9.14,77.92,1229.0670156003907,0.0,1350,868,0.0,8956845.0,-1137903688,0
3RIMG_11JAN2017_0115_L2C_INS_V01R00.h5,11JAN,2017-01-11 01:15:00,2017-01-11 06:45:00,9.14,77.92,1229.0670156003907,0.0,1350,868,0.0,8956875.0,410073016,0
3RIMG_11JAN2017_0145_L2C_INS_V01R00.h5,11JAN,2017-01-11 01:45:00,2017-01-11 07:15:00,9.14,77.92,1229.0670156003907,0.0,1350,868,0.0,8956905.0,-2047273032,0
3RIMG_11JAN2017_0215_L2C_INS_V01R00.h5,11JAN,2017-01-11 02:15:00,2017-01-11 07:45:00,9.14,77.92,1229.0670156003907,0.0,1350,868,170.48992919921875,8956935.0,-2047674440,0
3RIMG_11JAN2017_0245_L2C_INS_V01R00.h5,11JAN,2017-01-11 02:45:00,2017-01-11 08:15:00,9.14,77.92,1229.0670156003907,0.0,1350,868,193.97201538085938,8956965.0,-1453877320,0
3RIMG_11JAN2017_0315_L2C_INS_V01R00.h5,11JAN,2017-01-11 03:15:00,2017-01-11 08:45:00,9.14,77.92,1229.0670156003907,0.0,1350,868,433.1278076171875,8956995.0,2083891128,0
3RIMG_11JAN2017_0345_L2C_INS_V01R00.h5,11JAN,2017-01-11 03:45:00,2017-01-11 09:15:00,9.14,77.92,1229.0670156003907,0.0,1350,868,456.0028076171875,8957025.0,1306199992,0
3RIMG_11JAN2017_0745_L2C_INS_V01R00.h5,11JAN,2017-01-11 07:45:00,2017-01-11 13:15:00,9.14,77.92,1229.0670156003907,0.0,1350,868,1045.3404541015625,8957265.0,-1725065288,0
3RIMG_11JAN2017_0815_L2C_INS_V01R00.h5,11JAN,2017-01-11 08:15:00,2017-01-11 13:45:00,9.14,77.92,1229.0670156003907,0.0,1350,868,1008.7457275390625,8957295.0,111048632,0
3RIMG_11JAN2017_0845_L2C_INS_V01R00.h5,11JAN,2017-01-11 08:45:00,2017-01-11 14:15:00,9.14,77.92,1229.0670156003907,0.0,1350,868,998.2739868164062,8957325.0,-898005064,0
3RIMG_11JAN2017_0915_L2C_INS_V01R00.h5,11JAN,2017-01-11 09:15:00,2017-01-11 14:45:00,9.14,77.92,1229.0670156003907,0.0,1350,868,893.064453125,8957355.0,1625720760,0
3RIMG_11JAN2017_0945_L2C_INS_V01R00.h5,11JAN,2017-01-11 09:45:00,2017-01-11 15:15:00,9.14,77.92,1229.0670156003907,0.0,1350,868,862.8720703125,8957385.0,769775544,0
3RIMG_11JAN2017_1015_L2C_INS_V01R00.h5,11JAN,2017-01-11 10:15:00,2017-01-11 15:45:00,9.14,77.92,1229.0670156003907,0.0,1350,868,694.3997802734375,8957415.0,1230014392,0
3RIMG_11JAN2017_1045_L2C_INS_V01R00.h5,11JAN,2017-01-11 10:45:00,2017-01-11 16:15:00,9.14,77.92,1229.0670156003907,0.0,1350,868,652.8723754882812,8957445.0,-878381128,0
3RIMG_11JAN2017_1115_L2C_INS_V01R00.h5,11JAN,2017-01-11 11:15:00,2017-01-11 16:45:00,9.14,77.92,1229.0670156003907,0.0,1350,868,442.4754638671875,8957475.0,-992725064,0
3RIMG_11JAN2017_1145_L2C_INS_V01R00.h5,11JAN,2017-01-11 11:45:00,2017-01-11 17:15:00,9.14,77.92,1229.0670156003907,0.0,1350,868,384.2743835449219,8957505.0,1101440952,0
3RIMG_11JAN2017_1215_L2C_INS_V01R00.h5,11JAN,2017-01-11 12:15:00,2017-01-11 17:45:00,9.14,77.92,1229.0670156003907,0.0,1350,868,157.5052490234375,8957535.0,-1832388680,0
3RIMG_11JAN2017_1245_L2C_INS_V01R00.h5,11JAN,2017-01-11 12:45:00,2017-01-11 18:15:00,9.14,77.92,1229.0670156003907,0.0,1350,868,0.0,8957565.0,-1250691144,0
3RIMG_11JAN2017_1315_L2C_INS_V01R00.h5,11JAN,2017-01-11 13:15:00,2017-01-11 18:45:00,9.14,77.92,1229.0670156003907,0.0,1350,868,0.0,8957595.0,1349081016,0
3RIMG_11JAN2017_1345_L2C_INS_V01R00.h5,11JAN,2017-01-11 13:45:00,2017-01-11 19:15:00,9.14,77.92,1229.0670156003907,0.0,1350,868,0.0,8957625.0,-836171848,0
3RIMG_11JAN2017_1415_L2C_INS_V01R00.h5,11JAN,2017-01-11 14:15:00,2017-01-11 19:45:00,9.14,77.92,1229.0670156003907,0.0,1350,868,0.0,8957655.0,-206137416,0
3RIMG_11JAN2017_1445_L2C_INS_V01R00.h5,11JAN,2017-01-11 14:45:00,2017-01-11 20:15:00,9.14,77.92,1229.0670156003907,0.0,1350,868,0.0,8957685.0,-354486344,0
3RIMG_11JAN2017_1515_L2C_INS_V01R00.h5,11JAN,2017-01-11 15:15:00,2017-01-11 20:45:00,9.14,77.92,1229.0670156003907,0.0,1350,868,0.0,8957715.0,-1018677320,0
3RIMG_11JAN2017_1545_L2C_INS_V01R00.h5,11JAN,2017-01-11 15:45:00,2017-01-11 21:15:00,9.14,77.92,1229.0670156003907,0.0,1350,868,0.0,8957745.0,-1584310344,0
3RIMG_11JAN2017_1615_L2C_INS_V01R00.h5,11JAN,2017-01-11 16:15:00,2017-01-11 21:45:00,9.14,77.92,1229.0670156003907,0.0,1350,868,0.0,8957775.0,1959634872,0
3RIMG_11JAN2017_1645_L2C_INS_V01R00.h5,11JAN,2017-01-11 16:45:00,2017-01-11 22:15:00,9.14,77.92,1229.0670156003907,0.0,1350,868,0.0,8957805.0,409544632,0
3RIMG_11JAN2017_1715_L2C_INS_V01R00.h5,11JAN,2017-01-11 17:15:00,2017-01-11 22:45:00,9.14,77.92,1229.0670156003907,0.0,1350,868,0.0,8957835.0,746891192,0
3RIMG_11JAN2017_1745_L2C_INS_V01R00.h5,11JAN,2017-01-11 17:45:00,2017-01-11 23:15:00,9.14,77.92,1229.0670156003907,0.0,1350,868,0.0,8957865.0,-1433114696,0
3RIMG_11JAN2017_1815_L2C_INS_V01R00.h5,11JAN,2017-01-11 18:15:00,2017-01-11 23:45:00,9.14,77.92,1229.0670156003907,0.0,1350,868,0.0,8957895.0,605054904,0
3RIMG_11JAN2017_1845_L2C_INS_V01R00.h5,11JAN,2017-01-11 18:45:00,2017-01-12 00:15:00,9.14,77.92,1229.0670156003907,0.0,1350,868,0.0,8957925.0,386672568,0
3RIMG_11JAN2017_1915_L2C_INS_V01R00.h5,11JAN,2017-01-11 19:15:00,2017-01-12 00:45:00,9.14,77.92,1229.0670156003907,0.0,1350,868,0.0,8957955.0,2020497336,0
3RIMG_11JAN2017_1945_L2C_INS_V01R00.h5,11JAN,2017-01-11 19:45:00,2017-01-12 01:15:00,9.14,77.92,1229.0670156003907,0.0,1350,868,0.0,8957985.0,261187512,0
3RIMG_11JAN2017_2015_L2C_INS_V01R00.h5,11JAN,2017-01-11 20:15:00,2017-01-12 01:45:00,9.14,77.92,1229.0670156003907,0.0,1350,868,0.0,8958015.0,-16390216,0
3RIMG_11JAN2017_2045_L2C_INS_V01R00.h5,11JAN,2017-01-11 20:45:00,2017-01-12 02:15:00,9.14,77.92,1229.0670156003907,0.0,1350,868,0.0,8958045.0,-1492060232,0
3RIMG_11JAN2017_2115_L2C_INS_V01R00.h5,11JAN,2017-01-11 21:15:00,2017-01-12 02:45:00,9.14,77.92,1229.0670156003907,0.0,1350,868,0.0,8958075.0,-1032984648,0
3RIMG_11JAN2017_2145_L2C_INS_V01R00.h5,11JAN,2017-01-11 21:45:00,2017-01-12 03:15:00,9.14,77.92,1229.0670156003907,0.0,1350,868,0.0,8958105.0,500737976,0
3RIMG_11JAN2017_2215_L2C_INS_V01R00.h5,11JAN,2017-01-11 22:15:00,2017-01-12 03:45:00,9.14,77.92,1229.0670156003907,0.0,1350,868,0.0,8958135.0,2135361464,0
3RIMG_11JAN2017_2245_L2C_INS_V01R00.h5,11JAN,2017-01-11 22:45:00,2017-01-12 04:15:00,9.14,77.92,1229.0670156003907,0.0,1350,868,0.0,8958165.0,1373452216,0
3RIMG_11JAN2017_2315_L2C_INS_V01R00.h5,11JAN,2017-01-11 23:15:00,2017-01-12 04:45:00,9.14,77.92,1229.0670156003907,0.0,1350,868,0.0,8958195.0,-1315412040,0
3RIMG_11JAN2017_2345_L2C_INS_V01R00.h5,11JAN,2017-01-11 23:45:00,2017-01-12 05:15:00,9.14,77.92,1229.0670156003907,0.0,1350,868,0.0,8958225.0,-957167688,0
3RIMG_12JAN2017_0015_L2C_INS_V01R00.h5,12JAN,2017-01-12 00:15:00,2017-01-12 05:45:00,9.14,77.92,1229.0670156003907,0.0,1350,868,0.0,8958255.0,-127637576,0
3RIMG_12JAN2017_0045_L2C_INS_V01R00.h5,12JAN,2017-01-12 00:45:00,2017-01-12 06:15:00,9.14,77.92,1229.0670156003907,0.0,1350,868,0.0,8958285.0,783706040,0
3RIMG_12JAN2017_0115_L2C_INS_V01R00.h5,12JAN,2017-01-12 01:15:00,2017-01-12 06:45:00,9.14,77.92,1229.0670156003907,0.0,1350,868,0.0,8958315.0,2099775416,0
3RIMG_12JAN2017_0145_L2C_INS_V01R00.h5,12JAN,2017-01-12 01:45:00,2017-01-12 07:15:00,9.14,77.92,1229.0670156003907,0.0,1350,868,0.0,8958345.0,1561098168,0
3RIMG_12JAN2017_0215_L2C_INS_V01R00.h5,12JAN,2017-01-12 02:15:00,2017-01-12 07:45:00,9.14,77.92,1229.0670156003907,0.0,1350,868,172.68814086914062,8958375.0,437331896,0
3RIMG_12JAN2017_0245_L2C_INS_V01R00.h5,12JAN,2017-01-12 02:45:00,2017-01-12 08:15:00,9.14,77.92,1229.0670156003907,0.0,1350,868,195.5787353515625,8958405.0,-484841544,0
3RIMG_12JAN2017_0315_L2C_INS_V01R00.h5,12JAN,2017-01-12 03:15:00,2017-01-12 08:45:00,9.14,77.92,1229.0670156003907,0.0,1350,868,434.72222900390625,8958435.0,477951928,0
3RIMG_12JAN2017_0345_L2C_INS_V01R00.h5,12JAN,2017-01-12 03:45:00,2017-01-12 09:15:00,9.14,77.92,1229.0670156003907,0.0,1350,868,462.5722961425781,8958465.0,532711352,0
3RIMG_12JAN2017_0415_L2C_INS_V01R00.h5,12JAN,2017-01-12 04:15:00,2017-01-12 09:45:00,9.14,77.92,1229.0670156003907,0.0,1350,868,684.8071899414062,8958495.0,-1833597000,0
3RIMG_12JAN2017_0445_L2C_INS_V01R00.h5,12JAN,2017-01-12 04:45:00,2017-01-12 10:15:00,9.14,77.92,1229.0670156003907,0.0,1350,868,706.1695556640625,8958525.0,774035384,0
3RIMG_12JAN2017_0515_L2C_INS_V01R00.h5,12JAN,2017-01-12 05:15:00,2017-01-12 10:45:00,9.14,77.92,1229.0670156003907,0.0,1350,868,887.153076171875,8958555.0,566147000,0
3RIMG_12JAN2017_0545_L2C_INS_V01R00.h5,12JAN,2017-01-12 05:45:00,2017-01-12 11:15:00,9.14,77.92,1229.0670156003907,0.0,1350,868,899.1661376953125,8958585.0,-911796296,0
3RIMG_12JAN2017_0615_L2C_INS_V01R00.h5,12JAN,2017-01-12 06:15:00,2017-01-12 11:45:00,9.14,77.92,1229.0670156003907,0.0,1350,868,1016.633056640625,8958615.0,-182200392,0
3RIMG_12JAN2017_0645_L2C_INS_V01R00.h5,12JAN,2017-01-12 06:45:00,2017-01-12 12:15:00,9.14,77.92,1229.0670156003907,0.0,1350,868,1019.9871826171875,8958645.0,-1505417288,0
3RIMG_12JAN2017_0715_L2C_INS_V01R00.h5,12JAN,2017-01-12 07:15:00,2017-01-12 12:45:00,9.14,77.92,1229.0670156003907,0.0,1350,868,1065.597900390625,8958675.0,8869816,0
3RIMG_12JAN2017_0745_L2C_INS_V01R00.h5,12JAN,2017-01-12 07:45:00,2017-01-12 13:15:00,9.14,77.92,1229.0670156003907,0.0,1350,868,1055.831787109375,8958705.0,2038372280,0
3RIMG_12JAN2017_0815_L2C_INS_V01R00.h5,12JAN,2017-01-12 08:15:00,2017-01-12 13:45:00,9.14,77.92,1229.0670156003907,0.0,1350,868,1024.108154296875,8958735.0,-1536825416,0
3RIMG_12JAN2017_0845_L2C_INS_V01R00.h5,12JAN,2017-01-12 08:45:00,2017-01-12 14:15:00,9.14,77.92,1229.0670156003907,0.0,1350,868,1004.2304077148438,8958765.0,436791224,0
3RIMG_12JAN2017_0915_L2C_INS_V01R00.h5,12JAN,2017-01-12 09:15:00,2017-01-12 14:45:00,9.14,77.92,1229.0670156003907,0.0,1350,868,897.8930053710938,8958795.0,-1196550216,0
3RIMG_12JAN2017_0945_L2C_INS_V01R00.h5,12JAN,2017-01-12 09:45:00,2017-01-12 15:15:00,9.14,77.92,1229.0670156003907,0.0,1350,868,868.11962890625,8958825.0,1552865208,0
3RIMG_12JAN2017_1015_L2C_INS_V01R00.h5,12JAN,2017-01-12 10:15:00,2017-01-12 15:45:00,9.14,77.92,1229.0670156003907,0.0,1350,868,698.95556640625,8958855.0,-1630402632,0
3RIMG_12JAN2017_1045_L2C_INS_V01R00.h5,12JAN,2017-01-12 10:45:00,2017-01-12 16:15:00,9.14,77.92,1229.0670156003907,0.0,1350,868,657.8349609375,8958885.0,1522837432,0
3RIMG_12JAN2017_1115_L2C_INS_V01R00.h5,12JAN,2017-01-12 11:15:00,2017-01-12 16:45:00,9.14,77.92,1229.0670156003907,0.0,1350,868,446.3031921386719,8958915.0,-126609480,0
3RIMG_12JAN2017_1145_L2C_INS_V01R00.h5,12JAN,2017-01-12 11:45:00,2017-01-12 17:15:00,9.14,77.92,1229.0670156003907,0.0,1350,868,387.47808837890625,8958945.0,1465952184,0
3RIMG_12JAN2017_1215_L2C_INS_V01R00.h5,12JAN,2017-01-12 12:15:00,2017-01-12 17:45:00,9.14,77.92,1229.0670156003907,0.0,1350,868,159.6970672607422,8958975.0,-1666758728,0
3RIMG_12JAN2017_1245_L2C_INS_V01R00.h5,12JAN,2017-01-12 12:45:00,2017-01-12 18:15:00,9.14,77.92,1229.0670156003907,0.0,1350,868,0.0,8959005.0,-2027649096,0
3RIMG_12JAN2017_1315_L2C_INS_V01R00.h5,12JAN,2017-01-12 13:15:00,2017-01-12 18:45:00,9.14,77.92,1229.0670156003907,0.0,1350,868,0.0,8959035.0,43100088,0
3RIMG_12JAN2017_1345_L2C_INS_V01R00.h5,12JAN,2017-01-12 13:45:00,2017-01-12 19:15:00,9.14,77.92,1229.0670156003907,0.0,1350,868,0.0,8959065.0,619882424,0
3RIMG_12JAN2017_1415_L2C_INS_V01R00.h5,12JAN,2017-01-12 14:15:00,2017-01-12 19:45:00,9.14,77.92,1229.0670156003907,0.0,1350,868,0.0,8959095.0,-321333320,0
3RIMG_12JAN2017_1445_L2C_INS_V01R00.h5,12JAN,2017-01-12 14:45:00,2017-01-12 20:15:00,9.14,77.92,1229.0670156003907,0.0,1350,868,0.0,8959125.0,-1148131400,0
3RIMG_12JAN2017_1515_L2C_INS_V01R00.h5,12JAN,2017-01-12 15:15:00,2017-01-12 20:45:00,9.14,77.92,1229.0670156003907,0.0,1350,868,0.0,8959155.0,-475392072,0
3RIMG_12JAN2017_1545_L2C_INS_V01R00.h5,12JAN,2017-01-12 15:45:00,2017-01-12 21:15:00,9.14,77.92,1229.0670156003907,0.0,1350,868,0.0,8959185.0,959088568,0
3RIMG_12JAN2017_1615_L2C_INS_V01R00.h5,12JAN,2017-01-12 16:15:00,2017-01-12 21:45:00,9.14,77.92,1229.0670156003907,0.0,1350,868,0.0,8959215.0,-1540401224,0
3RIMG_12JAN2017_1645_L2C_INS_V01R00.h5,12JAN,2017-01-12 16:45:00,2017-01-12 22:15:00,9.14,77.92,1229.0670156003907,0.0,1350,868,0.0,8959245.0,223623096,0
3RIMG_12JAN2017_1715_L2C_INS_V01R00.h5,12JAN,2017-01-12 17:15:00,2017-01-12 22:45:00,9.14,77.92,1229.0670156003907,0.0,1350,868,0.0,8959275.0,-486135880,0
3RIMG_12JAN2017_1745_L2C_INS_V01R00.h5,12JAN,2017-01-12 17:45:00,2017-01-12 23:15:00,9.14,77.92,1229.0670156003907,0.0,1350,868,0.0,8959305.0,959510456,0
3RIMG_12JAN2017_1815_L2C_INS_V01R00.h5,12JAN,2017-01-12 18:15:00,2017-01-12 23:45:00,9.14,77.92,1229.0670156003907,0.0,1350,868,0.0,8959335.0,152995768,0
3RIMG_12JAN2017_1845_L2C_INS_V01R00.h5,12JAN,2017-01-12 18:45:00,2017-01-13 00:15:00,9.14,77.92,1229.0670156003907,0.0,1350,868,0.0,8959365.0,1502918584,0
3RIMG_12JAN2017_1915_L2C_INS_V01R00.h5,12JAN,2017-01-12 19:15:00,2017-01-13 00:45:00,9.14,77.92,1229.0670156003907,0.0,1350,868,0.0,8959395.0,-1017731144,0
3RIMG_12JAN2017_1945_L2C_INS_V01R00.h5,12JAN,2017-01-12 19:45:00,2017-01-13 01:15:00,9.14,77.92,1229.0670156003907,0.0,1350,868,0.0,8959425.0,-736016456,0
3RIMG_12JAN2017_2015_L2C_INS_V01R00.h5,12JAN,2017-01-12 20:15:00,2017-01-13 01:45:00,9.14,77.92,1229.0670156003907,0.0,1350,868,0.0,8959455.0,-1630443592,0
3RIMG_12JAN2017_2045_L2C_INS_V01R00.h5,12JAN,2017-01-12 20:45:00,2017-01-13 02:15:00,9.14,77.92,1229.0670156003907,0.0,1350,868,0.0,8959485.0,589580216,0
3RIMG_12JAN2017_2115_L2C_INS_V01R00.h5,12JAN,2017-01-12 21:15:00,2017-01-13 02:45:00,9.14,77.92,1229.0670156003907,0.0,1350,868,0.0,8959515.0,1403996088,0
3RIMG_12JAN2017_2145_L2C_INS_V01R00.h5,12JAN,2017-01-12 21:45:00,2017-01-13 03:15:00,9.14,77.92,1229.0670156003907,0.0,1350,868,0.0,8959545.0,-742922312,0
3RIMG_12JAN2017_2215_L2C_INS_V01R00.h5,12JAN,2017-01-12 22:15:00,2017-01-13 03:45:00,9.14,77.92,1229.0670156003907,0.0,1350,868,0.0,8959575.0,-413587528,0
3RIMG_12JAN2017_2245_L2C_INS_V01R00.h5,12JAN,2017-01-12 22:45:00,2017-01-13 04:15:00,9.14,77.92,1229.0670156003907,0.0,1350,868,0.0,8959605.0,383465400,0
3RIMG_12JAN2017_2315_L2C_INS_V01R00.h5,12JAN,2017-01-12 23:15:00,2017-01-13 04:45:00,9.14,77.92,1229.0670156003907,0.0,1350,868,0.0,8959635.0,1559369656,0
3RIMG_12JAN2017_2345_L2C_INS_V01R00.h5,12JAN,2017-01-12 23:45:00,2017-01-13 05:15:00,9.14,77.92,1229.0670156003907,0.0,1350,868,0.0,8959665.0,1643100088,0
3RIMG_13JAN2017_0015_L2C_INS_V01R00.h5,13JAN,2017-01-13 00:15:00,2017-01-13 05:45:00,9.14,77.92,1229.0670156003907,0.0,1350,868,0.0,8959695.0,-500975688,0
3RIMG_13JAN2017_0045_L2C_INS_V01R00.h5,13JAN,2017-01-13 00:45:00,2017-01-13 06:15:00,9.14,77.92,1229.0670156003907,0.0,1350,868,0.0,8959725.0,1470011320,0
3RIMG_13JAN2017_0115_L2C_INS_V01R00.h5,13JAN,2017-01-13 01:15:00,2017-01-13 06:45:00,9.14,77.92,1229.0670156003907,0.0,1350,868,0.0,8959755.0,-1538332744,0
3RIMG_13JAN2017_0145_L2C_INS_V01R00.h5,13JAN,2017-01-13 01:45:00,2017-01-13 07:15:00,9.14,77.92,1229.0670156003907,0.0,1350,868,0.0,8959785.0,473163704,0
3RIMG_13JAN2017_0215_L2C_INS_V01R00.h5,13JAN,2017-01-13 02:15:00,2017-01-13 07:45:00,9.14,77.92,1229.0670156003907,0.0,1350,868,172.51768493652344,8959815.0,-482195528,0
3RIMG_13JAN2017_0245_L2C_INS_V01R00.h5,13JAN,2017-01-13 02:45:00,2017-01-13 08:15:00,9.14,77.92,1229.0670156003907,0.0,1350,868,195.84030151367188,8959845.0,-1595832392,0
3RIMG_13JAN2017_0315_L2C_INS_V01R00.h5,13JAN,2017-01-13 03:15:00,2017-01-13 08:45:00,9.14,77.92,1229.0670156003907,0.0,1350,868,435.65423583984375,8959875.0,1541228472,0
3RIMG_13JAN2017_0345_L2C_INS_V01R00.h5,13JAN,2017-01-13 03:45:00,2017-01-13 09:15:00,9.14,77.92,1229.0670156003907,0.0,1350,868,462.03338623046875,8959905.0,1773340600,0
3RIMG_13JAN2017_0415_L2C_INS_V01R00.h5,13JAN,2017-01-13 04:15:00,2017-01-13 09:45:00,9.14,77.92,1229.0670156003907,0.0,1350,868,684.915283203125,8959935.0,1416779704,0
3RIMG_13JAN2017_0445_L2C_INS_V01R00.h5,13JAN,2017-01-13 04:45:00,2017-01-13 10:15:00,9.14,77.92,1229.0670156003907,0.0,1350,868,705.8825073242188,8959965.0,1494407096,0
3RIMG_13JAN2017_0515_L2C_INS_V01R00.h5,13JAN,2017-01-13 05:15:00,2017-01-13 10:45:00,9.14,77.92,1229.0670156003907,0.0,1350,868,886.1824951171875,8959995.0,1078138808,0
3RIMG_13JAN2017_0545_L2C_INS_V01R00.h5,13JAN,2017-01-13 05:45:00,2017-01-13 11:15:00,9.14,77.92,1229.0670156003907,0.0,1350,868,508.7966003417969,8960025.0,104343480,0
3RIMG_13JAN2017_0615_L2C_INS_V01R00.h5,13JAN,2017-01-13 06:15:00,2017-01-13 11:45:00,9.14,77.92,1229.0670156003907,0.0,1350,868,1010.1724243164062,8960055.0,-857278536,0
3RIMG_13JAN2017_0645_L2C_INS_V01R00.h5,13JAN,2017-01-13 06:45:00,2017-01-13 12:15:00,9.14,77.92,1229.0670156003907,0.0,1350,868,1020.32177734375,8960085.0,625887160,0
3RIMG_13JAN2017_0715_L2C_INS_V01R00.h5,13JAN,2017-01-13 07:15:00,2017-01-13 12:45:00,9.14,77.92,1229.0670156003907,0.0,1350,868,1062.493896484375,8960115.0,1489733560,0
3RIMG_13JAN2017_0745_L2C_INS_V01R00.h5,13JAN,2017-01-13 07:45:00,2017-01-13 13:15:00,9.14,77.92,1229.0670156003907,0.0,1350,868,1054.8026123046875,8960145.0,1114904504,0
3RIMG_13JAN2017_0815_L2C_INS_V01R00.h5,13JAN,2017-01-13 08:15:00,2017-01-13 13:45:00,9.14,77.92,1229.0670156003907,0.0,1350,868,1022.16357421875,8960175.0,-1476864072,0
3RIMG_13JAN2017_0845_L2C_INS_V01R00.h5,13JAN,2017-01-13 08:45:00,2017-01-13 14:15:00,9.14,77.92,1229.0670156003907,0.0,1350,868,1003.851806640625,8960205.0,-811980872,0
3RIMG_13JAN2017_0915_L2C_INS_V01R00.h5,13JAN,2017-01-13 09:15:00,2017-01-13 14:45:00,9.14,77.92,1229.0670156003907,0.0,1350,868,897.2666625976562,8960235.0,1768605624,0
3RIMG_13JAN2017_0945_L2C_INS_V01R00.h5,13JAN,2017-01-13 09:45:00,2017-01-13 15:15:00,9.14,77.92,1229.0670156003907,0.0,1350,868,866.74951171875,8960265.0,-1309243464,0
3RIMG_13JAN2017_1015_L2C_INS_V01R00.h5,13JAN,2017-01-13 10:15:00,2017-01-13 15:45:00,9.14,77.92,1229.0670156003907,0.0,1350,868,697.9304809570312,8960295.0,1179899832,0
3RIMG_13JAN2017_1045_L2C_INS_V01R00.h5,13JAN,2017-01-13 10:45:00,2017-01-13 16:15:00,9.14,77.92,1229.0670156003907,0.0,1350,868,655.5524291992188,8960325.0,1684559800,0
3RIMG_13JAN2017_1115_L2C_INS_V01R00.h5,13JAN,2017-01-13 11:15:00,2017-01-13 16:45:00,9.14,77.92,1229.0670156003907,0.0,1350,868,445.3658447265625,8960355.0,-299833416,0
3RIMG_13JAN2017_1145_L2C_INS_V01R00.h5,13JAN,2017-01-13 11:45:00,2017-01-13 17:15:00,9.14,77.92,1229.0670156003907,0.0,1350,868,387.3795166015625,8960385.0,-941377608,0
3RIMG_13JAN2017_1215_L2C_INS_V01R00.h5,13JAN,2017-01-13 12:15:00,2017-01-13 17:45:00,9.14,77.92,1229.0670156003907,0.0,1350,868,160.78457641601562,8960415.0,867026872,0
3RIMG_13JAN2017_1245_L2C_INS_V01R00.h5,13JAN,2017-01-13 12:45:00,2017-01-13 18:15:00,9.14,77.92,1229.0670156003907,0.0,1350,868,0.0,8960445.0,-702814280,0
3RIMG_13JAN2017_1315_L2C_INS_V01R00.h5,13JAN,2017-01-13 13:15:00,2017-01-13 18:45:00,9.14,77.92,1229.0670156003907,0.0,1350,868,0.0,8960475.0,-1398003784,0
3RIMG_13JAN2017_1345_L2C_INS_V01R00.h5,13JAN,2017-01-13 13:45:00,2017-01-13 19:15:00,9.14,77.92,1229.0670156003907,0.0,1350,868,0.0,8960505.0,142415800,0
3RIMG_13JAN2017_1415_L2C_INS_V01R00.h5,13JAN,2017-01-13 14:15:00,2017-01-13 19:45:00,9.14,77.92,1229.0670156003907,0.0,1350,868,0.0,8960535.0,199915448,0
3RIMG_13JAN2017_1445_L2C_INS_V01R00.h5,13JAN,2017-01-13 14:45:00,2017-01-13 20:15:00,9.14,77.92,1229.0670156003907,0.0,1350,868,0.0,8960565.0,-1033967688,0
3RIMG_13JAN2017_1545_L2C_INS_V01R00.h5,13JAN,2017-01-13 15:45:00,2017-01-13 21:15:00,9.14,77.92,1229.0670156003907,0.0,1350,868,0.0,8960625.0,399054776,0
3RIMG_13JAN2017_1615_L2C_INS_V01R00.h5,13JAN,2017-01-13 16:15:00,2017-01-13 21:45:00,9.14,77.92,1229.0670156003907,0.0,1350,868,0.0,8960655.0,653162424,0
3RIMG_13JAN2017_1645_L2C_INS_V01R00.h5,13JAN,2017-01-13 16:45:00,2017-01-13 22:15:00,9.14,77.92,1229.0670156003907,0.0,1350,868,0.0,8960685.0,1399338936,0
3RIMG_13JAN2017_1715_L2C_INS_V01R00.h5,13JAN,2017-01-13 17:15:00,2017-01-13 22:45:00,9.14,77.92,1229.0670156003907,0.0,1350,868,0.0,8960715.0,-116861000,0
3RIMG_13JAN2017_1745_L2C_INS_V01R00.h5,13JAN,2017-01-13 17:45:00,2017-01-13 23:15:00,9.14,77.92,1229.0670156003907,0.0,1350,868,0.0,8960745.0,-649041992,0
3RIMG_13JAN2017_1815_L2C_INS_V01R00.h5,13JAN,2017-01-13 18:15:00,2017-01-13 23:45:00,9.14,77.92,1229.0670156003907,0.0,1350,868,0.0,8960775.0,-1623984200,0
3RIMG_13JAN2017_1845_L2C_INS_V01R00.h5,13JAN,2017-01-13 18:45:00,2017-01-14 00:15:00,9.14,77.92,1229.0670156003907,0.0,1350,868,0.0,8960805.0,1245587384,0
3RIMG_13JAN2017_1915_L2C_INS_V01R00.h5,13JAN,2017-01-13 19:15:00,2017-01-14 00:45:00,9.14,77.92,1229.0670156003907,0.0,1350,868,0.0,8960835.0,-766400584,0
3RIMG_13JAN2017_1945_L2C_INS_V01R00.h5,13JAN,2017-01-13 19:45:00,2017-01-14 01:15:00,9.14,77.92,1229.0670156003907,0.0,1350,868,0.0,8960865.0,712783800,0
3RIMG_13JAN2017_2015_L2C_INS_V01R00.h5,13JAN,2017-01-13 20:15:00,2017-01-14 01:45:00,9.14,77.92,1229.0670156003907,0.0,1350,868,0.0,8960895.0,586741688,0
3RIMG_13JAN2017_2045_L2C_INS_V01R00.h5,13JAN,2017-01-13 20:45:00,2017-01-14 02:15:00,9.14,77.92,1229.0670156003907,0.0,1350,868,0.0,8960925.0,-1334925384,0
3RIMG_13JAN2017_2115_L2C_INS_V01R00.h5,13JAN,2017-01-13 21:15:00,2017-01-14 02:45:00,9.14,77.92,1229.0670156003907,0.0,1350,868,0.0,8960955.0,1744906168,0
3RIMG_13JAN2017_2145_L2C_INS_V01R00.h5,13JAN,2017-01-13 21:45:00,2017-01-14 03:15:00,9.14,77.92,1229.0670156003907,0.0,1350,868,0.0,8960985.0,-2051975240,0
3RIMG_13JAN2017_2215_L2C_INS_V01R00.h5,13JAN,2017-01-13 22:15:00,2017-01-14 03:45:00,9.14,77.92,1229.0670156003907,0.0,1350,868,0.0,8961015.0,1068644280,0
3RIMG_13JAN2017_2245_L2C_INS_V01R00.h5,13JAN,2017-01-13 22:45:00,2017-01-14 04:15:00,9.14,77.92,1229.0670156003907,0.0,1350,868,0.0,8961045.0,-1592682568,0
3RIMG_13JAN2017_2315_L2C_INS_V01R00.h5,13JAN,2017-01-13 23:15:00,2017-01-14 04:45:00,9.14,77.92,1229.0670156003907,0.0,1350,868,0.0,8961075.0,-1615149128,0
3RIMG_13JAN2017_2345_L2C_INS_V01R00.h5,13JAN,2017-01-13 23:45:00,2017-01-14 05:15:00,9.14,77.92,1229.0670156003907,0.0,1350,868,0.0,8961105.0,1083705272,0
3RIMG_14JAN2017_0015_L2C_INS_V01R00.h5,14JAN,2017-01-14 00:15:00,2017-01-14 05:45:00,9.14,77.92,1229.0670156003907,0.0,1350,868,0.0,8961135.0,-246233160,0
3RIMG_14JAN2017_0045_L2C_INS_V01R00.h5,14JAN,2017-01-14 00:45:00,2017-01-14 06:15:00,9.14,77.92,1229.0670156003907,0.0,1350,868,0.0,8961165.0,-1941743688,0
3RIMG_14JAN2017_0115_L2C_INS_V01R00.h5,14JAN,2017-01-14 01:15:00,2017-01-14 06:45:00,9.14,77.92,1229.0670156003907,0.0,1350,868,0.0,8961195.0,-788498504,0
3RIMG_14JAN2017_0145_L2C_INS_V01R00.h5,14JAN,2017-01-14 01:45:00,2017-01-14 07:15:00,9.14,77.92,1229.0670156003907,0.0,1350,868,0.0,8961225.0,1721247672,0
3RIMG_14JAN2017_0215_L2C_INS_V01R00.h5,14JAN,2017-01-14 02:15:00,2017-01-14 07:45:00,9.14,77.92,1229.0670156003907,0.0,1350,868,108.74223327636719,8961255.0,316409784,0
3RIMG_14JAN2017_0245_L2C_INS_V01R00.h5,14JAN,2017-01-14 02:45:00,2017-01-14 08:15:00,9.14,77.92,1229.0670156003907,0.0,1350,868,196.51687622070312,8961285.0,-1069754440,0
3RIMG_14JAN2017_0315_L2C_INS_V01R00.h5,14JAN,2017-01-14 03:15:00,2017-01-14 08:45:00,9.14,77.92,1229.0670156003907,0.0,1350,868,434.6371765136719,8961315.0,1853630392,0
3RIMG_14JAN2017_0345_L2C_INS_V01R00.h5,14JAN,2017-01-14 03:45:00,2017-01-14 09:15:00,9.14,77.92,1229.0670156003907,0.0,1350,868,462.2833251953125,8961345.0,1728751544,0
3RIMG_14JAN2017_0415_L2C_INS_V01R00.h5,14JAN,2017-01-14 04:15:00,2017-01-14 09:45:00,9.14,77.92,1229.0670156003907,0.0,1350,868,687.8180541992188,8961375.0,-1190717512,0
3RIMG_14JAN2017_0445_L2C_INS_V01R00.h5,14JAN,2017-01-14 04:45:00,2017-01-14 10:15:00,9.14,77.92,1229.0670156003907,0.0,1350,868,709.2169189453125,8961405.0,-1253173320,0
3RIMG_14JAN2017_0515_L2C_INS_V01R00.h5,14JAN,2017-01-14 05:15:00,2017-01-14 10:45:00,9.14,77.92,1229.0670156003907,0.0,1350,868,896.4014892578125,8961435.0,-1452619848,0
3RIMG_14JAN2017_0545_L2C_INS_V01R00.h5,14JAN,2017-01-14 05:45:00,2017-01-14 11:15:00,9.14,77.92,1229.0670156003907,0.0,1350,868,900.372802734375,8961465.0,-2086828104,0
3RIMG_14JAN2017_0615_L2C_INS_V01R00.h5,14JAN,2017-01-14 06:15:00,2017-01-14 11:45:00,9.14,77.92,1229.0670156003907,0.0,1350,868,1020.1791381835938,8961495.0,-1075562568,0
3RIMG_14JAN2017_0645_L2C_INS_V01R00.h5,14JAN,2017-01-14 06:45:00,2017-01-14 12:15:00,9.14,77.92,1229.0670156003907,0.0,1350,868,1011.2568359375,8961525.0,-1564846152,0
3RIMG_14JAN2017_0715_L2C_INS_V01R00.h5,14JAN,2017-01-14 07:15:00,2017-01-14 12:45:00,9.14,77.92,1229.0670156003907,0.0,1350,868,1066.337158203125,8961555.0,-1991628872,0
3RIMG_14JAN2017_0745_L2C_INS_V01R00.h5,14JAN,2017-01-14 07:45:00,2017-01-14 13:15:00,9.14,77.92,1229.0670156003907,0.0,1350,868,1056.873291015625,8961585.0,307455928,0
3RIMG_14JAN2017_0815_L2C_INS_V01R00.h5,14JAN,2017-01-14 08:15:00,2017-01-14 13:45:00,9.14,77.92,1229.0670156003907,0.0,1350,868,1026.496337890625,8961615.0,655935416,0
3RIMG_14JAN2017_0845_L2C_INS_V01R00.h5,14JAN,2017-01-14 08:45:00,2017-01-14 14:15:00,9.14,77.92,1229.0670156003907,0.0,1350,868,1007.5763549804688,8961645.0,-211380296,0
3RIMG_14JAN2017_0915_L2C_INS_V01R00.h5,14JAN,2017-01-14 09:15:00,2017-01-14 14:45:00,9.14,77.92,1229.0670156003907,0.0,1350,868,900.4268798828125,8961675.0,-693123144,0
3RIMG_14JAN2017_0945_L2C_INS_V01R00.h5,14JAN,2017-01-14 09:45:00,2017-01-14 15:15:00,9.14,77.92,1229.0670156003907,0.0,1350,868,870.1583251953125,8961705.0,1966376888,0
3RIMG_14JAN2017_1015_L2C_INS_V01R00.h5,14JAN,2017-01-14 10:15:00,2017-01-14 15:45:00,9.14,77.92,1229.0670156003907,0.0,1350,868,700.5806884765625,8961735.0,538318776,0
3RIMG_14JAN2017_1045_L2C_INS_V01R00.h5,14JAN,2017-01-14 10:45:00,2017-01-14 16:15:00,9.14,77.92,1229.0670156003907,0.0,1350,868,659.6512451171875,8961765.0,-2124134472,0
3RIMG_14JAN2017_1115_L2C_INS_V01R00.h5,14JAN,2017-01-14 11:15:00,2017-01-14 16:45:00,9.14,77.92,1229.0670156003907,0.0,1350,868,447.4678955078125,8961795.0,-1314764872,0
3RIMG_14JAN2017_1145_L2C_INS_V01R00.h5,14JAN,2017-01-14 11:45:00,2017-01-14 17:15:00,9.14,77.92,1229.0670156003907,0.0,1350,868,389.69854736328125,8961825.0,1589536696,0
3RIMG_14JAN2017_1215_L2C_INS_V01R00.h5,14JAN,2017-01-14 12:15:00,2017-01-14 17:45:00,9.14,77.92,1229.0670156003907,0.0,1350,868,161.84263610839844,8961855.0,-229791816,0
3RIMG_14JAN2017_1245_L2C_INS_V01R00.h5,14JAN,2017-01-14 12:45:00,2017-01-14 18:15:00,9.14,77.92,1229.0670156003907,0.0,1350,868,0.0,8961885.0,1754638264,0
3RIMG_14JAN2017_1315_L2C_INS_V01R00.h5,14JAN,2017-01-14 13:15:00,2017-01-14 18:45:00,9.14,77.92,1229.0670156003907,0.0,1350,868,0.0,8961915.0,1845393336,0
3RIMG_14JAN2017_1345_L2C_INS_V01R00.h5,14JAN,2017-01-14 13:45:00,2017-01-14 19:15:00,9.14,77.92,1229.0670156003907,0.0,1350,868,0.0,8961945.0,-1574975560,0
3RIMG_14JAN2017_1415_L2C_INS_V01R00.h5,14JAN,2017-01-14 14:15:00,2017-01-14 19:45:00,9.14,77.92,1229.0670156003907,0.0,1350,868,0.0,8961975.0,1425004472,0
3RIMG_14JAN2017_1445_L2C_INS_V01R00.h5,14JAN,2017-01-14 14:45:00,2017-01-14 20:15:00,9.14,77.92,1229.0670156003907,0.0,1350,868,0.0,8962005.0,1290725304,0
3RIMG_14JAN2017_1515_L2C_INS_V01R00.h5,14JAN,2017-01-14 15:15:00,2017-01-14 20:45:00,9.14,77.92,1229.0670156003907,0.0,1350,868,0.0,8962035.0,-1914980424,0
3RIMG_14JAN2017_1545_L2C_INS_V01R00.h5,14JAN,2017-01-14 15:45:00,2017-01-14 21:15:00,9.14,77.92,1229.0670156003907,0.0,1350,868,0.0,8962065.0,-1696684104,0
3RIMG_14JAN2017_1615_L2C_INS_V01R00.h5,14JAN,2017-01-14 16:15:00,2017-01-14 21:45:00,9.14,77.92,1229.0670156003907,0.0,1350,868,0.0,8962095.0,133363640,0
3RIMG_14JAN2017_1645_L2C_INS_V01R00.h5,14JAN,2017-01-14 16:45:00,2017-01-14 22:15:00,9.14,77.92,1229.0670156003907,0.0,1350,868,0.0,8962125.0,-1335191624,0
3RIMG_14JAN2017_1715_L2C_INS_V01R00.h5,14JAN,2017-01-14 17:15:00,2017-01-14 22:45:00,9.14,77.92,1229.0670156003907,0.0,1350,868,0.0,8962155.0,742217656,0
3RIMG_14JAN2017_1745_L2C_INS_V01R00.h5,14JAN,2017-01-14 17:45:00,2017-01-14 23:15:00,9.14,77.92,1229.0670156003907,0.0,1350,868,0.0,8962185.0,188716984,0
3RIMG_14JAN2017_1815_L2C_INS_V01R00.h5,14JAN,2017-01-14 18:15:00,2017-01-14 23:45:00,9.14,77.92,1229.0670156003907,0.0,1350,868,0.0,8962215.0,1890346936,0
3RIMG_14JAN2017_1845_L2C_INS_V01R00.h5,14JAN,2017-01-14 18:45:00,2017-01-15 00:15:00,9.14,77.92,1229.0670156003907,0.0,1350,868,0.0,8962245.0,-1451063368,0
3RIMG_14JAN2017_1915_L2C_INS_V01R00.h5,14JAN,2017-01-14 19:15:00,2017-01-15 00:45:00,9.14,77.92,1229.0670156003907,0.0,1350,868,0.0,8962275.0,-6535240,0
3RIMG_14JAN2017_1945_L2C_INS_V01R00.h5,14JAN,2017-01-14 19:45:00,2017-01-15 01:15:00,9.14,77.92,1229.0670156003907,0.0,1350,868,0.0,8962305.0,1283397560,0
3RIMG_14JAN2017_2015_L2C_INS_V01R00.h5,14JAN,2017-01-14 20:15:00,2017-01-15 01:45:00,9.14,77.92,1229.0670156003907,0.0,1350,868,0.0,8962335.0,529668024,0
3RIMG_14JAN2017_2045_L2C_INS_V01R00.h5,14JAN,2017-01-14 20:45:00,2017-01-15 02:15:00,9.14,77.92,1229.0670156003907,0.0,1350,868,0.0,8962365.0,100161464,0
3RIMG_14JAN2017_2115_L2C_INS_V01R00.h5,14JAN,2017-01-14 21:15:00,2017-01-15 02:45:00,9.14,77.92,1229.0670156003907,0.0,1350,868,0.0,8962395.0,1829799864,0
3RIMG_14JAN2017_2145_L2C_INS_V01R00.h5,14JAN,2017-01-14 21:45:00,2017-01-15 03:15:00,9.14,77.92,1229.0670156003907,0.0,1350,868,0.0,8962425.0,915613624,0
3RIMG_14JAN2017_2215_L2C_INS_V01R00.h5,14JAN,2017-01-14 22:15:00,2017-01-15 03:45:00,9.14,77.92,1229.0670156003907,0.0,1350,868,0.0,8962455.0,-715622472,0
3RIMG_14JAN2017_2245_L2C_INS_V01R00.h5,14JAN,2017-01-14 22:45:00,2017-01-15 04:15:00,9.14,77.92,1229.0670156003907,0.0,1350,868,0.0,8962485.0,-2000984136,0
3RIMG_14JAN2017_2315_L2C_INS_V01R00.h5,14JAN,2017-01-14 23:15:00,2017-01-15 04:45:00,9.14,77.92,1229.0670156003907,0.0,1350,868,0.0,8962515.0,-1719711816,0
3RIMG_14JAN2017_2345_L2C_INS_V01R00.h5,14JAN,2017-01-14 23:45:00,2017-01-15 05:15:00,9.14,77.92,1229.0670156003907,0.0,1350,868,0.0,8962545.0,-601888840,0
3RIMG_15JAN2017_0015_L2C_INS_V01R00.h5,15JAN,2017-01-15 00:15:00,2017-01-15 05:45:00,9.14,77.92,1229.0670156003907,0.0,1350,868,0.0,8962575.0,-60647496,0
3RIMG_15JAN2017_0045_L2C_INS_V01R00.h5,15JAN,2017-01-15 00:45:00,2017-01-15 06:15:00,9.14,77.92,1229.0670156003907,0.0,1350,868,0.0,8962605.0,-1595541576,0
3RIMG_15JAN2017_0115_L2C_INS_V01R00.h5,15JAN,2017-01-15 01:15:00,2017-01-15 06:45:00,9.14,77.92,1229.0670156003907,0.0,1350,868,0.0,8962635.0,143034296,0
3RIMG_15JAN2017_0145_L2C_INS_V01R00.h5,15JAN,2017-01-15 01:45:00,2017-01-15 07:15:00,9.14,77.92,1229.0670156003907,0.0,1350,868,0.0,8962665.0,1519634360,0
3RIMG_15JAN2017_0215_L2C_INS_V01R00.h5,15JAN,2017-01-15 02:15:00,2017-01-15 07:45:00,9.14,77.92,1229.0670156003907,0.0,1350,868,172.5759735107422,8962695.0,-1275664456,0
3RIMG_15JAN2017_0245_L2C_INS_V01R00.h5,15JAN,2017-01-15 02:45:00,2017-01-15 08:15:00,9.14,77.92,1229.0670156003907,0.0,1350,868,195.88934326171875,8962725.0,1008064440,0
3RIMG_15JAN2017_0315_L2C_INS_V01R00.h5,15JAN,2017-01-15 03:15:00,2017-01-15 08:45:00,9.14,77.92,1229.0670156003907,0.0,1350,868,435.6292419433594,8962755.0,1982556088,0
3RIMG_15JAN2017_0345_L2C_INS_V01R00.h5,15JAN,2017-01-15 03:45:00,2017-01-15 09:15:00,9.14,77.92,1229.0670156003907,0.0,1350,868,462.693115234375,8962785.0,644843448,0
3RIMG_15JAN2017_0415_L2C_INS_V01R00.h5,15JAN,2017-01-15 04:15:00,2017-01-15 09:45:00,9.14,77.92,1229.0670156003907,0.0,1350,868,687.2083129882812,8962815.0,937953208,0
3RIMG_15JAN2017_0445_L2C_INS_V01R00.h5,15JAN,2017-01-15 04:45:00,2017-01-15 10:15:00,9.14,77.92,1229.0670156003907,0.0,1350,868,709.663330078125,8962845.0,1965103032,0
3RIMG_15JAN2017_0515_L2C_INS_V01R00.h5,15JAN,2017-01-15 05:15:00,2017-01-15 10:45:00,9.14,77.92,1229.0670156003907,0.0,1350,868,890.0087890625,8962875.0,1470928824,0
3RIMG_15JAN2017_0545_L2C_INS_V01R00.h5,15JAN,2017-01-15 05:45:00,2017-01-15 11:15:00,9.14,77.92,1229.0670156003907,0.0,1350,868,903.0587158203125,8962905.0,-1066510408,0
3RIMG_15JAN2017_0615_L2C_INS_V01R00.h5,15JAN,2017-01-15 06:15:00,2017-01-15 11:45:00,9.14,77.92,1229.0670156003907,0.0,1350,868,1021.5352172851562,8962935.0,-400218184,0
3RIMG_15JAN2017_0645_L2C_INS_V01R00.h5,15JAN,2017-01-15 06:45:00,2017-01-15 12:15:00,9.14,77.92,1229.0670156003907,0.0,1350,868,1024.360595703125,8962965.0,6260664,0
3RIMG_15JAN2017_0715_L2C_INS_V01R00.h5,15JAN,2017-01-15 07:15:00,2017-01-15 12:45:00,9.14,77.92,1229.0670156003907,0.0,1350,868,1067.7159423828125,8962995.0,705021880,0
3RIMG_15JAN2017_0745_L2C_INS_V01R00.h5,15JAN,2017-01-15 07:45:00,2017-01-15 13:15:00,9.14,77.92,1229.0670156003907,0.0,1350,868,1059.436767578125,8963025.0,12187576,0
3RIMG_15JAN2017_0815_L2C_INS_V01R00.h5,15JAN,2017-01-15 08:15:00,2017-01-15 13:45:00,9.14,77.92,1229.0670156003907,0.0,1350,868,1025.5675048828125,8963055.0,1862469560,0
3RIMG_15JAN2017_0845_L2C_INS_V01R00.h5,15JAN,2017-01-15 08:45:00,2017-01-15 14:15:00,9.14,77.92,1229.0670156003907,0.0,1350,868,1006.8494262695312,8963085.0,61646776,0
3RIMG_15JAN2017_0915_L2C_INS_V01R00.h5,15JAN,2017-01-15 09:15:00,2017-01-15 14:45:00,9.14,77.92,1229.0670156003907,0.0,1350,868,899.1436767578125,8963115.0,794838968,0
3RIMG_15JAN2017_0945_L2C_INS_V01R00.h5,15JAN,2017-01-15 09:45:00,2017-01-15 15:15:00,9.14,77.92,1229.0670156003907,0.0,1350,868,870.0965576171875,8963145.0,-1193179208,0
3RIMG_15JAN2017_1015_L2C_INS_V01R00.h5,15JAN,2017-01-15 10:15:00,2017-01-15 15:45:00,9.14,77.92,1229.0670156003907,0.0,1350,868,701.2716674804688,8963175.0,-1710192712,0
3RIMG_15JAN2017_1045_L2C_INS_V01R00.h5,15JAN,2017-01-15 10:45:00,2017-01-15 16:15:00,9.14,77.92,1229.0670156003907,0.0,1350,868,659.9094848632812,8963205.0,-537364552,0
3RIMG_15JAN2017_1115_L2C_INS_V01R00.h5,15JAN,2017-01-15 11:15:00,2017-01-15 16:45:00,9.14,77.92,1229.0670156003907,0.0,1350,868,447.8169860839844,8963235.0,898815928,0
3RIMG_15JAN2017_1145_L2C_INS_V01R00.h5,15JAN,2017-01-15 11:45:00,2017-01-15 17:15:00,9.14,77.92,1229.0670156003907,0.0,1350,868,390.5516662597656,8963265.0,-1795270728,0
3RIMG_15JAN2017_1215_L2C_INS_V01R00.h5,15JAN,2017-01-15 12:15:00,2017-01-15 17:45:00,9.14,77.92,1229.0670156003907,0.0,1350,868,163.276123046875,8963295.0,-1775335496,0
3RIMG_15JAN2017_1315_L2C_INS_V01R00.h5,15JAN,2017-01-15 13:15:00,2017-01-15 18:45:00,9.14,77.92,1229.0670156003907,0.0,1350,868,0.0,8963355.0,-950872136,0
3RIMG_15JAN2017_1345_L2C_INS_V01R00.h5,15JAN,2017-01-15 13:45:00,2017-01-15 19:15:00,9.14,77.92,1229.0670156003907,0.0,1350,868,0.0,8963385.0,-2147039304,0
3RIMG_15JAN2017_1415_L2C_INS_V01R00.h5,15JAN,2017-01-15 14:15:00,2017-01-15 19:45:00,9.14,77.92,1229.0670156003907,0.0,1350,868,0.0,8963415.0,1859827640,0
3RIMG_15JAN2017_1445_L2C_INS_V01R00.h5,15JAN,2017-01-15 14:45:00,2017-01-15 20:15:00,9.14,77.92,1229.0670156003907,0.0,1350,868,0.0,8963445.0,585492408,0
3RIMG_15JAN2017_1515_L2C_INS_V01R00.h5,15JAN,2017-01-15 15:15:00,2017-01-15 20:45:00,9.14,77.92,1229.0670156003907,0.0,1350,868,0.0,8963475.0,-47958088,0
3RIMG_15JAN2017_1545_L2C_INS_V01R00.h5,15JAN,2017-01-15 15:45:00,2017-01-15 21:15:00,9.14,77.92,1229.0670156003907,0.0,1350,868,0.0,8963505.0,202905528,0
3RIMG_15JAN2017_1615_L2C_INS_V01R00.h5,15JAN,2017-01-15 16:15:00,2017-01-15 21:45:00,9.14,77.92,1229.0670156003907,0.0,1350,868,0.0,8963535.0,871143352,0
3RIMG_15JAN2017_1645_L2C_INS_V01R00.h5,15JAN,2017-01-15 16:45:00,2017-01-15 22:15:00,9.14,77.92,1229.0670156003907,0.0,1350,868,0.0,8963565.0,-304896072,0
3RIMG_15JAN2017_1715_L2C_INS_V01R00.h5,15JAN,2017-01-15 17:15:00,2017-01-15 22:45:00,9.14,77.92,1229.0670156003907,0.0,1350,868,0.0,8963595.0,-1855133768,0
3RIMG_15JAN2017_1745_L2C_INS_V01R00.h5,15JAN,2017-01-15 17:45:00,2017-01-15 23:15:00,9.14,77.92,1229.0670156003907,0.0,1350,868,0.0,8963625.0,-255215688,0
3RIMG_15JAN2017_1815_L2C_INS_V01R00.h5,15JAN,2017-01-15 18:15:00,2017-01-15 23:45:00,9.14,77.92,1229.0670156003907,0.0,1350,868,0.0,8963655.0,-703686728,0
3RIMG_15JAN2017_1845_L2C_INS_V01R00.h5,15JAN,2017-01-15 18:45:00,2017-01-16 00:15:00,9.14,77.92,1229.0670156003907,0.0,1350,868,0.0,8963685.0,-1659107400,0
3RIMG_15JAN2017_1915_L2C_INS_V01R00.h5,15JAN,2017-01-15 19:15:00,2017-01-16 00:45:00,9.14,77.92,1229.0670156003907,0.0,1350,868,0.0,8963715.0,239519672,0
3RIMG_15JAN2017_1945_L2C_INS_V01R00.h5,15JAN,2017-01-15 19:45:00,2017-01-16 01:15:00,9.14,77.92,1229.0670156003907,0.0,1350,868,0.0,8963745.0,-1433131080,0
3RIMG_15JAN2017_2015_L2C_INS_V01R00.h5,15JAN,2017-01-15 20:15:00,2017-01-16 01:45:00,9.14,77.92,1229.0670156003907,0.0,1350,868,0.0,8963775.0,115464120,0
3RIMG_15JAN2017_2045_L2C_INS_V01R00.h5,15JAN,2017-01-15 20:45:00,2017-01-16 02:15:00,9.14,77.92,1229.0670156003907,0.0,1350,868,0.0,8963805.0,-1928071240,0
3RIMG_15JAN2017_2115_L2C_INS_V01R00.h5,15JAN,2017-01-15 21:15:00,2017-01-16 02:45:00,9.14,77.92,1229.0670156003907,0.0,1350,868,0.0,8963835.0,-1337432136,0
3RIMG_15JAN2017_2145_L2C_INS_V01R00.h5,15JAN,2017-01-15 21:45:00,2017-01-16 03:15:00,9.14,77.92,1229.0670156003907,0.0,1350,868,0.0,8963865.0,-480999496,0
3RIMG_15JAN2017_2215_L2C_INS_V01R00.h5,15JAN,2017-01-15 22:15:00,2017-01-16 03:45:00,9.14,77.92,1229.0670156003907,0.0,1350,868,0.0,8963895.0,2141243320,0
3RIMG_15JAN2017_2245_L2C_INS_V01R00.h5,15JAN,2017-01-15 22:45:00,2017-01-16 04:15:00,9.14,77.92,1229.0670156003907,0.0,1350,868,0.0,8963925.0,926967736,0
3RIMG_15JAN2017_2315_L2C_INS_V01R00.h5,15JAN,2017-01-15 23:15:00,2017-01-16 04:45:00,9.14,77.92,1229.0670156003907,0.0,1350,868,0.0,8963955.0,1011189688,0
3RIMG_15JAN2017_2345_L2C_INS_V01R00.h5,15JAN,2017-01-15 23:45:00,2017-01-16 05:15:00,9.14,77.92,1229.0670156003907,0.0,1350,868,0.0,8963985.0,493340600,0
3RIMG_16JAN2017_0015_L2C_INS_V01R00.h5,16JAN,2017-01-16 00:15:00,2017-01-16 05:45:00,9.14,77.92,1229.0670156003907,0.0,1350,868,0.0,8964015.0,-2070591560,0
3RIMG_16JAN2017_0045_L2C_INS_V01R00.h5,16JAN,2017-01-16 00:45:00,2017-01-16 06:15:00,9.14,77.92,1229.0670156003907,0.0,1350,868,0.0,8964045.0,-587696200,0
3RIMG_16JAN2017_0115_L2C_INS_V01R00.h5,16JAN,2017-01-16 01:15:00,2017-01-16 06:45:00,9.14,77.92,1229.0670156003907,0.0,1350,868,0.0,8964075.0,1818478520,0
3RIMG_16JAN2017_0145_L2C_INS_V01R00.h5,16JAN,2017-01-16 01:45:00,2017-01-16 07:15:00,9.14,77.92,1229.0670156003907,0.0,1350,868,0.0,8964105.0,-1645090888,0
3RIMG_16JAN2017_0215_L2C_INS_V01R00.h5,16JAN,2017-01-16 02:15:00,2017-01-16 07:45:00,9.14,77.92,1229.0670156003907,0.0,1350,868,172.75985717773438,8964135.0,551511992,0
3RIMG_16JAN2017_0245_L2C_INS_V01R00.h5,16JAN,2017-01-16 02:45:00,2017-01-16 08:15:00,9.14,77.92,1229.0670156003907,0.0,1350,868,195.64761352539062,8964165.0,1839433656,0
3RIMG_16JAN2017_0315_L2C_INS_V01R00.h5,16JAN,2017-01-16 03:15:00,2017-01-16 08:45:00,9.14,77.92,1229.0670156003907,0.0,1350,868,434.537841796875,8964195.0,1556338616,0
3RIMG_16JAN2017_0345_L2C_INS_V01R00.h5,16JAN,2017-01-16 03:45:00,2017-01-16 09:15:00,9.14,77.92,1229.0670156003907,0.0,1350,868,465.2756652832031,8964225.0,711940024,0
3RIMG_16JAN2017_0415_L2C_INS_V01R00.h5,16JAN,2017-01-16 04:15:00,2017-01-16 09:45:00,9.14,77.92,1229.0670156003907,0.0,1350,868,520.0342407226562,8964255.0,-1120094280,0
3RIMG_16JAN2017_0445_L2C_INS_V01R00.h5,16JAN,2017-01-16 04:45:00,2017-01-16 10:15:00,9.14,77.92,1229.0670156003907,0.0,1350,868,412.7127380371094,8964285.0,-2104084552,0
3RIMG_16JAN2017_0515_L2C_INS_V01R00.h5,16JAN,2017-01-16 05:15:00,2017-01-16 10:45:00,9.14,77.92,1229.0670156003907,0.0,1350,868,886.4249267578125,8964315.0,-574638152,0
3RIMG_16JAN2017_0545_L2C_INS_V01R00.h5,16JAN,2017-01-16 05:45:00,2017-01-16 11:15:00,9.14,77.92,1229.0670156003907,0.0,1350,868,902.5555419921875,8964345.0,1155409848,0
3RIMG_16JAN2017_0615_L2C_INS_V01R00.h5,16JAN,2017-01-16 06:15:00,2017-01-16 11:45:00,9.14,77.92,1229.0670156003907,0.0,1350,868,681.693115234375,8964375.0,-954783816,0
3RIMG_16JAN2017_0715_L2C_INS_V01R00.h5,16JAN,2017-01-16 07:15:00,2017-01-16 12:45:00,9.14,77.92,1229.0670156003907,0.0,1350,868,722.0853271484375,8964435.0,1843263416,0
3RIMG_16JAN2017_0745_L2C_INS_V01R00.h5,16JAN,2017-01-16 07:45:00,2017-01-16 13:15:00,9.14,77.92,1229.0670156003907,0.0,1350,868,697.2572631835938,8964465.0,687703992,0
3RIMG_16JAN2017_0815_L2C_INS_V01R00.h5,16JAN,2017-01-16 08:15:00,2017-01-16 13:45:00,9.14,77.92,1229.0670156003907,0.0,1350,868,698.27490234375,8964495.0,-1125324872,0
3RIMG_16JAN2017_0845_L2C_INS_V01R00.h5,16JAN,2017-01-16 08:45:00,2017-01-16 14:15:00,9.14,77.92,1229.0670156003907,0.0,1350,868,748.6692504882812,8964525.0,692950968,0
3RIMG_16JAN2017_0915_L2C_INS_V01R00.h5,16JAN,2017-01-16 09:15:00,2017-01-16 14:45:00,9.14,77.92,1229.0670156003907,0.0,1350,868,599.4573974609375,8964555.0,-289405000,0
3RIMG_16JAN2017_0945_L2C_INS_V01R00.h5,16JAN,2017-01-16 09:45:00,2017-01-16 15:15:00,9.14,77.92,1229.0670156003907,0.0,1350,868,876.1196899414062,8964585.0,1813202872,0
3RIMG_16JAN2017_1015_L2C_INS_V01R00.h5,16JAN,2017-01-16 10:15:00,2017-01-16 15:45:00,9.14,77.92,1229.0670156003907,0.0,1350,868,702.134033203125,8964615.0,-1333348424,0
3RIMG_16JAN2017_1115_L2C_INS_V01R00.h5,16JAN,2017-01-16 11:15:00,2017-01-16 16:45:00,9.14,77.92,1229.0670156003907,0.0,1350,868,446.73394775390625,8964675.0,1208879032,0
3RIMG_16JAN2017_1145_L2C_INS_V01R00.h5,16JAN,2017-01-16 11:45:00,2017-01-16 17:15:00,9.14,77.92,1229.0670156003907,0.0,1350,868,394.1295471191406,8964705.0,1386768312,0
3RIMG_16JAN2017_1245_L2C_INS_V01R00.h5,16JAN,2017-01-16 12:45:00,2017-01-16 18:15:00,9.14,77.92,1229.0670156003907,0.0,1350,868,0.0,8964765.0,1823332280,0
3RIMG_16JAN2017_1315_L2C_INS_V01R00.h5,16JAN,2017-01-16 13:15:00,2017-01-16 18:45:00,9.14,77.92,1229.0670156003907,0.0,1350,868,0.0,8964795.0,1327544248,0
3RIMG_16JAN2017_1345_L2C_INS_V01R00.h5,16JAN,2017-01-16 13:45:00,2017-01-16 19:15:00,9.14,77.92,1229.0670156003907,0.0,1350,868,0.0,8964825.0,2105685944,0
3RIMG_16JAN2017_1415_L2C_INS_V01R00.h5,16JAN,2017-01-16 14:15:00,2017-01-16 19:45:00,9.14,77.92,1229.0670156003907,0.0,1350,868,0.0,8964855.0,812578744,0
3RIMG_16JAN2017_1445_L2C_INS_V01R00.h5,16JAN,2017-01-16 14:45:00,2017-01-16 20:15:00,9.14,77.92,1229.0670156003907,0.0,1350,868,0.0,8964885.0,717924280,0
3RIMG_16JAN2017_1515_L2C_INS_V01R00.h5,16JAN,2017-01-16 15:15:00,2017-01-16 20:45:00,9.14,77.92,1229.0670156003907,0.0,1350,868,0.0,8964915.0,-1003014216,0
3RIMG_16JAN2017_1545_L2C_INS_V01R00.h5,16JAN,2017-01-16 15:45:00,2017-01-16 21:15:00,9.14,77.92,1229.0670156003907,0.0,1350,868,0.0,8964945.0,-971372616,0
3RIMG_16JAN2017_1615_L2C_INS_V01R00.h5,16JAN,2017-01-16 16:15:00,2017-01-16 21:45:00,9.14,77.92,1229.0670156003907,0.0,1350,868,0.0,8964975.0,927750072,0
3RIMG_16JAN2017_1645_L2C_INS_V01R00.h5,16JAN,2017-01-16 16:45:00,2017-01-16 22:15:00,9.14,77.92,1229.0670156003907,0.0,1350,868,0.0,8965005.0,-876746824,0
3RIMG_16JAN2017_1715_L2C_INS_V01R00.h5,16JAN,2017-01-16 17:15:00,2017-01-16 22:45:00,9.14,77.92,1229.0670156003907,0.0,1350,868,0.0,8965035.0,-1487304776,0
3RIMG_16JAN2017_1745_L2C_INS_V01R00.h5,16JAN,2017-01-16 17:45:00,2017-01-16 23:15:00,9.14,77.92,1229.0670156003907,0.0,1350,868,0.0,8965065.0,1831372728,0
3RIMG_16JAN2017_1815_L2C_INS_V01R00.h5,16JAN,2017-01-16 18:15:00,2017-01-16 23:45:00,9.14,77.92,1229.0670156003907,0.0,1350,868,0.0,8965095.0,1451018168,0
3RIMG_16JAN2017_1845_L2C_INS_V01R00.h5,16JAN,2017-01-16 18:45:00,2017-01-17 00:15:00,9.14,77.92,1229.0670156003907,0.0,1350,868,0.0,8965125.0,-1020909640,0
3RIMG_16JAN2017_1915_L2C_INS_V01R00.h5,16JAN,2017-01-16 19:15:00,2017-01-17 00:45:00,9.14,77.92,1229.0670156003907,0.0,1350,868,0.0,8965155.0,-239147080,0
3RIMG_16JAN2017_1945_L2C_INS_V01R00.h5,16JAN,2017-01-16 19:45:00,2017-01-17 01:15:00,9.14,77.92,1229.0670156003907,0.0,1350,868,0.0,8965185.0,-1385531464,0
3RIMG_16JAN2017_2015_L2C_INS_V01R00.h5,16JAN,2017-01-16 20:15:00,2017-01-17 01:45:00,9.14,77.92,1229.0670156003907,0.0,1350,868,0.0,8965215.0,1450248120,0
3RIMG_16JAN2017_2045_L2C_INS_V01R00.h5,16JAN,2017-01-16 20:45:00,2017-01-17 02:15:00,9.14,77.92,1229.0670156003907,0.0,1350,868,0.0,8965245.0,811431864,0
3RIMG_16JAN2017_2115_L2C_INS_V01R00.h5,16JAN,2017-01-16 21:15:00,2017-01-17 02:45:00,9.14,77.92,1229.0670156003907,0.0,1350,868,0.0,8965275.0,-1916840008,0
3RIMG_16JAN2017_2145_L2C_INS_V01R00.h5,16JAN,2017-01-16 21:45:00,2017-01-17 03:15:00,9.14,77.92,1229.0670156003907,0.0,1350,868,0.0,8965305.0,-1572571208,0
3RIMG_16JAN2017_2215_L2C_INS_V01R00.h5,16JAN,2017-01-16 22:15:00,2017-01-17 03:45:00,9.14,77.92,1229.0670156003907,0.0,1350,868,0.0,8965335.0,1317881784,0
3RIMG_16JAN2017_2245_L2C_INS_V01R00.h5,16JAN,2017-01-16 22:45:00,2017-01-17 04:15:00,9.14,77.92,1229.0670156003907,0.0,1350,868,0.0,8965365.0,338405304,0
3RIMG_16JAN2017_2315_L2C_INS_V01R00.h5,16JAN,2017-01-16 23:15:00,2017-01-17 04:45:00,9.14,77.92,1229.0670156003907,0.0,1350,868,0.0,8965395.0,887887800,0
3RIMG_16JAN2017_2345_L2C_INS_V01R00.h5,16JAN,2017-01-16 23:45:00,2017-01-17 05:15:00,9.14,77.92,1229.0670156003907,0.0,1350,868,0.0,8965425.0,2102884280,0
3RIMG_17JAN2017_0015_L2C_INS_V01R00.h5,17JAN,2017-01-17 00:15:00,2017-01-17 05:45:00,9.14,77.92,1229.0670156003907,0.0,1350,868,0.0,8965455.0,-1835165768,0
3RIMG_17JAN2017_0045_L2C_INS_V01R00.h5,17JAN,2017-01-17 00:45:00,2017-01-17 06:15:00,9.14,77.92,1229.0670156003907,0.0,1350,868,0.0,8965485.0,-376940616,0
3RIMG_17JAN2017_0115_L2C_INS_V01R00.h5,17JAN,2017-01-17 01:15:00,2017-01-17 06:45:00,9.14,77.92,1229.0670156003907,0.0,1350,868,0.0,8965515.0,1636394936,0
3RIMG_17JAN2017_0145_L2C_INS_V01R00.h5,17JAN,2017-01-17 01:45:00,2017-01-17 07:15:00,9.14,77.92,1229.0670156003907,0.0,1350,868,0.0,8965545.0,1665042360,0
3RIMG_17JAN2017_0215_L2C_INS_V01R00.h5,17JAN,2017-01-17 02:15:00,2017-01-17 07:45:00,9.14,77.92,1229.0670156003907,0.0,1350,868,147.8131866455078,8965575.0,-603199560,0
3RIMG_17JAN2017_0245_L2C_INS_V01R00.h5,17JAN,2017-01-17 02:45:00,2017-01-17 08:15:00,9.14,77.92,1229.0670156003907,0.0,1350,868,178.0682830810547,8965605.0,-1935689800,0
3RIMG_17JAN2017_0315_L2C_INS_V01R00.h5,17JAN,2017-01-17 03:15:00,2017-01-17 08:45:00,9.14,77.92,1229.0670156003907,0.0,1350,868,399.6859130859375,8965635.0,350902200,0
3RIMG_17JAN2017_0345_L2C_INS_V01R00.h5,17JAN,2017-01-17 03:45:00,2017-01-17 09:15:00,9.14,77.92,1229.0670156003907,0.0,1350,868,435.7861328125,8965665.0,1073674168,0
3RIMG_17JAN2017_0415_L2C_INS_V01R00.h5,17JAN,2017-01-17 04:15:00,2017-01-17 09:45:00,9.14,77.92,1229.0670156003907,0.0,1350,868,648.6305541992188,8965695.0,885057464,0
3RIMG_17JAN2017_0445_L2C_INS_V01R00.h5,17JAN,2017-01-17 04:45:00,2017-01-17 10:15:00,9.14,77.92,1229.0670156003907,0.0,1350,868,678.00390625,8965725.0,395683768,0
3RIMG_17JAN2017_0515_L2C_INS_V01R00.h5,17JAN,2017-01-17 05:15:00,2017-01-17 10:45:00,9.14,77.92,1229.0670156003907,0.0,1350,868,849.70458984375,8965755.0,2124081080,0
3RIMG_17JAN2017_0545_L2C_INS_V01R00.h5,17JAN,2017-01-17 05:45:00,2017-01-17 11:15:00,9.14,77.92,1229.0670156003907,0.0,1350,868,867.8197021484375,8965785.0,-1592047688,0
3RIMG_17JAN2017_0615_L2C_INS_V01R00.h5,17JAN,2017-01-17 06:15:00,2017-01-17 11:45:00,9.14,77.92,1229.0670156003907,0.0,1350,868,981.4368896484375,8965815.0,1250691000,0
3RIMG_17JAN2017_0645_L2C_INS_V01R00.h5,17JAN,2017-01-17 06:45:00,2017-01-17 12:15:00,9.14,77.92,1229.0670156003907,0.0,1350,868,985.5748901367188,8965845.0,-2062141512,0
3RIMG_17JAN2017_0715_L2C_INS_V01R00.h5,17JAN,2017-01-17 07:15:00,2017-01-17 12:45:00,9.14,77.92,1229.0670156003907,0.0,1350,868,1023.8951416015625,8965875.0,-1917974600,0
3RIMG_17JAN2017_0745_L2C_INS_V01R00.h5,17JAN,2017-01-17 07:45:00,2017-01-17 13:15:00,9.14,77.92,1229.0670156003907,0.0,1350,868,1014.8695678710938,8965905.0,-119031880,0
3RIMG_17JAN2017_0815_L2C_INS_V01R00.h5,17JAN,2017-01-17 08:15:00,2017-01-17 13:45:00,9.14,77.92,1229.0670156003907,0.0,1350,868,978.0741577148438,8965935.0,-480102472,0
3RIMG_17JAN2017_0845_L2C_INS_V01R00.h5,17JAN,2017-01-17 08:45:00,2017-01-17 14:15:00,9.14,77.92,1229.0670156003907,0.0,1350,868,952.9841918945312,8965965.0,1374742456,0
3RIMG_17JAN2017_0915_L2C_INS_V01R00.h5,17JAN,2017-01-17 09:15:00,2017-01-17 14:45:00,9.14,77.92,1229.0670156003907,0.0,1350,868,846.9784545898438,8965995.0,1008560056,0
3RIMG_17JAN2017_0945_L2C_INS_V01R00.h5,17JAN,2017-01-17 09:45:00,2017-01-17 15:15:00,9.14,77.92,1229.0670156003907,0.0,1350,868,806.900146484375,8966025.0,-6760520,0
3RIMG_17JAN2017_1015_L2C_INS_V01R00.h5,17JAN,2017-01-17 10:15:00,2017-01-17 15:45:00,9.14,77.92,1229.0670156003907,0.0,1350,868,641.0245361328125,8966055.0,30001080,0
3RIMG_17JAN2017_1045_L2C_INS_V01R00.h5,17JAN,2017-01-17 10:45:00,2017-01-17 16:15:00,9.14,77.92,1229.0670156003907,0.0,1350,868,586.7389526367188,8966085.0,1621825464,0
3RIMG_17JAN2017_1115_L2C_INS_V01R00.h5,17JAN,2017-01-17 11:15:00,2017-01-17 16:45:00,9.14,77.92,1229.0670156003907,0.0,1350,868,386.3341979980469,8966115.0,31901624,0
3RIMG_17JAN2017_1145_L2C_INS_V01R00.h5,17JAN,2017-01-17 11:45:00,2017-01-17 17:15:00,9.14,77.92,1229.0670156003907,0.0,1350,868,316.52239990234375,8966145.0,1871988664,0
3RIMG_17JAN2017_1215_L2C_INS_V01R00.h5,17JAN,2017-01-17 12:15:00,2017-01-17 17:45:00,9.14,77.92,1229.0670156003907,0.0,1350,868,115.75164794921875,8966175.0,765036472,0
3RIMG_17JAN2017_1245_L2C_INS_V01R00.h5,17JAN,2017-01-17 12:45:00,2017-01-17 18:15:00,9.14,77.92,1229.0670156003907,0.0,1350,868,4.448699474334717,8966205.0,-49248328,0
3RIMG_17JAN2017_1315_L2C_INS_V01R00.h5,17JAN,2017-01-17 13:15:00,2017-01-17 18:45:00,9.14,77.92,1229.0670156003907,0.0,1350,868,0.0,8966235.0,-1335298120,0
3RIMG_17JAN2017_1345_L2C_INS_V01R00.h5,17JAN,2017-01-17 13:45:00,2017-01-17 19:15:00,9.14,77.92,1229.0670156003907,0.0,1350,868,0.0,8966265.0,-1874765896,0
3RIMG_17JAN2017_1415_L2C_INS_V01R00.h5,17JAN,2017-01-17 14:15:00,2017-01-17 19:45:00,9.14,77.92,1229.0670156003907,0.0,1350,868,0.0,8966295.0,1823315896,0
3RIMG_17JAN2017_1445_L2C_INS_V01R00.h5,17JAN,2017-01-17 14:45:00,2017-01-17 20:15:00,9.14,77.92,1229.0670156003907,0.0,1350,868,0.0,8966325.0,-1358870600,0
3RIMG_17JAN2017_1515_L2C_INS_V01R00.h5,17JAN,2017-01-17 15:15:00,2017-01-17 20:45:00,9.14,77.92,1229.0670156003907,0.0,1350,868,0.0,8966355.0,-95012936,0
3RIMG_17JAN2017_1545_L2C_INS_V01R00.h5,17JAN,2017-01-17 15:45:00,2017-01-17 21:15:00,9.14,77.92,1229.0670156003907,0.0,1350,868,0.0,8966385.0,-1225775176,0
3RIMG_17JAN2017_1615_L2C_INS_V01R00.h5,17JAN,2017-01-17 16:15:00,2017-01-17 21:45:00,9.14,77.92,1229.0670156003907,0.0,1350,868,0.0,8966415.0,2102400952,0
3RIMG_17JAN2017_1645_L2C_INS_V01R00.h5,17JAN,2017-01-17 16:45:00,2017-01-17 22:15:00,9.14,77.92,1229.0670156003907,0.0,1350,868,0.0,8966445.0,888358840,0
3RIMG_17JAN2017_1715_L2C_INS_V01R00.h5,17JAN,2017-01-17 17:15:00,2017-01-17 22:45:00,9.14,77.92,1229.0670156003907,0.0,1350,868,0.0,8966475.0,2085517240,0
3RIMG_17JAN2017_1745_L2C_INS_V01R00.h5,17JAN,2017-01-17 17:45:00,2017-01-17 23:15:00,9.14,77.92,1229.0670156003907,0.0,1350,868,0.0,8966505.0,-326617160,0
3RIMG_17JAN2017_1815_L2C_INS_V01R00.h5,17JAN,2017-01-17 18:15:00,2017-01-17 23:45:00,9.14,77.92,1229.0670156003907,0.0,1350,868,0.0,8966535.0,1332545464,0
3RIMG_17JAN2017_1845_L2C_INS_V01R00.h5,17JAN,2017-01-17 18:45:00,2017-01-18 00:15:00,9.14,77.92,1229.0670156003907,0.0,1350,868,0.0,8966565.0,-76052552,0
3RIMG_17JAN2017_1915_L2C_INS_V01R00.h5,17JAN,2017-01-17 19:15:00,2017-01-18 00:45:00,9.14,77.92,1229.0670156003907,0.0,1350,868,0.0,8966595.0,-212179016,0
3RIMG_17JAN2017_1945_L2C_INS_V01R00.h5,17JAN,2017-01-17 19:45:00,2017-01-18 01:15:00,9.14,77.92,1229.0670156003907,0.0,1350,868,0.0,8966625.0,1725601720,0
3RIMG_17JAN2017_2015_L2C_INS_V01R00.h5,17JAN,2017-01-17 20:15:00,2017-01-18 01:45:00,9.14,77.92,1229.0670156003907,0.0,1350,868,0.0,8966655.0,-1124296776,0
3RIMG_17JAN2017_2045_L2C_INS_V01R00.h5,17JAN,2017-01-17 20:45:00,2017-01-18 02:15:00,9.14,77.92,1229.0670156003907,0.0,1350,868,0.0,8966685.0,-796387400,0
3RIMG_17JAN2017_2115_L2C_INS_V01R00.h5,17JAN,2017-01-17 21:15:00,2017-01-18 02:45:00,9.14,77.92,1229.0670156003907,0.0,1350,868,0.0,8966715.0,1101072312,0
3RIMG_17JAN2017_2145_L2C_INS_V01R00.h5,17JAN,2017-01-17 21:45:00,2017-01-18 03:15:00,9.14,77.92,1229.0670156003907,0.0,1350,868,0.0,8966745.0,1699702712,0
3RIMG_17JAN2017_2215_L2C_INS_V01R00.h5,17JAN,2017-01-17 22:15:00,2017-01-18 03:45:00,9.14,77.92,1229.0670156003907,0.0,1350,868,0.0,8966775.0,-177760328,0
3RIMG_17JAN2017_2245_L2C_INS_V01R00.h5,17JAN,2017-01-17 22:45:00,2017-01-18 04:15:00,9.14,77.92,1229.0670156003907,0.0,1350,868,0.0,8966805.0,446367672,0
3RIMG_17JAN2017_2315_L2C_INS_V01R00.h5,17JAN,2017-01-17 23:15:00,2017-01-18 04:45:00,9.14,77.92,1229.0670156003907,0.0,1350,868,0.0,8966835.0,-1977747528,0
3RIMG_17JAN2017_2345_L2C_INS_V01R00.h5,17JAN,2017-01-17 23:45:00,2017-01-18 05:15:00,9.14,77.92,1229.0670156003907,0.0,1350,868,0.0,8966865.0,-129026120,0
3RIMG_18JAN2017_0015_L2C_INS_V01R00.h5,18JAN,2017-01-18 00:15:00,2017-01-18 05:45:00,9.14,77.92,1229.0670156003907,0.0,1350,868,0.0,8966895.0,-1392703560,0
3RIMG_18JAN2017_0045_L2C_INS_V01R00.h5,18JAN,2017-01-18 00:45:00,2017-01-18 06:15:00,9.14,77.92,1229.0670156003907,0.0,1350,868,0.0,8966925.0,-507246664,0
3RIMG_18JAN2017_0115_L2C_INS_V01R00.h5,18JAN,2017-01-18 01:15:00,2017-01-18 06:45:00,9.14,77.92,1229.0670156003907,0.0,1350,868,0.0,8966955.0,1382832056,0
3RIMG_18JAN2017_0145_L2C_INS_V01R00.h5,18JAN,2017-01-18 01:45:00,2017-01-18 07:15:00,9.14,77.92,1229.0670156003907,0.0,1350,868,0.0,8966985.0,341538744,0
3RIMG_18JAN2017_0215_L2C_INS_V01R00.h5,18JAN,2017-01-18 02:15:00,2017-01-18 07:45:00,9.14,77.92,1229.0670156003907,0.0,1350,868,147.6865234375,8967015.0,1501964216,0
3RIMG_18JAN2017_0245_L2C_INS_V01R00.h5,18JAN,2017-01-18 02:45:00,2017-01-18 08:15:00,9.14,77.92,1229.0670156003907,0.0,1350,868,178.56727600097656,8967045.0,1983494072,0
3RIMG_18JAN2017_0315_L2C_INS_V01R00.h5,18JAN,2017-01-18 03:15:00,2017-01-18 08:45:00,9.14,77.92,1229.0670156003907,0.0,1350,868,401.06646728515625,8967075.0,-1453983816,0
3RIMG_18JAN2017_0345_L2C_INS_V01R00.h5,18JAN,2017-01-18 03:45:00,2017-01-18 09:15:00,9.14,77.92,1229.0670156003907,0.0,1350,868,437.094970703125,8967105.0,161830840,0
3RIMG_18JAN2017_0415_L2C_INS_V01R00.h5,18JAN,2017-01-18 04:15:00,2017-01-18 09:45:00,9.14,77.92,1229.0670156003907,0.0,1350,868,650.48291015625,8967135.0,141862840,0
3RIMG_18JAN2017_0445_L2C_INS_V01R00.h5,18JAN,2017-01-18 04:45:00,2017-01-18 10:15:00,9.14,77.92,1229.0670156003907,0.0,1350,868,680.5074462890625,8967165.0,420759480,0
3RIMG_18JAN2017_0515_L2C_INS_V01R00.h5,18JAN,2017-01-18 05:15:00,2017-01-18 10:45:00,9.14,77.92,1229.0670156003907,0.0,1350,868,857.0160522460938,8967195.0,1504696248,0
3RIMG_18JAN2017_0545_L2C_INS_V01R00.h5,18JAN,2017-01-18 05:45:00,2017-01-18 11:15:00,9.14,77.92,1229.0670156003907,0.0,1350,868,872.4473876953125,8967225.0,-1062815816,0
3RIMG_18JAN2017_0615_L2C_INS_V01R00.h5,18JAN,2017-01-18 06:15:00,2017-01-18 11:45:00,9.14,77.92,1229.0670156003907,0.0,1350,868,984.4559326171875,8967255.0,-410077256,0
3RIMG_18JAN2017_0645_L2C_INS_V01R00.h5,18JAN,2017-01-18 06:45:00,2017-01-18 12:15:00,9.14,77.92,1229.0670156003907,0.0,1350,868,991.010498046875,8967285.0,-1480091720,0
3RIMG_18JAN2017_0715_L2C_INS_V01R00.h5,18JAN,2017-01-18 07:15:00,2017-01-18 12:45:00,9.14,77.92,1229.0670156003907,0.0,1350,868,1017.630126953125,8967315.0,1090373560,0
3RIMG_18JAN2017_0745_L2C_INS_V01R00.h5,18JAN,2017-01-18 07:45:00,2017-01-18 13:15:00,9.14,77.92,1229.0670156003907,0.0,1350,868,1017.79443359375,8967345.0,-907032648,0
3RIMG_18JAN2017_0815_L2C_INS_V01R00.h5,18JAN,2017-01-18 08:15:00,2017-01-18 13:45:00,9.14,77.92,1229.0670156003907,0.0,1350,868,982.251953125,8967375.0,-641280072,0
3RIMG_18JAN2017_0845_L2C_INS_V01R00.h5,18JAN,2017-01-18 08:45:00,2017-01-18 14:15:00,9.14,77.92,1229.0670156003907,0.0,1350,868,956.0883178710938,8967405.0,-1004243016,0
3RIMG_18JAN2017_0915_L2C_INS_V01R00.h5,18JAN,2017-01-18 09:15:00,2017-01-18 14:45:00,9.14,77.92,1229.0670156003907,0.0,1350,868,848.7874145507812,8967435.0,1747064760,0
3RIMG_18JAN2017_0945_L2C_INS_V01R00.h5,18JAN,2017-01-18 09:45:00,2017-01-18 15:15:00,9.14,77.92,1229.0670156003907,0.0,1350,868,809.6573486328125,8967465.0,71767992,0
3RIMG_18JAN2017_1015_L2C_INS_V01R00.h5,18JAN,2017-01-18 10:15:00,2017-01-18 15:45:00,9.14,77.92,1229.0670156003907,0.0,1350,868,643.488525390625,8967495.0,-813480008,0
3RIMG_18JAN2017_1045_L2C_INS_V01R00.h5,18JAN,2017-01-18 10:45:00,2017-01-18 16:15:00,9.14,77.92,1229.0670156003907,0.0,1350,868,591.0293579101562,8967525.0,-2110576712,0
3RIMG_18JAN2017_1115_L2C_INS_V01R00.h5,18JAN,2017-01-18 11:15:00,2017-01-18 16:45:00,9.14,77.92,1229.0670156003907,0.0,1350,868,388.2514343261719,8967555.0,-811898952,0
3RIMG_18JAN2017_1145_L2C_INS_V01R00.h5,18JAN,2017-01-18 11:45:00,2017-01-18 17:15:00,9.14,77.92,1229.0670156003907,0.0,1350,868,318.27325439453125,8967585.0,-640800840,0
3RIMG_18JAN2017_1215_L2C_INS_V01R00.h5,18JAN,2017-01-18 12:15:00,2017-01-18 17:45:00,9.14,77.92,1229.0670156003907,0.0,1350,868,117.35357666015625,8967615.0,-1236580424,0
3RIMG_18JAN2017_1245_L2C_INS_V01R00.h5,18JAN,2017-01-18 12:45:00,2017-01-18 18:15:00,9.14,77.92,1229.0670156003907,0.0,1350,868,5.698668479919434,8967645.0,-1544988744,0
3RIMG_18JAN2017_1315_L2C_INS_V01R00.h5,18JAN,2017-01-18 13:15:00,2017-01-18 18:45:00,9.14,77.92,1229.0670156003907,0.0,1350,868,0.0,8967675.0,2106345400,0
3RIMG_18JAN2017_1415_L2C_INS_V01R00.h5,18JAN,2017-01-18 14:15:00,2017-01-18 19:45:00,9.14,77.92,1229.0670156003907,0.0,1350,868,0.0,8967735.0,-974833736,0
3RIMG_18JAN2017_1445_L2C_INS_V01R00.h5,18JAN,2017-01-18 14:45:00,2017-01-18 20:15:00,9.14,77.92,1229.0670156003907,0.0,1350,868,0.0,8967765.0,-783243336,0
3RIMG_18JAN2017_1515_L2C_INS_V01R00.h5,18JAN,2017-01-18 15:15:00,2017-01-18 20:45:00,9.14,77.92,1229.0670156003907,0.0,1350,868,0.0,8967795.0,294205368,0
3RIMG_18JAN2017_1545_L2C_INS_V01R00.h5,18JAN,2017-01-18 15:45:00,2017-01-18 21:15:00,9.14,77.92,1229.0670156003907,0.0,1350,868,0.0,8967825.0,-382498888,0
3RIMG_18JAN2017_1615_L2C_INS_V01R00.h5,18JAN,2017-01-18 16:15:00,2017-01-18 21:45:00,9.14,77.92,1229.0670156003907,0.0,1350,868,0.0,8967855.0,-1755211848,0
3RIMG_18JAN2017_1645_L2C_INS_V01R00.h5,18JAN,2017-01-18 16:45:00,2017-01-18 22:15:00,9.14,77.92,1229.0670156003907,0.0,1350,868,0.0,8967885.0,1510651832,0
3RIMG_18JAN2017_1715_L2C_INS_V01R00.h5,18JAN,2017-01-18 17:15:00,2017-01-18 22:45:00,9.14,77.92,1229.0670156003907,0.0,1350,868,0.0,8967915.0,-960231496,0
3RIMG_18JAN2017_1745_L2C_INS_V01R00.h5,18JAN,2017-01-18 17:45:00,2017-01-18 23:15:00,9.14,77.92,1229.0670156003907,0.0,1350,868,0.0,8967945.0,143943608,0
3RIMG_18JAN2017_1845_L2C_INS_V01R00.h5,18JAN,2017-01-18 18:45:00,2017-01-19 00:15:00,9.14,77.92,1229.0670156003907,0.0,1350,868,0.0,8968005.0,-1590917192,0
3RIMG_18JAN2017_1915_L2C_INS_V01R00.h5,18JAN,2017-01-18 19:15:00,2017-01-19 00:45:00,9.14,77.92,1229.0670156003907,0.0,1350,868,0.0,8968035.0,1900873656,0
3RIMG_18JAN2017_1945_L2C_INS_V01R00.h5,18JAN,2017-01-18 19:45:00,2017-01-19 01:15:00,9.14,77.92,1229.0670156003907,0.0,1350,868,0.0,8968065.0,-1769023560,0
3RIMG_18JAN2017_2015_L2C_INS_V01R00.h5,18JAN,2017-01-18 20:15:00,2017-01-19 01:45:00,9.14,77.92,1229.0670156003907,0.0,1350,868,0.0,8968095.0,2092513208,0
3RIMG_18JAN2017_2045_L2C_INS_V01R00.h5,18JAN,2017-01-18 20:45:00,2017-01-19 02:15:00,9.14,77.92,1229.0670156003907,0.0,1350,868,0.0,8968125.0,-987957320,0
3RIMG_18JAN2017_2115_L2C_INS_V01R00.h5,18JAN,2017-01-18 21:15:00,2017-01-19 02:45:00,9.14,77.92,1229.0670156003907,0.0,1350,868,0.0,8968155.0,1334818744,0
3RIMG_18JAN2017_2145_L2C_INS_V01R00.h5,18JAN,2017-01-18 21:45:00,2017-01-19 03:15:00,9.14,77.92,1229.0670156003907,0.0,1350,868,0.0,8968185.0,-379160648,0
3RIMG_18JAN2017_2215_L2C_INS_V01R00.h5,18JAN,2017-01-18 22:15:00,2017-01-19 03:45:00,9.14,77.92,1229.0670156003907,0.0,1350,868,0.0,8968215.0,-2084169800,0
3RIMG_18JAN2017_2245_L2C_INS_V01R00.h5,18JAN,2017-01-18 22:45:00,2017-01-19 04:15:00,9.14,77.92,1229.0670156003907,0.0,1350,868,0.0,8968245.0,1862592440,0
3RIMG_18JAN2017_2315_L2C_INS_V01R00.h5,18JAN,2017-01-18 23:15:00,2017-01-19 04:45:00,9.14,77.92,1229.0670156003907,0.0,1350,868,0.0,8968275.0,133343160,0
3RIMG_18JAN2017_2345_L2C_INS_V01R00.h5,18JAN,2017-01-18 23:45:00,2017-01-19 05:15:00,9.14,77.92,1229.0670156003907,0.0,1350,868,0.0,8968305.0,-1653061704,0
3RIMG_19JAN2017_0015_L2C_INS_V01R00.h5,19JAN,2017-01-19 00:15:00,2017-01-19 05:45:00,9.14,77.92,1229.0670156003907,0.0,1350,868,0.0,8968335.0,-205113416,0
3RIMG_19JAN2017_0045_L2C_INS_V01R00.h5,19JAN,2017-01-19 00:45:00,2017-01-19 06:15:00,9.14,77.92,1229.0670156003907,0.0,1350,868,0.0,8968365.0,907679672,0
3RIMG_19JAN2017_0115_L2C_INS_V01R00.h5,19JAN,2017-01-19 01:15:00,2017-01-19 06:45:00,9.14,77.92,1229.0670156003907,0.0,1350,868,0.0,8968395.0,-535603272,0
3RIMG_19JAN2017_0145_L2C_INS_V01R00.h5,19JAN,2017-01-19 01:45:00,2017-01-19 07:15:00,9.14,77.92,1229.0670156003907,0.0,1350,868,0.0,8968425.0,-1732925512,0
3RIMG_19JAN2017_0215_L2C_INS_V01R00.h5,19JAN,2017-01-19 02:15:00,2017-01-19 07:45:00,9.14,77.92,1229.0670156003907,0.0,1350,868,147.94992065429688,8968455.0,-233740360,0
3RIMG_19JAN2017_0245_L2C_INS_V01R00.h5,19JAN,2017-01-19 02:45:00,2017-01-19 08:15:00,9.14,77.92,1229.0670156003907,0.0,1350,868,177.83567810058594,8968485.0,-979310664,0
3RIMG_19JAN2017_0315_L2C_INS_V01R00.h5,19JAN,2017-01-19 03:15:00,2017-01-19 08:45:00,9.14,77.92,1229.0670156003907,0.0,1350,868,400.302978515625,8968515.0,-1434343496,0
3RIMG_19JAN2017_0345_L2C_INS_V01R00.h5,19JAN,2017-01-19 03:45:00,2017-01-19 09:15:00,9.14,77.92,1229.0670156003907,0.0,1350,868,433.3955078125,8968545.0,1434867640,0
3RIMG_19JAN2017_0415_L2C_INS_V01R00.h5,19JAN,2017-01-19 04:15:00,2017-01-19 09:45:00,9.14,77.92,1229.0670156003907,0.0,1350,868,645.3795776367188,8968575.0,890615736,0
3RIMG_19JAN2017_0445_L2C_INS_V01R00.h5,19JAN,2017-01-19 04:45:00,2017-01-19 10:15:00,9.14,77.92,1229.0670156003907,0.0,1350,868,673.1412963867188,8968605.0,-772712520,0
3RIMG_19JAN2017_0515_L2C_INS_V01R00.h5,19JAN,2017-01-19 05:15:00,2017-01-19 10:45:00,9.14,77.92,1229.0670156003907,0.0,1350,868,843.1812744140625,8968635.0,1046304696,0
3RIMG_19JAN2017_0545_L2C_INS_V01R00.h5,19JAN,2017-01-19 05:45:00,2017-01-19 11:15:00,9.14,77.92,1229.0670156003907,0.0,1350,868,863.2960205078125,8968665.0,1679771576,0
3RIMG_19JAN2017_0615_L2C_INS_V01R00.h5,19JAN,2017-01-19 06:15:00,2017-01-19 11:45:00,9.14,77.92,1229.0670156003907,0.0,1350,868,976.0188598632812,8968695.0,-1569282120,0
3RIMG_19JAN2017_0645_L2C_INS_V01R00.h5,19JAN,2017-01-19 06:45:00,2017-01-19 12:15:00,9.14,77.92,1229.0670156003907,0.0,1350,868,985.9871826171875,8968725.0,-8357960,0
3RIMG_19JAN2017_0715_L2C_INS_V01R00.h5,19JAN,2017-01-19 07:15:00,2017-01-19 12:45:00,9.14,77.92,1229.0670156003907,0.0,1350,868,1026.8958740234375,8968755.0,-1905244232,0
3RIMG_19JAN2017_0745_L2C_INS_V01R00.h5,19JAN,2017-01-19 07:45:00,2017-01-19 13:15:00,9.14,77.92,1229.0670156003907,0.0,1350,868,1016.7055053710938,8968785.0,-2132437064,0
3RIMG_19JAN2017_0815_L2C_INS_V01R00.h5,19JAN,2017-01-19 08:15:00,2017-01-19 13:45:00,9.14,77.92,1229.0670156003907,0.0,1350,868,981.0646362304688,8968815.0,-1044351048,0
3RIMG_19JAN2017_0845_L2C_INS_V01R00.h5,19JAN,2017-01-19 08:45:00,2017-01-19 14:15:00,9.14,77.92,1229.0670156003907,0.0,1350,868,954.647216796875,8968845.0,9496504,0
3RIMG_19JAN2017_0915_L2C_INS_V01R00.h5,19JAN,2017-01-19 09:15:00,2017-01-19 14:45:00,9.14,77.92,1229.0670156003907,0.0,1350,868,849.6388549804688,8968875.0,-1094678600,0
3RIMG_19JAN2017_0945_L2C_INS_V01R00.h5,19JAN,2017-01-19 09:45:00,2017-01-19 15:15:00,9.14,77.92,1229.0670156003907,0.0,1350,868,808.1224365234375,8968905.0,-1911388232,0
3RIMG_19JAN2017_1015_L2C_INS_V01R00.h5,19JAN,2017-01-19 10:15:00,2017-01-19 15:45:00,9.14,77.92,1229.0670156003907,0.0,1350,868,639.7886352539062,8968935.0,1797818296,0
3RIMG_19JAN2017_1045_L2C_INS_V01R00.h5,19JAN,2017-01-19 10:45:00,2017-01-19 16:15:00,9.14,77.92,1229.0670156003907,0.0,1350,868,591.593017578125,8968965.0,1085274040,0
3RIMG_19JAN2017_1115_L2C_INS_V01R00.h5,19JAN,2017-01-19 11:15:00,2017-01-19 16:45:00,9.14,77.92,1229.0670156003907,0.0,1350,868,387.962158203125,8968995.0,-2101934152,0
3RIMG_19JAN2017_1145_L2C_INS_V01R00.h5,19JAN,2017-01-19 11:45:00,2017-01-19 17:15:00,9.14,77.92,1229.0670156003907,0.0,1350,868,319.63739013671875,8969025.0,-1378363464,0
3RIMG_19JAN2017_1215_L2C_INS_V01R00.h5,19JAN,2017-01-19 12:15:00,2017-01-19 17:45:00,9.14,77.92,1229.0670156003907,0.0,1350,868,118.2975845336914,8969055.0,-688277576,0
3RIMG_19JAN2017_1245_L2C_INS_V01R00.h5,19JAN,2017-01-19 12:45:00,2017-01-19 18:15:00,9.14,77.92,1229.0670156003907,0.0,1350,868,6.265918254852295,8969085.0,-1824438344,0
3RIMG_19JAN2017_1315_L2C_INS_V01R00.h5,19JAN,2017-01-19 13:15:00,2017-01-19 18:45:00,9.14,77.92,1229.0670156003907,0.0,1350,868,0.0,8969115.0,1316321208,0
3RIMG_19JAN2017_1345_L2C_INS_V01R00.h5,19JAN,2017-01-19 13:45:00,2017-01-19 19:15:00,9.14,77.92,1229.0670156003907,0.0,1350,868,0.0,8969145.0,414590904,0
3RIMG_19JAN2017_1415_L2C_INS_V01R00.h5,19JAN,2017-01-19 14:15:00,2017-01-19 19:45:00,9.14,77.92,1229.0670156003907,0.0,1350,868,0.0,8969175.0,616093624,0
3RIMG_19JAN2017_1445_L2C_INS_V01R00.h5,19JAN,2017-01-19 14:45:00,2017-01-19 20:15:00,9.14,77.92,1229.0670156003907,0.0,1350,868,0.0,8969205.0,2067838904,0
3RIMG_19JAN2017_1515_L2C_INS_V01R00.h5,19JAN,2017-01-19 15:15:00,2017-01-19 20:45:00,9.14,77.92,1229.0670156003907,0.0,1350,868,0.0,8969235.0,-1975941192,0
3RIMG_19JAN2017_1545_L2C_INS_V01R00.h5,19JAN,2017-01-19 15:45:00,2017-01-19 21:15:00,9.14,77.92,1229.0670156003907,0.0,1350,868,0.0,8969265.0,-1576859720,0
3RIMG_19JAN2017_1615_L2C_INS_V01R00.h5,19JAN,2017-01-19 16:15:00,2017-01-19 21:45:00,9.14,77.92,1229.0670156003907,0.0,1350,868,0.0,8969295.0,-1055950920,0
3RIMG_19JAN2017_1645_L2C_INS_V01R00.h5,19JAN,2017-01-19 16:45:00,2017-01-19 22:15:00,9.14,77.92,1229.0670156003907,0.0,1350,868,0.0,8969325.0,385140664,0
3RIMG_19JAN2017_1715_L2C_INS_V01R00.h5,19JAN,2017-01-19 17:15:00,2017-01-19 22:45:00,9.14,77.92,1229.0670156003907,0.0,1350,868,0.0,8969355.0,2058885048,0
3RIMG_19JAN2017_1745_L2C_INS_V01R00.h5,19JAN,2017-01-19 17:45:00,2017-01-19 23:15:00,9.14,77.92,1229.0670156003907,0.0,1350,868,0.0,8969385.0,-1795614792,0
3RIMG_19JAN2017_1815_L2C_INS_V01R00.h5,19JAN,2017-01-19 18:15:00,2017-01-19 23:45:00,9.14,77.92,1229.0670156003907,0.0,1350,868,0.0,8969415.0,-573610056,0
3RIMG_19JAN2017_1845_L2C_INS_V01R00.h5,19JAN,2017-01-19 18:45:00,2017-01-20 00:15:00,9.14,77.92,1229.0670156003907,0.0,1350,868,0.0,8969445.0,-1952352328,0
3RIMG_19JAN2017_1915_L2C_INS_V01R00.h5,19JAN,2017-01-19 19:15:00,2017-01-20 00:45:00,9.14,77.92,1229.0670156003907,0.0,1350,868,0.0,8969475.0,-1305970760,0
3RIMG_19JAN2017_1945_L2C_INS_V01R00.h5,19JAN,2017-01-19 19:45:00,2017-01-20 01:15:00,9.14,77.92,1229.0670156003907,0.0,1350,868,0.0,8969505.0,-833030216,0
3RIMG_19JAN2017_2015_L2C_INS_V01R00.h5,19JAN,2017-01-19 20:15:00,2017-01-20 01:45:00,9.14,77.92,1229.0670156003907,0.0,1350,868,0.0,8969535.0,495720376,0
3RIMG_19JAN2017_2045_L2C_INS_V01R00.h5,19JAN,2017-01-19 20:45:00,2017-01-20 02:15:00,9.14,77.92,1229.0670156003907,0.0,1350,868,0.0,8969565.0,387651512,0
3RIMG_19JAN2017_2115_L2C_INS_V01R00.h5,19JAN,2017-01-19 21:15:00,2017-01-20 02:45:00,9.14,77.92,1229.0670156003907,0.0,1350,868,0.0,8969595.0,-1393027144,0
3RIMG_19JAN2017_2145_L2C_INS_V01R00.h5,19JAN,2017-01-19 21:45:00,2017-01-20 03:15:00,9.14,77.92,1229.0670156003907,0.0,1350,868,0.0,8969625.0,85211064,0
3RIMG_19JAN2017_2215_L2C_INS_V01R00.h5,19JAN,2017-01-19 22:15:00,2017-01-20 03:45:00,9.14,77.92,1229.0670156003907,0.0,1350,868,0.0,8969655.0,403900344,0
3RIMG_19JAN2017_2245_L2C_INS_V01R00.h5,19JAN,2017-01-19 22:45:00,2017-01-20 04:15:00,9.14,77.92,1229.0670156003907,0.0,1350,868,0.0,8969685.0,920848312,0
3RIMG_19JAN2017_2315_L2C_INS_V01R00.h5,19JAN,2017-01-19 23:15:00,2017-01-20 04:45:00,9.14,77.92,1229.0670156003907,0.0,1350,868,0.0,8969715.0,-1071736904,0
3RIMG_19JAN2017_2345_L2C_INS_V01R00.h5,19JAN,2017-01-19 23:45:00,2017-01-20 05:15:00,9.14,77.92,1229.0670156003907,0.0,1350,868,0.0,8969745.0,811816888,0
3RIMG_20JAN2017_0015_L2C_INS_V01R00.h5,20JAN,2017-01-20 00:15:00,2017-01-20 05:45:00,9.14,77.92,1229.0670156003907,0.0,1350,868,0.0,8969775.0,-892307528,0
3RIMG_20JAN2017_0045_L2C_INS_V01R00.h5,20JAN,2017-01-20 00:45:00,2017-01-20 06:15:00,9.14,77.92,1229.0670156003907,0.0,1350,868,0.0,8969805.0,-584755272,0
3RIMG_20JAN2017_0115_L2C_INS_V01R00.h5,20JAN,2017-01-20 01:15:00,2017-01-20 06:45:00,9.14,77.92,1229.0670156003907,0.0,1350,868,0.0,8969835.0,329492408,0
3RIMG_20JAN2017_0145_L2C_INS_V01R00.h5,20JAN,2017-01-20 01:45:00,2017-01-20 07:15:00,9.14,77.92,1229.0670156003907,0.0,1350,868,0.0,8969865.0,1560373176,0
3RIMG_20JAN2017_0215_L2C_INS_V01R00.h5,20JAN,2017-01-20 02:15:00,2017-01-20 07:45:00,9.14,77.92,1229.0670156003907,0.0,1350,868,147.2428741455078,8969895.0,-29214792,0
3RIMG_20JAN2017_0245_L2C_INS_V01R00.h5,20JAN,2017-01-20 02:45:00,2017-01-20 08:15:00,9.14,77.92,1229.0670156003907,0.0,1350,868,177.75665283203125,8969925.0,1788610488,0
3RIMG_20JAN2017_0315_L2C_INS_V01R00.h5,20JAN,2017-01-20 03:15:00,2017-01-20 08:45:00,9.14,77.92,1229.0670156003907,0.0,1350,868,399.69036865234375,8969955.0,-32888904,0
3RIMG_20JAN2017_0345_L2C_INS_V01R00.h5,20JAN,2017-01-20 03:45:00,2017-01-20 09:15:00,9.14,77.92,1229.0670156003907,0.0,1350,868,435.976806640625,8969985.0,-1066874952,0
3RIMG_20JAN2017_0415_L2C_INS_V01R00.h5,20JAN,2017-01-20 04:15:00,2017-01-20 09:45:00,9.14,77.92,1229.0670156003907,0.0,1350,868,649.48095703125,8970015.0,30345144,0
3RIMG_20JAN2017_0445_L2C_INS_V01R00.h5,20JAN,2017-01-20 04:45:00,2017-01-20 10:15:00,9.14,77.92,1229.0670156003907,0.0,1350,868,678.0949096679688,8970045.0,1485158328,0
3RIMG_20JAN2017_0515_L2C_INS_V01R00.h5,20JAN,2017-01-20 05:15:00,2017-01-20 10:45:00,9.14,77.92,1229.0670156003907,0.0,1350,868,851.584716796875,8970075.0,975087544,0
3RIMG_20JAN2017_0545_L2C_INS_V01R00.h5,20JAN,2017-01-20 05:45:00,2017-01-20 11:15:00,9.14,77.92,1229.0670156003907,0.0,1350,868,870.0288696289062,8970105.0,-1242212424,0
3RIMG_20JAN2017_0615_L2C_INS_V01R00.h5,20JAN,2017-01-20 06:15:00,2017-01-20 11:45:00,9.14,77.92,1229.0670156003907,0.0,1350,868,983.1926879882812,8970135.0,1972152248,0
3RIMG_20JAN2017_0645_L2C_INS_V01R00.h5,20JAN,2017-01-20 06:45:00,2017-01-20 12:15:00,9.14,77.92,1229.0670156003907,0.0,1350,868,988.58935546875,8970165.0,-281565256,0
3RIMG_20JAN2017_0715_L2C_INS_V01R00.h5,20JAN,2017-01-20 07:15:00,2017-01-20 12:45:00,9.14,77.92,1229.0670156003907,0.0,1350,868,1029.5445556640625,8970195.0,1070299064,0
3RIMG_20JAN2017_0745_L2C_INS_V01R00.h5,20JAN,2017-01-20 07:45:00,2017-01-20 13:15:00,9.14,77.92,1229.0670156003907,0.0,1350,868,1018.7233276367188,8970225.0,1613563832,0
3RIMG_20JAN2017_0815_L2C_INS_V01R00.h5,20JAN,2017-01-20 08:15:00,2017-01-20 13:45:00,9.14,77.92,1229.0670156003907,0.0,1350,868,982.2732543945312,8970255.0,1473845176,0
3RIMG_20JAN2017_0845_L2C_INS_V01R00.h5,20JAN,2017-01-20 08:45:00,2017-01-20 14:15:00,9.14,77.92,1229.0670156003907,0.0,1350,868,959.35791015625,8970285.0,1558411192,0
3RIMG_20JAN2017_0915_L2C_INS_V01R00.h5,20JAN,2017-01-20 09:15:00,2017-01-20 14:45:00,9.14,77.92,1229.0670156003907,0.0,1350,868,851.44677734375,8970315.0,-817199176,0
3RIMG_20JAN2017_0945_L2C_INS_V01R00.h5,20JAN,2017-01-20 09:45:00,2017-01-20 15:15:00,9.14,77.92,1229.0670156003907,0.0,1350,868,812.5696411132812,8970345.0,-1043404872,0
3RIMG_20JAN2017_1015_L2C_INS_V01R00.h5,20JAN,2017-01-20 10:15:00,2017-01-20 15:45:00,9.14,77.92,1229.0670156003907,0.0,1350,868,645.115234375,8970375.0,387151800,0
3RIMG_20JAN2017_1045_L2C_INS_V01R00.h5,20JAN,2017-01-20 10:45:00,2017-01-20 16:15:00,9.14,77.92,1229.0670156003907,0.0,1350,868,592.7333984375,8970405.0,2050365368,0
3RIMG_20JAN2017_1115_L2C_INS_V01R00.h5,20JAN,2017-01-20 11:15:00,2017-01-20 16:45:00,9.14,77.92,1229.0670156003907,0.0,1350,868,389.95611572265625,8970435.0,-844249160,0
3RIMG_20JAN2017_1145_L2C_INS_V01R00.h5,20JAN,2017-01-20 11:45:00,2017-01-20 17:15:00,9.14,77.92,1229.0670156003907,0.0,1350,868,321.3647766113281,8970465.0,2059855800,0
3RIMG_20JAN2017_1215_L2C_INS_V01R00.h5,20JAN,2017-01-20 12:15:00,2017-01-20 17:45:00,9.14,77.92,1229.0670156003907,0.0,1350,868,119.13633728027344,8970495.0,1672386488,0
3RIMG_20JAN2017_1245_L2C_INS_V01R00.h5,20JAN,2017-01-20 12:45:00,2017-01-20 18:15:00,9.14,77.92,1229.0670156003907,0.0,1350,868,7.331454753875732,8970525.0,-49879112,0
3RIMG_20JAN2017_1315_L2C_INS_V01R00.h5,20JAN,2017-01-20 13:15:00,2017-01-20 18:45:00,9.14,77.92,1229.0670156003907,0.0,1350,868,0.0,8970555.0,-461072456,0
3RIMG_20JAN2017_1345_L2C_INS_V01R00.h5,20JAN,2017-01-20 13:45:00,2017-01-20 19:15:00,9.14,77.92,1229.0670156003907,0.0,1350,868,0.0,8970585.0,-71829576,0
3RIMG_20JAN2017_1415_L2C_INS_V01R00.h5,20JAN,2017-01-20 14:15:00,2017-01-20 19:45:00,9.14,77.92,1229.0670156003907,0.0,1350,868,0.0,8970615.0,182130616,0
3RIMG_20JAN2017_1445_L2C_INS_V01R00.h5,20JAN,2017-01-20 14:45:00,2017-01-20 20:15:00,9.14,77.92,1229.0670156003907,0.0,1350,868,0.0,8970645.0,662079416,0
3RIMG_20JAN2017_1515_L2C_INS_V01R00.h5,20JAN,2017-01-20 15:15:00,2017-01-20 20:45:00,9.14,77.92,1229.0670156003907,0.0,1350,868,0.0,8970675.0,-1836324936,0
3RIMG_20JAN2017_1545_L2C_INS_V01R00.h5,20JAN,2017-01-20 15:45:00,2017-01-20 21:15:00,9.14,77.92,1229.0670156003907,0.0,1350,868,0.0,8970705.0,-1123641416,0
3RIMG_20JAN2017_1615_L2C_INS_V01R00.h5,20JAN,2017-01-20 16:15:00,2017-01-20 21:45:00,9.14,77.92,1229.0670156003907,0.0,1350,868,0.0,8970735.0,-196741192,0
3RIMG_20JAN2017_1645_L2C_INS_V01R00.h5,20JAN,2017-01-20 16:45:00,2017-01-20 22:15:00,9.14,77.92,1229.0670156003907,0.0,1350,868,0.0,8970765.0,815527864,0
3RIMG_20JAN2017_1715_L2C_INS_V01R00.h5,20JAN,2017-01-20 17:15:00,2017-01-20 22:45:00,9.14,77.92,1229.0670156003907,0.0,1350,868,0.0,8970795.0,2135812024,0
3RIMG_20JAN2017_1745_L2C_INS_V01R00.h5,20JAN,2017-01-20 17:45:00,2017-01-20 23:15:00,9.14,77.92,1229.0670156003907,0.0,1350,868,0.0,8970825.0,-1155573832,0
3RIMG_20JAN2017_1815_L2C_INS_V01R00.h5,20JAN,2017-01-20 18:15:00,2017-01-20 23:45:00,9.14,77.92,1229.0670156003907,0.0,1350,868,0.0,8970855.0,129943480,0
3RIMG_20JAN2017_1845_L2C_INS_V01R00.h5,20JAN,2017-01-20 18:45:00,2017-01-21 00:15:00,9.14,77.92,1229.0670156003907,0.0,1350,868,0.0,8970885.0,514021304,0
3RIMG_20JAN2017_1915_L2C_INS_V01R00.h5,20JAN,2017-01-20 19:15:00,2017-01-21 00:45:00,9.14,77.92,1229.0670156003907,0.0,1350,868,0.0,8970915.0,-1520515144,0
3RIMG_20JAN2017_1945_L2C_INS_V01R00.h5,20JAN,2017-01-20 19:45:00,2017-01-21 01:15:00,9.14,77.92,1229.0670156003907,0.0,1350,868,0.0,8970945.0,854890424,0
3RIMG_20JAN2017_2015_L2C_INS_V01R00.h5,20JAN,2017-01-20 20:15:00,2017-01-21 01:45:00,9.14,77.92,1229.0670156003907,0.0,1350,868,0.0,8970975.0,-540751944,0
3RIMG_20JAN2017_2045_L2C_INS_V01R00.h5,20JAN,2017-01-20 20:45:00,2017-01-21 02:15:00,9.14,77.92,1229.0670156003907,0.0,1350,868,0.0,8971005.0,2030229432,0
3RIMG_20JAN2017_2115_L2C_INS_V01R00.h5,20JAN,2017-01-20 21:15:00,2017-01-21 02:45:00,9.14,77.92,1229.0670156003907,0.0,1350,868,0.0,8971035.0,628373432,0
3RIMG_20JAN2017_2145_L2C_INS_V01R00.h5,20JAN,2017-01-20 21:45:00,2017-01-21 03:15:00,9.14,77.92,1229.0670156003907,0.0,1350,868,0.0,8971065.0,-876398664,0
3RIMG_20JAN2017_2215_L2C_INS_V01R00.h5,20JAN,2017-01-20 22:15:00,2017-01-21 03:45:00,9.14,77.92,1229.0670156003907,0.0,1350,868,0.0,8971095.0,2145650616,0
3RIMG_20JAN2017_2245_L2C_INS_V01R00.h5,20JAN,2017-01-20 22:45:00,2017-01-21 04:15:00,9.14,77.92,1229.0670156003907,0.0,1350,868,0.0,8971125.0,-741795912,0
3RIMG_20JAN2017_2315_L2C_INS_V01R00.h5,20JAN,2017-01-20 23:15:00,2017-01-21 04:45:00,9.14,77.92,1229.0670156003907,0.0,1350,868,0.0,8971155.0,-435370056,0
3RIMG_20JAN2017_2345_L2C_INS_V01R00.h5,20JAN,2017-01-20 23:45:00,2017-01-21 05:15:00,9.14,77.92,1229.0670156003907,0.0,1350,868,0.0,8971185.0,-1353361480,0
3RIMG_21JAN2017_0015_L2C_INS_V01R00.h5,21JAN,2017-01-21 00:15:00,2017-01-21 05:45:00,9.14,77.92,1229.0670156003907,0.0,1350,868,0.0,8971215.0,-1443391560,0
3RIMG_21JAN2017_0045_L2C_INS_V01R00.h5,21JAN,2017-01-21 00:45:00,2017-01-21 06:15:00,9.14,77.92,1229.0670156003907,0.0,1350,868,0.0,8971245.0,1120122808,0
3RIMG_21JAN2017_0115_L2C_INS_V01R00.h5,21JAN,2017-01-21 01:15:00,2017-01-21 06:45:00,9.14,77.92,1229.0670156003907,0.0,1350,868,0.0,8971275.0,-402294856,0
3RIMG_21JAN2017_0145_L2C_INS_V01R00.h5,21JAN,2017-01-21 01:45:00,2017-01-21 07:15:00,9.14,77.92,1229.0670156003907,0.0,1350,868,0.0,8971305.0,1157007288,0
3RIMG_21JAN2017_0215_L2C_INS_V01R00.h5,21JAN,2017-01-21 02:15:00,2017-01-21 07:45:00,9.14,77.92,1229.0670156003907,0.0,1350,868,147.46932983398438,8971335.0,-652548168,0
3RIMG_21JAN2017_0245_L2C_INS_V01R00.h5,21JAN,2017-01-21 02:45:00,2017-01-21 08:15:00,9.14,77.92,1229.0670156003907,0.0,1350,868,178.10093688964844,8971365.0,-501237832,0
3RIMG_21JAN2017_0315_L2C_INS_V01R00.h5,21JAN,2017-01-21 03:15:00,2017-01-21 08:45:00,9.14,77.92,1229.0670156003907,0.0,1350,868,400.6900329589844,8971395.0,-2099484744,0
3RIMG_21JAN2017_0345_L2C_INS_V01R00.h5,21JAN,2017-01-21 03:45:00,2017-01-21 09:15:00,9.14,77.92,1229.0670156003907,0.0,1350,868,436.4549560546875,8971425.0,2136709048,0
3RIMG_21JAN2017_0415_L2C_INS_V01R00.h5,21JAN,2017-01-21 04:15:00,2017-01-21 09:45:00,9.14,77.92,1229.0670156003907,0.0,1350,868,650.13916015625,8971455.0,1430280120,0
3RIMG_21JAN2017_0445_L2C_INS_V01R00.h5,21JAN,2017-01-21 04:45:00,2017-01-21 10:15:00,9.14,77.92,1229.0670156003907,0.0,1350,868,679.8147583007812,8971485.0,1467193272,0
3RIMG_21JAN2017_0515_L2C_INS_V01R00.h5,21JAN,2017-01-21 05:15:00,2017-01-21 10:45:00,9.14,77.92,1229.0670156003907,0.0,1350,868,852.495361328125,8971515.0,1615587256,0
3RIMG_21JAN2017_0545_L2C_INS_V01R00.h5,21JAN,2017-01-21 05:45:00,2017-01-21 11:15:00,9.14,77.92,1229.0670156003907,0.0,1350,868,871.35595703125,8971545.0,-2028800072,0
3RIMG_21JAN2017_0615_L2C_INS_V01R00.h5,21JAN,2017-01-21 06:15:00,2017-01-21 11:45:00,9.14,77.92,1229.0670156003907,0.0,1350,868,986.0549926757812,8971575.0,-253827144,0
3RIMG_21JAN2017_0645_L2C_INS_V01R00.h5,21JAN,2017-01-21 06:45:00,2017-01-21 12:15:00,9.14,77.92,1229.0670156003907,0.0,1350,868,991.32470703125,8971605.0,-1844303944,0
3RIMG_21JAN2017_0715_L2C_INS_V01R00.h5,21JAN,2017-01-21 07:15:00,2017-01-21 12:45:00,9.14,77.92,1229.0670156003907,0.0,1350,868,1032.228759765625,8971635.0,895342520,0
3RIMG_21JAN2017_0745_L2C_INS_V01R00.h5,21JAN,2017-01-21 07:45:00,2017-01-21 13:15:00,9.14,77.92,1229.0670156003907,0.0,1350,868,1021.296142578125,8971665.0,2037544888,0
3RIMG_21JAN2017_0815_L2C_INS_V01R00.h5,21JAN,2017-01-21 08:15:00,2017-01-21 13:45:00,9.14,77.92,1229.0670156003907,0.0,1350,868,985.1847534179688,8971695.0,1762363320,0
3RIMG_21JAN2017_0845_L2C_INS_V01R00.h5,21JAN,2017-01-21 08:45:00,2017-01-21 14:15:00,9.14,77.92,1229.0670156003907,0.0,1350,868,960.08837890625,8971725.0,836908984,0
3RIMG_21JAN2017_0915_L2C_INS_V01R00.h5,21JAN,2017-01-21 09:15:00,2017-01-21 14:45:00,9.14,77.92,1229.0670156003907,0.0,1350,868,854.096435546875,8971755.0,-2145904712,0
3RIMG_21JAN2017_0945_L2C_INS_V01R00.h5,21JAN,2017-01-21 09:45:00,2017-01-21 15:15:00,9.14,77.92,1229.0670156003907,0.0,1350,868,814.8579711914062,8971785.0,-546465864,0
3RIMG_21JAN2017_1015_L2C_INS_V01R00.h5,21JAN,2017-01-21 10:15:00,2017-01-21 15:45:00,9.14,77.92,1229.0670156003907,0.0,1350,868,648.2129516601562,8971815.0,-2061105224,0
3RIMG_21JAN2017_1045_L2C_INS_V01R00.h5,21JAN,2017-01-21 10:45:00,2017-01-21 16:15:00,9.14,77.92,1229.0670156003907,0.0,1350,868,595.0796508789062,8971845.0,738035640,0
3RIMG_21JAN2017_1115_L2C_INS_V01R00.h5,21JAN,2017-01-21 11:15:00,2017-01-21 16:45:00,9.14,77.92,1229.0670156003907,0.0,1350,868,392.21099853515625,8971875.0,927877048,0
3RIMG_21JAN2017_1145_L2C_INS_V01R00.h5,21JAN,2017-01-21 11:45:00,2017-01-21 17:15:00,9.14,77.92,1229.0670156003907,0.0,1350,868,323.33538818359375,8971905.0,1372366776,0
3RIMG_21JAN2017_1215_L2C_INS_V01R00.h5,21JAN,2017-01-21 12:15:00,2017-01-21 17:45:00,9.14,77.92,1229.0670156003907,0.0,1350,868,120.6817626953125,8971935.0,-1501239368,0
3RIMG_21JAN2017_1245_L2C_INS_V01R00.h5,21JAN,2017-01-21 12:45:00,2017-01-21 18:15:00,9.14,77.92,1229.0670156003907,0.0,1350,868,8.32383918762207,8971965.0,597964728,0
3RIMG_21JAN2017_1315_L2C_INS_V01R00.h5,21JAN,2017-01-21 13:15:00,2017-01-21 18:45:00,9.14,77.92,1229.0670156003907,0.0,1350,868,0.0,8971995.0,244901816,0
3RIMG_21JAN2017_1345_L2C_INS_V01R00.h5,21JAN,2017-01-21 13:45:00,2017-01-21 19:15:00,9.14,77.92,1229.0670156003907,0.0,1350,868,0.0,8972025.0,-508188744,0
3RIMG_21JAN2017_1415_L2C_INS_V01R00.h5,21JAN,2017-01-21 14:15:00,2017-01-21 19:45:00,9.14,77.92,1229.0670156003907,0.0,1350,868,0.0,8972055.0,-1584752712,0
3RIMG_21JAN2017_1445_L2C_INS_V01R00.h5,21JAN,2017-01-21 14:45:00,2017-01-21 20:15:00,9.14,77.92,1229.0670156003907,0.0,1350,868,0.0,8972085.0,-898562120,0
3RIMG_21JAN2017_1515_L2C_INS_V01R00.h5,21JAN,2017-01-21 15:15:00,2017-01-21 20:45:00,9.14,77.92,1229.0670156003907,0.0,1350,868,0.0,8972115.0,-831072328,0
3RIMG_21JAN2017_1545_L2C_INS_V01R00.h5,21JAN,2017-01-21 15:45:00,2017-01-21 21:15:00,9.14,77.92,1229.0670156003907,0.0,1350,868,0.0,8972145.0,-668547144,0
3RIMG_21JAN2017_1615_L2C_INS_V01R00.h5,21JAN,2017-01-21 16:15:00,2017-01-21 21:45:00,9.14,77.92,1229.0670156003907,0.0,1350,868,0.0,8972175.0,-130332744,0
3RIMG_21JAN2017_1645_L2C_INS_V01R00.h5,21JAN,2017-01-21 16:45:00,2017-01-21 22:15:00,9.14,77.92,1229.0670156003907,0.0,1350,868,0.0,8972205.0,469465016,0
3RIMG_21JAN2017_1715_L2C_INS_V01R00.h5,21JAN,2017-01-21 17:15:00,2017-01-21 22:45:00,9.14,77.92,1229.0670156003907,0.0,1350,868,0.0,8972235.0,-1739823176,0
3RIMG_21JAN2017_1745_L2C_INS_V01R00.h5,21JAN,2017-01-21 17:45:00,2017-01-21 23:15:00,9.14,77.92,1229.0670156003907,0.0,1350,868,0.0,8972265.0,-526956616,0
3RIMG_21JAN2017_1815_L2C_INS_V01R00.h5,21JAN,2017-01-21 18:15:00,2017-01-21 23:45:00,9.14,77.92,1229.0670156003907,0.0,1350,868,0.0,8972295.0,135481272,0
3RIMG_21JAN2017_1845_L2C_INS_V01R00.h5,21JAN,2017-01-21 18:45:00,2017-01-22 00:15:00,9.14,77.92,1229.0670156003907,0.0,1350,868,0.0,8972325.0,1161144,0
3RIMG_21JAN2017_1915_L2C_INS_V01R00.h5,21JAN,2017-01-21 19:15:00,2017-01-22 00:45:00,9.14,77.92,1229.0670156003907,0.0,1350,868,0.0,8972355.0,-1170401352,0
3RIMG_21JAN2017_1945_L2C_INS_V01R00.h5,21JAN,2017-01-21 19:45:00,2017-01-22 01:15:00,9.14,77.92,1229.0670156003907,0.0,1350,868,0.0,8972385.0,-1200691272,0
3RIMG_21JAN2017_2015_L2C_INS_V01R00.h5,21JAN,2017-01-21 20:15:00,2017-01-22 01:45:00,9.14,77.92,1229.0670156003907,0.0,1350,868,0.0,8972415.0,-385460296,0
3RIMG_21JAN2017_2045_L2C_INS_V01R00.h5,21JAN,2017-01-21 20:45:00,2017-01-22 02:15:00,9.14,77.92,1229.0670156003907,0.0,1350,868,0.0,8972445.0,-957159496,0
3RIMG_21JAN2017_2115_L2C_INS_V01R00.h5,21JAN,2017-01-21 21:15:00,2017-01-22 02:45:00,9.14,77.92,1229.0670156003907,0.0,1350,868,0.0,8972475.0,532305848,0
3RIMG_21JAN2017_2145_L2C_INS_V01R00.h5,21JAN,2017-01-21 21:45:00,2017-01-22 03:15:00,9.14,77.92,1229.0670156003907,0.0,1350,868,0.0,8972505.0,872966072,0
3RIMG_21JAN2017_2215_L2C_INS_V01R00.h5,21JAN,2017-01-21 22:15:00,2017-01-22 03:45:00,9.14,77.92,1229.0670156003907,0.0,1350,868,0.0,8972535.0,-1315289160,0
3RIMG_21JAN2017_2245_L2C_INS_V01R00.h5,21JAN,2017-01-21 22:45:00,2017-01-22 04:15:00,9.14,77.92,1229.0670156003907,0.0,1350,868,0.0,8972565.0,704477112,0
3RIMG_21JAN2017_2315_L2C_INS_V01R00.h5,21JAN,2017-01-21 23:15:00,2017-01-22 04:45:00,9.14,77.92,1229.0670156003907,0.0,1350,868,0.0,8972595.0,1972217784,0
3RIMG_21JAN2017_2345_L2C_INS_V01R00.h5,21JAN,2017-01-21 23:45:00,2017-01-22 05:15:00,9.14,77.92,1229.0670156003907,0.0,1350,868,0.0,8972625.0,-1804552264,0
3RIMG_22JAN2017_0015_L2C_INS_V01R00.h5,22JAN,2017-01-22 00:15:00,2017-01-22 05:45:00,9.14,77.92,1229.0670156003907,0.0,1350,868,0.0,8972655.0,881371064,0
3RIMG_22JAN2017_0045_L2C_INS_V01R00.h5,22JAN,2017-01-22 00:45:00,2017-01-22 06:15:00,9.14,77.92,1229.0670156003907,0.0,1350,868,0.0,8972685.0,-937621576,0
3RIMG_22JAN2017_0115_L2C_INS_V01R00.h5,22JAN,2017-01-22 01:15:00,2017-01-22 06:45:00,9.14,77.92,1229.0670156003907,0.0,1350,868,0.0,8972715.0,-1033775176,0
3RIMG_22JAN2017_0145_L2C_INS_V01R00.h5,22JAN,2017-01-22 01:45:00,2017-01-22 07:15:00,9.14,77.92,1229.0670156003907,0.0,1350,868,0.0,8972745.0,1742743480,0
3RIMG_22JAN2017_0215_L2C_INS_V01R00.h5,22JAN,2017-01-22 02:15:00,2017-01-22 07:45:00,9.14,77.92,1229.0670156003907,0.0,1350,868,147.73956298828125,8972775.0,1378265016,0
3RIMG_22JAN2017_0245_L2C_INS_V01R00.h5,22JAN,2017-01-22 02:45:00,2017-01-22 08:15:00,9.14,77.92,1229.0670156003907,0.0,1350,868,178.31494140625,8972805.0,929613752,0
3RIMG_22JAN2017_0315_L2C_INS_V01R00.h5,22JAN,2017-01-22 03:15:00,2017-01-22 08:45:00,9.14,77.92,1229.0670156003907,0.0,1350,868,401.4920959472656,8972835.0,1128626104,0
3RIMG_22JAN2017_0345_L2C_INS_V01R00.h5,22JAN,2017-01-22 03:45:00,2017-01-22 09:15:00,9.14,77.92,1229.0670156003907,0.0,1350,868,437.8637390136719,8972865.0,1184475064,0
3RIMG_22JAN2017_0415_L2C_INS_V01R00.h5,22JAN,2017-01-22 04:15:00,2017-01-22 09:45:00,9.14,77.92,1229.0670156003907,0.0,1350,868,652.89990234375,8972895.0,-1018435656,0
3RIMG_22JAN2017_0445_L2C_INS_V01R00.h5,22JAN,2017-01-22 04:45:00,2017-01-22 10:15:00,9.14,77.92,1229.0670156003907,0.0,1350,868,682.597412109375,8972925.0,-571603016,0
3RIMG_22JAN2017_0515_L2C_INS_V01R00.h5,22JAN,2017-01-22 05:15:00,2017-01-22 10:45:00,9.14,77.92,1229.0670156003907,0.0,1350,868,857.0282592773438,8972955.0,1409255352,0
3RIMG_22JAN2017_0545_L2C_INS_V01R00.h5,22JAN,2017-01-22 05:45:00,2017-01-22 11:15:00,9.14,77.92,1229.0670156003907,0.0,1350,868,875.4541015625,8972985.0,-428382280,0
3RIMG_22JAN2017_0615_L2C_INS_V01R00.h5,22JAN,2017-01-22 06:15:00,2017-01-22 11:45:00,9.14,77.92,1229.0670156003907,0.0,1350,868,990.7625122070312,8973015.0,-130299976,0
3RIMG_22JAN2017_0645_L2C_INS_V01R00.h5,22JAN,2017-01-22 06:45:00,2017-01-22 12:15:00,9.14,77.92,1229.0670156003907,0.0,1350,868,993.8740234375,8973045.0,-797739080,0
3RIMG_22JAN2017_0715_L2C_INS_V01R00.h5,22JAN,2017-01-22 07:15:00,2017-01-22 12:45:00,9.14,77.92,1229.0670156003907,0.0,1350,868,1035.2142333984375,8973075.0,-1354664008,0
3RIMG_22JAN2017_0745_L2C_INS_V01R00.h5,22JAN,2017-01-22 07:45:00,2017-01-22 13:15:00,9.14,77.92,1229.0670156003907,0.0,1350,868,1024.2022705078125,8973105.0,754796472,0
3RIMG_22JAN2017_0815_L2C_INS_V01R00.h5,22JAN,2017-01-22 08:15:00,2017-01-22 13:45:00,9.14,77.92,1229.0670156003907,0.0,1350,868,989.7027587890625,8973135.0,-1944737864,0
3RIMG_22JAN2017_0845_L2C_INS_V01R00.h5,22JAN,2017-01-22 08:45:00,2017-01-22 14:15:00,9.14,77.92,1229.0670156003907,0.0,1350,868,964.3810424804688,8973165.0,308062136,0
3RIMG_22JAN2017_0915_L2C_INS_V01R00.h5,22JAN,2017-01-22 09:15:00,2017-01-22 14:45:00,9.14,77.92,1229.0670156003907,0.0,1350,868,857.61083984375,8973195.0,1822087096,0
3RIMG_22JAN2017_1015_L2C_INS_V01R00.h5,22JAN,2017-01-22 10:15:00,2017-01-22 15:45:00,9.14,77.92,1229.0670156003907,0.0,1350,868,649.4866943359375,8973255.0,722589624,0
3RIMG_22JAN2017_1045_L2C_INS_V01R00.h5,22JAN,2017-01-22 10:45:00,2017-01-22 16:15:00,9.14,77.92,1229.0670156003907,0.0,1350,868,597.8792114257812,8973285.0,-228116552,0
3RIMG_22JAN2017_1115_L2C_INS_V01R00.h5,22JAN,2017-01-22 11:15:00,2017-01-22 16:45:00,9.14,77.92,1229.0670156003907,0.0,1350,868,392.9610595703125,8973315.0,-2115688520,0
3RIMG_22JAN2017_1145_L2C_INS_V01R00.h5,22JAN,2017-01-22 11:45:00,2017-01-22 17:15:00,9.14,77.92,1229.0670156003907,0.0,1350,868,324.58062744140625,8973345.0,1938007992,0
3RIMG_22JAN2017_1215_L2C_INS_V01R00.h5,22JAN,2017-01-22 12:15:00,2017-01-22 17:45:00,9.14,77.92,1229.0670156003907,0.0,1350,868,121.58589935302734,8973375.0,143263672,0
3RIMG_22JAN2017_1245_L2C_INS_V01R00.h5,22JAN,2017-01-22 12:45:00,2017-01-22 18:15:00,9.14,77.92,1229.0670156003907,0.0,1350,868,9.208502769470215,8973405.0,-932976712,0
3RIMG_22JAN2017_1315_L2C_INS_V01R00.h5,22JAN,2017-01-22 13:15:00,2017-01-22 18:45:00,9.14,77.92,1229.0670156003907,0.0,1350,868,0.0,8973435.0,-1015261256,0
3RIMG_22JAN2017_1345_L2C_INS_V01R00.h5,22JAN,2017-01-22 13:45:00,2017-01-22 19:15:00,9.14,77.92,1229.0670156003907,0.0,1350,868,0.0,8973465.0,2065717176,0
3RIMG_22JAN2017_1415_L2C_INS_V01R00.h5,22JAN,2017-01-22 14:15:00,2017-01-22 19:45:00,9.14,77.92,1229.0670156003907,0.0,1350,868,0.0,8973495.0,-1381148744,0
3RIMG_22JAN2017_1445_L2C_INS_V01R00.h5,22JAN,2017-01-22 14:45:00,2017-01-22 20:15:00,9.14,77.92,1229.0670156003907,0.0,1350,868,0.0,8973525.0,597448632,0
3RIMG_22JAN2017_1515_L2C_INS_V01R00.h5,22JAN,2017-01-22 15:15:00,2017-01-22 20:45:00,9.14,77.92,1229.0670156003907,0.0,1350,868,0.0,8973555.0,852408248,0
3RIMG_22JAN2017_1545_L2C_INS_V01R00.h5,22JAN,2017-01-22 15:45:00,2017-01-22 21:15:00,9.14,77.92,1229.0670156003907,0.0,1350,868,0.0,8973585.0,-845031496,0
3RIMG_22JAN2017_1615_L2C_INS_V01R00.h5,22JAN,2017-01-22 16:15:00,2017-01-22 21:45:00,9.14,77.92,1229.0670156003907,0.0,1350,868,0.0,8973615.0,-917190728,0
3RIMG_22JAN2017_1645_L2C_INS_V01R00.h5,22JAN,2017-01-22 16:45:00,2017-01-22 22:15:00,9.14,77.92,1229.0670156003907,0.0,1350,868,0.0,8973645.0,170559416,0
3RIMG_22JAN2017_1715_L2C_INS_V01R00.h5,22JAN,2017-01-22 17:15:00,2017-01-22 22:45:00,9.14,77.92,1229.0670156003907,0.0,1350,868,0.0,8973675.0,-366360648,0
3RIMG_22JAN2017_1745_L2C_INS_V01R00.h5,22JAN,2017-01-22 17:45:00,2017-01-22 23:15:00,9.14,77.92,1229.0670156003907,0.0,1350,868,0.0,8973705.0,-917755976,0
3RIMG_22JAN2017_1815_L2C_INS_V01R00.h5,22JAN,2017-01-22 18:15:00,2017-01-22 23:45:00,9.14,77.92,1229.0670156003907,0.0,1350,868,0.0,8973735.0,182556600,0
3RIMG_22JAN2017_1845_L2C_INS_V01R00.h5,22JAN,2017-01-22 18:45:00,2017-01-23 00:15:00,9.14,77.92,1229.0670156003907,0.0,1350,868,0.0,8973765.0,-1298618440,0
3RIMG_22JAN2017_1915_L2C_INS_V01R00.h5,22JAN,2017-01-22 19:15:00,2017-01-23 00:45:00,9.14,77.92,1229.0670156003907,0.0,1350,868,0.0,8973795.0,-2055002184,0
3RIMG_22JAN2017_1945_L2C_INS_V01R00.h5,22JAN,2017-01-22 19:45:00,2017-01-23 01:15:00,9.14,77.92,1229.0670156003907,0.0,1350,868,0.0,8973825.0,-1638139976,0
3RIMG_22JAN2017_2015_L2C_INS_V01R00.h5,22JAN,2017-01-22 20:15:00,2017-01-23 01:45:00,9.14,77.92,1229.0670156003907,0.0,1350,868,0.0,8973855.0,-1748768840,0
3RIMG_22JAN2017_2045_L2C_INS_V01R00.h5,22JAN,2017-01-22 20:45:00,2017-01-23 02:15:00,9.14,77.92,1229.0670156003907,0.0,1350,868,0.0,8973885.0,-885184584,0
3RIMG_22JAN2017_2115_L2C_INS_V01R00.h5,22JAN,2017-01-22 21:15:00,2017-01-23 02:45:00,9.14,77.92,1229.0670156003907,0.0,1350,868,0.0,8973915.0,1095526328,0
3RIMG_22JAN2017_2145_L2C_INS_V01R00.h5,22JAN,2017-01-22 21:45:00,2017-01-23 03:15:00,9.14,77.92,1229.0670156003907,0.0,1350,868,0.0,8973945.0,-681203784,0
3RIMG_22JAN2017_2215_L2C_INS_V01R00.h5,22JAN,2017-01-22 22:15:00,2017-01-23 03:45:00,9.14,77.92,1229.0670156003907,0.0,1350,868,0.0,8973975.0,1670408120,0
3RIMG_22JAN2017_2245_L2C_INS_V01R00.h5,22JAN,2017-01-22 22:45:00,2017-01-23 04:15:00,9.14,77.92,1229.0670156003907,0.0,1350,868,0.0,8974005.0,-85874760,0
3RIMG_22JAN2017_2315_L2C_INS_V01R00.h5,22JAN,2017-01-22 23:15:00,2017-01-23 04:45:00,9.14,77.92,1229.0670156003907,0.0,1350,868,0.0,8974035.0,1131706296,0
3RIMG_22JAN2017_2345_L2C_INS_V01R00.h5,22JAN,2017-01-22 23:45:00,2017-01-23 05:15:00,9.14,77.92,1229.0670156003907,0.0,1350,868,0.0,8974065.0,1491466168,0
3RIMG_23JAN2017_0015_L2C_INS_V01R00.h5,23JAN,2017-01-23 00:15:00,2017-01-23 05:45:00,9.14,77.92,1229.0670156003907,0.0,1350,868,0.0,8974095.0,-1376643144,0
3RIMG_23JAN2017_0045_L2C_INS_V01R00.h5,23JAN,2017-01-23 00:45:00,2017-01-23 06:15:00,9.14,77.92,1229.0670156003907,0.0,1350,868,0.0,8974125.0,-2133596232,0
3RIMG_23JAN2017_0115_L2C_INS_V01R00.h5,23JAN,2017-01-23 01:15:00,2017-01-23 06:45:00,9.14,77.92,1229.0670156003907,0.0,1350,868,0.0,8974155.0,-1588787272,0
3RIMG_23JAN2017_0145_L2C_INS_V01R00.h5,23JAN,2017-01-23 01:45:00,2017-01-23 07:15:00,9.14,77.92,1229.0670156003907,0.0,1350,868,0.0,8974185.0,1877657528,0
3RIMG_23JAN2017_0215_L2C_INS_V01R00.h5,23JAN,2017-01-23 02:15:00,2017-01-23 07:45:00,9.14,77.92,1229.0670156003907,0.0,1350,868,147.18072509765625,8974215.0,789112760,0
3RIMG_23JAN2017_0245_L2C_INS_V01R00.h5,23JAN,2017-01-23 02:45:00,2017-01-23 08:15:00,9.14,77.92,1229.0670156003907,0.0,1350,868,124.17094421386719,8974245.0,-740124744,0
3RIMG_23JAN2017_0315_L2C_INS_V01R00.h5,23JAN,2017-01-23 03:15:00,2017-01-23 08:45:00,9.14,77.92,1229.0670156003907,0.0,1350,868,404.63934326171875,8974275.0,-417855560,0
3RIMG_23JAN2017_0345_L2C_INS_V01R00.h5,23JAN,2017-01-23 03:45:00,2017-01-23 09:15:00,9.14,77.92,1229.0670156003907,0.0,1350,868,437.79486083984375,8974305.0,95532984,0
3RIMG_23JAN2017_0415_L2C_INS_V01R00.h5,23JAN,2017-01-23 04:15:00,2017-01-23 09:45:00,9.14,77.92,1229.0670156003907,0.0,1350,868,654.4044799804688,8974335.0,1546258360,0
3RIMG_23JAN2017_0445_L2C_INS_V01R00.h5,23JAN,2017-01-23 04:45:00,2017-01-23 10:15:00,9.14,77.92,1229.0670156003907,0.0,1350,868,687.8270263671875,8974365.0,1161168824,0
3RIMG_23JAN2017_0515_L2C_INS_V01R00.h5,23JAN,2017-01-23 05:15:00,2017-01-23 10:45:00,9.14,77.92,1229.0670156003907,0.0,1350,868,866.5760498046875,8974395.0,1231312824,0
3RIMG_23JAN2017_0545_L2C_INS_V01R00.h5,23JAN,2017-01-23 05:45:00,2017-01-23 11:15:00,9.14,77.92,1229.0670156003907,0.0,1350,868,592.6041259765625,8974425.0,112740280,0
3RIMG_23JAN2017_0615_L2C_INS_V01R00.h5,23JAN,2017-01-23 06:15:00,2017-01-23 11:45:00,9.14,77.92,1229.0670156003907,0.0,1350,868,550.0428466796875,8974455.0,-1790085192,0
3RIMG_23JAN2017_0645_L2C_INS_V01R00.h5,23JAN,2017-01-23 06:45:00,2017-01-23 12:15:00,9.14,77.92,1229.0670156003907,0.0,1350,868,999.8341674804688,8974485.0,597821368,0
3RIMG_23JAN2017_0715_L2C_INS_V01R00.h5,23JAN,2017-01-23 07:15:00,2017-01-23 12:45:00,9.14,77.92,1229.0670156003907,0.0,1350,868,1040.3787841796875,8974515.0,859604920,0
3RIMG_23JAN2017_0745_L2C_INS_V01R00.h5,23JAN,2017-01-23 07:45:00,2017-01-23 13:15:00,9.14,77.92,1229.0670156003907,0.0,1350,868,1030.9259033203125,8974545.0,943564728,0
3RIMG_23JAN2017_0815_L2C_INS_V01R00.h5,23JAN,2017-01-23 08:15:00,2017-01-23 13:45:00,9.14,77.92,1229.0670156003907,0.0,1350,868,992.8887329101562,8974575.0,-12585032,0
3RIMG_23JAN2017_0845_L2C_INS_V01R00.h5,23JAN,2017-01-23 08:45:00,2017-01-23 14:15:00,9.14,77.92,1229.0670156003907,0.0,1350,868,578.0921630859375,8974605.0,-1191135304,0
3RIMG_23JAN2017_0915_L2C_INS_V01R00.h5,23JAN,2017-01-23 09:15:00,2017-01-23 14:45:00,9.14,77.92,1229.0670156003907,0.0,1350,868,489.1693420410156,8974635.0,1886017464,0
3RIMG_23JAN2017_0945_L2C_INS_V01R00.h5,23JAN,2017-01-23 09:45:00,2017-01-23 15:15:00,9.14,77.92,1229.0670156003907,0.0,1350,868,473.82733154296875,8974665.0,402356152,0
3RIMG_23JAN2017_1015_L2C_INS_V01R00.h5,23JAN,2017-01-23 10:15:00,2017-01-23 15:45:00,9.14,77.92,1229.0670156003907,0.0,1350,868,402.0263977050781,8974695.0,303654840,0
3RIMG_23JAN2017_1115_L2C_INS_V01R00.h5,23JAN,2017-01-23 11:15:00,2017-01-23 16:45:00,9.14,77.92,1229.0670156003907,0.0,1350,868,260.1756896972656,8974755.0,-24692808,0
3RIMG_23JAN2017_1145_L2C_INS_V01R00.h5,23JAN,2017-01-23 11:45:00,2017-01-23 17:15:00,9.14,77.92,1229.0670156003907,0.0,1350,868,210.94873046875,8974785.0,-2096810056,0
3RIMG_23JAN2017_1215_L2C_INS_V01R00.h5,23JAN,2017-01-23 12:15:00,2017-01-23 17:45:00,9.14,77.92,1229.0670156003907,0.0,1350,868,88.08478546142578,8974815.0,-2077546568,0
3RIMG_23JAN2017_1245_L2C_INS_V01R00.h5,23JAN,2017-01-23 12:45:00,2017-01-23 18:15:00,9.14,77.92,1229.0670156003907,0.0,1350,868,9.170870780944824,8974845.0,2034481080,0
3RIMG_23JAN2017_1315_L2C_INS_V01R00.h5,23JAN,2017-01-23 13:15:00,2017-01-23 18:45:00,9.14,77.92,1229.0670156003907,0.0,1350,868,0.0,8974875.0,1511466936,0
3RIMG_23JAN2017_1345_L2C_INS_V01R00.h5,23JAN,2017-01-23 13:45:00,2017-01-23 19:15:00,9.14,77.92,1229.0670156003907,0.0,1350,868,0.0,8974905.0,-161871944,0
3RIMG_23JAN2017_1415_L2C_INS_V01R00.h5,23JAN,2017-01-23 14:15:00,2017-01-23 19:45:00,9.14,77.92,1229.0670156003907,0.0,1350,868,0.0,8974935.0,2099218360,0
3RIMG_23JAN2017_1445_L2C_INS_V01R00.h5,23JAN,2017-01-23 14:45:00,2017-01-23 20:15:00,9.14,77.92,1229.0670156003907,0.0,1350,868,0.0,8974965.0,2116122552,0
3RIMG_23JAN2017_1515_L2C_INS_V01R00.h5,23JAN,2017-01-23 15:15:00,2017-01-23 20:45:00,9.14,77.92,1229.0670156003907,0.0,1350,868,0.0,8974995.0,1567283128,0
3RIMG_23JAN2017_1545_L2C_INS_V01R00.h5,23JAN,2017-01-23 15:45:00,2017-01-23 21:15:00,9.14,77.92,1229.0670156003907,0.0,1350,868,0.0,8975025.0,731719608,0
3RIMG_23JAN2017_1615_L2C_INS_V01R00.h5,23JAN,2017-01-23 16:15:00,2017-01-23 21:45:00,9.14,77.92,1229.0670156003907,0.0,1350,868,0.0,8975055.0,-251467848,0
3RIMG_23JAN2017_1645_L2C_INS_V01R00.h5,23JAN,2017-01-23 16:45:00,2017-01-23 22:15:00,9.14,77.92,1229.0670156003907,0.0,1350,868,0.0,8975085.0,-1633962056,0
3RIMG_23JAN2017_1715_L2C_INS_V01R00.h5,23JAN,2017-01-23 17:15:00,2017-01-23 22:45:00,9.14,77.92,1229.0670156003907,0.0,1350,868,0.0,8975115.0,-1247901768,0
3RIMG_23JAN2017_1745_L2C_INS_V01R00.h5,23JAN,2017-01-23 17:45:00,2017-01-23 23:15:00,9.14,77.92,1229.0670156003907,0.0,1350,868,0.0,8975145.0,-122968136,0
3RIMG_23JAN2017_1815_L2C_INS_V01R00.h5,23JAN,2017-01-23 18:15:00,2017-01-23 23:45:00,9.14,77.92,1229.0670156003907,0.0,1350,868,0.0,8975175.0,-1251674184,0
3RIMG_23JAN2017_1845_L2C_INS_V01R00.h5,23JAN,2017-01-23 18:45:00,2017-01-24 00:15:00,9.14,77.92,1229.0670156003907,0.0,1350,868,0.0,8975205.0,-406464584,0
3RIMG_23JAN2017_1915_L2C_INS_V01R00.h5,23JAN,2017-01-23 19:15:00,2017-01-24 00:45:00,9.14,77.92,1229.0670156003907,0.0,1350,868,0.0,8975235.0,-55355464,0
3RIMG_23JAN2017_1945_L2C_INS_V01R00.h5,23JAN,2017-01-23 19:45:00,2017-01-24 01:15:00,9.14,77.92,1229.0670156003907,0.0,1350,868,0.0,8975265.0,-615630920,0
3RIMG_23JAN2017_2015_L2C_INS_V01R00.h5,23JAN,2017-01-23 20:15:00,2017-01-24 01:45:00,9.14,77.92,1229.0670156003907,0.0,1350,868,0.0,8975295.0,-1474697288,0
3RIMG_23JAN2017_2045_L2C_INS_V01R00.h5,23JAN,2017-01-23 20:45:00,2017-01-24 02:15:00,9.14,77.92,1229.0670156003907,0.0,1350,868,0.0,8975325.0,1332594616,0
3RIMG_23JAN2017_2115_L2C_INS_V01R00.h5,23JAN,2017-01-23 21:15:00,2017-01-24 02:45:00,9.14,77.92,1229.0670156003907,0.0,1350,868,0.0,8975355.0,1202608056,0
3RIMG_23JAN2017_2145_L2C_INS_V01R00.h5,23JAN,2017-01-23 21:45:00,2017-01-24 03:15:00,9.14,77.92,1229.0670156003907,0.0,1350,868,0.0,8975385.0,-424941640,0
3RIMG_23JAN2017_2215_L2C_INS_V01R00.h5,23JAN,2017-01-23 22:15:00,2017-01-24 03:45:00,9.14,77.92,1229.0670156003907,0.0,1350,868,0.0,8975415.0,-94890056,0
3RIMG_23JAN2017_2245_L2C_INS_V01R00.h5,23JAN,2017-01-23 22:45:00,2017-01-24 04:15:00,9.14,77.92,1229.0670156003907,0.0,1350,868,0.0,8975445.0,647251896,0
3RIMG_23JAN2017_2315_L2C_INS_V01R00.h5,23JAN,2017-01-23 23:15:00,2017-01-24 04:45:00,9.14,77.92,1229.0670156003907,0.0,1350,868,0.0,8975475.0,2000197560,0
3RIMG_23JAN2017_2345_L2C_INS_V01R00.h5,23JAN,2017-01-23 23:45:00,2017-01-24 05:15:00,9.14,77.92,1229.0670156003907,0.0,1350,868,0.0,8975505.0,-1207318600,0
3RIMG_24JAN2017_0015_L2C_INS_V01R00.h5,24JAN,2017-01-24 00:15:00,2017-01-24 05:45:00,9.14,77.92,1229.0670156003907,0.0,1350,868,0.0,8975535.0,-730433608,0
3RIMG_24JAN2017_0045_L2C_INS_V01R00.h5,24JAN,2017-01-24 00:45:00,2017-01-24 06:15:00,9.14,77.92,1229.0670156003907,0.0,1350,868,0.0,8975565.0,-493422664,0
3RIMG_24JAN2017_0115_L2C_INS_V01R00.h5,24JAN,2017-01-24 01:15:00,2017-01-24 06:45:00,9.14,77.92,1229.0670156003907,0.0,1350,868,0.0,8975595.0,-1347688520,0
3RIMG_24JAN2017_0145_L2C_INS_V01R00.h5,24JAN,2017-01-24 01:45:00,2017-01-24 07:15:00,9.14,77.92,1229.0670156003907,0.0,1350,868,0.0,8975625.0,-1725384776,0
3RIMG_24JAN2017_0215_L2C_INS_V01R00.h5,24JAN,2017-01-24 02:15:00,2017-01-24 07:45:00,9.14,77.92,1229.0670156003907,0.0,1350,868,148.82049560546875,8975655.0,-1400502344,0
3RIMG_24JAN2017_0245_L2C_INS_V01R00.h5,24JAN,2017-01-24 02:45:00,2017-01-24 08:15:00,9.14,77.92,1229.0670156003907,0.0,1350,868,179.37612915039062,8975685.0,-1591814216,0
3RIMG_24JAN2017_0315_L2C_INS_V01R00.h5,24JAN,2017-01-24 03:15:00,2017-01-24 08:45:00,9.14,77.92,1229.0670156003907,0.0,1350,868,403.99957275390625,8975715.0,-1607247944,0
3RIMG_24JAN2017_0345_L2C_INS_V01R00.h5,24JAN,2017-01-24 03:45:00,2017-01-24 09:15:00,9.14,77.92,1229.0670156003907,0.0,1350,868,441.0970153808594,8975745.0,155617208,0
3RIMG_24JAN2017_0415_L2C_INS_V01R00.h5,24JAN,2017-01-24 04:15:00,2017-01-24 09:45:00,9.14,77.92,1229.0670156003907,0.0,1350,868,656.7427368164062,8975775.0,-289089608,0
3RIMG_24JAN2017_0445_L2C_INS_V01R00.h5,24JAN,2017-01-24 04:45:00,2017-01-24 10:15:00,9.14,77.92,1229.0670156003907,0.0,1350,868,686.6311645507812,8975805.0,257849272,0
3RIMG_24JAN2017_0515_L2C_INS_V01R00.h5,24JAN,2017-01-24 05:15:00,2017-01-24 10:45:00,9.14,77.92,1229.0670156003907,0.0,1350,868,861.051513671875,8975835.0,-1245505608,0
3RIMG_24JAN2017_0615_L2C_INS_V01R00.h5,24JAN,2017-01-24 06:15:00,2017-01-24 11:45:00,9.14,77.92,1229.0670156003907,0.0,1350,868,996.600341796875,8975895.0,-2076629064,0
3RIMG_24JAN2017_0645_L2C_INS_V01R00.h5,24JAN,2017-01-24 06:45:00,2017-01-24 12:15:00,9.14,77.92,1229.0670156003907,0.0,1350,868,1000.2041015625,8975925.0,-174671944,0
3RIMG_24JAN2017_0715_L2C_INS_V01R00.h5,24JAN,2017-01-24 07:15:00,2017-01-24 12:45:00,9.14,77.92,1229.0670156003907,0.0,1350,868,1042.75146484375,8975955.0,-814098504,0
3RIMG_24JAN2017_0745_L2C_INS_V01R00.h5,24JAN,2017-01-24 07:45:00,2017-01-24 13:15:00,9.14,77.92,1229.0670156003907,0.0,1350,868,1032.2327880859375,8975985.0,161617848,0
3RIMG_24JAN2017_0815_L2C_INS_V01R00.h5,24JAN,2017-01-24 08:15:00,2017-01-24 13:45:00,9.14,77.92,1229.0670156003907,0.0,1350,868,995.998046875,8976015.0,-1429092424,0
3RIMG_24JAN2017_0845_L2C_INS_V01R00.h5,24JAN,2017-01-24 08:45:00,2017-01-24 14:15:00,9.14,77.92,1229.0670156003907,0.0,1350,868,971.143798828125,8976045.0,422545336,0
3RIMG_24JAN2017_0915_L2C_INS_V01R00.h5,24JAN,2017-01-24 09:15:00,2017-01-24 14:45:00,9.14,77.92,1229.0670156003907,0.0,1350,868,862.2759399414062,8976075.0,959219640,0
3RIMG_24JAN2017_0945_L2C_INS_V01R00.h5,24JAN,2017-01-24 09:45:00,2017-01-24 15:15:00,9.14,77.92,1229.0670156003907,0.0,1350,868,822.8499755859375,8976105.0,241424312,0
3RIMG_24JAN2017_1015_L2C_INS_V01R00.h5,24JAN,2017-01-24 10:15:00,2017-01-24 15:45:00,9.14,77.92,1229.0670156003907,0.0,1350,868,653.7075805664062,8976135.0,2049587128,0
3RIMG_24JAN2017_1045_L2C_INS_V01R00.h5,24JAN,2017-01-24 10:45:00,2017-01-24 16:15:00,9.14,77.92,1229.0670156003907,0.0,1350,868,600.5050659179688,8976165.0,-1039751240,0
3RIMG_24JAN2017_1115_L2C_INS_V01R00.h5,24JAN,2017-01-24 11:15:00,2017-01-24 16:45:00,9.14,77.92,1229.0670156003907,0.0,1350,868,395.9768371582031,8976195.0,-290621512,0
3RIMG_24JAN2017_1145_L2C_INS_V01R00.h5,24JAN,2017-01-24 11:45:00,2017-01-24 17:15:00,9.14,77.92,1229.0670156003907,0.0,1350,868,327.5536804199219,8976225.0,-196659272,0
3RIMG_24JAN2017_1215_L2C_INS_V01R00.h5,24JAN,2017-01-24 12:15:00,2017-01-24 17:45:00,9.14,77.92,1229.0670156003907,0.0,1350,868,123.47429656982422,8976255.0,1729185720,0
3RIMG_24JAN2017_1245_L2C_INS_V01R00.h5,24JAN,2017-01-24 12:45:00,2017-01-24 18:15:00,9.14,77.92,1229.0670156003907,0.0,1350,868,10.73469352722168,8976285.0,1757411256,0
3RIMG_24JAN2017_1315_L2C_INS_V01R00.h5,24JAN,2017-01-24 13:15:00,2017-01-24 18:45:00,9.14,77.92,1229.0670156003907,0.0,1350,868,0.0,8976315.0,-75409480,0
3RIMG_24JAN2017_1345_L2C_INS_V01R00.h5,24JAN,2017-01-24 13:45:00,2017-01-24 19:15:00,9.14,77.92,1229.0670156003907,0.0,1350,868,0.0,8976345.0,-243181640,0
3RIMG_24JAN2017_1415_L2C_INS_V01R00.h5,24JAN,2017-01-24 14:15:00,2017-01-24 19:45:00,9.14,77.92,1229.0670156003907,0.0,1350,868,0.0,8976375.0,1698285496,0
3RIMG_24JAN2017_1445_L2C_INS_V01R00.h5,24JAN,2017-01-24 14:45:00,2017-01-24 20:15:00,9.14,77.92,1229.0670156003907,0.0,1350,868,0.0,8976405.0,1267128248,0
3RIMG_24JAN2017_1515_L2C_INS_V01R00.h5,24JAN,2017-01-24 15:15:00,2017-01-24 20:45:00,9.14,77.92,1229.0670156003907,0.0,1350,868,0.0,8976435.0,216758200,0
3RIMG_24JAN2017_1545_L2C_INS_V01R00.h5,24JAN,2017-01-24 15:45:00,2017-01-24 21:15:00,9.14,77.92,1229.0670156003907,0.0,1350,868,0.0,8976465.0,-1445693512,0
3RIMG_24JAN2017_1615_L2C_INS_V01R00.h5,24JAN,2017-01-24 16:15:00,2017-01-24 21:45:00,9.14,77.92,1229.0670156003907,0.0,1350,868,0.0,8976495.0,-1369270344,0
3RIMG_24JAN2017_1645_L2C_INS_V01R00.h5,24JAN,2017-01-24 16:45:00,2017-01-24 22:15:00,9.14,77.92,1229.0670156003907,0.0,1350,868,0.0,8976525.0,-1872656456,0
3RIMG_24JAN2017_1715_L2C_INS_V01R00.h5,24JAN,2017-01-24 17:15:00,2017-01-24 22:45:00,9.14,77.92,1229.0670156003907,0.0,1350,868,0.0,8976555.0,-1236863048,0
3RIMG_24JAN2017_1745_L2C_INS_V01R00.h5,24JAN,2017-01-24 17:45:00,2017-01-24 23:15:00,9.14,77.92,1229.0670156003907,0.0,1350,868,0.0,8976585.0,756365240,0
3RIMG_24JAN2017_1815_L2C_INS_V01R00.h5,24JAN,2017-01-24 18:15:00,2017-01-24 23:45:00,9.14,77.92,1229.0670156003907,0.0,1350,868,0.0,8976615.0,388532152,0
3RIMG_24JAN2017_1845_L2C_INS_V01R00.h5,24JAN,2017-01-24 18:45:00,2017-01-25 00:15:00,9.14,77.92,1229.0670156003907,0.0,1350,868,0.0,8976645.0,-406804552,0
3RIMG_24JAN2017_1915_L2C_INS_V01R00.h5,24JAN,2017-01-24 19:15:00,2017-01-25 00:45:00,9.14,77.92,1229.0670156003907,0.0,1350,868,0.0,8976675.0,1737140152,0
3RIMG_24JAN2017_1945_L2C_INS_V01R00.h5,24JAN,2017-01-24 19:45:00,2017-01-25 01:15:00,9.14,77.92,1229.0670156003907,0.0,1350,868,0.0,8976705.0,-998885448,0
3RIMG_24JAN2017_2015_L2C_INS_V01R00.h5,24JAN,2017-01-24 20:15:00,2017-01-25 01:45:00,9.14,77.92,1229.0670156003907,0.0,1350,868,0.0,8976735.0,948770744,0
3RIMG_24JAN2017_2045_L2C_INS_V01R00.h5,24JAN,2017-01-24 20:45:00,2017-01-25 02:15:00,9.14,77.92,1229.0670156003907,0.0,1350,868,0.0,8976765.0,1211811768,0
3RIMG_24JAN2017_2115_L2C_INS_V01R00.h5,24JAN,2017-01-24 21:15:00,2017-01-25 02:45:00,9.14,77.92,1229.0670156003907,0.0,1350,868,0.0,8976795.0,-1835976776,0
3RIMG_24JAN2017_2145_L2C_INS_V01R00.h5,24JAN,2017-01-24 21:45:00,2017-01-25 03:15:00,9.14,77.92,1229.0670156003907,0.0,1350,868,0.0,8976825.0,2011158456,0
3RIMG_24JAN2017_2215_L2C_INS_V01R00.h5,24JAN,2017-01-24 22:15:00,2017-01-25 03:45:00,9.14,77.92,1229.0670156003907,0.0,1350,868,0.0,8976855.0,-2095794248,0
3RIMG_24JAN2017_2245_L2C_INS_V01R00.h5,24JAN,2017-01-24 22:45:00,2017-01-25 04:15:00,9.14,77.92,1229.0670156003907,0.0,1350,868,0.0,8976885.0,1091778488,0
3RIMG_24JAN2017_2315_L2C_INS_V01R00.h5,24JAN,2017-01-24 23:15:00,2017-01-25 04:45:00,9.14,77.92,1229.0670156003907,0.0,1350,868,0.0,8976915.0,160040888,0
3RIMG_24JAN2017_2345_L2C_INS_V01R00.h5,24JAN,2017-01-24 23:45:00,2017-01-25 05:15:00,9.14,77.92,1229.0670156003907,0.0,1350,868,0.0,8976945.0,611891128,0
3RIMG_25JAN2017_0015_L2C_INS_V01R00.h5,25JAN,2017-01-25 00:15:00,2017-01-25 05:45:00,9.14,77.92,1229.0670156003907,0.0,1350,868,0.0,8976975.0,1402386360,0
3RIMG_25JAN2017_0045_L2C_INS_V01R00.h5,25JAN,2017-01-25 00:45:00,2017-01-25 06:15:00,9.14,77.92,1229.0670156003907,0.0,1350,868,0.0,8977005.0,-85829704,0
3RIMG_25JAN2017_0115_L2C_INS_V01R00.h5,25JAN,2017-01-25 01:15:00,2017-01-25 06:45:00,9.14,77.92,1229.0670156003907,0.0,1350,868,0.0,8977035.0,544450488,0
3RIMG_25JAN2017_0145_L2C_INS_V01R00.h5,25JAN,2017-01-25 01:45:00,2017-01-25 07:15:00,9.14,77.92,1229.0670156003907,0.0,1350,868,0.0,8977065.0,1768654776,0
3RIMG_25JAN2017_0215_L2C_INS_V01R00.h5,25JAN,2017-01-25 02:15:00,2017-01-25 07:45:00,9.14,77.92,1229.0670156003907,0.0,1350,868,156.14169311523438,8977095.0,1466787768,0
3RIMG_25JAN2017_0245_L2C_INS_V01R00.h5,25JAN,2017-01-25 02:45:00,2017-01-25 08:15:00,9.14,77.92,1229.0670156003907,0.0,1350,868,83.8049545288086,8977125.0,1623291832,0
3RIMG_25JAN2017_0315_L2C_INS_V01R00.h5,25JAN,2017-01-25 03:15:00,2017-01-25 08:45:00,9.14,77.92,1229.0670156003907,0.0,1350,868,412.5845947265625,8977155.0,1244870584,0
3RIMG_25JAN2017_0345_L2C_INS_V01R00.h5,25JAN,2017-01-25 03:45:00,2017-01-25 09:15:00,9.14,77.92,1229.0670156003907,0.0,1350,868,448.1131591796875,8977185.0,930105272,0
3RIMG_25JAN2017_0415_L2C_INS_V01R00.h5,25JAN,2017-01-25 04:15:00,2017-01-25 09:45:00,9.14,77.92,1229.0670156003907,0.0,1350,868,671.1304931640625,8977215.0,826521528,0
3RIMG_25JAN2017_0515_L2C_INS_V01R00.h5,25JAN,2017-01-25 05:15:00,2017-01-25 10:45:00,9.14,77.92,1229.0670156003907,0.0,1350,868,879.2144165039062,8977275.0,1969145784,0
3RIMG_25JAN2017_0545_L2C_INS_V01R00.h5,25JAN,2017-01-25 05:45:00,2017-01-25 11:15:00,9.14,77.92,1229.0670156003907,0.0,1350,868,896.9383544921875,8977305.0,378177464,0
3RIMG_25JAN2017_0615_L2C_INS_V01R00.h5,25JAN,2017-01-25 06:15:00,2017-01-25 11:45:00,9.14,77.92,1229.0670156003907,0.0,1350,868,1015.016845703125,8977335.0,32135096,0
3RIMG_25JAN2017_0645_L2C_INS_V01R00.h5,25JAN,2017-01-25 06:45:00,2017-01-25 12:15:00,9.14,77.92,1229.0670156003907,0.0,1350,868,1019.8980712890625,8977365.0,-1995098184,0
3RIMG_25JAN2017_0715_L2C_INS_V01R00.h5,25JAN,2017-01-25 07:15:00,2017-01-25 12:45:00,9.14,77.92,1229.0670156003907,0.0,1350,868,1055.587890625,8977395.0,821884856,0
3RIMG_25JAN2017_0745_L2C_INS_V01R00.h5,25JAN,2017-01-25 07:45:00,2017-01-25 13:15:00,9.14,77.92,1229.0670156003907,0.0,1350,868,1039.1490478515625,8977425.0,-1305204808,0
3RIMG_25JAN2017_0815_L2C_INS_V01R00.h5,25JAN,2017-01-25 08:15:00,2017-01-25 13:45:00,9.14,77.92,1229.0670156003907,0.0,1350,868,1015.9735107421875,8977455.0,1795717048,0
3RIMG_25JAN2017_0845_L2C_INS_V01R00.h5,25JAN,2017-01-25 08:45:00,2017-01-25 14:15:00,9.14,77.92,1229.0670156003907,0.0,1350,868,996.1729125976562,8977485.0,959801272,0
3RIMG_25JAN2017_0915_L2C_INS_V01R00.h5,25JAN,2017-01-25 09:15:00,2017-01-25 14:45:00,9.14,77.92,1229.0670156003907,0.0,1350,868,887.5494384765625,8977515.0,535717816,0
3RIMG_25JAN2017_0945_L2C_INS_V01R00.h5,25JAN,2017-01-25 09:45:00,2017-01-25 15:15:00,9.14,77.92,1229.0670156003907,0.0,1350,868,852.5455932617188,8977545.0,-993679432,0
3RIMG_25JAN2017_1015_L2C_INS_V01R00.h5,25JAN,2017-01-25 10:15:00,2017-01-25 15:45:00,9.14,77.92,1229.0670156003907,0.0,1350,868,681.603271484375,8977575.0,1171826616,0
3RIMG_25JAN2017_1045_L2C_INS_V01R00.h5,25JAN,2017-01-25 10:45:00,2017-01-25 16:15:00,9.14,77.92,1229.0670156003907,0.0,1350,868,633.6480102539062,8977605.0,-1135233096,0
3RIMG_25JAN2017_1115_L2C_INS_V01R00.h5,25JAN,2017-01-25 11:15:00,2017-01-25 16:45:00,9.14,77.92,1229.0670156003907,0.0,1350,868,423.56951904296875,8977635.0,1286936504,0
3RIMG_25JAN2017_1145_L2C_INS_V01R00.h5,25JAN,2017-01-25 11:45:00,2017-01-25 17:15:00,9.14,77.92,1229.0670156003907,0.0,1350,868,359.3992004394531,8977665.0,947632056,0
3RIMG_25JAN2017_1215_L2C_INS_V01R00.h5,25JAN,2017-01-25 12:15:00,2017-01-25 17:45:00,9.14,77.92,1229.0670156003907,0.0,1350,868,144.07664489746094,8977695.0,1930844088,0
3RIMG_25JAN2017_1245_L2C_INS_V01R00.h5,25JAN,2017-01-25 12:45:00,2017-01-25 18:15:00,9.14,77.92,1229.0670156003907,0.0,1350,868,16.92765998840332,8977725.0,-671635528,0
3RIMG_25JAN2017_1315_L2C_INS_V01R00.h5,25JAN,2017-01-25 13:15:00,2017-01-25 18:45:00,9.14,77.92,1229.0670156003907,0.0,1350,868,0.0,8977755.0,-183572552,0
3RIMG_25JAN2017_1345_L2C_INS_V01R00.h5,25JAN,2017-01-25 13:45:00,2017-01-25 19:15:00,9.14,77.92,1229.0670156003907,0.0,1350,868,0.0,8977785.0,540633016,0
3RIMG_25JAN2017_1415_L2C_INS_V01R00.h5,25JAN,2017-01-25 14:15:00,2017-01-25 19:45:00,9.14,77.92,1229.0670156003907,0.0,1350,868,0.0,8977815.0,398526392,0
3RIMG_25JAN2017_1445_L2C_INS_V01R00.h5,25JAN,2017-01-25 14:45:00,2017-01-25 20:15:00,9.14,77.92,1229.0670156003907,0.0,1350,868,0.0,8977845.0,-350709832,0
3RIMG_25JAN2017_1515_L2C_INS_V01R00.h5,25JAN,2017-01-25 15:15:00,2017-01-25 20:45:00,9.14,77.92,1229.0670156003907,0.0,1350,868,0.0,8977875.0,69425080,0
3RIMG_25JAN2017_1545_L2C_INS_V01R00.h5,25JAN,2017-01-25 15:45:00,2017-01-25 21:15:00,9.14,77.92,1229.0670156003907,0.0,1350,868,0.0,8977905.0,-1422702664,0
3RIMG_25JAN2017_1615_L2C_INS_V01R00.h5,25JAN,2017-01-25 16:15:00,2017-01-25 21:45:00,9.14,77.92,1229.0670156003907,0.0,1350,868,0.0,8977935.0,-220469320,0
3RIMG_25JAN2017_1645_L2C_INS_V01R00.h5,25JAN,2017-01-25 16:45:00,2017-01-25 22:15:00,9.14,77.92,1229.0670156003907,0.0,1350,868,0.0,8977965.0,264116152,0
3RIMG_25JAN2017_1715_L2C_INS_V01R00.h5,25JAN,2017-01-25 17:15:00,2017-01-25 22:45:00,9.14,77.92,1229.0670156003907,0.0,1350,868,0.0,8977995.0,-1077786696,0
3RIMG_25JAN2017_1745_L2C_INS_V01R00.h5,25JAN,2017-01-25 17:45:00,2017-01-25 23:15:00,9.14,77.92,1229.0670156003907,0.0,1350,868,0.0,8978025.0,-1372710984,0
3RIMG_25JAN2017_1815_L2C_INS_V01R00.h5,25JAN,2017-01-25 18:15:00,2017-01-25 23:45:00,9.14,77.92,1229.0670156003907,0.0,1350,868,0.0,8978055.0,2087045048,0
3RIMG_25JAN2017_1845_L2C_INS_V01R00.h5,25JAN,2017-01-25 18:45:00,2017-01-26 00:15:00,9.14,77.92,1229.0670156003907,0.0,1350,868,0.0,8978085.0,2009761720,0
3RIMG_25JAN2017_1915_L2C_INS_V01R00.h5,25JAN,2017-01-25 19:15:00,2017-01-26 00:45:00,9.14,77.92,1229.0670156003907,0.0,1350,868,0.0,8978115.0,-1964968008,0
3RIMG_25JAN2017_1945_L2C_INS_V01R00.h5,25JAN,2017-01-25 19:45:00,2017-01-26 01:15:00,9.14,77.92,1229.0670156003907,0.0,1350,868,0.0,8978145.0,1174857656,0
3RIMG_25JAN2017_2015_L2C_INS_V01R00.h5,25JAN,2017-01-25 20:15:00,2017-01-26 01:45:00,9.14,77.92,1229.0670156003907,0.0,1350,868,0.0,8978175.0,1920837560,0
3RIMG_25JAN2017_2045_L2C_INS_V01R00.h5,25JAN,2017-01-25 20:45:00,2017-01-26 02:15:00,9.14,77.92,1229.0670156003907,0.0,1350,868,0.0,8978205.0,2078582712,0
3RIMG_25JAN2017_2115_L2C_INS_V01R00.h5,25JAN,2017-01-25 21:15:00,2017-01-26 02:45:00,9.14,77.92,1229.0670156003907,0.0,1350,868,0.0,8978235.0,-386488392,0
3RIMG_25JAN2017_2145_L2C_INS_V01R00.h5,25JAN,2017-01-25 21:45:00,2017-01-26 03:15:00,9.14,77.92,1229.0670156003907,0.0,1350,868,0.0,8978265.0,-573941832,0
3RIMG_25JAN2017_2215_L2C_INS_V01R00.h5,25JAN,2017-01-25 22:15:00,2017-01-26 03:45:00,9.14,77.92,1229.0670156003907,0.0,1350,868,0.0,8978295.0,1038546872,0
3RIMG_25JAN2017_2245_L2C_INS_V01R00.h5,25JAN,2017-01-25 22:45:00,2017-01-26 04:15:00,9.14,77.92,1229.0670156003907,0.0,1350,868,0.0,8978325.0,-272558152,0
3RIMG_25JAN2017_2315_L2C_INS_V01R00.h5,25JAN,2017-01-25 23:15:00,2017-01-26 04:45:00,9.14,77.92,1229.0670156003907,0.0,1350,868,0.0,8978355.0,652302264,0
3RIMG_25JAN2017_2345_L2C_INS_V01R00.h5,25JAN,2017-01-25 23:45:00,2017-01-26 05:15:00,9.14,77.92,1229.0670156003907,0.0,1350,868,0.0,8978385.0,1408018360,0
3RIMG_26JAN2017_0015_L2C_INS_V01R00.h5,26JAN,2017-01-26 00:15:00,2017-01-26 05:45:00,9.14,77.92,1229.0670156003907,0.0,1350,868,0.0,8978415.0,-437172296,0
3RIMG_26JAN2017_0045_L2C_INS_V01R00.h5,26JAN,2017-01-26 00:45:00,2017-01-26 06:15:00,9.14,77.92,1229.0670156003907,0.0,1350,868,0.0,8978445.0,630884280,0
3RIMG_26JAN2017_0115_L2C_INS_V01R00.h5,26JAN,2017-01-26 01:15:00,2017-01-26 06:45:00,9.14,77.92,1229.0670156003907,0.0,1350,868,0.0,8978475.0,1010788280,0
3RIMG_26JAN2017_0145_L2C_INS_V01R00.h5,26JAN,2017-01-26 01:45:00,2017-01-26 07:15:00,9.14,77.92,1229.0670156003907,0.0,1350,868,0.0,8978505.0,1671182264,0
3RIMG_26JAN2017_0215_L2C_INS_V01R00.h5,26JAN,2017-01-26 02:15:00,2017-01-26 07:45:00,9.14,77.92,1229.0670156003907,0.0,1350,868,158.29751586914062,8978535.0,-676550728,0
3RIMG_26JAN2017_0315_L2C_INS_V01R00.h5,26JAN,2017-01-26 03:15:00,2017-01-26 08:45:00,9.14,77.92,1229.0670156003907,0.0,1350,868,419.1732177734375,8978595.0,-1112565832,0
3RIMG_26JAN2017_0345_L2C_INS_V01R00.h5,26JAN,2017-01-26 03:45:00,2017-01-26 09:15:00,9.14,77.92,1229.0670156003907,0.0,1350,868,451.9747619628906,8978625.0,-1715718216,0
3RIMG_26JAN2017_0415_L2C_INS_V01R00.h5,26JAN,2017-01-26 04:15:00,2017-01-26 09:45:00,9.14,77.92,1229.0670156003907,0.0,1350,868,671.6907348632812,8978655.0,-757237832,0
3RIMG_26JAN2017_0445_L2C_INS_V01R00.h5,26JAN,2017-01-26 04:45:00,2017-01-26 10:15:00,9.14,77.92,1229.0670156003907,0.0,1350,868,696.5624389648438,8978685.0,-1051945032,0
3RIMG_26JAN2017_0515_L2C_INS_V01R00.h5,26JAN,2017-01-26 05:15:00,2017-01-26 10:45:00,9.14,77.92,1229.0670156003907,0.0,1350,868,877.3861694335938,8978715.0,-1503901768,0
3RIMG_26JAN2017_0545_L2C_INS_V01R00.h5,26JAN,2017-01-26 05:45:00,2017-01-26 11:15:00,9.14,77.92,1229.0670156003907,0.0,1350,868,894.806396484375,8978745.0,-1196341320,0
3RIMG_26JAN2017_0615_L2C_INS_V01R00.h5,26JAN,2017-01-26 06:15:00,2017-01-26 11:45:00,9.14,77.92,1229.0670156003907,0.0,1350,868,1011.6161499023438,8978775.0,96552888,0
3RIMG_26JAN2017_0645_L2C_INS_V01R00.h5,26JAN,2017-01-26 06:45:00,2017-01-26 12:15:00,9.14,77.92,1229.0670156003907,0.0,1350,868,1016.3031616210938,8978805.0,-1035429960,0
3RIMG_26JAN2017_0715_L2C_INS_V01R00.h5,26JAN,2017-01-26 07:15:00,2017-01-26 12:45:00,9.14,77.92,1229.0670156003907,0.0,1350,868,1060.8116455078125,8978835.0,-879319112,0
3RIMG_26JAN2017_0745_L2C_INS_V01R00.h5,26JAN,2017-01-26 07:45:00,2017-01-26 13:15:00,9.14,77.92,1229.0670156003907,0.0,1350,868,1050.6492919921875,8978865.0,-154822728,0
3RIMG_26JAN2017_0815_L2C_INS_V01R00.h5,26JAN,2017-01-26 08:15:00,2017-01-26 13:45:00,9.14,77.92,1229.0670156003907,0.0,1350,868,1015.4500122070312,8978895.0,-1878804552,0
3RIMG_26JAN2017_0845_L2C_INS_V01R00.h5,26JAN,2017-01-26 08:45:00,2017-01-26 14:15:00,9.14,77.92,1229.0670156003907,0.0,1350,868,992.8197021484375,8978925.0,-31574088,0
3RIMG_26JAN2017_0915_L2C_INS_V01R00.h5,26JAN,2017-01-26 09:15:00,2017-01-26 14:45:00,9.14,77.92,1229.0670156003907,0.0,1350,868,884.36865234375,8978955.0,-1983957064,0
3RIMG_26JAN2017_0945_L2C_INS_V01R00.h5,26JAN,2017-01-26 09:45:00,2017-01-26 15:15:00,9.14,77.92,1229.0670156003907,0.0,1350,868,850.3070678710938,8978985.0,1829492664,0
3RIMG_26JAN2017_1015_L2C_INS_V01R00.h5,26JAN,2017-01-26 10:15:00,2017-01-26 15:45:00,9.14,77.92,1229.0670156003907,0.0,1350,868,679.9051513671875,8979015.0,-712046664,0
3RIMG_26JAN2017_1045_L2C_INS_V01R00.h5,26JAN,2017-01-26 10:45:00,2017-01-26 16:15:00,9.14,77.92,1229.0670156003907,0.0,1350,868,631.1197509765625,8979045.0,-1783171144,0
3RIMG_26JAN2017_1115_L2C_INS_V01R00.h5,26JAN,2017-01-26 11:15:00,2017-01-26 16:45:00,9.14,77.92,1229.0670156003907,0.0,1350,868,422.4963684082031,8979075.0,-2081138760,0
3RIMG_26JAN2017_1145_L2C_INS_V01R00.h5,26JAN,2017-01-26 11:45:00,2017-01-26 17:15:00,9.14,77.92,1229.0670156003907,0.0,1350,868,358.3193054199219,8979105.0,863160248,0
3RIMG_26JAN2017_1215_L2C_INS_V01R00.h5,26JAN,2017-01-26 12:15:00,2017-01-26 17:45:00,9.14,77.92,1229.0670156003907,0.0,1350,868,143.70120239257812,8979135.0,-693180488,0
3RIMG_26JAN2017_1245_L2C_INS_V01R00.h5,26JAN,2017-01-26 12:45:00,2017-01-26 18:15:00,9.14,77.92,1229.0670156003907,0.0,1350,868,17.852628707885742,8979165.0,1484294072,0
3RIMG_26JAN2017_1315_L2C_INS_V01R00.h5,26JAN,2017-01-26 13:15:00,2017-01-26 18:45:00,9.14,77.92,1229.0670156003907,0.0,1350,868,0.0,8979195.0,1282983864,0
3RIMG_26JAN2017_1345_L2C_INS_V01R00.h5,26JAN,2017-01-26 13:45:00,2017-01-26 19:15:00,9.14,77.92,1229.0670156003907,0.0,1350,868,0.0,8979225.0,216225720,0
3RIMG_26JAN2017_1415_L2C_INS_V01R00.h5,26JAN,2017-01-26 14:15:00,2017-01-26 19:45:00,9.14,77.92,1229.0670156003907,0.0,1350,868,0.0,8979255.0,-2074216520,0
3RIMG_26JAN2017_1515_L2C_INS_V01R00.h5,26JAN,2017-01-26 15:15:00,2017-01-26 20:45:00,9.14,77.92,1229.0670156003907,0.0,1350,868,0.0,8979315.0,-8882248,0
3RIMG_26JAN2017_1545_L2C_INS_V01R00.h5,26JAN,2017-01-26 15:45:00,2017-01-26 21:15:00,9.14,77.92,1229.0670156003907,0.0,1350,868,0.0,8979345.0,-279148616,0
3RIMG_26JAN2017_1615_L2C_INS_V01R00.h5,26JAN,2017-01-26 16:15:00,2017-01-26 21:45:00,9.14,77.92,1229.0670156003907,0.0,1350,868,0.0,8979375.0,1537312696,0
3RIMG_26JAN2017_1645_L2C_INS_V01R00.h5,26JAN,2017-01-26 16:45:00,2017-01-26 22:15:00,9.14,77.92,1229.0670156003907,0.0,1350,868,0.0,8979405.0,-1773758536,0
3RIMG_26JAN2017_1715_L2C_INS_V01R00.h5,26JAN,2017-01-26 17:15:00,2017-01-26 22:45:00,9.14,77.92,1229.0670156003907,0.0,1350,868,0.0,8979435.0,1956497336,0
3RIMG_26JAN2017_1745_L2C_INS_V01R00.h5,26JAN,2017-01-26 17:45:00,2017-01-26 23:15:00,9.14,77.92,1229.0670156003907,0.0,1350,868,0.0,8979465.0,-1886636104,0
3RIMG_26JAN2017_1815_L2C_INS_V01R00.h5,26JAN,2017-01-26 18:15:00,2017-01-26 23:45:00,9.14,77.92,1229.0670156003907,0.0,1350,868,0.0,8979495.0,853338040,0
3RIMG_26JAN2017_1845_L2C_INS_V01R00.h5,26JAN,2017-01-26 18:45:00,2017-01-27 00:15:00,9.14,77.92,1229.0670156003907,0.0,1350,868,0.0,8979525.0,-1167038536,0
3RIMG_26JAN2017_1915_L2C_INS_V01R00.h5,26JAN,2017-01-26 19:15:00,2017-01-27 00:45:00,9.14,77.92,1229.0670156003907,0.0,1350,868,0.0,8979555.0,-1710807112,0
3RIMG_26JAN2017_1945_L2C_INS_V01R00.h5,26JAN,2017-01-26 19:45:00,2017-01-27 01:15:00,9.14,77.92,1229.0670156003907,0.0,1350,868,0.0,8979585.0,2098935736,0
3RIMG_26JAN2017_2015_L2C_INS_V01R00.h5,26JAN,2017-01-26 20:15:00,2017-01-27 01:45:00,9.14,77.92,1229.0670156003907,0.0,1350,868,0.0,8979615.0,1926883256,0
3RIMG_26JAN2017_2045_L2C_INS_V01R00.h5,26JAN,2017-01-26 20:45:00,2017-01-27 02:15:00,9.14,77.92,1229.0670156003907,0.0,1350,868,0.0,8979645.0,-1003055176,0
3RIMG_26JAN2017_2115_L2C_INS_V01R00.h5,26JAN,2017-01-26 21:15:00,2017-01-27 02:45:00,9.14,77.92,1229.0670156003907,0.0,1350,868,0.0,8979675.0,1009592,0
3RIMG_26JAN2017_2145_L2C_INS_V01R00.h5,26JAN,2017-01-26 21:45:00,2017-01-27 03:15:00,9.14,77.92,1229.0670156003907,0.0,1350,868,0.0,8979705.0,224622520,0
3RIMG_26JAN2017_2215_L2C_INS_V01R00.h5,26JAN,2017-01-26 22:15:00,2017-01-27 03:45:00,9.14,77.92,1229.0670156003907,0.0,1350,868,0.0,8979735.0,1598527416,0
3RIMG_26JAN2017_2245_L2C_INS_V01R00.h5,26JAN,2017-01-26 22:45:00,2017-01-27 04:15:00,9.14,77.92,1229.0670156003907,0.0,1350,868,0.0,8979765.0,-479733832,0
3RIMG_26JAN2017_2315_L2C_INS_V01R00.h5,26JAN,2017-01-26 23:15:00,2017-01-27 04:45:00,9.14,77.92,1229.0670156003907,0.0,1350,868,0.0,8979795.0,-1380186184,0
3RIMG_26JAN2017_2345_L2C_INS_V01R00.h5,26JAN,2017-01-26 23:45:00,2017-01-27 05:15:00,9.14,77.92,1229.0670156003907,0.0,1350,868,0.0,8979825.0,-676477000,0
3RIMG_27JAN2017_0015_L2C_INS_V01R00.h5,27JAN,2017-01-27 00:15:00,2017-01-27 05:45:00,9.14,77.92,1229.0670156003907,0.0,1350,868,0.0,8979855.0,-1724536904,0
3RIMG_27JAN2017_0045_L2C_INS_V01R00.h5,27JAN,2017-01-27 00:45:00,2017-01-27 06:15:00,9.14,77.92,1229.0670156003907,0.0,1350,868,0.0,8979885.0,-321751112,0
3RIMG_27JAN2017_0115_L2C_INS_V01R00.h5,27JAN,2017-01-27 01:15:00,2017-01-27 06:45:00,9.14,77.92,1229.0670156003907,0.0,1350,868,0.0,8979915.0,-1260070984,0
3RIMG_27JAN2017_0145_L2C_INS_V01R00.h5,27JAN,2017-01-27 01:45:00,2017-01-27 07:15:00,9.14,77.92,1229.0670156003907,0.0,1350,868,0.0,8979945.0,-969943112,0
3RIMG_27JAN2017_0215_L2C_INS_V01R00.h5,27JAN,2017-01-27 02:15:00,2017-01-27 07:45:00,9.14,77.92,1229.0670156003907,0.0,1350,868,109.8226318359375,8979975.0,-1925113928,0
3RIMG_27JAN2017_0245_L2C_INS_V01R00.h5,27JAN,2017-01-27 02:45:00,2017-01-27 08:15:00,9.14,77.92,1229.0670156003907,0.0,1350,868,130.8321533203125,8980005.0,-106444872,0
3RIMG_27JAN2017_0315_L2C_INS_V01R00.h5,27JAN,2017-01-27 03:15:00,2017-01-27 08:45:00,9.14,77.92,1229.0670156003907,0.0,1350,868,269.81134033203125,8980035.0,-156092488,0
3RIMG_27JAN2017_0345_L2C_INS_V01R00.h5,27JAN,2017-01-27 03:45:00,2017-01-27 09:15:00,9.14,77.92,1229.0670156003907,0.0,1350,868,294.9065246582031,8980065.0,774354872,0
3RIMG_27JAN2017_0415_L2C_INS_V01R00.h5,27JAN,2017-01-27 04:15:00,2017-01-27 09:45:00,9.14,77.92,1229.0670156003907,0.0,1350,868,404.69207763671875,8980095.0,-208885832,0
3RIMG_27JAN2017_0445_L2C_INS_V01R00.h5,27JAN,2017-01-27 04:45:00,2017-01-27 10:15:00,9.14,77.92,1229.0670156003907,0.0,1350,868,695.360107421875,8980125.0,1656752056,0
3RIMG_27JAN2017_0515_L2C_INS_V01R00.h5,27JAN,2017-01-27 05:15:00,2017-01-27 10:45:00,9.14,77.92,1229.0670156003907,0.0,1350,868,530.760986328125,8980155.0,1721849784,0
3RIMG_27JAN2017_0545_L2C_INS_V01R00.h5,27JAN,2017-01-27 05:45:00,2017-01-27 11:15:00,9.14,77.92,1229.0670156003907,0.0,1350,868,433.7323303222656,8980185.0,-222226504,0
3RIMG_27JAN2017_0615_L2C_INS_V01R00.h5,27JAN,2017-01-27 06:15:00,2017-01-27 11:45:00,9.14,77.92,1229.0670156003907,0.0,1350,868,582.84375,8980215.0,1261938616,0
3RIMG_27JAN2017_0645_L2C_INS_V01R00.h5,27JAN,2017-01-27 06:45:00,2017-01-27 12:15:00,9.14,77.92,1229.0670156003907,0.0,1350,868,577.0726318359375,8980245.0,-1962862664,0
3RIMG_27JAN2017_0715_L2C_INS_V01R00.h5,27JAN,2017-01-27 07:15:00,2017-01-27 12:45:00,9.14,77.92,1229.0670156003907,0.0,1350,868,635.0198364257812,8980275.0,785110968,0
3RIMG_27JAN2017_0745_L2C_INS_V01R00.h5,27JAN,2017-01-27 07:45:00,2017-01-27 13:15:00,9.14,77.92,1229.0670156003907,0.0,1350,868,459.10235595703125,8980305.0,1847863224,0
3RIMG_27JAN2017_0815_L2C_INS_V01R00.h5,27JAN,2017-01-27 08:15:00,2017-01-27 13:45:00,9.14,77.92,1229.0670156003907,0.0,1350,868,567.9539184570312,8980335.0,-513329224,0
3RIMG_27JAN2017_0845_L2C_INS_V01R00.h5,27JAN,2017-01-27 08:45:00,2017-01-27 14:15:00,9.14,77.92,1229.0670156003907,0.0,1350,868,615.6376953125,8980365.0,193890232,0
3RIMG_27JAN2017_0915_L2C_INS_V01R00.h5,27JAN,2017-01-27 09:15:00,2017-01-27 14:45:00,9.14,77.92,1229.0670156003907,0.0,1350,868,617.115478515625,8980395.0,1606690744,0
3RIMG_27JAN2017_0945_L2C_INS_V01R00.h5,27JAN,2017-01-27 09:45:00,2017-01-27 15:15:00,9.14,77.92,1229.0670156003907,0.0,1350,868,851.612060546875,8980425.0,1919326136,0
3RIMG_27JAN2017_1015_L2C_INS_V01R00.h5,27JAN,2017-01-27 10:15:00,2017-01-27 15:45:00,9.14,77.92,1229.0670156003907,0.0,1350,868,478.93792724609375,8980455.0,160806840,0
3RIMG_27JAN2017_1045_L2C_INS_V01R00.h5,27JAN,2017-01-27 10:45:00,2017-01-27 16:15:00,9.14,77.92,1229.0670156003907,0.0,1350,868,642.2840576171875,8980485.0,-356096072,0
3RIMG_27JAN2017_1115_L2C_INS_V01R00.h5,27JAN,2017-01-27 11:15:00,2017-01-27 16:45:00,9.14,77.92,1229.0670156003907,0.0,1350,868,426.6058349609375,8980515.0,180729784,0
3RIMG_27JAN2017_1145_L2C_INS_V01R00.h5,27JAN,2017-01-27 11:45:00,2017-01-27 17:15:00,9.14,77.92,1229.0670156003907,0.0,1350,868,359.92987060546875,8980545.0,-108718152,0
3RIMG_27JAN2017_1215_L2C_INS_V01R00.h5,27JAN,2017-01-27 12:15:00,2017-01-27 17:45:00,9.14,77.92,1229.0670156003907,0.0,1350,868,145.19813537597656,8980575.0,1082419128,0
3RIMG_27JAN2017_1245_L2C_INS_V01R00.h5,27JAN,2017-01-27 12:45:00,2017-01-27 18:15:00,9.14,77.92,1229.0670156003907,0.0,1350,868,19.3491268157959,8980605.0,432285624,0
3RIMG_27JAN2017_1315_L2C_INS_V01R00.h5,27JAN,2017-01-27 13:15:00,2017-01-27 18:45:00,9.14,77.92,1229.0670156003907,0.0,1350,868,0.0,8980635.0,468105144,0
3RIMG_27JAN2017_1345_L2C_INS_V01R00.h5,27JAN,2017-01-27 13:45:00,2017-01-27 19:15:00,9.14,77.92,1229.0670156003907,0.0,1350,868,0.0,8980665.0,933787576,0
3RIMG_27JAN2017_1415_L2C_INS_V01R00.h5,27JAN,2017-01-27 14:15:00,2017-01-27 19:45:00,9.14,77.92,1229.0670156003907,0.0,1350,868,0.0,8980695.0,1551529912,0
3RIMG_27JAN2017_1445_L2C_INS_V01R00.h5,27JAN,2017-01-27 14:45:00,2017-01-27 20:15:00,9.14,77.92,1229.0670156003907,0.0,1350,868,0.0,8980725.0,1254168504,0
3RIMG_27JAN2017_1515_L2C_INS_V01R00.h5,27JAN,2017-01-27 15:15:00,2017-01-27 20:45:00,9.14,77.92,1229.0670156003907,0.0,1350,868,0.0,8980755.0,-944932936,0
3RIMG_27JAN2017_1545_L2C_INS_V01R00.h5,27JAN,2017-01-27 15:45:00,2017-01-27 21:15:00,9.14,77.92,1229.0670156003907,0.0,1350,868,0.0,8980785.0,1987184568,0
3RIMG_27JAN2017_1615_L2C_INS_V01R00.h5,27JAN,2017-01-27 16:15:00,2017-01-27 21:45:00,9.14,77.92,1229.0670156003907,0.0,1350,868,0.0,8980815.0,1382340536,0
3RIMG_27JAN2017_1645_L2C_INS_V01R00.h5,27JAN,2017-01-27 16:45:00,2017-01-27 22:15:00,9.14,77.92,1229.0670156003907,0.0,1350,868,0.0,8980845.0,56879032,0
3RIMG_27JAN2017_1715_L2C_INS_V01R00.h5,27JAN,2017-01-27 17:15:00,2017-01-27 22:45:00,9.14,77.92,1229.0670156003907,0.0,1350,868,0.0,8980875.0,335067064,0
3RIMG_27JAN2017_1745_L2C_INS_V01R00.h5,27JAN,2017-01-27 17:45:00,2017-01-27 23:15:00,9.14,77.92,1229.0670156003907,0.0,1350,868,0.0,8980905.0,809392056,0
3RIMG_27JAN2017_1815_L2C_INS_V01R00.h5,27JAN,2017-01-27 18:15:00,2017-01-27 23:45:00,9.14,77.92,1229.0670156003907,0.0,1350,868,0.0,8980935.0,278575032,0
3RIMG_27JAN2017_1845_L2C_INS_V01R00.h5,27JAN,2017-01-27 18:45:00,2017-01-28 00:15:00,9.14,77.92,1229.0670156003907,0.0,1350,868,0.0,8980965.0,1254053816,0
3RIMG_27JAN2017_1915_L2C_INS_V01R00.h5,27JAN,2017-01-27 19:15:00,2017-01-28 00:45:00,9.14,77.92,1229.0670156003907,0.0,1350,868,0.0,8980995.0,931616696,0
3RIMG_27JAN2017_1945_L2C_INS_V01R00.h5,27JAN,2017-01-27 19:45:00,2017-01-28 01:15:00,9.14,77.92,1229.0670156003907,0.0,1350,868,0.0,8981025.0,-328693832,0
3RIMG_27JAN2017_2015_L2C_INS_V01R00.h5,27JAN,2017-01-27 20:15:00,2017-01-28 01:45:00,9.14,77.92,1229.0670156003907,0.0,1350,868,0.0,8981055.0,1912694712,0
3RIMG_27JAN2017_2045_L2C_INS_V01R00.h5,27JAN,2017-01-27 20:45:00,2017-01-28 02:15:00,9.14,77.92,1229.0670156003907,0.0,1350,868,0.0,8981085.0,-16001096,0
3RIMG_27JAN2017_2115_L2C_INS_V01R00.h5,27JAN,2017-01-27 21:15:00,2017-01-28 02:45:00,9.14,77.92,1229.0670156003907,0.0,1350,868,0.0,8981115.0,590223288,0
3RIMG_27JAN2017_2145_L2C_INS_V01R00.h5,27JAN,2017-01-27 21:45:00,2017-01-28 03:15:00,9.14,77.92,1229.0670156003907,0.0,1350,868,0.0,8981145.0,265992120,0
3RIMG_27JAN2017_2215_L2C_INS_V01R00.h5,27JAN,2017-01-27 22:15:00,2017-01-28 03:45:00,9.14,77.92,1229.0670156003907,0.0,1350,868,0.0,8981175.0,-75049032,0
3RIMG_27JAN2017_2245_L2C_INS_V01R00.h5,27JAN,2017-01-27 22:45:00,2017-01-28 04:15:00,9.14,77.92,1229.0670156003907,0.0,1350,868,0.0,8981205.0,1376495544,0
3RIMG_27JAN2017_2315_L2C_INS_V01R00.h5,27JAN,2017-01-27 23:15:00,2017-01-28 04:45:00,9.14,77.92,1229.0670156003907,0.0,1350,868,0.0,8981235.0,-761120840,0
3RIMG_27JAN2017_2345_L2C_INS_V01R00.h5,27JAN,2017-01-27 23:45:00,2017-01-28 05:15:00,9.14,77.92,1229.0670156003907,0.0,1350,868,0.0,8981265.0,-1320855624,0
3RIMG_28JAN2017_0015_L2C_INS_V01R00.h5,28JAN,2017-01-28 00:15:00,2017-01-28 05:45:00,9.14,77.92,1229.0670156003907,0.0,1350,868,0.0,8981295.0,2061465528,0
3RIMG_28JAN2017_0045_L2C_INS_V01R00.h5,28JAN,2017-01-28 00:45:00,2017-01-28 06:15:00,9.14,77.92,1229.0670156003907,0.0,1350,868,0.0,8981325.0,1919150008,0
3RIMG_28JAN2017_0115_L2C_INS_V01R00.h5,28JAN,2017-01-28 01:15:00,2017-01-28 06:45:00,9.14,77.92,1229.0670156003907,0.0,1350,868,0.0,8981355.0,1927210936,0
3RIMG_28JAN2017_0145_L2C_INS_V01R00.h5,28JAN,2017-01-28 01:45:00,2017-01-28 07:15:00,9.14,77.92,1229.0670156003907,0.0,1350,868,0.0,8981385.0,1140299704,0
3RIMG_28JAN2017_0215_L2C_INS_V01R00.h5,28JAN,2017-01-28 02:15:00,2017-01-28 07:45:00,9.14,77.92,1229.0670156003907,0.0,1350,868,102.42884826660156,8981415.0,-1034197064,0
3RIMG_28JAN2017_0245_L2C_INS_V01R00.h5,28JAN,2017-01-28 02:45:00,2017-01-28 08:15:00,9.14,77.92,1229.0670156003907,0.0,1350,868,114.44850158691406,8981445.0,1861965752,0
3RIMG_28JAN2017_0315_L2C_INS_V01R00.h5,28JAN,2017-01-28 03:15:00,2017-01-28 08:45:00,9.14,77.92,1229.0670156003907,0.0,1350,868,282.8535461425781,8981475.0,66811832,0
3RIMG_28JAN2017_0345_L2C_INS_V01R00.h5,28JAN,2017-01-28 03:45:00,2017-01-28 09:15:00,9.14,77.92,1229.0670156003907,0.0,1350,868,271.0849609375,8981505.0,-575219784,0
3RIMG_28JAN2017_0415_L2C_INS_V01R00.h5,28JAN,2017-01-28 04:15:00,2017-01-28 09:45:00,9.14,77.92,1229.0670156003907,0.0,1350,868,462.0234375,8981535.0,346892216,0
3RIMG_28JAN2017_0445_L2C_INS_V01R00.h5,28JAN,2017-01-28 04:45:00,2017-01-28 10:15:00,9.14,77.92,1229.0670156003907,0.0,1350,868,704.9321899414062,8981565.0,85268408,0
3RIMG_28JAN2017_0515_L2C_INS_V01R00.h5,28JAN,2017-01-28 05:15:00,2017-01-28 10:45:00,9.14,77.92,1229.0670156003907,0.0,1350,868,881.927001953125,8981595.0,878299064,0
3RIMG_28JAN2017_0545_L2C_INS_V01R00.h5,28JAN,2017-01-28 05:45:00,2017-01-28 11:15:00,9.14,77.92,1229.0670156003907,0.0,1350,868,467.25396728515625,8981625.0,-592906312,0
3RIMG_28JAN2017_0615_L2C_INS_V01R00.h5,28JAN,2017-01-28 06:15:00,2017-01-28 11:45:00,9.14,77.92,1229.0670156003907,0.0,1350,868,1009.8723754882812,8981655.0,1411921848,0
3RIMG_28JAN2017_0645_L2C_INS_V01R00.h5,28JAN,2017-01-28 06:45:00,2017-01-28 12:15:00,9.14,77.92,1229.0670156003907,0.0,1350,868,627.2379760742188,8981685.0,-256329800,0
3RIMG_28JAN2017_0715_L2C_INS_V01R00.h5,28JAN,2017-01-28 07:15:00,2017-01-28 12:45:00,9.14,77.92,1229.0670156003907,0.0,1350,868,592.869384765625,8981715.0,-240715848,0
3RIMG_28JAN2017_0745_L2C_INS_V01R00.h5,28JAN,2017-01-28 07:45:00,2017-01-28 13:15:00,9.14,77.92,1229.0670156003907,0.0,1350,868,585.5230102539062,8981745.0,415442872,0
3RIMG_28JAN2017_0815_L2C_INS_V01R00.h5,28JAN,2017-01-28 08:15:00,2017-01-28 13:45:00,9.14,77.92,1229.0670156003907,0.0,1350,868,519.1116333007812,8981775.0,1762981816,0
3RIMG_28JAN2017_0845_L2C_INS_V01R00.h5,28JAN,2017-01-28 08:45:00,2017-01-28 14:15:00,9.14,77.92,1229.0670156003907,0.0,1350,868,441.90142822265625,8981805.0,-50985032,0
3RIMG_28JAN2017_0915_L2C_INS_V01R00.h5,28JAN,2017-01-28 09:15:00,2017-01-28 14:45:00,9.14,77.92,1229.0670156003907,0.0,1350,868,487.0148620605469,8981835.0,-533362760,0
3RIMG_28JAN2017_0945_L2C_INS_V01R00.h5,28JAN,2017-01-28 09:45:00,2017-01-28 15:15:00,9.14,77.92,1229.0670156003907,0.0,1350,868,502.1083984375,8981865.0,536672184,0
3RIMG_28JAN2017_1015_L2C_INS_V01R00.h5,28JAN,2017-01-28 10:15:00,2017-01-28 15:45:00,9.14,77.92,1229.0670156003907,0.0,1350,868,474.0570068359375,8981895.0,1088620472,0
3RIMG_28JAN2017_1045_L2C_INS_V01R00.h5,28JAN,2017-01-28 10:45:00,2017-01-28 16:15:00,9.14,77.92,1229.0670156003907,0.0,1350,868,462.78106689453125,8981925.0,-13613128,0
3RIMG_28JAN2017_1115_L2C_INS_V01R00.h5,28JAN,2017-01-28 11:15:00,2017-01-28 16:45:00,9.14,77.92,1229.0670156003907,0.0,1350,868,420.2409973144531,8981955.0,-998873160,0
3RIMG_28JAN2017_1145_L2C_INS_V01R00.h5,28JAN,2017-01-28 11:45:00,2017-01-28 17:15:00,9.14,77.92,1229.0670156003907,0.0,1350,868,363.8831787109375,8981985.0,-1769781320,0
3RIMG_28JAN2017_1215_L2C_INS_V01R00.h5,28JAN,2017-01-28 12:15:00,2017-01-28 17:45:00,9.14,77.92,1229.0670156003907,0.0,1350,868,145.47889709472656,8982015.0,1736878008,0
3RIMG_28JAN2017_1245_L2C_INS_V01R00.h5,28JAN,2017-01-28 12:45:00,2017-01-28 18:15:00,9.14,77.92,1229.0670156003907,0.0,1350,868,19.592479705810547,8982045.0,-1322240072,0
3RIMG_28JAN2017_1315_L2C_INS_V01R00.h5,28JAN,2017-01-28 13:15:00,2017-01-28 18:45:00,9.14,77.92,1229.0670156003907,0.0,1350,868,0.0,8982075.0,-844519496,0
3RIMG_28JAN2017_1345_L2C_INS_V01R00.h5,28JAN,2017-01-28 13:45:00,2017-01-28 19:15:00,9.14,77.92,1229.0670156003907,0.0,1350,868,0.0,8982105.0,1675913144,0
3RIMG_28JAN2017_1415_L2C_INS_V01R00.h5,28JAN,2017-01-28 14:15:00,2017-01-28 19:45:00,9.14,77.92,1229.0670156003907,0.0,1350,868,0.0,8982135.0,-2056362056,0
3RIMG_28JAN2017_1445_L2C_INS_V01R00.h5,28JAN,2017-01-28 14:45:00,2017-01-28 20:15:00,9.14,77.92,1229.0670156003907,0.0,1350,868,0.0,8982165.0,-2131449928,0
3RIMG_28JAN2017_1515_L2C_INS_V01R00.h5,28JAN,2017-01-28 15:15:00,2017-01-28 20:45:00,9.14,77.92,1229.0670156003907,0.0,1350,868,0.0,8982195.0,2067331000,0
3RIMG_28JAN2017_1545_L2C_INS_V01R00.h5,28JAN,2017-01-28 15:45:00,2017-01-28 21:15:00,9.14,77.92,1229.0670156003907,0.0,1350,868,0.0,8982225.0,515090360,0
3RIMG_28JAN2017_1615_L2C_INS_V01R00.h5,28JAN,2017-01-28 16:15:00,2017-01-28 21:45:00,9.14,77.92,1229.0670156003907,0.0,1350,868,0.0,8982255.0,1191159736,0
3RIMG_28JAN2017_1645_L2C_INS_V01R00.h5,28JAN,2017-01-28 16:45:00,2017-01-28 22:15:00,9.14,77.92,1229.0670156003907,0.0,1350,868,0.0,8982285.0,286140344,0
3RIMG_28JAN2017_1715_L2C_INS_V01R00.h5,28JAN,2017-01-28 17:15:00,2017-01-28 22:45:00,9.14,77.92,1229.0670156003907,0.0,1350,868,0.0,8982315.0,888973240,0
3RIMG_28JAN2017_1815_L2C_INS_V01R00.h5,28JAN,2017-01-28 18:15:00,2017-01-28 23:45:00,9.14,77.92,1229.0670156003907,0.0,1350,868,0.0,8982375.0,-642070600,0
3RIMG_28JAN2017_1845_L2C_INS_V01R00.h5,28JAN,2017-01-28 18:45:00,2017-01-29 00:15:00,9.14,77.92,1229.0670156003907,0.0,1350,868,0.0,8982405.0,1820575672,0
3RIMG_28JAN2017_1915_L2C_INS_V01R00.h5,28JAN,2017-01-28 19:15:00,2017-01-29 00:45:00,9.14,77.92,1229.0670156003907,0.0,1350,868,0.0,8982435.0,1052465080,0
3RIMG_28JAN2017_1945_L2C_INS_V01R00.h5,28JAN,2017-01-28 19:45:00,2017-01-29 01:15:00,9.14,77.92,1229.0670156003907,0.0,1350,868,0.0,8982465.0,-1056905288,0
3RIMG_28JAN2017_2015_L2C_INS_V01R00.h5,28JAN,2017-01-28 20:15:00,2017-01-29 01:45:00,9.14,77.92,1229.0670156003907,0.0,1350,868,0.0,8982495.0,-1459787848,0
3RIMG_28JAN2017_2045_L2C_INS_V01R00.h5,28JAN,2017-01-28 20:45:00,2017-01-29 02:15:00,9.14,77.92,1229.0670156003907,0.0,1350,868,0.0,8982525.0,2028525496,0
3RIMG_28JAN2017_2115_L2C_INS_V01R00.h5,28JAN,2017-01-28 21:15:00,2017-01-29 02:45:00,9.14,77.92,1229.0670156003907,0.0,1350,868,0.0,8982555.0,44853176,0
3RIMG_28JAN2017_2145_L2C_INS_V01R00.h5,28JAN,2017-01-28 21:45:00,2017-01-29 03:15:00,9.14,77.92,1229.0670156003907,0.0,1350,868,0.0,8982585.0,-606558280,0
3RIMG_28JAN2017_2215_L2C_INS_V01R00.h5,28JAN,2017-01-28 22:15:00,2017-01-29 03:45:00,9.14,77.92,1229.0670156003907,0.0,1350,868,0.0,8982615.0,-1042421832,0
3RIMG_28JAN2017_2245_L2C_INS_V01R00.h5,28JAN,2017-01-28 22:45:00,2017-01-29 04:15:00,9.14,77.92,1229.0670156003907,0.0,1350,868,0.0,8982645.0,363849656,0
3RIMG_28JAN2017_2315_L2C_INS_V01R00.h5,28JAN,2017-01-28 23:15:00,2017-01-29 04:45:00,9.14,77.92,1229.0670156003907,0.0,1350,868,0.0,8982675.0,-1198680136,0
3RIMG_28JAN2017_2345_L2C_INS_V01R00.h5,28JAN,2017-01-28 23:45:00,2017-01-29 05:15:00,9.14,77.92,1229.0670156003907,0.0,1350,868,0.0,8982705.0,-1320605768,0
3RIMG_29JAN2017_0015_L2C_INS_V01R00.h5,29JAN,2017-01-29 00:15:00,2017-01-29 05:45:00,9.14,77.92,1229.0670156003907,0.0,1350,868,0.0,8982735.0,470615992,0
3RIMG_29JAN2017_0045_L2C_INS_V01R00.h5,29JAN,2017-01-29 00:45:00,2017-01-29 06:15:00,9.14,77.92,1229.0670156003907,0.0,1350,868,0.0,8982765.0,-1382484040,0
3RIMG_29JAN2017_0115_L2C_INS_V01R00.h5,29JAN,2017-01-29 01:15:00,2017-01-29 06:45:00,9.14,77.92,1229.0670156003907,0.0,1350,868,0.0,8982795.0,-471390280,0
3RIMG_29JAN2017_0145_L2C_INS_V01R00.h5,29JAN,2017-01-29 01:45:00,2017-01-29 07:15:00,9.14,77.92,1229.0670156003907,0.0,1350,868,0.0,8982825.0,1594492856,0
3RIMG_29JAN2017_0215_L2C_INS_V01R00.h5,29JAN,2017-01-29 02:15:00,2017-01-29 07:45:00,9.14,77.92,1229.0670156003907,0.0,1350,868,158.86524963378906,8982855.0,1009809336,0
3RIMG_29JAN2017_0245_L2C_INS_V01R00.h5,29JAN,2017-01-29 02:45:00,2017-01-29 08:15:00,9.14,77.92,1229.0670156003907,0.0,1350,868,187.49444580078125,8982885.0,-1375430728,0
3RIMG_29JAN2017_0315_L2C_INS_V01R00.h5,29JAN,2017-01-29 03:15:00,2017-01-29 08:45:00,9.14,77.92,1229.0670156003907,0.0,1350,868,420.97344970703125,8982915.0,123516856,0
3RIMG_29JAN2017_0345_L2C_INS_V01R00.h5,29JAN,2017-01-29 03:45:00,2017-01-29 09:15:00,9.14,77.92,1229.0670156003907,0.0,1350,868,454.57757568359375,8982945.0,412698552,0
3RIMG_29JAN2017_0415_L2C_INS_V01R00.h5,29JAN,2017-01-29 04:15:00,2017-01-29 09:45:00,9.14,77.92,1229.0670156003907,0.0,1350,868,496.3844909667969,8982975.0,-1985689672,0
3RIMG_29JAN2017_0445_L2C_INS_V01R00.h5,29JAN,2017-01-29 04:45:00,2017-01-29 10:15:00,9.14,77.92,1229.0670156003907,0.0,1350,868,703.5147705078125,8983005.0,184506296,0
3RIMG_29JAN2017_0515_L2C_INS_V01R00.h5,29JAN,2017-01-29 05:15:00,2017-01-29 10:45:00,9.14,77.92,1229.0670156003907,0.0,1350,868,883.1517333984375,8983035.0,1640245176,0
3RIMG_29JAN2017_0545_L2C_INS_V01R00.h5,29JAN,2017-01-29 05:45:00,2017-01-29 11:15:00,9.14,77.92,1229.0670156003907,0.0,1350,868,899.4959106445312,8983065.0,102500280,0
3RIMG_29JAN2017_0615_L2C_INS_V01R00.h5,29JAN,2017-01-29 06:15:00,2017-01-29 11:45:00,9.14,77.92,1229.0670156003907,0.0,1350,868,1006.1092529296875,8983095.0,-349685832,0
3RIMG_29JAN2017_0645_L2C_INS_V01R00.h5,29JAN,2017-01-29 06:45:00,2017-01-29 12:15:00,9.14,77.92,1229.0670156003907,0.0,1350,868,1017.937255859375,8983125.0,631363512,0
3RIMG_29JAN2017_0715_L2C_INS_V01R00.h5,29JAN,2017-01-29 07:15:00,2017-01-29 12:45:00,9.14,77.92,1229.0670156003907,0.0,1350,868,627.455322265625,8983155.0,-276093000,0
3RIMG_29JAN2017_0745_L2C_INS_V01R00.h5,29JAN,2017-01-29 07:45:00,2017-01-29 13:15:00,9.14,77.92,1229.0670156003907,0.0,1350,868,1054.4720458984375,8983185.0,-1657530440,0
3RIMG_29JAN2017_0815_L2C_INS_V01R00.h5,29JAN,2017-01-29 08:15:00,2017-01-29 13:45:00,9.14,77.92,1229.0670156003907,0.0,1350,868,1016.7489013671875,8983215.0,345614264,0
3RIMG_29JAN2017_0845_L2C_INS_V01R00.h5,29JAN,2017-01-29 08:45:00,2017-01-29 14:15:00,9.14,77.92,1229.0670156003907,0.0,1350,868,612.0990600585938,8983245.0,927233976,0
3RIMG_29JAN2017_0945_L2C_INS_V01R00.h5,29JAN,2017-01-29 09:45:00,2017-01-29 15:15:00,9.14,77.92,1229.0670156003907,0.0,1350,868,857.3597412109375,8983305.0,-1154852936,0
3RIMG_29JAN2017_1015_L2C_INS_V01R00.h5,29JAN,2017-01-29 10:15:00,2017-01-29 15:45:00,9.14,77.92,1229.0670156003907,0.0,1350,868,455.1133728027344,8983335.0,-1139451976,0
3RIMG_29JAN2017_1045_L2C_INS_V01R00.h5,29JAN,2017-01-29 10:45:00,2017-01-29 16:15:00,9.14,77.92,1229.0670156003907,0.0,1350,868,351.1519775390625,8983365.0,-561285192,0
3RIMG_29JAN2017_1115_L2C_INS_V01R00.h5,29JAN,2017-01-29 11:15:00,2017-01-29 16:45:00,9.14,77.92,1229.0670156003907,0.0,1350,868,422.69677734375,8983395.0,1396815800,0
3RIMG_29JAN2017_1145_L2C_INS_V01R00.h5,29JAN,2017-01-29 11:45:00,2017-01-29 17:15:00,9.14,77.92,1229.0670156003907,0.0,1350,868,255.87445068359375,8983425.0,1244653496,0
3RIMG_29JAN2017_1215_L2C_INS_V01R00.h5,29JAN,2017-01-29 12:15:00,2017-01-29 17:45:00,9.14,77.92,1229.0670156003907,0.0,1350,868,146.76788330078125,8983455.0,-870660168,0
3RIMG_29JAN2017_1245_L2C_INS_V01R00.h5,29JAN,2017-01-29 12:45:00,2017-01-29 18:15:00,9.14,77.92,1229.0670156003907,0.0,1350,868,21.360567092895508,8983485.0,1297156024,0
3RIMG_29JAN2017_1315_L2C_INS_V01R00.h5,29JAN,2017-01-29 13:15:00,2017-01-29 18:45:00,9.14,77.92,1229.0670156003907,0.0,1350,868,0.0,8983515.0,406931384,0
3RIMG_29JAN2017_1345_L2C_INS_V01R00.h5,29JAN,2017-01-29 13:45:00,2017-01-29 19:15:00,9.14,77.92,1229.0670156003907,0.0,1350,868,0.0,8983545.0,767502264,0
3RIMG_29JAN2017_1415_L2C_INS_V01R00.h5,29JAN,2017-01-29 14:15:00,2017-01-29 19:45:00,9.14,77.92,1229.0670156003907,0.0,1350,868,0.0,8983575.0,-1030297672,0
3RIMG_29JAN2017_1445_L2C_INS_V01R00.h5,29JAN,2017-01-29 14:45:00,2017-01-29 20:15:00,9.14,77.92,1229.0670156003907,0.0,1350,868,0.0,8983605.0,-617539656,0
3RIMG_29JAN2017_1515_L2C_INS_V01R00.h5,29JAN,2017-01-29 15:15:00,2017-01-29 20:45:00,9.14,77.92,1229.0670156003907,0.0,1350,868,0.0,8983635.0,-116672584,0
3RIMG_29JAN2017_1545_L2C_INS_V01R00.h5,29JAN,2017-01-29 15:45:00,2017-01-29 21:15:00,9.14,77.92,1229.0670156003907,0.0,1350,868,0.0,8983665.0,1995036600,0
3RIMG_29JAN2017_1615_L2C_INS_V01R00.h5,29JAN,2017-01-29 16:15:00,2017-01-29 21:45:00,9.14,77.92,1229.0670156003907,0.0,1350,868,0.0,8983695.0,-1630885960,0
3RIMG_29JAN2017_1645_L2C_INS_V01R00.h5,29JAN,2017-01-29 16:45:00,2017-01-29 22:15:00,9.14,77.92,1229.0670156003907,0.0,1350,868,0.0,8983725.0,1472067512,0
3RIMG_29JAN2017_1715_L2C_INS_V01R00.h5,29JAN,2017-01-29 17:15:00,2017-01-29 22:45:00,9.14,77.92,1229.0670156003907,0.0,1350,868,0.0,8983755.0,2114303928,0
3RIMG_29JAN2017_1745_L2C_INS_V01R00.h5,29JAN,2017-01-29 17:45:00,2017-01-29 23:15:00,9.14,77.92,1229.0670156003907,0.0,1350,868,0.0,8983785.0,-1323706440,0
3RIMG_29JAN2017_1815_L2C_INS_V01R00.h5,29JAN,2017-01-29 18:15:00,2017-01-29 23:45:00,9.14,77.92,1229.0670156003907,0.0,1350,868,0.0,8983815.0,814057400,0
3RIMG_29JAN2017_1845_L2C_INS_V01R00.h5,29JAN,2017-01-29 18:45:00,2017-01-30 00:15:00,9.14,77.92,1229.0670156003907,0.0,1350,868,0.0,8983845.0,-1953237064,0
3RIMG_29JAN2017_1915_L2C_INS_V01R00.h5,29JAN,2017-01-29 19:15:00,2017-01-30 00:45:00,9.14,77.92,1229.0670156003907,0.0,1350,868,0.0,8983875.0,2083006392,0
3RIMG_29JAN2017_1945_L2C_INS_V01R00.h5,29JAN,2017-01-29 19:45:00,2017-01-30 01:15:00,9.14,77.92,1229.0670156003907,0.0,1350,868,0.0,8983905.0,95963064,0
3RIMG_29JAN2017_2015_L2C_INS_V01R00.h5,29JAN,2017-01-29 20:15:00,2017-01-30 01:45:00,9.14,77.92,1229.0670156003907,0.0,1350,868,0.0,8983935.0,1233418168,0
3RIMG_29JAN2017_2045_L2C_INS_V01R00.h5,29JAN,2017-01-29 20:45:00,2017-01-30 02:15:00,9.14,77.92,1229.0670156003907,0.0,1350,868,0.0,8983965.0,-1146824776,0
3RIMG_29JAN2017_2115_L2C_INS_V01R00.h5,29JAN,2017-01-29 21:15:00,2017-01-30 02:45:00,9.14,77.92,1229.0670156003907,0.0,1350,868,0.0,8983995.0,-1733195848,0
3RIMG_29JAN2017_2145_L2C_INS_V01R00.h5,29JAN,2017-01-29 21:45:00,2017-01-30 03:15:00,9.14,77.92,1229.0670156003907,0.0,1350,868,0.0,8984025.0,-1511495752,0
3RIMG_29JAN2017_2215_L2C_INS_V01R00.h5,29JAN,2017-01-29 22:15:00,2017-01-30 03:45:00,9.14,77.92,1229.0670156003907,0.0,1350,868,0.0,8984055.0,1232971704,0
3RIMG_29JAN2017_2245_L2C_INS_V01R00.h5,29JAN,2017-01-29 22:45:00,2017-01-30 04:15:00,9.14,77.92,1229.0670156003907,0.0,1350,868,0.0,8984085.0,-1804347464,0
3RIMG_29JAN2017_2315_L2C_INS_V01R00.h5,29JAN,2017-01-29 23:15:00,2017-01-30 04:45:00,9.14,77.92,1229.0670156003907,0.0,1350,868,0.0,8984115.0,1285973944,0
3RIMG_29JAN2017_2345_L2C_INS_V01R00.h5,29JAN,2017-01-29 23:45:00,2017-01-30 05:15:00,9.14,77.92,1229.0670156003907,0.0,1350,868,0.0,8984145.0,954910648,0
3RIMG_30JAN2017_0015_L2C_INS_V01R00.h5,30JAN,2017-01-30 00:15:00,2017-01-30 05:45:00,9.14,77.92,1229.0670156003907,0.0,1350,868,0.0,8984175.0,-480155720,0
3RIMG_30JAN2017_0045_L2C_INS_V01R00.h5,30JAN,2017-01-30 00:45:00,2017-01-30 06:15:00,9.14,77.92,1229.0670156003907,0.0,1350,868,0.0,8984205.0,-1565681736,0
3RIMG_30JAN2017_0115_L2C_INS_V01R00.h5,30JAN,2017-01-30 01:15:00,2017-01-30 06:45:00,9.14,77.92,1229.0670156003907,0.0,1350,868,0.0,8984235.0,208586680,0
3RIMG_30JAN2017_0145_L2C_INS_V01R00.h5,30JAN,2017-01-30 01:45:00,2017-01-30 07:15:00,9.14,77.92,1229.0670156003907,0.0,1350,868,0.0,8984265.0,-536893512,0
3RIMG_30JAN2017_0215_L2C_INS_V01R00.h5,30JAN,2017-01-30 02:15:00,2017-01-30 07:45:00,9.14,77.92,1229.0670156003907,0.0,1350,868,75.72991180419922,8984295.0,1868666808,0
3RIMG_30JAN2017_0245_L2C_INS_V01R00.h5,30JAN,2017-01-30 02:45:00,2017-01-30 08:15:00,9.14,77.92,1229.0670156003907,0.0,1350,868,33.048072814941406,8984325.0,-1543387208,0
3RIMG_30JAN2017_0315_L2C_INS_V01R00.h5,30JAN,2017-01-30 03:15:00,2017-01-30 08:45:00,9.14,77.92,1229.0670156003907,0.0,1350,868,100.28445434570312,8984355.0,-1659070536,0
3RIMG_30JAN2017_0345_L2C_INS_V01R00.h5,30JAN,2017-01-30 03:45:00,2017-01-30 09:15:00,9.14,77.92,1229.0670156003907,0.0,1350,868,280.1811828613281,8984385.0,-352151624,0
3RIMG_30JAN2017_0515_L2C_INS_V01R00.h5,30JAN,2017-01-30 05:15:00,2017-01-30 10:45:00,9.14,77.92,1229.0670156003907,0.0,1350,868,887.1693725585938,8984475.0,614487992,0
3RIMG_30JAN2017_0545_L2C_INS_V01R00.h5,30JAN,2017-01-30 05:45:00,2017-01-30 11:15:00,9.14,77.92,1229.0670156003907,0.0,1350,868,903.065673828125,8984505.0,1846806456,0
3RIMG_30JAN2017_0615_L2C_INS_V01R00.h5,30JAN,2017-01-30 06:15:00,2017-01-30 11:45:00,9.14,77.92,1229.0670156003907,0.0,1350,868,1022.1590576171875,8984535.0,1490638776,0
3RIMG_30JAN2017_0645_L2C_INS_V01R00.h5,30JAN,2017-01-30 06:45:00,2017-01-30 12:15:00,9.14,77.92,1229.0670156003907,0.0,1350,868,562.0264892578125,8984565.0,767592376,0
3RIMG_30JAN2017_0715_L2C_INS_V01R00.h5,30JAN,2017-01-30 07:15:00,2017-01-30 12:45:00,9.14,77.92,1229.0670156003907,0.0,1350,868,1059.7919921875,8984595.0,-1352484936,0
3RIMG_30JAN2017_0745_L2C_INS_V01R00.h5,30JAN,2017-01-30 07:45:00,2017-01-30 13:15:00,9.14,77.92,1229.0670156003907,0.0,1350,868,596.5534057617188,8984625.0,462624696,0
3RIMG_30JAN2017_0815_L2C_INS_V01R00.h5,30JAN,2017-01-30 08:15:00,2017-01-30 13:45:00,9.14,77.92,1229.0670156003907,0.0,1350,868,482.569091796875,8984655.0,1542719416,0
3RIMG_30JAN2017_0845_L2C_INS_V01R00.h5,30JAN,2017-01-30 08:45:00,2017-01-30 14:15:00,9.14,77.92,1229.0670156003907,0.0,1350,868,402.14312744140625,8984685.0,-244799560,0
3RIMG_30JAN2017_0915_L2C_INS_V01R00.h5,30JAN,2017-01-30 09:15:00,2017-01-30 14:45:00,9.14,77.92,1229.0670156003907,0.0,1350,868,304.31256103515625,8984715.0,2092783544,0
3RIMG_30JAN2017_0945_L2C_INS_V01R00.h5,30JAN,2017-01-30 09:45:00,2017-01-30 15:15:00,9.14,77.92,1229.0670156003907,0.0,1350,868,295.185302734375,8984745.0,-1464903752,0
3RIMG_30JAN2017_1015_L2C_INS_V01R00.h5,30JAN,2017-01-30 10:15:00,2017-01-30 15:45:00,9.14,77.92,1229.0670156003907,0.0,1350,868,290.9496765136719,8984775.0,-915064904,0
3RIMG_30JAN2017_1045_L2C_INS_V01R00.h5,30JAN,2017-01-30 10:45:00,2017-01-30 16:15:00,9.14,77.92,1229.0670156003907,0.0,1350,868,417.5904541015625,8984805.0,-1971865672,0
3RIMG_30JAN2017_1115_L2C_INS_V01R00.h5,30JAN,2017-01-30 11:15:00,2017-01-30 16:45:00,9.14,77.92,1229.0670156003907,0.0,1350,868,167.954833984375,8984835.0,2083563448,0
3RIMG_30JAN2017_1145_L2C_INS_V01R00.h5,30JAN,2017-01-30 11:45:00,2017-01-30 17:15:00,9.14,77.92,1229.0670156003907,0.0,1350,868,229.80728149414062,8984865.0,1863452600,0
3RIMG_30JAN2017_1215_L2C_INS_V01R00.h5,30JAN,2017-01-30 12:15:00,2017-01-30 17:45:00,9.14,77.92,1229.0670156003907,0.0,1350,868,145.27056884765625,8984895.0,436295608,0
3RIMG_30JAN2017_1245_L2C_INS_V01R00.h5,30JAN,2017-01-30 12:45:00,2017-01-30 18:15:00,9.14,77.92,1229.0670156003907,0.0,1350,868,21.983963012695312,8984925.0,-44669000,0
3RIMG_30JAN2017_1315_L2C_INS_V01R00.h5,30JAN,2017-01-30 13:15:00,2017-01-30 18:45:00,9.14,77.92,1229.0670156003907,0.0,1350,868,0.0,8984955.0,-698816584,0
3RIMG_30JAN2017_1345_L2C_INS_V01R00.h5,30JAN,2017-01-30 13:45:00,2017-01-30 19:15:00,9.14,77.92,1229.0670156003907,0.0,1350,868,0.0,8984985.0,-1109452872,0
3RIMG_30JAN2017_1415_L2C_INS_V01R00.h5,30JAN,2017-01-30 14:15:00,2017-01-30 19:45:00,9.14,77.92,1229.0670156003907,0.0,1350,868,0.0,8985015.0,191121336,0
3RIMG_30JAN2017_1445_L2C_INS_V01R00.h5,30JAN,2017-01-30 14:45:00,2017-01-30 20:15:00,9.14,77.92,1229.0670156003907,0.0,1350,868,0.0,8985045.0,-213497928,0
3RIMG_30JAN2017_1515_L2C_INS_V01R00.h5,30JAN,2017-01-30 15:15:00,2017-01-30 20:45:00,9.14,77.92,1229.0670156003907,0.0,1350,868,0.0,8985075.0,-894244936,0
3RIMG_30JAN2017_1545_L2C_INS_V01R00.h5,30JAN,2017-01-30 15:45:00,2017-01-30 21:15:00,9.14,77.92,1229.0670156003907,0.0,1350,868,0.0,8985105.0,-1158768712,0
3RIMG_30JAN2017_1615_L2C_INS_V01R00.h5,30JAN,2017-01-30 16:15:00,2017-01-30 21:45:00,9.14,77.92,1229.0670156003907,0.0,1350,868,0.0,8985135.0,1018378168,0
3RIMG_30JAN2017_1645_L2C_INS_V01R00.h5,30JAN,2017-01-30 16:45:00,2017-01-30 22:15:00,9.14,77.92,1229.0670156003907,0.0,1350,868,0.0,8985165.0,-569436232,0
3RIMG_30JAN2017_1715_L2C_INS_V01R00.h5,30JAN,2017-01-30 17:15:00,2017-01-30 22:45:00,9.14,77.92,1229.0670156003907,0.0,1350,868,0.0,8985195.0,1976264632,0
3RIMG_30JAN2017_1745_L2C_INS_V01R00.h5,30JAN,2017-01-30 17:45:00,2017-01-30 23:15:00,9.14,77.92,1229.0670156003907,0.0,1350,868,0.0,8985225.0,-508147784,0
3RIMG_30JAN2017_1815_L2C_INS_V01R00.h5,30JAN,2017-01-30 18:15:00,2017-01-30 23:45:00,9.14,77.92,1229.0670156003907,0.0,1350,868,0.0,8985255.0,1197746104,0
3RIMG_30JAN2017_1945_L2C_INS_V01R00.h5,30JAN,2017-01-30 19:45:00,2017-01-31 01:15:00,9.14,77.92,1229.0670156003907,0.0,1350,868,0.0,8985345.0,1840359352,0
3RIMG_30JAN2017_2015_L2C_INS_V01R00.h5,30JAN,2017-01-30 20:15:00,2017-01-31 01:45:00,9.14,77.92,1229.0670156003907,0.0,1350,868,0.0,8985375.0,1525524408,0
3RIMG_30JAN2017_2045_L2C_INS_V01R00.h5,30JAN,2017-01-30 20:45:00,2017-01-31 02:15:00,9.14,77.92,1229.0670156003907,0.0,1350,868,0.0,8985405.0,791885752,0
3RIMG_30JAN2017_2115_L2C_INS_V01R00.h5,30JAN,2017-01-30 21:15:00,2017-01-31 02:45:00,9.14,77.92,1229.0670156003907,0.0,1350,868,0.0,8985435.0,779339704,0
3RIMG_30JAN2017_2145_L2C_INS_V01R00.h5,30JAN,2017-01-30 21:45:00,2017-01-31 03:15:00,9.14,77.92,1229.0670156003907,0.0,1350,868,0.0,8985465.0,241817528,0
3RIMG_30JAN2017_2215_L2C_INS_V01R00.h5,30JAN,2017-01-30 22:15:00,2017-01-31 03:45:00,9.14,77.92,1229.0670156003907,0.0,1350,868,0.0,8985495.0,-1043806280,0
3RIMG_30JAN2017_2245_L2C_INS_V01R00.h5,30JAN,2017-01-30 22:45:00,2017-01-31 04:15:00,9.14,77.92,1229.0670156003907,0.0,1350,868,0.0,8985525.0,-428963912,0
3RIMG_30JAN2017_2315_L2C_INS_V01R00.h5,30JAN,2017-01-30 23:15:00,2017-01-31 04:45:00,9.14,77.92,1229.0670156003907,0.0,1350,868,0.0,8985555.0,53573560,0
3RIMG_30JAN2017_2345_L2C_INS_V01R00.h5,30JAN,2017-01-30 23:45:00,2017-01-31 05:15:00,9.14,77.92,1229.0670156003907,0.0,1350,868,0.0,8985585.0,-1579804744,0
3RIMG_31JAN2017_0015_L2C_INS_V01R00.h5,31JAN,2017-01-31 00:15:00,2017-01-31 05:45:00,9.14,77.92,1229.0670156003907,0.0,1350,868,0.0,8985615.0,311637944,0
3RIMG_31JAN2017_0045_L2C_INS_V01R00.h5,31JAN,2017-01-31 00:45:00,2017-01-31 06:15:00,9.14,77.92,1229.0670156003907,0.0,1350,868,0.0,8985645.0,2144409528,0
3RIMG_31JAN2017_0115_L2C_INS_V01R00.h5,31JAN,2017-01-31 01:15:00,2017-01-31 06:45:00,9.14,77.92,1229.0670156003907,0.0,1350,868,0.0,8985675.0,-1876772936,0
3RIMG_31JAN2017_0145_L2C_INS_V01R00.h5,31JAN,2017-01-31 01:45:00,2017-01-31 07:15:00,9.14,77.92,1229.0670156003907,0.0,1350,868,0.0,8985705.0,750311352,0
3RIMG_31JAN2017_0215_L2C_INS_V01R00.h5,31JAN,2017-01-31 02:15:00,2017-01-31 07:45:00,9.14,77.92,1229.0670156003907,0.0,1350,868,114.67677307128906,8985735.0,1794348984,0
3RIMG_31JAN2017_0245_L2C_INS_V01R00.h5,31JAN,2017-01-31 02:45:00,2017-01-31 08:15:00,9.14,77.92,1229.0670156003907,0.0,1350,868,187.6893310546875,8985765.0,-997271624,0
3RIMG_31JAN2017_0315_L2C_INS_V01R00.h5,31JAN,2017-01-31 03:15:00,2017-01-31 08:45:00,9.14,77.92,1229.0670156003907,0.0,1350,868,269.5560607910156,8985795.0,-1877923912,0
3RIMG_31JAN2017_0345_L2C_INS_V01R00.h5,31JAN,2017-01-31 03:45:00,2017-01-31 09:15:00,9.14,77.92,1229.0670156003907,0.0,1350,868,259.8927307128906,8985825.0,1050945464,0
3RIMG_31JAN2017_0415_L2C_INS_V01R00.h5,31JAN,2017-01-31 04:15:00,2017-01-31 09:45:00,9.14,77.92,1229.0670156003907,0.0,1350,868,352.3460693359375,8985855.0,1001396152,0
3RIMG_31JAN2017_0445_L2C_INS_V01R00.h5,31JAN,2017-01-31 04:45:00,2017-01-31 10:15:00,9.14,77.92,1229.0670156003907,0.0,1350,868,292.1544189453125,8985885.0,-1067059272,0
3RIMG_31JAN2017_0515_L2C_INS_V01R00.h5,31JAN,2017-01-31 05:15:00,2017-01-31 10:45:00,9.14,77.92,1229.0670156003907,0.0,1350,868,299.57977294921875,8985915.0,1856186296,0
3RIMG_31JAN2017_0545_L2C_INS_V01R00.h5,31JAN,2017-01-31 05:45:00,2017-01-31 11:15:00,9.14,77.92,1229.0670156003907,0.0,1350,868,374.34918212890625,8985945.0,-2071763016,0
3RIMG_31JAN2017_0615_L2C_INS_V01R00.h5,31JAN,2017-01-31 06:15:00,2017-01-31 11:45:00,9.14,77.92,1229.0670156003907,0.0,1350,868,1012.9249267578125,8985975.0,529434552,0
3RIMG_31JAN2017_0645_L2C_INS_V01R00.h5,31JAN,2017-01-31 06:45:00,2017-01-31 12:15:00,9.14,77.92,1229.0670156003907,0.0,1350,868,1025.2918701171875,8986005.0,-2101377096,0
3RIMG_31JAN2017_0715_L2C_INS_V01R00.h5,31JAN,2017-01-31 07:15:00,2017-01-31 12:45:00,9.14,77.92,1229.0670156003907,0.0,1350,868,1073.3441162109375,8986035.0,2099050424,0
3RIMG_31JAN2017_0745_L2C_INS_V01R00.h5,31JAN,2017-01-31 07:45:00,2017-01-31 13:15:00,9.14,77.92,1229.0670156003907,0.0,1350,868,1064.113525390625,8986065.0,-414513224,0
3RIMG_31JAN2017_0815_L2C_INS_V01R00.h5,31JAN,2017-01-31 08:15:00,2017-01-31 13:45:00,9.14,77.92,1229.0670156003907,0.0,1350,868,1024.7213134765625,8986095.0,666458040,0
3RIMG_31JAN2017_0845_L2C_INS_V01R00.h5,31JAN,2017-01-31 08:45:00,2017-01-31 14:15:00,9.14,77.92,1229.0670156003907,0.0,1350,868,610.4823608398438,8986125.0,60143544,0
3RIMG_31JAN2017_0915_L2C_INS_V01R00.h5,31JAN,2017-01-31 09:15:00,2017-01-31 14:45:00,9.14,77.92,1229.0670156003907,0.0,1350,868,584.7771606445312,8986155.0,1101449144,0
3RIMG_31JAN2017_0945_L2C_INS_V01R00.h5,31JAN,2017-01-31 09:45:00,2017-01-31 15:15:00,9.14,77.92,1229.0670156003907,0.0,1350,868,862.0420532226562,8986185.0,1600886712,0
3RIMG_31JAN2017_1045_L2C_INS_V01R00.h5,31JAN,2017-01-31 10:45:00,2017-01-31 16:15:00,9.14,77.92,1229.0670156003907,0.0,1350,868,642.3402099609375,8986245.0,-1841973320,0
3RIMG_31JAN2017_1115_L2C_INS_V01R00.h5,31JAN,2017-01-31 11:15:00,2017-01-31 16:45:00,9.14,77.92,1229.0670156003907,0.0,1350,868,430.1363220214844,8986275.0,1995462584,0
3RIMG_31JAN2017_1145_L2C_INS_V01R00.h5,31JAN,2017-01-31 11:45:00,2017-01-31 17:15:00,9.14,77.92,1229.0670156003907,0.0,1350,868,362.06500244140625,8986305.0,2117834680,0
3RIMG_31JAN2017_1215_L2C_INS_V01R00.h5,31JAN,2017-01-31 12:15:00,2017-01-31 17:45:00,9.14,77.92,1229.0670156003907,0.0,1350,868,147.17288208007812,8986335.0,-1442338888,0
3RIMG_31JAN2017_1245_L2C_INS_V01R00.h5,31JAN,2017-01-31 12:45:00,2017-01-31 18:15:00,9.14,77.92,1229.0670156003907,0.0,1350,868,22.714462280273438,8986365.0,-767150152,0
3RIMG_31JAN2017_1315_L2C_INS_V01R00.h5,31JAN,2017-01-31 13:15:00,2017-01-31 18:45:00,9.14,77.92,1229.0670156003907,0.0,1350,868,0.0,8986395.0,706217912,0
3RIMG_31JAN2017_1345_L2C_INS_V01R00.h5,31JAN,2017-01-31 13:45:00,2017-01-31 19:15:00,9.14,77.92,1229.0670156003907,0.0,1350,868,0.0,8986425.0,-465709128,0
3RIMG_31JAN2017_1415_L2C_INS_V01R00.h5,31JAN,2017-01-31 14:15:00,2017-01-31 19:45:00,9.14,77.92,1229.0670156003907,0.0,1350,868,0.0,8986455.0,2068420536,0
3RIMG_31JAN2017_1445_L2C_INS_V01R00.h5,31JAN,2017-01-31 14:45:00,2017-01-31 20:15:00,9.14,77.92,1229.0670156003907,0.0,1350,868,0.0,8986485.0,1025243064,0
3RIMG_31JAN2017_1515_L2C_INS_V01R00.h5,31JAN,2017-01-31 15:15:00,2017-01-31 20:45:00,9.14,77.92,1229.0670156003907,0.0,1350,868,0.0,8986515.0,1414498232,0
3RIMG_31JAN2017_1545_L2C_INS_V01R00.h5,31JAN,2017-01-31 15:45:00,2017-01-31 21:15:00,9.14,77.92,1229.0670156003907,0.0,1350,868,0.0,8986545.0,1539778488,0
3RIMG_31JAN2017_1615_L2C_INS_V01R00.h5,31JAN,2017-01-31 16:15:00,2017-01-31 21:45:00,9.14,77.92,1229.0670156003907,0.0,1350,868,0.0,8986575.0,580200376,0
3RIMG_31JAN2017_1645_L2C_INS_V01R00.h5,31JAN,2017-01-31 16:45:00,2017-01-31 22:15:00,9.14,77.92,1229.0670156003907,0.0,1350,868,0.0,8986605.0,915142584,0
3RIMG_31JAN2017_1715_L2C_INS_V01R00.h5,31JAN,2017-01-31 17:15:00,2017-01-31 22:45:00,9.14,77.92,1229.0670156003907,0.0,1350,868,0.0,8986635.0,-84977736,0
3RIMG_31JAN2017_1745_L2C_INS_V01R00.h5,31JAN,2017-01-31 17:45:00,2017-01-31 23:15:00,9.14,77.92,1229.0670156003907,0.0,1350,868,0.0,8986665.0,1488316344,0
3RIMG_31JAN2017_1815_L2C_INS_V01R00.h5,31JAN,2017-01-31 18:15:00,2017-01-31 23:45:00,9.14,77.92,1229.0670156003907,0.0,1350,868,0.0,8986695.0,1259517880,0
3RIMG_31JAN2017_1945_L2C_INS_V01R00.h5,31JAN,2017-01-31 19:45:00,2017-02-01 01:15:00,9.14,77.92,1229.0670156003907,0.0,1350,868,0.0,8986785.0,613255096,0
3RIMG_31JAN2017_2015_L2C_INS_V01R00.h5,31JAN,2017-01-31 20:15:00,2017-02-01 01:45:00,9.14,77.92,1229.0670156003907,0.0,1350,868,0.0,8986815.0,561670072,0
3RIMG_31JAN2017_2045_L2C_INS_V01R00.h5,31JAN,2017-01-31 20:45:00,2017-02-01 02:15:00,9.14,77.92,1229.0670156003907,0.0,1350,868,0.0,8986845.0,1635313592,0
3RIMG_31JAN2017_2115_L2C_INS_V01R00.h5,31JAN,2017-01-31 21:15:00,2017-02-01 02:45:00,9.14,77.92,1229.0670156003907,0.0,1350,868,0.0,8986875.0,395401144,0
3RIMG_31JAN2017_2145_L2C_INS_V01R00.h5,31JAN,2017-01-31 21:45:00,2017-02-01 03:15:00,9.14,77.92,1229.0670156003907,0.0,1350,868,0.0,8986905.0,130758584,0
3RIMG_31JAN2017_2215_L2C_INS_V01R00.h5,31JAN,2017-01-31 22:15:00,2017-02-01 03:45:00,9.14,77.92,1229.0670156003907,0.0,1350,868,0.0,8986935.0,-1523411016,0
3RIMG_31JAN2017_2245_L2C_INS_V01R00.h5,31JAN,2017-01-31 22:45:00,2017-02-01 04:15:00,9.14,77.92,1229.0670156003907,0.0,1350,868,0.0,8986965.0,1587476408,0
