datetime,tcc,lcc,mcc,hcc,temperature_2m,relative_humidity_2m,dew_point_2m,surface_pressure,wind_gusts_10m,u10,v10
2018-01-01 00:00:00,0.22,0.21,0.09,0.0,24.4,77.0,20.1,1002.9,5.0,-3.5514757175273243e-16,2.9
2018-01-01 01:00:00,0.29,0.28,0.11,0.0,24.0,79.0,20.2,1002.2,4.3,-1.4499999999999997,2.511473670974872
2018-01-01 02:00:00,0.22,0.21,0.13,0.0,23.8,81.0,20.3,1001.7,4.0,-2.475670171853926,0.3479327524001634
2018-01-01 03:00:00,0.16,0.1,0.11,0.03,23.5,82.0,20.2,1001.2,4.0,-2.1554976886431088,-1.4539015490239418
2018-01-01 04:00:00,0.39,0.05,0.11,0.31,23.5,82.0,20.1,1001.2,9.0,-3.6133052743378347,-4.012982057577929
2018-01-01 05:00:00,0.38,0.02,0.03,0.74,23.3,81.0,19.8,1001.0,9.4,-3.9597979746446654,-3.9597979746446663
2018-01-01 06:00:00,0.79,0.03,0.02,0.78,23.1,81.0,19.8,1001.2,10.4,-2.1631599146222276,-3.600102662948872
2018-01-01 07:00:00,0.13,0.03,0.02,0.1,24.5,74.0,19.6,1002.1,13.7,-1.4171916423663495,-6.1385314081469815
2018-01-01 08:00:00,0.2,0.03,0.01,0.17,26.7,63.0,19.2,1003.2,20.5,-1.754618223882147,-7.6000865053248345
2018-01-01 09:00:00,0.41,0.02,0.01,0.4,28.9,52.0,18.1,1003.6,22.3,-2.474317973874391,-7.185941174554808
2018-01-01 10:00:00,0.6,0.25,0.01,0.47,30.9,44.0,17.2,1003.0,23.0,-0.6794350112397476,-6.4643923198937765
2018-01-01 11:00:00,0.18,0.15,0.16,0.02,32.8,38.0,16.5,1002.0,22.3,2.1490212066910064,-5.062776693988422
2018-01-01 12:00:00,0.38,0.23,0.34,0.05,33.8,35.0,16.0,1000.7,22.0,5.385980316439455,-2.8637765329939313
2018-01-01 13:00:00,0.43,0.0,0.34,0.13,34.5,33.0,15.6,999.5,23.8,7.600086505324834,1.7546182238821488
2018-01-01 14:00:00,0.92,0.0,0.92,0.06,34.6,31.0,15.1,998.3,26.3,4.993539088537271,9.008582983535778
2018-01-01 15:00:00,0.52,0.04,0.51,0.03,32.7,39.0,16.8,997.7,32.4,-8.38744113923142,12.915526746359529
2018-01-01 16:00:00,0.41,0.05,0.41,0.0,31.6,46.0,18.6,997.6,35.6,-11.509436805418417,11.114533927343958
2018-01-01 17:00:00,0.41,0.12,0.83,0.0,29.8,53.0,19.2,998.2,33.5,-9.729956520390996,14.425253762457723
2018-01-01 18:00:00,0.49,0.07,0.48,0.01,28.0,62.0,20.1,998.6,33.8,-10.102897498940623,8.181165083647885
2018-01-01 19:00:00,0.3,0.04,0.3,0.0,26.7,70.0,20.9,999.8,27.0,-9.72521718642596,10.070757204741119
2018-01-01 20:00:00,0.14,0.05,0.14,0.0,26.0,74.0,21.0,1001.2,26.3,-4.993539088537273,9.008582983535776
2018-01-01 21:00:00,0.15,0.14,0.06,0.0,25.7,76.0,21.2,1002.0,19.8,-2.224922359499622,6.8476069173251055
2018-01-01 22:00:00,0.19,0.18,0.03,0.0,25.4,78.0,21.3,1002.4,13.7,-2.1976149610516376,4.7128004925905795
2018-01-01 23:00:00,0.23,0.23,0.02,0.0,25.1,80.0,21.5,1002.1,9.7,-0.6883116461770163,4.345828698618606
2018-01-02 00:00:00,0.25,0.25,0.02,0.0,24.8,82.0,21.5,1001.8,8.6,1.1110124779463997,3.6339580726595346
2018-01-02 01:00:00,0.26,0.26,0.02,0.0,24.4,84.0,21.6,1001.2,6.8,1.414213562373095,1.4142135623730954
2018-01-02 02:00:00,0.36,0.36,0.03,0.0,24.2,85.0,21.5,1000.6,4.0,0.7107390870623796,-2.1874299874788528
2018-01-02 03:00:00,0.13,0.13,0.02,0.0,24.0,85.0,21.5,1000.1,7.2,1.4235782507653005,-3.197409101749103
2018-01-02 04:00:00,0.06,0.06,0.04,0.0,23.5,88.0,21.4,1000.2,6.8,0.7059932828932153,-3.632020578756357
2018-01-02 05:00:00,0.18,0.12,0.03,0.0,23.6,89.0,21.6,1000.1,6.1,-0.3449439287832564,-3.2819222547153015
2018-01-02 06:00:00,0.49,0.1,0.04,0.42,23.9,87.0,21.6,1000.6,7.6,-1.45276959916655,-2.8512208774027776
2018-01-02 07:00:00,0.48,0.07,0.05,0.44,24.9,81.0,21.4,1001.6,12.6,-2.4881992827652213,-4.679622242152313
2018-01-02 08:00:00,0.42,0.19,0.03,0.28,26.9,70.0,21.0,1002.8,17.3,-2.542346798541462,-4.98963653545486
2018-01-02 09:00:00,0.48,0.16,0.07,0.42,28.9,58.0,19.9,1003.0,18.0,-2.180852323535913,-3.233246532964663
2018-01-02 10:00:00,0.77,0.1,0.21,0.7,30.8,50.0,19.1,1002.9,17.3,-1.4256104387013888,-0.7263847995832751
2018-01-02 11:00:00,0.85,0.09,0.24,0.8,31.9,45.0,18.5,1002.1,16.9,1.4474368994146265,1.7874357113510326
2018-01-02 12:00:00,0.83,0.14,0.17,0.79,32.9,41.0,17.9,1001.1,22.0,4.989636535454859,2.542346798541463
2018-01-02 13:00:00,0.87,0.04,0.24,0.83,33.9,36.0,16.9,999.7,23.4,5.702441754805554,2.9055391983331007
2018-01-02 14:00:00,0.64,0.0,0.28,0.5,34.1,35.0,16.4,998.5,23.8,4.989636535454859,2.542346798541463
2018-01-02 15:00:00,0.43,0.0,0.39,0.08,33.5,35.0,15.9,997.9,20.5,-5.265981236333618e-16,4.3
2018-01-02 16:00:00,0.81,0.05,0.42,0.68,30.6,50.0,19.0,998.1,36.7,-8.779118224096155,16.511119986461935
2018-01-02 17:00:00,0.88,0.1,0.45,0.82,28.8,58.0,19.8,999.1,40.7,-11.172287142747452,11.17228714274745
2018-01-02 18:00:00,0.87,0.05,0.29,0.82,27.2,65.0,20.1,999.9,31.7,-8.934335834845593,12.2970583144992
2018-01-02 19:00:00,0.87,0.14,0.27,0.83,26.5,69.0,20.4,1001.0,29.2,-6.464445490919413,8.27411291287058
2018-01-02 20:00:00,0.47,0.22,0.47,0.0,26.1,74.0,21.1,1002.1,19.4,-4.971631089293716,6.139453095510071
2018-01-02 21:00:00,0.56,0.1,0.55,0.0,26.0,76.0,21.5,1002.8,15.5,-2.4724035165450204,6.119413440140796
2018-01-02 22:00:00,0.45,0.11,0.44,0.0,25.9,78.0,21.8,1003.3,13.3,-0.7097828148963331,5.050367150582009
2018-01-02 23:00:00,0.31,0.22,0.28,0.0,25.6,79.0,21.8,1003.1,10.4,0.3479327524001638,2.475670171853926
2018-01-03 00:00:00,1.0,1.0,0.36,0.0,25.4,81.0,21.8,1002.8,5.8,2.9108871788279895,0.7257656867990033
2018-01-03 01:00:00,0.27,0.1,0.27,0.0,25.1,81.0,21.7,1001.9,8.3,3.985826051935203,-2.490620541896062
2018-01-03 02:00:00,0.28,0.05,0.27,0.0,24.6,81.0,21.2,1001.3,10.8,4.31335136523794,-4.3133513652379385
2018-01-03 03:00:00,0.21,0.01,0.21,0.0,24.4,80.0,20.6,1000.8,10.8,3.5748714227020653,-2.894873798829252
2018-01-03 04:00:00,0.1,0.01,0.1,0.0,24.0,81.0,20.5,1000.9,8.3,1.050657780874822,-3.233592155403522
2018-01-03 05:00:00,0.04,0.08,0.02,0.0,24.0,84.0,21.0,1001.2,6.5,-0.7352419856890852,-4.6421352007971475
2018-01-03 06:00:00,0.07,0.07,0.02,0.0,24.2,83.0,21.2,1002.0,10.8,-2.1727182418122895,-5.377666356487367
2018-01-03 07:00:00,0.07,0.07,0.02,0.0,25.4,77.0,21.0,1002.8,16.9,-3.221616703376843,-7.973781149274371
2018-01-03 08:00:00,0.12,0.11,0.02,0.0,27.1,66.0,20.1,1003.8,24.5,-4.734408385322037,-9.706975700031006
2018-01-03 09:00:00,0.36,0.35,0.05,0.0,29.4,53.0,19.0,1004.1,26.6,-5.3999999999999995,-9.353074360871938
2018-01-03 10:00:00,0.41,0.38,0.23,0.0,30.9,48.0,18.5,1003.9,26.6,-5.717242719944458,-7.587037345449282
2018-01-03 11:00:00,0.58,0.56,0.22,0.0,31.5,45.0,18.0,1003.2,26.3,-5.048424097670398,-6.461688179575119
2018-01-03 12:00:00,0.41,0.19,0.4,0.0,32.5,41.0,17.5,1002.1,23.8,-3.93816119035957,-5.420413862312148
2018-01-03 13:00:00,0.19,0.0,0.19,0.0,33.4,37.0,16.8,1000.9,22.0,-3.9597979746446654,-3.9597979746446663
2018-01-03 14:00:00,0.21,0.0,0.21,0.0,33.8,36.0,16.5,999.9,20.5,-1.7998053071223097,-2.1449244407331385
2018-01-03 15:00:00,0.26,0.01,0.26,0.0,33.5,36.0,16.2,999.4,16.9,-2.878383839759834,0.35342109587492737
2018-01-03 16:00:00,0.44,0.0,0.44,0.0,32.6,38.0,16.4,999.5,19.4,-6.466493065929326,4.361704647071824
2018-01-03 17:00:00,0.48,0.06,0.38,0.0,30.0,53.0,19.5,1000.2,30.6,-9.604319015080272,12.292967756264861
2018-01-03 18:00:00,0.29,0.06,0.28,0.0,28.8,59.0,19.9,1000.8,31.0,-8.680826802091783,11.110951625854778
2018-01-03 19:00:00,0.34,0.11,0.34,0.0,27.5,67.0,20.9,1001.9,26.6,-7.979380812731233,8.556838308944293
2018-01-03 20:00:00,0.7,0.13,0.69,0.0,27.1,69.0,21.0,1003.3,21.6,-7.59396739791272,2.1775351109542926
2018-01-03 21:00:00,0.44,0.15,0.42,0.0,26.8,71.0,21.0,1004.2,15.5,-6.790680836331102,0.35588450245201814
2018-01-03 22:00:00,0.75,0.69,0.47,0.0,26.1,74.0,21.1,1004.9,13.7,-0.7423384793347545,-3.2154212137912763
2018-01-03 23:00:00,0.73,0.67,0.65,0.0,24.6,79.0,20.7,1005.1,12.2,4.0,7.347880794884119e-16
2018-01-04 00:00:00,0.61,0.49,0.5,0.0,24.0,87.0,21.7,1005.1,13.3,3.550000000000003,-6.148780366869512
2018-01-04 01:00:00,0.59,0.13,0.58,0.0,23.5,90.0,21.8,1004.2,13.7,3.2095339943541727,-3.96344440343055
2018-01-04 02:00:00,0.76,0.34,0.41,0.57,23.5,90.0,21.9,1003.7,10.1,2.181643291108516,-3.9357886821272814
2018-01-04 03:00:00,0.95,0.48,0.78,0.77,23.6,88.0,21.5,1002.9,10.1,2.1490212066910064,-5.062776693988422
2018-01-04 04:00:00,0.83,0.37,0.8,0.12,23.8,87.0,21.5,1003.1,11.9,1.4553818357243191,-6.847033205136639
2018-01-04 05:00:00,1.0,0.5,0.17,0.0,23.5,84.0,20.8,1003.0,14.4,0.6794350112397471,-6.4643923198937765
2018-01-04 06:00:00,0.82,0.5,0.17,0.64,23.8,83.0,20.7,1003.6,13.3,2.101315561749644,-6.467184310807044
2018-01-04 07:00:00,0.43,0.38,0.26,0.03,24.8,77.0,20.5,1004.5,16.9,-1.060263287624783,-8.6351515192795
2018-01-04 08:00:00,0.33,0.18,0.29,0.0,26.1,69.0,20.0,1005.5,30.2,-6.212488447588282,-13.322724469438754
2018-01-04 09:00:00,0.55,0.25,0.16,0.48,28.0,56.0,18.5,1005.8,32.0,-6.901231972952594,-12.979329615026225
2018-01-04 10:00:00,0.61,0.22,0.06,0.5,29.7,47.0,17.3,1005.6,34.6,-7.499999999999999,-12.99038105676658
2018-01-04 11:00:00,0.4,0.1,0.05,0.33,31.7,39.0,16.2,1004.9,35.3,-9.29648827741744,-11.8989623794615
2018-01-04 12:00:00,0.97,0.96,0.39,0.0,33.0,35.0,15.4,1003.6,35.3,-7.206901993571586,-11.533454107727392
2018-01-04 13:00:00,0.26,0.0,0.26,0.0,33.2,32.0,14.3,1002.2,32.8,-2.0988989491419927,-10.797899017924303
2018-01-04 14:00:00,0.63,0.0,0.63,0.0,33.7,29.0,12.9,1000.9,27.7,-6.095202647831141,-9.036509540849956
2018-01-04 15:00:00,0.94,0.0,0.94,0.05,33.1,31.0,13.6,1000.2,29.9,-9.00237835282498,-9.65386886137305
2018-01-04 16:00:00,0.71,0.0,0.71,0.0,31.8,36.0,14.8,1000.1,34.2,-11.107568065557048,-12.336204102924745
2018-01-04 17:00:00,0.15,0.02,0.1,0.01,30.7,40.0,15.6,1000.5,34.6,-16.15094137840159,-6.199765527133697
2018-01-04 18:00:00,0.2,0.16,0.19,0.0,28.5,52.0,17.7,1000.9,32.4,-17.29736512620557,0.30192663136500414
2018-01-04 19:00:00,0.54,0.22,0.01,0.41,26.1,68.0,19.7,1002.0,35.6,-14.397806810252035,0.2513146526968821
2018-01-04 20:00:00,0.18,0.17,0.05,0.01,26.0,68.0,19.7,1002.9,25.9,-11.485038046337667,2.232465245905574
2018-01-04 21:00:00,0.56,0.21,0.36,0.32,25.5,69.0,19.5,1003.9,21.2,-9.394273773979501,0.328055269003509
2018-01-04 22:00:00,0.87,0.16,0.43,0.78,25.4,70.0,19.4,1004.5,16.9,-7.893769085249775,-2.564841053312064
2018-01-04 23:00:00,0.89,0.17,0.43,0.81,24.9,70.0,18.9,1004.5,15.1,-5.043268823083022,-3.9402334420842133
2018-01-05 00:00:00,0.89,0.17,0.34,0.82,24.6,66.0,17.9,1004.1,11.5,-3.2678342100901627,-5.032023407672544
2018-01-05 01:00:00,0.87,0.19,0.14,0.83,23.9,65.0,16.8,1003.5,10.8,-0.3278554265973889,-4.688551036221174
2018-01-05 02:00:00,0.87,0.19,0.07,0.84,23.5,62.0,15.8,1003.0,10.4,1.7542302283364228,-5.7378285357782115
2018-01-05 03:00:00,0.79,0.21,0.12,0.74,23.4,61.0,15.4,1002.7,12.6,1.7902220274375422,-7.180188374442374
2018-01-05 04:00:00,0.3,0.29,0.14,0.0,23.1,64.0,16.0,1002.8,14.0,0.6972459419812665,-7.969557584733964
2018-01-05 05:00:00,0.32,0.22,0.06,0.01,22.6,70.0,16.9,1003.3,15.1,-1.458644692402215,-8.272385125302547
2018-01-05 06:00:00,0.68,0.25,0.07,0.58,22.8,73.0,17.8,1003.8,18.0,-2.1414904154229215,-10.0749202875582
2018-01-05 07:00:00,0.61,0.21,0.04,0.51,23.4,74.0,18.5,1004.9,22.0,-3.19739332747719,-11.1506356728845
2018-01-05 08:00:00,0.51,0.19,0.02,0.44,25.1,65.0,18.0,1005.3,27.7,-6.489479743866682,-10.800307988846615
2018-01-05 09:00:00,0.39,0.22,0.02,0.22,27.0,54.0,17.0,1005.5,30.2,-7.582429754572904,-10.436319227436822
2018-01-05 10:00:00,0.22,0.14,0.01,0.09,28.9,45.0,15.6,1005.1,32.4,-7.85799717800933,-11.222383006759188
2018-01-05 11:00:00,0.6,0.51,0.56,0.08,31.0,36.0,14.4,1004.2,35.3,-6.809857496093202,-13.365097862825518
2018-01-05 12:00:00,0.99,0.0,0.91,0.89,31.8,33.0,13.4,1003.0,35.6,-6.043441142892003,-12.960201354624095
2018-01-05 13:00:00,1.0,0.0,0.81,0.98,32.5,29.0,12.4,1001.2,33.8,-8.93433583484559,-12.2970583144992
2018-01-05 14:00:00,0.95,0.0,0.63,0.87,33.0,28.0,12.2,1000.1,40.3,-12.020128301138284,-14.325031086324888
2018-01-05 15:00:00,0.77,0.0,0.0,0.77,32.0,31.0,12.9,999.2,41.4,-14.095217753389194,-11.827292018232324
2018-01-05 16:00:00,0.78,0.0,0.0,0.78,31.7,32.0,12.9,999.1,39.2,-10.132058295902382,-12.512049979457233
2018-01-05 17:00:00,0.58,0.0,0.0,0.81,30.5,36.0,13.6,999.3,33.5,-11.149766905249091,-10.767204742114458
2018-01-05 18:00:00,0.84,0.0,0.0,0.84,28.8,39.0,13.4,999.9,29.2,-10.800307988846615,-6.489479743866682
2018-01-05 19:00:00,0.06,0.0,0.0,0.06,26.2,53.0,15.9,1000.7,34.2,-19.42579661278904,1.6995369835793357
2018-01-05 20:00:00,0.01,0.0,0.0,0.01,24.6,62.0,17.0,1001.8,35.6,-13.691654330161612,0.47812310482426307
2018-01-05 21:00:00,0.06,0.0,0.01,0.05,24.1,65.0,17.1,1003.0,25.9,-12.60533612584479,1.5477406612453715
2018-01-05 22:00:00,0.26,0.0,0.02,0.24,23.7,67.0,17.1,1003.3,22.7,-5.34744757120448,-0.7515347451843536
2018-01-05 23:00:00,0.97,0.12,0.12,0.96,23.0,70.0,17.1,1003.5,8.6,2.138415658052083,-1.089577199374912
2018-01-06 00:00:00,0.96,0.21,0.26,0.94,23.0,70.0,17.2,1003.4,7.6,3.5640260967534716,-1.8159619989581866
2018-01-06 01:00:00,1.0,0.28,0.83,0.99,23.0,69.0,17.1,1002.7,8.3,2.5237363199446046,-3.604268994871563
2018-01-06 02:00:00,0.82,0.24,0.58,0.56,23.2,67.0,16.7,1002.3,11.2,2.1161930039715187,-6.1458707413955596
2018-01-06 03:00:00,0.57,0.21,0.54,0.0,22.9,66.0,16.1,1001.9,11.9,2.8738041798367546,-6.16289295184922
2018-01-06 04:00:00,0.6,0.59,0.47,0.0,22.9,65.0,15.9,1002.3,11.9,0.31924933308196063,-6.0916401620029
2018-01-06 05:00:00,0.42,0.21,0.08,0.0,21.8,66.0,15.1,1002.5,13.0,1.4940690949597709e-15,-6.1
2018-01-06 06:00:00,0.15,0.14,0.06,0.0,22.2,64.0,15.1,1003.1,14.4,0.6972459419812665,-7.969557584733964
2018-01-06 07:00:00,0.1,0.1,0.05,0.0,23.0,63.0,15.6,1004.0,18.0,0.7844016847289249,-8.96575228282571
2018-01-06 08:00:00,0.39,0.02,0.04,0.36,24.9,59.0,16.3,1004.9,25.2,-2.4969567032169016,-10.81550771911611
2018-01-06 09:00:00,0.35,0.09,0.02,0.29,27.0,50.0,15.8,1005.2,27.7,-6.094071538681856,-9.7525531057989
2018-01-06 10:00:00,0.41,0.39,0.1,0.03,29.1,42.0,14.8,1004.9,30.6,-7.288537128426667,-10.031810730249349
2018-01-06 11:00:00,0.23,0.22,0.14,0.0,30.6,37.0,14.1,1004.0,30.6,-5.351975815759156,-10.065602558591769
2018-01-06 12:00:00,0.47,0.0,0.28,0.27,31.8,32.0,13.1,1002.8,29.5,-5.3813867847343415,-9.708278749247292
2018-01-06 13:00:00,0.89,0.0,0.0,0.89,32.6,28.0,11.9,1001.1,29.2,-6.490566881680924,-7.208504807130724
2018-01-06 14:00:00,0.46,0.0,0.09,0.42,33.2,26.0,11.1,999.9,27.4,-5.777694242791447,-5.387787044493738
2018-01-06 15:00:00,0.01,0.0,0.01,0.0,33.0,25.0,10.4,999.1,24.1,-4.64926344627966,-3.6324027044213842
2018-01-06 16:00:00,0.02,0.0,0.02,0.0,32.8,25.0,10.1,998.9,20.2,-4.658019105832602,-5.358438019581681
2018-01-06 17:00:00,0.09,0.0,0.43,0.0,31.8,27.0,10.4,999.2,20.5,-2.891410350820626,-6.811735915548059
2018-01-06 18:00:00,0.11,0.0,0.11,0.0,28.8,36.0,12.4,1000.0,20.9,-9.367828489024019,10.404027556683516
2018-01-06 19:00:00,0.11,0.0,0.11,0.0,25.9,55.0,16.1,1001.5,34.9,-12.976767928311105,4.981314498679674
2018-01-06 20:00:00,0.08,0.0,0.08,0.0,25.2,60.0,17.0,1002.8,25.2,-7.149742845404133,5.789747597658502
2018-01-06 21:00:00,0.16,0.01,0.16,0.0,24.4,64.0,17.1,1003.6,17.3,-5.0463405411722775,4.705788684431239
2018-01-06 22:00:00,0.16,0.06,0.15,0.0,23.9,66.0,17.1,1003.6,13.3,-5.791600382341218,1.1257730727216144
2018-01-06 23:00:00,0.08,0.04,0.07,0.03,23.1,69.0,17.2,1003.7,9.7,1.4554435894139948,0.36288284339950166
2018-01-07 00:00:00,0.7,0.0,0.0,0.7,22.5,72.0,17.2,1003.4,4.0,1.7874357113510322,1.447436899414627
2018-01-07 01:00:00,0.5,0.0,0.0,0.5,22.9,70.0,17.1,1002.8,4.0,1.0606601717798212,1.0606601717798214
2018-01-07 02:00:00,0.01,0.01,0.0,0.0,22.4,72.0,17.1,1002.4,2.2,-0.710739087062379,-2.1874299874788528
2018-01-07 03:00:00,0.0,0.0,0.0,0.0,21.6,76.0,17.1,1002.0,7.6,1.4333142502483947,-4.998560818879258
2018-01-07 04:00:00,0.0,0.0,0.0,0.0,21.6,73.0,16.7,1002.0,14.4,-1.0237024846032388,-8.337387673787106
2018-01-07 05:00:00,0.0,0.0,0.0,0.0,21.3,78.0,17.4,1002.5,14.4,-1.392905666248777,-7.165878439167947
2018-01-07 06:00:00,0.0,0.0,0.0,0.0,21.7,74.0,17.0,1003.2,14.0,-3.603450996785793,-5.766727053863696
2018-01-07 07:00:00,0.0,0.0,0.0,0.0,23.0,67.0,16.5,1004.1,16.9,-4.326319829244455,-7.200205325897744
2018-01-07 08:00:00,0.0,0.0,0.0,0.0,25.1,55.0,15.6,1005.4,25.9,-6.538771374401925,-9.338333304894507
2018-01-07 09:00:00,0.0,0.0,0.0,0.0,27.2,47.0,15.1,1005.9,28.1,-7.23718449707313,-8.937178556755166
2018-01-07 10:00:00,0.01,0.01,0.0,0.0,29.0,42.0,14.6,1005.2,28.4,-5.815606196095768,-8.621990754572435
2018-01-07 11:00:00,0.35,0.01,0.0,0.34,30.6,37.0,14.4,1004.3,27.7,-4.366085533908785,-8.211412613588022
2018-01-07 12:00:00,0.87,0.08,0.0,0.86,32.0,33.0,13.9,1002.9,28.4,-3.9854575105905923,-9.389149505214892
2018-01-07 13:00:00,0.92,0.01,0.15,0.91,32.9,30.0,13.0,1001.0,28.8,-4.403707847473604,-8.642763284627168
2018-01-07 14:00:00,0.36,0.0,0.27,0.13,34.0,27.0,12.1,999.9,27.4,-4.29234604028896,-6.86918957886705
2018-01-07 15:00:00,0.66,0.0,0.66,0.0,33.7,25.0,10.9,999.1,24.5,-3.990508283680072,-7.505054539300879
2018-01-07 16:00:00,0.25,0.0,0.25,0.0,33.2,26.0,11.0,999.2,28.4,-5.040431557511631,-11.874512609536481
2018-01-07 17:00:00,0.29,0.0,0.02,0.0,31.9,27.0,10.7,999.8,28.4,-7.212489168102784,-7.212489168102785
2018-01-07 18:00:00,0.15,0.0,0.15,0.0,28.6,34.0,11.4,1000.3,18.7,-5.0159053651246746,3.644268564213333
2018-01-07 19:00:00,0.01,0.0,0.01,0.0,26.2,58.0,17.4,1001.8,28.4,-12.91552674635953,8.387441139231418
2018-01-07 20:00:00,0.52,0.0,0.02,0.51,25.2,64.0,17.9,1002.8,28.1,-10.400704331592486,3.581249699028723
2018-01-07 21:00:00,0.9,0.0,0.12,0.88,24.4,70.0,18.5,1003.9,19.8,-7.893769085249776,2.564841053312063
2018-01-07 22:00:00,0.76,0.02,0.09,0.73,23.8,73.0,18.6,1004.4,14.8,-3.632020578756357,-0.7059932828932162
2018-01-07 23:00:00,0.11,0.11,0.06,0.0,23.5,74.0,18.6,1004.1,6.1,-1.45276959916655,-2.8512208774027776
2018-01-08 00:00:00,0.09,0.09,0.02,0.0,23.1,74.0,18.2,1003.8,8.6,-2.197614961051637,-4.7128004925905795
2018-01-08 01:00:00,0.03,0.03,0.0,0.0,22.5,71.0,17.0,1003.2,10.4,-1.0766187015349682,-6.10580806867569
2018-01-08 02:00:00,0.01,0.01,0.0,0.0,22.0,62.0,14.4,1002.8,12.2,0.37681888494919946,-7.190132650232932
2018-01-08 03:00:00,0.0,0.0,0.0,0.0,21.7,59.0,13.3,1002.4,13.7,1.934941942652818e-15,-7.9
2018-01-08 04:00:00,0.07,0.0,0.0,0.07,21.4,61.0,13.6,1002.7,13.7,0.6623836448822031,-7.571079705497266
2018-01-08 05:00:00,0.01,0.0,0.0,0.01,21.2,67.0,14.8,1002.8,15.1,0.30013567164150706,-8.594761112364223
2018-01-08 06:00:00,0.04,0.04,0.0,0.0,21.2,69.0,15.3,1003.6,15.8,1.376623292354034,-8.691657397237211
2018-01-08 07:00:00,0.05,0.05,0.0,0.0,22.6,64.0,15.5,1004.6,19.1,0.35248491669525833,-10.093847352892867
2018-01-08 08:00:00,0.04,0.04,0.0,0.0,24.6,61.0,16.5,1005.5,31.3,-3.6772128131149495,-14.748495039395145
2018-01-08 09:00:00,0.05,0.05,0.0,0.0,26.7,51.0,15.6,1005.8,35.6,-6.106087472679366,-15.113096829438636
2018-01-08 10:00:00,0.02,0.02,0.0,0.0,28.8,40.0,13.8,1005.5,36.0,-7.98309016110584,-13.286093160882741
2018-01-08 11:00:00,0.27,0.0,0.0,0.27,30.5,34.0,12.8,1004.8,36.7,-8.723409294143652,-12.932986131858652
2018-01-08 12:00:00,0.01,0.01,0.0,0.0,31.9,30.0,12.2,1003.6,36.7,-8.387441139231417,-12.91552674635953
2018-01-08 13:00:00,0.26,0.0,0.01,0.25,32.7,28.0,11.9,1002.2,36.7,-8.93433583484559,-12.2970583144992
2018-01-08 14:00:00,0.13,0.0,0.13,0.0,33.0,27.0,11.6,1001.3,36.0,-9.313941787537594,-11.50176022956317
2018-01-08 15:00:00,0.45,0.0,0.27,0.25,32.8,27.0,11.1,1000.6,34.9,-8.999281592012675,-11.113187248834684
2018-01-08 16:00:00,0.11,0.0,0.11,0.0,32.5,26.0,10.4,1000.3,32.0,-9.351417404402465,-9.030558815966964
2018-01-08 17:00:00,0.0,0.0,0.0,0.41,30.5,31.0,11.5,1001.0,29.2,-18.00051331474436,-10.815799573111137
2018-01-08 18:00:00,0.39,0.0,0.02,0.38,29.0,34.0,11.4,1001.4,39.2,-16.494801724067027,-7.6916523636807295
2018-01-08 19:00:00,0.05,0.0,0.03,0.02,27.3,43.0,13.5,1002.7,33.5,-14.391919198799169,-1.7671054793746386
2018-01-08 20:00:00,0.01,0.0,0.0,0.0,25.4,61.0,17.4,1003.7,26.6,-14.420249772689012,-2.2839431895873714
2018-01-08 21:00:00,0.0,0.0,0.0,0.0,25.0,62.0,17.1,1004.4,28.4,-14.75317414633876,-5.369716250213
2018-01-08 22:00:00,0.0,0.0,0.0,0.0,24.5,61.0,16.6,1004.7,28.8,-12.297560733739028,-7.100000000000001
2018-01-08 23:00:00,0.7,0.0,0.0,0.7,23.8,64.0,16.5,1004.8,25.2,-6.772276228582241,-8.668118289673941
2018-01-09 00:00:00,0.14,0.0,0.0,0.14,23.1,66.0,16.5,1004.6,19.1,-3.2833933759264196,-9.02104915954472
2018-01-09 01:00:00,0.12,0.0,0.0,0.12,22.8,69.0,16.8,1004.1,16.9,-1.7672493719509543,-8.314254606237348
2018-01-09 02:00:00,0.02,0.0,0.0,0.02,22.5,71.0,17.0,1003.8,15.1,1.934941942652818e-15,-7.9
2018-01-09 03:00:00,0.0,0.0,0.0,0.0,22.1,74.0,17.1,1003.6,14.0,0.6972459419812665,-7.969557584733964
2018-01-09 04:00:00,0.0,0.0,0.0,0.0,21.7,76.0,17.4,1003.7,14.4,0.6972459419812665,-7.969557584733964
2018-01-09 05:00:00,0.0,0.02,0.0,0.0,21.6,80.0,18.0,1004.0,13.7,-1.0324674692655236,-6.518743047927909
2018-01-09 06:00:00,0.47,0.03,0.0,0.45,21.9,77.0,17.6,1004.9,12.6,-2.192787785420526,-7.172285669722766
2018-01-09 07:00:00,0.52,0.05,0.0,0.49,23.2,68.0,17.0,1005.8,17.6,-0.7844016847289235,-8.96575228282571
2018-01-09 08:00:00,0.77,0.01,0.0,0.77,25.2,63.0,17.7,1007.0,29.2,-0.7170026005283305,-13.681224626137661
2018-01-09 09:00:00,0.7,0.02,0.03,0.69,27.1,54.0,17.1,1007.0,32.4,-2.9731371786939587,-13.987510690493423
2018-01-09 10:00:00,0.67,0.08,0.01,0.65,29.2,44.0,15.9,1006.7,33.1,-4.981314498679674,-12.976767928311105
2018-01-09 11:00:00,0.53,0.42,0.01,0.2,31.0,37.0,14.7,1005.9,33.1,-7.582869291715808,-10.062807426595889
2018-01-09 12:00:00,0.89,0.07,0.68,0.69,33.1,32.0,14.1,1004.3,31.7,-8.660254037844386,-5.000000000000001
2018-01-09 13:00:00,1.0,0.04,1.0,0.62,32.8,33.0,14.4,1002.9,28.1,-8.650090580795544,-5.40517649517869
2018-01-09 14:00:00,1.0,0.02,1.0,0.16,32.1,35.0,14.7,1001.6,26.6,-9.008582983535776,-4.993539088537273
2018-01-09 15:00:00,0.99,0.15,0.99,0.02,31.0,38.0,15.1,1001.2,35.6,-13.660243402032174,-11.874668424728183
2018-01-09 16:00:00,1.0,0.0,1.0,0.0,30.5,40.0,15.2,1001.4,37.1,-10.168684864659786,-13.995994002686592
2018-01-09 17:00:00,0.55,0.0,1.0,0.0,27.5,51.0,16.5,1002.4,34.6,-9.808157061602888,-14.00749995734176
2018-01-09 18:00:00,0.94,0.0,0.93,0.23,27.2,54.0,17.0,1003.1,31.7,-8.36522882181347,-11.101033589657371
2018-01-09 19:00:00,0.92,0.0,0.92,0.01,26.9,54.0,16.9,1004.1,26.3,-4.040515447681967,-7.929958065276475
2018-01-09 20:00:00,1.0,0.0,1.0,0.01,26.0,60.0,17.8,1005.5,21.6,-4.962187045524762,-11.14525458323973
2018-01-09 21:00:00,0.97,0.01,0.96,0.25,25.6,65.0,18.5,1005.8,22.3,0.7533699164365569,-10.773691742806102
2018-01-09 22:00:00,1.0,0.02,1.0,0.13,25.0,68.0,18.8,1006.1,26.6,-3.6772128131149495,-14.748495039395145
2018-01-09 23:00:00,0.69,0.5,0.6,0.15,24.8,68.0,18.6,1005.9,28.4,3.30380026336693,-10.8062437423823
2018-01-10 00:00:00,0.53,0.5,0.32,0.0,24.8,69.0,18.6,1005.4,20.5,2.159530121701107,-9.353952621938257
2018-01-10 01:00:00,0.29,0.27,0.17,0.0,24.4,70.0,18.5,1004.7,18.0,5.405176495178691,-8.650090580795544
2018-01-10 02:00:00,0.54,0.3,0.45,0.08,24.0,73.0,18.8,1004.2,18.0,3.151973342624466,-9.700776466210565
2018-01-10 03:00:00,0.83,0.78,0.3,0.53,24.2,73.0,19.1,1003.7,24.5,4.719877977894227,-12.967758166845536
2018-01-10 04:00:00,0.98,0.8,0.97,0.37,23.5,81.0,20.0,1003.5,32.8,6.405772747412102,-15.854843913092065
2018-01-10 05:00:00,0.99,0.87,0.39,0.0,24.3,76.0,19.8,1003.9,38.5,0.9835662797921715,-14.06565310866352
2018-01-10 06:00:00,0.96,0.94,0.9,0.06,24.4,76.0,19.9,1004.6,25.2,0.24433369012196984,-13.997867732189478
2018-01-10 07:00:00,0.73,0.58,0.66,0.05,24.9,73.0,19.7,1005.4,29.9,0.2827289842839937,-16.197532661533536
2018-01-10 08:00:00,0.84,0.81,0.57,0.01,25.3,72.0,19.9,1006.3,36.4,-5.747716095374022,-17.689651203089856
2018-01-10 09:00:00,1.0,1.0,0.23,0.0,25.7,73.0,20.5,1006.7,49.7,-13.13347091020638,-21.857766167903865
2018-01-10 10:00:00,1.0,1.0,0.57,0.0,25.8,74.0,20.9,1007.0,50.0,-13.673864788784053,-12.31200315700299
2018-01-10 11:00:00,0.74,0.67,0.29,0.13,27.5,66.0,20.6,1006.6,39.2,-14.309962431455345,-14.818399886976216
2018-01-10 12:00:00,0.51,0.37,0.37,0.17,29.8,58.0,20.7,1005.5,48.6,-12.821569169174971,-13.749449590440404
2018-01-10 13:00:00,0.68,0.6,0.41,0.06,30.9,55.0,20.6,1004.3,46.1,-17.1964259168355,-8.762016644973254
2018-01-10 14:00:00,0.46,0.1,0.33,0.19,31.4,51.0,20.0,1003.2,46.1,-17.309228596571792,-5.624109297624043
2018-01-10 15:00:00,0.74,0.21,0.24,0.66,31.6,48.0,19.4,1002.6,39.6,-16.54838338353567,-5.376895702124085
2018-01-10 16:00:00,0.95,0.28,0.21,0.93,29.8,55.0,19.8,1002.9,41.8,-17.394067579320858,-9.24858978688205
2018-01-10 17:00:00,0.88,0.31,0.3,0.69,28.7,59.0,20.0,1003.3,39.2,-12.972345498524932,-5.775660331676363
2018-01-10 18:00:00,0.78,0.26,0.31,0.73,27.8,64.0,20.2,1003.8,26.6,-11.874512609536481,-5.040431557511631
2018-01-10 19:00:00,0.35,0.08,0.16,0.23,27.0,68.0,20.6,1005.0,24.1,-12.291741482791117,-4.232386007943038
2018-01-10 20:00:00,0.17,0.01,0.01,0.16,26.1,74.0,21.0,1005.9,23.4,-9.00025665737218,-5.407899786555569
2018-01-10 21:00:00,0.48,0.06,0.0,0.45,25.4,78.0,21.2,1006.5,18.7,-6.143640332167439,-4.301823272632845
2018-01-10 22:00:00,0.3,0.14,0.09,0.19,24.9,81.0,21.4,1006.6,13.0,-5.0159053651246746,-3.6442685642133337
2018-01-10 23:00:00,0.65,0.21,0.18,0.55,24.5,83.0,21.5,1006.6,10.8,-3.6133052743378347,-4.012982057577929
2018-01-11 00:00:00,0.62,0.34,0.44,0.26,24.5,81.0,21.0,1006.3,10.1,-2.5357095704441965,-5.437846722219899
2018-01-11 01:00:00,0.69,0.2,0.18,0.61,24.4,80.0,20.8,1005.9,13.0,-3.2132194802988217,-7.217009115376547
2018-01-11 02:00:00,0.73,0.23,0.14,0.66,24.0,84.0,21.1,1005.6,16.2,-4.403707847473604,-8.642763284627168
2018-01-11 03:00:00,0.8,0.25,0.06,0.74,23.6,87.0,21.2,1005.2,18.4,-4.976398565530443,-9.359244484304625
2018-01-11 04:00:00,0.82,0.27,0.08,0.76,23.5,87.0,21.2,1005.2,19.4,-5.1300926470568795,-10.068373723328557
2018-01-11 05:00:00,0.73,0.23,0.2,0.83,23.6,86.0,21.1,1005.7,20.2,-4.311408416603482,-9.683581851011569
2018-01-11 06:00:00,0.34,0.24,0.15,0.12,23.7,85.0,21.1,1006.2,18.7,-2.952954217699641,-9.658678035226657
2018-01-11 07:00:00,0.83,0.19,0.03,0.8,24.5,80.0,20.9,1007.0,21.6,-3.303800263366926,-10.806243742382302
2018-01-11 08:00:00,0.93,0.51,0.07,0.87,26.7,68.0,20.3,1007.6,36.4,-8.779118224096157,-16.511119986461935
2018-01-11 09:00:00,0.92,0.81,0.08,0.89,28.6,59.0,19.8,1007.6,37.4,-9.636084130697574,-13.761754344055063
2018-01-11 10:00:00,0.93,0.57,0.07,0.86,30.1,52.0,19.3,1007.1,36.0,-10.348880515953283,-12.333315534215547
2018-01-11 11:00:00,0.79,0.24,0.06,0.73,31.8,46.0,18.6,1006.3,36.0,-10.790097005079765,-10.419875556884959
2018-01-11 12:00:00,0.64,0.23,0.15,0.53,33.2,40.0,18.0,1004.9,34.6,-10.792346997185641,-9.381644114564255
2018-01-11 13:00:00,0.44,0.35,0.26,0.31,34.2,37.0,17.2,1003.4,34.2,-11.504957002658141,-8.98865753975461
2018-01-11 14:00:00,0.43,0.0,0.42,0.1,34.2,36.0,17.0,1002.2,34.2,-11.957478155805605,-7.471861625688189
2018-01-11 15:00:00,0.59,0.0,0.51,0.21,34.2,35.0,16.5,1001.3,32.4,-12.20678938138064,-6.219669846431792
2018-01-11 16:00:00,0.64,0.0,0.43,0.5,31.8,46.0,18.6,1001.7,41.0,-20.516008134056175,-3.9879080033697885
2018-01-11 17:00:00,0.44,0.07,0.32,0.29,31.5,45.0,18.1,1002.0,41.4,-17.196374960382123,-6.25896862285974
2018-01-11 18:00:00,0.31,0.18,0.18,0.26,29.4,53.0,19.0,1002.6,34.6,-13.710019346190093,-4.720738239628773
2018-01-11 19:00:00,0.34,0.05,0.09,0.32,28.0,64.0,20.5,1003.5,25.9,-14.080676440039491,-0.7379369830255099
2018-01-11 20:00:00,0.58,0.0,0.07,0.57,27.0,72.0,21.5,1004.5,25.6,-12.972511700514572,-1.8231676225768576
2018-01-11 21:00:00,0.1,0.04,0.05,0.08,26.2,77.0,21.9,1005.2,23.4,-8.939733772226367,-2.5634274090980926
2018-01-11 22:00:00,0.33,0.05,0.07,0.28,25.7,81.0,22.2,1005.6,16.6,-6.8476069173251055,-2.224922359499622
2018-01-11 23:00:00,0.55,0.09,0.06,0.5,25.3,83.0,22.2,1005.5,13.0,-5.377666356487367,-2.1727182418122895
2018-01-12 00:00:00,0.92,0.16,0.05,0.91,24.8,86.0,22.4,1005.4,10.1,-5.421022142882375,-1.7613968679372005
2018-01-12 01:00:00,0.56,0.13,0.04,0.49,24.7,88.0,22.5,1004.9,13.0,-6.811735915548059,-2.8914103508206255
2018-01-12 02:00:00,0.46,0.2,0.03,0.33,24.3,90.0,22.5,1004.5,13.3,-6.092338390726596,-3.239353783222647
2018-01-12 03:00:00,0.74,0.7,0.06,0.12,24.1,91.0,22.5,1004.0,14.8,-5.727564927611034,-5.727564927611035
2018-01-12 04:00:00,1.0,1.0,0.1,0.0,24.0,91.0,22.4,1004.1,15.5,-4.361704647071826,-6.466493065929326
2018-01-12 05:00:00,0.95,0.99,0.06,0.0,24.2,90.0,22.4,1004.2,16.9,-4.033014550459512,-8.268905225952336
2018-01-12 06:00:00,0.94,0.94,0.08,0.0,24.5,87.0,22.1,1004.8,19.4,-3.2833933759264196,-9.02104915954472
2018-01-12 07:00:00,0.92,0.34,0.07,0.88,25.1,82.0,21.8,1005.4,21.2,-4.948496447161061,-9.71197111365321
2018-01-12 08:00:00,0.33,0.32,0.06,0.0,26.8,73.0,21.4,1005.9,29.2,-8.346550582553117,-11.488041320124253
2018-01-12 09:00:00,0.77,0.24,0.34,0.63,28.0,67.0,21.4,1006.2,31.0,-9.381644114564255,-10.792346997185641
2018-01-12 10:00:00,0.79,0.31,0.47,0.6,28.5,64.0,21.1,1006.3,33.1,-10.824034783963723,-10.093575728924979
2018-01-12 11:00:00,0.43,0.33,0.4,0.0,29.9,60.0,21.3,1005.8,33.1,-10.4833820993178,-6.807987937687838
2018-01-12 12:00:00,0.68,0.63,0.4,0.0,30.9,57.0,21.4,1004.9,31.0,-10.081199072728626,-3.275580140374443
2018-01-12 13:00:00,0.68,0.59,0.52,0.36,30.0,59.0,21.0,1003.6,30.2,-12.98218395180946,-0.6803674311582716
2018-01-12 14:00:00,0.89,0.35,0.48,0.85,28.0,71.0,22.3,1002.8,33.5,-2.5237363199446023,3.6042689948715645
2018-01-12 15:00:00,0.83,0.21,0.47,0.75,26.9,74.0,21.8,1002.8,29.9,-11.854716907291772,1.037153338697133
2018-01-12 16:00:00,0.75,0.16,0.48,0.66,28.2,68.0,21.8,1002.9,25.6,-8.987963899415753,-1.4235536318661013
2018-01-12 17:00:00,0.83,0.24,0.22,0.96,29.4,58.0,20.3,1002.4,26.3,-10.065602558591767,-5.351975815759156
2018-01-12 18:00:00,0.99,0.35,0.14,0.99,28.1,63.0,20.4,1003.2,21.2,-6.815049550106451,-1.0793978087775935
2018-01-12 19:00:00,0.99,0.23,0.14,0.99,28.0,65.0,20.8,1003.9,15.5,-7.5620014546273335,-2.902780391316933
2018-01-12 20:00:00,0.93,0.19,0.22,0.91,27.1,70.0,21.1,1004.7,14.4,-5.074340152243905,-1.8469087739586119
2018-01-12 21:00:00,0.97,0.18,0.25,0.96,26.5,74.0,21.4,1005.4,9.4,-3.9467090073008153,-1.436484601967809
2018-01-12 22:00:00,0.95,0.18,0.26,0.94,26.0,77.0,21.7,1006.1,10.1,-6.1,-3.735172737399427e-16
2018-01-12 23:00:00,0.97,0.06,0.32,0.96,25.7,81.0,22.2,1005.8,12.2,-6.8,-4.1637991171010006e-16
2018-01-13 00:00:00,0.97,0.05,0.24,0.96,25.0,85.0,22.4,1005.4,12.2,-4.667902132486009,-1.791839747726502
2018-01-13 01:00:00,0.94,0.02,0.21,0.94,24.6,87.0,22.4,1004.9,8.3,-2.8801477362331185,-3.9641832724372428
2018-01-13 02:00:00,0.98,0.02,0.16,0.97,24.2,89.0,22.2,1004.0,10.4,-2.9055391983331,-5.702441754805555
2018-01-13 03:00:00,0.96,0.04,0.16,0.95,23.8,90.0,22.1,1003.4,11.5,-2.9055391983331,-5.702441754805555
2018-01-13 04:00:00,0.88,0.07,0.1,0.86,23.8,90.0,22.0,1003.6,11.9,-0.7068421917498553,-5.756767679519667
2018-01-13 05:00:00,0.83,0.1,0.25,0.93,23.8,90.0,22.0,1003.7,12.6,-0.7555899291119144,-6.153786140176196
2018-01-13 06:00:00,0.92,0.09,0.16,0.91,23.7,89.0,21.9,1004.2,12.2,-2.5085756468171017,-6.535062985480412
2018-01-13 07:00:00,0.96,0.27,0.18,0.94,24.4,85.0,21.6,1005.5,18.0,-6.877117867544073,-7.121464023352647
2018-01-13 08:00:00,1.0,0.38,0.14,1.0,25.8,77.0,21.4,1006.2,25.9,-7.9062875991444335,-9.42234665036343
2018-01-13 09:00:00,1.0,0.59,0.04,1.0,27.4,67.0,20.8,1006.3,28.4,-7.9062875991444335,-9.42234665036343
2018-01-13 10:00:00,0.99,0.52,0.0,0.99,28.6,60.0,20.1,1006.0,29.9,-8.181165083647887,-10.10289749894062
2018-01-13 11:00:00,0.98,0.5,0.0,0.97,30.2,52.0,19.1,1005.1,32.4,-10.070757204741115,-9.725217186425962
2018-01-13 12:00:00,0.98,0.52,0.0,0.96,30.8,47.0,18.4,1004.2,32.8,-10.792346997185641,-9.381644114564255
2018-01-13 13:00:00,1.0,0.73,0.33,0.99,32.9,39.0,17.2,1002.4,36.0,-12.563128867151239,-10.541716798859245
2018-01-13 14:00:00,1.0,0.38,0.87,1.0,33.0,38.0,16.8,1001.3,37.8,-13.976121425827625,-10.531762905160845
2018-01-13 15:00:00,0.99,0.16,0.69,0.98,32.4,38.0,16.4,1000.7,37.4,-14.410293813882735,-6.719630361677122
2018-01-13 16:00:00,0.96,0.03,0.18,0.95,31.6,42.0,17.2,1001.0,34.9,-17.63609817261276,-4.071614083623955
2018-01-13 17:00:00,0.97,0.09,0.04,0.99,29.8,50.0,18.4,1001.6,36.4,-17.30271052688974,-4.961472404705985
2018-01-13 18:00:00,0.95,0.06,0.03,0.95,28.3,55.0,18.4,1001.7,33.5,-12.950531075192693,-1.1330246557195558
2018-01-13 19:00:00,0.9,0.0,0.0,0.9,27.0,66.0,20.0,1002.8,24.1,-13.291897999353974,0.46416330614326273
2018-01-13 20:00:00,0.36,0.0,0.0,0.36,25.6,75.0,21.0,1003.8,24.1,-11.5,-7.041719095097281e-16
2018-01-13 21:00:00,0.25,0.0,0.0,0.25,24.9,77.0,20.6,1004.8,20.5,-10.793921949283117,-1.5169868004647136
2018-01-13 22:00:00,0.32,0.0,0.0,0.32,24.1,80.0,20.5,1005.2,19.1,-10.054711042409219,-3.659615533584656
2018-01-13 23:00:00,0.09,0.0,0.0,0.09,23.6,84.0,20.7,1005.4,18.7,-7.523858047687012,-5.46640284632
2018-01-14 00:00:00,0.0,0.0,0.0,0.0,23.0,87.0,20.9,1005.0,16.2,-3.5875911898228945,-6.472185832831529
2018-01-14 01:00:00,0.01,0.0,0.0,0.01,22.5,91.0,21.0,1004.4,13.7,-2.1775351109542935,-7.59396739791272
2018-01-14 02:00:00,0.0,0.0,0.0,0.0,21.9,94.0,21.0,1003.9,14.0,-1.1133848076805235,-7.922144549932563
2018-01-14 03:00:00,0.15,0.0,0.0,0.15,21.3,97.0,20.8,1003.5,14.0,-0.662383644882202,-7.571079705497266
2018-01-14 04:00:00,0.13,0.0,0.0,0.13,20.9,98.0,20.5,1003.5,13.7,1.934941942652818e-15,-7.9
2018-01-14 05:00:00,0.0,0.0,0.0,0.1,20.7,98.0,20.4,1004.0,15.1,2.0329136865846065e-15,-8.3
2018-01-14 06:00:00,0.0,0.0,0.0,0.0,21.0,95.0,20.2,1004.5,15.8,-0.7582549619046259,-8.666893873398186
2018-01-14 07:00:00,0.09,0.01,0.0,0.08,22.2,86.0,19.8,1005.3,18.0,-3.6728726077991736,-8.65274562245294
2018-01-14 08:00:00,0.06,0.0,0.02,0.04,25.0,70.0,19.1,1006.3,25.2,-5.351975815759156,-10.065602558591769
2018-01-14 09:00:00,0.13,0.0,0.02,0.11,27.3,56.0,17.6,1006.7,31.3,-7.159029241249753,-11.914625479759362
2018-01-14 10:00:00,0.2,0.0,0.02,0.18,29.4,45.0,16.2,1006.4,32.4,-7.85799717800933,-11.222383006759188
2018-01-14 11:00:00,0.23,0.0,0.02,0.21,31.1,39.0,15.4,1005.7,33.1,-9.053614600069,-10.414992207074254
2018-01-14 12:00:00,0.36,0.0,0.02,0.34,32.7,34.0,14.6,1004.5,35.3,-10.818733752154177,-10.818733752154179
2018-01-14 13:00:00,0.57,0.01,0.02,0.56,33.7,30.0,13.6,1002.9,37.1,-12.563128867151239,-10.541716798859245
2018-01-14 14:00:00,0.37,0.0,0.01,0.36,34.0,28.0,12.9,1001.9,37.8,-13.761754344055063,-9.636084130697574
2018-01-14 15:00:00,0.45,0.0,0.04,0.43,33.9,28.0,13.0,1001.2,37.8,-15.043458962797606,-8.338725468236998
2018-01-14 16:00:00,0.18,0.0,0.0,0.18,32.8,32.0,13.9,1001.2,37.1,-15.924733964727219,-6.759648522864436
2018-01-14 17:00:00,0.0,0.0,0.0,0.0,31.2,40.0,16.1,1001.7,35.6,-14.034420760699456,-4.024305394928188
2018-01-14 18:00:00,0.0,0.0,0.0,0.0,28.6,51.0,17.5,1002.1,27.4,-11.193177262613872,-0.3908743630680121
2018-01-14 19:00:00,0.0,0.0,0.0,0.0,27.2,61.0,19.0,1003.2,20.2,-11.13864522812466,1.1707187885977197
2018-01-14 20:00:00,0.0,0.0,0.0,0.0,25.7,74.0,20.8,1004.3,22.3,-12.60533612584479,1.5477406612453715
2018-01-14 21:00:00,0.0,0.0,0.0,0.0,24.5,81.0,21.0,1005.3,22.3,-11.193177262613872,-0.3908743630680121
2018-01-14 22:00:00,0.0,0.0,0.0,0.0,23.9,83.0,20.9,1005.9,19.8,-10.46617932785172,-2.224655091750026
2018-01-14 23:00:00,0.0,0.0,0.0,0.0,23.4,86.0,20.9,1005.9,18.4,-7.871577364254562,-4.363286582217034
2018-01-15 00:00:00,0.02,0.02,0.0,0.0,23.0,89.0,21.0,1005.8,15.8,-5.412017391981862,-5.046787864462489
2018-01-15 01:00:00,0.09,0.09,0.0,0.0,22.9,90.0,21.0,1005.4,13.3,-4.6339756782707715,-6.149493427364155
2018-01-15 02:00:00,0.18,0.18,0.0,0.0,22.8,89.0,20.9,1004.9,15.5,-4.349999999999999,-7.534421012924616
2018-01-15 03:00:00,0.26,0.26,0.0,0.0,22.5,90.0,20.8,1004.6,19.4,-4.691062705321763,-10.060016436106814
2018-01-15 04:00:00,0.11,0.11,0.0,0.0,22.4,90.0,20.5,1004.6,20.5,-3.615498834186884,-11.127361240653295
2018-01-15 05:00:00,0.2,0.33,0.0,0.0,22.5,90.0,20.8,1004.8,20.9,-4.233054505599806,-10.4771775566047
2018-01-15 06:00:00,0.29,0.29,0.0,0.0,23.0,87.0,20.6,1005.5,19.8,-4.035837691242891,-11.08837292527372
2018-01-15 07:00:00,0.21,0.21,0.0,0.0,24.0,80.0,20.3,1006.4,25.9,-4.326237921249263,-13.31479122813215
2018-01-15 08:00:00,0.18,0.18,0.0,0.0,25.8,68.0,19.3,1007.2,34.2,-6.405772747412096,-15.854843913092067
2018-01-15 09:00:00,0.22,0.22,0.0,0.0,27.5,58.0,18.5,1007.6,35.6,-6.888677666373401,-14.772816928697395
2018-01-15 10:00:00,0.29,0.29,0.0,0.0,29.1,49.0,17.5,1007.4,35.6,-7.98309016110584,-13.286093160882741
2018-01-15 11:00:00,0.22,0.22,0.0,0.0,30.9,44.0,17.0,1006.4,34.9,-8.224049428726909,-12.663925575975902
2018-01-15 12:00:00,0.07,0.07,0.0,0.0,32.1,40.0,16.7,1005.0,37.8,-10.096848195340796,-12.923376359150238
2018-01-15 13:00:00,0.02,0.02,0.0,0.0,33.2,36.0,16.3,1003.1,38.2,-11.461863112573454,-11.869106705587745
2018-01-15 14:00:00,0.02,0.02,0.0,0.0,33.9,34.0,16.0,1001.9,37.8,-13.347504918136172,-9.003005745879024
2018-01-15 15:00:00,0.07,0.03,0.06,0.0,33.7,35.0,16.0,1001.1,37.8,-16.132999069462098,-6.518154725436868
2018-01-15 16:00:00,0.03,0.01,0.03,0.0,32.7,38.0,16.5,1001.1,37.8,-16.928805990053732,-5.500502499874065
2018-01-15 17:00:00,0.03,0.01,0.0,0.02,31.2,42.0,16.6,1001.3,36.7,-15.124002909254667,-5.805560782633866
2018-01-15 18:00:00,0.0,0.0,0.0,0.0,28.9,55.0,18.9,1001.8,30.2,-14.082750868074575,-2.483168940637105
2018-01-15 19:00:00,0.0,0.0,0.0,0.0,26.8,71.0,21.0,1003.0,28.1,-15.497639274924065,-0.27051229977789576
2018-01-15 20:00:00,0.0,0.0,0.0,0.0,25.6,75.0,20.8,1004.0,27.7,-13.997867732189478,-0.24433369012197037
2018-01-15 21:00:00,0.0,0.0,0.0,0.0,24.8,75.0,20.1,1004.9,25.6,-13.326593397934863,-1.4006814077865564
2018-01-15 22:00:00,0.76,0.0,0.0,0.76,24.1,76.0,19.7,1005.2,24.1,-12.613844441587954,-3.14498464279568
2018-01-15 23:00:00,0.95,0.0,0.0,0.95,23.5,79.0,19.6,1005.1,23.0,-10.41441821712565,-4.636797731064123
2018-01-16 00:00:00,0.9,0.0,0.0,0.9,22.9,83.0,19.9,1004.8,20.5,-5.821436275322066,-6.46535998165333
2018-01-16 01:00:00,0.27,0.0,0.0,0.27,22.2,87.0,20.0,1004.2,14.8,-1.8467702839738944,-6.440453362786736
2018-01-16 02:00:00,0.18,0.0,0.0,0.18,21.9,90.0,20.1,1003.7,13.3,-0.3977532674463731,-7.589584464134761
2018-01-16 03:00:00,0.01,0.01,0.0,0.0,21.7,91.0,20.1,1003.1,14.8,-0.2896658226307581,-8.294943864258496
2018-01-16 04:00:00,0.01,0.01,0.0,0.0,21.5,92.0,20.1,1003.0,14.4,0.6972459419812665,-7.969557584733964
2018-01-16 05:00:00,0.1,0.0,0.0,0.34,21.3,94.0,20.2,1003.3,14.0,0.3558845024520217,-6.790680836331102
2018-01-16 06:00:00,0.59,0.0,0.0,0.59,21.6,91.0,20.1,1004.0,13.3,0.31924933308196063,-6.0916401620029
2018-01-16 07:00:00,0.88,0.02,0.0,0.88,22.8,84.0,19.9,1005.1,13.7,1.4940690949597709e-15,-6.1
2018-01-16 08:00:00,0.87,0.1,0.0,0.86,25.1,72.0,19.6,1006.2,20.5,-1.8221035401853065,-7.892397524760405
2018-01-16 09:00:00,0.92,0.27,0.0,0.89,27.9,57.0,18.5,1006.7,29.9,-8.227681403987702,-9.80536887192292
2018-01-16 10:00:00,0.96,0.16,0.0,0.96,29.5,48.0,17.5,1006.3,30.6,-8.227681403987702,-9.80536887192292
2018-01-16 11:00:00,0.94,0.21,0.0,0.92,31.7,40.0,16.5,1005.4,34.6,-8.96704384496552,-11.899669099704663
2018-01-16 12:00:00,0.96,0.01,0.02,0.96,33.2,35.0,15.7,1003.9,36.0,-9.267951356541543,-12.29898685472831
2018-01-16 13:00:00,0.93,0.0,0.21,0.91,34.0,33.0,15.6,1002.3,38.5,-12.707776515663443,-11.442133368736476
2018-01-16 14:00:00,0.95,0.0,0.45,0.91,34.2,31.0,14.9,1000.8,38.9,-12.52937098234688,-9.789017457677968
2018-01-16 15:00:00,0.91,0.0,0.77,0.64,34.2,30.0,14.2,999.9,36.4,-10.7246142681062,-8.684621396487756
2018-01-16 16:00:00,0.97,0.0,0.87,0.83,33.3,31.0,14.1,999.7,31.7,-13.250188677901912,-7.650000000000002
2018-01-16 17:00:00,0.89,0.05,0.46,0.97,30.2,48.0,18.0,1000.5,40.3,-18.031124035460596,-1.5775189437326125
2018-01-16 18:00:00,1.0,0.0,0.18,1.0,28.5,55.0,18.6,1000.9,33.8,-15.861268399131205,-1.1091279325315913
2018-01-16 19:00:00,0.94,0.0,0.06,0.94,27.2,66.0,20.4,1002.1,31.3,-17.234168276987198,1.5077943495344874
2018-01-16 20:00:00,0.93,0.0,0.07,0.93,26.0,72.0,20.5,1003.2,31.3,-14.080676440039491,-0.7379369830255099
2018-01-16 21:00:00,0.83,0.0,0.06,0.82,25.3,76.0,20.7,1004.1,25.6,-10.397814721786489,-1.4613175600806874
2018-01-16 22:00:00,0.35,0.0,0.02,0.33,24.5,80.0,20.8,1004.7,18.7,-4.276831316104166,-2.1791543987498248
2018-01-16 23:00:00,0.52,0.08,0.04,0.48,24.6,80.0,20.9,1004.8,6.1,-1.4,-8.572527594031472e-17
2018-01-17 00:00:00,0.64,0.16,0.01,0.58,24.1,82.0,20.9,1004.4,3.2,-1.4474368994146258,-1.7874357113510329
2018-01-17 01:00:00,0.85,0.26,0.03,0.79,23.2,87.0,21.0,1004.1,3.2,1.453901549023941,-2.1554976886431088
2018-01-17 02:00:00,0.49,0.28,0.06,0.3,22.9,90.0,21.1,1003.3,4.0,0.7166571251241973,-2.499280409439629
2018-01-17 03:00:00,0.87,0.26,0.13,0.82,22.8,91.0,21.2,1002.9,6.5,-0.3747696938149301,-4.283637201794505
2018-01-17 04:00:00,0.92,0.28,0.16,0.89,22.9,91.0,21.3,1002.9,9.0,-0.7068421917498553,-5.756767679519667
2018-01-17 05:00:00,0.9,0.29,0.11,0.83,22.9,90.0,21.1,1003.2,9.0,-0.7515347451843534,-5.34744757120448
2018-01-17 06:00:00,0.92,0.16,0.05,0.9,23.0,90.0,21.1,1003.8,11.5,1.0324674692655254,-6.5187430479279085
2018-01-17 07:00:00,0.88,0.17,0.05,0.87,23.5,86.0,21.0,1005.0,15.8,1.113384807680527,-7.922144549932562
2018-01-17 08:00:00,0.78,0.16,0.03,0.73,25.5,74.0,20.5,1005.8,23.4,-2.5881904510252074,-9.659258262890683
2018-01-17 09:00:00,0.17,0.15,0.05,0.01,27.5,61.0,19.2,1006.4,28.1,-5.085105302753298,-10.426010937070338
2018-01-17 10:00:00,0.22,0.17,0.03,0.06,29.0,51.0,17.6,1006.1,31.3,-5.450271017215723,-12.241509132410853
2018-01-17 11:00:00,0.36,0.12,0.03,0.27,30.9,42.0,16.5,1005.2,35.6,-7.276809223181307,-13.685687689313369
2018-01-17 12:00:00,0.84,0.36,0.59,0.61,32.2,37.0,15.6,1003.8,39.2,-9.640110919765979,-14.844469052634006
2018-01-17 13:00:00,0.61,0.04,0.13,0.55,32.6,35.0,15.1,1002.5,40.0,-8.949999999999998,-15.501854727741451
2018-01-17 14:00:00,0.49,0.0,0.07,0.46,33.0,33.0,14.4,1001.1,39.2,-6.223070639059744,-13.977245501931794
2018-01-17 15:00:00,0.32,0.0,0.32,0.0,33.8,29.0,13.2,1000.2,34.2,-5.782820701641252,-13.623471831096118
2018-01-17 16:00:00,1.0,0.0,1.0,0.0,33.0,31.0,13.8,1000.1,36.0,-14.34179571564234,-11.20503885092698
2018-01-17 17:00:00,0.68,0.0,1.0,0.0,31.6,35.0,14.1,1000.3,37.4,-13.761754344055063,-9.636084130697574
2018-01-17 18:00:00,0.87,0.01,0.87,0.0,30.2,41.0,15.6,1000.7,32.0,-16.533701170139086,-4.740962520052386
2018-01-17 19:00:00,0.09,0.07,0.08,0.0,26.0,68.0,19.7,1002.1,36.4,-16.938693351809977,2.9867486558712013
2018-01-17 20:00:00,0.12,0.02,0.11,0.0,25.4,70.0,19.6,1003.6,31.7,-12.959121861643629,2.991849022773405
2018-01-17 21:00:00,0.06,0.05,0.03,0.0,24.8,71.0,19.2,1004.5,24.1,-9.694091022085228,-0.33852511801426044
2018-01-17 22:00:00,0.73,0.08,0.04,0.71,24.4,72.0,19.0,1005.2,17.3,-6.467184310807044,-2.1013155617496424
2018-01-17 23:00:00,0.89,0.1,0.08,0.89,23.7,72.0,18.3,1005.4,11.9,-2.1791543987498248,-4.276831316104166
2018-01-18 00:00:00,0.88,0.03,0.05,0.88,23.5,70.0,17.6,1005.1,9.7,-0.7068421917498553,-5.756767679519667
2018-01-18 01:00:00,0.97,0.02,0.02,0.97,22.8,69.0,16.8,1004.3,13.0,0.6623836448822031,-7.571079705497266
2018-01-18 02:00:00,0.04,0.03,0.02,0.0,22.5,65.0,15.5,1003.5,14.0,0.7233926648055641,-8.268415994161488
2018-01-18 03:00:00,0.04,0.02,0.04,0.0,22.0,65.0,15.1,1003.1,14.0,1.113384807680527,-7.922144549932562
2018-01-18 04:00:00,0.06,0.01,0.05,0.0,21.6,67.0,15.2,1003.2,14.0,1.0237024846032368,-8.337387673787106
2018-01-18 05:00:00,0.04,0.01,0.07,0.49,21.3,74.0,16.5,1003.7,14.4,1.8614631347039767e-15,-7.6
2018-01-18 06:00:00,0.67,0.0,0.05,0.65,21.5,74.0,16.6,1004.1,14.4,-0.7233926648055629,-8.268415994161488
2018-01-18 07:00:00,0.81,0.0,0.03,0.81,22.5,71.0,17.0,1005.1,19.1,-1.0557374790033,-10.04467114321956
2018-01-18 08:00:00,0.75,0.0,0.01,0.75,24.5,64.0,17.2,1005.9,29.5,-3.571702822414786,-13.329776402789143
2018-01-18 09:00:00,0.68,0.01,0.0,0.68,26.7,52.0,16.0,1006.0,34.2,-6.550583056980841,-14.047770699068074
2018-01-18 10:00:00,0.4,0.01,0.0,0.4,28.9,43.0,15.0,1005.9,38.2,-9.273587124081086,-14.840841682737453
2018-01-18 11:00:00,0.08,0.03,0.0,0.05,30.5,38.0,14.5,1005.2,42.5,-12.005398768850336,-15.366209695331078
2018-01-18 12:00:00,0.03,0.03,0.0,0.0,31.6,35.0,14.2,1003.9,44.3,-12.984309715668092,-15.474097751003356
2018-01-18 13:00:00,0.02,0.02,0.0,0.0,32.5,32.0,13.7,1002.5,44.3,-12.271747625471829,-15.154346248410933
2018-01-18 14:00:00,0.0,0.0,0.0,0.0,32.9,30.0,13.0,1001.1,42.8,-11.51286958858981,-14.7358010924457
2018-01-18 15:00:00,0.0,0.0,0.0,0.0,32.8,29.0,12.4,1000.5,41.0,-11.133577928312892,-14.774756935874917
2018-01-18 16:00:00,0.58,0.0,0.0,0.58,32.0,30.0,12.1,1000.3,39.6,-11.894155390841926,-14.68805867153675
2018-01-18 17:00:00,0.8,0.0,0.0,0.0,31.0,32.0,12.4,1000.4,38.5,-14.03759819214356,-12.202697939223436
2018-01-18 18:00:00,0.65,0.0,0.0,0.65,28.9,37.0,12.7,1000.7,34.6,-13.68320137979413,-7.900000000000002
2018-01-18 19:00:00,0.71,0.0,0.0,0.71,26.7,51.0,15.6,1002.0,30.2,-17.3,-1.0593194812624606e-15
2018-01-18 20:00:00,0.65,0.0,0.0,0.65,24.7,63.0,17.1,1003.5,34.6,-18.319959271719053,-2.574702367761211
2018-01-18 21:00:00,0.57,0.0,0.0,0.57,24.6,62.0,16.8,1004.5,33.5,-15.091808626231606,-4.327506486326887
2018-01-18 22:00:00,0.65,0.0,0.0,0.65,24.1,62.0,16.2,1005.2,28.1,-10.771960632878907,-5.727553065987868
2018-01-18 23:00:00,0.01,0.0,0.0,0.01,23.4,63.0,16.0,1005.8,22.0,-7.200817765318393,-6.04220353105347
2018-01-19 00:00:00,0.0,0.0,0.0,0.0,22.4,67.0,16.0,1005.7,16.6,-2.8999999999999995,-5.022947341949744
2018-01-19 01:00:00,0.0,0.0,0.0,0.0,21.5,72.0,16.1,1005.4,9.7,1.0611580849203348,-3.96029588778518
2018-01-19 02:00:00,0.0,0.0,0.0,0.0,21.2,73.0,16.2,1004.8,8.3,2.500000000000002,-4.330127018922192
2018-01-19 03:00:00,0.02,0.02,0.0,0.0,20.9,75.0,16.3,1004.7,10.1,3.6324027044213834,-4.649263446279661
2018-01-19 04:00:00,0.29,0.05,0.0,0.25,20.5,77.0,16.3,1004.6,10.1,1.4273391840380405,-5.7247447850283795
2018-01-19 05:00:00,0.09,0.02,0.0,0.0,20.4,76.0,16.0,1004.5,11.5,2.4724035165450213,-6.119413440140796
2018-01-19 06:00:00,0.14,0.14,0.0,0.0,20.5,76.0,16.1,1005.0,12.2,1.141971594793687,-7.210124886344505
2018-01-19 07:00:00,0.07,0.07,0.0,0.0,22.0,70.0,16.2,1005.6,18.0,0.655710853194781,-9.377102072442348
2018-01-19 08:00:00,0.54,0.01,0.0,0.53,24.2,61.0,16.1,1006.4,30.2,-1.0044932219154044,-14.36492232374147
2018-01-19 09:00:00,0.6,0.15,0.0,0.54,26.4,50.0,15.2,1006.5,37.8,-7.199238582441663,-16.169754600274036
2018-01-19 10:00:00,0.94,0.18,0.0,0.93,28.1,42.0,14.2,1006.2,41.0,-9.211382784680405,-16.61777443564852
2018-01-19 11:00:00,0.88,0.08,0.0,0.87,29.6,37.0,13.4,1005.5,42.1,-9.599999999999998,-16.627687752661224
2018-01-19 12:00:00,0.93,0.01,0.0,0.93,31.1,32.0,12.6,1004.3,43.6,-10.947244603802044,-16.857278415703025
2018-01-19 13:00:00,0.95,0.01,0.0,0.95,32.0,30.0,12.1,1002.8,43.9,-10.73650374663834,-15.9175213930568
2018-01-19 14:00:00,0.97,0.0,0.0,0.97,32.5,28.0,11.6,1001.8,42.1,-10.381733497953935,-14.826652001630753
2018-01-19 15:00:00,0.99,0.0,0.0,0.99,32.5,28.0,11.6,1001.0,40.0,-10.096848195340796,-12.923376359150238
2018-01-19 16:00:00,0.89,0.0,0.0,0.89,32.0,29.0,11.9,1001.0,36.4,-9.29648827741744,-11.8989623794615
2018-01-19 17:00:00,0.99,0.01,0.0,0.95,30.5,36.0,13.9,1001.5,31.7,-11.169701787297026,-9.709673629059509
2018-01-19 18:00:00,0.97,0.06,0.0,0.96,28.3,44.0,14.8,1002.0,28.1,-10.771960632878907,-5.727553065987868
2018-01-19 19:00:00,0.94,0.01,0.0,0.94,26.9,50.0,15.6,1003.2,27.7,-16.536831988322977,-1.4467853296111253
2018-01-19 20:00:00,0.08,0.0,0.0,0.08,25.0,67.0,18.4,1004.3,31.7,-13.281772812235833,-0.6960682180311548
2018-01-19 21:00:00,0.03,0.03,0.0,0.0,24.5,68.0,18.2,1005.2,24.1,-11.471986577987979,-0.8021994480574401
2018-01-19 22:00:00,0.02,0.02,0.0,0.0,24.2,66.0,17.5,1005.7,21.6,-11.837607860567156,-2.9514471263159456
2018-01-19 23:00:00,0.16,0.0,0.0,0.16,23.6,67.0,17.0,1005.9,22.7,-10.43099158272404,-6.518006950068421
2018-01-20 00:00:00,0.12,0.0,0.0,0.12,22.8,69.0,16.9,1005.6,21.6,-6.825132184860354,-7.580077219869421
2018-01-20 01:00:00,0.25,0.0,0.0,0.25,22.0,72.0,16.8,1005.3,18.0,-2.1775351109542935,-7.59396739791272
2018-01-20 02:00:00,0.0,0.0,0.0,0.0,21.3,75.0,16.8,1004.6,13.7,0.7526049355271046,-7.160557646651568
2018-01-20 03:00:00,0.02,0.02,0.0,0.0,20.9,77.0,16.7,1004.2,12.2,2.4967470462773806,-6.859756131737131
2018-01-20 04:00:00,0.0,0.0,0.0,0.0,20.6,77.0,16.4,1004.0,13.0,2.474317973874391,-7.185941174554808
2018-01-20 05:00:00,0.01,0.04,0.0,0.0,20.5,77.0,16.3,1004.3,13.3,1.767249371950959,-8.314254606237347
2018-01-20 06:00:00,0.01,0.01,0.0,0.0,20.6,75.0,16.1,1004.8,15.5,0.7233926648055641,-8.268415994161488
2018-01-20 07:00:00,0.57,0.0,0.0,0.57,21.9,69.0,15.9,1005.6,18.4,-0.3385251180142594,-9.694091022085228
2018-01-20 08:00:00,0.47,0.0,0.0,0.47,24.2,58.0,15.6,1006.6,28.1,-2.049291492027024,-12.938717261796304
2018-01-20 09:00:00,0.21,0.05,0.0,0.17,26.5,49.0,14.9,1006.8,33.1,-6.487892972478346,-13.302151885227673
2018-01-20 10:00:00,0.63,0.06,0.0,0.61,28.4,41.0,13.7,1006.4,33.8,-6.446665096301564,-12.652292643474823
2018-01-20 11:00:00,0.65,0.0,0.0,0.65,30.1,35.0,13.0,1005.5,35.6,-7.089020598066951,-13.332508652169798
2018-01-20 12:00:00,0.55,0.0,0.0,0.55,31.6,30.0,12.1,1003.9,36.7,-7.276809223181307,-13.685687689313369
2018-01-20 13:00:00,0.88,0.0,0.0,0.88,32.7,27.0,11.3,1002.4,36.7,-7.996458519631681,-11.855237287537097
2018-01-20 14:00:00,0.89,0.0,0.0,0.89,33.2,25.0,10.8,1001.2,34.6,-9.381644114564255,-10.792346997185641
2018-01-20 15:00:00,0.92,0.0,0.0,0.92,33.1,25.0,10.1,1000.5,33.8,-10.070757204741115,-9.725217186425962
2018-01-20 16:00:00,0.91,0.0,0.0,0.91,32.6,25.0,9.9,1000.7,32.0,-11.504957002658141,-8.98865753975461
2018-01-20 17:00:00,0.89,0.0,0.0,0.73,30.5,33.0,12.2,1001.0,31.7,-13.644067431374573,-7.563030075842859
2018-01-20 18:00:00,0.87,0.0,0.0,0.87,28.5,39.0,13.2,1001.2,29.5,-13.005744681097282,-3.97625518422922
2018-01-20 19:00:00,0.98,0.0,0.0,0.98,25.3,60.0,16.9,1002.2,32.8,-17.975927798831506,2.847107263732201
2018-01-20 20:00:00,0.97,0.0,0.0,0.97,24.4,64.0,17.0,1003.5,32.8,-15.839495699658755,-1.3857763096877644
2018-01-20 21:00:00,0.97,0.0,0.0,0.97,24.0,66.0,17.1,1004.4,28.4,-12.592324420440606,-0.4397336584515136
2018-01-20 22:00:00,0.98,0.0,0.0,0.98,23.5,66.0,16.9,1004.8,22.7,-6.8597561317371305,-2.4967470462773824
2018-01-20 23:00:00,0.98,0.0,0.0,0.98,22.7,69.0,16.8,1004.9,12.2,-2.523736319944603,-3.604268994871564
2018-01-21 00:00:00,0.96,0.0,0.0,0.96,22.3,70.0,16.6,1004.7,6.5,-0.6945927106677213,-3.939231012048832
2018-01-21 01:00:00,0.66,0.0,0.0,0.66,21.8,72.0,16.5,1004.0,7.6,1.0886485301985054,-4.366330768241984
2018-01-21 02:00:00,0.25,0.0,0.0,0.25,21.2,73.0,16.2,1003.6,7.9,2.181643291108516,-3.9357886821272814
2018-01-21 03:00:00,0.0,0.0,0.0,0.0,20.8,74.0,16.0,1003.1,9.7,3.2693856872009652,-4.669166652447252
2018-01-21 04:00:00,0.0,0.0,0.0,0.0,20.5,75.0,15.9,1003.1,9.7,2.1727182418122917,-5.377666356487366
2018-01-21 05:00:00,0.0,0.0,0.0,0.01,20.6,76.0,16.2,1002.9,12.6,1.389185421335443,-7.878462024097664
2018-01-21 06:00:00,0.0,0.0,0.0,0.0,20.8,75.0,16.2,1003.3,14.8,1.0577155672965006,-7.526037322435934
2018-01-21 07:00:00,0.0,0.0,0.0,0.0,22.0,69.0,16.1,1004.6,17.3,1.423553631866103,-8.987963899415753
2018-01-21 08:00:00,0.0,0.0,0.0,0.0,24.2,60.0,16.0,1005.4,25.9,-0.802199448057441,-11.471986577987979
2018-01-21 09:00:00,0.13,0.13,0.0,0.0,26.5,52.0,15.8,1005.7,31.3,-6.713443347838239,-12.626150577882656
2018-01-21 10:00:00,0.61,0.61,0.0,0.0,28.9,41.0,14.4,1005.3,37.4,-9.008627491964484,-14.41681763465924
2018-01-21 11:00:00,0.65,0.65,0.0,0.0,30.2,35.0,13.2,1004.4,37.8,-7.276809223181307,-13.685687689313369
2018-01-21 12:00:00,0.01,0.01,0.0,0.0,31.7,32.0,12.9,1002.9,37.1,-8.65976065673893,-13.334862030332243
2018-01-21 13:00:00,0.02,0.02,0.0,0.0,32.7,29.0,12.4,1001.5,37.4,-7.996458519631681,-11.855237287537097
2018-01-21 14:00:00,0.02,0.0,0.0,0.02,33.2,27.0,11.9,1000.4,34.6,-8.666136333389495,-11.500351344681016
2018-01-21 15:00:00,0.05,0.0,0.0,0.05,33.2,27.0,11.6,999.5,34.6,-9.29648827741744,-11.8989623794615
2018-01-21 16:00:00,0.0,0.0,0.0,0.0,32.5,28.0,11.6,999.3,33.8,-10.11162697096763,-10.111626970967631
2018-01-21 17:00:00,0.0,0.0,0.0,0.0,31.1,32.0,12.5,999.8,31.0,-13.332508652169796,-7.089020598066952
2018-01-21 18:00:00,0.0,0.0,0.0,0.0,29.0,38.0,13.3,1000.2,28.8,-13.31479122813215,-4.326237921249264
2018-01-21 19:00:00,0.0,0.0,0.0,0.0,25.3,66.0,18.5,1001.1,38.9,-21.248114270534256,1.4858128907498696
2018-01-21 20:00:00,0.0,0.0,0.0,0.0,24.7,68.0,18.5,1002.5,38.5,-16.536831988322977,-1.4467853296111253
2018-01-21 21:00:00,0.0,0.0,0.0,0.0,24.0,74.0,19.1,1003.8,29.9,-13.724402156082173,-1.4424927930936178
2018-01-21 22:00:00,0.0,0.0,0.0,0.0,23.5,76.0,19.1,1004.2,24.8,-6.415246974156249,-3.2687315981247376
2018-01-21 23:00:00,0.01,0.01,0.0,0.0,22.9,79.0,19.0,1004.3,12.6,-1.4364846019678086,-3.9467090073008158
2018-01-22 00:00:00,0.03,0.03,0.0,0.0,22.5,79.0,18.8,1003.9,8.6,1.3226185430791415e-15,-5.4
2018-01-22 01:00:00,0.04,0.04,0.0,0.0,22.1,78.0,18.1,1003.1,11.5,0.3558845024520217,-6.790680836331102
2018-01-22 02:00:00,0.03,0.03,0.0,0.0,21.6,76.0,17.1,1002.1,13.0,0.7526049355271046,-7.160557646651568
2018-01-22 03:00:00,0.0,0.0,0.0,0.0,21.2,75.0,16.5,1001.7,13.0,1.7902220274375422,-7.180188374442374
2018-01-22 04:00:00,0.0,0.0,0.0,0.0,20.8,76.0,16.5,1001.7,12.6,1.0324674692655254,-6.5187430479279085
2018-01-22 05:00:00,0.75,0.0,0.0,0.21,20.8,81.0,17.4,1002.0,12.6,1.767249371950959,-8.314254606237347
2018-01-22 06:00:00,0.17,0.0,0.0,0.17,20.8,81.0,17.3,1002.4,15.5,1.0602632876247808,-8.635151519279502
2018-01-22 07:00:00,0.0,0.0,0.0,0.0,21.9,74.0,17.1,1003.1,18.7,-0.6766377953180154,-9.676371287520293
2018-01-22 08:00:00,0.0,0.0,0.0,0.0,24.4,63.0,16.8,1004.1,27.7,-3.5281581544575893,-12.304149708010483
2018-01-22 09:00:00,0.25,0.1,0.0,0.17,26.5,54.0,16.4,1004.5,31.0,-6.399486987251649,-11.544980134240022
2018-01-22 10:00:00,0.53,0.31,0.0,0.33,28.9,43.0,15.1,1004.2,33.8,-6.713443347838239,-12.626150577882656
2018-01-22 11:00:00,0.43,0.06,0.0,0.39,30.4,38.0,14.4,1003.1,33.8,-5.72028029671829,-11.226682204773436
2018-01-22 12:00:00,0.04,0.04,0.0,0.0,32.1,33.0,13.9,1002.1,31.7,-7.281961780139784,-9.663489671572243
2018-01-22 13:00:00,0.05,0.05,0.0,0.0,33.0,31.0,13.5,1000.8,31.3,-8.273149339882604,-8.273149339882606
2018-01-22 14:00:00,0.0,0.0,0.0,0.0,33.3,30.0,13.2,999.7,31.0,-7.926888806861102,-6.419067988708341
2018-01-22 15:00:00,0.05,0.0,0.05,0.0,33.3,29.0,12.9,999.1,28.1,-8.31452281681049,-4.995869326627525
2018-01-22 16:00:00,0.04,0.0,0.04,0.0,33.3,29.0,12.8,999.2,25.9,-5.387787044493738,-5.777694242791447
2018-01-22 17:00:00,0.23,0.0,0.0,0.0,31.6,34.0,13.7,999.5,20.9,-10.793420931806235,-0.3769145643870117
2018-01-22 18:00:00,0.21,0.04,0.08,0.14,28.4,48.0,16.3,1000.1,24.1,-10.111626970967631,10.11162697096763
2018-01-22 19:00:00,0.92,0.0,0.0,0.92,26.2,62.0,18.5,1001.3,33.1,-17.271263927712738,4.3062097416740865
2018-01-22 20:00:00,0.97,0.0,0.0,0.97,25.1,67.0,18.5,1002.2,32.4,-13.69406641027328,2.9107636714486307
2018-01-22 21:00:00,0.96,0.02,0.0,0.96,24.6,68.0,18.4,1003.5,25.2,-5.78587149150698,-0.40458754771592637
2018-01-22 22:00:00,0.98,0.05,0.0,0.98,24.0,70.0,18.4,1004.1,9.7,-2.192031021678297,-2.1920310216782974
2018-01-22 23:00:00,0.98,0.1,0.0,0.98,23.7,72.0,18.5,1003.8,5.4,-0.3449439287832564,-3.2819222547153015
2018-01-23 00:00:00,0.97,0.17,0.0,0.96,23.2,75.0,18.5,1003.5,6.8,1.0611580849203348,-3.96029588778518
2018-01-23 01:00:00,0.99,0.23,0.0,0.98,23.1,75.0,18.5,1002.8,8.6,2.500000000000002,-4.330127018922192
2018-01-23 02:00:00,0.96,0.23,0.0,0.95,22.8,76.0,18.3,1002.1,9.0,1.4326213531414123,-4.685893304218873
2018-01-23 03:00:00,0.93,0.29,0.0,0.9,22.6,76.0,18.0,1002.0,8.3,-0.7352419856890852,-4.6421352007971475
2018-01-23 04:00:00,0.96,0.32,0.01,0.94,23.0,73.0,17.9,1001.9,11.2,-1.484676958669509,-6.430842427582553
2018-01-23 05:00:00,0.56,0.17,0.01,0.28,22.3,78.0,18.2,1001.8,11.2,-0.35575801609503904,-5.087576656325103
2018-01-23 06:00:00,0.47,0.09,0.02,0.41,22.3,77.0,18.1,1002.6,9.7,-0.7515347451843534,-5.34744757120448
2018-01-23 07:00:00,0.51,0.1,0.02,0.45,23.1,72.0,17.9,1003.4,15.8,-2.472135954999579,-7.608452130361228
2018-01-23 08:00:00,0.63,0.1,0.02,0.58,25.1,63.0,17.7,1004.4,24.5,-5.3999999999999995,-9.353074360871938
2018-01-23 09:00:00,0.64,0.07,0.02,0.61,27.4,53.0,17.0,1004.6,26.6,-6.054188098612474,-8.332875042061959
2018-01-23 10:00:00,0.88,0.76,0.01,0.53,29.9,43.0,16.0,1004.3,26.6,-4.738350289172498,-7.8859391664594325
2018-01-23 11:00:00,0.87,0.86,0.36,0.05,30.6,40.0,15.4,1003.4,26.3,-1.0766187015349682,-6.10580806867569
2018-01-23 12:00:00,0.83,0.0,0.83,0.01,32.2,34.0,14.3,1002.2,20.9,0.3486229709906333,-3.984778792366982
2018-01-23 13:00:00,0.95,0.0,0.95,0.0,33.0,31.0,13.4,1000.6,18.7,-1.453901549023942,-2.1554976886431088
2018-01-23 14:00:00,0.98,0.0,0.98,0.0,33.3,29.0,13.0,999.2,18.0,-3.252691193458118,-3.2526911934581184
2018-01-23 15:00:00,0.92,0.0,0.92,0.0,33.7,28.0,12.8,998.5,19.1,-1.0886485301985047,-4.366330768241984
2018-01-23 16:00:00,1.0,0.0,1.0,0.0,33.5,29.0,12.9,998.3,18.0,-6.841600689897066,3.949999999999999
2018-01-23 17:00:00,0.08,0.0,0.93,0.9,29.9,49.0,18.0,998.9,40.7,-10.890579881242422,12.528179031698016
2018-01-23 18:00:00,1.0,0.0,0.0,1.0,27.5,62.0,19.4,999.3,35.6,-7.887122254802964,14.833519560029973
2018-01-23 19:00:00,0.97,0.04,0.1,0.96,26.1,67.0,19.5,1000.6,32.0,-8.181165083647887,10.10289749894062
2018-01-23 20:00:00,0.96,0.04,0.07,0.96,25.9,69.0,19.8,1001.6,23.8,-4.342310698243878,5.3623071340531
2018-01-23 21:00:00,0.94,0.03,0.07,0.94,25.5,70.0,19.8,1002.4,12.6,-2.877261607343091,3.195522749552794
2018-01-23 22:00:00,0.95,0.15,0.13,0.94,25.1,72.0,19.8,1002.9,7.6,2.8991378028648445,2.8991378028648453
2018-01-23 23:00:00,0.88,0.15,0.0,0.87,24.9,74.0,19.9,1002.5,7.9,1.0815799573111138,1.800051331474436
2018-01-24 00:00:00,0.84,0.06,0.0,0.83,24.2,77.0,19.9,1002.2,4.3,-1.0549740469210394,2.485363104321589
2018-01-24 01:00:00,0.82,0.05,0.04,0.82,23.6,79.0,19.8,1001.6,4.7,-2.9,-1.7757378587636622e-16
2018-01-24 02:00:00,0.73,0.08,0.05,0.72,23.5,76.0,19.1,1001.2,8.3,-4.685893304218874,-1.4326213531414103
2018-01-24 03:00:00,0.73,0.02,0.02,0.73,23.2,77.0,18.9,1000.6,8.6,-3.23084408978756,-2.524212048835199
2018-01-24 04:00:00,0.8,0.06,0.01,0.79,22.9,80.0,19.4,1000.9,8.6,-3.6133052743378347,-4.012982057577929
2018-01-24 05:00:00,0.82,0.03,0.0,0.84,23.0,82.0,19.7,1000.9,10.8,-5.046787864462489,-5.412017391981862
2018-01-24 06:00:00,0.82,0.07,0.04,0.8,23.0,82.0,19.7,1001.6,13.7,-3.6149310334513594,-6.798696465013738
2018-01-24 07:00:00,0.81,0.05,0.09,0.78,23.7,77.0,19.5,1002.6,18.7,-4.033014550459512,-8.268905225952336
2018-01-24 08:00:00,0.7,0.08,0.08,0.67,25.6,64.0,18.4,1003.5,22.7,-4.403707847473604,-8.642763284627168
2018-01-24 09:00:00,0.16,0.06,0.02,0.11,27.9,54.0,17.7,1003.8,23.4,-4.6413010988072,-6.881011852206847
2018-01-24 10:00:00,0.22,0.03,0.02,0.19,30.1,47.0,17.5,1003.4,23.4,-2.5624408513775414,-5.755336383148386
2018-01-24 11:00:00,0.78,0.76,0.75,0.01,32.7,38.0,16.5,1002.5,25.9,-3.1894747509531727,-8.308865795825096
2018-01-24 12:00:00,1.0,0.66,1.0,0.0,32.8,36.0,15.8,1001.3,26.6,-2.192787785420526,-7.172285669722766
2018-01-24 13:00:00,1.0,0.0,1.0,0.0,32.7,36.0,15.5,999.8,22.7,-3.606244584051392,-3.6062445840513924
2018-01-24 14:00:00,1.0,0.02,1.0,0.0,33.0,36.0,15.9,998.9,23.8,-7.523858047687012,-5.46640284632
2018-01-24 15:00:00,1.0,0.0,1.0,0.0,33.2,35.0,15.6,998.2,24.1,-8.308865795825096,-3.1894747509531736
2018-01-24 16:00:00,0.65,0.04,0.65,0.0,32.7,35.0,15.4,998.0,22.3,-8.691657397237213,1.3766232923540314
2018-01-24 17:00:00,0.98,0.08,0.62,0.0,31.6,39.0,15.9,998.3,22.0,-10.842044285764752,3.5227937358743997
2018-01-24 18:00:00,0.2,0.13,0.2,0.0,28.8,56.0,19.2,999.3,23.8,-7.544678833390834,8.679160172561879
2018-01-24 19:00:00,0.12,0.11,0.01,0.0,27.5,62.0,19.5,1000.5,21.6,-7.951649632608118,7.159697488039782
2018-01-24 20:00:00,0.06,0.05,0.02,0.0,26.4,65.0,19.4,1001.7,19.8,-6.811735915548058,2.891410350820626
2018-01-24 21:00:00,0.14,0.09,0.13,0.0,25.5,69.0,19.4,1002.5,15.1,-7.6,-4.653657836759942e-16
2018-01-24 22:00:00,0.18,0.17,0.08,0.0,25.0,72.0,19.5,1002.8,13.7,-5.086367523815789,-1.0811407922523493
2018-01-24 23:00:00,0.22,0.21,0.1,0.0,24.5,73.0,19.5,1002.9,10.1,-3.2,-1.9594348786357652e-16
2018-01-25 00:00:00,0.23,0.22,0.08,0.0,24.1,75.0,19.5,1002.7,6.1,-0.36319239979163753,0.7128052193506943
2018-01-25 01:00:00,0.2,0.18,0.09,0.0,23.8,77.0,19.4,1001.9,2.5,0.7071067811865475,0.7071067811865477
2018-01-25 02:00:00,0.18,0.17,0.05,0.0,23.5,78.0,19.4,1001.4,2.5,1.0777488443215544,0.7269507745119705
2018-01-25 03:00:00,0.17,0.17,0.02,0.0,23.1,80.0,19.4,1000.9,4.3,0.3486229709906333,-3.984778792366982
2018-01-25 04:00:00,0.14,0.13,0.02,0.0,22.9,79.0,19.1,1000.8,6.1,-0.6945927106677213,-3.939231012048832
2018-01-25 05:00:00,0.14,0.04,0.03,0.0,23.1,78.0,19.1,1000.7,10.1,-2.197614961051637,-4.7128004925905795
2018-01-25 06:00:00,0.06,0.05,0.03,0.0,23.4,75.0,18.8,1001.1,11.2,-2.5624408513775414,-5.755336383148386
2018-01-25 07:00:00,0.07,0.06,0.04,0.0,24.4,70.0,18.6,1001.6,15.8,-2.1775351109542935,-7.59396739791272
2018-01-25 08:00:00,0.34,0.09,0.04,0.27,26.6,58.0,17.5,1002.7,22.7,-2.159530121701104,-9.353952621938259
2018-01-25 09:00:00,0.7,0.19,0.03,0.63,28.8,46.0,15.9,1003.1,26.6,-3.8703738550892433,-10.08266860616978
2018-01-25 10:00:00,0.76,0.24,0.03,0.69,30.7,38.0,14.7,1002.8,28.8,-4.345436483624579,-10.755332712974734
2018-01-25 11:00:00,0.86,0.07,0.04,0.85,32.7,33.0,14.1,1002.0,31.3,-5.124881702755083,-11.510672766296771
2018-01-25 12:00:00,0.65,0.0,0.56,0.22,34.6,28.0,13.6,1000.5,34.6,-5.394334945189133,-13.351447505761739
2018-01-25 13:00:00,0.9,0.0,0.88,0.16,35.2,26.0,12.9,999.1,34.6,-4.691062705321763,-10.060016436106814
2018-01-25 14:00:00,1.0,0.0,1.0,0.15,34.7,26.0,12.6,997.7,28.8,-7.212489168102784,-7.212489168102785
2018-01-25 15:00:00,0.76,0.0,0.73,0.14,34.8,25.0,12.1,996.8,25.6,-5.789747597658503,-7.149742845404131
2018-01-25 16:00:00,0.95,0.0,0.95,0.0,34.5,27.0,13.0,996.8,28.1,-10.480543022969403,-8.188297621831255
2018-01-25 17:00:00,0.6,0.0,0.23,0.0,33.5,30.0,13.6,997.0,28.4,-6.855693556378481,-5.356254835333226
2018-01-25 18:00:00,0.55,0.0,0.55,0.0,30.3,42.0,15.9,997.9,20.5,-9.65386886137305,9.002378352824978
2018-01-25 19:00:00,0.01,0.0,0.01,0.0,27.5,63.0,19.9,999.3,31.3,-12.592528216791978,3.6108493612026873
2018-01-25 20:00:00,0.32,0.0,0.32,0.0,26.4,68.0,20.0,1000.6,24.5,-10.785062665736136,5.029157314714322
2018-01-25 21:00:00,0.39,0.0,0.39,0.0,25.8,69.0,19.5,1001.7,21.2,-5.421022142882376,1.7613968679371999
2018-01-25 22:00:00,0.09,0.0,0.09,0.0,25.2,70.0,19.5,1002.0,9.7,-1.800051331474436,1.081579957311114
2018-01-25 23:00:00,0.06,0.0,0.06,0.0,24.0,74.0,19.2,1002.2,5.0,-2.1649947956686737,2.4905416147351476
2018-01-26 00:00:00,0.08,0.0,0.08,0.0,23.7,74.0,18.8,1002.0,7.2,-3.5640260967534716,1.815961998958187
2018-01-26 01:00:00,0.11,0.0,0.11,0.0,23.2,73.0,18.0,1001.9,7.9,-4.3458286986186065,0.6883116461770157
2018-01-26 02:00:00,0.1,0.0,0.1,0.0,22.6,74.0,17.7,1001.5,7.6,-3.197409101749103,-1.4235782507653008
2018-01-26 03:00:00,0.03,0.01,0.03,0.0,22.4,74.0,17.5,1001.0,7.6,-2.8801477362331185,-3.9641832724372428
2018-01-26 04:00:00,0.04,0.04,0.0,0.0,22.2,71.0,16.7,1000.9,9.7,-1.7613968679372003,-5.421022142882375
2018-01-26 05:00:00,0.08,0.06,0.0,0.0,22.5,67.0,15.9,1001.2,11.5,-2.5085756468171017,-6.535062985480412
2018-01-26 06:00:00,0.16,0.16,0.0,0.0,22.7,67.0,16.3,1002.1,13.7,-1.0324674692655236,-6.518743047927909
2018-01-26 07:00:00,0.16,0.16,0.0,0.0,23.8,64.0,16.7,1003.1,14.0,-0.721246396546809,-6.862201078041086
2018-01-26 08:00:00,0.11,0.11,0.0,0.0,25.3,65.0,18.2,1004.2,21.2,-2.872969203935617,-7.8934180146016315
2018-01-26 09:00:00,0.16,0.08,0.0,0.08,27.2,56.0,17.5,1004.6,27.4,-5.799999999999999,-10.045894683899489
2018-01-26 10:00:00,0.58,0.05,0.0,0.56,29.2,46.0,16.5,1004.0,32.8,-6.849999999999999,-11.864548031846809
2018-01-26 11:00:00,0.86,0.0,0.0,0.86,31.2,39.0,15.6,1002.9,34.6,-6.582862246223429,-12.919594600731335
2018-01-26 12:00:00,0.96,0.0,0.0,0.96,32.8,34.0,14.8,1001.6,35.3,-6.582862246223429,-12.919594600731335
2018-01-26 13:00:00,0.98,0.05,0.01,0.98,33.8,31.0,14.2,1000.2,35.3,-6.901510203794726,-11.486041829408306
2018-01-26 14:00:00,0.99,0.0,0.15,0.99,34.5,28.0,13.6,999.0,33.5,-7.87632238071914,-10.840827724624296
2018-01-26 15:00:00,0.98,0.0,0.17,0.97,34.4,28.0,13.2,998.2,32.4,-9.32575153748365,-7.551844692598049
2018-01-26 16:00:00,0.92,0.0,0.0,0.92,33.9,28.0,13.1,997.9,29.5,-9.03932442880394,-7.5848937943011645
2018-01-26 17:00:00,0.9,0.0,0.5,0.0,33.2,29.0,12.9,998.0,27.7,-10.4833820993178,-6.807987937687838
2018-01-26 18:00:00,0.29,0.0,0.06,0.25,29.7,45.0,16.6,999.0,30.6,-16.63255938791058,6.053756536864336
2018-01-26 19:00:00,0.54,0.0,0.0,0.54,26.8,64.0,19.2,1000.5,34.2,-13.005744681097283,3.9762551842292186
2018-01-26 20:00:00,0.65,0.0,0.01,0.64,25.8,66.0,18.9,1001.7,28.4,-13.35012969488823,2.5950023371210094
2018-01-26 21:00:00,0.74,0.0,0.22,0.67,25.0,68.0,18.8,1003.0,24.1,-3.197409101749103,-1.4235782507653008
2018-01-26 22:00:00,0.55,0.02,0.09,0.5,24.6,70.0,18.8,1003.6,5.8,1.4375439180851277,-1.0832670416736863
2018-01-26 23:00:00,0.34,0.0,0.0,0.34,24.4,71.0,18.7,1003.7,3.6,1.8221342821066675,-2.507952682562337
2018-01-27 00:00:00,0.47,0.0,0.0,0.47,23.4,75.0,18.6,1003.3,6.5,1.4205902870109297e-15,-5.8
2018-01-27 01:00:00,0.82,0.0,0.0,0.82,22.9,76.0,18.4,1002.8,7.6,1.0886485301985054,-4.366330768241984
2018-01-27 02:00:00,0.82,0.0,0.0,0.82,22.7,74.0,17.8,1002.2,9.0,0.37668495821827847,-5.386845871403051
2018-01-27 03:00:00,0.13,0.01,0.0,0.13,22.4,72.0,17.1,1001.6,11.9,-2.2249223594996215,-6.8476069173251055
2018-01-27 04:00:00,0.0,0.0,0.0,0.0,22.0,71.0,16.6,1001.5,12.2,-2.9055391983331,-5.702441754805555
2018-01-27 05:00:00,0.0,0.0,0.0,0.03,22.0,67.0,15.6,1001.6,11.2,-4.342310698243878,-5.3623071340531
2018-01-27 06:00:00,0.01,0.0,0.0,0.01,22.0,65.0,15.1,1002.2,13.0,-4.70578868443124,-5.046340541172277
2018-01-27 07:00:00,0.04,0.01,0.03,0.01,23.1,61.0,15.2,1003.4,16.2,-4.971631089293716,-6.139453095510071
2018-01-27 08:00:00,0.46,0.01,0.04,0.43,25.0,60.0,16.8,1004.5,24.8,-5.829111906565254,-9.328529057720685
2018-01-27 09:00:00,0.41,0.03,0.03,0.39,27.0,53.0,16.6,1005.1,28.4,-7.584893794301164,-9.03932442880394
2018-01-27 10:00:00,0.65,0.04,0.01,0.64,29.0,46.0,16.2,1004.8,31.7,-7.883776803291832,-10.462125181619536
2018-01-27 11:00:00,0.01,0.01,0.01,0.0,31.0,38.0,15.2,1004.1,33.5,-6.941942361454984,-11.10943005964918
2018-01-27 12:00:00,0.04,0.03,0.01,0.0,32.7,34.0,14.6,1002.7,33.1,-6.077449283938639,-10.114574148284927
2018-01-27 13:00:00,0.42,0.04,0.01,0.4,33.7,30.0,13.9,1001.3,31.3,-5.40517649517869,-8.650090580795544
2018-01-27 14:00:00,0.26,0.0,0.02,0.25,34.3,28.0,13.3,999.8,28.8,-6.560590289905073,-7.54709580222772
2018-01-27 15:00:00,0.01,0.0,0.01,0.0,34.5,26.0,12.6,998.8,27.7,-5.777694242791447,-5.387787044493738
2018-01-27 16:00:00,0.04,0.0,0.04,0.0,34.2,27.0,12.3,998.6,23.4,-6.104407793183422,-7.538315826132617
2018-01-27 17:00:00,0.92,0.0,0.68,0.0,33.7,26.0,11.8,998.8,24.8,-5.789747597658503,-7.149742845404131
2018-01-27 18:00:00,0.16,0.0,0.16,0.0,30.8,33.0,12.6,999.4,18.0,-9.353074360871938,5.399999999999999
2018-01-27 19:00:00,0.36,0.0,0.36,0.0,27.1,59.0,18.4,1000.8,27.7,-9.772803256173448,3.557009490586955
2018-01-27 20:00:00,0.15,0.0,0.15,0.0,26.6,60.0,18.2,1002.2,21.6,-9.393110360988748,6.099957192168304
2018-01-27 21:00:00,0.28,0.0,0.28,0.0,25.8,63.0,18.0,1003.5,21.2,-8.320563465273988,2.864999759222979
2018-01-27 22:00:00,0.28,0.01,0.28,0.0,25.4,64.0,18.0,1004.0,15.8,-6.862201078041086,-0.7212463965468089
2018-01-27 23:00:00,0.41,0.09,0.4,0.0,25.0,65.0,18.0,1004.0,12.2,-1.0606601717798212,-1.0606601717798214
2018-01-28 00:00:00,0.29,0.12,0.25,0.0,24.8,66.0,18.1,1003.5,3.2,-0.726950774511971,-1.0777488443215544
2018-01-28 01:00:00,0.25,0.05,0.24,0.0,24.5,67.0,18.0,1003.0,2.5,1.4554435894139948,-0.36288284339950116
2018-01-28 02:00:00,0.38,0.06,0.37,0.0,23.9,70.0,18.0,1002.0,5.0,1.4235782507653005,-3.197409101749103
2018-01-28 03:00:00,0.27,0.05,0.26,0.0,24.0,67.0,17.5,1001.4,9.7,-0.31924933308195735,-6.0916401620029
2018-01-28 04:00:00,0.07,0.02,0.07,0.0,23.7,64.0,16.4,1001.2,13.7,-1.8221035401853065,-7.892397524760405
2018-01-28 05:00:00,0.11,0.02,0.03,0.0,23.1,65.0,16.0,1002.0,14.0,-5.046340541172277,-4.70578868443124
2018-01-28 06:00:00,0.06,0.05,0.02,0.0,23.1,65.0,16.2,1002.7,13.0,-3.634753872559855,-5.388744221607771
2018-01-28 07:00:00,0.14,0.12,0.06,0.0,23.8,67.0,17.2,1003.8,16.6,-3.2039952536120446,-7.54813979831001
2018-01-28 08:00:00,0.41,0.37,0.04,0.06,25.5,64.0,18.0,1004.9,26.6,-7.582869291715808,-10.062807426595889
2018-01-28 09:00:00,0.37,0.25,0.04,0.17,27.2,54.0,17.2,1005.6,29.9,-6.807987937687838,-10.4833820993178
2018-01-28 10:00:00,0.34,0.08,0.03,0.28,29.2,46.0,16.6,1005.3,30.2,-6.077449283938639,-10.114574148284927
2018-01-28 11:00:00,0.82,0.61,0.29,0.52,31.6,38.0,15.4,1004.5,33.1,-7.85799717800933,-11.222383006759188
2018-01-28 12:00:00,1.0,0.99,1.0,0.74,32.3,35.0,15.1,1003.1,33.8,-8.030070108914645,-11.468128620045885
2018-01-28 13:00:00,0.89,0.0,0.83,0.71,32.6,34.0,14.6,1001.7,33.5,-5.367251924106883,-11.510108895365454
2018-01-28 14:00:00,0.93,0.0,0.85,0.78,33.5,31.0,14.1,1000.4,34.9,-9.110671410533334,-12.539763412811686
2018-01-28 15:00:00,0.42,0.0,0.14,0.32,33.2,32.0,14.1,999.6,36.0,-5.078863209531645,-14.750089779349343
2018-01-28 16:00:00,0.98,0.0,0.89,0.83,33.7,29.0,13.2,999.3,33.1,-8.200737862381342,-9.43386975278465
2018-01-28 17:00:00,0.78,0.0,0.37,0.0,31.6,35.0,14.1,999.9,28.1,-16.580751451100834,-11.183858069414935
2018-01-28 18:00:00,0.44,0.0,0.44,0.0,31.4,33.0,13.0,999.8,37.1,-10.840827724624296,-7.87632238071914
2018-01-28 19:00:00,0.28,0.0,0.28,0.0,26.7,59.0,18.0,1001.3,39.6,-21.58112512949153,2.268267652908082
2018-01-28 20:00:00,0.22,0.0,0.22,0.0,25.8,63.0,18.1,1002.3,40.0,-17.31321253298836,-3.680036927474342
2018-01-28 21:00:00,0.38,0.0,0.38,0.0,25.9,64.0,18.5,1003.2,32.4,-14.360376748884748,-3.5804440548750818
2018-01-28 22:00:00,0.09,0.0,0.09,0.0,25.6,63.0,18.1,1004.1,26.6,-10.40797451495881,-5.769234480931412
2018-01-28 23:00:00,0.12,0.0,0.0,0.11,25.1,60.0,16.9,1004.1,21.6,-8.196675541373065,-6.877827423645971
2018-01-29 00:00:00,0.0,0.0,0.0,0.0,24.5,60.0,16.2,1004.1,19.1,-6.042203531053469,-7.200817765318393
2018-01-29 01:00:00,0.0,0.0,0.0,0.0,23.9,60.0,15.6,1003.4,16.9,-4.040515447681967,-7.929958065276475
2018-01-29 02:00:00,0.01,0.0,0.01,0.0,23.4,61.0,15.4,1002.9,15.8,-2.472135954999579,-7.608452130361228
2018-01-29 03:00:00,0.01,0.0,0.0,0.01,22.9,64.0,15.8,1002.5,14.8,-1.7672493719509543,-8.314254606237348
2018-01-29 04:00:00,0.01,0.0,0.0,0.0,22.5,69.0,16.5,1002.5,16.6,-2.159530121701104,-9.353952621938259
2018-01-29 05:00:00,0.03,0.11,0.07,0.0,22.5,75.0,18.0,1003.0,19.1,-3.8703738550892433,-10.08266860616978
2018-01-29 06:00:00,0.77,0.76,0.07,0.0,22.6,79.0,18.8,1003.8,24.1,-5.874393838195722,-12.597678239809435
2018-01-29 07:00:00,0.62,0.56,0.09,0.08,23.5,75.0,18.9,1005.1,31.3,-5.33931773309737,-15.506504639828796
2018-01-29 08:00:00,0.6,0.56,0.13,0.0,24.8,68.0,18.4,1006.4,33.1,-6.447063620073017,-15.188330081965265
2018-01-29 09:00:00,0.6,0.57,0.1,0.0,26.8,57.0,17.6,1007.0,37.4,-9.640110919765979,-14.844469052634006
2018-01-29 10:00:00,0.26,0.22,0.06,0.02,28.5,48.0,16.5,1006.5,37.1,-8.319732448461316,-13.314355109655887
2018-01-29 11:00:00,0.33,0.3,0.01,0.05,30.5,40.0,15.4,1005.6,36.0,-8.723409294143652,-12.932986131858652
2018-01-29 12:00:00,0.83,0.21,0.05,0.8,31.9,35.0,14.6,1003.9,38.2,-8.932080174246444,-13.754197314304953
2018-01-29 13:00:00,0.81,0.08,0.15,0.76,33.4,31.0,14.1,1002.2,38.2,-9.749403375063181,-12.937895262766144
2018-01-29 14:00:00,0.73,0.02,0.11,0.7,34.2,30.0,14.1,1001.0,37.4,-10.348880515953283,-12.333315534215547
2018-01-29 15:00:00,0.88,0.02,0.04,0.87,34.2,30.0,14.2,1000.3,37.4,-12.707776515663443,-11.442133368736476
2018-01-29 16:00:00,0.94,0.01,0.03,0.94,33.1,33.0,14.6,1000.5,38.2,-14.425253762457725,-9.729956520390994
2018-01-29 17:00:00,0.95,0.02,0.06,0.88,32.0,37.0,15.4,1001.1,36.4,-10.80122664797759,-9.063305296580205
2018-01-29 18:00:00,0.87,0.07,0.27,0.82,30.9,39.0,15.2,1001.4,26.6,-6.888619804400326,-7.924450592339106
2018-01-29 19:00:00,0.84,0.04,0.02,0.83,28.8,52.0,18.0,1002.6,27.4,-15.117058625094026,2.93845852879879
2018-01-29 20:00:00,0.88,0.1,0.01,0.87,27.5,58.0,18.6,1003.8,29.9,-14.772116295183121,-2.604722665003956
2018-01-29 21:00:00,0.9,0.0,0.0,0.9,26.9,60.0,18.5,1004.9,28.4,-14.80343011745011,-4.244815279581787
2018-01-29 22:00:00,0.94,0.0,0.0,0.94,26.2,62.0,18.4,1005.0,28.1,-12.55736835487436,-7.250000000000002
2018-01-29 23:00:00,0.95,0.0,0.04,0.95,25.6,63.0,18.0,1004.9,26.3,-10.430427104910441,-10.07254637165546
2018-01-30 00:00:00,0.77,0.01,0.07,0.76,25.0,65.0,17.9,1004.6,26.3,-8.030070108914645,-11.468128620045885
2018-01-30 01:00:00,0.13,0.06,0.07,0.07,24.5,67.0,17.9,1004.1,25.2,-6.399486987251649,-11.544980134240022
2018-01-30 02:00:00,0.09,0.09,0.02,0.0,23.8,71.0,18.1,1003.4,23.8,-4.727846654720213,-11.138108726774528
2018-01-30 03:00:00,0.05,0.05,0.0,0.0,23.5,73.0,18.3,1002.9,22.0,-3.9719314843773117,-11.535326622311665
2018-01-30 04:00:00,0.03,0.03,0.01,0.0,23.0,75.0,18.4,1003.0,22.3,-3.183474254761005,-11.88088766335554
2018-01-30 05:00:00,0.0,0.0,0.0,0.0,22.7,81.0,19.4,1003.2,22.3,-3.30764826980399,-11.535140351259827
2018-01-30 06:00:00,0.01,0.01,0.0,0.0,22.8,80.0,19.1,1003.8,22.7,-3.625409138561936,-11.858178973941639
2018-01-30 07:00:00,0.0,0.0,0.0,0.0,23.5,74.0,18.6,1004.8,25.6,-4.326237921249263,-13.31479122813215
2018-01-30 08:00:00,0.0,0.0,0.0,0.0,25.5,64.0,18.0,1005.7,36.0,-6.053756536864336,-16.63255938791058
2018-01-30 09:00:00,0.0,0.0,0.0,0.0,27.7,54.0,17.5,1006.0,39.2,-7.1894527642026365,-16.937289303524903
2018-01-30 10:00:00,0.0,0.0,0.0,0.0,30.0,45.0,16.9,1005.9,41.4,-10.456907294902967,-15.50300260677928
2018-01-30 11:00:00,0.02,0.02,0.02,0.0,31.9,39.0,16.4,1005.2,41.4,-11.45363111710704,-14.14405649851687
2018-01-30 12:00:00,0.52,0.35,0.51,0.0,33.8,34.0,16.0,1003.7,40.7,-13.227977893497618,-11.910524793187678
2018-01-30 13:00:00,0.54,0.0,0.54,0.0,34.7,32.0,15.4,1002.2,41.4,-14.34179571564234,-11.20503885092698
2018-01-30 14:00:00,0.85,0.0,0.85,0.0,35.0,30.0,14.6,1000.6,40.3,-13.761754344055063,-9.636084130697574
2018-01-30 15:00:00,0.69,0.0,0.69,0.0,34.7,31.0,14.9,999.7,40.0,-16.897805719599354,-6.4864598867699375
2018-01-30 16:00:00,0.28,0.0,0.25,0.03,33.5,37.0,16.8,1000.0,41.8,-21.596710215378053,0.37697197904532315
2018-01-30 17:00:00,0.42,0.0,0.07,0.0,31.4,46.0,18.5,1000.8,45.7,-17.63609817261276,-4.071614083623955
2018-01-30 18:00:00,0.23,0.0,0.03,0.2,29.2,55.0,19.1,1001.1,34.9,-12.98218395180946,-0.6803674311582716
2018-01-30 19:00:00,0.01,0.0,0.01,0.0,28.0,58.0,18.9,1002.3,23.4,-10.075396907624224,-0.7045403848156648
2018-01-30 20:00:00,0.29,0.0,0.0,0.29,26.9,58.0,18.0,1003.7,18.4,-10.093847352892867,-0.3524849166952609
2018-01-30 21:00:00,0.51,0.0,0.0,0.51,26.0,59.0,17.5,1004.9,20.5,-11.5,-7.041719095097281e-16
2018-01-30 22:00:00,0.58,0.0,0.0,0.58,25.5,60.0,17.0,1005.0,22.3,-11.910553819695863,-1.4624321208617699
2018-01-30 23:00:00,0.34,0.0,0.0,0.34,24.9,59.0,16.2,1005.0,21.2,-8.65274562245294,-3.672872607799173
2018-01-31 00:00:00,0.78,0.0,0.0,0.78,24.2,57.0,15.1,1004.9,16.6,-6.876644452187053,-4.996174644486022
2018-01-31 01:00:00,0.01,0.0,0.0,0.01,23.5,59.0,14.9,1004.7,17.3,-6.156614753256583,-7.880107536067219
2018-01-31 02:00:00,0.0,0.0,0.0,0.0,22.9,63.0,15.4,1003.6,21.2,-4.345436483624579,-10.755332712974734
2018-01-31 03:00:00,0.16,0.0,0.0,0.16,22.3,67.0,15.9,1002.8,21.6,-1.5169868004647133,-10.793921949283117
2018-01-31 04:00:00,0.0,0.0,0.0,0.0,21.9,71.0,16.3,1003.2,19.8,-2.902780391316932,-7.5620014546273335
2018-01-31 05:00:00,0.0,0.05,0.0,0.0,21.9,77.0,17.6,1003.7,15.1,-0.3524849166952598,-10.093847352892867
2018-01-31 06:00:00,0.28,0.15,0.0,0.16,21.9,79.0,18.0,1004.6,21.6,-1.830283240970701,-11.555953584963111
2018-01-31 07:00:00,0.31,0.24,0.0,0.08,22.5,77.0,18.4,1005.5,25.2,-3.7211043035294886,-12.977032895167305
2018-01-31 08:00:00,0.33,0.33,0.0,0.0,24.5,66.0,17.9,1006.4,37.8,-9.099999999999998,-15.761662348876785
2018-01-31 09:00:00,0.11,0.11,0.0,0.0,26.4,55.0,16.7,1006.7,37.1,-6.548459953520384,-14.708081868045875
2018-01-31 10:00:00,0.0,0.0,0.0,0.0,28.8,44.0,15.2,1006.4,37.1,-7.309247045806704,-14.345205039432724
2018-01-31 11:00:00,0.37,0.0,0.0,0.37,31.0,35.0,13.8,1005.4,38.2,-8.395120621033882,-13.971827001444431
2018-01-31 12:00:00,0.0,0.0,0.0,0.0,32.8,29.0,12.4,1003.9,38.5,-9.34929591252205,-13.352178321910566
2018-01-31 13:00:00,0.0,0.0,0.0,0.0,34.0,25.0,11.1,1002.8,38.2,-10.773002762377619,-11.964631690186048
2018-01-31 14:00:00,0.0,0.0,0.0,0.0,34.6,23.0,10.4,1002.0,37.4,-11.950293312656056,-10.027486711110013
2018-01-31 15:00:00,0.0,0.0,0.0,0.0,34.5,22.0,9.8,1001.5,36.4,-11.899669099704663,-8.96704384496552
2018-01-31 16:00:00,0.0,0.0,0.0,0.0,34.0,22.0,9.5,1001.6,33.8,-12.211892584652533,-7.630837404958151
2018-01-31 17:00:00,0.0,0.0,0.0,0.0,32.5,26.0,10.3,1001.9,31.3,-13.33721301778979,-10.050310886639206
2018-01-31 18:00:00,0.0,0.0,0.0,0.0,30.3,29.0,10.3,1002.7,32.0,-12.60035932032105,-7.571059701177796
2018-01-31 19:00:00,0.01,0.0,0.0,0.01,28.3,40.0,13.3,1003.9,28.4,-15.506706947343663,-2.4560211011316255
2018-01-31 20:00:00,0.2,0.0,0.0,0.2,25.5,63.0,17.9,1004.8,30.2,-16.210706894502856,-1.7038139512627515
2018-01-31 21:00:00,0.96,0.0,0.0,0.96,24.9,64.0,17.5,1005.6,29.9,-12.60970042210831,-5.094649670456403
2018-01-31 22:00:00,0.98,0.0,0.0,0.98,24.6,62.0,16.8,1005.8,24.5,-8.679160172561879,-7.544678833390834
2018-01-31 23:00:00,0.94,0.0,0.0,0.94,24.5,55.0,14.7,1005.6,20.5,-6.524416300446451,-8.980088637561916
2018-02-01 00:00:00,0.93,0.0,0.05,0.93,24.1,44.0,11.2,1005.0,20.9,-6.818308926592688,-9.38459713474939
2018-02-01 01:00:00,0.86,0.0,0.1,0.85,23.2,46.0,11.1,1004.7,20.5,-7.208504807130724,-6.490566881680924
2018-02-01 02:00:00,0.09,0.0,0.0,0.09,22.4,51.0,11.8,1004.5,17.3,-5.387787044493738,-5.777694242791447
2018-02-01 03:00:00,0.01,0.0,0.0,0.01,21.5,57.0,12.6,1004.3,14.0,-3.244739871933341,-5.400153994423308
2018-02-01 04:00:00,0.09,0.0,0.0,0.09,21.0,61.0,13.3,1004.5,11.2,1.592040838891559e-15,-6.5
2018-02-01 05:00:00,0.02,0.0,0.08,0.22,21.4,65.0,14.6,1004.8,12.6,-0.3977532674463731,-7.589584464134761
2018-02-01 06:00:00,0.83,0.0,0.0,0.83,21.4,69.0,15.6,1005.5,15.8,-1.3766232923540318,-8.691657397237213
2018-02-01 07:00:00,0.04,0.0,0.0,0.04,22.1,70.0,16.5,1006.4,19.1,-1.4861274178821933,-9.38303923565381
2018-02-01 08:00:00,0.0,0.0,0.0,0.0,24.1,64.0,17.0,1007.2,25.9,-4.013721034907363,-10.45610077676866
2018-02-01 09:00:00,0.01,0.01,0.0,0.0,26.7,50.0,15.5,1007.5,29.5,-6.489479743866682,-10.800307988846615
2018-02-01 10:00:00,0.0,0.0,0.0,0.0,29.4,35.0,12.3,1007.2,34.6,-7.499999999999999,-12.99038105676658
2018-02-01 11:00:00,0.4,0.0,0.0,0.4,31.6,25.0,9.4,1006.4,37.4,-7.464597848295664,-14.03886672645694
2018-02-01 12:00:00,0.51,0.0,0.01,0.5,33.2,21.0,7.9,1005.1,37.8,-8.395120621033882,-13.971827001444431
2018-02-01 13:00:00,0.01,0.0,0.01,0.0,34.5,18.0,6.6,1003.5,38.2,-9.34929591252205,-13.352178321910566
2018-02-01 14:00:00,0.01,0.0,0.01,0.0,35.0,16.0,5.9,1002.0,37.8,-10.006194217692414,-12.356620787165838
2018-02-01 15:00:00,0.0,0.0,0.0,0.0,34.9,16.0,5.8,1001.1,36.7,-10.419875556884959,-10.790097005079767
2018-02-01 16:00:00,0.0,0.0,0.0,0.0,34.2,18.0,6.2,1000.9,34.2,-11.147172382160914,-10.036959095382873
2018-02-01 17:00:00,0.0,0.0,0.0,0.0,32.3,23.0,8.6,1001.7,32.0,-11.184248869537079,-9.384699101423475
2018-02-01 18:00:00,0.0,0.0,0.0,0.0,30.2,28.0,9.9,1002.2,27.4,-9.393110360988748,-6.099957192168303
2018-02-01 19:00:00,0.0,0.0,0.0,0.0,27.4,55.0,17.6,1003.3,30.2,-16.889704976622717,-0.5898014942722682
2018-02-01 20:00:00,0.0,0.0,0.0,0.0,25.7,64.0,18.5,1004.4,31.7,-14.034420760699456,-4.024305394928188
2018-02-01 21:00:00,0.0,0.0,0.0,0.0,25.2,63.0,17.7,1005.2,26.6,-12.238826880281593,-4.944807033090037
2018-02-01 22:00:00,0.0,0.0,0.0,0.0,24.5,61.0,16.6,1005.3,23.8,-9.036509540849956,-6.09520264783114
2018-02-01 23:00:00,0.0,0.0,0.0,0.0,23.5,64.0,16.4,1005.3,19.4,-5.387787044493738,-5.777694242791447
2018-02-02 00:00:00,0.0,0.0,0.0,0.0,22.1,69.0,16.2,1004.9,13.7,-2.4881992827652213,-4.679622242152313
2018-02-02 01:00:00,0.0,0.0,0.0,0.0,21.4,71.0,15.9,1004.0,8.6,-2.149021206691006,-5.062776693988422
2018-02-02 02:00:00,0.0,0.0,0.0,0.0,20.6,72.0,15.4,1003.3,8.6,-2.4881992827652213,-4.679622242152313
2018-02-02 03:00:00,0.0,0.0,0.0,0.0,19.5,75.0,14.9,1002.8,8.6,-3.1997434936258244,-5.772490067120011
2018-02-02 04:00:00,0.0,0.0,0.0,0.0,18.9,75.0,14.4,1002.8,9.4,-2.873804179836756,-6.162892951849219
2018-02-02 05:00:00,0.0,0.0,0.0,0.0,19.5,74.0,14.9,1003.4,9.0,-2.197614961051637,-4.7128004925905795
2018-02-02 06:00:00,0.0,0.0,0.0,0.0,20.1,70.0,14.6,1004.3,10.8,-1.7542302283364206,-5.737828535778212
2018-02-02 07:00:00,0.0,0.0,0.0,0.0,21.4,66.0,14.7,1005.4,16.2,-1.8221035401853065,-7.892397524760405
2018-02-02 08:00:00,0.0,0.0,0.0,0.0,23.9,59.0,15.4,1006.1,25.6,-3.93323164824519,-10.806465139037947
2018-02-02 09:00:00,0.0,0.0,0.0,0.0,26.6,49.0,15.0,1006.4,29.5,-6.807987937687838,-10.4833820993178
2018-02-02 10:00:00,0.0,0.0,0.0,0.0,29.5,36.0,12.7,1006.2,32.0,-8.725585085573748,-10.037637416962868
2018-02-02 11:00:00,0.0,0.0,0.0,0.0,31.8,26.0,10.1,1005.3,36.7,-11.114533927343956,-11.509436805418419
2018-02-02 12:00:00,0.0,0.0,0.0,0.0,33.3,22.0,8.9,1004.0,38.2,-11.114533927343956,-11.509436805418419
2018-02-02 13:00:00,0.0,0.0,0.0,0.0,34.3,20.0,8.0,1002.5,37.8,-11.518744794899611,-10.371524398562302
2018-02-02 14:00:00,0.0,0.0,0.0,0.0,34.7,19.0,7.6,1001.1,36.7,-11.500351344681016,-8.666136333389495
2018-02-02 15:00:00,0.0,0.0,0.0,0.0,34.5,19.0,7.6,1000.5,34.2,-11.914625479759362,-7.159029241249753
2018-02-02 16:00:00,0.0,0.0,0.0,0.0,33.8,20.0,7.8,1000.5,32.4,-13.302151885227671,-6.487892972478346
2018-02-02 17:00:00,0.0,0.0,0.0,0.0,31.9,26.0,9.8,1001.0,33.5,-15.476313304606936,-4.437761428653687
2018-02-02 18:00:00,0.0,0.0,0.0,0.0,28.0,42.0,14.1,1001.6,34.2,-18.728460324124818,1.6385279636559749
2018-02-02 19:00:00,0.0,0.0,0.0,0.0,26.3,50.0,15.0,1002.9,36.4,-17.59731943475249,-0.30716235329619135
2018-02-02 20:00:00,0.0,0.0,0.0,0.0,25.1,54.0,15.1,1003.9,32.4,-15.844289099865126,-2.2267696153610474
2018-02-02 21:00:00,0.0,0.0,0.0,0.0,24.2,59.0,15.6,1004.7,29.2,-12.291741482791117,-4.232386007943038
2018-02-02 22:00:00,0.0,0.0,0.0,0.0,23.4,64.0,16.1,1005.1,23.0,-3.9402334420842133,-5.043268823083021
2018-02-02 23:00:00,0.0,0.0,0.0,0.0,22.5,68.0,16.4,1004.7,11.5,0.709782814896336,-5.050367150582008
2018-02-03 00:00:00,0.0,0.0,0.0,0.0,22.0,71.0,16.5,1004.1,9.0,0.709782814896336,-5.050367150582008
2018-02-03 01:00:00,0.0,0.0,0.0,0.0,21.0,76.0,16.7,1003.6,9.0,-0.35575801609503904,-5.087576656325103
2018-02-03 02:00:00,0.0,0.0,0.0,0.0,20.1,81.0,16.8,1003.1,8.3,-1.7613968679372003,-5.421022142882375
2018-02-03 03:00:00,0.0,0.0,0.0,0.0,19.6,83.0,16.6,1002.9,8.3,-1.8469087739586112,-5.074340152243906
2018-02-03 04:00:00,0.0,0.0,0.0,0.0,19.0,83.0,16.0,1003.2,9.0,-1.4493866525741161,-5.4091846272187825
2018-02-03 05:00:00,0.0,0.0,0.0,0.0,19.4,78.0,15.4,1003.8,10.4,-1.4171916423663495,-6.1385314081469815
2018-02-03 06:00:00,0.01,0.01,0.0,0.0,19.6,76.0,15.3,1005.1,12.6,-0.37681888494919563,-7.190132650232932
2018-02-03 07:00:00,0.02,0.02,0.0,0.0,21.0,74.0,16.1,1006.4,18.7,2.375814790345865e-15,-9.7
2018-02-03 08:00:00,0.01,0.01,0.0,0.0,23.5,66.0,16.9,1007.0,27.0,-3.183474254761005,-11.88088766335554
2018-02-03 09:00:00,0.16,0.16,0.0,0.0,26.0,52.0,15.4,1007.5,34.2,-8.93433583484559,-12.2970583144992
2018-02-03 10:00:00,0.05,0.05,0.0,0.0,28.1,40.0,13.1,1007.3,36.0,-9.448495863487157,-12.538577507742497
2018-02-03 11:00:00,0.01,0.01,0.0,0.0,30.3,31.0,11.4,1006.2,36.7,-9.110671410533334,-12.539763412811686
2018-02-03 12:00:00,0.0,0.0,0.0,0.0,31.9,27.0,10.6,1004.6,36.7,-9.628601983062513,-11.890333210291656
2018-02-03 13:00:00,0.0,0.0,0.0,0.0,32.9,25.0,10.3,1002.8,36.7,-8.98865753975461,-11.50495700265814
2018-02-03 14:00:00,0.0,0.0,0.0,0.0,33.5,24.0,9.9,1001.2,35.6,-8.741911491736934,-10.4182044264181
2018-02-03 15:00:00,0.0,0.0,0.0,0.0,33.5,23.0,9.6,1000.2,33.1,-8.698697882665158,-9.660882731206126
2018-02-03 16:00:00,0.0,0.0,0.0,0.0,33.2,23.0,9.4,1000.2,31.0,-8.922515159753878,-8.320379992762481
2018-02-03 17:00:00,0.0,0.0,0.0,0.0,31.5,29.0,11.2,1000.8,27.7,-12.20678938138064,-6.219669846431792
2018-02-03 18:00:00,0.05,0.0,0.0,0.05,29.1,36.0,12.6,1001.4,27.0,-13.34900895442939,-1.167886952818619
2018-02-03 19:00:00,0.24,0.0,0.0,0.24,25.8,56.0,16.2,1003.0,34.9,-17.632646156223895,1.5426566466335507
2018-02-03 20:00:00,0.44,0.0,0.0,0.44,25.0,58.0,16.0,1003.7,32.4,-15.086701504948094,-1.8524140197582417
2018-02-03 21:00:00,0.82,0.0,0.0,0.82,24.1,61.0,16.0,1004.5,27.7,-12.575397055470914,-4.330056454280185
2018-02-03 22:00:00,0.79,0.0,0.0,0.79,23.5,64.0,16.2,1005.3,23.4,-7.523858047687012,-5.46640284632
2018-02-03 23:00:00,0.0,0.0,0.0,0.0,22.9,67.0,16.5,1005.5,16.2,-2.8999999999999995,-5.022947341949744
2018-02-04 00:00:00,0.13,0.0,0.0,0.13,22.4,70.0,16.6,1005.0,10.1,-0.35575801609503904,-5.087576656325103
2018-02-04 01:00:00,0.44,0.0,0.0,0.44,22.0,72.0,16.6,1004.4,8.6,0.7352419856890863,-4.6421352007971475
2018-02-04 02:00:00,0.0,0.0,0.0,0.0,21.7,73.0,16.5,1004.0,10.1,0.31924933308196063,-6.0916401620029
2018-02-04 03:00:00,0.28,0.0,0.0,0.28,21.4,73.0,16.2,1003.5,11.9,1.0324674692655254,-6.5187430479279085
2018-02-04 04:00:00,0.86,0.0,0.0,0.86,21.0,74.0,16.0,1003.5,13.3,1.0577155672965006,-7.526037322435934
2018-02-04 05:00:00,0.67,0.0,0.0,0.96,21.2,74.0,16.4,1004.3,14.0,0.3557580160950407,-5.087576656325103
2018-02-04 06:00:00,0.9,0.0,0.0,0.9,21.4,73.0,16.4,1005.1,12.6,0.7212463965468086,-6.862201078041086
2018-02-04 07:00:00,0.35,0.0,0.0,0.35,22.2,69.0,16.4,1005.8,16.6,1.0237024846032368,-8.337387673787106
2018-02-04 08:00:00,0.0,0.0,0.0,0.0,24.3,61.0,16.3,1006.5,26.6,-2.101142949769857,-11.916173811447717
2018-02-04 09:00:00,0.01,0.01,0.0,0.0,26.5,52.0,15.9,1006.8,31.3,-6.0834726965099275,-11.93948742412413
2018-02-04 10:00:00,0.02,0.02,0.0,0.0,28.6,44.0,15.3,1006.3,33.5,-6.478707566445293,-12.184676781453193
2018-02-04 11:00:00,0.25,0.0,0.0,0.25,30.5,38.0,14.6,1005.5,33.5,-6.941942361454984,-11.10943005964918
2018-02-04 12:00:00,0.0,0.0,0.0,0.0,32.2,33.0,13.9,1004.1,32.8,-7.582869291715808,-10.062807426595889
2018-02-04 13:00:00,0.0,0.0,0.0,0.0,33.4,29.0,13.2,1002.6,32.8,-8.320379992762481,-8.922515159753878
2018-02-04 14:00:00,0.0,0.0,0.0,0.0,34.0,27.0,12.6,1001.4,31.7,-9.338333304894507,-6.538771374401925
2018-02-04 15:00:00,0.49,0.0,0.0,0.49,34.0,27.0,12.2,1000.9,29.9,-11.202965117966421,-4.300415394543604
2018-02-04 16:00:00,0.54,0.0,0.0,0.54,33.6,27.0,12.1,1000.7,30.6,-12.238826880281593,-4.944807033090037
2018-02-04 17:00:00,0.16,0.0,0.0,0.06,33.0,29.0,12.9,1000.8,29.9,-12.20678938138064,-6.219669846431792
2018-02-04 18:00:00,0.14,0.0,0.0,0.14,28.4,51.0,17.3,1001.9,35.3,-18.7,-1.1450447572027753e-15
2018-02-04 19:00:00,0.55,0.0,0.0,0.55,26.8,57.0,17.6,1002.9,35.3,-19.42579661278904,1.6995369835793357
2018-02-04 20:00:00,0.75,0.0,0.0,0.75,25.5,62.0,17.8,1004.0,35.3,-12.253194786528471,-1.0720156357961952
2018-02-04 21:00:00,0.83,0.0,0.0,0.83,25.0,64.0,17.7,1005.1,22.3,-7.947845481490627,-3.5386087947594613
2018-02-04 22:00:00,0.87,0.0,0.0,0.87,24.3,67.0,17.9,1005.9,15.5,-3.2393537832226467,-6.092338390726597
2018-02-04 23:00:00,0.8,0.0,0.0,0.8,23.8,71.0,18.1,1006.2,14.8,-3.9754388860199636,-7.171881598543044
2018-02-05 00:00:00,0.43,0.0,0.0,0.43,23.2,73.0,18.2,1005.6,14.4,-2.5085756468171017,-6.535062985480412
2018-02-05 01:00:00,0.65,0.0,0.0,0.65,22.9,74.0,18.0,1005.1,12.2,-1.484676958669509,-6.430842427582553
2018-02-05 02:00:00,0.0,0.0,0.0,0.0,22.5,74.0,17.8,1004.8,11.9,-1.079397808777593,-6.815049550106451
2018-02-05 03:00:00,0.0,0.0,0.0,0.0,22.2,74.0,17.4,1004.3,12.6,1.7634913907721887e-15,-7.2
2018-02-05 04:00:00,0.0,0.0,0.0,0.0,21.9,74.0,17.0,1004.2,12.6,1.0793978087775948,-6.81504955010645
2018-02-05 05:00:00,0.0,0.0,0.0,0.0,22.0,77.0,17.6,1004.4,13.3,-0.3977532674463731,-7.589584464134761
2018-02-05 06:00:00,0.0,0.0,0.0,0.0,22.0,76.0,17.5,1005.2,16.9,-2.159530121701104,-9.353952621938259
2018-02-05 07:00:00,0.02,0.01,0.01,0.0,22.9,72.0,17.6,1006.0,21.6,-2.4969567032169016,-10.81550771911611
2018-02-05 08:00:00,0.01,0.0,0.01,0.0,24.9,65.0,17.9,1006.9,29.9,-4.2335328229367795,-13.029474273243602
2018-02-05 09:00:00,0.24,0.19,0.13,0.0,27.4,54.0,17.4,1007.3,32.4,-8.276054971367055,-12.269756073814618
2018-02-05 10:00:00,0.29,0.23,0.13,0.0,30.2,42.0,16.0,1007.0,34.6,-11.567271091096568,-9.706092906266743
2018-02-05 11:00:00,0.12,0.04,0.1,0.0,31.9,37.0,15.2,1006.2,35.3,-10.775599969422217,-9.702393792203445
2018-02-05 12:00:00,0.3,0.02,0.14,0.17,33.0,34.0,14.9,1005.1,35.3,-10.458357933154138,-9.752576548893728
2018-02-05 13:00:00,0.55,0.0,0.15,0.47,33.6,32.0,14.5,1003.8,34.6,-9.32575153748365,-7.551844692598049
2018-02-05 14:00:00,0.6,0.0,0.2,0.5,34.3,30.0,14.2,1002.6,31.0,-10.771960632878907,-5.727553065987868
2018-02-05 15:00:00,0.18,0.0,0.18,0.0,33.8,31.0,14.4,1002.1,32.4,-12.597678239809435,-5.874393838195722
2018-02-05 16:00:00,0.13,0.02,0.13,0.0,33.2,33.0,14.7,1002.0,31.7,-10.73871500692704,-6.200000000000002
2018-02-05 17:00:00,0.88,0.04,0.11,0.0,32.2,36.0,15.4,1002.8,28.1,-14.344571339445531,-4.385575570841052
2018-02-05 18:00:00,0.15,0.02,0.15,0.0,30.0,45.0,16.9,1003.6,29.9,-16.6,-1.0164568432923032e-15
2018-02-05 19:00:00,0.22,0.0,0.22,0.0,27.6,58.0,18.7,1004.6,35.3,-17.29736512620557,-0.30192663136500625
2018-02-05 20:00:00,0.18,0.0,0.18,0.0,26.2,64.0,19.0,1005.7,31.3,-15.506706947343663,-2.4560211011316255
2018-02-05 21:00:00,0.41,0.0,0.15,0.31,25.7,67.0,19.0,1006.7,28.4,-11.88088766335554,-3.183474254761005
2018-02-05 22:00:00,0.4,0.0,0.13,0.31,25.3,70.0,19.4,1007.0,23.0,-11.127361240653295,-3.615498834186885
2018-02-05 23:00:00,0.36,0.0,0.12,0.28,25.0,72.0,19.5,1007.2,21.2,-7.208537989743128,-5.047472639889206
2018-02-06 00:00:00,0.05,0.01,0.05,0.0,24.8,73.0,19.6,1006.8,15.1,-2.149021206691006,-5.062776693988422
2018-02-06 01:00:00,0.11,0.09,0.1,0.0,24.4,75.0,19.6,1006.5,9.7,-0.6883116461770159,-4.3458286986186065
2018-02-06 02:00:00,0.2,0.18,0.13,0.0,24.2,75.0,19.5,1005.8,9.4,-1.4493866525741161,-5.4091846272187825
2018-02-06 03:00:00,0.25,0.21,0.18,0.0,24.1,73.0,19.1,1005.0,13.0,-1.1419715947936853,-7.210124886344506
2018-02-06 04:00:00,0.31,0.3,0.2,0.0,24.0,73.0,18.8,1004.7,14.0,-1.0577155672964973,-7.5260373224359345
2018-02-06 05:00:00,1.0,0.39,0.19,0.0,24.0,75.0,19.4,1005.3,14.4,-5.36825187331917,-7.9587606965284
2018-02-06 06:00:00,0.99,0.98,0.34,0.0,24.2,73.0,19.1,1005.9,18.7,-6.079910225321088,-8.683011669463312
2018-02-06 07:00:00,0.47,0.12,0.46,0.0,24.9,70.0,19.0,1006.4,23.0,-5.029157314714324,-10.785062665736135
2018-02-06 08:00:00,0.36,0.25,0.31,0.0,26.2,64.0,19.0,1006.9,27.7,-5.856477446640154,-11.493984162029946
2018-02-06 09:00:00,0.27,0.15,0.24,0.0,28.2,56.0,18.7,1007.4,29.9,-7.284420741658284,-10.403230962470195
2018-02-06 10:00:00,0.59,0.56,0.12,0.0,30.8,50.0,19.0,1006.9,29.5,-8.626702730475879,-8.62670273047588
2018-02-06 11:00:00,0.78,0.77,0.26,0.0,32.0,46.0,19.0,1005.9,31.3,-10.855015630802253,-6.782966582185023
2018-02-06 12:00:00,0.29,0.22,0.25,0.0,32.2,45.0,18.9,1004.9,31.3,-11.858178973941639,-3.625409138561936
2018-02-06 13:00:00,0.56,0.54,0.33,0.0,34.1,41.0,19.0,1003.7,31.3,-10.818369254437565,-2.8987733051482323
2018-02-06 14:00:00,0.61,0.38,0.57,0.08,32.0,48.0,19.5,1002.6,34.2,-14.420567482839962,1.5156627173809765
2018-02-06 15:00:00,0.44,0.33,0.25,0.15,32.0,48.0,19.5,1001.9,32.8,-14.082750868074575,-2.483168940637105
2018-02-06 16:00:00,0.46,0.38,0.35,0.09,31.4,51.0,20.0,1002.2,33.5,-15.84118355114072,-4.24463233968134
2018-02-06 17:00:00,0.5,0.24,0.15,0.08,31.1,52.0,20.0,1002.1,34.6,-13.600108183020696,-4.418943019561749
2018-02-06 18:00:00,0.37,0.31,0.23,0.03,30.0,57.0,20.5,1002.6,28.8,-12.605336125844788,-1.547740661245373
2018-02-06 19:00:00,0.22,0.2,0.16,0.01,29.0,63.0,21.1,1003.6,27.0,-15.162973563949327,1.060298400910705
2018-02-06 20:00:00,0.15,0.13,0.14,0.0,27.4,72.0,21.9,1004.9,29.2,-14.080676440039491,-0.7379369830255099
2018-02-06 21:00:00,0.11,0.1,0.1,0.0,26.5,76.0,22.0,1005.6,25.2,-11.546519142684359,-2.8788705576360454
2018-02-06 22:00:00,0.18,0.08,0.09,0.1,26.0,78.0,22.0,1006.0,22.3,-9.735430472951268,-3.9333692308670756
2018-02-06 23:00:00,0.14,0.1,0.05,0.1,25.7,81.0,22.1,1006.2,18.4,-6.143640332167439,-4.301823272632845
2018-02-07 00:00:00,0.27,0.25,0.03,0.16,25.4,83.0,22.2,1005.7,13.3,-4.329989591337347,-4.981083229470295
2018-02-07 01:00:00,0.6,0.44,0.09,0.36,24.8,86.0,22.2,1005.0,13.0,-3.268731598124737,-6.415246974156249
2018-02-07 02:00:00,1.0,1.0,0.2,0.6,24.3,89.0,22.5,1004.4,14.0,0.6623836448822031,-7.571079705497266
2018-02-07 03:00:00,1.0,1.0,0.23,0.59,24.1,92.0,22.8,1003.8,14.4,-2.472403516545019,-6.1194134401407965
2018-02-07 04:00:00,1.0,1.0,0.48,0.6,23.6,96.0,22.9,1003.6,14.0,-3.2678342100901627,-5.032023407672544
2018-02-07 05:00:00,0.91,0.95,0.51,0.58,23.8,96.0,23.0,1003.9,12.2,-3.603450996785793,-5.766727053863696
2018-02-07 06:00:00,0.7,0.67,0.59,0.09,24.0,92.0,22.8,1004.6,11.5,-3.6442685642133337,-5.0159053651246746
2018-02-07 07:00:00,0.69,0.55,0.61,0.04,24.0,92.0,22.8,1005.4,12.2,-3.606244584051392,-3.6062445840513924
2018-02-07 08:00:00,0.64,0.56,0.42,0.12,25.2,87.0,22.9,1006.1,15.1,-4.669166652447253,-3.2693856872009626
2018-02-07 09:00:00,0.36,0.17,0.24,0.11,27.5,75.0,22.5,1006.3,18.0,-4.98963653545486,-2.542346798541462
2018-02-07 10:00:00,0.43,0.17,0.41,0.0,29.7,62.0,21.5,1005.8,24.1,-6.415246974156249,-3.2687315981247376
2018-02-07 11:00:00,0.39,0.25,0.35,0.0,30.7,56.0,21.0,1005.0,22.7,-4.36478950439999,-4.6806636903626915
2018-02-07 12:00:00,0.32,0.22,0.3,0.0,32.0,51.0,20.5,1003.9,22.0,-2.490620541896063,-3.9858260519352022
2018-02-07 13:00:00,0.41,0.23,0.4,0.03,32.7,48.0,20.1,1002.4,23.0,-3.984778792366982,-0.34862297099063255
2018-02-07 14:00:00,0.72,0.61,0.51,0.35,31.9,49.0,19.9,1001.7,24.1,-8.652745622452938,3.6728726077991736
2018-02-07 15:00:00,0.83,0.01,0.56,0.74,30.2,56.0,20.4,1001.0,29.2,-7.149742845404133,5.789747597658502
2018-02-07 16:00:00,0.9,0.23,0.38,0.87,31.0,53.0,20.3,1001.3,24.5,-6.881011852206847,4.641301098807197
2018-02-07 17:00:00,0.74,0.05,0.16,0.88,30.9,54.0,20.5,1001.2,20.9,-7.232034065620942,2.9219314286441143
2018-02-07 18:00:00,0.81,0.19,0.14,0.78,29.9,58.0,20.9,1002.1,16.6,-3.5996106142446207,4.289848881466276
2018-02-07 19:00:00,0.8,0.21,0.27,0.75,28.5,67.0,21.9,1003.2,23.0,-5.450271017215726,12.241509132410851
2018-02-07 20:00:00,0.72,0.27,0.16,0.65,25.5,82.0,22.2,1004.6,29.2,-11.18971163477331,10.434574908956225
2018-02-07 21:00:00,1.0,1.0,0.32,0.94,24.1,91.0,22.5,1005.8,26.6,-7.929958065276475,4.040515447681966
2018-02-07 22:00:00,1.0,1.0,1.0,0.93,24.2,94.0,23.1,1006.6,16.2,0.6945927106677219,3.939231012048832
2018-02-07 23:00:00,1.0,1.0,0.96,0.96,24.3,94.0,23.2,1006.4,8.6,0.7107390870623786,2.187429987478853
2018-02-08 00:00:00,0.99,0.96,0.99,0.44,24.2,94.0,23.2,1005.9,6.5,1.7677669529663693,-1.7677669529663684
2018-02-08 01:00:00,1.0,1.0,0.97,0.21,24.1,93.0,23.0,1004.9,8.6,2.493024310163928,-2.867896404846533
2018-02-08 02:00:00,0.64,0.32,0.6,0.23,24.1,93.0,22.9,1004.1,8.6,2.87726160734309,-3.195522749552796
2018-02-08 03:00:00,1.0,1.0,0.45,0.25,23.6,94.0,22.5,1003.5,14.0,1.0793978087775948,-6.81504955010645
2018-02-08 04:00:00,0.96,0.95,0.35,0.14,23.6,94.0,22.5,1003.3,13.7,1.0793978087775948,-6.81504955010645
2018-02-08 05:00:00,0.48,0.18,0.44,0.1,23.5,94.0,22.5,1003.7,16.9,-0.3385251180142594,-9.694091022085228
2018-02-08 06:00:00,0.43,0.18,0.36,0.12,23.8,92.0,22.5,1004.4,18.4,-1.0577155672964973,-7.5260373224359345
2018-02-08 07:00:00,0.43,0.23,0.32,0.15,24.3,89.0,22.5,1005.5,16.6,-0.7233926648055629,-8.268415994161488
2018-02-08 08:00:00,0.33,0.25,0.25,0.07,26.0,78.0,21.9,1005.9,23.8,-3.93323164824519,-10.806465139037947
2018-02-08 09:00:00,0.63,0.6,0.17,0.06,28.0,66.0,21.2,1006.1,28.8,-5.3999999999999995,-9.353074360871938
2018-02-08 10:00:00,0.62,0.59,0.12,0.14,30.1,55.0,20.1,1005.8,25.9,-5.047472639889206,-7.208537989743128
2018-02-08 11:00:00,0.38,0.24,0.05,0.29,31.8,50.0,20.0,1004.8,32.0,-5.777694242791447,-5.387787044493738
2018-02-08 12:00:00,0.25,0.21,0.01,0.11,33.2,45.0,19.9,1003.4,31.7,-6.86918957886705,-4.29234604028896
2018-02-08 13:00:00,0.33,0.09,0.04,0.29,33.9,43.0,19.5,1002.0,27.0,-8.308865795825096,-3.1894747509531736
2018-02-08 14:00:00,0.81,0.73,0.1,0.49,34.2,41.0,19.3,1000.5,26.3,-8.96575228282571,-0.7844016847289232
2018-02-08 15:00:00,0.97,0.95,0.42,0.61,33.3,43.0,19.2,999.9,26.3,-11.837607860567156,2.951447126315947
2018-02-08 16:00:00,0.6,0.14,0.34,0.49,30.9,53.0,20.2,1000.2,28.8,-3.2687315981247376,6.415246974156248
2018-02-08 17:00:00,0.84,0.02,0.16,0.32,32.5,40.0,17.2,999.6,18.4,-10.400704331592486,3.581249699028723
2018-02-08 18:00:00,0.25,0.09,0.2,0.1,29.0,65.0,21.7,1000.5,26.6,-8.276054971367055,12.269756073814616
2018-02-08 19:00:00,0.18,0.0,0.15,0.05,27.5,70.0,21.5,1001.8,26.6,-5.827637674660791,8.973775077016036
2018-02-08 20:00:00,0.17,0.0,0.11,0.11,26.9,72.0,21.5,1002.8,19.8,-4.948496447161061,9.71197111365321
2018-02-08 21:00:00,0.17,0.0,0.14,0.09,26.2,74.0,21.2,1003.5,19.4,-1.7937955949114477,3.2360929164157644
2018-02-08 22:00:00,0.26,0.01,0.23,0.05,25.5,78.0,21.4,1004.1,6.5,2.4992804094396295,0.7166571251241971
2018-02-08 23:00:00,0.27,0.0,0.26,0.03,25.2,79.0,21.4,1003.7,4.7,1.089577199374912,2.138415658052083
2018-02-09 00:00:00,0.31,0.06,0.2,0.15,25.0,81.0,21.6,1003.5,4.7,1.4375439180851277,-1.0832670416736863
2018-02-09 01:00:00,0.39,0.09,0.03,0.35,24.6,83.0,21.6,1002.8,4.3,-1.8221342821066668,-2.5079526825623373
2018-02-09 02:00:00,0.39,0.13,0.03,0.35,24.6,77.0,20.4,1002.3,11.2,-5.420413862312148,-3.93816119035957
2018-02-09 03:00:00,0.4,0.1,0.01,0.36,24.5,69.0,18.5,1001.8,12.2,-5.772490067120011,-3.199743493625825
2018-02-09 04:00:00,0.32,0.09,0.0,0.29,24.1,73.0,18.9,1001.9,11.5,-5.400153994423308,-3.244739871933341
2018-02-09 05:00:00,0.4,0.0,0.61,0.27,24.8,69.0,18.6,1001.8,10.4,-8.65135526344487,-2.4807362023529924
2018-02-09 06:00:00,0.53,0.02,0.5,0.06,24.9,72.0,19.5,1002.9,16.9,-7.878462024097664,-1.3891854213354433
2018-02-09 07:00:00,0.18,0.03,0.0,0.17,25.2,75.0,20.5,1003.5,14.0,-6.49109197590473,-0.3401837155791358
2018-02-09 08:00:00,0.32,0.03,0.0,0.3,26.9,71.0,21.2,1004.6,18.7,-6.518743047927909,-1.032467469265524
2018-02-09 09:00:00,0.56,0.04,0.0,0.54,28.9,61.0,20.5,1005.0,19.8,-5.791600382341218,-1.125773072721615
2018-02-09 10:00:00,0.79,0.6,0.0,0.54,31.1,51.0,19.6,1004.8,21.6,-5.788198644282651,-2.2218812871808624
2018-02-09 11:00:00,0.41,0.22,0.14,0.31,33.2,44.0,19.2,1003.5,26.3,-7.171881598543044,-3.975438886019964
2018-02-09 12:00:00,0.31,0.24,0.09,0.11,34.0,42.0,19.2,1002.2,26.3,-8.60769888645749,-1.8296228791962834
2018-02-09 13:00:00,0.13,0.09,0.05,0.05,34.8,39.0,18.8,1000.8,28.1,-10.393664600998596,0.36295476570600993
2018-02-09 14:00:00,0.45,0.31,0.05,0.3,35.3,37.0,18.5,999.7,28.4,-9.03216997993603,1.109011024986841
2018-02-09 15:00:00,0.66,0.2,0.08,0.61,32.5,46.0,19.5,999.5,32.8,-12.63591663273075,7.895797037074751
2018-02-09 16:00:00,0.45,0.02,0.13,0.39,32.2,48.0,19.9,999.5,34.2,-9.393110360988748,6.099957192168304
2018-02-09 17:00:00,0.54,0.0,0.23,0.27,30.2,57.0,20.9,1000.1,28.1,-13.365097862825518,6.809857496093201
2018-02-09 18:00:00,0.27,0.0,0.22,0.12,28.8,62.0,20.6,1001.0,30.2,-12.211892584652535,7.630837404958149
2018-02-09 19:00:00,0.63,0.0,0.62,0.17,27.0,67.0,20.3,1002.5,27.4,-10.4833820993178,6.80798793768784
2018-02-09 20:00:00,0.97,0.02,0.96,0.41,25.6,76.0,21.1,1003.7,22.0,-5.3994159213669315,6.434773322199415
2018-02-09 21:00:00,0.96,0.03,0.95,0.39,25.5,79.0,21.5,1004.4,15.1,-1.4273391840380396,5.7247447850283795
2018-02-09 22:00:00,0.77,0.09,0.41,0.71,25.1,85.0,22.4,1005.1,12.6,6.535062985480412,-2.5085756468171025
2018-02-09 23:00:00,0.75,0.14,0.33,0.64,24.8,88.0,22.5,1005.1,13.0,4.680663690362691,-4.364789504399992
2018-02-10 00:00:00,0.63,0.15,0.31,0.55,24.7,87.0,22.4,1004.8,11.2,1.1110124779464012,-3.633958072659534
2018-02-10 01:00:00,0.75,0.08,0.21,0.69,24.6,87.0,22.3,1003.7,7.9,-1.7489675652259409,-3.9282454678631837
2018-02-10 02:00:00,0.62,0.04,0.15,0.56,24.3,88.0,22.2,1003.1,7.9,-2.8801477362331185,-3.9641832724372428
2018-02-10 03:00:00,0.56,0.02,0.17,0.48,24.1,86.0,21.6,1002.9,9.7,-4.313351365237939,-4.31335136523794
2018-02-10 04:00:00,0.37,0.06,0.09,0.31,23.8,84.0,20.9,1002.8,9.7,-5.0159053651246746,-3.6442685642133337
2018-02-10 05:00:00,0.46,0.14,0.04,0.21,23.9,81.0,20.5,1003.2,10.8,-4.023790324368742,-4.314986839553106
2018-02-10 06:00:00,0.21,0.12,0.02,0.12,24.0,84.0,21.0,1003.9,11.2,-3.2693856872009626,-4.669166652447253
2018-02-10 07:00:00,0.2,0.13,0.02,0.1,24.6,83.0,21.6,1005.0,14.4,-4.658019105832602,-5.358438019581681
2018-02-10 08:00:00,0.35,0.32,0.01,0.06,26.5,70.0,20.6,1005.7,23.4,-7.54709580222772,-6.560590289905073
2018-02-10 09:00:00,0.16,0.12,0.01,0.06,28.5,57.0,19.2,1006.3,25.2,-7.208504807130724,-6.490566881680924
2018-02-10 10:00:00,0.15,0.05,0.0,0.12,30.5,48.0,18.3,1006.2,26.3,-7.200817765318393,-6.04220353105347
2018-02-10 11:00:00,0.04,0.03,0.0,0.01,32.3,40.0,16.9,1005.4,27.7,-8.30888721782426,-4.605691392340202
2018-02-10 12:00:00,0.04,0.0,0.0,0.04,34.0,32.0,15.0,1003.9,28.4,-9.335804264972017,-3.583679495453004
2018-02-10 13:00:00,0.02,0.0,0.0,0.02,34.8,29.0,14.2,1002.6,28.8,-10.045039080724521,-1.77121141220269
2018-02-10 14:00:00,0.12,0.0,0.0,0.12,35.3,28.0,14.2,1001.3,31.0,-12.283143277481258,-0.6437322617882109
2018-02-10 15:00:00,0.3,0.0,0.04,0.27,35.3,28.0,14.4,1000.8,32.0,-13.681224626137661,0.7170026005283306
2018-02-10 16:00:00,0.37,0.07,0.33,0.05,32.3,48.0,19.8,1001.0,39.2,-15.856733089748971,11.520590944932472
2018-02-10 17:00:00,0.3,0.0,0.06,0.01,31.0,54.0,20.8,1001.3,42.1,-11.546638910232929,13.28288861192079
2018-02-10 18:00:00,0.04,0.0,0.04,0.0,29.8,55.0,19.7,1002.0,34.9,-11.892549817311727,8.640443208699352
2018-02-10 19:00:00,0.01,0.0,0.01,0.0,28.5,55.0,18.5,1003.4,27.0,-13.987510690493423,2.9731371786939587
2018-02-10 20:00:00,0.12,0.0,0.01,0.12,27.1,56.0,17.6,1004.6,25.9,-14.397806810252035,0.2513146526968821
2018-02-10 21:00:00,0.34,0.0,0.01,0.34,25.8,68.0,19.4,1005.3,26.3,-12.977032895167305,-3.7211043035294886
2018-02-10 22:00:00,0.45,0.01,0.0,0.44,25.1,73.0,19.9,1005.8,24.5,-6.490566881680924,-7.208504807130724
2018-02-10 23:00:00,0.62,0.01,0.0,0.61,24.6,75.0,20.0,1006.3,16.9,-3.603450996785793,-5.766727053863696
2018-02-11 00:00:00,0.72,0.12,0.0,0.69,24.1,80.0,20.5,1006.0,11.5,-2.914555953282627,-4.664264528860342
2018-02-11 01:00:00,0.48,0.12,0.0,0.44,23.9,83.0,20.9,1005.4,10.4,-2.2218812871808615,-5.788198644282651
2018-02-11 02:00:00,0.53,0.09,0.0,0.5,23.9,83.0,20.8,1004.8,11.5,-0.7555899291119144,-6.153786140176196
2018-02-11 03:00:00,0.31,0.23,0.0,0.2,23.4,85.0,20.7,1004.6,10.8,-0.37668495821827663,-5.386845871403051
2018-02-11 04:00:00,0.81,0.23,0.0,0.78,23.5,84.0,20.5,1004.5,10.4,-0.7555899291119144,-6.153786140176196
2018-02-11 05:00:00,0.3,0.29,0.0,0.02,23.4,86.0,20.9,1004.8,10.8,0.4045875477159287,-5.78587149150698
2018-02-11 06:00:00,0.39,0.38,0.0,0.01,23.6,84.0,20.6,1005.6,11.9,0.6794350112397471,-6.4643923198937765
2018-02-11 07:00:00,0.84,0.83,0.0,0.04,24.6,78.0,20.5,1006.4,15.5,1.7634913907721887e-15,-7.2
2018-02-11 08:00:00,0.51,0.44,0.0,0.11,26.2,70.0,20.3,1007.0,24.5,-7.57177623800307,-7.8408038236912985
2018-02-11 09:00:00,0.61,0.42,0.0,0.34,28.1,60.0,19.5,1007.9,25.2,-7.121464023352646,-6.877117867544073
2018-02-11 10:00:00,0.69,0.3,0.0,0.56,29.9,50.0,18.5,1007.4,28.1,-7.840803823691297,-7.57177623800307
2018-02-11 11:00:00,0.71,0.29,0.0,0.6,31.3,44.0,17.5,1006.4,28.8,-8.274112912870581,-6.464445490919412
2018-02-11 12:00:00,0.71,0.18,0.0,0.65,32.9,39.0,17.0,1004.8,28.8,-8.650090580795544,-5.40517649517869
2018-02-11 13:00:00,0.71,0.12,0.0,0.68,34.0,35.0,16.6,1003.2,29.5,-9.735430472951268,-3.9333692308670756
2018-02-11 14:00:00,0.73,0.11,0.0,0.7,34.5,33.0,16.0,1002.0,29.5,-10.093247807352348,-2.8941922360784913
2018-02-11 15:00:00,0.68,0.0,0.07,0.65,34.7,32.0,15.6,1001.4,28.8,-11.160878248725057,-1.7677094549546095
2018-02-11 16:00:00,0.86,0.0,0.07,0.85,34.2,32.0,15.3,1001.6,30.2,-12.977032895167305,3.7211043035294873
2018-02-11 17:00:00,0.71,0.04,0.05,0.72,32.8,37.0,16.3,1001.9,31.7,-14.80343011745011,4.244815279581785
2018-02-11 18:00:00,0.2,0.0,0.0,0.2,30.0,46.0,17.2,1002.7,31.7,-14.750570738655789,5.662213602815744
2018-02-11 19:00:00,0.02,0.0,0.0,0.02,28.5,51.0,17.5,1003.7,28.8,-13.987510690493423,2.9731371786939587
2018-02-11 20:00:00,0.0,0.0,0.0,0.0,27.5,58.0,18.5,1004.8,25.9,-12.569373835729534,2.901868601035859
2018-02-11 21:00:00,0.0,0.0,0.0,0.0,26.4,66.0,19.6,1005.3,23.0,-10.397814721786489,-1.4613175600806874
2018-02-11 22:00:00,0.0,0.0,0.0,0.0,25.2,74.0,20.3,1006.2,18.7,-3.23084408978756,-2.524212048835199
2018-02-11 23:00:00,0.11,0.07,0.01,0.05,24.7,78.0,20.5,1006.6,6.5,9.797174393178826e-16,-4.0
2018-02-12 00:00:00,0.28,0.09,0.02,0.21,24.4,80.0,20.6,1006.4,5.0,0.6945927106677215,-3.939231012048832
2018-02-12 01:00:00,0.36,0.14,0.04,0.25,24.2,81.0,20.8,1005.9,5.0,0.7423384793347556,-3.215421213791276
2018-02-12 02:00:00,0.38,0.25,0.06,0.18,24.4,81.0,21.0,1005.4,8.3,1.2246467991473533e-15,-5.0
2018-02-12 03:00:00,0.69,0.51,0.1,0.37,24.5,82.0,21.2,1005.1,13.0,-2.921931428644114,-7.232034065620942
2018-02-12 04:00:00,0.83,0.54,0.07,0.65,24.5,83.0,21.5,1005.0,15.8,-4.040515447681967,-7.929958065276475
2018-02-12 05:00:00,0.89,0.73,0.02,0.76,24.1,86.0,21.5,1005.3,16.6,-1.0237024846032388,-8.337387673787106
2018-02-12 06:00:00,0.89,0.78,0.0,0.53,24.5,82.0,21.2,1006.0,17.3,-0.3280552690035091,-9.394273773979501
2018-02-12 07:00:00,0.53,0.25,0.0,0.37,25.1,78.0,21.0,1006.9,22.3,-1.1707187885977188,-11.13864522812466
2018-02-12 08:00:00,0.59,0.2,0.0,0.49,26.7,70.0,20.7,1007.6,26.3,-3.615498834186884,-11.127361240653295
2018-02-12 09:00:00,0.47,0.43,0.02,0.22,29.0,58.0,19.9,1008.0,29.5,-8.200737862381342,-9.43386975278465
2018-02-12 10:00:00,0.56,0.44,0.02,0.48,31.0,50.0,19.3,1008.0,29.5,-8.556838308944293,-7.979380812731232
2018-02-12 11:00:00,0.74,0.4,0.02,0.57,32.2,45.0,18.6,1007.3,29.5,-7.924450592339106,-6.888619804400326
2018-02-12 12:00:00,0.42,0.21,0.29,0.29,33.8,38.0,17.5,1005.9,28.1,-7.149742845404131,-5.789747597658503
2018-02-12 13:00:00,0.46,0.04,0.42,0.08,34.5,35.0,16.9,1004.4,28.1,-9.328529057720685,-5.829111906565254
2018-02-12 14:00:00,0.65,0.11,0.5,0.32,34.2,36.0,17.1,1003.4,32.0,-12.591881118531171,-4.583069920563962
2018-02-12 15:00:00,0.8,0.0,0.29,0.76,34.4,35.0,17.0,1002.7,31.7,-12.623222778712067,-3.859306502340125
2018-02-12 16:00:00,0.6,0.0,0.27,0.54,33.7,38.0,17.2,1002.6,36.0,-17.257858069494958,-1.2067869957733666
2018-02-12 17:00:00,0.31,0.0,0.0,0.05,32.0,42.0,17.5,1003.0,37.4,-19.39704528603399,-0.3385766848833018
2018-02-12 18:00:00,0.43,0.0,0.01,0.42,29.1,59.0,20.4,1004.0,39.2,-18.743573216875497,-5.730485412565641
2018-02-12 19:00:00,0.44,0.0,0.03,0.43,27.2,67.0,20.7,1005.4,36.7,-18.77423525338599,-0.9839159773673466
2018-02-12 20:00:00,0.51,0.0,0.03,0.5,26.2,70.0,20.4,1006.5,34.6,-14.772116295183121,-2.604722665003956
2018-02-12 21:00:00,0.02,0.0,0.01,0.0,25.8,71.0,20.1,1007.8,28.4,-11.86795333845488,-4.794964395723674
2018-02-12 22:00:00,0.02,0.0,0.01,0.02,25.5,72.0,20.0,1008.5,23.0,-7.171881598543044,-3.975438886019964
2018-02-12 23:00:00,0.3,0.02,0.0,0.3,25.0,73.0,20.0,1008.7,14.8,-3.921004419087889,-4.6728711030257655
2018-02-13 00:00:00,0.28,0.08,0.0,0.26,24.6,75.0,20.0,1008.2,10.8,-2.9055391983331,-5.702441754805555
2018-02-13 01:00:00,0.21,0.21,0.0,0.02,24.3,76.0,19.9,1007.1,11.2,-1.0324674692655236,-6.518743047927909
2018-02-13 02:00:00,0.27,0.26,0.0,0.05,24.1,76.0,19.7,1006.5,11.9,-0.3558845024520181,-6.790680836331102
2018-02-13 03:00:00,0.33,0.32,0.0,0.03,24.0,76.0,19.5,1006.3,12.6,0.37681888494919946,-7.190132650232932
2018-02-13 04:00:00,0.55,0.51,0.0,0.09,23.8,76.0,19.2,1006.3,13.0,0.37681888494919946,-7.190132650232932
2018-02-13 05:00:00,0.59,0.33,0.0,0.08,23.5,77.0,19.3,1006.7,13.0,-2.4967470462773815,-6.859756131737131
2018-02-13 06:00:00,0.91,0.86,0.0,0.34,23.6,78.0,19.5,1007.3,13.3,-1.1419715947936853,-7.210124886344506
2018-02-13 07:00:00,0.85,0.53,0.0,0.69,24.5,74.0,19.7,1008.3,21.2,-1.5169868004647133,-10.793921949283117
2018-02-13 08:00:00,0.88,0.61,0.0,0.7,26.2,66.0,19.2,1009.0,30.6,-6.901231972952594,-12.979329615026225
2018-02-13 09:00:00,0.84,0.6,0.0,0.61,27.9,57.0,18.7,1009.7,32.4,-8.316858327090168,-11.87770464219038
2018-02-13 10:00:00,0.85,0.6,0.0,0.65,29.9,48.0,17.8,1009.5,34.6,-9.29648827741744,-11.8989623794615
2018-02-13 11:00:00,0.7,0.26,0.0,0.6,31.0,41.0,16.3,1009.2,36.0,-9.628601983062513,-11.890333210291656
2018-02-13 12:00:00,0.82,0.16,0.01,0.79,32.5,35.0,15.1,1007.9,35.6,-9.709673629059509,-11.169701787297026
2018-02-13 13:00:00,0.76,0.07,0.0,0.74,33.8,31.0,14.5,1006.3,36.7,-10.767204742114458,-11.149766905249093
2018-02-13 14:00:00,0.84,0.01,0.02,0.84,34.3,30.0,14.1,1004.9,37.1,-10.824034783963723,-10.093575728924979
2018-02-13 15:00:00,0.83,0.0,0.01,0.83,34.6,28.0,13.7,1004.3,34.9,-9.02458126353441,-6.800509761618146
2018-02-13 16:00:00,0.73,0.0,0.06,0.71,34.3,29.0,13.6,1003.8,29.5,-11.533454107727392,-7.206901993571586
2018-02-13 17:00:00,0.74,0.0,0.0,0.31,32.8,33.0,14.1,1004.7,32.4,-11.101033589657371,-8.36522882181347
2018-02-13 18:00:00,0.72,0.0,0.04,0.71,30.9,38.0,14.9,1004.9,26.6,-13.644067431374573,-7.563030075842859
2018-02-13 19:00:00,0.4,0.0,0.0,0.4,27.1,61.0,19.0,1006.1,41.4,-16.593164121998313,-2.6280990126758796
2018-02-13 20:00:00,0.04,0.0,0.0,0.04,26.4,64.0,19.0,1007.5,33.5,-17.6066568132085,-3.74241043471967
2018-02-13 21:00:00,0.04,0.0,0.0,0.04,25.6,68.0,19.4,1008.2,33.1,-15.129051194653126,-5.506524307543269
2018-02-13 22:00:00,0.0,0.0,0.0,0.0,25.2,70.0,19.2,1008.9,29.2,-12.972345498524932,-5.775660331676363
2018-02-13 23:00:00,0.0,0.0,0.0,0.0,24.7,73.0,19.5,1009.0,25.6,-6.505382386916236,-6.505382386916237
2018-02-14 00:00:00,0.06,0.0,0.0,0.06,24.1,76.0,19.7,1008.6,15.5,-2.149021206691006,-5.062776693988422
2018-02-14 01:00:00,0.31,0.07,0.0,0.27,23.7,78.0,19.6,1008.1,9.4,-1.4493866525741161,-5.4091846272187825
2018-02-14 02:00:00,0.36,0.23,0.0,0.21,23.2,79.0,19.5,1007.4,10.1,-1.4493866525741161,-5.4091846272187825
2018-02-14 03:00:00,0.47,0.32,0.0,0.25,23.4,79.0,19.4,1007.2,11.2,-0.6794350112397476,-6.4643923198937765
2018-02-14 04:00:00,0.65,0.53,0.0,0.3,23.1,80.0,19.4,1007.3,11.9,1.6655196468404002e-15,-6.8
2018-02-14 05:00:00,0.71,0.92,0.0,0.27,23.1,80.0,19.5,1007.5,13.3,-1.060263287624783,-8.6351515192795
2018-02-14 06:00:00,0.95,0.95,0.0,0.0,23.5,79.0,19.7,1008.0,17.3,-0.7582549619046259,-8.666893873398186
2018-02-14 07:00:00,0.71,0.61,0.0,0.26,24.2,76.0,19.9,1008.7,23.8,-3.9863192274368213,-12.26862906020748
2018-02-14 08:00:00,0.74,0.52,0.0,0.47,25.9,68.0,19.4,1009.4,29.2,-6.0834726965099275,-11.93948742412413
2018-02-14 09:00:00,0.68,0.39,0.0,0.48,27.8,57.0,18.5,1009.6,29.9,-6.782966582185023,-10.855015630802253
2018-02-14 10:00:00,0.68,0.23,0.0,0.58,29.7,48.0,17.5,1009.9,31.3,-7.26950774511971,-10.777488443215542
2018-02-14 11:00:00,0.77,0.17,0.0,0.72,31.5,39.0,15.9,1008.7,34.6,-7.951729911219395,-12.24459029200319
2018-02-14 12:00:00,0.86,0.21,0.0,0.83,32.7,35.0,15.2,1007.6,37.8,-11.461863112573454,-11.869106705587745
2018-02-14 13:00:00,0.75,0.08,0.07,0.73,33.7,32.0,14.6,1006.1,38.2,-12.94427190999916,-9.40456403667957
2018-02-14 14:00:00,0.43,0.0,0.12,0.36,34.7,28.0,13.7,1004.8,37.8,-13.68320137979413,-7.900000000000002
2018-02-14 15:00:00,0.73,0.0,0.02,0.72,34.8,27.0,13.1,1004.1,36.7,-13.623471831096118,-5.782820701641251
2018-02-14 16:00:00,0.55,0.0,0.03,0.54,34.4,27.0,12.9,1004.1,34.2,-15.506504639828792,-5.339317733097371
2018-02-14 17:00:00,0.0,0.0,0.0,0.0,32.5,35.0,15.0,1004.9,36.7,-15.102736004171147,-3.486741342329906
2018-02-14 18:00:00,0.0,0.0,0.0,0.0,30.0,45.0,16.6,1005.2,31.0,-13.987510690493423,2.9731371786939587
2018-02-14 19:00:00,0.0,0.0,0.0,0.0,28.9,46.0,16.2,1006.2,26.3,-15.483719965604624,1.9011617571202988
2018-02-14 20:00:00,0.01,0.0,0.01,0.0,26.6,68.0,20.2,1007.3,33.8,-17.997258512815044,-0.3141433158711048
2018-02-14 21:00:00,0.01,0.01,0.01,0.0,25.8,76.0,21.3,1008.2,32.4,-15.086701504948094,-1.8524140197582417
2018-02-14 22:00:00,0.01,0.01,0.0,0.0,25.3,81.0,21.8,1008.8,27.7,-12.26862906020748,-3.986319227436822
2018-02-14 23:00:00,0.03,0.02,0.0,0.01,25.0,82.0,21.7,1008.5,23.0,-8.579697762932554,-7.1992212284892405
2018-02-15 00:00:00,0.06,0.04,0.0,0.02,24.8,83.0,21.6,1008.2,19.8,-4.995869326627525,-8.31452281681049
2018-02-15 01:00:00,0.17,0.1,0.0,0.08,24.5,83.0,21.4,1007.5,18.4,-3.557009490586955,-9.772803256173448
2018-02-15 02:00:00,0.2,0.13,0.0,0.08,24.1,83.0,21.0,1007.0,19.4,-3.5812496990287235,-10.400704331592486
2018-02-15 03:00:00,0.17,0.17,0.0,0.0,23.9,83.0,20.9,1006.7,20.5,-3.93323164824519,-10.806465139037947
2018-02-15 04:00:00,0.28,0.27,0.01,0.0,23.6,85.0,21.0,1006.4,22.0,-3.9719314843773117,-11.535326622311665
2018-02-15 05:00:00,0.28,0.91,0.01,0.0,24.0,84.0,21.1,1007.1,23.8,-5.775660331676363,-12.972345498524932
2018-02-15 06:00:00,0.72,0.71,0.01,0.0,24.6,79.0,20.7,1007.6,33.1,-8.726573164434066,-15.743154728509124
2018-02-15 07:00:00,0.17,0.16,0.06,0.0,25.1,75.0,20.3,1008.3,33.8,-9.099999999999998,-15.761662348876785
2018-02-15 08:00:00,0.16,0.15,0.12,0.0,26.8,62.0,19.0,1008.9,40.0,-10.545393358240776,-16.876157113512875
2018-02-15 09:00:00,0.13,0.09,0.12,0.0,28.8,54.0,18.5,1009.3,41.4,-10.386417578970816,-16.62174268466595
2018-02-15 10:00:00,0.6,0.59,0.13,0.0,31.4,44.0,17.8,1009.0,45.4,-15.393871727247133,-14.86568912782254
2018-02-15 11:00:00,0.84,0.84,0.24,0.0,32.9,39.0,17.0,1007.9,45.0,-16.086921402159298,-13.026932094731633
2018-02-15 12:00:00,0.96,0.75,0.96,0.0,33.5,36.0,16.4,1006.7,43.9,-15.857119972562844,-13.305703520511365
2018-02-15 13:00:00,0.96,0.23,0.96,0.0,33.3,37.0,16.6,1005.6,43.9,-16.942231202544523,-13.236721719501654
2018-02-15 14:00:00,0.27,0.02,0.27,0.0,32.9,39.0,17.2,1004.7,45.4,-18.273136019851655,-10.550000000000002
2018-02-15 15:00:00,0.14,0.01,0.14,0.0,33.8,36.0,16.6,1004.1,44.3,-17.97861963851623,-11.234288401743944
2018-02-15 16:00:00,0.28,0.0,0.28,0.0,33.0,39.0,17.2,1004.4,45.4,-16.494801724067027,-7.6916523636807295
2018-02-15 17:00:00,0.24,0.0,0.3,0.0,33.5,33.0,15.1,1004.2,41.4,-16.194675050769,-9.350000000000001
2018-02-15 18:00:00,0.09,0.0,0.09,0.0,31.1,43.0,17.1,1004.9,35.6,-17.63609817261276,-4.071614083623955
2018-02-15 19:00:00,0.03,0.0,0.03,0.0,28.7,61.0,20.4,1005.8,35.3,-18.371003135069564,-2.9096810497482952
2018-02-15 20:00:00,0.03,0.02,0.03,0.0,27.8,65.0,20.6,1006.9,33.5,-14.74137600257488,-4.789763412811686
2018-02-15 21:00:00,0.03,0.02,0.01,0.0,27.0,69.0,20.9,1007.9,28.4,-14.750570738655789,-5.662213602815746
2018-02-15 22:00:00,0.01,0.01,0.01,0.0,26.3,72.0,20.8,1008.5,28.4,-13.322724469438754,-6.212488447588282
2018-02-15 23:00:00,0.01,0.0,0.0,0.01,25.8,74.0,20.9,1008.4,26.6,-12.979329615026224,-6.901231972952595
2018-02-16 00:00:00,0.01,0.0,0.0,0.01,25.4,74.0,20.5,1008.1,26.6,-12.269756073814618,-8.276054971367053
2018-02-16 01:00:00,0.03,0.01,0.0,0.02,25.0,74.0,20.1,1007.5,26.6,-11.222383006759188,-7.85799717800933
2018-02-16 02:00:00,0.05,0.04,0.03,0.0,24.5,78.0,20.3,1007.1,24.1,-7.988571260278468,-8.272407703894489
2018-02-16 03:00:00,0.08,0.07,0.01,0.01,24.1,80.0,20.5,1006.8,20.2,-5.815606196095768,-8.621990754572435
2018-02-16 04:00:00,0.5,0.15,0.0,0.41,23.9,83.0,20.7,1006.6,18.4,-4.352968095929205,-9.334970206477495
2018-02-16 05:00:00,0.42,0.26,0.01,0.66,23.8,83.0,20.8,1006.9,19.1,-4.766900247265242,-9.355568503977864
2018-02-16 06:00:00,0.25,0.25,0.02,0.0,24.0,84.0,21.1,1007.6,20.9,-5.029157314714324,-10.785062665736135
2018-02-16 07:00:00,0.32,0.32,0.02,0.0,24.8,80.0,21.1,1008.4,25.6,-6.478707566445293,-12.184676781453193
2018-02-16 08:00:00,0.36,0.35,0.02,0.02,26.9,68.0,20.5,1008.8,35.6,-10.094945279778411,-14.417075979486256
2018-02-16 09:00:00,0.22,0.19,0.01,0.03,28.9,57.0,19.6,1009.0,37.4,-10.168684864659786,-13.995994002686592
2018-02-16 10:00:00,0.27,0.14,0.0,0.15,30.9,47.0,18.4,1008.6,37.4,-10.446718491427301,-12.900622960185718
2018-02-16 11:00:00,0.5,0.15,0.04,0.42,33.3,38.0,17.2,1007.7,39.2,-11.878658134848854,-12.300710585790936
2018-02-16 12:00:00,0.52,0.17,0.12,0.42,34.7,33.0,16.2,1006.1,39.2,-12.484833068020224,-11.241394186828819
2018-02-16 13:00:00,0.46,0.01,0.26,0.28,35.7,29.0,14.8,1004.7,38.5,-11.547056577408412,-10.037703143554761
2018-02-16 14:00:00,0.39,0.0,0.23,0.23,36.0,27.0,14.1,1003.5,36.4,-12.29898685472831,-9.267951356541543
2018-02-16 15:00:00,0.44,0.0,0.44,0.0,35.8,26.0,13.4,1003.0,36.0,-10.861442936643183,-8.184684314867857
2018-02-16 16:00:00,0.3,0.0,0.3,0.0,35.4,26.0,12.9,1002.9,32.0,-8.227681403987702,-9.80536887192292
2018-02-16 17:00:00,0.5,0.0,0.45,0.0,33.8,33.0,15.5,1003.1,34.9,-17.996845515559237,-8.012711868593264
2018-02-16 18:00:00,0.04,0.0,0.04,0.0,29.8,51.0,18.5,1003.9,40.7,-18.415594224440945,-4.251574927099047
2018-02-16 19:00:00,0.01,0.0,0.01,0.0,28.5,58.0,19.5,1004.3,35.3,-19.787938374978097,0.6910100347095189
2018-02-16 20:00:00,0.01,0.0,0.01,0.0,27.1,61.0,19.0,1005.4,36.7,-17.28454596041491,-2.737603138204041
2018-02-16 21:00:00,0.0,0.0,0.0,0.0,26.6,58.0,17.7,1006.1,31.7,-13.292636107886192,-4.063966695646041
2018-02-16 22:00:00,0.0,0.0,0.0,0.0,25.7,57.0,16.5,1006.6,24.8,-2.490620541896063,-3.9858260519352022
2018-02-16 23:00:00,0.0,0.0,0.0,0.0,24.5,61.0,16.6,1006.5,8.6,3.230844089787559,-2.5242120488352
2018-02-17 00:00:00,0.0,0.0,0.0,0.0,23.7,64.0,16.6,1006.0,7.9,0.6794350112397471,-6.4643923198937765
2018-02-17 01:00:00,0.0,0.0,0.0,0.0,23.2,64.0,16.1,1005.3,8.3,-1.4326213531414103,-4.685893304218874
2018-02-17 02:00:00,0.32,0.0,0.0,0.32,22.8,65.0,15.8,1004.6,9.4,-1.7613968679372003,-5.421022142882375
2018-02-17 03:00:00,0.96,0.01,0.0,0.96,22.4,65.0,15.6,1004.3,10.4,-1.1257730727216144,-5.791600382341218
2018-02-17 04:00:00,0.84,0.02,0.0,0.84,22.1,64.0,15.1,1004.3,10.1,1.4326213531414123,-4.685893304218873
2018-02-17 05:00:00,0.87,0.28,0.0,0.9,22.4,67.0,15.9,1004.5,10.8,0.3558845024520217,-6.790680836331102
2018-02-17 06:00:00,1.0,0.99,0.0,0.85,22.8,68.0,16.5,1005.2,14.8,1.4586446924022154,-8.272385125302547
2018-02-17 07:00:00,1.0,1.0,0.0,0.89,23.5,75.0,18.9,1006.0,19.8,-0.6557108531947778,-9.377102072442348
2018-02-17 08:00:00,0.96,0.8,0.0,0.85,25.0,69.0,18.9,1006.8,26.6,-7.9062875991444335,-9.42234665036343
2018-02-17 09:00:00,0.95,0.41,0.0,0.92,26.8,59.0,18.1,1007.5,27.4,-7.199221228489239,-8.579697762932554
2018-02-17 10:00:00,0.92,0.14,0.0,0.91,29.2,48.0,17.2,1007.4,27.7,-5.416335208368435,-7.187719590425635
2018-02-17 11:00:00,0.94,0.03,0.0,0.94,31.3,41.0,16.4,1006.2,27.0,-5.789747597658503,-7.149742845404131
2018-02-17 12:00:00,0.89,0.04,0.0,0.89,33.0,34.0,14.9,1004.6,28.4,-6.419067988708341,-7.926888806861102
2018-02-17 13:00:00,0.68,0.02,0.05,0.67,34.3,29.0,13.8,1003.0,29.9,-6.772276228582241,-8.668118289673941
2018-02-17 14:00:00,0.62,0.0,0.01,0.61,34.9,27.0,13.3,1001.4,30.2,-7.566042558696057,-7.566042558696059
2018-02-17 15:00:00,0.66,0.0,0.0,0.66,35.1,27.0,13.1,1000.6,28.8,-7.481133923521972,-7.224447052773572
2018-02-17 16:00:00,0.73,0.0,0.02,0.73,35.1,26.0,12.9,1000.0,27.4,-8.274112912870581,-6.464445490919412
2018-02-17 17:00:00,0.56,0.0,0.0,0.0,34.2,27.0,12.6,1000.2,25.6,-8.683011669463312,-6.079910225321088
2018-02-17 18:00:00,0.0,0.0,0.0,0.0,31.1,34.0,13.4,1000.7,20.5,-9.335804264972017,3.5836794954530027
2018-02-17 19:00:00,0.0,0.0,0.0,0.0,28.2,54.0,18.2,1001.3,28.1,-14.034420760699456,4.024305394928186
2018-02-17 20:00:00,0.0,0.0,0.0,0.0,27.2,54.0,17.1,1002.6,29.2,-14.779717114367694,0.7745721523955689
2018-02-17 21:00:00,0.0,0.0,0.0,0.0,26.4,53.0,15.9,1003.3,26.6,-6.153786140176196,-0.7555899291119145
2018-02-17 22:00:00,0.0,0.0,0.0,0.0,25.1,56.0,15.8,1004.0,10.1,2.8512208774027776,-1.4527695991665492
2018-02-17 23:00:00,0.0,0.0,0.0,0.0,24.2,59.0,15.9,1004.1,6.5,3.5748714227020653,-2.894873798829252
2018-02-18 00:00:00,0.0,0.0,0.0,0.0,23.6,61.0,15.6,1003.4,6.8,2.542346798541463,-4.989636535454859
2018-02-18 01:00:00,0.0,0.0,0.0,0.0,23.4,61.0,15.4,1002.6,7.9,1.2246467991473533e-15,-5.0
2018-02-18 02:00:00,0.0,0.0,0.0,0.0,23.0,64.0,15.8,1002.1,7.6,-0.3278554265973889,-4.688551036221174
2018-02-18 03:00:00,0.01,0.0,0.0,0.01,22.5,69.0,16.5,1002.1,7.6,-0.3278554265973889,-4.688551036221174
2018-02-18 04:00:00,0.09,0.0,0.0,0.09,22.0,74.0,17.1,1002.2,7.6,-1.4493866525741161,-5.4091846272187825
2018-02-18 05:00:00,0.1,0.02,0.0,0.0,22.3,76.0,17.9,1002.3,7.9,-0.3747696938149301,-4.283637201794505
2018-02-18 06:00:00,0.05,0.05,0.0,0.0,22.8,76.0,18.3,1003.4,9.4,-1.0494494745709964,-5.3989495089621515
2018-02-18 07:00:00,0.12,0.12,0.0,0.0,24.2,73.0,19.0,1004.3,13.7,-1.0766187015349682,-6.10580806867569
2018-02-18 08:00:00,0.32,0.32,0.0,0.0,26.2,66.0,19.3,1005.1,22.0,-5.7208097262102,-6.817795543758905
2018-02-18 09:00:00,0.27,0.27,0.0,0.0,28.0,55.0,18.3,1005.7,23.4,-5.379684037722159,-6.18861855782673
2018-02-18 10:00:00,0.06,0.06,0.0,0.0,30.3,45.0,16.9,1005.1,26.3,-5.36825187331917,-7.9587606965284
2018-02-18 11:00:00,0.01,0.01,0.0,0.0,32.4,38.0,16.1,1004.0,30.2,-6.538771374401925,-9.338333304894507
2018-02-18 12:00:00,0.31,0.01,0.0,0.3,34.2,33.0,15.6,1002.8,33.1,-7.26950774511971,-10.777488443215542
2018-02-18 13:00:00,0.78,0.03,0.0,0.77,35.1,30.0,14.9,1001.2,33.5,-8.698697882665158,-9.660882731206126
2018-02-18 14:00:00,0.82,0.0,0.06,0.81,35.6,27.0,13.8,1000.0,33.5,-9.71108730457179,-9.377888001196464
2018-02-18 15:00:00,0.81,0.0,0.0,0.81,36.1,25.0,12.7,999.3,33.1,-9.053614600069,-10.414992207074254
2018-02-18 16:00:00,0.81,0.0,0.0,0.81,35.9,24.0,11.9,999.1,32.8,-9.714324518212136,-7.866504888122967
2018-02-18 17:00:00,0.74,0.0,0.0,0.7,34.5,22.0,9.5,999.7,28.8,-9.335804264972017,-3.583679495453004
2018-02-18 18:00:00,0.7,0.0,0.0,0.7,29.9,45.0,16.9,1000.7,28.4,-16.593164121998313,2.628099012675878
2018-02-18 19:00:00,0.75,0.0,0.0,0.75,27.5,59.0,18.6,1001.5,35.3,-17.6,-1.077689183249671e-15
2018-02-18 20:00:00,0.81,0.0,0.0,0.81,26.0,62.0,18.2,1003.0,32.0,-14.094155353306773,1.7305446763530925
2018-02-18 21:00:00,0.0,0.0,0.0,0.0,25.3,64.0,18.0,1004.4,25.2,-3.6339580726595346,-1.1110124779463997
2018-02-18 22:00:00,0.0,0.0,0.0,0.0,24.8,66.0,18.0,1004.8,6.1,1.4527695991665504,-2.851220877402777
2018-02-18 23:00:00,0.0,0.0,0.0,0.0,24.2,68.0,18.0,1004.6,5.8,0.34494392878325625,-3.2819222547153015
2018-02-19 00:00:00,0.0,0.0,0.0,0.0,23.8,70.0,18.0,1004.2,5.8,0.7059932828932153,-3.632020578756357
2018-02-19 01:00:00,0.0,0.0,0.0,0.0,23.1,73.0,18.0,1003.4,8.6,-0.7515347451843534,-5.34744757120448
2018-02-19 02:00:00,0.02,0.02,0.0,0.0,22.5,76.0,18.1,1002.5,9.7,-1.0494494745709964,-5.3989495089621515
2018-02-19 03:00:00,0.05,0.05,0.0,0.0,21.9,80.0,18.1,1002.3,9.4,0.3557580160950407,-5.087576656325103
2018-02-19 04:00:00,0.06,0.06,0.0,0.0,21.5,80.0,18.0,1002.4,9.4,0.37668495821827847,-5.386845871403051
2018-02-19 05:00:00,0.05,0.11,0.0,0.0,21.8,81.0,18.4,1002.9,10.8,1.0793978087775948,-6.81504955010645
2018-02-19 06:00:00,0.31,0.31,0.0,0.0,21.9,81.0,18.4,1003.7,13.3,-0.31924933308195735,-6.0916401620029
2018-02-19 07:00:00,0.36,0.36,0.0,0.0,23.1,76.0,18.6,1004.6,16.9,-2.472135954999579,-7.608452130361228
2018-02-19 08:00:00,0.26,0.26,0.0,0.0,25.1,66.0,18.4,1005.2,26.6,-7.281961780139784,-9.663489671572243
2018-02-19 09:00:00,0.27,0.27,0.0,0.0,27.1,55.0,17.2,1005.7,31.0,-8.188297621831255,-10.480543022969401
2018-02-19 10:00:00,0.17,0.17,0.0,0.0,29.0,46.0,16.0,1005.5,33.1,-8.684621396487756,-10.7246142681062
2018-02-19 11:00:00,0.0,0.0,0.0,0.0,31.2,36.0,14.4,1004.5,35.6,-9.709673629059509,-11.169701787297026
2018-02-19 12:00:00,0.01,0.01,0.0,0.0,33.0,30.0,13.1,1002.9,38.2,-11.525840533340725,-11.525840533340727
2018-02-19 13:00:00,0.0,0.0,0.0,0.0,34.3,26.0,12.0,1001.6,38.9,-11.869106705587743,-11.461863112573454
2018-02-19 14:00:00,0.0,0.0,0.0,0.0,34.8,24.0,11.4,1000.3,38.5,-11.890333210291656,-9.628601983062513
2018-02-19 15:00:00,0.0,0.0,0.0,0.0,34.8,24.0,11.1,999.7,36.4,-12.539763412811686,-9.110671410533334
2018-02-19 16:00:00,0.0,0.0,0.0,0.0,34.2,25.0,11.6,999.8,35.3,-12.91552674635953,-8.387441139231417
2018-02-19 17:00:00,0.0,0.0,0.0,0.0,32.5,30.0,12.8,1000.6,33.5,-14.728077655239046,-6.2516980558283795
2018-02-19 18:00:00,0.0,0.0,0.0,0.0,28.9,48.0,16.9,1001.3,37.8,-21.596710215378053,0.37697197904532315
2018-02-19 19:00:00,0.0,0.0,0.0,0.0,27.0,56.0,17.4,1002.1,40.7,-19.07382411381236,-0.9996167642402298
2018-02-19 20:00:00,0.0,0.0,0.0,0.0,25.5,61.0,17.5,1003.3,37.1,-16.95403912726309,-3.914148345583249
2018-02-19 21:00:00,0.0,0.0,0.0,0.0,25.0,63.0,17.5,1004.1,31.7,-14.74137600257488,-4.789763412811686
2018-02-19 22:00:00,0.61,0.0,0.0,0.61,24.4,66.0,17.6,1004.6,28.1,-10.065602558591767,-5.351975815759156
2018-02-19 23:00:00,0.78,0.0,0.0,0.78,23.6,70.0,17.7,1004.9,20.5,-3.6324027044213842,-4.64926344627966
2018-02-20 00:00:00,0.83,0.0,0.0,0.83,22.6,74.0,17.8,1004.4,9.7,-2.907803098047884,-4.3109953772862175
2018-02-20 01:00:00,0.0,0.0,0.0,0.0,21.9,77.0,17.8,1003.9,7.9,-1.7542302283364206,-5.737828535778212
2018-02-20 02:00:00,0.06,0.0,0.0,0.06,21.5,79.0,17.7,1003.4,7.6,1.0797650608505536,-4.6769763109691285
2018-02-20 03:00:00,0.07,0.0,0.0,0.07,21.4,79.0,17.6,1003.3,9.0,1.0494494745709957,-5.3989495089621515
2018-02-20 04:00:00,0.14,0.0,0.0,0.14,21.1,80.0,17.5,1003.1,10.4,0.7555899291119128,-6.153786140176197
2018-02-20 05:00:00,0.48,0.0,0.0,0.21,21.4,80.0,17.9,1003.2,12.6,-2.12231616984067,-7.92059177557036
2018-02-20 06:00:00,0.71,0.01,0.0,0.7,21.6,79.0,18.0,1003.8,15.5,-2.12231616984067,-7.92059177557036
2018-02-20 07:00:00,0.75,0.08,0.0,0.73,23.2,73.0,18.1,1004.6,19.1,-2.8652427062828205,-9.371786608437748
2018-02-20 08:00:00,0.62,0.38,0.0,0.38,25.5,63.0,18.1,1005.3,34.9,-10.404678933003625,-13.3173817359536
2018-02-20 09:00:00,0.63,0.49,0.0,0.28,27.5,52.0,16.8,1006.0,35.6,-11.114533927343956,-11.509436805418419
2018-02-20 10:00:00,0.66,0.13,0.0,0.61,29.2,46.0,16.4,1006.0,36.0,-10.371524398562302,-11.518744794899611
2018-02-20 11:00:00,0.91,0.02,0.0,0.91,31.3,39.0,15.5,1004.6,36.0,-10.036959095382873,-11.147172382160914
2018-02-20 12:00:00,0.98,0.0,0.0,0.98,33.1,33.0,14.6,1002.9,38.2,-10.773002762377619,-11.964631690186048
2018-02-20 13:00:00,0.95,0.0,0.0,0.95,34.5,29.0,13.6,1001.3,38.2,-10.775574088987476,-11.555388485582894
2018-02-20 14:00:00,0.87,0.0,0.0,0.87,35.2,26.0,13.0,999.9,37.4,-10.07254637165546,-10.430427104910443
2018-02-20 15:00:00,0.91,0.0,0.0,0.91,35.3,25.0,12.4,999.0,34.9,-11.169701787297026,-9.709673629059509
2018-02-20 16:00:00,0.76,0.0,0.0,0.76,34.9,26.0,12.4,998.8,34.2,-11.950293312656056,-10.027486711110013
2018-02-20 17:00:00,0.0,0.0,0.0,0.0,33.5,28.0,12.4,999.8,33.5,-10.037703143554761,-11.547056577408412
2018-02-20 18:00:00,0.0,0.0,0.0,0.0,31.3,36.0,14.4,1000.1,29.9,-15.438918234159953,-6.873849267981023
2018-02-20 19:00:00,0.0,0.0,0.0,0.0,26.8,61.0,18.5,1000.9,41.8,-20.12335726067711,-3.9115844052191706
2018-02-20 20:00:00,0.0,0.0,0.0,0.0,26.5,61.0,18.5,1002.2,36.7,-18.716066499215678,-2.630371608145237
2018-02-20 21:00:00,0.0,0.0,0.0,0.0,25.5,65.0,18.5,1003.2,33.8,-15.161287811373986,-3.2226312076752714
2018-02-20 22:00:00,0.0,0.0,0.0,0.0,25.0,67.0,18.6,1003.5,28.1,-10.4771775566047,-4.233054505599806
2018-02-20 23:00:00,0.0,0.0,0.0,0.0,24.3,71.0,18.7,1003.8,20.2,-1.1110124779463997,-3.6339580726595346
2018-02-21 00:00:00,0.0,0.0,0.0,0.0,23.5,74.0,18.7,1003.4,6.5,-0.7059932828932158,-3.632020578756357
2018-02-21 01:00:00,0.0,0.0,0.0,0.0,22.9,77.0,18.8,1002.9,6.5,-1.061158084920335,-3.96029588778518
2018-02-21 02:00:00,0.01,0.01,0.0,0.0,22.5,79.0,18.7,1002.3,6.8,-1.0886485301985047,-4.366330768241984
2018-02-21 03:00:00,0.14,0.14,0.0,0.0,22.1,80.0,18.5,1001.9,9.4,1.4205902870109297e-15,-5.8
2018-02-21 04:00:00,0.33,0.33,0.0,0.0,21.8,80.0,18.1,1002.0,10.4,1.1257730727216135,-5.791600382341218
2018-02-21 05:00:00,0.15,0.44,0.0,0.0,21.8,80.0,18.2,1002.0,10.1,-1.0577155672964973,-7.5260373224359345
2018-02-21 06:00:00,0.44,0.44,0.0,0.0,22.1,81.0,18.8,1002.7,15.1,-1.7672493719509543,-8.314254606237348
2018-02-21 07:00:00,0.22,0.21,0.0,0.02,23.5,76.0,19.0,1003.4,22.0,-3.19739332747719,-11.1506356728845
2018-02-21 08:00:00,0.55,0.23,0.0,0.41,25.4,67.0,18.8,1004.1,31.0,-7.249999999999999,-12.557368354874361
2018-02-21 09:00:00,0.48,0.34,0.0,0.21,27.2,55.0,17.4,1005.0,31.3,-7.87632238071914,-10.840827724624296
2018-02-21 10:00:00,0.11,0.11,0.0,0.0,29.0,45.0,15.9,1004.6,31.7,-8.698697882665158,-9.660882731206126
2018-02-21 11:00:00,0.29,0.02,0.0,0.28,31.2,37.0,14.6,1003.7,34.9,-9.702393792203445,-10.775599969422217
2018-02-21 12:00:00,0.91,0.01,0.0,0.91,33.0,30.0,13.1,1001.9,38.5,-9.698456662825807,-13.348780407186633
2018-02-21 13:00:00,0.94,0.0,0.0,0.94,34.4,25.0,11.6,1000.6,38.9,-10.541716798859243,-12.563128867151239
2018-02-21 14:00:00,0.67,0.0,0.0,0.67,35.0,22.0,10.2,999.1,38.2,-10.434574908956227,-11.189711634773309
2018-02-21 15:00:00,0.75,0.0,0.0,0.75,35.0,21.0,9.7,998.4,36.4,-10.11162697096763,-10.111626970967631
2018-02-21 16:00:00,0.93,0.0,0.0,0.93,34.9,21.0,9.4,998.3,33.1,-10.419875556884959,-10.790097005079767
2018-02-21 17:00:00,0.91,0.0,0.0,0.82,33.8,22.0,9.1,998.9,32.4,-10.40402755668352,-9.367828489024015
2018-02-21 18:00:00,0.0,0.0,0.0,0.0,30.5,28.0,10.1,999.0,27.0,-6.4643923198937765,-0.6794350112397475
2018-02-21 19:00:00,0.0,0.0,0.0,0.0,27.8,52.0,16.9,1000.4,25.2,-13.329776402789143,3.571702822414788
2018-02-21 20:00:00,0.0,0.0,0.0,0.0,26.6,59.0,18.0,1001.7,26.3,-14.022758724692652,1.473851332073915
2018-02-21 21:00:00,0.0,0.0,0.0,0.0,25.5,63.0,18.0,1002.6,25.6,-10.074920287558198,-2.1414904154229224
2018-02-21 22:00:00,0.0,0.0,0.0,0.0,24.5,67.0,17.9,1003.5,18.4,-1.8469087739586112,-5.074340152243906
2018-02-21 23:00:00,0.0,0.0,0.0,0.0,23.9,69.0,17.9,1003.8,6.5,2.883363526931849,-1.8017254983928959
2018-02-22 00:00:00,0.0,0.0,0.0,0.0,23.0,73.0,17.9,1003.5,6.8,0.7515347451843558,-5.34744757120448
2018-02-22 01:00:00,0.0,0.0,0.0,0.0,22.6,75.0,17.9,1002.6,7.9,-2.197614961051637,-4.7128004925905795
2018-02-22 02:00:00,0.0,0.0,0.0,0.0,22.0,78.0,17.9,1001.9,10.1,-2.2218812871808615,-5.788198644282651
2018-02-22 03:00:00,0.0,0.0,0.0,0.0,21.4,81.0,17.9,1001.5,10.1,-2.2218812871808615,-5.788198644282651
2018-02-22 04:00:00,0.0,0.0,0.0,0.0,20.9,82.0,17.6,1001.6,13.0,-3.6149310334513594,-6.798696465013738
2018-02-22 05:00:00,0.03,0.0,0.0,0.74,21.0,80.0,17.4,1001.7,13.7,-3.9142893693164114,-6.5144714853360535
2018-02-22 06:00:00,0.13,0.0,0.0,0.13,21.1,78.0,17.2,1002.5,15.1,-4.6413010988072,-6.881011852206847
2018-02-22 07:00:00,0.16,0.0,0.0,0.16,22.5,75.0,18.0,1003.1,18.4,-5.46640284632,-7.523858047687012
2018-02-22 08:00:00,0.26,0.0,0.0,0.26,25.0,66.0,18.2,1003.7,28.4,-8.227681403987702,-9.80536887192292
2018-02-22 09:00:00,0.54,0.02,0.0,0.53,27.6,49.0,15.9,1003.9,32.0,-8.36522882181347,-11.101033589657371
2018-02-22 10:00:00,0.64,0.0,0.0,0.64,29.9,38.0,14.1,1003.6,34.2,-7.996458519631681,-11.855237287537097
2018-02-22 11:00:00,0.58,0.0,0.0,0.58,32.2,29.0,11.9,1002.6,35.6,-7.895797037074753,-12.635916632730748
2018-02-22 12:00:00,0.81,0.0,0.0,0.81,34.2,23.0,10.1,1001.0,37.4,-9.062507694346529,-12.94260229976607
2018-02-22 13:00:00,0.03,0.0,0.0,0.03,35.5,20.0,8.8,999.6,38.2,-10.541716798859243,-12.563128867151239
2018-02-22 14:00:00,0.57,0.0,0.0,0.57,36.1,18.0,7.8,998.2,38.2,-12.356620787165838,-10.006194217692414
2018-02-22 15:00:00,0.67,0.0,0.0,0.67,36.2,17.0,7.0,997.6,37.1,-13.33721301778979,-10.050310886639206
2018-02-22 16:00:00,0.0,0.0,0.0,0.0,35.9,17.0,6.8,997.4,37.4,-13.995994002686592,-10.168684864659786
2018-02-22 17:00:00,0.0,0.0,0.0,0.0,34.6,17.0,6.2,998.0,36.4,-12.21161613735138,-2.1532374030699373
2018-02-22 18:00:00,0.0,0.0,0.0,0.0,29.0,45.0,16.0,999.1,28.8,-12.24459029200319,7.951729911219397
2018-02-22 19:00:00,0.0,0.0,0.0,0.0,27.6,53.0,17.2,1000.4,27.0,-14.003706397458027,5.375519243179504
2018-02-22 20:00:00,0.0,0.0,0.0,0.0,26.2,60.0,17.9,1002.1,27.4,-12.21161613735138,-2.1532374030699373
2018-02-22 21:00:00,0.34,0.0,0.0,0.34,25.4,63.0,17.9,1003.3,22.3,0.3486229709906333,-3.984778792366982
2018-02-22 22:00:00,0.37,0.0,0.0,0.36,24.6,66.0,17.9,1003.4,7.2,1.0611580849203348,-3.96029588778518
2018-02-22 23:00:00,0.72,0.0,0.0,0.72,23.5,70.0,17.8,1003.6,8.3,-2.907803098047884,-4.3109953772862175
2018-02-23 00:00:00,0.36,0.0,0.0,0.36,23.1,72.0,17.8,1003.2,7.6,-3.9858260519352022,-2.490620541896063
2018-02-23 01:00:00,0.06,0.0,0.0,0.06,22.4,75.0,17.8,1002.6,8.6,-2.4881992827652213,-4.679622242152313
2018-02-23 02:00:00,0.05,0.05,0.0,0.0,21.8,78.0,17.8,1002.0,8.6,-1.4326213531414103,-4.685893304218874
2018-02-23 03:00:00,0.37,0.37,0.0,0.0,22.0,77.0,17.8,1001.8,10.1,1.0766187015349684,-6.10580806867569
2018-02-23 04:00:00,0.65,0.58,0.0,0.18,22.3,75.0,17.6,1001.9,16.6,2.092044805397948,-9.061641602502688
2018-02-23 05:00:00,0.91,0.9,0.0,0.23,22.4,76.0,18.0,1002.2,18.4,2.2495105434386535,-9.743700647852352
2018-02-23 06:00:00,0.99,0.95,0.0,0.72,23.0,74.0,18.1,1003.2,19.1,0.32805526900350773,-9.394273773979501
2018-02-23 07:00:00,0.8,0.8,0.0,0.0,24.0,72.0,18.5,1004.3,20.2,-2.24951054343865,-9.743700647852352
2018-02-23 08:00:00,0.5,0.5,0.0,0.0,25.6,64.0,18.2,1004.8,28.1,-8.181165083647887,-10.10289749894062
2018-02-23 09:00:00,0.54,0.54,0.0,0.0,27.4,54.0,17.4,1005.3,30.2,-9.00237835282498,-9.65386886137305
2018-02-23 10:00:00,0.45,0.45,0.0,0.0,29.2,46.0,16.3,1004.9,31.0,-7.572636146505597,-9.69253226936268
2018-02-23 11:00:00,0.27,0.11,0.0,0.18,31.0,38.0,15.1,1003.5,33.8,-8.030070108914645,-11.468128620045885
2018-02-23 12:00:00,0.0,0.0,0.0,0.0,32.9,32.0,13.9,1002.2,36.4,-8.555651423102429,-12.68427486009214
2018-02-23 13:00:00,0.66,0.0,0.0,0.66,34.4,27.0,12.4,1000.5,37.1,-9.628601983062513,-11.890333210291656
2018-02-23 14:00:00,0.96,0.0,0.0,0.96,35.0,24.0,11.5,999.2,36.7,-10.070757204741115,-9.725217186425962
2018-02-23 15:00:00,0.98,0.0,0.0,0.98,34.9,24.0,11.5,998.4,34.2,-10.80122664797759,-9.063305296580205
2018-02-23 16:00:00,0.97,0.0,0.0,0.97,34.5,26.0,11.9,998.4,32.8,-11.11095162585478,-8.680826802091781
2018-02-23 17:00:00,0.95,0.0,0.0,0.99,34.2,27.0,12.8,998.6,31.0,-11.547056577408412,-10.037703143554761
2018-02-23 18:00:00,0.01,0.0,0.0,0.01,30.8,43.0,16.7,999.1,29.9,-16.608515652650162,-1.7456253365698127
2018-02-23 19:00:00,0.0,0.0,0.0,0.0,27.9,55.0,18.1,1000.3,40.3,-20.484001262653926,-3.611882095472153
2018-02-23 20:00:00,0.0,0.0,0.0,0.0,26.7,59.0,18.1,1001.4,37.8,-16.530694452401313,-3.5137075748201343
2018-02-23 21:00:00,0.0,0.0,0.0,0.0,26.0,61.0,18.0,1002.3,30.6,-13.600108183020696,-4.418943019561749
2018-02-23 22:00:00,0.0,0.0,0.0,0.0,25.2,68.0,19.0,1003.3,25.9,-5.811263767715345,-5.051654523226906
2018-02-23 23:00:00,0.02,0.02,0.0,0.0,24.6,75.0,19.9,1003.8,13.7,-2.197614961051637,-4.7128004925905795
2018-02-24 00:00:00,0.02,0.02,0.0,0.0,24.1,79.0,20.4,1003.8,9.4,-2.149021206691006,-5.062776693988422
2018-02-24 01:00:00,0.11,0.11,0.0,0.0,23.8,81.0,20.4,1003.3,9.0,-1.4333142502483958,-4.998560818879258
2018-02-24 02:00:00,0.26,0.26,0.0,0.0,23.5,82.0,20.4,1003.1,10.1,-0.7068421917498553,-5.756767679519667
2018-02-24 03:00:00,0.31,0.31,0.0,0.0,23.5,81.0,20.1,1003.0,13.0,0.6623836448822031,-7.571079705497266
2018-02-24 04:00:00,0.71,0.71,0.0,0.0,23.4,80.0,19.9,1003.1,14.8,1.8221035401853092,-7.892397524760404
2018-02-24 05:00:00,0.24,1.0,0.0,0.0,24.2,79.0,20.4,1003.4,16.9,0.7844016847289249,-8.96575228282571
2018-02-24 06:00:00,0.34,0.34,0.0,0.0,24.5,78.0,20.5,1004.3,20.2,0.7324429743133192,-10.474422527728153
2018-02-24 07:00:00,0.36,0.36,0.0,0.0,25.1,75.0,20.5,1005.1,22.0,-0.3908743630680108,-11.193177262613872
2018-02-24 08:00:00,0.45,0.45,0.0,0.0,26.8,67.0,20.0,1005.8,28.8,-4.583069920563961,-12.591881118531173
2018-02-24 09:00:00,0.62,0.62,0.0,0.0,28.6,58.0,19.5,1005.9,30.6,-7.206901993571586,-11.533454107727392
2018-02-24 10:00:00,0.74,0.71,0.61,0.0,30.0,52.0,19.0,1005.7,34.9,-11.114533927343956,-11.509436805418419
2018-02-24 11:00:00,0.55,0.52,0.41,0.0,30.6,50.0,18.9,1004.7,36.7,-11.461863112573454,-11.869106705587745
2018-02-24 12:00:00,0.4,0.37,0.37,0.0,32.8,42.0,18.3,1003.2,37.1,-11.518744794899611,-10.371524398562302
2018-02-24 13:00:00,0.35,0.34,0.06,0.0,34.2,37.0,17.5,1001.9,36.0,-11.488041320124253,-8.346550582553117
2018-02-24 14:00:00,0.18,0.0,0.18,0.0,35.4,32.0,16.1,1000.7,33.5,-10.861957270738797,-4.61062731617343
2018-02-24 15:00:00,0.13,0.0,0.13,0.0,35.5,29.0,15.1,999.7,30.6,-12.972511700514572,-1.8231676225768576
2018-02-24 16:00:00,0.1,0.0,0.1,0.0,34.8,30.0,14.6,999.9,36.4,-17.65688368959889,1.2346895852710182
2018-02-24 17:00:00,0.02,0.0,0.05,0.0,33.5,32.0,14.6,1000.4,40.3,-17.987366778595675,-7.267367912268692
2018-02-24 18:00:00,0.04,0.0,0.04,0.0,30.6,49.0,18.6,1000.8,37.4,-20.187694705785734,0.7049698333905192
2018-02-24 19:00:00,0.01,0.0,0.01,0.0,28.6,57.0,19.3,1001.7,38.9,-20.48715104458643,-2.1532863433136615
2018-02-24 20:00:00,0.0,0.0,0.0,0.0,27.0,65.0,19.8,1003.0,38.2,-19.85092303282644,-2.4373868681029496
2018-02-24 21:00:00,0.0,0.0,0.0,0.0,26.1,67.0,19.6,1003.9,36.7,-18.415594224440945,-4.251574927099047
2018-02-24 22:00:00,0.0,0.0,0.0,0.0,25.5,73.0,20.4,1004.4,34.6,-15.880805291281849,-5.780140422203803
2018-02-24 23:00:00,0.0,0.0,0.0,0.0,25.0,76.0,20.6,1004.6,30.2,-12.184676781453192,-6.478707566445294
2018-02-25 00:00:00,0.0,0.0,0.0,0.0,24.7,78.0,20.7,1004.3,24.8,-7.919595949289331,-7.919595949289333
2018-02-25 01:00:00,0.14,0.02,0.0,0.12,24.4,79.0,20.5,1003.8,19.8,-3.6728726077991736,-8.65274562245294
2018-02-25 02:00:00,0.49,0.04,0.0,0.47,24.2,77.0,20.0,1003.4,17.6,-2.24951054343865,-9.743700647852352
2018-02-25 03:00:00,0.57,0.02,0.0,0.55,23.9,77.0,19.6,1002.8,18.0,-1.109011024986842,-9.032169979936029
2018-02-25 04:00:00,0.68,0.05,0.0,0.68,23.5,79.0,19.5,1003.1,16.2,1.8614631347039767e-15,-7.6
2018-02-25 05:00:00,0.73,0.05,0.0,0.0,23.4,80.0,19.8,1003.1,16.6,-0.30013567164150834,-8.594761112364223
2018-02-25 06:00:00,0.05,0.05,0.0,0.0,23.5,81.0,20.0,1004.0,18.7,-1.8406706832694615,-10.438962181929405
2018-02-25 07:00:00,0.01,0.01,0.0,0.0,24.6,76.0,20.1,1004.7,24.8,-2.9018686010358588,-12.569373835729534
2018-02-25 08:00:00,0.51,0.51,0.0,0.0,27.1,64.0,19.6,1005.4,37.8,-10.904261617679564,-16.166232664823315
2018-02-25 09:00:00,0.79,0.79,0.01,0.0,29.1,54.0,19.0,1005.7,40.3,-11.894155390841926,-14.68805867153675
2018-02-25 10:00:00,0.91,0.91,0.0,0.0,30.9,47.0,18.2,1005.6,40.3,-11.51286958858981,-14.7358010924457
2018-02-25 11:00:00,0.64,0.64,0.02,0.0,32.7,39.0,16.9,1004.4,40.7,-12.020128301138284,-14.325031086324888
2018-02-25 12:00:00,0.57,0.11,0.57,0.0,34.2,33.0,15.6,1003.2,40.7,-11.184504408545783,-13.329173310270216
2018-02-25 13:00:00,0.43,0.0,0.43,0.0,35.8,28.0,14.2,1001.5,38.9,-11.107568065557048,-12.336204102924745
2018-02-25 14:00:00,0.16,0.0,0.0,0.16,36.4,25.0,13.3,1000.2,38.2,-12.900622960185718,-10.446718491427301
2018-02-25 15:00:00,0.44,0.0,0.04,0.41,36.2,26.0,13.6,999.9,38.5,-14.425253762457725,-9.729956520390994
2018-02-25 16:00:00,0.81,0.0,0.12,0.79,35.5,27.0,13.9,1000.0,38.2,-16.169754600274036,-7.199238582441663
2018-02-25 17:00:00,0.06,0.0,0.02,0.29,32.6,42.0,18.0,1000.6,37.1,-24.465238626059524,-2.571400196384275
2018-02-25 18:00:00,0.11,0.0,0.11,0.0,30.2,51.0,19.1,1001.2,46.1,-20.543917484378866,-3.2538368728368035
2018-02-25 19:00:00,0.06,0.0,0.06,0.0,28.6,60.0,20.0,1002.0,41.0,-22.38005835355949,-3.1453120816974796
2018-02-25 20:00:00,0.01,0.0,0.01,0.0,27.4,64.0,20.0,1003.1,42.5,-22.35513599337712,-3.9418136330393203
2018-02-25 21:00:00,0.7,0.0,0.01,0.7,26.6,67.0,20.0,1003.9,41.8,-20.498549022950506,-2.880883189873355
2018-02-25 22:00:00,0.98,0.0,0.01,0.98,26.1,68.0,19.8,1004.5,37.8,-16.22755388165635,-4.348159957722348
2018-02-25 23:00:00,0.98,0.0,0.02,0.98,25.5,70.0,19.7,1004.7,30.2,-9.7525531057989,-6.094071538681856
2018-02-26 00:00:00,0.23,0.0,0.02,0.22,25.0,71.0,19.5,1004.4,20.2,-2.873804179836756,-6.162892951849219
2018-02-26 01:00:00,0.98,0.0,0.02,0.98,24.4,73.0,19.1,1003.9,11.9,-0.31924933308195735,-6.0916401620029
2018-02-26 02:00:00,0.99,0.0,0.02,0.99,24.0,74.0,19.0,1003.1,14.4,0.28966582263075685,-8.294943864258496
2018-02-26 03:00:00,0.99,0.0,0.01,0.99,23.5,76.0,19.1,1002.7,15.1,-0.2896658226307581,-8.294943864258496
2018-02-26 04:00:00,0.97,0.0,0.01,0.97,23.2,79.0,19.3,1002.5,15.1,-0.2896658226307581,-8.294943864258496
2018-02-26 05:00:00,0.91,0.0,0.0,0.99,23.1,81.0,19.6,1002.8,14.4,-2.474317973874391,-7.185941174554808
2018-02-26 06:00:00,1.0,0.01,0.0,1.0,23.4,81.0,20.0,1003.3,18.4,-3.9854575105905923,-9.389149505214892
2018-02-26 07:00:00,0.91,0.04,0.0,0.91,24.5,77.0,20.1,1004.2,24.1,-6.157082177128481,-11.107670280670325
2018-02-26 08:00:00,0.34,0.25,0.0,0.12,26.7,66.0,19.8,1004.9,35.6,-9.808157061602888,-14.00749995734176
2018-02-26 09:00:00,0.28,0.13,0.01,0.17,28.6,55.0,18.9,1005.6,35.6,-7.951729911219395,-12.24459029200319
2018-02-26 10:00:00,0.03,0.02,0.02,0.0,30.8,47.0,18.1,1005.4,34.2,-7.996458519631681,-11.855237287537097
2018-02-26 11:00:00,0.49,0.01,0.06,0.46,32.9,39.0,17.1,1003.7,35.3,-7.249999999999999,-12.557368354874361
2018-02-26 12:00:00,0.16,0.0,0.05,0.11,34.5,34.0,16.5,1002.4,36.0,-7.895797037074753,-12.635916632730748
2018-02-26 13:00:00,0.29,0.0,0.29,0.0,36.0,30.0,15.8,1000.5,36.0,-8.684621396487756,-10.7246142681062
2018-02-26 14:00:00,0.24,0.0,0.24,0.0,36.4,28.0,15.1,999.3,34.2,-6.800509761618146,-9.02458126353441
2018-02-26 15:00:00,0.18,0.0,0.18,0.0,36.3,27.0,14.5,998.7,29.5,-5.3813867847343415,-9.708278749247292
2018-02-26 16:00:00,0.24,0.0,0.24,0.0,36.4,26.0,13.9,998.7,27.7,-5.39941592136693,-6.4347733221994154
2018-02-26 17:00:00,0.62,0.0,0.85,0.95,34.3,30.0,14.4,999.2,22.0,-13.724402156082173,-1.4424927930936178
2018-02-26 18:00:00,0.92,0.0,0.24,0.92,31.1,47.0,18.5,1000.2,36.4,-19.787938374978097,-0.6910100347095214
2018-02-26 19:00:00,0.17,0.0,0.13,0.08,29.4,54.0,19.2,1001.7,37.1,-19.772864788140563,-1.0362519336102907
2018-02-26 20:00:00,0.12,0.0,0.12,0.0,28.0,59.0,19.4,1002.8,36.4,-15.162973563949327,-1.0602984009107035
2018-02-26 21:00:00,0.1,0.0,0.1,0.0,27.0,67.0,20.3,1003.9,27.4,-11.835585968879046,-2.5157314588948894
2018-02-26 22:00:00,0.74,0.02,0.1,0.71,26.3,72.0,20.8,1004.5,22.3,-2.5079526825623373,-1.8221342821066668
2018-02-26 23:00:00,0.46,0.11,0.1,0.36,26.4,72.0,20.8,1004.5,4.7,1.0777488443215542,-0.7269507745119711
2018-02-27 00:00:00,0.21,0.11,0.03,0.1,25.5,75.0,20.8,1003.8,4.7,-1.4499999999999997,-2.511473670974872
2018-02-27 01:00:00,0.1,0.1,0.01,0.0,25.0,78.0,20.9,1002.5,5.0,-1.8221342821066668,-2.5079526825623373
2018-02-27 02:00:00,0.1,0.1,0.0,0.0,24.7,78.0,20.7,1002.0,11.2,0.3401837155791384,-6.49109197590473
2018-02-27 03:00:00,0.17,0.17,0.0,0.0,24.5,79.0,20.5,1001.9,11.5,-1.8469087739586112,-5.074340152243906
2018-02-27 04:00:00,0.49,0.49,0.0,0.0,24.5,78.0,20.4,1002.0,12.2,-2.4967470462773815,-6.859756131737131
2018-02-27 05:00:00,0.6,0.76,0.0,0.0,24.6,78.0,20.6,1002.2,16.6,-1.1393602496174229,-10.84028865951418
2018-02-27 06:00:00,0.58,0.52,0.0,0.13,24.9,79.0,20.9,1002.9,25.6,-5.705346533499442,-12.235155124994774
2018-02-27 07:00:00,0.96,0.87,0.0,0.72,25.4,76.0,20.9,1003.8,26.3,-6.219669846431791,-12.20678938138064
2018-02-27 08:00:00,0.56,0.55,0.02,0.01,27.0,67.0,20.3,1004.3,31.0,-8.640443208699354,-11.892549817311727
2018-02-27 09:00:00,0.14,0.13,0.04,0.0,29.1,56.0,19.4,1004.3,33.1,-9.384699101423474,-11.184248869537079
2018-02-27 10:00:00,0.57,0.03,0.02,0.56,31.7,46.0,18.5,1004.2,35.6,-10.818733752154177,-10.818733752154179
2018-02-27 11:00:00,0.83,0.11,0.02,0.82,33.7,39.0,18.0,1003.0,42.5,-12.301766157631185,-10.693762172545268
2018-02-27 12:00:00,0.96,0.1,0.17,0.96,35.3,35.0,17.4,1001.7,40.7,-14.400502499874065,-10.462577490806023
2018-02-27 13:00:00,0.93,0.02,0.19,0.92,36.2,32.0,16.9,1000.1,41.8,-16.246235708604253,-8.63827675526039
2018-02-27 14:00:00,0.93,0.02,0.29,0.92,36.1,32.0,16.9,998.9,41.8,-16.937289303524903,-7.189452764202636
2018-02-27 15:00:00,0.87,0.03,0.25,0.85,34.3,36.0,17.1,998.7,45.4,-21.229965582379386,-6.490651844844756
2018-02-27 16:00:00,0.43,0.0,0.42,0.26,33.5,38.0,17.2,999.2,46.1,-18.738961030007925,-5.021089474988902
2018-02-27 17:00:00,0.43,0.01,0.25,0.24,33.0,40.0,17.5,999.3,41.8,-22.27729045624932,-2.341437577195437
2018-02-27 18:00:00,0.12,0.0,0.11,0.02,31.1,44.0,17.5,1000.0,42.8,-22.996496988597,0.40140534805752
2018-02-27 19:00:00,0.11,0.0,0.1,0.01,29.4,49.0,17.7,1001.0,42.5,-19.452498980066572,-1.3602512380104421
2018-02-27 20:00:00,0.09,0.0,0.09,0.0,28.3,54.0,18.2,1002.2,35.3,-16.19808878576026,-2.565525226659787
2018-02-27 21:00:00,0.09,0.0,0.09,0.0,27.4,60.0,18.9,1003.0,32.0,-17.28454596041491,-2.737603138204041
2018-02-27 22:00:00,0.1,0.0,0.1,0.0,26.6,67.0,20.0,1003.6,32.4,-16.921953492694836,-3.596872251147239
2018-02-27 23:00:00,0.18,0.0,0.16,0.03,26.0,75.0,21.2,1003.7,31.3,-12.238826880281593,-4.944807033090037
2018-02-28 00:00:00,0.26,0.02,0.22,0.06,25.6,80.0,21.9,1003.2,24.1,-7.208504807130724,-6.490566881680924
2018-02-28 01:00:00,0.21,0.03,0.2,0.0,25.4,82.0,22.1,1002.4,16.9,-2.902780391316932,-7.5620014546273335
2018-02-28 02:00:00,0.11,0.03,0.09,0.0,25.0,84.0,22.2,1001.8,14.0,-1.1419715947936853,-7.210124886344506
2018-02-28 03:00:00,0.07,0.06,0.03,0.0,24.7,85.0,22.0,1001.4,14.0,-0.2896658226307581,-8.294943864258496
2018-02-28 04:00:00,0.12,0.1,0.04,0.0,24.5,84.0,21.5,1001.4,14.4,-0.6972459419812653,-7.969557584733964
2018-02-28 05:00:00,0.1,0.04,0.02,0.09,24.3,84.0,21.5,1001.3,14.0,1.8614631347039767e-15,-7.6
2018-02-28 06:00:00,0.03,0.03,0.01,0.0,24.3,83.0,21.2,1002.0,13.7,-1.1419715947936853,-7.210124886344506
2018-02-28 07:00:00,0.03,0.02,0.01,0.01,25.5,76.0,21.0,1003.2,18.0,-4.716281451675524,-7.547628055792192
2018-02-28 08:00:00,0.14,0.03,0.01,0.11,27.6,67.0,20.9,1004.0,27.0,-7.572636146505597,-9.69253226936268
2018-02-28 09:00:00,0.49,0.32,0.02,0.27,30.1,55.0,20.0,1004.4,31.7,-10.7246142681062,-8.684621396487756
2018-02-28 10:00:00,0.31,0.04,0.06,0.26,32.5,45.0,19.1,1004.3,35.6,-10.031810730249349,-7.288537128426667
2018-02-28 11:00:00,0.19,0.13,0.15,0.0,34.0,42.0,19.0,1003.4,34.6,-12.184676781453192,-6.478707566445294
2018-02-28 12:00:00,0.22,0.1,0.2,0.0,35.0,38.0,18.6,1002.2,34.6,-13.329776402789143,-3.571702822414786
2018-02-28 13:00:00,0.25,0.13,0.22,0.0,35.4,37.0,18.5,1000.7,35.3,-14.420567482839962,-1.5156627173809751
2018-02-28 14:00:00,0.22,0.19,0.14,0.0,35.5,36.0,18.0,999.4,37.4,-15.84118355114072,-4.24463233968134
2018-02-28 15:00:00,0.26,0.1,0.25,0.0,36.0,34.0,17.6,998.3,37.8,-17.626771623599954,-2.4772811970891655
2018-02-28 16:00:00,0.44,0.06,0.34,0.17,33.2,38.0,17.0,999.1,41.8,-16.95403912726309,3.9141483455832513
2018-02-28 17:00:00,0.68,0.0,0.36,0.61,32.5,43.0,18.1,999.4,36.0,-18.31742420602707,-3.229856104604906
2018-02-28 18:00:00,0.46,0.0,0.27,0.26,30.9,49.0,18.8,1000.1,36.4,-16.2,-9.919639073093561e-16
2018-02-28 19:00:00,0.21,0.0,0.21,0.0,29.5,57.0,20.1,1001.1,30.6,-16.9,-1.0348265452795135e-15
2018-02-28 20:00:00,0.21,0.0,0.21,0.0,28.2,64.0,20.8,1002.4,31.7,-16.197532661533536,-0.2827289842839943
2018-02-28 21:00:00,0.29,0.0,0.29,0.0,27.5,70.0,21.4,1003.4,29.9,-13.647867363856914,-1.1940336756429164
2018-02-28 22:00:00,0.34,0.0,0.34,0.0,26.9,74.0,21.9,1003.7,25.6,-11.916173811447717,-2.101142949769858
2018-02-28 23:00:00,0.37,0.03,0.36,0.0,26.5,78.0,22.4,1003.4,21.6,-9.00025665737218,-5.407899786555569
2018-03-01 00:00:00,0.35,0.09,0.32,0.0,26.1,81.0,22.6,1003.1,18.7,-5.37401153701776,-5.374011537017761
2018-03-01 01:00:00,0.3,0.08,0.1,0.21,25.9,83.0,22.7,1002.2,13.0,-2.1161930039715187,-6.1458707413955596
2018-03-01 02:00:00,0.34,0.13,0.07,0.24,25.6,83.0,22.6,1001.7,11.5,-0.37668495821827663,-5.386845871403051
2018-03-01 03:00:00,0.33,0.32,0.03,0.0,25.4,84.0,22.5,1001.4,9.0,-1.079765060850552,-4.676976310969129
2018-03-01 04:00:00,0.66,0.65,0.04,0.0,25.2,84.0,22.4,1001.5,9.0,1.1511679911985121e-15,-4.7
2018-03-01 05:00:00,1.0,1.0,0.02,0.05,25.7,81.0,22.1,1001.6,9.7,-1.469229264399395,-7.558529312547013
2018-03-01 06:00:00,1.0,1.0,0.03,0.0,25.9,78.0,21.9,1002.1,18.0,-1.755442757464212,-9.030970087718508
2018-03-01 07:00:00,0.57,0.57,0.03,0.0,26.4,76.0,21.8,1003.2,20.2,-3.9860191021428424,-8.95274548489749
2018-03-01 08:00:00,0.43,0.36,0.03,0.1,27.8,69.0,21.5,1003.8,27.4,-7.880466884168427,-10.086537646166041
2018-03-01 09:00:00,0.37,0.35,0.21,0.02,29.4,61.0,21.0,1004.1,28.4,-9.056514962673264,-7.872708347886087
2018-03-01 10:00:00,0.42,0.34,0.37,0.0,31.2,52.0,20.4,1004.2,28.4,-9.68599049793387,-5.8199302464836125
2018-03-01 11:00:00,0.47,0.16,0.47,0.0,32.8,46.0,19.7,1002.9,30.6,-11.14504617410967,-5.435802220184561
2018-03-01 12:00:00,0.37,0.24,0.36,0.0,33.9,42.0,19.2,1001.5,32.0,-11.107670280670325,-6.157082177128481
2018-03-01 13:00:00,0.33,0.01,0.33,0.0,34.7,39.0,18.8,1000.1,31.7,-10.436319227436822,-7.582429754572904
2018-03-01 14:00:00,0.3,0.0,0.3,0.0,35.3,37.0,18.6,998.9,32.4,-10.81280698461469,-7.5712089598338075
2018-03-01 15:00:00,0.34,0.0,0.33,0.02,34.7,39.0,18.6,998.3,32.4,-11.855237287537097,-7.9964585196316795
2018-03-01 16:00:00,0.49,0.26,0.44,0.19,33.3,42.0,18.6,998.3,36.0,-15.095256111584384,-9.432562903351048
2018-03-01 17:00:00,0.39,0.18,0.26,0.01,32.2,46.0,19.2,998.8,38.2,-14.377138568056907,-5.518866422997626
2018-03-01 18:00:00,0.21,0.14,0.21,0.0,30.8,52.0,20.0,999.5,31.0,-15.506706947343663,-2.4560211011316255
2018-03-01 19:00:00,0.17,0.02,0.17,0.0,29.6,60.0,20.9,1000.5,29.9,-15.142159410994532,1.3247672897644052
2018-03-01 20:00:00,0.09,0.01,0.09,0.0,28.7,63.0,21.0,1001.4,28.1,-13.997867732189478,-0.24433369012197037
2018-03-01 21:00:00,0.06,0.03,0.06,0.0,27.9,66.0,20.9,1002.3,25.9,-13.281772812235833,-0.6960682180311548
2018-03-01 22:00:00,0.04,0.01,0.04,0.0,27.0,70.0,21.1,1002.9,24.8,-10.093247807352348,-2.8941922360784913
2018-03-01 23:00:00,0.03,0.01,0.03,0.0,26.3,75.0,21.6,1002.9,19.1,-5.046340541172277,-4.70578868443124
2018-03-02 00:00:00,0.03,0.01,0.03,0.0,25.6,79.0,21.7,1002.7,12.2,-1.7918397477265013,-4.667902132486009
2018-03-02 01:00:00,0.37,0.02,0.02,0.35,25.0,82.0,21.7,1002.2,8.3,-1.8364363038995868,-4.32637281122647
2018-03-02 02:00:00,0.69,0.02,0.02,0.68,24.5,84.0,21.7,1001.8,7.9,-2.1816432911085166,-3.935788682127281
2018-03-02 03:00:00,0.74,0.05,0.01,0.73,24.3,85.0,21.6,1001.4,8.3,-1.8364363038995868,-4.32637281122647
2018-03-02 04:00:00,0.81,0.11,0.01,0.79,23.9,86.0,21.4,1001.5,9.4,-0.7515347451843534,-5.34744757120448
2018-03-02 05:00:00,0.83,0.29,0.01,0.28,24.0,86.0,21.5,1001.5,10.8,-1.1257730727216144,-5.791600382341218
2018-03-02 06:00:00,0.46,0.45,0.01,0.01,24.4,83.0,21.3,1002.1,12.6,-1.079397808777593,-6.815049550106451
2018-03-02 07:00:00,0.49,0.49,0.01,0.02,25.1,80.0,21.4,1003.1,21.6,-5.3999999999999995,-9.353074360871938
2018-03-02 08:00:00,0.46,0.45,0.0,0.02,27.0,69.0,20.8,1003.9,26.3,-7.2648054088427685,-9.29852689255932
2018-03-02 09:00:00,0.39,0.37,0.0,0.03,29.2,56.0,19.5,1004.0,28.8,-7.2648054088427685,-9.29852689255932
2018-03-02 10:00:00,0.34,0.33,0.0,0.03,31.4,48.0,18.9,1004.3,30.6,-7.572636146505597,-9.69253226936268
2018-03-02 11:00:00,0.24,0.2,0.11,0.02,33.5,39.0,17.8,1003.2,32.4,-9.030558815966964,-9.351417404402465
2018-03-02 12:00:00,0.27,0.04,0.27,0.0,34.8,35.0,17.0,1001.7,35.3,-12.24459029200319,-7.951729911219395
2018-03-02 13:00:00,0.17,0.07,0.15,0.0,35.3,33.0,16.8,1000.3,35.6,-12.60970042210831,-5.094649670456403
2018-03-02 14:00:00,0.17,0.0,0.17,0.0,36.1,31.0,16.2,998.8,34.6,-11.888206453689419,-3.862712429686843
2018-03-02 15:00:00,0.13,0.0,0.13,0.0,36.3,29.0,15.4,998.2,33.8,-13.623471831096118,-5.782820701641251
2018-03-02 16:00:00,0.17,0.0,0.17,0.0,36.1,28.0,14.9,997.7,34.6,-14.093194589415168,-5.694020219921861
2018-03-02 17:00:00,0.46,0.0,0.03,0.0,34.0,32.0,14.8,998.2,32.8,-19.828869105642813,-3.854341706606207
2018-03-02 18:00:00,0.02,0.0,0.02,0.0,31.3,31.0,12.1,998.8,40.0,-20.896816828768575,-0.36475529453922717
2018-03-02 19:00:00,0.01,0.0,0.01,0.0,29.6,27.0,8.8,999.9,37.8,-19.053473359962645,1.332348648512794
2018-03-02 20:00:00,0.0,0.0,0.0,0.0,28.2,36.0,11.6,1001.3,34.9,-15.5,-9.491012693391988e-16
2018-03-02 21:00:00,0.0,0.0,0.0,0.0,26.8,53.0,16.3,1002.3,28.1,-13.326593397934863,-1.4006814077865564
2018-03-02 22:00:00,0.01,0.01,0.0,0.0,25.2,68.0,18.9,1003.2,24.1,-0.3747696938149301,-4.283637201794505
2018-03-02 23:00:00,0.02,0.02,0.0,0.0,25.0,66.0,18.2,1003.3,9.4,3.211826910522519,-3.567095162291493
2018-03-03 00:00:00,0.02,0.02,0.0,0.0,24.6,69.0,18.5,1002.8,8.6,1.0811407922523513,-5.086367523815789
2018-03-03 01:00:00,0.27,0.01,0.0,0.26,24.1,75.0,19.5,1002.2,9.4,1.3226185430791415e-15,-5.4
2018-03-03 02:00:00,0.31,0.02,0.0,0.3,23.8,80.0,20.1,1001.4,9.0,1.2246467991473533e-15,-5.0
2018-03-03 03:00:00,0.39,0.05,0.0,0.36,23.4,82.0,20.1,1001.1,8.6,0.709782814896336,-5.050367150582008
2018-03-03 04:00:00,0.4,0.08,0.0,0.34,23.0,82.0,19.8,1001.1,10.4,0.31924933308196063,-6.0916401620029
2018-03-03 05:00:00,0.38,0.28,0.0,0.25,23.1,82.0,19.8,1001.1,10.4,-1.4326213531414103,-4.685893304218874
2018-03-03 06:00:00,0.57,0.4,0.0,0.28,23.5,81.0,20.0,1001.8,10.8,-3.2095339943541705,-3.963444403430551
2018-03-03 07:00:00,0.7,0.6,0.0,0.25,24.5,79.0,20.6,1002.8,15.8,-6.122295146001595,-3.9758649556096977
2018-03-03 08:00:00,0.63,0.39,0.0,0.39,26.1,68.0,19.9,1003.5,19.8,-6.486172749262466,-2.8878301658381815
2018-03-03 09:00:00,0.49,0.14,0.0,0.41,28.4,57.0,19.0,1004.1,20.9,-5.788198644282651,-2.2218812871808624
2018-03-03 10:00:00,0.48,0.02,0.0,0.48,30.9,45.0,17.5,1004.0,23.0,-6.162892951849219,-2.873804179836756
2018-03-03 11:00:00,0.72,0.02,0.0,0.71,33.2,35.0,15.6,1002.8,25.6,-6.841600689897065,-3.950000000000001
2018-03-03 12:00:00,0.9,0.02,0.0,0.9,35.0,29.0,14.4,1001.7,26.3,-6.798696465013737,-3.61493103345136
2018-03-03 13:00:00,0.88,0.0,0.05,0.88,36.1,26.0,13.6,1000.0,25.9,-6.811735915548059,-2.8914103508206255
2018-03-03 14:00:00,0.92,0.0,0.08,0.91,36.5,25.0,13.2,998.5,25.9,-7.5620014546273335,-2.902780391316933
2018-03-03 15:00:00,0.96,0.0,0.07,0.95,37.0,24.0,13.1,997.8,25.9,-7.947845481490627,-3.5386087947594613
2018-03-03 16:00:00,0.99,0.0,0.27,0.99,34.7,36.0,17.5,997.9,34.6,-12.90062296018572,10.4467184914273
2018-03-03 17:00:00,0.94,0.0,0.27,0.98,31.2,54.0,20.9,998.1,45.4,-12.618681599723011,18.021344974357824
2018-03-03 18:00:00,0.42,0.0,0.2,0.28,29.6,56.0,20.0,998.8,43.2,-12.312003157002994,13.67386478878405
2018-03-03 19:00:00,0.34,0.0,0.31,0.04,29.0,57.0,19.5,999.8,34.2,-10.102897498940623,8.181165083647885
2018-03-03 20:00:00,0.63,0.0,0.58,0.14,28.8,53.0,18.4,1001.0,24.5,-5.358438019581682,4.658019105832601
2018-03-03 21:00:00,0.25,0.0,0.25,0.0,28.5,56.0,18.8,1002.7,13.0,5.766727053863696,3.603450996785794
2018-03-03 22:00:00,0.15,0.0,0.15,0.0,27.4,59.0,18.8,1003.4,13.3,3.2308440897875603,2.524212048835198
2018-03-03 23:00:00,0.12,0.0,0.12,0.0,26.3,61.0,18.3,1003.3,7.2,3.606244584051392,3.606244584051393
2018-03-04 00:00:00,0.02,0.0,0.02,0.0,26.2,60.0,18.0,1002.9,6.5,1.4364846019678084,3.9467090073008158
2018-03-04 01:00:00,0.01,0.0,0.01,0.0,25.2,64.0,18.0,1002.0,5.8,-2.8512208774027776,1.4527695991665497
2018-03-04 02:00:00,0.01,0.0,0.01,0.0,24.6,67.0,18.0,1001.1,6.5,-3.96029588778518,-1.061158084920335
2018-03-04 03:00:00,0.58,0.0,0.01,0.58,24.4,68.0,18.0,1000.6,8.3,-5.050367150582009,-0.7097828148963339
2018-03-04 04:00:00,0.69,0.0,0.0,0.69,23.9,70.0,18.0,1000.4,8.6,-4.3458286986186065,0.6883116461770157
2018-03-04 05:00:00,0.78,0.0,0.01,0.79,23.3,74.0,18.5,1000.9,7.2,-5.3989495089621515,-1.049449474570997
2018-03-04 06:00:00,0.83,0.0,0.0,0.83,23.5,75.0,18.8,1001.7,6.1,-4.3748599749577055,-1.4214781741247582
2018-03-04 07:00:00,0.85,0.0,0.0,0.85,25.1,70.0,19.4,1002.6,9.7,-0.7166571251241979,-2.499280409439629
2018-03-04 08:00:00,0.84,0.0,0.0,0.84,27.8,59.0,19.0,1003.2,14.4,-1.8221342821066668,-2.5079526825623373
2018-03-04 09:00:00,0.83,0.0,0.0,0.83,30.2,48.0,18.1,1003.4,17.6,-1.4235782507653008,-3.197409101749103
2018-03-04 10:00:00,0.84,0.0,0.0,0.84,32.8,37.0,16.0,1003.1,20.5,-3.606244584051392,-3.6062445840513924
2018-03-04 11:00:00,0.87,0.01,0.0,0.87,34.8,29.0,14.1,1002.0,24.8,-5.750880114781585,-4.656970893768797
2018-03-04 12:00:00,0.85,0.0,0.0,0.85,36.5,24.0,12.4,1001.0,27.7,-7.5442419102508795,-5.088655421583796
2018-03-04 13:00:00,0.92,0.0,0.0,0.92,37.5,20.0,10.8,999.8,29.2,-9.735430472951268,-3.9333692308670756
2018-03-04 14:00:00,0.95,0.0,0.0,0.95,38.1,18.0,9.6,998.4,32.4,-11.171727708819258,-6.450000000000002
2018-03-04 15:00:00,0.85,0.0,0.0,0.85,38.2,17.0,8.6,997.3,32.8,-12.291741482791117,-4.232386007943038
2018-03-04 16:00:00,0.34,0.0,0.0,0.34,36.2,23.0,11.6,997.5,32.8,-14.047770699068076,6.550583056980839
2018-03-04 17:00:00,0.01,0.0,0.02,0.45,30.6,56.0,21.0,998.0,46.8,-15.907676683511033,16.472881427755112
2018-03-04 18:00:00,0.02,0.0,0.02,0.0,29.2,55.0,19.4,998.6,44.3,-15.209519494249014,11.050362743098493
2018-03-04 19:00:00,0.05,0.0,0.03,0.03,28.0,57.0,18.6,999.6,34.9,-12.269756073814618,8.276054971367051
2018-03-04 20:00:00,0.16,0.0,0.0,0.15,27.4,59.0,18.6,1000.8,27.7,-6.881011852206847,4.641301098807197
2018-03-04 21:00:00,0.25,0.0,0.0,0.25,26.5,62.0,18.6,1002.3,14.8,4.366330768241984,1.088648530198505
2018-03-04 22:00:00,0.27,0.0,0.0,0.27,25.4,67.0,18.7,1002.7,8.6,5.421022142882375,1.7613968679372012
2018-03-04 23:00:00,0.33,0.0,0.0,0.32,24.9,69.0,18.9,1002.6,7.2,0.3486229709906318,3.984778792366982
2018-03-05 00:00:00,0.08,0.0,0.0,0.08,24.1,73.0,19.0,1002.3,6.1,-2.8948737988292517,3.5748714227020657
2018-03-05 01:00:00,0.23,0.0,0.0,0.23,23.8,75.0,19.0,1001.6,6.8,-3.984778792366982,0.34862297099063294
2018-03-05 02:00:00,0.35,0.0,0.0,0.34,23.2,75.0,18.5,1000.8,6.8,-3.604268994871564,-2.523736319944603
2018-03-05 03:00:00,0.48,0.0,0.0,0.48,22.9,78.0,18.9,1000.3,7.9,-3.606244584051392,-3.6062445840513924
2018-03-05 04:00:00,0.53,0.0,0.0,0.53,22.8,83.0,19.8,1000.7,10.1,-4.6728711030257655,-3.92100441908789
2018-03-05 05:00:00,0.73,0.0,0.0,0.87,22.7,87.0,20.5,1001.1,10.1,-3.96029588778518,-1.061158084920335
2018-03-05 06:00:00,0.82,0.01,0.0,0.82,23.1,86.0,20.8,1001.7,8.3,-3.935788682127281,-2.181643291108517
2018-03-05 07:00:00,0.34,0.06,0.0,0.3,25.0,79.0,21.1,1002.7,15.1,-5.766727053863696,-3.603450996785793
2018-03-05 08:00:00,0.17,0.07,0.0,0.11,27.1,67.0,20.4,1003.6,20.9,-6.887939181478539,-3.211898789229316
2018-03-05 09:00:00,0.12,0.12,0.0,0.0,29.5,53.0,18.9,1003.8,22.7,-5.750175672340508,-4.333068166694748
2018-03-05 10:00:00,0.01,0.01,0.0,0.0,31.9,41.0,16.9,1003.8,24.8,-5.379684037722159,-6.18861855782673
2018-03-05 11:00:00,0.01,0.01,0.0,0.0,34.0,31.0,14.5,1003.0,26.3,-4.6413010988072,-6.881011852206847
2018-03-05 12:00:00,0.0,0.0,0.0,0.0,35.8,24.0,12.3,1001.8,27.0,-4.996174644486022,-6.876644452187053
2018-03-05 13:00:00,0.0,0.0,0.0,0.0,37.0,21.0,10.9,1000.2,27.0,-6.855693556378481,-5.356254835333226
2018-03-05 14:00:00,0.0,0.0,0.0,0.0,37.8,19.0,10.2,999.1,28.8,-9.353074360871938,-5.400000000000001
2018-03-05 15:00:00,0.0,0.0,0.0,0.0,38.1,18.0,9.6,998.1,29.5,-10.4771775566047,-4.233054505599806
2018-03-05 16:00:00,0.03,0.0,0.03,0.0,35.7,30.0,15.2,998.3,35.3,-14.781073050655788,8.193282582163095
2018-03-05 17:00:00,0.06,0.0,0.0,0.0,31.6,54.0,21.1,998.6,45.4,-13.305703520511367,15.857119972562842
2018-03-05 18:00:00,0.0,0.0,0.0,0.0,29.0,58.0,19.9,999.4,41.8,-10.932805692640004,15.047716095374021
2018-03-05 19:00:00,0.0,0.0,0.0,0.0,28.6,58.0,19.5,1000.3,34.2,-12.68427486009214,8.555651423102425
2018-03-05 20:00:00,0.0,0.0,0.0,0.0,28.3,55.0,18.3,1001.6,28.1,-11.160878248725057,1.7677094549546084
2018-03-05 21:00:00,0.0,0.0,0.0,0.0,26.8,55.0,17.0,1003.3,19.8,-5.020458146424486,-5.020458146424487
2018-03-05 22:00:00,0.0,0.0,0.0,0.0,26.2,56.0,16.9,1003.9,8.3,-0.37668495821827663,-5.386845871403051
2018-03-05 23:00:00,0.0,0.0,0.0,0.0,25.6,59.0,17.1,1004.2,7.6,-2.1816432911085166,-3.935788682127281
2018-03-06 00:00:00,0.0,0.0,0.0,0.0,25.1,65.0,18.0,1003.8,7.6,-2.8948737988292517,-3.5748714227020657
2018-03-06 01:00:00,0.0,0.0,0.0,0.0,24.6,71.0,19.1,1003.0,9.4,-3.9597979746446654,-3.9597979746446663
2018-03-06 02:00:00,0.0,0.0,0.0,0.0,24.0,77.0,19.6,1002.4,10.4,-3.2678342100901627,-5.032023407672544
2018-03-06 03:00:00,0.05,0.05,0.0,0.0,23.5,79.0,19.6,1002.2,10.4,-2.1727182418122895,-5.377666356487367
2018-03-06 04:00:00,0.19,0.19,0.0,0.0,23.1,81.0,19.6,1002.4,9.7,-2.1791543987498248,-4.276831316104166
2018-03-06 05:00:00,0.96,0.29,0.0,0.0,23.4,83.0,20.2,1002.6,8.6,-3.252691193458118,-3.2526911934581184
2018-03-06 06:00:00,0.68,0.63,0.0,0.15,23.9,81.0,20.4,1003.1,11.2,-3.9597979746446654,-3.9597979746446663
2018-03-06 07:00:00,0.81,0.58,0.0,0.56,25.0,78.0,20.8,1004.1,17.3,-6.466493065929326,-4.361704647071825
2018-03-06 08:00:00,0.75,0.15,0.0,0.7,26.2,70.0,20.4,1004.6,19.4,-6.122295146001595,-3.9758649556096977
2018-03-06 09:00:00,0.9,0.04,0.0,0.89,28.4,58.0,19.2,1005.0,22.3,-5.3623071340531,-4.342310698243878
2018-03-06 10:00:00,0.74,0.01,0.0,0.74,31.0,45.0,17.7,1004.5,24.1,-5.750880114781585,-4.656970893768797
2018-03-06 11:00:00,0.88,0.0,0.0,0.88,33.8,30.0,13.9,1003.6,26.6,-7.212566884330647,-4.683895701129233
2018-03-06 12:00:00,0.88,0.0,0.0,0.88,35.7,22.0,10.9,1002.4,28.8,-9.335804264972017,-3.583679495453004
2018-03-06 13:00:00,0.94,0.0,0.0,0.94,36.7,19.0,9.6,1001.0,31.0,-11.1506356728845,-3.19739332747719
2018-03-06 14:00:00,0.94,0.0,0.0,0.94,37.5,17.0,8.2,999.4,33.5,-12.60970042210831,-5.094649670456403
2018-03-06 15:00:00,0.79,0.0,0.0,0.79,37.5,16.0,7.6,998.7,33.8,-13.291897999353974,0.46416330614326273
2018-03-06 16:00:00,0.6,0.0,0.0,0.6,34.1,36.0,17.1,998.7,39.2,-14.478239974948684,12.148685823075594
2018-03-06 17:00:00,0.0,0.0,0.0,0.49,31.1,51.0,20.0,998.9,44.3,-12.578604399058927,17.312963679623874
2018-03-06 18:00:00,0.85,0.0,0.0,0.85,29.7,52.0,18.8,999.7,42.1,-12.856405480758921,11.575959490008248
2018-03-06 19:00:00,0.84,0.0,0.0,0.84,28.7,46.0,16.0,1000.8,33.1,-15.506504639828796,5.339317733097369
2018-03-06 20:00:00,0.57,0.0,0.0,0.57,27.3,49.0,15.5,1002.5,30.2,-9.394273773979501,0.328055269003509
2018-03-06 21:00:00,0.0,0.0,0.0,0.0,25.8,60.0,17.4,1003.6,16.2,-1.4364846019678086,-3.9467090073008158
2018-03-06 22:00:00,0.0,0.0,0.0,0.0,25.6,62.0,17.9,1004.0,6.8,-0.6883116461770159,-4.3458286986186065
2018-03-06 23:00:00,0.0,0.0,0.0,0.0,25.2,65.0,18.1,1004.1,11.5,-2.8878301658381815,-6.486172749262466
2018-03-07 00:00:00,0.01,0.01,0.0,0.0,24.6,70.0,18.8,1003.5,14.0,-3.6319239979163744,-7.128052193506943
2018-03-07 01:00:00,0.06,0.06,0.0,0.0,24.0,75.0,19.4,1002.8,14.0,-1.079397808777593,-6.815049550106451
2018-03-07 02:00:00,0.26,0.26,0.0,0.0,23.7,78.0,19.5,1002.3,11.9,1.1257730727216135,-5.791600382341218
2018-03-07 03:00:00,0.76,0.76,0.0,0.0,23.6,78.0,19.6,1002.0,10.8,1.7640790772287933,-6.1520748540052415
2018-03-07 04:00:00,0.43,0.43,0.0,0.0,24.0,77.0,19.7,1001.8,15.5,1.829622879196287,-8.60769888645749
2018-03-07 05:00:00,0.48,0.73,0.0,0.0,24.4,81.0,20.9,1001.8,15.5,-1.8376152202278973,-6.858073366652385
2018-03-07 06:00:00,0.82,0.82,0.0,0.0,24.5,80.0,20.9,1002.6,13.7,-1.1257730727216144,-5.791600382341218
2018-03-07 07:00:00,0.78,0.78,0.0,0.0,25.3,76.0,20.8,1003.7,15.8,-1.4553818357243153,-6.84703320513664
2018-03-07 08:00:00,0.42,0.42,0.0,0.0,26.7,69.0,20.5,1004.6,22.0,-4.363286582217033,-7.871577364254562
2018-03-07 09:00:00,0.36,0.36,0.0,0.0,28.8,58.0,19.8,1004.9,25.9,-5.391926446648768,-8.302838622659698
2018-03-07 10:00:00,0.27,0.27,0.0,0.0,30.6,49.0,18.8,1005.2,27.4,-6.054188098612474,-8.332875042061959
2018-03-07 11:00:00,0.35,0.35,0.0,0.0,32.1,42.0,17.6,1004.3,28.8,-5.40517649517869,-8.650090580795544
2018-03-07 12:00:00,0.1,0.06,0.04,0.0,33.8,35.0,16.1,1003.0,28.8,-5.46640284632,-7.523858047687012
2018-03-07 13:00:00,0.56,0.01,0.0,0.55,35.2,30.0,15.2,1001.2,27.7,-6.46535998165333,-5.821436275322066
2018-03-07 14:00:00,0.64,0.02,0.0,0.64,36.0,27.0,14.3,999.8,27.4,-8.268905225952334,-4.033014550459512
2018-03-07 15:00:00,0.36,0.0,0.01,0.36,36.5,26.0,13.8,998.7,27.4,-8.30888721782426,-4.605691392340202
2018-03-07 16:00:00,0.27,0.0,0.0,0.27,35.5,28.0,14.4,998.6,28.4,-12.304149708010483,3.528158154457588
2018-03-07 17:00:00,0.19,0.0,0.08,0.08,30.6,50.0,18.9,999.6,42.1,-12.216844969986578,16.21230085396005
2018-03-07 18:00:00,0.0,0.0,0.0,0.0,28.9,53.0,18.4,1000.0,40.7,-7.8999999999999995,13.683201379794133
2018-03-07 19:00:00,0.0,0.0,0.0,0.0,28.9,51.0,17.6,1000.6,28.8,-10.855015630802255,6.782966582185022
2018-03-07 20:00:00,0.0,0.0,0.0,0.0,28.0,53.0,17.5,1001.7,24.8,-13.281772812235833,0.6960682180311532
2018-03-07 21:00:00,0.0,0.0,0.0,0.0,27.0,57.0,17.8,1002.7,24.1,-8.65135526344487,-2.4807362023529924
2018-03-07 22:00:00,0.01,0.0,0.01,0.0,26.4,61.0,18.2,1003.2,16.2,-2.1791543987498248,-4.276831316104166
2018-03-07 23:00:00,0.11,0.0,0.11,0.0,26.0,64.0,18.6,1003.4,10.1,-2.5357095704441965,-5.437846722219899
2018-03-08 00:00:00,0.16,0.0,0.16,0.0,25.5,68.0,19.1,1002.8,11.2,-1.0811407922523486,-5.08636752381579
2018-03-08 01:00:00,0.25,0.0,0.25,0.0,25.0,70.0,19.2,1002.2,9.4,0.6945927106677215,-3.939231012048832
2018-03-08 02:00:00,0.37,0.07,0.34,0.0,24.8,70.0,19.0,1002.1,8.3,1.8364363038995872,-4.326372811226469
2018-03-08 03:00:00,0.53,0.21,0.44,0.0,24.8,69.0,18.8,1001.9,9.0,1.7918397477265038,-4.667902132486008
2018-03-08 04:00:00,0.79,0.65,0.49,0.0,24.7,69.0,18.7,1002.0,10.8,1.7640790772287933,-6.1520748540052415
2018-03-08 05:00:00,0.73,0.31,0.5,0.0,24.4,70.0,18.6,1001.8,11.5,-0.7555899291119144,-6.153786140176196
2018-03-08 06:00:00,0.6,0.12,0.55,0.0,24.7,70.0,19.0,1002.8,13.3,-1.392905666248777,-7.165878439167947
2018-03-08 07:00:00,0.49,0.08,0.45,0.0,25.6,68.0,19.4,1003.9,18.4,-3.221616703376843,-7.973781149274371
2018-03-08 08:00:00,0.35,0.06,0.31,0.0,27.2,64.0,19.8,1004.9,23.0,-4.995869326627525,-8.31452281681049
2018-03-08 09:00:00,0.35,0.23,0.19,0.0,29.5,52.0,18.7,1005.1,27.0,-6.825132184860354,-7.580077219869421
2018-03-08 10:00:00,0.42,0.19,0.31,0.0,31.2,45.0,17.8,1005.2,27.7,-7.121464023352646,-6.877117867544073
2018-03-08 11:00:00,0.65,0.19,0.59,0.0,32.8,39.0,17.2,1004.3,29.9,-8.668118289673941,-6.772276228582241
2018-03-08 12:00:00,0.8,0.18,0.76,0.0,34.0,35.0,16.5,1003.2,30.6,-10.065602558591767,-5.351975815759156
2018-03-08 13:00:00,0.71,0.08,0.7,0.0,35.0,32.0,15.7,1001.7,29.9,-10.431998923921938,-2.795245687107224
2018-03-08 14:00:00,0.27,0.0,0.27,0.0,35.9,29.0,15.2,1000.3,32.0,-11.510672766296771,-5.124881702755083
2018-03-08 15:00:00,0.21,0.0,0.21,0.0,36.2,28.0,14.8,999.4,32.8,-12.976767928311105,-4.981314498679676
2018-03-08 16:00:00,0.44,0.0,0.41,0.05,34.8,33.0,16.2,999.5,38.5,-16.89732807042434,-8.241377559634657
2018-03-08 17:00:00,0.63,0.0,0.22,0.68,32.7,38.0,16.5,1000.1,39.2,-17.246350146698664,-3.9816336618864088
2018-03-08 18:00:00,0.44,0.0,0.06,0.41,31.0,41.0,16.4,1000.5,34.6,-15.497639274924065,0.27051229977789387
2018-03-08 19:00:00,0.93,0.0,0.02,0.93,29.5,45.0,16.5,1001.2,30.2,-16.210706894502856,1.703813951262753
2018-03-08 20:00:00,0.94,0.0,0.01,0.94,28.9,47.0,16.4,1002.3,29.5,-13.281772812235833,-0.6960682180311548
2018-03-08 21:00:00,0.58,0.0,0.01,0.58,27.8,53.0,17.2,1003.0,23.8,-12.208317665188261,-1.4989929238833142
2018-03-08 22:00:00,0.98,0.0,0.0,0.98,26.9,60.0,18.5,1003.6,22.0,-9.030970087718508,-1.755442757464213
2018-03-08 23:00:00,0.95,0.0,0.0,0.95,25.9,67.0,19.2,1003.6,16.2,-1.8364363038995868,-4.32637281122647
2018-03-09 00:00:00,0.89,0.0,0.03,0.88,25.4,69.0,19.2,1003.0,6.1,2.164994795668674,-2.490541614735147
2018-03-09 01:00:00,0.88,0.0,0.09,0.87,25.1,70.0,19.2,1002.1,5.0,1.801725498392897,-2.8833635269318476
2018-03-09 02:00:00,0.4,0.0,0.1,0.36,24.2,74.0,19.4,1001.6,6.1,0.37668495821827847,-5.386845871403051
2018-03-09 03:00:00,0.01,0.0,0.0,0.01,23.5,79.0,19.6,1001.4,7.6,-1.7918397477265013,-4.667902132486009
2018-03-09 04:00:00,0.0,0.0,0.0,0.0,23.1,82.0,20.0,1001.5,7.2,-2.8948737988292517,-3.5748714227020657
2018-03-09 05:00:00,0.02,0.0,0.0,0.96,23.9,82.0,20.6,1000.8,7.2,-4.276831316104166,-2.1791543987498248
2018-03-09 06:00:00,0.95,0.0,0.0,0.95,24.0,82.0,20.8,1001.9,10.1,-5.0229473419497435,-2.9000000000000004
2018-03-09 07:00:00,0.87,0.0,0.0,0.87,25.5,73.0,20.2,1003.0,18.4,-7.187719590425635,-5.416335208368435
2018-03-09 08:00:00,0.28,0.0,0.0,0.28,28.2,54.0,18.0,1004.1,28.1,-10.436319227436822,-7.582429754572904
2018-03-09 09:00:00,0.07,0.0,0.0,0.07,30.6,41.0,15.9,1004.7,34.6,-11.950293312656056,-10.027486711110013
2018-03-09 10:00:00,0.0,0.0,0.0,0.0,32.9,32.0,14.1,1004.2,37.1,-11.964631690186048,-10.773002762377619
2018-03-09 11:00:00,0.0,0.0,0.0,0.0,35.1,25.0,12.0,1003.0,38.2,-12.512049979457233,-10.132058295902382
2018-03-09 12:00:00,0.0,0.0,0.0,0.0,36.5,22.0,11.1,1001.6,39.2,-13.762023704413695,-9.282602197614398
2018-03-09 13:00:00,0.0,0.0,0.0,0.0,37.0,21.0,11.1,1000.5,39.6,-15.5035135208776,-7.8994346954681145
2018-03-09 14:00:00,0.85,0.0,0.0,0.85,37.0,22.0,11.7,999.5,40.3,-16.661137847489172,-7.072233425655855
2018-03-09 15:00:00,0.98,0.0,0.0,0.98,36.6,23.0,12.4,998.8,41.4,-18.450496416125976,-5.99492969087398
2018-03-09 16:00:00,0.95,0.0,0.0,0.95,35.5,28.0,14.1,999.2,42.8,-20.894656250447134,-2.9365524302573816
2018-03-09 17:00:00,0.07,0.0,0.0,0.89,32.8,34.0,14.8,1000.2,43.2,-19.8,-1.2124003311558797e-15
2018-03-09 18:00:00,1.0,0.0,0.0,1.0,30.8,38.0,14.8,1000.9,37.8,-16.935309867559674,1.48164762671019
2018-03-09 19:00:00,1.0,0.0,0.0,1.0,29.0,47.0,16.5,1001.8,31.3,-16.55956323431308,1.1579574641524806
2018-03-09 20:00:00,1.0,0.0,0.0,1.0,27.9,54.0,17.8,1002.8,30.2,-14.718924051450445,-1.5470212563612713
2018-03-09 21:00:00,1.0,0.0,0.0,1.0,27.0,60.0,18.5,1003.6,27.0,-12.957478821509163,-2.518678738970393
2018-03-09 22:00:00,0.99,0.0,0.0,0.99,25.9,68.0,19.6,1004.2,24.1,-9.389149505214892,-3.985457510590592
2018-03-09 23:00:00,0.94,0.0,0.0,0.94,25.4,74.0,20.5,1004.1,17.6,-5.727564927611034,-5.727564927611035
2018-03-10 00:00:00,0.93,0.0,0.0,0.93,24.9,79.0,21.0,1003.4,14.0,-2.873804179836756,-6.162892951849219
2018-03-10 01:00:00,0.94,0.04,0.0,0.94,24.5,81.0,21.1,1002.5,11.9,1.4940690949597709e-15,-6.1
2018-03-10 02:00:00,0.76,0.02,0.0,0.75,24.5,81.0,21.1,1002.1,13.0,1.392905666248776,-7.165878439167947
2018-03-10 03:00:00,0.15,0.01,0.0,0.15,24.1,82.0,20.9,1001.9,13.0,0.7526049355271046,-7.160557646651568
2018-03-10 04:00:00,0.13,0.02,0.0,0.11,23.8,84.0,20.8,1001.6,13.0,1.8614631347039767e-15,-7.6
2018-03-10 05:00:00,0.11,0.0,0.0,0.0,24.0,84.0,21.0,1001.3,14.0,-2.1013155617496424,-6.467184310807044
2018-03-10 06:00:00,0.89,0.01,0.0,0.89,24.2,82.0,21.0,1001.9,13.7,-2.474317973874391,-7.185941174554808
2018-03-10 07:00:00,0.85,0.02,0.0,0.84,25.7,75.0,20.9,1002.9,20.9,-4.352968095929205,-9.334970206477495
2018-03-10 08:00:00,0.84,0.15,0.0,0.81,27.6,66.0,20.6,1003.8,29.9,-7.516018683207374,-11.573653837646852
2018-03-10 09:00:00,0.78,0.5,0.0,0.73,30.0,54.0,19.6,1004.5,33.1,-11.184248869537079,-9.384699101423475
2018-03-10 10:00:00,1.0,1.0,0.02,0.88,31.9,48.0,19.4,1004.7,40.7,-11.222383006759188,-7.85799717800933
2018-03-10 11:00:00,0.79,0.29,0.1,0.73,32.7,46.0,19.5,1003.8,40.3,-11.184248869537079,-9.384699101423475
2018-03-10 12:00:00,0.28,0.15,0.2,0.13,34.7,40.0,19.1,1002.1,41.0,-12.336204102924745,-11.107568065557048
2018-03-10 13:00:00,0.45,0.0,0.25,0.3,36.0,34.0,18.0,1000.6,41.0,-15.773694588509525,-9.856498314737612
2018-03-10 14:00:00,0.99,0.0,0.25,0.98,35.9,30.0,15.7,999.7,47.5,-20.573186765731954,-9.593434541513878
2018-03-10 15:00:00,1.0,0.0,0.11,1.0,36.2,25.0,13.1,998.9,49.0,-19.07576020195394,-6.943008909511077
2018-03-10 16:00:00,1.0,0.0,0.04,1.0,35.5,19.0,8.6,999.0,47.9,-23.755377839433468,-4.6175776881123864
2018-03-10 17:00:00,0.96,0.0,0.04,0.89,34.3,24.0,10.9,999.4,48.2,-21.628388158612175,-6.2018405058824815
2018-03-10 18:00:00,0.82,0.0,0.0,0.82,31.6,29.0,11.4,1000.0,42.5,-18.355178524780765,-1.2835191168919042
2018-03-10 19:00:00,0.72,0.0,0.0,0.72,30.0,35.0,12.7,1001.3,33.8,-16.593164121998313,-2.6280990126758796
2018-03-10 20:00:00,0.97,0.0,0.0,0.97,28.9,40.0,13.9,1002.3,31.3,-16.95403912726309,-3.914148345583249
2018-03-10 21:00:00,0.94,0.0,0.0,0.94,27.8,46.0,15.0,1003.1,31.0,-15.84118355114072,-4.24463233968134
2018-03-10 22:00:00,0.9,0.0,0.0,0.9,26.6,53.0,16.4,1003.4,29.2,-11.510672766296771,-5.124881702755083
2018-03-10 23:00:00,0.94,0.0,0.0,0.94,25.6,62.0,17.8,1003.3,22.3,-8.652886410017484,-4.600821315301731
2018-03-11 00:00:00,0.0,0.0,0.0,0.0,25.0,68.0,18.8,1002.7,16.9,-6.466493065929326,-4.361704647071825
2018-03-11 01:00:00,0.21,0.0,0.0,0.21,24.3,73.0,19.1,1002.3,13.7,-4.6728711030257655,-3.92100441908789
2018-03-11 02:00:00,0.23,0.01,0.0,0.23,23.8,75.0,19.1,1001.8,10.4,-3.244739871933341,-5.400153994423308
2018-03-11 03:00:00,0.38,0.01,0.0,0.38,23.4,76.0,19.0,1001.6,11.9,-2.5085756468171017,-6.535062985480412
2018-03-11 04:00:00,0.01,0.01,0.0,0.0,22.8,78.0,18.9,1001.8,11.9,-2.1727182418122895,-5.377666356487367
2018-03-11 05:00:00,0.0,0.01,0.0,0.06,22.6,81.0,19.2,1001.9,10.4,-2.907803098047884,-4.3109953772862175
2018-03-11 06:00:00,0.05,0.02,0.0,0.03,23.2,80.0,19.6,1002.8,13.3,-3.211898789229316,-6.887939181478539
2018-03-11 07:00:00,0.86,0.03,0.0,0.86,24.7,77.0,20.4,1003.9,21.2,-5.407899786555569,-9.00025665737218
2018-03-11 08:00:00,0.93,0.19,0.0,0.91,27.1,67.0,20.6,1004.6,29.9,-7.159029241249753,-11.914625479759362
2018-03-11 09:00:00,0.8,0.17,0.0,0.76,29.8,56.0,19.9,1004.8,35.6,-11.921065336392479,-11.116573269018726
2018-03-11 10:00:00,0.62,0.51,0.0,0.24,32.5,43.0,18.5,1004.5,40.3,-14.34179571564234,-11.20503885092698
2018-03-11 11:00:00,0.98,0.38,0.15,0.97,34.7,35.0,17.0,1003.4,42.1,-15.943304207740809,-9.962482167584252
2018-03-11 12:00:00,0.99,0.06,0.24,0.98,34.2,37.0,17.5,1002.3,42.1,-16.186341961346685,-10.511533375790023
2018-03-11 13:00:00,1.0,0.03,0.33,1.0,35.3,35.0,17.5,1000.8,42.8,-14.400502499874065,-10.462577490806023
2018-03-11 14:00:00,0.99,0.0,0.37,0.98,35.0,33.0,16.1,999.8,42.8,-17.32050807568877,-10.000000000000002
2018-03-11 15:00:00,0.68,0.04,0.25,0.58,35.3,33.0,16.6,999.4,43.6,-17.213440759560633,-7.306672102749419
2018-03-11 16:00:00,0.23,0.0,0.23,0.0,35.0,31.0,15.2,999.4,42.5,-18.699883153639576,-6.806200852180809
2018-03-11 17:00:00,0.36,0.0,0.08,0.14,34.2,29.0,13.7,999.7,40.7,-16.54838338353567,-5.376895702124085
2018-03-11 18:00:00,0.15,0.0,0.15,0.01,32.0,34.0,14.4,1000.1,33.5,-14.022758724692652,-1.4738513320739137
2018-03-11 19:00:00,0.59,0.0,0.51,0.18,30.2,46.0,17.4,1001.4,28.4,-15.5,-9.491012693391988e-16
2018-03-11 20:00:00,0.61,0.0,0.61,0.0,29.1,52.0,18.1,1002.4,28.1,-14.763947943845398,-1.0323958114130536
2018-03-11 21:00:00,0.14,0.0,0.06,0.09,28.2,55.0,18.5,1003.3,27.0,-14.06565310866352,-0.9835662797921657
2018-03-11 22:00:00,0.01,0.0,0.0,0.01,27.0,64.0,19.7,1003.7,25.6,-12.605539238556263,-2.2226966741367096
2018-03-11 23:00:00,0.83,0.0,0.0,0.83,26.2,72.0,20.7,1003.3,22.7,-10.08266860616978,-3.870373855089244
2018-03-12 00:00:00,0.34,0.0,0.0,0.34,25.6,77.0,21.2,1002.8,19.4,-6.841600689897065,-3.950000000000001
2018-03-12 01:00:00,0.19,0.0,0.02,0.18,25.1,80.0,21.5,1002.5,13.7,-3.921004419087889,-4.6728711030257655
2018-03-12 02:00:00,0.01,0.01,0.0,0.0,25.0,81.0,21.5,1002.0,12.2,-2.4967470462773815,-6.859756131737131
2018-03-12 03:00:00,0.16,0.12,0.04,0.04,25.0,81.0,21.5,1001.6,16.6,-2.510544737494451,-9.369480515003962
2018-03-12 04:00:00,0.42,0.15,0.08,0.32,25.0,80.0,21.3,1001.5,21.6,-1.498992923883314,-12.208317665188261
2018-03-12 05:00:00,0.26,0.09,0.12,0.88,25.0,80.0,21.4,1002.4,22.7,-0.3908743630680108,-11.193177262613872
2018-03-12 06:00:00,0.4,0.17,0.22,0.23,25.0,80.0,21.4,1003.1,19.8,-0.802199448057441,-11.471986577987979
2018-03-12 07:00:00,0.62,0.33,0.12,0.43,26.2,76.0,21.5,1003.7,28.4,-4.385575570841052,-14.344571339445531
2018-03-12 08:00:00,0.84,0.41,0.18,0.79,28.2,66.0,21.4,1004.4,38.5,-10.783852893297537,-16.605677245319395
2018-03-12 09:00:00,0.98,0.52,0.3,0.95,29.4,63.0,21.5,1004.7,50.8,-16.941781959761965,-13.719184524886456
2018-03-12 10:00:00,0.53,0.21,0.18,0.44,30.5,58.0,21.4,1004.5,52.6,-14.309962431455345,-14.818399886976216
2018-03-12 11:00:00,0.76,0.45,0.22,0.63,33.2,50.0,21.4,1003.5,56.9,-16.98096555501237,-14.761328152286413
2018-03-12 12:00:00,0.43,0.15,0.3,0.26,34.0,46.0,20.6,1002.6,57.6,-20.228516770343017,-13.644306844686222
2018-03-12 13:00:00,0.5,0.19,0.47,0.01,33.2,46.0,20.1,1000.9,56.5,-21.286007213526293,-13.300973532253444
2018-03-12 14:00:00,0.99,0.27,0.69,0.98,32.9,46.0,19.7,1000.1,55.8,-22.780047895760315,-12.112366319875985
2018-03-12 15:00:00,0.99,0.25,0.76,0.97,31.9,50.0,20.0,1000.1,51.8,-22.657694675916247,-10.565456543517486
2018-03-12 16:00:00,0.99,0.27,0.97,0.67,30.6,55.0,20.6,1000.8,50.8,-23.092570535410076,-5.331339987949598
2018-03-12 17:00:00,0.79,0.12,0.82,0.94,28.3,68.0,21.9,1001.2,46.1,-18.061940175437016,-3.510885514928426
2018-03-12 18:00:00,0.98,0.18,0.95,0.93,27.3,75.0,22.5,1002.0,34.6,-13.31479122813215,-4.326237921249264
2018-03-12 19:00:00,0.99,0.07,0.83,0.97,27.2,76.0,22.6,1002.9,25.6,-10.045894683899487,-5.800000000000001
2018-03-12 20:00:00,1.0,0.22,0.13,1.0,27.1,76.0,22.5,1003.8,22.7,-11.807366046381842,-6.544929873325551
2018-03-12 21:00:00,1.0,0.34,0.2,1.0,26.4,80.0,22.6,1004.3,26.3,-9.42234665036343,-7.906287599144434
2018-03-12 22:00:00,1.0,1.0,0.48,1.0,25.1,89.0,23.1,1004.4,34.2,-6.4996022500421216,-8.625263508510763
2018-03-12 23:00:00,0.93,0.18,0.13,0.92,25.0,91.0,23.3,1004.1,34.9,-3.625409138561936,-11.858178973941639
2018-03-13 00:00:00,1.0,0.91,0.37,1.0,24.4,92.0,23.0,1003.4,27.7,-4.999999999999999,-8.660254037844387
2018-03-13 01:00:00,0.99,0.43,0.11,0.98,24.7,91.0,23.0,1002.3,25.9,0.32805526900350773,-9.394273773979501
2018-03-13 02:00:00,0.99,0.99,0.48,0.96,24.4,92.0,23.1,1002.0,25.9,-1.7191169589026103,-9.74959675482086
2018-03-13 03:00:00,1.0,1.0,0.68,0.92,24.0,95.0,23.0,1001.9,28.8,-6.807987937687838,-10.4833820993178
2018-03-13 04:00:00,0.99,0.25,0.48,0.98,23.9,92.0,22.5,1001.7,32.4,-3.186851581477831,-10.423721839997087
2018-03-13 05:00:00,1.0,1.0,0.26,0.98,23.9,95.0,23.1,1001.5,19.8,-9.676371287520293,0.6766377953180156
2018-03-13 06:00:00,1.0,0.98,0.59,1.0,23.8,96.0,23.1,1002.5,21.2,-7.922144549932563,-1.1133848076805237
2018-03-13 07:00:00,0.99,0.35,0.6,0.99,24.4,93.0,23.1,1003.3,20.2,-6.85893577750951,-6.858935777509511
2018-03-13 08:00:00,1.0,0.16,0.89,0.99,24.9,88.0,22.8,1004.2,30.2,-9.71108730457179,-9.377888001196464
2018-03-13 09:00:00,1.0,0.51,1.0,1.0,25.6,86.0,23.1,1004.8,29.9,-9.056514962673264,-7.872708347886087
2018-03-13 10:00:00,0.99,0.59,0.92,0.99,26.1,84.0,23.2,1005.0,27.7,-8.939733772226367,-2.5634274090980926
2018-03-13 11:00:00,0.98,0.23,0.91,0.98,26.6,81.0,23.1,1003.9,27.4,-5.8,-3.5514757175273243e-16
2018-03-13 12:00:00,1.0,0.68,1.0,0.94,24.8,89.0,22.8,1003.4,29.5,-9.325458242752807,1.8126854560771757
2018-03-13 13:00:00,0.99,0.08,0.75,0.98,25.4,89.0,23.5,1002.1,28.4,-2.8940993221413254,-1.1109406435904312
2018-03-13 14:00:00,1.0,0.2,1.0,1.0,26.5,86.0,23.9,1001.3,30.6,0.6972459419812665,-7.969557584733964
2018-03-13 15:00:00,1.0,0.15,0.82,1.0,25.8,89.0,23.9,1000.8,31.0,-1.109011024986842,-9.032169979936029
2018-03-13 16:00:00,0.99,0.16,0.41,0.99,25.9,83.0,22.6,1000.8,28.8,-0.6766377953180154,-9.676371287520293
2018-03-13 17:00:00,1.0,0.02,0.11,1.0,27.4,75.0,22.5,1001.0,26.6,-5.377666356487367,-2.1727182418122895
2018-03-13 18:00:00,0.99,0.19,0.4,0.99,26.4,81.0,23.0,1001.3,13.0,-3.1997434936258244,-5.772490067120011
2018-03-13 19:00:00,0.99,0.25,0.33,0.99,25.7,86.0,23.2,1002.6,14.0,-3.616017032810471,1.4609657143220571
2018-03-13 20:00:00,1.0,0.81,0.41,1.0,24.5,94.0,23.5,1003.6,16.9,1.0506577808748208,3.2335921554035223
2018-03-13 21:00:00,1.0,0.09,0.64,1.0,24.4,94.0,23.4,1003.8,17.3,4.012982057577931,-3.6133052743378324
2018-03-13 22:00:00,1.0,0.32,0.1,1.0,24.3,93.0,23.1,1003.7,15.8,2.159530121701107,-9.353952621938257
2018-03-13 23:00:00,1.0,0.78,0.46,1.0,24.0,94.0,23.0,1003.6,24.1,2.921931428644116,-7.232034065620941
2018-03-14 00:00:00,1.0,1.0,0.2,1.0,23.9,95.0,23.0,1003.6,22.3,2.894873798829254,-3.5748714227020644
2018-03-14 01:00:00,1.0,0.83,0.35,1.0,23.5,97.0,22.9,1002.9,17.6,9.797174393178826e-16,-4.0
2018-03-14 02:00:00,1.0,1.0,0.33,1.0,23.2,97.0,22.8,1002.1,9.4,-1.4326213531414103,-4.685893304218874
2018-03-14 03:00:00,1.0,1.0,0.4,1.0,23.1,98.0,22.8,1001.7,19.4,1.3226185430791415e-15,-5.4
2018-03-14 04:00:00,1.0,1.0,0.46,1.0,23.1,98.0,22.7,1001.8,20.5,-0.7555899291119144,-6.153786140176196
2018-03-14 05:00:00,1.0,0.98,0.47,1.0,23.0,95.0,22.2,1002.0,21.6,-2.875087836170254,-2.166534083347374
2018-03-14 06:00:00,1.0,0.81,0.55,1.0,23.1,96.0,22.5,1002.9,16.9,-2.1631599146222276,-3.600102662948872
2018-03-14 07:00:00,1.0,0.79,0.41,1.0,23.5,94.0,22.5,1004.1,9.0,-1.45276959916655,-2.8512208774027776
2018-03-14 08:00:00,1.0,0.52,0.41,1.0,24.0,91.0,22.4,1005.0,10.4,-2.1791543987498248,-4.276831316104166
2018-03-14 09:00:00,1.0,0.64,0.47,1.0,26.0,80.0,22.3,1004.8,19.1,-6.46535998165333,-5.821436275322066
2018-03-14 10:00:00,1.0,1.0,0.57,1.0,27.5,74.0,22.4,1004.8,21.6,-6.472185832831529,-3.587591189822895
2018-03-14 11:00:00,1.0,0.95,0.57,0.99,28.4,71.0,22.5,1004.4,31.0,-4.7128004925905795,-2.197614961051637
2018-03-14 12:00:00,0.98,0.27,0.29,0.98,29.0,69.0,22.7,1003.0,29.5,-5.4,-3.3065463576978537e-16
2018-03-14 13:00:00,0.93,0.14,0.4,0.89,31.1,60.0,22.5,1001.7,31.3,-6.153786140176197,0.7555899291119137
2018-03-14 14:00:00,0.56,0.07,0.26,0.45,31.6,58.0,22.3,1000.2,31.3,-5.766727053863697,3.6034509967857926
2018-03-14 15:00:00,0.81,0.38,0.25,0.73,31.9,57.0,22.2,999.9,31.0,-5.387787044493739,5.777694242791447
2018-03-14 16:00:00,0.98,0.24,0.54,0.97,27.8,76.0,23.1,1000.9,25.2,-2.496747046277383,6.8597561317371305
2018-03-14 17:00:00,0.99,0.0,0.11,0.98,28.5,72.0,22.9,1000.0,18.7,5.074340152243906,1.8469087739586103
2018-03-14 18:00:00,0.99,0.09,0.04,0.99,27.5,76.0,22.9,1000.4,12.2,5.72474478502838,-1.427339184038038
2018-03-14 19:00:00,0.97,0.13,0.03,0.97,26.8,79.0,23.0,1001.5,11.5,4.669166652447253,-3.2693856872009626
2018-03-14 20:00:00,0.93,0.16,0.03,0.92,26.0,85.0,23.4,1002.3,9.4,3.632020578756357,0.7059932828932151
2018-03-14 21:00:00,0.87,0.01,0.0,0.87,25.5,87.0,23.2,1003.2,5.8,1.4235782507653008,3.197409101749103
2018-03-14 22:00:00,0.38,0.02,0.0,0.37,25.0,90.0,23.2,1003.7,9.0,2.5000000000000004,4.330127018922193
2018-03-14 23:00:00,0.71,0.02,0.0,0.71,24.4,94.0,23.3,1003.8,9.0,2.5237363199446032,3.604268994871564
2018-03-15 00:00:00,0.87,0.01,0.0,0.87,24.0,95.0,23.2,1003.1,5.8,4.3,7.898971854500428e-16
2018-03-15 01:00:00,0.89,0.0,0.0,0.89,23.8,96.0,23.1,1002.0,5.0,0.3479327524001647,-2.475670171853926
2018-03-15 02:00:00,0.91,0.0,0.0,0.91,23.5,98.0,23.1,1001.3,4.0,0.7257656867990037,-2.9108871788279895
2018-03-15 03:00:00,0.94,0.0,0.0,0.94,23.2,99.0,23.0,1001.4,4.3,2.164994795668674,-2.490541614735147
2018-03-15 04:00:00,0.94,0.02,0.07,0.94,23.1,99.0,23.0,1001.7,4.0,7.102951435054649e-16,-2.9
2018-03-15 05:00:00,0.84,0.03,0.09,0.91,23.9,96.0,23.1,1001.5,3.6,1.447436899414627,-1.7874357113510322
2018-03-15 06:00:00,0.91,0.02,0.15,0.89,24.1,95.0,23.2,1002.1,3.2,-1.761649323676896,-0.7117525274902327
2018-03-15 07:00:00,0.89,0.01,0.29,0.85,25.5,86.0,23.1,1003.3,9.4,-2.1449244407331385,-1.7998053071223101
2018-03-15 08:00:00,0.53,0.0,0.28,0.39,27.8,75.0,22.9,1004.1,11.2,-1.4256104387013888,-0.7263847995832751
2018-03-15 09:00:00,0.15,0.02,0.14,0.0,29.7,63.0,21.9,1004.6,13.3,0.7166571251241974,2.499280409439629
2018-03-15 10:00:00,0.5,0.1,0.2,0.35,31.2,55.0,21.0,1004.6,18.7,1.4493866525741164,5.4091846272187825
2018-03-15 11:00:00,0.32,0.3,0.15,0.01,32.5,50.0,20.8,1003.6,23.0,0.3768188849491937,7.190132650232932
2018-03-15 12:00:00,0.45,0.41,0.19,0.03,32.7,51.0,21.2,1002.2,23.0,-0.6623836448822022,7.571079705497266
2018-03-15 13:00:00,0.77,0.74,0.28,0.05,33.2,51.0,21.7,1000.9,24.1,-0.32805526900351073,9.394273773979501
2018-03-15 14:00:00,0.6,0.13,0.28,0.52,31.4,59.0,22.4,1000.2,28.1,-6.8251321848603554,7.580077219869419
2018-03-15 15:00:00,0.63,0.24,0.23,0.56,30.2,61.0,21.8,999.9,29.2,4.326319829244455,7.200205325897744
2018-03-15 16:00:00,0.78,0.11,0.18,0.75,30.8,59.0,21.7,999.9,21.6,0.35588450245201625,6.790680836331102
2018-03-15 17:00:00,0.82,0.15,0.17,0.18,30.5,61.0,22.1,999.3,25.2,-2.563427409098093,8.939733772226367
2018-03-15 18:00:00,0.59,0.0,0.15,0.57,29.5,65.0,22.2,1000.1,19.1,-1.0237024846032394,8.337387673787106
2018-03-15 19:00:00,0.61,0.0,0.1,0.59,28.4,70.0,22.4,1000.9,19.4,-2.4969567032169038,10.815507719116109
2018-03-15 20:00:00,0.74,0.0,0.05,0.73,27.5,73.0,22.1,1002.0,19.8,-1.7554427574642135,9.030970087718506
2018-03-15 21:00:00,0.52,0.0,0.01,0.52,26.8,77.0,22.4,1002.8,16.6,-0.35588450245201786,6.790680836331102
2018-03-15 22:00:00,0.74,0.0,0.0,0.74,26.3,81.0,22.7,1003.0,12.2,1.4273391840380383,5.7247447850283795
2018-03-15 23:00:00,0.93,0.0,0.0,0.93,25.8,85.0,23.0,1002.6,10.1,1.4326213531414103,4.685893304218874
2018-03-16 00:00:00,0.96,0.0,0.0,0.96,25.4,87.0,23.1,1002.0,8.6,1.0886485301985038,4.366330768241984
2018-03-16 01:00:00,0.95,0.0,0.0,0.95,24.9,90.0,23.1,1001.4,7.9,-4.4087284769304716e-16,3.6
2018-03-16 02:00:00,0.94,0.0,0.0,0.94,24.5,92.0,23.0,1000.7,5.8,-0.7423384793347552,3.215421213791276
2018-03-16 03:00:00,1.0,0.0,0.0,1.0,24.2,92.0,22.9,1000.4,6.8,-1.8159619989581874,3.564026096753471
2018-03-16 04:00:00,1.0,0.0,0.0,1.0,24.0,94.0,22.9,1000.3,7.6,-2.5242120488351993,3.2308440897875594
2018-03-16 05:00:00,1.0,0.0,0.0,0.98,24.0,92.0,22.6,1000.0,6.8,-3.5748714227020666,2.894873798829251
2018-03-16 06:00:00,0.99,0.0,0.0,0.99,24.5,89.0,22.7,1001.1,10.8,-2.1665340833473734,2.8750878361702545
2018-03-16 07:00:00,1.0,0.0,0.0,1.0,25.8,84.0,22.9,1002.3,8.3,0.7107390870623786,2.187429987478853
2018-03-16 08:00:00,0.98,0.0,0.0,0.98,27.6,75.0,22.9,1002.9,14.8,-1.4326213531414094,4.685893304218874
2018-03-16 09:00:00,0.94,0.0,0.0,0.94,29.7,64.0,22.1,1003.0,19.8,-1.4846769586695103,6.430842427582552
2018-03-16 10:00:00,0.54,0.1,0.09,0.48,31.5,54.0,21.0,1003.0,22.0,-0.7212463965468108,6.862201078041086
2018-03-16 11:00:00,0.34,0.08,0.11,0.26,32.4,50.0,20.5,1002.1,23.0,0.3977532674463711,7.589584464134761
2018-03-16 12:00:00,0.3,0.07,0.16,0.21,33.2,46.0,20.2,1001.3,24.1,-1.0164568432923032e-15,8.3
2018-03-16 13:00:00,0.2,0.06,0.16,0.09,33.5,45.0,20.0,1000.3,24.5,-1.0531962472667237e-15,8.6
2018-03-16 14:00:00,0.66,0.04,0.17,0.62,33.6,45.0,20.1,999.1,26.6,1.4195656297926682,10.100734301164016
2018-03-16 15:00:00,0.42,0.08,0.19,0.37,33.3,45.0,19.9,998.2,27.0,2.098898949141992,10.797899017924303
2018-03-16 16:00:00,0.32,0.11,0.25,0.17,32.5,48.0,20.1,998.1,26.6,1.170718788597719,11.13864522812466
2018-03-16 17:00:00,0.55,0.0,0.09,0.7,32.7,48.0,20.1,997.9,25.2,-4.9621870455247645,11.145254583239728
2018-03-16 18:00:00,0.66,0.0,0.09,0.63,30.3,61.0,22.0,998.5,24.1,-6.077449283938642,10.114574148284925
2018-03-16 19:00:00,0.79,0.0,0.08,0.78,28.7,68.0,22.2,999.3,21.2,-7.199221228489241,8.579697762932552
2018-03-16 20:00:00,0.9,0.0,0.06,0.89,27.7,74.0,22.6,1000.5,20.2,-4.993539088537273,9.008582983535776
2018-03-16 21:00:00,0.94,0.0,0.04,0.94,27.2,78.0,23.0,1001.3,18.7,-3.1894747509531722,8.308865795825096
2018-03-16 22:00:00,0.96,0.02,0.02,0.96,26.7,79.0,22.8,1001.9,15.8,-1.3929056662487782,7.165878439167946
2018-03-16 23:00:00,0.97,0.09,0.0,0.97,26.3,81.0,22.7,1001.8,13.0,-0.3192493330819572,6.0916401620029
2018-03-17 00:00:00,0.93,0.08,0.0,0.93,25.9,83.0,22.8,1001.2,11.5,-0.6794350112397493,6.4643923198937765
2018-03-17 01:00:00,0.93,0.07,0.0,0.93,25.5,85.0,22.9,1000.4,11.5,-1.8364363038995868,4.32637281122647
2018-03-17 02:00:00,0.93,0.07,0.0,0.93,25.1,87.0,22.9,999.8,8.6,-2.878383839759834,0.35342109587492737
2018-03-17 03:00:00,0.69,0.11,0.0,0.66,25.0,89.0,23.0,999.9,7.2,-1.7489675652259409,-3.9282454678631837
2018-03-17 04:00:00,0.85,0.15,0.0,0.85,24.7,90.0,23.0,1000.0,13.3,-6.46168817957512,-5.048424097670398
2018-03-17 05:00:00,0.99,0.12,0.0,0.9,25.2,87.0,22.9,999.9,15.8,-6.811735915548059,-2.8914103508206255
2018-03-17 06:00:00,0.92,0.11,0.0,0.91,25.6,86.0,23.1,1000.9,15.1,-6.092338390726596,-3.239353783222647
2018-03-17 07:00:00,0.98,0.22,0.0,0.97,26.9,82.0,23.6,1002.0,13.7,-4.669166652447253,-3.2693856872009626
2018-03-17 08:00:00,0.94,0.28,0.01,0.92,28.9,74.0,23.8,1002.9,19.4,-6.8476069173251055,-2.224922359499622
2018-03-17 09:00:00,0.98,0.22,0.17,0.97,30.4,64.0,22.9,1003.6,21.2,-6.8597561317371305,-2.4967470462773824
2018-03-17 10:00:00,0.97,0.06,0.29,0.96,31.5,58.0,22.1,1003.4,21.2,-5.385980316439453,-2.863776532993934
2018-03-17 11:00:00,1.0,0.16,0.52,0.99,31.8,56.0,22.0,1002.6,22.0,-6.5,-3.9801020972288977e-16
2018-03-17 12:00:00,0.98,0.14,0.32,0.98,32.3,54.0,21.7,1001.8,25.2,-7.893769085249775,-2.564841053312064
2018-03-17 13:00:00,0.98,0.19,0.14,0.97,29.5,66.0,22.4,1001.2,35.6,-12.226845009172571,2.5988961352219917
2018-03-17 14:00:00,1.0,0.33,0.18,1.0,29.0,68.0,22.4,1000.2,30.2,-10.100734301164017,1.4195656297926664
2018-03-17 15:00:00,1.0,0.19,0.24,1.0,29.7,66.0,22.6,1000.1,24.5,4.672871103025766,-3.921004419087889
2018-03-17 16:00:00,0.98,0.0,0.11,0.98,28.7,69.0,22.5,999.7,22.7,-6.440453362786736,-1.8467702839738944
2018-03-17 17:00:00,0.99,0.16,0.1,1.0,28.9,71.0,23.0,999.7,18.0,3.6133052743378347,4.012982057577929
2018-03-17 18:00:00,1.0,0.13,0.27,1.0,28.4,73.0,23.0,1000.2,14.0,4.312631754255381,3.2498011250210608
2018-03-17 19:00:00,0.98,0.1,0.11,0.98,26.5,84.0,23.7,1001.2,15.1,2.878383839759834,0.35342109587492676
2018-03-17 20:00:00,0.98,0.07,0.07,0.97,26.1,89.0,24.2,1002.4,7.2,1.046162167924669,-0.339918693812442
2018-03-17 21:00:00,0.98,0.22,0.15,0.98,26.0,88.0,23.9,1002.7,7.6,-1.4364846019678086,-3.9467090073008158
2018-03-17 22:00:00,0.95,0.26,0.13,0.95,25.3,89.0,23.4,1003.1,11.9,-1.1257730727216144,-5.791600382341218
2018-03-17 23:00:00,0.93,0.25,0.2,0.91,25.3,89.0,23.4,1003.2,12.6,1.7902220274375422,-7.180188374442374
2018-03-18 00:00:00,0.89,0.42,0.2,0.86,25.2,91.0,23.6,1002.5,12.6,0.3977532674463772,-7.589584464134761
2018-03-18 01:00:00,0.95,0.4,0.15,0.93,24.5,93.0,23.3,1002.2,16.6,1.0602632876247808,-8.635151519279502
2018-03-18 02:00:00,0.89,0.29,0.06,0.87,24.4,93.0,23.1,1001.1,15.5,1.4333142502483947,-4.998560818879258
2018-03-18 03:00:00,0.38,0.34,0.08,0.28,24.4,92.0,23.0,1000.8,11.2,1.7640790772287933,-6.1520748540052415
2018-03-18 04:00:00,0.51,0.21,0.06,0.45,24.2,93.0,23.0,1001.1,11.2,2.1490212066910064,-5.062776693988422
2018-03-18 05:00:00,0.24,0.9,0.29,0.09,24.5,95.0,23.6,1001.5,9.0,1.4493866525741157,-5.4091846272187825
2018-03-18 06:00:00,0.42,0.38,0.3,0.03,25.0,93.0,23.8,1002.3,12.2,-0.31924933308195735,-6.0916401620029
2018-03-18 07:00:00,0.42,0.33,0.35,0.03,25.6,89.0,23.7,1003.2,14.8,1.4171916423663515,-6.1385314081469815
2018-03-18 08:00:00,0.47,0.38,0.39,0.05,27.0,80.0,23.3,1004.0,19.4,-5.048424097670398,-6.461688179575119
2018-03-18 09:00:00,0.35,0.3,0.27,0.02,28.8,69.0,22.5,1004.4,22.3,-7.187719590425635,-5.416335208368435
2018-03-18 10:00:00,0.8,0.38,0.21,0.68,30.5,60.0,21.8,1004.1,24.5,-8.30888721782426,-4.605691392340202
2018-03-18 11:00:00,0.78,0.32,0.27,0.7,31.8,55.0,21.5,1003.6,26.3,-8.621990754572435,-5.815606196095767
2018-03-18 12:00:00,0.74,0.18,0.13,0.7,32.8,51.0,21.4,1002.4,26.6,-6.069785404556237,-6.509047944410617
2018-03-18 13:00:00,0.76,0.11,0.11,0.74,34.1,46.0,21.0,1000.9,26.6,-5.387787044493738,-5.777694242791447
2018-03-18 14:00:00,0.84,0.57,0.09,0.77,34.8,44.0,20.9,999.5,25.9,-7.922144549932563,1.1133848076805228
2018-03-18 15:00:00,0.91,0.23,0.67,0.81,30.0,63.0,22.3,1000.0,35.6,-7.309247045806705,14.345205039432722
2018-03-18 16:00:00,0.86,0.31,0.5,0.8,30.0,65.0,22.6,1000.3,33.1,-1.7937955949114477,3.2360929164157644
2018-03-18 17:00:00,0.95,0.06,0.07,0.76,30.5,60.0,21.9,1000.1,13.7,-1.4846769586695103,6.430842427582552
2018-03-18 18:00:00,0.87,0.01,0.08,0.86,29.2,64.0,21.8,1000.3,14.8,-6.123233995736766e-16,5.0
2018-03-18 19:00:00,0.84,0.12,0.08,0.83,28.0,69.0,21.9,1001.4,8.6,1.460965714322057,3.616017032810471
2018-03-18 20:00:00,0.86,0.24,0.05,0.82,28.0,68.0,21.5,1002.7,8.6,0.7097828148963341,5.050367150582008
2018-03-18 21:00:00,0.88,0.27,0.05,0.86,26.9,78.0,22.7,1003.7,8.6,-2.490620541896064,3.9858260519352022
2018-03-18 22:00:00,0.89,0.19,0.03,0.88,27.1,74.0,22.0,1003.9,6.1,-3.96029588778518,-1.061158084920335
2018-03-18 23:00:00,0.9,0.16,0.01,0.88,26.9,75.0,22.1,1004.1,9.7,-4.023790324368742,-4.314986839553106
2018-03-19 00:00:00,0.89,0.12,0.01,0.87,25.9,81.0,22.5,1003.5,11.2,-3.1997434936258244,-5.772490067120011
2018-03-19 01:00:00,0.81,0.15,0.01,0.78,25.5,84.0,22.6,1002.9,12.2,-2.4967470462773815,-6.859756131737131
2018-03-19 02:00:00,0.78,0.23,0.01,0.76,25.3,85.0,22.5,1002.2,12.6,-2.192787785420526,-7.172285669722766
2018-03-19 03:00:00,0.79,0.3,0.23,0.75,25.3,84.0,22.5,1002.2,13.3,-2.4967470462773815,-6.859756131737131
2018-03-19 04:00:00,0.7,0.22,0.24,0.58,25.0,86.0,22.5,1002.6,11.9,-2.873804179836756,-6.162892951849219
2018-03-19 05:00:00,0.47,0.41,0.01,0.0,25.1,86.0,22.5,1002.8,10.8,-1.0886485301985047,-4.366330768241984
2018-03-19 06:00:00,0.28,0.28,0.07,0.01,25.5,83.0,22.5,1003.8,10.1,-0.37668495821827663,-5.386845871403051
2018-03-19 07:00:00,0.37,0.34,0.05,0.04,26.3,80.0,22.5,1004.6,16.9,-2.12231616984067,-7.92059177557036
2018-03-19 08:00:00,0.43,0.41,0.13,0.02,27.8,72.0,22.4,1005.4,25.6,-7.2648054088427685,-9.29852689255932
2018-03-19 09:00:00,0.41,0.39,0.24,0.03,29.0,65.0,21.8,1006.0,25.9,-6.800509761618146,-9.02458126353441
2018-03-19 10:00:00,0.31,0.3,0.25,0.0,30.3,58.0,21.2,1005.9,27.0,-7.2166493188955805,-8.301805382450492
2018-03-19 11:00:00,0.26,0.24,0.11,0.0,31.8,52.0,20.6,1005.2,27.0,-7.54709580222772,-6.560590289905073
2018-03-19 12:00:00,0.12,0.1,0.1,0.0,33.2,47.0,20.4,1003.8,28.1,-8.973775077016036,-5.82763767466079
2018-03-19 13:00:00,0.13,0.07,0.11,0.0,34.0,44.0,20.1,1002.8,28.4,-9.706975700031004,-4.734408385322037
2018-03-19 14:00:00,0.18,0.16,0.11,0.0,34.3,40.0,18.6,1001.6,28.4,-9.360633898433235,-3.223124729125852
2018-03-19 15:00:00,0.27,0.02,0.21,0.11,34.7,36.0,17.5,1000.9,26.6,-8.96575228282571,-0.7844016847289232
2018-03-19 16:00:00,0.6,0.04,0.53,0.31,32.9,43.0,18.7,1000.9,31.3,-15.129051194653128,5.506524307543267
2018-03-19 17:00:00,0.39,0.0,0.1,0.16,32.0,48.0,19.6,1000.8,34.6,-15.086701504948094,-1.8524140197582417
2018-03-19 18:00:00,0.24,0.0,0.03,0.22,30.4,53.0,19.8,1001.6,28.4,-15.1,-9.246083333562517e-16
2018-03-19 19:00:00,0.4,0.0,0.0,0.4,28.7,58.0,19.6,1002.8,28.4,-14.380265300465863,0.7536377698983914
2018-03-19 20:00:00,0.55,0.0,0.0,0.55,27.4,59.0,18.7,1003.8,25.9,-12.192568089632967,0.42577385977051163
2018-03-19 21:00:00,0.69,0.0,0.0,0.69,26.0,66.0,19.1,1004.6,21.6,-5.086367523815789,-1.0811407922523493
2018-03-19 22:00:00,0.5,0.0,0.0,0.5,25.4,69.0,19.3,1005.1,9.0,3.604268994871564,-2.523736319944603
2018-03-19 23:00:00,0.03,0.0,0.0,0.03,24.4,75.0,19.6,1005.3,10.4,1.0494494745709957,-5.3989495089621515
2018-03-20 00:00:00,0.18,0.0,0.0,0.18,24.2,74.0,19.4,1004.3,10.8,-0.6794350112397476,-6.4643923198937765
2018-03-20 01:00:00,0.08,0.0,0.0,0.08,23.4,78.0,19.3,1003.7,10.8,-1.8469087739586112,-5.074340152243906
2018-03-20 02:00:00,0.0,0.0,0.0,0.0,22.8,81.0,19.4,1003.1,8.3,-2.8801477362331185,-3.9641832724372428
2018-03-20 03:00:00,0.0,0.0,0.0,0.0,22.4,84.0,19.6,1002.7,7.6,-2.1791543987498248,-4.276831316104166
2018-03-20 04:00:00,0.0,0.0,0.0,0.0,21.9,88.0,19.9,1002.8,7.6,-4.314986839553106,-4.023790324368742
2018-03-20 05:00:00,0.0,0.0,0.0,0.35,22.2,87.0,20.0,1002.7,7.6,-4.012982057577929,-3.6133052743378347
2018-03-20 06:00:00,0.18,0.02,0.0,0.17,22.8,88.0,20.6,1003.6,8.6,-2.523736319944603,-3.604268994871564
2018-03-20 07:00:00,0.17,0.13,0.0,0.05,24.5,79.0,20.6,1004.4,11.2,-1.8159619989581872,-3.5640260967534716
2018-03-20 08:00:00,0.57,0.35,0.0,0.34,26.6,72.0,21.1,1005.1,16.9,-5.400153994423308,-3.244739871933341
2018-03-20 09:00:00,0.47,0.29,0.0,0.26,28.9,60.0,20.3,1005.4,25.2,-9.38303923565381,-1.4861274178821937
2018-03-20 10:00:00,0.28,0.28,0.0,0.0,30.4,52.0,19.5,1004.9,24.8,-7.922144549932563,-1.1133848076805237
2018-03-20 11:00:00,0.13,0.13,0.0,0.0,31.8,46.0,18.8,1004.3,23.4,-6.535062985480412,-2.5085756468171025
2018-03-20 12:00:00,0.01,0.01,0.0,0.0,33.1,41.0,18.2,1002.9,23.0,-5.385980316439453,-2.863776532993934
2018-03-20 13:00:00,0.06,0.06,0.0,0.0,34.2,37.0,17.5,1001.7,22.0,-4.667902132486009,-1.791839747726502
2018-03-20 14:00:00,0.01,0.01,0.0,0.0,34.8,35.0,17.0,1000.5,20.2,-4.667902132486009,-1.791839747726502
2018-03-20 15:00:00,0.08,0.01,0.08,0.0,35.3,33.0,16.8,999.9,19.4,-6.10580806867569,-1.0766187015349686
2018-03-20 16:00:00,0.02,0.02,0.0,0.0,33.1,49.0,20.9,999.8,31.3,-10.767204742114457,11.149766905249095
2018-03-20 17:00:00,0.0,0.0,0.0,0.0,30.3,58.0,21.2,1000.0,38.9,-11.874668424728183,13.660243402032174
2018-03-20 18:00:00,0.0,0.0,0.0,0.0,29.0,63.0,21.3,1000.3,34.2,-12.557368354874361,7.249999999999997
2018-03-20 19:00:00,0.0,0.0,0.0,0.0,27.5,68.0,21.0,1001.4,26.6,-6.535668420180327,10.064046815345087
2018-03-20 20:00:00,0.0,0.0,0.0,0.0,26.9,70.0,21.0,1002.7,21.6,-1.7546182238821486,7.600086505324834
2018-03-20 21:00:00,0.0,0.0,0.0,0.0,26.3,72.0,21.0,1003.7,13.7,3.5996106142446194,4.289848881466277
2018-03-20 22:00:00,0.36,0.01,0.02,0.34,25.9,74.0,21.0,1004.3,10.1,4.667902132486008,1.7918397477265036
2018-03-20 23:00:00,0.68,0.14,0.02,0.62,25.6,76.0,21.1,1004.3,9.4,4.7,8.63375993398884e-16
2018-03-21 00:00:00,0.7,0.14,0.0,0.65,24.8,82.0,21.5,1003.6,8.3,6.1,1.120551821219828e-15
2018-03-21 01:00:00,0.77,0.09,0.0,0.75,24.4,83.0,21.3,1002.7,7.2,-2.1920310216782974,2.192031021678297
2018-03-21 02:00:00,0.66,0.03,0.0,0.65,24.1,83.0,21.0,1002.1,11.2,-5.702441754805555,2.9055391983330994
2018-03-21 03:00:00,0.57,0.0,0.0,0.57,23.5,85.0,21.0,1001.7,11.5,-4.3109953772862175,2.907803098047883
2018-03-21 04:00:00,0.19,0.0,0.0,0.19,23.1,87.0,20.9,1001.8,9.0,-4.330127018922194,2.499999999999999
2018-03-21 05:00:00,0.17,0.01,0.0,0.46,23.2,87.0,20.9,1002.3,8.6,-4.0,-2.4492935982947064e-16
2018-03-21 06:00:00,0.46,0.0,0.0,0.46,23.9,82.0,20.7,1002.9,9.7,-2.192031021678297,-2.1920310216782974
2018-03-21 07:00:00,0.6,0.0,0.0,0.6,25.8,70.0,20.0,1003.8,10.4,-1.1109406435904308,-2.8940993221413254
2018-03-21 08:00:00,0.62,0.0,0.0,0.62,28.3,56.0,18.6,1004.6,14.0,-2.883363526931848,-1.8017254983928965
2018-03-21 09:00:00,0.24,0.0,0.0,0.24,30.4,50.0,18.7,1005.0,16.2,-2.9,-1.7757378587636622e-16
2018-03-21 10:00:00,0.28,0.0,0.0,0.28,32.2,47.0,19.3,1004.8,16.2,-1.4256104387013888,0.7263847995832748
2018-03-21 11:00:00,0.65,0.0,0.0,0.65,33.8,43.0,19.4,1003.8,16.6,-1.0606601717798214,1.0606601717798212
2018-03-21 12:00:00,0.84,0.04,0.08,0.83,35.2,38.0,18.6,1002.7,19.4,-1.7677669529663689,1.7677669529663687
2018-03-21 13:00:00,0.92,0.01,0.24,0.9,35.8,35.0,17.8,1001.3,18.7,-2.490541614735148,2.1649947956686737
2018-03-21 14:00:00,0.97,0.0,0.3,0.96,36.2,31.0,16.6,1000.0,18.0,-1.7874357113510333,1.4474368994146256
2018-03-21 15:00:00,0.98,0.0,0.28,0.97,36.4,30.0,15.9,999.0,16.2,-1.7677669529663689,1.7677669529663687
2018-03-21 16:00:00,0.57,0.0,0.27,0.42,35.2,34.0,17.0,999.0,25.2,-4.727846654720213,11.138108726774528
2018-03-21 17:00:00,0.23,0.0,0.14,0.0,32.1,51.0,20.8,999.1,38.5,-10.897208113264153,13.947790338838978
2018-03-21 18:00:00,0.13,0.0,0.13,0.0,30.4,56.0,20.5,1000.0,34.2,-10.132058295902382,12.512049979457233
2018-03-21 19:00:00,0.08,0.0,0.08,0.0,28.5,57.0,19.2,1001.1,30.2,-3.507867486195182,14.06928803100195
2018-03-21 20:00:00,0.05,0.0,0.05,0.0,27.7,63.0,20.0,1002.1,26.6,-4.301823272632845,6.14364033216744
2018-03-21 21:00:00,0.02,0.0,0.02,0.0,27.2,68.0,20.8,1002.7,13.0,-2.4999999999999996,4.330127018922194
2018-03-21 22:00:00,0.05,0.0,0.0,0.05,27.0,73.0,21.6,1002.7,9.4,-2.4999999999999996,4.330127018922194
2018-03-21 23:00:00,0.06,0.0,0.0,0.06,26.4,80.0,22.5,1002.4,8.6,-0.35575801609504015,5.087576656325103
2018-03-22 00:00:00,0.07,0.01,0.0,0.06,26.1,81.0,22.6,1001.9,6.1,1.7998053071223108,-2.1449244407331376
2018-03-22 01:00:00,0.07,0.01,0.0,0.06,25.5,84.0,22.6,1000.7,4.3,1.1109406435904323,-2.894099322141325
2018-03-22 02:00:00,0.07,0.0,0.0,0.06,25.0,86.0,22.5,999.9,4.0,3.5802788233257843,-0.37630246776355075
2018-03-22 03:00:00,0.08,0.0,0.0,0.08,24.6,88.0,22.4,999.5,5.8,3.6,6.613092715395707e-16
2018-03-22 04:00:00,0.11,0.0,0.0,0.1,24.1,90.0,22.4,999.7,6.1,4.7128004925905795,-2.197614961051638
2018-03-22 05:00:00,0.13,0.0,0.0,0.62,24.5,86.0,22.0,999.9,6.5,-1.0494494745709964,-5.3989495089621515
2018-03-22 06:00:00,0.75,0.0,0.0,0.75,24.8,86.0,22.3,1000.5,6.5,-3.9858260519352022,-2.490620541896063
2018-03-22 07:00:00,0.53,0.0,0.0,0.53,27.0,73.0,21.7,1001.3,10.8,-3.2154212137912763,-0.7423384793347542
2018-03-22 08:00:00,0.66,0.0,0.0,0.66,29.5,60.0,21.0,1001.8,13.7,-2.485363104321589,-1.0549740469210391
2018-03-22 09:00:00,0.57,0.0,0.0,0.57,32.2,50.0,20.5,1002.2,15.1,-1.414213562373095,-1.4142135623730951
2018-03-22 10:00:00,0.65,0.0,0.0,0.65,34.5,42.0,19.6,1001.8,15.1,0.0,0.0
2018-03-22 11:00:00,0.55,0.07,0.26,0.4,36.5,32.0,17.1,1001.3,20.9,-1.4474368994146258,1.7874357113510329
2018-03-22 12:00:00,0.33,0.0,0.21,0.15,37.0,28.0,15.3,1000.2,19.1,-0.7257656867990032,2.9108871788279895
2018-03-22 13:00:00,0.16,0.0,0.15,0.01,37.7,26.0,14.8,998.7,19.1,0.3441558230885076,2.1729143493093033
2018-03-22 14:00:00,0.19,0.0,0.19,0.0,37.8,25.0,14.4,997.6,24.1,-4.0330145504595105,8.268905225952336
2018-03-22 15:00:00,0.47,0.0,0.47,0.0,35.8,33.0,16.8,997.5,38.5,-9.095471884750955,14.00579848468858
2018-03-22 16:00:00,0.25,0.0,0.24,0.0,35.5,33.0,16.8,997.4,36.4,-4.666156615061707,14.360953396056818
2018-03-22 17:00:00,0.26,0.0,0.09,0.02,33.0,46.0,20.0,997.3,32.4,-9.599999999999998,16.627687752661224
2018-03-22 18:00:00,0.1,0.0,0.09,0.02,30.9,54.0,20.5,998.1,36.4,-8.666136333389494,11.500351344681018
2018-03-22 19:00:00,0.07,0.0,0.07,0.0,29.1,61.0,20.9,999.1,25.9,-5.407899786555571,9.000256657372178
2018-03-22 20:00:00,0.08,0.0,0.08,0.01,28.7,65.0,21.4,999.9,19.1,-3.6728726077991736,8.65274562245294
2018-03-22 21:00:00,0.06,0.0,0.06,0.01,28.4,70.0,22.2,1000.7,16.9,-3.2687315981247376,6.415246974156248
2018-03-22 22:00:00,0.13,0.0,0.13,0.01,27.6,74.0,22.6,1001.2,13.0,-2.4999999999999996,4.330127018922194
2018-03-22 23:00:00,0.24,0.0,0.24,0.01,26.8,79.0,22.9,1001.0,8.6,2.914555953282626,4.664264528860343
2018-03-23 00:00:00,0.21,0.0,0.21,0.0,26.7,79.0,22.7,1000.4,6.8,3.9392310120488325,-0.6945927106677199
2018-03-23 01:00:00,0.06,0.0,0.06,0.0,26.0,82.0,22.7,999.6,6.8,3.9392310120488325,-0.6945927106677199
2018-03-23 02:00:00,0.07,0.0,0.07,0.0,25.4,86.0,22.8,999.0,6.8,5.737828535778212,-1.7542302283364202
2018-03-23 03:00:00,0.04,0.0,0.04,0.0,24.9,88.0,22.8,998.6,6.8,6.1,1.120551821219828e-15
2018-03-23 04:00:00,0.06,0.0,0.06,0.0,24.9,88.0,22.8,998.7,6.8,4.366330768241984,-1.0886485301985036
2018-03-23 05:00:00,0.06,0.0,0.08,0.0,24.9,89.0,23.0,998.9,5.0,3.9282454678631846,-1.7489675652259389
2018-03-23 06:00:00,0.07,0.0,0.07,0.0,25.6,85.0,23.0,999.5,5.0,2.2,4.0413344371862655e-16
2018-03-23 07:00:00,0.29,0.0,0.02,0.27,27.4,76.0,22.9,1000.5,8.3,-1.4554435894139948,-0.3628828433995015
2018-03-23 08:00:00,0.38,0.0,0.01,0.37,30.4,60.0,21.8,1001.2,15.1,-3.6339580726595346,-1.1110124779463997
2018-03-23 09:00:00,0.43,0.0,0.01,0.42,33.2,48.0,20.6,1001.3,17.3,-3.632020578756357,-0.7059932828932162
2018-03-23 10:00:00,0.62,0.0,0.0,0.62,35.7,37.0,18.7,1000.8,18.4,-2.9108871788279895,0.7257656867990033
2018-03-23 11:00:00,0.23,0.0,0.23,0.0,37.8,27.0,15.4,999.9,19.8,-3.616017032810471,1.4609657143220571
2018-03-23 12:00:00,0.15,0.0,0.15,0.0,38.5,24.0,14.4,998.6,21.2,-4.326372811226469,1.8364363038995868
2018-03-23 13:00:00,0.1,0.0,0.09,0.01,39.1,22.0,13.8,997.4,21.6,-4.366330768241984,1.088648530198505
2018-03-23 14:00:00,0.21,0.0,0.2,0.02,39.9,21.0,13.4,996.4,24.5,-7.929958065276475,4.040515447681966
2018-03-23 15:00:00,0.59,0.0,0.56,0.15,36.8,30.0,16.5,996.6,45.7,-13.300112011660264,17.649844772045174
2018-03-23 16:00:00,0.37,0.0,0.37,0.02,36.0,30.0,15.8,997.2,46.1,-9.628601983062513,11.890333210291656
2018-03-23 17:00:00,0.43,0.0,0.17,0.03,33.5,39.0,17.5,997.4,38.5,-10.73650374663834,15.917521393056798
2018-03-23 18:00:00,0.14,0.0,0.14,0.01,31.5,50.0,19.9,998.1,36.4,-10.09357572892498,10.824034783963723
2018-03-23 19:00:00,0.14,0.0,0.14,0.0,29.5,60.0,20.9,999.2,27.4,-9.00237835282498,9.65386886137305
2018-03-23 20:00:00,0.32,0.0,0.32,0.0,28.6,73.0,23.3,1000.2,24.5,-6.46535998165333,5.821436275322066
2018-03-23 21:00:00,0.25,0.0,0.25,0.0,28.4,75.0,23.4,1000.9,16.2,-3.5499999999999994,6.148780366869515
2018-03-23 22:00:00,0.29,0.0,0.29,0.0,28.0,78.0,23.7,1001.7,12.6,-1.0777488443215544,-0.7269507745119709
2018-03-23 23:00:00,0.38,0.0,0.38,0.0,27.5,80.0,23.8,1001.4,2.2,-1.1,-6.735557395310444e-17
2018-03-24 00:00:00,0.38,0.0,0.38,0.0,27.2,81.0,23.8,1001.0,4.0,-1.800051331474436,-1.0815799573111138
2018-03-24 01:00:00,0.24,0.0,0.24,0.0,26.9,82.0,23.5,1000.4,11.9,-6.518743047927909,-1.032467469265524
2018-03-24 02:00:00,0.2,0.0,0.2,0.0,26.3,83.0,23.2,1000.1,11.5,-2.5114736709748717,-1.4500000000000002
2018-03-24 03:00:00,0.19,0.0,0.19,0.0,25.5,87.0,23.1,999.9,5.0,-2.138415658052083,-1.0895771993749124
2018-03-24 04:00:00,0.18,0.0,0.18,0.0,25.3,88.0,23.2,1000.2,8.3,-4.7,-2.8779199779962803e-16
2018-03-24 05:00:00,0.13,0.0,0.09,0.2,25.3,90.0,23.5,1000.4,8.3,-5.050367150582009,-0.7097828148963339
2018-03-24 06:00:00,0.07,0.0,0.07,0.0,25.5,90.0,23.8,1001.3,10.4,-4.276831316104166,-2.1791543987498248
2018-03-24 07:00:00,0.16,0.0,0.16,0.0,27.4,80.0,23.5,1002.4,14.4,-4.312631754255381,-3.2498011250210608
2018-03-24 08:00:00,0.54,0.0,0.06,0.51,30.1,62.0,22.0,1003.1,17.6,-4.679622242152313,-2.4881992827652213
2018-03-24 09:00:00,0.78,0.0,0.05,0.77,33.0,47.0,20.2,1003.5,20.9,-6.145870741395559,-2.116193003971519
2018-03-24 10:00:00,0.8,0.03,0.02,0.8,35.2,39.0,19.0,1003.0,25.6,-7.558529312547013,-1.4692292643993958
2018-03-24 11:00:00,0.7,0.09,0.26,0.6,37.0,31.0,17.2,1002.0,27.7,-9.676371287520293,-0.6766377953180147
2018-03-24 12:00:00,0.56,0.0,0.33,0.36,37.2,29.0,16.2,1000.8,29.5,-11.492994510719601,-0.4013442120787624
2018-03-24 13:00:00,0.87,0.0,0.43,0.81,38.0,26.0,15.2,999.8,32.0,-11.471986577987979,-0.8021994480574401
2018-03-24 14:00:00,0.8,0.0,0.23,0.77,37.8,26.0,15.2,998.8,36.4,-15.787538170499552,5.129682106624126
2018-03-24 15:00:00,0.7,0.0,0.28,0.6,35.9,34.0,17.5,998.6,41.8,-13.603178850116574,12.685169497162471
2018-03-24 16:00:00,0.5,0.0,0.27,0.33,35.4,35.0,17.6,998.8,40.3,-14.376021702821683,8.299999999999997
2018-03-24 17:00:00,0.45,0.0,0.09,0.92,34.2,40.0,18.6,999.1,35.3,-12.94427190999916,9.404564036679568
2018-03-24 18:00:00,0.93,0.0,0.01,0.93,31.5,53.0,20.9,999.5,32.4,-11.504957002658141,8.98865753975461
2018-03-24 19:00:00,0.26,0.0,0.0,0.25,29.9,60.0,21.3,1000.6,26.6,-8.625263508510763,6.499602250042123
2018-03-24 20:00:00,0.01,0.0,0.01,0.0,28.6,68.0,22.0,1001.6,19.4,-8.31452281681049,4.995869326627526
2018-03-24 21:00:00,0.01,0.0,0.01,0.0,27.6,71.0,21.9,1002.4,16.9,-8.652745622452938,3.6728726077991736
2018-03-24 22:00:00,0.0,0.0,0.0,0.0,26.4,75.0,21.7,1003.0,16.2,-4.998560818879258,1.433314250248395
2018-03-24 23:00:00,0.0,0.0,0.0,0.0,26.4,74.0,21.5,1003.2,9.4,-3.061616997868383e-16,2.5
2018-03-25 00:00:00,0.18,0.0,0.0,0.17,25.9,77.0,21.5,1003.1,3.2,1.0461621679246689,0.33991869381244233
2018-03-25 01:00:00,0.01,0.01,0.0,0.0,25.1,80.0,21.4,1002.9,2.5,1.7677669529663693,-1.7677669529663684
2018-03-25 02:00:00,0.01,0.01,0.0,0.0,24.0,82.0,20.6,1002.5,6.8,1.7613968679372018,-5.421022142882375
2018-03-25 03:00:00,0.17,0.17,0.0,0.0,23.8,78.0,19.8,1002.4,6.8,1.4493866525741157,-5.4091846272187825
2018-03-25 04:00:00,0.25,0.25,0.0,0.0,24.1,78.0,20.1,1002.5,6.8,1.1110124779464012,-3.633958072659534
2018-03-25 05:00:00,0.2,0.18,0.0,0.0,24.3,83.0,21.3,1002.6,7.6,-2.4881992827652213,-4.679622242152313
2018-03-25 06:00:00,0.15,0.15,0.0,0.0,25.4,81.0,21.8,1003.5,8.6,-1.7489675652259409,-3.9282454678631837
2018-03-25 07:00:00,0.39,0.39,0.0,0.0,26.8,79.0,22.7,1004.4,16.6,-6.472185832831529,-3.587591189822895
2018-03-25 08:00:00,0.64,0.34,0.0,0.46,28.5,68.0,22.0,1005.2,22.0,-8.319851376878407,-2.5436338310878095
2018-03-25 09:00:00,0.35,0.17,0.0,0.22,30.5,56.0,20.8,1005.6,24.8,-9.030970087718508,-1.755442757464213
2018-03-25 10:00:00,0.39,0.27,0.09,0.15,32.3,46.0,19.1,1005.2,26.6,-8.994517443171862,-0.31409547032250973
2018-03-25 11:00:00,0.29,0.1,0.07,0.2,33.8,40.0,18.5,1004.5,28.4,-9.70462707366739,1.3638963894086407
2018-03-25 12:00:00,0.68,0.09,0.33,0.52,35.2,34.0,17.0,1003.3,28.8,-9.377102072442348,0.6557108531947782
2018-03-25 13:00:00,0.95,0.01,0.21,0.94,36.3,30.0,15.9,1002.1,29.2,-8.994517443171862,-0.31409547032250973
2018-03-25 14:00:00,0.98,0.0,0.06,0.97,36.9,28.0,15.4,1001.0,30.2,-11.535140351259827,3.3076482698039884
2018-03-25 15:00:00,0.98,0.0,0.16,0.98,35.8,32.0,16.3,1000.7,36.4,-13.738379157734101,8.584692080577918
2018-03-25 16:00:00,0.99,0.0,0.09,0.99,33.8,41.0,18.5,1000.9,37.4,-13.282888611920791,11.546638910232927
2018-03-25 17:00:00,0.92,0.0,0.0,0.93,32.7,42.0,18.3,1001.0,37.4,-12.663925575975902,8.22404942872691
2018-03-25 18:00:00,0.97,0.0,0.0,0.97,31.1,41.0,16.4,1001.7,30.2,-7.281961780139783,9.663489671572245
2018-03-25 19:00:00,0.99,0.0,0.0,0.99,29.7,42.0,15.5,1002.6,22.3,-4.995869326627527,8.314522816810488
2018-03-25 20:00:00,0.96,0.0,0.0,0.96,28.3,50.0,16.8,1003.7,17.3,-6.4347733221994154,5.399415921366931
2018-03-25 21:00:00,0.97,0.0,0.0,0.97,27.2,59.0,18.4,1004.8,18.4,-9.00025665737218,5.40789978655557
2018-03-25 22:00:00,0.96,0.0,0.0,0.96,26.5,66.0,19.8,1005.5,18.7,-9.335804264972017,3.5836794954530027
2018-03-25 23:00:00,0.87,0.0,0.0,0.87,26.0,72.0,20.5,1005.8,17.6,-6.862201078041086,-0.7212463965468089
2018-03-26 00:00:00,0.32,0.0,0.0,0.31,25.0,79.0,21.0,1005.4,11.9,-2.8801477362331185,-3.9641832724372428
2018-03-26 01:00:00,0.16,0.12,0.0,0.05,24.7,82.0,21.4,1004.8,8.3,0.709782814896336,-5.050367150582008
2018-03-26 02:00:00,0.26,0.24,0.0,0.12,24.6,83.0,21.5,1004.0,11.2,1.7640790772287933,-6.1520748540052415
2018-03-26 03:00:00,0.96,0.28,0.0,0.94,24.6,85.0,22.0,1003.7,12.6,1.392905666248776,-7.165878439167947
2018-03-26 04:00:00,0.91,0.3,0.0,0.87,24.9,85.0,22.2,1003.7,15.1,1.0237024846032368,-8.337387673787106
2018-03-26 05:00:00,0.96,1.0,0.0,0.94,25.4,85.0,22.7,1003.8,15.1,-1.4235536318661008,-8.987963899415753
2018-03-26 06:00:00,1.0,1.0,0.0,0.85,25.8,83.0,22.5,1004.6,18.7,-0.2896658226307581,-8.294943864258496
2018-03-26 07:00:00,0.96,0.51,0.0,0.92,26.8,76.0,22.2,1005.3,19.8,-2.4807362023529924,-8.65135526344487
2018-03-26 08:00:00,0.96,0.56,0.01,0.94,28.5,67.0,21.8,1005.7,21.6,-4.349999999999999,-7.534421012924616
2018-03-26 09:00:00,0.87,0.28,0.08,0.83,30.4,57.0,21.0,1006.0,22.7,-5.048424097670398,-6.461688179575119
2018-03-26 10:00:00,0.72,0.14,0.04,0.69,32.8,45.0,19.2,1005.7,26.6,-7.9587606965284,-5.368251873319169
2018-03-26 11:00:00,0.3,0.11,0.11,0.21,34.8,38.0,18.2,1004.8,27.7,-8.642763284627168,-4.403707847473604
2018-03-26 12:00:00,0.17,0.05,0.06,0.11,36.2,34.0,17.6,1003.1,29.5,-8.284543681071963,-3.5165801564034633
2018-03-26 13:00:00,0.25,0.02,0.15,0.18,37.5,30.0,17.1,1001.5,29.2,-8.98794046299167,-4.383711467890775
2018-03-26 14:00:00,0.35,0.0,0.21,0.25,37.3,29.0,16.2,1000.7,30.2,-11.497079796628164,4.64512175835731
2018-03-26 15:00:00,0.42,0.0,0.35,0.29,33.2,50.0,21.4,1000.9,43.2,-12.313229506513167,15.760215072134438
2018-03-26 16:00:00,0.38,0.0,0.11,0.35,33.1,47.0,20.4,1000.7,42.5,-10.775574088987478,11.555388485582894
2018-03-26 17:00:00,0.39,0.0,0.06,0.39,34.3,37.0,17.5,1000.6,35.3,-11.2,-6.858022075225178e-16
2018-03-26 18:00:00,0.87,0.03,0.08,0.86,32.3,45.0,19.0,1001.0,23.8,-8.302838622659698,5.391926446648769
2018-03-26 19:00:00,0.94,0.0,0.09,0.94,30.4,60.0,21.7,1002.1,23.0,-10.102897498940623,8.181165083647885
2018-03-26 20:00:00,0.92,0.0,0.17,0.9,29.3,66.0,22.2,1003.1,28.4,-15.483719965604624,1.9011617571202988
2018-03-26 21:00:00,0.88,0.0,0.1,0.87,28.5,70.0,22.5,1004.2,28.8,-12.938717261796304,2.0492914920270238
2018-03-26 22:00:00,0.85,0.0,0.07,0.85,27.9,75.0,23.0,1004.8,23.4,-10.100734301164017,1.4195656297926664
2018-03-26 23:00:00,0.91,0.03,0.04,0.91,27.3,79.0,23.3,1005.0,18.4,-2.499280409439629,-0.7166571251241979
2018-03-27 00:00:00,0.97,0.21,0.07,0.97,27.1,80.0,23.3,1004.4,8.6,2.500000000000002,-4.330127018922192
2018-03-27 01:00:00,0.97,0.25,0.13,0.96,27.3,79.0,23.2,1003.5,10.1,-1.7677669529663687,-1.7677669529663689
2018-03-27 02:00:00,1.0,0.26,0.19,1.0,26.9,80.0,23.2,1002.9,10.4,-5.7247447850283795,-1.4273391840380394
2018-03-27 03:00:00,1.0,1.0,0.11,0.99,26.1,83.0,23.0,1002.4,13.7,-5.420413862312148,3.9381611903595695
2018-03-27 04:00:00,1.0,0.98,0.15,0.99,25.5,87.0,23.1,1002.5,14.8,-5.062776693988422,2.149021206691006
2018-03-27 05:00:00,0.99,0.61,0.39,0.98,25.8,87.0,23.4,1002.7,12.2,-3.580278823325784,-0.3763024677635525
2018-03-27 06:00:00,0.98,0.72,0.1,0.98,26.1,86.0,23.5,1003.4,10.4,-3.580278823325784,0.3763024677635528
2018-03-27 07:00:00,0.94,0.35,0.3,0.91,26.5,83.0,23.4,1004.3,15.5,-2.1449244407331385,1.7998053071223101
2018-03-27 08:00:00,0.94,0.22,0.26,0.92,27.9,76.0,23.2,1005.0,18.4,-1.4,-8.572527594031472e-17
2018-03-27 09:00:00,0.85,0.27,0.11,0.82,29.7,66.0,22.7,1005.5,20.9,-2.8783838397598336,-0.3534210958749277
2018-03-27 10:00:00,0.56,0.25,0.33,0.34,31.6,56.0,21.9,1005.1,24.1,-3.580278823325784,-0.3763024677635525
2018-03-27 11:00:00,0.4,0.22,0.34,0.04,33.0,51.0,21.5,1004.4,25.9,-4.676976310969129,1.079765060850552
2018-03-27 12:00:00,0.43,0.14,0.42,0.01,34.2,47.0,21.2,1003.0,25.2,-3.5748714227020666,2.894873798829251
2018-03-27 13:00:00,0.34,0.14,0.31,0.03,34.8,45.0,21.0,1001.7,23.4,-5.022947341949744,2.899999999999999
2018-03-27 14:00:00,0.26,0.0,0.2,0.08,35.3,43.0,21.0,1000.3,23.8,-6.143640332167438,4.301823272632846
2018-03-27 15:00:00,0.36,0.08,0.35,0.01,35.8,42.0,20.7,999.3,24.5,-6.466493065929326,4.361704647071824
2018-03-27 16:00:00,0.37,0.25,0.36,0.0,34.2,45.0,20.5,999.3,27.4,-10.800307988846615,6.489479743866683
2018-03-27 17:00:00,0.36,0.06,0.26,0.02,33.7,46.0,20.5,999.5,31.3,-6.560590289905073,7.54709580222772
2018-03-27 18:00:00,0.13,0.0,0.13,0.0,31.6,54.0,21.4,1000.0,23.8,-7.582429754572905,10.43631922743682
2018-03-27 19:00:00,0.1,0.0,0.1,0.0,30.0,61.0,21.6,1001.4,26.3,-7.8837768032918305,10.462125181619538
2018-03-27 20:00:00,0.12,0.05,0.12,0.0,29.0,68.0,22.6,1002.4,23.8,-5.819930246483615,9.685990497933869
2018-03-27 21:00:00,0.16,0.13,0.14,0.01,28.4,73.0,23.0,1003.5,21.2,-3.2216167033768452,7.97378114927437
2018-03-27 22:00:00,0.15,0.14,0.1,0.0,27.9,77.0,23.4,1004.5,15.5,-7.470345474798854e-16,6.1
2018-03-27 23:00:00,0.09,0.08,0.02,0.0,27.4,79.0,23.4,1004.4,11.5,2.5357095704441956,5.4378467222199
2018-03-28 00:00:00,0.08,0.08,0.01,0.0,27.0,81.0,23.5,1003.5,10.4,1.049449474570996,5.3989495089621515
2018-03-28 01:00:00,0.16,0.12,0.1,0.0,26.6,83.0,23.5,1002.9,10.4,3.604268994871563,2.523736319944604
2018-03-28 02:00:00,0.45,0.35,0.39,0.0,26.1,86.0,23.6,1002.4,8.3,2.883363526931848,1.801725498392897
2018-03-28 03:00:00,0.36,0.28,0.21,0.03,26.2,86.0,23.7,1001.7,7.6,1.0832670416736871,1.437543918085127
2018-03-28 04:00:00,0.31,0.2,0.2,0.06,26.1,86.0,23.7,1001.8,5.4,-2.1449244407331385,1.7998053071223101
2018-03-28 05:00:00,0.26,0.05,0.12,0.4,25.9,87.0,23.6,1001.9,11.2,-0.3479327524001633,2.475670171853926
2018-03-28 06:00:00,0.31,0.03,0.12,0.24,26.1,86.0,23.7,1002.6,7.2,-1.453901549023942,2.1554976886431083
2018-03-28 07:00:00,0.43,0.02,0.1,0.39,27.5,80.0,23.6,1003.8,13.0,-2.5242120488351993,3.2308440897875594
2018-03-28 08:00:00,0.75,0.03,0.08,0.73,29.8,63.0,22.0,1004.5,15.5,-2.8750878361702537,2.1665340833473743
2018-03-28 09:00:00,0.31,0.04,0.05,0.28,32.0,52.0,21.0,1004.8,17.3,-2.5079526825623373,1.8221342821066664
2018-03-28 10:00:00,0.28,0.04,0.2,0.11,34.2,45.0,20.4,1004.2,21.6,-3.9641832724372428,2.880147736233118
2018-03-28 11:00:00,0.3,0.02,0.28,0.02,35.3,40.0,19.6,1003.4,24.8,-5.750880114781586,4.656970893768796
2018-03-28 12:00:00,0.31,0.01,0.31,0.0,36.2,37.0,19.1,1002.0,27.0,-6.46535998165333,5.821436275322066
2018-03-28 13:00:00,0.36,0.0,0.36,0.0,36.8,34.0,18.4,1000.3,27.0,-5.750175672340507,4.333068166694749
2018-03-28 14:00:00,0.34,0.02,0.34,0.0,35.8,36.0,18.5,999.3,26.6,-9.328529057720687,5.829111906565252
2018-03-28 15:00:00,0.59,0.01,0.36,0.45,34.0,48.0,21.4,999.2,39.6,-6.855300659511194,16.96746453857221
2018-03-28 16:00:00,0.77,0.0,0.28,0.7,33.5,48.0,21.2,999.4,39.6,-8.299999999999999,14.376021702821683
2018-03-28 17:00:00,0.89,0.0,0.13,0.52,33.0,47.0,20.3,999.1,34.9,-10.132058295902382,12.512049979457233
2018-03-28 18:00:00,0.55,0.0,0.02,0.54,31.4,58.0,22.1,999.3,30.6,-6.58286224622343,12.919594600731333
2018-03-28 19:00:00,0.1,0.0,0.02,0.09,30.4,62.0,22.4,1000.4,27.0,-2.5644420195200635,11.10781873855168
2018-03-28 20:00:00,0.12,0.0,0.01,0.12,29.6,67.0,22.8,1001.7,21.2,-1.7191169589026098,9.74959675482086
2018-03-28 21:00:00,0.06,0.0,0.0,0.06,28.8,71.0,23.0,1002.4,18.4,-2.0920448053979466,9.061641602502688
2018-03-28 22:00:00,0.03,0.0,0.0,0.03,28.0,75.0,23.3,1003.3,17.3,-1.1419715947936862,7.210124886344505
2018-03-28 23:00:00,0.0,0.0,0.0,0.0,27.4,79.0,23.5,1003.1,13.7,-2.8738041798367564,6.162892951849219
2018-03-29 00:00:00,0.03,0.0,0.0,0.03,26.8,82.0,23.5,1002.4,14.8,-4.361704647071826,6.466493065929325
2018-03-29 01:00:00,0.02,0.0,0.0,0.02,26.2,86.0,23.6,1001.8,14.4,-3.1997434936258253,5.772490067120011
2018-03-29 02:00:00,0.02,0.0,0.0,0.02,25.9,87.0,23.6,1001.2,12.2,-2.172718241812291,5.377666356487366
2018-03-29 03:00:00,0.0,0.0,0.0,0.0,25.6,88.0,23.5,1000.9,11.2,-2.4881992827652204,4.679622242152313
2018-03-29 04:00:00,0.0,0.0,0.0,0.0,25.4,89.0,23.4,1001.1,10.1,-2.880147736233119,3.9641832724372423
2018-03-29 05:00:00,0.0,0.0,0.0,0.0,25.5,89.0,23.5,1001.4,9.0,-3.9641832724372428,2.880147736233118
2018-03-29 06:00:00,0.0,0.0,0.0,0.0,25.8,88.0,23.5,1002.1,11.5,-3.2118269105225203,3.567095162291491
2018-03-29 07:00:00,0.0,0.0,0.0,0.0,27.5,78.0,23.2,1003.0,13.3,-0.6945927106677211,3.939231012048832
2018-03-29 08:00:00,0.04,0.0,0.0,0.04,30.1,63.0,22.4,1003.5,16.2,0.7423384793347544,3.2154212137912763
2018-03-29 09:00:00,0.0,0.0,0.0,0.0,32.8,50.0,21.2,1003.8,16.6,-0.3441558230885082,2.172914349309303
2018-03-29 10:00:00,0.0,0.0,0.0,0.0,35.3,39.0,19.4,1003.3,20.2,-2.1631599146222285,3.6001026629488715
2018-03-29 11:00:00,0.05,0.04,0.02,0.0,37.5,30.0,16.9,1002.4,23.4,-4.64926344627966,3.6324027044213842
2018-03-29 12:00:00,0.17,0.0,0.17,0.0,38.9,24.0,14.8,1000.8,25.2,-6.858073366652385,1.837615220227898
2018-03-29 13:00:00,0.13,0.0,0.13,0.01,39.7,21.0,13.6,999.2,25.2,-6.84703320513664,1.4553818357243153
2018-03-29 14:00:00,0.43,0.0,0.16,0.36,39.3,21.0,12.6,997.9,31.7,-11.864081411149003,5.786499137615823
2018-03-29 15:00:00,0.65,0.0,0.45,0.54,37.0,32.0,17.5,997.7,39.6,-14.105392489560323,11.020340408329282
2018-03-29 16:00:00,0.63,0.0,0.14,0.59,35.6,40.0,19.8,997.7,39.2,-14.04543720152275,12.64656846018242
2018-03-29 17:00:00,0.65,0.0,0.13,0.64,34.0,43.0,19.5,998.0,41.8,-15.065886253354915,14.049166217287468
2018-03-29 18:00:00,0.58,0.0,0.07,0.55,31.5,53.0,20.9,998.9,39.6,-9.384699101423475,11.184248869537077
2018-03-29 19:00:00,0.16,0.0,0.02,0.15,30.2,65.0,22.9,1000.0,27.0,-3.6154988341868854,11.127361240653295
2018-03-29 20:00:00,0.11,0.0,0.01,0.1,29.5,66.0,22.5,1001.1,21.6,0.35248491669525905,10.093847352892867
2018-03-29 21:00:00,0.12,0.0,0.02,0.11,29.0,72.0,23.3,1001.8,19.1,-2.5624408513775427,5.755336383148385
2018-03-29 22:00:00,0.23,0.0,0.01,0.22,28.2,77.0,23.7,1002.5,11.9,-5.420413862312148,3.9381611903595695
2018-03-29 23:00:00,0.58,0.0,0.0,0.57,27.3,82.0,24.0,1002.5,17.3,-9.02104915954472,3.2833933759264196
2018-03-30 00:00:00,0.84,0.0,0.0,0.84,26.5,86.0,24.0,1002.1,17.6,-7.947845481490627,3.538608794759462
2018-03-30 01:00:00,0.86,0.0,0.0,0.85,26.0,89.0,24.0,1001.5,16.2,-6.47218583283153,3.587591189822894
2018-03-30 02:00:00,0.97,0.0,0.0,0.97,25.6,91.0,24.0,1000.7,13.0,-2.8750878361702537,2.1665340833473743
2018-03-30 03:00:00,0.92,0.0,0.0,0.92,25.2,93.0,24.0,1000.3,6.5,-0.7071067811865475,-0.7071067811865476
2018-03-30 04:00:00,0.94,0.0,0.0,0.94,25.1,93.0,24.0,1000.5,5.8,-0.3449439287832564,-3.2819222547153015
2018-03-30 05:00:00,0.96,0.0,0.0,0.57,25.8,90.0,24.0,1000.8,6.5,-1.4499999999999997,-2.511473670974872
2018-03-30 06:00:00,0.34,0.0,0.0,0.34,26.2,87.0,23.9,1001.5,8.3,7.102951435054649e-16,-2.9
2018-03-30 07:00:00,0.86,0.0,0.0,0.86,27.9,76.0,23.2,1002.1,11.9,-1.1109406435904308,-2.8940993221413254
2018-03-30 08:00:00,0.95,0.0,0.0,0.95,30.7,62.0,22.6,1002.9,18.0,-2.149021206691006,-5.062776693988422
2018-03-30 09:00:00,0.88,0.0,0.0,0.88,33.3,50.0,21.6,1002.8,21.2,-3.2678342100901627,-5.032023407672544
2018-03-30 10:00:00,0.44,0.01,0.02,0.43,35.9,38.0,19.5,1002.3,21.6,-3.23084408978756,-2.524212048835199
2018-03-30 11:00:00,0.17,0.0,0.13,0.04,38.0,30.0,17.2,1001.5,21.2,-4.3,-2.632990618166809e-16
2018-03-30 12:00:00,0.1,0.0,0.09,0.03,39.1,25.0,15.5,999.8,22.3,-4.685893304218874,1.4326213531414098
2018-03-30 13:00:00,0.06,0.0,0.05,0.02,40.2,22.0,14.2,998.4,22.0,-3.5748714227020666,2.894873798829251
2018-03-30 14:00:00,0.16,0.0,0.07,0.12,40.5,19.0,12.5,997.1,31.7,-8.200737862381342,9.43386975278465
2018-03-30 15:00:00,0.64,0.0,0.17,0.61,37.5,30.0,16.8,997.1,43.9,-14.518359942593039,15.034201827077812
2018-03-30 16:00:00,0.92,0.0,0.11,0.91,35.2,40.0,19.5,997.1,44.6,-15.4315631041645,14.390165397318716
2018-03-30 17:00:00,1.0,0.0,0.13,0.86,33.3,46.0,20.1,997.1,44.3,-15.178069787145539,14.657291616684846
2018-03-30 18:00:00,0.95,0.0,0.13,0.95,31.6,51.0,20.4,998.2,40.0,-10.371524398562306,11.518744794899607
2018-03-30 19:00:00,0.62,0.0,0.09,0.59,30.7,58.0,21.5,999.3,29.2,-6.807987937687841,10.483382099317799
2018-03-30 20:00:00,0.2,0.0,0.04,0.17,29.9,66.0,23.0,1000.3,23.4,-5.020458146424487,5.020458146424486
2018-03-30 21:00:00,0.11,0.0,0.02,0.09,29.5,72.0,24.0,1001.0,13.0,-5.755336383148386,2.5624408513775414
2018-03-30 22:00:00,0.17,0.0,0.03,0.15,28.8,80.0,24.9,1001.5,14.0,-7.5260373224359345,1.0577155672964966
2018-03-30 23:00:00,0.14,0.0,0.01,0.13,28.0,85.0,25.2,1001.5,14.0,-5.086367523815789,-1.0811407922523493
2018-03-31 00:00:00,0.09,0.0,0.0,0.08,27.4,88.0,25.3,1000.9,11.2,-5.043268823083022,-3.9402334420842133
2018-03-31 01:00:00,0.1,0.0,0.0,0.1,26.9,92.0,25.4,999.9,14.4,-7.217009115376547,-3.2132194802988217
2018-03-31 02:00:00,0.13,0.03,0.0,0.11,26.4,95.0,25.5,999.4,14.4,-4.679622242152313,-2.4881992827652213
2018-03-31 03:00:00,0.68,0.61,0.0,0.27,26.1,96.0,25.5,999.4,9.4,-1.8017254983928965,-2.883363526931848
2018-03-31 04:00:00,0.95,0.94,0.0,0.38,26.4,95.0,25.4,999.6,7.2,6.123233995736766e-16,-2.5
2018-03-31 05:00:00,0.89,0.27,0.0,0.14,26.4,94.0,25.4,999.5,7.2,1.4,2.5717582782094415e-16
2018-03-31 06:00:00,0.43,0.19,0.0,0.3,27.0,88.0,24.8,1000.2,5.8,0.36288284339950183,-1.4554435894139948
2018-03-31 07:00:00,0.27,0.23,0.0,0.05,28.2,80.0,24.5,1001.2,10.4,0.3434561916777804,-1.7669289302057951
2018-03-31 08:00:00,0.37,0.09,0.0,0.31,30.0,69.0,23.8,1001.8,14.8,0.3534210958749269,-2.878383839759834
2018-03-31 09:00:00,0.86,0.02,0.0,0.86,32.7,56.0,22.6,1002.0,17.3,1.0549740469210396,-2.4853631043215887
2018-03-31 10:00:00,0.96,0.04,0.0,0.96,35.3,43.0,20.8,1001.6,17.3,0.35355339059327373,0.35355339059327384
2018-03-31 11:00:00,0.98,0.0,0.3,0.98,37.2,32.0,17.8,1000.9,19.8,-1.0549740469210394,2.485363104321589
2018-03-31 12:00:00,1.0,0.0,0.1,1.0,38.5,25.0,14.8,999.4,22.0,-2.9145559532826275,4.664264528860342
2018-03-31 13:00:00,0.99,0.0,0.09,0.99,38.5,23.0,13.9,997.9,22.3,-2.9145559532826275,4.664264528860342
2018-03-31 14:00:00,0.98,0.0,0.1,0.97,38.4,23.0,13.4,996.7,20.9,-2.5085756468171017,6.535062985480412
2018-03-31 15:00:00,0.72,0.0,0.34,0.67,36.2,37.0,19.0,996.4,40.3,-10.73650374663834,15.917521393056798
2018-03-31 16:00:00,0.83,0.0,0.28,0.8,36.2,31.0,16.4,996.6,40.7,-9.65386886137305,9.002378352824978
2018-03-31 17:00:00,0.99,0.0,0.27,0.94,34.4,45.0,20.8,996.6,28.8,-12.905533821809405,11.218609395737673
2018-03-31 18:00:00,0.56,0.0,0.12,0.52,32.7,50.0,20.8,997.5,34.9,-14.400502499874065,10.46257749080602
2018-03-31 19:00:00,0.6,0.0,0.23,0.55,31.4,54.0,21.0,998.6,33.5,-7.5717762380030695,7.840803823691299
2018-03-31 20:00:00,0.85,0.0,0.12,0.84,30.9,60.0,22.1,1000.0,20.2,-5.388744221607771,3.6347538725598536
2018-03-31 21:00:00,0.73,0.0,0.15,0.69,30.2,66.0,23.2,1000.8,13.3,-7.160557646651568,0.7526049355271056
2018-03-31 22:00:00,0.06,0.0,0.06,0.0,29.5,73.0,24.2,1001.2,13.3,-7.2,-4.4087284769304716e-16
2018-03-31 23:00:00,0.02,0.0,0.02,0.0,28.7,80.0,24.9,1001.0,13.3,-7.180188374442374,-1.7902220274375409
2018-04-01 00:00:00,0.01,0.0,0.01,0.0,28.0,84.0,25.0,1000.1,13.3,-6.486172749262466,-2.8878301658381815
2018-04-01 01:00:00,0.03,0.0,0.02,0.0,27.5,86.0,25.0,999.4,12.6,-4.023790324368742,-4.314986839553106
2018-04-01 02:00:00,0.04,0.0,0.04,0.0,27.1,88.0,25.0,998.7,10.8,-3.2693856872009626,-4.669166652447253
2018-04-01 03:00:00,0.18,0.17,0.02,0.0,26.8,91.0,25.2,998.4,11.2,-3.634753872559855,-5.388744221607771
2018-04-01 04:00:00,0.67,0.66,0.02,0.0,26.6,93.0,25.5,998.6,13.0,-3.9758649556096977,-6.122295146001595
2018-04-01 05:00:00,0.23,0.0,0.01,0.01,26.5,93.0,25.4,999.1,13.3,-4.656970893768797,-5.750880114781585
2018-04-01 06:00:00,0.15,0.13,0.01,0.02,26.8,92.0,25.4,999.8,13.7,-5.412017391981862,-5.046787864462489
2018-04-01 07:00:00,0.23,0.19,0.01,0.06,28.5,81.0,25.0,1000.8,19.4,-6.47213595499958,-4.702282018339785
2018-04-01 08:00:00,0.05,0.05,0.0,0.0,30.9,65.0,23.5,1001.4,20.5,-5.358438019581681,-4.658019105832602
2018-04-01 09:00:00,0.02,0.02,0.0,0.0,33.8,47.0,20.9,1001.7,22.3,-4.981083229470295,-4.329989591337347
2018-04-01 10:00:00,0.11,0.01,0.1,0.01,36.3,35.0,18.2,1001.5,22.7,-5.788198644282651,-2.2218812871808624
2018-04-01 11:00:00,0.2,0.0,0.14,0.08,38.1,26.0,15.4,1000.7,25.6,-8.294943864258496,-0.289665822630759
2018-04-01 12:00:00,0.15,0.0,0.15,0.01,39.5,22.0,13.6,999.4,27.0,-8.594761112364223,0.30013567164150823
2018-04-01 13:00:00,0.35,0.0,0.29,0.11,38.5,24.0,14.2,998.4,43.2,-16.87615711351288,10.545393358240775
2018-04-01 14:00:00,0.69,0.0,0.63,0.29,38.2,25.0,14.4,997.4,45.0,-14.047770699068076,6.550583056980839
2018-04-01 15:00:00,0.97,0.0,0.92,0.88,36.2,31.0,16.5,996.5,40.7,-17.320508075688775,9.999999999999996
2018-04-01 16:00:00,0.86,0.0,0.51,0.76,34.8,38.0,18.4,996.7,41.8,-15.50300260677928,10.456907294902962
2018-04-01 17:00:00,0.75,0.0,0.35,0.28,33.1,46.0,19.9,996.8,38.5,-17.366023338926624,12.159820450642178
2018-04-01 18:00:00,0.43,0.0,0.3,0.26,31.4,53.0,20.5,997.9,41.0,-11.461863112573452,11.869106705587747
2018-04-01 19:00:00,0.45,0.0,0.4,0.21,30.4,58.0,21.3,999.4,31.3,-6.8005097616181445,9.024581263534412
2018-04-01 20:00:00,0.33,0.0,0.27,0.19,29.8,63.0,22.0,1000.4,20.9,-5.416335208368434,7.187719590425637
2018-04-01 21:00:00,0.35,0.0,0.13,0.27,29.1,64.0,21.6,1001.3,16.9,-6.855693556378481,5.356254835333226
2018-04-01 22:00:00,0.56,0.0,0.13,0.51,28.5,65.0,21.4,1001.9,16.2,-5.772490067120012,3.199743493625824
2018-04-01 23:00:00,0.55,0.0,0.07,0.53,27.8,69.0,21.5,1001.8,11.9,-5.400153994423308,3.2447398719333416
2018-04-02 00:00:00,0.73,0.0,0.04,0.72,27.2,72.0,21.8,1001.1,12.6,-6.858073366652385,1.837615220227898
2018-04-02 01:00:00,0.96,0.0,0.03,0.95,26.7,75.0,22.0,1000.6,13.3,-6.858073366652385,1.837615220227898
2018-04-02 02:00:00,0.83,0.0,0.03,0.83,26.3,77.0,22.0,1000.0,13.3,-3.633958072659535,1.1110124779463992
2018-04-02 03:00:00,0.84,0.0,0.03,0.84,25.9,80.0,22.1,999.9,7.6,-1.0777488443215544,-0.7269507745119709
2018-04-02 04:00:00,0.86,0.0,0.03,0.86,25.7,80.0,22.0,999.9,2.9,-1.761649323676896,0.7117525274902329
2018-04-02 05:00:00,0.93,0.0,0.02,0.09,25.9,85.0,23.1,1000.5,3.6,-3.233592155403522,-1.0506577808748212
2018-04-02 06:00:00,0.1,0.0,0.02,0.09,25.9,85.0,23.1,1001.0,7.2,-1.414213562373095,-1.4142135623730951
2018-04-02 07:00:00,0.35,0.0,0.02,0.34,27.5,76.0,22.9,1001.9,11.9,0.7423384793347556,-3.215421213791276
2018-04-02 08:00:00,0.43,0.0,0.01,0.43,30.1,62.0,22.0,1002.8,15.8,0.3763024677635523,-3.580278823325784
2018-04-02 09:00:00,0.07,0.0,0.02,0.05,32.9,48.0,20.4,1003.2,18.4,-0.34862297099063266,-3.984778792366982
2018-04-02 10:00:00,0.22,0.0,0.18,0.04,35.3,37.0,18.5,1002.8,19.1,-1.0549740469210394,-2.485363104321589
2018-04-02 11:00:00,0.25,0.01,0.14,0.14,36.8,32.0,17.5,1002.1,19.1,-2.8783838397598336,-0.3534210958749277
2018-04-02 12:00:00,0.39,0.0,0.24,0.22,37.8,29.0,16.6,1000.7,21.2,-4.366330768241984,1.088648530198505
2018-04-02 13:00:00,0.37,0.0,0.37,0.0,38.7,26.0,15.6,999.0,21.2,-4.283637201794505,-0.37476969381492997
2018-04-02 14:00:00,0.76,0.0,0.72,0.16,36.0,33.0,17.2,998.1,36.7,-11.172287142747452,11.17228714274745
2018-04-02 15:00:00,0.66,0.0,0.53,0.35,35.8,34.0,17.5,997.3,37.1,-13.289195940914205,10.761378686952218
2018-04-02 16:00:00,0.53,0.0,0.38,0.34,33.8,43.0,19.6,997.8,43.6,-12.470079627918865,14.86126219650817
2018-04-02 17:00:00,0.5,0.0,0.21,0.17,33.8,43.0,19.5,998.0,40.0,-11.172287142747452,11.17228714274745
2018-04-02 18:00:00,0.29,0.0,0.21,0.22,31.7,55.0,21.5,998.8,31.3,-10.792346997185643,9.381644114564253
2018-04-02 19:00:00,0.15,0.0,0.12,0.11,30.4,64.0,22.8,1000.1,27.4,-11.10103358965737,8.365228821813472
2018-04-02 20:00:00,0.2,0.0,0.11,0.12,29.3,70.0,23.4,1001.2,26.3,-9.663489671572242,7.281961780139786
2018-04-02 21:00:00,0.18,0.0,0.07,0.15,28.8,72.0,23.2,1002.2,22.7,-5.374011537017761,5.37401153701776
2018-04-02 22:00:00,0.09,0.0,0.08,0.02,28.5,74.0,23.5,1002.8,14.4,-4.71280049259058,2.1976149610516367
2018-04-02 23:00:00,0.21,0.0,0.11,0.16,27.9,78.0,23.8,1002.4,15.1,-7.878462024097664,1.3891854213354424
2018-04-03 00:00:00,0.16,0.0,0.08,0.12,27.4,82.0,24.0,1001.6,15.5,-7.558529312547013,1.469229264399395
2018-04-03 01:00:00,0.42,0.0,0.09,0.37,26.9,85.0,24.1,1000.9,14.8,-5.8,-3.5514757175273243e-16
2018-04-03 02:00:00,0.6,0.0,0.08,0.59,26.5,87.0,24.2,1000.2,11.2,-3.9467090073008153,-1.436484601967809
2018-04-03 03:00:00,0.58,0.0,0.06,0.57,26.2,89.0,24.3,1000.0,8.6,-3.197409101749103,-1.4235782507653008
2018-04-03 04:00:00,0.45,0.0,0.04,0.43,25.9,91.0,24.4,1000.0,6.8,-1.0606601717798212,-1.0606601717798214
2018-04-03 05:00:00,0.4,0.25,0.0,0.38,26.2,92.0,24.8,1000.4,4.3,-1.8017254983928965,-2.883363526931848
2018-04-03 06:00:00,0.56,0.49,0.02,0.33,26.7,90.0,24.9,1001.0,9.0,-1.8469087739586112,-5.074340152243906
2018-04-03 07:00:00,0.42,0.38,0.0,0.29,28.2,80.0,24.5,1001.9,16.9,-3.603450996785793,-5.766727053863696
2018-04-03 08:00:00,0.49,0.23,0.0,0.46,30.3,66.0,23.2,1002.8,19.1,-3.9402334420842133,-5.043268823083021
2018-04-03 09:00:00,0.54,0.07,0.0,0.53,32.8,51.0,21.2,1002.7,22.7,-4.6728711030257655,-3.92100441908789
2018-04-03 10:00:00,0.52,0.07,0.01,0.5,35.3,38.0,18.7,1002.4,24.5,-5.377666356487367,-2.1727182418122895
2018-04-03 11:00:00,0.53,0.08,0.01,0.52,37.1,31.0,17.1,1001.3,25.2,-6.815049550106451,-1.0793978087775935
2018-04-03 12:00:00,0.58,0.0,0.15,0.53,38.8,25.0,15.4,999.9,27.0,-8.337387673787106,-1.023702484603239
2018-04-03 13:00:00,0.81,0.0,0.75,0.25,35.8,36.0,18.5,999.1,42.5,-17.996845515559237,8.012711868593264
2018-04-03 14:00:00,0.51,0.0,0.32,0.38,35.5,35.0,17.8,998.3,43.2,-14.839772548735246,10.009552972126365
2018-04-03 15:00:00,0.49,0.0,0.17,0.43,34.3,45.0,20.5,997.9,43.6,-15.501854727741451,8.949999999999996
2018-04-03 16:00:00,0.88,0.0,0.15,0.87,33.3,51.0,21.8,997.9,38.9,-12.286742187202066,11.457572449049973
2018-04-03 17:00:00,0.91,0.0,0.1,0.41,32.9,51.0,21.4,997.4,36.0,-12.480569989143724,13.38377273963082
2018-04-03 18:00:00,0.28,0.0,0.07,0.26,30.8,58.0,21.5,998.2,36.7,-9.296488277417442,11.8989623794615
2018-04-03 19:00:00,0.4,0.0,0.08,0.38,29.5,66.0,22.5,999.6,28.8,-6.4787075664452916,12.184676781453193
2018-04-03 20:00:00,0.36,0.0,0.08,0.32,28.8,71.0,23.0,1000.7,25.9,-3.5386087947594635,7.947845481490626
2018-04-03 21:00:00,0.78,0.0,0.06,0.77,28.5,75.0,23.5,1001.5,16.9,-1.4493866525741177,5.409184627218782
2018-04-03 22:00:00,0.54,0.0,0.07,0.52,28.2,76.0,23.6,1002.0,10.4,-5.062776693988422,2.149021206691006
2018-04-03 23:00:00,0.38,0.0,0.12,0.33,28.0,75.0,23.2,1001.9,11.9,-5.756767679519668,0.7068421917498547
2018-04-04 00:00:00,0.36,0.0,0.08,0.33,27.5,77.0,23.0,1001.1,10.8,-2.475670171853926,-0.34793275240016364
2018-04-04 01:00:00,0.3,0.0,0.04,0.28,26.9,79.0,23.0,1000.5,4.7,-3.2,-1.9594348786357652e-16
2018-04-04 02:00:00,0.28,0.0,0.04,0.26,26.5,81.0,23.0,999.9,4.0,-3.2154212137912763,0.7423384793347546
2018-04-04 03:00:00,0.41,0.0,0.07,0.37,26.4,82.0,23.0,999.2,4.3,-2.475670171853926,-0.34793275240016364
2018-04-04 04:00:00,0.29,0.0,0.07,0.25,26.0,85.0,23.1,999.4,4.7,-3.5640260967534716,-1.8159619989581874
2018-04-04 05:00:00,0.29,0.02,0.07,0.03,26.0,92.0,24.6,999.8,5.0,1.0895771993749126,-2.138415658052083
2018-04-04 06:00:00,0.13,0.02,0.09,0.04,26.3,90.0,24.5,1000.5,4.0,1.447436899414627,-1.7874357113510322
2018-04-04 07:00:00,0.14,0.03,0.07,0.07,28.0,79.0,24.0,1001.1,11.2,6.123233995736766e-16,-2.5
2018-04-04 08:00:00,0.09,0.04,0.02,0.05,30.6,60.0,21.9,1001.5,14.0,-2.2,-1.3471114790620887e-16
2018-04-04 09:00:00,0.14,0.04,0.1,0.1,33.0,47.0,20.1,1001.5,16.6,-2.138415658052083,1.0895771993749122
2018-04-04 10:00:00,0.23,0.03,0.17,0.18,35.0,39.0,18.8,1001.0,21.2,-4.688551036221174,0.3278554265973891
2018-04-04 11:00:00,0.39,0.08,0.22,0.23,36.6,33.0,17.6,1000.2,23.8,-6.0916401620029,-0.3192493330819582
2018-04-04 12:00:00,0.49,0.0,0.15,0.42,38.1,28.0,16.5,998.9,25.6,-7.172285669722766,-2.192787785420526
2018-04-04 13:00:00,0.28,0.0,0.21,0.18,39.7,24.0,15.4,997.1,28.8,-9.00025665737218,-5.407899786555569
2018-04-04 14:00:00,0.46,0.0,0.4,0.2,38.2,27.0,15.8,996.0,40.0,-17.67644262108995,4.736388525376132
2018-04-04 15:00:00,0.58,0.0,0.46,0.32,35.0,40.0,19.2,996.2,47.2,-16.605677245319395,10.783852893297539
2018-04-04 16:00:00,0.39,0.0,0.25,0.23,33.5,48.0,21.0,996.3,42.8,-15.034201827077807,14.518359942593044
2018-04-04 17:00:00,0.41,0.0,0.16,0.04,33.0,48.0,20.4,996.3,43.2,-14.34179571564234,11.20503885092698
2018-04-04 18:00:00,0.18,0.0,0.11,0.08,31.2,55.0,21.1,996.7,36.0,-10.419875556884957,10.790097005079769
2018-04-04 19:00:00,0.09,0.0,0.05,0.04,30.0,60.0,21.5,997.7,27.7,-3.9854575105905923,9.389149505214892
2018-04-04 20:00:00,0.08,0.0,0.04,0.04,29.1,65.0,21.9,998.9,19.1,0.7212463965468092,6.862201078041086
2018-04-04 21:00:00,0.11,0.0,0.05,0.06,28.4,68.0,22.0,999.8,13.0,0.7059932828932155,3.632020578756357
2018-04-04 22:00:00,0.13,0.0,0.05,0.09,27.6,72.0,22.2,1000.5,6.8,-2.1631599146222285,3.6001026629488715
2018-04-04 23:00:00,0.14,0.0,0.04,0.11,26.9,78.0,22.7,1000.6,7.6,-0.3486229709906328,3.984778792366982
2018-04-05 00:00:00,0.28,0.0,0.02,0.27,26.2,82.0,23.0,1000.3,6.1,-1.7918397477265011,4.667902132486009
2018-04-05 01:00:00,0.17,0.0,0.02,0.16,26.0,84.0,23.0,999.6,6.1,-2.5455844122715714,2.545584412271571
2018-04-05 02:00:00,0.19,0.01,0.02,0.17,25.8,85.0,23.0,999.0,5.4,-2.8940993221413254,1.1109406435904308
2018-04-05 03:00:00,0.16,0.04,0.02,0.13,25.6,85.0,23.0,998.7,5.8,-1.4474368994146258,-1.7874357113510329
2018-04-05 04:00:00,0.14,0.09,0.01,0.07,25.5,85.0,22.8,998.8,3.6,-1.7998053071223097,-2.1449244407331385
2018-04-05 05:00:00,0.19,0.01,0.01,0.01,25.5,88.0,23.3,999.0,4.0,-3.2819222547153015,0.3449439287832567
2018-04-05 06:00:00,0.07,0.02,0.01,0.05,25.9,85.0,23.1,999.6,5.4,-2.475670171853926,0.3479327524001634
2018-04-05 07:00:00,0.11,0.03,0.01,0.09,28.2,69.0,22.0,1000.6,9.7,-1.083267041673687,-1.437543918085127
2018-04-05 08:00:00,0.25,0.2,0.17,0.07,30.4,58.0,21.4,1001.1,14.4,-1.7677669529663687,-1.7677669529663689
2018-04-05 09:00:00,0.15,0.12,0.13,0.0,32.4,48.0,20.0,1001.3,16.9,-2.1649947956686737,-2.4905416147351476
2018-04-05 10:00:00,0.11,0.1,0.05,0.0,34.2,40.0,18.9,1000.8,20.2,-3.5748714227020657,-2.8948737988292517
2018-04-05 11:00:00,0.21,0.19,0.1,0.0,36.2,33.0,17.2,999.6,22.3,-4.289848881466277,-3.5996106142446203
2018-04-05 12:00:00,0.29,0.0,0.29,0.0,37.6,27.0,15.5,998.4,24.1,-5.766727053863696,-3.603450996785793
2018-04-05 13:00:00,0.39,0.0,0.38,0.0,38.6,24.0,14.4,996.8,27.7,-9.658678035226657,-2.952954217699641
2018-04-05 14:00:00,0.4,0.0,0.38,0.08,38.0,25.0,14.4,995.7,33.1,-13.619554150675864,-3.6493485359455424
2018-04-05 15:00:00,0.46,0.0,0.46,0.01,35.2,38.0,18.6,995.5,38.2,-12.573316505307849,13.02005038612959
2018-04-05 16:00:00,0.37,0.0,0.32,0.1,35.0,37.0,18.2,995.5,39.6,-15.058010258783415,7.672439445598339
2018-04-05 17:00:00,0.9,0.0,0.19,0.84,33.9,44.0,19.8,996.0,36.4,-13.762023704413695,9.282602197614395
2018-04-05 18:00:00,0.94,0.0,0.1,0.94,31.6,50.0,19.8,996.5,33.5,-11.525840533340727,11.525840533340725
2018-04-05 19:00:00,0.77,0.0,0.09,0.75,29.8,60.0,21.2,997.4,32.4,-9.404564036679572,12.944271909999157
2018-04-05 20:00:00,0.14,0.0,0.09,0.06,29.0,69.0,22.7,998.8,29.5,-3.186851581477829,10.423721839997087
2018-04-05 21:00:00,0.13,0.0,0.03,0.11,28.5,73.0,23.1,999.8,20.2,-1.0164568432923032e-15,8.3
2018-04-05 22:00:00,0.2,0.0,0.02,0.19,28.0,74.0,23.0,1000.6,15.1,-1.7542302283364197,5.737828535778213
2018-04-05 23:00:00,0.38,0.0,0.01,0.37,27.5,76.0,22.8,1000.7,11.2,-1.8159619989581874,3.564026096753471
2018-04-06 00:00:00,0.23,0.0,0.01,0.22,27.0,77.0,22.6,1000.1,7.2,-1.801725498392897,2.883363526931848
2018-04-06 01:00:00,0.4,0.08,0.01,0.38,26.6,79.0,22.6,999.3,6.1,-1.7677669529663689,1.7677669529663687
2018-04-06 02:00:00,0.74,0.15,0.01,0.73,26.2,81.0,22.7,998.8,4.3,-2.499280409439629,0.7166571251241975
2018-04-06 03:00:00,0.74,0.16,0.01,0.73,26.5,80.0,22.8,998.5,5.4,-1.4554435894139948,-0.3628828433995015
2018-04-06 04:00:00,0.63,0.14,0.0,0.6,26.2,81.0,22.7,998.8,3.6,-8.572527594031472e-17,0.7
2018-04-06 05:00:00,0.81,0.06,0.0,0.91,26.2,81.0,22.7,999.1,4.0,-2.1649947956686737,2.4905416147351476
2018-04-06 06:00:00,0.84,0.08,0.0,0.83,26.5,79.0,22.6,1000.0,8.6,-1.4499999999999997,2.511473670974872
2018-04-06 07:00:00,0.62,0.1,0.0,0.58,28.0,71.0,22.2,1000.8,11.9,-3.2819222547153015,0.3449439287832567
2018-04-06 08:00:00,0.3,0.08,0.0,0.24,30.7,54.0,20.5,1001.3,16.6,-4.0,-2.4492935982947064e-16
2018-04-06 09:00:00,0.16,0.11,0.0,0.06,32.7,46.0,19.6,1001.5,17.6,-2.8833635269318485,1.8017254983928963
2018-04-06 10:00:00,0.15,0.14,0.03,0.0,34.8,39.0,18.6,1001.3,21.2,-3.9858260519352027,2.4906205418960625
2018-04-06 11:00:00,0.17,0.13,0.12,0.06,36.3,32.0,17.1,1000.5,22.0,-4.998560818879258,1.433314250248395
2018-04-06 12:00:00,0.15,0.0,0.15,0.0,37.7,28.0,16.0,999.3,26.6,-7.505054539300878,3.990508283680073
2018-04-06 13:00:00,0.06,0.0,0.06,0.0,37.7,29.0,16.5,997.8,33.5,-8.69869788266516,9.660882731206122
2018-04-06 14:00:00,0.39,0.0,0.39,0.09,36.0,34.0,17.5,997.5,35.3,-11.222383006759186,7.857997178009332
2018-04-06 15:00:00,0.2,0.0,0.16,0.15,33.7,46.0,20.5,997.4,43.9,-15.857119972562844,13.305703520511365
2018-04-06 16:00:00,0.5,0.0,0.45,0.32,34.2,43.0,19.7,997.2,43.6,-13.018095888821236,12.139570809112472
2018-04-06 17:00:00,0.25,0.0,0.22,0.04,33.3,47.0,20.4,997.4,42.1,-10.434574908956229,11.189711634773309
2018-04-06 18:00:00,0.21,0.0,0.16,0.12,31.8,55.0,21.5,997.8,31.0,-10.824034783963725,10.093575728924977
2018-04-06 19:00:00,0.11,0.0,0.1,0.02,29.6,65.0,22.4,999.1,29.9,-8.555651423102429,12.684274860092138
2018-04-06 20:00:00,0.06,0.0,0.06,0.0,29.0,72.0,23.5,1000.3,28.8,-5.2875763599854055,11.87609094935381
2018-04-06 21:00:00,0.12,0.0,0.05,0.09,28.5,75.0,23.7,1001.2,23.8,-2.159530121701106,9.353952621938257
2018-04-06 22:00:00,0.08,0.0,0.04,0.05,28.3,74.0,23.3,1001.9,17.3,0.35588450245201625,6.790680836331102
2018-04-06 23:00:00,0.11,0.0,0.03,0.09,28.0,76.0,23.2,1001.8,12.2,-0.3747696938149302,4.283637201794505
2018-04-07 00:00:00,0.14,0.0,0.02,0.13,27.4,79.0,23.4,1001.2,7.9,-3.9858260519352027,2.4906205418960625
2018-04-07 01:00:00,0.16,0.0,0.01,0.16,26.9,83.0,23.7,1000.9,13.0,-6.092338390726596,3.2393537832226476
2018-04-07 02:00:00,0.17,0.0,0.01,0.16,26.5,86.0,24.0,1000.5,13.0,-4.998560818879258,1.433314250248395
2018-04-07 03:00:00,0.21,0.03,0.0,0.2,26.0,89.0,24.0,1000.2,10.1,-1.4256104387013888,-0.7263847995832751
2018-04-07 04:00:00,0.28,0.04,0.01,0.25,25.7,91.0,24.0,1000.3,5.4,-1.7998053071223097,-2.1449244407331385
2018-04-07 05:00:00,0.15,0.02,0.0,0.05,26.0,90.0,24.2,1000.7,5.4,-3.9641832724372428,2.880147736233118
2018-04-07 06:00:00,0.06,0.02,0.0,0.05,26.4,88.0,24.2,1001.3,11.5,-2.899137802864845,2.8991378028648445
2018-04-07 07:00:00,0.09,0.03,0.0,0.07,27.8,80.0,24.0,1002.0,13.3,-2.867896404846534,2.493024310163927
2018-04-07 08:00:00,0.19,0.09,0.12,0.05,30.2,63.0,22.4,1003.0,18.0,-3.5670951622914924,3.2118269105225195
2018-04-07 09:00:00,0.27,0.07,0.2,0.08,32.3,50.0,20.5,1003.0,19.4,-4.276831316104166,2.1791543987498243
2018-04-07 10:00:00,0.32,0.02,0.22,0.12,34.2,41.0,19.0,1002.8,23.4,-6.5,-3.9801020972288977e-16
2018-04-07 11:00:00,0.29,0.0,0.29,0.0,35.5,36.0,18.1,1001.9,24.1,-6.858073366652385,-1.8376152202278973
2018-04-07 12:00:00,0.2,0.01,0.2,0.0,37.0,31.0,17.3,1000.6,25.6,-7.180188374442374,-1.7902220274375409
2018-04-07 13:00:00,0.28,0.0,0.27,0.03,37.6,28.0,16.2,998.9,29.2,-11.160878248725057,1.7677094549546084
2018-04-07 14:00:00,0.55,0.0,0.33,0.41,36.2,34.0,17.7,998.0,38.9,-14.833519560029972,7.887122254802968
2018-04-07 15:00:00,0.32,0.0,0.25,0.19,35.8,36.0,18.2,997.1,37.8,-11.192007229493063,7.5491041968550805
2018-04-07 16:00:00,0.24,0.0,0.18,0.13,35.0,42.0,20.3,996.8,34.6,-12.333315534215547,10.348880515953285
2018-04-07 17:00:00,0.23,0.0,0.23,0.0,33.5,50.0,21.5,997.7,37.4,-15.36620969533108,12.005398768850336
2018-04-07 18:00:00,0.17,0.0,0.17,0.0,30.6,63.0,22.6,998.8,40.0,-14.42497833620557,14.424978336205568
2018-04-07 19:00:00,0.22,0.0,0.11,0.14,29.4,68.0,23.0,999.9,38.2,-12.344170317131226,13.237501999306986
2018-04-07 20:00:00,0.19,0.0,0.08,0.16,29.0,72.0,23.4,1000.8,33.5,-4.352968095929205,9.334970206477495
2018-04-07 21:00:00,0.43,0.35,0.06,0.17,28.6,73.0,23.4,1001.8,19.4,-3.2678342100901636,5.032023407672543
2018-04-07 22:00:00,0.46,0.39,0.22,0.32,27.0,81.0,23.5,1002.7,18.4,7.185941174554808,2.4743179738743906
2018-04-07 23:00:00,1.0,1.0,0.3,0.2,25.5,90.0,23.8,1002.5,22.0,8.994517443171862,-0.3140954703225115
2018-04-08 00:00:00,0.54,0.39,0.26,0.28,25.5,90.0,23.7,1002.1,18.7,6.815049550106451,-1.0793978087775917
2018-04-08 01:00:00,0.42,0.34,0.26,0.14,25.2,90.0,23.5,1001.4,19.4,7.5620014546273335,-2.902780391316933
2018-04-08 02:00:00,0.38,0.3,0.2,0.07,25.0,91.0,23.4,1000.8,15.8,5.420413862312149,-3.9381611903595686
2018-04-08 03:00:00,0.26,0.23,0.15,0.05,25.1,90.0,23.3,1000.5,13.7,4.3149868395531055,-4.0237903243687425
2018-04-08 04:00:00,0.22,0.16,0.16,0.02,25.1,89.0,23.2,1000.3,11.5,1.7918397477265038,-4.667902132486008
2018-04-08 05:00:00,0.22,0.16,0.06,0.0,26.0,85.0,23.4,1000.3,9.7,-2.875087836170254,-2.166534083347374
2018-04-08 06:00:00,0.13,0.12,0.03,0.0,26.8,82.0,23.4,1001.1,9.7,-3.9858260519352022,-2.490620541896063
2018-04-08 07:00:00,0.12,0.11,0.02,0.0,28.4,73.0,23.1,1002.1,15.1,-4.314986839553106,-4.023790324368742
2018-04-08 08:00:00,0.11,0.1,0.05,0.0,30.6,61.0,22.2,1003.0,22.3,-6.46535998165333,-5.821436275322066
2018-04-08 09:00:00,0.17,0.14,0.13,0.0,32.7,50.0,20.8,1003.2,26.6,-9.008582983535776,-4.993539088537273
2018-04-08 10:00:00,0.3,0.13,0.29,0.0,33.9,44.0,19.9,1003.1,32.0,-12.977032895167305,-3.7211043035294886
2018-04-08 11:00:00,0.68,0.5,0.63,0.0,32.5,51.0,21.0,1002.5,34.9,-12.938717261796304,-2.049291492027025
2018-04-08 12:00:00,0.5,0.26,0.47,0.02,34.6,46.0,21.3,1001.2,32.0,-6.148780366869514,-3.5500000000000007
2018-04-08 13:00:00,0.64,0.1,0.47,0.47,32.3,49.0,20.3,1000.5,36.7,-11.852260087141653,1.8772135804827697
2018-04-08 14:00:00,0.6,0.04,0.5,0.3,33.3,44.0,19.5,999.1,31.0,-8.273149339882606,8.273149339882604
2018-04-08 15:00:00,0.37,0.02,0.29,0.18,33.3,46.0,20.2,998.7,32.4,-6.858935777509511,6.85893577750951
2018-04-08 16:00:00,0.46,0.03,0.19,0.38,31.7,54.0,21.2,998.9,32.4,-10.41441821712565,4.6367977310641235
2018-04-08 17:00:00,0.57,0.0,0.11,0.26,31.5,53.0,20.8,998.6,27.0,-9.29852689255932,7.2648054088427685
2018-04-08 18:00:00,0.49,0.0,0.18,0.44,32.3,46.0,19.1,999.2,23.4,-9.659258262890683,2.5881904510252083
2018-04-08 19:00:00,0.51,0.09,0.16,0.44,31.4,50.0,19.8,1000.8,24.1,-11.864081411149003,5.786499137615823
2018-04-08 20:00:00,0.51,0.0,0.12,0.48,30.0,56.0,20.5,1001.7,28.8,-15.478757788695894,0.8112073217656296
2018-04-08 21:00:00,0.51,0.01,0.1,0.47,29.0,65.0,21.9,1002.6,28.4,-10.4,-6.368163355566237e-16
2018-04-08 22:00:00,0.54,0.02,0.15,0.48,28.8,69.0,22.5,1003.4,18.4,-8.308865795825096,-3.1894747509531736
2018-04-08 23:00:00,0.78,0.36,0.16,0.72,27.9,74.0,22.8,1003.3,18.0,-6.151828996322962,-6.151828996322964
2018-04-09 00:00:00,0.93,0.26,0.3,0.9,25.1,90.0,23.5,1003.2,21.6,2.1223161698406696,-7.92059177557036
2018-04-09 01:00:00,0.56,0.13,0.3,0.43,25.0,90.0,23.3,1002.3,19.4,5.407899786555572,-9.000256657372177
2018-04-09 02:00:00,0.56,0.22,0.28,0.42,24.9,90.0,23.1,1001.4,20.2,1.7712114122026898,-10.045039080724521
2018-04-09 03:00:00,0.69,0.21,0.11,0.65,25.0,88.0,23.0,1000.9,18.0,4.033014550459515,-8.268905225952334
2018-04-09 04:00:00,0.73,0.28,0.04,0.67,25.1,87.0,22.8,1000.7,16.2,1.0602632876247808,-8.635151519279502
2018-04-09 05:00:00,0.85,0.3,0.22,0.71,26.2,83.0,23.0,1001.1,15.1,-1.079765060850552,-4.676976310969129
2018-04-09 06:00:00,0.9,0.28,0.08,0.88,26.5,82.0,23.1,1001.6,10.1,-0.3278554265973889,-4.688551036221174
2018-04-09 07:00:00,0.93,0.36,0.23,0.89,27.6,77.0,23.2,1002.6,20.9,-4.738350289172498,-7.8859391664594325
2018-04-09 08:00:00,0.85,0.42,0.16,0.8,29.2,70.0,23.2,1003.7,30.2,-10.478907385791707,-6.050000000000002
2018-04-09 09:00:00,0.58,0.42,0.19,0.47,30.2,65.0,23.0,1004.0,31.3,-7.8859391664594325,-4.738350289172498
2018-04-09 10:00:00,0.96,0.86,0.29,0.9,31.5,61.0,23.1,1003.7,35.6,-7.969557584733964,-0.6972459419812651
2018-04-09 11:00:00,0.98,0.24,0.23,0.98,29.6,62.0,21.6,1003.2,35.3,-10.755332712974734,-4.345436483624579
2018-04-09 12:00:00,0.94,0.05,0.11,0.93,33.0,50.0,21.0,1002.0,29.2,-5.4,-3.3065463576978537e-16
2018-04-09 13:00:00,0.89,0.06,0.04,0.89,34.3,44.0,20.3,1000.4,30.6,-6.430842427582553,1.4846769586695092
2018-04-09 14:00:00,0.91,0.09,0.16,0.9,35.7,41.0,20.3,999.0,27.7,-8.654614298285898,2.812054648812021
2018-04-09 15:00:00,1.0,0.92,0.64,0.99,33.8,45.0,20.2,998.7,29.9,-12.68427486009214,8.555651423102425
2018-04-09 16:00:00,0.99,0.0,0.11,0.99,31.0,58.0,21.6,999.3,41.8,-7.149742845404133,5.789747597658502
2018-04-09 17:00:00,0.99,0.0,0.1,0.92,31.4,57.0,21.8,999.3,22.3,-6.1194134401407965,2.4724035165450196
2018-04-09 18:00:00,0.67,0.14,0.09,0.64,30.2,60.0,21.6,1000.2,15.8,-5.0,-3.061616997868383e-16
2018-04-09 19:00:00,0.87,0.13,0.42,0.82,29.5,63.0,21.8,1001.2,14.4,-5.720809726210201,6.817795543758904
2018-04-09 20:00:00,0.45,0.22,0.26,0.38,27.8,80.0,24.0,1001.8,16.9,-9.307315673519883e-16,7.6
2018-04-09 21:00:00,0.58,0.13,0.52,0.13,27.4,81.0,23.8,1002.3,13.7,2.138415658052083,-1.089577199374912
2018-04-09 22:00:00,0.37,0.17,0.27,0.19,26.0,88.0,23.9,1002.8,18.4,9.008582983535776,-4.993539088537275
2018-04-09 23:00:00,0.43,0.37,0.19,0.22,25.6,89.0,23.6,1002.5,18.4,5.387787044493737,-5.777694242791449
2018-04-10 00:00:00,0.44,0.31,0.26,0.14,25.9,86.0,23.4,1001.8,14.0,0.3977532674463772,-7.589584464134761
2018-04-10 01:00:00,0.32,0.28,0.25,0.02,25.5,87.0,23.2,1000.9,15.1,-1.3891854213354426,-7.878462024097664
2018-04-10 02:00:00,0.35,0.34,0.14,0.0,25.5,87.0,23.1,1000.3,14.0,1.934941942652818e-15,-7.9
2018-04-10 03:00:00,0.34,0.34,0.12,0.04,25.5,87.0,23.1,1000.0,14.0,0.28966582263075685,-8.294943864258496
2018-04-10 04:00:00,0.28,0.21,0.24,0.06,25.5,86.0,23.0,999.9,13.7,0.4134540543192605,-7.889173324561134
2018-04-10 05:00:00,0.37,0.3,0.15,0.72,25.1,91.0,23.5,1000.6,14.4,1.4493866525741157,-5.4091846272187825
2018-04-10 06:00:00,0.86,0.67,0.29,0.79,25.8,88.0,23.6,1001.4,13.0,-4.3,-2.632990618166809e-16
2018-04-10 07:00:00,1.0,1.0,0.23,0.59,25.8,90.0,24.0,1002.2,17.3,-6.467184310807044,-2.1013155617496424
2018-04-10 08:00:00,0.48,0.44,0.16,0.08,27.1,81.0,23.6,1002.7,20.5,-5.387787044493738,-5.777694242791447
2018-04-10 09:00:00,0.19,0.16,0.1,0.06,29.7,69.0,23.5,1003.0,27.7,-4.971631089293716,-6.139453095510071
2018-04-10 10:00:00,0.67,0.56,0.59,0.15,32.7,53.0,21.9,1002.3,31.0,-6.042203531053469,-7.200817765318393
2018-04-10 11:00:00,0.31,0.19,0.1,0.19,32.5,55.0,22.2,1001.6,29.9,-9.694091022085228,0.3385251180142592
2018-04-10 12:00:00,0.28,0.04,0.19,0.19,34.0,49.0,21.7,1000.3,32.0,-6.518743047927909,1.0324674692655234
2018-04-10 13:00:00,0.74,0.34,0.48,0.54,31.2,60.0,22.5,999.5,40.7,-15.519280159662598,9.697522535467648
2018-04-10 14:00:00,0.74,0.11,0.21,0.69,33.0,51.0,21.5,998.4,40.7,-9.353074360871938,5.399999999999999
2018-04-10 15:00:00,0.8,0.29,0.41,0.71,32.4,52.0,21.2,997.9,30.2,-13.688827766869691,2.413709669570331
2018-04-10 16:00:00,0.76,0.0,0.28,0.7,31.4,55.0,21.4,997.8,33.8,-5.3989495089621515,1.0494494745709964
2018-04-10 17:00:00,0.78,0.16,0.23,0.36,30.5,63.0,22.6,998.0,18.0,-9.700776466210566,3.1519733426244625
2018-04-10 18:00:00,0.36,0.12,0.15,0.28,30.8,61.0,22.4,998.6,19.4,-1.0549740469210394,2.485363104321589
2018-04-10 19:00:00,0.42,0.19,0.25,0.25,29.5,67.0,22.8,999.8,9.7,1.0815799573111144,-1.8000513314744355
2018-04-10 20:00:00,0.41,0.18,0.2,0.27,28.4,74.0,23.2,1000.7,13.0,7.128052193506943,-3.631923997916373
2018-04-10 21:00:00,0.47,0.07,0.18,0.37,27.4,78.0,23.2,1001.7,17.3,8.652886410017485,-4.600821315301727
2018-04-10 22:00:00,0.34,0.14,0.21,0.21,26.6,79.0,22.8,1002.4,17.6,5.38874422160777,-3.6347538725598554
2018-04-10 23:00:00,0.83,0.78,0.32,0.19,26.0,84.0,23.1,1002.3,15.1,-0.3449439287832564,-3.2819222547153015
2018-04-11 00:00:00,0.99,0.99,0.4,0.27,25.3,91.0,23.8,1001.4,14.8,0.3479327524001647,-2.475670171853926
2018-04-11 01:00:00,0.74,0.53,0.34,0.54,25.5,90.0,23.6,1000.7,11.5,-1.061158084920335,-3.96029588778518
2018-04-11 02:00:00,0.88,0.7,0.32,0.74,25.2,90.0,23.5,1000.3,12.2,1.7937955949114466,-3.236092916415765
2018-04-11 03:00:00,0.92,0.24,0.28,0.9,25.2,91.0,23.7,1000.1,10.4,2.4992804094396295,0.7166571251241971
2018-04-11 04:00:00,0.95,0.25,0.24,0.93,25.0,93.0,23.9,1000.2,9.7,5.34744757120448,-0.7515347451843536
2018-04-11 05:00:00,0.97,0.16,0.23,0.87,25.4,94.0,24.2,1000.5,10.1,1.4256104387013888,-0.7263847995832746
2018-04-11 06:00:00,0.91,0.32,0.25,0.88,25.9,90.0,24.0,1001.7,6.5,1.046162167924669,-0.339918693812442
2018-04-11 07:00:00,0.95,0.3,0.21,0.93,26.9,82.0,23.5,1002.4,10.8,7.102951435054649e-16,-2.9
2018-04-11 08:00:00,0.6,0.34,0.09,0.49,28.9,71.0,23.0,1003.0,16.2,-3.2095339943541705,-3.963444403430551
2018-04-11 09:00:00,0.35,0.29,0.11,0.13,30.5,63.0,22.5,1003.2,18.7,-4.669166652447253,-3.2693856872009626
2018-04-11 10:00:00,0.19,0.12,0.16,0.0,32.2,54.0,21.8,1002.7,20.9,-5.032023407672544,-3.2678342100901627
2018-04-11 11:00:00,0.17,0.15,0.1,0.0,33.8,48.0,21.1,1001.8,27.0,-6.092338390726596,-3.239353783222647
2018-04-11 12:00:00,0.2,0.13,0.17,0.02,35.1,42.0,20.4,1000.6,24.8,-7.185941174554807,-2.474317973874391
2018-04-11 13:00:00,0.3,0.06,0.29,0.03,35.3,41.0,20.1,999.2,24.8,-7.5620014546273335,-2.902780391316933
2018-04-11 14:00:00,0.41,0.08,0.37,0.12,35.3,41.0,20.0,997.9,24.1,-7.128052193506943,-3.631923997916375
2018-04-11 15:00:00,0.72,0.41,0.22,0.65,32.7,51.0,21.2,997.7,34.9,-15.188330081965264,6.447063620073017
2018-04-11 16:00:00,0.71,0.11,0.3,0.66,33.0,50.0,21.3,997.5,36.4,-12.267257993871167,3.2870018728020147
2018-04-11 17:00:00,0.9,0.05,0.23,0.74,32.7,52.0,21.4,997.6,28.1,-13.292636107886194,4.06396669564604
2018-04-11 18:00:00,0.63,0.05,0.19,0.58,31.2,58.0,21.9,998.9,26.6,-8.642763284627168,4.403707847473603
2018-04-11 19:00:00,0.83,0.02,0.18,0.81,30.0,65.0,22.8,1000.0,17.6,-4.403707847473604,8.642763284627167
2018-04-11 20:00:00,0.89,0.26,0.19,0.85,28.1,77.0,23.6,1001.3,20.9,5.088655421583795,7.54424191025088
2018-04-11 21:00:00,0.94,0.14,0.12,0.93,24.8,93.0,23.5,1002.5,21.2,8.60769888645749,-1.8296228791962834
2018-04-11 22:00:00,1.0,0.1,0.12,1.0,25.2,92.0,23.8,1002.8,16.6,6.5187430479279085,1.0324674692655247
2018-04-11 23:00:00,0.99,0.15,0.1,0.98,25.2,91.0,23.6,1002.0,17.6,3.632020578756357,0.7059932828932151
2018-04-12 00:00:00,0.95,0.34,0.18,0.94,25.3,91.0,23.7,1001.2,11.2,5.062776693988423,-2.149021206691004
2018-04-12 01:00:00,0.95,0.77,0.25,0.89,25.3,90.0,23.5,1000.5,10.4,4.283637201794505,-0.3747696938149289
2018-04-12 02:00:00,1.0,1.0,0.17,0.82,25.3,88.0,23.1,999.8,10.4,4.667902132486009,-1.791839747726502
2018-04-12 03:00:00,0.97,0.51,0.15,0.95,25.5,85.0,22.8,999.7,10.4,3.9467090073008153,-1.43648460196781
2018-04-12 04:00:00,0.99,0.29,0.12,0.99,25.5,85.0,22.8,999.9,9.4,2.1449244407331385,-1.7998053071223097
2018-04-12 05:00:00,0.97,0.25,0.17,0.95,25.6,87.0,23.4,1000.0,5.8,-1.0606601717798212,-1.0606601717798214
2018-04-12 06:00:00,0.97,0.14,0.16,0.96,25.7,87.0,23.4,1000.7,7.6,-1.1110124779463997,-3.6339580726595346
2018-04-12 07:00:00,0.95,0.15,0.17,0.95,27.0,80.0,23.2,1001.8,10.8,7.837739514543061e-16,-3.2
2018-04-12 08:00:00,0.96,0.14,0.12,0.96,29.0,70.0,23.0,1002.1,16.6,-1.7613968679372003,-5.421022142882375
2018-04-12 09:00:00,0.94,0.31,0.19,0.92,31.0,61.0,22.5,1002.0,23.0,-6.855693556378481,-5.356254835333226
2018-04-12 10:00:00,0.96,0.28,0.23,0.95,32.0,56.0,22.0,1001.9,24.8,-8.642763284627168,-4.403707847473604
2018-04-12 11:00:00,0.94,0.25,0.27,0.91,32.8,53.0,21.8,1001.0,26.3,-9.735430472951268,-3.9333692308670756
2018-04-12 12:00:00,0.85,0.12,0.22,0.83,34.0,48.0,21.5,999.9,26.6,-8.654614298285896,-2.8120546488120217
2018-04-12 13:00:00,0.87,0.12,0.33,0.81,35.0,44.0,20.9,998.4,27.7,-10.81550771911611,-2.4969567032169007
2018-04-12 14:00:00,0.88,0.14,0.35,0.82,34.9,44.0,20.8,997.2,28.1,-8.939733772226367,-2.5634274090980926
2018-04-12 15:00:00,0.89,0.14,0.3,0.88,32.0,55.0,21.8,997.1,31.0,-11.192007229493063,7.5491041968550805
2018-04-12 16:00:00,0.95,0.15,0.14,0.94,31.1,63.0,23.3,997.3,31.3,-14.06928803100195,3.507867486195183
2018-04-12 17:00:00,0.96,0.01,0.17,0.7,31.4,63.0,23.5,997.2,31.7,-8.69869788266516,9.660882731206122
2018-04-12 18:00:00,0.91,0.01,0.2,0.91,30.0,69.0,23.8,998.0,26.3,-5.769234480931413,10.40797451495881
2018-04-12 19:00:00,0.97,0.0,0.17,0.96,28.9,76.0,24.1,999.5,22.0,-4.035837691242893,11.088372925273719
2018-04-12 20:00:00,0.97,0.0,0.17,0.97,28.4,80.0,24.6,1000.5,22.0,-6.772276228582243,8.668118289673941
2018-04-12 21:00:00,0.97,0.0,0.16,0.97,28.6,79.0,24.5,1001.6,19.8,-5.788198644282651,2.2218812871808615
2018-04-12 22:00:00,1.0,0.88,0.16,0.99,26.8,86.0,24.2,1002.5,16.9,7.608452130361229,-2.472135954999578
2018-04-12 23:00:00,1.0,0.46,0.2,1.0,24.8,96.0,24.1,1002.1,24.8,4.374859974957706,-1.421478174124757
2018-04-13 00:00:00,0.99,0.08,0.2,0.99,25.0,95.0,24.1,1001.5,13.3,5.38874422160777,-3.6347538725598554
2018-04-13 01:00:00,0.98,0.21,0.16,0.97,24.9,93.0,23.7,1000.9,14.4,7.1718815985430435,-3.9754388860199654
2018-04-13 02:00:00,0.98,0.91,0.28,0.84,24.8,92.0,23.4,1000.3,24.1,6.869189578867052,-4.292346040288957
2018-04-13 03:00:00,0.75,0.39,0.26,0.63,25.1,89.0,23.2,999.8,14.8,1.4375439180851277,-1.0832670416736863
2018-04-13 04:00:00,0.95,0.51,0.38,0.9,24.9,91.0,23.4,1000.4,11.2,-1.0606601717798214,1.0606601717798212
2018-04-13 05:00:00,0.99,0.57,0.25,0.81,25.0,94.0,24.0,1000.0,10.8,-4.7,-2.8779199779962803e-16
2018-04-13 06:00:00,0.96,0.31,0.26,0.95,25.5,92.0,24.0,1000.5,11.2,-0.7097828148963337,-5.050367150582009
2018-04-13 07:00:00,0.93,0.21,0.18,0.92,26.4,87.0,24.0,1001.6,12.6,-2.197614961051637,-4.7128004925905795
2018-04-13 08:00:00,0.88,0.17,0.14,0.87,28.1,77.0,23.7,1002.6,22.7,-4.314986839553106,-4.023790324368742
2018-04-13 09:00:00,0.91,0.73,0.21,0.87,29.5,71.0,23.8,1002.8,23.0,-4.3458286986186065,0.6883116461770157
2018-04-13 10:00:00,0.93,0.2,0.2,0.92,30.6,67.0,23.8,1002.9,25.2,-5.400153994423308,3.2447398719333416
2018-04-13 11:00:00,0.98,0.12,0.17,0.97,32.1,59.0,23.2,1002.0,24.5,-4.998560818879258,1.433314250248395
2018-04-13 12:00:00,0.92,0.12,0.14,0.91,32.5,57.0,22.9,1000.9,29.2,-9.359244484304625,4.9763985655304435
2018-04-13 13:00:00,0.68,0.13,0.08,0.67,32.5,56.0,22.4,999.9,33.1,-10.397814721786489,-1.4613175600806874
2018-04-13 14:00:00,0.43,0.15,0.12,0.36,33.1,53.0,22.1,998.7,29.5,-11.160878248725057,-1.7677094549546095
2018-04-13 15:00:00,0.59,0.24,0.09,0.53,31.7,57.0,22.2,998.5,30.6,-7.232034065620942,2.9219314286441143
2018-04-13 16:00:00,0.69,0.14,0.07,0.67,29.4,69.0,23.1,998.7,28.1,-10.724614268106201,8.684621396487755
2018-04-13 17:00:00,0.77,0.24,0.21,1.0,28.5,76.0,23.8,999.1,28.4,-10.05471104240922,3.659615533584655
2018-04-13 18:00:00,0.98,0.16,0.2,0.97,27.9,78.0,23.8,999.7,22.3,-5.048424097670399,6.461688179575119
2018-04-13 19:00:00,0.98,0.59,0.29,0.98,26.2,89.0,24.2,1001.0,16.6,7.526037322435934,1.0577155672965002
2018-04-13 20:00:00,1.0,0.73,0.19,1.0,24.9,93.0,23.7,1002.4,19.1,8.63563196385637,-2.1531048708370406
2018-04-13 21:00:00,1.0,1.0,0.15,1.0,24.5,95.0,23.6,1003.4,17.3,2.4853631043215887,1.0549740469210394
2018-04-13 22:00:00,1.0,1.0,0.06,1.0,24.5,93.0,23.4,1004.2,8.6,-0.7263847995832751,1.4256104387013886
2018-04-13 23:00:00,1.0,1.0,0.34,1.0,24.5,92.0,23.1,1004.0,8.3,1.089577199374912,2.138415658052083
2018-04-14 00:00:00,1.0,1.0,0.27,1.0,24.8,90.0,23.0,1003.1,7.9,2.187429987478853,-0.7107390870623785
2018-04-14 01:00:00,1.0,1.0,0.12,1.0,24.6,91.0,23.0,1001.9,14.4,2.5237363199446046,-3.604268994871563
2018-04-14 02:00:00,1.0,1.0,0.15,1.0,24.6,91.0,23.0,1001.4,11.9,1.4493866525741157,-5.4091846272187825
2018-04-14 03:00:00,1.0,0.22,0.11,1.0,24.9,89.0,23.0,1000.5,11.9,1.4205902870109297e-15,-5.8
2018-04-14 04:00:00,1.0,0.18,0.14,1.0,24.9,89.0,23.0,1000.3,11.9,-2.1727182418122895,-5.377666356487367
2018-04-14 05:00:00,1.0,0.11,0.0,1.0,24.5,92.0,23.1,1000.2,10.8,-1.453901549023942,-2.1554976886431088
2018-04-14 06:00:00,1.0,0.08,0.04,0.99,24.8,90.0,23.1,1000.5,9.0,-0.6945927106677213,-3.939231012048832
2018-04-14 07:00:00,0.97,0.02,0.05,0.97,25.9,85.0,23.0,1001.2,11.9,-1.4364846019678086,-3.9467090073008158
2018-04-14 08:00:00,0.78,0.0,0.02,0.78,28.0,75.0,23.0,1002.0,15.5,-1.7489675652259409,-3.9282454678631837
2018-04-14 09:00:00,0.72,0.2,0.02,0.66,30.5,63.0,22.6,1002.5,18.0,-3.9641832724372428,-2.8801477362331185
2018-04-14 10:00:00,0.95,0.51,0.0,0.94,32.5,55.0,22.2,1002.2,23.0,-5.791600382341218,-1.125773072721615
2018-04-14 11:00:00,0.98,0.97,0.01,0.93,33.5,51.0,22.1,1001.7,22.0,-7.190132650232932,-0.3768188849491966
2018-04-14 12:00:00,0.92,0.41,0.14,0.9,31.0,61.0,22.5,1001.0,24.8,-7.9,-4.837354856632045e-16
2018-04-14 13:00:00,0.82,0.27,0.06,0.84,33.0,52.0,21.9,999.4,23.4,-8.30888721782426,4.605691392340201
2018-04-14 14:00:00,0.92,0.1,0.15,0.91,32.5,55.0,22.4,998.5,30.6,-12.977032895167305,3.7211043035294873
2018-04-14 15:00:00,0.98,0.04,0.11,0.97,31.0,60.0,22.4,998.1,32.0,-6.092338390726596,3.2393537832226476
2018-04-14 16:00:00,0.99,0.37,0.07,0.99,30.0,65.0,22.6,998.4,26.6,-11.226682204773436,5.720280296718289
2018-04-14 17:00:00,0.98,0.01,0.04,0.99,31.4,60.0,22.8,997.9,26.6,-6.888619804400326,7.924450592339106
2018-04-14 18:00:00,0.98,0.01,0.06,0.98,29.9,69.0,23.6,998.8,22.0,-4.734408385322035,9.706975700031006
2018-04-14 19:00:00,0.98,0.06,0.11,0.97,29.0,75.0,24.2,999.7,20.5,-4.734408385322035,9.706975700031006
2018-04-14 20:00:00,0.97,0.12,0.15,0.97,28.7,76.0,24.1,1000.7,19.1,-2.510544737494454,9.36948051500396
2018-04-14 21:00:00,0.99,0.1,0.16,0.99,28.2,78.0,24.1,1001.7,17.6,-2.496747046277383,6.8597561317371305
2018-04-14 22:00:00,1.0,0.19,0.1,1.0,27.9,80.0,24.1,1002.7,13.0,-2.542346798541462,4.989636535454859
2018-04-14 23:00:00,1.0,0.34,0.38,1.0,26.1,87.0,23.9,1002.6,10.8,2.8512208774027776,-1.4527695991665492
2018-04-15 00:00:00,0.98,0.24,0.13,0.98,25.6,91.0,24.1,1001.9,11.9,2.9145559532826275,-4.664264528860342
2018-04-15 01:00:00,0.99,0.37,0.2,0.98,25.5,93.0,24.2,1001.3,11.9,3.5996106142446216,-4.289848881466275
2018-04-15 02:00:00,1.0,1.0,0.27,0.97,25.3,94.0,24.2,1000.6,11.5,3.1974091017491038,-1.4235782507652992
2018-04-15 03:00:00,1.0,1.0,0.29,0.9,25.5,92.0,24.1,1000.0,10.1,3.604268994871564,-2.523736319944603
2018-04-15 04:00:00,1.0,1.0,0.16,0.83,25.5,91.0,24.0,1000.1,10.1,2.1449244407331385,-1.7998053071223097
2018-04-15 05:00:00,0.95,0.27,0.06,0.98,25.5,91.0,23.8,1000.0,11.5,-3.6339580726595346,-1.1110124779463997
2018-04-15 06:00:00,0.98,0.27,0.1,0.98,26.2,87.0,23.9,1000.9,10.4,-5.074340152243905,-1.8469087739586119
2018-04-15 07:00:00,0.96,0.37,0.22,0.95,27.5,80.0,23.8,1001.7,14.8,-5.400153994423308,-3.244739871933341
2018-04-15 08:00:00,0.87,0.28,0.21,0.84,28.8,73.0,23.5,1003.1,22.3,-6.153786140176197,0.7555899291119137
2018-04-15 09:00:00,0.91,0.33,0.27,0.89,29.2,70.0,23.2,1003.6,24.8,-9.338333304894505,6.538771374401926
2018-04-15 10:00:00,0.99,0.18,0.13,0.98,28.6,74.0,23.6,1004.2,28.8,-4.314986839553106,4.023790324368741
2018-04-15 11:00:00,1.0,0.02,0.07,0.99,29.4,70.0,23.4,1003.4,28.8,-1.822103540185308,7.892397524760404
2018-04-15 12:00:00,0.98,0.09,0.11,0.98,31.1,63.0,23.2,1001.9,28.1,0.31924933308195574,6.0916401620029
2018-04-15 13:00:00,0.95,0.03,0.35,0.94,32.0,60.0,23.4,1000.4,25.9,0.6883116461770152,4.3458286986186065
2018-04-15 14:00:00,0.95,0.14,0.21,0.94,32.0,58.0,22.9,998.9,24.5,1.0549740469210387,2.485363104321589
2018-04-15 15:00:00,0.92,0.17,0.14,0.9,32.2,56.0,22.5,998.2,19.8,-1.079765060850553,4.6769763109691285
2018-04-15 16:00:00,0.91,0.17,0.2,0.89,31.6,57.0,22.2,998.1,19.1,-2.891410350820626,6.811735915548059
2018-04-15 17:00:00,0.88,0.06,0.13,0.98,31.9,55.0,21.9,998.5,22.0,-4.040515447681967,7.929958065276474
2018-04-15 18:00:00,0.97,0.04,0.08,0.97,30.4,62.0,22.4,998.9,17.3,-4.361704647071826,6.466493065929325
2018-04-15 19:00:00,0.85,0.01,0.03,0.85,28.9,73.0,23.5,999.8,18.7,-6.888619804400326,7.924450592339106
2018-04-15 20:00:00,0.85,0.01,0.01,0.85,27.9,77.0,23.5,1001.0,18.4,-5.0886554215837965,7.544241910250879
2018-04-15 21:00:00,0.82,0.01,0.01,0.82,27.4,81.0,23.8,1002.0,16.2,-4.301823272632845,6.14364033216744
2018-04-15 22:00:00,0.89,0.01,0.02,0.9,27.0,83.0,24.0,1002.5,13.0,-3.6324027044213847,4.64926344627966
2018-04-15 23:00:00,0.92,0.04,0.02,0.91,26.7,85.0,24.0,1002.6,10.8,-1.433314250248396,4.998560818879258
2018-04-16 00:00:00,0.94,0.08,0.02,0.93,26.1,88.0,24.0,1002.2,9.4,1.1110124779463997,3.6339580726595346
2018-04-16 01:00:00,0.95,0.1,0.02,0.94,25.8,90.0,24.0,1001.2,6.5,0.3534210958749272,2.878383839759834
2018-04-16 02:00:00,0.93,0.08,0.02,0.92,25.4,93.0,24.1,1000.0,5.0,-1.4364846019678092,3.9467090073008153
2018-04-16 03:00:00,0.95,0.07,0.01,0.95,25.2,93.0,24.0,999.8,5.4,1.4527695991665495,2.8512208774027776
2018-04-16 04:00:00,0.99,0.06,0.02,0.99,25.2,93.0,24.0,1000.5,6.1,1.8221342821066664,2.5079526825623373
2018-04-16 05:00:00,0.98,0.21,0.05,0.98,25.5,90.0,23.9,1000.8,5.0,1.7937955949114468,3.236092916415765
2018-04-16 06:00:00,0.99,0.13,0.06,0.98,26.6,84.0,23.6,1001.9,7.9,-1.7145055188062944e-16,1.4
2018-04-16 07:00:00,0.97,0.13,0.04,0.96,27.8,79.0,23.8,1002.6,10.8,-0.3449439287832573,3.2819222547153015
2018-04-16 08:00:00,0.87,0.23,0.04,0.86,29.1,72.0,23.5,1003.4,15.8,-1.4364846019678092,3.9467090073008153
2018-04-16 09:00:00,0.87,0.19,0.1,0.84,30.8,63.0,23.0,1003.8,20.9,-2.8512208774027776,1.4527695991665497
2018-04-16 10:00:00,0.83,0.14,0.05,0.82,32.2,56.0,22.4,1003.3,23.4,-3.984778792366982,0.34862297099063294
2018-04-16 11:00:00,0.83,0.12,0.12,0.82,33.7,50.0,22.0,1002.4,26.3,-5.34744757120448,-0.7515347451843536
2018-04-16 12:00:00,0.76,0.04,0.19,0.72,34.3,48.0,21.7,1001.4,26.6,-6.847033205136639,-1.4553818357243162
2018-04-16 13:00:00,0.76,0.01,0.14,0.74,35.3,44.0,21.4,1000.1,24.5,-7.2,-4.4087284769304716e-16
2018-04-16 14:00:00,0.79,0.02,0.2,0.75,35.8,43.0,21.1,998.9,24.8,-9.030970087718508,1.755442757464212
2018-04-16 15:00:00,0.7,0.06,0.15,0.68,35.5,43.0,21.1,998.5,25.2,-10.081199072728628,3.2755801403744416
2018-04-16 16:00:00,0.66,0.15,0.16,0.62,33.2,54.0,22.6,998.6,32.0,-11.10103358965737,8.365228821813472
2018-04-16 17:00:00,0.14,0.01,0.11,0.49,32.5,58.0,23.1,998.7,29.5,-7.8837768032918305,10.462125181619538
2018-04-16 18:00:00,0.64,0.0,0.09,0.61,30.7,67.0,23.9,999.6,26.6,-8.181165083647887,10.10289749894062
2018-04-16 19:00:00,0.17,0.0,0.08,0.11,29.2,73.0,23.9,1000.7,24.1,-7.582869291715807,10.06280742659589
2018-04-16 20:00:00,0.65,0.0,0.06,0.64,28.4,78.0,24.1,1002.0,23.0,-5.0886554215837965,7.544241910250879
2018-04-16 21:00:00,0.23,0.0,0.03,0.21,27.8,82.0,24.5,1002.9,15.8,-3.603450996785794,5.766727053863696
2018-04-16 22:00:00,0.34,0.0,0.03,0.32,27.0,87.0,24.7,1003.6,11.9,1.7998053071223097,2.1449244407331385
2018-04-16 23:00:00,0.77,0.01,0.02,0.76,27.0,87.0,24.5,1003.5,8.6,5.086367523815789,-1.0811407922523493
2018-04-17 00:00:00,0.88,0.21,0.05,0.85,26.8,86.0,24.3,1002.9,9.7,5.377666356487367,-2.1727182418122895
2018-04-17 01:00:00,0.92,0.71,0.29,0.86,26.4,87.0,24.0,1002.4,11.2,-2.2043642384652358e-16,1.8
2018-04-17 02:00:00,1.0,1.0,0.24,0.87,25.1,95.0,24.4,1002.0,22.3,-3.616017032810471,-1.4609657143220567
2018-04-17 03:00:00,0.92,0.28,0.15,0.88,25.0,96.0,24.3,1001.7,9.4,3.429011037612589e-16,-1.4
2018-04-17 04:00:00,0.93,0.52,0.14,0.89,25.0,95.0,24.2,1001.9,7.6,2.8783838397598336,-0.35342109587492826
2018-04-17 05:00:00,0.86,0.22,0.06,0.92,26.0,86.0,23.5,1001.7,10.4,-1.0506577808748212,-3.233592155403522
2018-04-17 06:00:00,0.94,0.23,0.0,0.92,26.5,84.0,23.5,1002.4,8.3,0.34494392878325625,-3.2819222547153015
2018-04-17 07:00:00,0.96,0.15,0.0,0.95,28.5,75.0,23.6,1003.2,12.6,-0.6883116461770159,-4.3458286986186065
2018-04-17 08:00:00,0.97,0.28,0.0,0.96,30.2,67.0,23.4,1004.1,18.7,-5.766727053863696,-3.603450996785793
2018-04-17 09:00:00,0.96,0.22,0.25,0.94,31.4,62.0,23.1,1004.5,23.8,-8.21141261358802,-4.366085533908786
2018-04-17 10:00:00,0.95,0.21,0.13,0.95,32.8,55.0,22.7,1004.2,28.1,-9.389149505214892,-3.985457510590592
2018-04-17 11:00:00,0.94,0.21,0.1,0.92,34.3,48.0,21.8,1003.6,26.6,-8.306962106085987,-2.2258437878816784
2018-04-17 12:00:00,0.29,0.17,0.15,0.11,35.3,42.0,20.5,1002.5,25.2,-7.6,-4.653657836759942e-16
2018-04-17 13:00:00,0.22,0.09,0.21,0.0,36.0,39.0,20.0,1001.3,25.9,-9.329933825428428,1.1455718280083853
2018-04-17 14:00:00,0.19,0.02,0.19,0.0,36.1,38.0,19.6,1000.0,28.4,-11.513535359039336,1.4136843834997095
2018-04-17 15:00:00,0.28,0.05,0.27,0.0,34.8,43.0,20.4,999.3,33.1,-12.269756073814618,8.276054971367051
2018-04-17 16:00:00,0.09,0.0,0.09,0.0,34.3,46.0,20.9,999.0,32.8,-8.272407703894487,7.988571260278469
2018-04-17 17:00:00,0.0,0.0,0.0,0.33,33.5,47.0,20.5,999.4,26.3,-8.668118289673941,6.772276228582241
2018-04-17 18:00:00,0.3,0.0,0.0,0.3,31.2,55.0,21.2,1000.0,22.7,-7.572636146505599,9.69253226936268
2018-04-17 19:00:00,0.3,0.0,0.0,0.3,29.5,63.0,21.5,1001.0,23.8,-6.199999999999999,10.73871500692704
2018-04-17 20:00:00,0.23,0.0,0.0,0.23,28.2,73.0,22.9,1001.8,22.3,-5.799999999999999,10.045894683899489
2018-04-17 21:00:00,0.4,0.0,0.0,0.4,27.5,79.0,23.6,1002.8,20.5,-1.0324674692655245,6.5187430479279085
2018-04-17 22:00:00,0.69,0.01,0.0,0.69,27.0,82.0,23.6,1003.7,11.5,2.8678964048465336,2.4930243101639276
2018-04-17 23:00:00,0.82,0.03,0.01,0.82,26.5,83.0,23.3,1003.8,6.8,3.2,5.878304635907295e-16
2018-04-18 00:00:00,0.77,0.0,0.0,0.77,26.1,83.0,23.0,1003.1,5.8,3.215421213791276,0.7423384793347553
2018-04-18 01:00:00,0.79,0.01,0.0,0.79,25.9,82.0,22.6,1002.6,6.1,3.2360929164157652,1.7937955949114464
2018-04-18 02:00:00,0.73,0.03,0.01,0.72,25.5,85.0,22.8,1001.8,5.8,4.283637201794505,-0.3747696938149289
2018-04-18 03:00:00,0.79,0.08,0.04,0.77,25.6,85.0,22.8,1001.6,5.0,2.138415658052083,-1.089577199374912
2018-04-18 04:00:00,0.51,0.06,0.02,0.47,25.7,84.0,22.8,1001.6,3.6,1.8,3.3065463576978537e-16
2018-04-18 05:00:00,0.39,0.02,0.04,0.7,25.6,87.0,23.2,1001.7,4.0,-2.138415658052083,-1.0895771993749124
2018-04-18 06:00:00,0.67,0.02,0.03,0.66,26.2,83.0,23.1,1002.3,5.8,-2.5079526825623373,-1.8221342821066668
2018-04-18 07:00:00,0.72,0.04,0.01,0.71,28.4,72.0,22.8,1002.9,10.4,-1.414213562373095,-1.4142135623730951
2018-04-18 08:00:00,0.78,0.31,0.04,0.68,30.5,62.0,22.5,1004.0,15.5,-3.633958072659535,1.1110124779463992
2018-04-18 09:00:00,0.82,0.14,0.15,0.79,32.1,55.0,22.0,1004.6,18.4,-3.9357886821272814,2.1816432911085166
2018-04-18 10:00:00,0.86,0.17,0.24,0.82,33.2,51.0,21.6,1004.5,20.2,-5.074340152243906,1.8469087739586112
2018-04-18 11:00:00,0.83,0.19,0.22,0.79,34.2,47.0,21.5,1003.8,22.3,-6.10580806867569,1.076618701534968
2018-04-18 12:00:00,0.87,0.15,0.2,0.85,35.3,43.0,21.0,1002.4,22.3,-6.0916401620029,0.3192493330819574
2018-04-18 13:00:00,0.76,0.03,0.34,0.67,35.8,41.0,20.5,1000.9,23.8,-7.969557584733964,0.6972459419812659
2018-04-18 14:00:00,0.83,0.08,0.32,0.75,35.0,42.0,20.3,999.7,26.3,-9.38914950521489,3.9854575105905923
2018-04-18 15:00:00,0.93,0.16,0.78,0.81,32.7,55.0,22.4,999.1,29.5,-7.572636146505599,9.69253226936268
2018-04-18 16:00:00,0.63,0.05,0.11,0.59,32.9,54.0,22.4,999.0,28.4,-4.694620139043432,12.229903587113343
2018-04-18 17:00:00,0.79,0.07,0.12,0.67,32.7,54.0,22.2,999.0,30.2,-7.206901993571588,11.533454107727392
2018-04-18 18:00:00,0.8,0.01,0.05,0.79,30.7,62.0,22.5,1000.0,28.4,-9.604319015080272,12.292967756264861
2018-04-18 19:00:00,0.96,0.0,0.02,0.96,29.0,68.0,22.6,1000.9,28.8,-6.449999999999999,11.17172770881926
2018-04-18 20:00:00,1.0,0.0,0.01,1.0,28.5,74.0,23.5,1001.9,23.4,-2.782101799396179,11.15840085217396
2018-04-18 21:00:00,1.0,0.0,0.01,1.0,28.0,76.0,23.3,1002.6,21.2,-0.6972459419812655,7.969557584733964
2018-04-18 22:00:00,1.0,0.0,0.0,1.0,27.4,80.0,23.6,1003.1,14.0,-1.0811407922523484,5.08636752381579
2018-04-18 23:00:00,1.0,0.0,0.0,1.0,26.6,85.0,23.9,1003.1,9.0,-2.1631599146222285,3.6001026629488715
2018-04-19 00:00:00,1.0,0.0,0.0,1.0,26.2,88.0,24.0,1002.6,8.3,-1.7489675652259418,3.9282454678631833
2018-04-19 01:00:00,1.0,0.0,0.0,1.0,25.8,90.0,24.0,1001.6,7.6,-1.4499999999999997,2.511473670974872
2018-04-19 02:00:00,1.0,0.0,0.0,1.0,25.6,91.0,24.0,1000.8,7.6,-3.195522749552795,2.8772616073430903
2018-04-19 03:00:00,1.0,0.0,0.0,1.0,25.2,93.0,24.0,1000.6,9.7,-3.613305274337836,4.012982057577928
2018-04-19 04:00:00,0.97,0.0,0.0,0.97,24.8,95.0,24.0,1000.7,9.4,-1.4235782507653014,3.197409101749103
2018-04-19 05:00:00,0.98,0.01,0.0,0.96,25.5,91.0,23.9,1000.3,6.1,-3.2154212137912763,0.7423384793347546
2018-04-19 06:00:00,0.98,0.02,0.0,0.98,26.0,88.0,23.9,1001.1,7.9,-0.34345619167778096,1.766928930205795
2018-04-19 07:00:00,0.97,0.01,0.0,0.97,27.8,78.0,23.6,1001.6,10.8,1.4474368994146265,1.7874357113510326
2018-04-19 08:00:00,0.34,0.01,0.0,0.34,30.1,64.0,22.6,1002.3,13.0,1.7669289302057951,0.3434561916777803
2018-04-19 09:00:00,0.26,0.01,0.0,0.26,33.0,50.0,21.3,1002.0,14.4,0.3631923997916376,-0.7128052193506943
2018-04-19 10:00:00,0.01,0.0,0.0,0.0,35.0,44.0,20.8,1001.7,16.2,-1.0832670416736867,1.4375439180851273
2018-04-19 11:00:00,0.1,0.01,0.1,0.0,36.8,37.0,19.9,1001.1,21.6,-4.312631754255381,3.2498011250210617
2018-04-19 12:00:00,0.11,0.06,0.1,0.0,37.8,34.0,19.1,1000.1,25.9,-6.876644452187053,4.996174644486021
2018-04-19 13:00:00,0.77,0.01,0.42,0.63,37.9,32.0,18.5,998.8,29.5,-9.024581263534408,6.800509761618147
2018-04-19 14:00:00,0.53,0.0,0.31,0.35,35.8,39.0,19.9,997.9,33.1,-11.488041320124253,8.346550582553117
2018-04-19 15:00:00,0.54,0.01,0.15,0.48,35.5,43.0,20.9,997.1,33.1,-6.043441142892003,12.960201354624095
2018-04-19 16:00:00,0.49,0.01,0.19,0.43,34.7,46.0,21.5,996.9,35.3,-8.652639658488914,14.400410651795486
2018-04-19 17:00:00,0.16,0.0,0.11,0.07,32.7,53.0,21.8,997.7,35.6,-10.09494527977841,14.417075979486258
2018-04-19 18:00:00,0.12,0.0,0.09,0.06,31.0,60.0,22.4,998.4,34.9,-7.175182379645791,12.944371665663057
2018-04-19 19:00:00,0.14,0.0,0.05,0.11,30.3,63.0,22.4,999.1,27.0,-3.1449846427956807,12.613844441587954
2018-04-19 20:00:00,0.41,0.0,0.05,0.39,29.4,71.0,23.5,1000.0,24.1,1.170718788597719,11.13864522812466
2018-04-19 21:00:00,0.75,0.0,0.01,0.75,29.0,74.0,23.8,1000.7,20.2,1.4235536318660995,8.987963899415753
2018-04-19 22:00:00,0.04,0.0,0.0,0.04,28.5,76.0,23.8,1001.2,16.6,-1.0237024846032394,8.337387673787106
2018-04-19 23:00:00,0.28,0.0,0.0,0.28,27.9,77.0,23.5,1001.1,15.5,-0.7233926648055631,8.268415994161488
2018-04-20 00:00:00,0.23,0.0,0.0,0.23,27.4,79.0,23.4,1000.3,15.1,2.225843787881679,8.306962106085987
2018-04-20 01:00:00,0.12,0.0,0.0,0.12,27.2,79.0,23.3,999.6,16.9,7.2085048071307245,6.490566881680923
2018-04-20 02:00:00,0.35,0.0,0.0,0.35,27.0,80.0,23.2,999.2,16.9,6.434773322199415,5.3994159213669315
2018-04-20 03:00:00,0.43,0.0,0.0,0.43,26.6,81.0,23.2,998.9,15.1,5.766727053863696,3.603450996785794
2018-04-20 04:00:00,0.35,0.0,0.0,0.35,26.4,83.0,23.2,999.0,11.9,4.649263446279661,3.632402704421383
2018-04-20 05:00:00,0.45,0.0,0.0,0.89,26.4,83.0,23.4,998.9,10.1,0.3763024677635526,3.580278823325784
2018-04-20 06:00:00,0.93,0.0,0.0,0.93,27.0,80.0,23.3,999.8,10.1,1.8364363038995857,4.32637281122647
2018-04-20 07:00:00,0.89,0.0,0.0,0.89,28.9,71.0,23.0,1000.8,13.0,3.1974091017491033,1.4235782507653003
2018-04-20 08:00:00,0.92,0.0,0.0,0.92,31.1,61.0,22.6,1001.7,14.4,2.187429987478853,-0.7107390870623785
2018-04-20 09:00:00,0.92,0.03,0.05,0.92,33.5,51.0,21.9,1001.9,16.6,0.3479327524001647,-2.475670171853926
2018-04-20 10:00:00,0.93,0.02,0.06,0.93,35.6,42.0,20.6,1001.5,16.6,-1.0606601717798212,-1.0606601717798214
2018-04-20 11:00:00,0.94,0.11,0.04,0.93,37.3,34.0,18.9,1001.1,19.4,-3.197409101749103,1.423578250765301
2018-04-20 12:00:00,0.96,0.0,0.11,0.96,38.5,29.0,17.1,1000.1,23.4,-5.0159053651246746,3.644268564213333
2018-04-20 13:00:00,0.97,0.0,0.1,0.97,39.3,26.0,16.0,998.6,23.8,-5.358438019581682,4.658019105832601
2018-04-20 14:00:00,0.98,0.0,0.46,0.97,36.8,34.0,18.4,997.9,43.9,-11.219564121309563,17.276613699675735
2018-04-20 15:00:00,0.96,0.0,0.29,0.95,36.2,37.0,19.2,997.1,44.6,-7.571059701177799,12.600359320321049
2018-04-20 16:00:00,0.87,0.0,0.23,0.84,35.2,43.0,20.6,996.8,36.0,-9.062507694346527,12.942602299766072
2018-04-20 17:00:00,0.87,0.0,0.16,0.55,33.5,47.0,20.8,997.2,34.2,-9.267951356541541,12.298986854728312
2018-04-20 18:00:00,0.66,0.0,0.1,0.62,31.8,55.0,21.6,997.8,30.6,-7.494262791219215,8.323222045346812
2018-04-20 19:00:00,0.66,0.0,0.07,0.64,30.8,62.0,22.5,998.7,20.9,-5.39192644664877,8.302838622659698
2018-04-20 20:00:00,0.12,0.0,0.04,0.08,30.2,65.0,23.0,999.7,18.4,-4.403707847473604,8.642763284627167
2018-04-20 21:00:00,0.2,0.0,0.02,0.19,29.6,69.0,23.4,1000.6,18.0,-4.366085533908784,8.211412613588022
2018-04-20 22:00:00,0.06,0.0,0.02,0.05,28.9,73.0,23.6,1000.7,16.9,-3.211898789229316,6.887939181478539
2018-04-20 23:00:00,0.44,0.0,0.01,0.43,28.4,74.0,23.3,1000.6,13.7,-1.0494494745709972,5.3989495089621515
2018-04-21 00:00:00,0.56,0.0,0.01,0.55,27.7,77.0,23.2,1000.2,9.7,-2.1665340833473734,2.8750878361702545
2018-04-21 01:00:00,0.49,0.0,0.01,0.49,27.0,81.0,23.5,999.3,6.5,-3.580278823325784,0.3763024677635528
2018-04-21 02:00:00,0.51,0.0,0.01,0.51,26.5,86.0,23.9,999.0,10.4,-6.0916401620029,-0.3192493330819582
2018-04-21 03:00:00,0.64,0.0,0.01,0.63,26.0,90.0,24.2,999.0,11.5,-6.10580806867569,-1.0766187015349686
2018-04-21 04:00:00,0.58,0.0,0.01,0.58,25.6,93.0,24.5,999.1,11.2,-4.3109953772862175,-2.9078030980478835
2018-04-21 05:00:00,0.7,0.0,0.0,0.96,25.6,92.0,24.2,999.4,9.0,-3.5748714227020657,-2.8948737988292517
2018-04-21 06:00:00,0.95,0.0,0.0,0.95,26.4,89.0,24.5,999.9,10.4,-3.6339580726595346,-1.1110124779463997
2018-04-21 07:00:00,0.81,0.0,0.0,0.81,28.4,78.0,24.1,1000.7,11.9,-2.499280409439629,0.7166571251241975
2018-04-21 08:00:00,0.73,0.01,0.0,0.72,30.9,63.0,23.1,1001.5,15.5,-2.511473670974872,1.4499999999999995
2018-04-21 09:00:00,0.41,0.04,0.0,0.4,33.5,49.0,21.4,1001.8,19.4,-3.5748714227020666,2.894873798829251
2018-04-21 10:00:00,0.32,0.01,0.12,0.23,35.8,37.0,19.0,1001.4,23.0,-5.388744221607771,3.6347538725598536
2018-04-21 11:00:00,0.21,0.01,0.21,0.0,37.0,34.0,18.5,1000.6,26.3,-7.947845481490627,3.538608794759462
2018-04-21 12:00:00,0.18,0.01,0.18,0.0,37.8,32.0,18.2,999.4,32.8,-11.109430059649181,6.9419423614549824
2018-04-21 13:00:00,0.21,0.02,0.21,0.0,37.7,32.0,18.3,998.1,35.6,-11.113187248834686,8.999281592012673
2018-04-21 14:00:00,0.76,0.0,0.64,0.35,36.0,36.0,18.4,997.3,35.6,-10.824034783963725,10.093575728924977
2018-04-21 15:00:00,0.27,0.0,0.27,0.0,35.7,37.0,18.7,996.6,34.2,-10.132058295902382,12.512049979457233
2018-04-21 16:00:00,0.39,0.0,0.39,0.01,34.8,41.0,19.5,996.8,38.5,-11.184504408545786,13.329173310270214
2018-04-21 17:00:00,0.25,0.0,0.26,0.53,33.2,50.0,21.5,997.2,37.1,-10.168684864659788,13.99599400268659
2018-04-21 18:00:00,0.37,0.0,0.17,0.28,31.2,58.0,22.0,997.9,34.6,-10.050310886639204,13.337213017789791
2018-04-21 19:00:00,0.2,0.0,0.16,0.07,29.9,68.0,23.2,999.2,32.4,-6.58286224622343,12.919594600731333
2018-04-21 20:00:00,0.08,0.0,0.08,0.01,29.4,72.0,23.8,1000.4,26.3,-2.45335795164956,11.542141688658909
2018-04-21 21:00:00,0.3,0.0,0.06,0.26,28.8,75.0,24.0,1001.5,21.2,0.7212463965468092,6.862201078041086
2018-04-21 22:00:00,0.29,0.0,0.01,0.28,28.2,78.0,24.0,1002.0,12.6,-0.35575801609504015,5.087576656325103
2018-04-21 23:00:00,0.01,0.0,0.01,0.0,27.5,81.0,23.9,1001.6,9.4,-1.0811407922523484,5.08636752381579
2018-04-22 00:00:00,0.0,0.0,0.0,0.0,26.9,83.0,23.8,1000.9,10.1,-2.149021206691006,5.062776693988422
2018-04-22 01:00:00,0.0,0.0,0.0,0.0,26.2,86.0,23.8,1000.3,9.7,-1.4609657143220578,3.6160170328104706
2018-04-22 02:00:00,0.0,0.0,0.0,0.0,25.7,89.0,23.7,1000.0,6.8,-1.0506577808748214,3.233592155403522
2018-04-22 03:00:00,0.0,0.0,0.0,0.0,25.6,89.0,23.6,999.3,5.0,-0.7257656867990032,2.9108871788279895
2018-04-22 04:00:00,0.01,0.0,0.0,0.0,25.5,88.0,23.4,999.5,6.8,0.3486229709906318,3.984778792366982
2018-04-22 05:00:00,0.03,0.0,0.01,0.0,25.3,89.0,23.3,999.7,7.2,-1.4214781741247584,4.3748599749577055
2018-04-22 06:00:00,0.14,0.0,0.07,0.08,26.2,83.0,23.2,1000.6,7.2,3.2360929164157652,1.7937955949114464
2018-04-22 07:00:00,0.25,0.0,0.09,0.18,28.6,70.0,22.6,1001.3,15.1,5.421022142882375,1.7613968679372012
2018-04-22 08:00:00,0.34,0.0,0.05,0.31,31.4,56.0,21.5,1002.0,20.2,6.440453362786737,1.8467702839738926
2018-04-22 09:00:00,0.37,0.0,0.03,0.35,33.8,45.0,20.2,1002.2,21.2,4.989636535454859,2.542346798541463
2018-04-22 10:00:00,0.5,0.0,0.02,0.49,36.0,36.0,18.5,1001.5,21.2,2.1976149610516362,4.71280049259058
2018-04-22 11:00:00,0.23,0.0,0.2,0.05,38.2,29.0,16.9,1000.5,22.3,-0.7352419856890856,4.6421352007971475
2018-04-22 12:00:00,0.24,0.0,0.24,0.0,39.0,25.0,15.5,999.6,22.7,-3.2447398719333425,5.400153994423307
2018-04-22 13:00:00,0.34,0.0,0.34,0.0,38.8,24.0,14.6,998.6,31.0,-8.661379172793731,9.288192010563463
2018-04-22 14:00:00,0.72,0.0,0.72,0.0,37.5,29.0,16.6,998.1,36.7,-10.096848195340797,12.923376359150238
2018-04-22 15:00:00,0.34,0.0,0.34,0.0,35.1,42.0,20.1,997.3,39.2,-10.553806428859245,15.07239761491745
2018-04-22 16:00:00,0.29,0.0,0.25,0.07,35.8,39.0,19.5,997.1,38.5,-10.006194217692414,12.356620787165838
2018-04-22 17:00:00,0.32,0.0,0.26,0.48,34.3,42.0,19.5,997.2,35.3,-11.114533927343954,11.50943680541842
2018-04-22 18:00:00,0.54,0.0,0.17,0.44,32.5,49.0,20.4,998.0,32.0,-9.063305296580207,10.801226647977588
2018-04-22 19:00:00,0.47,0.0,0.15,0.38,30.9,62.0,22.8,999.1,27.4,-6.4878929724783445,13.302151885227673
2018-04-22 20:00:00,0.4,0.0,0.12,0.32,30.4,63.0,22.5,1000.4,27.0,-2.222696674136708,12.605539238556263
2018-04-22 21:00:00,0.51,0.0,0.07,0.48,29.8,67.0,23.0,1001.4,23.4,-1.3766232923540327,8.691657397237211
2018-04-22 22:00:00,0.2,0.0,0.04,0.17,28.9,72.0,23.4,1002.0,16.2,-5.728786224524988,6.143371093601032
2018-04-22 23:00:00,0.06,0.0,0.02,0.04,28.0,77.0,23.5,1001.9,15.1,-4.633975678270771,6.149493427364156
2018-04-23 00:00:00,0.23,0.0,0.02,0.21,27.5,78.0,23.3,1001.3,14.4,-3.2447398719333425,5.400153994423307
2018-04-23 01:00:00,0.58,0.0,0.02,0.57,27.0,79.0,23.0,1000.5,11.5,-1.7937955949114477,3.2360929164157644
2018-04-23 02:00:00,0.62,0.0,0.01,0.62,26.3,82.0,23.0,999.8,6.5,-1.801725498392897,2.883363526931848
2018-04-23 03:00:00,0.45,0.0,0.01,0.45,26.0,83.0,22.9,999.6,5.4,-1.4527695991665501,2.851220877402777
2018-04-23 04:00:00,0.01,0.0,0.0,0.0,26.0,83.0,22.9,1000.0,4.0,-1.046162167924669,0.3399186938124421
2018-04-23 05:00:00,0.0,0.0,0.0,0.44,25.5,91.0,24.0,1000.1,4.7,-3.632020578756357,-0.7059932828932162
2018-04-23 06:00:00,0.07,0.0,0.0,0.07,26.2,87.0,23.9,1000.7,10.1,-3.939231012048832,-0.6945927106677217
2018-04-23 07:00:00,0.31,0.0,0.0,0.31,28.4,73.0,23.0,1001.7,12.6,-2.8783838397598336,-0.3534210958749277
2018-04-23 08:00:00,0.14,0.0,0.0,0.14,31.1,57.0,21.8,1002.2,15.1,-2.1449244407331385,-1.7998053071223101
2018-04-23 09:00:00,0.0,0.0,0.0,0.0,33.8,46.0,20.5,1001.9,17.6,-2.5079526825623373,-1.8221342821066668
2018-04-23 10:00:00,0.11,0.0,0.0,0.11,36.1,37.0,19.1,1001.2,19.1,-3.233592155403522,-1.0506577808748212
2018-04-23 11:00:00,0.01,0.01,0.01,0.0,38.0,31.0,17.8,1000.5,22.3,-5.4,-3.3065463576978537e-16
2018-04-23 12:00:00,0.11,0.0,0.11,0.0,39.4,26.0,16.3,999.2,25.2,-7.210124886344506,1.1419715947936848
2018-04-23 13:00:00,0.81,0.0,0.63,0.79,37.8,29.0,16.8,998.1,40.3,-16.900590966388116,7.524627896902305
2018-04-23 14:00:00,0.2,0.0,0.2,0.07,38.5,28.0,17.0,997.0,42.1,-9.381644114564255,10.792346997185641
2018-04-23 15:00:00,0.8,0.0,0.68,0.42,37.0,34.0,18.5,996.7,36.7,-8.60364654526569,12.28728066433488
2018-04-23 16:00:00,0.71,0.0,0.35,0.58,35.5,38.0,19.1,996.5,38.9,-14.334532551735744,13.367167857224969
2018-04-23 17:00:00,0.51,0.0,0.09,0.96,34.3,38.0,18.0,997.1,41.8,-11.218609395737674,12.905533821809403
2018-04-23 18:00:00,0.96,0.0,0.03,0.96,31.7,49.0,19.8,997.9,35.6,-11.184504408545786,13.329173310270214
2018-04-23 19:00:00,0.94,0.0,0.01,0.94,30.1,58.0,21.0,999.3,32.0,-7.26950774511971,10.77748844321554
2018-04-23 20:00:00,0.92,0.0,0.01,0.92,29.8,62.0,21.8,1000.7,23.4,-1.516986800464712,10.793921949283117
2018-04-23 21:00:00,0.52,0.0,0.01,0.52,29.5,61.0,21.3,1001.4,19.4,0.4045875477159266,5.78587149150698
2018-04-23 22:00:00,0.01,0.0,0.01,0.0,29.0,63.0,21.3,1002.0,10.1,0.3486229709906318,3.984778792366982
2018-04-23 23:00:00,0.0,0.0,0.0,0.0,28.1,68.0,21.6,1001.5,7.2,-2.5455844122715714,2.545584412271571
2018-04-24 00:00:00,0.54,0.0,0.0,0.54,27.4,72.0,21.8,1001.0,5.0,-2.511473670974872,1.4499999999999995
2018-04-24 01:00:00,0.02,0.0,0.01,0.01,27.1,74.0,22.1,1000.1,9.0,-4.667902132486009,1.7918397477265013
2018-04-24 02:00:00,0.01,0.0,0.01,0.0,26.4,80.0,22.6,999.4,11.5,-6.1385314081469815,1.4171916423663498
2018-04-24 03:00:00,0.25,0.0,0.01,0.25,25.6,86.0,23.1,999.3,11.2,-2.9108871788279895,0.7257656867990033
2018-04-24 04:00:00,0.23,0.0,0.01,0.23,25.0,90.0,23.4,999.6,5.0,-2.5114736709748717,-1.4500000000000002
2018-04-24 05:00:00,0.54,0.0,0.0,0.0,26.0,83.0,23.0,999.9,6.8,1.7145055188062944e-16,-0.7
2018-04-24 06:00:00,0.0,0.0,0.0,0.0,26.6,80.0,23.0,1000.6,5.0,0.36288284339950183,-1.4554435894139948
2018-04-24 07:00:00,0.27,0.0,0.0,0.27,28.8,70.0,22.6,1001.3,10.1,-0.726950774511971,-1.0777488443215544
2018-04-24 08:00:00,0.31,0.0,0.0,0.31,31.5,55.0,21.5,1002.0,16.9,-2.1631599146222276,-3.600102662948872
2018-04-24 09:00:00,0.57,0.0,0.0,0.57,34.5,39.0,18.7,1002.0,19.4,-3.252691193458118,-3.2526911934581184
2018-04-24 10:00:00,0.8,0.0,0.0,0.8,36.9,28.0,15.3,1001.4,19.8,-3.5640260967534716,-1.8159619989581874
2018-04-24 11:00:00,0.76,0.0,0.0,0.76,38.8,22.0,13.4,1000.7,21.6,-4.276831316104166,-2.1791543987498248
2018-04-24 12:00:00,0.78,0.0,0.01,0.78,40.2,19.0,12.1,999.3,23.4,-5.437846722219899,-2.5357095704441965
2018-04-24 13:00:00,0.87,0.0,0.0,0.87,40.8,17.0,11.2,997.8,24.5,-6.8597561317371305,-2.4967470462773824
2018-04-24 14:00:00,0.89,0.0,0.03,0.89,41.5,17.0,11.1,996.6,27.0,-9.694091022085228,0.3385251180142592
2018-04-24 15:00:00,0.73,0.0,0.34,0.6,38.5,26.0,15.7,996.3,45.7,-15.537739687314865,15.004620801914344
2018-04-24 16:00:00,0.83,0.0,0.27,0.77,36.1,37.0,19.2,996.6,46.8,-17.330354940490455,14.033844720411372
2018-04-24 17:00:00,0.55,0.0,0.04,0.46,34.0,43.0,19.6,997.1,46.1,-13.026168677193724,13.968855700926158
2018-04-24 18:00:00,0.03,0.0,0.02,0.02,31.6,52.0,20.5,997.9,36.7,-9.709673629059509,11.169701787297026
2018-04-24 19:00:00,0.02,0.0,0.02,0.0,30.2,59.0,21.4,999.3,28.8,-5.407899786555571,9.000256657372178
2018-04-24 20:00:00,0.03,0.0,0.03,0.01,29.8,61.0,21.4,1000.7,18.7,-5.265981236333618e-16,4.3
2018-04-24 21:00:00,0.04,0.0,0.03,0.02,29.5,63.0,21.5,1001.2,10.4,-5.7247447850283795,1.42733918403804
2018-04-24 22:00:00,0.04,0.0,0.03,0.02,28.6,67.0,22.0,1001.7,13.0,-7.160557646651568,0.7526049355271056
2018-04-24 23:00:00,0.02,0.0,0.02,0.01,28.0,70.0,22.0,1001.8,12.6,-5.050367150582009,0.7097828148963332
2018-04-25 00:00:00,0.01,0.0,0.01,0.0,27.5,74.0,22.4,1001.1,11.5,-6.49109197590473,0.34018371557913496
2018-04-25 01:00:00,0.01,0.0,0.01,0.0,26.7,81.0,23.1,1000.3,13.0,-6.440453362786736,-1.8467702839738944
2018-04-25 02:00:00,0.0,0.0,0.0,0.0,26.2,87.0,23.9,999.7,11.9,-2.4930243101639276,-2.8678964048465336
2018-04-25 03:00:00,0.02,0.0,0.02,0.0,26.0,90.0,24.2,999.4,7.2,9.797174393178826e-16,-4.0
2018-04-25 04:00:00,0.06,0.04,0.03,0.0,25.8,91.0,24.2,999.6,7.6,1.1110124779464012,-3.633958072659534
2018-04-25 05:00:00,1.0,0.05,0.01,0.76,25.6,92.0,24.2,999.8,6.5,-1.7489675652259409,-3.9282454678631837
2018-04-25 06:00:00,0.81,0.43,0.01,0.7,26.6,90.0,24.9,1000.5,9.0,-1.061158084920335,-3.96029588778518
2018-04-25 07:00:00,0.6,0.43,0.0,0.34,28.5,79.0,24.5,1001.3,15.1,1.0811407922523513,-5.086367523815789
2018-04-25 08:00:00,0.14,0.02,0.0,0.12,31.1,62.0,23.0,1001.8,18.4,-0.35575801609503904,-5.087576656325103
2018-04-25 09:00:00,0.0,0.0,0.0,0.0,34.2,44.0,20.0,1001.6,19.4,-2.523736319944603,-3.604268994871564
2018-04-25 10:00:00,0.12,0.0,0.12,0.0,36.6,33.0,17.9,1001.1,19.4,-3.197409101749103,-1.4235782507653008
2018-04-25 11:00:00,0.12,0.01,0.11,0.01,38.3,27.0,16.2,1000.2,21.2,-4.0,-2.4492935982947064e-16
2018-04-25 12:00:00,0.14,0.0,0.13,0.01,39.5,24.0,15.2,998.7,21.6,-3.96029588778518,1.0611580849203355
2018-04-25 13:00:00,0.26,0.0,0.25,0.08,39.5,23.0,14.4,997.3,32.0,-10.480543022969403,8.188297621831255
2018-04-25 14:00:00,0.45,0.0,0.44,0.1,38.3,26.0,15.4,996.2,38.9,-9.65386886137305,9.002378352824978
2018-04-25 15:00:00,0.53,0.0,0.53,0.02,37.4,30.0,17.0,995.9,35.6,-14.809034404713904,8.549999999999997
2018-04-25 16:00:00,0.53,0.0,0.53,0.04,35.0,41.0,20.0,995.8,41.8,-13.367167857224974,14.334532551735743
2018-04-25 17:00:00,0.38,0.0,0.23,0.0,34.8,37.0,17.8,996.1,39.6,-11.461863112573452,11.869106705587747
2018-04-25 18:00:00,0.25,0.0,0.25,0.0,32.0,52.0,21.0,997.0,33.1,-9.628601983062513,11.890333210291656
2018-04-25 19:00:00,0.19,0.0,0.19,0.0,30.5,62.0,22.3,998.3,28.8,-6.079910225321087,8.683011669463314
2018-04-25 20:00:00,0.17,0.0,0.1,0.08,30.1,64.0,22.6,999.4,19.8,-7.8859391664594325,4.738350289172499
2018-04-25 21:00:00,0.31,0.0,0.14,0.21,29.9,64.0,22.4,1000.0,17.3,-7.971652103870405,4.981241083792125
2018-04-25 22:00:00,0.14,0.0,0.14,0.0,29.5,63.0,21.8,1000.4,17.3,-8.31452281681049,4.995869326627526
2018-04-25 23:00:00,0.07,0.0,0.07,0.0,29.0,64.0,21.6,1000.0,17.3,-7.200205325897744,4.326319829244456
2018-04-26 00:00:00,0.06,0.0,0.06,0.0,28.5,68.0,22.1,999.2,15.1,-5.4091846272187825,1.4493866525741166
2018-04-26 01:00:00,0.06,0.0,0.06,0.0,28.1,74.0,23.0,998.4,10.1,-4.3458286986186065,-0.6883116461770161
2018-04-26 02:00:00,0.05,0.0,0.05,0.0,27.6,81.0,24.0,997.7,9.4,-2.8999999999999995,-5.022947341949744
2018-04-26 03:00:00,0.04,0.01,0.04,0.0,27.3,87.0,25.0,997.8,13.0,-3.5875911898228945,-6.472185832831529
2018-04-26 04:00:00,0.26,0.24,0.03,0.0,27.1,92.0,25.7,998.0,13.3,-4.015035054457322,-5.7340643100229425
2018-04-26 05:00:00,0.74,0.03,0.04,0.0,27.0,92.0,25.5,998.2,14.8,-2.542346798541462,-4.98963653545486
2018-04-26 06:00:00,0.43,0.42,0.03,0.0,27.8,88.0,25.6,999.0,15.1,-5.811263767715345,-5.051654523226906
2018-04-26 07:00:00,0.22,0.2,0.03,0.0,29.1,79.0,25.2,1000.1,16.9,-5.385980316439453,-2.863776532993934
2018-04-26 08:00:00,0.09,0.07,0.03,0.0,31.5,65.0,24.1,1000.9,16.9,-3.616017032810471,-1.4609657143220567
2018-04-26 09:00:00,0.07,0.05,0.02,0.0,34.0,52.0,22.7,1001.1,17.3,-2.8940993221413254,-1.1109406435904312
2018-04-26 10:00:00,0.07,0.06,0.02,0.01,36.2,41.0,20.9,1000.5,18.7,-2.475670171853926,0.3479327524001634
2018-04-26 11:00:00,0.04,0.01,0.04,0.01,38.0,33.0,19.1,999.7,19.8,-2.5079526825623373,1.8221342821066664
2018-04-26 12:00:00,0.11,0.0,0.11,0.01,39.2,29.0,17.8,997.9,22.3,-3.233246532964663,2.180852323535912
2018-04-26 13:00:00,0.48,0.0,0.42,0.22,40.5,23.0,15.4,996.6,32.8,-13.322724469438755,6.21248844758828
2018-04-26 14:00:00,0.83,0.0,0.49,0.68,38.0,29.0,16.7,995.6,46.1,-10.480543022969403,8.188297621831255
2018-04-26 15:00:00,0.78,0.0,0.63,0.58,35.4,38.0,19.1,996.0,39.2,-15.818775214865338,7.715332183487765
2018-04-26 16:00:00,0.61,0.0,0.54,0.23,36.4,33.0,17.4,995.9,37.8,-7.481133923521972,7.224447052773573
2018-04-26 17:00:00,0.46,0.0,0.21,0.07,35.1,42.0,20.4,995.4,28.1,-9.381644114564255,10.792346997185641
2018-04-26 18:00:00,0.18,0.0,0.17,0.05,32.2,50.0,20.5,997.0,33.5,-11.457572449049977,12.286742187202064
2018-04-26 19:00:00,0.14,0.0,0.14,0.01,31.1,53.0,20.5,998.0,31.7,-10.092681082344555,9.411577368862478
2018-04-26 20:00:00,0.08,0.0,0.08,0.03,30.4,56.0,20.5,999.2,25.2,-8.980088637561916,6.52441630044645
2018-04-26 21:00:00,0.1,0.0,0.1,0.0,29.5,67.0,22.8,999.9,20.2,-9.735430472951268,3.933369230867077
2018-04-26 22:00:00,0.1,0.0,0.1,0.0,28.9,80.0,25.1,1000.5,18.7,-9.659258262890683,2.5881904510252083
2018-04-26 23:00:00,0.19,0.0,0.09,0.11,28.5,87.0,26.0,1000.3,18.0,-6.859756131737131,2.4967470462773815
2018-04-27 00:00:00,0.52,0.16,0.06,0.43,28.1,89.0,26.2,999.6,12.6,-2.5,-1.5308084989341916e-16
2018-04-27 01:00:00,0.51,0.17,0.03,0.46,28.1,89.0,26.2,999.0,6.5,-1.7937955949114472,-3.2360929164157644
2018-04-27 02:00:00,0.82,0.38,0.01,0.78,28.1,89.0,26.1,998.3,13.3,-5.020458146424486,-5.020458146424487
2018-04-27 03:00:00,0.82,0.09,0.0,0.81,27.9,89.0,26.0,998.2,14.4,-5.811263767715345,-5.051654523226906
2018-04-27 04:00:00,0.77,0.13,0.0,0.76,27.5,91.0,25.9,998.7,14.0,-5.400153994423308,-3.244739871933341
2018-04-27 05:00:00,0.25,0.14,0.0,0.96,27.8,87.0,25.4,998.9,12.2,-2.891410350820626,-6.811735915548059
2018-04-27 06:00:00,0.95,0.23,0.0,0.93,28.2,85.0,25.5,999.7,16.2,-3.9754388860199636,-7.171881598543044
2018-04-27 07:00:00,0.94,0.14,0.0,0.94,29.5,77.0,25.1,1000.6,19.8,-6.4347733221994154,-5.399415921366931
2018-04-27 08:00:00,0.92,0.17,0.02,0.91,31.6,62.0,23.6,1001.3,22.0,-7.128052193506943,-3.631923997916375
2018-04-27 09:00:00,0.77,0.14,0.04,0.73,34.0,49.0,21.9,1001.1,23.8,-6.145870741395559,-2.116193003971519
2018-04-27 10:00:00,0.43,0.12,0.02,0.36,36.2,39.0,20.0,1000.8,24.5,-5.062776693988422,-2.1490212066910055
2018-04-27 11:00:00,0.3,0.08,0.02,0.24,37.9,33.0,18.8,999.9,24.1,-6.440453362786736,-1.8467702839738944
2018-04-27 12:00:00,0.32,0.0,0.32,0.0,39.5,28.0,17.8,998.7,25.6,-7.571079705497266,-0.6623836448822018
2018-04-27 13:00:00,0.4,0.0,0.4,0.0,38.8,29.0,17.4,997.7,34.9,-13.250188677901912,7.649999999999998
2018-04-27 14:00:00,0.53,0.0,0.46,0.27,36.8,35.0,18.9,997.6,38.2,-6.419067988708341,7.926888806861102
2018-04-27 15:00:00,0.41,0.0,0.24,0.3,35.2,43.0,20.6,996.9,43.2,-14.42497833620557,14.424978336205568
2018-04-27 16:00:00,0.51,0.0,0.3,0.38,35.3,44.0,21.3,997.0,42.8,-11.964631690186048,10.773002762377619
2018-04-27 17:00:00,0.61,0.0,0.3,0.1,33.5,49.0,21.4,998.1,36.4,-10.070757204741115,9.725217186425963
2018-04-27 18:00:00,0.22,0.0,0.2,0.04,31.6,59.0,22.5,998.7,29.9,-10.036959095382876,11.14717238216091
2018-04-27 19:00:00,0.12,0.0,0.11,0.01,30.6,66.0,23.5,999.9,28.4,-7.906287599144436,9.422346650363428
2018-04-27 20:00:00,0.06,0.0,0.06,0.0,30.0,74.0,24.7,1000.9,23.4,-8.579697762932554,7.1992212284892405
2018-04-27 21:00:00,0.05,0.0,0.05,0.0,29.4,77.0,25.0,1002.0,21.6,-7.926888806861104,6.41906798870834
2018-04-27 22:00:00,0.17,0.02,0.13,0.05,29.1,77.0,24.8,1002.5,18.7,-6.069785404556238,6.509047944410617
2018-04-27 23:00:00,0.18,0.0,0.1,0.1,28.8,76.0,24.2,1002.1,16.2,-6.1394530955100715,4.971631089293715
2018-04-28 00:00:00,0.23,0.01,0.07,0.17,28.4,76.0,23.8,1001.3,14.4,-6.1394530955100715,4.971631089293715
2018-04-28 01:00:00,0.79,0.04,0.04,0.78,27.8,78.0,23.7,1000.5,14.0,-1.453901549023942,2.1554976886431083
2018-04-28 02:00:00,0.37,0.12,0.01,0.35,27.5,80.0,23.8,999.9,4.3,1.0777488443215542,-0.7269507745119711
2018-04-28 03:00:00,0.23,0.13,0.05,0.11,27.4,81.0,23.8,999.8,3.2,-1.0815799573111138,-1.800051331474436
2018-04-28 04:00:00,0.2,0.12,0.12,0.08,27.2,82.0,23.9,1000.2,4.3,-1.7937955949114472,-3.2360929164157644
2018-04-28 05:00:00,1.0,0.87,0.28,0.26,25.9,94.0,24.9,1000.6,18.0,-3.2819222547153015,0.3449439287832567
2018-04-28 06:00:00,0.92,0.16,0.16,0.9,26.6,90.0,25.0,1001.7,10.8,1.1,2.0206672185931328e-16
2018-04-28 07:00:00,0.78,0.2,0.15,0.73,27.6,83.0,24.6,1002.4,10.8,0.7117525274902328,1.761649323676896
2018-04-28 08:00:00,0.97,0.23,0.28,0.95,29.0,75.0,24.1,1003.2,18.4,-4.31335136523794,4.313351365237939
2018-04-28 09:00:00,0.96,0.8,0.25,0.94,30.7,68.0,24.2,1003.6,23.8,-3.6149310334513585,6.798696465013738
2018-04-28 10:00:00,0.95,0.16,0.15,0.94,32.5,60.0,23.8,1003.2,23.8,-1.079765060850553,4.6769763109691285
2018-04-28 11:00:00,0.96,0.36,0.29,0.93,34.7,51.0,23.1,1002.5,24.5,-3.9402334420842138,5.043268823083021
2018-04-28 12:00:00,0.89,0.62,0.3,0.72,33.1,54.0,22.4,1001.6,26.6,-9.329933825428427,-1.1455718280083864
2018-04-28 13:00:00,0.73,0.1,0.24,0.67,34.3,48.0,21.6,1000.2,26.3,-1.0777488443215544,-0.7269507745119709
2018-04-28 14:00:00,0.96,0.12,0.31,0.95,36.2,41.0,21.1,998.9,20.2,-3.9858260519352027,2.4906205418960625
2018-04-28 15:00:00,0.99,0.03,0.45,0.99,33.7,53.0,22.7,998.2,31.0,-11.957478155805607,7.471861625688187
2018-04-28 16:00:00,0.98,0.02,0.3,0.98,33.7,50.0,21.8,998.4,33.5,-3.186851581477829,10.423721839997087
2018-04-28 17:00:00,1.0,0.0,0.23,1.0,33.5,50.0,21.5,998.8,32.0,-7.551844692598049,9.32575153748365
2018-04-28 18:00:00,0.97,0.0,0.13,0.97,31.3,60.0,22.7,999.1,29.5,-11.149766905249091,10.767204742114458
2018-04-28 19:00:00,0.94,0.0,0.08,0.93,30.0,64.0,22.5,1000.4,29.5,-8.684621396487756,10.7246142681062
2018-04-28 20:00:00,0.97,0.0,0.06,0.96,29.2,71.0,23.4,1001.1,25.6,-5.3999999999999995,9.353074360871938
2018-04-28 21:00:00,0.95,0.0,0.02,0.94,28.8,75.0,24.0,1002.0,19.8,-4.403707847473604,8.642763284627167
2018-04-28 22:00:00,0.93,0.0,0.0,0.93,28.6,77.0,24.2,1002.6,17.6,-1.767249371950954,8.314254606237348
2018-04-28 23:00:00,0.94,0.0,0.0,0.94,28.2,77.0,23.7,1002.5,15.8,0.35588450245201625,6.790680836331102
2018-04-29 00:00:00,0.97,0.01,0.0,0.97,27.8,78.0,23.6,1001.9,12.2,-7.102951435054649e-16,5.8
2018-04-29 01:00:00,0.97,0.05,0.0,0.97,27.2,81.0,23.8,1001.2,10.8,-0.37668495821827785,5.386845871403051
2018-04-29 02:00:00,0.98,0.06,0.0,0.98,26.9,83.0,23.9,1000.6,10.8,-1.0494494745709972,5.3989495089621515
2018-04-29 03:00:00,0.98,0.03,0.0,0.98,26.5,86.0,23.9,1000.5,10.8,-1.433314250248396,4.998560818879258
2018-04-29 04:00:00,0.99,0.02,0.0,0.99,26.4,86.0,23.9,1000.6,10.1,-4.4087284769304716e-16,3.6
2018-04-29 05:00:00,0.99,0.03,0.0,0.98,26.9,86.0,24.2,1000.8,6.5,-1.1109406435904308,2.8940993221413254
2018-04-29 06:00:00,0.97,0.03,0.0,0.97,27.2,83.0,24.2,1001.2,7.9,-3.9188697572715305e-16,3.2
2018-04-29 07:00:00,0.97,0.02,0.04,0.97,28.9,73.0,23.6,1001.8,14.8,-6.123233995736766e-16,5.0
2018-04-29 08:00:00,0.97,0.01,0.08,0.97,31.2,58.0,22.0,1002.7,18.7,-2.149021206691006,5.062776693988422
2018-04-29 09:00:00,0.95,0.01,0.12,0.95,33.1,49.0,20.8,1002.9,20.2,-3.2498011250210603,4.312631754255382
2018-04-29 10:00:00,0.9,0.04,0.08,0.89,35.0,41.0,19.9,1002.4,23.4,-4.705788684431241,5.046340541172277
2018-04-29 11:00:00,0.77,0.06,0.11,0.74,36.2,37.0,19.2,1001.7,24.5,-5.811263767715346,5.0516545232269054
2018-04-29 12:00:00,0.71,0.0,0.25,0.63,37.7,32.0,18.4,1000.2,25.9,-6.841600689897066,3.949999999999999
2018-04-29 13:00:00,0.48,0.01,0.25,0.35,38.1,32.0,18.3,998.5,27.4,-8.21141261358802,4.366085533908786
2018-04-29 14:00:00,0.27,0.02,0.27,0.01,37.8,32.0,18.5,997.2,29.5,-9.024581263534408,6.800509761618147
2018-04-29 15:00:00,0.57,0.0,0.57,0.0,35.8,40.0,20.0,996.5,30.2,-7.159697488039785,7.951649632608116
2018-04-29 16:00:00,0.27,0.0,0.27,0.0,35.2,44.0,21.1,996.3,35.3,-8.743667859847882,13.992793586581028
2018-04-29 17:00:00,0.16,0.0,0.11,0.0,33.5,51.0,22.0,997.1,35.3,-8.932080174246448,13.754197314304951
2018-04-29 18:00:00,0.07,0.0,0.07,0.0,31.7,56.0,21.8,997.6,34.6,-6.838589889909605,14.021187122267005
2018-04-29 19:00:00,0.48,0.01,0.02,0.47,31.0,61.0,22.6,998.8,28.8,-5.369716250213001,14.75317414633876
2018-04-29 20:00:00,0.65,0.0,0.01,0.65,30.4,63.0,22.6,999.7,29.9,-1.1940336756429173,13.647867363856914
2018-04-29 21:00:00,0.73,0.0,0.01,0.73,29.8,67.0,23.0,1000.4,25.2,1.3771235804781647,11.21577151354694
2018-04-29 22:00:00,0.72,0.0,0.01,0.71,29.5,68.0,23.0,1000.7,21.2,2.2495105434386495,9.743700647852352
2018-04-29 23:00:00,0.7,0.0,0.01,0.7,29.0,70.0,22.9,1000.6,18.4,0.30013567164150773,8.594761112364223
2018-04-30 00:00:00,0.66,0.02,0.01,0.65,28.5,72.0,22.9,999.9,15.5,-0.7526049355271069,7.160557646651568
2018-04-30 01:00:00,0.78,0.04,0.01,0.76,28.0,74.0,22.9,998.8,13.3,0.3768188849491937,7.190132650232932
2018-04-30 02:00:00,0.76,0.04,0.01,0.75,27.7,75.0,22.9,998.3,13.3,0.3401837155791332,6.49109197590473
2018-04-30 03:00:00,0.82,0.04,0.0,0.81,27.4,77.0,23.0,998.0,11.5,-7.470345474798854e-16,6.1
2018-04-30 04:00:00,0.89,0.02,0.0,0.88,27.1,78.0,23.0,998.2,11.5,-7.470345474798854e-16,6.1
2018-04-30 05:00:00,0.98,0.0,0.0,0.84,27.3,78.0,23.1,998.4,11.2,-0.6883116461770163,4.345828698618606
2018-04-30 06:00:00,0.74,0.0,0.0,0.74,27.9,75.0,23.1,999.1,9.7,-4.4087284769304716e-16,3.6
2018-04-30 07:00:00,0.73,0.0,0.0,0.73,29.5,67.0,22.9,1000.1,12.6,2.5114736709748713,1.4500000000000013
2018-04-30 08:00:00,0.76,0.0,0.0,0.76,31.8,58.0,22.4,1000.8,14.0,1.0777488443215542,-0.7269507745119711
2018-04-30 09:00:00,0.72,0.0,0.0,0.72,34.2,47.0,21.5,1001.0,16.2,-1.800051331474436,-1.0815799573111138
2018-04-30 10:00:00,0.0,0.0,0.0,0.0,36.5,39.0,20.5,1000.5,19.4,-3.236092916415765,1.793795594911447
2018-04-30 11:00:00,0.01,0.0,0.01,0.0,38.5,33.0,19.2,999.9,23.8,-5.043268823083022,3.9402334420842133
2018-04-30 12:00:00,0.05,0.0,0.05,0.01,40.2,27.0,17.7,998.2,25.2,-4.981083229470296,4.329989591337347
2018-04-30 13:00:00,0.97,0.0,0.95,0.88,38.8,25.0,15.0,997.4,40.3,-14.095217753389194,11.827292018232324
2018-04-30 14:00:00,0.79,0.0,0.18,0.78,38.8,27.0,16.4,995.9,43.2,-6.466493065929326,4.361704647071824
2018-04-30 15:00:00,0.74,0.0,0.23,0.69,37.7,33.0,18.7,995.4,34.2,-9.381644114564255,10.792346997185641
2018-04-30 16:00:00,0.77,0.0,0.28,0.7,36.7,35.0,18.6,995.3,33.8,-10.348880515953287,12.333315534215545
2018-04-30 17:00:00,0.16,0.0,0.12,0.01,35.6,38.0,19.2,995.6,37.1,-11.184504408545786,13.329173310270214
2018-04-30 18:00:00,0.33,0.0,0.11,0.26,34.1,43.0,19.9,996.3,33.8,-5.040431557511631,11.874512609536481
2018-04-30 19:00:00,0.09,0.0,0.08,0.01,33.0,48.0,20.5,997.5,24.1,-2.58819045102521,9.659258262890681
2018-04-30 20:00:00,0.08,0.0,0.08,0.01,32.0,52.0,21.0,998.6,18.7,-0.30013567164150984,8.594761112364223
2018-04-30 21:00:00,0.07,0.0,0.06,0.01,31.0,59.0,22.1,999.3,15.8,-1.0577155672964964,7.5260373224359345
2018-04-30 22:00:00,0.06,0.0,0.06,0.0,30.2,65.0,22.9,1000.1,14.4,0.7515347451843538,5.34744757120448
2018-04-30 23:00:00,0.04,0.0,0.04,0.01,29.6,69.0,23.2,999.9,10.1,1.7489675652259409,3.9282454678631837
2018-05-01 00:00:00,0.03,0.0,0.03,0.01,29.3,71.0,23.4,999.3,8.6,2.880147736233118,3.9641832724372428
2018-05-01 01:00:00,0.03,0.0,0.03,0.01,29.0,71.0,23.4,998.8,9.0,3.5748714227020644,2.894873798829254
2018-05-01 02:00:00,0.26,0.0,0.01,0.25,28.8,72.0,23.2,998.2,7.9,3.215421213791276,0.7423384793347553
2018-05-01 03:00:00,0.51,0.0,0.01,0.51,28.3,74.0,23.1,997.8,5.4,3.616017032810471,-1.4609657143220567
2018-05-01 04:00:00,0.58,0.0,0.01,0.57,28.3,73.0,23.1,998.1,5.0,-1.4235782507653008,-3.197409101749103
2018-05-01 05:00:00,0.3,0.0,0.0,0.7,28.1,75.0,23.4,998.5,5.0,-3.96029588778518,-1.061158084920335
2018-05-01 06:00:00,0.3,0.0,0.0,0.3,28.8,73.0,23.5,999.3,7.6,-2.1649947956686737,2.4905416147351476
2018-05-01 07:00:00,0.2,0.0,0.0,0.2,30.2,71.0,24.2,1000.2,13.7,-3.632020578756357,0.7059932828932158
2018-05-01 08:00:00,0.31,0.0,0.0,0.31,32.2,60.0,23.4,1000.7,15.5,-2.5,-1.5308084989341916e-16
2018-05-01 09:00:00,0.78,0.0,0.0,0.78,34.5,48.0,22.0,1001.2,17.3,-2.475670171853926,0.3479327524001634
2018-05-01 10:00:00,0.85,0.0,0.03,0.84,36.8,40.0,20.8,1000.5,19.8,-3.236092916415765,1.793795594911447
2018-05-01 11:00:00,0.89,0.0,0.06,0.88,38.7,34.0,20.0,1000.0,21.6,-2.5237363199446023,3.6042689948715645
2018-05-01 12:00:00,0.9,0.01,0.1,0.89,39.7,30.0,19.1,999.0,23.0,-2.8999999999999995,5.022947341949744
2018-05-01 13:00:00,0.92,0.0,0.37,0.89,40.7,26.0,17.8,997.4,23.8,-3.613305274337836,4.012982057577928
2018-05-01 14:00:00,0.93,0.0,0.34,0.91,37.2,35.0,19.3,997.0,48.2,-10.520907522937854,21.57105711118001
2018-05-01 15:00:00,0.94,0.0,0.48,0.9,39.0,29.0,17.5,996.1,50.8,-3.285004714920597,15.454732091594131
2018-05-01 16:00:00,0.88,0.0,0.34,0.86,35.5,40.0,19.9,996.6,42.1,13.230768185212467,14.188261811411907
2018-05-01 17:00:00,0.62,0.0,0.37,0.88,35.5,38.0,19.1,996.6,38.9,7.630837404958149,12.211892584652535
2018-05-01 18:00:00,0.89,0.0,0.19,0.87,34.4,44.0,20.3,996.9,28.8,7.206901993571585,11.533454107727394
2018-05-01 19:00:00,0.25,0.0,0.19,0.11,32.7,53.0,22.0,998.2,28.1,10.037703143554758,11.547056577408414
2018-05-01 20:00:00,0.12,0.0,0.1,0.02,31.9,56.0,21.9,999.0,27.7,8.661379172793728,9.288192010563465
2018-05-01 21:00:00,0.1,0.0,0.1,0.0,31.3,58.0,22.1,999.9,22.7,5.760295472466236,7.9283665448744856
2018-05-01 22:00:00,0.09,0.0,0.09,0.0,30.6,62.0,22.5,1000.6,17.6,5.39941592136693,6.4347733221994154
2018-05-01 23:00:00,0.14,0.0,0.06,0.1,30.0,65.0,22.6,1000.5,15.5,5.734064310022941,4.015035054457325
2018-05-02 00:00:00,0.03,0.0,0.03,0.0,29.6,66.0,22.6,1000.0,12.6,4.664264528860342,2.9145559532826275
2018-05-02 01:00:00,0.01,0.0,0.01,0.0,29.2,67.0,22.6,999.1,9.7,4.664264528860342,2.9145559532826275
2018-05-02 02:00:00,0.03,0.0,0.03,0.0,29.0,68.0,22.5,998.7,10.4,4.669166652447252,3.2693856872009643
2018-05-02 03:00:00,0.09,0.0,0.09,0.0,28.6,70.0,22.5,998.2,10.4,4.3109953772862175,2.907803098047882
2018-05-02 04:00:00,0.04,0.0,0.04,0.0,28.4,70.0,22.5,998.3,9.4,4.3748599749577055,1.4214781741247586
2018-05-02 05:00:00,0.06,0.0,0.12,0.01,28.7,70.0,22.7,998.5,7.9,2.878383839759834,0.35342109587492676
2018-05-02 06:00:00,0.07,0.0,0.07,0.01,29.4,67.0,22.5,999.1,7.9,2.4853631043215887,1.0549740469210394
2018-05-02 07:00:00,0.1,0.0,0.1,0.0,31.2,58.0,21.9,1000.1,9.4,-1.0777488443215544,-0.7269507745119709
2018-05-02 08:00:00,0.06,0.0,0.06,0.0,33.0,51.0,21.6,1000.6,13.7,-1.4256104387013888,0.7263847995832748
2018-05-02 09:00:00,0.02,0.0,0.02,0.0,35.2,43.0,20.8,1000.4,18.4,-2.180852323535913,3.2332465329646625
2018-05-02 10:00:00,0.07,0.0,0.03,0.05,37.3,37.0,20.0,1000.1,19.4,-1.4499999999999997,2.511473670974872
2018-05-02 11:00:00,0.05,0.0,0.03,0.03,38.9,32.0,19.2,999.3,19.8,-3.9188697572715305e-16,3.2
2018-05-02 12:00:00,0.04,0.0,0.04,0.0,40.3,28.0,18.4,998.2,23.4,-2.535709570444197,5.437846722219899
2018-05-02 13:00:00,0.04,0.0,0.04,0.01,41.0,26.0,17.7,996.6,24.5,-3.5748714227020666,2.894873798829251
2018-05-02 14:00:00,0.36,0.0,0.33,0.1,40.1,26.0,17.2,996.0,40.3,-17.276613699675735,11.219564121309562
2018-05-02 15:00:00,0.52,0.0,0.4,0.39,38.2,30.0,17.8,995.7,51.5,2.804892232035207,14.42991959668066
2018-05-02 16:00:00,0.53,0.0,0.34,0.38,35.7,38.0,19.2,996.1,37.4,5.47023579884983,12.887067948334165
2018-05-02 17:00:00,0.49,0.0,0.24,0.42,35.8,36.0,18.2,996.6,30.2,-0.40134421207876314,11.492994510719601
2018-05-02 18:00:00,0.4,0.0,0.15,0.37,34.8,41.0,19.4,996.8,24.8,1.5169868004647142,10.793921949283115
2018-05-02 19:00:00,0.2,0.0,0.11,0.17,33.5,51.0,22.0,998.2,20.5,-1.2736326711132475e-15,10.4
2018-05-02 20:00:00,0.26,0.0,0.17,0.19,32.3,58.0,23.0,998.9,20.9,-0.7533699164365557,10.773691742806102
2018-05-02 21:00:00,0.28,0.0,0.21,0.18,31.7,59.0,22.8,999.8,19.8,2.153104870837041,8.635631963856369
2018-05-02 22:00:00,0.94,0.0,0.33,0.92,31.5,59.0,22.6,1000.6,15.8,2.474317973874391,7.185941174554807
2018-05-02 23:00:00,0.93,0.0,0.27,0.91,30.5,66.0,23.5,1000.5,14.4,3.9597979746446654,3.9597979746446668
2018-05-03 00:00:00,0.83,0.0,0.11,0.81,30.2,68.0,23.6,999.7,11.2,3.9597979746446654,3.9597979746446668
2018-05-03 01:00:00,0.33,0.0,0.06,0.31,29.8,70.0,23.9,999.1,10.1,1.7669289302057951,0.3434561916777803
2018-05-03 02:00:00,0.24,0.0,0.08,0.21,29.4,74.0,24.1,998.5,6.5,-1.079765060850552,-4.676976310969129
2018-05-03 03:00:00,0.27,0.0,0.18,0.15,29.0,80.0,25.2,998.6,15.1,-5.047472639889206,-7.208537989743128
2018-05-03 04:00:00,0.21,0.0,0.15,0.11,28.7,81.0,25.1,998.8,15.5,-3.6149310334513594,-6.798696465013738
2018-05-03 05:00:00,0.28,0.0,0.0,0.97,29.2,70.0,23.2,998.7,14.0,-3.6339580726595346,-1.1110124779463997
2018-05-03 06:00:00,0.98,0.0,0.0,0.98,29.5,70.0,23.5,998.9,9.7,-4.6421352007971475,-0.7352419856890854
2018-05-03 07:00:00,0.91,0.0,0.0,0.91,30.8,66.0,23.6,999.8,16.6,-6.145870741395559,-2.116193003971519
2018-05-03 08:00:00,0.66,0.0,0.01,0.65,32.9,57.0,23.2,1000.5,19.8,-5.043268823083022,-3.9402334420842133
2018-05-03 09:00:00,0.67,0.0,0.02,0.66,35.3,46.0,22.1,1000.5,20.9,-3.9597979746446654,-3.9597979746446663
2018-05-03 10:00:00,0.85,0.05,0.03,0.85,37.2,39.0,20.9,1000.3,20.9,-3.23084408978756,-2.524212048835199
2018-05-03 11:00:00,0.85,0.07,0.13,0.83,39.2,34.0,20.5,999.7,21.6,-4.366330768241984,-1.0886485301985045
2018-05-03 12:00:00,0.85,0.0,0.22,0.82,39.7,33.0,20.2,998.7,23.0,-5.756767679519668,0.7068421917498547
2018-05-03 13:00:00,0.8,0.01,0.3,0.75,37.5,36.0,20.0,997.8,37.4,-19.787938374978097,0.6910100347095189
2018-05-03 14:00:00,0.96,0.03,0.23,0.96,34.5,48.0,21.9,997.5,53.3,-5.78649913761582,11.864081411149003
2018-05-03 15:00:00,0.84,0.08,0.17,0.82,35.0,49.0,22.8,996.9,31.0,-0.3769145643870124,10.793420931806235
2018-05-03 16:00:00,0.93,0.33,0.34,0.89,32.8,51.0,21.4,996.9,27.0,7.562001454627332,2.9027803913169357
2018-05-03 17:00:00,0.93,0.06,0.25,0.8,35.5,44.0,21.2,996.2,20.5,-1.7712114122026887,10.045039080724521
2018-05-03 18:00:00,0.56,0.13,0.17,0.48,33.2,53.0,22.4,997.0,21.6,1.3766232923540305,8.691657397237213
2018-05-03 19:00:00,0.39,0.12,0.16,0.28,32.6,55.0,22.4,998.1,15.1,-2.1920310216782974,2.192031021678297
2018-05-03 20:00:00,0.49,0.09,0.46,0.05,31.6,60.0,22.9,999.2,13.7,-8.337387673787106,-1.023702484603239
2018-05-03 21:00:00,0.42,0.07,0.42,0.0,30.9,67.0,24.0,999.8,19.4,-10.431998923921938,-2.795245687107224
2018-05-03 22:00:00,0.45,0.04,0.45,0.0,30.3,74.0,25.2,1000.1,19.4,-7.889173324561134,0.41345405431925636
2018-05-03 23:00:00,0.33,0.07,0.32,0.0,30.0,78.0,25.6,1000.4,14.0,-1.421478174124758,-4.3748599749577055
2018-05-04 00:00:00,0.35,0.06,0.33,0.0,29.2,81.0,25.6,1000.3,20.5,-1.0720156357961954,-12.253194786528471
2018-05-04 01:00:00,0.26,0.1,0.19,0.08,27.4,85.0,24.7,1000.2,33.5,-1.9233237241248238,-18.299202874776228
2018-05-04 02:00:00,0.4,0.17,0.16,0.3,26.8,81.0,23.2,999.3,33.5,-4.981314498679674,-12.976767928311105
2018-05-04 03:00:00,0.44,0.08,0.17,0.36,27.1,79.0,23.2,999.1,24.8,-3.19739332747719,-11.1506356728845
2018-05-04 04:00:00,0.3,0.22,0.16,0.18,27.4,79.0,23.5,999.2,22.3,-2.515731458894888,-11.835585968879048
2018-05-04 05:00:00,0.27,0.18,0.21,0.07,27.6,73.0,22.4,1000.0,21.2,-1.4624321208617697,-11.910553819695863
2018-05-04 06:00:00,0.22,0.18,0.17,0.06,28.1,72.0,22.5,1000.1,21.2,-5.760295472466237,-7.9283665448744856
2018-05-04 07:00:00,0.31,0.21,0.16,0.16,29.0,72.0,23.5,1000.5,24.1,-9.338333304894507,-6.538771374401925
2018-05-04 08:00:00,0.38,0.25,0.17,0.19,30.5,66.0,23.6,1001.6,27.7,-11.215771513546938,-1.3771235804781667
2018-05-04 09:00:00,0.53,0.09,0.18,0.47,32.0,60.0,23.4,1001.7,26.6,-10.100734301164017,1.4195656297926664
2018-05-04 10:00:00,0.54,0.13,0.22,0.43,33.8,53.0,22.7,1001.3,26.3,-7.6000865053248345,1.7546182238821473
2018-05-04 11:00:00,0.24,0.12,0.2,0.07,34.7,49.0,22.4,1000.8,24.5,-7.5620014546273335,2.902780391316932
2018-05-04 12:00:00,0.25,0.13,0.23,0.03,36.4,44.0,22.4,999.6,27.4,-9.02104915954472,3.2833933759264196
2018-05-04 13:00:00,0.38,0.31,0.25,0.02,36.7,44.0,22.5,998.5,31.3,-10.78117894267925,5.4932850468485155
2018-05-04 14:00:00,0.51,0.15,0.35,0.34,34.7,45.0,20.9,997.6,38.5,-16.926594180545727,5.174979173592439
2018-05-04 15:00:00,0.23,0.02,0.19,0.14,34.8,46.0,21.5,997.0,39.6,-8.980256121069154,8.980256121069152
2018-05-04 16:00:00,0.5,0.05,0.15,0.45,32.3,59.0,23.4,997.7,32.0,-10.045894683899489,5.799999999999998
2018-05-04 17:00:00,0.55,0.03,0.2,0.53,32.8,53.0,22.0,998.0,27.0,-7.149742845404133,5.789747597658502
2018-05-04 18:00:00,0.56,0.0,0.17,0.48,31.8,60.0,23.0,998.6,24.5,-9.660882731206126,8.698697882665158
2018-05-04 19:00:00,0.57,0.07,0.16,0.49,30.6,66.0,23.5,999.8,26.3,-8.666136333389494,11.500351344681018
2018-05-04 20:00:00,0.46,0.09,0.16,0.35,29.4,75.0,24.4,1001.0,27.4,-8.273149339882606,8.273149339882604
2018-05-04 21:00:00,0.57,0.06,0.13,0.52,29.2,78.0,25.0,1001.7,21.6,-6.156001578501497,6.836932394392025
2018-05-04 22:00:00,0.71,0.2,0.14,0.66,28.8,79.0,24.9,1002.5,16.9,-1.822134282106667,2.507952682562337
2018-05-04 23:00:00,0.45,0.08,0.17,0.41,28.1,81.0,24.5,1002.0,8.6,3.632020578756357,0.7059932828932151
2018-05-05 00:00:00,0.78,0.13,0.23,0.73,27.2,88.0,25.1,1001.4,7.9,-1.7937955949114472,-3.2360929164157644
2018-05-05 01:00:00,1.0,1.0,0.42,0.72,25.6,97.0,25.1,1001.0,18.0,-4.716281451675524,-7.547628055792192
2018-05-05 02:00:00,0.92,0.22,0.23,0.89,25.6,95.0,24.7,1000.4,22.0,-0.721246396546809,-6.862201078041086
2018-05-05 03:00:00,0.86,0.04,0.14,0.84,25.7,94.0,24.6,999.8,14.8,-4.6806636903626915,-4.36478950439999
2018-05-05 04:00:00,0.97,0.03,0.16,0.96,25.6,94.0,24.6,1000.1,13.0,-4.3109953772862175,-2.9078030980478835
2018-05-05 05:00:00,0.99,0.77,0.17,0.98,27.5,82.0,24.2,1000.6,10.4,-4.98963653545486,-2.542346798541462
2018-05-05 06:00:00,0.97,0.56,0.13,0.94,27.8,81.0,24.3,1001.1,15.5,-7.185941174554807,-2.474317973874391
2018-05-05 07:00:00,0.87,0.28,0.27,0.82,28.2,79.0,24.2,1002.0,17.6,-7.190132650232932,-0.3768188849491966
2018-05-05 08:00:00,0.87,0.23,0.27,0.84,29.6,72.0,24.1,1002.8,20.9,-6.88793918147854,3.211898789229315
2018-05-05 09:00:00,0.96,0.13,0.45,0.94,30.9,67.0,24.0,1002.9,21.2,-6.149493427364154,4.633975678270772
2018-05-05 10:00:00,0.92,0.16,0.51,0.85,31.6,62.0,23.4,1002.7,27.4,-6.095202647831141,9.036509540849954
2018-05-05 11:00:00,0.98,0.04,0.59,0.95,32.4,56.0,22.5,1002.0,27.7,-4.7383502891725,7.885939166459432
2018-05-05 12:00:00,0.97,0.05,0.57,0.95,32.9,52.0,21.9,1001.4,25.2,-2.891410350820626,6.811735915548059
2018-05-05 13:00:00,0.98,0.03,0.52,0.97,33.5,49.0,21.4,1000.0,22.3,-4.981083229470296,4.329989591337347
2018-05-05 14:00:00,0.97,0.06,0.51,0.96,35.0,44.0,21.1,999.2,23.0,-5.020458146424487,5.020458146424486
2018-05-05 15:00:00,0.99,0.15,0.78,0.98,29.9,63.0,22.1,999.8,36.0,-7.5362422956764785,14.790708301526907
2018-05-05 16:00:00,0.97,0.06,0.65,0.97,30.8,59.0,22.0,999.6,34.2,0.40134421207876037,11.492994510719601
2018-05-05 17:00:00,1.0,0.0,0.18,0.99,33.5,43.0,19.0,999.1,25.2,-3.631923997916375,7.128052193506942
2018-05-05 18:00:00,1.0,0.0,0.32,1.0,32.2,48.0,20.0,1000.1,18.0,-7.208504807130724,6.490566881680924
2018-05-05 19:00:00,1.0,0.0,0.4,1.0,30.5,66.0,23.5,1001.1,29.2,-10.371524398562306,11.518744794899607
2018-05-05 20:00:00,1.0,0.0,0.45,1.0,29.8,70.0,23.8,1002.2,29.5,-9.377888001196462,9.711087304571793
2018-05-05 21:00:00,1.0,0.0,0.08,1.0,29.3,73.0,24.0,1003.1,25.6,-6.399486987251651,11.544980134240022
2018-05-05 22:00:00,1.0,0.06,0.02,1.0,29.1,73.0,23.7,1003.6,24.1,-2.4969567032169038,10.815507719116109
2018-05-05 23:00:00,0.99,0.08,0.01,0.99,28.8,74.0,23.8,1003.2,20.2,-0.3140954703225103,8.994517443171862
2018-05-06 00:00:00,0.97,0.0,0.0,0.97,28.6,76.0,23.9,1002.3,16.6,-1.3891854213354422,7.878462024097664
2018-05-06 01:00:00,0.96,0.0,0.0,0.96,28.1,78.0,23.9,1001.5,14.8,-3.211898789229316,6.887939181478539
2018-05-06 02:00:00,0.81,0.0,0.0,0.81,27.7,80.0,23.9,1000.8,14.0,-2.5085756468171017,6.535062985480412
2018-05-06 03:00:00,0.69,0.0,0.0,0.69,27.3,81.0,23.8,1000.4,12.6,-2.490620541896064,3.9858260519352022
2018-05-06 04:00:00,0.91,0.0,0.0,0.91,27.0,83.0,23.8,1000.4,10.4,-4.289848881466277,3.5996106142446203
2018-05-06 05:00:00,0.93,0.0,0.0,0.97,26.8,84.0,24.0,1001.0,11.2,-4.71280049259058,2.1976149610516367
2018-05-06 06:00:00,0.95,0.0,0.0,0.95,27.3,82.0,23.9,1001.6,11.2,-4.664264528860343,2.914555953282626
2018-05-06 07:00:00,0.93,0.0,0.0,0.93,28.8,74.0,23.8,1002.1,17.6,-4.658019105832602,5.358438019581681
2018-05-06 08:00:00,0.93,0.01,0.04,0.92,31.0,62.0,23.0,1002.9,22.7,-2.8729692039356185,7.893418014601631
2018-05-06 09:00:00,0.97,0.07,0.14,0.96,33.0,50.0,21.3,1003.3,23.8,-1.4692292643993963,7.558529312547012
2018-05-06 10:00:00,0.95,0.05,0.16,0.95,34.5,45.0,20.8,1003.1,25.9,-1.829622879196282,8.607698886457491
2018-05-06 11:00:00,0.98,0.07,0.23,0.97,35.2,43.0,20.9,1002.4,28.1,-4.600821315301729,8.652886410017485
2018-05-06 12:00:00,0.96,0.16,0.4,0.94,30.9,61.0,22.5,1002.2,40.0,-5.50671692321391,13.629602662131774
2018-05-06 13:00:00,0.88,0.32,0.12,0.85,32.2,57.0,22.5,1000.9,34.6,-5.040431557511631,11.874512609536481
2018-05-06 14:00:00,0.81,0.3,0.09,0.78,31.2,62.0,23.0,1000.2,32.0,-0.7536377698983908,14.380265300465863
2018-05-06 15:00:00,0.76,0.12,0.12,0.74,32.3,57.0,22.7,999.6,31.3,1.0720156357961927,12.253194786528471
2018-05-06 16:00:00,0.78,0.04,0.44,0.74,31.7,59.0,22.6,999.6,29.2,2.17522254729261,11.19054989130337
2018-05-06 17:00:00,0.88,0.09,0.21,0.92,32.0,57.0,22.4,1000.4,26.3,-2.2246550917500247,10.46617932785172
2018-05-06 18:00:00,0.95,0.11,0.65,0.95,31.4,57.0,21.9,1000.7,22.0,0.2896658226307575,8.294943864258496
2018-05-06 19:00:00,0.97,0.12,0.85,0.96,30.6,60.0,22.0,1001.9,15.5,4.3149868395531055,4.023790324368742
2018-05-06 20:00:00,0.98,0.15,0.94,0.93,30.1,63.0,22.4,1002.9,13.0,5.734064310022941,4.015035054457325
2018-05-06 21:00:00,0.99,0.13,0.94,0.94,29.4,68.0,22.9,1003.5,13.3,4.649263446279661,3.632402704421383
2018-05-06 22:00:00,1.0,0.04,1.0,0.96,28.6,74.0,23.4,1003.6,11.5,2.542346798541461,4.98963653545486
2018-05-06 23:00:00,1.0,0.0,0.99,0.97,28.1,77.0,23.7,1003.3,13.0,2.116193003971519,6.145870741395559
2018-05-07 00:00:00,1.0,0.0,0.99,0.96,27.8,79.0,23.8,1002.4,13.7,1.8376152202278975,6.858073366652385
2018-05-07 01:00:00,1.0,0.0,0.99,0.97,27.5,80.0,23.8,1001.5,14.8,2.192787785420526,7.172285669722766
2018-05-07 02:00:00,0.99,0.0,0.98,0.96,27.4,82.0,24.0,1001.2,14.8,3.2118987892293145,6.88793918147854
2018-05-07 03:00:00,1.0,0.0,0.97,0.96,27.4,81.0,23.9,1000.7,14.8,3.9758649556096977,6.122295146001595
2018-05-07 04:00:00,0.98,0.0,0.88,0.95,27.4,80.0,23.6,1000.4,13.7,0.7212463965468092,6.862201078041086
2018-05-07 05:00:00,0.98,0.0,0.61,0.55,27.4,81.0,23.8,1000.4,15.1,-0.34018371557913474,6.49109197590473
2018-05-07 06:00:00,0.85,0.0,0.72,0.58,27.8,79.0,23.9,1000.8,15.5,2.177535110954292,7.59396739791272
2018-05-07 07:00:00,0.95,0.0,0.93,0.52,28.8,73.0,23.5,1001.8,19.1,4.361704647071824,6.466493065929326
2018-05-07 08:00:00,0.97,0.0,0.95,0.46,30.0,66.0,23.0,1002.7,19.1,1.7640790772287938,6.1520748540052415
2018-05-07 09:00:00,0.91,0.0,0.85,0.56,31.7,58.0,22.4,1002.8,19.4,1.4846769586695088,6.430842427582553
2018-05-07 10:00:00,0.95,0.01,0.02,0.95,33.1,52.0,22.0,1002.3,20.2,-7.102951435054649e-16,5.8
2018-05-07 11:00:00,0.97,0.01,0.04,0.97,34.8,46.0,21.6,1001.2,22.0,-0.40458754771592803,5.78587149150698
2018-05-07 12:00:00,0.99,0.05,0.05,0.99,35.8,42.0,21.1,1000.0,23.0,-2.224922359499622,6.8476069173251055
2018-05-07 13:00:00,0.98,0.07,0.19,0.98,35.8,43.0,21.2,999.1,32.4,-3.4867413423299105,15.102736004171145
2018-05-07 14:00:00,1.0,0.04,0.04,1.0,31.0,64.0,23.4,999.1,40.0,5.287576359985403,11.876090949353811
2018-05-07 15:00:00,0.99,0.01,0.05,0.99,30.8,64.0,23.2,998.2,30.2,4.366085533908786,8.21141261358802
2018-05-07 16:00:00,1.0,0.0,0.05,1.0,31.7,59.0,22.7,997.8,24.5,4.403707847473602,8.642763284627168
2018-05-07 17:00:00,0.99,0.09,0.17,1.0,33.4,48.0,20.9,998.1,23.0,-5.407899786555571,9.000256657372178
2018-05-07 18:00:00,0.98,0.16,0.18,0.98,32.1,54.0,21.5,999.0,20.5,-2.4724035165450204,6.119413440140796
2018-05-07 19:00:00,1.0,0.16,0.14,1.0,31.5,55.0,21.5,1000.0,12.6,0.3278554265973888,4.688551036221174
2018-05-07 20:00:00,1.0,0.01,0.17,1.0,31.1,57.0,21.6,1000.6,16.2,2.0920448053979444,9.06164160250269
2018-05-07 21:00:00,1.0,0.0,0.15,1.0,30.2,63.0,22.3,1001.0,19.8,3.275580140374441,10.081199072728628
2018-05-07 22:00:00,1.0,0.0,0.09,1.0,29.4,67.0,22.7,1000.9,19.8,4.366085533908786,8.21141261358802
2018-05-07 23:00:00,0.99,0.02,0.12,0.99,28.9,71.0,23.0,1000.4,16.9,2.8120546488120204,8.654614298285898
2018-05-08 00:00:00,0.96,0.05,0.16,0.96,28.5,73.0,23.2,999.8,17.3,1.8126854560771748,9.325458242752807
2018-05-08 01:00:00,0.97,0.08,0.16,0.96,28.3,74.0,23.1,999.2,19.8,5.8199302464836125,9.68599049793387
2018-05-08 02:00:00,0.95,0.06,0.15,0.94,28.1,74.0,23.0,998.7,21.2,7.584893794301164,9.03932442880394
2018-05-08 03:00:00,0.73,0.05,0.13,0.7,27.9,75.0,23.0,998.5,20.9,7.566042558696057,7.56604255869606
2018-05-08 04:00:00,0.98,0.04,0.09,0.98,27.5,77.0,23.0,998.8,18.7,6.419067988708343,7.926888806861101
2018-05-08 05:00:00,0.98,0.0,0.01,0.97,27.5,78.0,23.2,998.8,18.0,-1.4214781741247584,4.3748599749577055
2018-05-08 06:00:00,0.97,0.02,0.03,0.97,28.0,75.0,23.1,999.5,14.4,1.8376152202278975,6.858073366652385
2018-05-08 07:00:00,0.96,0.01,0.03,0.96,29.2,68.0,22.8,1000.2,14.8,3.5748714227020644,2.894873798829254
2018-05-08 08:00:00,0.89,0.0,0.03,0.89,31.2,59.0,22.3,1001.1,14.0,2.1554976886431083,-1.4539015490239422
2018-05-08 09:00:00,0.85,0.0,0.03,0.85,33.2,52.0,22.0,1001.2,14.8,-1.437543918085127,-1.083267041673687
2018-05-08 10:00:00,0.85,0.04,0.06,0.85,34.5,48.0,22.0,1000.8,17.6,-2.9108871788279895,0.7257656867990033
2018-05-08 11:00:00,0.91,0.04,0.08,0.91,36.0,44.0,22.0,1000.0,19.8,-0.37630246776355347,3.580278823325784
2018-05-08 12:00:00,1.0,0.25,0.23,1.0,31.9,62.0,23.8,1000.1,38.9,-7.1894527642026365,16.937289303524903
2018-05-08 13:00:00,1.0,0.08,0.06,1.0,33.0,57.0,23.2,998.7,40.7,-1.4586446924022143,8.272385125302547
2018-05-08 14:00:00,1.0,0.0,0.07,1.0,33.5,53.0,22.7,997.3,27.7,1.8296228791962839,8.60769888645749
2018-05-08 15:00:00,1.0,0.24,0.47,1.0,34.0,51.0,22.4,996.7,25.9,2.5159877142365423,10.091075553270363
2018-05-08 16:00:00,1.0,0.11,0.58,1.0,32.0,58.0,22.6,997.0,29.2,3.6493485359455433,13.619554150675864
2018-05-08 17:00:00,1.0,0.0,0.09,0.98,33.4,48.0,20.9,996.5,28.4,2.904759747124505,8.939931253174445
2018-05-08 18:00:00,0.98,0.07,0.09,0.98,32.0,54.0,21.5,997.4,19.1,2.8652427062828205,9.371786608437748
2018-05-08 19:00:00,0.97,0.14,0.25,0.96,29.9,64.0,22.2,998.5,23.8,5.085105302753298,10.426010937070336
2018-05-08 20:00:00,0.93,0.16,0.15,0.92,29.0,67.0,22.3,998.8,21.2,-0.40458754771592803,5.78587149150698
2018-05-08 21:00:00,0.89,0.2,0.33,0.86,28.9,68.0,22.5,1000.0,14.0,-1.433314250248396,4.998560818879258
2018-05-08 22:00:00,0.92,0.09,0.37,0.88,28.5,71.0,22.9,1000.6,13.0,0.7059932828932153,-3.632020578756357
2018-05-08 23:00:00,0.94,0.03,0.17,0.93,27.4,77.0,23.0,1000.4,19.1,-1.7677094549546088,-11.160878248725057
2018-05-09 00:00:00,0.98,0.0,0.31,0.98,25.8,87.0,23.5,999.8,24.1,-3.93323164824519,-10.806465139037947
2018-05-09 01:00:00,0.98,0.02,0.16,0.97,25.4,91.0,23.7,998.9,21.2,-2.4967470462773815,-6.859756131737131
2018-05-09 02:00:00,0.98,0.07,0.31,0.98,25.1,92.0,23.7,998.9,15.1,-1.4142135623730951,1.414213562373095
2018-05-09 03:00:00,0.99,0.01,0.16,0.98,24.8,94.0,23.9,998.7,13.0,1.0811407922523495,5.086367523815789
2018-05-09 04:00:00,0.98,0.0,0.08,0.98,24.7,95.0,23.9,998.3,11.2,-0.3449439287832573,3.2819222547153015
2018-05-09 05:00:00,1.0,0.01,0.12,1.0,24.9,94.0,23.9,998.8,10.1,-1.0895771993749124,2.138415658052083
2018-05-09 06:00:00,1.0,0.07,0.2,1.0,25.4,93.0,24.2,999.7,11.9,-0.7212463965468108,6.862201078041086
2018-05-09 07:00:00,1.0,0.43,0.16,1.0,26.1,88.0,24.0,1000.6,17.6,-0.3192493330819572,6.0916401620029
2018-05-09 08:00:00,1.0,0.81,0.15,1.0,27.5,80.0,23.8,1001.4,15.5,2.851220877402777,1.4527695991665504
2018-05-09 09:00:00,1.0,0.48,0.15,1.0,29.5,70.0,23.4,1001.3,13.7,1.0815799573111144,-1.8000513314744355
2018-05-09 10:00:00,1.0,0.29,0.0,1.0,31.0,61.0,22.8,1001.2,13.3,-0.7128052193506944,-0.36319239979163753
2018-05-09 11:00:00,1.0,0.65,0.04,1.0,32.2,56.0,22.4,1000.7,15.8,-2.867896404846534,2.493024310163927
2018-05-09 12:00:00,0.99,0.27,0.14,0.99,33.3,53.0,22.5,999.7,22.0,-3.2447398719333425,5.400153994423307
2018-05-09 13:00:00,0.98,0.29,0.1,0.98,33.9,51.0,22.5,998.8,28.1,-3.1973933274771906,11.1506356728845
2018-05-09 14:00:00,0.98,0.19,0.4,0.97,32.0,56.0,22.1,998.3,28.4,2.1976149610516362,4.71280049259058
2018-05-09 15:00:00,0.99,0.14,0.45,0.99,31.5,57.0,22.0,997.8,23.0,-1.8406706832694608,10.438962181929405
2018-05-09 16:00:00,1.0,0.07,0.71,1.0,31.4,59.0,22.4,998.2,25.9,-6.143371093601033,5.7287862245249865
2018-05-09 17:00:00,0.99,0.14,0.11,1.0,31.4,59.0,22.2,998.6,18.7,-7.571208959833806,10.812806984614692
2018-05-09 18:00:00,0.99,0.17,0.07,0.99,30.3,65.0,23.0,999.4,25.9,-8.34655058255312,11.488041320124251
2018-05-09 19:00:00,0.96,0.1,0.18,0.96,29.1,74.0,24.1,1000.4,31.0,-7.2768092231813055,13.685687689313369
2018-05-09 20:00:00,0.98,0.47,0.31,0.97,27.0,85.0,24.3,1002.1,29.2,-2.141490415422921,10.0749202875582
2018-05-09 21:00:00,1.0,0.33,0.16,1.0,26.9,88.0,24.8,1002.6,18.0,4.6580191058326,5.358438019581682
2018-05-09 22:00:00,1.0,0.29,0.0,1.0,26.1,91.0,24.6,1003.0,16.6,8.32056346527399,-2.8649997592229757
2018-05-09 23:00:00,1.0,0.01,0.0,1.0,25.4,89.0,23.5,1002.0,16.2,4.658019105832603,-5.35843801958168
2018-05-10 00:00:00,1.0,0.03,0.0,1.0,24.9,89.0,23.0,1001.5,14.4,0.3763024677635523,-3.580278823325784
2018-05-10 01:00:00,1.0,0.01,0.0,1.0,24.8,89.0,23.0,1000.8,8.3,-1.0606601717798212,-1.0606601717798214
2018-05-10 02:00:00,0.95,0.0,0.0,0.95,24.6,91.0,23.0,1000.5,5.0,-1.1,-6.735557395310444e-17
2018-05-10 03:00:00,0.28,0.05,0.01,0.25,24.5,93.0,23.2,1000.5,10.1,-1.4493866525741177,5.409184627218782
2018-05-10 04:00:00,0.62,0.13,0.02,0.57,24.8,92.0,23.4,1000.6,12.6,2.1727182418122895,5.377666356487367
2018-05-10 05:00:00,0.71,0.05,0.01,0.99,25.6,91.0,24.1,1000.7,9.4,-3.9467090073008158,1.4364846019678086
2018-05-10 06:00:00,0.99,0.02,0.01,0.99,26.1,89.0,24.0,1001.0,9.0,-2.475670171853926,-0.34793275240016364
2018-05-10 07:00:00,0.97,0.01,0.0,0.97,27.1,82.0,23.8,1001.8,8.6,-1.0606601717798212,-1.0606601717798214
2018-05-10 08:00:00,0.97,0.01,0.0,0.97,29.0,72.0,23.5,1003.1,13.0,-2.485363104321589,-1.0549740469210391
2018-05-10 09:00:00,0.96,0.01,0.0,0.96,30.5,66.0,23.4,1003.5,13.3,-1.4554435894139948,0.36288284339950166
2018-05-10 10:00:00,0.9,0.08,0.02,0.89,32.0,60.0,23.1,1003.1,18.4,-1.801725498392897,2.883363526931848
2018-05-10 11:00:00,0.82,0.12,0.04,0.82,33.3,54.0,22.9,1002.2,21.2,-0.7515347451843528,5.34744757120448
2018-05-10 12:00:00,0.76,0.1,0.05,0.75,35.2,49.0,22.9,1000.8,22.7,-2.149021206691006,5.062776693988422
2018-05-10 13:00:00,0.96,0.2,0.02,0.96,30.9,66.0,23.8,1000.1,37.1,-10.419875556884957,10.790097005079769
2018-05-10 14:00:00,0.96,0.35,0.14,0.95,31.5,63.0,23.5,999.2,34.2,-1.8126854560771772,9.325458242752807
2018-05-10 15:00:00,0.96,0.31,0.21,0.95,32.5,60.0,23.6,998.6,24.8,0.32805526900350845,9.394273773979501
2018-05-10 16:00:00,0.97,0.84,0.2,0.95,29.3,73.0,24.0,999.6,26.3,-0.7045403848156677,10.075396907624224
2018-05-10 17:00:00,0.98,0.03,0.04,1.0,28.4,73.0,23.0,1000.9,22.7,1.7546182238821468,7.6000865053248345
2018-05-10 18:00:00,0.99,0.02,0.05,0.99,28.2,73.0,23.0,1001.1,16.6,2.905539198333099,5.702441754805555
2018-05-10 19:00:00,0.96,0.05,0.03,0.96,28.0,75.0,23.0,1001.7,13.3,2.4906205418960625,3.9858260519352027
2018-05-10 20:00:00,0.98,0.0,0.01,0.98,27.7,77.0,23.2,1002.3,9.0,0.3441558230885076,2.1729143493093033
2018-05-10 21:00:00,0.99,0.08,0.01,0.99,27.4,79.0,23.4,1002.7,5.8,1.8221342821066664,2.5079526825623373
2018-05-10 22:00:00,0.99,0.1,0.01,0.99,27.1,83.0,24.0,1003.1,5.4,0.3449439287832565,3.2819222547153015
2018-05-10 23:00:00,0.99,0.01,0.01,0.99,27.1,81.0,23.5,1002.7,8.3,-1.4326213531414094,4.685893304218874
2018-05-11 00:00:00,0.99,0.0,0.01,0.99,26.6,84.0,23.7,1001.7,9.4,-0.6945927106677211,3.939231012048832
2018-05-11 01:00:00,0.98,0.0,0.01,0.98,26.1,87.0,23.8,1000.9,7.6,0.3534210958749272,2.878383839759834
2018-05-11 02:00:00,0.98,0.0,0.01,0.98,25.8,89.0,23.9,1000.4,6.8,0.3763024677635526,3.580278823325784
2018-05-11 03:00:00,0.89,0.0,0.01,0.89,25.5,91.0,23.9,1000.0,6.8,0.3486229709906318,3.984778792366982
2018-05-11 04:00:00,0.91,0.0,0.01,0.91,25.3,91.0,23.8,1000.0,9.0,-0.7097828148963331,5.050367150582009
2018-05-11 05:00:00,0.87,0.0,0.01,0.94,25.3,92.0,23.9,1000.7,9.4,-1.7542302283364197,5.737828535778213
2018-05-11 06:00:00,0.9,0.0,0.01,0.9,26.0,87.0,23.8,1001.7,12.2,0.3557580160950389,5.087576656325103
2018-05-11 07:00:00,0.89,0.0,0.01,0.89,27.5,77.0,23.1,1002.0,15.1,4.01298205757793,3.613305274337834
2018-05-11 08:00:00,0.95,0.0,0.01,0.95,29.4,69.0,23.0,1002.8,19.8,7.160557646651569,0.7526049355271042
2018-05-11 09:00:00,0.92,0.0,0.0,0.92,31.5,59.0,22.6,1002.7,23.0,7.878462024097664,1.3891854213354426
2018-05-11 10:00:00,0.87,0.02,0.0,0.87,33.3,51.0,21.9,1002.2,24.1,7.217009115376548,3.2132194802988208
2018-05-11 11:00:00,0.9,0.07,0.0,0.9,34.6,46.0,21.4,1001.4,24.1,4.01298205757793,3.613305274337834
2018-05-11 12:00:00,0.81,0.05,0.05,0.79,35.8,43.0,21.3,1000.3,23.8,4.633975678270772,6.149493427364155
2018-05-11 13:00:00,0.89,0.01,0.02,0.89,36.8,41.0,21.4,998.9,24.8,2.5648410533120627,7.893769085249776
2018-05-11 14:00:00,0.89,0.0,0.17,0.87,32.7,55.0,22.6,998.3,36.7,-11.879393923934,11.879393923933998
2018-05-11 15:00:00,0.81,0.0,0.16,0.78,33.7,51.0,22.1,997.6,37.4,-2.222696674136708,12.605539238556263
2018-05-11 16:00:00,0.59,0.04,0.11,0.56,33.3,52.0,22.1,997.6,29.2,5.789747597658506,7.1497428454041305
2018-05-11 17:00:00,0.3,0.06,0.16,0.51,33.0,52.0,22.0,998.0,22.0,-2.795245687107227,10.431998923921936
2018-05-11 18:00:00,0.22,0.04,0.11,0.15,31.9,58.0,22.5,998.4,21.6,-1.7554427574642135,9.030970087718506
2018-05-11 19:00:00,0.19,0.01,0.1,0.11,30.6,65.0,23.2,999.3,24.5,-3.9762551842292178,13.005744681097283
2018-05-11 20:00:00,0.09,0.0,0.08,0.02,29.5,71.0,23.6,1000.1,26.6,-1.8649195528648754,13.269592121137043
2018-05-11 21:00:00,0.06,0.0,0.06,0.0,28.7,74.0,23.7,1000.7,25.2,-1.5477406612453737,12.605336125844788
2018-05-11 22:00:00,0.36,0.0,0.04,0.34,28.0,79.0,24.0,1001.1,23.4,-4.013721034907362,10.45610077676866
2018-05-11 23:00:00,0.07,0.06,0.02,0.0,27.5,81.0,24.0,1001.0,20.9,-2.4969567032169038,10.815507719116109
2018-05-12 00:00:00,0.22,0.03,0.01,0.2,27.1,82.0,23.9,1000.4,20.2,-1.423553631866102,8.987963899415753
2018-05-12 01:00:00,0.08,0.07,0.01,0.0,27.0,80.0,23.4,1000.0,20.2,2.17522254729261,11.19054989130337
2018-05-12 02:00:00,0.15,0.06,0.0,0.1,26.9,79.0,22.9,999.1,20.2,2.508575646817103,6.535062985480412
2018-05-12 03:00:00,0.05,0.05,0.0,0.0,26.6,79.0,22.8,998.8,11.9,4.289848881466276,3.5996106142446207
2018-05-12 04:00:00,0.38,0.07,0.0,0.34,26.4,80.0,22.8,999.1,11.5,5.043268823083022,3.940233442084212
2018-05-12 05:00:00,0.73,0.0,0.0,0.11,26.1,83.0,23.1,999.6,11.5,3.2498011250210617,4.312631754255381
2018-05-12 06:00:00,0.27,0.02,0.0,0.25,27.0,79.0,23.1,1000.1,13.3,3.5748714227020644,2.894873798829254
2018-05-12 07:00:00,0.6,0.0,0.0,0.6,28.8,71.0,23.0,1000.4,11.5,0.7257656867990037,-2.9108871788279895
2018-05-12 08:00:00,0.09,0.0,0.0,0.09,30.7,62.0,22.7,1001.8,14.0,0.35355339059327384,-0.3535533905932737
2018-05-12 09:00:00,0.38,0.0,0.0,0.38,32.5,56.0,22.5,1002.0,17.3,1.437543918085127,1.083267041673687
2018-05-12 10:00:00,0.13,0.02,0.02,0.12,34.2,50.0,22.1,1001.5,18.0,-0.7117525274902332,1.7616493236768958
2018-05-12 11:00:00,0.13,0.02,0.12,0.02,35.5,44.0,21.3,1000.4,19.1,-2.8833635269318485,1.8017254983928963
2018-05-12 12:00:00,0.29,0.01,0.3,0.01,36.3,40.0,20.5,999.5,21.2,-3.2498011250210603,4.312631754255382
2018-05-12 13:00:00,0.49,0.23,0.44,0.14,34.5,46.0,21.1,998.8,29.5,-8.227681403987706,9.805368871922918
2018-05-12 14:00:00,0.54,0.16,0.39,0.38,32.0,58.0,22.6,998.5,40.0,-1.934941942652818e-15,15.8
2018-05-12 15:00:00,0.53,0.0,0.16,0.49,31.2,59.0,22.2,998.4,37.4,9.714324518212132,7.866504888122973
2018-05-12 16:00:00,0.5,0.06,0.18,0.44,31.8,57.0,22.2,998.0,34.6,8.319732448461314,13.314355109655889
2018-05-12 17:00:00,0.42,0.03,0.26,0.59,32.1,55.0,21.9,998.0,32.8,4.981241083792125,7.971652103870405
2018-05-12 18:00:00,0.87,0.02,0.22,0.84,31.2,59.0,22.1,998.1,18.4,4.330127018922192,2.500000000000002
2018-05-12 19:00:00,0.97,0.01,0.22,0.96,30.2,67.0,23.5,998.9,9.4,2.1649947956686733,2.490541614735148
2018-05-12 20:00:00,1.0,0.0,0.09,1.0,29.6,69.0,23.3,999.8,4.0,0.7257656867990026,2.9108871788279895
2018-05-12 21:00:00,1.0,0.0,0.04,1.0,29.0,69.0,22.8,1000.1,8.3,2.4906205418960625,3.9858260519352027
2018-05-12 22:00:00,0.97,0.0,0.02,0.97,28.1,72.0,22.7,1000.8,8.6,2.5237363199446032,3.604268994871564
2018-05-12 23:00:00,0.93,0.0,0.01,0.93,27.6,75.0,22.7,1000.8,8.3,2.179154398749824,4.276831316104166
2018-05-13 00:00:00,0.05,0.04,0.01,0.02,27.0,77.0,22.6,1000.3,12.6,4.333068166694749,5.750175672340508
2018-05-13 01:00:00,0.29,0.0,0.0,0.29,26.7,78.0,22.6,999.2,13.0,2.875087836170254,2.166534083347374
2018-05-13 02:00:00,0.83,0.01,0.0,0.83,26.3,81.0,22.7,998.5,6.5,2.475670171853926,0.3479327524001646
2018-05-13 03:00:00,0.92,0.01,0.0,0.92,26.1,84.0,23.2,998.6,4.0,0.7117525274902328,1.761649323676896
2018-05-13 04:00:00,0.93,0.0,0.0,0.93,25.9,86.0,23.4,998.6,2.5,-0.7,-4.286263797015736e-17
2018-05-13 05:00:00,0.96,0.0,0.01,0.75,25.9,83.0,22.8,999.2,1.4,0.7107390870623786,2.187429987478853
2018-05-13 06:00:00,0.89,0.0,0.01,0.88,26.5,80.0,22.8,999.8,7.2,-0.7071067811865476,0.7071067811865475
2018-05-13 07:00:00,0.9,0.0,0.01,0.9,28.5,70.0,22.4,1000.6,9.4,-1.0777488443215544,-0.7269507745119709
2018-05-13 08:00:00,0.76,0.0,0.01,0.76,30.6,61.0,22.2,1001.2,14.8,-2.8512208774027776,-1.4527695991665501
2018-05-13 09:00:00,0.7,0.0,0.01,0.7,32.5,54.0,22.1,1001.0,21.2,-2.485363104321589,-1.0549740469210391
2018-05-13 10:00:00,0.81,0.12,0.13,0.8,34.2,48.0,21.5,1000.9,22.3,-3.233592155403522,-1.0506577808748212
2018-05-13 11:00:00,0.84,0.02,0.15,0.82,35.2,43.0,20.9,1000.3,22.0,-5.0,-3.061616997868383e-16
2018-05-13 12:00:00,0.9,0.01,0.35,0.86,35.9,41.0,20.5,999.3,22.3,-6.1385314081469815,1.4171916423663498
2018-05-13 13:00:00,0.83,0.0,0.34,0.8,36.3,39.0,20.1,998.3,22.3,-7.548139798310009,3.2039952536120446
2018-05-13 14:00:00,0.83,0.04,0.31,0.77,33.5,52.0,22.2,997.8,35.3,-5.775660331676366,12.97234549852493
2018-05-13 15:00:00,0.75,0.01,0.33,0.68,32.3,56.0,22.3,997.2,34.9,-8.584692080577922,13.7383791577341
2018-05-13 16:00:00,0.72,0.0,0.24,0.67,33.1,53.0,22.1,997.0,34.2,-3.314329969715448,13.293051449981151
2018-05-13 17:00:00,0.45,0.06,0.12,0.86,33.0,53.0,22.0,997.4,29.5,-6.083472696509928,11.93948742412413
2018-05-13 18:00:00,0.95,0.06,0.08,0.94,31.7,58.0,22.5,997.8,27.4,-5.769234480931413,10.40797451495881
2018-05-13 19:00:00,0.88,0.15,0.09,0.86,30.9,63.0,22.9,998.9,22.3,-4.605691392340203,8.30888721782426
2018-05-13 20:00:00,0.36,0.29,0.15,0.19,30.2,66.0,23.2,999.8,17.3,-1.3929056662487782,7.165878439167946
2018-05-13 21:00:00,0.14,0.03,0.09,0.08,29.9,67.0,23.2,1000.5,15.5,1.8296228791962839,8.60769888645749
2018-05-13 22:00:00,0.21,0.0,0.03,0.19,29.0,70.0,23.0,1000.9,15.8,1.8376152202278975,6.858073366652385
2018-05-13 23:00:00,0.24,0.0,0.01,0.23,28.1,73.0,23.0,1000.8,12.6,0.7059932828932155,3.632020578756357
2018-05-14 00:00:00,0.25,0.0,0.0,0.25,27.5,76.0,23.0,1000.0,6.1,-3.5514757175273243e-16,2.9
2018-05-14 01:00:00,0.23,0.0,0.0,0.23,27.1,78.0,23.0,999.3,7.9,2.181643291108516,3.9357886821272814
2018-05-14 02:00:00,0.04,0.0,0.0,0.04,26.8,79.0,23.0,998.5,7.9,3.2308440897875603,2.524212048835198
2018-05-14 03:00:00,0.39,0.04,0.0,0.38,26.5,80.0,22.9,998.4,7.6,2.8678964048465336,2.4930243101639276
2018-05-14 04:00:00,0.76,0.07,0.0,0.76,26.4,83.0,23.2,998.7,6.8,2.5114736709748717,-1.4500000000000002
2018-05-14 05:00:00,0.69,0.05,0.0,0.8,26.3,85.0,23.6,999.0,3.2,1.7998053071223097,2.1449244407331385
2018-05-14 06:00:00,0.64,0.07,0.0,0.62,27.1,80.0,23.2,999.6,5.0,1.7145055188062944e-16,-0.7
2018-05-14 07:00:00,0.83,0.0,0.0,0.83,28.5,73.0,23.2,1000.3,11.5,-1.45276959916655,-2.8512208774027776
2018-05-14 08:00:00,0.59,0.06,0.01,0.58,30.5,65.0,23.4,1001.5,18.4,-1.7542302283364206,-5.737828535778212
2018-05-14 09:00:00,0.51,0.14,0.31,0.38,32.7,56.0,22.8,1001.4,20.9,-2.5624408513775414,-5.755336383148386
2018-05-14 10:00:00,0.29,0.09,0.25,0.07,34.0,50.0,22.0,1001.2,20.9,-3.9641832724372428,-2.8801477362331185
2018-05-14 11:00:00,0.22,0.11,0.2,0.02,35.5,44.0,21.4,1000.2,20.5,-4.664264528860342,-2.914555953282627
2018-05-14 12:00:00,0.29,0.14,0.27,0.0,36.4,41.0,20.9,999.0,23.4,-5.062776693988422,-2.1490212066910055
2018-05-14 13:00:00,0.64,0.56,0.29,0.1,37.1,38.0,20.5,998.0,22.7,-6.5,-3.9801020972288977e-16
2018-05-14 14:00:00,0.36,0.01,0.29,0.2,33.0,53.0,22.0,997.5,36.0,-10.465180361560904,10.465180361560902
2018-05-14 15:00:00,0.46,0.07,0.34,0.29,31.8,58.0,22.5,997.3,36.7,-6.713443347838237,12.626150577882656
2018-05-14 16:00:00,0.56,0.09,0.17,0.5,31.6,57.0,22.0,997.5,32.0,-0.3140954703225103,8.994517443171862
2018-05-14 17:00:00,0.8,0.04,0.44,0.91,33.1,50.0,21.4,997.7,22.3,-4.311408416603484,9.683581851011567
2018-05-14 18:00:00,0.97,0.08,0.14,0.96,29.2,71.0,23.4,998.7,20.9,-5.750175672340507,4.333068166694749
2018-05-14 19:00:00,0.95,0.07,0.16,0.94,30.0,70.0,23.9,999.4,13.7,-3.2447398719333425,5.400153994423307
2018-05-14 20:00:00,0.96,0.07,0.2,0.96,29.7,71.0,24.0,1000.4,13.0,-5.04678786446249,5.412017391981862
2018-05-14 21:00:00,0.96,0.09,0.28,0.95,29.2,73.0,23.9,1000.8,12.6,-2.1791543987498248,4.276831316104166
2018-05-14 22:00:00,0.95,0.02,0.15,0.94,29.0,74.0,24.0,1000.6,8.3,1.0506577808748208,3.2335921554035223
2018-05-14 23:00:00,0.91,0.02,0.09,0.91,28.6,76.0,23.9,1000.4,6.1,1.0777488443215542,-0.7269507745119711
2018-05-15 00:00:00,0.13,0.08,0.08,0.05,28.0,81.0,24.5,999.9,2.5,-1.083267041673687,-1.437543918085127
2018-05-15 01:00:00,0.19,0.11,0.05,0.11,27.6,83.0,24.5,999.3,4.0,-1.4499999999999997,-2.511473670974872
2018-05-15 02:00:00,0.38,0.09,0.03,0.34,27.5,84.0,24.5,998.9,7.6,-1.0886485301985047,-4.366330768241984
2018-05-15 03:00:00,0.81,0.04,0.03,0.8,27.2,85.0,24.5,998.8,10.1,-3.921004419087889,-4.6728711030257655
2018-05-15 04:00:00,0.96,0.04,0.11,0.95,26.9,87.0,24.5,998.5,10.8,-1.8364363038995868,-4.32637281122647
2018-05-15 05:00:00,0.85,0.05,0.01,0.97,26.7,87.0,24.3,999.0,9.0,-4.6728711030257655,-3.92100441908789
2018-05-15 06:00:00,0.97,0.08,0.03,0.97,27.2,85.0,24.5,1000.0,13.3,-3.921004419087889,-4.6728711030257655
2018-05-15 07:00:00,0.98,0.08,0.03,0.98,28.5,79.0,24.4,1001.0,14.4,-3.2095339943541705,-3.963444403430551
2018-05-15 08:00:00,0.97,0.2,0.04,0.96,30.1,71.0,24.2,1001.5,22.0,-2.472403516545019,-6.1194134401407965
2018-05-15 09:00:00,0.78,0.13,0.09,0.76,31.9,60.0,23.2,1001.3,23.8,-2.5436338310878095,-8.319851376878407
2018-05-15 10:00:00,0.82,0.09,0.11,0.81,34.0,49.0,21.7,1000.5,28.1,-4.605691392340202,-8.30888721782426
2018-05-15 11:00:00,0.86,0.09,0.08,0.85,35.6,42.0,20.8,999.5,29.2,-7.224447052773572,-7.4811339235219725
2018-05-15 12:00:00,0.91,0.19,0.06,0.91,36.3,39.0,20.2,998.5,29.2,-8.652886410017484,-4.600821315301731
2018-05-15 13:00:00,0.92,0.22,0.08,0.91,37.6,36.0,20.1,996.9,27.7,-9.659258262890683,-2.5881904510252074
2018-05-15 14:00:00,0.94,0.02,0.2,0.93,34.7,44.0,20.6,996.3,39.2,-15.77081547813411,8.035631845389977
2018-05-15 15:00:00,0.95,0.0,0.15,0.94,34.0,49.0,21.6,995.8,39.6,-12.235155124994776,5.705346533499441
2018-05-15 16:00:00,0.97,0.03,0.12,0.97,32.9,55.0,22.6,995.6,31.0,-11.544980134240024,6.399486987251648
2018-05-15 17:00:00,0.87,0.0,0.04,0.99,32.0,58.0,22.7,996.5,29.9,-10.102897498940623,8.181165083647885
2018-05-15 18:00:00,0.97,0.0,0.1,0.97,30.7,66.0,23.6,997.0,26.6,-8.030070108914643,11.468128620045887
2018-05-15 19:00:00,0.99,0.0,0.18,0.99,29.3,73.0,24.0,997.8,28.8,-7.249999999999999,12.557368354874361
2018-05-15 20:00:00,0.99,0.0,0.13,0.99,28.9,76.0,24.2,999.0,27.4,-3.3038002633669237,10.806243742382302
2018-05-15 21:00:00,0.98,0.03,0.13,0.98,28.6,77.0,24.2,999.5,21.2,-2.2258437878816806,8.306962106085987
2018-05-15 22:00:00,0.97,0.06,0.1,0.97,28.6,76.0,24.0,999.7,15.8,1.1419715947936844,7.210124886344506
2018-05-15 23:00:00,0.93,0.22,0.16,0.92,28.4,77.0,23.9,999.7,13.3,2.5624408513775414,5.755336383148386
2018-05-16 00:00:00,0.95,0.14,0.11,0.94,28.2,77.0,23.9,998.7,11.5,2.1631599146222276,3.600102662948872
2018-05-16 01:00:00,0.95,0.16,0.25,0.94,27.8,80.0,24.0,998.0,8.3,2.894099322141325,1.1109406435904323
2018-05-16 02:00:00,0.89,0.15,0.15,0.87,27.5,81.0,24.0,997.2,6.5,1.801725498392897,-2.8833635269318476
2018-05-16 03:00:00,0.93,0.17,0.21,0.91,27.2,81.0,23.8,997.3,9.4,2.1554976886431083,-1.4539015490239422
2018-05-16 04:00:00,0.97,0.33,0.29,0.96,25.7,90.0,23.9,997.7,20.9,-11.910553819695865,1.4624321208617683
2018-05-16 05:00:00,0.98,0.25,0.26,0.94,27.6,78.0,23.5,997.9,22.3,-8.607698886457491,1.8296228791962823
2018-05-16 06:00:00,0.95,0.06,0.16,0.94,27.4,80.0,23.6,998.6,19.8,-7.9283665448744856,5.760295472466236
2018-05-16 07:00:00,0.92,0.06,0.05,0.91,28.4,77.0,23.9,999.5,22.0,-4.981241083792128,7.9716521038704045
2018-05-16 08:00:00,0.95,0.1,0.06,0.94,30.2,68.0,23.6,1000.3,23.0,-2.47213595499958,7.608452130361228
2018-05-16 09:00:00,0.92,0.2,0.17,0.91,31.4,62.0,23.2,1000.8,22.7,-0.6794350112397493,6.4643923198937765
2018-05-16 10:00:00,0.91,0.19,0.56,0.88,32.8,57.0,23.2,1000.5,22.7,-7.470345474798854e-16,6.1
2018-05-16 11:00:00,0.85,0.71,0.19,0.79,33.5,55.0,23.2,999.7,22.3,-1.4235782507653014,3.197409101749103
2018-05-16 12:00:00,0.92,0.35,0.15,0.89,35.1,50.0,23.1,998.3,22.0,-3.644268564213334,5.015905365124674
2018-05-16 13:00:00,0.9,0.45,0.2,0.87,35.6,48.0,23.0,996.9,28.1,-3.5570094905869563,9.772803256173447
2018-05-16 14:00:00,0.93,0.13,0.19,0.92,33.0,53.0,22.2,995.9,28.4,-2.5624408513775427,5.755336383148385
2018-05-16 15:00:00,0.91,0.28,0.16,0.9,31.2,61.0,22.7,995.8,31.3,-3.4867413423299105,15.102736004171145
2018-05-16 16:00:00,0.95,0.01,0.21,0.94,30.5,65.0,23.2,996.3,33.8,-1.461317560080686,10.397814721786489
2018-05-16 17:00:00,0.94,0.04,0.03,1.0,31.2,62.0,23.0,996.7,25.2,0.7212463965468092,6.862201078041086
2018-05-16 18:00:00,0.99,0.6,0.11,0.99,27.6,79.0,23.8,997.8,14.4,0.6794350112397471,-6.4643923198937765
2018-05-16 19:00:00,1.0,0.04,0.09,1.0,27.1,82.0,23.7,998.2,14.4,-1.7998053071223097,-2.1449244407331385
2018-05-16 20:00:00,0.99,0.0,0.19,0.99,27.0,83.0,24.0,999.0,8.6,-3.616017032810471,-1.4609657143220567
2018-05-16 21:00:00,0.98,0.0,0.16,0.98,27.0,84.0,24.1,999.0,8.6,-1.7937955949114472,-3.2360929164157644
2018-05-16 22:00:00,0.98,0.0,0.09,0.98,27.1,84.0,24.2,999.6,7.6,-3.616017032810471,-1.4609657143220567
2018-05-16 23:00:00,0.96,0.0,0.09,0.96,27.1,86.0,24.5,999.6,6.5,-1.7998053071223103,2.144924440733138
2018-05-17 00:00:00,0.98,0.0,0.06,0.98,26.8,89.0,24.8,998.8,5.0,-2.2043642384652358e-16,1.8
2018-05-17 01:00:00,0.98,0.0,0.03,0.98,26.5,89.0,24.6,998.1,3.6,-1.4474368994146258,1.7874357113510329
2018-05-17 02:00:00,0.97,0.0,0.04,0.97,26.6,88.0,24.5,997.4,4.0,-1.4142135623730951,1.414213562373095
2018-05-17 03:00:00,0.99,0.0,0.04,0.99,26.1,91.0,24.5,997.5,4.0,-2.5,-1.5308084989341916e-16
2018-05-17 04:00:00,0.99,0.08,0.06,0.99,26.0,90.0,24.4,997.9,10.1,-4.330127018922194,2.499999999999999
2018-05-17 05:00:00,0.98,0.05,0.0,0.91,26.2,88.0,24.1,998.0,8.3,-2.8512208774027776,1.4527695991665497
2018-05-17 06:00:00,1.0,0.03,0.0,1.0,26.9,84.0,23.9,998.6,9.0,-0.35342109587492787,2.8783838397598336
2018-05-17 07:00:00,0.99,0.03,0.01,0.99,28.5,75.0,23.5,999.4,12.6,2.1665340833473743,2.875087836170254
2018-05-17 08:00:00,1.0,0.02,0.0,1.0,29.8,69.0,23.5,1000.0,13.7,1.7874357113510322,1.447436899414627
2018-05-17 09:00:00,0.95,0.1,0.03,0.95,31.5,62.0,23.4,1000.5,18.0,2.181643291108516,3.9357886821272814
2018-05-17 10:00:00,0.93,0.17,0.05,0.92,33.2,56.0,23.2,1000.2,19.8,1.4214781741247573,4.374859974957706
2018-05-17 11:00:00,0.97,0.11,0.19,0.97,34.2,51.0,22.6,999.7,22.7,-8.817456953860943e-16,7.2
2018-05-17 12:00:00,0.43,0.07,0.15,0.37,35.2,47.0,22.1,998.4,23.4,-1.7613968679372007,5.421022142882375
2018-05-17 13:00:00,0.52,0.0,0.35,0.45,34.5,48.0,22.0,997.6,25.9,-6.077449283938642,10.114574148284925
2018-05-17 14:00:00,0.88,0.02,0.17,0.86,31.2,63.0,23.4,997.5,40.7,4.720738239628773,13.710019346190093
2018-05-17 15:00:00,0.94,0.0,0.11,0.93,32.5,57.0,22.8,996.3,32.8,0.7844016847289215,8.96575228282571
2018-05-17 16:00:00,1.0,0.3,0.08,0.99,29.6,70.0,23.6,996.7,24.5,1.5169868004647142,10.793921949283115
2018-05-17 17:00:00,0.99,0.18,0.21,0.99,29.9,64.0,22.4,997.6,24.1,-1.2368932671388266e-15,10.1
2018-05-17 18:00:00,0.98,0.17,0.02,0.97,30.0,65.0,22.6,997.5,19.4,3.2498011250210617,4.312631754255381
2018-05-17 19:00:00,0.97,0.2,0.05,0.97,29.4,68.0,22.8,998.6,12.6,3.9381611903595695,5.420413862312148
2018-05-17 20:00:00,0.98,0.09,0.01,0.98,28.6,73.0,23.4,999.1,12.6,1.414213562373095,1.4142135623730954
2018-05-17 21:00:00,0.97,0.01,0.02,0.97,28.2,74.0,23.0,999.9,6.5,-1.7489675652259418,3.9282454678631833
2018-05-17 22:00:00,0.96,0.02,0.03,0.96,27.9,75.0,23.0,1000.3,11.9,-1.0324674692655245,6.5187430479279085
2018-05-17 23:00:00,0.96,0.01,0.03,0.96,27.5,77.0,23.0,999.9,11.9,-0.6794350112397493,6.4643923198937765
2018-05-18 00:00:00,0.94,0.14,0.28,0.93,27.1,77.0,22.8,999.6,18.7,4.976398565530443,9.359244484304625
2018-05-18 01:00:00,0.98,0.01,0.0,0.98,27.0,76.0,22.4,998.6,19.4,4.702282018339784,6.47213595499958
2018-05-18 02:00:00,0.94,0.0,0.05,0.94,26.8,77.0,22.4,997.8,13.7,3.239353783222647,6.092338390726596
2018-05-18 03:00:00,0.84,0.05,0.01,0.83,26.5,78.0,22.2,997.8,16.2,4.040515447681965,7.929958065276475
2018-05-18 04:00:00,0.88,0.02,0.01,0.9,26.1,80.0,22.4,997.8,15.8,0.37476969381492914,4.283637201794505
2018-05-18 05:00:00,0.91,0.0,0.12,0.99,25.9,83.0,22.6,998.0,11.2,2.8914103508206246,6.811735915548059
2018-05-18 06:00:00,1.0,0.0,0.12,1.0,26.6,77.0,22.3,998.4,19.1,7.566042558696057,7.56604255869606
2018-05-18 07:00:00,1.0,0.0,0.01,1.0,27.6,72.0,22.1,999.2,24.5,9.422346650363428,7.906287599144436
2018-05-18 08:00:00,0.99,0.0,0.07,0.99,28.8,67.0,22.0,999.6,25.2,8.323222045346816,7.49426279121921
2018-05-18 09:00:00,0.99,0.0,0.38,0.99,30.5,60.0,21.8,1000.5,27.4,9.422346650363428,7.906287599144436
2018-05-18 10:00:00,0.99,0.0,0.95,0.96,31.5,55.0,21.4,1000.7,30.6,9.711087304571791,9.377888001196464
2018-05-18 11:00:00,0.98,0.0,0.8,0.96,31.9,54.0,21.3,999.8,30.2,6.143371093601031,5.728786224524988
2018-05-18 12:00:00,0.96,0.0,0.17,0.96,33.8,48.0,21.1,998.9,23.4,6.122295146001596,3.9758649556096968
2018-05-18 13:00:00,0.93,0.0,0.01,0.93,35.0,43.0,20.6,997.0,23.4,2.5237363199446032,3.604268994871564
2018-05-18 14:00:00,0.95,0.07,0.04,0.94,36.1,40.0,20.2,996.3,22.3,3.244739871933341,5.400153994423308
2018-05-18 15:00:00,0.97,0.13,0.69,0.95,29.4,68.0,22.8,997.3,47.2,15.160154439738843,13.650264369720706
2018-05-18 16:00:00,0.75,0.0,0.49,0.71,30.1,65.0,22.7,996.3,40.7,2.2495105434386495,9.743700647852352
2018-05-18 17:00:00,0.96,0.01,0.02,0.97,31.5,56.0,21.6,996.3,25.9,-1.8,-1.1021821192326179e-16
2018-05-18 18:00:00,0.98,0.0,0.02,0.98,30.5,59.0,21.6,996.5,10.8,-5.772490067120012,3.199743493625824
2018-05-18 19:00:00,0.98,0.0,0.17,0.98,29.6,65.0,22.2,997.5,19.4,-7.5717762380030695,7.840803823691299
2018-05-18 20:00:00,0.99,0.0,0.28,0.99,28.9,69.0,22.5,998.6,20.2,-2.47213595499958,7.608452130361228
2018-05-18 21:00:00,0.99,0.0,0.55,0.99,28.4,71.0,22.6,999.1,14.8,0.2896658226307575,8.294943864258496
2018-05-18 22:00:00,0.99,0.0,0.08,0.98,27.7,74.0,22.8,999.6,16.6,5.088655421583795,7.54424191025088
2018-05-18 23:00:00,0.99,0.0,0.01,0.99,27.3,77.0,22.9,999.3,16.2,5.088655421583795,7.54424191025088
2018-05-19 00:00:00,0.98,0.0,0.11,0.97,27.0,79.0,23.0,998.7,15.8,3.549993398621874,7.612985411107861
2018-05-19 01:00:00,0.99,0.0,0.16,0.99,26.7,81.0,23.1,997.9,14.4,3.5500000000000007,6.148780366869514
2018-05-19 02:00:00,0.98,0.0,0.0,0.98,26.5,82.0,23.1,996.8,12.6,3.2678342100901627,5.032023407672544
2018-05-19 03:00:00,0.97,0.02,0.0,0.97,26.4,83.0,23.1,996.7,10.8,4.3109953772862175,2.907803098047882
2018-05-19 04:00:00,0.97,0.01,0.0,0.97,26.2,83.0,23.1,996.9,8.6,3.567095162291493,3.211826910522519
2018-05-19 05:00:00,0.96,0.01,0.04,0.99,26.8,78.0,22.6,997.7,8.6,5.358438019581681,4.658019105832602
2018-05-19 06:00:00,1.0,0.0,0.12,1.0,27.4,75.0,22.5,998.0,13.7,6.430842427582552,1.4846769586695105
2018-05-19 07:00:00,0.98,0.0,0.07,0.98,28.5,70.0,22.5,998.3,14.4,5.4,9.919639073093561e-16
2018-05-19 08:00:00,0.97,0.0,0.0,0.97,29.8,65.0,22.5,999.0,14.4,2.883363526931849,-1.8017254983928959
2018-05-19 09:00:00,0.98,0.0,0.0,0.98,31.5,59.0,22.6,999.2,14.4,1.7874357113510326,-1.447436899414626
2018-05-19 10:00:00,0.99,0.0,0.0,0.99,33.1,53.0,22.3,999.1,14.8,1.7874357113510322,1.447436899414627
2018-05-19 11:00:00,0.99,0.01,0.13,0.99,34.8,47.0,21.7,998.4,17.6,1.4500000000000002,2.5114736709748717
2018-05-19 12:00:00,0.99,0.03,0.34,0.99,36.1,42.0,21.0,997.5,17.6,-0.34345619167778096,1.766928930205795
2018-05-19 13:00:00,0.99,0.01,0.12,0.99,36.5,40.0,20.6,996.4,16.6,-1.453901549023942,2.1554976886431083
2018-05-19 14:00:00,0.99,0.03,0.21,0.98,36.9,38.0,20.2,995.6,21.6,0.7526049355271052,7.160557646651568
2018-05-19 15:00:00,1.0,0.05,0.29,1.0,34.5,45.0,20.8,994.9,31.3,9.053614600068999,10.414992207074256
2018-05-19 16:00:00,0.99,0.0,0.24,0.99,34.5,44.0,20.4,994.3,31.3,7.951649632608119,7.1596974880397815
2018-05-19 17:00:00,0.97,0.08,0.23,1.0,33.1,54.0,22.5,995.5,24.8,-9.68599049793387,5.819930246483613
2018-05-19 18:00:00,1.0,0.13,0.25,1.0,31.6,62.0,23.5,995.7,23.0,-5.799999999999999,10.045894683899489
2018-05-19 19:00:00,1.0,0.06,0.09,0.99,31.1,64.0,23.5,996.8,22.0,0.32805526900350845,9.394273773979501
2018-05-19 20:00:00,1.0,0.06,0.08,1.0,29.9,64.0,22.2,997.7,19.4,5.82763767466079,8.973775077016036
2018-05-19 21:00:00,0.98,0.02,0.08,0.98,28.8,69.0,22.5,998.4,22.3,4.962187045524762,11.14525458323973
2018-05-19 22:00:00,0.98,0.14,0.18,0.98,28.4,72.0,22.8,998.8,22.3,7.572636146505596,9.692532269362681
2018-05-19 23:00:00,0.74,0.16,0.18,0.7,28.2,72.0,22.7,998.8,22.0,7.494262791219212,8.323222045346816
2018-05-20 00:00:00,0.33,0.13,0.12,0.28,27.9,74.0,22.8,998.2,19.4,8.301805382450492,7.2166493188955805
2018-05-20 01:00:00,0.2,0.11,0.09,0.09,27.5,75.0,22.7,997.4,19.4,7.929958065276474,4.040515447681968
2018-05-20 02:00:00,0.33,0.09,0.01,0.29,27.1,77.0,22.7,996.9,15.5,5.7378285357782115,1.7542302283364226
2018-05-20 03:00:00,0.47,0.09,0.01,0.44,26.9,78.0,22.8,997.1,10.4,5.78819864428265,2.2218812871808646
2018-05-20 04:00:00,0.18,0.1,0.01,0.09,26.6,79.0,22.7,997.1,10.8,3.606244584051392,3.606244584051393
2018-05-20 05:00:00,0.2,0.0,0.0,0.02,26.8,80.0,23.0,997.1,10.1,2.221881287180863,5.78819864428265
2018-05-20 06:00:00,0.29,0.01,0.0,0.28,27.2,77.0,23.0,997.2,12.2,2.542346798541461,4.98963653545486
2018-05-20 07:00:00,0.58,0.0,0.0,0.58,29.1,68.0,22.8,998.0,13.0,2.8678964048465336,2.4930243101639276
2018-05-20 08:00:00,0.53,0.02,0.0,0.52,31.3,58.0,22.1,998.6,15.8,2.1649947956686733,2.490541614735148
2018-05-20 09:00:00,0.5,0.0,0.0,0.49,33.3,51.0,21.6,999.3,17.3,2.1649947956686733,2.490541614735148
2018-05-20 10:00:00,0.76,0.02,0.02,0.75,35.3,43.0,21.0,998.9,19.1,1.4527695991665495,2.8512208774027776
2018-05-20 11:00:00,0.73,0.04,0.04,0.73,36.7,39.0,20.5,998.5,19.4,0.7059932828932155,3.632020578756357
2018-05-20 12:00:00,0.76,0.07,0.16,0.72,37.8,36.0,20.1,997.6,21.2,-1.846908773958612,5.074340152243905
2018-05-20 13:00:00,0.22,0.01,0.18,0.05,38.2,34.0,19.5,995.9,24.1,-1.4692292643993963,7.558529312547012
2018-05-20 14:00:00,0.51,0.0,0.48,0.07,35.3,43.0,20.8,995.2,33.8,3.677212813114946,14.748495039395145
2018-05-20 15:00:00,0.64,0.0,0.36,0.46,35.5,40.0,19.6,994.7,35.3,5.3530164603030475,12.610916492298433
2018-05-20 16:00:00,0.5,0.0,0.28,0.36,33.7,48.0,21.2,994.4,37.1,8.403540973867445,15.80476191217479
2018-05-20 17:00:00,0.4,0.0,0.18,0.65,33.8,48.0,21.4,995.0,39.6,3.3143299697154447,13.293051449981151
2018-05-20 18:00:00,0.83,0.04,0.21,0.8,32.8,50.0,20.9,995.5,27.4,7.551844692598051,9.325751537483649
2018-05-20 19:00:00,0.83,0.0,0.15,0.82,31.0,58.0,21.7,996.6,29.2,11.555388485582892,10.775574088987478
2018-05-20 20:00:00,0.89,0.0,0.05,0.89,29.8,63.0,22.0,997.4,28.8,9.69973959889399,6.542556970607735
2018-05-20 21:00:00,0.9,0.0,0.02,0.9,29.1,66.0,22.0,998.0,20.9,6.069785404556236,6.509047944410618
2018-05-20 22:00:00,0.91,0.0,0.01,0.91,28.1,70.0,22.2,998.2,16.6,4.605691392340201,8.30888721782426
2018-05-20 23:00:00,0.96,0.0,0.0,0.96,27.3,74.0,22.3,998.1,18.4,5.407899786555569,9.00025665737218
2018-05-21 00:00:00,0.98,0.0,0.01,0.98,26.8,77.0,22.4,997.7,18.7,5.793122007145566,8.273435647318816
2018-05-21 01:00:00,0.95,0.0,0.06,0.95,26.6,78.0,22.5,996.9,17.6,3.9381611903595695,5.420413862312148
2018-05-21 02:00:00,0.96,0.0,0.11,0.96,26.5,79.0,22.5,996.5,11.5,2.144924440733138,1.7998053071223103
2018-05-21 03:00:00,0.97,0.01,0.05,0.97,26.4,80.0,22.7,996.4,4.7,3.281922254715302,-0.3449439287832548
2018-05-21 04:00:00,0.98,0.01,0.03,0.98,26.3,80.0,22.6,996.4,4.0,1.414213562373095,1.4142135623730954
2018-05-21 05:00:00,0.98,0.0,0.01,0.92,26.4,81.0,22.8,997.4,7.2,2.192031021678297,2.192031021678298
2018-05-21 06:00:00,0.94,0.0,0.01,0.94,27.1,76.0,22.5,997.9,10.4,2.179154398749824,4.276831316104166
2018-05-21 07:00:00,0.98,0.0,0.01,0.98,28.9,67.0,22.1,998.9,18.4,4.34231069824388,5.362307134053099
2018-05-21 08:00:00,0.99,0.0,0.01,0.99,31.3,56.0,21.4,999.5,21.2,5.020458146424486,5.020458146424488
2018-05-21 09:00:00,0.97,0.0,0.01,0.97,33.7,47.0,20.8,999.3,22.7,6.122295146001596,3.9758649556096968
2018-05-21 10:00:00,0.99,0.01,0.02,0.99,35.7,40.0,20.0,998.9,24.1,4.981083229470295,4.329989591337347
2018-05-21 11:00:00,0.99,0.01,0.16,0.99,37.2,36.0,19.5,998.1,23.8,3.9402334420842124,5.043268823083022
2018-05-21 12:00:00,0.98,0.0,0.31,0.97,38.3,32.0,18.9,997.1,24.8,2.496747046277381,6.859756131737131
2018-05-21 13:00:00,0.98,0.0,0.33,0.98,37.3,34.0,18.8,996.2,29.5,1.8772135804827688,11.852260087141653
2018-05-21 14:00:00,0.97,0.0,0.37,0.96,36.2,37.0,19.1,995.7,34.6,2.1223161698406705,7.92059177557036
2018-05-21 15:00:00,0.97,0.0,0.34,0.96,34.0,43.0,19.5,995.6,37.4,4.572323826833715,18.33858922661633
2018-05-21 16:00:00,0.97,0.09,0.33,0.96,32.5,53.0,21.6,996.0,44.6,12.64656846018242,14.04543720152275
2018-05-21 17:00:00,0.98,0.0,0.24,1.0,33.2,46.0,20.1,996.5,38.2,-3.9188697572715305e-16,3.2
2018-05-21 18:00:00,1.0,0.01,0.22,1.0,32.0,53.0,21.0,996.8,9.4,-3.197409101749103,1.423578250765301
2018-05-21 19:00:00,1.0,0.03,0.05,1.0,31.5,56.0,21.6,997.5,9.7,-2.535709570444197,5.437846722219899
2018-05-21 20:00:00,1.0,0.0,0.02,1.0,30.2,63.0,22.3,998.2,16.2,1.1455718280083849,9.329933825428428
2018-05-21 21:00:00,0.98,0.0,0.1,0.98,29.5,67.0,22.7,999.0,16.6,2.472403516545019,6.1194134401407965
2018-05-21 22:00:00,0.99,0.0,0.17,0.98,29.0,69.0,22.9,999.1,11.5,2.1976149610516362,4.71280049259058
2018-05-21 23:00:00,0.99,0.0,0.11,0.99,28.7,71.0,23.0,998.9,9.0,2.907803098047883,4.3109953772862175
2018-05-22 00:00:00,0.97,0.0,0.05,0.97,28.3,73.0,22.9,998.0,9.0,3.567095162291493,3.211826910522519
2018-05-22 01:00:00,0.88,0.0,0.06,0.87,27.9,74.0,22.9,997.0,8.6,2.475670171853926,0.3479327524001646
2018-05-22 02:00:00,0.91,0.0,0.1,0.9,27.5,78.0,23.2,996.8,4.0,2.5079526825623377,-1.8221342821066662
2018-05-22 03:00:00,0.92,0.0,0.1,0.91,27.7,76.0,23.1,996.8,4.7,2.878383839759834,0.35342109587492676
2018-05-22 04:00:00,0.96,0.02,0.16,0.95,27.5,76.0,23.0,996.8,8.3,3.935788682127282,2.1816432911085157
2018-05-22 05:00:00,0.97,0.0,0.04,0.98,27.1,79.0,23.2,997.5,8.3,0.7423384793347544,3.2154212137912763
2018-05-22 06:00:00,0.98,0.0,0.02,0.99,27.6,76.0,23.0,997.7,9.7,2.1631599146222276,3.600102662948872
2018-05-22 07:00:00,0.94,0.0,0.04,0.94,29.0,68.0,22.5,998.4,11.5,0.7257656867990026,2.9108871788279895
2018-05-22 08:00:00,0.93,0.0,0.03,0.93,31.2,57.0,21.6,998.8,15.5,-2.490541614735148,2.1649947956686737
2018-05-22 09:00:00,0.94,0.0,0.14,0.94,33.7,47.0,20.9,999.5,19.8,-3.963444403430552,3.20953399435417
2018-05-22 10:00:00,0.96,0.01,0.1,0.96,35.2,43.0,20.5,999.2,20.9,-3.2095339943541705,3.963444403430551
2018-05-22 11:00:00,0.95,0.01,0.02,0.95,36.5,38.0,20.1,998.3,20.9,-2.8948737988292517,3.5748714227020657
2018-05-22 12:00:00,0.97,0.09,0.47,0.95,37.4,36.0,20.0,996.9,22.0,-3.9641832724372428,2.880147736233118
2018-05-22 13:00:00,0.99,0.12,0.49,0.98,31.2,65.0,23.9,997.4,36.0,3.2246720218636056,16.58949940026552
2018-05-22 14:00:00,1.0,0.03,0.18,1.0,32.5,55.0,22.2,996.5,36.7,0.7212463965468092,6.862201078041086
2018-05-22 15:00:00,1.0,0.0,0.14,1.0,33.3,51.0,21.8,995.3,21.2,3.2,5.878304635907295e-16
2018-05-22 16:00:00,1.0,0.03,0.11,1.0,33.4,50.0,21.6,995.3,15.1,0.7257656867990026,2.9108871788279895
2018-05-22 17:00:00,1.0,0.03,0.09,1.0,33.7,49.0,21.5,995.5,23.8,-6.772276228582243,8.668118289673941
2018-05-22 18:00:00,1.0,0.0,0.1,1.0,32.5,52.0,21.4,996.1,22.7,-3.9758649556096994,6.122295146001594
2018-05-22 19:00:00,0.99,0.01,0.22,0.98,31.6,55.0,21.5,997.0,15.5,-2.812054648812022,8.654614298285896
2018-05-22 20:00:00,0.99,0.06,0.23,0.99,31.0,60.0,22.4,998.1,18.0,-9.67470971326409e-16,7.9
2018-05-22 21:00:00,0.96,0.0,0.15,0.95,30.2,63.0,22.5,998.4,14.4,-1.433314250248396,4.998560818879258
2018-05-22 22:00:00,0.93,0.0,0.14,0.92,29.6,67.0,22.8,998.4,9.4,-0.716657125124198,2.499280409439629
2018-05-22 23:00:00,0.94,0.01,0.1,0.94,29.2,69.0,23.0,998.3,4.7,-0.3399186938124423,1.0461621679246689
2018-05-23 00:00:00,0.64,0.02,0.06,0.62,28.8,72.0,23.2,997.6,2.9,0.7107390870623796,-2.1874299874788528
2018-05-23 01:00:00,0.07,0.02,0.05,0.02,28.4,74.0,23.3,996.9,4.3,2.192031021678297,2.192031021678298
2018-05-23 02:00:00,0.08,0.02,0.07,0.0,28.0,76.0,23.2,996.4,7.6,4.366330768241984,1.088648530198505
2018-05-23 03:00:00,0.15,0.06,0.14,0.0,27.7,77.0,23.2,996.3,8.6,4.0,7.347880794884119e-16
2018-05-23 04:00:00,0.11,0.06,0.11,0.0,27.5,77.0,23.2,996.5,6.8,2.878383839759834,0.35342109587492676
2018-05-23 05:00:00,0.15,0.07,0.15,0.97,28.2,75.0,23.4,997.0,7.9,2.9,5.327213576290986e-16
2018-05-23 06:00:00,0.98,0.09,0.16,0.98,28.9,72.0,23.2,997.7,7.9,2.475670171853926,0.3479327524001646
2018-05-23 07:00:00,0.98,0.07,0.15,0.98,29.9,70.0,23.9,998.5,10.4,1.7616493236768958,0.7117525274902333
2018-05-23 08:00:00,0.96,0.05,0.13,0.96,31.5,64.0,23.8,999.3,12.6,1.1,2.0206672185931328e-16
2018-05-23 09:00:00,0.96,0.02,0.06,0.96,33.0,57.0,23.4,999.5,16.6,0.3441558230885085,-2.172914349309303
2018-05-23 10:00:00,0.96,0.12,0.04,0.95,35.0,50.0,23.0,998.9,18.7,1.4554435894139948,0.36288284339950166
2018-05-23 11:00:00,0.99,0.22,0.29,0.99,36.3,43.0,21.9,997.9,19.8,1.4474368994146265,1.7874357113510326
2018-05-23 12:00:00,0.98,0.32,0.51,0.98,37.0,39.0,21.0,996.5,19.4,1.414213562373095,1.4142135623730954
2018-05-23 13:00:00,0.99,0.12,0.43,0.99,31.8,59.0,22.6,996.2,25.6,4.702282018339787,-6.472135954999579
2018-05-23 14:00:00,0.99,0.04,0.31,0.99,32.7,53.0,22.0,995.5,31.3,3.486741342329907,15.102736004171147
2018-05-23 15:00:00,0.97,0.33,0.24,0.97,32.0,55.0,22.0,995.2,36.4,4.407925779407195,11.483039245915581
2018-05-23 16:00:00,1.0,0.18,0.21,1.0,32.7,54.0,22.1,994.8,27.7,2.9027803913169334,7.562001454627333
2018-05-23 17:00:00,1.0,0.07,0.07,1.0,32.2,56.0,22.2,994.9,19.4,-7.88010753606722,6.156614753256583
2018-05-23 18:00:00,1.0,0.1,0.1,1.0,31.4,59.0,22.4,995.6,19.4,-2.153104870837043,8.635631963856369
2018-05-23 19:00:00,1.0,0.01,0.05,1.0,29.5,69.0,23.1,996.6,17.6,2.9027803913169334,7.562001454627333
2018-05-23 20:00:00,1.0,0.04,0.15,1.0,29.0,71.0,23.1,997.3,14.4,0.3557580160950389,5.087576656325103
2018-05-23 21:00:00,1.0,0.02,0.35,1.0,28.7,73.0,23.3,998.1,9.7,-2.5,-1.5308084989341916e-16
2018-05-23 22:00:00,1.0,0.01,0.29,1.0,28.2,77.0,23.8,998.0,7.6,-3.604268994871564,-2.523736319944603
2018-05-23 23:00:00,1.0,0.07,0.25,1.0,27.7,83.0,24.5,998.0,13.7,-1.469229264399395,-7.558529312547013
2018-05-24 00:00:00,1.0,0.11,0.35,1.0,27.0,87.0,24.7,997.7,15.8,-0.7233926648055629,-8.268415994161488
2018-05-24 01:00:00,1.0,0.13,0.38,0.99,26.5,89.0,24.5,997.3,14.4,3.2332465329646625,-2.1808523235359134
2018-05-24 02:00:00,0.99,0.0,0.4,1.0,26.3,88.0,24.1,996.0,12.2,-3.616017032810471,-1.4609657143220567
2018-05-24 03:00:00,1.0,0.06,0.71,1.0,26.2,89.0,24.3,996.0,9.0,-0.3449439287832573,3.2819222547153015
2018-05-24 04:00:00,1.0,0.01,0.66,1.0,26.0,92.0,24.6,995.8,13.7,1.0793978087775922,6.815049550106451
2018-05-24 05:00:00,1.0,0.0,0.5,1.0,26.2,95.0,25.4,995.9,13.3,0.7097828148963341,5.050367150582008
2018-05-24 06:00:00,1.0,0.0,0.04,1.0,26.6,91.0,25.0,996.4,12.2,2.4906205418960625,3.9858260519352027
2018-05-24 07:00:00,0.99,0.0,0.0,0.99,27.7,82.0,24.4,997.1,11.2,1.8000513314744355,1.0815799573111142
2018-05-24 08:00:00,0.98,0.0,0.08,0.98,29.5,70.0,23.5,998.0,12.6,1.8000513314744355,1.0815799573111142
2018-05-24 09:00:00,0.99,0.0,0.4,0.99,31.2,61.0,22.8,998.2,14.8,2.172914349309303,0.3441558230885083
2018-05-24 10:00:00,1.0,0.0,0.61,0.99,32.8,55.0,22.5,998.2,16.9,-0.3486229709906328,3.984778792366982
2018-05-24 11:00:00,0.99,0.01,0.48,0.99,33.8,52.0,22.6,997.8,23.4,-2.47431797387439,7.185941174554808
2018-05-24 12:00:00,0.99,0.03,0.06,0.99,35.4,48.0,22.6,996.4,26.3,-4.292346040288961,6.86918957886705
2018-05-24 13:00:00,1.0,0.11,0.23,1.0,31.5,63.0,23.6,996.1,33.1,-7.206901993571588,11.533454107727392
2018-05-24 14:00:00,1.0,0.02,0.26,1.0,31.9,57.0,22.5,995.1,32.4,-2.1631599146222285,3.6001026629488715
2018-05-24 15:00:00,1.0,0.03,0.31,1.0,32.2,56.0,22.3,994.0,14.8,-2.1649947956686737,2.4905416147351476
2018-05-24 16:00:00,1.0,0.13,0.25,1.0,33.1,53.0,22.2,994.0,22.3,-8.308865795825096,3.1894747509531727
2018-05-24 17:00:00,1.0,0.0,0.38,1.0,28.5,73.0,23.3,995.2,27.4,-2.5242120488351993,3.2308440897875594
2018-05-24 18:00:00,1.0,0.02,0.34,1.0,28.6,74.0,23.4,995.8,10.4,-3.633958072659535,1.1110124779463992
2018-05-24 19:00:00,1.0,0.0,0.19,1.0,28.5,75.0,23.6,996.4,7.6,-3.5640260967534716,1.815961998958187
2018-05-24 20:00:00,0.99,0.0,0.23,0.99,28.5,75.0,23.7,997.3,6.1,-0.7059932828932164,3.6320205787563564
2018-05-24 21:00:00,1.0,0.0,0.22,0.99,28.5,72.0,23.0,997.9,9.7,3.2678342100901627,5.032023407672544
2018-05-24 22:00:00,1.0,0.0,0.18,1.0,28.1,72.0,22.5,997.8,10.4,3.9402334420842124,5.043268823083022
2018-05-24 23:00:00,1.0,0.0,0.18,1.0,27.9,72.0,22.4,997.3,11.9,4.015035054457323,5.7340643100229425
2018-05-25 00:00:00,1.0,0.0,0.35,1.0,27.3,74.0,22.4,996.9,13.3,5.37401153701776,5.374011537017762
2018-05-25 01:00:00,1.0,0.03,0.39,1.0,27.2,75.0,22.5,996.1,13.7,4.313351365237939,4.31335136523794
2018-05-25 02:00:00,1.0,0.02,0.45,1.0,27.0,76.0,22.5,995.5,11.2,5.4,9.919639073093561e-16
2018-05-25 03:00:00,1.0,0.01,0.33,1.0,26.9,78.0,22.6,994.8,9.4,2.192031021678297,2.192031021678298
2018-05-25 04:00:00,1.0,0.04,0.28,1.0,26.7,79.0,22.8,994.8,5.8,-0.35342109587492787,2.8783838397598336
2018-05-25 05:00:00,1.0,0.02,0.45,0.98,26.2,84.0,23.4,994.8,11.5,-0.37630246776355347,3.580278823325784
2018-05-25 06:00:00,0.99,0.0,0.67,0.99,26.3,84.0,23.5,995.9,11.9,-1.4553818357243151,6.84703320513664
2018-05-25 07:00:00,1.0,0.0,1.0,0.99,26.5,81.0,23.0,996.4,13.0,2.1727182418122895,5.377666356487367
2018-05-25 08:00:00,1.0,0.0,0.97,1.0,27.1,76.0,22.4,997.4,14.4,4.666904755831213,4.666904755831214
2018-05-25 09:00:00,1.0,0.0,0.91,1.0,28.1,70.0,22.1,997.9,14.8,0.7097828148963341,5.050367150582008
2018-05-25 10:00:00,0.99,0.01,0.95,0.99,29.2,65.0,21.9,998.1,14.4,-2.1791543987498248,4.276831316104166
2018-05-25 11:00:00,1.0,0.01,0.9,0.99,29.7,62.0,21.6,997.6,14.4,-0.3747696938149302,4.283637201794505
2018-05-25 12:00:00,0.98,0.02,0.86,0.96,30.5,59.0,21.4,996.7,19.4,-0.4134540543192561,7.889173324561134
2018-05-25 13:00:00,0.98,0.0,0.62,0.97,30.7,59.0,21.6,995.6,27.7,3.5376976271451146,11.571287547152728
2018-05-25 14:00:00,0.98,0.16,0.83,0.95,32.0,52.0,20.8,995.1,32.0,8.200737862381338,9.433869752784652
2018-05-25 15:00:00,0.98,0.01,0.8,0.96,31.1,56.0,21.4,994.1,30.6,5.800000000000001,10.045894683899487
2018-05-25 16:00:00,1.0,0.0,0.51,1.0,30.9,60.0,22.1,993.4,25.9,2.5357095704441956,5.4378467222199
2018-05-25 17:00:00,1.0,0.01,1.0,1.0,29.2,64.0,21.7,995.2,15.5,1.7613968679371996,5.421022142882376
2018-05-25 18:00:00,0.99,0.02,0.75,0.98,28.5,70.0,22.6,995.5,11.5,-4.898587196589413e-16,4.0
2018-05-25 19:00:00,0.95,0.09,0.21,0.94,28.1,73.0,22.8,996.3,8.6,-3.9858260519352027,2.4906205418960625
2018-05-25 20:00:00,0.97,0.0,0.46,0.96,27.5,75.0,22.8,996.7,8.6,-1.7677669529663689,1.7677669529663687
2018-05-25 21:00:00,0.99,0.02,0.66,0.99,27.2,77.0,22.8,997.4,7.2,-1.4364846019678092,3.9467090073008153
2018-05-25 22:00:00,0.97,0.11,0.27,0.96,27.0,78.0,22.8,997.8,9.0,-5.755839955992561e-16,4.7
2018-05-25 23:00:00,0.96,0.06,0.52,0.95,26.6,82.0,23.3,997.5,8.3,-3.061616997868383e-16,2.5
2018-05-26 00:00:00,0.97,0.07,0.94,0.86,26.7,80.0,23.0,996.8,3.2,-1.046162167924669,0.3399186938124421
2018-05-26 01:00:00,0.94,0.01,0.66,0.92,26.6,79.0,22.8,995.8,7.2,-3.616017032810471,-1.4609657143220567
2018-05-26 02:00:00,0.77,0.02,0.45,0.68,26.5,78.0,22.5,995.0,7.9,-4.685893304218874,-1.4326213531414103
2018-05-26 03:00:00,0.87,0.03,0.18,0.86,26.2,83.0,23.2,994.6,7.9,-1.4474368994146258,1.7874357113510329
2018-05-26 04:00:00,0.23,0.08,0.12,0.14,25.9,82.0,22.5,994.6,5.0,-0.3449439287832573,3.2819222547153015
2018-05-26 05:00:00,0.66,0.0,0.02,0.87,25.7,80.0,22.0,995.3,10.4,1.0461621679246689,0.33991869381244233
2018-05-26 06:00:00,0.97,0.03,0.07,0.97,26.4,76.0,21.8,996.3,7.9,2.4905416147351485,-2.1649947956686733
2018-05-26 07:00:00,0.76,0.0,0.06,0.76,27.5,72.0,22.0,997.2,8.3,0.0,0.0
2018-05-26 08:00:00,0.65,0.0,0.04,0.64,29.5,63.0,21.7,997.6,13.3,-1.4474368994146258,1.7874357113510329
2018-05-26 09:00:00,0.51,0.0,0.09,0.46,31.6,54.0,21.2,997.8,19.8,-5.032023407672544,3.267834210090163
2018-05-26 10:00:00,0.83,0.05,0.29,0.76,33.0,50.0,21.1,997.8,24.1,-6.1886185578267305,5.379684037722158
2018-05-26 11:00:00,0.85,0.1,0.23,0.81,33.8,47.0,20.9,997.2,25.9,-7.587037345449281,5.717242719944459
2018-05-26 12:00:00,0.91,0.08,0.32,0.89,34.6,45.0,20.8,996.0,26.3,-7.208537989743127,5.0474726398892065
2018-05-26 13:00:00,0.92,0.32,0.49,0.87,34.1,43.0,19.8,994.8,30.6,-8.184684314867855,10.861442936643183
2018-05-26 14:00:00,0.92,0.37,0.49,0.88,32.3,53.0,21.4,994.3,35.6,-5.856477446640155,11.493984162029944
2018-05-26 15:00:00,0.88,0.24,0.59,0.82,31.9,54.0,21.5,993.7,32.0,-2.6047226650039543,14.772116295183121
2018-05-26 16:00:00,0.97,0.18,0.53,0.96,31.1,58.0,22.0,993.8,32.8,-5.3999999999999995,9.353074360871938
2018-05-26 17:00:00,0.97,0.31,0.28,0.91,29.8,66.0,22.6,995.0,23.8,-5.775660331676366,12.97234549852493
2018-05-26 18:00:00,0.9,0.21,0.52,0.84,28.9,71.0,23.1,995.1,27.0,-0.4134540543192561,7.889173324561134
2018-05-26 19:00:00,0.75,0.16,0.19,0.7,28.6,72.0,23.2,996.0,14.8,-1.0886485301985047,4.366330768241984
2018-05-26 20:00:00,0.47,0.17,0.29,0.29,28.1,76.0,23.5,997.2,9.0,2.5000000000000004,4.330127018922193
2018-05-26 21:00:00,0.54,0.11,0.43,0.21,27.5,82.0,24.1,998.3,9.4,4.345828698618606,0.6883116461770166
2018-05-26 22:00:00,0.87,0.18,0.29,0.81,27.0,85.0,24.3,998.0,8.3,3.281922254715302,-0.3449439287832548
2018-05-26 23:00:00,0.91,0.03,0.32,0.89,26.7,86.0,24.1,998.1,11.9,5.400153994423308,-3.244739871933341
2018-05-27 00:00:00,0.94,0.02,0.45,0.92,26.7,83.0,23.5,997.5,13.0,3.2693856872009652,-4.669166652447252
2018-05-27 01:00:00,0.94,0.03,0.05,0.94,26.5,82.0,23.2,996.2,11.2,1.7669289302057951,0.3434561916777803
2018-05-27 02:00:00,0.89,0.11,0.09,0.88,26.0,85.0,23.3,995.5,4.3,-1.453901549023942,2.1554976886431083
2018-05-27 03:00:00,0.97,0.11,0.06,0.97,25.9,85.0,23.2,995.1,10.8,-1.4273391840380396,5.7247447850283795
2018-05-27 04:00:00,1.0,0.15,0.19,1.0,25.8,85.0,23.1,995.2,11.2,1.7998053071223097,2.1449244407331385
2018-05-27 05:00:00,0.99,0.02,0.27,0.99,25.8,92.0,24.3,995.7,7.9,2.1665340833473743,2.875087836170254
2018-05-27 06:00:00,0.99,0.0,0.23,0.98,26.2,88.0,24.0,996.0,9.0,-2.867896404846534,2.493024310163927
2018-05-27 07:00:00,1.0,0.05,0.51,0.99,27.0,84.0,24.0,996.9,15.5,2.472403516545019,6.1194134401407965
2018-05-27 08:00:00,0.99,0.02,0.16,0.99,28.6,73.0,23.3,997.8,19.1,3.1997434936258236,5.772490067120012
2018-05-27 09:00:00,0.99,0.09,0.01,0.99,31.0,62.0,22.8,997.9,23.4,3.9754388860199628,7.171881598543045
2018-05-27 10:00:00,0.98,0.19,0.17,0.98,32.7,54.0,22.1,997.8,28.4,8.273149339882604,8.273149339882607
2018-05-27 11:00:00,0.99,0.22,0.23,0.99,33.7,50.0,22.0,997.0,36.4,12.529370982346881,9.789017457677964
2018-05-27 12:00:00,1.0,0.16,0.19,1.0,34.0,48.0,21.6,995.9,36.4,9.702393792203445,10.775599969422217
2018-05-27 13:00:00,0.99,0.21,0.26,0.99,34.5,47.0,21.6,995.0,35.6,8.934335834845589,12.2970583144992
2018-05-27 14:00:00,0.98,0.18,0.23,0.98,34.0,49.0,21.7,994.2,34.6,7.571208959833809,10.81280698461469
2018-05-27 15:00:00,0.99,0.15,0.23,0.98,33.8,49.0,21.8,993.1,30.6,10.093575728924977,10.824034783963725
2018-05-27 16:00:00,0.94,0.13,0.26,0.92,32.4,55.0,22.1,993.1,36.4,9.628601983062516,11.890333210291654
2018-05-27 17:00:00,0.85,0.01,0.41,0.95,30.8,58.0,21.6,994.3,31.7,13.736530772813436,10.351218398215229
2018-05-27 18:00:00,0.96,0.06,0.34,0.95,29.2,64.0,21.6,995.0,34.9,15.366209695331081,12.005398768850332
2018-05-27 19:00:00,0.95,0.06,0.19,0.95,28.2,68.0,21.6,996.3,43.2,18.67666660978901,13.077542748803857
2018-05-27 20:00:00,0.96,0.01,0.16,0.95,27.8,69.0,21.5,996.8,41.8,11.899669099704663,8.96704384496552
2018-05-27 21:00:00,0.94,0.02,0.17,0.93,27.5,71.0,21.7,997.4,26.6,6.410784584587485,6.874724795220204
2018-05-27 22:00:00,0.88,0.12,0.19,0.85,27.4,72.0,21.9,997.7,17.3,2.8729692039356167,7.8934180146016315
2018-05-27 23:00:00,0.87,0.01,0.14,0.85,26.9,75.0,22.1,997.4,15.5,2.5436338310878095,8.319851376878407
2018-05-28 00:00:00,0.84,0.0,0.01,0.84,26.8,76.0,22.1,996.7,22.7,7.571208959833809,10.81280698461469
2018-05-28 01:00:00,0.89,0.0,0.05,0.89,26.9,75.0,22.2,995.9,31.0,13.28288861192079,11.546638910232929
2018-05-28 02:00:00,0.95,0.0,0.02,0.95,26.8,78.0,22.5,995.2,38.2,15.75467030012076,14.185568854807793
2018-05-28 03:00:00,1.0,0.0,0.03,1.0,26.7,76.0,22.1,994.8,39.2,15.760215072134443,12.313229506513162
2018-05-28 04:00:00,1.0,0.03,0.06,1.0,26.6,76.0,22.0,995.1,36.4,13.736530772813436,10.351218398215229
2018-05-28 05:00:00,1.0,0.01,0.14,0.96,25.1,86.0,22.7,996.0,32.8,-0.6794350112397493,6.4643923198937765
2018-05-28 06:00:00,0.94,0.09,0.25,0.92,25.5,85.0,22.8,996.5,14.8,0.6623836448822004,7.571079705497266
2018-05-28 07:00:00,0.86,0.06,0.24,0.83,27.2,76.0,22.6,997.1,33.5,12.020128301138284,14.325031086324888
2018-05-28 08:00:00,0.89,0.04,0.23,0.88,29.1,67.0,22.5,997.4,41.0,14.071424945612293,14.071424945612298
2018-05-28 09:00:00,1.0,0.02,0.27,0.99,30.9,60.0,22.4,997.4,40.7,15.523811846052425,12.128531063915464
2018-05-28 10:00:00,0.94,0.01,0.12,0.94,32.3,55.0,22.1,997.3,47.2,18.448480282092465,13.901927034812315
2018-05-28 11:00:00,0.96,0.0,0.1,0.96,34.2,47.0,21.3,996.6,49.7,19.086242631933505,13.36433096697938
2018-05-28 12:00:00,0.86,0.0,0.13,0.85,35.0,43.0,20.5,995.5,53.6,20.376782186964814,17.09815041766195
2018-05-28 13:00:00,0.77,0.03,0.1,0.76,34.8,44.0,20.7,994.8,58.7,22.85231185459494,17.854182784444085
2018-05-28 14:00:00,0.96,0.02,0.17,0.95,33.7,48.0,21.3,994.1,63.4,25.875790525532288,19.498806750126363
2018-05-28 15:00:00,0.88,0.0,0.13,0.86,31.5,58.0,22.4,993.4,63.7,22.132442251138936,22.132442251138944
2018-05-28 16:00:00,0.99,0.0,0.24,0.98,31.4,60.0,22.6,993.3,60.8,17.69875957918392,16.504360313512464
2018-05-28 17:00:00,0.88,0.0,0.17,0.97,30.4,62.0,22.4,993.7,47.9,14.144056498516864,11.453631117107047
2018-05-28 18:00:00,0.91,0.06,0.22,0.9,28.6,70.0,22.7,994.8,37.1,14.818399886976216,14.309962431455345
2018-05-28 19:00:00,0.95,0.0,0.06,0.95,27.5,75.0,22.6,995.5,40.7,14.033844720411379,17.330354940490448
2018-05-28 20:00:00,0.91,0.0,0.13,0.91,27.9,72.0,22.4,996.1,47.5,19.779069915528726,15.453103030674018
2018-05-28 21:00:00,0.9,0.0,0.1,0.89,28.0,71.0,22.2,997.0,46.1,13.61530406099635,14.099060086637563
2018-05-28 22:00:00,0.67,0.0,0.02,0.67,27.6,73.0,22.2,997.3,36.4,11.184504408545783,13.329173310270216
2018-05-28 23:00:00,0.47,0.01,0.01,0.46,27.1,75.0,22.4,997.1,32.4,10.531762905160846,13.976121425827625
2018-05-29 00:00:00,0.22,0.01,0.02,0.21,26.8,74.0,21.7,996.2,34.2,11.579495195317012,14.299485690808261
2018-05-29 01:00:00,0.68,0.0,0.01,0.68,26.1,77.0,21.9,995.1,33.5,12.660380485960262,12.225987320078353
2018-05-29 02:00:00,0.92,0.0,0.01,0.92,26.3,78.0,22.1,994.8,31.3,13.329173310270214,11.184504408545786
2018-05-29 03:00:00,0.82,0.0,0.01,0.82,26.4,79.0,22.4,994.4,31.0,12.336204102924748,11.107568065557047
2018-05-29 04:00:00,0.87,0.01,0.01,0.87,26.2,78.0,22.2,994.5,29.9,10.775574088987474,11.555388485582895
2018-05-29 05:00:00,0.92,0.0,0.02,0.79,26.1,78.0,21.9,995.0,31.3,11.17228714274745,11.172287142747454
2018-05-29 06:00:00,0.42,0.01,0.03,0.41,27.0,75.0,22.2,995.7,29.2,11.525840533340725,11.525840533340729
2018-05-29 07:00:00,0.42,0.01,0.03,0.41,28.6,68.0,22.1,996.3,37.1,13.26797487576685,13.739390186468237
2018-05-29 08:00:00,0.03,0.0,0.03,0.0,30.5,60.0,21.8,996.8,38.2,12.856405480758923,11.575959490008247
2018-05-29 09:00:00,0.24,0.23,0.03,0.0,32.5,51.0,21.0,997.1,36.4,14.34457133944553,4.385575570841056
2018-05-29 10:00:00,0.15,0.14,0.08,0.0,34.3,44.0,20.5,996.8,37.4,16.197532661533536,-0.2827289842839867
2018-05-29 11:00:00,0.37,0.32,0.22,0.06,35.7,39.0,19.8,996.1,46.4,21.191736671069602,2.9783043605454087
2018-05-29 12:00:00,0.4,0.32,0.37,0.0,37.0,36.0,19.6,995.0,47.9,23.396436066659554,-0.4083863106324252
2018-05-29 13:00:00,0.55,0.19,0.54,0.01,36.8,36.0,19.4,994.1,50.0,24.796222839878503,0.43281967964463075
2018-05-29 14:00:00,0.56,0.01,0.21,0.49,35.2,41.0,19.9,993.6,51.1,23.8,4.371989072956051e-15
2018-05-29 15:00:00,0.81,0.0,0.29,0.78,34.9,40.0,19.2,993.1,48.6,21.946409105716132,1.5346424223707626
2018-05-29 16:00:00,0.45,0.01,0.38,0.23,34.0,41.0,19.1,993.1,45.0,20.182151106540726,5.03197542847309
2018-05-29 17:00:00,0.39,0.0,0.03,0.96,33.2,47.0,20.5,994.3,43.6,15.854843913092065,6.405772747412101
2018-05-29 18:00:00,0.89,0.0,0.01,0.89,31.1,57.0,21.6,994.4,33.1,13.28288861192079,11.546638910232929
2018-05-29 19:00:00,0.32,0.0,0.01,0.31,29.4,65.0,22.1,995.4,36.0,15.154346248410926,12.271747625471837
2018-05-29 20:00:00,0.43,0.0,0.0,0.43,28.2,71.0,22.4,996.6,36.0,14.188261811411904,13.230768185212472
2018-05-29 21:00:00,0.85,0.0,0.0,0.85,27.6,73.0,22.2,997.3,35.3,11.575959490008248,12.856405480758921
2018-05-29 22:00:00,0.89,0.0,0.0,0.89,27.5,72.0,22.1,997.4,33.1,12.48056998914372,13.383772739630823
2018-05-29 23:00:00,0.93,0.0,0.01,0.93,27.1,75.0,22.2,997.0,33.5,10.027486711110011,11.950293312656056
2018-05-30 00:00:00,0.97,0.0,0.01,0.97,27.0,75.0,22.2,996.5,28.1,7.857997178009332,11.222383006759188
2018-05-30 01:00:00,0.95,0.01,0.02,0.95,26.8,76.0,22.1,995.5,24.5,4.309453805903425,11.840127021902445
2018-05-30 02:00:00,0.95,0.0,0.1,0.94,26.3,78.0,22.1,994.8,23.4,3.5281581544575875,12.304149708010483
2018-05-30 03:00:00,0.94,0.0,0.33,0.92,26.4,77.0,22.1,994.5,23.0,5.040431557511629,11.874512609536481
2018-05-30 04:00:00,0.33,0.01,0.32,0.02,26.8,75.0,22.0,994.4,23.8,7.582429754572902,10.436319227436822
2018-05-30 05:00:00,0.11,0.0,0.4,0.01,26.6,77.0,22.1,994.7,23.0,6.52441630044645,8.980088637561916
2018-05-30 06:00:00,0.17,0.0,0.16,0.02,27.4,74.0,22.4,995.2,23.4,7.876322380719139,10.840827724624296
2018-05-30 07:00:00,0.13,0.0,0.12,0.02,29.5,65.0,22.1,995.7,27.4,9.411577368862478,10.092681082344555
2018-05-30 08:00:00,0.6,0.0,0.1,0.56,31.6,56.0,21.9,996.2,32.0,11.169701787297026,9.709673629059509
2018-05-30 09:00:00,0.9,0.0,0.01,0.9,33.8,48.0,21.2,996.3,36.7,15.438918234159955,6.873849267981021
2018-05-30 10:00:00,0.94,0.0,0.0,0.94,35.0,45.0,21.2,996.4,40.3,16.20088542076295,6.8768678614112195
2018-05-30 11:00:00,0.96,0.01,0.0,0.96,36.7,39.0,20.5,995.7,42.1,17.949844642322585,7.61925700554084
2018-05-30 12:00:00,0.96,0.02,0.01,0.96,37.4,37.0,20.2,995.0,46.1,20.258695254989274,7.776584505133025
2018-05-30 13:00:00,0.96,0.01,0.37,0.96,37.6,36.0,20.0,994.0,47.5,22.31288658727748,5.978719941868227
2018-05-30 14:00:00,0.83,0.0,0.25,0.8,37.1,37.0,20.2,993.4,48.6,21.92651625676185,5.875192323827218
2018-05-30 15:00:00,0.94,0.02,0.13,0.94,35.2,45.0,21.3,993.5,49.0,20.132986637101336,9.819513688075341
2018-05-30 16:00:00,0.96,0.04,0.12,0.96,34.5,46.0,21.4,993.4,45.0,18.622036355536885,9.488401444556532
2018-05-30 17:00:00,0.97,0.0,0.13,0.91,33.5,48.0,20.9,994.1,42.1,17.196425916835498,8.762016644973256
2018-05-30 18:00:00,0.81,0.04,0.18,0.78,31.6,55.0,21.5,994.3,36.7,15.129806469249065,11.820700326252634
2018-05-30 19:00:00,0.79,0.01,0.17,0.76,31.0,57.0,21.4,995.1,35.3,16.511119986461935,8.779118224096157
2018-05-30 20:00:00,0.86,0.03,0.21,0.84,29.9,62.0,21.9,996.4,34.2,11.518744794899613,10.3715243985623
2018-05-30 21:00:00,0.83,0.03,0.27,0.77,29.2,66.0,22.3,997.3,28.1,7.582429754572902,10.436319227436822
2018-05-30 22:00:00,0.83,0.01,0.35,0.75,28.9,68.0,22.3,997.8,23.8,6.901510203794726,11.486041829408306
2018-05-30 23:00:00,0.94,0.0,0.28,0.92,28.5,69.0,22.3,997.4,25.6,7.996458519631678,11.855237287537099
2018-05-31 00:00:00,0.97,0.0,0.18,0.97,28.1,71.0,22.5,996.8,25.6,6.050000000000002,10.478907385791707
2018-05-31 01:00:00,0.95,0.01,0.14,0.95,27.9,73.0,22.5,996.1,21.6,4.734408385322037,9.706975700031004
2018-05-31 02:00:00,0.94,0.01,0.17,0.93,27.6,74.0,22.6,995.7,19.1,4.585304047369421,8.999165894302516
2018-05-31 03:00:00,0.97,0.0,0.34,0.95,27.5,75.0,22.6,995.6,18.4,4.363286582217032,7.871577364254563
2018-05-31 04:00:00,1.0,0.01,1.0,0.95,27.2,76.0,22.5,995.8,16.2,3.5875911898228936,6.47218583283153
2018-05-31 05:00:00,0.99,0.01,0.14,0.92,27.4,74.0,22.3,995.8,14.0,6.817795543758904,5.720809726210201
2018-05-31 06:00:00,0.81,0.0,0.14,0.78,28.0,71.0,22.2,996.5,17.3,6.85893577750951,6.858935777509512
2018-05-31 07:00:00,0.07,0.0,0.07,0.0,30.0,62.0,22.0,997.2,22.7,7.212489168102784,7.212489168102786
2018-05-31 08:00:00,0.14,0.0,0.05,0.09,32.1,53.0,21.2,997.9,23.8,6.410784584587485,6.874724795220204
2018-05-31 09:00:00,0.37,0.0,0.01,0.36,34.0,47.0,21.0,998.0,25.6,6.410784584587485,6.874724795220204
2018-05-31 10:00:00,0.73,0.0,0.0,0.73,35.7,42.0,20.9,997.6,28.4,8.196675541373063,6.8778274236459715
2018-05-31 11:00:00,0.68,0.0,0.15,0.65,37.1,37.0,20.1,997.0,28.8,6.472135954999579,4.702282018339786
2018-05-31 12:00:00,0.52,0.05,0.15,0.48,38.1,33.0,19.2,996.3,25.6,5.766727053863696,3.603450996785794
2018-05-31 13:00:00,0.17,0.01,0.15,0.08,37.9,33.0,19.0,995.3,23.4,5.702441754805554,2.9055391983331007
2018-05-31 14:00:00,0.73,0.0,0.33,0.68,37.3,34.0,19.0,994.7,28.4,5.357087896926651,10.513876985422742
2018-05-31 15:00:00,0.55,0.0,0.32,0.43,36.0,40.0,20.1,994.4,40.3,15.503002606779281,10.45690729490296
2018-05-31 16:00:00,0.4,0.0,0.28,0.29,34.7,46.0,21.4,994.4,40.0,16.137295272493134,11.299455796115613
2018-05-31 17:00:00,0.15,0.01,0.1,0.06,33.5,49.0,21.5,995.0,40.7,14.171030757363546,14.67453192690848
2018-05-31 18:00:00,0.14,0.0,0.11,0.04,30.6,60.0,21.9,995.2,41.0,13.580421900103495,15.622488310611383
2018-05-31 19:00:00,0.27,0.0,0.12,0.19,29.0,67.0,22.1,996.5,37.8,12.31200315700299,13.673864788784053
2018-05-31 20:00:00,0.5,0.01,0.27,0.33,28.4,71.0,22.5,997.5,36.0,13.823701572134047,14.314862026739155
2018-05-31 21:00:00,0.88,0.01,0.24,0.84,28.2,71.0,22.5,998.1,37.1,14.33453255173574,13.367167857224974
2018-05-31 22:00:00,0.92,0.0,0.11,0.91,27.8,74.0,22.6,998.2,36.4,10.027486711110011,11.950293312656056
2018-05-31 23:00:00,0.93,0.0,0.1,0.92,27.6,75.0,22.8,998.7,30.6,10.863110603702513,12.946151088710728
2018-06-01 00:00:00,0.99,0.0,0.17,0.98,27.5,76.0,22.9,998.5,30.6,10.132058295902386,12.512049979457231
2018-06-01 01:00:00,0.98,0.0,0.23,0.98,27.5,75.0,22.8,997.7,29.5,9.711087304571791,9.377888001196464
2018-06-01 02:00:00,0.92,0.0,0.07,0.92,27.4,76.0,22.9,996.9,24.5,4.738350289172498,7.8859391664594325
2018-06-01 03:00:00,0.67,0.0,0.04,0.66,27.0,79.0,23.0,996.5,20.5,5.800000000000001,10.045894683899487
2018-06-01 04:00:00,0.19,0.0,0.02,0.17,26.7,79.0,22.9,996.7,23.0,9.030558815966966,9.351417404402465
2018-06-01 05:00:00,0.13,0.0,0.02,0.29,26.9,80.0,23.1,997.4,23.4,6.87782742364597,8.196675541373065
2018-06-01 06:00:00,0.58,0.0,0.01,0.58,27.6,77.0,23.1,997.8,18.4,3.9905082836800725,7.505054539300878
2018-06-01 07:00:00,0.36,0.0,0.01,0.35,29.1,69.0,22.8,998.4,18.4,3.5500000000000007,6.148780366869514
2018-06-01 08:00:00,0.43,0.0,0.01,0.43,31.2,60.0,22.4,998.8,21.2,5.051654523226905,5.811263767715346
2018-06-01 09:00:00,0.75,0.0,0.0,0.75,33.6,50.0,21.6,999.1,25.6,7.2085048071307245,6.490566881680923
2018-06-01 10:00:00,0.86,0.1,0.14,0.85,33.8,47.0,20.9,999.2,42.8,13.305703520511361,15.857119972562844
2018-06-01 11:00:00,0.66,0.04,0.15,0.62,35.2,45.0,21.5,998.7,46.1,14.840841682737453,9.273587124081088
2018-06-01 12:00:00,0.6,0.01,0.09,0.59,36.5,40.0,20.5,997.6,38.9,11.547056577408412,10.037703143554761
2018-06-01 13:00:00,0.58,0.17,0.26,0.47,35.2,45.0,21.4,996.8,45.7,13.749449590440403,12.821569169174975
2018-06-01 14:00:00,0.51,0.08,0.4,0.34,34.1,48.0,21.6,996.4,48.6,16.50436031351246,17.69875957918393
2018-06-01 15:00:00,0.85,0.07,0.17,0.82,34.2,48.0,21.6,995.3,52.6,17.314779474182664,10.403769113183099
2018-06-01 16:00:00,0.66,0.0,0.1,0.64,35.3,44.0,21.1,994.2,41.0,10.840827724624294,7.876322380719142
2018-06-01 17:00:00,0.22,0.0,0.1,0.86,32.8,53.0,22.0,994.9,46.8,9.064670118416954,15.086144492357178
2018-06-01 18:00:00,0.85,0.0,0.08,0.84,30.1,65.0,22.8,995.3,41.0,12.872497025205158,17.71747217681135
2018-06-01 19:00:00,0.98,0.0,0.11,0.98,29.0,69.0,22.8,996.0,40.7,14.049166217287468,15.065886253354915
2018-06-01 20:00:00,0.26,0.01,0.11,0.18,28.5,72.0,22.9,997.1,39.6,15.096070223017636,9.803502630270486
2018-06-01 21:00:00,0.28,0.0,0.1,0.23,28.8,70.0,22.8,997.6,31.0,5.760295472466236,7.9283665448744856
2018-06-01 22:00:00,0.23,0.0,0.1,0.16,27.6,76.0,22.9,998.3,28.1,10.102897498940617,8.181165083647892
2018-06-01 23:00:00,0.08,0.0,0.05,0.03,27.5,75.0,22.6,998.2,23.0,5.400000000000001,9.353074360871938
2018-06-02 00:00:00,0.09,0.02,0.04,0.05,27.4,75.0,22.6,997.8,19.8,6.156614753256582,7.88010753606722
2018-06-02 01:00:00,0.27,0.09,0.09,0.24,27.0,78.0,22.9,997.3,17.6,5.000000000000001,8.660254037844386
2018-06-02 02:00:00,0.14,0.08,0.1,0.11,26.9,79.0,23.0,997.0,18.0,5.379684037722157,6.1886185578267305
2018-06-02 03:00:00,0.21,0.08,0.12,0.17,26.9,79.0,22.9,996.4,14.4,2.116193003971519,6.145870741395559
2018-06-02 04:00:00,0.27,0.09,0.13,0.23,26.8,79.0,22.9,996.7,14.8,5.0474726398892065,7.208537989743128
2018-06-02 05:00:00,0.19,0.0,0.0,0.97,26.7,79.0,22.8,997.0,16.2,3.5875911898228936,6.47218583283153
2018-06-02 06:00:00,0.96,0.0,0.0,0.96,27.3,76.0,22.6,997.3,15.1,2.921931428644114,7.232034065620942
2018-06-02 07:00:00,0.98,0.01,0.03,0.98,28.6,69.0,22.4,998.4,23.8,4.403707847473602,8.642763284627168
2018-06-02 08:00:00,0.98,0.0,0.0,0.98,30.7,60.0,22.1,998.3,22.0,1.4333142502483949,4.998560818879258
2018-06-02 09:00:00,0.98,0.0,0.01,0.98,32.5,54.0,22.0,998.8,25.9,6.079910225321089,8.683011669463312
2018-06-02 10:00:00,0.9,0.2,0.14,0.89,32.7,53.0,22.0,999.4,38.9,10.553806428859248,15.072397614917447
2018-06-02 11:00:00,0.97,0.0,0.02,0.97,33.8,51.0,22.1,998.3,39.2,6.200000000000002,10.73871500692704
2018-06-02 12:00:00,0.9,0.2,0.46,0.86,32.5,54.0,22.1,998.4,45.7,16.463403379878237,17.04835326802603
2018-06-02 13:00:00,0.73,0.02,0.13,0.7,34.2,49.0,22.1,997.2,49.3,11.910808843926905,17.658500295422392
2018-06-02 14:00:00,0.96,0.2,0.2,0.96,33.8,52.0,22.5,996.5,49.7,17.572639805429905,13.729250899762176
2018-06-02 15:00:00,0.93,0.01,0.03,0.93,33.2,52.0,22.1,995.7,46.1,14.41681763465924,9.008627491964486
2018-06-02 16:00:00,0.82,0.04,0.05,0.81,32.8,54.0,22.4,995.8,38.9,12.297560733739024,7.100000000000006
2018-06-02 17:00:00,0.65,0.0,0.03,0.99,32.8,54.0,22.4,995.9,32.0,10.767204742114458,11.149766905249091
2018-06-02 18:00:00,0.95,0.11,0.13,0.94,30.8,61.0,22.5,996.2,32.0,9.729956520390992,14.425253762457727
2018-06-02 19:00:00,0.98,0.01,0.03,0.98,29.1,68.0,22.7,997.3,32.4,9.789017457677966,12.52937098234688
2018-06-02 20:00:00,0.98,0.02,0.04,0.98,28.6,71.0,22.9,998.1,29.2,10.790097005079767,10.419875556884959
2018-06-02 21:00:00,0.97,0.02,0.03,0.97,28.2,73.0,22.9,998.2,27.0,9.367828489024015,10.40402755668352
2018-06-02 22:00:00,0.96,0.08,0.02,0.96,28.0,74.0,22.9,999.0,25.6,9.653868861373049,9.00237835282498
2018-06-02 23:00:00,0.98,0.09,0.07,0.98,27.9,74.0,22.9,999.5,24.1,7.544678833390831,8.679160172561879
2018-06-03 00:00:00,0.98,0.03,0.01,0.98,27.5,76.0,22.9,998.4,20.2,4.605691392340201,8.30888721782426
2018-06-03 01:00:00,0.96,0.02,0.01,0.96,27.0,78.0,22.9,997.5,17.3,3.9905082836800725,7.505054539300878
2018-06-03 02:00:00,0.96,0.06,0.12,0.96,26.6,79.0,22.8,997.2,18.7,6.079910225321089,8.683011669463312
2018-06-03 03:00:00,0.85,0.09,0.25,0.81,26.6,78.0,22.5,997.4,19.1,5.793122007145566,8.273435647318816
2018-06-03 04:00:00,0.85,0.02,0.26,0.8,26.5,78.0,22.4,997.1,18.0,3.203995253612043,7.54813979831001
2018-06-03 05:00:00,0.87,0.0,0.37,0.91,27.3,76.0,22.8,997.7,15.1,5.020458146424486,5.020458146424488
2018-06-03 06:00:00,0.94,0.0,0.1,0.94,27.8,74.0,22.8,997.2,15.1,4.040515447681965,7.929958065276475
2018-06-03 07:00:00,0.81,0.0,0.07,0.8,29.3,67.0,22.5,998.1,27.7,7.883776803291833,10.462125181619536
2018-06-03 08:00:00,0.73,0.0,0.11,0.71,31.8,56.0,21.9,998.8,28.1,8.980088637561915,6.524416300446453
2018-06-03 09:00:00,0.53,0.0,0.09,0.49,33.8,48.0,21.3,998.4,27.0,5.750880114781583,4.656970893768801
2018-06-03 10:00:00,0.37,0.01,0.06,0.35,35.7,42.0,20.8,998.2,28.1,7.212489168102784,7.212489168102786
2018-06-03 11:00:00,0.54,0.28,0.22,0.45,34.7,44.0,20.8,998.0,37.4,13.289195940914198,10.761378686952227
2018-06-03 12:00:00,0.97,0.01,0.27,0.97,35.3,43.0,21.0,996.8,40.7,9.38914950521489,3.9854575105905927
2018-06-03 13:00:00,0.86,0.16,0.18,0.84,34.3,46.0,21.1,996.2,35.6,14.010734976180206,9.450360068655616
2018-06-03 14:00:00,0.88,0.04,0.16,0.86,35.2,43.0,20.9,995.6,38.9,10.403230962470193,7.2844207416582885
2018-06-03 15:00:00,0.94,0.0,0.14,0.94,35.1,44.0,21.0,994.7,38.5,10.05471104240922,3.6596155335846534
2018-06-03 16:00:00,0.94,0.52,0.34,0.91,33.2,52.0,21.9,995.2,31.0,8.994517443171862,-0.3140954703225115
2018-06-03 17:00:00,0.96,0.03,0.02,0.98,32.8,49.0,20.8,995.2,22.0,7.5238580476870105,5.466402846320002
2018-06-03 18:00:00,1.0,0.0,0.07,1.0,30.8,59.0,21.9,995.6,23.0,9.056514962673264,7.872708347886087
2018-06-03 19:00:00,1.0,0.0,0.03,1.0,29.2,67.0,22.5,996.8,25.9,8.68462139648776,10.724614268106198
2018-06-03 20:00:00,0.96,0.0,0.02,0.96,28.6,70.0,22.5,997.6,25.9,6.818308926592687,9.38459713474939
2018-06-03 21:00:00,0.97,0.0,0.05,0.97,28.0,73.0,22.6,998.4,21.6,7.988571260278469,8.272407703894487
2018-06-03 22:00:00,0.88,0.0,0.0,0.88,27.2,76.0,22.7,998.4,22.3,7.86650488812297,9.714324518212134
2018-06-03 23:00:00,0.96,0.0,0.04,0.96,27.1,76.0,22.6,998.4,22.0,8.556838308944293,7.979380812731233
2018-06-04 00:00:00,0.96,0.0,0.3,0.95,27.3,75.0,22.5,998.1,23.0,11.145254583239732,4.962187045524761
2018-06-04 01:00:00,0.98,0.01,0.11,0.98,27.2,75.0,22.4,996.7,22.0,5.760295472466236,7.9283665448744856
2018-06-04 02:00:00,1.0,0.0,0.05,1.0,26.8,78.0,22.6,996.3,25.2,10.070757204741117,9.725217186425962
2018-06-04 03:00:00,0.99,0.0,0.08,0.99,26.1,81.0,22.6,995.6,24.8,8.32037999276248,8.92251515975388
2018-06-04 04:00:00,1.0,0.03,0.11,1.0,25.9,82.0,22.5,995.8,22.3,7.494262791219212,8.323222045346816
2018-06-04 05:00:00,0.97,0.0,0.02,0.98,26.4,80.0,22.6,996.2,20.2,2.873804179836755,6.16289295184922
2018-06-04 06:00:00,0.97,0.0,0.0,0.97,27.0,77.0,22.6,996.1,14.0,1.0793978087775922,6.815049550106451
2018-06-04 07:00:00,0.97,0.0,0.01,0.97,28.5,71.0,22.7,996.7,20.2,4.981241083792125,7.971652103870405
2018-06-04 08:00:00,0.97,0.0,0.02,0.96,31.2,59.0,22.2,997.8,30.2,11.573653837646853,7.516018683207372
2018-06-04 09:00:00,0.96,0.03,0.09,0.96,32.8,53.0,22.0,998.1,31.7,11.138108726774528,4.727846654720214
2018-06-04 10:00:00,0.87,0.01,0.15,0.86,34.0,48.0,21.5,997.3,29.2,7.185941174554808,2.4743179738743906
2018-06-04 11:00:00,0.55,0.07,0.08,0.52,35.1,45.0,21.5,997.0,31.0,8.301805382450492,7.2166493188955805
2018-06-04 12:00:00,0.62,0.54,0.26,0.39,36.6,42.0,21.8,996.0,32.4,2.598896135221994,12.22684500917257
2018-06-04 13:00:00,1.0,0.0,0.77,1.0,31.8,61.0,23.4,995.8,41.8,12.992080751248245,0.4536934571325099
2018-06-04 14:00:00,0.98,0.15,0.25,0.97,31.7,59.0,22.6,995.2,30.2,7.208537989743126,5.047472639889208
2018-06-04 15:00:00,1.0,0.0,0.15,1.0,33.0,53.0,22.2,994.1,21.2,8.3,1.5246852649384548e-15
2018-06-04 16:00:00,0.91,0.01,0.11,0.91,33.0,52.0,21.9,993.9,22.0,7.871577364254564,4.3632865822170315
2018-06-04 17:00:00,0.96,0.14,0.51,0.97,34.5,43.0,20.1,993.4,29.5,8.683229630737467,8.991747504233139
2018-06-04 18:00:00,1.0,0.0,0.07,1.0,31.7,57.0,22.1,994.4,35.6,14.86126219650817,12.470079627918865
2018-06-04 19:00:00,0.99,0.0,0.13,1.0,30.1,64.0,22.5,995.3,36.4,14.007499957341757,9.808157061602895
2018-06-04 20:00:00,0.97,0.01,0.3,0.96,29.0,69.0,22.6,995.9,31.3,10.070757204741117,9.725217186425962
2018-06-04 21:00:00,0.97,0.05,0.43,0.96,28.5,70.0,22.5,997.1,25.6,10.414992207074254,9.053614600069
2018-06-04 22:00:00,0.95,0.09,0.26,0.94,28.1,71.0,22.3,997.7,24.5,9.355568503977862,4.7669002472652435
2018-06-04 23:00:00,0.97,0.1,0.18,0.97,28.0,71.0,22.2,997.2,18.4,4.971631089293718,6.13945309551007
2018-06-05 00:00:00,0.98,0.13,0.22,0.97,27.8,72.0,22.2,996.8,18.0,6.054188098612473,8.332875042061959
2018-06-05 01:00:00,0.98,0.0,0.35,0.97,27.4,73.0,22.1,996.4,19.1,4.981241083792125,7.971652103870405
2018-06-05 02:00:00,0.97,0.01,0.09,0.97,27.1,74.0,22.2,995.8,16.9,4.995869326627525,8.31452281681049
2018-06-05 03:00:00,0.96,0.03,0.17,0.95,26.8,76.0,22.2,995.7,19.4,5.815606196095766,8.621990754572435
2018-06-05 04:00:00,0.99,0.0,0.21,0.98,26.8,76.0,22.2,995.8,19.1,6.099957192168303,9.393110360988748
2018-06-05 05:00:00,0.98,0.0,0.28,0.99,26.9,74.0,21.9,995.9,22.3,5.777694242791446,5.387787044493739
2018-06-05 06:00:00,0.99,0.0,0.2,0.99,27.5,70.0,21.7,996.2,15.8,6.143371093601031,5.728786224524988
2018-06-05 07:00:00,0.97,0.01,0.19,0.97,29.2,63.0,21.5,996.6,19.1,6.88793918147854,3.2118987892293136
2018-06-05 08:00:00,0.97,0.0,0.09,0.96,31.4,54.0,21.0,997.4,18.7,4.71280049259058,2.197614961051636
2018-06-05 09:00:00,0.98,0.0,0.45,0.98,32.8,51.0,21.3,997.7,22.0,5.750175672340508,4.333068166694748
2018-06-05 10:00:00,0.98,0.0,0.9,0.96,33.8,47.0,20.8,997.7,23.8,6.874724795220201,6.410784584587487
2018-06-05 11:00:00,0.96,0.01,0.34,0.94,34.8,44.0,20.7,997.2,25.9,8.273435647318815,5.793122007145568
2018-06-05 12:00:00,0.57,0.08,0.22,0.48,36.5,38.0,20.0,996.5,31.0,9.351417404402465,9.030558815966964
2018-06-05 13:00:00,0.67,0.03,0.39,0.55,33.0,51.0,21.5,996.5,42.1,16.9084551824364,12.28471177291269
2018-06-05 14:00:00,0.86,0.02,0.39,0.82,34.5,45.0,20.8,995.5,45.0,17.596007509719847,5.379639366898362
2018-06-05 15:00:00,0.81,0.15,0.26,0.77,33.8,48.0,21.1,995.0,38.5,14.095217753389193,11.827292018232326
2018-06-05 16:00:00,0.88,0.0,0.05,0.88,33.0,54.0,22.3,995.1,41.4,14.299485690808257,11.579495195317016
2018-06-05 17:00:00,0.7,0.0,0.01,1.0,33.0,49.0,20.9,995.1,38.9,14.839772548735247,10.009552972126363
2018-06-05 18:00:00,1.0,0.0,0.0,1.0,30.5,61.0,22.1,995.2,36.0,13.968855700926154,13.026168677193724
2018-06-05 19:00:00,0.98,0.0,0.0,0.98,29.4,66.0,22.3,996.4,35.6,11.924411367519799,10.365732658050016
2018-06-05 20:00:00,0.93,0.0,0.01,0.93,28.8,68.0,22.4,997.7,29.5,11.169701787297026,9.709673629059509
2018-06-05 21:00:00,0.98,0.0,0.01,0.98,28.1,71.0,22.5,998.4,26.3,10.070757204741117,9.725217186425962
2018-06-05 22:00:00,1.0,0.0,0.01,1.0,27.8,74.0,22.7,998.7,24.8,9.711087304571791,9.377888001196464
2018-06-05 23:00:00,1.0,0.0,0.01,1.0,27.5,75.0,22.8,998.9,24.1,9.333809511662427,9.333809511662428
2018-06-06 00:00:00,0.98,0.0,0.01,0.98,27.2,77.0,22.9,998.6,23.8,8.227681403987702,9.80536887192292
2018-06-06 01:00:00,1.0,0.0,0.02,1.0,27.0,79.0,23.0,997.9,25.2,10.11162697096763,10.111626970967633
2018-06-06 02:00:00,0.98,0.0,0.02,0.98,27.0,79.0,23.0,997.5,25.6,9.663489671572243,7.281961780139784
2018-06-06 03:00:00,0.96,0.0,0.02,0.96,26.9,80.0,23.0,997.5,21.2,7.2008177653183925,6.042203531053471
2018-06-06 04:00:00,0.97,0.0,0.02,0.97,26.7,80.0,23.0,997.6,16.6,4.313351365237939,4.31335136523794
2018-06-06 05:00:00,0.97,0.0,0.02,0.87,27.0,79.0,23.1,998.0,14.4,7.928366544874485,5.760295472466238
2018-06-06 06:00:00,0.9,0.0,0.03,0.9,27.7,77.0,23.2,998.7,19.4,7.951649632608119,7.1596974880397815
2018-06-06 07:00:00,0.84,0.0,0.02,0.83,29.5,68.0,23.1,999.3,27.4,9.030558815966966,9.351417404402465
2018-06-06 08:00:00,0.95,0.0,0.01,0.95,31.9,58.0,22.5,999.8,28.1,8.301805382450492,7.2166493188955805
2018-06-06 09:00:00,0.87,0.0,0.02,0.86,34.2,49.0,22.0,1000.1,28.1,8.980088637561915,6.524416300446453
2018-06-06 10:00:00,0.94,0.08,0.03,0.94,36.2,43.0,21.6,999.8,36.0,10.738715006927036,6.2000000000000055
2018-06-06 11:00:00,0.97,0.12,0.37,0.96,36.3,44.0,22.0,999.4,38.5,12.300710585790936,11.878658134848854
2018-06-06 12:00:00,0.95,0.0,0.07,0.95,36.1,43.0,21.5,998.6,42.5,13.237501999306984,12.344170317131226
2018-06-06 13:00:00,0.99,0.0,0.08,0.99,35.2,45.0,21.6,997.8,46.4,12.108376197224946,16.665750084123918
2018-06-06 14:00:00,0.91,0.01,0.22,0.89,36.3,39.0,20.4,996.9,46.4,16.852977748617512,14.141327413103868
2018-06-06 15:00:00,0.69,0.13,0.26,0.63,35.1,45.0,21.4,996.6,46.4,15.17806978714554,14.657291616684843
2018-06-06 16:00:00,0.64,0.0,0.08,0.61,33.7,50.0,21.9,996.9,45.7,16.463403379878237,17.04835326802603
2018-06-06 17:00:00,0.1,0.0,0.05,0.11,34.0,50.0,22.1,996.7,52.6,14.045437201522752,12.646568460182417
2018-06-06 18:00:00,0.28,0.0,0.03,0.27,32.0,57.0,22.5,997.3,39.6,12.82156916917497,13.749449590440408
2018-06-06 19:00:00,0.28,0.0,0.02,0.27,30.1,66.0,23.0,998.3,35.3,12.005398768850334,15.36620969533108
2018-06-06 20:00:00,0.59,0.0,0.04,0.58,28.4,74.0,23.2,999.4,37.8,13.230768185212467,14.188261811411907
2018-06-06 21:00:00,0.3,0.02,0.09,0.25,27.9,75.0,23.1,1000.3,36.0,12.003171137099972,12.871825148497402
2018-06-06 22:00:00,0.32,0.03,0.09,0.28,27.6,77.0,23.2,1000.6,32.4,11.575959490008248,12.856405480758921
2018-06-06 23:00:00,0.99,0.01,0.07,0.98,27.4,77.0,23.0,1000.1,31.3,11.575959490008248,12.856405480758921
2018-06-07 00:00:00,0.99,0.02,0.03,0.98,27.0,77.0,22.7,999.6,32.4,11.02034040832928,14.105392489560323
2018-06-07 01:00:00,0.94,0.01,0.06,0.94,26.8,78.0,22.6,998.5,32.4,9.749403375063183,12.937895262766144
2018-06-07 02:00:00,0.94,0.0,0.06,0.94,26.9,77.0,22.5,997.6,28.8,4.794964395723674,11.86795333845488
2018-06-07 03:00:00,0.78,0.0,0.1,0.76,26.9,75.0,22.0,997.1,24.1,5.705346533499441,12.235155124994776
2018-06-07 04:00:00,0.84,0.0,0.11,0.82,26.8,74.0,21.8,997.2,23.8,6.083472696509926,11.93948742412413
2018-06-07 05:00:00,0.86,0.0,0.07,0.95,26.6,77.0,22.3,998.3,25.6,11.107568065557048,12.336204102924745
2018-06-07 06:00:00,0.97,0.0,0.14,0.97,27.2,74.0,22.2,998.9,29.5,11.114533927343958,11.509436805418417
2018-06-07 07:00:00,0.97,0.0,0.1,0.97,29.0,67.0,22.1,999.4,31.3,10.41987555688496,10.790097005079765
2018-06-07 08:00:00,0.99,0.0,0.14,0.99,31.5,57.0,21.9,999.8,35.6,12.484833068020226,11.241394186828817
2018-06-07 09:00:00,0.95,0.0,0.14,0.94,33.1,51.0,21.5,1000.0,37.8,14.790708301526907,7.53624229567648
2018-06-07 10:00:00,0.94,0.01,0.08,0.93,36.0,40.0,20.3,999.0,44.6,15.483719965604624,1.901161757120296
2018-06-07 11:00:00,0.87,0.0,0.2,0.84,37.7,33.0,18.9,998.0,46.1,19.032981579578717,5.457619645176578
2018-06-07 12:00:00,0.82,0.0,0.29,0.79,36.5,38.0,19.6,997.8,47.9,20.15905629060844,8.557011713915097
2018-06-07 13:00:00,0.96,0.0,0.37,0.95,36.0,37.0,19.1,997.2,48.2,20.13954566026545,6.934601689937437
2018-06-07 14:00:00,0.95,0.0,0.33,0.94,35.7,39.0,19.5,996.5,47.5,20.527258231989418,8.713304165310806
2018-06-07 15:00:00,0.94,0.01,0.18,0.94,34.1,46.0,20.8,996.3,50.8,21.910442715746292,12.650000000000011
2018-06-07 16:00:00,0.99,0.0,0.15,0.99,32.3,54.0,21.8,996.5,50.8,19.385064538725366,15.145272293011189
2018-06-07 17:00:00,0.99,0.0,0.01,0.99,31.5,55.0,21.5,997.5,49.0,18.321730353466425,12.3581631667035
2018-06-07 18:00:00,1.0,0.0,0.0,1.0,29.2,66.0,22.1,997.9,42.5,15.760215072134443,12.313229506513162
2018-06-07 19:00:00,1.0,0.0,0.0,1.0,28.2,71.0,22.5,998.7,37.4,13.712195531829703,11.505898213389056
2018-06-07 20:00:00,1.0,0.0,0.01,1.0,27.9,73.0,22.6,999.7,33.1,11.924411367519799,10.365732658050016
2018-06-07 21:00:00,1.0,0.0,0.74,1.0,27.5,75.0,22.6,1000.1,29.2,11.114533927343958,11.509436805418417
2018-06-07 22:00:00,1.0,0.0,0.04,1.0,27.5,76.0,22.8,1000.2,32.0,12.871825148497399,12.003171137099976
2018-06-07 23:00:00,1.0,0.0,0.05,1.0,27.5,76.0,23.0,1000.2,34.9,14.708053307884375,12.341522105981557
2018-06-08 00:00:00,0.96,0.0,0.0,0.96,27.0,78.0,22.9,999.2,37.1,13.749449590440403,12.821569169174975
2018-06-08 01:00:00,0.67,0.01,0.01,0.67,27.0,79.0,23.0,998.2,35.3,13.603178850116569,12.685169497162475
2018-06-08 02:00:00,0.19,0.0,0.0,0.19,27.0,77.0,22.5,997.7,34.6,13.968855700926154,13.026168677193724
2018-06-08 03:00:00,0.29,0.01,0.01,0.29,26.8,76.0,22.1,997.4,34.9,14.188261811411904,13.230768185212472
2018-06-08 04:00:00,0.02,0.0,0.0,0.02,26.5,78.0,22.3,997.4,36.4,13.749449590440403,12.821569169174975
2018-06-08 05:00:00,0.01,0.04,0.04,0.61,27.0,78.0,22.9,997.1,34.2,14.071424945612293,14.071424945612298
2018-06-08 06:00:00,0.32,0.01,0.15,0.25,28.0,74.0,23.0,997.3,36.0,13.018095888821232,12.139570809112476
2018-06-08 07:00:00,0.17,0.0,0.03,0.15,29.4,68.0,22.9,997.7,43.2,16.113211527585786,15.560347498281537
2018-06-08 08:00:00,0.3,0.0,0.04,0.28,31.6,58.0,22.3,998.5,46.8,17.250527017021525,12.999204500084243
2018-06-08 09:00:00,0.78,0.02,0.03,0.78,33.8,48.0,21.1,998.8,44.3,19.791905041740673,7.597400530360375
2018-06-08 10:00:00,0.89,0.13,0.23,0.88,35.5,42.0,20.5,998.3,62.3,22.68577602414433,6.505041597281174
2018-06-08 11:00:00,0.91,0.0,0.06,0.91,35.8,39.0,19.8,997.6,60.8,23.33994374638933,4.115461810706249
2018-06-08 12:00:00,0.95,0.11,0.23,0.95,35.5,41.0,20.4,996.8,61.2,23.71294283302892,9.102545918450637
2018-06-08 13:00:00,0.86,0.0,0.1,0.86,35.3,42.0,20.5,996.2,66.6,21.92509098342242,9.761679433819202
2018-06-08 14:00:00,0.41,0.0,0.1,0.36,34.5,46.0,21.1,995.5,65.9,23.112700078357804,10.290437069817743
2018-06-08 15:00:00,0.26,0.0,0.16,0.19,33.8,49.0,21.6,995.3,65.2,22.275163104709193,11.349762493488674
2018-06-08 16:00:00,0.21,0.0,0.07,0.19,32.7,53.0,21.7,995.3,52.9,20.78460969082652,12.00000000000001
2018-06-08 17:00:00,0.27,0.0,0.2,0.49,30.5,62.0,22.2,996.4,49.7,17.572639805429905,13.729250899762176
2018-06-08 18:00:00,0.94,0.0,0.4,0.93,28.6,68.0,22.2,996.8,42.5,16.126242712859458,14.52013415798722
2018-06-08 19:00:00,0.98,0.0,0.3,0.98,27.5,75.0,22.8,997.5,41.0,17.71892792121893,14.348504915936303
2018-06-08 20:00:00,0.97,0.0,0.24,0.96,27.1,77.0,22.8,998.1,44.3,18.4960738826759,14.97782530698614
2018-06-08 21:00:00,1.0,0.0,0.03,1.0,27.6,72.0,22.1,998.6,42.8,17.01093636400734,12.81865999313863
2018-06-08 22:00:00,1.0,0.0,0.03,1.0,27.3,76.0,22.8,998.7,37.8,15.091075529443865,12.662915910824827
2018-06-08 23:00:00,1.0,0.0,0.03,1.0,27.2,75.0,22.4,998.8,38.2,16.61161860898369,12.517752481562605
2018-06-09 00:00:00,0.99,0.0,0.25,0.98,27.1,79.0,23.1,997.8,42.8,18.448480282092465,13.901927034812315
2018-06-09 01:00:00,0.98,0.0,0.42,0.97,27.0,79.0,23.1,997.3,42.8,15.62248831061138,13.5804219001035
2018-06-09 02:00:00,0.97,0.0,0.26,0.97,26.5,80.0,22.8,996.7,38.5,14.818399886976216,14.309962431455345
2018-06-09 03:00:00,0.85,0.0,0.1,0.84,26.6,79.0,22.6,996.2,38.2,15.62248831061138,13.5804219001035
2018-06-09 04:00:00,0.63,0.0,0.24,0.57,26.1,81.0,22.6,996.4,40.7,14.818399886976216,14.309962431455345
2018-06-09 05:00:00,0.43,0.0,0.16,0.49,26.2,83.0,23.1,995.7,38.9,19.350934440278564,15.67007773714096
2018-06-09 06:00:00,0.4,0.0,0.17,0.35,26.8,80.0,23.0,996.3,51.5,20.436482700628346,18.4010916748686
2018-06-09 07:00:00,0.52,0.0,0.09,0.48,28.3,72.0,22.8,997.2,52.9,20.843580496146355,19.43695326178121
2018-06-09 08:00:00,0.77,0.0,0.17,0.74,29.8,65.0,22.5,998.1,56.5,21.22052410999021,20.49242192854042
2018-06-09 09:00:00,0.74,0.0,0.28,0.66,30.3,63.0,22.5,998.3,57.2,19.797763558081424,20.501184309651556
2018-06-09 10:00:00,0.82,0.04,0.09,0.8,31.8,59.0,22.7,997.9,70.2,23.40002044438568,17.633180178355015
2018-06-09 11:00:00,0.97,0.1,0.22,0.97,33.9,49.0,21.6,997.5,72.7,25.55787959443353,11.917834981087717
2018-06-09 12:00:00,0.98,0.17,0.53,0.96,34.5,45.0,20.8,997.0,69.1,27.325486834820257,9.408919663811826
2018-06-09 13:00:00,0.65,0.0,0.15,0.62,33.5,51.0,21.9,996.4,77.0,21.367331747186032,11.361211819418555
2018-06-09 14:00:00,0.6,0.11,0.39,0.47,32.8,54.0,22.5,995.7,78.1,23.29608336180139,13.450000000000012
2018-06-09 15:00:00,0.46,0.0,0.16,0.4,32.8,52.0,21.5,995.0,73.8,22.364263757128032,11.39516154346263
2018-06-09 16:00:00,0.5,0.0,0.09,0.47,31.4,58.0,22.2,994.6,52.9,21.306265614664575,14.371257619198186
2018-06-09 17:00:00,0.81,0.0,0.08,0.95,30.2,62.0,22.1,995.6,51.1,17.572639805429905,13.729250899762176
2018-06-09 18:00:00,0.99,0.0,0.06,0.99,27.6,75.0,22.9,995.8,45.0,16.24014219412233,13.627097325354637
2018-06-09 19:00:00,0.99,0.0,0.13,0.99,27.4,76.0,22.8,996.5,38.9,14.417009614261449,12.981133763361846
2018-06-09 20:00:00,0.52,0.0,0.31,0.44,27.1,78.0,23.0,997.7,40.3,17.572639805429905,13.729250899762176
2018-06-09 21:00:00,0.22,0.0,0.14,0.17,27.1,80.0,23.4,998.5,41.0,16.62316441568182,13.948491130197906
2018-06-09 22:00:00,0.61,0.0,0.18,0.58,26.7,81.0,23.1,998.6,41.0,15.903299265216239,14.319394976079563
2018-06-09 23:00:00,0.88,0.0,0.13,0.87,26.8,81.0,23.4,998.7,39.2,15.760215072134443,12.313229506513162
2018-06-10 00:00:00,0.47,0.0,0.13,0.42,26.6,82.0,23.3,997.9,36.7,14.095217753389193,11.827292018232326
2018-06-10 01:00:00,0.86,0.0,0.07,0.85,26.5,80.0,22.8,997.0,34.9,14.417009614261449,12.981133763361846
2018-06-10 02:00:00,0.97,0.0,0.04,0.97,26.0,82.0,22.6,996.6,35.3,14.188261811411904,13.230768185212472
2018-06-10 03:00:00,0.97,0.0,0.12,0.97,26.3,83.0,23.1,996.5,35.3,13.61530406099635,14.099060086637563
2018-06-10 04:00:00,0.98,0.02,0.05,0.98,26.4,82.0,23.1,996.8,37.8,14.518359942593044,15.034201827077807
2018-06-10 05:00:00,0.97,0.0,0.33,0.98,26.1,84.0,23.2,997.0,38.2,14.735801092445703,11.512869588589805
2018-06-10 06:00:00,0.98,0.0,0.19,0.98,26.9,81.0,23.3,997.7,37.1,14.071424945612293,14.071424945612298
2018-06-10 07:00:00,0.95,0.03,0.21,0.94,27.8,77.0,23.2,998.4,40.0,16.62316441568182,13.948491130197906
2018-06-10 08:00:00,0.97,0.0,0.16,0.97,29.7,69.0,23.3,999.2,44.3,16.528139806878706,14.367692734892108
2018-06-10 09:00:00,0.96,0.0,0.05,0.96,31.9,59.0,22.9,999.4,44.3,14.095217753389193,11.827292018232326
2018-06-10 10:00:00,0.97,0.14,0.22,0.97,33.1,53.0,22.3,999.5,47.5,21.179616093424695,7.292726659840309
2018-06-10 11:00:00,0.97,0.1,0.22,0.97,33.8,50.0,21.8,999.0,47.2,21.565707852085357,8.278299634496447
2018-06-10 12:00:00,0.98,0.02,0.12,0.98,35.1,43.0,20.6,998.2,70.6,22.281900813938723,6.812260720039775
2018-06-10 13:00:00,0.98,0.0,0.09,0.98,35.0,41.0,20.0,997.3,73.8,26.99474754481076,5.247247372854977
2018-06-10 14:00:00,0.95,0.0,0.08,0.95,34.5,45.0,20.9,996.7,70.6,23.743163889676477,6.808242688679872
2018-06-10 15:00:00,0.89,0.34,0.05,0.88,34.0,46.0,20.8,996.2,51.5,21.92509098342242,9.761679433819202
2018-06-10 16:00:00,0.1,0.0,0.07,0.06,33.0,48.0,20.6,996.2,49.7,19.82393643084444,8.826185154744861
2018-06-10 17:00:00,0.28,0.0,0.07,0.02,31.9,55.0,21.6,996.4,43.9,16.887495373796547,9.750000000000009
2018-06-10 18:00:00,0.39,0.0,0.02,0.38,29.4,66.0,22.5,996.9,37.4,11.910524793187678,13.227977893497618
2018-06-10 19:00:00,0.55,0.0,0.16,0.48,28.4,72.0,22.9,997.8,33.5,9.296488277417438,11.898962379461501
2018-06-10 20:00:00,0.73,0.0,0.01,0.73,27.5,75.0,22.6,998.8,29.5,9.749403375063183,12.937895262766144
2018-06-10 21:00:00,0.81,0.0,0.07,0.8,27.5,76.0,22.9,999.2,33.1,12.685169497162471,13.603178850116574
2018-06-10 22:00:00,0.8,0.0,0.0,0.8,27.2,77.0,23.0,999.3,33.8,12.920645690537352,13.37972028629891
2018-06-10 23:00:00,0.92,0.0,0.0,0.92,26.9,77.0,22.5,998.9,37.4,14.390165397318716,15.4315631041645
2018-06-11 00:00:00,0.74,0.0,0.01,0.73,26.5,79.0,22.6,999.0,38.9,14.390165397318716,15.4315631041645
2018-06-11 01:00:00,0.92,0.01,0.02,0.92,26.5,80.0,22.9,998.4,38.2,14.657291616684846,15.178069787145539
2018-06-11 02:00:00,0.98,0.0,0.06,0.97,26.5,79.0,22.5,997.8,39.2,12.981133763361848,14.417009614261447
2018-06-11 03:00:00,0.99,0.0,0.13,0.99,26.2,80.0,22.6,997.9,36.7,12.984309715668092,15.474097751003356
2018-06-11 04:00:00,0.98,0.0,0.18,0.98,26.5,78.0,22.5,998.1,36.7,14.188261811411904,13.230768185212472
2018-06-11 05:00:00,0.99,0.0,0.07,0.98,26.7,77.0,22.4,998.3,34.9,17.018016503432328,15.32309088561785
2018-06-11 06:00:00,0.97,0.01,0.03,0.97,27.0,77.0,22.7,998.9,42.5,15.897409587484193,15.35194998714384
2018-06-11 07:00:00,0.97,0.0,0.02,0.97,28.2,70.0,22.4,999.4,46.1,16.192960673884368,17.98410477655294
2018-06-11 08:00:00,0.97,0.0,0.04,0.97,29.8,62.0,21.7,1000.1,52.6,19.91628132279417,17.932700250417398
2018-06-11 09:00:00,1.0,0.0,0.06,0.99,31.8,55.0,21.5,1000.4,55.4,21.827897874906203,17.05382286652073
2018-06-11 10:00:00,0.99,0.0,0.01,0.99,33.4,48.0,20.9,1000.1,55.1,20.46812995768617,14.870966882999573
2018-06-11 11:00:00,0.92,0.16,0.32,0.91,34.5,46.0,21.0,999.6,58.3,22.381863712243725,9.965047755357102
2018-06-11 12:00:00,0.91,0.23,0.38,0.88,34.3,46.0,20.9,998.8,61.2,23.39834625756912,8.516301568809146
2018-06-11 13:00:00,0.95,0.3,0.41,0.92,34.2,46.0,20.8,998.0,62.6,25.130659310548307,6.265777096031395
2018-06-11 14:00:00,0.96,0.06,0.8,0.91,33.5,48.0,21.0,997.2,68.4,22.65769467591625,10.56545654351748
2018-06-11 15:00:00,0.93,0.01,0.17,0.92,32.8,50.0,21.1,996.8,49.3,20.579268395211393,7.490241138832141
2018-06-11 16:00:00,0.99,0.0,0.5,0.99,33.0,50.0,21.0,996.8,46.1,19.791905041740673,7.597400530360375
2018-06-11 17:00:00,0.99,0.0,0.22,0.95,31.0,60.0,22.2,997.0,42.8,16.553208979033474,13.404524329361546
2018-06-11 18:00:00,0.96,0.0,0.2,0.96,28.9,68.0,22.4,997.2,41.0,14.520134157987224,16.126242712859455
2018-06-11 19:00:00,0.94,0.0,0.14,0.94,27.7,73.0,22.5,998.1,40.0,13.055574676911089,15.018720646433165
2018-06-11 20:00:00,0.97,0.0,0.1,0.97,27.5,74.0,22.5,999.2,36.4,13.823701572134047,14.314862026739155
2018-06-11 21:00:00,1.0,0.0,0.16,1.0,27.3,76.0,22.8,1000.2,36.4,14.792307772366332,12.858756968213944
2018-06-11 22:00:00,1.0,0.0,0.15,1.0,27.1,77.0,22.8,1000.2,36.4,14.045437201522752,12.646568460182417
2018-06-11 23:00:00,0.98,0.0,0.12,0.98,27.1,74.0,22.1,1000.0,36.4,15.06588625335491,14.049166217287471
2018-06-12 00:00:00,0.98,0.0,0.12,0.98,26.6,78.0,22.5,999.8,40.0,15.537739687314867,15.004620801914342
2018-06-12 01:00:00,0.99,0.01,0.17,0.99,26.6,77.0,22.1,999.0,40.0,15.897409587484193,15.35194998714384
2018-06-12 02:00:00,0.99,0.02,0.12,0.99,26.3,78.0,22.1,998.3,41.4,15.485638507985389,15.485638507985394
2018-06-12 03:00:00,0.98,0.0,0.1,0.97,26.3,77.0,21.9,997.7,39.6,13.711633705901596,15.773430226655936
2018-06-12 04:00:00,0.9,0.02,0.04,0.89,26.0,79.0,22.0,997.9,38.2,12.901068016521672,15.931492209867901
2018-06-12 05:00:00,0.95,0.0,0.03,0.99,26.6,78.0,22.4,998.1,37.1,15.213018313052041,15.753541627416457
2018-06-12 06:00:00,0.96,0.01,0.01,0.96,27.1,74.0,22.0,998.3,39.6,14.03966322039685,16.150785016767323
2018-06-12 07:00:00,0.98,0.01,0.01,0.98,28.5,69.0,22.1,998.8,45.0,16.255005868740536,16.832551327924435
2018-06-12 08:00:00,0.98,0.07,0.04,0.97,30.5,59.0,21.5,999.6,46.8,15.140363593387463,16.236052175945588
2018-06-12 09:00:00,0.99,0.41,0.0,0.99,32.2,53.0,21.3,999.9,45.0,16.85727841570303,10.947244603802043
2018-06-12 10:00:00,1.0,0.27,0.11,1.0,33.9,46.0,20.8,999.8,42.8,15.924733964727217,6.759648522864437
2018-06-12 11:00:00,1.0,0.07,0.28,1.0,35.3,40.0,19.8,998.9,43.2,15.45473209159413,3.2850047149206048
2018-06-12 12:00:00,1.0,0.02,0.21,1.0,36.2,38.0,19.7,998.0,44.6,17.975593714046564,5.154418553777879
2018-06-12 13:00:00,0.99,0.01,0.12,0.99,36.3,37.0,19.4,997.1,50.0,21.92332645766779,5.061398722736969
2018-06-12 14:00:00,0.97,0.15,0.13,0.96,36.5,37.0,19.2,996.7,51.5,22.008321016510624,4.678013043399595
2018-06-12 15:00:00,0.99,0.06,0.1,0.99,35.0,42.0,20.0,996.3,50.8,19.477682657345927,6.706703981817427
2018-06-12 16:00:00,0.98,0.54,0.36,0.98,34.3,42.0,19.5,996.3,49.3,21.33102249184012,7.7638572534926755
2018-06-12 17:00:00,1.0,0.01,0.12,0.89,31.9,55.0,21.8,996.6,45.4,20.914882137131535,12.566929027805326
2018-06-12 18:00:00,0.97,0.06,0.09,0.97,29.1,67.0,22.5,997.2,47.2,16.688683367856708,16.116074194648736
2018-06-12 19:00:00,0.99,0.02,0.15,0.98,28.4,69.0,22.1,998.2,42.8,12.981133763361848,14.417009614261447
2018-06-12 20:00:00,0.99,0.01,0.07,0.99,27.6,73.0,22.4,998.9,37.8,14.309962431455347,14.818399886976213
2018-06-12 21:00:00,0.99,0.12,0.03,0.99,27.3,76.0,22.6,999.5,37.4,13.823701572134047,14.314862026739155
2018-06-12 22:00:00,0.99,0.13,0.02,0.99,27.0,77.0,22.5,999.4,36.0,12.202697939223432,14.037598192143562
2018-06-12 23:00:00,0.99,0.28,0.03,0.99,26.8,78.0,22.6,999.7,33.8,11.205038850926979,14.34179571564234
2018-06-13 00:00:00,1.0,0.22,0.07,1.0,26.6,79.0,22.8,999.1,33.1,10.050310886639208,13.33721301778979
2018-06-13 01:00:00,0.99,0.02,0.05,0.99,26.4,80.0,22.6,998.4,30.2,6.946054646015065,13.63239982008203
2018-06-13 02:00:00,1.0,0.01,0.03,1.0,26.2,80.0,22.4,997.8,28.1,6.550583056980839,14.047770699068076
2018-06-13 03:00:00,1.0,0.0,0.04,1.0,26.0,81.0,22.4,997.5,28.4,4.327506486326884,15.091808626231606
2018-06-13 04:00:00,0.98,0.01,0.08,0.98,25.9,80.0,22.2,997.6,28.1,3.85640377202756,14.392294811707119
2018-06-13 05:00:00,0.98,0.01,0.04,0.98,26.3,79.0,22.3,997.6,26.3,9.095471884750951,14.005798484688581
2018-06-13 06:00:00,0.99,0.01,0.02,0.98,27.1,73.0,21.9,997.9,29.5,8.932080174246444,13.754197314304953
2018-06-13 07:00:00,0.99,0.06,0.01,0.99,28.8,65.0,21.5,998.7,33.8,10.168684864659784,13.995994002686592
2018-06-13 08:00:00,0.99,0.06,0.01,0.99,30.6,56.0,21.0,999.6,36.4,9.698456662825805,13.348780407186633
2018-06-13 09:00:00,0.99,0.15,0.0,0.98,32.1,52.0,21.0,999.9,35.3,9.628601983062516,11.890333210291654
2018-06-13 10:00:00,0.97,0.59,0.05,0.96,34.3,45.0,20.5,999.7,38.9,16.24532266135759,4.658271313307281
2018-06-13 11:00:00,0.92,0.21,0.22,0.92,36.0,37.0,19.1,999.0,39.6,15.097700196861508,0.26353133720298083
2018-06-13 12:00:00,0.95,0.11,0.24,0.93,35.7,41.0,20.4,998.1,41.8,16.886195823831606,10.146250075728071
2018-06-13 13:00:00,0.98,0.05,0.27,0.98,34.0,49.0,21.9,997.6,52.2,17.330354940490444,14.033844720411384
2018-06-13 14:00:00,0.97,0.03,0.18,0.96,35.7,42.0,20.7,996.7,54.0,22.748325454619916,10.60771836969155
2018-06-13 15:00:00,0.55,0.0,0.13,0.5,34.7,43.0,20.4,996.2,54.4,22.655927349536505,10.087068748279842
2018-06-13 16:00:00,0.74,0.0,0.09,0.72,33.6,47.0,20.6,996.3,50.4,20.815949029917626,11.538468961862817
2018-06-13 17:00:00,0.95,0.0,0.84,0.99,32.8,48.0,20.4,996.6,48.2,16.166232664823315,10.904261617679559
2018-06-13 18:00:00,1.0,0.0,0.66,1.0,30.0,63.0,22.3,997.4,40.3,14.674531926908482,14.171030757363543
2018-06-13 19:00:00,1.0,0.0,0.5,1.0,28.6,69.0,22.4,998.2,38.5,11.89415539084193,14.688058671536746
2018-06-13 20:00:00,0.98,0.0,0.03,0.98,27.5,74.0,22.4,998.9,36.0,12.530727453718686,14.414952982254949
2018-06-13 21:00:00,0.98,0.0,0.25,0.98,27.1,75.0,22.2,999.6,35.3,12.003171137099972,12.871825148497402
2018-06-13 22:00:00,0.98,0.0,0.2,0.98,26.9,75.0,22.0,1000.0,33.8,12.82156916917497,13.749449590440408
2018-06-13 23:00:00,0.96,0.0,0.07,0.95,26.8,75.0,22.0,999.9,33.8,12.232947314527271,12.232947314527275
2018-06-14 00:00:00,0.97,0.0,0.09,0.97,26.4,78.0,22.1,999.1,32.4,12.586500705120546,12.58650070512055
2018-06-14 01:00:00,0.99,0.0,0.02,0.99,26.5,78.0,22.2,998.7,32.0,11.457572449049973,12.286742187202066
2018-06-14 02:00:00,0.99,0.0,0.42,0.99,26.3,78.0,22.2,998.2,30.2,10.132058295902386,12.512049979457231
2018-06-14 03:00:00,1.0,0.0,0.06,1.0,26.6,77.0,22.2,998.0,31.0,10.693762172545265,12.301766157631187
2018-06-14 04:00:00,0.99,0.0,0.05,0.99,26.2,78.0,22.1,998.1,30.6,9.80815706160289,14.00749995734176
2018-06-14 05:00:00,1.0,0.0,0.38,1.0,26.6,75.0,21.9,997.9,31.7,5.800000000000001,10.045894683899487
2018-06-14 06:00:00,1.0,0.0,0.47,1.0,27.2,72.0,21.6,998.6,22.3,7.288537128426666,10.031810730249349
2018-06-14 07:00:00,1.0,0.0,0.18,1.0,28.9,64.0,21.4,999.5,24.8,8.273149339882604,8.273149339882607
2018-06-14 08:00:00,0.99,0.0,0.92,0.98,31.0,55.0,20.9,1000.2,28.1,11.510672766296771,5.124881702755081
2018-06-14 09:00:00,0.96,0.0,0.93,0.89,30.7,56.0,20.9,1000.6,29.2,11.493984162029944,5.856477446640156
2018-06-14 10:00:00,0.86,0.0,0.02,0.86,32.2,51.0,20.6,1000.4,29.9,12.22684500917257,2.5988961352219975
2018-06-14 11:00:00,0.78,0.0,0.12,0.77,34.7,42.0,19.9,999.9,45.0,14.4,2.645237086158283e-15
2018-06-14 12:00:00,0.8,0.01,0.15,0.78,36.1,38.0,19.4,999.1,44.6,17.689217638237995,-0.6177210916342727
2018-06-14 13:00:00,0.98,0.03,0.53,0.98,35.0,42.0,20.1,998.6,46.1,15.058010258783414,7.672439445598343
2018-06-14 14:00:00,1.0,0.0,0.2,1.0,33.0,49.0,21.0,998.1,44.3,15.539877634317117,8.262699505031678
2018-06-14 15:00:00,0.99,0.03,0.11,0.99,34.8,40.0,19.3,997.3,41.0,18.33858922661633,4.5723238268337205
2018-06-14 16:00:00,0.99,0.0,0.12,0.99,34.2,41.0,19.0,997.6,43.2,18.31742420602707,3.2298561046049046
2018-06-14 17:00:00,0.99,0.0,0.15,1.0,33.0,45.0,19.6,997.5,42.5,18.721267796866474,6.446249458251701
2018-06-14 18:00:00,1.0,0.0,0.01,1.0,31.0,55.0,20.9,997.7,38.5,13.329173310270214,11.184504408545786
2018-06-14 19:00:00,1.0,0.0,0.0,1.0,28.5,69.0,22.2,998.4,35.6,12.64656846018242,14.04543720152275
2018-06-14 20:00:00,0.99,0.0,0.0,0.99,27.7,72.0,22.3,999.1,34.6,10.775574088987474,11.555388485582895
2018-06-14 21:00:00,0.98,0.0,0.0,0.98,27.5,74.0,22.4,999.9,29.2,10.348880515953283,12.333315534215547
2018-06-14 22:00:00,0.97,0.0,0.04,0.96,27.0,76.0,22.5,1000.2,29.5,10.693762172545265,12.301766157631187
2018-06-14 23:00:00,0.96,0.0,0.01,0.96,26.8,77.0,22.4,1000.1,29.2,10.541716798859243,12.563128867151239
2018-06-15 00:00:00,0.97,0.0,0.04,0.97,26.4,80.0,22.6,999.8,31.0,10.890579881242418,12.528179031698018
2018-06-15 01:00:00,0.99,0.0,0.01,0.99,26.2,80.0,22.5,999.0,29.2,10.348880515953283,12.333315534215547
2018-06-15 02:00:00,0.93,0.0,0.01,0.93,26.0,80.0,22.4,998.7,29.5,10.434574908956225,11.18971163477331
2018-06-15 03:00:00,0.96,0.0,0.02,0.96,26.0,79.0,22.1,998.4,27.7,8.741911491736934,10.4182044264181
2018-06-15 04:00:00,0.94,0.0,0.03,0.93,26.0,78.0,22.0,998.8,27.4,10.037703143554758,11.547056577408414
2018-06-15 05:00:00,0.93,0.0,0.03,0.99,26.9,75.0,22.0,998.3,27.7,8.323222045346816,7.49426279121921
2018-06-15 06:00:00,0.97,0.0,0.28,0.97,27.4,73.0,22.1,998.7,21.6,7.237184497073133,8.937178556755164
2018-06-15 07:00:00,0.74,0.0,0.0,0.74,28.5,67.0,21.9,999.9,28.1,9.725217186425963,10.070757204741115
2018-06-15 08:00:00,0.69,0.0,0.62,0.31,31.5,55.0,21.4,1000.5,30.2,8.683229630737467,8.991747504233139
2018-06-15 09:00:00,0.81,0.0,0.67,0.54,32.7,50.0,21.0,1000.6,29.2,9.714324518212132,7.866504888122973
2018-06-15 10:00:00,0.73,0.07,0.01,0.71,33.5,48.0,21.1,1000.3,32.8,12.609700422108308,5.094649670456407
2018-06-15 11:00:00,0.98,0.06,0.02,0.98,36.2,41.0,20.8,999.3,44.6,13.001962732098352,3.2417534010355484
2018-06-15 12:00:00,1.0,1.0,0.05,0.96,37.2,38.0,20.6,998.8,37.4,14.047770699068076,6.550583056980837
2018-06-15 13:00:00,0.96,0.0,0.34,0.95,35.5,41.0,20.5,998.4,44.3,15.934740790963058,10.348141665285512
2018-06-15 14:00:00,0.98,0.0,0.09,0.97,36.0,39.0,19.9,997.2,43.9,15.51472814270823,9.322189155871985
2018-06-15 15:00:00,0.97,0.06,0.06,0.97,35.0,44.0,20.9,996.8,44.6,16.941781959761958,13.719184524886465
2018-06-15 16:00:00,0.96,0.01,0.05,0.96,33.7,47.0,21.0,997.3,45.4,18.279551879213376,10.13252106314844
2018-06-15 17:00:00,0.89,0.0,0.06,0.78,33.3,48.0,20.7,997.2,42.1,20.219499876469428,10.750898787796897
2018-06-15 18:00:00,0.47,0.0,0.03,0.47,31.5,55.0,21.2,997.6,43.2,15.413665343912752,11.615029946834532
2018-06-15 19:00:00,0.98,0.0,0.06,0.98,29.2,65.0,22.0,998.7,36.4,12.82156916917497,13.749449590440408
2018-06-15 20:00:00,0.94,0.0,0.05,0.94,27.9,71.0,22.2,999.3,36.0,14.099060086637564,13.615304060996348
2018-06-15 21:00:00,0.82,0.0,0.03,0.82,27.7,72.0,22.2,1000.3,35.6,10.773002762377619,11.964631690186048
2018-06-15 22:00:00,0.93,0.0,0.03,0.93,27.0,76.0,22.4,1000.8,34.6,12.64656846018242,14.04543720152275
2018-06-15 23:00:00,0.95,0.0,0.05,0.95,27.0,76.0,22.4,1000.6,34.2,10.818733752154177,10.81873375215418
2018-06-16 00:00:00,1.0,0.0,0.03,1.0,26.7,78.0,22.5,1000.3,30.6,11.218609395737671,12.905533821809405
2018-06-16 01:00:00,0.98,0.0,0.03,0.98,26.4,79.0,22.5,999.6,30.2,8.555651423102425,12.68427486009214
2018-06-16 02:00:00,0.96,0.0,0.03,0.96,26.3,80.0,22.5,999.0,30.2,9.636084130697576,13.761754344055063
2018-06-16 03:00:00,0.89,0.0,0.04,0.89,26.1,80.0,22.5,999.0,30.6,10.446718491427305,12.900622960185716
2018-06-16 04:00:00,0.52,0.0,0.04,0.51,26.0,81.0,22.4,999.0,29.5,9.333809511662427,9.333809511662428
2018-06-16 05:00:00,0.7,0.0,0.04,0.97,26.4,80.0,22.5,999.6,23.4,4.3500000000000005,7.534421012924615
2018-06-16 06:00:00,0.98,0.0,0.01,0.98,27.0,78.0,22.8,999.6,20.2,7.571776238003071,7.840803823691297
2018-06-16 07:00:00,0.94,0.0,0.07,0.94,28.8,69.0,22.5,1000.0,22.7,8.314522816810486,4.995869326627527
2018-06-16 08:00:00,0.95,0.0,0.13,0.94,31.5,55.0,21.4,1001.1,23.0,7.547628055792192,4.716281451675525
2018-06-16 09:00:00,0.96,0.0,0.31,0.94,33.3,47.0,20.5,1001.6,27.4,9.036509540849956,6.095202647831138
2018-06-16 10:00:00,0.94,0.01,0.22,0.93,34.7,43.0,20.4,1001.2,34.9,11.892549817311725,8.640443208699356
2018-06-16 11:00:00,0.9,0.0,0.06,0.89,36.5,38.0,19.8,1000.0,35.3,10.081199072728626,3.2755801403744442
2018-06-16 12:00:00,0.84,0.06,0.06,0.83,38.3,34.0,19.5,999.2,33.1,11.837607860567156,2.951447126315947
2018-06-16 13:00:00,0.75,0.06,0.66,0.6,39.0,32.0,19.1,998.3,35.3,14.359875713858068,6.095405604432671
2018-06-16 14:00:00,0.72,0.01,0.35,0.65,36.5,38.0,19.6,998.3,48.2,15.773430226655934,13.711633705901601
2018-06-16 15:00:00,0.8,0.02,0.07,0.79,36.8,34.0,18.1,997.7,47.9,17.66622127077508,6.4299786945225685
2018-06-16 16:00:00,0.69,0.01,0.13,0.67,33.8,47.0,21.0,998.0,49.7,20.86198316544808,13.036013900136844
2018-06-16 17:00:00,0.86,0.0,0.08,0.69,33.5,43.0,19.3,998.5,47.9,10.403230962470193,7.2844207416582885
2018-06-16 18:00:00,0.45,0.0,0.04,0.44,30.9,59.0,22.0,998.9,29.5,10.767204742114458,11.149766905249091
2018-06-16 19:00:00,0.66,0.0,0.08,0.65,29.0,67.0,22.2,1000.0,31.7,9.003005745879022,13.347504918136176
2018-06-16 20:00:00,0.87,0.0,0.06,0.86,28.7,68.0,22.1,1000.8,29.5,8.68462139648776,10.724614268106198
2018-06-16 21:00:00,0.92,0.0,0.04,0.92,28.2,70.0,22.2,1001.8,24.5,9.6873629022557,9.687362902255703
2018-06-16 22:00:00,0.93,0.0,0.03,0.93,27.4,74.0,22.4,1002.1,28.1,10.430427104910443,10.07254637165546
2018-06-16 23:00:00,0.99,0.0,0.09,0.99,27.3,73.0,22.1,1001.6,25.9,7.86650488812297,9.714324518212134
2018-06-17 00:00:00,0.99,0.0,0.02,0.99,26.7,77.0,22.4,1001.5,31.3,11.457572449049973,12.286742187202066
2018-06-17 01:00:00,1.0,0.03,0.02,1.0,26.1,79.0,22.3,1000.5,30.2,7.9062875991444335,9.42234665036343
2018-06-17 02:00:00,0.97,0.01,0.02,0.97,26.0,80.0,22.2,1000.6,29.9,10.446718491427305,12.900622960185716
2018-06-17 03:00:00,0.93,0.01,0.02,0.93,26.0,79.0,22.1,999.9,30.2,6.538771374401926,9.338333304894507
2018-06-17 04:00:00,0.87,0.0,0.01,0.87,26.0,79.0,22.1,999.9,28.1,9.698456662825805,13.348780407186633
2018-06-17 05:00:00,0.47,0.0,0.03,0.85,25.9,79.0,22.0,999.7,31.0,11.114533927343958,11.509436805418417
2018-06-17 06:00:00,0.88,0.0,0.0,0.88,26.5,78.0,22.4,999.9,29.2,8.188297621831254,10.480543022969403
2018-06-17 07:00:00,0.48,0.0,0.0,0.48,29.0,67.0,22.1,1000.3,28.1,8.184684314867857,10.861442936643183
2018-06-17 08:00:00,0.74,0.0,0.0,0.74,31.5,56.0,21.6,1000.7,29.5,7.5800772198694215,6.825132184860353
2018-06-17 09:00:00,0.76,0.01,0.0,0.76,33.5,49.0,21.2,1001.0,25.6,4.6580191058326,5.358438019581682
2018-06-17 10:00:00,0.87,0.01,0.0,0.87,35.4,43.0,20.9,1000.7,39.2,5.766727053863696,3.603450996785794
2018-06-17 11:00:00,0.96,0.06,0.01,0.95,37.8,33.0,19.0,999.6,36.4,11.160878248725057,1.7677094549546108
2018-06-17 12:00:00,0.96,0.01,0.13,0.96,38.2,31.0,18.2,998.8,44.3,20.18879447597595,2.1219278043333634
2018-06-17 13:00:00,0.93,0.01,0.19,0.93,37.7,32.0,18.2,998.3,45.0,21.24048764512429,2.608003948870149
2018-06-17 14:00:00,0.93,0.01,0.09,0.93,37.6,31.0,17.9,997.5,47.2,19.09765326979061,4.409040665139759
2018-06-17 15:00:00,0.93,0.0,0.11,0.93,37.8,32.0,18.1,996.7,42.5,18.754204144884696,1.311421706389561
2018-06-17 16:00:00,0.93,0.0,0.07,0.92,36.8,34.0,18.1,996.8,40.3,13.681224626137661,0.717002600528337
2018-06-17 17:00:00,0.73,0.0,0.9,0.81,35.5,36.0,18.0,997.3,29.9,7.571776238003071,7.840803823691297
2018-06-17 18:00:00,0.96,0.0,0.94,0.77,31.5,55.0,21.5,998.0,35.6,13.749449590440403,12.821569169174975
2018-06-17 19:00:00,0.99,0.0,0.98,0.9,30.4,59.0,21.5,999.2,35.3,12.932986131858652,8.723409294143647
2018-06-17 20:00:00,0.93,0.0,0.88,0.86,30.2,60.0,21.5,1000.1,28.8,12.915526746359532,8.387441139231415
2018-06-17 21:00:00,0.9,0.0,0.7,0.87,29.8,59.0,21.0,1000.6,33.8,16.66113784748917,7.072233425655857
2018-06-17 22:00:00,0.85,0.0,0.0,0.85,28.5,69.0,22.2,1000.9,33.5,12.915526746359532,8.387441139231415
2018-06-17 23:00:00,0.84,0.0,0.0,0.84,28.1,70.0,22.1,1000.9,27.7,11.855237287537099,7.996458519631676
2018-06-18 00:00:00,0.61,0.0,0.02,0.6,27.9,70.0,21.9,1000.3,25.6,11.500351344681016,8.666136333389495
2018-06-18 01:00:00,0.49,0.0,0.01,0.49,27.1,75.0,22.3,999.7,28.4,12.292967756264865,9.604319015080266
2018-06-18 02:00:00,0.55,0.0,0.09,0.54,26.7,77.0,22.4,999.3,28.1,11.950293312656054,10.027486711110015
2018-06-18 03:00:00,0.82,0.0,0.69,0.6,26.5,78.0,22.4,999.2,28.8,11.89033321029165,9.62860198306252
2018-06-18 04:00:00,0.8,0.0,0.63,0.69,26.3,79.0,22.4,999.0,28.1,9.381644114564251,10.792346997185643
2018-06-18 05:00:00,0.84,0.0,0.39,0.78,26.6,78.0,22.4,999.1,28.4,9.709673629059505,11.169701787297027
2018-06-18 06:00:00,0.75,0.0,0.34,0.64,27.1,75.0,22.2,999.5,27.0,10.434574908956225,11.18971163477331
2018-06-18 07:00:00,0.87,0.0,0.13,0.86,29.0,65.0,21.9,1000.4,30.6,10.11162697096763,10.111626970967633
2018-06-18 08:00:00,0.88,0.0,0.08,0.88,31.4,55.0,21.2,1000.8,29.9,9.805368871922918,8.227681403987706
2018-06-18 09:00:00,0.89,0.23,0.04,0.87,33.3,48.0,20.9,1001.1,30.6,10.800307988846612,6.489479743866685
2018-06-18 10:00:00,0.91,0.2,0.03,0.91,35.2,43.0,20.5,1000.8,38.2,11.226682204773434,5.7202802967182915
2018-06-18 11:00:00,0.94,0.51,0.08,0.91,36.5,40.0,20.6,1000.0,36.7,11.950293312656054,10.027486711110015
2018-06-18 12:00:00,0.91,0.01,0.07,0.91,36.4,37.0,19.5,999.1,45.7,18.021344974357813,12.61868159972302
2018-06-18 13:00:00,0.91,0.01,0.12,0.9,36.8,36.0,19.3,998.8,49.7,19.732581885080183,8.785511490437283
2018-06-18 14:00:00,0.89,0.01,0.11,0.88,36.4,35.0,18.4,997.9,49.7,21.298232995361275,9.93152915090643
2018-06-18 15:00:00,0.86,0.01,0.05,0.85,35.7,36.0,18.4,997.4,49.7,21.652375381224353,7.455510737068887
2018-06-18 16:00:00,0.85,0.0,0.07,0.85,34.5,40.0,19.0,997.5,49.3,19.413951400062004,9.46881677064408
2018-06-18 17:00:00,0.87,0.0,0.09,0.79,33.0,45.0,19.5,997.8,44.6,15.396075436544548,13.383604191406347
2018-06-18 18:00:00,0.85,0.0,0.05,0.85,29.3,64.0,21.8,998.3,43.6,13.480656518605883,17.889435425059357
2018-06-18 19:00:00,0.45,0.0,0.04,0.44,27.6,72.0,22.0,999.2,42.5,15.481362773418713,16.601729026755173
2018-06-18 20:00:00,0.25,0.0,0.06,0.22,26.9,74.0,21.9,1000.3,42.1,13.580421900103495,15.622488310611383
2018-06-18 21:00:00,0.35,0.0,0.03,0.34,27.0,73.0,21.7,1001.3,38.5,13.650264369720707,15.160154439738841
2018-06-18 22:00:00,0.4,0.0,0.11,0.37,27.1,70.0,21.1,1001.5,36.7,14.45872998680689,13.962633246225845
2018-06-18 23:00:00,0.82,0.0,0.18,0.79,26.9,71.0,21.1,1001.2,36.7,14.099060086637564,13.615304060996348
2018-06-19 00:00:00,0.85,0.0,0.09,0.84,26.6,71.0,21.0,1000.5,35.6,12.003171137099972,12.871825148497402
2018-06-19 01:00:00,0.81,0.0,0.04,0.8,26.6,71.0,20.9,1000.0,34.6,13.26797487576685,13.739390186468237
2018-06-19 02:00:00,0.82,0.0,0.02,0.81,26.5,73.0,21.3,999.9,38.5,15.17806978714554,14.657291616684843
2018-06-19 03:00:00,0.88,0.0,0.01,0.88,26.4,72.0,21.0,999.9,38.5,13.647160876900367,13.64716087690037
2018-06-19 04:00:00,0.9,0.01,0.0,0.9,26.3,72.0,20.8,1000.0,37.1,14.424978336205568,14.424978336205571
2018-06-19 05:00:00,0.8,0.0,0.01,0.16,26.0,76.0,21.4,999.3,38.2,14.700209402545324,13.708167037256223
2018-06-19 06:00:00,0.39,0.01,0.04,0.36,26.6,73.0,21.4,999.4,36.0,13.383772739630817,12.480569989143724
2018-06-19 07:00:00,0.55,0.0,0.02,0.55,28.2,66.0,21.4,999.9,43.6,16.64644409069363,14.98852558243842
2018-06-19 08:00:00,0.85,0.0,0.01,0.85,30.3,59.0,21.4,1000.5,48.2,18.38506663485547,15.426902632476947
2018-06-19 09:00:00,0.87,0.0,0.01,0.87,32.4,49.0,20.4,1000.4,52.2,21.386099482608316,13.888295392883188
2018-06-19 10:00:00,0.09,0.08,0.07,0.0,33.8,45.0,20.1,999.9,54.4,20.18354468852294,12.61207848875028
2018-06-19 11:00:00,0.05,0.0,0.05,0.0,35.0,41.0,19.8,999.1,50.4,19.20555600595021,12.472233901844117
2018-06-19 12:00:00,0.04,0.0,0.04,0.0,35.8,39.0,19.5,998.2,51.1,18.68807093510665,14.08247154175793
2018-06-19 13:00:00,0.06,0.0,0.06,0.0,36.0,38.0,19.4,997.5,53.3,20.629933356561157,14.988523933458067
2018-06-19 14:00:00,0.2,0.01,0.19,0.01,35.5,40.0,19.9,997.0,55.1,21.277146952061116,15.458752135292047
2018-06-19 15:00:00,0.48,0.1,0.41,0.13,34.3,43.0,20.0,996.5,56.5,23.10008764894956,16.174855505099508
2018-06-19 16:00:00,0.59,0.0,0.22,0.52,32.4,50.0,20.8,996.8,56.9,20.980926330193064,18.238441005936103
2018-06-19 17:00:00,0.41,0.01,0.05,0.19,31.0,57.0,21.4,997.7,55.1,18.43011328080309,17.186358673574965
2018-06-19 18:00:00,0.28,0.0,0.12,0.23,29.2,62.0,21.1,998.2,47.9,16.11607419464874,16.688683367856704
2018-06-19 19:00:00,0.93,0.0,0.09,0.93,27.5,72.0,22.0,999.0,43.2,16.497815125598155,14.85469946116665
2018-06-19 20:00:00,0.92,0.0,0.03,0.91,27.2,73.0,22.0,1000.1,41.4,16.15078501676732,14.039663220396855
2018-06-19 21:00:00,0.92,0.0,0.14,0.91,27.1,75.0,22.2,1000.6,39.2,15.034201827077808,14.518359942593042
2018-06-19 22:00:00,0.95,0.0,0.52,0.92,27.1,74.0,22.1,1001.1,40.7,16.601729026755166,15.481362773418718
2018-06-19 23:00:00,0.95,0.0,0.47,0.91,26.9,74.0,21.8,1000.9,41.8,14.367692734892104,16.52813980687871
2018-06-20 00:00:00,1.0,0.0,0.99,0.94,26.8,75.0,21.9,1000.5,40.3,15.870375325135996,14.79936441335622
2018-06-20 01:00:00,0.95,0.0,0.5,0.93,26.4,77.0,22.0,1000.0,38.5,15.396075436544548,13.383604191406347
2018-06-20 02:00:00,0.86,0.0,0.55,0.79,26.0,78.0,21.9,999.6,37.8,14.417009614261449,12.981133763361846
2018-06-20 03:00:00,0.83,0.0,0.66,0.74,26.1,78.0,21.9,999.2,36.4,14.424978336205568,14.424978336205571
2018-06-20 04:00:00,0.72,0.0,0.33,0.67,26.2,76.0,21.6,999.2,39.2,15.537739687314867,15.004620801914342
2018-06-20 05:00:00,0.82,0.01,0.16,0.89,26.6,74.0,21.5,998.8,41.8,17.984104776552943,16.192960673884365
2018-06-20 06:00:00,0.89,0.03,0.14,0.88,26.8,74.0,21.8,998.9,45.0,15.140363593387463,16.236052175945588
2018-06-20 07:00:00,0.3,0.04,0.09,0.27,28.0,69.0,21.8,999.4,48.2,17.366459261474933,17.983495008466278
2018-06-20 08:00:00,0.09,0.04,0.04,0.07,29.8,61.0,21.3,1000.1,49.7,17.366459261474933,17.983495008466278
2018-06-20 09:00:00,0.26,0.22,0.02,0.08,31.4,54.0,21.1,1000.4,53.3,19.622449085792073,17.05753475375319
2018-06-20 10:00:00,0.31,0.29,0.12,0.0,32.7,49.0,20.7,1000.2,54.4,22.308637107348282,14.487398331399719
2018-06-20 11:00:00,0.11,0.09,0.06,0.0,33.5,47.0,20.5,999.6,54.4,21.277146952061116,15.458752135292047
2018-06-20 12:00:00,0.21,0.04,0.21,0.01,35.0,43.0,20.4,999.1,56.9,22.328869044748547,16.222872963272263
2018-06-20 13:00:00,0.3,0.13,0.26,0.09,34.2,45.0,20.6,998.5,59.8,23.78509963462345,17.280886417398712
2018-06-20 14:00:00,0.72,0.01,0.12,0.7,33.7,46.0,20.5,997.5,61.2,23.057937737881236,19.34790705156484
2018-06-20 15:00:00,0.63,0.0,0.19,0.58,33.0,48.0,20.6,997.1,61.9,23.640322608201664,18.469844259769744
2018-06-20 16:00:00,0.16,0.0,0.13,0.1,31.5,53.0,20.6,997.0,60.1,23.16042979137149,17.4526356714094
2018-06-20 17:00:00,0.21,0.0,0.82,0.62,30.5,57.0,21.2,997.8,56.9,18.7862207219775,12.199914384336603
2018-06-20 18:00:00,0.4,0.0,0.34,0.27,28.4,67.0,21.6,997.9,42.5,15.857119972562842,13.305703520511367
2018-06-20 19:00:00,0.61,0.0,0.12,0.58,27.5,70.0,21.5,998.6,38.9,14.414952982254947,12.53072745371869
2018-06-20 20:00:00,0.95,0.0,0.14,0.95,27.1,74.0,22.0,999.4,36.7,15.018720646433161,13.055574676911094
2018-06-20 21:00:00,0.99,0.0,0.11,0.99,27.2,75.0,22.3,999.8,37.1,12.946151088710726,10.863110603702516
2018-06-20 22:00:00,0.98,0.0,0.26,0.98,27.1,74.0,22.2,1000.1,31.7,12.707776515663445,11.442133368736474
2018-06-20 23:00:00,1.0,0.0,0.52,1.0,26.9,77.0,22.5,1000.3,32.4,13.018095888821232,12.139570809112476
2018-06-21 00:00:00,0.99,0.0,0.25,0.98,26.8,77.0,22.4,999.7,33.8,12.940054095713819,12.940054095713823
2018-06-21 01:00:00,0.98,0.0,0.13,0.97,26.6,76.0,22.1,998.9,33.1,12.652419038011647,11.798571629081225
2018-06-21 02:00:00,0.99,0.0,0.1,0.99,26.4,78.0,22.1,998.6,34.6,14.478239974948682,12.148685823075596
2018-06-21 03:00:00,0.94,0.0,0.09,0.94,26.4,78.0,22.1,998.5,35.6,15.154346248410926,12.271747625471837
2018-06-21 04:00:00,1.0,0.0,0.16,1.0,26.4,78.0,22.2,998.3,36.0,14.105392489560325,11.020340408329279
2018-06-21 05:00:00,1.0,0.0,0.02,0.98,26.3,77.0,21.9,998.3,33.1,12.871825148497399,12.003171137099976
2018-06-21 06:00:00,0.95,0.0,0.08,0.95,26.6,76.0,22.0,998.6,32.4,12.336204102924748,11.107568065557047
2018-06-21 07:00:00,0.95,0.0,0.01,0.95,28.5,66.0,21.6,999.0,33.1,12.528179031698016,10.890579881242422
2018-06-21 08:00:00,0.98,0.0,0.01,0.98,30.6,58.0,21.5,999.4,34.6,10.773002762377619,11.964631690186048
2018-06-21 09:00:00,0.99,0.03,0.02,0.99,32.7,50.0,20.8,999.5,41.8,15.698348421430804,12.712271899206725
2018-06-21 10:00:00,0.98,0.52,0.15,0.97,33.8,45.0,20.2,999.4,50.4,20.189354613901482,8.988879811975183
2018-06-21 11:00:00,0.99,0.15,0.19,0.99,33.9,45.0,20.4,998.8,50.0,16.956447316782125,11.87303223246666
2018-06-21 12:00:00,0.99,0.0,0.5,0.98,33.7,48.0,21.3,998.4,47.5,16.178292833385,7.8906806422033995
2018-06-21 13:00:00,0.99,0.03,0.15,0.99,35.5,36.0,18.2,997.3,51.5,23.377727657537953,4.969089410544458
2018-06-21 14:00:00,0.99,0.02,0.1,0.99,35.0,38.0,18.5,996.7,52.6,23.38488155484564,5.398825304252766
2018-06-21 15:00:00,0.47,0.0,0.17,0.44,34.5,39.0,18.4,996.2,49.3,22.301765296730768,4.740386550644923
2018-06-21 16:00:00,0.31,0.01,0.02,0.31,33.2,43.0,19.0,996.3,47.9,21.565707852085357,8.278299634496447
2018-06-21 17:00:00,0.75,0.01,0.08,0.97,32.1,47.0,19.5,996.7,46.4,18.398048076843995,8.579150713336194
2018-06-21 18:00:00,1.0,0.0,0.07,1.0,29.6,61.0,21.4,996.8,38.9,12.47007962791886,14.861262196508171
2018-06-21 19:00:00,0.99,0.01,0.05,0.99,27.6,72.0,22.0,997.5,36.7,12.586407820996753,15.542919229139416
2018-06-21 20:00:00,1.0,0.0,0.09,1.0,27.4,72.0,21.9,997.9,37.1,11.546638910232925,13.282888611920791
2018-06-21 21:00:00,1.0,0.0,0.14,1.0,27.2,73.0,22.0,998.8,33.5,11.579495195317012,14.299485690808261
2018-06-21 22:00:00,0.99,0.0,0.09,0.99,26.6,77.0,22.2,999.0,34.9,12.48056998914372,13.383772739630823
2018-06-21 23:00:00,0.99,0.0,0.1,0.99,26.7,75.0,22.0,999.2,33.1,13.603178850116569,12.685169497162475
2018-06-22 00:00:00,0.97,0.0,0.18,0.96,26.6,74.0,21.5,998.8,32.8,13.736530772813436,10.351218398215229
2018-06-22 01:00:00,0.89,0.0,0.22,0.88,26.6,72.0,21.2,998.4,30.6,12.900622960185713,10.446718491427308
2018-06-22 02:00:00,0.79,0.0,0.18,0.79,26.2,75.0,21.4,998.0,29.9,11.950293312656054,10.027486711110015
2018-06-22 03:00:00,0.82,0.0,0.15,0.81,25.9,77.0,21.6,998.0,29.2,11.114533927343958,11.509436805418417
2018-06-22 04:00:00,0.96,0.0,0.19,0.96,25.8,79.0,21.9,998.1,31.3,12.652419038011647,11.798571629081225
2018-06-22 05:00:00,0.96,0.0,0.19,0.96,26.4,78.0,22.1,998.1,32.0,13.329173310270214,11.184504408545786
2018-06-22 06:00:00,0.61,0.0,0.15,0.57,26.6,76.0,22.0,998.4,32.0,13.712195531829703,11.505898213389056
2018-06-22 07:00:00,0.6,0.0,0.2,0.52,28.3,68.0,21.8,998.8,38.5,14.417009614261449,12.981133763361846
2018-06-22 08:00:00,0.87,0.0,0.08,0.86,30.5,58.0,21.2,999.4,40.0,14.414952982254947,12.53072745371869
2018-06-22 09:00:00,0.97,0.0,0.26,0.96,32.0,52.0,21.1,999.8,40.0,14.010734976180206,9.450360068655616
2018-06-22 10:00:00,0.95,0.07,0.14,0.94,34.0,46.0,20.7,999.3,49.7,14.376021702821678,8.300000000000008
2018-06-22 11:00:00,0.82,0.05,0.13,0.79,34.7,44.0,20.8,998.5,43.6,14.417075979486253,10.094945279778416
2018-06-22 12:00:00,0.97,0.02,0.38,0.97,36.2,39.0,19.9,997.8,44.3,16.197718636587737,10.121457946854216
2018-06-22 13:00:00,0.93,0.01,0.43,0.89,35.3,39.0,19.4,997.0,44.3,14.82899430214654,8.910158695943942
2018-06-22 14:00:00,0.96,0.0,0.17,0.95,34.0,45.0,20.2,996.8,46.8,18.736249139743947,12.637759618438873
2018-06-22 15:00:00,0.91,0.0,0.15,0.9,34.2,42.0,19.6,995.9,46.8,18.487537867977434,12.47000174739765
2018-06-22 16:00:00,0.96,0.0,0.06,0.96,33.4,46.0,20.2,995.8,46.8,19.5051062115978,12.188143077363716
2018-06-22 17:00:00,0.94,0.0,0.07,0.89,31.9,52.0,20.9,996.4,47.9,19.45715717633384,12.635625612348626
2018-06-22 18:00:00,0.57,0.0,0.03,0.56,30.2,57.0,20.9,996.6,43.9,14.341795715642341,11.205038850926977
2018-06-22 19:00:00,0.91,0.0,0.07,0.91,28.7,65.0,21.4,997.4,34.2,12.856405480758923,11.575959490008247
2018-06-22 20:00:00,0.87,0.0,0.01,0.87,27.5,70.0,21.6,997.8,32.4,11.96463169018605,10.773002762377617
2018-06-22 21:00:00,0.96,0.0,0.01,0.96,27.1,72.0,21.6,998.6,29.2,10.767204742114458,11.149766905249091
2018-06-22 22:00:00,0.97,0.0,0.01,0.97,26.7,74.0,21.8,999.0,28.4,10.365732658050012,11.9244113675198
2018-06-22 23:00:00,0.94,0.01,0.02,0.94,26.2,76.0,21.8,998.9,31.3,12.232947314527271,12.232947314527275
2018-06-23 00:00:00,0.77,0.01,0.2,0.75,26.1,77.0,21.7,998.5,31.0,12.300710585790936,11.878658134848854
2018-06-23 01:00:00,0.93,0.02,0.29,0.92,25.9,78.0,21.8,998.2,31.0,11.461863112573457,11.869106705587743
2018-06-23 02:00:00,0.94,0.02,0.19,0.93,25.8,78.0,21.8,997.6,30.2,10.348880515953283,12.333315534215547
2018-06-23 03:00:00,0.96,0.05,0.13,0.96,25.5,81.0,21.9,997.4,29.2,9.367828489024015,10.40402755668352
2018-06-23 04:00:00,0.98,0.07,0.09,0.98,25.6,80.0,21.9,997.7,25.2,7.516018683207374,11.573653837646852
2018-06-23 05:00:00,0.99,0.03,0.02,0.97,25.5,81.0,22.0,998.0,25.2,8.603646545265692,12.287280664334878
2018-06-23 06:00:00,0.99,0.02,0.17,0.99,26.1,78.0,22.0,998.5,27.4,8.640443208699352,11.892549817311727
2018-06-23 07:00:00,0.97,0.01,0.32,0.96,28.0,69.0,21.8,999.0,29.9,8.988657539754609,11.504957002658141
2018-06-23 08:00:00,0.86,0.02,0.1,0.85,30.0,59.0,21.2,999.6,32.4,10.430427104910443,10.07254637165546
2018-06-23 09:00:00,0.96,0.0,0.18,0.95,32.2,52.0,21.0,999.6,32.0,11.493984162029944,5.856477446640156
2018-06-23 10:00:00,0.96,0.05,0.17,0.95,33.8,46.0,20.5,999.0,46.1,13.00574468109728,3.9762551842292244
2018-06-23 11:00:00,0.99,0.02,0.2,0.98,35.8,40.0,20.0,998.4,40.3,10.861957270738795,4.6106273161734315
2018-06-23 12:00:00,0.99,0.97,0.18,0.97,37.0,37.0,19.8,997.5,36.7,13.028942970672103,7.828578738632826
2018-06-23 13:00:00,0.99,0.0,0.35,0.99,35.5,37.0,18.7,997.0,41.4,16.63255938791058,6.053756536864333
2018-06-23 14:00:00,0.98,0.02,0.26,0.98,36.8,34.0,18.5,996.1,45.0,20.258695254989274,7.776584505133025
2018-06-23 15:00:00,1.0,0.01,0.52,0.99,34.8,38.0,18.4,995.9,50.0,24.81365379103305,3.0467335851286794
2018-06-23 16:00:00,0.99,0.0,0.12,0.99,33.8,41.0,18.7,995.8,50.0,21.916766667393674,6.284531712627575
2018-06-23 17:00:00,0.99,0.0,0.17,0.96,32.9,44.0,19.0,996.1,46.1,19.781975538939193,6.42755348299891
2018-06-23 18:00:00,1.0,0.0,0.13,1.0,31.2,49.0,19.2,996.6,39.6,16.246235708604257,8.638276755260389
2018-06-23 19:00:00,0.99,0.0,0.1,0.99,29.4,60.0,20.7,997.6,34.6,12.484833068020226,11.241394186828817
2018-06-23 20:00:00,1.0,0.0,0.21,0.99,28.1,67.0,21.4,998.3,31.3,11.509436805418419,11.114533927343956
2018-06-23 21:00:00,1.0,0.0,0.17,1.0,27.5,69.0,21.4,998.9,29.9,10.773002762377619,11.964631690186048
2018-06-23 22:00:00,0.99,0.0,0.18,0.99,27.1,71.0,21.5,999.4,29.2,10.693762172545265,12.301766157631187
2018-06-23 23:00:00,1.0,0.0,0.36,1.0,26.7,74.0,21.6,999.7,29.2,10.767204742114458,11.149766905249091
2018-06-24 00:00:00,0.97,0.0,0.33,0.97,26.8,74.0,21.8,999.1,28.1,10.11162697096763,10.111626970967633
2018-06-24 01:00:00,0.99,0.0,0.25,0.99,26.5,75.0,21.8,998.6,25.9,10.775599969422219,9.702393792203443
2018-06-24 02:00:00,0.98,0.0,0.21,0.97,26.1,76.0,21.6,998.1,26.3,9.702393792203445,10.775599969422217
2018-06-24 03:00:00,0.94,0.01,0.15,0.93,25.8,79.0,21.9,997.8,27.0,9.709673629059505,11.169701787297027
2018-06-24 04:00:00,0.99,0.01,0.02,0.99,25.5,80.0,21.9,997.9,26.6,9.063305296580204,10.80122664797759
2018-06-24 05:00:00,0.93,0.0,0.0,0.93,26.0,78.0,22.0,998.3,25.9,10.465180361560902,10.465180361560906
2018-06-24 06:00:00,0.93,0.0,0.0,0.93,26.5,77.0,22.1,998.7,27.7,10.790097005079767,10.419875556884959
2018-06-24 07:00:00,0.95,0.0,0.0,0.95,28.7,66.0,21.8,999.1,31.0,11.189711634773307,10.434574908956229
2018-06-24 08:00:00,0.99,0.0,0.0,0.99,31.1,55.0,20.9,999.6,32.8,12.600359320321047,7.571059701177799
2018-06-24 09:00:00,0.99,0.0,0.0,0.99,33.2,47.0,20.3,1000.1,33.8,14.001420049710037,5.0961001355524616
2018-06-24 10:00:00,0.97,0.08,0.02,0.97,34.9,40.0,19.5,999.6,36.7,12.267257993871167,3.2870018728020116
2018-06-24 11:00:00,0.99,0.0,0.44,0.98,37.1,34.0,18.7,999.0,35.3,13.719512263474263,4.99349409255476
2018-06-24 12:00:00,0.98,0.01,0.33,0.97,37.2,34.0,18.8,998.1,38.2,14.434018230753097,6.4264389605976415
2018-06-24 13:00:00,0.98,0.02,0.31,0.98,38.2,30.0,17.5,997.0,42.8,20.148686878318838,2.4739476711244874
2018-06-24 14:00:00,0.95,0.0,0.21,0.94,37.2,32.0,17.6,996.5,50.4,24.166882057449044,2.5400416574039766
2018-06-24 15:00:00,0.95,0.0,0.09,0.95,36.4,35.0,18.3,995.9,50.4,22.31288658727748,5.978719941868227
2018-06-24 16:00:00,0.98,0.0,0.07,0.98,35.2,37.0,18.3,995.8,50.0,24.551504778418522,5.218583439525771
2018-06-24 17:00:00,0.99,0.0,0.03,1.0,34.0,39.0,18.0,996.4,50.4,25.529652379152328,5.426495130343531
2018-06-24 18:00:00,0.62,0.0,0.03,0.61,32.0,47.0,19.2,997.3,49.3,19.123094306473316,8.917245322728753
2018-06-24 19:00:00,0.43,0.0,0.02,0.42,29.9,59.0,20.9,998.3,39.2,16.137295272493134,11.299455796115613
2018-06-24 20:00:00,0.3,0.0,0.02,0.29,28.2,68.0,21.8,999.2,36.7,14.144056498516864,11.453631117107047
2018-06-24 21:00:00,0.84,0.0,0.03,0.84,27.7,70.0,21.7,1000.0,33.1,12.652419038011647,11.798571629081225
2018-06-24 22:00:00,0.74,0.0,0.03,0.73,27.1,73.0,21.9,1000.5,32.4,13.673864788784055,12.312003157002989
2018-06-24 23:00:00,0.84,0.01,0.04,0.83,26.9,75.0,22.1,1000.8,34.6,15.452224592561496,11.226698318786239
2018-06-25 00:00:00,0.87,0.0,0.04,0.86,26.6,78.0,22.5,1000.2,35.3,15.413665343912752,11.615029946834532
2018-06-25 01:00:00,0.9,0.0,0.04,0.89,26.6,78.0,22.4,999.4,35.3,15.452224592561496,11.226698318786239
2018-06-25 02:00:00,0.93,0.0,0.02,0.93,26.4,78.0,22.1,998.8,35.3,15.48197363706194,10.840594647034775
2018-06-25 03:00:00,0.93,0.0,0.02,0.93,26.3,76.0,21.8,998.2,34.2,13.289195940914198,10.761378686952227
2018-06-25 04:00:00,0.92,0.0,0.02,0.91,25.9,78.0,21.8,998.3,33.5,14.325031086324886,12.020128301138287
2018-06-25 05:00:00,0.98,0.0,0.01,0.93,26.2,76.0,21.6,998.4,33.8,13.976121425827625,10.531762905160845
2018-06-25 06:00:00,0.98,0.0,0.01,0.98,26.7,75.0,21.9,998.5,32.4,14.341795715642341,11.205038850926977
2018-06-25 07:00:00,0.97,0.0,0.02,0.97,28.5,67.0,21.8,999.3,35.6,13.976121425827625,10.531762905160845
2018-06-25 08:00:00,0.95,0.0,0.02,0.94,31.0,55.0,20.9,999.6,35.6,14.809034404713897,8.550000000000008
2018-06-25 09:00:00,0.85,0.0,0.01,0.85,32.6,50.0,20.9,999.9,41.0,16.627687752661217,9.600000000000009
2018-06-25 10:00:00,0.91,0.02,0.01,0.91,34.5,43.0,20.0,999.5,41.4,14.360376748884748,3.5804440548750835
2018-06-25 11:00:00,0.91,0.01,0.11,0.91,36.5,37.0,19.5,998.8,42.1,16.442850494220643,9.114420860631133
2018-06-25 12:00:00,0.59,0.0,0.15,0.54,36.5,36.0,19.1,998.0,47.5,18.686248525084537,7.931841908332259
2018-06-25 13:00:00,0.76,0.01,0.21,0.72,36.1,37.0,19.0,996.9,49.0,20.92585795075657,11.12647603802561
2018-06-25 14:00:00,0.9,0.01,0.27,0.88,35.7,39.0,19.4,996.6,52.9,21.23251026957943,8.578490989224392
2018-06-25 15:00:00,0.88,0.0,0.14,0.87,35.5,38.0,18.9,995.7,53.3,16.90059096638812,7.5246278969023015
2018-06-25 16:00:00,0.76,0.01,0.1,0.74,34.0,43.0,19.8,995.6,50.4,22.302802532054596,12.36264531628159
2018-06-25 17:00:00,0.6,0.0,0.04,0.9,32.8,45.0,19.3,996.3,52.6,22.312572193283113,8.564993994132687
2018-06-25 18:00:00,0.95,0.0,0.04,0.95,31.2,50.0,19.5,996.4,45.4,16.96746453857221,6.855300659511196
2018-06-25 19:00:00,0.95,0.0,0.04,0.95,28.8,64.0,21.3,997.6,34.6,12.484833068020226,11.241394186828817
2018-06-25 20:00:00,0.95,0.0,0.14,0.95,27.8,70.0,21.8,998.2,31.7,10.767204742114458,11.149766905249091
2018-06-25 21:00:00,0.93,0.01,0.1,0.93,27.4,71.0,21.8,999.0,32.8,11.461863112573457,11.869106705587743
2018-06-25 22:00:00,0.96,0.0,0.2,0.96,27.2,71.0,21.5,999.0,30.6,6.094071538681855,9.7525531057989
2018-06-25 23:00:00,0.97,0.07,0.36,0.97,26.4,75.0,21.6,999.2,27.0,9.313941787537598,11.501760229563168
2018-06-26 00:00:00,0.97,0.03,0.23,0.96,26.2,75.0,21.5,998.9,27.0,9.033263185844586,10.032455143944823
2018-06-26 01:00:00,0.97,0.02,0.12,0.96,26.1,77.0,21.8,998.0,25.2,8.365228821813472,11.101033589657371
2018-06-26 02:00:00,0.93,0.06,0.33,0.9,26.0,77.0,21.7,997.3,24.8,6.450000000000002,11.171727708819258
2018-06-26 03:00:00,0.94,0.07,0.22,0.93,26.1,76.0,21.6,996.7,23.0,4.6910627053217615,10.060016436106816
2018-06-26 04:00:00,0.71,0.1,0.24,0.63,25.9,77.0,21.5,997.1,21.6,6.050000000000002,10.478907385791707
2018-06-26 05:00:00,0.95,0.01,0.58,0.97,25.9,77.0,21.6,997.1,21.6,6.8255595925774495,9.747909327039002
2018-06-26 06:00:00,0.99,0.0,0.69,0.98,26.8,73.0,21.5,997.4,24.5,8.188297621831254,10.480543022969403
2018-06-26 07:00:00,0.93,0.0,0.02,0.93,28.6,65.0,21.4,998.3,26.6,9.351417404402465,9.030558815966964
2018-06-26 08:00:00,0.9,0.0,0.06,0.89,31.2,52.0,20.1,998.7,29.5,11.171727708819255,6.4500000000000055
2018-06-26 09:00:00,0.91,0.0,0.24,0.89,33.2,45.0,19.5,999.0,35.6,16.174543075434904,3.7341875021081634
2018-06-26 10:00:00,0.92,0.22,0.45,0.86,34.6,40.0,18.9,998.8,42.1,19.36732249452935,-4.1166514781916375
2018-06-26 11:00:00,0.88,0.02,0.05,0.88,36.0,35.0,18.2,998.1,46.8,19.787938374978097,-0.6910100347095254
2018-06-26 12:00:00,0.86,0.0,0.01,0.86,37.1,31.0,17.1,997.1,50.8,23.367931113257026,1.2246613760848968
2018-06-26 13:00:00,0.77,0.01,0.15,0.75,37.2,31.0,17.2,996.2,51.8,24.166882057449044,2.5400416574039766
2018-06-26 14:00:00,0.81,0.01,0.11,0.8,36.3,34.0,18.0,995.4,55.8,26.600236863987433,3.2660984032579443
2018-06-26 15:00:00,0.63,0.0,0.05,0.62,35.2,36.0,18.0,995.0,62.3,28.061489926603524,1.470640370426735
2018-06-26 16:00:00,0.94,0.02,0.11,0.93,34.7,37.0,17.8,995.3,56.9,26.263956764045293,1.3764356491894354
2018-06-26 17:00:00,0.97,0.0,0.15,0.99,33.3,43.0,19.0,995.4,52.6,23.395990300860777,7.60181806162371
2018-06-26 18:00:00,0.98,0.0,0.28,0.98,31.6,48.0,19.1,995.8,47.2,20.258695254989274,7.776584505133025
2018-06-26 19:00:00,0.98,0.0,0.12,0.98,29.7,59.0,20.9,997.1,40.7,13.33721301778979,10.050310886639206
2018-06-26 20:00:00,0.99,0.0,0.17,0.99,28.4,67.0,21.8,998.1,31.3,12.944271909999157,9.404564036679572
2018-06-26 21:00:00,1.0,0.0,0.13,1.0,28.4,66.0,21.4,998.7,28.8,13.352178321910563,9.349295912522056
2018-06-26 22:00:00,1.0,0.0,0.17,0.99,27.7,68.0,21.4,998.9,31.0,13.329173310270214,11.184504408545786
2018-06-26 23:00:00,1.0,0.0,0.08,1.0,27.0,72.0,21.6,998.8,31.0,13.22797789349762,11.910524793187674
2018-06-27 00:00:00,0.98,0.0,0.09,0.98,26.9,73.0,21.7,998.1,32.4,12.685169497162471,13.603178850116574
2018-06-27 01:00:00,0.99,0.0,0.15,0.99,26.4,75.0,21.6,997.2,34.6,11.453631117107044,14.144056498516868
2018-06-27 02:00:00,1.0,0.0,0.14,1.0,26.0,76.0,21.5,996.6,32.8,10.132058295902386,12.512049979457231
2018-06-27 03:00:00,1.0,0.01,0.11,1.0,26.0,75.0,21.2,996.4,29.5,9.404564036679568,12.94427190999916
2018-06-27 04:00:00,0.99,0.02,0.03,0.99,25.8,76.0,21.3,996.6,31.0,9.095471884750951,14.005798484688581
2018-06-27 05:00:00,1.0,0.03,0.08,1.0,25.7,77.0,21.5,995.8,30.2,7.98309016110584,13.286093160882741
2018-06-27 06:00:00,1.0,0.01,0.09,1.0,26.5,74.0,21.4,995.9,28.1,8.723409294143648,12.932986131858652
2018-06-27 07:00:00,1.0,0.04,0.12,1.0,28.2,65.0,21.1,996.7,31.0,7.828578738632823,13.028942970672107
2018-06-27 08:00:00,1.0,0.05,0.11,1.0,30.5,54.0,20.1,997.0,32.0,7.250000000000002,12.55736835487436
2018-06-27 09:00:00,1.0,0.09,0.02,1.0,32.0,49.0,20.0,997.3,31.3,10.403230962470193,7.2844207416582885
2018-06-27 10:00:00,1.0,0.12,0.09,1.0,34.4,41.0,19.2,997.3,36.0,15.462242779027275,1.0812253430339465
2018-06-27 11:00:00,1.0,0.07,0.05,0.99,36.0,35.0,18.0,996.8,44.6,17.60303754801844,-1.8501537998374578
2018-06-27 12:00:00,1.0,0.02,0.17,1.0,37.6,31.0,17.7,996.3,49.7,22.286415442525836,0.778258776465767
2018-06-27 13:00:00,0.98,0.0,0.23,0.98,37.2,31.0,17.2,995.8,53.3,25.184648840881213,0.8794673169030192
2018-06-27 14:00:00,0.98,0.01,0.14,0.98,36.0,34.0,17.7,995.3,54.4,23.76738292715886,1.2455957585820745
2018-06-27 15:00:00,0.99,0.0,0.12,0.99,35.2,35.0,17.7,994.8,54.4,24.839344851469622,-1.7369361962287178
2018-06-27 16:00:00,1.0,0.02,0.09,1.0,34.2,37.0,17.5,994.9,50.4,22.69654268005008,-0.39616962612632706
2018-06-27 17:00:00,1.0,0.0,0.01,0.98,33.7,39.0,18.0,995.1,45.4,22.67713877418196,3.187064011985507
2018-06-27 18:00:00,0.99,0.0,0.04,0.99,31.6,47.0,18.8,995.8,44.3,17.616363307463672,8.592074477065925
2018-06-27 19:00:00,0.98,0.0,0.22,0.98,29.2,61.0,21.0,996.9,37.8,15.474097751003352,12.984309715668097
2018-06-27 20:00:00,0.98,0.0,0.15,0.97,28.0,69.0,21.7,997.8,37.4,13.018095888821232,12.139570809112476
2018-06-27 21:00:00,0.98,0.0,0.01,0.98,27.2,73.0,21.9,998.4,34.2,12.64656846018242,14.04543720152275
2018-06-27 22:00:00,0.98,0.0,0.02,0.98,26.6,76.0,22.0,998.7,34.6,11.555388485582892,10.775574088987478
2018-06-27 23:00:00,0.97,0.02,0.01,0.97,26.4,76.0,21.9,998.7,28.8,10.693762172545265,12.301766157631187
2018-06-28 00:00:00,0.99,0.0,0.05,0.99,26.2,76.0,21.6,998.1,29.9,10.096848195340794,12.92337635915024
2018-06-28 01:00:00,0.99,0.02,0.01,0.99,26.0,78.0,21.8,997.6,31.3,10.712509670666451,13.711387112756961
2018-06-28 02:00:00,0.98,0.02,0.01,0.98,25.8,78.0,21.7,997.1,32.0,11.575959490008248,12.856405480758921
2018-06-28 03:00:00,0.98,0.01,0.0,0.98,25.5,79.0,21.6,996.6,31.3,8.65976065673893,13.334862030332243
2018-06-28 04:00:00,0.98,0.06,0.01,0.98,25.4,79.0,21.4,996.6,28.8,7.996458519631678,11.855237287537099
2018-06-28 05:00:00,0.99,0.0,0.01,0.97,25.5,77.0,21.1,996.4,28.8,7.630837404958149,12.211892584652535
2018-06-28 06:00:00,0.98,0.0,0.01,0.98,26.0,74.0,21.0,996.7,27.7,7.828578738632823,13.028942970672107
2018-06-28 07:00:00,0.96,0.0,0.01,0.96,28.0,65.0,20.8,997.3,29.5,8.346550582553117,11.488041320124253
2018-06-28 08:00:00,0.97,0.06,0.02,0.97,30.5,53.0,19.9,998.0,28.8,8.335900445507969,8.632077604063813
2018-06-28 09:00:00,0.99,0.4,0.02,0.99,32.8,44.0,19.0,998.6,29.2,13.001962732098352,3.2417534010355484
2018-06-28 10:00:00,0.99,0.2,0.35,0.98,34.4,39.0,18.3,998.2,37.4,16.93869335180998,-2.9867486558711955
2018-06-28 11:00:00,0.98,0.05,0.16,0.98,36.1,34.0,17.8,997.7,44.6,16.926594180545727,-5.1749791735924395
2018-06-28 12:00:00,0.99,0.02,0.15,0.99,37.0,31.0,17.0,996.8,43.2,19.47327592771419,-1.0205511467374069
2018-06-28 13:00:00,0.98,0.0,0.11,0.98,36.8,31.0,17.0,995.9,49.3,21.978933887638842,2.3100790382151395
2018-06-28 14:00:00,0.99,0.01,0.29,0.99,37.1,31.0,17.3,995.5,54.0,26.63821104914824,3.7437564158257706
2018-06-28 15:00:00,0.99,0.0,0.14,0.99,35.6,35.0,17.7,995.1,56.5,22.332288411929746,2.7420602266158114
2018-06-28 16:00:00,0.96,0.01,0.09,0.96,35.2,35.0,17.4,995.0,48.2,22.650578319280786,3.9939080863393976
2018-06-28 17:00:00,0.99,0.0,0.22,0.99,33.7,39.0,17.8,995.7,51.1,20.8872682846991,0.7293994810822658
2018-06-28 18:00:00,0.97,0.0,0.28,0.96,32.4,42.0,17.8,996.7,40.0,15.815820338298742,3.9433268982745853
2018-06-28 19:00:00,0.95,0.0,0.14,0.94,31.0,48.0,18.7,997.3,31.3,12.937895262766144,9.749403375063181
2018-06-28 20:00:00,0.95,0.0,0.26,0.95,29.4,58.0,20.2,998.2,32.8,14.105392489560325,11.020340408329279
2018-06-28 21:00:00,0.96,0.0,0.08,0.96,28.1,65.0,20.9,998.8,33.1,12.905533821809403,11.218609395737674
2018-06-28 22:00:00,0.94,0.0,0.07,0.94,27.5,68.0,21.0,999.4,31.3,12.871825148497399,12.003171137099976
2018-06-28 23:00:00,0.94,0.0,0.0,0.94,27.0,71.0,21.4,999.2,32.0,13.33721301778979,10.050310886639206
2018-06-29 00:00:00,0.4,0.0,0.06,0.37,26.8,72.0,21.2,998.9,31.0,12.529370982346881,9.789017457677964
2018-06-29 01:00:00,0.83,0.0,0.1,0.82,26.5,73.0,21.2,998.6,28.8,11.189711634773307,10.434574908956229
2018-06-29 02:00:00,0.78,0.0,0.02,0.77,26.1,75.0,21.3,997.9,27.7,9.030558815966966,9.351417404402465
2018-06-29 03:00:00,0.85,0.0,0.0,0.85,26.0,75.0,21.3,997.7,27.0,12.29898685472831,9.267951356541543
2018-06-29 04:00:00,0.86,0.0,0.0,0.87,25.9,76.0,21.2,997.4,28.1,10.724614268106194,8.684621396487763
2018-06-29 05:00:00,0.93,0.0,0.04,0.95,26.0,77.0,21.6,997.5,25.9,10.792346997185641,9.381644114564255
2018-06-29 06:00:00,0.86,0.0,0.01,0.85,26.7,74.0,21.6,997.8,26.6,11.184248869537077,9.384699101423475
2018-06-29 07:00:00,0.92,0.0,0.03,0.92,28.5,65.0,21.3,998.4,28.8,10.414992207074254,9.053614600069
2018-06-29 08:00:00,0.86,0.0,0.01,0.89,30.9,54.0,20.5,998.5,30.2,11.533454107727392,7.206901993571588
2018-06-29 09:00:00,0.76,0.0,0.01,0.76,33.2,46.0,20.0,998.5,36.7,12.623222778712066,3.8593065023401296
2018-06-29 10:00:00,0.79,0.0,0.02,0.78,34.8,40.0,19.4,998.0,37.8,12.957478821509163,2.518678738970389
2018-06-29 11:00:00,0.85,0.05,0.03,0.85,36.5,35.0,18.7,997.4,36.0,12.304149708010485,3.5281581544575857
2018-06-29 12:00:00,0.93,0.01,0.16,0.92,38.0,31.0,18.0,996.4,35.6,13.256842056260261,5.0888248835432695
2018-06-29 13:00:00,0.94,0.02,0.59,0.92,37.4,31.0,17.5,995.7,39.2,16.593164121998313,2.6280990126758814
2018-06-29 14:00:00,0.91,0.0,0.51,0.88,37.0,32.0,17.9,995.3,39.6,15.845991131887649,3.3681693912477084
2018-06-29 15:00:00,0.88,0.04,0.72,0.79,36.0,34.0,17.5,994.6,38.9,16.958588854417012,1.185860053650135
2018-06-29 16:00:00,0.91,0.01,0.39,0.89,35.2,35.0,17.5,994.9,36.4,12.192568089632967,0.42577385977050924
2018-06-29 17:00:00,0.86,0.02,0.53,0.37,34.5,38.0,18.0,994.9,28.1,-4.705788684431241,5.046340541172277
2018-06-29 18:00:00,0.44,0.07,0.37,0.24,32.4,44.0,18.5,995.9,17.6,-1.822103540185308,7.892397524760404
2018-06-29 19:00:00,0.38,0.0,0.3,0.2,31.1,51.0,19.9,996.6,20.2,4.233054505599806,10.4771775566047
2018-06-29 20:00:00,0.32,0.0,0.21,0.26,30.1,55.0,20.1,997.5,22.3,6.079910225321089,8.683011669463312
2018-06-29 21:00:00,0.26,0.02,0.15,0.2,29.5,58.0,20.2,998.3,19.4,2.5624408513775414,5.755336383148386
2018-06-29 22:00:00,0.3,0.03,0.24,0.13,28.7,62.0,20.6,998.8,14.4,2.4721359549995783,7.608452130361229
2018-06-29 23:00:00,0.4,0.02,0.32,0.16,28.0,65.0,20.9,998.9,15.1,3.9754388860199628,7.171881598543045
2018-06-30 00:00:00,0.38,0.01,0.27,0.25,27.6,66.0,20.7,998.4,16.2,7.187719590425635,5.416335208368435
2018-06-30 01:00:00,0.34,0.01,0.25,0.2,27.6,65.0,20.4,997.7,15.8,7.612985411107861,3.549993398621873
2018-06-30 02:00:00,0.4,0.0,0.19,0.35,27.4,65.0,20.1,997.4,15.1,6.841600689897064,3.9500000000000037
2018-06-30 03:00:00,0.34,0.0,0.08,0.32,26.9,67.0,20.2,997.1,14.4,5.750880114781583,4.656970893768801
2018-06-30 04:00:00,0.84,0.0,0.0,0.82,26.4,70.0,20.5,997.5,13.0,4.981083229470295,4.329989591337347
2018-06-30 05:00:00,0.86,0.0,0.03,0.89,26.5,69.0,20.3,997.1,11.9,4.326372811226469,1.836436303899587
2018-06-30 06:00:00,0.86,0.0,0.07,0.86,27.0,67.0,20.4,997.6,10.8,2.1490212066910046,5.062776693988422
2018-06-30 07:00:00,0.92,0.0,0.16,0.91,28.6,60.0,20.2,998.4,17.6,4.364789504399989,4.6806636903626915
2018-06-30 08:00:00,0.92,0.0,0.15,0.91,30.9,51.0,19.5,999.0,17.3,1.089577199374912,2.138415658052083
2018-06-30 09:00:00,0.71,0.01,0.52,0.49,33.0,44.0,19.1,999.6,15.8,-0.3441558230885082,2.172914349309303
2018-06-30 10:00:00,0.92,0.03,0.88,0.62,34.0,41.0,19.0,999.5,19.1,0.37476969381492914,4.283637201794505
2018-06-30 11:00:00,0.74,0.05,0.71,0.25,35.0,38.0,18.8,998.8,19.8,2.4906205418960625,3.9858260519352027
2018-06-30 12:00:00,0.97,0.0,0.96,0.1,36.1,36.0,18.5,997.7,20.5,2.1649947956686733,2.490541614735148
2018-06-30 13:00:00,0.83,0.01,0.81,0.15,35.8,36.0,18.2,996.8,21.6,-1.0793978087775937,6.81504955010645
2018-06-30 14:00:00,0.79,0.02,0.75,0.24,35.4,36.0,18.1,996.7,31.0,12.333315534215545,10.348880515953287
2018-06-30 15:00:00,0.95,0.0,0.57,0.92,30.7,57.0,21.1,996.4,50.0,15.478757788695894,-0.8112073217656312
2018-06-30 16:00:00,1.0,0.01,1.0,0.75,32.0,49.0,19.8,996.5,32.4,5.420413862312149,-3.9381611903595686
2018-06-30 17:00:00,0.98,0.2,0.68,0.96,28.4,71.0,22.5,997.3,22.3,1.7902220274375422,-7.180188374442374
2018-06-30 18:00:00,0.98,0.0,0.53,0.97,27.9,77.0,23.4,996.9,14.0,-3.23084408978756,2.524212048835199
2018-06-30 19:00:00,0.95,0.01,0.13,0.95,27.9,77.0,23.5,997.7,11.2,-5.4,-3.3065463576978537e-16
2018-06-30 20:00:00,0.36,0.09,0.13,0.32,27.8,76.0,23.2,998.7,11.2,-2.138415658052083,-1.0895771993749124
2018-06-30 21:00:00,0.3,0.02,0.04,0.27,27.5,78.0,23.3,999.4,6.8,3.281922254715302,-0.3449439287832548
2018-06-30 22:00:00,0.57,0.02,0.14,0.55,27.4,79.0,23.4,999.8,8.3,4.326372811226469,1.836436303899587
2018-06-30 23:00:00,0.7,0.01,0.15,0.67,27.4,78.0,23.1,999.9,8.6,-3.061616997868383e-16,2.5
2018-07-01 00:00:00,0.59,0.04,0.12,0.56,27.1,79.0,23.1,999.4,5.4,2.883363526931848,1.801725498392897
2018-07-01 01:00:00,0.85,0.07,0.17,0.83,27.0,78.0,22.8,998.8,9.0,3.96029588778518,1.0611580849203346
2018-07-01 02:00:00,0.95,0.01,0.16,0.94,26.7,79.0,22.8,998.2,7.9,1.089577199374912,2.138415658052083
2018-07-01 03:00:00,0.92,0.02,0.06,0.91,26.2,81.0,22.6,997.8,9.0,2.1490212066910046,5.062776693988422
2018-07-01 04:00:00,0.99,0.02,0.01,0.99,25.9,81.0,22.5,997.9,10.8,1.8159619989581868,3.5640260967534716
2018-07-01 05:00:00,0.99,0.0,0.01,1.0,25.9,83.0,22.7,998.4,7.9,0.7352419856890845,4.6421352007971475
2018-07-01 06:00:00,1.0,0.0,0.02,1.0,26.2,78.0,22.1,999.0,11.5,2.4881992827652213,4.679622242152313
2018-07-01 07:00:00,1.0,0.0,0.0,1.0,27.6,69.0,21.5,999.3,14.8,2.5000000000000004,4.330127018922193
2018-07-01 08:00:00,0.98,0.0,0.0,0.98,29.9,59.0,20.9,999.8,15.8,0.7423384793347544,3.2154212137912763
2018-07-01 09:00:00,0.99,0.02,0.01,0.99,31.9,50.0,20.4,1000.3,16.6,-0.716657125124198,2.499280409439629
2018-07-01 10:00:00,0.99,0.02,0.06,0.99,33.6,45.0,20.0,999.8,17.3,0.3479327524001638,2.475670171853926
2018-07-01 11:00:00,0.97,0.0,0.17,0.96,35.2,39.0,19.3,999.1,22.0,1.089577199374912,2.138415658052083
2018-07-01 12:00:00,0.96,0.01,0.17,0.95,36.1,37.0,18.9,998.2,21.2,2.883363526931848,1.801725498392897
2018-07-01 13:00:00,0.94,0.01,0.19,0.94,36.8,35.0,19.0,997.3,21.2,1.0549740469210387,2.485363104321589
2018-07-01 14:00:00,0.93,0.05,0.65,0.91,36.5,35.0,18.6,996.9,25.6,4.976398565530443,9.359244484304625
2018-07-01 15:00:00,0.88,0.0,0.09,0.88,33.3,46.0,20.2,996.6,38.2,7.159697488039782,7.951649632608118
2018-07-01 16:00:00,0.9,0.28,0.37,0.86,31.5,54.0,21.1,997.1,26.3,6.5187430479279085,1.0324674692655247
2018-07-01 17:00:00,0.44,0.06,0.52,0.97,29.4,65.0,22.1,997.6,23.0,0.3486229709906333,-3.984778792366982
2018-07-01 18:00:00,0.98,0.0,0.11,0.98,29.5,64.0,21.9,997.8,11.2,-2.187429987478853,0.7107390870623789
2018-07-01 19:00:00,0.95,0.0,0.15,0.94,28.9,65.0,21.7,998.3,9.4,-3.195522749552795,2.8772616073430903
2018-07-01 20:00:00,0.57,0.07,0.21,0.5,28.0,68.0,21.6,999.4,15.5,-6.151828996322964,6.151828996322962
2018-07-01 21:00:00,0.46,0.04,0.25,0.35,27.0,74.0,22.0,1000.1,17.6,-1.846908773958612,5.074340152243905
2018-07-01 22:00:00,0.52,0.19,0.32,0.37,26.5,79.0,22.6,1000.3,14.0,-4.658019105832602,5.358438019581681
2018-07-01 23:00:00,0.7,0.14,0.27,0.62,26.2,83.0,23.1,1000.4,14.0,-2.535709570444197,5.437846722219899
2018-07-02 00:00:00,0.65,0.01,0.18,0.61,26.2,83.0,23.1,999.7,12.6,1.8017254983928963,2.8833635269318485
2018-07-02 01:00:00,0.5,0.0,0.21,0.44,26.1,83.0,23.0,998.7,7.6,2.8940993221413254,-1.1109406435904312
2018-07-02 02:00:00,0.5,0.01,0.08,0.47,26.0,84.0,23.0,998.1,7.6,2.878383839759834,0.35342109587492676
2018-07-02 03:00:00,0.44,0.0,0.1,0.4,25.8,86.0,23.1,997.7,5.0,-0.3535533905932738,0.35355339059327373
2018-07-02 04:00:00,0.34,0.0,0.08,0.3,25.5,87.0,23.2,998.2,3.2,0.3628828433995013,1.4554435894139948
2018-07-02 05:00:00,0.61,0.0,0.13,0.36,26.2,79.0,22.2,998.3,5.8,-0.3479327524001633,2.475670171853926
2018-07-02 06:00:00,0.74,0.0,0.02,0.74,26.9,75.0,22.0,998.5,11.5,-0.37668495821827785,5.386845871403051
2018-07-02 07:00:00,0.34,0.0,0.03,0.33,28.0,69.0,21.8,998.9,14.4,-1.8364363038995868,4.32637281122647
2018-07-02 08:00:00,0.37,0.0,0.04,0.35,30.0,59.0,21.2,999.6,19.8,-3.603450996785794,5.766727053863696
2018-07-02 09:00:00,0.75,0.0,0.04,0.75,32.1,51.0,20.5,1000.0,22.7,-2.891410350820626,6.811735915548059
2018-07-02 10:00:00,0.37,0.02,0.03,0.36,33.9,44.0,19.9,999.7,26.6,-1.0324674692655245,6.5187430479279085
2018-07-02 11:00:00,0.62,0.03,0.09,0.59,35.4,38.0,19.0,998.9,26.6,-0.3768188849491954,7.190132650232932
2018-07-02 12:00:00,0.57,0.1,0.12,0.52,36.3,36.0,18.8,998.2,26.3,-1.829622879196282,8.607698886457491
2018-07-02 13:00:00,0.67,0.09,0.24,0.57,33.0,53.0,22.2,997.9,43.6,12.754939974746664,17.555668777936358
2018-07-02 14:00:00,0.99,0.09,0.25,0.99,33.2,48.0,20.8,997.6,46.8,10.094945279778413,14.417075979486256
2018-07-02 15:00:00,0.93,0.02,0.21,0.92,32.4,51.0,21.1,996.9,37.4,8.211412613588022,4.366085533908785
2018-07-02 16:00:00,0.87,0.11,0.17,0.85,33.1,48.0,20.8,996.6,26.6,5.4378467222199,2.5357095704441948
2018-07-02 17:00:00,0.39,0.0,0.4,0.46,30.3,61.0,22.0,997.0,26.3,5.72474478502838,-1.427339184038038
2018-07-02 18:00:00,0.97,0.0,0.34,0.96,31.0,58.0,21.9,997.2,14.0,1.089577199374912,2.138415658052083
2018-07-02 19:00:00,0.99,0.01,0.17,0.99,29.9,62.0,21.7,998.0,16.2,4.600821315301731,8.652886410017484
2018-07-02 20:00:00,0.98,0.0,0.17,0.97,29.0,65.0,21.8,998.8,23.0,8.181165083647889,10.10289749894062
2018-07-02 21:00:00,0.91,0.0,0.25,0.9,29.0,62.0,21.0,999.5,26.3,12.990381056766577,7.500000000000007
2018-07-02 22:00:00,0.58,0.0,0.22,0.53,28.5,63.0,20.6,999.9,27.4,13.00574468109728,3.9762551842292244
2018-07-02 23:00:00,0.58,0.0,0.27,0.51,28.1,63.0,20.5,1000.1,24.1,8.939931253174443,2.904759747124507
2018-07-03 00:00:00,0.4,0.0,0.05,0.38,27.5,67.0,20.8,999.5,17.6,7.538315826132614,6.104407793183427
2018-07-03 01:00:00,0.38,0.0,0.09,0.35,26.6,73.0,21.4,998.7,16.9,5.4163352083684355,7.187719590425635
2018-07-03 02:00:00,0.29,0.0,0.1,0.24,26.1,76.0,21.6,998.5,17.3,7.54709580222772,6.560590289905073
2018-07-03 03:00:00,0.21,0.0,0.13,0.1,25.7,78.0,21.6,998.1,17.3,4.34231069824388,5.362307134053099
2018-07-03 04:00:00,0.21,0.0,0.07,0.16,25.5,79.0,21.5,998.2,12.2,2.1490212066910046,5.062776693988422
2018-07-03 05:00:00,0.28,0.0,0.27,0.35,25.0,81.0,21.5,998.8,9.4,2.1727182418122895,5.377666356487367
2018-07-03 06:00:00,0.44,0.0,0.01,0.44,25.7,77.0,21.4,999.4,12.2,0.3557580160950389,5.087576656325103
2018-07-03 07:00:00,0.44,0.0,0.06,0.43,27.5,67.0,20.9,1000.0,14.8,0.7097828148963341,5.050367150582008
2018-07-03 08:00:00,0.61,0.0,0.0,0.61,29.9,55.0,20.0,1000.3,17.6,1.4333142502483949,4.998560818879258
2018-07-03 09:00:00,0.72,0.0,0.0,0.72,32.0,48.0,19.6,1000.2,18.4,1.460965714322057,3.616017032810471
2018-07-03 10:00:00,0.86,0.0,0.02,0.86,34.0,43.0,19.8,999.8,18.4,2.475670171853926,0.3479327524001646
2018-07-03 11:00:00,0.67,0.0,0.15,0.62,35.5,38.0,19.1,999.1,21.2,2.4905416147351485,-2.1649947956686733
2018-07-03 12:00:00,0.69,0.02,0.3,0.59,36.3,36.0,18.8,998.6,21.2,3.604268994871564,-2.523736319944603
2018-07-03 13:00:00,0.83,0.03,0.28,0.78,35.9,37.0,19.0,998.2,20.5,2.8940993221413254,-1.1109406435904312
2018-07-03 14:00:00,0.93,0.02,0.31,0.92,36.8,35.0,18.8,997.5,20.2,5.385980316439454,2.8637765329939335
2018-07-03 15:00:00,0.97,0.13,0.35,0.96,34.6,38.0,18.4,997.1,25.2,0.6557108531947776,9.377102072442348
2018-07-03 16:00:00,0.96,0.24,0.84,0.92,34.3,40.0,18.6,997.2,24.5,-0.3628828433995016,-1.4554435894139948
2018-07-03 17:00:00,0.91,0.02,0.14,0.95,33.7,44.0,19.6,997.1,20.5,-3.233246532964663,2.180852323535912
2018-07-03 18:00:00,0.73,0.09,0.18,0.7,33.2,44.0,19.4,997.2,12.6,-3.6062445840513924,3.606244584051392
2018-07-03 19:00:00,0.76,0.14,0.05,0.74,31.8,50.0,20.1,997.9,12.6,-1.837615220227899,6.858073366652384
2018-07-03 20:00:00,0.8,0.01,0.01,0.8,30.8,53.0,20.1,998.8,21.6,9.288192010563463,8.661379172793731
2018-07-03 21:00:00,0.67,0.0,0.01,0.67,29.8,56.0,20.1,999.4,26.6,12.244675899951543,6.787334683448716
2018-07-03 22:00:00,0.81,0.0,0.01,0.81,29.1,58.0,20.0,1000.0,25.2,10.431998923921938,2.795245687107223
2018-07-03 23:00:00,0.91,0.0,0.01,0.91,28.4,61.0,20.1,1000.3,19.1,7.172285669722765,2.192787785420528
2018-07-04 00:00:00,0.73,0.0,0.01,0.73,27.6,65.0,20.6,1000.0,13.3,6.514471485336052,3.914289369316413
2018-07-04 01:00:00,0.62,0.0,0.0,0.62,27.0,70.0,21.1,999.6,13.3,5.358438019581681,4.658019105832602
2018-07-04 02:00:00,0.78,0.0,0.0,0.78,26.9,71.0,21.2,999.3,13.3,5.362307134053097,4.342310698243882
2018-07-04 03:00:00,0.82,0.0,0.0,0.82,26.5,72.0,21.1,999.0,12.2,4.313351365237939,4.31335136523794
2018-07-04 04:00:00,0.83,0.0,0.0,0.83,26.0,74.0,21.1,999.1,10.8,4.3149868395531055,4.023790324368742
2018-07-04 05:00:00,0.24,0.0,0.0,0.72,26.2,72.0,20.8,999.3,10.1,3.644268564213333,5.0159053651246746
2018-07-04 06:00:00,0.05,0.0,0.0,0.05,26.9,69.0,20.8,999.8,13.0,4.6580191058326,5.358438019581682
2018-07-04 07:00:00,0.14,0.0,0.0,0.14,28.8,61.0,20.6,1000.3,15.8,4.669166652447252,3.2693856872009643
2018-07-04 08:00:00,0.22,0.0,0.0,0.22,31.3,50.0,19.5,1000.9,16.9,3.195522749552796,2.87726160734309
2018-07-04 09:00:00,0.35,0.0,0.0,0.35,33.3,43.0,18.9,1001.1,18.4,1.1110124779463997,3.6339580726595346
2018-07-04 10:00:00,0.61,0.0,0.12,0.57,35.5,37.0,18.5,1000.8,19.1,1.4527695991665495,2.8512208774027776
2018-07-04 11:00:00,0.48,0.0,0.32,0.35,37.0,32.0,17.7,1000.1,23.0,5.8,1.0654427152581972e-15
2018-07-04 12:00:00,0.43,0.02,0.23,0.32,37.1,32.0,17.7,999.4,25.2,6.858073366652386,-1.837615220227894
2018-07-04 13:00:00,0.51,0.0,0.26,0.45,37.8,29.0,16.8,998.4,25.6,6.862201078041087,-0.7212463965468057
2018-07-04 14:00:00,0.59,0.0,0.36,0.47,37.8,28.0,16.2,997.5,27.4,9.371786608437748,-2.86524270628282
2018-07-04 15:00:00,0.6,0.0,0.29,0.51,37.7,29.0,16.5,996.9,29.2,10.77196063287891,-5.727553065987863
2018-07-04 16:00:00,0.47,0.0,0.24,0.36,36.4,31.0,16.4,997.1,28.8,4.680663690362691,-4.364789504399992
2018-07-04 17:00:00,0.54,0.0,0.23,0.19,35.2,34.0,16.9,997.4,19.4,-2.8940993221413254,1.1109406435904308
2018-07-04 18:00:00,0.26,0.0,0.2,0.19,33.8,41.0,18.7,998.0,14.8,-3.2687315981247376,6.415246974156248
2018-07-04 19:00:00,0.21,0.0,0.05,0.19,32.3,47.0,19.5,998.7,14.0,-1.4474368994146258,1.7874357113510329
2018-07-04 20:00:00,0.97,0.01,0.0,0.97,31.5,51.0,20.2,999.5,4.3,-0.726950774511971,-1.0777488443215544
2018-07-04 21:00:00,0.91,0.0,0.0,0.91,30.3,57.0,20.7,1000.3,4.0,3.2154212137912763,-0.7423384793347542
2018-07-04 22:00:00,0.92,0.0,0.0,0.92,29.4,58.0,20.2,1000.6,6.1,3.939231012048832,0.6945927106677213
2018-07-04 23:00:00,0.97,0.0,0.0,0.97,29.0,56.0,19.4,1000.7,6.1,2.8678964048465336,2.4930243101639276
2018-07-05 00:00:00,0.95,0.0,0.0,0.95,28.1,60.0,19.6,1000.0,10.8,5.043268823083022,3.940233442084212
2018-07-05 01:00:00,0.91,0.0,0.0,0.91,27.5,64.0,20.2,999.5,11.5,5.022947341949743,2.9000000000000026
2018-07-05 02:00:00,0.91,0.0,0.0,0.91,26.8,68.0,20.4,999.1,10.4,3.96029588778518,1.0611580849203346
2018-07-05 03:00:00,0.06,0.0,0.0,0.06,26.3,70.0,20.4,998.5,9.7,5.022947341949743,2.9000000000000026
2018-07-05 04:00:00,0.08,0.0,0.0,0.08,25.8,72.0,20.2,998.8,11.2,6.1385314081469815,1.417191642366351
2018-07-05 05:00:00,0.1,0.0,0.0,0.17,25.4,74.0,20.4,999.2,11.9,3.9641832724372423,2.880147736233119
2018-07-05 06:00:00,0.2,0.0,0.0,0.2,26.0,71.0,20.4,999.5,11.2,4.664264528860342,2.9145559532826275
2018-07-05 07:00:00,0.19,0.0,0.0,0.19,28.1,61.0,20.0,1000.2,13.3,3.233246532964663,2.1808523235359116
2018-07-05 08:00:00,0.51,0.0,0.0,0.51,31.0,46.0,18.0,1000.4,16.6,2.8678964048465336,2.4930243101639276
2018-07-05 09:00:00,0.54,0.0,0.0,0.54,33.3,37.0,16.7,1000.3,16.6,-2.1554976886431088,1.4539015490239415
2018-07-05 10:00:00,0.86,0.0,0.0,0.86,35.5,31.0,15.9,1000.1,19.1,-0.7263847995832751,1.4256104387013886
2018-07-05 11:00:00,0.79,0.0,0.0,0.79,37.2,28.0,15.8,999.5,21.6,4.664264528860344,-2.9145559532826257
2018-07-05 12:00:00,0.82,0.0,0.08,0.81,38.3,26.0,15.4,998.8,27.0,7.1718815985430435,-3.9754388860199654
2018-07-05 13:00:00,0.46,0.0,0.33,0.32,38.3,26.0,15.1,997.8,27.0,7.2,1.3226185430791415e-15
2018-07-05 14:00:00,0.31,0.0,0.27,0.1,38.9,25.0,15.1,997.1,25.2,8.654614298285896,2.8120546488120226
2018-07-05 15:00:00,0.74,0.0,0.27,0.67,38.1,27.0,16.0,996.4,35.3,15.797593583470983,-0.2757480217090735
2018-07-05 16:00:00,0.5,0.0,0.42,0.28,36.0,34.0,17.5,997.0,36.7,16.210706894502856,-1.7038139512627437
2018-07-05 17:00:00,0.26,0.0,0.12,0.1,35.4,32.0,16.4,997.0,34.2,1.7145055188062944e-16,-0.7
2018-07-05 18:00:00,1.0,0.0,1.0,0.24,34.2,36.0,16.8,997.1,9.0,-2.1665340833473734,2.8750878361702545
2018-07-05 19:00:00,0.08,0.0,0.02,0.07,32.5,40.0,17.0,998.1,6.8,3.233592155403522,1.0506577808748216
2018-07-05 20:00:00,0.03,0.0,0.02,0.02,31.5,44.0,17.8,999.5,17.6,10.074920287558198,2.141490415422926
2018-07-05 21:00:00,0.17,0.0,0.02,0.16,30.2,51.0,19.1,1000.2,23.4,11.14504617410967,5.435802220184564
2018-07-05 22:00:00,0.56,0.0,0.02,0.56,29.2,56.0,19.7,1000.4,22.7,7.8801075360672215,6.156614753256581
2018-07-05 23:00:00,0.68,0.0,0.01,0.67,28.5,61.0,20.2,1000.5,18.4,7.2085048071307245,6.490566881680923
2018-07-06 00:00:00,0.4,0.0,0.0,0.4,27.8,64.0,20.5,1000.0,17.3,7.208537989743126,5.047472639889208
2018-07-06 01:00:00,0.56,0.0,0.01,0.56,27.4,66.0,20.4,998.9,15.8,7.54424191025088,5.088655421583794
2018-07-06 02:00:00,0.55,0.0,0.03,0.54,27.2,66.0,20.2,998.4,15.8,6.811735915548058,2.8914103508206264
2018-07-06 03:00:00,0.02,0.0,0.02,0.0,26.8,67.0,20.1,998.2,13.3,5.362307134053097,4.342310698243882
2018-07-06 04:00:00,0.6,0.0,0.01,0.59,26.2,72.0,20.7,998.0,14.4,5.7208097262102,6.817795543758905
2018-07-06 05:00:00,0.78,0.0,0.0,0.23,26.1,73.0,21.0,998.3,22.0,5.793122007145566,8.273435647318816
2018-07-06 06:00:00,0.8,0.0,0.01,0.79,26.6,72.0,21.0,998.7,18.7,6.888619804400324,7.924450592339108
2018-07-06 07:00:00,0.96,0.0,0.01,0.97,28.8,62.0,20.8,999.3,25.2,7.584893794301164,9.03932442880394
2018-07-06 08:00:00,0.95,0.0,0.01,0.95,31.5,49.0,19.5,999.4,27.0,8.323222045346816,7.49426279121921
2018-07-06 09:00:00,0.95,0.0,0.01,0.95,33.7,42.0,19.1,999.8,27.0,8.651355263444872,2.4807362023529897
2018-07-06 10:00:00,0.94,0.0,0.01,0.94,35.0,39.0,18.9,999.2,29.2,10.773691742806104,-0.7533699164365524
2018-07-06 11:00:00,0.02,0.0,0.01,0.01,36.9,33.0,17.8,998.4,35.3,10.423721839997087,-3.18685158147783
2018-07-06 12:00:00,0.29,0.0,0.29,0.0,38.5,28.0,16.6,997.0,34.9,12.304149708010481,-3.5281581544575924
2018-07-06 13:00:00,0.19,0.0,0.19,0.0,38.5,25.0,15.2,996.1,34.6,13.649916082324125,-3.914050452601391
2018-07-06 14:00:00,0.2,0.0,0.2,0.0,38.8,24.0,14.4,995.4,36.4,15.855404823496553,-2.7957356604375727
2018-07-06 15:00:00,0.41,0.0,0.38,0.07,37.8,25.0,14.7,995.1,39.2,16.921953492694836,-3.596872251147239
2018-07-06 16:00:00,0.54,0.0,0.11,0.49,35.5,34.0,17.3,995.2,43.2,20.884959802733743,2.1950977286207207
2018-07-06 17:00:00,0.85,0.0,0.02,0.97,35.8,32.0,16.4,995.9,42.5,15.478757788695894,0.8112073217656367
2018-07-06 18:00:00,0.98,0.0,0.01,0.98,33.2,41.0,18.0,996.4,39.2,20.545705338975367,2.5226954084865465
2018-07-06 19:00:00,1.0,0.0,0.0,1.0,31.6,45.0,18.4,997.7,39.2,17.978529412105065,5.496588048787458
2018-07-06 20:00:00,0.97,0.0,0.01,0.97,30.2,49.0,18.3,998.4,36.7,19.36732249452935,4.116651478191644
2018-07-06 21:00:00,0.98,0.0,0.01,0.98,29.5,48.0,17.2,999.0,36.4,17.28454596041491,2.7376031382040433
2018-07-06 22:00:00,0.99,0.0,0.0,0.99,29.0,50.0,17.5,999.4,32.0,15.151101451746026,2.129348444689007
2018-07-06 23:00:00,1.0,0.0,0.0,1.0,28.5,53.0,18.0,999.1,27.4,14.082750868074575,2.483168940637104
2018-07-07 00:00:00,0.99,0.0,0.0,0.99,28.1,54.0,18.0,998.3,25.9,12.977032895167307,3.721104303529485
2018-07-07 01:00:00,0.99,0.0,0.0,0.99,27.6,57.0,18.2,997.7,24.5,10.43099158272404,6.518006950068422
2018-07-07 02:00:00,0.99,0.0,0.0,0.99,26.9,62.0,19.0,997.4,22.3,7.880466884168425,10.086537646166043
2018-07-07 03:00:00,1.0,0.0,0.0,1.0,26.1,68.0,19.8,997.3,26.3,7.571059701177796,12.60035932032105
2018-07-07 04:00:00,1.0,0.0,0.0,1.0,25.8,69.0,19.8,997.2,26.6,6.787334683448718,12.244675899951542
2018-07-07 05:00:00,1.0,0.0,0.0,1.0,26.0,73.0,20.6,997.6,25.2,8.626702730475879,8.62670273047588
2018-07-07 06:00:00,1.0,0.0,0.0,1.0,26.5,71.0,20.8,997.8,23.8,8.227681403987702,9.80536887192292
2018-07-07 07:00:00,1.0,0.0,0.0,1.0,28.6,61.0,20.4,998.2,27.4,8.188297621831254,10.480543022969403
2018-07-07 08:00:00,1.0,0.0,0.0,1.0,30.9,50.0,19.2,998.6,29.2,10.086537646166043,7.880466884168424
2018-07-07 09:00:00,1.0,0.0,0.0,1.0,32.6,43.0,18.4,998.7,30.2,11.840127021902445,4.3094538059034235
2018-07-07 10:00:00,0.99,0.0,0.0,0.99,34.2,38.0,18.1,998.4,32.4,12.98218395180946,0.680367431158276
2018-07-07 11:00:00,0.99,0.0,0.0,0.99,35.8,33.0,16.9,997.8,33.5,13.293051449981153,-3.314329969715444
2018-07-07 12:00:00,0.99,0.0,0.0,0.99,36.8,30.0,16.2,996.8,36.0,13.987510690493421,-2.9731371786939604
2018-07-07 13:00:00,1.0,0.0,0.0,1.0,37.3,28.0,15.8,995.9,38.5,16.575520732410077,-2.035218034865966
2018-07-07 14:00:00,1.0,0.0,0.0,1.0,37.2,27.0,14.9,995.4,41.4,18.77423525338599,0.983915977367353
2018-07-07 15:00:00,1.0,0.0,0.01,1.0,36.2,29.0,15.3,995.0,40.7,18.00084630616575,1.891965185144526
2018-07-07 16:00:00,1.0,0.0,0.01,1.0,34.8,33.0,15.9,995.2,39.2,16.24532266135759,4.658271313307281
2018-07-07 17:00:00,1.0,0.0,0.01,1.0,34.3,36.0,16.9,995.2,36.0,13.00574468109728,3.9762551842292244
2018-07-07 18:00:00,1.0,0.01,0.01,1.0,32.8,41.0,17.9,995.8,30.6,14.345205039432722,7.309247045806707
2018-07-07 19:00:00,1.0,0.01,0.0,1.0,31.4,48.0,19.0,996.6,31.0,12.900622960185713,10.446718491427308
2018-07-07 20:00:00,1.0,0.0,0.0,1.0,29.5,59.0,20.7,997.4,32.8,11.798571629081222,12.65241903801165
2018-07-07 21:00:00,1.0,0.01,0.0,1.0,28.4,66.0,21.4,997.9,33.5,12.344170317131221,13.23750199930699
2018-07-07 22:00:00,1.0,0.02,0.0,0.99,27.8,69.0,21.6,997.9,33.5,12.573316505307853,13.020050386129586
2018-07-07 23:00:00,1.0,0.01,0.04,1.0,27.3,72.0,21.8,998.1,33.8,12.940054095713819,12.940054095713823
2018-07-08 00:00:00,0.99,0.0,0.09,0.99,27.0,73.0,21.9,997.4,33.8,11.241394186828819,12.484833068020224
2018-07-08 01:00:00,0.95,0.0,0.02,0.95,26.7,75.0,22.0,997.0,30.6,8.967043844965522,11.899669099704663
2018-07-08 02:00:00,0.98,0.02,0.01,0.98,26.6,74.0,21.7,996.6,27.0,8.346550582553117,11.488041320124253
2018-07-08 03:00:00,0.98,0.03,0.01,0.98,26.5,75.0,21.7,996.2,26.6,9.296488277417438,11.898962379461501
2018-07-08 04:00:00,0.99,0.01,0.01,0.99,26.4,76.0,21.8,996.5,28.4,9.110671410533332,12.539763412811686
2018-07-08 05:00:00,0.99,0.0,0.04,1.0,26.3,76.0,21.8,996.5,27.7,8.723409294143648,12.932986131858652
2018-07-08 06:00:00,1.0,0.0,0.05,1.0,26.8,74.0,21.7,997.0,28.4,7.500000000000002,12.990381056766578
2018-07-08 07:00:00,0.99,0.01,0.07,0.99,27.9,68.0,21.5,997.6,29.2,8.640443208699352,11.892549817311727
2018-07-08 08:00:00,1.0,0.01,0.0,1.0,29.6,60.0,20.9,998.2,30.6,8.603646545265692,12.287280664334878
2018-07-08 09:00:00,1.0,0.01,0.0,1.0,31.5,52.0,20.4,998.5,32.0,9.653868861373049,9.00237835282498
2018-07-08 10:00:00,1.0,0.08,0.02,1.0,33.2,46.0,20.0,998.5,31.7,11.876090949353813,5.287576359985401
2018-07-08 11:00:00,0.99,0.1,0.21,0.99,34.0,43.0,19.5,998.0,33.5,15.162973563949327,1.0602984009107088
2018-07-08 12:00:00,1.0,0.17,0.16,0.99,34.8,39.0,18.9,997.1,36.0,14.7549942242494,-2.0736792043049754
2018-07-08 13:00:00,1.0,0.06,0.77,1.0,36.5,34.0,18.0,996.2,42.1,18.7,3.4351342716083256e-15
2018-07-08 14:00:00,0.99,0.01,0.13,0.99,35.3,37.0,18.5,995.4,49.3,24.096329453269032,-0.42060299513852345
2018-07-08 15:00:00,0.96,0.0,0.01,0.96,33.8,41.0,18.5,994.9,49.7,24.805247982484463,2.17017799441669
2018-07-08 16:00:00,0.9,0.01,0.07,0.89,33.7,41.0,18.6,994.7,50.8,24.459621297916783,3.4375755937136256
2018-07-08 17:00:00,0.81,0.0,0.02,0.93,32.1,45.0,18.9,995.3,50.0,19.412986546049616,5.935145605871563
2018-07-08 18:00:00,0.97,0.0,0.02,0.97,30.6,52.0,19.5,996.0,39.2,14.005798484688583,9.09547188475095
2018-07-08 19:00:00,0.92,0.0,0.0,0.92,28.4,66.0,21.4,996.7,32.0,11.442133368736476,12.707776515663443
2018-07-08 20:00:00,0.94,0.0,0.12,0.94,27.5,71.0,21.8,997.3,32.0,11.457572449049973,12.286742187202066
2018-07-08 21:00:00,0.98,0.0,0.84,0.96,27.3,72.0,21.8,998.0,31.3,11.241394186828819,12.484833068020224
2018-07-08 22:00:00,0.99,0.0,0.88,0.96,27.3,73.0,22.0,998.2,34.2,12.82156916917497,13.749449590440408
2018-07-08 23:00:00,1.0,0.0,0.84,1.0,27.0,73.0,21.8,998.4,34.9,13.293607486307092,13.293607486307097
2018-07-09 00:00:00,1.0,0.0,0.13,1.0,26.4,75.0,21.6,997.6,34.9,12.573316505307853,13.020050386129586
2018-07-09 01:00:00,0.99,0.0,0.42,0.99,26.3,75.0,21.6,996.7,32.8,13.379720286298912,12.92064569053735
2018-07-09 02:00:00,0.99,0.0,0.77,0.98,26.4,75.0,21.6,996.2,33.5,12.573316505307853,13.020050386129586
2018-07-09 03:00:00,0.99,0.0,0.48,0.98,26.5,75.0,21.8,996.0,32.4,12.139570809112472,13.018095888821236
2018-07-09 04:00:00,0.98,0.0,0.87,0.97,26.4,75.0,21.6,996.2,32.0,10.365732658050012,11.9244113675198
2018-07-09 05:00:00,1.0,0.0,0.55,1.0,26.6,75.0,21.8,996.0,29.9,11.878658134848855,12.300710585790934
2018-07-09 06:00:00,0.99,0.0,0.7,0.99,27.0,73.0,21.7,996.6,30.6,12.286742187202062,11.457572449049977
2018-07-09 07:00:00,0.99,0.0,0.94,0.98,27.8,70.0,21.8,997.4,36.7,14.45872998680689,13.962633246225845
2018-07-09 08:00:00,1.0,0.0,0.95,0.99,29.1,64.0,21.6,998.2,42.5,16.154220448937803,12.62106024417599
2018-07-09 09:00:00,0.99,0.0,0.85,0.99,29.1,64.0,21.6,998.9,41.4,12.586500705120546,12.58650070512055
2018-07-09 10:00:00,1.0,0.0,0.97,1.0,31.6,53.0,20.8,998.8,36.7,14.376021702821678,8.300000000000008
2018-07-09 11:00:00,0.98,0.04,0.31,0.98,33.8,43.0,19.4,998.4,41.0,19.457460309724212,3.081758961292551
2018-07-09 12:00:00,0.98,0.02,0.88,0.95,35.2,38.0,18.6,997.5,54.0,24.459621297916783,3.4375755937136256
2018-07-09 13:00:00,1.0,0.0,1.0,0.94,33.8,43.0,19.4,997.2,51.8,19.74901610227257,7.979120439758932
2018-07-09 14:00:00,1.0,0.0,1.0,0.92,30.8,58.0,21.5,996.6,45.0,16.154220448937803,12.62106024417599
2018-07-09 15:00:00,0.95,0.0,0.72,0.91,31.2,54.0,20.9,995.9,41.8,17.5803156968241,10.15000000000001
2018-07-09 16:00:00,0.78,0.0,0.43,0.74,31.3,52.0,20.2,996.0,45.0,20.861176181447167,7.592847181829842
2018-07-09 17:00:00,0.96,0.0,0.92,0.93,30.1,58.0,21.0,996.5,44.3,14.417075979486253,10.094945279778416
2018-07-09 18:00:00,1.0,0.0,1.0,0.97,29.1,63.0,21.4,996.7,34.2,12.946151088710726,10.863110603702516
2018-07-09 19:00:00,0.98,0.0,0.67,0.97,28.1,68.0,21.8,997.4,34.2,13.22797789349762,11.910524793187674
2018-07-09 20:00:00,0.97,0.0,0.8,0.94,27.3,72.0,21.9,998.5,34.9,13.739390186468238,13.267974875766848
2018-07-09 21:00:00,1.0,0.0,1.0,0.96,26.8,75.0,21.9,999.3,37.1,14.788582027000146,13.315699066541276
2018-07-09 22:00:00,1.0,0.0,1.0,0.95,26.5,74.0,21.5,999.7,39.6,15.903299265216239,14.319394976079563
2018-07-09 23:00:00,1.0,0.0,0.99,0.97,26.1,77.0,21.9,999.9,40.0,15.75354162741646,15.21301831305204
2018-07-10 00:00:00,1.0,0.0,1.0,0.99,26.1,77.0,21.9,999.4,41.0,16.126242712859458,14.52013415798722
2018-07-10 01:00:00,0.97,0.0,0.95,0.8,26.0,78.0,21.9,998.8,39.6,15.537739687314867,15.004620801914342
2018-07-10 02:00:00,1.0,0.0,1.0,0.84,25.8,78.0,21.6,998.3,39.2,14.77853172679884,14.778531726798846
2018-07-10 03:00:00,0.98,0.0,0.96,0.86,25.8,78.0,21.6,998.0,37.8,13.293607486307092,13.293607486307097
2018-07-10 04:00:00,0.99,0.0,0.98,0.95,26.0,75.0,21.3,998.0,34.6,12.47007962791886,14.861262196508171
2018-07-10 05:00:00,1.0,0.0,0.89,0.92,26.2,76.0,21.7,997.9,35.3,13.26797487576685,13.739390186468237
2018-07-10 06:00:00,0.98,0.0,0.9,0.96,26.4,76.0,21.7,998.0,36.4,13.962633246225849,14.458729986806889
2018-07-10 07:00:00,1.0,0.0,1.0,0.93,27.0,72.0,21.4,998.9,37.4,14.099060086637564,13.615304060996348
2018-07-10 08:00:00,1.0,0.0,0.99,0.97,28.0,66.0,21.0,999.7,41.0,15.431563104164496,14.390165397318722
2018-07-10 09:00:00,0.98,0.02,0.34,0.97,31.0,55.0,21.0,1000.1,44.6,17.178634428626545,13.421420162099347
2018-07-10 10:00:00,0.92,0.0,0.01,0.92,33.0,47.0,20.0,1000.0,45.7,17.99684551555924,8.01271186859326
2018-07-10 11:00:00,0.97,0.01,0.11,0.97,34.6,40.0,19.2,999.4,52.2,19.791905041740673,7.597400530360375
2018-07-10 12:00:00,0.97,0.01,0.14,0.96,35.5,39.0,19.5,998.7,52.6,19.794032816030327,4.935206670233223
2018-07-10 13:00:00,0.89,0.02,0.18,0.88,35.2,37.0,18.4,997.7,50.0,22.314238384143877,7.683408445188897
2018-07-10 14:00:00,0.84,0.05,0.35,0.8,34.0,42.0,19.3,997.8,58.0,23.460889684399167,4.560334989499416
2018-07-10 15:00:00,0.47,0.01,0.36,0.29,33.2,44.0,19.5,996.9,59.0,20.852021874140668,10.170210605506604
2018-07-10 16:00:00,0.47,0.01,0.17,0.43,32.4,50.0,20.6,996.6,48.2,21.190742228614248,11.267317506861378
2018-07-10 17:00:00,0.46,0.0,0.25,0.82,30.2,58.0,21.1,997.3,49.0,19.495818654078,13.651119185154904
2018-07-10 18:00:00,0.99,0.0,0.95,0.98,28.4,66.0,21.5,997.8,45.4,15.903299265216239,14.319394976079563
2018-07-10 19:00:00,0.96,0.0,0.91,0.89,27.1,73.0,21.8,998.7,40.3,15.62248831061138,13.5804219001035
2018-07-10 20:00:00,0.93,0.0,0.91,0.21,27.0,74.0,22.0,999.4,38.5,15.091075529443865,12.662915910824827
2018-07-10 21:00:00,0.84,0.0,0.69,0.79,26.9,74.0,21.9,1000.1,36.7,14.792307772366332,12.858756968213944
2018-07-10 22:00:00,0.97,0.0,0.16,0.97,26.6,75.0,21.9,1000.0,36.4,13.28288861192079,11.546638910232929
2018-07-10 23:00:00,0.97,0.0,0.26,0.97,26.5,77.0,22.0,1000.1,34.6,13.379720286298912,12.92064569053735
2018-07-11 00:00:00,1.0,0.0,0.42,1.0,26.2,75.0,21.5,999.6,33.8,11.546638910232925,13.282888611920791
2018-07-11 01:00:00,0.99,0.0,0.57,0.99,26.0,76.0,21.4,998.9,32.0,11.505898213389052,13.712195531829705
2018-07-11 02:00:00,0.99,0.0,0.96,0.98,25.9,77.0,21.5,998.7,32.0,11.02034040832928,14.105392489560323
2018-07-11 03:00:00,0.99,0.0,0.97,0.97,25.9,78.0,21.9,998.2,32.0,10.89720811326415,13.94779033883898
2018-07-11 04:00:00,1.0,0.0,0.94,1.0,26.1,77.0,21.7,998.2,31.7,9.992349288972042,13.753288904374106
2018-07-11 05:00:00,1.0,0.0,0.95,0.98,25.5,80.0,21.9,998.3,30.2,10.541716798859243,12.563128867151239
2018-07-11 06:00:00,0.99,0.0,0.97,0.97,26.2,77.0,21.9,998.6,31.7,9.636084130697576,13.761754344055063
2018-07-11 07:00:00,1.0,0.0,1.0,0.94,27.2,73.0,21.9,999.3,30.2,9.789017457677966,12.52937098234688
2018-07-11 08:00:00,0.98,0.0,0.81,0.97,28.9,64.0,21.4,1000.1,37.1,11.434485439888919,15.174074690898564
2018-07-11 09:00:00,0.98,0.03,0.87,0.98,30.0,60.0,21.2,1000.6,38.9,13.383772739630817,12.480569989143724
2018-07-11 10:00:00,0.98,0.0,0.95,0.98,30.0,59.0,21.1,1000.5,37.4,10.693762172545265,12.301766157631187
2018-07-11 11:00:00,1.0,0.01,0.9,1.0,30.5,58.0,21.2,1000.4,34.6,10.775574088987474,11.555388485582895
2018-07-11 12:00:00,0.97,0.0,0.09,0.97,32.2,50.0,20.5,999.6,34.2,13.629602662131774,5.506716923213911
2018-07-11 13:00:00,0.97,0.01,0.07,0.97,34.5,41.0,19.1,998.4,55.8,19.36732249452935,-4.1166514781916375
2018-07-11 14:00:00,0.94,0.0,0.14,0.94,34.7,38.0,18.5,997.8,57.2,23.043729561001943,-1.6113745434892928
2018-07-11 15:00:00,0.98,0.0,0.05,0.98,34.1,39.0,18.2,997.2,55.8,22.729306872586275,2.79080796397787
2018-07-11 16:00:00,0.99,0.0,0.07,0.99,33.4,41.0,18.4,997.0,47.2,21.946409105716132,1.5346424223707626
2018-07-11 17:00:00,1.0,0.0,0.1,0.96,31.9,47.0,19.2,997.5,44.3,16.24532266135759,4.658271313307281
2018-07-11 18:00:00,0.96,0.0,0.08,0.96,29.5,62.0,21.5,998.0,33.5,11.218609395737671,12.905533821809405
2018-07-11 19:00:00,0.98,0.0,0.05,0.98,27.5,72.0,22.0,998.5,34.6,11.205038850926979,14.34179571564234
2018-07-11 20:00:00,0.95,0.0,0.0,0.95,26.5,75.0,21.6,999.4,33.5,9.80815706160289,14.00749995734176
2018-07-11 21:00:00,0.96,0.0,0.01,0.96,26.2,75.0,21.4,1000.0,31.3,8.319732448461314,13.314355109655889
2018-07-11 22:00:00,0.99,0.01,0.02,0.99,26.1,74.0,21.1,1000.2,28.1,7.828578738632823,13.028942970672107
2018-07-11 23:00:00,1.0,0.0,0.0,1.0,26.0,74.0,21.0,1000.0,28.4,7.464597848295665,14.038866726456938
2018-07-12 00:00:00,1.0,0.0,0.0,1.0,26.0,74.0,20.9,999.5,28.8,7.175182379645787,12.94437166566306
2018-07-12 01:00:00,1.0,0.0,0.18,1.0,25.9,73.0,20.7,998.7,26.6,5.665601363094466,13.347320375060386
2018-07-12 02:00:00,0.99,0.0,0.0,0.99,25.8,73.0,20.5,998.2,28.8,5.662213602815747,14.750570738655787
2018-07-12 03:00:00,1.0,0.0,0.0,1.0,25.4,74.0,20.4,997.8,29.2,5.662213602815747,14.750570738655787
2018-07-12 04:00:00,1.0,0.0,0.0,1.0,25.1,75.0,20.3,997.6,28.4,5.665601363094466,13.347320375060386
2018-07-12 05:00:00,1.0,0.0,0.01,0.94,25.2,76.0,20.6,997.7,27.0,8.240609198560866,13.714676811233797
2018-07-12 06:00:00,0.91,0.0,0.0,0.91,25.6,74.0,20.7,997.8,30.2,9.282602197614395,13.762023704413696
2018-07-12 07:00:00,0.9,0.0,0.03,0.9,27.5,66.0,20.6,998.7,32.4,10.541716798859243,12.563128867151239
2018-07-12 08:00:00,0.83,0.0,0.09,0.82,29.7,57.0,20.2,999.6,33.8,10.365732658050012,11.9244113675198
2018-07-12 09:00:00,0.9,0.0,0.06,0.9,31.8,49.0,19.8,999.7,34.6,13.250188677901908,7.6500000000000075
2018-07-12 10:00:00,0.97,0.0,0.07,0.96,33.5,40.0,18.2,999.6,40.7,18.352590699492296,4.917561856947892
2018-07-12 11:00:00,0.89,0.01,0.05,0.88,34.6,38.0,18.1,999.1,49.3,18.37100313506956,2.9096810497482974
2018-07-12 12:00:00,0.93,0.02,0.11,0.92,36.3,34.0,17.9,998.4,49.7,19.805361374831406,2.7834620192013166
2018-07-12 13:00:00,0.79,0.01,0.07,0.79,35.6,34.0,17.5,997.6,62.6,27.383308660323223,0.9562462096485208
2018-07-12 14:00:00,0.88,0.0,0.06,0.87,35.2,35.0,17.4,996.9,63.4,29.49550700711354,0.5148459898998632
2018-07-12 15:00:00,0.91,0.01,0.07,0.91,34.9,37.0,17.9,996.4,59.4,25.16546427581526,1.3188660973221964
2018-07-12 16:00:00,0.96,0.01,0.05,0.96,33.9,37.0,17.4,996.2,56.5,25.88422241979458,0.9038969645947696
2018-07-12 17:00:00,0.89,0.0,0.09,0.19,31.8,50.0,20.0,996.0,51.5,18.979247644924893,10.520368759345509
2018-07-12 18:00:00,0.32,0.0,0.05,0.3,29.5,60.0,21.0,996.9,42.5,14.417009614261449,12.981133763361846
2018-07-12 19:00:00,0.11,0.0,0.08,0.05,27.5,71.0,21.8,997.6,36.7,12.139570809112472,13.018095888821236
2018-07-12 20:00:00,0.29,0.0,0.12,0.2,27.0,74.0,22.0,998.6,32.8,10.096848195340794,12.92337635915024
2018-07-12 21:00:00,0.51,0.0,0.19,0.42,27.0,73.0,21.8,999.1,29.9,11.116573269018724,11.92106533639248
2018-07-12 22:00:00,0.51,0.0,0.14,0.44,26.4,77.0,22.0,999.1,29.9,5.775660331676363,12.972345498524932
2018-07-12 23:00:00,0.47,0.0,0.09,0.43,26.2,77.0,21.8,999.3,28.4,7.563030075842856,13.644067431374575
2018-07-13 00:00:00,0.45,0.0,0.05,0.43,26.3,77.0,21.9,998.7,33.5,10.553806428859248,15.072397614917447
2018-07-13 01:00:00,0.73,0.0,0.01,0.73,25.9,77.0,21.5,998.0,34.6,11.579495195317012,14.299485690808261
2018-07-13 02:00:00,0.8,0.0,0.03,0.8,25.7,79.0,21.7,997.7,33.8,10.712509670666451,13.711387112756961
2018-07-13 03:00:00,0.88,0.01,0.18,0.87,25.6,78.0,21.5,997.1,31.7,11.184504408545783,13.329173310270216
2018-07-13 04:00:00,0.91,0.0,0.38,0.88,25.8,77.0,21.5,997.2,34.2,11.512869588589808,14.735801092445701
2018-07-13 05:00:00,0.85,0.0,0.15,0.87,25.5,79.0,21.5,996.9,34.2,12.14868582307559,14.478239974948684
2018-07-13 06:00:00,0.88,0.0,0.21,0.86,26.1,74.0,21.2,997.5,33.8,12.48056998914372,13.383772739630823
2018-07-13 07:00:00,0.96,0.0,0.08,0.96,28.0,68.0,21.5,998.0,37.4,14.33453255173574,13.367167857224974
2018-07-13 08:00:00,0.95,0.0,0.08,0.95,29.7,58.0,20.6,998.8,41.8,15.245133520499994,13.252392385608246
2018-07-13 09:00:00,0.94,0.0,0.06,0.94,30.9,56.0,21.0,999.3,42.5,15.396075436544548,13.383604191406347
2018-07-13 10:00:00,0.92,0.12,0.18,0.91,32.8,48.0,20.4,999.1,47.9,21.969405526418047,7.138292570061289
2018-07-13 11:00:00,0.88,0.06,0.24,0.86,34.0,42.0,19.2,998.6,48.2,21.225802935923582,4.511683690745388
2018-07-13 12:00:00,0.93,0.11,0.27,0.92,33.5,45.0,19.8,998.3,57.2,19.80199093632937,5.678129529830177
2018-07-13 13:00:00,0.97,0.09,0.26,0.96,34.5,41.0,19.4,997.6,54.4,19.794032816030327,4.935206670233223
2018-07-13 14:00:00,0.95,0.0,0.28,0.94,34.7,39.0,18.6,996.7,56.5,20.18879447597595,2.1219278043333634
2018-07-13 15:00:00,0.97,0.15,0.8,0.94,33.9,41.0,18.6,996.5,56.5,20.148842148140808,3.191263086820713
2018-07-13 16:00:00,0.98,0.02,0.87,0.95,32.2,45.0,18.7,996.3,43.2,16.593164121998313,2.6280990126758814
2018-07-13 17:00:00,0.95,0.0,0.81,0.98,32.0,45.0,18.8,996.2,34.6,17.31321253298836,3.6800369274743483
2018-07-13 18:00:00,0.96,0.0,0.92,0.87,30.4,53.0,19.8,996.4,34.9,13.33721301778979,10.050310886639206
2018-07-13 19:00:00,0.88,0.0,0.85,0.39,28.5,66.0,21.5,997.3,34.2,12.573316505307853,13.020050386129586
2018-07-13 20:00:00,0.67,0.0,0.6,0.27,27.8,69.0,21.5,998.3,34.2,14.144056498516864,11.453631117107047
2018-07-13 21:00:00,0.89,0.0,0.32,0.86,27.4,71.0,21.6,998.7,34.2,14.805010997061537,10.756470116952261
2018-07-13 22:00:00,0.96,0.0,0.21,0.96,26.9,74.0,21.9,999.1,33.5,13.329173310270214,11.184504408545786
2018-07-13 23:00:00,0.94,0.0,0.11,0.94,26.6,76.0,22.0,999.4,31.7,12.660380485960262,12.225987320078353
2018-07-14 00:00:00,0.98,0.0,0.07,0.97,26.3,78.0,22.1,999.0,33.8,13.749449590440403,12.821569169174975
2018-07-14 01:00:00,0.97,0.0,0.02,0.97,26.0,78.0,21.9,998.5,33.8,11.546638910232925,13.282888611920791
2018-07-14 02:00:00,0.98,0.0,0.01,0.98,25.6,80.0,21.9,998.0,32.8,10.863110603702513,12.946151088710728
2018-07-14 03:00:00,0.98,0.0,0.01,0.98,25.5,77.0,21.2,997.4,31.7,10.531762905160846,13.976121425827625
2018-07-14 04:00:00,0.98,0.0,0.02,0.98,25.2,79.0,21.2,997.1,32.8,10.46257749080602,14.400502499874065
2018-07-14 05:00:00,0.95,0.0,0.02,1.0,25.7,78.0,21.5,996.8,32.0,11.02034040832928,14.105392489560323
2018-07-14 06:00:00,0.98,0.0,0.04,0.98,26.0,75.0,21.2,996.6,32.4,10.46257749080602,14.400502499874065
2018-07-14 07:00:00,0.85,0.01,0.0,0.85,27.5,69.0,21.3,997.0,33.8,11.575959490008248,12.856405480758921
2018-07-14 08:00:00,0.88,0.01,0.06,0.87,30.4,56.0,20.6,997.5,34.6,9.789017457677966,12.52937098234688
2018-07-14 09:00:00,0.84,0.13,0.21,0.82,32.0,51.0,20.6,998.0,34.6,12.184676781453193,6.478707566445292
2018-07-14 10:00:00,0.96,0.05,0.22,0.96,34.2,43.0,19.9,997.9,55.1,15.812898136355548,1.6620025659556885
2018-07-14 11:00:00,0.98,0.01,0.16,0.98,34.8,40.0,19.4,997.5,53.3,16.889704976622717,-0.5898014942722716
2018-07-14 12:00:00,0.99,0.17,0.08,0.98,36.7,35.0,18.7,996.8,51.1,19.488121126872368,0.6805401856987648
2018-07-14 13:00:00,1.0,0.08,0.4,1.0,37.2,33.0,18.2,996.0,52.2,23.38574535224684,0.8166482228385178
2018-07-14 14:00:00,0.95,0.01,0.08,0.94,36.3,34.0,18.2,995.2,54.0,24.884831592775484,-0.8689974678922818
2018-07-14 15:00:00,0.95,0.01,0.07,0.95,35.2,36.0,18.0,994.7,54.0,25.896055304550533,0.45201732672564254
2018-07-14 16:00:00,0.98,0.0,0.12,0.98,34.2,39.0,18.5,994.7,52.9,21.570397950698798,1.1304566548475972
2018-07-14 17:00:00,0.97,0.0,0.17,0.98,33.5,41.0,18.5,994.6,43.9,15.861268399131205,1.1091279325315968
2018-07-14 18:00:00,0.95,0.01,0.12,0.94,32.1,46.0,19.2,995.4,31.3,10.114574148284923,6.077449283938642
2018-07-14 19:00:00,0.93,0.01,0.4,0.9,29.1,65.0,22.0,996.6,34.2,12.341522105981554,14.708053307884377
2018-07-14 20:00:00,0.96,0.01,0.07,0.96,27.7,71.0,22.0,997.0,37.1,13.650264369720707,15.160154439738841
2018-07-14 21:00:00,0.94,0.0,0.16,0.93,27.4,72.0,22.0,997.9,38.9,14.309962431455347,14.818399886976213
2018-07-14 22:00:00,0.98,0.0,0.03,0.98,26.7,76.0,22.2,997.8,38.2,11.99081914676645,16.503946685248927
2018-07-14 23:00:00,0.98,0.01,0.05,0.98,26.5,77.0,22.0,998.0,37.4,11.414171083385817,16.301125681350936
2018-07-15 00:00:00,0.93,0.0,0.08,0.92,26.1,78.0,22.0,997.5,36.4,11.915937458410559,15.812983098936398
2018-07-15 01:00:00,0.98,0.0,0.09,0.98,26.0,80.0,22.1,997.4,37.1,11.299455796115609,16.137295272493137
2018-07-15 02:00:00,0.97,0.0,0.07,0.97,25.9,79.0,21.9,996.4,34.9,9.432562903351046,15.095256111584385
2018-07-15 03:00:00,1.0,0.01,0.1,1.0,25.7,79.0,21.8,996.0,32.4,10.35121839821523,13.736530772813436
2018-07-15 04:00:00,1.0,0.0,0.33,1.0,25.7,78.0,21.6,995.9,29.9,10.037703143554758,11.547056577408414
2018-07-15 05:00:00,1.0,0.0,0.55,1.0,25.5,79.0,21.6,996.2,26.6,9.448495863487159,12.538577507742497
2018-07-15 06:00:00,1.0,0.0,1.0,0.99,25.7,80.0,22.0,996.3,57.2,9.698456662825805,13.348780407186633
2018-07-15 07:00:00,1.0,0.03,0.34,1.0,26.4,78.0,22.3,997.1,29.5,10.418204426418098,8.741911491736937
2018-07-15 08:00:00,0.99,0.0,0.44,0.99,28.9,66.0,21.8,997.5,33.8,13.317381735953603,10.40467893300362
2018-07-15 09:00:00,0.99,0.0,0.27,0.99,30.3,59.0,21.5,997.7,37.1,12.900622960185713,10.446718491427308
2018-07-15 10:00:00,1.0,0.0,0.68,1.0,33.1,49.0,21.0,998.0,37.4,16.92478250322777,5.827669964783103
2018-07-15 11:00:00,1.0,0.0,0.56,0.99,33.2,48.0,20.8,997.8,64.8,21.229965582379382,6.490651844844764
2018-07-15 12:00:00,0.99,0.0,0.7,0.99,32.8,51.0,21.5,997.4,67.3,17.309228596571792,5.624109297624045
2018-07-15 13:00:00,1.0,0.0,0.52,0.99,33.0,49.0,20.8,996.5,63.4,20.861358114933925,5.2013207553928575
2018-07-15 14:00:00,1.0,0.08,0.33,1.0,34.4,42.0,19.5,995.9,65.5,23.76738292715886,1.2455957585820745
2018-07-15 15:00:00,1.0,0.01,0.57,1.0,32.7,50.0,20.8,995.7,48.2,19.82751429858267,7.216625024171607
2018-07-15 16:00:00,0.99,0.0,0.64,0.99,31.5,54.0,21.0,995.6,42.8,18.354734398280378,9.352204294634669
2018-07-15 17:00:00,0.98,0.01,0.14,0.12,30.0,63.0,22.1,995.9,40.7,11.910524793187678,13.227977893497618
2018-07-15 18:00:00,1.0,0.01,0.03,1.0,28.2,72.0,22.8,996.9,37.1,13.61530406099635,14.099060086637563
2018-07-15 19:00:00,1.0,0.0,0.18,1.0,27.0,77.0,22.6,997.2,36.4,13.237501999306984,12.344170317131226
2018-07-15 20:00:00,1.0,0.0,0.06,1.0,26.9,79.0,22.9,997.7,32.8,12.003171137099972,12.871825148497402
2018-07-15 21:00:00,0.98,0.01,0.01,0.98,26.8,79.0,22.9,998.2,34.2,13.230768185212467,14.188261811411907
2018-07-15 22:00:00,0.99,0.0,0.0,0.99,26.4,81.0,22.8,998.5,35.6,13.055574676911089,15.018720646433165
2018-07-15 23:00:00,0.99,0.16,0.2,0.99,26.0,80.0,22.3,998.5,35.6,13.293607486307092,13.293607486307097
2018-07-16 00:00:00,1.0,0.01,0.0,1.0,25.8,81.0,22.3,997.7,33.5,13.237501999306984,12.344170317131226
2018-07-16 01:00:00,0.99,0.01,0.74,0.98,25.5,82.0,22.2,997.5,32.0,11.798571629081222,12.65241903801165
2018-07-16 02:00:00,0.98,0.01,0.77,0.94,25.5,80.0,21.9,997.1,31.0,10.446718491427305,12.900622960185716
2018-07-16 03:00:00,0.98,0.0,0.83,0.94,25.7,79.0,21.7,996.7,30.2,11.241394186828819,12.484833068020224
2018-07-16 04:00:00,0.97,0.0,0.49,0.96,25.9,77.0,21.6,996.5,30.2,10.093575728924977,10.824034783963725
2018-07-16 05:00:00,0.97,0.0,0.88,0.99,25.9,76.0,21.3,996.8,26.3,10.132058295902386,12.512049979457231
2018-07-16 06:00:00,1.0,0.0,1.0,0.94,24.3,90.0,22.5,997.2,53.3,11.17228714274745,11.172287142747454
2018-07-16 07:00:00,1.0,0.0,1.0,0.85,24.6,92.0,23.2,998.0,53.6,13.329173310270214,11.184504408545786
2018-07-16 08:00:00,1.0,0.0,1.0,0.86,25.3,91.0,23.8,998.8,57.2,13.739390186468238,13.267974875766848
2018-07-16 09:00:00,1.0,0.0,1.0,0.88,25.8,90.0,24.0,999.1,60.5,10.541716798859243,12.563128867151239
2018-07-16 10:00:00,0.99,0.0,0.98,0.95,27.0,84.0,24.0,999.1,61.6,8.932080174246444,13.754197314304953
2018-07-16 11:00:00,1.0,0.0,1.0,0.94,27.9,78.0,23.6,998.8,61.2,9.789017457677966,12.52937098234688
2018-07-16 12:00:00,0.96,0.0,0.64,0.95,29.2,70.0,23.1,998.2,58.7,12.563128867151237,10.541716798859246
2018-07-16 13:00:00,0.94,0.0,0.48,0.92,29.9,68.0,23.2,997.4,34.9,12.539763412811684,9.110671410533335
2018-07-16 14:00:00,1.0,0.0,0.92,1.0,27.9,85.0,25.0,996.9,32.4,9.702393792203445,10.775599969422217
2018-07-16 15:00:00,1.0,0.0,0.64,1.0,25.9,91.0,24.2,996.4,29.5,9.698456662825805,13.348780407186633
2018-07-16 16:00:00,1.0,0.01,0.63,1.0,26.4,86.0,24.0,996.3,31.7,11.02034040832928,14.105392489560323
2018-07-16 17:00:00,1.0,0.02,0.0,1.0,31.5,50.0,19.6,996.1,32.4,11.546519142684359,2.8788705576360467
2018-07-16 18:00:00,1.0,0.01,0.03,1.0,30.0,57.0,20.6,996.7,23.0,8.335900445507969,8.632077604063813
2018-07-16 19:00:00,0.98,0.01,0.03,0.98,28.4,67.0,21.7,997.1,22.7,6.518006950068419,10.430991582724042
2018-07-16 20:00:00,1.0,0.0,0.04,1.0,27.4,72.0,22.0,997.6,25.6,6.446665096301563,12.652292643474823
2018-07-16 21:00:00,0.99,0.01,0.17,0.99,26.7,75.0,21.9,998.7,26.6,5.87439383819572,12.597678239809436
2018-07-16 22:00:00,0.55,0.0,0.39,0.43,26.6,76.0,22.0,999.2,25.6,7.100000000000001,12.297560733739028
2018-07-16 23:00:00,0.73,0.0,0.41,0.67,26.5,77.0,22.1,999.1,25.6,7.250000000000002,12.55736835487436
2018-07-17 00:00:00,1.0,0.01,1.0,0.35,26.2,79.0,22.4,998.9,29.9,10.773002762377619,11.964631690186048
2018-07-17 01:00:00,0.97,0.0,0.97,0.57,24.2,92.0,22.9,998.4,52.6,7.471861625688187,11.957478155805607
2018-07-17 02:00:00,0.93,0.0,0.91,0.44,23.9,93.0,22.6,997.9,52.9,5.36725192410688,11.510108895365455
2018-07-17 03:00:00,0.74,0.0,0.4,0.72,23.6,92.0,22.4,997.6,55.4,4.694620139043436,12.229903587113341
2018-07-17 04:00:00,0.91,0.0,0.85,0.69,23.8,90.0,22.1,997.6,49.3,4.948496447161059,9.71197111365321
2018-07-17 05:00:00,0.91,0.0,0.64,0.67,24.0,87.0,21.8,997.9,49.0,3.5500000000000007,6.148780366869514
2018-07-17 06:00:00,0.55,0.0,0.0,0.55,24.8,81.0,21.2,998.0,18.0,4.013721034907364,10.456100776768658
2018-07-17 07:00:00,0.63,0.0,0.23,0.62,26.8,71.0,21.0,998.4,21.2,3.516580156403462,8.284543681071963
2018-07-17 08:00:00,0.56,0.0,0.06,0.56,29.4,54.0,19.2,998.6,22.7,8.211412613588022,4.366085533908785
2018-07-17 09:00:00,0.29,0.01,0.17,0.19,31.3,48.0,19.0,999.0,29.2,11.88088766335554,3.1834742547610038
2018-07-17 10:00:00,0.38,0.0,0.17,0.28,33.0,43.0,18.9,998.8,40.3,18.6673096372481,2.9566113892603663
2018-07-17 11:00:00,0.28,0.0,0.18,0.14,34.0,41.0,18.9,998.3,46.8,21.596710215378053,-0.37697197904531565
2018-07-17 12:00:00,0.4,0.03,0.38,0.05,34.9,38.0,18.6,997.7,46.8,18.711347307231954,-3.2993153756716693
2018-07-17 13:00:00,0.3,0.0,0.23,0.19,35.0,37.0,18.2,997.1,45.7,20.471905462468765,-1.0728871029803508
2018-07-17 14:00:00,0.28,0.0,0.08,0.25,35.4,36.0,18.2,996.2,45.7,21.58684186361247,0.7538291287740165
2018-07-17 15:00:00,0.28,0.01,0.03,0.26,34.7,39.0,18.9,995.7,49.0,22.7132391164918,1.987150934646608
2018-07-17 16:00:00,0.23,0.0,0.21,0.04,33.8,39.0,18.1,995.5,49.3,24.141050016287746,1.688106664607839
2018-07-17 17:00:00,0.07,0.0,0.14,0.12,32.0,48.0,19.5,995.9,49.7,19.781975538939193,6.42755348299891
2018-07-17 18:00:00,0.17,0.0,0.17,0.03,30.5,53.0,20.0,996.0,40.3,12.336204102924748,11.107568065557047
2018-07-17 19:00:00,0.99,0.0,0.99,0.0,28.5,67.0,21.8,997.3,33.1,11.874668424728178,13.660243402032176
2018-07-17 20:00:00,0.74,0.0,0.74,0.01,27.9,70.0,21.9,997.7,34.9,12.344170317131221,13.23750199930699
2018-07-17 21:00:00,0.66,0.01,0.66,0.01,27.6,71.0,22.0,998.8,33.1,10.404678933003622,13.317381735953601
2018-07-17 22:00:00,0.91,0.01,0.91,0.01,27.5,73.0,22.2,999.3,30.6,9.06250769434653,12.94260229976607
2018-07-17 23:00:00,0.7,0.01,0.68,0.06,27.3,71.0,21.6,999.4,28.4,10.027486711110011,11.950293312656056
2018-07-18 00:00:00,0.97,0.0,0.97,0.01,26.9,73.0,21.5,999.0,28.1,8.365228821813472,11.101033589657371
2018-07-18 01:00:00,0.95,0.01,0.95,0.01,26.6,72.0,21.2,998.1,25.6,8.276054971367051,12.26975607381462
2018-07-18 02:00:00,0.74,0.01,0.74,0.01,26.1,74.0,21.1,997.8,26.6,7.100000000000001,12.297560733739028
2018-07-18 03:00:00,0.98,0.01,0.97,0.24,26.0,75.0,21.2,997.4,25.2,6.478707566445294,12.184676781453192
2018-07-18 04:00:00,0.88,0.03,0.87,0.01,26.1,75.0,21.3,997.7,24.5,5.87439383819572,12.597678239809436
2018-07-18 05:00:00,0.97,0.02,0.68,0.26,26.1,74.0,21.2,997.6,24.5,6.8098574960932,13.365097862825518
2018-07-18 06:00:00,0.68,0.02,0.55,0.39,26.4,72.0,21.0,998.0,27.4,6.901231972952595,12.979329615026224
2018-07-18 07:00:00,0.86,0.02,0.55,0.78,27.9,66.0,21.0,998.5,28.8,7.951729911219395,12.24459029200319
2018-07-18 08:00:00,0.79,0.03,0.39,0.72,30.2,56.0,20.5,998.8,31.3,7.996458519631678,11.855237287537099
2018-07-18 09:00:00,0.73,0.02,0.48,0.53,32.1,49.0,20.0,999.3,32.0,13.710019346190094,4.720738239628771
2018-07-18 10:00:00,0.52,0.03,0.52,0.01,33.5,41.0,18.5,999.0,38.9,18.31995927171905,2.5747023677612177
2018-07-18 11:00:00,0.58,0.16,0.56,0.0,34.5,39.0,18.7,998.2,45.0,20.84346918446776,-2.5592562115081012
2018-07-18 12:00:00,1.0,0.0,1.0,0.01,34.5,38.0,18.4,997.7,45.0,18.697151899424515,-0.32636000037719454
2018-07-18 13:00:00,1.0,0.01,1.0,0.52,33.3,42.0,18.8,997.1,42.1,19.805361374831406,2.7834620192013166
2018-07-18 14:00:00,1.0,0.01,1.0,0.24,32.5,45.0,18.9,996.5,43.9,21.2503681783595,5.694018992255454
2018-07-18 15:00:00,1.0,0.0,0.99,0.11,31.4,48.0,19.0,995.9,44.3,21.179616093424695,7.292726659840309
2018-07-18 16:00:00,0.99,0.0,0.99,0.02,30.9,50.0,19.2,995.9,44.3,18.764966572593753,7.203195785860545
2018-07-18 17:00:00,0.99,0.0,0.97,0.04,32.4,45.0,19.0,996.2,38.9,20.538769382938433,7.884094889996616
2018-07-18 18:00:00,0.99,0.02,0.99,0.02,31.0,50.0,19.2,996.4,41.4,13.753288904374104,9.992349288972045
2018-07-18 19:00:00,1.0,0.03,1.0,0.0,29.5,60.0,20.9,997.4,32.4,10.775574088987474,11.555388485582895
2018-07-18 20:00:00,1.0,0.01,1.0,0.01,28.7,65.0,21.5,998.1,29.5,9.063305296580204,10.80122664797759
2018-07-18 21:00:00,1.0,0.01,1.0,0.19,28.4,66.0,21.4,998.9,25.6,7.582429754572902,10.436319227436822
2018-07-18 22:00:00,1.0,0.0,1.0,0.48,28.1,65.0,21.0,999.5,23.4,7.883776803291833,10.462125181619536
2018-07-18 23:00:00,1.0,0.0,1.0,0.27,28.1,64.0,20.6,999.6,25.6,8.999281592012679,11.113187248834683
2018-07-19 00:00:00,0.99,0.0,0.98,0.63,27.7,65.0,20.6,998.9,27.7,9.628601983062516,11.890333210291654
2018-07-19 01:00:00,0.98,0.0,0.96,0.93,27.0,68.0,20.5,998.4,28.1,8.319732448461314,13.314355109655889
2018-07-19 02:00:00,0.96,0.0,0.8,0.94,26.5,70.0,20.5,997.9,29.5,6.095405604432667,14.35987571385807
2018-07-19 03:00:00,0.99,0.0,0.91,0.98,26.1,72.0,20.7,997.9,28.1,3.580444054875079,14.360376748884748
2018-07-19 04:00:00,0.98,0.0,0.96,0.95,25.8,76.0,21.2,997.8,28.4,4.244815279581784,14.80343011745011
2018-07-19 05:00:00,0.97,0.0,0.95,0.98,25.8,76.0,21.3,997.5,28.1,4.72784665472021,11.138108726774528
2018-07-19 06:00:00,0.99,0.0,0.85,0.97,25.9,75.0,21.1,997.6,23.8,3.859306502340125,12.623222778712067
2018-07-19 07:00:00,0.99,0.0,0.69,0.97,27.1,68.0,20.8,998.0,25.2,3.862712429686841,11.88820645368942
2018-07-19 08:00:00,0.97,0.0,0.47,0.95,29.1,60.0,20.5,998.6,25.6,2.588564282916442,10.382164271153162
2018-07-19 09:00:00,0.98,0.01,0.49,0.97,31.4,51.0,20.0,998.8,25.9,6.509047944410616,6.069785404556238
2018-07-19 10:00:00,0.39,0.01,0.37,0.04,33.5,44.0,19.6,998.4,30.2,11.837607860567156,2.951447126315947
2018-07-19 11:00:00,0.75,0.02,0.74,0.03,34.5,42.0,19.7,997.9,39.2,16.162713077517623,5.882746465201499
2018-07-19 12:00:00,0.96,0.26,0.95,0.3,33.9,44.0,19.8,997.6,40.3,16.92478250322777,5.827669964783103
2018-07-19 13:00:00,1.0,0.36,0.98,0.84,33.6,44.0,19.8,997.4,40.0,16.544072278160513,5.058030491703352
2018-07-19 14:00:00,0.99,0.45,0.98,0.59,32.3,48.0,20.0,997.1,38.2,16.194675050768996,9.350000000000009
2018-07-19 15:00:00,0.96,0.03,0.95,0.5,32.6,46.0,19.6,996.6,38.5,17.709211622225638,7.154985934243926
2018-07-19 16:00:00,0.93,0.01,0.8,0.91,32.3,47.0,19.4,996.8,39.6,18.43761222418668,6.348579011914555
2018-07-19 17:00:00,0.88,0.01,0.98,0.94,29.2,64.0,21.8,997.4,40.0,10.932805692639999,15.047716095374025
2018-07-19 18:00:00,1.0,0.0,0.99,0.82,27.6,72.0,22.2,997.6,35.3,8.338725468236996,15.043458962797608
2018-07-19 19:00:00,1.0,0.02,0.99,1.0,26.5,78.0,22.4,998.3,32.4,7.536242295676476,14.790708301526909
2018-07-19 20:00:00,0.99,0.02,0.92,0.99,24.6,92.0,23.2,999.0,31.7,7.6724394455983385,15.058010258783415
2018-07-19 21:00:00,0.99,0.0,0.88,0.99,24.3,92.0,22.9,999.1,30.6,5.0788632095316455,14.750089779349342
2018-07-19 22:00:00,1.0,0.0,0.93,1.0,24.5,90.0,22.8,999.7,29.2,5.720280296718288,11.226682204773436
2018-07-19 23:00:00,1.0,0.0,1.0,1.0,24.5,88.0,22.5,999.4,23.8,3.7211043035294864,12.977032895167305
2018-07-20 00:00:00,1.0,0.01,0.97,1.0,24.5,87.0,22.2,999.1,25.2,2.483168940637106,14.082750868074575
2018-07-20 01:00:00,1.0,0.0,0.68,1.0,24.8,85.0,22.0,998.2,25.9,6.8098574960932,13.365097862825518
2018-07-20 02:00:00,1.0,0.0,0.91,1.0,25.0,83.0,21.9,997.7,27.7,7.563030075842856,13.644067431374575
2018-07-20 03:00:00,1.0,0.0,0.88,1.0,25.0,82.0,21.7,997.4,27.7,5.3530164603030475,12.610916492298433
2018-07-20 04:00:00,1.0,0.01,1.0,0.99,25.1,80.0,21.4,997.2,24.5,4.233532822936778,13.029474273243604
2018-07-20 05:00:00,1.0,0.01,0.93,0.98,25.6,78.0,21.5,998.0,24.8,8.603646545265692,12.287280664334878
2018-07-20 06:00:00,0.97,0.0,0.96,0.97,26.4,73.0,21.1,998.1,28.8,10.693762172545265,12.301766157631187
2018-07-20 07:00:00,1.0,0.01,0.96,1.0,27.5,66.0,20.5,998.3,29.9,11.114533927343958,11.509436805418417
2018-07-20 08:00:00,0.99,0.01,0.9,0.99,29.8,56.0,20.0,998.9,32.4,10.775599969422219,9.702393792203443
2018-07-20 09:00:00,0.96,0.05,0.37,0.96,31.0,50.0,19.4,999.2,33.1,14.753174146338761,5.369716250212996
2018-07-20 10:00:00,0.97,0.04,0.01,0.96,32.8,44.0,18.9,999.1,46.8,22.34543472582006,1.562545011868413
2018-07-20 11:00:00,0.96,0.03,0.01,0.95,33.5,42.0,18.9,998.7,54.0,24.166834741060686,-1.2665301410792436
2018-07-20 12:00:00,0.95,0.1,0.02,0.95,35.0,38.0,18.5,998.3,52.9,25.161403952817317,-2.6445701206716206
2018-07-20 13:00:00,0.94,0.0,0.09,0.94,35.8,35.0,18.2,997.5,55.4,24.107911693820242,-2.1091689744933206
2018-07-20 14:00:00,1.0,0.05,0.1,1.0,35.0,37.0,18.3,997.0,55.8,24.465238626059527,-2.5714001963842636
2018-07-20 15:00:00,0.94,0.01,0.03,0.93,34.2,39.0,18.2,996.5,51.1,23.76738292715886,1.2455957585820745
2018-07-20 16:00:00,0.98,0.07,0.05,0.98,32.9,43.0,18.7,996.7,49.3,24.494670846759416,3.87957473299773
2018-07-20 17:00:00,1.0,0.01,0.02,1.0,32.7,43.0,18.5,997.2,49.3,19.389964289226178,4.476525981442919
2018-07-20 18:00:00,1.0,0.0,0.01,1.0,30.9,49.0,19.0,997.5,40.0,16.197718636587737,10.121457946854216
2018-07-20 19:00:00,1.0,0.0,0.04,1.0,28.9,60.0,20.4,998.6,36.4,13.749449590440403,12.821569169174975
2018-07-20 20:00:00,1.0,0.0,0.07,1.0,27.1,72.0,21.6,999.5,35.3,12.920645690537352,13.37972028629891
2018-07-20 21:00:00,0.99,0.0,0.06,0.99,26.6,74.0,21.6,999.8,33.5,11.457572449049973,12.286742187202066
2018-07-20 22:00:00,0.99,0.01,0.08,0.99,26.5,75.0,21.5,1000.2,29.5,10.096848195340794,12.92337635915024
2018-07-20 23:00:00,0.99,0.0,0.14,0.99,26.0,76.0,21.5,1000.3,30.2,8.723409294143648,12.932986131858652
2018-07-21 00:00:00,0.99,0.01,0.28,0.99,25.9,76.0,21.4,999.4,29.2,7.805434885966026,14.081377284944274
2018-07-21 01:00:00,1.0,0.02,0.29,0.99,25.9,76.0,21.3,998.8,29.9,7.887122254802967,14.833519560029972
2018-07-21 02:00:00,1.0,0.01,0.26,1.0,25.8,77.0,21.4,998.3,30.6,7.536242295676476,14.790708301526909
2018-07-21 03:00:00,1.0,0.0,0.17,1.0,25.5,76.0,21.0,998.1,29.9,7.9508777720399255,14.34376319708609
2018-07-21 04:00:00,1.0,0.01,0.04,1.0,25.7,76.0,21.1,998.1,29.5,8.276054971367051,12.26975607381462
2018-07-21 05:00:00,0.99,0.04,0.02,1.0,25.6,76.0,21.1,997.8,26.6,7.98309016110584,13.286093160882741
2018-07-21 06:00:00,1.0,0.03,0.04,1.0,25.9,74.0,20.9,998.0,28.1,5.287576359985403,11.876090949353811
2018-07-21 07:00:00,0.99,0.06,0.01,0.99,28.0,64.0,20.4,998.6,24.8,3.625409138561936,11.858178973941639
2018-07-21 08:00:00,0.98,0.06,0.0,0.98,30.0,53.0,19.5,999.3,28.4,4.962187045524762,11.14525458323973
2018-07-21 09:00:00,1.0,0.5,0.02,0.99,32.2,46.0,19.0,1000.1,31.7,14.360376748884748,3.5804440548750835
2018-07-21 10:00:00,0.99,0.32,0.17,0.98,33.8,41.0,18.8,1000.1,43.6,19.794635835545385,-3.4903283711052926
2018-07-21 11:00:00,0.98,0.12,0.09,0.98,35.0,38.0,18.6,999.7,42.5,17.65688368959889,-1.2346895852710162
2018-07-21 12:00:00,0.99,0.0,0.41,0.99,36.0,35.0,18.3,999.4,46.8,20.150793815248452,-1.4090807696313294
2018-07-21 13:00:00,0.99,0.0,0.35,0.99,36.0,35.0,18.4,998.8,49.7,23.342998776079884,1.6323014856125384
2018-07-21 14:00:00,0.99,0.0,0.22,0.99,35.5,36.0,18.4,998.3,50.4,23.41057540515602,-2.0481599545699605
2018-07-21 15:00:00,0.98,0.0,0.21,0.98,35.5,36.0,18.4,997.8,52.2,24.440319231365695,-1.7090336067310679
2018-07-21 16:00:00,0.98,0.02,0.02,0.98,33.8,40.0,18.4,997.8,50.4,20.884959802733743,2.1950977286207207
2018-07-21 17:00:00,0.99,0.0,0.01,1.0,34.0,39.0,18.1,997.8,42.8,13.329776402789145,-3.5717028224147804
2018-07-21 18:00:00,0.99,0.0,0.0,0.99,32.5,44.0,18.6,998.3,28.8,10.397814721786489,-1.4613175600806874
2018-07-21 19:00:00,1.0,0.0,0.0,1.0,31.0,50.0,19.2,998.8,23.0,11.87451260953648,5.040431557511632
2018-07-21 20:00:00,1.0,0.0,0.0,1.0,29.3,59.0,20.4,1000.1,27.4,12.287280664334874,8.603646545265695
2018-07-21 21:00:00,0.99,0.0,0.01,0.99,27.9,66.0,21.0,1000.9,28.4,11.149766905249093,10.767204742114458
2018-07-21 22:00:00,1.0,0.0,0.0,1.0,27.4,67.0,20.6,1001.0,28.1,9.725217186425963,10.070757204741115
2018-07-21 23:00:00,0.98,0.0,0.0,0.98,26.9,69.0,20.8,1000.9,26.6,10.465180361560902,10.465180361560906
2018-07-22 00:00:00,1.0,0.0,0.01,1.0,26.4,73.0,21.1,1000.0,27.0,9.002378352824978,9.65386886137305
2018-07-22 01:00:00,1.0,0.0,0.0,1.0,26.0,74.0,21.0,999.2,23.8,5.793122007145566,8.273435647318816
2018-07-22 02:00:00,1.0,0.01,0.0,1.0,25.6,77.0,21.2,998.9,20.5,6.542556970607736,9.69973959889399
2018-07-22 03:00:00,0.99,0.0,0.0,0.99,25.6,76.0,21.0,998.6,21.2,6.77227622858224,8.668118289673941
2018-07-22 04:00:00,1.0,0.01,0.0,1.0,25.4,76.0,20.8,998.8,19.4,4.3500000000000005,7.534421012924615
2018-07-22 05:00:00,1.0,0.01,0.0,0.99,25.5,75.0,20.8,998.7,16.6,3.9142893693164114,6.5144714853360535
2018-07-22 06:00:00,0.98,0.01,0.0,0.98,26.0,73.0,20.7,998.9,14.4,3.6319239979163735,7.128052193506943
2018-07-22 07:00:00,0.97,0.01,0.0,0.96,28.1,62.0,20.1,999.9,18.4,2.9027803913169334,7.562001454627333
2018-07-22 08:00:00,0.96,0.02,0.01,0.96,30.6,49.0,18.8,1000.5,22.0,1.0324674692655227,6.518743047927909
2018-07-22 09:00:00,0.97,0.23,0.0,0.96,32.5,43.0,18.4,1000.5,19.8,2.894873798829253,3.5748714227020653
2018-07-22 10:00:00,0.97,0.1,0.03,0.96,34.8,37.0,17.9,1000.1,29.2,9.700776466210566,-3.1519733426244616
2018-07-22 11:00:00,0.97,0.0,0.28,0.97,36.3,33.0,17.3,999.3,33.8,12.235155124994773,-5.705346533499445
2018-07-22 12:00:00,0.96,0.0,0.16,0.95,37.5,30.0,17.1,998.9,38.5,15.524731620415945,-3.8707503295946792
2018-07-22 13:00:00,0.93,0.0,0.37,0.91,37.8,30.0,17.3,997.7,39.2,13.719512263474261,-4.9934940925547675
2018-07-22 14:00:00,0.94,0.01,0.14,0.94,37.8,30.0,17.4,996.4,36.4,15.506504639828798,-5.339317733097363
2018-07-22 15:00:00,0.94,0.0,0.17,0.94,36.7,32.0,17.2,996.2,40.3,17.659382218223136,-4.402978499913948
2018-07-22 16:00:00,0.91,0.01,0.0,0.91,35.5,35.0,17.8,996.2,40.7,19.794635835545385,-3.4903283711052926
2018-07-22 17:00:00,0.88,0.0,0.0,0.8,34.8,36.0,17.4,996.4,42.8,19.795508448434834,-6.052094287760649
2018-07-22 18:00:00,0.74,0.0,0.01,0.74,32.5,43.0,18.2,996.7,40.0,19.79098571782864,2.0801164190263015
2018-07-22 19:00:00,0.84,0.0,0.0,0.84,31.3,46.0,18.5,997.5,42.5,22.67558793764104,4.407687793198181
2018-07-22 20:00:00,0.86,0.0,0.15,0.86,30.5,49.0,18.6,998.5,45.0,23.41057540515602,2.048159954569969
2018-07-22 21:00:00,0.83,0.0,0.08,0.83,30.0,51.0,18.7,999.4,43.9,20.15079381524845,1.4090807696313368
2018-07-22 22:00:00,0.7,0.0,0.06,0.67,29.5,52.0,18.8,999.7,37.1,14.750089779349343,5.078863209531644
2018-07-22 23:00:00,0.68,0.0,0.06,0.66,28.6,57.0,19.4,999.5,28.8,9.711087304571791,9.377888001196464
2018-07-23 00:00:00,0.8,0.0,0.07,0.79,27.6,63.0,20.0,998.6,24.5,7.582869291715809,10.062807426595889
2018-07-23 01:00:00,0.81,0.0,0.16,0.78,27.0,67.0,20.4,997.9,22.3,6.077449283938639,10.114574148284927
2018-07-23 02:00:00,0.78,0.0,0.22,0.73,26.5,69.0,20.5,997.4,21.2,3.9860191021428424,8.95274548489749
2018-07-23 03:00:00,0.92,0.0,0.43,0.88,26.3,69.0,20.2,997.5,17.6,2.952954217699641,9.658678035226657
2018-07-23 04:00:00,0.78,0.0,0.12,0.75,26.4,68.0,20.0,997.5,18.4,2.952954217699641,9.658678035226657
2018-07-23 05:00:00,0.11,0.0,0.19,0.69,26.4,72.0,20.8,997.5,18.4,7.237184497073133,8.937178556755164
2018-07-23 06:00:00,0.46,0.0,0.16,0.37,26.5,71.0,20.9,998.0,22.7,8.227681403987702,9.80536887192292
2018-07-23 07:00:00,0.33,0.01,0.14,0.24,28.7,62.0,20.7,998.9,27.7,8.741911491736934,10.4182044264181
2018-07-23 08:00:00,0.3,0.0,0.1,0.23,31.1,50.0,19.6,999.7,29.9,8.273149339882604,8.273149339882607
2018-07-23 09:00:00,0.4,0.01,0.04,0.38,33.4,43.0,19.2,1000.1,27.7,10.773691742806102,0.7533699164365563
2018-07-23 10:00:00,0.08,0.02,0.07,0.0,34.5,40.0,18.9,999.6,32.0,12.552053195955994,-1.0981623586204894
2018-07-23 11:00:00,0.05,0.0,0.05,0.0,36.4,35.0,18.5,998.3,43.6,12.623222778712067,-3.8593065023401243
2018-07-23 12:00:00,0.05,0.02,0.05,0.0,37.7,32.0,18.0,997.5,41.4,15.502221215611005,-5.03697700831164
2018-07-23 13:00:00,0.27,0.01,0.1,0.19,38.3,30.0,17.8,996.1,41.0,15.091808626231604,-4.32750648632689
2018-07-23 14:00:00,0.64,0.02,0.09,0.6,38.2,30.0,17.8,995.5,38.5,15.841183551140722,-4.244632339681332
2018-07-23 15:00:00,0.6,0.02,0.05,0.59,37.5,32.0,18.0,995.0,38.5,15.111631611105608,-2.3934473151155293
2018-07-23 16:00:00,0.1,0.0,0.07,0.04,36.7,33.0,18.0,995.0,35.3,14.420676958821483,-3.329275604289201
2018-07-23 17:00:00,0.19,0.0,0.02,0.02,35.1,37.0,18.4,995.6,33.8,15.861268399131205,1.1091279325315968
2018-07-23 18:00:00,0.15,0.0,0.15,0.02,33.4,42.0,18.9,996.3,34.2,17.24635014669866,3.981633661886415
2018-07-23 19:00:00,0.16,0.0,0.15,0.03,31.5,48.0,19.0,997.4,36.0,16.947955617585354,7.902961494551074
2018-07-23 20:00:00,0.13,0.01,0.12,0.01,30.1,55.0,20.0,998.5,34.9,12.932986131858652,8.723409294143647
2018-07-23 21:00:00,0.06,0.01,0.06,0.0,29.2,59.0,20.5,999.3,28.4,11.468128620045881,8.03007010891465
2018-07-23 22:00:00,0.11,0.0,0.11,0.0,28.6,63.0,21.0,999.7,25.2,10.812806984614689,7.571208959833812
2018-07-23 23:00:00,0.14,0.01,0.14,0.0,28.2,65.0,21.1,999.8,24.5,11.101033589657371,8.36522882181347
2018-07-24 00:00:00,0.45,0.01,0.45,0.0,28.1,65.0,21.0,999.4,25.9,11.488041320124251,8.34655058255312
2018-07-24 01:00:00,0.66,0.0,0.66,0.0,28.1,65.0,20.9,998.9,25.6,11.101033589657371,8.36522882181347
2018-07-24 02:00:00,0.68,0.0,0.68,0.0,28.2,63.0,20.5,998.6,24.8,10.031810730249347,7.288537128426668
2018-07-24 03:00:00,0.56,0.0,0.56,0.01,28.0,63.0,20.5,998.4,22.3,8.668118289673943,6.772276228582239
2018-07-24 04:00:00,0.51,0.0,0.49,0.13,27.5,66.0,20.6,998.6,19.4,6.042203531053469,7.200817765318393
2018-07-24 05:00:00,0.56,0.0,0.14,0.0,27.4,67.0,20.8,998.5,16.9,7.544678833390831,8.679160172561879
2018-07-24 06:00:00,0.11,0.0,0.11,0.0,27.5,66.0,20.8,999.1,20.5,7.199221228489239,8.579697762932554
2018-07-24 07:00:00,0.19,0.0,0.19,0.0,29.2,60.0,20.6,999.9,26.3,9.030558815966966,9.351417404402465
2018-07-24 08:00:00,0.62,0.0,0.29,0.47,31.6,50.0,20.0,1000.3,29.2,9.422346650363428,7.906287599144436
2018-07-24 09:00:00,0.57,0.0,0.2,0.46,33.5,43.0,19.3,1000.5,29.9,12.22684500917257,2.5988961352219975
2018-07-24 10:00:00,0.25,0.0,0.21,0.05,35.0,38.0,18.5,1000.3,34.2,13.697136892650244,-1.681796938991038
2018-07-24 11:00:00,0.28,0.01,0.27,0.01,36.3,35.0,18.2,999.6,37.1,10.442479901366871,-1.0975488643103564
2018-07-24 12:00:00,0.26,0.02,0.26,0.02,37.6,32.0,18.0,998.6,31.7,9.743700647852352,-2.249510543438649
2018-07-24 13:00:00,0.27,0.02,0.25,0.03,38.3,30.0,17.5,997.4,33.5,13.688827766869693,-2.4137096695703266
2018-07-24 14:00:00,0.33,0.01,0.32,0.01,37.9,31.0,17.7,996.7,41.0,18.7542041448847,-1.3114217063895541
2018-07-24 15:00:00,0.41,0.01,0.24,0.32,36.4,33.0,17.7,996.7,45.7,21.538251490616688,-2.644564751891705
2018-07-24 16:00:00,0.77,0.0,0.24,0.73,35.7,33.0,17.0,996.7,45.4,15.142159410994532,-1.3247672897643998
2018-07-24 17:00:00,0.84,0.03,0.41,0.91,34.0,39.0,18.2,997.6,33.5,16.564291101348996,3.8241679238457094
2018-07-24 18:00:00,0.93,0.01,0.37,0.91,32.8,43.0,18.5,998.0,34.6,15.109615144215958,4.619472934619246
2018-07-24 19:00:00,0.92,0.0,0.13,0.91,32.2,45.0,18.7,998.9,30.6,10.086537646166043,7.880466884168424
2018-07-24 20:00:00,0.9,0.0,0.19,0.88,31.0,50.0,19.2,999.8,24.5,7.979380812731231,8.556838308944295
2018-07-24 21:00:00,0.83,0.0,0.22,0.81,30.4,52.0,19.5,1000.5,22.0,6.094071538681855,9.7525531057989
2018-07-24 22:00:00,0.86,0.0,0.29,0.83,29.3,58.0,20.2,1000.8,21.6,5.76923448093141,10.407974514958811
2018-07-24 23:00:00,0.93,0.0,0.55,0.88,28.5,62.0,20.5,1000.9,22.3,6.077449283938639,10.114574148284927
2018-07-25 00:00:00,0.75,0.0,0.29,0.68,28.0,63.0,20.5,1000.5,22.0,7.584893794301164,9.03932442880394
2018-07-25 01:00:00,0.75,0.0,0.29,0.67,27.8,64.0,20.4,999.8,22.0,7.979380812731231,8.556838308944295
2018-07-25 02:00:00,0.65,0.0,0.24,0.55,27.5,66.0,20.5,999.1,20.9,6.888619804400324,7.924450592339108
2018-07-25 03:00:00,0.58,0.0,0.22,0.47,27.0,68.0,20.5,998.9,19.1,6.825132184860354,7.580077219869421
2018-07-25 04:00:00,0.44,0.0,0.21,0.31,26.8,69.0,20.7,998.9,18.4,5.789747597658506,7.1497428454041305
2018-07-25 05:00:00,0.22,0.0,0.21,0.06,26.9,71.0,21.1,998.8,16.6,5.38138678473434,9.708278749247294
2018-07-25 06:00:00,0.65,0.0,0.15,0.61,27.0,71.0,21.2,999.2,20.5,4.366085533908786,8.21141261358802
2018-07-25 07:00:00,0.67,0.0,0.13,0.66,28.8,63.0,21.0,999.8,18.0,2.508575646817103,6.535062985480412
2018-07-25 08:00:00,0.85,0.0,0.22,0.84,31.2,51.0,19.9,1000.4,18.4,1.0797650608505518,4.676976310969129
2018-07-25 09:00:00,0.91,0.0,0.23,0.9,33.1,44.0,19.2,1000.8,17.3,-0.3628828433995016,1.4554435894139948
2018-07-25 10:00:00,0.9,0.0,0.23,0.88,35.0,39.0,19.1,1000.4,28.8,3.6,6.613092715395707e-16
2018-07-25 11:00:00,0.88,0.01,0.18,0.87,36.5,35.0,18.6,999.5,26.6,6.815049550106451,-1.0793978087775917
2018-07-25 12:00:00,0.83,0.03,0.21,0.82,38.0,32.0,18.4,998.4,30.6,11.485038046337667,-2.2324652459055776
2018-07-25 13:00:00,0.91,0.01,0.43,0.86,38.9,30.0,18.2,997.4,32.8,12.592324420440606,-0.43973365845151613
2018-07-25 14:00:00,0.83,0.0,0.3,0.8,38.7,30.0,18.0,996.3,33.1,12.192568089632967,0.42577385977050924
2018-07-25 15:00:00,0.95,0.02,0.84,0.85,37.7,33.0,18.5,995.9,41.0,19.49919350964172,-3.4382339178052135
2018-07-25 16:00:00,0.62,0.09,0.49,0.44,33.6,43.0,19.3,996.8,42.5,-1.4333142502483958,-4.998560818879258
2018-07-25 17:00:00,0.79,0.03,0.74,0.33,29.5,75.0,24.5,997.1,23.8,-19.094820391070847,2.006946494738948
2018-07-25 18:00:00,0.32,0.0,0.16,0.25,28.6,67.0,22.0,997.5,39.2,-12.211892584652535,7.630837404958149
2018-07-25 19:00:00,0.44,0.01,0.1,0.41,30.0,60.0,21.5,998.5,25.9,-4.329989591337347,4.981083229470295
2018-07-25 20:00:00,0.68,0.02,0.06,0.66,30.2,60.0,21.6,999.7,13.0,0.4045875477159266,5.78587149150698
2018-07-25 21:00:00,0.69,0.0,0.08,0.67,30.1,55.0,20.1,1000.4,11.9,5.420413862312147,3.938161190359571
2018-07-25 22:00:00,0.52,0.04,0.21,0.45,30.0,54.0,19.6,1001.0,12.2,6.440453362786737,1.8467702839738926
2018-07-25 23:00:00,0.73,0.01,0.35,0.61,29.8,54.0,19.6,1001.1,12.6,6.486172749262467,2.8878301658381806
2018-07-26 00:00:00,0.75,0.0,0.47,0.6,29.5,55.0,19.6,1000.5,14.8,6.881011852206848,4.6413010988071965
2018-07-26 01:00:00,0.43,0.0,0.31,0.27,28.9,58.0,19.8,1000.1,14.8,5.046787864462488,5.412017391981863
2018-07-26 02:00:00,0.65,0.0,0.61,0.2,28.0,62.0,20.0,999.5,13.0,1.8467702839738933,6.440453362786736
2018-07-26 03:00:00,0.25,0.0,0.21,0.16,27.6,65.0,20.5,999.5,13.7,1.7902220274375396,7.180188374442374
2018-07-26 04:00:00,0.24,0.0,0.07,0.22,27.0,68.0,20.7,999.6,15.5,3.221616703376843,7.973781149274371
2018-07-26 05:00:00,0.21,0.0,0.34,0.24,27.2,68.0,20.9,999.6,15.5,2.8120546488120204,8.654614298285898
2018-07-26 06:00:00,0.49,0.01,0.43,0.14,27.2,70.0,21.3,1000.2,18.7,3.6336839561343464,8.993683389297837
2018-07-26 07:00:00,0.54,0.02,0.44,0.2,28.5,65.0,21.3,1000.6,19.4,3.9754388860199628,7.171881598543045
2018-07-26 08:00:00,0.53,0.01,0.4,0.31,30.5,56.0,20.7,1001.0,18.7,5.032023407672545,3.267834210090162
2018-07-26 09:00:00,0.81,0.0,0.17,0.78,32.8,47.0,20.0,1001.3,18.4,4.685893304218874,-1.43262135314141
2018-07-26 10:00:00,0.91,0.03,0.12,0.9,35.0,39.0,19.2,1001.2,36.4,7.534421012924615,-4.3500000000000005
2018-07-26 11:00:00,0.76,0.0,0.12,0.74,36.2,35.0,18.5,1000.3,32.4,11.127361240653297,-3.6154988341868823
2018-07-26 12:00:00,0.96,0.0,0.17,0.95,37.0,33.0,18.2,999.2,32.4,11.215771513546938,-1.377123580478169
2018-07-26 13:00:00,0.92,0.03,0.3,0.91,38.5,30.0,17.9,998.0,31.0,8.987963899415753,-1.423553631866099
2018-07-26 14:00:00,1.0,0.02,1.0,0.92,38.9,29.0,17.5,997.1,28.8,9.353952621938257,2.1595301217011063
2018-07-26 15:00:00,0.93,0.04,0.88,0.55,35.8,35.0,18.0,996.8,40.3,18.735813371014522,6.087634789186467
2018-07-26 16:00:00,0.48,0.04,0.31,0.33,35.2,37.0,18.2,996.8,42.1,17.679621296652964,-2.800176924220129
2018-07-26 17:00:00,0.3,0.0,0.35,0.45,31.9,52.0,20.8,997.7,36.0,-1.0557374790033,-10.04467114321956
2018-07-26 18:00:00,0.4,0.0,0.13,0.34,31.6,54.0,21.1,997.7,19.8,-1.4256104387013888,0.7263847995832748
2018-07-26 19:00:00,0.39,0.0,0.14,0.34,31.5,50.0,19.9,998.8,13.7,6.466493065929326,4.361704647071823
2018-07-26 20:00:00,0.25,0.0,0.2,0.14,30.9,49.0,18.9,999.8,22.0,10.738715006927036,6.2000000000000055
2018-07-26 21:00:00,0.38,0.0,0.34,0.1,30.0,52.0,19.2,1000.8,27.0,12.600359320321047,7.571059701177799
2018-07-26 22:00:00,0.39,0.0,0.34,0.1,29.3,56.0,19.5,1001.2,27.0,10.801226647977588,9.063305296580207
2018-07-26 23:00:00,0.58,0.0,0.46,0.24,28.5,61.0,20.2,1001.4,26.3,9.333809511662427,9.333809511662428
2018-07-27 00:00:00,0.69,0.0,0.67,0.13,27.8,66.0,20.8,1000.9,24.1,7.551844692598051,9.325751537483649
2018-07-27 01:00:00,0.79,0.0,0.79,0.09,27.4,69.0,21.1,1000.2,38.2,6.822153422343109,10.11425838517151
2018-07-27 02:00:00,0.61,0.0,0.6,0.12,27.2,70.0,21.1,999.6,22.7,6.542556970607736,9.69973959889399
2018-07-27 03:00:00,0.41,0.0,0.38,0.2,26.9,71.0,21.2,999.2,22.0,5.085105302753298,10.426010937070336
2018-07-27 04:00:00,0.56,0.0,0.43,0.41,26.7,72.0,21.3,998.9,22.3,5.38138678473434,9.708278749247294
2018-07-27 05:00:00,0.76,0.0,0.17,0.37,26.5,75.0,21.6,998.4,20.2,4.3500000000000005,7.534421012924615
2018-07-27 06:00:00,0.52,0.0,0.16,0.44,26.7,74.0,21.6,998.9,16.6,3.203995253612043,7.54813979831001
2018-07-27 07:00:00,0.88,0.0,0.21,0.85,28.6,64.0,21.2,999.5,16.6,2.5624408513775414,5.755336383148386
2018-07-27 08:00:00,0.95,0.0,0.14,0.94,31.0,53.0,20.3,1000.2,17.6,2.4881992827652213,4.679622242152313
2018-07-27 09:00:00,0.95,0.0,0.03,0.95,33.4,45.0,19.8,1000.4,21.6,6.486172749262467,2.8878301658381806
2018-07-27 10:00:00,0.96,0.0,0.01,0.96,35.7,38.0,19.1,999.9,27.4,10.044671143219562,1.055737479003299
2018-07-27 11:00:00,0.95,0.02,0.1,0.95,37.5,33.0,18.5,999.6,29.9,10.075396907624226,-0.7045403848156647
2018-07-27 12:00:00,0.98,0.02,0.34,0.98,39.0,29.0,17.9,998.6,29.5,10.1,1.85533990070824e-15
2018-07-27 13:00:00,0.98,0.0,0.94,0.93,39.6,27.0,17.2,997.3,31.3,11.485038046337667,2.232465245905572
2018-07-27 14:00:00,0.98,0.0,0.95,0.92,38.8,29.0,17.5,996.7,33.5,14.37819319397824,-2.5352633939371776
2018-07-27 15:00:00,0.96,0.02,0.21,0.95,37.7,32.0,18.0,996.0,34.6,13.600108183020698,-4.418943019561746
2018-07-27 16:00:00,0.97,0.04,0.86,0.95,37.4,32.0,17.8,996.0,32.4,11.202965117966421,-4.300415394543604
2018-07-27 17:00:00,0.97,0.0,0.5,0.94,35.1,35.0,17.5,997.3,27.7,0.3534210958749269,-2.878383839759834
2018-07-27 18:00:00,0.85,0.07,0.24,0.82,32.9,45.0,19.4,998.2,12.6,-5.756767679519667,-0.7068421917498554
2018-07-27 19:00:00,0.68,0.05,0.06,0.67,31.5,53.0,20.8,999.0,14.0,-4.330127018922194,2.499999999999999
2018-07-27 20:00:00,0.75,0.0,0.02,0.75,31.1,53.0,20.4,1000.2,10.8,2.1554976886431088,1.453901549023941
2018-07-27 21:00:00,0.72,0.0,0.05,0.71,30.5,51.0,19.3,1001.1,7.6,3.928245467863184,1.7489675652259404
2018-07-27 22:00:00,0.24,0.0,0.05,0.22,29.6,53.0,19.2,1001.4,13.0,5.777694242791446,5.387787044493739
2018-07-27 23:00:00,0.64,0.01,0.04,0.63,28.6,60.0,20.1,1001.3,20.5,9.298526892559321,7.264805408842766
2018-07-28 00:00:00,0.17,0.0,0.03,0.14,27.7,67.0,20.9,1000.7,23.4,10.102897498940617,8.181165083647892
2018-07-28 01:00:00,0.27,0.0,0.02,0.26,27.0,70.0,21.0,999.9,23.8,10.086537646166043,7.880466884168424
2018-07-28 02:00:00,0.25,0.0,0.01,0.24,26.6,72.0,21.1,999.4,23.8,9.805368871922918,8.227681403987706
2018-07-28 03:00:00,0.65,0.0,0.0,0.65,26.4,73.0,21.2,998.9,23.0,9.714324518212132,7.866504888122973
2018-07-28 04:00:00,0.69,0.0,0.0,0.69,26.1,75.0,21.4,998.8,24.1,10.032455143944825,9.033263185844584
2018-07-28 05:00:00,0.84,0.0,0.0,0.85,26.1,75.0,21.3,998.5,24.1,8.301805382450492,7.2166493188955805
2018-07-28 06:00:00,0.95,0.0,0.0,0.95,26.5,72.0,21.2,998.9,20.2,7.928366544874485,5.760295472466238
2018-07-28 07:00:00,0.96,0.0,0.0,0.96,28.1,65.0,20.9,999.3,20.2,6.8369323943920275,6.1560015785014945
2018-07-28 08:00:00,0.96,0.0,0.0,0.96,30.5,54.0,20.0,999.7,23.4,7.9716521038704045,4.981241083792128
2018-07-28 09:00:00,0.98,0.0,0.0,0.98,33.0,45.0,19.4,999.7,24.5,7.548139798310009,3.203995253612045
2018-07-28 10:00:00,0.98,0.01,0.0,0.98,34.8,40.0,19.2,999.6,29.9,11.13864522812466,-1.1707187885977133
2018-07-28 11:00:00,0.98,0.0,0.05,0.98,36.2,36.0,18.6,998.9,30.6,10.054711042409219,-3.659615533584658
2018-07-28 12:00:00,0.98,0.0,0.2,0.97,37.3,33.0,18.1,998.0,31.3,8.306962106085988,-2.2258437878816744
2018-07-28 13:00:00,0.98,0.0,0.25,0.98,37.7,31.0,17.7,996.8,28.4,7.526037322435934,1.0577155672965002
2018-07-28 14:00:00,0.97,0.02,0.26,0.97,38.0,31.0,17.8,996.0,32.4,14.080676440039491,-0.7379369830255096
2018-07-28 15:00:00,0.97,0.0,0.36,0.96,35.7,37.0,18.8,996.0,40.3,16.55956323431308,1.1579574641524848
2018-07-28 16:00:00,0.96,0.0,0.32,0.95,35.9,36.0,18.4,995.5,36.0,11.47198657798798,-0.80219944805744
2018-07-28 17:00:00,0.96,0.02,0.33,0.97,35.8,34.0,17.6,996.2,31.7,7.969557584733964,-0.6972459419812631
2018-07-28 18:00:00,0.96,0.05,0.69,0.94,33.8,41.0,18.7,996.8,30.2,14.740222359306335,7.189286807340874
2018-07-28 19:00:00,0.98,0.06,0.17,0.97,32.0,47.0,19.1,997.9,33.1,12.942602299766067,9.062507694346532
2018-07-28 20:00:00,0.98,0.13,0.23,0.98,30.8,52.0,19.7,999.0,28.8,9.325751537483647,7.5518446925980545
2018-07-28 21:00:00,0.97,0.08,0.16,0.96,29.6,57.0,20.2,1000.0,23.0,9.056514962673264,7.872708347886087
2018-07-28 22:00:00,0.9,0.06,0.27,0.86,28.9,62.0,20.8,1000.5,23.0,7.919595949289331,7.9195959492893335
2018-07-28 23:00:00,0.83,0.03,0.32,0.77,28.2,65.0,21.0,1000.6,21.6,6.818308926592687,9.38459713474939
2018-07-29 00:00:00,0.81,0.0,0.5,0.68,28.0,66.0,21.0,1000.1,22.0,7.988571260278469,8.272407703894487
2018-07-29 01:00:00,0.37,0.0,0.33,0.07,27.7,67.0,21.0,999.2,22.0,7.159697488039782,7.951649632608118
2018-07-29 02:00:00,0.31,0.02,0.27,0.17,27.4,69.0,21.1,998.6,19.8,4.363286582217032,7.871577364254563
2018-07-29 03:00:00,0.32,0.0,0.22,0.19,26.9,72.0,21.4,998.3,19.1,5.407899786555569,9.00025665737218
2018-07-29 04:00:00,0.43,0.0,0.23,0.34,26.6,73.0,21.4,998.2,19.1,4.981241083792125,7.971652103870405
2018-07-29 05:00:00,0.6,0.0,0.16,0.5,27.1,72.0,21.7,997.8,18.7,4.0148734865366436,8.609923976848176
2018-07-29 06:00:00,0.91,0.0,0.15,0.89,27.2,73.0,21.9,998.0,19.8,4.76690024726524,9.355568503977864
2018-07-29 07:00:00,0.8,0.0,0.2,0.78,28.7,66.0,21.6,998.5,22.3,5.391926446648768,8.302838622659698
2018-07-29 08:00:00,0.86,0.0,0.11,0.85,31.1,55.0,20.9,998.7,23.0,6.18861855782673,5.379684037722159
2018-07-29 09:00:00,0.91,0.0,0.03,0.91,33.8,45.0,20.0,998.8,25.2,8.987963899415753,1.4235536318661024
2018-07-29 10:00:00,0.93,0.0,0.07,0.92,35.7,38.0,19.1,998.3,30.6,10.474422527728153,0.7324429743133186
2018-07-29 11:00:00,0.92,0.04,0.14,0.92,37.2,33.0,18.5,997.6,30.6,10.045039080724521,1.7712114122026892
2018-07-29 12:00:00,0.98,0.07,0.53,0.97,38.9,30.0,18.4,996.6,31.3,11.15840085217396,2.7821017993961794
2018-07-29 13:00:00,0.99,0.0,0.65,0.98,37.5,33.0,18.6,996.3,36.0,15.797593583470983,0.27574802170907925
2018-07-29 14:00:00,1.0,0.0,0.84,1.0,35.8,37.0,18.8,995.8,37.1,9.369480515003962,-2.5105447374944467
2018-07-29 15:00:00,0.98,0.01,0.57,0.97,35.5,38.0,18.9,995.3,37.8,17.309228596571792,5.624109297624045
2018-07-29 16:00:00,0.96,0.05,0.22,0.95,34.8,40.0,19.1,995.2,38.5,14.003706397458027,-5.375519243179506
2018-07-29 17:00:00,0.95,0.0,0.53,0.98,35.3,37.0,18.5,995.3,31.3,8.268415994161488,-0.7233926648055605
2018-07-29 18:00:00,0.97,0.09,0.25,0.96,33.2,45.0,19.5,996.0,23.4,11.47831870716605,6.10313031621658
2018-07-29 19:00:00,0.97,0.07,0.15,0.97,31.5,51.0,20.1,996.8,30.6,11.509436805418419,11.114533927343956
2018-07-29 20:00:00,0.99,0.0,0.13,0.99,30.5,55.0,20.4,997.9,29.2,10.414992207074254,9.053614600069
2018-07-29 21:00:00,0.99,0.0,0.09,0.99,29.9,57.0,20.5,999.0,24.8,8.679160172561879,7.544678833390834
2018-07-29 22:00:00,0.97,0.0,0.11,0.96,29.4,59.0,20.6,999.6,21.2,8.980088637561915,6.524416300446453
2018-07-29 23:00:00,0.97,0.0,0.2,0.96,28.7,62.0,20.8,999.6,20.2,7.951649632608119,7.1596974880397815
2018-07-30 00:00:00,0.94,0.0,0.23,0.94,28.5,64.0,21.0,999.3,19.1,5.4,9.919639073093561e-16
2018-07-30 01:00:00,0.98,0.0,0.27,0.97,28.1,65.0,20.8,998.9,9.4,6.123233995736766e-16,-2.5
2018-07-30 02:00:00,0.98,0.05,0.09,0.98,27.6,67.0,21.0,998.3,13.0,-3.603450996785794,5.766727053863696
2018-07-30 03:00:00,0.95,0.03,0.07,0.95,27.2,72.0,21.6,997.7,14.8,2.4721359549995783,7.608452130361229
2018-07-30 04:00:00,0.98,0.01,0.18,0.97,26.9,73.0,21.6,997.9,17.6,5.760295472466236,7.9283665448744856
2018-07-30 05:00:00,0.97,0.02,0.37,0.94,27.0,71.0,21.4,997.6,17.3,4.705788684431239,5.0463405411722775
2018-07-30 06:00:00,0.94,0.0,0.32,0.92,27.9,67.0,21.2,997.8,12.6,-3.5514757175273243e-16,2.9
2018-07-30 07:00:00,0.94,0.0,0.1,0.94,28.6,65.0,21.4,998.4,21.6,5.000000000000001,8.660254037844386
2018-07-30 08:00:00,0.96,0.0,0.02,0.96,31.2,53.0,20.6,998.8,22.7,4.705788684431239,5.0463405411722775
2018-07-30 09:00:00,0.96,0.0,0.02,0.96,33.8,45.0,20.2,999.0,25.9,9.369480515003962,2.51054473749445
2018-07-30 10:00:00,0.98,0.01,0.1,0.97,36.0,37.0,19.1,998.3,33.5,13.647867363856914,1.194033675642918
2018-07-30 11:00:00,0.98,0.04,0.18,0.98,37.1,33.0,18.2,997.9,35.3,14.36492232374147,1.0044932219154084
2018-07-30 12:00:00,0.98,0.02,0.21,0.98,38.2,31.0,18.0,997.1,36.4,15.142159410994532,1.3247672897644054
2018-07-30 13:00:00,0.97,0.0,0.23,0.97,37.5,32.0,18.2,996.7,39.6,12.707776515663445,11.442133368736474
2018-07-30 14:00:00,0.97,0.01,0.41,0.96,34.3,42.0,19.5,996.4,45.7,19.073878214309207,4.054277970946316
2018-07-30 15:00:00,0.86,0.02,0.3,0.83,34.2,42.0,19.4,995.9,41.8,17.234168276987198,1.5077943495344879
2018-07-30 16:00:00,0.72,0.01,0.18,0.7,34.3,42.0,19.5,995.5,36.7,17.60303754801844,1.8501537998374644
2018-07-30 17:00:00,0.72,0.05,0.31,0.97,33.0,47.0,20.4,996.1,37.8,14.740222359306335,7.189286807340874
2018-07-30 18:00:00,0.98,0.01,0.15,0.98,31.4,54.0,20.9,996.6,35.3,13.749449590440403,12.821569169174975
2018-07-30 19:00:00,0.98,0.02,0.08,0.98,29.8,61.0,21.5,997.6,35.3,13.383772739630817,12.480569989143724
2018-07-30 20:00:00,0.96,0.01,0.13,0.96,28.6,67.0,21.8,998.6,37.1,15.091075529443865,12.662915910824827
2018-07-30 21:00:00,0.97,0.01,0.12,0.97,28.0,70.0,22.0,999.5,37.1,12.652419038011647,11.798571629081225
2018-07-30 22:00:00,0.97,0.01,0.14,0.97,27.6,71.0,21.9,999.9,32.4,10.371524398562302,11.518744794899611
2018-07-30 23:00:00,0.94,0.0,0.19,0.93,27.3,73.0,22.0,1000.0,29.2,8.934335834845589,12.2970583144992
2018-07-31 00:00:00,0.96,0.0,0.27,0.95,27.0,74.0,22.0,999.9,29.2,9.789017457677966,12.52937098234688
2018-07-31 01:00:00,0.96,0.0,0.43,0.95,26.6,75.0,21.9,999.3,28.8,8.181165083647889,10.10289749894062
2018-07-31 02:00:00,0.97,0.0,0.49,0.96,26.3,77.0,21.9,998.8,29.5,10.168684864659784,13.995994002686592
2018-07-31 03:00:00,0.98,0.01,0.48,0.97,26.1,75.0,21.5,998.6,32.0,9.377888001196464,9.71108730457179
2018-07-31 04:00:00,0.99,0.0,0.1,0.99,26.0,74.0,21.0,998.1,24.5,8.030070108914646,11.468128620045885
2018-07-31 05:00:00,0.97,0.0,0.17,1.0,25.9,76.0,21.2,998.2,27.0,10.072546371655461,10.430427104910441
2018-07-31 06:00:00,0.99,0.0,0.35,0.99,26.0,76.0,21.5,998.6,27.4,6.901510203794726,11.486041829408306
2018-07-31 07:00:00,1.0,0.0,0.27,1.0,26.5,72.0,21.1,999.2,29.9,7.98309016110584,13.286093160882741
2018-07-31 08:00:00,1.0,0.0,0.78,1.0,29.1,62.0,21.0,1000.0,31.0,7.951729911219395,12.24459029200319
2018-07-31 09:00:00,1.0,0.0,1.0,0.99,29.1,62.0,21.2,1000.3,31.3,8.68082680209178,11.11095162585478
2018-07-31 10:00:00,1.0,0.0,0.98,0.98,31.0,56.0,21.2,1000.4,31.0,9.422346650363428,7.906287599144436
2018-07-31 11:00:00,0.99,0.0,0.79,0.97,32.8,48.0,20.2,1000.0,28.1,10.793420931806235,0.37691456438700827
2018-07-31 12:00:00,0.99,0.0,0.36,0.99,35.8,36.0,18.5,998.9,41.0,16.536831988322977,-1.446785329611121
2018-07-31 13:00:00,0.98,0.04,0.42,0.97,36.1,36.0,18.8,998.2,45.7,20.49687775070602,0.3577743319643117
2018-07-31 14:00:00,0.99,0.01,0.29,0.99,35.7,37.0,18.9,997.3,45.4,19.073878214309207,4.054277970946316
2018-07-31 15:00:00,0.91,0.0,0.21,0.88,34.2,40.0,18.6,997.0,46.1,20.2,3.71067980141648e-15
2018-07-31 16:00:00,0.97,0.0,0.06,0.97,33.9,39.0,18.2,996.7,41.8,17.6,3.2330675497490124e-15
2018-07-31 17:00:00,0.82,0.0,0.01,0.94,33.0,42.0,18.3,997.3,36.7,18.749079203850382,3.644451811692002
2018-07-31 18:00:00,0.99,0.0,0.01,0.99,31.8,46.0,18.5,998.0,37.1,15.39125198580867,6.218469450704145
2018-07-31 19:00:00,0.99,0.0,0.03,0.99,31.0,48.0,18.7,998.9,31.7,10.840827724624294,7.876322380719142
2018-07-31 20:00:00,0.99,0.0,0.04,0.99,30.1,52.0,19.2,999.8,25.2,9.6873629022557,9.687362902255703
2018-07-31 21:00:00,0.99,0.0,0.1,0.99,29.3,56.0,19.8,1000.6,25.2,9.033263185844586,10.032455143944823
2018-07-31 22:00:00,0.99,0.0,0.25,0.98,28.6,60.0,20.0,1001.2,24.8,8.698697882665158,9.660882731206126
2018-07-31 23:00:00,1.0,0.0,0.31,1.0,27.9,63.0,20.2,1001.2,24.1,7.883776803291833,10.462125181619536
2018-08-01 00:00:00,1.0,0.0,0.3,0.99,27.4,65.0,20.4,1000.7,23.8,7.571208959833809,10.81280698461469
2018-08-01 01:00:00,1.0,0.0,0.22,1.0,26.9,68.0,20.5,999.8,23.4,4.585304047369421,8.999165894302516
2018-08-01 02:00:00,0.99,0.0,0.11,0.99,26.4,71.0,20.7,999.6,21.6,6.489479743866682,10.800307988846615
2018-08-01 03:00:00,0.92,0.0,0.11,0.91,26.1,71.0,20.5,998.9,23.4,4.600821315301731,8.652886410017484
2018-08-01 04:00:00,0.9,0.0,0.12,0.89,26.0,71.0,20.3,999.1,20.5,5.8199302464836125,9.68599049793387
2018-08-01 05:00:00,0.92,0.0,0.0,0.98,26.0,70.0,20.1,998.9,20.5,2.8649997592229797,8.320563465273988
2018-08-01 06:00:00,0.99,0.0,0.01,0.99,26.7,67.0,20.1,999.4,16.6,4.3500000000000005,7.534421012924615
2018-08-01 07:00:00,1.0,0.0,0.0,1.0,28.9,58.0,19.9,1000.3,18.7,5.727564927611034,5.727564927611036
2018-08-01 08:00:00,1.0,0.0,0.13,1.0,31.5,48.0,19.2,1001.2,27.7,10.781178942679249,5.493285046848518
2018-08-01 09:00:00,0.99,0.0,0.15,0.99,33.5,40.0,18.2,1001.3,29.2,11.485038046337667,-2.2324652459055776
2018-08-01 10:00:00,0.98,0.0,0.06,0.98,34.9,37.0,18.0,1000.7,31.0,12.211616137351381,-2.1532374030699315
2018-08-01 11:00:00,0.98,0.0,0.02,0.98,36.7,32.0,17.4,1000.0,38.5,14.8,2.718715894107124e-15
2018-08-01 12:00:00,0.95,0.0,0.01,0.95,38.2,29.0,17.0,999.0,39.2,15.441017820422056,1.350914012588703
2018-08-01 13:00:00,0.91,0.0,0.48,0.85,39.2,27.0,16.9,998.0,39.6,15.803013449522203,2.5029514406436966
2018-08-01 14:00:00,0.92,0.0,0.24,0.9,38.3,28.0,16.4,997.2,38.5,14.391919198799169,-1.7671054793746415
2018-08-01 15:00:00,0.77,0.0,0.16,0.74,37.9,28.0,16.4,996.7,41.8,19.453904572169915,2.3886391307408847
2018-08-01 16:00:00,0.96,0.0,0.08,0.95,36.5,33.0,17.4,996.7,42.5,19.4,3.563722185518797e-15
2018-08-01 17:00:00,0.94,0.0,0.06,0.95,35.5,35.0,17.9,997.4,40.0,17.289461307430358,0.6037612929532632
2018-08-01 18:00:00,0.99,0.0,0.01,0.99,33.3,42.0,18.8,997.7,38.2,19.477682657345927,6.706703981817427
2018-08-01 19:00:00,0.97,0.0,0.0,0.97,31.6,47.0,19.0,998.7,42.5,20.187849769441527,5.40931804264268
2018-08-01 20:00:00,0.93,0.0,0.0,0.93,30.9,50.0,19.3,999.8,38.2,14.750089779349343,5.078863209531644
2018-08-01 21:00:00,0.97,0.0,0.0,0.97,29.9,55.0,19.8,1000.2,28.8,10.812806984614689,7.571208959833812
2018-08-01 22:00:00,0.96,0.0,0.0,0.96,28.6,62.0,20.6,1001.0,24.1,9.030558815966966,9.351417404402465
2018-08-01 23:00:00,0.98,0.0,0.0,0.98,27.8,67.0,21.0,1001.1,23.4,7.544678833390831,8.679160172561879
2018-08-02 00:00:00,0.95,0.0,0.0,0.95,27.4,69.0,21.2,1000.7,20.5,6.104407793183424,7.538315826132616
2018-08-02 01:00:00,0.96,0.0,0.0,0.96,27.0,71.0,21.2,1000.0,16.9,4.292346040288959,6.869189578867051
2018-08-02 02:00:00,0.97,0.0,0.0,0.97,26.5,72.0,21.2,999.8,14.8,4.996174644486021,6.876644452187053
2018-08-02 03:00:00,0.97,0.0,0.0,0.97,26.3,73.0,21.0,999.8,15.1,3.9142893693164114,6.5144714853360535
2018-08-02 04:00:00,0.95,0.0,0.0,0.95,26.0,73.0,20.9,999.5,13.7,3.61493103345136,6.798696465013737
2018-08-02 05:00:00,0.1,0.0,0.0,0.97,26.2,72.0,20.8,999.5,13.7,3.9402334420842124,5.043268823083022
2018-08-02 06:00:00,0.94,0.0,0.01,0.94,26.6,70.0,20.8,999.8,12.6,3.5996106142446194,4.289848881466277
2018-08-02 07:00:00,0.19,0.0,0.01,0.18,28.4,63.0,20.7,1000.5,14.0,3.195522749552796,2.87726160734309
2018-08-02 08:00:00,0.17,0.0,0.0,0.17,30.8,51.0,19.5,1001.4,14.8,1.0777488443215544,0.7269507745119705
2018-08-02 09:00:00,0.71,0.0,0.0,0.71,33.0,44.0,19.0,1001.3,18.7,-3.9282454678631837,1.748967565225941
2018-08-02 10:00:00,0.01,0.0,0.01,0.0,35.4,37.0,18.6,1001.1,27.4,-3.9858260519352027,2.4906205418960625
2018-08-02 11:00:00,0.11,0.06,0.1,0.0,37.3,33.0,18.4,1000.6,25.6,1.4256104387013886,0.7263847995832752
2018-08-02 12:00:00,0.87,0.01,0.56,0.8,38.7,29.0,17.7,999.4,22.7,3.600102662948872,-2.1631599146222276
2018-08-02 13:00:00,0.8,0.0,0.77,0.27,37.7,31.0,17.9,998.7,28.1,11.854716907291772,-1.037153338697129
2018-08-02 14:00:00,0.85,0.03,0.81,0.46,32.9,52.0,21.9,998.6,45.4,-4.57232382683372,18.33858922661633
2018-08-02 15:00:00,0.7,0.04,0.3,0.65,33.6,47.0,20.7,998.2,43.9,-4.6421352007971475,0.7352419856890848
2018-08-02 16:00:00,0.49,0.06,0.33,0.39,34.8,41.0,19.6,998.1,24.5,0.7059932828932153,-3.632020578756357
2018-08-02 17:00:00,0.86,0.04,0.45,0.89,32.7,49.0,20.6,998.5,25.2,-14.093194589415168,5.694020219921863
2018-08-02 18:00:00,0.83,0.05,0.26,0.8,32.2,49.0,20.2,998.8,31.3,-7.549104196855083,11.192007229493061
2018-08-02 19:00:00,0.82,0.07,0.18,0.79,32.2,49.0,20.3,999.7,26.3,4.040515447681965,7.929958065276475
2018-08-02 20:00:00,0.87,0.08,0.08,0.86,31.2,52.0,20.2,1000.6,30.2,14.005798484688583,9.09547188475095
2018-08-02 21:00:00,0.88,0.01,0.01,0.88,30.4,54.0,20.0,1001.3,31.3,13.703181864639015,6.101049646137001
2018-08-02 22:00:00,0.89,0.0,0.02,0.89,29.7,56.0,20.0,1001.8,27.4,10.861957270738795,4.6106273161734315
2018-08-02 23:00:00,0.88,0.0,0.02,0.88,28.9,60.0,20.4,1002.0,21.2,8.625263508510763,6.4996022500421216
2018-08-03 00:00:00,0.93,0.0,0.02,0.93,28.1,65.0,20.8,1001.6,19.4,6.85893577750951,6.858935777509512
2018-08-03 01:00:00,0.92,0.0,0.02,0.92,27.5,68.0,21.0,1000.9,20.2,7.988571260278469,8.272407703894487
2018-08-03 02:00:00,0.95,0.0,0.02,0.95,27.0,71.0,21.4,1000.6,20.9,7.951649632608119,7.1596974880397815
2018-08-03 03:00:00,0.94,0.0,0.03,0.94,26.8,73.0,21.4,1000.3,18.4,5.821436275322066,6.46535998165333
2018-08-03 04:00:00,0.85,0.0,0.04,0.84,26.5,73.0,21.4,1000.3,15.1,4.292346040288959,6.869189578867051
2018-08-03 05:00:00,0.96,0.0,0.02,0.98,26.4,75.0,21.5,1000.1,14.8,4.015035054457323,5.7340643100229425
2018-08-03 06:00:00,0.98,0.0,0.02,0.98,26.9,73.0,21.7,1000.9,13.7,5.412017391981861,5.04678786446249
2018-08-03 07:00:00,0.99,0.0,0.02,0.99,28.4,66.0,21.5,1001.5,14.4,2.5237363199446032,3.604268994871564
2018-08-03 08:00:00,0.95,0.0,0.02,0.95,30.5,55.0,20.4,1002.3,18.4,2.5357095704441956,5.4378467222199
2018-08-03 09:00:00,0.98,0.0,0.06,0.98,33.1,45.0,19.6,1002.4,20.5,4.649263446279661,3.632402704421383
2018-08-03 10:00:00,0.97,0.0,0.03,0.97,34.8,40.0,19.1,1002.1,29.5,8.635151519279502,1.0602632876247804
2018-08-03 11:00:00,0.98,0.04,0.07,0.98,37.1,32.0,17.8,1001.0,29.5,7.922144549932563,-1.1133848076805237
2018-08-03 12:00:00,0.98,0.01,0.22,0.97,38.5,28.0,17.0,1000.0,27.4,9.032169979936029,-1.109011024986844
2018-08-03 13:00:00,0.92,0.0,0.56,0.85,38.7,28.0,16.7,998.9,31.0,11.542141688658907,2.453357951649566
2018-08-03 14:00:00,0.95,0.0,0.86,0.89,37.2,30.0,16.8,998.4,31.3,12.977032895167303,-3.7211043035294917
2018-08-03 15:00:00,0.93,0.0,0.49,0.89,36.0,33.0,17.2,997.8,34.9,2.2495105434386535,-9.743700647852352
2018-08-03 16:00:00,0.85,0.0,0.36,0.82,35.8,31.0,16.2,997.8,27.0,6.440453362786736,-1.846770283973896
2018-08-03 17:00:00,0.44,0.0,0.59,0.79,32.9,46.0,19.7,998.9,31.3,-5.085105302753297,10.426010937070338
2018-08-03 18:00:00,0.96,0.0,0.93,0.55,33.3,40.0,17.8,999.2,24.1,5.760295472466236,7.9283665448744856
2018-08-03 19:00:00,0.93,0.0,0.9,0.52,32.5,41.0,17.6,999.8,24.5,11.486041829408302,6.901510203794729
2018-08-03 20:00:00,0.95,0.0,0.91,0.75,31.4,46.0,18.5,1000.7,24.5,9.02458126353441,6.800509761618146
2018-08-03 21:00:00,0.95,0.0,0.77,0.88,30.5,53.0,19.9,1001.5,20.5,8.579697762932552,7.199221228489241
2018-08-03 22:00:00,0.95,0.0,0.89,0.87,29.7,57.0,20.4,1001.6,22.0,10.11425838517151,6.822153422343108
2018-08-03 23:00:00,0.96,0.0,0.81,0.9,29.1,59.0,20.3,1001.6,22.3,9.38459713474939,6.81830892659269
2018-08-04 00:00:00,0.97,0.0,0.89,0.9,28.6,60.0,20.1,1001.0,22.0,9.663489671572243,7.281961780139784
2018-08-04 01:00:00,0.8,0.0,0.74,0.32,28.1,62.0,20.1,1000.4,22.0,8.937178556755162,7.237184497073135
2018-08-04 02:00:00,0.86,0.0,0.77,0.51,27.7,65.0,20.5,1000.1,20.5,8.579697762932552,7.199221228489241
2018-08-04 03:00:00,0.98,0.0,0.86,0.94,27.5,65.0,20.5,1000.1,19.8,9.02458126353441,6.800509761618146
2018-08-04 04:00:00,0.99,0.0,0.98,0.83,27.5,65.0,20.2,1000.3,20.2,8.579697762932552,7.199221228489241
2018-08-04 05:00:00,1.0,0.0,0.96,0.91,27.6,64.0,20.3,1000.1,19.4,8.332875042061959,6.0541880986124745
2018-08-04 06:00:00,0.96,0.0,0.91,0.94,27.7,63.0,20.1,1000.2,18.4,6.881011852206848,4.6413010988071965
2018-08-04 07:00:00,0.99,0.0,0.95,0.94,28.4,60.0,20.0,1001.2,18.4,7.929958065276474,4.040515447681968
2018-08-04 08:00:00,0.99,0.0,0.92,0.97,29.6,55.0,19.8,1002.1,20.2,7.54424191025088,5.088655421583794
2018-08-04 09:00:00,0.98,0.0,0.8,0.97,31.5,47.0,18.8,1002.2,22.0,8.588939923774253,3.296985135816766
2018-08-04 10:00:00,0.98,0.0,0.46,0.97,34.0,39.0,18.0,1001.8,26.6,10.393664600998596,-0.3629547657060133
2018-08-04 11:00:00,0.99,0.0,0.53,0.97,36.2,33.0,17.6,1000.8,36.0,12.623222778712067,-3.8593065023401243
2018-08-04 12:00:00,0.99,0.0,0.42,0.98,37.0,31.0,16.9,999.5,37.4,15.091808626231604,-4.32750648632689
2018-08-04 13:00:00,0.97,0.0,0.32,0.96,37.5,29.0,16.5,998.7,37.4,14.392294811707119,-3.8564037720275524
2018-08-04 14:00:00,0.99,0.0,0.33,0.98,38.0,27.0,16.0,997.9,36.4,14.772116295183121,-2.6047226650039494
2018-08-04 15:00:00,0.98,0.0,0.33,0.97,37.3,29.0,16.5,997.3,36.7,16.575520732410077,-2.035218034865966
2018-08-04 16:00:00,0.99,0.0,0.37,0.98,36.2,32.0,16.6,997.4,38.5,17.667321499215532,-2.1692743126116287
2018-08-04 17:00:00,0.97,0.0,0.57,0.96,35.5,34.0,17.2,997.6,36.7,19.097090977487074,0.33334096295211485
2018-08-04 18:00:00,0.98,0.0,0.6,0.97,33.0,40.0,17.8,998.4,40.0,20.149840575116396,4.282980830845852
2018-08-04 19:00:00,0.99,0.0,0.76,0.97,31.5,46.0,18.4,999.3,39.2,17.30911608293094,5.291927855481542
2018-08-04 20:00:00,0.98,0.0,0.89,0.95,30.8,49.0,18.6,1000.1,34.2,13.649916082324129,3.914050452601384
2018-08-04 21:00:00,0.86,0.0,0.82,0.29,30.5,49.0,18.6,1000.7,27.0,11.571287547152727,3.537697627145119
2018-08-04 22:00:00,0.85,0.0,0.7,0.69,29.9,52.0,18.9,1001.2,22.7,9.68358185101157,4.311408416603481
2018-08-04 23:00:00,0.93,0.0,0.48,0.9,29.5,53.0,18.9,1001.5,18.7,7.562001454627332,2.9027803913169357
2018-08-05 00:00:00,0.94,0.0,0.61,0.9,29.2,53.0,18.7,1001.2,14.8,6.415246974156248,3.2687315981247385
2018-08-05 01:00:00,0.97,0.0,0.66,0.94,28.9,54.0,18.5,1000.6,14.0,6.472135954999579,4.702282018339786
2018-08-05 02:00:00,0.97,0.0,0.57,0.96,28.5,55.0,18.5,1000.1,15.8,6.8556935563784815,5.356254835333225
2018-08-05 03:00:00,0.96,0.0,0.28,0.96,28.2,57.0,18.8,999.9,17.6,7.54709580222772,6.560590289905073
2018-08-05 04:00:00,0.96,0.0,0.05,0.96,27.6,60.0,19.2,1000.0,18.0,6.874724795220201,6.410784584587487
2018-08-05 05:00:00,0.97,0.0,0.01,0.94,26.9,66.0,19.9,1000.2,16.9,6.874724795220201,6.410784584587487
2018-08-05 06:00:00,0.97,0.0,0.0,0.97,27.1,66.0,20.3,1000.4,17.3,6.874724795220201,6.410784584587487
2018-08-05 07:00:00,0.96,0.0,0.0,0.96,29.0,59.0,20.1,1000.9,19.4,6.434773322199415,5.3994159213669315
2018-08-05 08:00:00,0.96,0.0,0.0,0.96,31.4,48.0,19.0,1001.6,20.2,5.772490067120013,3.199743493625823
2018-08-05 09:00:00,0.96,0.0,0.0,0.96,33.7,39.0,17.7,1001.7,21.2,6.49109197590473,0.340183715579138
2018-08-05 10:00:00,0.98,0.0,0.0,0.98,35.2,33.0,16.6,1001.3,25.6,7.534421012924615,-4.3500000000000005
2018-08-05 11:00:00,0.97,0.0,0.0,0.97,36.8,30.0,16.4,1000.3,26.3,7.210124886344506,-1.141971594793684
2018-08-05 12:00:00,0.99,0.0,0.41,0.99,38.6,26.0,15.5,999.1,31.0,10.474422527728155,-0.7324429743133148
2018-08-05 13:00:00,0.99,0.0,0.49,0.98,38.7,25.0,15.2,998.3,37.4,16.536831988322977,-1.446785329611121
2018-08-05 14:00:00,0.97,0.0,0.41,0.97,38.3,26.0,15.7,997.5,42.5,19.4,3.563722185518797e-15
2018-08-05 15:00:00,0.95,0.0,0.31,0.94,37.2,29.0,16.0,997.1,42.5,20.187694705785734,-0.7049698333905259
2018-08-05 16:00:00,0.95,0.0,0.24,0.94,36.3,32.0,16.9,997.2,42.8,18.68860846525709,0.6526205883367642
2018-08-05 17:00:00,0.95,0.0,0.09,0.99,35.5,34.0,17.3,997.6,43.6,17.96508534470793,2.205835115633164
2018-08-05 18:00:00,0.98,0.0,0.01,0.98,33.3,41.0,18.1,998.4,37.1,18.726707517126734,4.669092585073589
2018-08-05 19:00:00,0.99,0.0,0.01,0.99,31.6,46.0,18.8,999.3,36.7,16.96746453857221,6.855300659511196
2018-08-05 20:00:00,0.99,0.0,0.0,0.99,30.0,54.0,19.8,1000.2,34.9,16.442850494220643,9.114420860631133
2018-08-05 21:00:00,0.98,0.0,0.0,0.98,28.8,60.0,20.4,1001.1,34.6,15.501854727741446,8.950000000000006
2018-08-05 22:00:00,0.96,0.0,0.0,0.96,28.2,62.0,20.4,1002.1,32.0,14.03886672645694,7.464597848295663
2018-08-05 23:00:00,0.99,0.0,0.02,0.99,28.3,60.0,19.9,1002.1,29.9,14.728077655239044,6.251698055828381
2018-08-06 00:00:00,0.99,0.0,0.01,0.99,28.2,59.0,19.5,1001.3,29.5,14.753174146338761,5.369716250212996
2018-08-06 01:00:00,0.95,0.0,0.01,0.95,27.8,61.0,19.7,1000.5,28.4,13.644067431374577,7.563030075842854
2018-08-06 02:00:00,0.85,0.0,0.01,0.85,27.2,64.0,19.9,1000.0,28.4,11.898962379461503,9.296488277417437
2018-08-06 03:00:00,0.5,0.0,0.0,0.5,26.7,66.0,19.8,999.6,27.7,11.184248869537077,9.384699101423475
2018-08-06 04:00:00,0.35,0.0,0.0,0.34,26.6,66.0,19.8,999.6,27.0,12.663925575975904,8.224049428726907
2018-08-06 05:00:00,0.69,0.0,0.03,0.93,26.2,74.0,21.1,999.5,27.7,14.805010997061537,10.756470116952261
2018-08-06 06:00:00,0.85,0.0,0.04,0.85,26.2,73.0,21.0,999.8,34.9,14.314862026739158,13.823701572134045
2018-08-06 07:00:00,0.35,0.0,0.04,0.33,28.0,66.0,21.0,1000.3,41.8,16.15078501676732,14.039663220396855
2018-08-06 08:00:00,0.51,0.0,0.04,0.5,30.5,55.0,20.5,1000.8,41.8,15.812983098936398,11.915937458410555
2018-08-06 09:00:00,0.97,0.0,0.03,0.97,32.7,46.0,19.5,1000.8,42.8,19.04504070054291,7.310706170724134
2018-08-06 10:00:00,0.96,0.01,0.02,0.96,34.6,38.0,18.0,1000.4,45.7,21.570397950698798,1.1304566548475972
2018-08-06 11:00:00,0.97,0.01,0.07,0.97,35.6,34.0,17.5,999.7,53.3,25.584405171688854,0.8934271155840195
2018-08-06 12:00:00,0.89,0.0,0.03,0.88,36.2,32.0,17.1,998.5,53.3,25.203725861721164,2.2050402915157536
2018-08-06 13:00:00,0.91,0.0,0.03,0.9,36.5,32.0,17.0,998.2,55.4,26.255378037722416,2.7595514302660487
2018-08-06 14:00:00,0.9,0.0,0.0,0.9,36.5,32.0,17.0,997.3,56.9,27.732280597223113,1.939229970086691
2018-08-06 15:00:00,0.98,0.0,0.0,0.98,35.7,33.0,16.8,996.6,58.3,26.996876318286304,2.361920628461539
2018-08-06 16:00:00,0.97,0.0,0.02,0.97,34.7,36.0,17.4,996.6,55.1,26.683735081409857,0.9318165619567703
2018-08-06 17:00:00,0.97,0.0,0.0,0.97,33.3,39.0,17.5,997.4,53.3,25.877434523592605,4.098582984054053
2018-08-06 18:00:00,0.99,0.0,0.0,0.99,31.6,45.0,18.1,998.2,49.7,21.617061976217105,4.594848367072491
2018-08-06 19:00:00,0.98,0.0,0.0,0.98,30.5,50.0,18.7,998.9,40.7,18.391534401994868,7.059848606042424
2018-08-06 20:00:00,0.96,0.0,0.0,0.96,29.0,58.0,19.8,999.6,39.2,18.354734398280378,9.352204294634669
2018-08-06 21:00:00,0.95,0.0,0.0,0.95,27.9,63.0,20.1,1000.4,39.2,16.85727841570303,10.947244603802043
2018-08-06 22:00:00,0.94,0.0,0.0,0.94,27.3,66.0,20.4,1000.7,39.2,17.947550154032076,11.655275349321576
2018-08-06 23:00:00,0.98,0.0,0.0,0.98,26.9,69.0,20.6,1000.5,39.2,16.956447316782125,11.87303223246666
2018-08-07 00:00:00,0.97,0.0,0.0,0.97,26.7,71.0,20.9,999.6,38.5,15.917521393056802,10.736503746638334
2018-08-07 01:00:00,0.99,0.0,0.0,0.99,26.5,70.0,20.6,999.1,35.3,15.503002606779281,10.45690729490296
2018-08-07 02:00:00,0.98,0.0,0.0,0.98,26.0,74.0,20.9,998.5,34.2,13.712195531829703,11.505898213389056
2018-08-07 03:00:00,0.98,0.0,0.01,0.98,25.9,75.0,21.0,998.1,32.8,13.712195531829703,11.505898213389056
2018-08-07 04:00:00,0.96,0.0,0.0,0.96,25.9,75.0,21.0,998.1,32.8,12.856405480758923,11.575959490008247
2018-08-07 05:00:00,0.96,0.0,0.01,0.97,26.0,75.0,21.2,998.4,31.7,13.711387112756963,10.71250967066645
2018-08-07 06:00:00,0.97,0.0,0.03,0.97,26.4,74.0,21.4,998.8,33.1,14.325031086324886,12.020128301138287
2018-08-07 07:00:00,0.98,0.0,0.03,0.97,28.0,67.0,21.2,999.4,37.1,15.174074690898564,11.434485439888917
2018-08-07 08:00:00,0.98,0.0,0.07,0.98,30.3,56.0,20.6,999.9,40.0,16.197718636587737,10.121457946854216
2018-08-07 09:00:00,0.96,0.0,0.08,0.96,32.2,47.0,19.5,1000.0,41.8,18.450958705879067,7.454671208976654
2018-08-07 10:00:00,0.98,0.01,0.16,0.98,33.8,42.0,19.0,999.4,59.0,20.96059043047278,5.616373278724698
2018-08-07 11:00:00,0.97,0.01,0.16,0.97,35.1,35.0,17.4,998.6,55.4,25.537639686651502,1.7857657278496148
2018-08-07 12:00:00,0.96,0.01,0.18,0.96,36.0,33.0,17.4,997.9,57.2,24.459621297916783,3.4375755937136256
2018-08-07 13:00:00,0.99,0.02,0.16,0.99,35.8,33.0,17.0,996.8,57.6,27.39427378530049,3.363593877982062
2018-08-07 14:00:00,0.99,0.0,0.09,0.99,35.8,32.0,16.3,996.4,59.8,27.383308660323223,0.9562462096485208
2018-08-07 15:00:00,0.99,0.0,0.06,0.99,34.8,35.0,17.0,995.7,58.7,26.996876318286304,2.361920628461539
2018-08-07 16:00:00,0.98,0.0,0.04,0.98,33.8,38.0,17.3,996.0,55.1,24.889746182997467,3.942148519013822
2018-08-07 17:00:00,0.97,0.0,0.01,0.94,32.6,39.0,16.9,996.5,50.8,21.63673850887513,5.797546610296462
2018-08-07 18:00:00,0.96,0.0,0.0,0.96,30.4,49.0,18.6,997.3,43.9,17.320508075688767,10.000000000000009
2018-08-07 19:00:00,0.93,0.0,0.02,0.93,28.4,64.0,21.0,997.9,37.8,12.202697939223432,14.037598192143562
2018-08-07 20:00:00,0.83,0.0,0.0,0.83,27.1,69.0,21.0,998.8,36.0,12.586500705120546,12.58650070512055
2018-08-07 21:00:00,0.82,0.0,0.02,0.81,26.9,70.0,20.9,999.5,33.1,12.232947314527271,12.232947314527275
2018-08-07 22:00:00,0.94,0.0,0.04,0.94,26.8,70.0,20.9,999.8,31.7,10.693762172545265,12.301766157631187
2018-08-07 23:00:00,0.94,0.0,0.01,0.94,26.5,72.0,21.0,999.6,28.4,10.027486711110011,11.950293312656056
2018-08-08 00:00:00,0.96,0.0,0.02,0.96,26.4,71.0,20.8,998.8,28.1,11.17228714274745,11.172287142747454
2018-08-08 01:00:00,0.97,0.0,0.01,0.97,26.0,73.0,20.8,998.2,28.8,10.775574088987474,11.555388485582895
2018-08-08 02:00:00,0.99,0.0,0.07,0.99,25.5,73.0,20.5,997.8,28.8,10.773002762377619,11.964631690186048
2018-08-08 03:00:00,0.99,0.0,0.03,0.99,25.4,74.0,20.4,997.4,29.5,10.693762172545265,12.301766157631187
2018-08-08 04:00:00,0.98,0.0,0.04,0.98,25.0,77.0,20.6,997.5,30.2,10.863110603702513,12.946151088710728
2018-08-08 05:00:00,0.84,0.01,0.57,0.89,25.3,76.0,20.8,997.4,29.9,11.878658134848855,12.300710585790934
2018-08-08 06:00:00,0.96,0.0,0.74,0.89,25.9,73.0,20.6,997.9,30.2,10.348880515953283,12.333315534215547
2018-08-08 07:00:00,0.98,0.0,0.87,0.92,27.1,67.0,20.5,998.5,34.2,13.75548351778838,11.138970921582128
2018-08-08 08:00:00,0.99,0.0,0.87,0.97,28.8,61.0,20.5,999.2,34.6,13.289195940914198,10.761378686952227
2018-08-08 09:00:00,0.97,0.0,0.83,0.92,30.8,53.0,20.1,999.6,37.1,13.976121425827625,10.531762905160845
2018-08-08 10:00:00,0.94,0.01,0.8,0.9,32.5,44.0,18.8,999.5,38.5,17.234168276987198,1.5077943495344879
2018-08-08 11:00:00,0.94,0.03,0.91,0.72,33.3,42.0,18.5,998.9,38.2,16.141369520487597,2.2685215456490733
2018-08-08 12:00:00,0.53,0.1,0.5,0.18,33.8,41.0,18.8,998.2,47.5,19.062384973486157,3.019185175276459
2018-08-08 13:00:00,0.54,0.02,0.51,0.09,34.5,37.0,17.5,997.3,52.6,21.969849764600625,1.1513910373447747
2018-08-08 14:00:00,0.98,0.01,0.98,0.19,34.4,36.0,17.3,996.7,59.4,25.184648840881213,-0.8794673169030323
2018-08-08 15:00:00,1.0,0.01,1.0,0.2,32.3,42.0,17.7,996.7,52.2,19.787938374978097,0.691010034709515
2018-08-08 16:00:00,1.0,0.0,1.0,0.03,32.0,43.0,18.0,996.8,40.3,19.062384973486157,3.019185175276459
2018-08-08 17:00:00,1.0,0.0,0.79,0.05,29.9,59.0,21.0,996.8,39.2,16.869387538336852,15.18926476434608
2018-08-08 18:00:00,1.0,0.0,1.0,0.04,28.7,64.0,21.2,997.4,44.3,12.901068016521672,15.931492209867901
2018-08-08 19:00:00,1.0,0.0,1.0,0.03,27.6,70.0,21.6,998.4,39.6,14.049166217287468,15.065886253354915
2018-08-08 20:00:00,0.94,0.0,0.94,0.03,27.1,73.0,21.9,999.3,39.2,15.06588625335491,14.049166217287471
2018-08-08 21:00:00,0.11,0.0,0.11,0.01,26.6,76.0,22.0,999.9,39.2,14.77853172679884,14.778531726798846
2018-08-08 22:00:00,0.18,0.0,0.18,0.01,26.2,74.0,21.3,1000.0,38.5,12.920645690537352,13.37972028629891
2018-08-08 23:00:00,0.28,0.01,0.22,0.08,25.9,75.0,21.1,1000.1,34.2,12.940054095713819,12.940054095713823
2018-08-09 00:00:00,0.38,0.0,0.34,0.2,25.9,75.0,21.0,999.7,33.1,11.241394186828819,12.484833068020224
2018-08-09 01:00:00,0.52,0.0,0.32,0.41,25.8,75.0,21.0,999.1,32.8,12.64656846018242,14.04543720152275
2018-08-09 02:00:00,0.61,0.02,0.19,0.55,25.8,75.0,21.0,998.6,33.8,13.293607486307092,13.293607486307097
2018-08-09 03:00:00,0.61,0.02,0.27,0.51,25.7,75.0,21.0,998.3,34.9,13.02616867719372,13.96885570092616
2018-08-09 04:00:00,0.77,0.01,0.69,0.41,25.1,78.0,21.1,998.6,47.2,12.139570809112472,13.018095888821236
2018-08-09 05:00:00,0.48,0.0,0.23,0.93,25.8,75.0,20.9,998.8,44.3,10.773002762377619,11.964631690186048
2018-08-09 06:00:00,0.87,0.0,0.21,0.86,26.1,74.0,21.1,999.2,33.1,12.940054095713819,12.940054095713823
2018-08-09 07:00:00,0.87,0.0,0.27,0.86,28.0,65.0,20.8,1000.1,34.9,13.329173310270214,11.184504408545786
2018-08-09 08:00:00,0.8,0.0,0.35,0.75,30.1,56.0,20.3,1001.0,34.6,10.773002762377619,11.964631690186048
2018-08-09 09:00:00,0.84,0.0,0.18,0.82,32.0,49.0,19.9,1001.1,34.2,11.807366046381846,6.544929873325548
2018-08-09 10:00:00,0.89,0.01,0.02,0.89,34.2,40.0,18.6,1000.7,35.3,15.162973563949327,1.0602984009107088
2018-08-09 11:00:00,0.88,0.02,0.06,0.88,36.2,33.0,17.5,999.9,42.8,16.174543075434908,-3.734187502108158
2018-08-09 12:00:00,0.81,0.01,0.1,0.8,37.2,30.0,17.0,999.1,41.8,15.111631611105608,-2.3934473151155293
2018-08-09 13:00:00,0.66,0.0,0.14,0.63,37.6,28.0,16.2,997.9,40.0,17.59731943475249,-0.30716235329618313
2018-08-09 14:00:00,0.45,0.0,0.09,0.42,37.8,28.0,15.9,997.0,40.7,15.497639274924065,-0.2705122997778885
2018-08-09 15:00:00,0.3,0.0,0.23,0.18,36.8,30.0,16.6,997.0,42.5,19.824274492025737,-1.7343992806783919
2018-08-09 16:00:00,0.23,0.0,0.17,0.11,35.5,33.0,17.0,997.0,42.5,20.187694705785734,0.7049698333905153
2018-08-09 17:00:00,0.14,0.0,0.1,0.24,34.7,36.0,17.3,997.8,42.1,13.688827766869691,2.4137096695703315
2018-08-09 18:00:00,0.97,0.0,0.06,0.97,32.4,42.0,18.0,998.7,32.8,15.854843913092065,6.405772747412101
2018-08-09 19:00:00,0.95,0.0,0.05,0.95,31.1,45.0,17.9,999.4,34.6,14.809034404713897,8.550000000000008
2018-08-09 20:00:00,0.85,0.0,0.04,0.85,30.0,50.0,18.4,1000.3,32.0,10.414992207074254,9.053614600069
2018-08-09 21:00:00,0.93,0.0,0.06,0.92,29.2,54.0,18.9,1001.2,26.3,9.805368871922918,8.227681403987706
2018-08-09 22:00:00,0.93,0.0,0.27,0.91,29.0,55.0,19.0,1001.7,23.4,8.579697762932552,7.199221228489241
2018-08-09 23:00:00,0.96,0.0,0.62,0.93,28.5,58.0,19.5,1001.9,21.2,9.056514962673264,7.872708347886087
2018-08-10 00:00:00,0.92,0.0,0.47,0.89,27.8,64.0,20.4,1001.4,22.3,8.200737862381338,9.433869752784652
2018-08-10 01:00:00,0.94,0.0,0.41,0.93,27.4,66.0,20.6,1000.7,22.3,8.200737862381338,9.433869752784652
2018-08-10 02:00:00,0.92,0.0,0.59,0.85,26.9,69.0,20.8,1000.3,22.7,8.626702730475879,8.62670273047588
2018-08-10 03:00:00,0.93,0.0,0.52,0.89,26.6,71.0,20.9,1000.1,21.6,7.544678833390831,8.679160172561879
2018-08-10 04:00:00,0.99,0.0,0.98,0.93,26.4,72.0,20.9,1000.4,21.2,7.281961780139786,9.663489671572243
2018-08-10 05:00:00,0.97,0.0,0.89,0.87,26.6,72.0,21.2,1000.1,22.0,4.6910627053217615,10.060016436106816
2018-08-10 06:00:00,0.99,0.0,0.99,0.84,27.0,71.0,21.3,1000.4,22.7,6.077449283938639,10.114574148284927
2018-08-10 07:00:00,1.0,0.0,1.0,0.86,27.9,67.0,21.1,1001.3,22.3,6.104407793183424,7.538315826132616
2018-08-10 08:00:00,1.0,0.0,0.98,0.97,29.0,62.0,20.9,1002.0,20.2,6.874724795220201,6.410784584587487
2018-08-10 09:00:00,1.0,0.0,0.85,0.98,30.8,52.0,20.0,1002.2,25.9,11.202965117966418,4.3004153945436085
2018-08-10 10:00:00,1.0,0.0,0.49,1.0,32.5,45.0,19.0,1001.9,29.9,13.3,2.4431703642989694e-15
2018-08-10 11:00:00,1.0,0.0,0.16,1.0,34.2,39.0,18.3,1001.1,32.0,13.691654330161612,0.4781231048242604
2018-08-10 12:00:00,0.99,0.01,0.33,0.99,36.3,34.0,17.9,1000.0,38.9,14.7549942242494,-2.0736792043049754
2018-08-10 13:00:00,0.98,0.0,0.17,0.98,36.2,33.0,17.5,999.3,38.9,16.933583975480854,-2.3798600264171195
2018-08-10 14:00:00,0.96,0.0,0.17,0.95,35.8,34.0,17.4,998.6,38.9,14.42024977268901,2.283943189587373
2018-08-10 15:00:00,0.97,0.0,0.07,0.96,35.1,35.0,17.4,998.0,34.6,14.779717114367694,0.7745721523955758
2018-08-10 16:00:00,0.99,0.0,0.22,0.98,34.8,36.0,17.5,998.0,36.4,17.29736512620557,0.3019266313650045
2018-08-10 17:00:00,0.98,0.0,0.14,0.49,34.2,38.0,17.7,998.4,36.4,17.679621296652964,2.8001769242201355
2018-08-10 18:00:00,0.86,0.0,0.15,0.85,32.2,44.0,18.5,998.8,37.1,16.926594180545724,5.174979173592447
2018-08-10 19:00:00,0.9,0.0,0.19,0.91,31.1,46.0,18.2,999.8,33.5,13.644067431374577,7.563030075842854
2018-08-10 20:00:00,0.94,0.0,0.37,0.92,30.2,50.0,18.5,1000.7,28.8,10.724614268106194,8.684621396487763
2018-08-10 21:00:00,0.98,0.0,0.96,0.94,29.1,55.0,19.3,1001.6,25.6,9.351417404402465,9.030558815966964
2018-08-10 22:00:00,0.99,0.0,0.85,0.99,28.6,59.0,19.8,1001.9,23.8,7.584893794301164,9.03932442880394
2018-08-10 23:00:00,0.95,0.0,0.56,0.94,28.0,61.0,20.0,1002.0,21.6,6.094071538681855,9.7525531057989
2018-08-11 00:00:00,0.95,0.0,0.55,0.93,27.2,65.0,20.0,1001.0,21.2,6.050000000000002,10.478907385791707
2018-08-11 01:00:00,0.95,0.0,0.15,0.95,26.7,67.0,20.1,1000.1,22.0,6.518006950068419,10.430991582724042
2018-08-11 02:00:00,0.98,0.0,0.12,0.97,26.4,68.0,20.0,999.7,22.0,5.76923448093141,10.407974514958811
2018-08-11 03:00:00,0.98,0.0,0.07,0.99,26.4,68.0,20.0,999.2,21.6,3.870373855089245,10.082668606169777
2018-08-11 04:00:00,0.98,0.0,0.06,0.98,26.0,70.0,20.0,999.1,18.7,4.734408385322037,9.706975700031004
2018-08-11 05:00:00,0.95,0.0,0.08,1.0,26.2,71.0,20.5,999.1,19.8,4.948496447161059,9.71197111365321
2018-08-11 06:00:00,0.97,0.0,0.11,0.97,26.5,70.0,20.6,999.2,20.2,3.151973342624462,9.700776466210566
2018-08-11 07:00:00,1.0,0.0,0.01,1.0,28.1,63.0,20.5,999.7,21.2,3.6336839561343464,8.993683389297837
2018-08-11 08:00:00,0.98,0.0,0.01,0.98,30.8,52.0,19.8,1000.4,24.8,6.042203531053469,7.200817765318393
2018-08-11 09:00:00,0.93,0.0,0.06,0.91,32.6,44.0,18.9,1000.8,23.8,7.889173324561134,0.41345405431926
2018-08-11 10:00:00,0.9,0.01,0.21,0.9,34.2,39.0,18.4,1000.8,24.8,7.608452130361229,-2.472135954999578
2018-08-11 11:00:00,0.97,0.02,0.4,0.97,34.9,37.0,18.1,1000.1,25.6,8.337387673787106,-1.0237024846032405
2018-08-11 12:00:00,0.98,0.01,0.04,0.98,35.7,35.0,18.0,999.1,29.9,11.55595358496311,1.830283240970703
2018-08-11 13:00:00,0.99,0.03,0.08,0.99,36.2,34.0,18.0,998.1,35.3,14.420676958821481,3.3292756042892058
2018-08-11 14:00:00,1.0,0.01,0.13,0.99,35.7,35.0,17.9,997.4,36.4,15.803013449522203,2.5029514406436966
2018-08-11 15:00:00,1.0,0.02,0.07,1.0,35.3,35.0,17.6,997.1,36.4,14.772116295183121,-2.6047226650039494
2018-08-11 16:00:00,1.0,0.0,0.02,1.0,34.3,38.0,17.8,996.9,33.1,13.302807369979755,-2.8275989951215283
2018-08-11 17:00:00,1.0,0.0,0.52,1.0,32.3,42.0,17.8,998.2,29.9,15.478757788695894,-0.8112073217656312
2018-08-11 18:00:00,1.0,0.0,0.83,1.0,31.6,44.0,17.9,998.4,29.9,12.283143277481258,0.643732261788215
2018-08-11 19:00:00,1.0,0.0,0.14,1.0,30.9,46.0,18.1,998.9,23.8,11.48303924591558,4.407925779407199
2018-08-11 20:00:00,1.0,0.0,0.04,1.0,29.0,58.0,20.0,999.5,26.3,8.31685832709017,11.87770464219038
2018-08-11 21:00:00,1.0,0.0,0.2,1.0,27.5,65.0,20.4,1000.1,27.7,6.487892972478346,13.302151885227671
2018-08-11 22:00:00,1.0,0.0,0.52,1.0,27.0,67.0,20.5,1000.5,27.4,7.571059701177796,12.60035932032105
2018-08-11 23:00:00,1.0,0.0,0.63,0.99,26.9,69.0,20.6,1000.5,27.0,8.666136333389497,11.500351344681016
2018-08-12 00:00:00,1.0,0.0,0.61,1.0,27.0,68.0,20.8,999.8,27.7,10.371524398562302,11.518744794899611
2018-08-12 01:00:00,1.0,0.0,0.0,1.0,26.8,69.0,20.7,998.7,28.4,9.448495863487159,12.538577507742497
2018-08-12 02:00:00,0.99,0.01,0.0,0.99,26.4,71.0,20.8,998.3,27.4,6.426438960597643,14.434018230753095
2018-08-12 03:00:00,0.99,0.03,0.66,0.99,26.0,73.0,20.9,998.0,27.4,6.582862246223427,12.919594600731335
2018-08-12 04:00:00,0.99,0.01,0.7,0.97,26.2,72.0,20.8,998.2,25.2,5.287576359985403,11.876090949353811
2018-08-12 05:00:00,0.95,0.0,0.96,0.9,26.3,72.0,21.0,998.1,23.0,5.47023579884983,12.887067948334165
2018-08-12 06:00:00,0.86,0.0,0.52,0.81,26.2,76.0,21.6,998.5,25.9,4.407925779407195,11.483039245915581
2018-08-12 07:00:00,0.95,0.0,0.86,0.93,24.9,92.0,23.4,998.9,39.6,0.8021994480574407,11.471986577987979
2018-08-12 08:00:00,0.91,0.0,0.85,0.89,25.2,91.0,23.7,999.6,39.6,4.300415394543605,11.20296511796642
2018-08-12 09:00:00,0.95,0.0,0.86,0.93,26.0,86.0,23.5,999.9,21.6,4.366085533908786,8.21141261358802
2018-08-12 10:00:00,0.85,0.05,0.18,0.84,30.5,61.0,22.1,999.7,27.4,9.38459713474939,6.81830892659269
2018-08-12 11:00:00,0.76,0.02,0.15,0.74,35.0,40.0,19.4,999.2,54.7,18.317424206027074,-3.229856104604898
2018-08-12 12:00:00,0.94,0.0,0.13,0.93,35.8,35.0,18.1,998.7,54.0,19.824274492025737,-1.7343992806783919
2018-08-12 13:00:00,1.0,0.0,0.4,1.0,36.2,34.0,18.0,997.9,50.4,23.068342252830657,-1.2089605892120052
2018-08-12 14:00:00,0.99,0.0,0.0,0.99,34.8,38.0,18.2,997.0,51.1,21.196771137315494,0.36999101647041016
2018-08-12 15:00:00,0.97,0.0,0.01,0.97,34.5,38.0,18.0,996.5,50.8,23.76738292715886,1.2455957585820745
2018-08-12 16:00:00,0.9,0.0,0.05,0.91,33.8,40.0,18.2,996.3,50.0,22.314761237255098,1.9522886375475446
2018-08-12 17:00:00,0.94,0.0,0.02,0.97,32.3,45.0,19.0,996.6,45.4,17.66622127077508,6.4299786945225685
2018-08-12 18:00:00,0.94,0.0,0.26,0.93,30.0,58.0,20.8,997.2,37.4,12.586500705120546,12.58650070512055
2018-08-12 19:00:00,0.89,0.0,0.09,0.89,28.0,70.0,22.0,998.3,38.5,13.650264369720707,15.160154439738841
2018-08-12 20:00:00,0.95,0.0,0.11,0.95,27.5,71.0,21.8,999.1,38.5,13.237501999306984,12.344170317131226
2018-08-12 21:00:00,0.74,0.0,0.07,0.73,27.0,74.0,22.0,999.9,34.6,12.940054095713819,12.940054095713823
2018-08-12 22:00:00,0.21,0.0,0.06,0.19,26.7,74.0,21.7,1000.2,33.8,12.301766157631185,10.693762172545268
2018-08-12 23:00:00,0.79,0.0,0.03,0.79,26.6,73.0,21.4,1000.1,29.5,12.301766157631185,10.693762172545268
2018-08-13 00:00:00,0.75,0.0,0.15,0.72,26.1,74.0,21.2,999.6,30.2,11.457572449049973,12.286742187202066
2018-08-13 01:00:00,0.87,0.0,0.15,0.86,26.1,74.0,21.0,999.1,29.5,10.132058295902386,12.512049979457231
2018-08-13 02:00:00,0.97,0.0,0.37,0.96,25.8,75.0,21.0,998.3,29.5,10.446718491427305,12.900622960185716
2018-08-13 03:00:00,0.98,0.0,0.55,0.97,25.6,75.0,20.8,997.8,29.9,9.636084130697576,13.761754344055063
2018-08-13 04:00:00,0.98,0.0,0.61,0.97,25.5,74.0,20.5,998.1,30.2,10.096848195340794,12.92337635915024
2018-08-13 05:00:00,0.99,0.0,0.17,0.97,25.8,76.0,21.1,997.8,32.0,8.555651423102425,12.68427486009214
2018-08-13 06:00:00,0.98,0.01,0.37,0.97,26.1,73.0,21.0,998.0,31.3,8.700000000000001,15.06884202584923
2018-08-13 07:00:00,0.94,0.0,0.04,0.94,27.5,68.0,21.0,998.4,32.8,9.349295912522052,13.352178321910566
2018-08-13 08:00:00,0.98,0.0,0.01,0.98,30.3,56.0,20.5,999.2,38.2,12.020128301138284,14.325031086324888
2018-08-13 09:00:00,0.96,0.0,0.01,0.96,32.3,48.0,20.0,999.6,41.0,16.627687752661217,9.600000000000009
2018-08-13 10:00:00,0.87,0.43,0.01,0.83,34.0,41.0,18.9,999.6,45.0,21.547383485612205,1.5067398328731125
2018-08-13 11:00:00,0.78,0.08,0.03,0.77,35.2,35.0,17.6,999.1,50.0,22.34543472582006,1.562545011868413
2018-08-13 12:00:00,0.51,0.04,0.12,0.47,36.5,32.0,17.0,998.4,55.4,24.166882057449044,2.5400416574039766
2018-08-13 13:00:00,0.89,0.05,0.23,0.87,37.3,31.0,17.3,997.4,54.7,23.76738292715886,1.2455957585820745
2018-08-13 14:00:00,0.88,0.0,0.11,0.88,36.2,32.0,17.0,997.0,55.1,24.796222839878503,0.43281967964463075
2018-08-13 15:00:00,1.0,0.0,0.11,1.0,35.5,33.0,16.9,996.8,55.8,27.395826847285118,0.4781959363815678
2018-08-13 16:00:00,1.0,0.0,0.08,1.0,33.7,40.0,18.0,997.0,55.4,23.377727657537953,4.969089410544458
2018-08-13 17:00:00,1.0,0.0,0.13,1.0,32.2,44.0,18.2,997.3,47.5,19.8014794389259,5.305790424601673
2018-08-13 18:00:00,1.0,0.0,0.04,1.0,29.5,61.0,21.1,998.0,39.6,15.366209695331081,12.005398768850332
2018-08-13 19:00:00,0.99,0.0,0.1,0.99,27.5,70.0,21.7,999.0,37.4,12.573316505307853,13.020050386129586
2018-08-13 20:00:00,0.97,0.0,0.06,0.97,27.3,74.0,22.3,999.9,34.2,10.775574088987474,11.555388485582895
2018-08-13 21:00:00,0.91,0.0,0.21,0.9,27.2,74.0,22.1,1000.8,29.5,10.371524398562302,11.518744794899611
2018-08-13 22:00:00,0.81,0.0,0.28,0.76,27.0,74.0,21.9,1001.0,29.2,9.709673629059505,11.169701787297027
2018-08-13 23:00:00,0.94,0.0,0.11,0.94,26.9,74.0,21.8,1000.9,27.4,10.371524398562302,11.518744794899611
2018-08-14 00:00:00,0.97,0.0,0.34,0.96,26.4,75.0,21.5,1000.1,31.0,9.273587124081084,14.840841682737457
2018-08-14 01:00:00,0.98,0.0,0.14,0.98,26.0,76.0,21.5,999.1,32.4,7.652386473410021,14.392045763600509
2018-08-14 02:00:00,0.98,0.0,0.02,0.98,25.8,76.0,21.3,998.4,29.5,5.47023579884983,12.887067948334165
2018-08-14 03:00:00,0.99,0.0,0.12,0.99,25.7,76.0,21.1,998.0,25.6,5.506716923213906,13.629602662131774
2018-08-14 04:00:00,0.97,0.0,0.13,0.97,25.5,76.0,21.0,998.0,27.0,5.088824883543266,13.256842056260263
2018-08-14 05:00:00,0.99,0.0,0.07,0.99,26.1,75.0,21.4,997.1,27.0,8.319732448461314,13.314355109655889
2018-08-14 06:00:00,1.0,0.0,0.21,0.99,26.3,75.0,21.6,997.4,31.7,9.432562903351046,15.095256111584385
2018-08-14 07:00:00,0.9,0.02,0.24,0.88,27.5,72.0,22.0,998.2,34.6,11.218609395737671,12.905533821809405
2018-08-14 08:00:00,0.83,0.0,0.3,0.78,29.7,65.0,22.4,999.0,41.0,15.431563104164496,14.390165397318722
2018-08-14 09:00:00,0.97,0.0,0.24,0.97,31.6,57.0,22.0,999.2,47.5,17.649844772045174,13.300112011660268
2018-08-14 10:00:00,0.95,0.03,0.12,0.94,32.7,53.0,21.9,999.1,66.2,17.97861963851623,11.234288401743946
2018-08-14 11:00:00,0.99,0.02,0.13,0.99,35.0,41.0,19.7,998.7,63.7,23.769073299301734,2.498230272096915
2018-08-14 12:00:00,0.98,0.0,0.1,0.98,35.7,38.0,19.0,997.8,62.3,24.066940600195306,5.556291042293472
2018-08-14 13:00:00,0.99,0.0,0.13,0.99,35.6,37.0,18.9,997.1,61.9,25.24644555742413,7.718613004680259
2018-08-14 14:00:00,1.0,0.0,0.36,1.0,33.3,48.0,20.8,996.9,67.7,21.47743001385407,12.400000000000011
2018-08-14 15:00:00,1.0,0.0,0.44,1.0,32.0,51.0,20.6,996.3,53.6,23.458524608408254,11.44148693119493
2018-08-14 16:00:00,0.97,0.0,0.11,0.97,31.2,55.0,21.1,996.1,52.2,20.466101147061863,11.344545113764282
2018-08-14 17:00:00,0.32,0.0,0.91,1.0,28.3,71.0,22.6,996.4,46.4,14.865689127822543,15.393871727247133
2018-08-14 18:00:00,0.93,0.0,0.35,0.91,27.7,74.0,22.5,996.9,42.5,13.367167857224969,14.334532551735744
2018-08-14 19:00:00,0.99,0.01,0.42,0.98,27.0,78.0,22.8,998.0,37.4,13.647160876900367,13.64716087690037
2018-08-14 20:00:00,0.91,0.0,0.63,0.86,27.0,77.0,22.6,998.6,36.0,14.700209402545324,13.708167037256223
2018-08-14 21:00:00,0.81,0.0,0.2,0.79,27.1,77.0,22.6,999.5,36.0,14.03759819214356,12.202697939223436
2018-08-14 22:00:00,0.95,0.0,0.29,0.94,27.0,77.0,22.6,999.7,38.5,15.485638507985389,15.485638507985394
2018-08-14 23:00:00,1.0,0.0,1.0,0.95,26.6,78.0,22.5,999.7,39.6,15.213018313052041,15.753541627416457
2018-08-15 00:00:00,1.0,0.0,1.0,0.93,26.0,77.0,21.5,999.0,45.0,17.158061750337236,17.767693068364682
2018-08-15 01:00:00,1.0,0.0,1.0,0.93,26.1,75.0,21.3,998.3,45.0,18.38506663485547,15.426902632476947
2018-08-15 02:00:00,0.99,0.0,0.95,0.95,26.4,73.0,21.2,997.6,45.0,17.69875957918392,16.504360313512464
2018-08-15 03:00:00,1.0,0.0,0.99,0.98,25.9,77.0,21.5,997.3,43.9,16.255005868740536,16.832551327924435
2018-08-15 04:00:00,1.0,0.0,1.0,0.98,24.3,87.0,22.0,997.3,42.8,14.865689127822543,15.393871727247133
2018-08-15 05:00:00,1.0,0.0,0.63,0.99,24.5,90.0,22.8,997.2,38.9,12.530727453718686,14.414952982254949
2018-08-15 06:00:00,1.0,0.08,0.65,1.0,24.5,89.0,22.6,997.6,35.6,16.137295272493134,11.299455796115613
2018-08-15 07:00:00,0.99,0.05,0.54,0.99,24.9,88.0,22.8,998.2,38.5,18.65705811544137,11.65822381313051
2018-08-15 08:00:00,1.0,0.0,0.93,1.0,24.8,88.0,22.6,999.0,49.0,17.73567513523514,15.41738718127692
2018-08-15 09:00:00,1.0,0.0,1.0,1.0,24.6,88.0,22.5,999.3,50.8,21.55497688643109,14.53901549023941
2018-08-15 10:00:00,1.0,0.0,1.0,1.0,25.1,88.0,22.9,999.4,47.5,18.107500901947414,14.663165111461222
2018-08-15 11:00:00,1.0,0.0,1.0,1.0,25.3,88.0,23.1,999.0,46.1,18.28384254047926,17.049959001562463
2018-08-15 12:00:00,1.0,0.0,0.95,1.0,25.6,88.0,23.4,998.7,45.4,17.966645182233265,14.037081637425004
2018-08-15 13:00:00,1.0,0.0,0.99,1.0,25.4,89.0,23.5,998.2,43.6,17.048353268026034,16.463403379878233
2018-08-15 14:00:00,1.0,0.0,0.99,1.0,25.2,88.0,23.2,997.6,46.4,17.85272012079623,18.48703286870333
2018-08-15 15:00:00,1.0,0.0,0.99,1.0,25.0,90.0,23.1,996.8,62.3,15.548598987075017,17.8866170512797
2018-08-15 16:00:00,1.0,0.0,0.98,0.99,24.9,89.0,23.0,996.9,63.0,11.453631117107044,14.144056498516868
2018-08-15 17:00:00,0.99,0.0,0.65,1.0,25.2,87.0,23.0,996.5,60.1,4.794964395723674,11.86795333845488
2018-08-15 18:00:00,1.0,0.0,0.19,1.0,25.0,85.0,22.2,997.3,34.6,12.662915910824823,15.091075529443867
2018-08-15 19:00:00,1.0,0.0,0.38,1.0,24.0,89.0,22.1,998.2,36.0,7.619257005540835,17.94984464232259
2018-08-15 20:00:00,0.96,0.0,0.12,0.95,24.0,90.0,22.3,998.5,37.1,8.175406525823584,18.362263698616278
2018-08-15 21:00:00,1.0,0.0,0.66,1.0,24.1,89.0,22.1,999.4,37.1,10.404678933003622,13.317381735953601
2018-08-15 22:00:00,1.0,0.0,0.98,1.0,23.9,89.0,22.0,999.9,29.9,8.240609198560866,13.714676811233797
2018-08-15 23:00:00,1.0,0.0,1.0,1.0,23.5,87.0,21.4,999.9,30.2,10.371524398562302,11.518744794899611
2018-08-16 00:00:00,1.0,0.0,1.0,1.0,23.6,86.0,21.2,999.6,41.8,13.660243402032174,11.874668424728183
2018-08-16 01:00:00,1.0,0.0,1.0,1.0,23.8,88.0,21.6,999.4,32.8,13.237501999306984,12.344170317131226
2018-08-16 02:00:00,1.0,0.01,0.89,1.0,23.5,89.0,21.6,999.0,33.1,13.673864788784055,12.312003157002989
2018-08-16 03:00:00,1.0,0.0,0.99,1.0,23.6,89.0,21.6,998.3,36.7,14.818399886976216,14.309962431455345
2018-08-16 04:00:00,1.0,0.0,0.88,1.0,23.9,90.0,22.0,997.9,41.8,15.822361953449962,16.967405877564758
2018-08-16 05:00:00,1.0,0.0,0.99,1.0,23.7,88.0,21.6,997.9,42.1,16.899852070358484,16.899852070358488
2018-08-16 06:00:00,1.0,0.0,0.99,1.0,24.5,84.0,21.7,997.8,43.2,13.305703520511361,15.857119972562844
2018-08-16 07:00:00,0.65,0.0,0.37,0.58,25.1,81.0,21.7,997.9,39.6,8.785511490437285,19.73258188508018
2018-08-16 08:00:00,0.98,0.0,0.19,0.98,27.0,74.0,22.0,998.8,39.6,9.273587124081084,14.840841682737457
2018-08-16 09:00:00,1.0,0.0,0.04,1.0,28.5,67.0,21.9,998.7,34.9,9.636084130697576,13.761754344055063
2018-08-16 10:00:00,1.0,0.0,0.03,1.0,29.2,66.0,22.1,998.7,34.9,11.189711634773307,10.434574908956229
2018-08-16 11:00:00,1.0,0.0,0.13,1.0,30.0,62.0,21.9,998.6,33.8,12.301766157631185,10.693762172545268
2018-08-16 12:00:00,1.0,0.01,0.06,1.0,30.5,59.0,21.5,998.4,43.2,16.553208979033474,13.404524329361546
2018-08-16 13:00:00,1.0,0.19,0.28,1.0,30.6,60.0,21.9,997.9,45.4,19.513042879725255,9.942391944296078
2018-08-16 14:00:00,1.0,0.02,0.29,1.0,30.9,57.0,21.5,997.3,44.6,18.398048076843995,8.579150713336194
2018-08-16 15:00:00,0.96,0.0,0.7,0.95,29.2,65.0,22.0,996.9,41.8,13.749449590440403,12.821569169174975
2018-08-16 16:00:00,1.0,0.0,1.0,0.8,28.5,68.0,22.0,996.8,40.3,14.33453255173574,13.367167857224974
2018-08-16 17:00:00,1.0,0.0,1.0,0.96,26.0,86.0,23.4,996.9,38.9,14.007499957341757,9.808157061602895
2018-08-16 18:00:00,1.0,0.0,1.0,1.0,25.2,89.0,23.2,997.3,32.8,15.047716095374021,10.932805692640004
2018-08-16 19:00:00,1.0,0.0,1.0,1.0,25.0,89.0,23.0,997.9,38.5,16.852977748617512,14.141327413103868
2018-08-16 20:00:00,1.0,0.0,1.0,0.96,24.5,89.0,22.5,998.5,43.2,17.73567513523514,15.41738718127692
2018-08-16 21:00:00,1.0,0.0,1.0,1.0,24.1,91.0,22.5,999.2,42.5,13.580421900103495,15.622488310611383
2018-08-16 22:00:00,0.98,0.0,0.69,0.96,24.0,90.0,22.2,999.7,55.8,12.128531063915466,15.523811846052423
2018-08-16 23:00:00,1.0,0.0,0.49,1.0,23.8,90.0,22.0,999.3,59.4,7.536242295676476,14.790708301526909
2018-08-17 00:00:00,0.98,0.0,0.33,0.98,23.6,91.0,22.0,998.7,55.8,5.124881702755083,11.510672766296771
2018-08-17 01:00:00,0.98,0.0,0.59,0.98,23.8,90.0,22.1,998.2,42.5,6.822153422343109,10.11425838517151
2018-08-17 02:00:00,1.0,0.0,0.65,1.0,23.8,90.0,22.0,997.8,36.4,6.450000000000002,11.171727708819258
2018-08-17 03:00:00,0.99,0.0,0.5,0.99,23.5,90.0,21.8,997.5,39.2,6.5449298733255485,11.807366046381844
2018-08-17 04:00:00,0.99,0.0,0.24,0.99,23.4,90.0,21.6,997.3,37.1,6.850000000000001,11.864548031846809
2018-08-17 05:00:00,1.0,0.0,0.98,0.98,24.4,87.0,22.0,996.8,32.8,11.509436805418419,11.114533927343956
2018-08-17 06:00:00,1.0,0.0,1.0,0.98,25.0,86.0,22.5,997.1,30.2,12.484833068020226,11.241394186828817
2018-08-17 07:00:00,1.0,0.0,1.0,0.99,25.2,85.0,22.5,997.8,32.4,15.047716095374021,10.932805692640004
2018-08-17 08:00:00,0.98,0.0,0.84,0.98,25.3,87.0,23.0,998.5,46.8,14.425133768661295,9.367791402258463
2018-08-17 09:00:00,0.96,0.0,0.9,0.93,27.6,76.0,22.9,998.6,45.4,13.736530772813436,10.351218398215229
2018-08-17 10:00:00,1.0,0.02,1.0,0.9,29.4,66.0,22.5,998.6,37.1,15.503002606779281,10.45690729490296
2018-08-17 11:00:00,1.0,0.01,1.0,0.99,30.4,62.0,22.2,998.3,40.7,17.74336312453372,10.661288150638125
2018-08-17 12:00:00,1.0,0.01,1.0,0.9,30.5,60.0,21.9,997.7,41.0,18.36226369861628,8.175406525823583
2018-08-17 13:00:00,1.0,0.0,1.0,0.8,30.2,62.0,22.1,997.2,41.4,17.673001847214675,8.241056103943635
2018-08-17 14:00:00,1.0,0.0,1.0,0.99,28.6,71.0,22.9,996.5,39.2,14.774756935874917,11.133577928312892
2018-08-17 15:00:00,1.0,0.01,1.0,0.97,28.8,70.0,22.6,996.1,36.0,14.341795715642341,11.205038850926977
2018-08-17 16:00:00,0.99,0.0,0.82,0.99,28.1,72.0,22.6,996.0,34.9,13.329173310270214,11.184504408545786
2018-08-17 17:00:00,0.99,0.0,1.0,0.74,29.0,66.0,21.9,995.8,32.8,15.438918234159955,6.873849267981021
2018-08-17 18:00:00,0.99,0.0,0.94,0.98,28.1,69.0,21.9,996.5,31.3,13.754197314304955,8.932080174246442
2018-08-17 19:00:00,0.86,0.0,0.59,0.84,27.1,73.0,21.9,997.4,46.1,13.711387112756963,10.71250967066645
2018-08-17 20:00:00,0.93,0.0,0.88,0.68,26.4,76.0,21.9,997.8,45.4,11.869106705587745,11.461863112573454
2018-08-17 21:00:00,0.83,0.0,0.33,0.78,26.2,77.0,21.9,998.7,29.5,11.17228714274745,11.172287142747454
2018-08-17 22:00:00,0.85,0.0,0.56,0.76,26.0,78.0,22.0,998.8,29.9,11.879393923933998,11.879393923934002
2018-08-17 23:00:00,0.88,0.0,0.86,0.45,26.1,77.0,21.7,998.4,30.6,12.707776515663445,11.442133368736474
2018-08-18 00:00:00,0.62,0.0,0.57,0.16,26.0,78.0,21.9,997.7,32.0,12.300710585790936,11.878658134848854
2018-08-18 01:00:00,0.63,0.0,0.55,0.29,25.6,79.0,21.8,997.1,31.3,12.660380485960262,12.225987320078353
2018-08-18 02:00:00,0.72,0.0,0.71,0.07,25.9,76.0,21.3,996.5,31.3,11.879393923933998,11.879393923934002
2018-08-18 03:00:00,1.0,0.0,1.0,0.19,25.7,75.0,21.0,996.4,31.3,12.652419038011647,11.798571629081225
2018-08-18 04:00:00,1.0,0.0,0.99,0.34,25.5,76.0,21.0,996.3,31.0,11.461863112573457,11.869106705587743
2018-08-18 05:00:00,0.82,0.0,0.89,0.61,25.9,79.0,22.0,996.5,29.9,11.878658134848855,12.300710585790934
2018-08-18 06:00:00,0.99,0.0,0.97,0.89,26.2,76.0,21.7,997.0,32.4,13.018095888821232,12.139570809112476
2018-08-18 07:00:00,1.0,0.01,1.0,0.88,26.6,78.0,22.4,998.0,33.8,13.22797789349762,11.910524793187674
2018-08-18 08:00:00,1.0,0.0,1.0,0.91,27.8,73.0,22.5,998.9,33.5,13.736530772813436,10.351218398215229
2018-08-18 09:00:00,1.0,0.01,0.99,0.82,27.9,73.0,22.5,998.9,33.5,11.505898213389052,13.712195531829705
2018-08-18 10:00:00,1.0,0.0,1.0,0.58,28.6,69.0,22.5,998.6,34.9,10.89720811326415,13.94779033883898
2018-08-18 11:00:00,1.0,0.02,1.0,0.64,28.5,69.0,22.3,998.3,34.2,12.003171137099972,12.871825148497402
2018-08-18 12:00:00,0.86,0.0,0.71,0.61,28.8,68.0,22.4,997.4,37.1,12.685169497162471,13.603178850116574
2018-08-18 13:00:00,0.98,0.01,0.96,0.72,30.5,61.0,22.3,996.5,43.9,16.24014219412233,13.627097325354637
2018-08-18 14:00:00,0.95,0.03,0.93,0.78,30.0,64.0,22.4,995.6,45.0,17.235999970177,14.462721217947138
2018-08-18 15:00:00,1.0,0.01,1.0,0.75,30.2,60.0,21.6,995.4,44.6,17.611768952213318,12.331893381547497
2018-08-18 16:00:00,1.0,0.0,1.0,0.72,28.4,69.0,22.2,995.5,42.1,14.071424945612293,14.071424945612298
2018-08-18 17:00:00,1.0,0.0,0.99,0.02,29.2,58.0,20.0,995.8,37.4,15.870867250452426,6.092255142270112
2018-08-18 18:00:00,1.0,0.0,1.0,0.11,28.5,61.0,20.2,996.4,31.0,12.663925575975904,8.224049428726907
2018-08-18 19:00:00,0.63,0.0,0.61,0.23,27.5,66.0,20.6,997.0,27.7,10.818733752154177,10.81873375215418
2018-08-18 20:00:00,0.93,0.0,0.92,0.35,26.6,71.0,21.0,998.0,28.4,10.132058295902386,12.512049979457231
2018-08-18 21:00:00,0.99,0.0,0.99,0.43,26.2,73.0,21.0,999.1,29.5,9.349295912522052,13.352178321910566
2018-08-18 22:00:00,1.0,0.0,0.57,1.0,25.9,76.0,21.2,999.8,29.2,7.900000000000002,13.68320137979413
2018-08-18 23:00:00,0.99,0.01,0.72,0.98,25.8,77.0,21.5,999.7,28.8,7.805434885966026,14.081377284944274
2018-08-19 00:00:00,1.0,0.02,0.28,1.0,25.5,79.0,21.5,998.7,28.8,7.464597848295665,14.038866726456938
2018-08-19 01:00:00,0.99,0.01,0.11,0.99,25.1,79.0,21.3,997.8,28.8,7.900000000000002,13.68320137979413
2018-08-19 02:00:00,0.96,0.01,0.06,0.95,25.0,81.0,21.5,997.2,28.4,7.571059701177796,12.60035932032105
2018-08-19 03:00:00,0.97,0.01,0.07,0.97,24.5,83.0,21.5,996.7,26.3,6.103130316216581,11.47831870716605
2018-08-19 04:00:00,0.98,0.01,0.12,0.98,24.2,83.0,21.1,996.7,23.0,5.727553065987868,10.771960632878907
2018-08-19 05:00:00,0.97,0.02,0.05,0.97,24.7,81.0,21.2,996.7,22.0,7.284420741658286,10.403230962470195
2018-08-19 06:00:00,0.94,0.01,0.01,0.94,25.1,80.0,21.5,996.9,23.0,5.727553065987868,10.771960632878907
2018-08-19 07:00:00,0.96,0.01,0.0,0.96,26.5,76.0,22.0,997.4,26.3,5.47023579884983,12.887067948334165
2018-08-19 08:00:00,0.96,0.01,0.0,0.96,28.7,66.0,21.6,998.4,28.1,3.97625518422922,13.005744681097282
2018-08-19 09:00:00,0.95,0.02,0.02,0.94,30.1,60.0,21.5,998.7,30.6,4.330056454280185,12.575397055470914
2018-08-19 10:00:00,0.93,0.26,0.06,0.92,31.9,54.0,21.4,998.5,30.6,12.206789381380638,6.219669846431793
2018-08-19 11:00:00,0.91,0.04,0.08,0.9,32.2,51.0,20.9,998.1,31.7,11.471986577987979,0.8021994480574441
2018-08-19 12:00:00,0.6,0.09,0.06,0.57,32.8,51.0,21.1,997.5,29.9,7.5620014546273335,-2.902780391316933
2018-08-19 13:00:00,0.99,0.46,0.06,0.99,34.1,46.0,20.8,996.1,27.0,11.15840085217396,-2.782101799396176
2018-08-19 14:00:00,0.9,0.07,0.03,0.89,34.1,46.0,20.9,995.4,32.0,13.697136892650246,1.681796938991031
2018-08-19 15:00:00,0.91,0.03,0.02,0.91,33.1,48.0,20.5,994.9,34.2,15.117058625094026,2.938458528798787
2018-08-19 16:00:00,0.99,0.0,0.0,0.99,32.8,48.0,20.2,994.9,33.8,15.812898136355548,1.6620025659556885
2018-08-19 17:00:00,1.0,0.0,0.01,1.0,31.4,53.0,20.8,995.5,32.0,16.575520732410077,2.0352180348659576
2018-08-19 18:00:00,1.0,0.0,0.04,1.0,30.0,56.0,20.3,996.1,31.3,10.09324780735235,2.894192236078488
2018-08-19 19:00:00,1.0,0.0,0.14,1.0,28.8,59.0,19.9,996.9,19.1,7.9268888068611,6.4190679887083455
2018-08-19 20:00:00,1.0,0.0,0.14,1.0,27.2,68.0,20.8,997.7,20.9,7.281961780139786,9.663489671572243
2018-08-19 21:00:00,0.99,0.0,0.14,0.99,26.2,73.0,21.0,998.4,24.8,8.365228821813472,11.101033589657371
2018-08-19 22:00:00,1.0,0.0,0.09,1.0,25.9,74.0,20.9,998.7,25.2,9.053614600068999,10.414992207074256
2018-08-19 23:00:00,1.0,0.0,0.04,1.0,25.5,76.0,20.9,998.6,25.6,8.999281592012679,11.113187248834683
2018-08-20 00:00:00,0.99,0.0,0.02,0.99,25.2,76.0,20.8,997.9,25.6,7.571208959833809,10.81280698461469
2018-08-20 01:00:00,0.99,0.0,0.14,0.98,25.0,76.0,20.6,997.4,23.0,5.085105302753298,10.426010937070336
2018-08-20 02:00:00,0.98,0.01,0.17,0.98,24.9,77.0,20.6,997.0,20.5,4.636797731064123,10.41441821712565
2018-08-20 03:00:00,0.99,0.01,0.03,0.99,24.8,78.0,20.7,997.0,20.5,4.03583769124289,11.08837292527372
2018-08-20 04:00:00,1.0,0.0,0.03,1.0,24.6,80.0,20.9,997.2,20.9,4.300415394543605,11.20296511796642
2018-08-20 05:00:00,1.0,0.02,0.04,0.99,24.6,79.0,20.7,997.2,21.2,2.8788705576360436,11.546519142684359
2018-08-20 06:00:00,0.96,0.01,0.01,0.96,25.2,77.0,21.0,997.5,22.0,3.183474254761006,11.88088766335554
2018-08-20 07:00:00,0.96,0.03,0.01,0.96,26.7,73.0,21.5,998.4,22.0,4.6910627053217615,10.060016436106816
2018-08-20 08:00:00,0.96,0.04,0.0,0.95,29.0,62.0,21.0,999.3,25.2,5.351975815759156,10.065602558591767
2018-08-20 09:00:00,0.9,0.05,0.02,0.89,30.5,56.0,20.6,999.7,25.6,4.600821315301731,8.652886410017484
2018-08-20 10:00:00,0.93,0.06,0.02,0.92,31.6,51.0,20.1,999.7,25.9,10.081199072728626,3.2755801403744442
2018-08-20 11:00:00,0.97,0.06,0.02,0.97,32.7,48.0,20.3,999.3,33.1,12.938717261796304,-2.049291492027022
2018-08-20 12:00:00,0.98,0.28,0.05,0.98,33.2,47.0,20.3,998.8,32.0,11.916173811447718,-2.1011429497698524
2018-08-20 13:00:00,1.0,0.29,0.15,1.0,33.6,45.0,20.0,997.6,32.4,14.429919596680659,-2.804892232035213
2018-08-20 14:00:00,1.0,0.03,0.19,1.0,34.0,43.0,19.6,996.7,35.3,16.89742604814301,0.2949456687900911
2018-08-20 15:00:00,1.0,0.16,0.29,1.0,33.8,44.0,19.8,996.1,36.0,17.257858069494958,1.2067869957733726
2018-08-20 16:00:00,1.0,0.01,0.01,1.0,32.5,47.0,19.6,996.1,40.3,20.149840575116396,4.282980830845852
2018-08-20 17:00:00,1.0,0.0,0.01,1.0,31.5,50.0,19.7,996.7,40.3,17.978529412105065,5.496588048787458
2018-08-20 18:00:00,0.98,0.0,0.0,0.98,30.0,50.0,18.5,997.4,34.9,15.895690962981256,7.077217589518921
2018-08-20 19:00:00,1.0,0.0,0.0,1.0,28.6,55.0,18.7,998.3,31.7,14.809034404713897,8.550000000000008
2018-08-20 20:00:00,1.0,0.0,0.0,1.0,27.2,64.0,19.9,999.0,31.0,12.2970583144992,8.934335834845593
2018-08-20 21:00:00,1.0,0.0,0.01,1.0,26.5,69.0,20.2,999.7,27.7,11.501760229563166,9.313941787537601
2018-08-20 22:00:00,1.0,0.0,0.01,1.0,26.0,71.0,20.2,1000.3,27.0,11.189711634773307,10.434574908956229
2018-08-20 23:00:00,0.95,0.0,0.08,0.95,25.5,73.0,20.3,1000.3,27.7,10.767204742114458,11.149766905249091
2018-08-21 00:00:00,0.97,0.0,0.19,0.97,25.2,74.0,20.3,999.7,27.7,10.41987555688496,10.790097005079765
2018-08-21 01:00:00,0.91,0.0,0.22,0.89,25.0,75.0,20.2,999.2,26.6,9.333809511662427,9.333809511662428
2018-08-21 02:00:00,0.96,0.0,0.24,0.94,24.6,76.0,20.1,998.6,23.8,7.264805408842767,9.29852689255932
2018-08-21 03:00:00,0.97,0.0,0.19,0.96,24.4,77.0,20.0,998.4,21.6,5.727553065987868,10.771960632878907
2018-08-21 04:00:00,0.94,0.0,0.0,0.94,24.0,80.0,20.3,998.5,22.0,4.407925779407195,11.483039245915581
2018-08-21 05:00:00,0.74,0.0,0.04,0.88,24.6,78.0,20.6,998.6,21.6,5.435802220184561,11.14504617410967
2018-08-21 06:00:00,0.84,0.0,0.04,0.84,25.2,76.0,20.6,999.3,23.0,5.800000000000001,10.045894683899487
2018-08-21 07:00:00,0.34,0.01,0.01,0.33,26.9,71.0,21.1,999.8,22.7,6.099957192168303,9.393110360988748
2018-08-21 08:00:00,0.52,0.01,0.0,0.52,29.1,59.0,20.4,1000.4,25.6,7.544678833390831,8.679160172561879
2018-08-21 09:00:00,0.82,0.03,0.0,0.81,30.6,53.0,20.0,1000.9,25.9,7.2008177653183925,6.042203531053471
2018-08-21 10:00:00,0.95,0.01,0.01,0.95,32.0,49.0,19.9,1000.9,28.4,11.08837292527372,4.0358376912428895
2018-08-21 11:00:00,0.82,0.0,0.03,0.81,32.8,47.0,20.0,1000.4,34.2,14.779717114367694,-0.7745721523955704
2018-08-21 12:00:00,0.14,0.04,0.07,0.07,33.6,45.0,20.1,999.7,38.9,10.806465139037945,-3.9332316482451932
2018-08-21 13:00:00,0.05,0.03,0.04,0.0,34.7,41.0,19.6,998.4,36.0,12.950531075192693,-1.1330246557195525
2018-08-21 14:00:00,0.27,0.01,0.02,0.26,34.7,40.0,19.0,997.1,36.4,16.97253919306661,2.0839657722280167
2018-08-21 15:00:00,0.13,0.01,0.03,0.1,34.4,40.0,19.0,996.5,38.9,19.094820391070847,2.0069464947389446
2018-08-21 16:00:00,0.03,0.03,0.02,0.0,33.0,44.0,19.1,996.7,44.6,22.729306872586275,2.79080796397787
2018-08-21 17:00:00,0.02,0.01,0.02,0.0,32.3,46.0,19.1,996.7,44.6,17.39406757932086,9.248589786882047
2018-08-21 18:00:00,0.01,0.0,0.01,0.0,30.8,49.0,18.7,997.4,38.9,17.196425916835498,8.762016644973256
2018-08-21 19:00:00,0.01,0.0,0.01,0.0,29.5,54.0,19.1,998.6,35.3,15.096070223017636,9.803502630270486
2018-08-21 20:00:00,0.0,0.0,0.0,0.0,28.0,61.0,19.9,999.4,32.8,11.17228714274745,11.172287142747454
2018-08-21 21:00:00,0.03,0.0,0.0,0.02,27.1,65.0,20.0,1000.1,28.1,10.824034783963722,10.09357572892498
2018-08-21 22:00:00,0.0,0.0,0.0,0.0,26.4,69.0,20.1,1000.5,26.3,9.660882731206126,8.698697882665156
2018-08-21 23:00:00,0.0,0.0,0.0,0.0,25.7,71.0,20.1,1000.3,23.0,7.924450592339106,6.888619804400326
2018-08-22 00:00:00,0.0,0.0,0.0,0.0,25.2,73.0,20.1,999.4,18.7,6.4653599816533305,5.821436275322065
2018-08-22 01:00:00,0.0,0.0,0.0,0.0,24.9,74.0,20.0,999.0,15.1,5.387787044493737,5.777694242791448
2018-08-22 02:00:00,0.01,0.0,0.01,0.0,24.7,74.0,19.8,998.7,14.8,5.39941592136693,6.4347733221994154
2018-08-22 03:00:00,0.01,0.0,0.01,0.0,24.5,75.0,19.8,998.4,15.8,5.821436275322066,6.46535998165333
2018-08-22 04:00:00,0.02,0.0,0.01,0.01,24.4,75.0,19.7,998.5,15.1,4.361704647071824,6.466493065929326
2018-08-22 05:00:00,0.06,0.0,0.01,0.44,24.1,78.0,20.0,998.6,13.3,1.0811407922523495,5.086367523815789
2018-08-22 06:00:00,0.02,0.0,0.01,0.01,24.9,75.0,20.1,999.1,9.4,-1.4214781741247584,4.3748599749577055
2018-08-22 07:00:00,0.04,0.0,0.01,0.03,26.5,70.0,20.6,1000.0,10.8,-0.7423384793347552,3.215421213791276
2018-08-22 08:00:00,0.22,0.0,0.0,0.22,29.0,60.0,20.5,1000.8,15.1,-0.3747696938149302,4.283637201794505
2018-08-22 09:00:00,0.15,0.0,0.0,0.15,31.1,52.0,20.0,1000.8,15.5,-3.5514757175273243e-16,2.9
2018-08-22 10:00:00,0.29,0.0,0.0,0.29,32.7,48.0,20.2,1000.7,15.1,1.0777488443215544,0.7269507745119705
2018-08-22 11:00:00,0.68,0.0,0.0,0.68,33.8,46.0,20.5,1000.3,19.4,4.6796222421523135,-2.488199282765219
2018-08-22 12:00:00,0.15,0.0,0.06,0.1,34.7,43.0,20.4,999.2,30.2,8.319851376878407,-2.543633831087809
2018-08-22 13:00:00,0.15,0.01,0.14,0.01,35.4,41.0,20.0,998.1,30.2,9.02104915954472,-3.283393375926422
2018-08-22 14:00:00,0.45,0.0,0.27,0.26,35.0,42.0,20.0,997.1,28.1,7.922144549932563,-1.1133848076805237
2018-08-22 15:00:00,0.69,0.01,0.26,0.59,34.7,42.0,20.0,996.6,26.3,5.78587149150698,0.40458754771592836
2018-08-22 16:00:00,0.58,0.01,0.16,0.51,34.3,43.0,19.8,996.4,20.5,5.4091846272187825,1.4493866525741155
2018-08-22 17:00:00,0.9,0.01,0.1,0.97,33.8,42.0,19.0,996.4,18.7,11.1506356728845,3.197393327477187
2018-08-22 18:00:00,0.81,0.0,0.02,0.81,32.1,46.0,19.0,997.3,28.1,13.977245501931796,6.223070639059742
2018-08-22 19:00:00,0.71,0.0,0.01,0.71,30.8,50.0,19.0,998.3,27.7,12.887067948334163,5.470235798849833
2018-08-22 20:00:00,0.88,0.0,0.01,0.88,29.9,53.0,19.1,999.2,25.6,12.613844441587954,3.144984642795681
2018-08-22 21:00:00,0.88,0.0,0.01,0.88,29.0,56.0,19.2,1000.1,23.4,10.431998923921938,2.795245687107223
2018-08-22 22:00:00,0.97,0.0,0.09,0.97,28.1,59.0,19.5,1001.1,19.1,6.811735915548058,2.8914103508206264
2018-08-22 23:00:00,0.82,0.01,0.19,0.78,27.3,64.0,20.0,1001.1,13.0,4.312631754255381,3.2498011250210608
2018-08-23 00:00:00,0.7,0.01,0.26,0.62,27.0,67.0,20.4,1000.7,9.7,3.2118269105225195,3.5670951622914924
2018-08-23 01:00:00,0.7,0.0,0.35,0.59,26.5,69.0,20.5,1000.3,8.3,3.2360929164157652,1.7937955949114464
2018-08-23 02:00:00,0.65,0.02,0.32,0.57,25.9,79.0,22.0,999.9,10.1,2.8678964048465336,2.4930243101639276
2018-08-23 03:00:00,0.89,0.08,0.25,0.87,25.8,77.0,21.4,999.5,4.3,3.2335921554035223,-1.0506577808748205
2018-08-23 04:00:00,0.94,0.14,0.2,0.94,25.8,76.0,21.4,999.7,5.4,2.138415658052083,1.0895771993749126
2018-08-23 05:00:00,0.77,0.04,0.2,0.22,25.5,79.0,21.5,999.6,4.3,6.49109197590473,-0.3401837155791356
2018-08-23 06:00:00,0.41,0.0,0.14,0.38,26.4,74.0,21.4,999.8,7.9,3.281922254715302,0.3449439287832561
2018-08-23 07:00:00,0.33,0.0,0.03,0.32,28.0,66.0,21.0,1000.6,9.0,2.172914349309303,0.3441558230885083
2018-08-23 08:00:00,0.8,0.0,0.02,0.8,30.2,55.0,20.2,1001.3,13.7,3.632020578756357,0.7059932828932151
2018-08-23 09:00:00,0.81,0.0,0.01,0.8,32.0,49.0,20.0,1001.2,16.6,3.2,5.878304635907295e-16
2018-08-23 10:00:00,0.73,0.01,0.02,0.73,33.9,45.0,20.2,1000.9,15.8,1.0461621679246689,0.33991869381244233
2018-08-23 11:00:00,0.55,0.07,0.09,0.54,35.2,41.0,19.8,1000.2,18.0,2.5114736709748717,-1.4500000000000002
2018-08-23 12:00:00,0.58,0.1,0.22,0.53,36.0,39.0,19.8,999.3,24.5,6.887939181478538,-3.2118987892293167
2018-08-23 13:00:00,0.64,0.05,0.15,0.6,35.7,39.0,19.5,997.8,25.9,7.608452130361229,-2.472135954999578
2018-08-23 14:00:00,0.64,0.06,0.2,0.61,36.0,39.0,19.9,996.8,25.6,7.6000865053248345,-1.7546182238821464
2018-08-23 15:00:00,1.0,0.08,1.0,0.21,35.5,40.0,19.8,996.7,24.5,9.676371287520293,0.676637795318018
2018-08-23 16:00:00,0.57,0.1,0.17,0.5,31.9,53.0,21.0,997.2,24.5,0.7117525274902334,-1.7616493236768958
2018-08-23 17:00:00,0.35,0.02,0.31,0.57,33.9,43.0,19.6,996.8,14.0,10.426010937070334,5.085105302753302
2018-08-23 18:00:00,0.92,0.05,0.14,0.92,32.3,48.0,19.8,997.4,22.7,5.7287862245249865,6.143371093601033
2018-08-23 19:00:00,0.69,0.01,0.08,0.68,31.0,52.0,20.0,998.1,15.1,4.34231069824388,5.362307134053099
2018-08-23 20:00:00,0.17,0.0,0.13,0.09,29.4,62.0,21.4,999.2,12.2,5.766727053863696,3.603450996785794
2018-08-23 21:00:00,0.24,0.0,0.18,0.11,28.8,63.0,21.1,1000.0,7.9,6.847033205136639,1.4553818357243185
2018-08-23 22:00:00,0.29,0.0,0.25,0.08,28.1,63.0,20.5,1000.5,8.3,5.78819864428265,2.2218812871808646
2018-08-23 23:00:00,0.35,0.0,0.28,0.12,27.6,65.0,20.4,1000.5,7.6,3.606244584051392,3.606244584051393
2018-08-24 00:00:00,0.39,0.0,0.3,0.16,27.4,64.0,20.0,1000.0,6.8,1.8017254983928963,2.8833635269318485
2018-08-24 01:00:00,0.73,0.03,0.35,0.64,27.0,65.0,19.9,999.5,6.8,3.2308440897875603,2.524212048835198
2018-08-24 02:00:00,0.69,0.04,0.47,0.47,26.6,67.0,20.0,999.3,10.1,5.8,1.0654427152581972e-15
2018-08-24 03:00:00,0.83,0.02,0.35,0.77,25.5,75.0,20.6,999.7,10.4,2.180852323535912,3.233246532964663
2018-08-24 04:00:00,0.89,0.03,0.11,0.88,24.4,84.0,21.5,999.7,12.6,3.6324027044213834,4.64926344627966
2018-08-24 05:00:00,0.95,0.02,0.3,0.95,26.0,71.0,20.4,999.0,10.8,3.5748714227020644,2.894873798829254
2018-08-24 06:00:00,0.89,0.08,0.23,0.86,26.5,67.0,20.0,999.3,13.3,2.4721359549995783,7.608452130361229
2018-08-24 07:00:00,0.91,0.11,0.15,0.9,27.5,63.0,20.0,999.9,16.2,3.239353783222647,6.092338390726596
2018-08-24 08:00:00,0.96,0.06,0.12,0.95,29.7,55.0,19.6,1001.0,16.9,2.5624408513775414,5.755336383148386
2018-08-24 09:00:00,0.98,0.04,0.17,0.98,31.4,47.0,18.9,1001.1,19.8,3.6324027044213834,4.64926344627966
2018-08-24 10:00:00,0.99,0.01,0.25,0.98,32.7,43.0,18.5,1001.0,18.7,2.179154398749824,4.276831316104166
2018-08-24 11:00:00,0.99,0.0,0.13,0.99,33.9,41.0,18.6,1000.5,19.1,4.3149868395531055,4.023790324368742
2018-08-24 12:00:00,0.99,0.01,0.14,0.99,34.7,39.0,18.6,999.4,20.9,5.7378285357782115,1.7542302283364226
2018-08-24 13:00:00,0.98,0.02,0.28,0.98,35.2,37.0,18.5,998.0,24.1,9.394273773979501,-0.32805526900351206
2018-08-24 14:00:00,0.97,0.03,0.37,0.97,35.1,38.0,18.5,997.4,24.8,9.743700647852352,-2.249510543438649
2018-08-24 15:00:00,0.96,0.0,0.46,0.95,34.2,40.0,18.6,997.0,24.8,10.840288659514181,-1.1393602496174176
2018-08-24 16:00:00,0.96,0.01,0.27,0.96,33.8,41.0,18.9,997.1,24.1,3.9641832724372423,2.880147736233119
2018-08-24 17:00:00,0.98,0.07,0.39,0.84,33.8,41.0,18.8,996.8,14.0,-2.4930243101639276,2.8678964048465336
2018-08-24 18:00:00,0.84,0.12,0.25,0.8,31.3,51.0,19.8,997.5,14.0,-6.855693556378481,5.356254835333226
2018-08-24 19:00:00,0.83,0.01,0.21,0.8,30.0,57.0,20.7,998.7,23.4,-10.777488443215542,7.269507745119707
2018-08-24 20:00:00,0.74,0.0,0.17,0.7,29.4,60.0,20.7,999.6,23.0,-4.996174644486023,6.876644452187052
2018-08-24 21:00:00,0.7,0.0,0.14,0.67,28.4,70.0,22.4,1000.1,14.8,-2.1631599146222285,3.6001026629488715
2018-08-24 22:00:00,0.87,0.0,0.13,0.85,28.0,70.0,22.0,1000.7,4.7,-0.3628828433995016,-1.4554435894139948
2018-08-24 23:00:00,0.86,0.0,0.09,0.85,27.4,70.0,21.5,1000.2,3.6,1.0895771993749126,-2.138415658052083
2018-08-25 00:00:00,0.92,0.0,0.05,0.91,26.9,73.0,21.6,999.7,8.3,3.211826910522519,-3.567095162291493
2018-08-25 01:00:00,0.9,0.0,0.03,0.9,26.5,75.0,21.5,999.0,8.3,3.604268994871564,-2.523736319944603
2018-08-25 02:00:00,0.88,0.0,0.02,0.88,26.0,75.0,21.4,998.3,7.9,3.984778792366982,-0.34862297099063155
2018-08-25 03:00:00,0.94,0.0,0.02,0.94,25.8,75.0,21.0,997.9,7.2,3.9392310120488325,-0.6945927106677199
2018-08-25 04:00:00,0.93,0.0,0.03,0.93,25.4,78.0,21.2,998.1,6.8,3.6320205787563564,-0.705993282893217
2018-08-25 05:00:00,0.93,0.02,0.08,0.97,25.4,81.0,21.8,998.2,5.0,3.632020578756357,0.7059932828932151
2018-08-25 06:00:00,0.92,0.03,0.1,0.92,25.9,76.0,21.3,998.4,5.4,0.7166571251241974,2.499280409439629
2018-08-25 07:00:00,0.9,0.04,0.11,0.89,27.5,68.0,21.1,999.1,9.4,1.414213562373095,1.4142135623730954
2018-08-25 08:00:00,0.55,0.08,0.09,0.52,29.9,58.0,20.7,999.8,13.7,1.4527695991665495,2.8512208774027776
2018-08-25 09:00:00,0.85,0.08,0.02,0.84,32.0,49.0,19.9,999.7,16.6,1.0506577808748208,3.2335921554035223
2018-08-25 10:00:00,0.72,0.09,0.05,0.71,33.8,43.0,19.3,999.6,16.6,-0.716657125124198,2.499280409439629
2018-08-25 11:00:00,0.85,0.01,0.19,0.83,35.0,39.0,19.1,999.1,19.1,-2.1449244407331385,1.7998053071223101
2018-08-25 12:00:00,0.73,0.01,0.24,0.67,35.6,38.0,18.9,998.2,18.0,-1.7998053071223103,2.144924440733138
2018-08-25 13:00:00,0.8,0.04,0.33,0.73,36.0,38.0,19.2,997.4,18.0,-1.7145055188062944e-16,1.4
2018-08-25 14:00:00,0.9,0.0,0.31,0.86,35.2,38.0,18.7,996.9,17.6,4.998560818879259,1.4333142502483942
2018-08-25 15:00:00,0.96,0.09,0.79,0.93,35.5,37.0,18.5,996.6,20.2,6.143371093601031,5.728786224524988
2018-08-25 16:00:00,1.0,0.21,0.67,1.0,32.4,47.0,19.6,997.4,27.7,6.069785404556236,6.509047944410618
2018-08-25 17:00:00,0.98,0.07,0.35,0.72,33.3,44.0,19.4,996.5,20.2,5.760295472466236,7.9283665448744856
2018-08-25 18:00:00,0.88,0.04,0.15,0.86,32.5,47.0,19.7,997.3,18.7,3.239353783222647,6.092338390726596
2018-08-25 19:00:00,0.93,0.05,0.07,0.92,31.2,52.0,20.2,998.3,14.8,2.5648410533120627,7.893769085249776
2018-08-25 20:00:00,0.95,0.0,0.09,0.95,30.2,55.0,20.3,998.9,15.5,4.641301098807197,6.881011852206848
2018-08-25 21:00:00,0.9,0.0,0.14,0.89,29.5,57.0,20.0,999.8,15.1,6.466493065929326,4.361704647071823
2018-08-25 22:00:00,0.94,0.0,0.16,0.93,29.0,58.0,19.8,999.9,14.0,6.859756131737131,2.49674704627738
2018-08-25 23:00:00,0.97,0.0,0.13,0.96,28.3,60.0,19.9,999.7,13.0,6.119413440140796,2.472403516545021
2018-08-26 00:00:00,0.95,0.0,0.12,0.95,27.6,63.0,20.0,998.9,11.5,5.032023407672545,3.267834210090162
2018-08-26 01:00:00,0.97,0.0,0.14,0.97,27.1,66.0,20.1,998.4,10.1,2.4905416147351476,2.1649947956686737
2018-08-26 02:00:00,0.98,0.0,0.19,0.97,26.5,68.0,20.1,997.8,5.4,1.4500000000000002,2.5114736709748717
2018-08-26 03:00:00,0.96,0.02,0.03,0.96,26.2,69.0,20.0,997.4,8.3,2.179154398749824,4.276831316104166
2018-08-26 04:00:00,0.99,0.05,0.01,0.99,25.8,70.0,20.0,997.7,8.6,2.1976149610516362,4.71280049259058
2018-08-26 05:00:00,1.0,0.0,0.0,0.99,25.9,70.0,20.1,997.6,8.6,2.1631599146222276,3.600102662948872
2018-08-26 06:00:00,0.99,0.0,0.0,0.99,26.5,68.0,20.0,998.1,10.4,3.606244584051392,3.606244584051393
2018-08-26 07:00:00,1.0,0.0,0.0,1.0,27.6,63.0,19.9,998.8,12.2,4.3748599749577055,1.4214781741247586
2018-08-26 08:00:00,1.0,0.0,0.0,1.0,29.4,55.0,19.5,999.4,13.3,3.233592155403522,1.0506577808748216
2018-08-26 09:00:00,0.99,0.0,0.0,0.99,31.4,45.0,18.1,999.5,13.7,-0.3479327524001633,2.475670171853926
2018-08-26 10:00:00,1.0,0.0,0.0,1.0,33.3,41.0,18.2,999.2,17.6,-2.1665340833473734,2.8750878361702545
2018-08-26 11:00:00,0.99,0.0,0.03,0.99,34.8,38.0,18.5,998.4,18.0,0.7107390870623786,2.187429987478853
2018-08-26 12:00:00,0.96,0.04,0.12,0.95,36.2,35.0,18.2,997.3,23.0,6.0916401620029,-0.3192493330819581
2018-08-26 13:00:00,0.96,0.01,0.29,0.95,36.7,34.0,18.1,996.3,26.6,9.70462707366739,-1.3638963894086416
2018-08-26 14:00:00,0.96,0.04,0.43,0.95,36.2,35.0,18.4,995.6,27.0,10.797899017924303,2.098898949141991
2018-08-26 15:00:00,0.97,0.01,0.25,0.97,35.4,37.0,18.7,994.9,27.7,9.353074360871934,5.400000000000005
2018-08-26 16:00:00,0.96,0.03,0.27,0.95,34.4,40.0,19.0,994.9,31.0,14.420567482839964,-1.5156627173809682
2018-08-26 17:00:00,0.95,0.0,0.26,0.96,32.9,45.0,19.2,995.4,31.0,7.571079705497266,-0.6623836448821999
2018-08-26 18:00:00,0.91,0.0,0.09,0.91,32.5,46.0,19.3,995.8,16.2,5.385980316439454,2.8637765329939335
2018-08-26 19:00:00,0.85,0.0,0.01,0.85,31.1,49.0,19.1,996.8,18.0,7.8801075360672215,6.156614753256581
2018-08-26 20:00:00,0.94,0.0,0.01,0.94,29.9,53.0,19.1,997.8,18.0,6.415246974156248,3.2687315981247385
2018-08-26 21:00:00,0.92,0.0,0.02,0.92,29.1,55.0,19.0,998.8,13.0,6.16289295184922,2.873804179836754
2018-08-26 22:00:00,0.95,0.0,0.02,0.95,28.5,56.0,19.0,999.5,14.4,7.612985411107861,3.549993398621873
2018-08-26 23:00:00,0.9,0.03,0.05,0.9,27.8,61.0,19.5,999.4,15.1,7.612985411107861,3.549993398621873
2018-08-27 00:00:00,0.95,0.05,0.08,0.94,27.2,64.0,19.9,998.8,14.4,3.9641832724372423,2.880147736233119
2018-08-27 01:00:00,0.92,0.05,0.08,0.92,27.0,66.0,20.0,998.1,9.7,4.3109953772862175,2.907803098047882
2018-08-27 02:00:00,0.83,0.06,0.05,0.82,26.6,68.0,20.1,997.7,9.4,3.6133052743378347,4.012982057577929
2018-08-27 03:00:00,0.86,0.08,0.04,0.86,26.1,70.0,20.3,997.6,10.1,4.669166652447252,3.2693856872009643
2018-08-27 04:00:00,0.19,0.08,0.01,0.16,25.9,72.0,20.4,998.1,11.2,5.702441754805554,2.9055391983331007
2018-08-27 05:00:00,0.56,0.0,0.01,0.82,25.9,72.0,20.5,997.9,12.6,8.95274548489749,3.986019102142841
2018-08-27 06:00:00,0.95,0.0,0.0,0.95,26.4,71.0,20.6,998.0,18.7,8.652886410017485,4.600821315301729
2018-08-27 07:00:00,0.95,0.0,0.01,0.95,28.5,62.0,20.5,998.6,22.7,9.708278749247295,5.381386784734339
2018-08-27 08:00:00,0.87,0.0,0.0,0.87,30.9,52.0,20.0,999.3,25.6,10.081199072728626,3.2755801403744442
2018-08-27 09:00:00,0.88,0.0,0.02,0.88,33.1,44.0,19.3,999.7,25.2,6.8476069173251055,2.2249223594996224
2018-08-27 10:00:00,0.94,0.01,0.02,0.94,34.6,40.0,19.1,999.7,30.2,8.994517443171862,0.31409547032250684
2018-08-27 11:00:00,0.97,0.01,0.02,0.97,35.2,39.0,19.1,999.1,31.3,10.393664600998596,-0.3629547657060133
2018-08-27 12:00:00,0.98,0.13,0.12,0.98,36.5,36.0,19.1,998.4,30.6,9.371786608437748,-2.86524270628282
2018-08-27 13:00:00,0.99,0.09,0.36,0.99,33.6,50.0,21.6,997.5,40.0,17.59108903567124,5.04416361145108
2018-08-27 14:00:00,0.99,0.0,0.36,0.98,33.7,44.0,19.5,996.9,40.0,9.328529057720688,-5.8291119065652515
2018-08-27 15:00:00,0.97,0.0,0.12,0.97,34.4,40.0,18.8,996.0,33.5,9.030970087718506,-1.7554427574642149
2018-08-27 16:00:00,0.95,0.02,0.39,0.94,33.7,42.0,19.0,996.4,27.4,12.267257993871167,-3.2870018728020076
2018-08-27 17:00:00,0.95,0.0,0.13,0.82,32.8,41.0,17.8,996.4,27.4,12.279324052395472,1.7257464519048162
2018-08-27 18:00:00,0.95,0.0,0.08,0.95,31.2,45.0,18.0,996.9,24.8,8.314522816810486,4.995869326627527
2018-08-27 19:00:00,0.95,0.0,0.09,0.95,30.4,49.0,18.3,997.8,21.6,10.51387698542274,5.357087896926655
2018-08-27 20:00:00,0.98,0.0,0.01,0.98,29.6,52.0,18.6,998.7,20.9,8.668118289673943,6.772276228582239
2018-08-27 21:00:00,0.96,0.0,0.05,0.96,29.1,55.0,19.0,999.5,20.2,8.274112912870581,6.46444549091941
2018-08-27 22:00:00,0.97,0.0,0.08,0.97,28.6,55.0,18.8,999.7,18.7,7.587037345449282,5.717242719944458
2018-08-27 23:00:00,0.98,0.0,0.12,0.98,28.0,57.0,18.8,999.5,16.9,5.750880114781583,4.656970893768801
2018-08-28 00:00:00,0.97,0.0,0.11,0.97,27.4,61.0,19.1,999.1,13.0,4.3299895913373465,4.981083229470296
2018-08-28 01:00:00,0.93,0.0,0.11,0.93,26.7,66.0,19.8,998.6,14.8,5.3562548353332256,6.855693556378481
2018-08-28 02:00:00,0.92,0.0,0.04,0.92,26.1,70.0,20.1,998.0,15.5,5.7208097262102,6.817795543758905
2018-08-28 03:00:00,0.91,0.0,0.01,0.91,25.9,71.0,20.3,997.6,15.8,5.379684037722157,6.1886185578267305
2018-08-28 04:00:00,0.91,0.0,0.01,0.9,25.6,73.0,20.4,997.8,14.8,4.333068166694749,5.750175672340508
2018-08-28 05:00:00,0.94,0.0,0.03,0.92,25.6,72.0,20.2,998.2,13.3,3.9402334420842124,5.043268823083022
2018-08-28 06:00:00,0.9,0.0,0.11,0.89,25.8,72.0,20.4,998.5,12.2,2.863776532993934,5.385980316439453
2018-08-28 07:00:00,0.9,0.0,0.18,0.89,27.5,65.0,20.4,999.2,16.2,5.362307134053097,4.342310698243882
2018-08-28 08:00:00,0.99,0.0,0.69,0.98,30.2,53.0,19.7,1000.0,22.3,8.635631963856369,2.1531048708370433
2018-08-28 09:00:00,0.98,0.0,0.75,0.96,30.8,51.0,19.4,1000.4,22.7,7.889173324561134,0.41345405431926
2018-08-28 10:00:00,0.99,0.0,0.77,0.98,31.6,48.0,19.2,1000.4,21.6,5.791600382341218,1.1257730727216133
2018-08-28 11:00:00,0.98,0.0,0.07,0.97,33.5,43.0,19.1,999.8,20.2,5.72474478502838,-1.427339184038038
2018-08-28 12:00:00,1.0,0.01,0.09,1.0,35.5,38.0,19.1,999.0,34.6,8.272385125302549,-1.4586446924022118
2018-08-28 13:00:00,0.99,0.0,0.16,0.99,36.3,37.0,19.1,997.9,27.7,7.160557646651569,-0.7526049355271015
2018-08-28 14:00:00,1.0,0.02,0.26,1.0,36.1,37.0,19.0,996.8,26.6,8.993683389297836,3.633683956134349
2018-08-28 15:00:00,1.0,0.09,0.77,1.0,35.5,37.0,18.6,996.2,27.4,11.13864522812466,-1.1707187885977133
2018-08-28 16:00:00,1.0,0.12,0.31,1.0,34.5,39.0,18.4,996.4,25.9,-0.3747696938149301,-4.283637201794505
2018-08-28 17:00:00,0.98,0.07,0.28,0.89,32.3,47.0,19.7,997.0,18.0,-0.7515347451843528,5.34744757120448
2018-08-28 18:00:00,0.69,0.0,0.15,0.66,31.5,49.0,19.5,997.5,14.4,7.128052193506942,3.6319239979163758
2018-08-28 19:00:00,0.69,0.0,0.18,0.66,30.6,52.0,19.5,998.3,18.7,10.075396907624224,0.7045403848156684
2018-08-28 20:00:00,0.85,0.0,0.35,0.8,29.7,55.0,19.6,999.2,18.0,7.200205325897742,4.326319829244457
2018-08-28 21:00:00,0.85,0.01,0.37,0.8,28.4,62.0,20.5,1000.2,19.1,6.079910225321089,8.683011669463312
2018-08-28 22:00:00,0.85,0.03,0.4,0.8,27.5,68.0,21.0,1000.8,19.1,5.405176495178688,8.650090580795545
2018-08-28 23:00:00,0.97,0.01,0.75,0.91,27.0,69.0,20.9,1001.0,18.0,4.683895701129233,7.212566884330647
2018-08-29 00:00:00,0.95,0.01,0.74,0.9,26.8,69.0,20.6,1000.3,15.1,5.379684037722157,6.1886185578267305
2018-08-29 01:00:00,0.67,0.04,0.59,0.5,26.5,70.0,20.6,999.7,13.7,5.046787864462488,5.412017391981863
2018-08-29 02:00:00,0.92,0.01,0.18,0.91,26.1,71.0,20.5,999.2,13.0,4.680663690362691,4.364789504399991
2018-08-29 03:00:00,0.79,0.0,0.22,0.77,25.9,72.0,20.4,998.7,10.8,3.6133052743378347,4.012982057577929
2018-08-29 04:00:00,0.88,0.0,0.2,0.86,25.6,73.0,20.4,999.1,8.6,1.0506577808748208,3.2335921554035223
2018-08-29 05:00:00,0.23,0.0,0.59,0.58,25.9,73.0,20.5,999.2,5.4,-1.4527695991665501,2.851220877402777
2018-08-29 06:00:00,0.81,0.0,0.37,0.73,26.1,72.0,20.6,999.7,9.7,-2.4999999999999996,4.330127018922194
2018-08-29 07:00:00,0.98,0.0,0.35,0.97,27.5,66.0,20.6,1000.7,15.5,-3.2447398719333425,5.400153994423307
2018-08-29 08:00:00,0.86,0.0,0.55,0.8,29.8,56.0,20.0,1001.4,19.1,-2.5624408513775427,5.755336383148385
2018-08-29 09:00:00,0.85,0.0,0.17,0.83,31.9,49.0,19.7,1001.5,23.8,-1.3766232923540327,8.691657397237211
2018-08-29 10:00:00,0.84,0.0,0.0,0.83,34.0,42.0,19.2,1001.2,27.7,-1.1879073951729326e-15,9.7
2018-08-29 11:00:00,0.97,0.07,0.03,0.97,35.5,38.0,19.0,1000.5,27.7,3.9905082836800725,7.505054539300878
2018-08-29 12:00:00,0.99,0.14,0.12,0.99,36.3,37.0,19.3,999.4,27.4,7.928366544874485,5.760295472466238
2018-08-29 13:00:00,0.97,0.0,0.18,0.96,35.8,38.0,19.2,998.3,27.4,7.562001454627332,2.9027803913169357
2018-08-29 14:00:00,0.9,0.01,0.43,0.85,36.7,35.0,18.9,997.4,25.9,10.093847352892867,-0.35248491669526294
2018-08-29 15:00:00,0.88,0.1,0.56,0.79,34.8,39.0,18.9,997.1,28.8,5.000000000000001,8.660254037844386
2018-08-29 16:00:00,0.84,0.06,0.4,0.78,33.4,47.0,20.7,997.0,27.7,-5.3623071340531006,4.342310698243877
2018-08-29 17:00:00,0.85,0.0,0.34,0.86,30.8,54.0,20.4,997.9,26.6,-6.143371093601033,5.7287862245249865
2018-08-29 18:00:00,0.95,0.09,0.27,0.93,31.0,55.0,20.9,998.1,18.4,-4.326319829244457,7.200205325897743
2018-08-29 19:00:00,0.76,0.04,0.23,0.72,30.8,57.0,21.2,999.2,14.8,-1.764079077228795,6.1520748540052415
2018-08-29 20:00:00,0.29,0.0,0.24,0.16,30.4,52.0,19.4,999.9,15.8,6.410784584587485,6.874724795220204
2018-08-29 21:00:00,0.34,0.0,0.21,0.21,29.4,54.0,19.0,1000.7,22.0,10.06404681534509,6.535668420180324
2018-08-29 22:00:00,0.15,0.0,0.14,0.01,28.8,56.0,19.1,1000.9,21.6,8.652745622452938,3.672872607799174
2018-08-29 23:00:00,0.07,0.0,0.05,0.03,28.2,58.0,19.2,1000.4,16.6,6.8476069173251055,2.2249223594996224
2018-08-30 00:00:00,0.05,0.0,0.03,0.02,27.5,61.0,19.4,1000.0,12.6,5.385980316439454,2.8637765329939335
2018-08-30 01:00:00,0.26,0.0,0.01,0.26,26.9,64.0,19.6,999.3,10.8,4.649263446279661,3.632402704421383
2018-08-30 02:00:00,0.2,0.0,0.03,0.19,26.4,67.0,19.8,998.8,10.4,3.195522749552796,2.87726160734309
2018-08-30 03:00:00,0.47,0.0,0.11,0.42,25.9,70.0,20.0,998.7,7.6,1.8159619989581868,3.5640260967534716
2018-08-30 04:00:00,0.49,0.0,0.22,0.38,25.6,72.0,20.2,999.2,6.1,2.907803098047883,4.3109953772862175
2018-08-30 05:00:00,0.23,0.0,0.21,0.07,25.5,71.0,19.8,999.0,6.5,2.1631599146222276,3.600102662948872
2018-08-30 06:00:00,0.22,0.0,0.22,0.01,26.2,68.0,20.0,999.5,8.6,1.4493866525741164,5.4091846272187825
2018-08-30 07:00:00,0.25,0.0,0.25,0.01,28.1,62.0,20.1,1000.0,15.8,3.1997434936258236,5.772490067120012
2018-08-30 08:00:00,0.29,0.0,0.19,0.14,30.7,50.0,19.2,1000.6,20.5,4.656970893768799,5.750880114781584
2018-08-30 09:00:00,0.76,0.0,0.12,0.73,32.8,43.0,18.5,1000.5,20.9,2.863776532993934,5.385980316439453
2018-08-30 10:00:00,0.84,0.0,0.12,0.82,34.9,37.0,18.2,1000.0,21.2,2.5000000000000004,4.330127018922193
2018-08-30 11:00:00,0.59,0.05,0.17,0.51,36.3,34.0,18.0,999.4,23.4,4.998560818879259,1.4333142502483942
2018-08-30 12:00:00,0.7,0.02,0.22,0.62,37.5,32.0,18.0,998.5,23.8,6.1385314081469815,-1.4171916423663489
2018-08-30 13:00:00,0.51,0.0,0.21,0.41,37.8,31.0,17.6,997.2,23.8,3.964183272437243,-2.8801477362331176
2018-08-30 14:00:00,0.82,0.0,0.8,0.46,37.2,31.0,17.5,996.4,22.3,4.738350289172498,7.8859391664594325
2018-08-30 15:00:00,0.89,0.0,0.86,0.34,34.3,42.0,19.7,996.1,44.6,0.3019266313650069,17.29736512620557
2018-08-30 16:00:00,0.65,0.02,0.61,0.31,32.3,49.0,20.4,996.7,36.4,3.5499933986218735,-7.612985411107861
2018-08-30 17:00:00,0.4,0.03,0.63,0.21,32.6,46.0,19.5,996.7,21.6,8.33590044550797,-8.63207760406381
2018-08-30 18:00:00,0.46,0.03,0.43,0.11,31.4,51.0,19.9,996.7,25.2,2.812054648812024,-8.654614298285896
2018-08-30 19:00:00,0.84,0.04,0.83,0.09,31.4,52.0,20.2,997.4,16.9,1.1109406435904323,-2.894099322141325
2018-08-30 20:00:00,0.9,0.0,0.89,0.22,31.0,53.0,20.3,998.4,5.4,2.875087836170254,2.166534083347374
2018-08-30 21:00:00,0.71,0.0,0.69,0.1,30.5,53.0,19.9,999.4,14.8,7.505054539300879,3.9905082836800716
2018-08-30 22:00:00,0.31,0.0,0.27,0.14,29.8,56.0,20.0,1000.0,16.2,8.320563465273988,2.864999759222979
2018-08-30 23:00:00,0.4,0.0,0.4,0.01,29.1,58.0,20.1,1000.3,15.8,8.320563465273988,2.864999759222979
2018-08-31 00:00:00,0.21,0.0,0.21,0.01,28.5,61.0,20.4,999.9,16.9,8.609923976848176,4.014873486536642
2018-08-31 01:00:00,0.52,0.01,0.45,0.15,28.0,64.0,20.5,999.4,16.9,7.200205325897742,4.326319829244457
2018-08-31 02:00:00,0.7,0.01,0.67,0.14,27.8,65.0,20.6,998.8,15.1,6.092338390726597,3.239353783222646
2018-08-31 03:00:00,0.3,0.0,0.17,0.21,27.6,65.0,20.5,998.4,11.9,4.330127018922192,2.500000000000002
2018-08-31 04:00:00,0.42,0.0,0.4,0.04,27.2,67.0,20.6,998.7,9.0,2.545584412271571,2.545584412271572
2018-08-31 05:00:00,0.51,0.0,1.0,0.07,26.9,68.0,20.5,999.2,4.3,-3.9188697572715305e-16,3.2
2018-08-31 06:00:00,1.0,0.0,1.0,0.12,27.6,64.0,20.3,999.5,9.4,-6.613092715395707e-16,5.4
2018-08-31 07:00:00,0.92,0.0,0.89,0.36,28.2,62.0,20.4,1000.0,13.3,1.846908773958611,5.074340152243906
2018-08-31 08:00:00,0.75,0.0,0.67,0.37,30.2,54.0,19.9,1000.8,15.8,2.181643291108516,3.9357886821272814
2018-08-31 09:00:00,0.38,0.0,0.01,0.38,32.0,47.0,19.4,1000.6,16.2,-0.35342109587492787,2.8783838397598336
2018-08-31 10:00:00,0.63,0.0,0.33,0.49,34.6,40.0,18.9,1000.0,21.2,-3.963444403430552,3.20953399435417
2018-08-31 11:00:00,0.92,0.02,0.28,0.9,36.0,36.0,18.8,999.3,33.5,1.437543918085127,1.083267041673687
2018-08-31 12:00:00,0.98,0.02,0.39,0.97,37.0,34.0,18.5,998.5,24.5,6.122295146001596,3.9758649556096968
2018-08-31 13:00:00,0.99,0.03,0.41,0.99,37.5,32.0,18.2,997.5,25.2,8.666893873398186,0.7582549619046267
2018-08-31 14:00:00,1.0,0.02,0.77,1.0,35.8,36.0,18.4,997.1,29.9,8.276054971367051,12.26975607381462
2018-08-31 15:00:00,0.99,0.04,0.26,0.99,32.6,48.0,20.3,997.6,40.7,11.510672766296771,5.124881702755081
2018-08-31 16:00:00,1.0,0.08,0.36,1.0,31.8,51.0,20.4,997.9,29.9,1.4214781741247593,-4.3748599749577055
2018-08-31 17:00:00,0.99,0.0,0.78,0.98,30.5,53.0,19.9,998.3,15.1,-3.600102662948872,2.163159914622228
2018-08-31 18:00:00,0.99,0.0,0.6,0.98,30.0,57.0,20.6,998.9,15.5,-7.185941174554808,2.4743179738743906
2018-08-31 19:00:00,1.0,0.0,0.92,0.99,30.0,59.0,21.2,999.8,15.8,-5.766727053863697,3.6034509967857926
2018-08-31 20:00:00,0.97,0.0,0.42,0.96,29.9,60.0,21.4,1000.5,12.6,1.460965714322057,3.616017032810471
2018-08-31 21:00:00,0.95,0.0,0.11,0.95,29.1,63.0,21.4,1001.1,7.9,4.276831316104166,2.179154398749825
2018-08-31 22:00:00,0.95,0.0,0.02,0.95,28.6,63.0,20.9,1001.4,16.6,9.02104915954472,3.283393375926418
2018-08-31 23:00:00,0.96,0.0,0.09,0.95,28.0,63.0,20.2,1001.6,18.0,8.3028386226597,5.3919264466487675
2018-09-01 00:00:00,0.97,0.0,0.13,0.97,27.3,66.0,20.5,1001.2,18.7,8.332875042061959,6.0541880986124745
2018-09-01 01:00:00,0.91,0.0,0.11,0.9,26.7,70.0,20.7,1000.4,18.7,7.928366544874485,5.760295472466238
2018-09-01 02:00:00,0.92,0.0,0.11,0.91,26.4,71.0,20.6,999.9,17.6,6.149493427364155,4.6339756782707715
2018-09-01 03:00:00,0.94,0.0,0.27,0.92,26.1,72.0,20.6,999.6,13.7,5.811263767715345,5.051654523226906
2018-09-01 04:00:00,0.89,0.0,0.23,0.87,25.9,72.0,20.5,999.5,14.0,5.750175672340508,4.333068166694748
2018-09-01 05:00:00,0.87,0.0,0.43,0.93,25.9,72.0,20.5,1000.1,12.6,4.680663690362691,4.364789504399991
2018-09-01 06:00:00,0.91,0.0,0.07,0.91,26.0,72.0,20.5,1000.8,11.9,2.9000000000000004,5.0229473419497435
2018-09-01 07:00:00,0.92,0.0,0.05,0.92,27.5,65.0,20.4,1001.5,14.0,3.2095339943541714,3.9634444034305507
2018-09-01 08:00:00,0.95,0.0,0.01,0.95,29.9,54.0,19.6,1002.1,16.6,1.8159619989581868,3.5640260967534716
2018-09-01 09:00:00,0.99,0.0,0.0,0.99,31.8,48.0,19.3,1001.9,16.9,1.4527695991665495,2.8512208774027776
2018-09-01 10:00:00,0.98,0.0,0.0,0.98,33.7,42.0,19.0,1001.6,18.0,2.875087836170254,2.166534083347374
2018-09-01 11:00:00,0.95,0.0,0.07,0.95,35.8,36.0,18.5,1000.8,26.6,3.96029588778518,1.0611580849203346
2018-09-01 12:00:00,0.94,0.04,0.2,0.94,37.2,32.0,17.9,999.8,21.6,4.345828698618606,0.6883116461770166
2018-09-01 13:00:00,1.0,0.03,1.0,0.97,37.8,31.0,17.7,998.7,20.9,3.215421213791276,0.7423384793347553
2018-09-01 14:00:00,0.99,0.03,0.98,0.95,38.0,30.0,17.6,997.5,19.4,2.851220877402777,1.4527695991665504
2018-09-01 15:00:00,0.98,0.04,0.45,0.98,33.8,45.0,20.2,998.2,28.1,1.5477406612453708,12.60533612584479
2018-09-01 16:00:00,0.98,0.0,0.13,0.98,33.7,42.0,19.0,998.2,27.7,3.935788682127282,2.1816432911085157
2018-09-01 17:00:00,0.98,0.01,0.2,0.97,33.8,41.0,18.5,998.4,15.5,1.4375439180851277,-1.0832670416736863
2018-09-01 18:00:00,0.98,0.06,0.16,0.98,32.8,44.0,19.0,998.7,12.2,-1.7998053071223103,2.144924440733138
2018-09-01 19:00:00,0.98,0.17,0.19,0.98,31.8,48.0,19.5,999.3,4.0,0.7107390870623786,2.187429987478853
2018-09-01 20:00:00,0.98,0.01,0.06,0.98,31.0,50.0,19.2,1000.4,13.0,6.466493065929326,4.361704647071823
2018-09-01 21:00:00,0.98,0.0,0.01,0.98,30.0,54.0,19.6,1001.0,19.8,8.980088637561915,6.524416300446453
2018-09-01 22:00:00,0.94,0.0,0.01,0.94,29.3,57.0,20.0,1001.3,20.2,10.060016436106816,4.691062705321761
2018-09-01 23:00:00,0.97,0.0,0.02,0.96,28.8,58.0,19.8,1001.1,19.8,10.797899017924303,2.098898949141991
2018-09-02 00:00:00,0.98,0.0,0.02,0.97,28.3,60.0,19.8,1000.6,19.8,10.797899017924303,2.098898949141991
2018-09-02 01:00:00,0.98,0.0,0.02,0.98,27.8,63.0,20.0,1000.0,19.8,9.360633898433237,3.2231247291258507
2018-09-02 02:00:00,0.97,0.0,0.01,0.97,27.2,66.0,20.5,999.6,17.6,8.268905225952334,4.033014550459515
2018-09-02 03:00:00,0.97,0.0,0.03,0.97,26.5,71.0,20.8,999.4,16.9,7.128052193506942,3.6319239979163758
2018-09-02 04:00:00,0.98,0.0,0.04,0.98,26.1,73.0,20.9,999.6,14.4,6.148780366869512,3.550000000000003
2018-09-02 05:00:00,0.98,0.0,0.0,0.96,26.1,72.0,20.6,999.8,12.6,4.312631754255381,3.2498011250210608
2018-09-02 06:00:00,0.96,0.0,0.0,0.96,26.4,70.0,20.5,1000.5,10.8,2.880147736233118,3.9641832724372428
2018-09-02 07:00:00,0.99,0.0,0.0,0.99,28.0,63.0,20.3,1001.3,11.9,1.4527695991665495,2.8512208774027776
2018-09-02 08:00:00,0.97,0.0,0.0,0.97,30.5,51.0,19.2,1002.2,14.8,-2.8833635269318485,1.8017254983928963
2018-09-02 09:00:00,0.96,0.01,0.02,0.96,32.6,44.0,18.9,1002.4,20.5,-5.377666356487367,2.17271824181229
2018-09-02 10:00:00,0.99,0.01,0.11,0.99,34.6,39.0,18.5,1001.9,23.0,-4.3109953772862175,2.907803098047883
2018-09-02 11:00:00,0.99,0.0,0.07,0.99,36.1,35.0,18.0,1001.1,22.3,-3.5670951622914924,3.2118269105225195
2018-09-02 12:00:00,0.96,0.0,0.26,0.96,37.6,31.0,17.6,999.7,23.0,-3.269385687200962,4.669166652447254
2018-09-02 13:00:00,0.85,0.01,0.47,0.81,38.2,29.0,17.1,998.6,23.0,-3.6324027044213847,4.64926344627966
2018-09-02 14:00:00,1.0,0.0,1.0,0.59,38.4,28.0,16.6,997.5,22.7,-0.7097828148963331,5.050367150582009
2018-09-02 15:00:00,0.96,0.02,0.66,0.94,34.6,37.0,17.7,997.5,34.9,0.9420472123729842,17.975331625582328
2018-09-02 16:00:00,0.82,0.0,0.33,0.76,33.3,44.0,19.5,997.7,38.9,6.877117867544074,7.121464023352646
2018-09-02 17:00:00,0.77,0.0,0.51,0.52,32.8,43.0,18.7,998.4,26.3,-6.901510203794729,11.486041829408304
2018-09-02 18:00:00,0.75,0.01,0.25,0.69,31.6,49.0,19.6,998.6,31.0,-11.525840533340727,11.525840533340725
2018-09-02 19:00:00,1.0,0.05,0.17,0.99,30.6,54.0,20.3,999.6,30.2,-9.7525531057989,6.094071538681855
2018-09-02 20:00:00,1.0,0.0,0.14,0.99,30.0,57.0,20.6,1000.5,20.5,-5.412017391981863,5.046787864462488
2018-09-02 21:00:00,0.99,0.0,0.12,0.99,29.5,61.0,21.0,1001.1,13.7,-4.658019105832602,5.358438019581681
2018-09-02 22:00:00,0.98,0.0,0.08,0.98,28.6,65.0,21.5,1001.3,12.2,-2.475670171853926,0.3479327524001634
2018-09-02 23:00:00,0.98,0.0,0.07,0.98,28.5,65.0,21.4,1001.4,3.6,5.388445916248355e-16,-2.2
2018-09-03 00:00:00,0.91,0.0,0.09,0.91,28.0,68.0,21.5,1000.8,5.0,2.8512208774027776,-1.4527695991665492
2018-09-03 01:00:00,0.97,0.0,0.1,0.97,27.7,68.0,21.2,1000.2,11.2,6.8,1.2491397351303002e-15
2018-09-03 02:00:00,0.94,0.0,0.09,0.93,27.4,66.0,20.4,999.8,13.7,7.571079705497266,0.6623836448822027
2018-09-03 03:00:00,0.95,0.0,0.08,0.94,26.8,68.0,20.5,999.6,13.7,6.81504955010645,1.0793978087775942
2018-09-03 04:00:00,0.95,0.0,0.07,0.94,26.4,70.0,20.6,999.8,12.2,6.10580806867569,1.0766187015349682
2018-09-03 05:00:00,0.96,0.0,0.05,0.96,26.1,73.0,20.9,1000.2,10.8,3.928245467863184,1.7489675652259404
2018-09-03 06:00:00,0.97,0.0,0.05,0.97,26.5,71.0,20.8,1000.7,9.7,3.935788682127282,2.1816432911085157
2018-09-03 07:00:00,0.97,0.0,0.05,0.96,28.1,63.0,20.4,1001.6,12.6,3.6160170328104706,1.460965714322058
2018-09-03 08:00:00,0.96,0.0,0.05,0.96,30.3,54.0,19.9,1002.3,13.3,0.36319239979163737,0.7128052193506944
2018-09-03 09:00:00,0.96,0.01,0.06,0.96,32.2,47.0,19.4,1002.5,14.0,-1.4,-8.572527594031472e-17
2018-09-03 10:00:00,0.97,0.0,0.17,0.97,34.2,40.0,18.8,1002.1,18.0,-1.4554435894139948,0.36288284339950166
2018-09-03 11:00:00,0.79,0.01,0.18,0.77,35.6,35.0,17.7,1001.0,18.0,-1.4142135623730951,1.414213562373095
2018-09-03 12:00:00,0.56,0.0,0.16,0.49,36.9,32.0,17.3,999.7,19.8,-1.4235782507653014,3.197409101749103
2018-09-03 13:00:00,0.97,0.0,0.34,0.97,37.8,30.0,17.0,998.4,20.9,-1.4364846019678092,3.9467090073008153
2018-09-03 14:00:00,0.7,0.0,0.21,0.64,38.3,28.0,16.6,997.1,23.4,2.2249223594996206,6.847606917325106
2018-09-03 15:00:00,0.77,0.0,0.51,0.59,36.5,32.0,17.0,996.9,25.2,2.8649997592229797,8.320563465273988
2018-09-03 16:00:00,0.79,0.0,0.54,0.69,33.4,46.0,20.1,997.5,35.3,-11.910524793187681,13.227977893497615
2018-09-03 17:00:00,0.92,0.0,0.39,0.99,31.4,54.0,20.9,998.2,41.4,-10.773002762377622,11.964631690186044
2018-09-03 18:00:00,0.96,0.0,0.16,0.96,31.0,54.0,20.7,998.9,32.8,-7.226772275765962,15.497863158326716
2018-09-03 19:00:00,0.97,0.0,0.19,0.97,30.5,52.0,19.6,999.9,32.4,-6.941942361454985,11.10943005964918
2018-09-03 20:00:00,0.95,0.04,0.15,0.95,30.2,53.0,19.5,1000.7,25.2,-6.535668420180327,10.064046815345087
2018-09-03 21:00:00,0.91,0.0,0.1,0.91,29.4,59.0,20.5,1001.3,24.1,-3.52815815445759,12.304149708010483
2018-09-03 22:00:00,0.69,0.0,0.14,0.65,28.5,66.0,21.5,1001.7,23.4,-1.0243789400230068,9.746314574609078
2018-09-03 23:00:00,0.37,0.0,0.17,0.26,28.3,67.0,21.5,1001.7,17.6,2.5648410533120627,7.893769085249776
2018-09-04 00:00:00,0.57,0.0,0.22,0.47,28.1,66.0,21.1,1000.9,15.1,6.18861855782673,5.379684037722159
2018-09-04 01:00:00,0.95,0.0,0.2,0.95,27.9,65.0,20.7,1000.5,14.8,7.608452130361228,2.4721359549995805
2018-09-04 02:00:00,0.9,0.0,0.15,0.89,27.4,66.0,20.5,1000.1,14.4,6.81504955010645,1.0793978087775942
2018-09-04 03:00:00,0.92,0.0,0.11,0.91,26.8,68.0,20.5,1000.1,11.9,3.215421213791276,0.7423384793347553
2018-09-04 04:00:00,0.75,0.0,0.15,0.71,26.5,70.0,20.5,1000.4,5.8,1.4474368994146265,1.7874357113510326
2018-09-04 05:00:00,0.78,0.0,0.13,0.14,26.8,73.0,21.5,1000.7,5.4,-4.998560818879258,-1.4333142502483958
2018-09-04 06:00:00,0.15,0.0,0.13,0.02,27.1,70.0,21.2,1001.3,6.1,-4.685893304218874,-1.4326213531414103
2018-09-04 07:00:00,0.23,0.0,0.04,0.2,29.0,51.0,17.8,1002.0,13.7,-1.7489675652259409,-3.9282454678631837
2018-09-04 08:00:00,0.07,0.0,0.03,0.05,31.0,44.0,17.3,1002.8,14.4,2.1729143493093033,-0.3441558230885075
2018-09-04 09:00:00,0.09,0.0,0.03,0.07,33.1,39.0,17.4,1002.7,18.7,3.939231012048832,0.6945927106677213
2018-09-04 10:00:00,0.04,0.0,0.01,0.03,35.1,35.0,17.4,1002.0,22.0,4.667902132486008,1.7918397477265036
2018-09-04 11:00:00,0.09,0.0,0.06,0.05,36.8,32.0,17.2,1000.8,23.8,5.015905365124674,3.644268564213334
2018-09-04 12:00:00,0.4,0.0,0.12,0.35,38.0,29.0,16.8,999.6,25.2,2.496747046277381,6.859756131737131
2018-09-04 13:00:00,0.62,0.0,0.28,0.53,38.8,26.0,16.0,998.2,28.1,-2.563427409098093,8.939733772226367
2018-09-04 14:00:00,0.41,0.0,0.26,0.31,38.8,25.0,15.4,997.4,29.9,0.7045403848156653,10.075396907624224
2018-09-04 15:00:00,0.35,0.0,0.22,0.3,38.0,25.0,14.8,996.9,29.9,-1.0371533386971326,11.854716907291772
2018-09-04 16:00:00,0.71,0.0,0.11,0.7,36.5,29.0,15.4,997.2,30.6,-7.26950774511971,10.77748844321554
2018-09-04 17:00:00,0.18,0.0,0.04,0.57,32.5,49.0,20.4,998.2,34.6,-16.86938753833685,15.189264764346081
2018-09-04 18:00:00,0.6,0.0,0.03,0.6,31.0,48.0,18.6,998.9,43.6,-14.095217753389194,11.827292018232324
2018-09-04 19:00:00,0.54,0.0,0.03,0.53,30.0,52.0,19.1,999.9,34.2,-11.798571629081225,12.652419038011649
2018-09-04 20:00:00,0.31,0.0,0.01,0.3,29.5,57.0,20.0,1000.7,31.7,-9.381644114564255,10.792346997185641
2018-09-04 21:00:00,0.77,0.0,0.01,0.76,29.0,60.0,20.5,1001.3,25.9,-4.345436483624582,10.755332712974733
2018-09-04 22:00:00,0.84,0.0,0.0,0.84,28.4,63.0,20.7,1001.7,20.9,1.7546182238821468,7.6000865053248345
2018-09-04 23:00:00,0.88,0.0,0.0,0.88,27.9,63.0,20.2,1001.3,13.7,4.6769763109691285,1.0797650608505531
2018-09-05 00:00:00,0.64,0.0,0.0,0.64,27.5,64.0,20.0,1000.7,10.4,5.8,1.0654427152581972e-15
2018-09-05 01:00:00,0.96,0.0,0.01,0.96,27.1,66.0,20.2,1000.3,10.4,5.756767679519668,0.7068421917498535
2018-09-05 02:00:00,0.96,0.01,0.02,0.96,26.6,67.0,20.0,1000.1,10.4,4.664264528860342,2.9145559532826275
2018-09-05 03:00:00,0.97,0.02,0.02,0.97,25.9,69.0,19.9,1000.0,12.6,5.020458146424486,5.020458146424488
2018-09-05 04:00:00,0.95,0.01,0.02,0.95,25.2,71.0,19.6,1000.3,12.6,2.1727182418122895,5.377666356487367
2018-09-05 05:00:00,0.97,0.0,0.0,0.97,25.1,71.0,19.5,1000.2,11.5,1.0324674692655227,6.518743047927909
2018-09-05 06:00:00,0.98,0.0,0.0,0.98,25.3,68.0,19.0,1000.9,13.0,-0.40458754771592803,5.78587149150698
2018-09-05 07:00:00,0.97,0.0,0.0,0.97,27.2,59.0,18.5,1001.6,13.3,-0.3486229709906328,3.984778792366982
2018-09-05 08:00:00,0.97,0.0,0.0,0.97,29.9,46.0,17.0,1002.4,16.2,-2.1665340833473734,2.8750878361702545
2018-09-05 09:00:00,0.98,0.0,0.0,0.98,32.3,38.0,16.2,1002.4,18.7,-2.180852323535913,3.2332465329646625
2018-09-05 10:00:00,0.96,0.0,0.0,0.96,34.6,33.0,15.8,1001.7,20.2,0.3486229709906318,3.984778792366982
2018-09-05 11:00:00,0.52,0.0,0.0,0.52,36.6,28.0,15.0,1000.9,23.4,0.7068421917498544,5.756767679519668
2018-09-05 12:00:00,0.8,0.0,0.01,0.8,38.0,24.0,13.9,999.6,26.3,-0.3977532674463729,7.589584464134761
2018-09-05 13:00:00,0.97,0.0,0.03,0.96,38.8,22.0,13.1,998.4,27.4,-0.30013567164150984,8.594761112364223
2018-09-05 14:00:00,0.81,0.0,0.09,0.79,39.1,22.0,13.6,997.3,31.3,3.183474254761006,11.88088766335554
2018-09-05 15:00:00,0.73,0.0,0.06,0.73,38.3,24.0,14.4,996.7,41.8,10.90426161767956,16.166232664823315
2018-09-05 16:00:00,0.85,0.0,0.01,0.85,37.0,26.0,14.1,996.5,48.2,18.614879967791165,15.619738915382909
2018-09-05 17:00:00,0.85,0.0,0.0,0.86,36.7,25.0,13.6,997.0,49.7,5.040431557511629,11.874512609536481
2018-09-05 18:00:00,0.9,0.0,0.0,0.9,33.7,35.0,16.2,998.0,27.4,4.330056454280185,12.575397055470914
2018-09-05 19:00:00,0.95,0.0,0.0,0.95,31.9,44.0,18.0,998.8,29.2,9.448495863487159,12.538577507742497
2018-09-05 20:00:00,0.97,0.0,0.0,0.97,30.3,51.0,19.1,999.8,29.2,9.384699101423474,11.184248869537079
2018-09-05 21:00:00,0.92,0.0,0.0,0.92,29.2,56.0,19.7,1000.3,26.6,7.988571260278469,8.272407703894487
2018-09-05 22:00:00,0.97,0.0,0.0,0.97,28.7,59.0,19.8,1000.3,20.2,9.000256657372177,5.407899786555571
2018-09-05 23:00:00,0.97,0.0,0.0,0.97,28.2,60.0,19.6,999.9,18.7,9.659258262890683,2.5881904510252065
2018-09-06 00:00:00,0.94,0.0,0.0,0.94,27.7,61.0,19.5,999.1,17.6,9.030970087718508,1.7554427574642102
2018-09-06 01:00:00,0.97,0.0,0.0,0.97,27.0,63.0,19.4,998.4,16.6,7.612985411107861,3.549993398621873
2018-09-06 02:00:00,0.96,0.01,0.0,0.96,26.1,66.0,19.4,998.1,17.3,6.042203531053469,7.200817765318393
2018-09-06 03:00:00,0.97,0.02,0.0,0.97,25.2,69.0,19.1,998.3,17.6,3.5386087947594613,7.947845481490627
2018-09-06 04:00:00,0.99,0.02,0.0,0.99,24.5,71.0,18.9,998.8,15.8,1.4326213531414103,4.685893304218874
2018-09-06 05:00:00,0.99,0.01,0.0,0.96,24.5,69.0,18.5,999.2,9.0,1.7918397477265022,4.667902132486008
2018-09-06 06:00:00,0.98,0.0,0.0,0.98,25.2,65.0,18.1,999.6,11.2,2.914555953282626,4.664264528860343
2018-09-06 07:00:00,1.0,0.0,0.0,1.0,27.5,54.0,17.5,1000.6,15.5,5.385980316439454,2.8637765329939335
2018-09-06 08:00:00,0.98,0.0,0.0,0.98,30.5,46.0,17.5,1000.9,24.1,9.676371287520293,0.676637795318018
2018-09-06 09:00:00,0.95,0.0,0.0,0.95,33.6,36.0,16.5,1000.7,29.9,11.910553819695863,-1.4624321208617723
2018-09-06 10:00:00,0.67,0.0,0.0,0.67,35.8,29.0,14.9,999.6,32.8,12.552053195955994,-1.0981623586204894
2018-09-06 11:00:00,0.91,0.0,0.0,0.91,37.5,24.0,13.9,998.9,34.9,13.6300991002129,2.1587956175551883
2018-09-06 12:00:00,0.89,0.0,0.0,0.89,38.5,23.0,13.6,997.5,38.2,15.524731620415944,3.8707503295946846
2018-09-06 13:00:00,0.72,0.0,0.0,0.72,39.2,21.0,13.2,996.2,41.0,17.271263927712738,4.3062097416740865
2018-09-06 14:00:00,0.81,0.0,0.0,0.81,39.1,21.0,13.1,995.4,46.1,21.23529932279546,3.363340998364967
2018-09-06 15:00:00,0.87,0.0,0.0,0.87,37.8,24.0,13.8,995.3,52.2,25.161403952817317,2.64457012067163
2018-09-06 16:00:00,0.98,0.0,0.0,0.98,36.2,28.0,14.6,995.6,53.3,26.272509859830663,4.1611567700701455
2018-09-06 17:00:00,0.96,0.0,0.0,0.95,34.4,30.0,14.6,996.8,54.7,21.92651625676185,5.875192323827218
2018-09-06 18:00:00,0.92,0.0,0.0,0.92,32.2,37.0,15.8,997.6,43.9,21.974257353232858,8.878176263957121
2018-09-06 19:00:00,0.91,0.0,0.0,0.91,30.1,48.0,17.8,998.8,45.7,20.553563117775806,11.393026075788915
2018-09-06 20:00:00,0.92,0.0,0.0,0.92,28.9,54.0,18.8,999.5,43.6,19.146500951810758,8.127207472576895
2018-09-06 21:00:00,0.95,0.0,0.0,0.95,28.1,59.0,19.2,1000.5,40.7,20.15905629060844,8.557011713915097
2018-09-06 22:00:00,0.98,0.0,0.0,0.98,27.9,59.0,19.0,1001.1,40.0,18.764966572593753,7.203195785860545
2018-09-06 23:00:00,0.99,0.0,0.0,0.99,27.5,58.0,18.6,1001.0,36.7,17.67369318628685,7.502037666994057
2018-09-07 00:00:00,0.77,0.0,0.0,0.77,26.8,63.0,19.0,1000.4,35.3,16.200461983269918,9.734219615800027
2018-09-07 01:00:00,0.35,0.0,0.0,0.35,26.4,64.0,19.1,1000.0,34.6,15.068842025849227,8.700000000000006
2018-09-07 02:00:00,0.57,0.0,0.0,0.57,26.2,64.0,19.0,999.5,32.0,14.82899430214654,8.910158695943942
2018-09-07 03:00:00,0.75,0.0,0.0,0.75,25.8,69.0,19.6,999.5,32.0,14.417075979486253,10.094945279778416
2018-09-07 04:00:00,0.8,0.0,0.0,0.8,25.5,72.0,20.1,999.8,32.0,14.007499957341757,9.808157061602895
2018-09-07 05:00:00,0.0,0.0,0.0,0.09,25.4,75.0,20.8,999.8,31.0,11.500351344681016,8.666136333389495
2018-09-07 06:00:00,0.01,0.0,0.01,0.0,26.3,68.0,20.0,1000.4,26.6,11.855237287537099,7.996458519631676
2018-09-07 07:00:00,0.0,0.0,0.0,0.0,28.4,57.0,19.0,1001.2,32.8,14.400410651795484,8.652639658488914
2018-09-07 08:00:00,0.0,0.0,0.0,0.0,31.0,41.0,16.4,1001.9,40.7,19.389964289226178,4.476525981442919
2018-09-07 09:00:00,0.0,0.0,0.0,0.0,33.1,34.0,14.9,1002.0,45.0,21.24048764512429,2.608003948870149
2018-09-07 10:00:00,0.0,0.0,0.0,0.0,35.0,28.0,14.1,1001.4,46.1,21.21894706935418,1.8564173205251209
2018-09-07 11:00:00,0.0,0.0,0.0,0.0,36.8,25.0,13.8,1000.2,47.2,21.617424948590877,1.891279617624184
2018-09-07 12:00:00,0.0,0.0,0.0,0.0,38.1,22.0,12.4,998.9,47.9,21.570397950698798,1.1304566548475972
2018-09-07 13:00:00,0.01,0.0,0.01,0.0,38.5,20.0,11.8,997.7,49.0,22.69654268005008,0.3961696261263354
2018-09-07 14:00:00,0.0,0.0,0.0,0.0,38.1,22.0,12.4,996.9,50.8,23.809053284392718,2.083022251669032
2018-09-07 15:00:00,0.8,0.0,0.0,0.8,37.2,24.0,13.4,996.5,53.6,25.96436790361892,1.360734862316552
2018-09-07 16:00:00,0.73,0.0,0.0,0.73,35.7,27.0,14.1,996.8,55.4,28.13130621732704,1.9671325595843414
2018-09-07 17:00:00,0.07,0.0,0.0,0.74,34.0,31.0,14.6,997.5,55.8,24.45145230215511,6.096431769111628
2018-09-07 18:00:00,0.0,0.0,0.0,0.0,31.8,37.0,15.4,998.0,48.2,21.939140022684235,8.421646814314567
2018-09-07 19:00:00,0.0,0.0,0.0,0.0,30.4,43.0,16.4,998.7,43.6,21.14308396768294,7.695453224827542
2018-09-07 20:00:00,0.0,0.0,0.0,0.0,29.2,49.0,17.5,999.4,41.4,18.699883153639576,6.806200852180804
2018-09-07 21:00:00,0.0,0.0,0.0,0.0,28.6,53.0,18.0,1000.1,36.4,17.000294542687605,4.555215193804363
2018-09-07 22:00:00,0.0,0.0,0.0,0.0,28.3,52.0,17.5,1000.6,31.7,14.392294811707119,3.8564037720275572
2018-09-07 23:00:00,0.0,0.0,0.0,0.0,27.7,53.0,17.4,1000.5,27.0,9.38914950521489,3.9854575105905927
2018-09-08 00:00:00,0.0,0.0,0.0,0.0,26.8,57.0,17.6,999.9,17.6,4.364789504399989,4.6806636903626915
2018-09-08 01:00:00,0.38,0.0,0.0,0.38,26.1,61.0,18.0,999.3,10.8,2.9000000000000004,5.0229473419497435
2018-09-08 02:00:00,0.02,0.0,0.0,0.02,25.5,64.0,18.3,999.0,10.1,1.8364363038995857,4.32637281122647
2018-09-08 03:00:00,0.01,0.0,0.0,0.01,25.1,68.0,18.7,998.8,9.4,0.3766849582182765,5.386845871403051
2018-09-08 04:00:00,0.0,0.0,0.0,0.0,24.6,72.0,19.1,999.3,12.2,-0.35588450245201786,6.790680836331102
2018-09-08 05:00:00,0.01,0.0,0.0,0.21,24.8,70.0,19.0,999.5,12.2,-7.470345474798854e-16,6.1
2018-09-08 06:00:00,0.96,0.0,0.0,0.96,25.1,69.0,19.0,1000.4,12.6,-2.181643291108517,3.935788682127281
2018-09-08 07:00:00,0.83,0.0,0.0,0.83,27.6,58.0,18.6,1000.9,11.9,-1.0549740469210394,2.485363104321589
2018-09-08 08:00:00,0.24,0.0,0.0,0.24,30.8,44.0,17.2,1001.8,16.9,-4.374859974957706,1.4214781741247577
2018-09-08 09:00:00,0.0,0.0,0.0,0.0,33.4,36.0,16.5,1001.8,20.9,-5.074340152243906,1.8469087739586112
2018-09-08 10:00:00,0.38,0.0,0.0,0.38,35.8,31.0,15.8,1001.4,22.0,-4.679622242152313,2.4881992827652217
2018-09-08 11:00:00,0.61,0.0,0.05,0.59,37.7,26.0,14.6,1000.3,22.7,-4.71280049259058,2.1976149610516367
2018-09-08 12:00:00,0.12,0.0,0.03,0.1,39.0,23.0,14.1,998.9,23.4,-4.664264528860343,2.914555953282626
2018-09-08 13:00:00,0.2,0.0,0.2,0.01,39.8,21.0,13.7,997.1,24.5,-4.6728711030257655,3.92100441908789
2018-09-08 14:00:00,0.06,0.0,0.05,0.01,40.4,20.0,13.3,995.9,24.1,-2.181643291108517,3.935788682127281
2018-09-08 15:00:00,0.26,0.0,0.26,0.0,38.4,23.0,13.6,995.6,32.4,-1.812477262738083e-15,14.8
2018-09-08 16:00:00,0.22,0.0,0.22,0.0,36.7,28.0,15.4,995.7,39.2,8.398824245181613,16.483620697484806
2018-09-08 17:00:00,0.09,0.0,0.06,0.0,35.2,32.0,16.1,996.4,38.9,-1.7671054793746395,14.391919198799169
2018-09-08 18:00:00,0.02,0.0,0.02,0.0,33.0,41.0,18.0,996.7,29.2,-3.5812496990287226,10.400704331592486
2018-09-08 19:00:00,0.04,0.0,0.04,0.0,31.4,49.0,19.2,997.5,20.9,-3.186851581477829,10.423721839997087
2018-09-08 20:00:00,0.0,0.0,0.0,0.0,30.1,55.0,20.0,998.7,20.9,-1.3766232923540327,8.691657397237211
2018-09-08 21:00:00,0.0,0.0,0.0,0.0,29.5,57.0,20.0,999.7,16.6,0.3766849582182765,5.386845871403051
2018-09-08 22:00:00,0.01,0.0,0.01,0.0,29.1,57.0,19.8,1000.2,10.8,-0.7068421917498557,5.756767679519667
2018-09-08 23:00:00,0.03,0.0,0.03,0.0,28.5,59.0,19.8,1000.1,10.8,0.3534210958749272,2.878383839759834
2018-09-09 00:00:00,0.01,0.0,0.01,0.0,27.9,62.0,19.9,999.8,5.4,-1.4499999999999997,-2.511473670974872
2018-09-09 01:00:00,0.01,0.0,0.01,0.0,27.6,64.0,20.1,999.2,7.6,-3.195522749552795,-2.8772616073430903
2018-09-09 02:00:00,0.04,0.0,0.04,0.0,27.0,67.0,20.5,999.0,7.2,-1.8469087739586112,-5.074340152243906
2018-09-09 03:00:00,0.06,0.0,0.06,0.0,27.2,64.0,19.8,999.0,9.0,0.7515347451843558,-5.34744757120448
2018-09-09 04:00:00,0.08,0.0,0.08,0.0,27.0,61.0,18.9,999.6,9.7,2.1976149610516362,-4.71280049259058
2018-09-09 05:00:00,0.11,0.0,0.09,0.0,27.0,60.0,18.5,999.7,8.6,0.688311646177017,-4.345828698618606
2018-09-09 06:00:00,0.17,0.0,0.17,0.0,27.5,59.0,18.6,1000.1,7.6,1.0886485301985054,-4.366330768241984
2018-09-09 07:00:00,0.4,0.0,0.24,0.21,29.4,52.0,18.5,1001.0,13.0,-0.34862297099063266,-3.984778792366982
2018-09-09 08:00:00,0.52,0.0,0.21,0.41,31.4,46.0,18.2,1001.8,19.4,0.3401837155791384,-6.49109197590473
2018-09-09 09:00:00,0.47,0.0,0.15,0.38,33.6,39.0,17.9,1001.8,22.3,-1.0324674692655236,-6.518743047927909
2018-09-09 10:00:00,0.91,0.0,0.2,0.89,35.8,33.0,17.0,1001.2,22.7,-2.4881992827652213,-4.679622242152313
2018-09-09 11:00:00,0.92,0.0,0.12,0.91,37.2,30.0,16.5,1000.5,22.3,-3.6339580726595346,-1.1110124779463997
2018-09-09 12:00:00,0.88,0.0,0.29,0.83,38.5,27.0,16.0,999.3,22.7,-4.3109953772862175,2.907803098047883
2018-09-09 13:00:00,0.95,0.0,0.36,0.93,38.3,27.0,15.9,998.1,23.0,-2.863776532993933,5.385980316439454
2018-09-09 14:00:00,0.92,0.0,0.36,0.9,38.3,26.0,15.6,997.0,22.3,-4.0150350544573215,5.734064310022943
2018-09-09 15:00:00,0.92,0.0,0.38,0.9,38.1,26.0,15.6,996.5,25.6,-7.121464023352646,6.877117867544074
2018-09-09 16:00:00,0.92,0.0,0.49,0.88,34.9,37.0,17.9,997.2,35.6,-3.68003692747434,17.31321253298836
2018-09-09 17:00:00,0.96,0.0,0.32,0.94,34.3,41.0,19.1,997.8,36.7,-5.78649913761582,11.864081411149003
2018-09-09 18:00:00,0.92,0.0,0.32,0.89,31.5,53.0,20.7,998.6,33.5,-10.712509670666455,13.71138711275696
2018-09-09 19:00:00,0.94,0.0,0.24,0.93,30.2,56.0,20.5,999.9,33.1,-7.866504888122967,9.714324518212136
2018-09-09 20:00:00,0.93,0.0,0.16,0.92,29.2,62.0,21.3,1000.7,24.1,-7.566042558696059,7.566042558696057
2018-09-09 21:00:00,0.94,0.0,0.22,0.92,29.0,63.0,21.2,1001.4,21.6,-7.587037345449281,5.717242719944459
2018-09-09 22:00:00,0.95,0.0,0.33,0.93,29.0,60.0,20.6,1001.9,18.7,-5.750880114781586,4.656970893768796
2018-09-09 23:00:00,0.83,0.01,0.42,0.75,29.1,59.0,20.1,1002.0,14.8,-6.143640332167438,4.301823272632846
2018-09-10 00:00:00,0.79,0.03,0.26,0.75,28.8,59.0,20.1,1001.7,14.0,-6.4643923198937765,0.6794350112397481
2018-09-10 01:00:00,0.96,0.06,0.31,0.95,28.2,61.0,20.1,1001.0,12.6,-5.7247447850283795,-1.4273391840380394
2018-09-10 02:00:00,0.89,0.0,0.44,0.84,28.0,63.0,20.2,1000.8,11.2,-3.9597979746446654,-3.9597979746446663
2018-09-10 03:00:00,0.91,0.0,0.56,0.85,27.4,66.0,20.4,1000.8,15.1,-3.6149310334513594,-6.798696465013738
2018-09-10 04:00:00,0.89,0.0,0.53,0.83,26.9,69.0,20.6,1001.3,16.2,-2.2258437878816784,-8.306962106085987
2018-09-10 05:00:00,0.47,0.0,0.52,0.92,27.0,69.0,20.8,1001.6,16.6,-0.37681888494919563,-7.190132650232932
2018-09-10 06:00:00,0.7,0.0,0.58,0.33,27.1,66.0,20.1,1002.0,14.4,1.8467702839738929,-6.440453362786736
2018-09-10 07:00:00,0.63,0.0,0.42,0.41,28.0,61.0,19.7,1002.8,18.4,2.1775351109542918,-7.59396739791272
2018-09-10 08:00:00,0.95,0.01,0.25,0.93,29.6,56.0,19.9,1003.4,22.0,3.189474750953177,-8.308865795825094
2018-09-10 09:00:00,0.86,0.01,0.2,0.83,32.0,48.0,19.7,1003.6,24.5,1.8221035401853092,-7.892397524760404
2018-09-10 10:00:00,0.91,0.02,0.12,0.9,34.2,42.0,19.4,1003.4,25.6,1.0577155672965006,-7.526037322435934
2018-09-10 11:00:00,0.94,0.01,0.11,0.94,35.8,37.0,19.0,1002.6,25.6,1.4553818357243191,-6.847033205136639
2018-09-10 12:00:00,0.95,0.01,0.16,0.94,37.3,34.0,18.7,1001.6,24.5,2.1727182418122917,-5.377666356487366
2018-09-10 13:00:00,0.92,0.07,0.63,0.88,37.8,32.0,18.4,1000.0,23.4,1.1110124779464012,-3.633958072659534
2018-09-10 14:00:00,0.93,0.03,0.85,0.87,37.0,33.0,18.2,998.9,22.0,-2.0920448053979466,9.061641602502688
2018-09-10 15:00:00,0.93,0.01,0.65,0.88,32.0,51.0,20.5,999.5,45.7,1.5477406612453708,12.60533612584479
2018-09-10 16:00:00,1.0,0.08,1.0,0.57,31.1,54.0,20.8,999.8,29.5,-6.811735915548058,2.891410350820626
2018-09-10 17:00:00,1.0,0.0,0.6,0.87,31.0,58.0,21.8,1000.6,34.2,-6.4347733221994154,5.399415921366931
2018-09-10 18:00:00,0.98,0.0,0.75,0.95,29.0,69.0,22.7,1001.3,18.7,-2.8948737988292517,3.5748714227020657
2018-09-10 19:00:00,0.97,0.0,0.32,0.96,28.4,74.0,23.4,1002.0,11.5,-1.0815799573111138,-1.800051331474436
2018-09-10 20:00:00,0.97,0.0,0.39,0.96,27.8,80.0,24.0,1002.8,10.8,1.8469087739586105,-5.074340152243906
2018-09-10 21:00:00,0.95,0.03,0.38,0.92,27.6,76.0,23.0,1004.0,13.7,3.550000000000003,-6.148780366869512
2018-09-10 22:00:00,0.89,0.04,0.42,0.83,27.4,73.0,22.0,1004.4,13.3,2.490620541896064,-3.985826051935202
2018-09-10 23:00:00,0.57,0.04,0.45,0.27,27.2,73.0,22.0,1004.6,9.7,1.4235782507653005,-3.197409101749103
2018-09-11 00:00:00,0.44,0.0,0.44,0.01,26.9,75.0,22.1,1004.0,7.9,2.166534083347374,-2.875087836170254
2018-09-11 01:00:00,0.31,0.02,0.3,0.0,26.8,76.0,22.2,1003.2,8.3,-0.3278554265973889,-4.688551036221174
2018-09-11 02:00:00,0.18,0.06,0.17,0.0,26.8,75.0,22.0,1002.7,12.2,-2.9055391983331,-5.702441754805555
2018-09-11 03:00:00,0.1,0.0,0.1,0.0,26.6,75.0,21.9,1002.5,11.9,-2.8948737988292517,-3.5748714227020657
2018-09-11 04:00:00,0.06,0.01,0.06,0.0,26.5,75.0,21.8,1002.8,8.6,-3.23084408978756,-2.524212048835199
2018-09-11 05:00:00,0.04,0.11,0.02,0.0,26.6,79.0,22.6,1002.8,10.1,-7.947845481490627,-3.5386087947594613
2018-09-11 06:00:00,0.26,0.16,0.22,0.0,26.7,77.0,22.4,1003.4,16.9,-6.467184310807044,-2.1013155617496424
2018-09-11 07:00:00,0.1,0.02,0.1,0.0,27.8,71.0,22.1,1004.1,17.3,-5.7340643100229425,-4.015035054457322
2018-09-11 08:00:00,0.25,0.0,0.25,0.0,29.8,61.0,21.5,1004.4,19.4,-4.314986839553106,-4.023790324368742
2018-09-11 09:00:00,0.18,0.0,0.18,0.0,32.0,52.0,21.0,1004.5,19.4,-1.1110124779463997,-3.6339580726595346
2018-09-11 10:00:00,0.07,0.02,0.06,0.0,34.3,45.0,20.7,1004.2,19.4,-0.7166571251241979,-2.499280409439629
2018-09-11 11:00:00,0.39,0.2,0.07,0.22,36.5,39.0,20.4,1003.1,18.7,-0.3535533905932738,0.35355339059327373
2018-09-11 12:00:00,0.79,0.16,0.13,0.74,37.5,36.0,19.9,1001.9,20.2,-1.7937955949114477,3.2360929164157644
2018-09-11 13:00:00,0.81,0.0,0.25,0.79,38.2,32.0,18.9,1000.4,23.4,-7.960204194457795e-16,6.5
2018-09-11 14:00:00,0.72,0.0,0.3,0.69,37.0,33.0,18.0,999.5,28.8,-4.794964395723677,11.867953338454878
2018-09-11 15:00:00,0.81,0.0,0.25,0.77,34.3,46.0,21.0,999.6,43.9,3.959931390068568,14.778665142222746
2018-09-11 16:00:00,0.85,0.12,0.57,0.73,31.9,54.0,21.4,999.9,37.8,0.5898014942722651,16.889704976622717
2018-09-11 17:00:00,0.43,0.07,0.24,0.09,32.3,53.0,21.6,1000.2,35.3,-3.5570094905869563,9.772803256173447
2018-09-11 18:00:00,0.28,0.05,0.27,0.04,31.0,60.0,22.2,1000.7,22.3,-5.387787044493739,5.777694242791447
2018-09-11 19:00:00,0.22,0.11,0.21,0.02,30.8,61.0,22.4,1001.6,17.3,-7.523858047687012,5.466402846319999
2018-09-11 20:00:00,0.22,0.0,0.22,0.01,30.1,64.0,22.5,1002.3,22.7,-9.325751537483653,7.551844692598047
2018-09-11 21:00:00,0.15,0.0,0.15,0.01,29.4,66.0,22.2,1002.7,22.7,-9.706975700031004,4.734408385322038
2018-09-11 22:00:00,0.1,0.0,0.1,0.0,29.0,66.0,21.9,1003.1,19.8,-6.88793918147854,3.211898789229315
2018-09-11 23:00:00,0.05,0.0,0.05,0.0,28.6,66.0,21.7,1003.0,13.7,-4.366330768241984,1.088648530198505
2018-09-12 00:00:00,0.05,0.0,0.05,0.0,28.1,68.0,21.7,1002.4,7.9,-2.1729143493093033,0.34415582308850784
2018-09-12 01:00:00,0.04,0.0,0.04,0.0,27.6,70.0,21.7,1001.7,4.3,-2.187429987478853,0.7107390870623789
2018-09-12 02:00:00,0.04,0.0,0.04,0.0,27.2,72.0,21.8,1001.6,3.6,-2.138415658052083,1.0895771993749122
2018-09-12 03:00:00,0.05,0.0,0.05,0.0,27.0,73.0,21.9,1001.5,3.2,-2.1729143493093033,-0.34415582308850806
2018-09-12 04:00:00,0.09,0.0,0.09,0.0,26.9,75.0,22.0,1001.7,2.9,-0.7117525274902328,-1.761649323676896
2018-09-12 05:00:00,0.09,0.01,0.19,0.0,27.1,76.0,22.6,1002.1,3.6,-7.171881598543044,-3.975438886019964
2018-09-12 06:00:00,0.19,0.02,0.19,0.0,27.4,74.0,22.4,1002.4,16.9,-6.410784584587486,-6.874724795220202
2018-09-12 07:00:00,0.15,0.02,0.15,0.0,29.0,63.0,21.2,1003.2,25.6,-5.493285046848516,-10.78117894267925
2018-09-12 08:00:00,0.1,0.02,0.1,0.0,30.8,58.0,21.6,1003.9,27.7,-5.799999999999999,-10.045894683899489
2018-09-12 09:00:00,0.12,0.09,0.07,0.01,32.9,50.0,21.0,1004.1,27.7,-5.46640284632,-7.523858047687012
2018-09-12 10:00:00,0.1,0.09,0.06,0.0,34.8,42.0,20.0,1003.3,25.9,-2.9055391983331,-5.702441754805555
2018-09-12 11:00:00,0.13,0.1,0.06,0.0,36.8,36.0,19.5,1002.1,23.4,-2.180852323535913,-3.233246532964663
2018-09-12 12:00:00,0.18,0.16,0.06,0.0,38.0,34.0,19.2,1000.8,20.5,-2.187429987478853,0.7107390870623789
2018-09-12 13:00:00,0.06,0.0,0.05,0.02,38.5,32.0,18.9,999.1,21.2,-2.4930243101639276,2.8678964048465336
2018-09-12 14:00:00,1.0,0.03,1.0,0.07,39.0,31.0,18.7,997.6,27.7,-6.499602250042121,8.625263508510765
2018-09-12 15:00:00,0.47,0.0,0.47,0.13,35.0,44.0,20.8,997.4,41.0,-11.020340408329284,14.105392489560321
2018-09-12 16:00:00,0.21,0.0,0.2,0.08,36.0,38.0,19.5,997.3,39.2,-3.5875911898228954,6.472185832831529
2018-09-12 17:00:00,0.58,0.0,0.21,0.03,34.2,47.0,21.1,997.6,36.4,-12.202697939223436,14.03759819214356
2018-09-12 18:00:00,0.16,0.0,0.16,0.01,30.0,62.0,21.9,998.5,43.6,-10.381733497953933,14.826652001630755
2018-09-12 19:00:00,0.15,0.0,0.15,0.01,30.0,63.0,22.2,999.2,34.6,-10.07254637165546,10.430427104910445
2018-09-12 20:00:00,0.2,0.05,0.18,0.0,29.4,64.0,22.0,1000.4,28.1,-5.39192644664877,8.302838622659698
2018-09-12 21:00:00,0.12,0.09,0.1,0.0,29.2,63.0,21.5,1001.2,19.8,-4.314986839553106,4.023790324368741
2018-09-12 22:00:00,0.16,0.0,0.16,0.0,29.2,62.0,21.2,1001.5,12.2,-3.9467090073008158,1.4364846019678086
2018-09-12 23:00:00,0.15,0.0,0.15,0.0,29.1,62.0,21.1,1001.4,10.8,-4.679622242152313,2.4881992827652217
2018-09-13 00:00:00,0.16,0.0,0.16,0.0,28.9,62.0,20.9,1000.5,10.1,-0.37630246776355347,3.580278823325784
2018-09-13 01:00:00,0.2,0.0,0.2,0.0,28.5,65.0,21.1,999.9,7.2,0.3441558230885076,2.1729143493093033
2018-09-13 02:00:00,0.21,0.0,0.21,0.0,28.0,68.0,21.5,999.5,4.3,0.3628828433995013,1.4554435894139948
2018-09-13 03:00:00,0.23,0.0,0.23,0.0,27.8,69.0,21.7,999.3,2.9,0.33991869381244205,1.046162167924669
2018-09-13 04:00:00,0.23,0.0,0.23,0.0,27.6,71.0,21.9,999.6,5.4,-3.5514757175273243e-16,2.9
2018-09-13 05:00:00,0.19,0.01,0.27,0.0,26.0,89.0,24.0,1000.2,5.8,0.3449439287832565,3.2819222547153015
2018-09-13 06:00:00,0.31,0.03,0.3,0.01,26.5,87.0,24.0,1000.6,9.4,-3.616017032810471,-1.4609657143220567
2018-09-13 07:00:00,0.32,0.0,0.32,0.0,27.7,74.0,22.7,1001.3,10.4,-1.4,-8.572527594031472e-17
2018-09-13 08:00:00,0.34,0.0,0.34,0.0,29.7,64.0,22.0,1001.9,12.2,-0.3631923997916375,-0.7128052193506944
2018-09-13 09:00:00,0.19,0.0,0.18,0.0,32.0,54.0,21.7,1002.1,17.6,1.050657780874822,-3.233592155403522
2018-09-13 10:00:00,0.08,0.02,0.07,0.0,34.3,46.0,21.0,1001.5,19.8,2.4905416147351485,-2.1649947956686733
2018-09-13 11:00:00,0.23,0.17,0.19,0.0,36.2,39.0,20.0,1000.6,19.8,2.4853631043215887,1.0549740469210394
2018-09-13 12:00:00,0.23,0.13,0.21,0.01,37.2,36.0,19.7,999.5,22.0,-1.433314250248396,4.998560818879258
2018-09-13 13:00:00,0.2,0.04,0.2,0.0,37.8,34.0,19.4,998.1,25.2,-3.211898789229316,6.887939181478539
2018-09-13 14:00:00,0.22,0.01,0.22,0.0,38.0,33.0,18.8,997.0,25.6,-0.3192493330819572,6.0916401620029
2018-09-13 15:00:00,1.0,0.0,1.0,0.22,37.0,32.0,17.7,996.7,34.9,-6.548459953520387,14.708081868045873
2018-09-13 16:00:00,0.61,0.08,0.57,0.25,32.8,52.0,21.8,997.5,37.8,-3.9597979746446654,-3.9597979746446663
2018-09-13 17:00:00,0.48,0.05,0.17,0.09,32.8,49.0,20.7,997.7,32.4,4.6796222421523135,-2.488199282765219
2018-09-13 18:00:00,0.47,0.07,0.45,0.05,31.9,49.0,19.9,998.2,14.0,-1.460965714322057,-3.616017032810471
2018-09-13 19:00:00,0.25,0.05,0.24,0.01,31.2,54.0,21.0,999.3,11.9,-6.8,-4.1637991171010006e-16
2018-09-13 20:00:00,0.2,0.02,0.18,0.02,30.1,60.0,21.5,1000.2,16.2,-8.666893873398186,0.7582549619046266
2018-09-13 21:00:00,0.39,0.0,0.15,0.29,29.1,64.0,21.6,1000.7,16.2,-7.5260373224359345,1.0577155672964966
2018-09-13 22:00:00,0.75,0.0,0.16,0.71,28.8,67.0,22.0,1001.0,14.8,-6.4643923198937765,-0.6794350112397475
2018-09-13 23:00:00,0.48,0.0,0.18,0.38,28.8,69.0,22.5,1001.1,14.8,-7.893769085249775,-2.564841053312064
2018-09-14 00:00:00,0.46,0.0,0.17,0.35,28.5,70.0,22.5,1000.9,16.9,-9.032169979936029,-1.1090110249868421
2018-09-14 01:00:00,0.19,0.0,0.19,0.0,27.8,73.0,22.5,1000.2,17.3,-8.6351515192795,-1.060263287624783
2018-09-14 02:00:00,0.16,0.02,0.15,0.0,27.4,77.0,23.0,999.9,15.5,-6.1194134401407965,-2.4724035165450187
2018-09-14 03:00:00,0.19,0.04,0.18,0.0,27.0,80.0,23.4,999.7,12.2,-6.858073366652385,-1.8376152202278973
2018-09-14 04:00:00,0.19,0.01,0.18,0.01,26.7,83.0,23.5,1000.0,12.6,-6.1385314081469815,-1.4171916423663489
2018-09-14 05:00:00,0.22,0.04,0.12,0.05,26.8,83.0,23.6,1000.3,11.5,-4.685893304218874,-1.4326213531414103
2018-09-14 06:00:00,0.27,0.06,0.1,0.17,27.0,81.0,23.5,1000.6,10.8,-2.192031021678297,-2.1920310216782974
2018-09-14 07:00:00,0.23,0.0,0.08,0.17,28.5,70.0,22.5,1001.5,13.7,-1.7489675652259409,-3.9282454678631837
2018-09-14 08:00:00,0.39,0.01,0.09,0.33,30.5,58.0,21.4,1002.0,19.1,1.4205902870109297e-15,-5.8
2018-09-14 09:00:00,0.35,0.03,0.08,0.3,32.8,48.0,20.4,1002.0,20.5,1.0811407922523513,-5.086367523815789
2018-09-14 10:00:00,0.36,0.02,0.08,0.34,35.0,41.0,19.5,1001.4,21.2,1.4364846019678081,-3.9467090073008158
2018-09-14 11:00:00,0.56,0.06,0.13,0.52,36.7,35.0,18.9,1000.8,20.5,0.7263847995832752,-1.4256104387013886
2018-09-14 12:00:00,0.36,0.01,0.31,0.08,38.1,31.0,18.1,999.5,20.9,-0.6883116461770163,4.345828698618606
2018-09-14 13:00:00,0.43,0.0,0.42,0.02,37.5,32.0,18.3,998.4,25.9,0.2896658226307575,8.294943864258496
2018-09-14 14:00:00,0.59,0.0,0.51,0.3,36.5,35.0,18.5,997.9,26.6,-6.524416300446453,8.980088637561915
2018-09-14 15:00:00,0.45,0.0,0.37,0.23,34.8,41.0,19.9,997.3,37.4,-10.03763741696287,8.725585085573746
2018-09-14 16:00:00,0.38,0.04,0.31,0.27,33.3,51.0,21.8,997.8,31.7,-10.111626970967631,10.11162697096763
2018-09-14 17:00:00,0.59,0.05,0.36,0.5,33.0,52.0,21.7,998.3,31.3,-5.815606196095768,8.621990754572433
2018-09-14 18:00:00,0.65,0.03,0.47,0.53,30.5,60.0,21.8,999.3,24.5,-2.812054648812022,8.654614298285896
2018-09-14 19:00:00,0.56,0.02,0.53,0.13,28.8,69.0,22.6,1000.3,21.2,-4.29234604028896,-6.86918957886705
2018-09-14 20:00:00,0.54,0.0,0.34,0.39,28.2,75.0,23.5,1001.1,18.7,-3.9854575105905923,-9.389149505214892
2018-09-14 21:00:00,0.33,0.0,0.25,0.21,27.8,77.0,23.4,1002.3,19.1,-4.683895701129233,-7.212566884330647
2018-09-14 22:00:00,0.98,0.0,0.98,0.2,27.1,82.0,23.7,1002.6,15.8,-0.31409547032250873,-8.994517443171862
2018-09-14 23:00:00,0.59,0.0,0.58,0.12,26.9,82.0,23.5,1002.7,16.2,1.0793978087775948,-6.81504955010645
2018-09-15 00:00:00,0.5,0.0,0.48,0.06,26.6,83.0,23.5,1002.3,13.7,5.387787044493737,-5.777694242791449
2018-09-15 01:00:00,0.42,0.04,0.39,0.07,26.2,85.0,23.5,1001.7,14.8,6.143371093601031,-5.728786224524989
2018-09-15 02:00:00,0.74,0.05,0.38,0.66,26.2,86.0,23.6,1001.3,14.8,2.4724035165450213,-6.119413440140796
2018-09-15 03:00:00,0.54,0.0,0.14,0.49,26.2,87.0,23.8,1000.8,11.5,1.7937955949114466,-3.236092916415765
2018-09-15 04:00:00,0.47,0.0,0.08,0.43,26.0,87.0,23.6,1000.7,7.6,1.4554435894139948,0.36288284339950166
2018-09-15 05:00:00,0.25,0.02,0.26,0.69,26.1,82.0,22.7,1001.2,4.3,-2.6942229581241775e-16,2.2
2018-09-15 06:00:00,0.78,0.01,0.14,0.75,26.8,74.0,21.6,1001.6,7.9,-1.111012477946399,3.633958072659535
2018-09-15 07:00:00,0.86,0.0,0.07,0.86,28.3,62.0,20.4,1001.8,13.0,-1.4235782507653014,3.197409101749103
2018-09-15 08:00:00,0.95,0.0,0.05,0.94,30.9,51.0,19.6,1002.6,18.4,-1.0811407922523484,5.08636752381579
2018-09-15 09:00:00,0.97,0.0,0.04,0.97,33.5,42.0,19.0,1002.5,21.2,-1.4493866525741177,5.409184627218782
2018-09-15 10:00:00,0.95,0.0,0.0,0.95,35.4,36.0,18.1,1002.0,21.2,-1.7489675652259418,3.9282454678631833
2018-09-15 11:00:00,0.97,0.0,0.0,0.97,37.2,30.0,16.8,1001.3,22.7,-1.846908773958612,5.074340152243905
2018-09-15 12:00:00,0.96,0.0,0.01,0.96,38.2,26.0,15.5,999.9,25.6,-0.3768188849491954,7.190132650232932
2018-09-15 13:00:00,0.97,0.0,0.06,0.97,39.3,22.0,14.1,998.5,28.4,2.5105447374944516,9.369480515003962
2018-09-15 14:00:00,0.94,0.0,0.33,0.93,38.5,26.0,15.9,997.5,42.5,-13.252392385608246,15.245133520499994
2018-09-15 15:00:00,0.96,0.0,0.37,0.95,35.8,37.0,19.0,997.6,48.2,-14.390165397318722,15.431563104164498
2018-09-15 16:00:00,0.98,0.02,0.1,0.98,35.3,36.0,18.1,997.8,44.6,-4.035837691242893,11.088372925273719
2018-09-15 17:00:00,0.97,0.02,0.16,0.93,33.4,40.0,18.1,998.1,28.4,-13.761754344055062,9.636084130697576
2018-09-15 18:00:00,0.94,0.11,0.16,0.93,32.0,46.0,18.8,998.9,32.4,-11.226682204773436,5.720280296718289
2018-09-15 19:00:00,0.96,0.0,0.14,0.95,31.0,52.0,20.0,999.6,24.5,-13.3,-8.143901214329899e-16
2018-09-15 20:00:00,0.79,0.0,0.15,0.76,30.4,58.0,21.1,1000.2,24.5,-7.558529312547013,1.469229264399395
2018-09-15 21:00:00,0.47,0.0,0.17,0.39,30.4,59.0,21.4,1000.9,13.3,0.33991869381244244,-1.0461621679246689
2018-09-15 22:00:00,0.64,0.0,0.14,0.6,29.8,60.0,21.1,1001.4,6.8,4.3458286986186065,-0.688311646177015
2018-09-15 23:00:00,0.58,0.0,0.22,0.49,29.1,60.0,20.6,1001.3,8.3,3.939231012048832,0.6945927106677213
2018-09-16 00:00:00,0.65,0.0,0.27,0.54,28.5,61.0,20.3,1000.7,9.7,4.664264528860342,2.9145559532826275
2018-09-16 01:00:00,0.51,0.0,0.24,0.4,28.1,62.0,20.2,999.9,10.1,5.4091846272187825,1.4493866525741155
2018-09-16 02:00:00,0.58,0.0,0.24,0.47,27.8,64.0,20.2,999.2,11.2,5.702441754805554,2.9055391983331007
2018-09-16 03:00:00,0.9,0.0,0.15,0.88,27.5,64.0,20.1,999.1,11.2,5.421022142882375,1.7613968679372012
2018-09-16 04:00:00,0.9,0.0,0.09,0.89,27.2,65.0,20.0,999.4,10.1,3.604268994871563,2.523736319944604
2018-09-16 05:00:00,0.93,0.0,0.46,0.95,27.1,64.0,19.8,1000.0,10.8,1.4171916423663493,6.1385314081469815
2018-09-16 06:00:00,0.98,0.0,0.73,0.95,27.2,63.0,19.5,1000.8,13.3,0.7555899291119134,6.153786140176197
2018-09-16 07:00:00,1.0,0.03,0.98,0.85,28.4,58.0,19.4,1001.8,13.3,-1.1109406435904308,2.8940993221413254
2018-09-16 08:00:00,0.99,0.01,0.76,0.97,29.8,55.0,19.9,1002.1,16.2,-3.6062445840513924,3.606244584051392
2018-09-16 09:00:00,0.98,0.0,0.5,0.96,31.6,48.0,19.2,1002.1,20.2,-1.4171916423663506,6.1385314081469815
2018-09-16 10:00:00,0.99,0.0,0.33,0.98,33.7,41.0,18.5,1001.6,22.0,2.221881287180863,5.78819864428265
2018-09-16 11:00:00,0.97,0.0,0.23,0.96,35.9,33.0,17.4,1000.7,24.8,2.873804179836755,6.16289295184922
2018-09-16 12:00:00,0.98,0.01,0.56,0.98,37.0,30.0,16.5,999.4,27.4,2.8649997592229797,8.320563465273988
2018-09-16 13:00:00,0.99,0.0,0.49,0.99,36.5,29.0,15.5,998.0,27.7,6.095202647831139,9.036509540849956
2018-09-16 14:00:00,1.0,0.0,0.19,1.0,36.9,28.0,15.4,996.9,30.2,8.922515159753878,8.320379992762483
2018-09-16 15:00:00,0.99,0.0,0.11,0.99,36.6,30.0,16.2,996.0,30.6,8.632077604063815,8.335900445507967
2018-09-16 16:00:00,0.99,0.0,0.22,0.99,35.5,34.0,17.4,996.0,30.6,11.899669099704663,8.96704384496552
2018-09-16 17:00:00,0.96,0.01,0.76,0.97,31.8,47.0,19.0,997.7,37.8,11.535326622311665,3.971931484377311
2018-09-16 18:00:00,0.94,0.0,0.38,0.92,31.2,50.0,19.8,998.3,24.5,8.980088637561915,6.524416300446453
2018-09-16 19:00:00,0.96,0.0,0.3,0.95,30.5,54.0,20.2,999.0,23.4,9.288192010563463,8.661379172793731
2018-09-16 20:00:00,0.95,0.0,0.5,0.93,29.8,58.0,20.7,999.8,24.1,10.062807426595889,7.582869291715808
2018-09-16 21:00:00,1.0,0.0,1.0,0.96,29.9,56.0,20.2,1000.5,23.0,10.815507719116109,2.496956703216904
2018-09-16 22:00:00,1.0,0.0,1.0,0.96,29.5,56.0,19.9,1000.6,20.5,9.371786608437747,2.8652427062828236
2018-09-16 23:00:00,1.0,0.0,1.0,0.94,29.0,59.0,20.2,1000.1,17.6,6.8369323943920275,6.1560015785014945
2018-09-17 00:00:00,1.0,0.0,1.0,0.89,28.3,64.0,20.9,999.3,18.7,6.156614753256582,7.88010753606722
2018-09-17 01:00:00,1.0,0.0,1.0,0.97,27.8,67.0,21.0,998.5,19.4,5.466402846319999,7.523858047687012
2018-09-17 02:00:00,1.0,0.0,1.0,0.99,27.6,67.0,21.0,998.1,18.0,3.9758649556096977,6.122295146001595
2018-09-17 03:00:00,1.0,0.0,1.0,0.93,27.6,67.0,21.0,998.0,14.0,2.880147736233118,3.9641832724372428
2018-09-17 04:00:00,0.97,0.0,0.92,0.93,27.5,67.0,21.0,998.2,9.7,1.0611580849203353,3.96029588778518
2018-09-17 05:00:00,0.93,0.0,0.48,0.92,27.0,69.0,20.8,998.9,9.7,1.4235782507653008,3.197409101749103
2018-09-17 06:00:00,0.92,0.0,0.05,0.92,27.4,67.0,20.6,999.2,11.5,2.5357095704441956,5.4378467222199
2018-09-17 07:00:00,0.97,0.0,0.11,0.96,28.3,62.0,20.4,1000.1,16.6,3.6034509967857926,5.766727053863697
2018-09-17 08:00:00,1.0,0.0,0.14,0.99,30.5,52.0,19.4,1000.8,19.1,3.269385687200963,4.669166652447253
2018-09-17 09:00:00,0.99,0.0,0.14,0.99,32.4,46.0,19.1,1000.8,18.4,3.600102662948871,2.1631599146222285
2018-09-17 10:00:00,0.98,0.0,0.08,0.98,34.7,39.0,18.5,1000.3,31.7,6.49109197590473,0.340183715579138
2018-09-17 11:00:00,0.99,0.07,0.12,0.99,36.2,34.0,18.0,999.5,29.2,10.4,1.910449006669871e-15
2018-09-17 12:00:00,1.0,0.0,0.39,1.0,37.7,31.0,17.5,998.3,31.7,12.552053195955994,-1.0981623586204894
2018-09-17 13:00:00,1.0,0.02,0.7,0.99,36.3,32.0,17.2,997.4,32.0,11.15840085217396,2.7821017993961794
2018-09-17 14:00:00,0.99,0.0,0.41,0.99,36.5,32.0,17.2,997.0,31.0,13.291897999353974,-0.46416330614326706
2018-09-17 15:00:00,0.99,0.02,0.11,0.99,35.7,34.0,17.5,996.5,35.3,16.2,2.975891721928068e-15
2018-09-17 16:00:00,1.0,0.0,0.03,1.0,34.7,36.0,17.5,996.5,41.8,20.840223986557405,3.300767212348875
2018-09-17 17:00:00,1.0,0.02,0.09,1.0,34.7,34.0,16.4,997.1,42.8,9.032169979936029,-1.109011024986844
2018-09-17 18:00:00,1.0,0.01,0.02,1.0,32.9,38.0,16.9,997.9,21.6,11.840127021902445,4.3094538059034235
2018-09-17 19:00:00,0.97,0.01,0.0,0.97,31.5,46.0,18.4,998.6,33.1,17.30911608293094,5.291927855481542
2018-09-17 20:00:00,0.99,0.0,0.0,0.99,30.4,51.0,19.0,999.6,33.5,15.135340043512056,7.057724971069676
2018-09-17 21:00:00,0.98,0.0,0.0,0.98,29.5,56.0,19.9,1000.3,31.0,12.663925575975904,8.224049428726907
2018-09-17 22:00:00,0.76,0.0,0.0,0.76,28.5,63.0,20.9,1000.7,27.7,10.092681082344551,9.411577368862481
2018-09-17 23:00:00,0.93,0.0,0.0,0.93,27.4,69.0,21.3,1000.4,25.9,9.752576548893726,10.45835793315414
2018-09-18 00:00:00,0.94,0.0,0.0,0.94,26.8,72.0,21.3,999.8,26.6,10.465180361560902,10.465180361560906
2018-09-18 01:00:00,0.91,0.0,0.0,0.91,26.5,73.0,21.1,999.1,27.4,10.824034783963722,10.09357572892498
2018-09-18 02:00:00,0.91,0.0,0.0,0.91,26.2,74.0,21.1,998.6,27.0,10.032455143944825,9.033263185844584
2018-09-18 03:00:00,0.9,0.0,0.0,0.9,26.0,75.0,21.1,998.2,24.5,9.422346650363428,7.906287599144436
2018-09-18 04:00:00,0.93,0.0,0.0,0.93,25.9,75.0,21.0,998.3,22.0,7.979380812731231,8.556838308944295
2018-09-18 05:00:00,0.91,0.0,0.0,0.98,26.1,74.0,21.0,998.7,21.6,9.752576548893726,10.45835793315414
2018-09-18 06:00:00,0.97,0.0,0.0,0.97,26.6,71.0,20.9,999.3,25.9,9.709673629059505,11.169701787297027
2018-09-18 07:00:00,0.97,0.0,0.05,0.96,28.7,61.0,20.5,1000.0,29.9,10.072546371655461,10.430427104910441
2018-09-18 08:00:00,0.97,0.0,0.03,0.97,31.1,51.0,19.6,1000.7,31.7,11.573653837646853,7.516018683207372
2018-09-18 09:00:00,0.95,0.0,0.01,0.95,33.2,43.0,19.0,1000.8,31.3,11.535140351259829,3.3076482698039866
2018-09-18 10:00:00,0.96,0.0,0.18,0.96,35.0,38.0,18.5,1000.3,35.6,12.283143277481258,0.643732261788215
2018-09-18 11:00:00,0.97,0.01,0.14,0.96,36.0,34.0,17.9,999.2,34.6,13.291897999353974,-0.46416330614326706
2018-09-18 12:00:00,0.99,0.01,0.25,0.98,37.5,30.0,17.1,998.1,35.3,13.34900895442939,-1.1678869528186158
2018-09-18 13:00:00,0.99,0.0,0.38,0.99,38.3,28.0,16.5,996.8,40.0,17.32969120297748,2.435529266801152
2018-09-18 14:00:00,1.0,0.04,0.35,1.0,37.5,30.0,17.0,996.2,46.8,22.269438625026996,1.167091824217658
2018-09-18 15:00:00,1.0,0.0,0.17,0.99,35.5,36.0,18.1,995.9,47.9,20.89546017337039,8.869596616706515
2018-09-18 16:00:00,0.99,0.01,0.12,0.99,34.8,37.0,18.0,996.2,47.5,22.951314143112846,7.0169209133456905
2018-09-18 17:00:00,0.99,0.0,0.05,1.0,32.7,44.0,18.6,997.5,48.2,19.39498664258431,9.044030801250962
2018-09-18 18:00:00,1.0,0.0,0.06,1.0,30.6,52.0,19.5,998.0,41.0,15.773694588509525,9.856498314737614
2018-09-18 19:00:00,1.0,0.0,0.04,1.0,29.1,60.0,20.6,999.1,34.6,12.232947314527271,12.232947314527275
2018-09-18 20:00:00,1.0,0.0,0.05,1.0,28.1,66.0,21.1,1000.0,32.0,11.149766905249093,10.767204742114458
2018-09-18 21:00:00,1.0,0.0,0.04,1.0,27.6,68.0,21.2,1000.7,28.4,11.518744794899613,10.3715243985623
2018-09-18 22:00:00,0.98,0.0,0.02,0.98,27.1,71.0,21.4,1001.1,30.2,12.484833068020226,11.241394186828817
2018-09-18 23:00:00,0.95,0.0,0.0,0.95,26.7,73.0,21.5,1000.6,29.9,12.356620787165832,10.006194217692421
2018-09-19 00:00:00,0.98,0.0,0.0,0.98,26.6,73.0,21.4,1000.0,28.4,11.101033589657371,8.36522882181347
2018-09-19 01:00:00,0.97,0.0,0.0,0.97,26.5,73.0,21.2,999.2,25.2,10.403230962470193,7.2844207416582885
2018-09-19 02:00:00,0.97,0.0,0.0,0.97,26.0,74.0,21.1,998.8,23.0,10.062807426595889,7.582869291715808
2018-09-19 03:00:00,0.93,0.0,0.0,0.93,25.8,76.0,21.1,998.3,23.4,10.480543022969405,8.188297621831254
2018-09-19 04:00:00,0.96,0.0,0.0,0.96,25.5,77.0,21.1,998.2,23.8,9.325751537483647,7.5518446925980545
2018-09-19 05:00:00,0.98,0.0,0.0,0.99,25.9,75.0,21.1,998.5,21.2,8.272407703894489,7.988571260278468
2018-09-19 06:00:00,0.99,0.0,0.0,0.99,26.2,74.0,21.1,999.2,21.2,7.494262791219212,8.323222045346816
2018-09-19 07:00:00,0.65,0.0,0.0,0.65,28.2,64.0,20.8,1000.0,23.4,7.8408038236912985,7.57177623800307
2018-09-19 08:00:00,0.77,0.0,0.0,0.77,31.4,50.0,19.6,1000.7,27.0,10.423721839997086,3.1868515814778346
2018-09-19 09:00:00,0.98,0.0,0.0,0.98,33.9,40.0,18.4,1000.8,28.4,11.13864522812466,-1.1707187885977133
2018-09-19 10:00:00,1.0,0.0,0.0,1.0,35.2,37.0,18.2,1000.2,37.8,12.623222778712067,-3.8593065023401243
2018-09-19 11:00:00,1.0,0.01,0.01,1.0,36.0,34.0,17.9,999.1,35.3,7.1718815985430435,-3.9754388860199654
2018-09-19 12:00:00,1.0,0.0,0.33,1.0,37.3,31.0,17.3,997.8,28.1,6.10580806867569,1.0766187015349682
2018-09-19 13:00:00,1.0,0.02,0.69,1.0,38.0,29.0,17.1,996.5,31.3,13.333792598034359,2.111865278043119
2018-09-19 14:00:00,0.99,0.01,0.24,0.98,35.2,34.0,17.1,996.1,39.6,16.544770250605097,-2.9172893848044237
2018-09-19 15:00:00,1.0,0.03,0.73,1.0,36.2,33.0,17.3,995.7,35.3,15.476313304606938,4.437761428653682
2018-09-19 16:00:00,1.0,0.03,0.52,1.0,34.0,39.0,18.0,996.1,45.7,22.7132391164918,1.987150934646608
2018-09-19 17:00:00,0.98,0.02,0.2,1.0,33.2,40.0,17.9,996.7,43.9,-6.1520748540052415,1.764079077228794
2018-09-19 18:00:00,0.99,0.06,0.24,0.99,32.0,45.0,18.5,997.4,15.5,-8.314254606237347,-1.7672493719509554
2018-09-19 19:00:00,0.99,0.0,0.0,0.99,31.1,51.0,19.8,998.2,18.4,-7.571079705497266,0.6623836448822026
2018-09-19 20:00:00,1.0,0.0,0.0,1.0,30.8,52.0,19.8,998.8,14.4,-1.0324674692655245,6.5187430479279085
2018-09-19 21:00:00,0.99,0.0,0.0,0.99,30.2,51.0,18.9,999.1,17.3,4.738350289172498,7.8859391664594325
2018-09-19 22:00:00,0.87,0.0,0.0,0.87,28.9,59.0,20.1,999.0,17.3,6.410784584587485,6.874724795220204
2018-09-19 23:00:00,0.96,0.0,0.0,0.96,28.1,63.0,20.4,998.5,17.3,7.885939166459431,4.7383502891725
2018-09-20 00:00:00,1.0,0.0,0.0,1.0,27.6,63.0,20.0,997.8,16.9,6.859756131737131,2.49674704627738
2018-09-20 01:00:00,0.98,0.0,0.0,0.98,27.4,63.0,19.6,997.0,14.4,7.612985411107861,3.549993398621873
2018-09-20 02:00:00,1.0,0.0,0.0,1.0,27.2,63.0,19.5,996.7,17.6,8.660254037844384,5.000000000000004
2018-09-20 03:00:00,1.0,0.0,0.0,1.0,26.8,65.0,19.8,996.3,17.6,6.8556935563784815,5.356254835333225
2018-09-20 04:00:00,1.0,0.0,0.0,1.0,26.5,68.0,20.1,996.5,15.5,5.777694242791446,5.387787044493739
2018-09-20 05:00:00,0.98,0.0,0.0,1.0,26.0,73.0,20.8,996.2,17.6,9.805368871922918,8.227681403987706
2018-09-20 06:00:00,0.96,0.0,0.0,0.96,26.5,71.0,20.8,996.7,26.3,10.775599969422219,9.702393792203443
2018-09-20 07:00:00,1.0,0.0,0.0,1.0,28.3,62.0,20.4,997.6,29.2,10.458357933154137,9.75257654889373
2018-09-20 08:00:00,0.98,0.01,0.0,0.98,31.2,50.0,19.5,998.4,31.3,12.583116648188335,6.137196055047088
2018-09-20 09:00:00,0.96,0.0,0.0,0.96,33.4,42.0,18.8,998.8,36.4,15.845991131887649,3.3681693912477084
2018-09-20 10:00:00,0.97,0.0,0.37,0.96,35.2,37.0,18.2,998.3,42.1,16.58988772851699,-0.5793316452615214
2018-09-20 11:00:00,0.99,0.54,0.39,0.99,37.0,34.0,18.4,997.3,41.4,16.54838338353567,5.376895702124087
2018-09-20 12:00:00,0.99,0.21,0.47,0.99,36.2,35.0,18.5,996.6,41.0,15.129051194653128,5.506524307543264
2018-09-20 13:00:00,0.99,0.16,0.35,0.99,34.0,43.0,19.6,995.8,43.6,12.484833068020226,11.241394186828817
2018-09-20 14:00:00,0.99,0.03,0.38,0.99,35.7,38.0,19.2,995.1,42.5,17.276638428678886,3.3582383186271856
2018-09-20 15:00:00,0.96,0.0,0.11,0.95,33.6,44.0,19.5,994.8,42.1,15.770815478134109,8.03563184538998
2018-09-20 16:00:00,0.99,0.0,0.3,0.99,32.5,49.0,20.4,995.1,40.3,16.197718636587737,10.121457946854216
2018-09-20 17:00:00,1.0,0.0,0.15,0.97,31.1,54.0,20.6,995.7,43.2,16.16336113348121,17.333082728374343
2018-09-20 18:00:00,0.99,0.0,0.11,0.99,29.0,63.0,21.4,995.8,45.4,15.56034749828154,16.113211527585783
2018-09-20 19:00:00,0.98,0.0,0.03,0.98,28.0,67.0,21.4,996.4,41.4,13.647160876900367,13.64716087690037
2018-09-20 20:00:00,0.97,0.0,0.01,0.97,27.1,72.0,21.8,997.5,37.8,13.383604191406343,15.39607543654455
2018-09-20 21:00:00,0.95,0.0,0.0,0.95,26.7,75.0,21.8,998.2,37.8,11.820700326252636,15.129806469249061
2018-09-20 22:00:00,0.94,0.02,0.0,0.94,26.2,76.0,21.8,998.6,35.3,11.453631117107044,14.144056498516868
2018-09-20 23:00:00,0.86,0.0,0.0,0.85,25.9,78.0,21.7,998.5,33.5,12.586500705120546,12.58650070512055
2018-09-21 00:00:00,0.94,0.0,0.0,0.94,25.5,78.0,21.4,997.8,32.4,11.879393923933998,11.879393923934002
2018-09-21 01:00:00,0.83,0.0,0.0,0.83,25.0,78.0,20.8,997.1,30.2,10.773002762377619,11.964631690186048
2018-09-21 02:00:00,0.83,0.0,0.0,0.83,24.7,77.0,20.3,996.9,29.9,11.457572449049973,12.286742187202066
2018-09-21 03:00:00,0.87,0.0,0.0,0.87,24.5,76.0,20.0,996.9,29.9,10.790097005079767,10.419875556884959
2018-09-21 04:00:00,0.93,0.0,0.0,0.93,24.6,74.0,19.7,997.0,26.6,7.951649632608119,7.1596974880397815
2018-09-21 05:00:00,0.95,0.0,0.0,0.85,24.5,74.0,19.5,996.6,19.1,3.606244584051392,3.606244584051393
2018-09-21 06:00:00,0.57,0.0,0.0,0.57,25.1,72.0,19.8,996.6,11.2,3.6133052743378347,4.012982057577929
2018-09-21 07:00:00,0.85,0.0,0.0,0.85,27.5,63.0,19.8,997.8,15.1,3.2095339943541714,3.9634444034305507
2018-09-21 08:00:00,0.94,0.0,0.0,0.94,30.4,48.0,18.1,998.7,18.4,3.96344440343055,3.2095339943541727
2018-09-21 09:00:00,0.9,0.0,0.0,0.9,33.2,37.0,16.7,999.3,22.3,5.766727053863696,3.603450996785794
2018-09-21 10:00:00,0.79,0.0,0.0,0.79,35.7,30.0,15.6,998.8,27.7,8.993683389297836,3.633683956134349
2018-09-21 11:00:00,0.58,0.0,0.0,0.58,37.3,27.0,15.1,998.2,31.0,10.060016436106816,4.691062705321761
2018-09-21 12:00:00,0.03,0.0,0.03,0.01,39.0,23.0,14.4,996.9,32.0,8.3028386226597,5.3919264466487675
2018-09-21 13:00:00,0.22,0.0,0.22,0.01,39.9,21.0,13.3,995.9,37.8,16.24532266135759,4.658271313307281
2018-09-21 14:00:00,0.2,0.0,0.16,0.06,38.9,23.0,13.7,994.9,47.2,21.596710215378053,0.3769719790453236
2018-09-21 15:00:00,0.09,0.0,0.09,0.0,38.2,24.0,13.9,994.6,46.8,20.187694705785734,-0.7049698333905259
2018-09-21 16:00:00,0.0,0.0,0.0,0.0,36.7,28.0,14.9,995.0,48.6,24.118871484884128,2.9614250447450763
2018-09-21 17:00:00,0.0,0.0,0.01,0.14,34.6,31.0,15.2,996.3,51.8,20.87792436385881,3.681341366538923
2018-09-21 18:00:00,0.27,0.0,0.0,0.27,32.7,37.0,16.2,997.1,40.3,18.01810223139599,6.916501426224304
2018-09-21 19:00:00,0.42,0.0,0.0,0.42,31.0,44.0,17.5,998.3,40.3,19.732581885080183,8.785511490437283
2018-09-21 20:00:00,0.74,0.0,0.0,0.74,29.4,55.0,19.4,999.4,40.0,16.580751451100838,11.183858069414931
2018-09-21 21:00:00,0.76,0.0,0.0,0.76,28.2,62.0,20.2,1000.1,37.1,14.299485690808257,11.579495195317016
2018-09-21 22:00:00,0.22,0.0,0.0,0.22,27.5,65.0,20.2,1000.2,34.2,10.458357933154137,9.75257654889373
2018-09-21 23:00:00,0.06,0.0,0.0,0.06,26.9,66.0,19.9,1000.2,25.9,5.466402846319999,7.523858047687012
2018-09-22 00:00:00,0.8,0.0,0.0,0.8,26.3,66.0,19.5,999.6,19.1,6.095202647831139,9.036509540849956
2018-09-22 01:00:00,0.78,0.0,0.0,0.78,26.0,67.0,19.5,999.1,20.9,7.494262791219212,8.323222045346816
2018-09-22 02:00:00,0.74,0.0,0.0,0.74,25.8,68.0,19.4,998.7,20.2,7.2085048071307245,6.490566881680923
2018-09-22 03:00:00,0.99,0.0,0.0,0.99,25.6,69.0,19.5,998.7,17.3,6.505382386916236,6.505382386916239
2018-09-22 04:00:00,0.5,0.0,0.0,0.5,25.4,72.0,19.9,999.1,16.6,5.750880114781583,4.656970893768801
2018-09-22 05:00:00,0.06,0.0,0.0,0.47,25.2,73.0,20.1,998.8,13.0,3.984778792366982,-0.34862297099063155
2018-09-22 06:00:00,0.41,0.0,0.0,0.41,26.0,69.0,20.0,999.4,10.1,3.984778792366982,-0.34862297099063155
2018-09-22 07:00:00,0.7,0.0,0.0,0.7,28.1,56.0,18.6,1000.5,12.2,2.4992804094396295,0.7166571251241971
2018-09-22 08:00:00,0.71,0.0,0.0,0.71,30.7,43.0,16.6,1001.4,16.2,-4.0,-2.4492935982947064e-16
2018-09-22 09:00:00,0.52,0.0,0.0,0.52,32.8,37.0,16.4,1001.7,21.2,-5.062776693988422,2.149021206691006
2018-09-22 10:00:00,0.05,0.0,0.0,0.05,34.9,33.0,16.4,1001.7,21.2,-2.5242120488351993,3.2308440897875594
2018-09-22 11:00:00,0.49,0.0,0.0,0.49,36.8,29.0,15.9,1000.8,23.0,-2.1976149610516376,4.7128004925905795
2018-09-22 12:00:00,0.56,0.0,0.03,0.55,37.9,27.0,15.5,999.8,25.2,-3.938161190359571,5.420413862312147
2018-09-22 13:00:00,0.4,0.0,0.23,0.28,39.3,24.0,15.1,998.5,25.2,-1.1257730727216153,5.791600382341217
2018-09-22 14:00:00,0.75,0.0,0.56,0.58,38.3,26.0,15.3,998.0,30.2,-5.493285046848517,10.781178942679249
2018-09-22 15:00:00,0.84,0.0,0.56,0.74,35.3,38.0,19.0,998.1,37.4,-11.92106533639248,11.116573269018724
2018-09-22 16:00:00,0.82,0.0,0.39,0.77,35.0,39.0,18.9,998.0,37.1,-12.312003157002994,13.67386478878405
2018-09-22 17:00:00,0.95,0.0,0.24,0.96,33.2,46.0,20.1,998.4,38.9,-7.1894527642026365,16.937289303524903
2018-09-22 18:00:00,0.91,0.0,0.19,0.89,32.5,47.0,19.8,999.2,35.6,-5.694020219921866,14.093194589415166
2018-09-22 19:00:00,0.89,0.0,0.16,0.87,31.5,50.0,19.9,1000.4,29.2,-6.219669846431792,12.206789381380638
2018-09-22 20:00:00,0.48,0.0,0.14,0.41,30.6,53.0,19.8,1001.3,25.9,-1.011006615872835,11.555858497864248
2018-09-22 21:00:00,0.33,0.0,0.19,0.21,29.5,59.0,20.6,1001.9,22.3,2.098898949141992,10.797899017924303
2018-09-22 22:00:00,0.38,0.0,0.27,0.2,28.9,64.0,21.3,1002.3,20.2,2.5105447374944516,9.369480515003962
2018-09-22 23:00:00,0.29,0.01,0.29,0.04,28.6,66.0,21.5,1002.4,17.6,4.040515447681965,7.929958065276475
2018-09-23 00:00:00,0.18,0.0,0.14,0.06,28.4,66.0,21.5,1001.7,16.2,4.34231069824388,5.362307134053099
2018-09-23 01:00:00,0.11,0.01,0.08,0.06,28.0,66.0,21.1,1001.2,11.9,2.187429987478853,-0.7107390870623785
2018-09-23 02:00:00,0.16,0.02,0.07,0.1,27.8,67.0,21.1,1000.9,4.7,-0.6883116461770159,-4.3458286986186065
2018-09-23 03:00:00,0.11,0.02,0.08,0.03,27.6,69.0,21.4,1001.0,5.0,-3.9282454678631837,-1.7489675652259409
2018-09-23 04:00:00,0.11,0.0,0.08,0.03,27.5,76.0,22.8,1001.4,7.6,-4.685893304218874,-1.4326213531414103
2018-09-23 05:00:00,0.09,0.01,0.09,0.21,27.5,74.0,22.4,1001.9,10.8,-2.8512208774027776,1.4527695991665497
2018-09-23 06:00:00,0.39,0.02,0.06,0.37,27.9,73.0,22.6,1002.5,6.8,-1.7677669529663689,1.7677669529663687
2018-09-23 07:00:00,0.73,0.01,0.03,0.72,29.4,62.0,21.5,1003.4,11.5,-1.7677669529663687,-1.7677669529663689
2018-09-23 08:00:00,0.91,0.01,0.0,0.91,31.2,52.0,20.2,1003.8,15.5,1.1109406435904323,-2.894099322141325
2018-09-23 09:00:00,0.91,0.0,0.0,0.91,33.5,43.0,19.4,1003.9,18.0,2.8940993221413254,-1.1109406435904312
2018-09-23 10:00:00,0.84,0.01,0.04,0.84,35.2,38.0,18.8,1003.6,20.2,3.281922254715302,0.3449439287832561
2018-09-23 11:00:00,0.84,0.0,0.08,0.83,36.7,34.0,18.5,1002.6,19.8,2.894099322141325,1.1109406435904323
2018-09-23 12:00:00,0.65,0.0,0.09,0.64,38.2,31.0,18.2,1001.4,22.0,1.4326213531414103,4.685893304218874
2018-09-23 13:00:00,0.78,0.0,0.39,0.68,39.0,30.0,18.0,999.8,25.9,-4.600821315301729,8.652886410017485
2018-09-23 14:00:00,0.69,0.0,0.48,0.57,32.7,48.0,20.1,999.6,46.4,-15.464481538000998,6.5642829586198
2018-09-23 15:00:00,0.99,0.07,0.41,0.99,33.2,47.0,20.4,999.5,36.7,-7.494262791219215,8.323222045346812
2018-09-23 16:00:00,0.82,0.12,0.32,0.76,32.1,50.0,20.4,1000.0,28.1,1.3638963894086422,9.704627073667389
2018-09-23 17:00:00,0.42,0.02,0.12,0.3,32.8,52.0,21.9,999.6,25.6,-3.9754388860199645,7.171881598543044
2018-09-23 18:00:00,0.15,0.05,0.08,0.1,32.0,55.0,21.9,1000.2,16.6,-0.35342109587492787,2.8783838397598336
2018-09-23 19:00:00,0.62,0.43,0.2,0.51,29.0,72.0,23.4,1001.5,10.8,-2.8999999999999995,-5.022947341949744
2018-09-23 20:00:00,0.82,0.02,0.2,0.79,28.1,77.0,23.7,1002.6,19.8,-8.980088637561916,-6.524416300446451
2018-09-23 21:00:00,0.94,0.01,0.22,0.93,26.6,82.0,23.2,1003.8,24.8,-6.825559592577449,-9.747909327039002
2018-09-23 22:00:00,0.92,0.02,0.22,0.9,25.4,89.0,23.5,1004.2,24.1,-2.2246550917500247,-10.46617932785172
2018-09-23 23:00:00,0.96,0.13,0.27,0.95,25.0,92.0,23.6,1004.4,26.6,3.986319227436825,-12.26862906020748
2018-09-24 00:00:00,0.97,0.08,0.14,0.96,25.0,93.0,23.8,1003.6,24.1,3.8703738550892486,-10.082668606169777
2018-09-24 01:00:00,0.99,0.02,0.15,0.99,24.6,91.0,23.0,1002.8,19.8,2.8652427062828245,-9.371786608437747
2018-09-24 02:00:00,1.0,0.02,0.15,1.0,24.5,90.0,22.8,1001.6,18.0,1.4861274178821957,-9.383039235653808
2018-09-24 03:00:00,0.93,0.01,0.09,0.92,24.8,89.0,22.9,1001.7,16.6,2.8738041798367546,-6.16289295184922
2018-09-24 04:00:00,0.94,0.04,0.37,0.92,24.7,90.0,23.0,1001.9,11.9,2.562440851377541,-5.755336383148386
2018-09-24 05:00:00,0.95,0.0,0.1,0.91,25.1,89.0,23.1,1001.6,10.4,1.0793978087775948,-6.81504955010645
2018-09-24 06:00:00,0.83,0.01,0.12,0.82,25.8,83.0,22.7,1002.4,14.4,2.542346798541463,-4.989636535454859
2018-09-24 07:00:00,0.85,0.01,0.13,0.83,27.0,76.0,22.4,1003.2,12.2,1.4554435894139948,-0.36288284339950116
2018-09-24 08:00:00,0.92,0.01,0.14,0.92,29.4,64.0,21.9,1003.9,13.3,1.8,3.3065463576978537e-16
2018-09-24 09:00:00,0.94,0.07,0.1,0.93,31.6,55.0,21.5,1004.4,18.7,1.0606601717798212,1.0606601717798214
2018-09-24 10:00:00,0.97,0.18,0.08,0.96,33.7,49.0,21.5,1004.3,18.4,0.3628828433995013,1.4554435894139948
2018-09-24 11:00:00,0.98,0.47,0.57,0.96,35.0,43.0,20.7,1003.0,19.1,2.9,5.327213576290986e-16
2018-09-24 12:00:00,0.97,0.33,0.52,0.95,30.9,61.0,22.6,1002.7,20.9,-3.914289369316413,6.514471485336053
2018-09-24 13:00:00,0.98,0.01,0.43,0.97,30.0,61.0,21.6,1001.3,28.8,-9.0,-5.51091059616309e-16
2018-09-24 14:00:00,0.97,0.16,0.14,0.96,31.8,54.0,21.1,1000.5,23.4,-5.34744757120448,0.7515347451843529
2018-09-24 15:00:00,0.96,0.1,0.28,0.96,31.5,55.0,21.4,1000.0,21.6,-4.716281451675525,7.547628055792192
2018-09-24 16:00:00,0.96,0.07,0.07,0.96,31.2,59.0,22.3,1000.2,25.6,-2.887830165838183,6.486172749262465
2018-09-24 17:00:00,0.97,0.0,0.1,0.95,28.8,68.0,22.4,1001.0,18.7,-2.0988989491419945,10.797899017924303
2018-09-24 18:00:00,0.97,0.01,0.4,0.96,28.0,72.0,22.4,1001.7,22.7,-0.3140954703225103,8.994517443171862
2018-09-24 19:00:00,0.96,0.0,0.41,0.95,27.8,74.0,22.6,1002.4,18.0,-0.7059932828932164,3.6320205787563564
2018-09-24 20:00:00,0.97,0.0,0.03,0.97,27.9,74.0,22.8,1002.9,9.0,-1.111012477946399,3.633958072659535
2018-09-24 21:00:00,0.99,0.0,0.03,0.99,27.6,77.0,23.1,1003.6,8.3,-2.4853631043215887,1.0549740469210394
2018-09-24 22:00:00,0.99,0.0,0.03,0.99,27.5,77.0,23.1,1003.9,7.2,-3.23084408978756,2.524212048835199
2018-09-24 23:00:00,0.98,0.04,0.1,0.97,27.0,80.0,23.4,1003.9,7.2,-1.4142135623730951,1.414213562373095
2018-09-25 00:00:00,0.98,0.06,0.07,0.98,26.9,87.0,24.5,1003.2,3.2,0.36319239979163737,0.7128052193506944
2018-09-25 01:00:00,0.97,0.07,0.12,0.97,26.5,84.0,23.5,1002.2,1.8,0.7128052193506944,-0.3631923997916373
2018-09-25 02:00:00,1.0,0.09,0.11,1.0,26.2,86.0,23.8,1001.5,4.3,1.7677669529663693,-1.7677669529663684
2018-09-25 03:00:00,0.52,0.08,0.1,0.48,25.9,88.0,23.8,1001.3,4.7,1.4142135623730954,-1.4142135623730947
2018-09-25 04:00:00,0.21,0.08,0.08,0.16,25.9,88.0,23.7,1001.3,4.7,1.7677669529663693,-1.7677669529663684
2018-09-25 05:00:00,0.85,0.09,0.28,0.45,25.6,93.0,24.5,1001.7,4.7,1.4375439180851277,-1.0832670416736863
2018-09-25 06:00:00,0.52,0.0,0.25,0.44,25.9,89.0,23.9,1001.9,7.2,1.800051331474436,-1.0815799573111138
2018-09-25 07:00:00,0.67,0.0,0.13,0.63,26.9,81.0,23.4,1002.6,10.1,1.0777488443215542,-0.7269507745119711
2018-09-25 08:00:00,0.78,0.0,0.05,0.77,28.9,70.0,22.9,1003.4,14.0,2.138415658052083,1.0895771993749126
2018-09-25 09:00:00,0.95,0.01,0.02,0.95,30.8,62.0,22.6,1003.4,15.1,-2.2043642384652358e-16,1.8
2018-09-25 10:00:00,0.9,0.06,0.04,0.89,32.5,54.0,22.0,1003.3,17.3,1.1,2.0206672185931328e-16
2018-09-25 11:00:00,0.9,0.08,0.33,0.86,33.9,50.0,21.9,1002.3,17.3,1.4256104387013888,-0.7263847995832746
2018-09-25 12:00:00,0.93,0.0,0.27,0.92,34.4,48.0,21.8,1001.0,17.6,-2.4905416147351476,-2.1649947956686737
2018-09-25 13:00:00,0.92,0.0,0.22,0.91,35.2,45.0,21.3,999.4,19.4,-4.7,-2.8779199779962803e-16
2018-09-25 14:00:00,0.93,0.05,0.26,0.92,35.3,44.0,21.3,998.4,21.2,-2.499280409439629,0.7166571251241975
2018-09-25 15:00:00,0.99,0.33,0.3,0.99,31.5,63.0,23.5,998.0,27.0,-3.859306502340123,12.62322277871207
2018-09-25 16:00:00,1.0,0.0,0.08,1.0,31.6,61.0,23.1,997.9,28.8,-4.403707847473604,8.642763284627167
2018-09-25 17:00:00,0.99,0.3,0.73,0.9,29.9,65.0,22.5,999.0,22.0,-0.7059932828932164,3.6320205787563564
2018-09-25 18:00:00,1.0,0.0,0.09,1.0,26.6,85.0,23.9,999.9,14.8,-1.0324674692655236,-6.518743047927909
2018-09-25 19:00:00,0.89,0.1,0.08,0.88,26.7,84.0,23.8,1000.6,13.7,-0.7059932828932158,-3.632020578756357
2018-09-25 20:00:00,0.93,0.02,0.14,0.92,26.7,86.0,24.2,1001.4,10.1,-3.2498011250210608,-4.312631754255381
2018-09-25 21:00:00,0.99,0.08,0.26,0.99,26.1,90.0,24.3,1002.4,16.9,-6.836932394392027,-6.156001578501495
2018-09-25 22:00:00,0.99,0.07,0.24,0.99,26.0,90.0,24.1,1002.4,16.2,-7.59396739791272,-2.1775351109542935
2018-09-25 23:00:00,0.98,0.1,0.32,0.97,25.7,91.0,24.0,1002.1,14.4,-3.9758649556096977,-6.122295146001595
2018-09-26 00:00:00,0.98,0.05,0.2,0.98,25.1,92.0,23.8,1001.6,16.2,-2.1013155617496424,-6.467184310807044
2018-09-26 01:00:00,0.98,0.1,0.17,0.98,24.8,93.0,23.5,1000.8,14.4,-0.7097828148963337,-5.050367150582009
2018-09-26 02:00:00,0.97,0.11,0.19,0.97,24.5,94.0,23.5,1000.1,11.2,1.4214781741247593,-4.3748599749577055
2018-09-26 03:00:00,0.97,0.1,0.33,0.97,24.4,94.0,23.5,999.9,11.9,0.7068421917498539,-5.756767679519668
2018-09-26 04:00:00,0.96,0.12,0.25,0.95,24.5,94.0,23.5,999.9,11.2,2.545584412271572,-2.5455844122715705
2018-09-26 05:00:00,0.95,0.15,0.26,0.96,24.4,94.0,23.2,1000.0,7.6,0.3557580160950407,-5.087576656325103
2018-09-26 06:00:00,0.93,0.06,0.18,0.93,25.0,90.0,23.2,1000.1,11.5,7.837739514543061e-16,-3.2
2018-09-26 07:00:00,0.91,0.03,0.16,0.9,26.2,84.0,23.2,1001.1,12.6,-1.4364846019678086,-3.9467090073008158
2018-09-26 08:00:00,0.91,0.03,0.13,0.9,28.4,72.0,23.0,1001.7,16.9,-0.7068421917498553,-5.756767679519667
2018-09-26 09:00:00,0.87,0.02,0.09,0.87,30.8,61.0,22.4,1002.2,19.8,1.4940690949597709e-15,-6.1
2018-09-26 10:00:00,0.84,0.02,0.06,0.83,32.3,55.0,22.1,1001.7,20.2,0.4045875477159287,-5.78587149150698
2018-09-26 11:00:00,0.55,0.02,0.45,0.38,33.4,52.0,22.1,1000.9,20.5,1.2246467991473533e-15,-5.0
2018-09-26 12:00:00,0.44,0.08,0.35,0.3,33.8,51.0,22.1,999.9,20.2,-1.8159619989581872,-3.5640260967534716
2018-09-26 13:00:00,0.34,0.04,0.31,0.1,34.3,49.0,22.2,998.5,19.1,-3.23084408978756,-2.524212048835199
2018-09-26 14:00:00,0.28,0.1,0.22,0.06,34.2,50.0,22.4,997.3,18.4,-4.32637281122647,-1.8364363038995866
2018-09-26 15:00:00,0.45,0.26,0.27,0.23,33.6,51.0,22.0,997.0,20.9,-8.588939923774255,3.296985135816762
2018-09-26 16:00:00,0.96,0.95,0.47,0.45,29.1,75.0,24.3,997.8,31.7,-1.4624321208617705,11.910553819695863
2018-09-26 17:00:00,0.76,0.25,0.4,0.59,29.9,65.0,22.7,997.6,25.9,11.468128620045881,8.03007010891465
2018-09-26 18:00:00,0.74,0.44,0.45,0.52,28.1,74.0,23.1,998.6,26.6,7.159697488039782,7.951649632608118
2018-09-26 19:00:00,0.54,0.1,0.28,0.37,27.9,77.0,23.4,999.4,18.7,6.440453362786737,1.8467702839738926
2018-09-26 20:00:00,0.6,0.22,0.35,0.46,27.5,79.0,23.5,1000.4,11.9,3.935788682127282,2.1816432911085157
2018-09-26 21:00:00,0.64,0.06,0.28,0.51,27.4,81.0,23.9,1001.2,7.6,5.388445916248355e-16,-2.2
2018-09-26 22:00:00,0.38,0.01,0.31,0.12,26.6,88.0,24.5,1001.6,11.2,-2.5624408513775414,-5.755336383148386
2018-09-26 23:00:00,0.32,0.04,0.3,0.05,26.1,90.0,24.4,1001.6,10.4,-1.7640790772287946,-6.1520748540052415
2018-09-27 00:00:00,0.93,0.16,0.41,0.9,25.5,92.0,24.0,1001.1,16.6,-4.971631089293716,-6.139453095510071
2018-09-27 01:00:00,0.96,0.19,0.5,0.95,24.9,93.0,23.6,1000.4,15.5,-6.151828996322962,-6.151828996322964
2018-09-27 02:00:00,0.95,0.15,0.41,0.92,24.5,91.0,23.0,1000.1,17.3,-4.995869326627525,-8.31452281681049
2018-09-27 03:00:00,0.95,0.04,0.35,0.94,24.5,92.0,23.0,999.3,16.9,0.3557580160950407,-5.087576656325103
2018-09-27 04:00:00,0.95,0.06,0.34,0.93,24.5,92.0,23.1,999.5,11.5,4.658019105832603,-5.35843801958168
2018-09-27 05:00:00,0.82,0.0,0.12,0.95,24.6,92.0,23.2,999.5,19.4,-4.012982057577929,-3.6133052743378347
2018-09-27 06:00:00,0.92,0.01,0.07,0.92,25.2,88.0,23.2,1000.1,11.9,-3.2498011250210608,-4.312631754255381
2018-09-27 07:00:00,0.99,0.01,0.05,0.99,26.9,80.0,23.1,1001.0,15.5,-1.7640790772287946,-6.1520748540052415
2018-09-27 08:00:00,0.99,0.02,0.04,0.99,29.0,68.0,22.5,1001.5,22.3,-1.4235536318661008,-8.987963899415753
2018-09-27 09:00:00,0.95,0.05,0.03,0.95,30.9,60.0,22.1,1001.7,23.4,-2.12231616984067,-7.92059177557036
2018-09-27 10:00:00,0.98,0.08,0.14,0.97,32.4,53.0,21.8,1001.0,23.0,-3.2693856872009626,-4.669166652447253
2018-09-27 11:00:00,0.62,0.16,0.17,0.58,33.7,49.0,21.3,1000.2,21.2,-4.664264528860342,-2.914555953282627
2018-09-27 12:00:00,0.29,0.22,0.26,0.04,34.3,47.0,21.4,998.9,21.2,-6.5,-3.9801020972288977e-16
2018-09-27 13:00:00,0.19,0.08,0.19,0.0,34.5,47.0,21.4,997.9,21.2,-3.6,-2.2043642384652358e-16
2018-09-27 14:00:00,0.42,0.01,0.36,0.11,35.0,44.0,21.1,996.9,19.8,-6.467184310807045,2.101315561749642
2018-09-27 15:00:00,0.63,0.0,0.23,0.55,31.2,63.0,23.2,997.2,31.3,-6.518006950068422,10.43099158272404
2018-09-27 16:00:00,0.44,0.11,0.11,0.37,30.7,64.0,23.1,997.4,28.4,-2.5950023371210116,13.350129694888228
2018-09-27 17:00:00,0.9,0.16,0.28,0.65,30.5,61.0,22.0,998.2,28.4,-5.39192644664877,8.302838622659698
2018-09-27 18:00:00,0.87,0.25,0.27,0.83,29.6,68.0,23.0,999.0,19.1,4.679622242152313,2.488199282765221
2018-09-27 19:00:00,0.94,0.67,0.19,0.91,27.8,79.0,23.8,1000.0,9.7,-0.35355339059327373,-0.3535533905932738
2018-09-27 20:00:00,0.97,0.25,0.26,0.97,26.5,89.0,24.5,1001.4,14.4,-3.2678342100901627,-5.032023407672544
2018-09-27 21:00:00,0.96,0.01,0.56,0.94,25.8,94.0,24.8,1002.1,15.1,-2.5624408513775414,-5.755336383148386
2018-09-27 22:00:00,0.98,0.0,0.43,0.96,25.4,96.0,24.6,1002.3,15.8,-3.9858260519352022,-2.490620541896063
2018-09-27 23:00:00,0.98,0.15,0.2,0.97,25.5,94.0,24.4,1001.9,8.3,1.801725498392897,-2.8833635269318476
2018-09-28 00:00:00,0.96,0.04,0.1,0.96,25.1,95.0,24.2,1000.9,17.3,1.0243789400230034,-9.746314574609078
2018-09-28 01:00:00,0.96,0.09,0.07,0.96,24.6,93.0,23.5,1000.0,17.6,-2.092044805397945,-9.06164160250269
2018-09-28 02:00:00,0.96,0.09,0.06,0.96,24.5,91.0,22.9,999.5,16.6,1.934941942652818e-15,-7.9
2018-09-28 03:00:00,0.96,0.05,0.09,0.95,24.5,90.0,22.8,999.4,13.7,-1.469229264399395,-7.558529312547013
2018-09-28 04:00:00,0.97,0.08,0.08,0.96,24.5,91.0,23.0,999.6,15.1,-2.4807362023529924,-8.65135526344487
2018-09-28 05:00:00,0.96,0.02,0.06,0.9,24.6,85.0,22.0,999.7,15.5,-4.313351365237939,-4.31335136523794
2018-09-28 06:00:00,0.71,0.04,0.06,0.7,25.4,82.0,22.0,1000.4,14.0,-3.9758649556096977,-6.122295146001595
2018-09-28 07:00:00,0.72,0.12,0.04,0.69,26.8,76.0,22.3,1001.3,16.9,-1.484676958669509,-6.430842427582553
2018-09-28 08:00:00,0.41,0.1,0.03,0.34,28.4,71.0,22.7,1002.1,16.9,-1.7918397477265013,-4.667902132486009
2018-09-28 09:00:00,0.9,0.21,0.09,0.87,30.2,64.0,22.7,1002.3,17.6,-1.8364363038995868,-4.32637281122647
2018-09-28 10:00:00,0.91,0.22,0.1,0.9,31.9,56.0,22.0,1001.4,20.5,-2.1727182418122895,-5.377666356487367
2018-09-28 11:00:00,0.84,0.18,0.14,0.82,33.0,53.0,22.0,1000.8,20.9,-2.4999999999999996,-4.330127018922194
2018-09-28 12:00:00,0.68,0.15,0.12,0.64,33.8,51.0,22.1,999.6,20.2,-1.4474368994146258,-1.7874357113510329
2018-09-28 13:00:00,0.81,0.57,0.11,0.75,34.5,48.0,22.1,998.0,20.2,-2.1449244407331385,-1.7998053071223101
2018-09-28 14:00:00,0.88,0.41,0.41,0.8,30.8,66.0,23.6,997.7,36.4,-14.105392489560323,11.020340408329282
2018-09-28 15:00:00,0.92,0.13,0.45,0.88,31.5,59.0,22.5,997.6,39.6,-7.5717762380030695,7.840803823691299
2018-09-28 16:00:00,0.98,0.82,0.53,0.98,27.4,82.0,24.1,998.6,28.1,-0.7844016847289237,8.96575228282571
2018-09-28 17:00:00,0.99,0.13,0.26,0.99,27.5,81.0,24.0,998.7,19.1,6.410784584587485,6.874724795220204
2018-09-28 18:00:00,0.98,0.12,0.06,0.98,27.0,85.0,24.2,999.2,19.1,0.7515347451843538,5.34744757120448
2018-09-28 19:00:00,0.99,0.53,0.14,0.99,26.0,90.0,24.2,1000.2,14.0,6.862201078041087,-0.7212463965468057
2018-09-28 20:00:00,0.99,0.01,0.1,0.99,25.5,93.0,24.2,1001.2,17.3,2.562440851377541,-5.755336383148386
2018-09-28 21:00:00,1.0,0.06,0.07,1.0,25.5,92.0,24.1,1001.6,12.6,-1.0886485301985047,-4.366330768241984
2018-09-28 22:00:00,1.0,0.12,0.12,1.0,25.5,91.0,24.0,1001.7,11.5,1.0324674692655254,-6.5187430479279085
2018-09-28 23:00:00,1.0,0.19,0.21,1.0,25.2,91.0,23.6,1001.6,14.4,0.3401837155791384,-6.49109197590473
2018-09-29 00:00:00,1.0,0.2,0.27,1.0,24.6,92.0,23.2,1001.6,13.3,3.199743493625823,-5.772490067120012
2018-09-29 01:00:00,1.0,0.16,0.35,1.0,23.6,97.0,23.1,1001.0,16.9,5.720809726210202,-6.817795543758902
2018-09-29 02:00:00,0.99,0.03,0.44,0.99,23.7,96.0,23.0,1000.0,16.2,4.738350289172501,-7.885939166459431
2018-09-29 03:00:00,1.0,0.11,0.34,1.0,23.8,95.0,23.0,1000.3,17.3,2.5105447374944503,-9.369480515003962
2018-09-29 04:00:00,0.99,0.04,0.2,0.98,23.8,93.0,22.6,1000.4,18.4,-1.5169868004647133,-10.793921949283117
2018-09-29 05:00:00,1.0,0.04,0.01,1.0,24.2,91.0,22.6,1000.3,19.4,-1.469229264399395,-7.558529312547013
2018-09-29 06:00:00,1.0,0.02,0.07,1.0,24.8,89.0,22.8,1001.1,14.8,-1.4171916423663495,-6.1385314081469815
2018-09-29 07:00:00,1.0,0.07,0.21,1.0,25.8,84.0,23.0,1001.9,14.4,-4.64926344627966,-3.6324027044213842
2018-09-29 08:00:00,1.0,0.51,0.12,1.0,27.2,77.0,22.9,1002.7,22.0,-6.877117867544073,-7.121464023352647
2018-09-29 09:00:00,1.0,0.43,0.11,1.0,28.6,71.0,22.8,1002.6,22.7,-3.6319239979163744,-7.128052193506943
2018-09-29 10:00:00,0.99,0.35,0.21,0.99,29.7,66.0,22.7,1002.1,22.0,-3.5499933986218752,-7.61298541110786
2018-09-29 11:00:00,1.0,0.37,0.27,0.99,30.0,65.0,22.9,1001.9,21.6,-4.658019105832602,-5.358438019581681
2018-09-29 12:00:00,1.0,0.41,0.23,1.0,30.9,64.0,23.2,1000.7,20.2,-4.679622242152313,-2.4881992827652213
2018-09-29 13:00:00,0.99,0.53,0.48,0.98,31.4,61.0,22.9,999.4,19.4,-6.1385314081469815,-1.4171916423663489
2018-09-29 14:00:00,0.99,0.34,0.25,0.99,28.6,74.0,23.6,998.9,24.5,-8.332875042061959,6.054188098612473
2018-09-29 15:00:00,0.98,0.02,0.3,0.98,29.0,72.0,23.5,999.0,23.0,1.4235782507653008,3.197409101749103
2018-09-29 16:00:00,0.99,0.0,0.07,0.99,28.4,74.0,23.3,999.1,16.9,-4.31335136523794,4.313351365237939
2018-09-29 17:00:00,0.99,0.07,0.07,0.56,29.4,67.0,22.7,999.1,15.8,-2.1791543987498248,4.276831316104166
2018-09-29 18:00:00,0.93,0.06,0.2,0.93,27.9,77.0,23.5,1000.1,10.4,-3.9210044190878905,4.672871103025765
2018-09-29 19:00:00,0.96,0.26,0.17,0.95,27.1,82.0,23.9,1000.8,13.3,-2.1223161698406723,7.920591775570359
2018-09-29 20:00:00,0.98,0.0,0.01,0.98,26.8,84.0,23.8,1001.5,13.7,2.474317973874391,7.185941174554807
2018-09-29 21:00:00,0.98,0.05,0.06,0.98,26.2,85.0,23.6,1001.8,12.2,0.7097828148963341,5.050367150582008
2018-09-29 22:00:00,0.98,0.08,0.07,0.98,25.8,87.0,23.5,1001.7,9.0,0.3557580160950389,5.087576656325103
2018-09-29 23:00:00,0.98,0.11,0.24,0.98,25.5,89.0,23.5,1001.7,8.6,-1.4499999999999997,2.511473670974872
2018-09-30 00:00:00,0.99,0.31,0.33,0.99,25.5,88.0,23.4,1001.1,9.4,-2.8940993221413254,1.1109406435904308
2018-09-30 01:00:00,1.0,0.3,0.33,1.0,24.9,94.0,23.9,1000.4,15.1,-3.9858260519352022,-2.490620541896063
2018-09-30 02:00:00,0.95,0.05,0.45,0.94,24.5,96.0,23.9,1000.1,15.5,-5.437846722219899,-2.5357095704441965
2018-09-30 03:00:00,0.94,0.15,0.25,0.92,24.4,97.0,23.8,1000.2,14.8,-4.3109953772862175,-2.9078030980478835
2018-09-30 04:00:00,0.93,0.22,0.17,0.91,24.1,98.0,23.7,1000.6,13.0,-2.1631599146222276,-3.600102662948872
2018-09-30 05:00:00,0.91,0.07,0.04,0.93,24.5,99.0,24.3,1000.5,11.2,1.8159619989581879,-3.564026096753471
2018-09-30 06:00:00,0.83,0.06,0.04,0.82,25.0,96.0,24.3,1001.0,9.7,0.688311646177017,-4.345828698618606
2018-09-30 07:00:00,0.59,0.1,0.03,0.56,26.2,88.0,24.1,1001.8,14.4,0.37668495821827847,-5.386845871403051
2018-09-30 08:00:00,0.52,0.2,0.03,0.41,28.1,76.0,23.4,1002.4,17.6,-0.7068421917498553,-5.756767679519667
2018-09-30 09:00:00,0.69,0.28,0.13,0.57,29.9,66.0,22.9,1002.4,20.2,-4.342310698243878,-5.3623071340531
2018-09-30 10:00:00,0.71,0.2,0.21,0.62,31.0,62.0,23.0,1002.4,25.9,-3.2095339943541705,-3.963444403430551
2018-09-30 11:00:00,0.87,0.64,0.64,0.63,32.1,57.0,22.6,1001.3,25.6,-2.180852323535913,-3.233246532964663
2018-09-30 12:00:00,0.98,0.66,0.96,0.62,32.4,56.0,22.4,1000.0,24.8,7.837739514543061e-16,-3.2
2018-09-30 13:00:00,1.0,1.0,0.82,0.77,29.6,70.0,23.5,999.4,18.0,-4.666904755831213,4.666904755831213
2018-09-30 14:00:00,0.95,0.76,0.62,0.93,26.8,86.0,24.2,999.1,21.2,-3.9597979746446663,3.9597979746446654
2018-09-30 15:00:00,0.79,0.0,0.09,0.77,29.1,73.0,23.9,998.4,17.6,-2.8940993221413254,1.1109406435904308
2018-09-30 16:00:00,0.88,0.3,0.07,0.85,29.9,69.0,23.6,998.5,14.8,-3.600102662948872,2.163159914622228
2018-09-30 17:00:00,0.91,0.16,0.18,0.84,30.3,66.0,23.1,998.2,18.0,-3.5996106142446207,4.289848881466276
2018-09-30 18:00:00,0.92,0.11,0.09,0.91,29.1,72.0,23.5,998.8,11.5,-0.35575801609504015,5.087576656325103
2018-09-30 19:00:00,0.94,0.2,0.07,0.94,28.2,79.0,24.2,999.5,9.0,0.6945927106677219,3.939231012048832
2018-09-30 20:00:00,1.0,1.0,0.19,0.92,27.5,81.0,23.9,1000.6,10.1,1.8017254983928963,2.8833635269318485
2018-09-30 21:00:00,0.93,0.89,0.1,0.91,26.5,89.0,24.6,1001.7,13.3,-0.35355339059327373,-0.3535533905932738
2018-09-30 22:00:00,1.0,0.99,0.29,0.94,26.0,94.0,24.9,1002.0,18.7,-2.8948737988292517,-3.5748714227020657
2018-09-30 23:00:00,0.93,0.74,0.3,0.86,25.6,95.0,24.8,1001.6,19.1,-1.4171916423663495,-6.1385314081469815
2018-10-01 00:00:00,0.92,0.84,0.35,0.86,25.1,94.0,24.0,1001.1,24.5,2.1775351109542918,-7.59396739791272
2018-10-01 01:00:00,0.94,0.92,0.23,0.83,24.4,96.0,23.7,1000.7,27.0,3.5499933986218735,-7.612985411107861
2018-10-01 02:00:00,0.88,0.17,0.13,0.86,24.0,96.0,23.3,1000.1,27.0,3.644268564213335,-5.015905365124674
2018-10-01 03:00:00,0.93,0.23,0.15,0.9,24.0,95.0,23.1,1000.0,11.5,2.1490212066910064,-5.062776693988422
2018-10-01 04:00:00,0.94,0.42,0.43,0.89,24.0,94.0,23.0,1000.0,23.0,2.159530121701107,-9.353952621938257
2018-10-01 05:00:00,0.86,0.18,0.25,0.87,24.2,94.0,23.2,1000.1,23.8,-3.9858260519352022,-2.490620541896063
2018-10-01 06:00:00,0.9,0.29,0.2,0.88,24.8,92.0,23.4,1001.1,18.7,0.37476969381493075,-4.283637201794505
2018-10-01 07:00:00,1.0,1.0,0.31,0.94,25.5,88.0,23.4,1002.2,21.6,2.2249223594996232,-6.8476069173251055
2018-10-01 08:00:00,0.99,0.18,0.49,0.97,25.9,86.0,23.4,1002.8,22.0,1.0577155672965006,-7.526037322435934
2018-10-01 09:00:00,0.99,0.51,0.12,0.98,27.9,75.0,23.0,1002.5,25.2,-4.976398565530443,-9.359244484304625
2018-10-01 10:00:00,0.78,0.7,0.64,0.41,29.5,69.0,23.2,1002.3,30.6,-9.708278749247292,-5.3813867847343415
2018-10-01 11:00:00,0.78,0.35,0.73,0.26,29.1,72.0,23.6,1002.2,33.5,-6.86918957886705,-4.29234604028896
2018-10-01 12:00:00,0.38,0.21,0.28,0.2,28.9,74.0,23.7,1001.1,32.4,-3.2393537832226467,-6.092338390726597
2018-10-01 13:00:00,0.92,0.9,0.19,0.35,31.0,67.0,24.0,999.4,31.7,-5.050367150582009,-0.7097828148963339
2018-10-01 14:00:00,0.66,0.55,0.38,0.39,31.2,64.0,23.6,998.5,28.8,-8.642763284627168,4.403707847473603
2018-10-01 15:00:00,0.82,0.34,0.52,0.72,29.5,72.0,23.9,998.7,24.1,-0.37630246776355253,-3.580278823325784
2018-10-01 16:00:00,1.0,0.48,0.06,1.0,27.9,77.0,23.6,999.3,16.2,-0.6945927106677211,3.939231012048832
2018-10-01 17:00:00,0.99,0.01,0.13,0.99,29.4,70.0,23.4,998.7,13.0,-4.3109953772862175,2.907803098047883
2018-10-01 18:00:00,1.0,0.1,0.07,1.0,28.0,78.0,23.8,999.6,11.2,-2.877261607343091,3.195522749552794
2018-10-01 19:00:00,0.99,0.14,0.09,0.99,27.5,79.0,23.6,1000.7,11.5,-2.8738041798367564,6.162892951849219
2018-10-01 20:00:00,0.99,0.15,0.19,0.99,27.2,81.0,23.8,1001.7,14.4,1.7489675652259409,3.9282454678631837
2018-10-01 21:00:00,0.99,0.51,0.27,0.98,26.4,87.0,24.0,1002.3,14.0,2.4992804094396295,0.7166571251241971
2018-10-01 22:00:00,0.98,0.25,0.18,0.97,25.6,93.0,24.3,1002.2,10.8,6.162892951849218,-2.8738041798367573
2018-10-01 23:00:00,0.99,0.23,0.03,0.99,25.4,93.0,24.1,1002.0,11.5,4.981083229470297,-4.3299895913373465
2018-10-02 00:00:00,0.99,0.22,0.12,0.99,25.0,94.0,24.0,1001.1,10.8,2.5242120488351985,-3.2308440897875603
2018-10-02 01:00:00,0.99,0.23,0.16,0.99,25.0,95.0,24.2,1000.6,11.5,-1.437543918085127,-1.083267041673687
2018-10-02 02:00:00,0.99,0.54,0.31,0.99,24.5,96.0,23.9,1000.6,15.5,-5.78587149150698,0.4045875477159269
2018-10-02 03:00:00,0.99,0.37,0.17,0.97,24.5,95.0,23.6,1000.1,16.2,-2.1449244407331385,-1.7998053071223101
2018-10-02 04:00:00,0.97,0.15,0.12,0.97,24.5,96.0,23.9,1000.1,9.0,1.3226185430791415e-15,-5.4
2018-10-02 05:00:00,1.0,0.13,0.11,0.99,24.8,96.0,24.2,1000.3,18.7,8.817456953860943e-16,-3.6
2018-10-02 06:00:00,0.8,0.26,0.16,0.76,25.2,93.0,24.0,1001.0,13.3,-1.7937955949114472,-3.2360929164157644
2018-10-02 07:00:00,0.93,0.56,0.65,0.88,26.0,89.0,24.1,1001.7,20.5,-5.3623071340531,-4.342310698243878
2018-10-02 08:00:00,1.0,0.1,0.98,1.0,26.1,91.0,24.5,1002.6,22.3,-4.040515447681967,-7.929958065276475
2018-10-02 09:00:00,1.0,0.12,0.96,1.0,25.7,93.0,24.5,1003.6,20.9,-1.4273391840380396,-5.7247447850283795
2018-10-02 10:00:00,1.0,0.17,0.91,1.0,25.5,94.0,24.5,1003.1,16.9,-2.474317973874391,-7.185941174554808
2018-10-02 11:00:00,1.0,0.82,0.97,1.0,25.2,93.0,24.0,1002.6,18.4,-5.4091846272187825,1.4493866525741166
2018-10-02 12:00:00,1.0,1.0,0.58,0.96,25.8,90.0,24.0,1002.0,23.8,-8.691657397237213,1.3766232923540314
2018-10-02 13:00:00,0.99,0.78,0.59,0.99,26.5,88.0,24.2,1001.1,27.0,-5.791600382341218,1.1257730727216144
2018-10-02 14:00:00,0.99,0.24,0.15,0.99,26.5,86.0,23.9,1000.2,24.5,-1.0506577808748212,-3.233592155403522
2018-10-02 15:00:00,1.0,0.01,0.01,1.0,27.0,83.0,23.9,999.8,12.2,-0.7117525274902328,-1.761649323676896
2018-10-02 16:00:00,0.99,0.13,0.09,0.98,27.3,82.0,24.0,1000.2,20.2,-0.7117525274902328,-1.761649323676896
2018-10-02 17:00:00,0.98,0.76,0.27,0.99,25.5,88.0,23.5,1000.6,19.8,-10.060016436106814,-4.691062705321763
2018-10-02 18:00:00,0.99,0.21,0.27,0.99,25.3,91.0,23.7,1001.2,24.8,0.7128052193506943,0.3631923997916376
2018-10-02 19:00:00,1.0,0.11,0.12,1.0,25.2,93.0,23.9,1001.4,10.1,5.8,1.0654427152581972e-15
2018-10-02 20:00:00,0.99,0.1,0.03,0.99,25.1,93.0,23.9,1002.3,10.1,3.233592155403522,1.0506577808748216
2018-10-02 21:00:00,1.0,0.23,0.41,1.0,25.0,94.0,23.9,1003.1,5.4,2.851220877402777,1.4527695991665504
2018-10-02 22:00:00,1.0,0.22,0.45,1.0,24.8,95.0,23.9,1003.1,18.4,2.8991378028648445,2.8991378028648453
2018-10-02 23:00:00,1.0,0.13,0.45,0.99,24.8,96.0,24.0,1002.5,6.8,3.616017032810471,-1.4609657143220567
2018-10-03 00:00:00,1.0,0.19,0.76,0.99,24.6,96.0,24.0,1001.9,7.2,3.5670951622914937,-3.2118269105225172
2018-10-03 01:00:00,0.98,0.16,0.91,0.96,24.7,96.0,24.0,1001.2,9.4,3.2498011250210608,-4.312631754255381
2018-10-03 02:00:00,0.97,0.13,0.72,0.95,24.6,96.0,24.0,1000.6,8.6,2.499280409439629,-0.7166571251241984
2018-10-03 03:00:00,0.97,0.1,0.67,0.95,24.1,98.0,23.9,1000.3,4.0,1.4256104387013886,0.7263847995832752
2018-10-03 04:00:00,0.97,0.25,0.93,0.83,24.2,98.0,23.8,1000.6,9.0,0.36319239979163737,0.7128052193506944
2018-10-03 05:00:00,0.94,0.04,0.0,0.98,24.5,97.0,24.0,999.9,7.2,-2.4905416147351476,-2.1649947956686737
2018-10-03 06:00:00,0.92,0.02,0.0,0.92,25.0,95.0,24.0,1000.2,10.1,-3.244739871933341,-5.400153994423308
2018-10-03 07:00:00,0.94,0.13,0.25,0.92,26.4,89.0,24.4,1001.5,17.3,-4.012982057577929,-3.6133052743378347
2018-10-03 08:00:00,0.98,0.27,0.22,0.98,27.8,84.0,24.8,1002.3,18.4,-5.032023407672544,-3.2678342100901627
2018-10-03 09:00:00,0.99,0.72,0.37,0.98,28.9,78.0,24.7,1002.3,23.8,-7.232034065620942,-2.9219314286441134
2018-10-03 10:00:00,0.99,0.85,0.41,0.98,29.6,72.0,24.0,1002.0,29.9,-8.6351515192795,-1.060263287624783
2018-10-03 11:00:00,0.99,0.29,0.41,0.99,28.5,77.0,24.1,1001.6,28.8,-6.148780366869514,-3.5500000000000007
2018-10-03 12:00:00,0.99,0.73,0.84,0.98,29.4,73.0,24.0,1000.3,24.8,-4.283637201794505,0.3747696938149304
2018-10-03 13:00:00,1.0,0.81,0.72,1.0,28.5,76.0,24.0,999.6,25.9,-8.973775077016036,5.8276376746607905
2018-10-03 14:00:00,1.0,0.77,0.66,1.0,24.6,95.0,23.8,999.6,28.4,-8.273435647318816,5.793122007145566
2018-10-03 15:00:00,1.0,0.1,0.07,1.0,25.3,91.0,23.8,999.0,20.2,-0.7107390870623792,2.1874299874788528
2018-10-03 16:00:00,1.0,0.52,0.21,0.99,26.5,84.0,23.6,999.1,12.2,-1.4142135623730951,1.414213562373095
2018-10-03 17:00:00,0.98,0.28,0.29,0.99,27.6,82.0,24.1,999.4,10.1,-1.8017254983928965,-2.883363526931848
2018-10-03 18:00:00,0.99,0.29,0.39,0.99,25.9,88.0,23.8,1000.4,18.4,-7.92059177557036,-2.12231616984067
2018-10-03 19:00:00,0.99,0.26,0.24,0.99,25.1,94.0,24.1,1001.3,23.0,-6.4643923198937765,-0.6794350112397475
2018-10-03 20:00:00,1.0,0.34,0.56,1.0,25.0,95.0,24.1,1002.1,16.9,1.800051331474436,-1.0815799573111138
2018-10-03 21:00:00,0.99,0.36,0.23,0.99,24.9,96.0,24.2,1002.5,7.2,2.87726160734309,-3.195522749552796
2018-10-03 22:00:00,1.0,1.0,0.34,1.0,24.6,95.0,23.8,1002.6,12.2,2.887830165838181,-6.486172749262466
2018-10-03 23:00:00,1.0,1.0,0.36,0.98,24.4,96.0,23.7,1002.9,15.1,-3.9758649556096977,-6.122295146001595
2018-10-04 00:00:00,1.0,1.0,0.33,1.0,24.0,97.0,23.5,1002.2,15.1,-2.1727182418122895,-5.377666356487367
2018-10-04 01:00:00,1.0,1.0,0.28,1.0,23.5,98.0,23.1,1001.8,13.7,-1.8469087739586112,-5.074340152243906
2018-10-04 02:00:00,1.0,0.82,0.99,1.0,23.4,97.0,23.0,1000.7,11.5,7.837739514543061e-16,-3.2
2018-10-04 03:00:00,1.0,1.0,0.97,1.0,23.3,98.0,23.0,1000.4,6.8,0.7257656867990037,-2.9108871788279895
2018-10-04 04:00:00,1.0,0.13,0.98,1.0,23.3,98.0,22.9,1000.3,9.0,-2.4999999999999996,-4.330127018922194
2018-10-04 05:00:00,1.0,0.07,0.08,1.0,23.7,94.0,22.7,1000.2,10.4,-2.4930243101639276,-2.8678964048465336
2018-10-04 06:00:00,1.0,0.2,0.11,1.0,24.0,95.0,23.1,1001.0,9.7,-5.0229473419497435,-2.9000000000000004
2018-10-04 07:00:00,1.0,0.49,0.18,1.0,24.7,91.0,23.1,1001.8,13.3,-3.6442685642133337,-5.0159053651246746
2018-10-04 08:00:00,1.0,0.55,0.44,1.0,25.2,89.0,23.2,1002.6,18.7,-2.2258437878816784,-8.306962106085987
2018-10-04 09:00:00,1.0,1.0,0.99,1.0,25.4,91.0,23.9,1002.8,19.4,-2.192787785420526,-7.172285669722766
2018-10-04 10:00:00,1.0,1.0,1.0,1.0,25.1,91.0,23.6,1002.5,16.9,-0.7097828148963337,-5.050367150582009
2018-10-04 11:00:00,1.0,0.93,0.5,1.0,25.1,92.0,23.6,1001.6,12.6,-1.421478174124758,-4.3748599749577055
2018-10-04 12:00:00,1.0,0.54,0.11,1.0,26.2,84.0,23.3,1000.4,14.0,1.1511679911985121e-15,-4.7
2018-10-04 13:00:00,1.0,1.0,0.85,1.0,26.6,81.0,23.2,999.3,15.5,-0.7257656867990032,-2.9108871788279895
2018-10-04 14:00:00,1.0,0.77,0.47,1.0,26.0,87.0,23.8,998.6,18.7,-0.7128052193506944,0.3631923997916374
2018-10-04 15:00:00,1.0,0.41,0.52,1.0,26.2,85.0,23.5,998.4,11.5,3.2335921554035223,-1.0506577808748205
2018-10-04 16:00:00,1.0,0.83,0.33,1.0,25.8,88.0,23.6,998.6,22.0,5.4378467222198985,-2.5357095704441974
2018-10-04 17:00:00,1.0,0.77,0.18,1.0,27.3,76.0,22.8,999.1,22.0,0.4045875477159287,-5.78587149150698
2018-10-04 18:00:00,1.0,0.45,0.44,1.0,25.9,85.0,23.1,999.7,15.8,-1.4861274178821933,-9.38303923565381
2018-10-04 19:00:00,1.0,0.35,0.27,1.0,24.9,90.0,23.1,1000.2,21.2,1.0110066158728364,-11.555858497864248
2018-10-04 20:00:00,1.0,0.34,0.28,1.0,24.5,89.0,22.5,1001.0,20.9,2.4721359549995814,-7.608452130361228
2018-10-04 21:00:00,1.0,0.37,0.42,1.0,24.5,89.0,22.5,1001.7,13.7,2.0329136865846065e-15,-8.3
2018-10-04 22:00:00,0.99,0.31,0.42,0.99,24.3,91.0,22.7,1001.9,15.1,-1.4553818357243153,-6.84703320513664
2018-10-04 23:00:00,1.0,0.55,0.47,1.0,23.9,96.0,23.1,1001.9,11.5,-0.6883116461770159,-4.3458286986186065
2018-10-05 00:00:00,1.0,1.0,0.46,1.0,23.9,96.0,23.2,1001.5,6.8,-0.34862297099063266,-3.984778792366982
2018-10-05 01:00:00,1.0,1.0,0.34,0.99,23.6,97.0,23.1,1000.8,7.2,5.388445916248355e-16,-2.2
2018-10-05 02:00:00,1.0,1.0,0.62,1.0,23.5,97.0,23.1,1000.3,8.3,2.1808523235359116,-3.233246532964663
2018-10-05 03:00:00,1.0,1.0,0.78,1.0,23.5,98.0,23.1,1000.2,12.2,1.4326213531414123,-4.685893304218873
2018-10-05 04:00:00,1.0,1.0,0.64,1.0,23.5,98.0,23.2,1000.0,16.2,1.113384807680527,-7.922144549932562
2018-10-05 05:00:00,1.0,1.0,0.06,1.0,23.5,96.0,22.9,1000.0,20.9,2.1927877854205287,-7.172285669722765
2018-10-05 06:00:00,1.0,1.0,0.04,1.0,24.0,96.0,23.2,1000.7,14.0,1.389185421335443,-7.878462024097664
2018-10-05 07:00:00,1.0,0.93,0.48,0.99,24.5,92.0,23.1,1002.1,18.4,-1.8221035401853065,-7.892397524760405
2018-10-05 08:00:00,1.0,0.68,0.43,1.0,25.0,89.0,23.2,1002.4,19.4,-4.326319829244455,-7.200205325897744
2018-10-05 09:00:00,1.0,0.47,0.49,1.0,26.2,84.0,23.3,1002.9,24.8,-4.610627316173431,-10.861957270738797
2018-10-05 10:00:00,1.0,0.99,0.6,0.99,27.0,83.0,23.8,1003.1,30.6,-4.734408385322037,-9.706975700031006
2018-10-05 11:00:00,0.99,0.56,0.4,0.99,27.1,82.0,23.8,1002.1,29.5,-4.033014550459512,-8.268905225952336
2018-10-05 12:00:00,1.0,0.23,0.4,1.0,28.0,83.0,24.9,1000.6,26.3,-3.268731598124737,-6.415246974156249
2018-10-05 13:00:00,1.0,0.54,0.48,1.0,26.9,81.0,23.5,999.6,30.6,-13.322724469438754,-6.212488447588282
2018-10-05 14:00:00,1.0,0.25,0.37,1.0,26.2,89.0,24.2,999.2,29.5,-5.386845871403051,-0.3766849582182763
2018-10-05 15:00:00,0.97,0.23,0.28,0.97,28.2,82.0,24.8,998.4,23.8,-4.669166652447253,-3.2693856872009626
2018-10-05 16:00:00,1.0,0.82,1.0,0.99,28.2,79.0,24.2,998.4,24.8,-7.232034065620942,-2.9219314286441134
2018-10-05 17:00:00,1.0,0.33,0.24,1.0,26.8,84.0,23.8,999.5,30.6,-2.1816432911085166,-3.935788682127281
2018-10-05 18:00:00,1.0,0.54,0.17,1.0,25.5,93.0,24.2,999.9,14.8,1.4527695991665504,-2.851220877402777
2018-10-05 19:00:00,1.0,1.0,0.12,1.0,25.4,93.0,24.0,1000.5,10.4,1.4553818357243191,-6.847033205136639
2018-10-05 20:00:00,1.0,0.43,0.24,1.0,25.2,93.0,24.0,1001.5,15.5,-0.6557108531947778,-9.377102072442348
2018-10-05 21:00:00,1.0,0.78,0.2,1.0,24.4,96.0,23.8,1002.4,23.0,-3.6728726077991736,-8.65274562245294
2018-10-05 22:00:00,1.0,1.0,0.12,0.99,24.2,94.0,23.3,1002.3,16.2,1.8614631347039767e-15,-7.6
2018-10-05 23:00:00,1.0,1.0,0.32,1.0,24.0,96.0,23.4,1002.3,13.0,2.4905416147351485,-2.1649947956686733
2018-10-06 00:00:00,1.0,1.0,0.27,0.99,23.7,97.0,23.2,1001.3,12.2,0.7166571251241973,-2.499280409439629
2018-10-06 01:00:00,1.0,1.0,0.56,1.0,23.5,98.0,23.2,1000.2,12.6,-2.914555953282627,-4.664264528860342
2018-10-06 02:00:00,1.0,1.0,0.33,1.0,23.5,98.0,23.1,999.7,13.3,-1.0577155672964973,-7.5260373224359345
2018-10-06 03:00:00,1.0,1.0,0.4,1.0,23.5,98.0,23.1,999.8,18.4,1.0886485301985054,-4.366330768241984
2018-10-06 04:00:00,1.0,1.0,0.25,1.0,23.5,98.0,23.1,1000.1,19.4,-0.7526049355271051,-7.160557646651568
2018-10-06 05:00:00,1.0,1.0,0.39,0.99,24.1,97.0,23.6,1000.1,20.2,-2.4967470462773815,-6.859756131737131
2018-10-06 06:00:00,1.0,0.98,0.39,1.0,24.0,98.0,23.6,1000.4,17.6,-0.7068421917498553,-5.756767679519667
2018-10-06 07:00:00,1.0,1.0,0.68,1.0,24.4,96.0,23.8,1002.0,13.7,-2.180852323535913,-3.233246532964663
2018-10-06 08:00:00,1.0,0.96,0.95,1.0,24.9,93.0,23.6,1002.9,13.0,-3.984778792366982,0.34862297099063294
2018-10-06 09:00:00,1.0,0.88,0.79,1.0,24.9,95.0,24.0,1003.2,16.9,-7.5260373224359345,1.0577155672964966
2018-10-06 10:00:00,1.0,1.0,0.28,1.0,25.8,92.0,24.3,1003.2,19.1,-3.2498011250210603,4.312631754255382
2018-10-06 11:00:00,1.0,0.59,0.37,1.0,27.0,87.0,24.8,1002.3,19.1,-1.433314250248396,4.998560818879258
2018-10-06 12:00:00,1.0,0.64,0.77,1.0,28.1,78.0,23.9,1000.9,28.4,-11.573653837646852,7.516018683207376
2018-10-06 13:00:00,1.0,0.04,0.16,1.0,27.4,82.0,24.0,999.4,31.3,-9.743700647852352,2.2495105434386504
2018-10-06 14:00:00,1.0,0.85,0.85,1.0,28.1,78.0,23.9,999.1,25.6,-10.045894683899489,5.799999999999998
2018-10-06 15:00:00,1.0,0.48,0.49,1.0,26.4,92.0,25.0,998.9,25.6,-4.948496447161061,9.71197111365321
2018-10-06 16:00:00,1.0,0.0,0.06,1.0,26.4,86.0,23.8,999.1,22.3,-7.558529312547013,1.469229264399395
2018-10-06 17:00:00,1.0,0.25,0.3,0.99,26.4,88.0,24.2,999.1,16.6,-1.0766187015349682,-6.10580806867569
2018-10-06 18:00:00,1.0,0.34,0.34,1.0,25.5,92.0,24.1,999.9,12.2,2.8750878361702554,-2.1665340833473725
2018-10-06 19:00:00,1.0,1.0,0.24,1.0,24.9,96.0,24.1,1001.3,14.0,1.8467702839738929,-6.440453362786736
2018-10-06 20:00:00,1.0,0.66,0.16,1.0,25.0,95.0,24.0,1001.9,14.8,-1.8376152202278973,-6.858073366652385
2018-10-06 21:00:00,1.0,0.54,0.19,1.0,24.7,96.0,24.0,1002.5,12.2,-2.542346798541462,-4.98963653545486
2018-10-06 22:00:00,1.0,1.0,0.34,0.91,24.4,97.0,23.8,1002.9,11.5,-2.8999999999999995,-5.022947341949744
2018-10-06 23:00:00,1.0,1.0,0.33,0.92,24.5,96.0,23.8,1002.6,15.1,1.141971594793687,-7.210124886344505
2018-10-07 00:00:00,1.0,1.0,0.26,0.92,24.1,97.0,23.7,1001.9,16.2,2.887830165838181,-6.486172749262466
2018-10-07 01:00:00,1.0,1.0,0.93,0.96,24.0,98.0,23.6,1001.2,15.5,2.1808523235359116,-3.233246532964663
2018-10-07 02:00:00,1.0,1.0,0.99,0.94,23.8,98.0,23.5,1000.9,13.0,0.7352419856890863,-4.6421352007971475
2018-10-07 03:00:00,0.94,0.62,0.12,0.9,23.6,98.0,23.3,1000.0,14.8,-1.8296228791962823,-8.607698886457491
2018-10-07 04:00:00,0.94,0.37,0.09,0.91,23.6,97.0,23.0,999.8,16.6,4.738350289172501,-7.885939166459431
2018-10-07 05:00:00,1.0,0.3,0.2,1.0,23.8,97.0,23.4,1000.4,16.2,1.7634913907721887e-15,-7.2
2018-10-07 06:00:00,1.0,0.32,0.2,0.99,24.2,94.0,23.2,1000.6,17.6,-1.0243789400230041,-9.746314574609078
2018-10-07 07:00:00,1.0,0.49,0.12,1.0,25.2,89.0,23.3,1001.9,16.9,-4.29234604028896,-6.86918957886705
2018-10-07 08:00:00,1.0,0.46,0.12,1.0,26.4,84.0,23.4,1002.8,21.6,-7.580077219869421,-6.825132184860354
2018-10-07 09:00:00,1.0,0.41,0.31,1.0,27.4,81.0,23.9,1003.3,25.2,-3.6149310334513594,-6.798696465013738
2018-10-07 10:00:00,1.0,0.29,0.16,1.0,28.0,81.0,24.5,1002.7,23.0,-1.4553818357243153,-6.84703320513664
2018-10-07 11:00:00,1.0,0.15,0.14,1.0,29.3,77.0,24.8,1001.6,22.0,-1.4333142502483958,-4.998560818879258
2018-10-07 12:00:00,1.0,0.1,0.08,1.0,29.9,76.0,25.1,1000.5,22.7,-1.7669289302057951,-0.34345619167778085
2018-10-07 13:00:00,1.0,0.25,0.2,1.0,30.5,67.0,23.6,998.9,20.9,3.2360929164157652,1.7937955949114464
2018-10-07 14:00:00,1.0,0.42,0.28,1.0,28.9,74.0,23.7,998.5,21.2,-7.924450592339108,6.888619804400325
2018-10-07 15:00:00,1.0,0.27,0.09,1.0,26.6,88.0,24.5,998.8,24.1,-1.7937955949114477,3.2360929164157644
2018-10-07 16:00:00,1.0,0.11,0.05,1.0,26.8,86.0,24.2,999.0,13.0,-0.3479327524001633,2.475670171853926
2018-10-07 17:00:00,0.99,0.0,0.02,0.98,28.0,78.0,23.8,998.6,9.4,-5.377666356487367,2.17271824181229
2018-10-07 18:00:00,0.98,0.07,0.01,0.98,26.9,82.0,23.6,999.2,10.8,-5.062776693988422,2.149021206691006
2018-10-07 19:00:00,0.96,0.06,0.01,0.95,26.2,86.0,23.7,1000.2,9.7,-3.195522749552795,2.8772616073430903
2018-10-07 20:00:00,0.97,0.21,0.04,0.97,25.9,88.0,23.8,1001.4,6.8,-2.5242120488351993,3.2308440897875594
2018-10-07 21:00:00,0.99,0.8,0.41,0.99,25.5,90.0,23.7,1002.3,11.2,-0.7352419856890856,4.6421352007971475
2018-10-07 22:00:00,0.97,0.66,0.35,0.96,25.2,94.0,24.1,1002.5,8.3,2.8783838397598336,-0.35342109587492826
2018-10-07 23:00:00,1.0,0.97,0.3,0.98,24.2,97.0,23.7,1002.8,7.2,3.984778792366982,0.348622970990633
2018-10-08 00:00:00,1.0,1.0,0.29,0.98,24.0,97.0,23.4,1002.1,6.8,2.9108871788279895,0.7257656867990033
2018-10-08 01:00:00,0.99,0.87,0.43,0.99,23.6,97.0,23.1,1001.3,9.0,4.7,8.63375993398884e-16
2018-10-08 02:00:00,0.97,0.66,0.28,0.96,23.3,98.0,22.9,1000.5,11.2,5.400153994423308,-3.244739871933341
2018-10-08 03:00:00,1.0,0.89,0.26,0.99,23.3,97.0,22.8,1000.3,11.5,2.4853631043215896,-1.0549740469210385
2018-10-08 04:00:00,1.0,0.11,0.33,1.0,23.3,97.0,22.8,1000.1,4.7,-1.4554435894139948,0.36288284339950166
2018-10-08 05:00:00,1.0,0.1,0.34,1.0,23.8,95.0,23.0,1000.6,6.5,1.8221342821066675,-2.507952682562337
2018-10-08 06:00:00,0.98,0.01,0.11,0.98,24.0,95.0,23.2,1000.7,6.1,-0.7071067811865475,-0.7071067811865476
2018-10-08 07:00:00,0.98,0.05,0.02,0.98,24.8,92.0,23.4,1001.5,8.3,-1.0895771993749124,-2.138415658052083
2018-10-08 08:00:00,0.98,0.54,0.15,0.97,26.3,84.0,23.4,1002.6,14.0,-0.7515347451843534,-5.34744757120448
2018-10-08 09:00:00,0.67,0.45,0.12,0.61,28.5,76.0,23.8,1002.9,16.9,0.3534210958749269,-2.878383839759834
2018-10-08 10:00:00,0.77,0.67,0.08,0.58,29.8,73.0,24.4,1002.6,15.5,0.7269507745119705,-1.0777488443215544
2018-10-08 11:00:00,1.0,1.0,0.07,0.82,30.6,72.0,25.0,1001.4,16.9,-2.166534083347374,-2.875087836170254
2018-10-08 12:00:00,0.99,0.89,0.98,0.44,31.3,65.0,24.0,999.8,18.0,5.388445916248355e-16,-2.2
2018-10-08 13:00:00,0.83,0.05,0.07,0.82,29.0,74.0,23.9,999.0,15.8,1.4364846019678081,-3.9467090073008158
2018-10-08 14:00:00,1.0,0.15,0.86,1.0,27.6,78.0,23.5,998.3,16.9,1.801725498392897,-2.8833635269318476
2018-10-08 15:00:00,1.0,0.03,0.58,1.0,27.2,81.0,23.6,997.6,13.3,0.7166571251241974,2.499280409439629
2018-10-08 16:00:00,0.98,0.21,0.57,0.98,27.8,80.0,24.0,998.0,11.9,2.5114736709748713,1.4500000000000013
2018-10-08 17:00:00,0.93,0.05,0.94,0.99,29.0,72.0,23.5,998.6,9.4,2.1649947956686733,2.490541614735148
2018-10-08 18:00:00,1.0,0.02,0.99,0.98,27.9,78.0,23.8,999.1,7.2,-0.32785542659739,4.688551036221174
2018-10-08 19:00:00,1.0,0.06,0.99,0.96,27.4,81.0,23.7,1000.4,12.6,-0.35588450245201786,6.790680836331102
2018-10-08 20:00:00,0.98,0.0,0.77,0.97,26.7,84.0,23.8,1001.2,12.6,-1.1109406435904308,2.8940993221413254
2018-10-08 21:00:00,1.0,0.0,0.99,0.93,26.0,88.0,23.9,1001.6,4.7,0.7257656867990026,2.9108871788279895
2018-10-08 22:00:00,0.99,0.0,0.99,0.92,26.1,86.0,23.5,1001.6,6.1,3.2360929164157652,1.7937955949114464
2018-10-08 23:00:00,0.98,0.0,0.97,0.45,25.9,87.0,23.5,1001.4,6.8,1.7998053071223097,2.1449244407331385
2018-10-09 00:00:00,0.99,0.0,0.99,0.62,25.6,87.0,23.4,1000.8,7.6,3.195522749552796,2.87726160734309
2018-10-09 01:00:00,0.99,0.01,0.98,0.85,25.5,88.0,23.4,1000.0,8.6,3.632020578756357,0.7059932828932151
2018-10-09 02:00:00,0.93,0.02,0.04,0.92,25.2,91.0,23.8,999.3,6.5,-1.0815799573111138,-1.800051331474436
2018-10-09 03:00:00,1.0,0.0,0.86,1.0,24.7,95.0,23.8,999.0,4.7,-2.875087836170254,-2.166534083347374
2018-10-09 04:00:00,1.0,0.07,0.95,0.99,25.0,95.0,24.0,999.5,5.0,1.4,2.5717582782094415e-16
2018-10-09 05:00:00,0.95,0.0,0.66,0.97,24.8,95.0,24.0,998.7,4.3,-2.524212048835199,-3.2308440897875594
2018-10-09 06:00:00,0.98,0.0,0.15,0.98,24.8,93.0,23.6,999.4,6.8,-4.283637201794505,-0.37476969381492997
2018-10-09 07:00:00,0.95,0.0,0.13,0.94,25.9,85.0,23.2,1000.5,12.6,-4.3458286986186065,-0.6883116461770161
2018-10-09 08:00:00,0.99,0.0,0.28,0.99,27.2,79.0,23.2,1001.0,12.6,-1.8,-1.1021821192326179e-16
2018-10-09 09:00:00,0.98,0.0,0.26,0.97,28.8,72.0,23.4,1001.5,12.6,-2.2043642384652358e-16,1.8
2018-10-09 10:00:00,0.99,0.05,0.63,0.98,30.3,66.0,23.3,1001.4,18.0,1.049449474570996,5.3989495089621515
2018-10-09 11:00:00,1.0,0.2,0.82,1.0,31.0,64.0,23.5,1000.7,23.0,3.189474750953174,8.308865795825096
2018-10-09 12:00:00,0.99,0.16,0.24,0.98,30.0,68.0,23.5,999.9,24.5,3.151973342624462,9.700776466210566
2018-10-09 13:00:00,1.0,0.15,0.94,1.0,29.2,66.0,22.2,999.0,24.8,-3.644268564213334,5.015905365124674
2018-10-09 14:00:00,1.0,0.06,0.96,1.0,28.0,73.0,22.7,998.4,17.3,-3.23084408978756,2.524212048835199
2018-10-09 15:00:00,1.0,0.02,0.42,1.0,28.2,71.0,22.6,998.2,12.2,-0.7117525274902332,1.7616493236768958
2018-10-09 16:00:00,0.99,0.06,0.07,0.99,28.4,71.0,22.5,998.2,9.4,-0.3535533905932738,0.35355339059327373
2018-10-09 17:00:00,0.99,0.03,0.01,0.99,28.5,75.0,23.6,998.3,6.5,-2.1920310216782974,2.192031021678297
2018-10-09 18:00:00,0.97,0.03,0.04,0.97,27.0,84.0,24.0,998.8,6.5,-3.632020578756357,0.7059932828932158
2018-10-09 19:00:00,0.98,0.02,0.15,0.98,26.7,85.0,24.0,999.9,9.0,-4.998560818879258,-1.4333142502483958
2018-10-09 20:00:00,0.98,0.08,0.36,0.98,26.3,86.0,23.9,1001.0,13.0,-5.400153994423308,-3.244739871933341
2018-10-09 21:00:00,0.96,0.0,0.44,0.95,25.7,93.0,24.5,1001.7,12.2,-2.1729143493093033,0.34415582308850784
2018-10-09 22:00:00,0.98,0.0,0.53,0.96,25.3,95.0,24.5,1001.7,3.2,0.7269507745119708,1.0777488443215544
2018-10-09 23:00:00,0.98,0.0,0.38,0.98,25.1,95.0,24.2,1001.3,2.9,2.5114736709748713,1.4500000000000013
2018-10-10 00:00:00,0.97,0.0,0.01,0.97,24.9,97.0,24.4,1000.5,4.7,0.7269507745119708,1.0777488443215544
2018-10-10 01:00:00,0.92,0.0,0.0,0.92,24.5,98.0,24.2,999.4,2.9,1.4539015490239415,2.1554976886431088
2018-10-10 02:00:00,0.91,0.03,0.0,0.9,24.1,98.0,23.8,999.1,4.0,-0.7423384793347552,3.215421213791276
2018-10-10 03:00:00,0.9,0.04,0.04,0.89,24.4,97.0,23.9,999.1,3.6,-0.7071067811865475,-0.7071067811865476
2018-10-10 04:00:00,1.0,1.0,0.09,0.91,23.9,100.0,23.8,999.0,4.3,0.7117525274902334,-1.7616493236768958
2018-10-10 05:00:00,1.0,0.0,0.19,0.71,24.0,96.0,23.3,999.1,7.9,1.7669289302057951,0.3434561916777803
2018-10-10 06:00:00,0.76,0.0,0.16,0.74,24.6,92.0,23.4,999.6,6.8,2.883363526931848,1.801725498392897
2018-10-10 07:00:00,0.28,0.0,0.09,0.22,26.4,82.0,23.0,1000.4,7.9,0.35355339059327373,0.35355339059327384
2018-10-10 08:00:00,0.4,0.0,0.11,0.35,28.2,73.0,23.0,1000.9,11.5,-0.3441558230885082,2.172914349309303
2018-10-10 09:00:00,0.87,0.0,0.15,0.85,30.0,66.0,23.0,1001.6,15.1,1.8017254983928963,2.8833635269318485
2018-10-10 10:00:00,0.57,0.0,0.08,0.55,31.3,59.0,22.5,1001.2,16.9,2.181643291108516,3.9357886821272814
2018-10-10 11:00:00,0.79,0.03,0.06,0.79,32.1,55.0,21.9,1000.1,17.6,2.1665340833473743,2.875087836170254
2018-10-10 12:00:00,0.47,0.05,0.14,0.42,32.3,54.0,22.0,998.9,16.6,1.0815799573111138,1.800051331474436
2018-10-10 13:00:00,0.58,0.09,0.31,0.44,32.5,54.0,21.9,997.8,17.3,2.875087836170254,2.166534083347374
2018-10-10 14:00:00,0.91,0.02,0.25,0.89,31.8,57.0,22.1,996.9,17.3,3.9641832724372423,2.880147736233119
2018-10-10 15:00:00,0.95,0.08,0.18,0.94,31.5,58.0,22.2,996.7,19.1,1.4214781741247573,4.374859974957706
2018-10-10 16:00:00,0.89,0.08,0.13,0.88,30.1,65.0,22.8,997.2,16.2,-3.633958072659535,1.1110124779463992
2018-10-10 17:00:00,0.89,0.0,0.14,0.74,29.5,73.0,24.1,997.2,10.4,-2.563427409098093,8.939733772226367
2018-10-10 18:00:00,0.26,0.0,0.09,0.22,28.3,78.0,24.0,997.7,16.9,-3.603450996785794,5.766727053863696
2018-10-10 19:00:00,0.46,0.0,0.07,0.43,27.6,80.0,23.8,998.6,11.9,-0.3192493330819572,6.0916401620029
2018-10-10 20:00:00,0.83,0.0,0.04,0.83,26.9,78.0,22.8,999.4,12.2,3.5875911898228936,6.47218583283153
2018-10-10 21:00:00,1.0,0.0,0.04,1.0,26.2,81.0,22.6,1000.1,13.0,3.9381611903595695,5.420413862312148
2018-10-10 22:00:00,0.95,0.0,0.04,0.95,25.7,84.0,22.7,1000.3,11.9,4.015035054457323,5.7340643100229425
2018-10-10 23:00:00,0.94,0.0,0.04,0.94,25.5,84.0,22.6,1000.3,13.7,5.811263767715345,5.051654523226906
2018-10-11 00:00:00,0.62,0.0,0.05,0.61,25.1,86.0,22.5,999.4,13.0,5.022947341949743,2.9000000000000026
2018-10-11 01:00:00,0.95,0.0,0.07,0.94,24.4,90.0,22.6,998.4,9.7,4.3,7.898971854500428e-16
2018-10-11 02:00:00,0.94,0.0,0.11,0.93,24.0,91.0,22.5,997.9,6.1,3.6339580726595346,-1.1110124779463995
2018-10-11 03:00:00,0.99,0.0,0.34,0.99,23.9,93.0,22.6,997.9,5.4,3.5640260967534716,-1.8159619989581866
2018-10-11 04:00:00,0.97,0.0,0.41,0.95,24.1,93.0,22.9,998.2,5.4,2.493024310163928,-2.867896404846533
2018-10-11 05:00:00,0.99,0.0,0.58,0.94,24.6,92.0,23.3,999.1,4.7,-1.0832670416736867,1.4375439180851273
2018-10-11 06:00:00,0.91,0.0,0.22,0.89,25.1,88.0,23.0,999.7,5.0,-1.7677669529663689,1.7677669529663687
2018-10-11 07:00:00,0.92,0.0,0.17,0.9,26.4,82.0,23.0,1000.3,9.7,0.7166571251241974,2.499280409439629
2018-10-11 08:00:00,0.98,0.0,0.1,0.98,28.5,73.0,23.0,1001.1,11.2,-1.7145055188062944e-16,1.4
2018-10-11 09:00:00,0.98,0.0,0.07,0.98,30.4,65.0,23.0,1001.5,14.8,1.7937955949114468,3.236092916415765
2018-10-11 10:00:00,0.93,0.0,0.03,0.93,32.0,59.0,23.0,1001.0,19.1,3.921004419087889,4.6728711030257655
2018-10-11 11:00:00,0.86,0.0,0.0,0.86,33.4,53.0,22.5,1000.2,19.8,3.6324027044213834,4.64926344627966
2018-10-11 12:00:00,0.71,0.04,0.23,0.63,34.2,46.0,21.0,998.9,19.1,1.4235782507653008,3.197409101749103
2018-10-11 13:00:00,0.61,0.02,0.34,0.42,34.5,41.0,19.4,997.8,15.8,0.35355339059327384,-0.3535533905932737
2018-10-11 14:00:00,0.3,0.0,0.26,0.05,34.2,40.0,18.5,997.0,10.4,9.797174393178826e-17,-0.4
2018-10-11 15:00:00,0.36,0.0,0.31,0.08,34.4,38.0,18.0,996.7,9.0,-0.34345619167778096,1.766928930205795
2018-10-11 16:00:00,0.65,0.0,0.45,0.42,31.7,53.0,20.9,997.6,24.8,-3.9762551842292178,13.005744681097283
2018-10-11 17:00:00,0.84,0.0,0.09,0.67,30.4,68.0,23.7,997.8,27.4,-7.099999999999999,12.29756073373903
2018-10-11 18:00:00,0.76,0.0,0.01,0.75,29.1,69.0,23.0,998.7,25.6,0.6227978792910285,11.88369146357943
2018-10-11 19:00:00,0.51,0.0,0.06,0.48,28.4,71.0,22.7,999.6,21.2,3.6728726077991714,8.65274562245294
2018-10-11 20:00:00,0.62,0.0,0.05,0.6,27.8,74.0,22.7,1000.7,16.6,4.326319829244455,7.200205325897744
2018-10-11 21:00:00,0.92,0.0,0.02,0.91,26.9,79.0,22.8,1001.3,15.1,2.8878301658381815,6.486172749262466
2018-10-11 22:00:00,1.0,0.0,0.01,1.0,26.1,82.0,22.9,1001.5,12.2,2.472403516545019,6.1194134401407965
2018-10-11 23:00:00,0.9,0.0,0.0,0.9,25.9,83.0,22.9,1001.1,12.6,2.8878301658381815,6.486172749262466
2018-10-12 00:00:00,0.84,0.0,0.0,0.84,25.4,86.0,22.9,1000.3,12.2,3.2498011250210617,4.312631754255381
2018-10-12 01:00:00,0.88,0.0,0.0,0.88,24.4,92.0,23.0,999.9,9.0,4.364789504399989,4.6806636903626915
2018-10-12 02:00:00,0.59,0.0,0.02,0.59,24.2,92.0,23.0,999.4,7.6,4.312631754255381,3.2498011250210608
2018-10-12 03:00:00,0.6,0.0,0.04,0.59,23.8,95.0,22.9,999.4,6.1,5.087576656325104,-0.3557580160950386
2018-10-12 04:00:00,0.67,0.0,0.04,0.66,23.5,96.0,23.0,999.8,6.1,3.2332465329646625,-2.1808523235359134
2018-10-12 05:00:00,0.71,0.0,0.02,0.78,24.6,94.0,23.5,999.6,5.8,2.138415658052083,1.0895771993749126
2018-10-12 06:00:00,0.72,0.0,0.01,0.72,25.1,91.0,23.5,1000.4,7.6,1.0797650608505536,-4.6769763109691285
2018-10-12 07:00:00,0.59,0.0,0.0,0.59,26.5,84.0,23.7,1001.6,13.0,0.688311646177017,-4.345828698618606
2018-10-12 08:00:00,0.46,0.0,0.0,0.46,28.3,77.0,23.9,1002.2,13.7,-0.3449439287832564,-3.2819222547153015
2018-10-12 09:00:00,0.79,0.0,0.0,0.79,30.1,70.0,24.0,1002.5,14.0,-0.34415582308850795,-2.1729143493093033
2018-10-12 10:00:00,0.83,0.0,0.0,0.83,31.4,64.0,23.6,1002.2,13.3,-0.7128052193506944,-0.36319239979163753
2018-10-12 11:00:00,0.74,0.0,0.05,0.73,33.0,55.0,22.8,1001.4,15.5,-0.7107390870623792,2.1874299874788528
2018-10-12 12:00:00,0.83,0.06,0.09,0.81,33.7,51.0,22.1,1000.4,15.8,-0.7059932828932164,3.6320205787563564
2018-10-12 13:00:00,0.88,0.06,0.19,0.86,33.8,50.0,22.0,999.0,18.0,-2.4999999999999996,4.330127018922194
2018-10-12 14:00:00,0.62,0.03,0.62,0.0,33.2,52.0,22.0,998.3,20.9,-4.366085533908784,8.211412613588022
2018-10-12 15:00:00,0.46,0.18,0.44,0.0,31.3,60.0,22.6,998.2,31.0,-9.296488277417442,11.8989623794615
2018-10-12 16:00:00,0.4,0.07,0.38,0.03,31.0,61.0,22.5,998.6,30.2,-1.0975488643103641,10.44247990136687
2018-10-12 17:00:00,0.61,0.07,0.29,0.22,30.2,65.0,22.9,999.0,22.3,-8.272407703894487,7.988571260278469
2018-10-12 18:00:00,0.26,0.08,0.21,0.06,29.0,72.0,23.4,999.6,20.9,-5.789747597658503,7.149742845404131
2018-10-12 19:00:00,0.26,0.05,0.12,0.17,28.3,78.0,24.1,1000.8,16.2,-1.8364363038995868,4.32637281122647
2018-10-12 20:00:00,0.37,0.03,0.1,0.31,27.5,82.0,24.2,1001.8,8.3,-0.3747696938149302,4.283637201794505
2018-10-12 21:00:00,0.27,0.02,0.07,0.26,27.1,83.0,24.0,1002.4,9.4,-2.149021206691006,5.062776693988422
2018-10-12 22:00:00,0.45,0.0,0.05,0.44,26.5,86.0,24.0,1002.7,13.7,-3.9499999999999997,6.841600689897066
2018-10-12 23:00:00,0.54,0.0,0.04,0.53,26.0,90.0,24.2,1002.7,14.0,-2.891410350820626,6.811735915548059
2018-10-13 00:00:00,0.71,0.0,0.04,0.7,25.5,93.0,24.2,1002.3,13.3,-3.5875911898228954,6.472185832831529
2018-10-13 01:00:00,0.73,0.0,0.04,0.73,25.0,95.0,24.1,1001.7,13.7,-3.914289369316413,6.514471485336053
2018-10-13 02:00:00,0.9,0.03,0.03,0.9,24.6,96.0,24.0,1001.1,13.7,-2.887830165838183,6.486172749262465
2018-10-13 03:00:00,0.92,0.08,0.02,0.92,24.2,98.0,24.0,1001.1,12.6,-0.32785542659739,4.688551036221174
2018-10-13 04:00:00,0.88,0.1,0.02,0.87,24.2,99.0,24.0,1001.4,8.3,2.1665340833473743,2.875087836170254
2018-10-13 05:00:00,0.94,0.26,0.01,0.99,24.5,99.0,24.2,1001.8,6.8,2.4905416147351476,2.1649947956686737
2018-10-13 06:00:00,0.99,0.92,0.04,0.98,24.9,96.0,24.2,1002.7,9.7,3.233246532964663,2.1808523235359116
2018-10-13 07:00:00,0.97,0.39,0.01,0.96,25.8,90.0,24.0,1003.3,13.0,3.935788682127282,2.1816432911085157
2018-10-13 08:00:00,0.89,0.08,0.0,0.88,27.9,79.0,23.9,1004.1,15.8,2.907803098047883,4.3109953772862175
2018-10-13 09:00:00,0.91,0.12,0.0,0.9,29.9,68.0,23.4,1004.3,20.5,3.9758649556096977,6.122295146001595
2018-10-13 10:00:00,0.95,0.14,0.13,0.94,31.2,61.0,22.9,1004.2,24.1,4.716281451675523,7.547628055792193
2018-10-13 11:00:00,0.19,0.14,0.1,0.03,32.0,57.0,22.4,1003.3,24.1,2.192787785420526,7.172285669722766
2018-10-13 12:00:00,0.16,0.13,0.11,0.0,32.8,53.0,22.0,1002.0,22.0,0.7526049355271052,7.160557646651568
2018-10-13 13:00:00,0.1,0.08,0.07,0.0,33.0,51.0,21.5,1000.8,22.3,0.2896658226307575,8.294943864258496
2018-10-13 14:00:00,0.18,0.03,0.19,0.0,32.8,50.0,20.9,1000.3,25.9,-0.7812725059342058,11.17271736291003
2018-10-13 15:00:00,0.52,0.09,0.5,0.04,32.0,54.0,21.6,1000.0,27.0,0.4397336584515113,12.592324420440606
2018-10-13 16:00:00,0.75,0.22,0.31,0.62,31.0,59.0,22.1,1000.5,27.4,-0.6437322617882089,12.283143277481258
2018-10-13 17:00:00,0.91,0.0,0.41,0.93,30.1,65.0,22.9,1000.8,24.5,-1.7051356689385178,10.765802912487
2018-10-13 18:00:00,0.99,0.0,0.37,0.98,29.0,69.0,22.8,1001.6,22.0,-2.1011429497698564,11.916173811447717
2018-10-13 19:00:00,1.0,0.09,0.3,0.99,28.2,72.0,22.6,1002.6,24.1,-1.1678869528186198,13.34900895442939
2018-10-13 20:00:00,0.99,0.01,0.19,0.99,27.4,76.0,22.8,1003.5,24.1,-1.8772135804827719,11.852260087141651
2018-10-13 21:00:00,0.96,0.01,0.11,0.95,26.8,79.0,22.8,1004.1,22.3,-2.2246550917500247,10.46617932785172
2018-10-13 22:00:00,0.91,0.01,0.13,0.9,26.2,81.0,22.6,1004.3,19.4,-3.1519733426244643,9.700776466210565
2018-10-13 23:00:00,0.84,0.03,0.18,0.8,25.9,82.0,22.6,1004.2,18.7,-2.159530121701106,9.353952621938257
2018-10-14 00:00:00,0.91,0.04,0.2,0.9,25.5,84.0,22.5,1003.7,17.3,-1.423553631866102,8.987963899415753
2018-10-14 01:00:00,0.77,0.05,0.14,0.75,25.1,85.0,22.5,1002.9,16.6,-1.0531962472667237e-15,8.6
2018-10-14 02:00:00,0.77,0.06,0.08,0.75,24.9,85.0,22.2,1002.4,15.5,3.221616703376843,7.973781149274371
2018-10-14 03:00:00,0.84,0.06,0.16,0.81,24.8,85.0,22.1,1002.2,14.8,4.702282018339784,6.47213595499958
2018-10-14 04:00:00,0.79,0.04,0.01,0.78,24.6,85.0,22.0,1002.1,14.4,4.333068166694749,5.750175672340508
2018-10-14 05:00:00,0.8,0.02,0.2,0.8,25.3,82.0,22.0,1002.6,12.6,2.9027803913169334,7.562001454627333
2018-10-14 06:00:00,0.61,0.01,0.29,0.48,25.6,81.0,22.1,1003.5,15.5,3.61493103345136,6.798696465013737
2018-10-14 07:00:00,0.5,0.01,0.26,0.35,26.7,77.0,22.4,1004.2,16.9,4.656970893768799,5.750880114781584
2018-10-14 08:00:00,0.69,0.0,0.41,0.6,28.1,72.0,22.5,1004.9,17.6,4.3299895913373465,4.981083229470296
2018-10-14 09:00:00,0.91,0.0,0.76,0.65,29.5,67.0,22.6,1005.3,20.9,5.051654523226905,5.811263767715346
2018-10-14 10:00:00,1.0,0.05,0.99,0.66,30.6,62.0,22.5,1005.1,22.3,5.7287862245249865,6.143371093601033
2018-10-14 11:00:00,0.88,0.07,0.81,0.72,31.1,60.0,22.4,1004.1,22.7,5.821436275322066,6.46535998165333
2018-10-14 12:00:00,0.9,0.09,0.18,0.89,31.8,57.0,22.2,1002.7,22.7,2.873804179836755,6.16289295184922
2018-10-14 13:00:00,0.88,0.18,0.19,0.85,32.9,55.0,22.6,1001.7,22.3,0.723392664805561,8.268415994161488
2018-10-14 14:00:00,1.0,0.28,1.0,0.85,32.1,55.0,21.8,1001.4,24.5,-2.510544737494454,9.36948051500396
2018-10-14 15:00:00,0.99,0.02,0.9,0.98,27.1,84.0,24.2,1002.0,26.3,-8.991747504233139,8.683229630737467
2018-10-14 16:00:00,0.96,0.09,0.21,0.95,27.2,79.0,23.2,1002.0,25.9,-2.480736202352993,8.65135526344487
2018-10-14 17:00:00,0.98,0.1,0.59,0.88,29.1,69.0,22.8,1001.5,19.1,-1.0811407922523484,5.08636752381579
2018-10-14 18:00:00,0.91,0.08,0.2,0.9,28.4,71.0,22.7,1002.2,10.8,-1.7542302283364197,5.737828535778213
2018-10-14 19:00:00,0.75,0.03,0.2,0.72,27.6,73.0,22.4,1003.2,13.3,2.4721359549995783,7.608452130361229
2018-10-14 20:00:00,0.94,0.01,0.35,0.93,26.8,76.0,22.3,1004.2,14.8,1.7546182238821468,7.6000865053248345
2018-10-14 21:00:00,0.82,0.03,0.28,0.81,26.2,78.0,22.1,1004.7,13.7,1.4171916423663493,6.1385314081469815
2018-10-14 22:00:00,0.94,0.03,0.55,0.92,26.0,80.0,22.2,1004.9,11.5,1.4214781741247573,4.374859974957706
2018-10-14 23:00:00,0.84,0.03,0.54,0.79,25.7,82.0,22.4,1004.8,7.9,0.6945927106677219,3.939231012048832
2018-10-15 00:00:00,0.81,0.02,0.35,0.79,25.4,85.0,22.6,1004.2,6.8,1.4500000000000002,2.5114736709748717
2018-10-15 01:00:00,0.8,0.0,0.47,0.77,24.9,89.0,22.9,1003.2,5.0,1.4539015490239415,2.1554976886431088
2018-10-15 02:00:00,0.81,0.0,0.66,0.77,24.7,90.0,23.0,1002.8,4.7,2.144924440733138,1.7998053071223103
2018-10-15 03:00:00,0.64,0.0,0.48,0.53,24.5,93.0,23.2,1002.5,4.7,2.5,4.592425496802574e-16
2018-10-15 04:00:00,0.55,0.0,0.25,0.46,24.1,97.0,23.6,1002.6,4.0,2.172914349309303,0.3441558230885083
2018-10-15 05:00:00,0.73,0.0,0.52,0.88,24.8,92.0,23.4,1002.9,3.2,2.475670171853926,0.3479327524001646
2018-10-15 06:00:00,0.62,0.0,0.45,0.56,25.2,90.0,23.5,1003.5,7.6,3.215421213791276,0.7423384793347553
2018-10-15 07:00:00,0.84,0.0,0.83,0.15,26.0,86.0,23.4,1004.3,9.0,2.2,4.0413344371862655e-16
2018-10-15 08:00:00,0.84,0.0,0.02,0.84,27.5,78.0,23.4,1005.0,11.9,2.1554976886431088,1.453901549023941
2018-10-15 09:00:00,0.7,0.08,0.33,0.69,29.4,69.0,23.1,1005.3,15.1,2.851220877402777,1.4527695991665504
2018-10-15 10:00:00,0.77,0.17,0.47,0.63,30.6,62.0,22.6,1004.8,17.3,3.935788682127282,2.1816432911085157
2018-10-15 11:00:00,0.85,0.2,0.3,0.8,31.4,60.0,22.6,1003.9,17.6,3.252691193458118,3.2526911934581193
2018-10-15 12:00:00,0.79,0.2,0.72,0.61,32.0,59.0,23.0,1002.3,18.4,1.4326213531414103,4.685893304218874
2018-10-15 13:00:00,0.75,0.15,0.68,0.58,32.2,58.0,23.0,1001.3,19.4,1.4214781741247573,4.374859974957706
2018-10-15 14:00:00,0.52,0.2,0.27,0.36,32.2,58.0,22.8,1000.8,19.1,5.074340152243906,1.8469087739586103
2018-10-15 15:00:00,0.49,0.1,0.2,0.4,31.0,63.0,23.2,1000.3,23.8,7.208504807130727,-6.4905668816809206
2018-10-15 16:00:00,0.44,0.1,0.24,0.3,30.6,66.0,23.5,1000.5,22.3,-0.6883116461770159,-4.3458286986186065
2018-10-15 17:00:00,0.6,0.05,0.16,0.16,30.5,65.0,23.1,1001.0,12.6,1.050657780874822,-3.233592155403522
2018-10-15 18:00:00,0.63,0.13,0.31,0.55,28.9,73.0,23.5,1001.6,6.8,-2.883363526931848,-1.8017254983928965
2018-10-15 19:00:00,0.92,0.33,0.11,0.9,28.3,77.0,23.8,1002.7,15.8,-8.999165894302516,4.585304047369422
2018-10-15 20:00:00,0.92,0.16,0.25,0.9,27.0,84.0,24.1,1004.0,22.7,-8.661379172793731,9.288192010563463
2018-10-15 21:00:00,0.88,0.11,0.21,0.85,26.6,84.0,23.8,1004.6,22.7,-5.032023407672544,3.267834210090163
2018-10-15 22:00:00,0.84,0.31,0.27,0.79,26.1,86.0,23.7,1005.0,10.1,-0.34345619167778063,-1.7669289302057951
2018-10-15 23:00:00,0.72,0.21,0.16,0.68,25.6,92.0,24.3,1004.9,6.8,-1.8159619989581872,-3.5640260967534716
2018-10-16 00:00:00,0.7,0.54,0.36,0.53,25.0,93.0,23.9,1004.5,14.4,0.3558845024520217,-6.790680836331102
2018-10-16 01:00:00,0.73,0.09,0.21,0.67,24.2,96.0,23.5,1003.7,23.4,-1.7191169589026103,-9.74959675482086
2018-10-16 02:00:00,0.87,0.14,0.16,0.85,23.8,97.0,23.2,1003.2,18.0,1.719116958902611,-9.74959675482086
2018-10-16 03:00:00,0.91,0.62,0.16,0.87,23.4,97.0,22.9,1003.2,19.4,1.4940690949597709e-15,-6.1
2018-10-16 04:00:00,1.0,1.0,0.05,0.88,23.4,96.0,22.8,1003.2,13.0,2.474317973874391,-7.185941174554808
2018-10-16 05:00:00,0.9,0.13,0.05,0.41,24.5,95.0,23.7,1003.1,14.4,-3.600102662948872,-2.1631599146222276
2018-10-16 06:00:00,0.42,0.12,0.02,0.38,25.2,91.0,23.6,1003.6,11.2,-4.3748599749577055,-1.4214781741247582
2018-10-16 07:00:00,0.49,0.16,0.14,0.44,26.6,85.0,24.0,1005.0,11.5,-3.939231012048832,0.6945927106677212
2018-10-16 08:00:00,0.93,0.89,0.11,0.69,28.1,80.0,24.4,1005.7,20.5,-5.385980316439453,2.8637765329939344
2018-10-16 09:00:00,0.87,0.86,0.1,0.37,28.5,81.0,25.0,1006.2,23.4,-5.34744757120448,0.7515347451843529
2018-10-16 10:00:00,0.77,0.67,0.47,0.48,28.9,77.0,24.5,1005.7,22.7,-5.050367150582009,0.7097828148963332
2018-10-16 11:00:00,0.9,0.4,0.44,0.82,28.6,73.0,23.3,1004.9,19.8,-4.363286582217034,7.871577364254562
2018-10-16 12:00:00,0.89,0.0,0.17,0.87,27.3,78.0,23.1,1003.7,23.8,5.78587149150698,0.40458754771592836
2018-10-16 13:00:00,0.88,0.29,0.14,0.86,29.1,74.0,24.0,1002.7,22.7,-2.2043642384652358e-16,1.8
2018-10-16 14:00:00,0.96,0.03,0.1,0.96,28.4,75.0,23.5,1002.1,20.9,0.3479327524001638,2.475670171853926
2018-10-16 15:00:00,0.93,0.1,0.12,0.92,28.2,75.0,23.5,1001.8,15.1,-5.386845871403051,-0.3766849582182763
2018-10-16 16:00:00,0.86,0.39,0.12,0.79,27.6,77.0,23.1,1002.2,17.6,-1.764079077228795,6.1520748540052415
2018-10-16 17:00:00,0.78,0.23,0.25,0.78,26.4,85.0,23.8,1003.0,15.5,3.2308440897875603,2.524212048835198
2018-10-16 18:00:00,0.88,0.05,0.06,0.87,26.1,89.0,24.1,1003.6,9.0,0.3763024677635526,3.580278823325784
2018-10-16 19:00:00,0.92,0.06,0.08,0.91,25.5,91.0,24.0,1004.8,12.6,7.210124886344505,1.1419715947936866
2018-10-16 20:00:00,0.89,0.03,0.03,0.88,25.0,93.0,23.8,1005.5,12.2,4.01298205757793,3.613305274337834
2018-10-16 21:00:00,0.91,0.05,0.07,0.9,24.7,91.0,23.1,1005.7,9.7,3.195522749552796,2.87726160734309
2018-10-16 22:00:00,0.96,0.09,0.07,0.96,24.4,92.0,23.0,1006.2,10.4,6.1385314081469815,-1.4171916423663489
2018-10-16 23:00:00,0.89,0.0,0.02,0.89,24.1,94.0,23.1,1005.6,10.4,3.5640260967534716,-1.8159619989581866
2018-10-17 00:00:00,0.91,0.0,0.02,0.91,23.6,97.0,23.1,1004.7,6.8,2.1665340833473743,2.875087836170254
2018-10-17 01:00:00,0.91,0.01,0.04,0.91,23.6,96.0,22.9,1004.0,6.5,-1.111012477946399,3.633958072659535
2018-10-17 02:00:00,0.91,0.07,0.12,0.9,23.5,94.0,22.6,1003.5,7.9,-1.801725498392897,2.883363526931848
2018-10-17 03:00:00,0.96,0.08,0.09,0.96,23.3,95.0,22.5,1003.3,5.4,-2.9108871788279895,0.7257656867990033
2018-10-17 04:00:00,0.67,0.1,0.11,0.65,23.4,93.0,22.2,1003.5,4.7,-2.5079526825623373,1.8221342821066664
2018-10-17 05:00:00,0.53,0.07,0.13,0.87,23.2,97.0,22.6,1003.8,6.1,-1.801725498392897,2.883363526931848
2018-10-17 06:00:00,0.96,0.03,0.88,0.96,23.9,94.0,22.8,1004.5,10.1,-3.984778792366982,0.34862297099063294
2018-10-17 07:00:00,0.56,0.02,0.22,0.48,25.0,89.0,23.1,1005.2,11.2,-3.2819222547153015,-0.3449439287832564
2018-10-17 08:00:00,0.76,0.02,0.21,0.71,26.9,80.0,23.1,1006.1,14.8,-3.984778792366982,0.34862297099063294
2018-10-17 09:00:00,0.88,0.07,0.07,0.87,28.6,72.0,23.1,1006.4,16.9,-4.3458286986186065,-0.6883116461770161
2018-10-17 10:00:00,0.95,0.46,0.07,0.93,29.9,69.0,23.6,1005.9,18.7,-4.685893304218874,1.4326213531414098
2018-10-17 11:00:00,0.89,0.54,0.14,0.85,30.6,68.0,24.1,1004.7,19.8,-3.2154212137912763,0.7423384793347546
2018-10-17 12:00:00,0.75,0.65,0.24,0.62,30.9,68.0,24.3,1003.5,19.8,-1.4375439180851268,1.0832670416736871
2018-10-17 13:00:00,0.64,0.09,0.17,0.59,30.0,68.0,23.5,1001.8,19.4,-0.7071067811865475,-0.7071067811865476
2018-10-17 14:00:00,0.67,0.29,0.28,0.57,30.0,67.0,23.1,1001.3,22.7,-3.631923997916375,7.128052193506942
2018-10-17 15:00:00,0.79,0.13,0.15,0.75,28.3,73.0,23.1,1001.3,26.3,-1.102182119232618e-15,9.0
2018-10-17 16:00:00,0.92,0.01,0.24,0.91,27.5,74.0,22.5,1001.4,23.0,1.7542302283364206,5.737828535778212
2018-10-17 17:00:00,0.97,0.01,0.34,0.8,28.5,67.0,21.9,1001.2,14.4,5.793122007145566,8.273435647318816
2018-10-17 18:00:00,0.93,0.0,0.35,0.91,27.0,73.0,21.7,1001.8,18.7,4.3299895913373465,4.981083229470296
2018-10-17 19:00:00,0.94,0.0,0.33,0.92,26.4,77.0,22.0,1002.8,11.5,2.4906205418960625,3.9858260519352027
2018-10-17 20:00:00,0.94,0.01,0.02,0.94,26.2,78.0,22.1,1003.6,7.9,-6.123233995736766e-16,5.0
2018-10-17 21:00:00,0.95,0.03,0.08,0.95,25.9,81.0,22.3,1004.2,12.2,-2.5085756468171017,6.535062985480412
2018-10-17 22:00:00,0.95,0.0,0.17,0.94,25.4,85.0,22.6,1004.4,12.6,-1.4171916423663506,6.1385314081469815
2018-10-17 23:00:00,0.84,0.0,0.31,0.81,24.8,89.0,22.9,1004.0,10.8,0.3486229709906318,3.984778792366982
2018-10-18 00:00:00,0.6,0.0,0.36,0.52,24.5,89.0,22.6,1003.5,7.9,1.4326213531414103,4.685893304218874
2018-10-18 01:00:00,0.34,0.0,0.11,0.3,24.3,87.0,22.0,1002.5,8.6,2.880147736233118,3.9641832724372428
2018-10-18 02:00:00,0.51,0.01,0.06,0.49,23.9,89.0,21.9,1002.1,8.3,3.9467090073008158,1.436484601967808
2018-10-18 03:00:00,0.64,0.01,0.01,0.63,23.5,92.0,22.0,1001.8,8.3,4.330127018922193,-2.5000000000000004
2018-10-18 04:00:00,0.81,0.01,0.0,0.81,23.3,95.0,22.4,1002.0,9.7,3.2693856872009652,-4.669166652447252
2018-10-18 05:00:00,0.97,0.01,0.0,0.55,23.9,94.0,22.9,1002.5,9.7,3.6339580726595346,-1.1110124779463995
2018-10-18 06:00:00,0.75,0.01,0.01,0.75,24.9,90.0,23.1,1003.3,8.3,1.800051331474436,-1.0815799573111138
2018-10-18 07:00:00,0.72,0.02,0.01,0.71,26.2,83.0,23.2,1004.0,9.7,6.123233995736766e-16,-2.5
2018-10-18 08:00:00,0.7,0.01,0.01,0.69,28.1,73.0,22.9,1004.7,16.2,-2.1727182418122895,-5.377666356487367
2018-10-18 09:00:00,0.89,0.01,0.01,0.89,29.9,64.0,22.4,1004.9,20.9,-3.5499999999999994,-6.148780366869515
2018-10-18 10:00:00,0.93,0.09,0.07,0.92,31.1,57.0,21.7,1004.3,20.2,-2.180852323535913,-3.233246532964663
2018-10-18 11:00:00,0.78,0.1,0.13,0.76,32.0,53.0,21.3,1003.1,18.4,-2.180852323535913,-3.233246532964663
2018-10-18 12:00:00,0.79,0.09,0.17,0.76,32.3,52.0,21.1,1002.0,18.4,-1.0886485301985047,-4.366330768241984
2018-10-18 13:00:00,0.53,0.24,0.09,0.47,32.8,50.0,21.1,1000.7,19.1,-1.0506577808748212,-3.233592155403522
2018-10-18 14:00:00,0.75,0.1,0.14,0.74,32.8,49.0,20.8,1000.2,17.3,-1.4474368994146258,-1.7874357113510329
2018-10-18 15:00:00,0.43,0.13,0.19,0.36,32.2,50.0,20.6,999.6,13.0,-4.283637201794505,0.3747696938149304
2018-10-18 16:00:00,0.82,0.44,0.35,0.7,29.0,70.0,22.9,1000.8,27.0,-10.462125181619534,7.883776803291833
2018-10-18 17:00:00,0.83,0.05,0.05,0.51,28.8,74.0,23.6,1000.9,26.3,-6.143640332167438,4.301823272632846
2018-10-18 18:00:00,0.92,0.09,0.03,0.92,27.8,79.0,23.7,1001.7,15.1,-4.705788684431241,5.046340541172277
2018-10-18 19:00:00,0.77,0.17,0.1,0.74,27.0,82.0,23.8,1002.4,11.9,-0.6945927106677211,3.939231012048832
2018-10-18 20:00:00,0.8,0.28,0.41,0.74,25.8,87.0,23.5,1003.6,10.4,6.1194134401407965,-2.4724035165450187
2018-10-18 21:00:00,0.87,0.07,0.09,0.86,24.8,91.0,23.1,1004.1,16.9,8.594761112364223,0.3001356716415065
2018-10-18 22:00:00,0.88,0.1,0.08,0.88,24.6,91.0,23.1,1003.7,15.5,6.815049550106451,-1.0793978087775917
2018-10-18 23:00:00,0.7,0.24,0.19,0.64,24.5,92.0,23.1,1003.7,11.5,5.7247447850283795,1.42733918403804
2018-10-19 00:00:00,1.0,1.0,0.14,0.77,23.8,95.0,23.0,1003.3,10.4,2.907803098047882,-4.3109953772862175
2018-10-19 01:00:00,0.94,0.8,0.37,0.85,23.1,97.0,22.6,1002.9,14.0,-0.37681888494919563,-7.190132650232932
2018-10-19 02:00:00,1.0,1.0,0.17,0.88,22.7,97.0,22.2,1002.8,14.0,-2.1013155617496424,-6.467184310807044
2018-10-19 03:00:00,0.8,0.0,0.11,0.79,22.5,98.0,22.1,1002.2,12.6,0.4045875477159287,-5.78587149150698
2018-10-19 04:00:00,0.9,0.12,0.2,0.88,22.6,96.0,22.0,1002.3,11.5,0.7212463965468086,-6.862201078041086
2018-10-19 05:00:00,0.92,0.05,0.16,0.3,23.0,96.0,22.4,1002.6,13.0,-1.0506577808748212,-3.233592155403522
2018-10-19 06:00:00,0.37,0.0,0.26,0.17,23.5,93.0,22.4,1003.2,8.3,-1.4499999999999997,-2.511473670974872
2018-10-19 07:00:00,0.28,0.0,0.27,0.02,24.8,87.0,22.5,1004.1,11.5,0.7059932828932153,-3.632020578756357
2018-10-19 08:00:00,0.19,0.01,0.15,0.04,26.5,76.0,22.0,1004.7,12.6,-0.7166571251241979,-2.499280409439629
2018-10-19 09:00:00,0.08,0.01,0.05,0.03,28.4,71.0,22.6,1005.1,14.4,-1.8221342821066668,-2.5079526825623373
2018-10-19 10:00:00,0.25,0.22,0.11,0.02,29.8,65.0,22.5,1004.4,19.1,-2.8678964048465336,-2.4930243101639276
2018-10-19 11:00:00,0.33,0.25,0.23,0.07,30.5,62.0,22.4,1003.4,18.4,-3.233246532964663,-2.1808523235359125
2018-10-19 12:00:00,0.59,0.52,0.25,0.14,31.0,63.0,23.1,1001.9,21.2,-7.6000865053248345,-1.7546182238821464
2018-10-19 13:00:00,0.52,0.27,0.2,0.3,31.5,63.0,23.6,1000.8,22.3,-4.3458286986186065,-0.6883116461770161
2018-10-19 14:00:00,0.83,0.56,0.23,0.74,28.9,71.0,23.1,1000.4,31.3,-13.322724469438755,6.21248844758828
2018-10-19 15:00:00,0.9,0.41,0.43,0.81,28.0,74.0,22.9,1000.8,31.7,-1.0777488443215544,-0.7269507745119709
2018-10-19 16:00:00,0.94,0.05,0.27,0.92,28.0,75.0,23.2,1001.2,10.1,-1.761649323676896,-0.7117525274902327
2018-10-19 17:00:00,0.95,0.1,0.23,0.38,29.0,71.0,23.4,1000.7,10.1,-2.8833635269318485,1.8017254983928963
2018-10-19 18:00:00,0.59,0.15,0.27,0.47,28.3,75.0,23.5,1001.7,6.1,-1.4527695991665501,2.851220877402777
2018-10-19 19:00:00,0.65,0.23,0.29,0.54,27.1,85.0,24.4,1002.6,8.3,3.1974091017491033,1.4235782507653003
2018-10-19 20:00:00,0.81,0.11,0.25,0.76,26.7,85.0,24.0,1003.9,4.3,2.878383839759834,0.35342109587492676
2018-10-19 21:00:00,0.92,0.15,0.12,0.9,26.0,90.0,24.1,1004.4,9.0,-1.046162167924669,0.3399186938124421
2018-10-19 22:00:00,0.97,0.11,0.11,0.97,24.7,93.0,23.5,1005.0,15.5,-3.2154212137912763,-0.7423384793347542
2018-10-19 23:00:00,0.99,0.99,0.33,0.83,23.8,95.0,23.0,1004.8,14.8,-2.475670171853926,-0.34793275240016364
2018-10-20 00:00:00,0.91,0.86,0.22,0.67,23.4,96.0,22.8,1004.4,13.7,1.050657780874822,-3.233592155403522
2018-10-20 01:00:00,0.84,0.1,0.18,0.81,23.2,97.0,22.7,1003.7,19.1,4.656970893768801,-5.750880114781583
2018-10-20 02:00:00,0.53,0.22,0.37,0.34,23.0,97.0,22.4,1003.2,19.1,3.9758649556096968,-6.122295146001595
2018-10-20 03:00:00,0.68,0.27,0.47,0.47,22.9,97.0,22.4,1002.9,12.6,4.015035054457325,-5.734064310022941
2018-10-20 04:00:00,0.84,0.42,0.34,0.76,23.0,96.0,22.3,1003.2,13.0,2.4881992827652213,-4.679622242152313
2018-10-20 05:00:00,0.84,0.06,0.16,0.46,23.9,96.0,23.3,1002.9,10.8,-0.3747696938149301,-4.283637201794505
2018-10-20 06:00:00,0.45,0.05,0.17,0.34,24.4,93.0,23.1,1003.5,10.8,0.4045875477159287,-5.78587149150698
2018-10-20 07:00:00,0.65,0.12,0.2,0.58,25.5,87.0,23.2,1004.7,13.0,0.7352419856890863,-4.6421352007971475
2018-10-20 08:00:00,0.54,0.21,0.18,0.46,26.6,82.0,23.4,1005.7,18.7,-3.603450996785793,-5.766727053863696
2018-10-20 09:00:00,0.71,0.16,0.22,0.63,27.5,81.0,23.8,1006.1,20.2,-3.9142893693164114,-6.5144714853360535
2018-10-20 10:00:00,0.73,0.66,0.18,0.63,28.7,77.0,24.2,1005.8,21.2,-3.5499999999999994,-6.148780366869515
2018-10-20 11:00:00,1.0,0.82,1.0,0.71,30.4,64.0,22.8,1004.3,21.2,-1.4493866525741161,-5.4091846272187825
2018-10-20 12:00:00,0.94,0.24,0.38,0.91,27.1,78.0,22.9,1003.6,19.8,1.4273391840380405,-5.7247447850283795
2018-10-20 13:00:00,0.89,0.01,0.13,0.88,28.5,73.0,23.3,1002.1,16.9,-0.3449439287832573,3.2819222547153015
2018-10-20 14:00:00,0.9,0.03,0.18,0.89,29.0,72.0,23.5,1001.5,20.5,-5.750175672340507,4.333068166694749
2018-10-20 15:00:00,0.97,0.33,0.2,0.96,28.4,74.0,23.3,1001.9,19.4,-1.8469087739586112,-5.074340152243906
2018-10-20 16:00:00,0.96,0.3,0.22,0.94,26.5,83.0,23.4,1002.5,19.4,3.600102662948872,-2.1631599146222276
2018-10-20 17:00:00,0.96,0.33,0.11,0.92,28.1,73.0,22.8,1002.0,18.0,-1.4554435894139948,0.36288284339950166
2018-10-20 18:00:00,0.99,0.31,0.11,0.99,25.5,87.0,23.2,1003.0,23.4,-10.765802912487002,1.705135668938516
2018-10-20 19:00:00,0.97,0.13,0.13,0.97,24.5,94.0,23.5,1003.9,23.8,0.6794350112397477,6.4643923198937765
2018-10-20 20:00:00,0.95,0.16,0.16,0.94,24.2,95.0,23.4,1005.2,21.6,-0.6945927106677211,3.939231012048832
2018-10-20 21:00:00,0.96,0.36,0.22,0.94,23.9,96.0,23.2,1005.8,16.2,-0.7352419856890856,4.6421352007971475
2018-10-20 22:00:00,0.98,0.08,0.22,0.98,23.8,97.0,23.2,1005.9,8.3,1.8017254983928963,2.8833635269318485
2018-10-20 23:00:00,0.99,0.12,0.24,0.99,23.8,97.0,23.3,1005.8,11.2,-1.8,-1.1021821192326179e-16
2018-10-21 00:00:00,1.0,1.0,0.17,1.0,23.3,99.0,23.0,1005.3,13.3,-1.7677669529663687,-1.7677669529663689
2018-10-21 01:00:00,1.0,0.92,0.28,1.0,23.1,99.0,23.0,1004.2,13.3,3.9467090073008153,-1.43648460196781
2018-10-21 02:00:00,1.0,0.15,0.23,1.0,22.9,98.0,22.5,1003.3,10.8,3.604268994871564,-2.523736319944603
2018-10-21 03:00:00,1.0,0.09,0.06,1.0,22.9,97.0,22.4,1003.0,7.9,2.88014773623312,-3.9641832724372423
2018-10-21 04:00:00,0.99,0.09,0.03,0.99,22.9,97.0,22.3,1003.1,7.9,2.8678964048465345,-2.4930243101639267
2018-10-21 05:00:00,0.99,0.13,0.05,0.99,23.0,96.0,22.5,1003.5,6.1,0.7107390870623796,-2.1874299874788528
2018-10-21 06:00:00,0.99,0.11,0.05,0.99,23.5,94.0,22.5,1004.1,6.5,0.7107390870623796,-2.1874299874788528
2018-10-21 07:00:00,0.95,0.16,0.04,0.94,24.6,90.0,22.9,1004.8,9.7,0.3441558230885085,-2.172914349309303
2018-10-21 08:00:00,0.88,0.2,0.03,0.85,26.8,80.0,23.0,1005.5,14.0,0.6945927106677215,-3.939231012048832
2018-10-21 09:00:00,0.7,0.26,0.05,0.66,28.5,70.0,22.6,1005.7,20.5,-3.2132194802988217,-7.217009115376547
2018-10-21 10:00:00,0.37,0.21,0.06,0.29,29.6,65.0,22.3,1005.1,22.3,-4.040515447681967,-7.929958065276475
2018-10-21 11:00:00,0.93,0.13,0.21,0.92,30.7,60.0,22.0,1004.3,23.4,-4.040515447681967,-7.929958065276475
2018-10-21 12:00:00,0.52,0.06,0.16,0.44,31.3,56.0,21.6,1002.9,23.4,-3.9499999999999997,-6.841600689897066
2018-10-21 13:00:00,0.64,0.07,0.19,0.56,31.6,53.0,21.0,1001.6,21.2,-2.5624408513775414,-5.755336383148386
2018-10-21 14:00:00,0.83,0.07,0.3,0.77,31.5,53.0,20.8,1001.2,19.4,-3.6442685642133337,-5.0159053651246746
2018-10-21 15:00:00,0.87,0.09,0.28,0.84,31.0,56.0,21.2,1000.9,19.4,-4.6728711030257655,-3.92100441908789
2018-10-21 16:00:00,0.91,0.03,0.23,0.88,30.5,60.0,21.7,1001.3,16.9,-6.4643923198937765,-0.6794350112397475
2018-10-21 17:00:00,0.96,0.0,0.17,0.85,29.1,65.0,21.9,1001.6,17.3,-7.172285669722766,-2.192787785420526
2018-10-21 18:00:00,0.92,0.16,0.24,0.9,27.8,71.0,22.1,1002.5,15.1,-7.589584464134761,0.3977532674463732
2018-10-21 19:00:00,0.96,0.11,0.3,0.95,27.3,76.0,22.6,1003.6,14.8,-7.505054539300878,3.990508283680073
2018-10-21 20:00:00,0.67,0.15,0.57,0.54,26.5,82.0,23.1,1005.1,14.8,-3.5670951622914924,3.2118269105225195
2018-10-21 21:00:00,0.88,0.36,0.43,0.81,25.5,90.0,23.6,1005.8,19.1,4.301823272632846,6.143640332167439
2018-10-21 22:00:00,1.0,1.0,0.27,1.0,23.8,97.0,23.3,1006.3,25.2,6.841600689897064,3.9500000000000037
2018-10-21 23:00:00,1.0,0.99,0.3,0.99,23.4,97.0,22.9,1006.0,23.8,6.152074854005242,1.7640790772287929
2018-10-22 00:00:00,1.0,1.0,0.47,0.99,23.2,97.0,22.8,1005.3,21.6,5.062776693988422,2.149021206691006
2018-10-22 01:00:00,1.0,1.0,0.2,0.99,23.1,97.0,22.6,1004.3,19.4,5.050367150582008,0.7097828148963357
2018-10-22 02:00:00,1.0,1.0,0.38,0.98,23.1,98.0,22.9,1004.1,18.7,6.105808068675691,-1.0766187015349657
2018-10-22 03:00:00,1.0,1.0,0.34,0.99,23.1,98.0,22.7,1003.7,19.1,5.362307134053099,-4.342310698243879
2018-10-22 04:00:00,0.99,0.25,0.29,0.98,23.0,97.0,22.5,1003.8,13.0,4.342310698243882,-5.362307134053097
2018-10-22 05:00:00,0.98,0.05,0.15,0.96,23.2,95.0,22.4,1003.9,12.2,3.5670951622914937,-3.2118269105225172
2018-10-22 06:00:00,0.97,0.54,0.2,0.95,23.6,93.0,22.4,1004.5,10.8,2.493024310163928,-2.867896404846533
2018-10-22 07:00:00,0.89,0.0,0.18,0.87,24.5,88.0,22.5,1005.5,11.9,2.87726160734309,-3.195522749552796
2018-10-22 08:00:00,0.98,0.03,0.88,0.93,25.8,83.0,22.6,1006.0,13.7,1.4214781741247593,-4.3748599749577055
2018-10-22 09:00:00,1.0,0.6,0.7,1.0,26.7,78.0,22.6,1006.3,19.1,-0.3385251180142594,-9.694091022085228
2018-10-22 10:00:00,1.0,0.98,0.06,1.0,27.4,76.0,22.8,1006.0,23.4,-3.303800263366926,-10.806243742382302
2018-10-22 11:00:00,1.0,0.29,0.61,1.0,28.0,75.0,23.1,1004.8,25.2,-5.769234480931411,-10.40797451495881
2018-10-22 12:00:00,0.99,0.13,0.81,0.99,26.8,83.0,23.6,1003.8,24.5,-9.658678035226657,-2.952954217699641
2018-10-22 13:00:00,1.0,0.3,0.84,0.99,26.2,89.0,24.2,1002.6,20.9,-7.571079705497266,-0.6623836448822018
2018-10-22 14:00:00,1.0,0.28,0.36,1.0,27.1,84.0,24.2,1001.9,16.6,-3.616017032810471,1.4609657143220571
2018-10-22 15:00:00,0.97,0.34,0.45,0.97,27.4,85.0,24.5,1001.4,18.0,-0.7423384793347545,-3.2154212137912763
2018-10-22 16:00:00,0.99,0.11,0.12,0.98,26.9,84.0,24.0,1001.6,18.4,2.1554976886431083,-1.4539015490239422
2018-10-22 17:00:00,1.0,0.02,0.06,0.63,27.5,79.0,23.5,1001.3,14.8,-1.0811407922523484,5.08636752381579
2018-10-22 18:00:00,0.67,0.11,0.04,0.64,26.0,87.0,23.6,1002.3,10.1,-0.7515347451843528,5.34744757120448
2018-10-22 19:00:00,0.48,0.24,0.22,0.36,25.6,89.0,23.6,1003.1,11.2,-1.0766187015349677,6.10580806867569
2018-10-22 20:00:00,0.96,0.53,0.33,0.94,25.0,93.0,23.8,1004.3,14.0,1.0506577808748208,3.2335921554035223
2018-10-22 21:00:00,0.99,0.69,0.28,0.98,24.4,96.0,23.6,1005.1,16.6,1.8364363038995857,4.32637281122647
2018-10-22 22:00:00,1.0,1.0,1.0,0.98,23.9,97.0,23.4,1005.8,15.5,2.4930243101639267,2.867896404846534
2018-10-22 23:00:00,1.0,1.0,1.0,0.97,23.8,97.0,23.3,1005.7,14.8,3.9602958877851804,-1.061158084920333
2018-10-23 00:00:00,0.99,0.91,0.55,0.99,23.5,98.0,23.2,1004.9,20.5,1.7937955949114466,-3.236092916415765
2018-10-23 01:00:00,0.99,0.59,0.2,0.99,23.3,98.0,23.0,1003.7,8.3,1.4500000000000013,-2.5114736709748713
2018-10-23 02:00:00,0.99,0.39,0.04,0.98,23.2,98.0,23.0,1003.0,5.8,2.192031021678298,-2.192031021678297
2018-10-23 03:00:00,0.98,0.09,0.02,0.98,23.0,99.0,22.8,1002.4,8.3,2.894873798829254,-3.5748714227020644
2018-10-23 04:00:00,0.96,0.04,0.05,0.96,22.7,99.0,22.5,1002.8,7.2,1.7937955949114466,-3.236092916415765
2018-10-23 05:00:00,0.98,0.02,0.22,0.96,23.1,96.0,22.4,1003.6,5.4,1.7998053071223108,-2.1449244407331376
2018-10-23 06:00:00,0.98,0.01,0.0,0.98,23.6,93.0,22.4,1004.0,10.4,4.31335136523794,-4.3133513652379385
2018-10-23 07:00:00,0.98,0.01,0.02,0.98,24.8,87.0,22.5,1004.9,13.0,2.907803098047882,-4.3109953772862175
2018-10-23 08:00:00,0.93,0.01,0.0,0.93,26.8,79.0,22.8,1005.3,16.6,1.7542302283364228,-5.7378285357782115
2018-10-23 09:00:00,0.85,0.21,0.0,0.81,28.5,69.0,22.4,1005.9,25.9,-4.636797731064123,-10.41441821712565
2018-10-23 10:00:00,0.83,0.33,0.0,0.77,29.5,63.0,21.8,1005.8,26.3,-4.734408385322037,-9.706975700031006
2018-10-23 11:00:00,0.74,0.28,0.0,0.64,30.5,58.0,21.2,1005.1,25.9,-4.948496447161061,-9.71197111365321
2018-10-23 12:00:00,0.65,0.36,0.0,0.47,30.9,55.0,20.9,1003.9,25.9,-3.5836794954530027,-9.335804264972017
2018-10-23 13:00:00,0.71,0.22,0.0,0.67,31.5,53.0,20.6,1002.5,24.5,-1.755442757464212,-9.030970087718508
2018-10-23 14:00:00,0.79,0.13,0.0,0.78,31.6,52.0,20.5,1001.6,23.0,2.3023359823970243e-15,-9.4
2018-10-23 15:00:00,0.68,0.02,0.0,0.67,31.2,52.0,20.2,1001.2,22.3,-2.12231616984067,-7.92059177557036
2018-10-23 16:00:00,0.53,0.0,0.0,0.53,30.5,54.0,20.1,1001.5,18.7,-3.211898789229316,-6.887939181478539
2018-10-23 17:00:00,0.33,0.01,0.0,0.53,29.4,66.0,22.4,1001.8,14.4,-0.6945927106677213,-3.939231012048832
2018-10-23 18:00:00,0.59,0.0,0.03,0.58,27.4,67.0,20.6,1002.6,9.4,0.31924933308196063,-6.0916401620029
2018-10-23 19:00:00,0.6,0.0,0.0,0.6,26.2,74.0,21.2,1003.1,10.1,-5.3989495089621515,-1.049449474570997
2018-10-23 20:00:00,0.85,0.01,0.01,0.85,25.7,84.0,22.8,1004.1,16.6,-7.538315826132618,6.104407793183421
2018-10-23 21:00:00,0.95,0.02,0.04,0.95,25.1,89.0,23.3,1004.8,16.6,-3.5670951622914924,3.2118269105225195
2018-10-23 22:00:00,0.94,0.03,0.02,0.94,24.5,93.0,23.4,1004.9,7.9,-3.269385687200962,4.669166652447254
2018-10-23 23:00:00,0.92,0.03,0.02,0.92,24.7,92.0,23.4,1004.5,6.5,-1.0506577808748214,3.233592155403522
2018-10-24 00:00:00,0.92,0.06,0.01,0.92,24.1,96.0,23.4,1003.6,4.0,1.800051331474436,-1.0815799573111138
2018-10-24 01:00:00,0.97,0.09,0.02,0.96,24.0,96.0,23.3,1002.8,5.0,2.5079526825623377,-1.8221342821066662
2018-10-24 02:00:00,0.98,0.2,0.03,0.98,24.0,94.0,22.9,1002.1,8.6,3.2095339943541727,-3.96344440343055
2018-10-24 03:00:00,0.98,0.37,0.13,0.98,23.7,91.0,22.2,1001.7,9.7,2.907803098047882,-4.3109953772862175
2018-10-24 04:00:00,0.98,0.17,0.05,0.98,24.1,88.0,22.0,1002.0,10.8,1.460965714322058,-3.6160170328104706
2018-10-24 05:00:00,0.98,0.18,0.1,0.93,23.5,93.0,22.4,1002.5,6.1,1.8221342821066675,-2.507952682562337
2018-10-24 06:00:00,0.93,0.16,0.05,0.92,24.4,87.0,22.1,1003.4,9.0,0.3278554265973905,-4.688551036221174
2018-10-24 07:00:00,0.93,0.14,0.06,0.92,26.0,80.0,22.2,1004.5,13.7,1.4205902870109297e-15,-5.8
2018-10-24 08:00:00,0.93,0.06,0.05,0.92,27.2,76.0,22.6,1005.3,18.4,-1.392905666248777,-7.165878439167947
2018-10-24 09:00:00,0.96,0.23,0.05,0.94,28.8,68.0,22.2,1005.6,22.7,-3.6728726077991736,-8.65274562245294
2018-10-24 10:00:00,0.97,0.13,0.04,0.97,29.6,62.0,21.6,1005.3,23.0,-4.363286582217033,-7.871577364254562
2018-10-24 11:00:00,0.96,0.25,0.16,0.95,30.5,58.0,21.4,1004.3,23.8,-4.403707847473604,-8.642763284627168
2018-10-24 12:00:00,0.85,0.17,0.19,0.84,31.0,54.0,20.8,1003.0,24.1,-4.352968095929205,-9.334970206477495
2018-10-24 13:00:00,0.88,0.22,0.18,0.86,31.5,52.0,20.4,1001.8,24.5,-2.474317973874391,-7.185941174554808
2018-10-24 14:00:00,0.94,0.12,0.49,0.91,30.8,57.0,21.2,1001.3,23.8,-10.068373723328557,-5.1300926470568795
2018-10-24 15:00:00,0.91,0.22,0.13,0.9,29.2,70.0,23.1,1001.0,26.6,-9.706975700031004,-4.734408385322037
2018-10-24 16:00:00,0.94,0.11,0.16,0.93,28.5,72.0,23.0,1001.4,23.4,-9.735430472951268,-3.9333692308670756
2018-10-24 17:00:00,0.94,0.09,0.19,0.84,28.9,71.0,23.2,1001.2,20.9,-6.4643923198937765,-0.6794350112397475
2018-10-24 18:00:00,0.46,0.12,0.18,0.34,27.3,79.0,23.4,1001.8,12.2,-4.6421352007971475,-0.7352419856890854
2018-10-24 19:00:00,0.33,0.15,0.17,0.2,26.8,81.0,23.4,1002.9,7.9,-5.050367150582009,-0.7097828148963339
2018-10-24 20:00:00,0.46,0.15,0.12,0.35,26.4,83.0,23.2,1003.6,9.0,-5.0,-3.061616997868383e-16
2018-10-24 21:00:00,0.53,0.11,0.04,0.48,26.1,85.0,23.4,1004.1,9.7,-5.34744757120448,-0.7515347451843536
2018-10-24 22:00:00,1.0,1.0,0.24,0.58,24.9,92.0,23.4,1005.0,9.7,1.0549740469210396,-2.4853631043215887
2018-10-24 23:00:00,0.99,0.99,0.34,0.93,24.2,96.0,23.5,1005.2,8.6,2.8678964048465336,2.4930243101639276
2018-10-25 00:00:00,0.97,0.39,0.37,0.96,23.9,98.0,23.5,1004.6,10.8,3.633958072659534,1.111012477946401
2018-10-25 01:00:00,0.99,0.84,0.42,0.96,23.8,98.0,23.5,1003.8,7.6,1.4256104387013888,-0.7263847995832746
2018-10-25 02:00:00,1.0,1.0,0.48,0.97,23.6,99.0,23.4,1003.3,6.1,-2.883363526931848,-1.8017254983928965
2018-10-25 03:00:00,0.97,0.16,0.3,0.96,23.6,99.0,23.4,1002.8,9.0,-2.523736319944603,-3.604268994871564
2018-10-25 04:00:00,1.0,1.0,0.22,0.97,23.5,99.0,23.2,1003.0,8.6,-1.8159619989581872,-3.5640260967534716
2018-10-25 05:00:00,1.0,1.0,0.41,0.97,23.6,98.0,23.2,1003.6,9.7,-0.7117525274902328,-1.761649323676896
2018-10-25 06:00:00,0.98,0.95,0.38,0.97,23.9,96.0,23.2,1004.2,6.8,-2.878383839759834,0.35342109587492737
2018-10-25 07:00:00,0.99,0.64,0.4,0.97,24.6,91.0,23.0,1005.0,14.4,-6.1520748540052415,-1.7640790772287946
2018-10-25 08:00:00,0.99,0.51,0.34,0.98,25.5,89.0,23.5,1005.8,22.7,-5.766727053863696,-3.603450996785793
2018-10-25 09:00:00,0.99,0.44,0.45,0.99,26.8,85.0,24.0,1006.0,24.8,-5.7340643100229425,-4.015035054457322
2018-10-25 10:00:00,1.0,0.84,0.72,0.99,27.9,81.0,24.4,1005.9,27.7,-4.669166652447253,-3.2693856872009626
2018-10-25 11:00:00,1.0,0.94,0.18,1.0,28.1,81.0,24.6,1005.1,26.6,-0.726384799583275,-1.4256104387013888
2018-10-25 12:00:00,0.98,0.58,0.65,0.96,28.9,75.0,24.0,1004.1,31.0,-2.8783838397598336,-0.3534210958749277
2018-10-25 13:00:00,1.0,0.24,0.6,1.0,27.0,81.0,23.5,1003.5,31.3,-6.790680836331102,-0.35588450245201897
2018-10-25 14:00:00,1.0,0.69,0.52,1.0,26.0,83.0,22.9,1003.0,29.9,-9.360633898433235,-3.223124729125852
2018-10-25 15:00:00,1.0,0.27,0.13,1.0,25.6,88.0,23.5,1002.2,20.2,-4.3458286986186065,-0.6883116461770161
2018-10-25 16:00:00,1.0,0.11,0.13,1.0,26.1,85.0,23.5,1002.9,15.8,-7.571079705497266,0.6623836448822026
2018-10-25 17:00:00,0.99,0.01,0.02,1.0,27.4,76.0,22.8,1002.6,18.0,-6.858073366652385,-1.8376152202278973
2018-10-25 18:00:00,0.83,0.01,0.05,0.84,26.3,82.0,23.0,1003.1,12.6,-3.600102662948872,2.163159914622228
2018-10-25 19:00:00,0.85,0.0,0.01,0.85,25.4,89.0,23.5,1003.5,7.6,-2.899137802864845,2.8991378028648445
2018-10-25 20:00:00,0.91,0.0,0.01,0.91,25.2,91.0,23.5,1004.4,6.1,-1.8364363038995868,-4.32637281122647
2018-10-25 21:00:00,0.94,0.02,0.0,0.94,24.8,92.0,23.5,1005.1,6.1,-1.0886485301985047,-4.366330768241984
2018-10-25 22:00:00,0.93,0.07,0.0,0.93,24.8,92.0,23.4,1005.5,6.8,-1.7489675652259409,-3.9282454678631837
2018-10-25 23:00:00,0.7,0.11,0.0,0.69,24.3,95.0,23.5,1005.3,6.8,8.817456953860943e-16,-3.6
2018-10-26 00:00:00,0.46,0.12,0.0,0.39,23.9,97.0,23.4,1004.8,6.5,1.0611580849203348,-3.96029588778518
2018-10-26 01:00:00,0.42,0.12,0.0,0.35,24.0,96.0,23.2,1004.2,11.2,0.3558845024520217,-6.790680836331102
2018-10-26 02:00:00,0.35,0.1,0.01,0.32,24.0,94.0,23.0,1003.5,15.8,0.655710853194781,-9.377102072442348
2018-10-26 03:00:00,0.47,0.19,0.09,0.35,24.0,92.0,22.6,1003.2,16.9,2.375814790345865e-15,-9.7
2018-10-26 04:00:00,0.66,0.16,0.07,0.59,24.2,89.0,22.2,1003.4,18.4,-1.0975488643103615,-10.44247990136687
2018-10-26 05:00:00,0.6,0.24,0.41,0.81,24.5,86.0,22.0,1003.9,20.2,-3.2231247291258516,-9.360633898433237
2018-10-26 06:00:00,0.88,0.16,0.46,0.82,24.2,88.0,22.1,1004.5,18.4,-3.990508283680072,-7.505054539300879
2018-10-26 07:00:00,0.87,0.3,0.54,0.79,24.9,88.0,22.7,1005.3,17.3,-5.358438019581681,-4.658019105832602
2018-10-26 08:00:00,0.86,0.0,0.59,0.78,25.6,85.0,23.0,1006.0,17.6,-2.2249223594996215,-6.8476069173251055
2018-10-26 09:00:00,0.9,0.23,0.28,0.88,27.0,79.0,23.0,1006.1,24.8,-3.5227937358744006,-10.84204428576475
2018-10-26 10:00:00,0.96,0.56,0.6,0.93,29.0,72.0,23.5,1005.7,39.2,-6.518006950068421,-10.43099158272404
2018-10-26 11:00:00,1.0,0.01,1.0,0.93,27.2,78.0,23.1,1005.3,40.7,-9.030558815966964,-9.351417404402465
2018-10-26 12:00:00,0.99,0.15,0.49,0.99,29.3,69.0,23.0,1003.7,38.5,-6.219669846431791,-12.20678938138064
2018-10-26 13:00:00,0.98,0.14,0.37,0.97,28.4,74.0,23.2,1003.3,41.4,-13.63239982008203,-6.946054646015067
2018-10-26 14:00:00,0.94,0.07,0.33,0.93,29.0,70.0,23.0,1002.5,35.3,-11.88369146357943,-0.6227978792910333
2018-10-26 15:00:00,0.93,0.07,0.75,0.9,28.8,74.0,23.6,1002.3,25.2,-11.555953584963111,1.8302832409707004
2018-10-26 16:00:00,0.93,0.05,0.71,0.92,28.2,76.0,23.6,1002.3,24.1,-10.793921949283117,1.5169868004647125
2018-10-26 17:00:00,0.97,0.02,0.01,0.99,27.3,75.0,22.5,1002.5,21.6,-5.766727053863697,3.6034509967857926
2018-10-26 18:00:00,0.96,0.01,0.07,0.96,25.8,81.0,22.4,1003.1,12.2,-5.0463405411722775,4.705788684431239
2018-10-26 19:00:00,0.97,0.03,0.08,0.97,25.3,85.0,22.5,1003.8,12.2,-4.012982057577929,3.6133052743378347
2018-10-26 20:00:00,0.82,0.14,0.01,0.81,24.8,89.0,22.9,1004.6,9.0,-2.877261607343091,3.195522749552794
2018-10-26 21:00:00,0.76,0.05,0.01,0.75,24.8,90.0,23.0,1005.0,7.2,-5.022947341949744,2.899999999999999
2018-10-26 22:00:00,0.56,0.03,0.07,0.55,24.2,92.0,22.9,1005.3,6.8,-2.5357095704441965,-5.437846722219899
2018-10-26 23:00:00,0.48,0.01,0.2,0.39,23.4,96.0,22.6,1005.4,7.9,2.535709570444195,-5.4378467222199
2018-10-27 00:00:00,0.63,0.01,0.2,0.58,23.5,96.0,22.7,1005.2,7.2,2.163159914622229,-3.600102662948871
2018-10-27 01:00:00,0.77,0.01,0.19,0.72,23.4,95.0,22.6,1004.4,7.9,1.4333142502483947,-4.998560818879258
2018-10-27 02:00:00,0.63,0.02,0.22,0.54,23.4,91.0,21.9,1003.6,10.8,-0.3401837155791349,-6.49109197590473
2018-10-27 03:00:00,0.7,0.02,0.24,0.62,23.1,88.0,21.0,1003.3,13.0,-1.754618223882147,-7.6000865053248345
2018-10-27 04:00:00,0.94,0.02,0.19,0.93,23.2,86.0,20.8,1003.5,14.0,-1.8221035401853065,-7.892397524760405
2018-10-27 05:00:00,0.96,0.01,0.11,0.97,23.2,87.0,21.0,1004.0,14.4,-1.484676958669509,-6.430842427582553
2018-10-27 06:00:00,0.91,0.04,0.09,0.9,23.8,84.0,21.0,1004.6,14.0,-1.7672493719509543,-8.314254606237348
2018-10-27 07:00:00,0.91,0.07,0.02,0.9,25.4,79.0,21.5,1005.4,18.7,-2.5634274090980926,-8.939733772226367
2018-10-27 08:00:00,0.93,0.06,0.02,0.92,27.0,75.0,22.1,1005.7,25.2,-2.4533579516495605,-11.542141688658909
2018-10-27 09:00:00,0.98,0.49,0.21,0.97,28.5,69.0,22.2,1006.0,36.0,-9.432562903351048,-15.095256111584384
2018-10-27 10:00:00,0.98,0.24,0.2,0.97,29.5,64.0,22.0,1005.3,36.0,-8.387441139231417,-12.91552674635953
2018-10-27 11:00:00,0.97,0.27,0.2,0.96,30.3,60.0,21.7,1004.1,32.0,-9.062507694346529,-12.94260229976607
2018-10-27 12:00:00,1.0,0.17,0.34,1.0,30.9,58.0,21.7,1003.0,34.2,-10.404678933003625,-13.3173817359536
2018-10-27 13:00:00,0.99,0.22,0.44,0.99,30.8,59.0,22.0,1002.2,34.2,-11.461863112573454,-11.869106705587745
2018-10-27 14:00:00,0.98,0.16,0.43,0.97,28.8,72.0,23.1,1002.1,38.5,-16.62904563362098,-9.99173865325505
2018-10-27 15:00:00,0.96,0.12,0.13,0.96,28.5,72.0,23.0,1001.3,37.1,-7.224447052773572,-7.4811339235219725
2018-10-27 16:00:00,0.96,0.39,0.14,0.96,28.2,74.0,23.2,1001.8,30.2,-11.510108895365454,-5.367251924106883
2018-10-27 17:00:00,0.98,0.06,0.17,0.98,29.0,68.0,22.6,1001.7,30.2,-8.21141261358802,-4.366085533908786
2018-10-27 18:00:00,0.93,0.08,0.19,0.92,27.0,82.0,23.6,1002.1,16.6,-6.1,-3.735172737399427e-16
2018-10-27 19:00:00,0.89,0.01,0.05,0.89,26.5,85.0,23.7,1002.8,7.6,-5.4378467222199,2.535709570444196
2018-10-27 20:00:00,0.98,0.12,0.11,0.97,25.7,88.0,23.6,1003.6,6.8,-4.312631754255381,3.2498011250210617
2018-10-27 21:00:00,1.0,0.16,0.22,1.0,25.8,87.0,23.5,1003.9,6.5,-0.7257656867990032,2.9108871788279895
2018-10-27 22:00:00,0.99,0.17,0.19,0.99,25.4,91.0,23.7,1003.9,3.6,1.414213562373095,1.4142135623730954
2018-10-27 23:00:00,1.0,0.15,0.25,1.0,25.5,89.0,23.5,1003.7,17.6,-1.4256104387013888,-0.7263847995832751
2018-10-28 00:00:00,0.96,0.74,0.35,0.93,24.0,96.0,23.4,1003.7,27.4,-5.750880114781585,-4.656970893768797
2018-10-28 01:00:00,0.98,0.25,0.51,0.97,24.2,95.0,23.3,1002.9,11.9,3.1974091017491038,-1.4235782507652992
2018-10-28 02:00:00,1.0,0.1,0.48,1.0,24.2,95.0,23.4,1002.9,6.1,2.138415658052083,-1.089577199374912
2018-10-28 03:00:00,1.0,0.04,0.31,1.0,24.2,94.0,23.1,1002.4,5.4,-1.061158084920335,-3.96029588778518
2018-10-28 04:00:00,0.97,0.0,0.11,0.97,23.9,93.0,22.7,1002.2,11.9,-0.662383644882202,-7.571079705497266
2018-10-28 05:00:00,1.0,0.0,0.09,0.99,23.6,79.0,19.8,1002.9,12.6,-1.079397808777593,-6.815049550106451
2018-10-28 06:00:00,0.98,0.0,0.16,0.98,23.9,79.0,20.0,1003.6,11.9,-3.634753872559855,-5.388744221607771
2018-10-28 07:00:00,0.99,0.0,0.13,0.99,24.8,78.0,20.5,1004.6,17.3,-5.416335208368435,-7.187719590425635
2018-10-28 08:00:00,1.0,0.0,0.0,1.0,26.5,71.0,20.7,1005.0,23.8,-3.303800263366926,-10.806243742382302
2018-10-28 09:00:00,1.0,0.0,0.0,1.0,28.0,61.0,19.8,1004.9,28.8,-3.571702822414786,-13.329776402789143
2018-10-28 10:00:00,1.0,0.0,0.02,1.0,29.5,52.0,18.6,1004.7,31.0,-4.573451516749222,-14.075636441168273
2018-10-28 11:00:00,0.99,0.0,0.0,0.99,30.4,46.0,17.5,1003.6,31.0,-3.856403772027559,-14.392294811707119
2018-10-28 12:00:00,0.99,0.0,0.0,0.99,31.0,45.0,17.8,1001.8,33.8,-4.24463233968134,-15.84118355114072
2018-10-28 13:00:00,0.97,0.0,0.0,0.98,31.6,40.0,16.4,1000.8,33.8,-5.805560782633864,-15.124002909254667
2018-10-28 14:00:00,0.97,0.0,0.03,0.97,32.0,39.0,16.2,1000.4,32.8,-10.446718491427301,-12.900622960185718
2018-10-28 15:00:00,0.96,0.0,0.02,0.96,31.5,44.0,17.6,999.8,33.1,-11.869106705587743,-11.461863112573454
2018-10-28 16:00:00,0.98,0.0,0.01,0.98,30.7,52.0,19.6,999.9,31.0,-7.840803823691297,-7.57177623800307
2018-10-28 17:00:00,0.97,0.0,0.0,0.64,28.8,62.0,20.9,1000.4,19.4,-5.385980316439453,-2.863776532993934
2018-10-28 18:00:00,0.31,0.0,0.0,0.31,26.7,70.0,20.7,1001.1,10.1,-6.153786140176197,0.7555899291119137
2018-10-28 19:00:00,0.98,0.0,0.0,0.98,26.3,70.0,20.3,1001.9,12.2,-6.122295146001595,3.9758649556096985
2018-10-28 20:00:00,0.99,0.02,0.0,0.99,25.8,70.0,19.9,1002.7,12.6,-6.148780366869515,3.5499999999999985
2018-10-28 21:00:00,1.0,0.02,0.0,1.0,25.2,73.0,20.1,1003.3,14.4,-6.1394530955100715,4.971631089293715
2018-10-28 22:00:00,0.99,0.01,0.0,0.99,24.4,83.0,21.3,1003.6,13.3,-4.981083229470296,4.329989591337347
2018-10-28 23:00:00,0.99,0.0,0.0,0.99,23.6,86.0,21.1,1003.5,7.2,2.475670171853926,-0.34793275240016364
2018-10-29 00:00:00,0.98,0.0,0.0,0.98,23.1,88.0,21.0,1003.2,7.6,4.283637201794505,-0.3747696938149289
2018-10-29 01:00:00,0.98,0.0,0.0,0.98,22.9,90.0,21.2,1002.3,6.8,3.9602958877851804,-1.061158084920333
2018-10-29 02:00:00,0.96,0.0,0.0,0.96,22.6,92.0,21.3,1001.7,6.1,3.604268994871564,-2.523736319944603
2018-10-29 03:00:00,0.96,0.01,0.0,0.96,22.7,92.0,21.2,1001.2,6.1,2.545584412271572,-2.5455844122715705
2018-10-29 04:00:00,0.99,0.06,0.0,0.99,22.6,92.0,21.2,1001.1,5.8,1.4235782507653005,-3.197409101749103
2018-10-29 05:00:00,0.99,0.0,0.0,0.95,23.0,96.0,22.3,1001.1,9.0,3.964183272437243,-2.8801477362331176
2018-10-29 06:00:00,0.91,0.0,0.0,0.91,24.1,90.0,22.4,1001.8,7.6,4.6421352007971475,-0.7352419856890842
2018-10-29 07:00:00,0.77,0.0,0.0,0.77,25.9,83.0,22.8,1002.7,8.6,1.4554435894139948,-0.36288284339950116
2018-10-29 08:00:00,0.93,0.0,0.0,0.93,27.8,72.0,22.4,1003.5,12.2,2.894099322141325,1.1109406435904323
2018-10-29 09:00:00,0.88,0.07,0.0,0.88,29.4,64.0,21.8,1003.6,14.0,2.8512208774027776,-1.4527695991665492
2018-10-29 10:00:00,0.89,0.07,0.0,0.89,30.5,54.0,20.0,1003.1,18.0,-0.40458754771592675,-5.78587149150698
2018-10-29 11:00:00,0.98,0.0,0.0,0.98,31.1,51.0,19.8,1002.1,18.4,1.4205902870109297e-15,-5.8
2018-10-29 12:00:00,0.98,0.56,0.21,0.96,31.5,49.0,19.7,1000.9,24.1,2.141490415422927,-10.074920287558198
2018-10-29 13:00:00,0.95,0.04,0.12,0.95,31.1,54.0,20.6,999.7,24.8,2.8652427062828245,-9.371786608437747
2018-10-29 14:00:00,0.97,0.02,0.11,0.97,31.4,53.0,20.6,998.8,22.0,-2.2249223594996215,-6.8476069173251055
2018-10-29 15:00:00,0.96,0.03,0.24,0.95,31.4,52.0,20.5,998.6,17.3,0.3763024677635523,-3.580278823325784
2018-10-29 16:00:00,0.96,0.1,0.38,0.95,30.4,59.0,21.6,999.0,11.9,6.16289295184922,2.873804179836754
2018-10-29 17:00:00,1.0,0.02,0.1,0.99,28.5,80.0,24.8,999.4,18.7,-0.37668495821827785,5.386845871403051
2018-10-29 18:00:00,0.87,0.03,0.11,0.86,27.3,81.0,23.7,999.8,6.5,0.7097828148963341,5.050367150582008
2018-10-29 19:00:00,0.54,0.0,0.03,0.53,26.6,81.0,23.0,1000.6,5.8,4.3748599749577055,1.4214781741247586
2018-10-29 20:00:00,0.71,0.0,0.0,0.71,25.6,81.0,22.2,1001.4,7.6,4.71280049259058,2.197614961051636
2018-10-29 21:00:00,0.96,0.0,0.03,0.96,25.2,82.0,21.9,1001.8,11.9,5.022947341949743,2.9000000000000026
2018-10-29 22:00:00,1.0,0.0,0.0,1.0,24.8,84.0,22.0,1002.3,11.2,-6.88793918147854,3.211898789229315
2018-10-29 23:00:00,0.99,0.0,0.0,0.99,24.1,87.0,21.8,1001.9,16.9,-2.9145559532826275,4.664264528860342
2018-10-30 00:00:00,0.97,0.0,0.0,0.97,23.6,90.0,21.9,1001.4,9.4,1.846908773958611,5.074340152243906
2018-10-30 01:00:00,0.43,0.0,0.0,0.43,22.8,95.0,22.0,1000.5,8.6,5.051654523226905,5.811263767715346
2018-10-30 02:00:00,0.37,0.0,0.0,0.37,23.4,92.0,22.0,999.7,8.6,5.050367150582008,0.7097828148963357
2018-10-30 03:00:00,0.76,0.0,0.0,0.75,22.5,96.0,21.7,999.5,5.8,7.837739514543061e-16,-3.2
2018-10-30 04:00:00,1.0,0.0,0.0,1.0,22.4,97.0,21.8,1000.0,7.9,-1.421478174124758,-4.3748599749577055
2018-10-30 05:00:00,0.13,0.0,0.0,0.9,22.5,96.0,21.9,1000.2,8.3,-2.5624408513775414,-5.755336383148386
2018-10-30 06:00:00,0.76,0.0,0.0,0.76,23.2,91.0,21.6,1001.0,12.6,-2.472403516545019,-6.1194134401407965
2018-10-30 07:00:00,0.93,0.0,0.0,0.93,25.0,82.0,21.6,1002.1,11.2,-0.3449439287832564,-3.2819222547153015
2018-10-30 08:00:00,0.91,0.0,0.0,0.91,27.3,74.0,22.3,1002.8,10.8,0.7071067811865477,-0.7071067811865474
2018-10-30 09:00:00,0.89,0.0,0.0,0.89,29.4,64.0,22.0,1002.9,12.2,-1.0832670416736867,1.4375439180851273
2018-10-30 10:00:00,0.75,0.13,0.13,0.71,30.6,57.0,21.2,1002.6,15.5,-3.580278823325784,0.3763024677635528
2018-10-30 11:00:00,0.49,0.08,0.12,0.44,31.4,53.0,20.8,1001.6,15.8,-3.632020578756357,-0.7059932828932162
2018-10-30 12:00:00,0.87,0.19,0.04,0.85,32.0,51.0,20.5,1000.3,15.5,-1.7874357113510329,-1.4474368994146258
2018-10-30 13:00:00,0.96,0.21,0.04,0.95,32.7,48.0,20.1,999.2,15.5,1.460965714322058,-3.6160170328104706
2018-10-30 14:00:00,0.95,0.03,0.02,0.94,32.5,49.0,20.3,998.6,16.2,2.1490212066910064,-5.062776693988422
2018-10-30 15:00:00,0.99,0.01,0.01,0.99,32.2,49.0,20.3,998.1,16.6,1.4326213531414123,-4.685893304218873
2018-10-30 16:00:00,1.0,0.0,0.0,1.0,31.9,50.0,20.1,998.5,14.0,0.7107390870623796,-2.1874299874788528
2018-10-30 17:00:00,1.0,0.0,0.0,0.74,29.6,71.0,23.9,999.1,7.2,2.5000000000000004,4.330127018922193
2018-10-30 18:00:00,0.88,0.0,0.08,0.88,28.6,64.0,21.1,999.8,10.1,-1.837615220227899,6.858073366652384
2018-10-30 19:00:00,0.82,0.0,0.14,0.79,27.4,69.0,21.1,1000.9,23.4,-2.901868601035861,12.569373835729534
2018-10-30 20:00:00,0.86,0.0,0.15,0.85,26.7,70.0,20.8,1001.7,23.0,3.296985135816764,8.588939923774255
2018-10-30 21:00:00,0.7,0.0,0.09,0.67,26.1,74.0,21.2,1002.2,16.6,-0.7515347451843528,5.34744757120448
2018-10-30 22:00:00,0.96,0.06,0.11,0.96,25.5,78.0,21.4,1002.7,10.4,-6.10580806867569,1.076618701534968
2018-10-30 23:00:00,0.82,0.09,0.01,0.81,25.1,80.0,21.5,1002.0,14.0,-6.858073366652385,1.837615220227898
2018-10-31 00:00:00,0.55,0.14,0.02,0.52,24.7,83.0,21.5,1001.4,13.7,-8.337387673787106,-1.023702484603239
2018-10-31 01:00:00,0.94,0.21,0.02,0.92,24.5,86.0,21.9,1000.7,15.1,-5.400153994423308,-3.244739871933341
2018-10-31 02:00:00,0.95,0.09,0.0,0.95,24.4,89.0,22.4,1000.4,10.4,-1.8469087739586112,-5.074340152243906
2018-10-31 03:00:00,0.67,0.01,0.0,0.67,24.0,94.0,23.0,1000.2,9.7,1.4205902870109297e-15,-5.8
2018-10-31 04:00:00,0.35,0.03,0.01,0.34,23.8,96.0,23.1,1000.3,10.8,0.6794350112397471,-6.4643923198937765
2018-10-31 05:00:00,0.97,0.12,0.06,0.78,24.2,94.0,23.1,1000.6,11.5,0.7555899291119128,-6.153786140176197
2018-10-31 06:00:00,0.87,0.15,0.48,0.76,24.9,90.0,23.1,1001.1,12.6,0.3558845024520217,-6.790680836331102
2018-10-31 07:00:00,0.95,0.11,0.82,0.88,26.4,83.0,23.4,1001.9,12.2,-1.0886485301985047,-4.366330768241984
2018-10-31 08:00:00,0.97,0.11,0.14,0.96,27.7,77.0,23.2,1002.6,12.6,-2.8772616073430903,-3.195522749552795
2018-10-31 09:00:00,0.98,0.28,0.08,0.98,29.3,68.0,22.8,1002.4,20.2,-3.2039952536120446,-7.54813979831001
2018-10-31 10:00:00,0.69,0.27,0.19,0.65,30.2,64.0,22.7,1002.1,22.3,-2.153104870837043,-8.635631963856369
2018-10-31 11:00:00,0.49,0.2,0.28,0.39,31.0,61.0,22.5,1001.0,23.0,-1.8221035401853065,-7.892397524760405
2018-10-31 12:00:00,0.59,0.22,0.27,0.44,31.6,58.0,22.4,999.8,22.0,-1.0766187015349682,-6.10580806867569
2018-10-31 13:00:00,0.51,0.1,0.38,0.35,31.7,58.0,22.5,999.1,19.1,-1.7937955949114472,-3.2360929164157644
2018-10-31 14:00:00,0.67,0.15,0.17,0.61,31.8,59.0,22.8,998.2,16.9,-2.9108871788279895,0.7257656867990033
2018-10-31 15:00:00,0.99,0.31,0.34,0.99,32.1,57.0,22.6,997.8,18.0,-1.0611580849203361,3.9602958877851795
2018-10-31 16:00:00,1.0,1.0,0.48,0.99,28.6,74.0,23.5,999.2,20.9,-3.2231247291258502,9.360633898433237
2018-10-31 17:00:00,1.0,0.01,0.22,0.95,28.5,73.0,23.1,999.3,20.2,-1.764079077228795,6.1520748540052415
2018-10-31 18:00:00,0.8,0.09,0.15,0.78,27.7,78.0,23.5,1000.2,15.5,0.6557108531947776,9.377102072442348
2018-10-31 19:00:00,0.99,0.18,0.35,0.99,27.2,82.0,24.0,1001.2,15.8,1.8376152202278975,6.858073366652385
2018-10-31 20:00:00,0.96,0.48,0.14,0.94,26.0,91.0,24.5,1002.3,11.5,-1.1,-6.735557395310444e-17
2018-10-31 21:00:00,1.0,0.22,0.11,1.0,24.7,96.0,24.0,1002.7,11.2,-6.4643923198937765,-0.6794350112397475
2018-10-31 22:00:00,1.0,0.0,0.5,1.0,24.2,97.0,23.6,1002.4,13.7,-5.0,-3.061616997868383e-16
2018-10-31 23:00:00,1.0,0.11,0.2,1.0,24.2,97.0,23.7,1001.5,9.4,-4.283637201794505,0.3747696938149304
2018-11-01 00:00:00,1.0,0.31,0.57,1.0,24.2,97.0,23.6,1001.2,10.8,-4.023790324368742,-4.314986839553106
2018-11-01 01:00:00,1.0,0.05,0.96,1.0,24.1,97.0,23.6,1000.4,20.2,-4.361704647071826,-6.466493065929326
2018-11-01 02:00:00,1.0,0.06,1.0,1.0,24.0,98.0,23.6,1000.5,20.2,-6.139453095510071,-4.971631089293716
2018-11-01 03:00:00,1.0,0.0,0.92,1.0,23.9,97.0,23.4,1000.5,14.4,-3.606244584051392,-3.6062445840513924
2018-11-01 04:00:00,1.0,0.01,0.06,1.0,23.9,96.0,23.2,1000.0,11.5,0.7128052193506943,0.3631923997916376
2018-11-01 05:00:00,1.0,0.74,1.0,1.0,24.0,96.0,23.4,1000.5,5.4,7.1859411745548085,-2.474317973874388
2018-11-01 06:00:00,1.0,0.51,1.0,0.99,24.0,96.0,23.4,1001.0,21.6,6.0916401620029,0.31924933308196024
2018-11-01 07:00:00,1.0,0.37,1.0,0.99,24.2,95.0,23.4,1001.7,17.3,3.2154212137912763,-0.7423384793347542
2018-11-01 08:00:00,0.99,0.98,0.98,0.98,24.5,94.0,23.5,1003.2,14.8,-2.1791543987498248,-4.276831316104166
2018-11-01 09:00:00,1.0,0.53,0.7,1.0,24.8,92.0,23.4,1003.5,18.0,3.2498011250210608,-4.312631754255381
2018-11-01 10:00:00,1.0,0.24,0.99,1.0,25.0,92.0,23.6,1003.1,19.1,2.180852323535912,3.233246532964663
2018-11-01 11:00:00,1.0,0.56,0.57,1.0,25.6,88.0,23.6,1002.3,21.6,2.8991378028648445,2.8991378028648453
2018-11-01 12:00:00,1.0,0.28,0.92,1.0,26.7,84.0,23.8,1001.5,26.6,4.685893304218873,1.4326213531414118
2018-11-01 13:00:00,1.0,0.03,0.61,1.0,26.1,89.0,24.2,1000.7,24.5,4.676976310969129,-1.0797650608505516
2018-11-01 14:00:00,1.0,0.0,0.77,1.0,26.3,87.0,23.9,999.9,16.6,5.020458146424488,-5.0204581464244855
2018-11-01 15:00:00,1.0,0.0,0.6,1.0,27.0,84.0,24.0,999.2,21.6,8.33287504206196,-6.054188098612472
2018-11-01 16:00:00,1.0,0.01,0.53,1.0,26.8,83.0,23.6,999.5,22.0,4.656970893768801,-5.750880114781583
2018-11-01 17:00:00,1.0,0.0,0.77,1.0,27.0,82.0,23.7,999.8,15.8,1.4364846019678081,-3.9467090073008158
2018-11-01 18:00:00,1.0,0.0,0.11,1.0,26.0,89.0,24.0,1000.2,7.6,9.797174393178826e-16,-4.0
2018-11-01 19:00:00,1.0,0.02,0.05,1.0,25.7,91.0,24.1,1001.0,5.8,-0.6883116461770159,-4.3458286986186065
2018-11-01 20:00:00,0.99,0.03,0.08,0.99,25.6,91.0,24.0,1002.0,7.9,1.2246467991473533e-15,-5.0
2018-11-01 21:00:00,1.0,0.0,0.14,1.0,25.5,91.0,24.0,1002.8,8.3,1.0531962472667237e-15,-4.3
2018-11-01 22:00:00,1.0,0.02,0.13,1.0,25.2,91.0,23.8,1002.7,7.2,-1.7489675652259409,-3.9282454678631837
2018-11-01 23:00:00,0.99,0.08,0.12,0.99,25.0,92.0,23.6,1002.4,6.8,-1.4364846019678086,-3.9467090073008158
2018-11-02 00:00:00,0.96,0.18,0.16,0.95,25.1,91.0,23.6,1001.8,8.6,-0.7515347451843534,-5.34744757120448
2018-11-02 01:00:00,1.0,0.96,0.34,0.99,24.6,93.0,23.4,1001.3,14.0,-3.5499933986218752,-7.61298541110786
2018-11-02 02:00:00,0.99,0.24,0.66,0.99,24.1,95.0,23.2,1000.8,15.1,1.376623292354034,-8.691657397237211
2018-11-02 03:00:00,0.99,0.01,0.3,0.99,23.8,96.0,23.1,1000.4,17.6,0.7233926648055641,-8.268415994161488
2018-11-02 04:00:00,1.0,0.89,0.36,0.99,23.6,96.0,23.0,1001.0,16.9,-4.383711467890775,-8.98794046299167
2018-11-02 05:00:00,1.0,0.92,0.41,0.76,23.8,94.0,22.9,1001.4,17.3,-2.159530121701104,-9.353952621938259
2018-11-02 06:00:00,0.81,0.66,0.42,0.6,23.6,95.0,22.8,1002.2,17.3,-0.7582549619046259,-8.666893873398186
2018-11-02 07:00:00,0.86,0.84,0.78,0.26,24.2,90.0,22.5,1002.6,16.2,-2.8649997592229792,-8.320563465273988
2018-11-02 08:00:00,0.9,0.62,0.76,0.79,25.2,86.0,22.8,1003.2,25.2,-4.962187045524762,-11.14525458323973
2018-11-02 09:00:00,1.0,1.0,0.65,0.89,25.6,85.0,23.0,1003.9,29.9,-1.7677094549546088,-11.160878248725057
2018-11-02 10:00:00,0.98,0.72,0.9,0.94,25.7,86.0,23.1,1003.8,25.6,-0.31409547032250873,-8.994517443171862
2018-11-02 11:00:00,0.99,0.88,0.87,0.97,25.0,91.0,23.5,1002.9,24.5,2.8652427062828245,-9.371786608437747
2018-11-02 12:00:00,1.0,0.99,0.6,0.98,24.9,94.0,23.8,1001.9,24.1,-0.31409547032250873,-8.994517443171862
2018-11-02 13:00:00,1.0,1.0,0.74,1.0,25.4,91.0,23.9,1000.8,23.0,-3.5386087947594613,-7.947845481490627
2018-11-02 14:00:00,1.0,0.62,0.44,1.0,25.6,86.0,23.1,1000.2,24.8,-3.19739332747719,-11.1506356728845
2018-11-02 15:00:00,0.99,0.22,0.29,0.99,26.6,83.0,23.5,999.7,31.3,-6.478707566445293,-12.184676781453193
2018-11-02 16:00:00,0.99,0.82,0.4,0.98,26.0,84.0,23.0,1000.1,31.0,-6.449999999999999,-11.17172770881926
2018-11-02 17:00:00,0.99,0.4,0.25,0.87,25.5,88.0,23.4,1000.3,25.6,-1.4235536318661008,-8.987963899415753
2018-11-02 18:00:00,0.96,0.21,0.31,0.96,25.2,91.0,23.5,1001.0,16.6,-2.4807362023529924,-8.65135526344487
2018-11-02 19:00:00,0.95,0.17,0.23,0.93,24.8,93.0,23.6,1001.7,15.1,-1.4553818357243153,-6.84703320513664
2018-11-02 20:00:00,0.99,0.2,0.2,0.99,24.7,94.0,23.7,1002.6,12.2,-1.8376152202278973,-6.858073366652385
2018-11-02 21:00:00,0.99,0.4,0.31,0.99,24.5,94.0,23.5,1003.1,11.5,-1.079765060850552,-4.676976310969129
2018-11-02 22:00:00,1.0,0.68,0.66,0.99,24.4,95.0,23.5,1003.1,13.0,-3.5996106142446194,-4.289848881466277
2018-11-02 23:00:00,1.0,1.0,0.87,0.99,24.0,96.0,23.4,1002.9,14.4,-2.8991378028648445,-2.899137802864845
2018-11-03 00:00:00,1.0,1.0,0.78,0.99,23.4,98.0,23.0,1002.5,15.5,-1.433314250248396,4.998560818879258
2018-11-03 01:00:00,1.0,1.0,0.5,0.99,23.0,99.0,22.9,1001.8,21.6,-7.960204194457795e-16,6.5
2018-11-03 02:00:00,1.0,0.97,0.9,0.98,22.9,99.0,22.8,1001.6,18.4,1.1110124779463997,3.6339580726595346
2018-11-03 03:00:00,1.0,1.0,0.89,0.99,23.0,98.0,22.5,1001.7,9.0,-1.4554435894139948,0.36288284339950166
2018-11-03 04:00:00,1.0,0.96,0.59,1.0,23.0,98.0,22.6,1001.9,9.4,-3.197409101749103,-1.4235782507653008
2018-11-03 05:00:00,1.0,0.97,0.31,0.98,23.1,96.0,22.5,1002.1,11.9,-9.06164160250269,-2.092044805397944
2018-11-03 06:00:00,1.0,0.87,0.44,0.99,23.2,96.0,22.5,1003.1,21.6,-7.9716521038704045,-4.981241083792126
2018-11-03 07:00:00,0.99,0.9,0.39,0.98,23.6,95.0,22.8,1003.9,19.4,-4.683895701129233,-7.212566884330647
2018-11-03 08:00:00,1.0,1.0,0.35,0.99,24.5,91.0,23.0,1004.6,24.8,-4.366085533908785,-8.211412613588022
2018-11-03 09:00:00,1.0,0.74,0.31,0.99,25.6,87.0,23.2,1004.7,30.2,-5.40517649517869,-8.650090580795544
2018-11-03 10:00:00,0.99,0.99,0.25,0.99,26.8,83.0,23.6,1004.4,30.6,-3.2693856872009626,-4.669166652447253
2018-11-03 11:00:00,1.0,0.92,0.27,1.0,27.1,83.0,24.0,1003.7,26.6,9.797174393178826e-17,-0.4
2018-11-03 12:00:00,1.0,0.31,0.31,1.0,27.4,83.0,24.1,1002.5,27.0,0.3434561916777805,1.7669289302057951
2018-11-03 13:00:00,0.97,0.33,0.43,0.96,28.9,76.0,24.2,1001.4,24.5,-0.726384799583275,-1.4256104387013888
2018-11-03 14:00:00,1.0,0.52,0.42,1.0,26.7,82.0,23.4,1001.2,27.7,-11.107818738551682,2.5644420195200612
2018-11-03 15:00:00,1.0,0.21,0.18,1.0,25.5,89.0,23.6,1001.1,27.7,-6.466493065929326,-4.361704647071825
2018-11-03 16:00:00,1.0,0.32,0.32,1.0,25.5,90.0,23.7,1001.6,21.6,-4.7,-2.8779199779962803e-16
2018-11-03 17:00:00,1.0,0.16,0.31,1.0,24.7,91.0,23.1,1001.8,10.8,1.0531962472667237e-15,-4.3
2018-11-03 18:00:00,1.0,0.67,0.3,1.0,24.1,95.0,23.4,1002.5,8.3,-1.0886485301985047,-4.366330768241984
2018-11-03 19:00:00,1.0,1.0,0.16,1.0,23.9,97.0,23.4,1003.4,9.4,0.688311646177017,-4.345828698618606
2018-11-03 20:00:00,0.99,0.53,0.22,0.99,23.7,98.0,23.3,1004.2,10.1,2.500000000000002,-4.330127018922192
2018-11-03 21:00:00,0.98,0.53,0.22,0.98,23.5,97.0,23.0,1004.9,10.4,3.604268994871564,-2.523736319944603
2018-11-03 22:00:00,0.99,0.91,0.49,0.98,23.2,97.0,22.8,1004.8,10.1,2.5114736709748717,-1.4500000000000002
2018-11-03 23:00:00,1.0,1.0,0.51,0.99,23.2,98.0,22.9,1004.6,13.0,-0.3441558230885082,2.172914349309303
2018-11-04 00:00:00,1.0,1.0,0.32,0.98,23.0,99.0,22.9,1003.8,12.6,-0.726950774511971,1.0777488443215542
2018-11-04 01:00:00,1.0,1.0,0.43,0.96,23.0,99.0,22.9,1003.2,9.4,1.4256104387013888,-0.7263847995832746
2018-11-04 02:00:00,1.0,1.0,0.28,0.86,23.0,99.0,22.9,1002.6,11.9,2.5242120488351985,-3.2308440897875603
2018-11-04 03:00:00,1.0,1.0,0.38,0.92,23.0,99.0,22.8,1002.6,12.2,1.1110124779464012,-3.633958072659534
2018-11-04 04:00:00,1.0,0.99,0.37,0.95,22.9,98.0,22.6,1002.5,11.2,0.3486229709906333,-3.984778792366982
2018-11-04 05:00:00,0.95,0.18,0.28,0.92,23.6,96.0,22.9,1002.4,10.4,-0.7555899291119144,-6.153786140176196
2018-11-04 06:00:00,0.95,0.27,0.17,0.93,24.0,95.0,23.1,1002.9,15.1,-1.8126854560771757,-9.325458242752807
2018-11-04 07:00:00,0.68,0.28,0.12,0.59,25.2,91.0,23.6,1003.9,20.5,-3.5376976271451146,-11.571287547152728
2018-11-04 08:00:00,0.85,0.46,0.04,0.79,26.6,83.0,23.4,1004.4,34.6,-7.899434695468114,-15.5035135208776
2018-11-04 09:00:00,0.73,0.49,0.0,0.59,28.1,71.0,22.5,1004.8,34.2,-9.636084130697574,-13.761754344055063
2018-11-04 10:00:00,0.63,0.34,0.43,0.44,29.2,65.0,22.0,1004.4,33.8,-11.525840533340725,-11.525840533340727
2018-11-04 11:00:00,0.66,0.28,0.4,0.44,29.5,65.0,22.1,1003.7,33.5,-12.356620787165838,-10.006194217692414
2018-11-04 12:00:00,0.8,0.25,0.58,0.57,29.8,65.0,22.5,1002.6,32.4,-12.24459029200319,-7.951729911219395
2018-11-04 13:00:00,0.65,0.12,0.25,0.51,30.3,62.0,22.3,1001.6,29.9,-12.583116648188337,-6.1371960550470845
2018-11-04 14:00:00,0.4,0.09,0.21,0.38,31.0,58.0,21.7,1000.4,29.9,-13.347320375060386,-5.665601363094469
2018-11-04 15:00:00,0.72,0.07,0.13,0.67,30.8,58.0,21.5,1000.1,30.2,-13.703181864639014,-6.101049646137003
2018-11-04 16:00:00,0.15,0.1,0.09,0.03,29.9,63.0,22.1,1000.7,29.2,-10.800307988846615,-6.489479743866682
2018-11-04 17:00:00,0.2,0.18,0.14,0.28,28.5,71.0,22.6,1001.0,23.0,-6.145870741395559,-2.116193003971519
2018-11-04 18:00:00,0.68,0.2,0.18,0.6,27.5,74.0,22.4,1002.0,11.2,-6.847033205136639,-1.4553818357243162
2018-11-04 19:00:00,1.0,0.12,0.13,1.0,26.5,80.0,22.8,1003.3,12.2,-5.34744757120448,-0.7515347451843536
2018-11-04 20:00:00,0.99,0.06,0.09,0.99,25.4,88.0,23.2,1004.3,9.0,-2.9055391983331,-5.702441754805555
2018-11-04 21:00:00,1.0,0.07,0.1,1.0,25.2,87.0,23.0,1004.8,7.9,1.4214781741247593,-4.3748599749577055
2018-11-04 22:00:00,1.0,0.08,0.08,1.0,24.9,89.0,22.9,1004.8,10.4,2.8637765329939335,-5.385980316439454
2018-11-04 23:00:00,1.0,0.35,0.5,1.0,24.1,93.0,23.0,1004.6,13.3,1.0766187015349684,-6.10580806867569
2018-11-05 00:00:00,1.0,0.23,0.29,0.99,24.0,95.0,23.0,1003.7,14.0,1.8376152202278968,-6.858073366652385
2018-11-05 01:00:00,1.0,0.3,0.26,1.0,23.9,94.0,22.9,1002.6,11.9,1.0577155672965006,-7.526037322435934
2018-11-05 02:00:00,0.97,0.25,0.14,0.96,23.6,96.0,22.9,1002.1,12.6,0.6623836448822031,-7.571079705497266
2018-11-05 03:00:00,0.97,0.41,0.0,0.95,23.7,95.0,22.9,1002.0,15.1,0.32805526900350773,-9.394273773979501
2018-11-05 04:00:00,0.99,0.3,0.0,0.98,23.5,95.0,22.5,1002.0,15.5,1.0602632876247808,-8.635151519279502
2018-11-05 05:00:00,0.98,0.07,0.0,0.66,23.8,93.0,22.5,1002.2,14.4,1.7634913907721887e-15,-7.2
2018-11-05 06:00:00,0.9,0.11,0.0,0.9,24.3,90.0,22.6,1003.2,13.3,-1.8221035401853065,-7.892397524760405
2018-11-05 07:00:00,0.94,0.09,0.0,0.94,25.7,85.0,23.0,1004.0,16.9,-1.7672493719509543,-8.314254606237348
2018-11-05 08:00:00,0.7,0.2,0.11,0.63,27.4,77.0,23.0,1004.9,27.4,-6.1371960550470845,-12.583116648188339
2018-11-05 09:00:00,0.73,0.23,0.32,0.6,28.4,72.0,22.8,1005.6,29.9,-8.36522882181347,-11.101033589657371
2018-11-05 10:00:00,0.62,0.23,0.52,0.47,29.2,69.0,23.0,1005.1,29.9,-7.9062875991444335,-9.42234665036343
2018-11-05 11:00:00,0.64,0.2,0.24,0.53,29.8,68.0,23.4,1004.0,29.5,-6.772276228582241,-8.668118289673941
2018-11-05 12:00:00,0.95,0.4,0.76,0.89,30.5,65.0,23.2,1002.8,29.5,-6.560590289905073,-7.54709580222772
2018-11-05 13:00:00,0.69,0.17,0.46,0.62,29.2,71.0,23.4,1001.8,29.2,-6.18861855782673,-5.379684037722159
2018-11-05 14:00:00,1.0,0.19,0.46,1.0,28.0,77.0,23.5,1001.2,28.4,-11.535140351259827,3.3076482698039884
2018-11-05 15:00:00,0.9,0.17,0.38,0.86,27.3,82.0,24.0,1001.1,25.6,-6.5144714853360535,3.9142893693164122
2018-11-05 16:00:00,0.89,0.14,0.42,0.83,27.6,81.0,24.0,1001.2,18.4,-4.276831316104166,2.1791543987498243
2018-11-05 17:00:00,0.97,0.02,0.13,0.84,27.9,77.0,23.6,1000.5,18.0,-3.984778792366982,-0.34862297099063255
2018-11-05 18:00:00,1.0,0.0,0.1,1.0,26.2,84.0,23.2,1001.0,7.9,-5.087576656325103,0.35575801609503915
2018-11-05 19:00:00,1.0,0.06,0.09,1.0,25.6,89.0,23.6,1002.2,7.6,-5.032023407672544,3.267834210090163
2018-11-05 20:00:00,1.0,0.07,0.06,1.0,25.5,90.0,23.8,1003.6,6.8,-6.0916401620029,-0.3192493330819582
2018-11-05 21:00:00,1.0,0.15,0.1,1.0,25.6,87.0,23.4,1004.4,8.3,-5.087576656325103,-0.35575801609503865
2018-11-05 22:00:00,1.0,0.08,0.04,1.0,25.4,89.0,23.4,1004.5,9.7,-3.600102662948872,-2.1631599146222276
2018-11-05 23:00:00,1.0,0.07,0.01,1.0,24.5,92.0,23.2,1004.4,8.3,1.4493866525741157,-5.4091846272187825
2018-11-06 00:00:00,1.0,0.03,0.03,1.0,24.4,93.0,23.1,1003.7,6.5,2.8678964048465345,-2.4930243101639267
2018-11-06 01:00:00,1.0,0.02,0.0,1.0,23.8,96.0,23.1,1003.0,6.5,2.1808523235359116,-3.233246532964663
2018-11-06 02:00:00,1.0,0.01,0.0,1.0,23.5,96.0,23.0,1002.2,6.5,1.4364846019678081,-3.9467090073008158
2018-11-06 03:00:00,1.0,0.02,0.57,1.0,23.8,94.0,22.7,1002.1,11.9,0.7526049355271046,-7.160557646651568
2018-11-06 04:00:00,1.0,0.01,0.66,1.0,24.0,92.0,22.6,1002.2,14.4,0.30013567164150706,-8.594761112364223
2018-11-06 05:00:00,1.0,0.0,0.98,1.0,24.1,91.0,22.6,1002.9,15.8,-1.0577155672964973,-7.5260373224359345
2018-11-06 06:00:00,1.0,0.0,0.83,1.0,24.3,91.0,22.8,1003.6,15.1,-1.469229264399395,-7.558529312547013
2018-11-06 07:00:00,1.0,0.04,0.85,1.0,25.0,88.0,22.9,1004.9,14.4,-3.9754388860199636,-7.171881598543044
2018-11-06 08:00:00,1.0,0.09,1.0,1.0,25.8,86.0,23.1,1005.4,16.6,-3.6319239979163744,-7.128052193506943
2018-11-06 09:00:00,1.0,0.19,1.0,1.0,26.5,81.0,22.9,1006.0,24.5,-6.901510203794726,-11.486041829408306
2018-11-06 10:00:00,1.0,0.23,0.95,1.0,26.9,80.0,23.2,1005.9,28.4,-6.901510203794726,-11.486041829408306
2018-11-06 11:00:00,1.0,0.13,0.23,1.0,27.3,78.0,23.1,1004.9,32.0,-8.395120621033882,-13.971827001444431
2018-11-06 12:00:00,1.0,0.07,0.44,1.0,26.8,76.0,22.2,1004.1,31.3,-7.276809223181307,-13.685687689313369
2018-11-06 13:00:00,1.0,0.0,0.99,1.0,25.5,84.0,22.6,1003.0,29.2,-5.029157314714324,-10.785062665736135
2018-11-06 14:00:00,1.0,0.0,1.0,1.0,25.0,86.0,22.5,1002.1,22.0,-1.8296228791962823,-8.607698886457491
2018-11-06 15:00:00,1.0,0.01,1.0,1.0,24.8,90.0,23.0,1001.6,15.8,3.587591189822893,-6.47218583283153
2018-11-06 16:00:00,1.0,0.01,1.0,1.0,24.5,89.0,22.7,1002.0,13.3,4.680663690362691,-4.364789504399992
2018-11-06 17:00:00,1.0,0.01,1.0,1.0,25.3,91.0,23.6,1001.9,11.2,-0.35575801609503904,-5.087576656325103
2018-11-06 18:00:00,1.0,0.0,0.0,1.0,25.0,91.0,23.5,1002.5,9.0,1.460965714322058,-3.6160170328104706
2018-11-06 19:00:00,1.0,0.0,0.05,1.0,24.2,95.0,23.3,1003.6,6.1,3.9282454678631846,-1.7489675652259389
2018-11-06 20:00:00,1.0,0.0,0.0,1.0,23.8,95.0,23.0,1004.5,6.5,3.2498011250210608,-4.312631754255381
2018-11-06 21:00:00,1.0,0.0,0.0,1.0,23.8,94.0,22.8,1005.2,21.2,1.4493866525741157,-5.4091846272187825
2018-11-06 22:00:00,0.99,0.01,0.01,0.99,23.6,94.0,22.6,1005.6,21.2,1.0494494745709957,-5.3989495089621515
2018-11-06 23:00:00,1.0,0.01,1.0,0.97,23.2,95.0,22.4,1005.3,9.4,2.1490212066910064,-5.062776693988422
2018-11-07 00:00:00,1.0,0.01,1.0,0.99,23.5,92.0,22.1,1004.8,10.8,3.2447398719333433,-5.400153994423306
2018-11-07 01:00:00,1.0,0.03,0.61,1.0,23.5,91.0,21.9,1003.8,14.4,3.189474750953177,-8.308865795825094
2018-11-07 02:00:00,1.0,0.0,0.99,1.0,23.2,90.0,21.5,1003.2,15.8,3.6336839561343495,-8.993683389297836
2018-11-07 03:00:00,1.0,0.0,0.98,1.0,23.0,90.0,21.2,1002.5,15.8,4.033014550459515,-8.268905225952334
2018-11-07 04:00:00,1.0,0.0,1.0,1.0,23.0,89.0,21.0,1002.5,14.8,4.9961746444860236,-6.876644452187052
2018-11-07 05:00:00,1.0,0.02,1.0,0.99,22.9,89.0,20.9,1003.3,14.0,3.964183272437243,-2.8801477362331176
2018-11-07 06:00:00,1.0,0.03,1.0,0.99,23.8,86.0,21.2,1004.0,20.2,4.685893304218874,-1.43262135314141
2018-11-07 07:00:00,1.0,0.01,0.98,0.98,24.3,85.0,21.7,1004.9,15.1,4.310995377286217,-2.9078030980478844
2018-11-07 08:00:00,1.0,0.0,0.78,1.0,25.2,83.0,22.1,1005.6,17.3,1.3638963894086458,-9.704627073667389
2018-11-07 09:00:00,1.0,0.05,0.79,1.0,26.5,78.0,22.4,1005.7,20.2,2.092044805397948,-9.061641602502688
2018-11-07 10:00:00,1.0,0.17,0.64,1.0,27.5,75.0,22.7,1005.4,19.1,-0.6557108531947778,-9.377102072442348
2018-11-07 11:00:00,0.98,0.13,0.14,0.98,28.9,66.0,21.9,1004.4,22.3,-3.8703738550892433,-10.08266860616978
2018-11-07 12:00:00,1.0,0.17,0.41,0.99,30.0,59.0,21.0,1003.3,26.3,-6.807987937687838,-10.4833820993178
2018-11-07 13:00:00,0.99,0.11,0.41,0.99,30.0,58.0,20.9,1002.3,26.3,-6.049999999999999,-10.478907385791707
2018-11-07 14:00:00,0.98,0.17,0.54,0.96,30.5,56.0,20.6,1001.3,25.6,-6.095202647831141,-9.036509540849956
2018-11-07 15:00:00,0.99,0.25,0.51,0.98,30.1,57.0,20.6,1000.6,22.7,-6.18861855782673,-5.379684037722159
2018-11-07 16:00:00,0.99,0.09,0.37,0.99,29.5,64.0,22.1,1000.9,15.8,-5.7247447850283795,-1.4273391840380394
2018-11-07 17:00:00,1.0,0.05,0.19,1.0,27.4,74.0,22.5,1001.4,10.8,-6.518743047927909,1.0324674692655234
2018-11-07 18:00:00,1.0,0.04,0.28,1.0,26.2,80.0,22.4,1002.2,11.2,-3.5748714227020666,2.894873798829251
2018-11-07 19:00:00,0.99,0.06,0.32,0.99,25.6,82.0,22.4,1003.2,10.4,-0.3192493330819572,6.0916401620029
2018-11-07 20:00:00,1.0,0.04,0.36,1.0,24.9,87.0,22.5,1004.1,12.6,2.1013155617496415,6.467184310807045
2018-11-07 21:00:00,1.0,0.23,0.23,1.0,24.4,91.0,22.8,1004.7,12.2,2.914555953282626,4.664264528860343
2018-11-07 22:00:00,1.0,0.31,0.31,0.99,24.3,92.0,22.9,1004.7,9.7,3.2308440897875603,2.524212048835198
2018-11-07 23:00:00,0.99,0.14,0.22,0.99,24.1,94.0,23.0,1004.3,7.6,3.281922254715302,0.3449439287832561
2018-11-08 00:00:00,0.99,0.21,0.38,0.99,23.9,95.0,23.0,1003.6,6.1,2.5,4.592425496802574e-16
2018-11-08 01:00:00,1.0,0.19,0.6,0.99,23.5,96.0,22.9,1002.7,9.0,2.8678964048465345,-2.4930243101639267
2018-11-08 02:00:00,0.99,0.11,0.48,0.99,23.5,97.0,23.0,1002.0,7.9,3.5802788233257843,-0.37630246776355075
2018-11-08 03:00:00,0.96,0.1,0.34,0.95,23.5,97.0,22.9,1001.6,7.2,4.276831316104166,-2.179154398749824
2018-11-08 04:00:00,0.96,0.04,0.29,0.96,23.5,95.0,22.7,1001.7,9.7,2.907803098047882,-4.3109953772862175
2018-11-08 05:00:00,0.98,0.02,0.07,0.99,23.7,93.0,22.5,1002.5,9.0,2.542346798541463,-4.989636535454859
2018-11-08 06:00:00,0.99,0.02,0.02,0.99,24.0,91.0,22.5,1002.7,13.3,1.0602632876247808,-8.635151519279502
2018-11-08 07:00:00,1.0,0.0,0.05,1.0,25.0,88.0,22.8,1003.6,15.8,-0.662383644882202,-7.571079705497266
2018-11-08 08:00:00,0.99,0.05,0.12,0.99,26.0,82.0,22.6,1004.6,18.7,-2.4807362023529924,-8.65135526344487
2018-11-08 09:00:00,1.0,0.0,0.8,1.0,27.0,76.0,22.4,1005.1,25.9,-2.4423551408197737,-12.5648279481301
2018-11-08 10:00:00,1.0,0.0,0.68,1.0,27.0,76.0,22.4,1004.0,30.2,1.5470212563612706,-14.718924051450445
2018-11-08 11:00:00,1.0,0.13,0.99,1.0,26.5,81.0,23.0,1003.2,30.6,-4.014873486536644,-8.609923976848174
2018-11-08 12:00:00,1.0,0.72,0.94,0.98,25.8,87.0,23.4,1002.8,22.3,-3.6319239979163744,-7.128052193506943
2018-11-08 13:00:00,1.0,0.0,0.99,0.91,25.7,89.0,23.8,1001.6,21.2,2.225843787881678,-8.306962106085987
2018-11-08 14:00:00,1.0,0.02,1.0,0.97,25.7,92.0,24.3,1000.9,17.6,-2.24951054343865,-9.743700647852352
2018-11-08 15:00:00,1.0,0.15,1.0,0.96,25.2,92.0,23.8,1000.6,22.0,-3.2833933759264196,-9.02104915954472
2018-11-08 16:00:00,1.0,0.17,1.0,0.99,25.3,92.0,23.9,1001.2,16.2,-5.046340541172277,-4.70578868443124
2018-11-08 17:00:00,1.0,0.03,1.0,1.0,24.4,90.0,22.5,1001.5,13.0,-7.212489168102784,-7.212489168102785
2018-11-08 18:00:00,1.0,0.02,1.0,1.0,23.9,92.0,22.6,1002.0,18.0,-5.789747597658503,-7.149742845404131
2018-11-08 19:00:00,1.0,0.07,1.0,1.0,23.8,94.0,22.7,1002.8,15.8,-3.5165801564034638,-8.284543681071963
2018-11-08 20:00:00,1.0,0.13,0.13,1.0,23.9,94.0,22.8,1003.5,15.5,-2.12231616984067,-7.92059177557036
2018-11-08 21:00:00,1.0,0.12,0.12,1.0,23.6,94.0,22.6,1003.7,14.4,-1.1133848076805235,-7.922144549932563
2018-11-08 22:00:00,1.0,0.14,0.15,1.0,23.5,94.0,22.5,1003.6,15.1,-2.153104870837043,-8.635631963856369
2018-11-08 23:00:00,1.0,0.1,0.32,1.0,23.4,94.0,22.4,1003.4,15.1,-3.2393537832226467,-6.092338390726597
2018-11-09 00:00:00,1.0,0.08,0.58,1.0,23.2,94.0,22.2,1003.0,11.5,-3.5996106142446194,-4.289848881466277
2018-11-09 01:00:00,1.0,0.1,0.58,0.99,23.1,94.0,22.2,1002.0,10.1,-1.0766187015349682,-6.10580806867569
2018-11-09 02:00:00,1.0,0.08,0.3,1.0,23.0,95.0,22.1,1001.2,13.0,0.37681888494919946,-7.190132650232932
2018-11-09 03:00:00,0.98,0.14,0.24,0.97,22.8,95.0,22.0,1001.1,12.6,-1.0324674692655236,-6.518743047927909
2018-11-09 04:00:00,0.98,0.19,0.23,0.98,22.8,95.0,22.0,1001.0,11.9,-1.079397808777593,-6.815049550106451
2018-11-09 05:00:00,0.99,0.06,0.43,1.0,23.2,93.0,22.0,1001.5,11.9,-2.5648410533120636,-7.893769085249775
2018-11-09 06:00:00,1.0,0.04,0.42,1.0,23.6,92.0,22.2,1002.2,15.8,-2.510544737494451,-9.369480515003962
2018-11-09 07:00:00,0.99,0.03,0.03,0.99,24.5,90.0,22.6,1002.8,18.0,-1.755442757464212,-9.030970087718508
2018-11-09 08:00:00,0.97,0.22,0.54,0.95,25.8,83.0,22.7,1003.4,30.6,-6.106087472679366,-15.113096829438636
2018-11-09 09:00:00,0.98,0.15,0.93,0.96,26.5,81.0,23.0,1004.1,32.0,-5.088824883543263,-13.256842056260265
2018-11-09 10:00:00,1.0,0.16,0.99,0.96,27.0,79.0,23.0,1004.1,28.8,-4.944807033090038,-12.238826880281593
2018-11-09 11:00:00,0.98,0.1,0.72,0.97,26.6,79.0,22.7,1003.4,27.7,-5.367251924106883,-11.510108895365454
2018-11-09 12:00:00,0.98,0.01,0.45,0.98,27.3,80.0,23.5,1001.8,25.9,-3.5227937358744006,-10.84204428576475
2018-11-09 13:00:00,1.0,0.2,0.55,0.99,28.3,76.0,23.8,1000.9,34.2,-4.311408416603482,-9.683581851011569
2018-11-09 14:00:00,1.0,0.3,0.92,1.0,27.2,75.0,22.5,1000.5,31.7,-1.060263287624783,-8.6351515192795
2018-11-09 15:00:00,1.0,0.2,0.19,1.0,26.4,84.0,23.4,1000.5,21.6,-9.700776466210565,-3.151973342624464
2018-11-09 16:00:00,1.0,0.0,0.98,1.0,24.9,93.0,23.6,1001.2,26.3,-4.6728711030257655,3.92100441908789
2018-11-09 17:00:00,1.0,0.02,0.43,0.99,26.6,82.0,23.2,1000.0,10.4,-7.612985411107861,3.5499933986218744
2018-11-09 18:00:00,1.0,0.14,0.17,1.0,25.3,89.0,23.4,1000.8,15.1,-5.0463405411722775,4.705788684431239
2018-11-09 19:00:00,0.99,0.11,0.25,0.99,24.8,91.0,23.2,1001.8,12.2,-1.4609657143220578,3.6160170328104706
2018-11-09 20:00:00,1.0,0.31,0.19,1.0,24.4,93.0,23.2,1003.1,6.8,1.4527695991665495,2.8512208774027776
2018-11-09 21:00:00,0.99,0.41,0.12,0.98,23.8,97.0,23.3,1003.5,5.4,2.5,4.592425496802574e-16
2018-11-09 22:00:00,0.94,0.3,0.02,0.94,23.5,98.0,23.2,1003.4,9.7,4.289848881466277,-3.5996106142446194
2018-11-09 23:00:00,0.91,0.21,0.0,0.9,23.3,99.0,23.0,1003.4,9.4,4.276831316104166,-2.179154398749824
2018-11-10 00:00:00,0.89,0.08,0.0,0.88,22.9,98.0,22.6,1003.0,8.3,3.1955227495527967,-2.8772616073430886
2018-11-10 01:00:00,0.85,0.04,0.0,0.84,22.5,98.0,22.2,1002.3,7.2,2.500000000000002,-4.330127018922192
2018-11-10 02:00:00,0.14,0.0,0.0,0.14,22.5,97.0,22.0,1002.0,11.5,1.8376152202278968,-6.858073366652385
2018-11-10 03:00:00,0.26,0.0,0.0,0.26,22.4,96.0,21.6,1001.7,14.8,0.30013567164150706,-8.594761112364223
2018-11-10 04:00:00,0.58,0.01,0.0,0.58,22.2,94.0,21.2,1001.7,15.1,0.4134540543192605,-7.889173324561134
2018-11-10 05:00:00,0.82,0.01,0.01,0.02,22.5,95.0,21.5,1002.0,13.0,2.2249223594996232,-6.8476069173251055
2018-11-10 06:00:00,0.14,0.01,0.0,0.13,23.2,91.0,21.6,1002.6,14.0,1.0237024846032368,-8.337387673787106
2018-11-10 07:00:00,0.08,0.03,0.0,0.06,25.1,84.0,22.2,1003.3,17.6,-1.109011024986842,-9.032169979936029
2018-11-10 08:00:00,0.62,0.09,0.0,0.6,27.0,76.0,22.5,1004.0,22.3,-2.4969567032169016,-10.81550771911611
2018-11-10 09:00:00,0.55,0.27,0.0,0.39,28.2,71.0,22.4,1004.2,31.7,-6.223070639059744,-13.977245501931794
2018-11-10 10:00:00,0.74,0.16,0.11,0.69,29.1,67.0,22.3,1003.8,32.0,-5.506716923213906,-13.629602662131774
2018-11-10 11:00:00,0.78,0.14,0.13,0.74,30.0,62.0,22.0,1003.0,31.7,-5.782820701641252,-13.623471831096118
2018-11-10 12:00:00,0.24,0.09,0.1,0.13,30.5,59.0,21.7,1002.1,31.7,-6.043441142892003,-12.960201354624095
2018-11-10 13:00:00,0.32,0.1,0.26,0.09,30.9,55.0,21.0,1001.1,30.6,-7.249999999999999,-12.557368354874361
2018-11-10 14:00:00,0.22,0.04,0.15,0.08,31.0,54.0,20.6,1000.3,30.6,-7.85799717800933,-11.222383006759188
2018-11-10 15:00:00,0.14,0.03,0.14,0.0,30.8,55.0,20.7,999.8,27.4,-8.980256121069152,-8.980256121069154
2018-11-10 16:00:00,0.14,0.03,0.14,0.0,30.0,61.0,21.5,1000.1,24.8,-7.9283665448744856,-5.760295472466237
2018-11-10 17:00:00,0.1,0.01,0.03,0.0,28.1,67.0,21.5,1000.2,17.6,-6.8597561317371305,-2.4967470462773824
2018-11-10 18:00:00,0.06,0.0,0.06,0.0,26.5,72.0,21.0,1001.1,12.2,-6.430842427582553,-1.4846769586695083
2018-11-10 19:00:00,0.02,0.0,0.02,0.0,25.8,76.0,21.1,1002.2,11.2,-6.790680836331102,-0.35588450245201897
2018-11-10 20:00:00,0.01,0.0,0.01,0.0,25.2,79.0,21.3,1003.2,11.2,-6.518743047927909,-1.032467469265524
2018-11-10 21:00:00,0.18,0.0,0.01,0.17,24.0,88.0,21.9,1003.9,10.8,-7.61298541110786,-3.5499933986218752
2018-11-10 22:00:00,0.73,0.03,0.01,0.72,23.8,89.0,21.8,1004.4,10.1,-1.0766187015349682,-6.10580806867569
2018-11-10 23:00:00,0.81,0.02,0.01,0.81,23.4,90.0,21.8,1004.4,7.2,1.4214781741247593,-4.3748599749577055
2018-11-11 00:00:00,0.93,0.0,0.03,0.93,22.5,95.0,21.6,1004.0,6.5,1.7489675652259407,-3.9282454678631837
2018-11-11 01:00:00,0.92,0.0,0.03,0.92,22.2,95.0,21.5,1003.3,8.6,3.2498011250210608,-4.312631754255381
2018-11-11 02:00:00,0.98,0.0,0.05,0.98,21.8,96.0,21.1,1002.8,9.0,2.181643291108516,-3.9357886821272814
2018-11-11 03:00:00,0.97,0.0,0.02,0.97,21.6,96.0,21.0,1002.4,7.9,1.0811407922523513,-5.086367523815789
2018-11-11 04:00:00,0.95,0.0,0.01,0.95,21.4,96.0,20.8,1002.6,7.9,0.37668495821827847,-5.386845871403051
2018-11-11 05:00:00,0.98,0.0,0.01,0.97,22.5,95.0,21.5,1003.0,8.3,-2.5624408513775414,-5.755336383148386
2018-11-11 06:00:00,0.99,0.0,0.01,0.99,23.3,89.0,21.4,1003.8,11.9,-1.8467702839738944,-6.440453362786736
2018-11-11 07:00:00,0.98,0.0,0.0,0.98,24.8,82.0,21.5,1004.7,15.5,-0.3977532674463731,-7.589584464134761
2018-11-11 08:00:00,1.0,0.0,0.0,1.0,26.4,75.0,21.6,1005.4,19.4,-1.0237024846032388,-8.337387673787106
2018-11-11 09:00:00,1.0,0.0,0.01,1.0,27.9,68.0,21.4,1006.0,20.5,-1.0237024846032388,-8.337387673787106
2018-11-11 10:00:00,0.95,0.04,0.06,0.95,29.2,61.0,21.0,1005.5,22.0,-2.153104870837043,-8.635631963856369
2018-11-11 11:00:00,0.97,0.04,0.21,0.96,30.1,55.0,20.2,1004.4,24.8,-2.4969567032169016,-10.81550771911611
2018-11-11 12:00:00,0.99,0.08,0.23,0.99,30.5,53.0,19.8,1003.5,25.9,-3.303800263366926,-10.806243742382302
2018-11-11 13:00:00,1.0,0.05,0.14,1.0,30.8,51.0,19.5,1002.2,25.2,-3.296985135816762,-8.588939923774255
2018-11-11 14:00:00,0.99,0.01,0.08,0.99,30.9,50.0,19.4,1001.2,20.9,-4.996174644486022,-6.876644452187053
2018-11-11 15:00:00,0.97,0.0,0.13,0.97,30.8,50.0,19.0,1000.8,19.4,-6.505382386916236,-6.505382386916237
2018-11-11 16:00:00,1.0,0.01,0.14,1.0,29.7,60.0,21.0,1001.1,17.6,-5.8,-3.5514757175273243e-16
2018-11-11 17:00:00,1.0,0.0,0.09,1.0,27.8,67.0,21.0,1001.2,11.2,-6.0916401620029,-0.3192493330819582
2018-11-11 18:00:00,1.0,0.0,0.07,1.0,25.5,69.0,19.4,1002.1,10.1,-6.0916401620029,-0.3192493330819582
2018-11-11 19:00:00,1.0,0.0,0.15,1.0,24.8,69.0,18.6,1003.2,10.4,-6.10580806867569,1.076618701534968
2018-11-11 20:00:00,1.0,0.0,0.12,1.0,24.0,79.0,20.2,1004.6,13.0,-4.301823272632845,6.14364033216744
2018-11-11 21:00:00,0.99,0.0,0.02,0.99,23.1,94.0,22.0,1005.1,12.6,0.7515347451843538,5.34744757120448
2018-11-11 22:00:00,0.9,0.0,0.01,0.9,23.1,94.0,22.1,1005.0,7.2,3.233246532964663,2.1808523235359116
2018-11-11 23:00:00,0.76,0.0,0.0,0.76,22.6,97.0,22.1,1004.4,7.2,3.9467090073008158,1.436484601967808
2018-11-12 00:00:00,0.88,0.01,0.0,0.88,22.3,98.0,21.9,1003.8,7.9,4.3299895913373465,4.981083229470296
2018-11-12 01:00:00,0.9,0.02,0.0,0.9,22.3,97.0,21.8,1002.9,8.3,5.400153994423306,3.2447398719333425
2018-11-12 02:00:00,0.97,0.06,0.0,0.97,22.3,98.0,21.9,1002.5,7.6,3.9602958877851804,-1.061158084920333
2018-11-12 03:00:00,0.88,0.05,0.0,0.87,22.1,99.0,21.9,1002.5,6.8,3.600102662948872,-2.1631599146222276
2018-11-12 04:00:00,0.34,0.07,0.0,0.29,22.0,99.0,21.9,1002.5,5.8,2.164994795668674,-2.490541614735147
2018-11-12 05:00:00,0.77,0.1,0.0,0.83,22.6,98.0,22.3,1002.7,7.2,1.7489675652259407,-3.9282454678631837
2018-11-12 06:00:00,0.68,0.12,0.0,0.64,23.7,94.0,22.6,1003.4,7.2,3.230844089787559,-2.5242120488352
2018-11-12 07:00:00,0.78,0.09,0.01,0.77,25.2,85.0,22.5,1004.0,10.8,2.8750878361702554,-2.1665340833473725
2018-11-12 08:00:00,0.83,0.04,0.03,0.82,26.6,78.0,22.5,1004.6,12.6,2.8512208774027776,-1.4527695991665492
2018-11-12 09:00:00,0.86,0.11,0.15,0.84,28.0,70.0,22.0,1004.9,13.3,1.0549740469210396,-2.4853631043215887
2018-11-12 10:00:00,0.89,0.09,0.17,0.87,29.0,65.0,21.6,1004.2,14.8,1.050657780874822,-3.233592155403522
2018-11-12 11:00:00,0.99,0.05,0.15,0.99,30.0,59.0,21.1,1003.3,15.5,2.545584412271572,-2.5455844122715705
2018-11-12 12:00:00,0.76,0.04,0.13,0.73,30.4,57.0,21.0,1002.4,15.5,1.7677669529663693,-1.7677669529663684
2018-11-12 13:00:00,0.77,0.02,0.12,0.74,31.0,54.0,20.7,1001.2,13.0,-1.0549740469210394,-2.485363104321589
2018-11-12 14:00:00,0.81,0.02,0.11,0.79,31.0,54.0,20.6,1000.4,16.6,-4.6806636903626915,-4.36478950439999
2018-11-12 15:00:00,0.36,0.02,0.15,0.25,30.6,56.0,21.0,999.9,19.1,-7.5620014546273335,-2.902780391316933
2018-11-12 16:00:00,0.23,0.03,0.22,0.0,29.8,61.0,21.6,1000.2,18.4,-6.862201078041086,0.7212463965468096
2018-11-12 17:00:00,0.16,0.0,0.02,0.0,28.0,72.0,22.5,1000.4,13.3,-5.0159053651246746,3.644268564213333
2018-11-12 18:00:00,0.05,0.0,0.05,0.0,26.4,75.0,21.7,1001.0,11.5,-4.705788684431241,5.046340541172277
2018-11-12 19:00:00,0.42,0.0,0.04,0.4,25.6,79.0,21.6,1001.8,15.8,-3.6728726077991736,8.65274562245294
2018-11-12 20:00:00,0.71,0.0,0.02,0.7,25.0,82.0,21.7,1003.0,16.2,1.1090110249868406,9.03216997993603
2018-11-12 21:00:00,0.94,0.0,0.01,0.94,24.6,83.0,21.6,1003.3,17.3,3.9860191021428424,8.95274548489749
2018-11-12 22:00:00,0.94,0.0,0.01,0.94,24.2,85.0,21.5,1003.2,16.9,1.7554427574642113,9.030970087718508
2018-11-12 23:00:00,0.96,0.02,0.0,0.96,23.9,87.0,21.6,1003.1,15.8,0.6623836448822004,7.571079705497266
2018-11-13 00:00:00,0.93,0.13,0.0,0.93,23.5,91.0,21.9,1002.9,13.3,1.0811407922523495,5.086367523815789
2018-11-13 01:00:00,0.96,0.19,0.0,0.95,23.2,94.0,22.1,1002.2,8.3,0.6883116461770152,4.3458286986186065
2018-11-13 02:00:00,0.91,0.17,0.0,0.89,23.5,91.0,22.0,1001.6,6.8,-2.187429987478853,0.7107390870623789
2018-11-13 03:00:00,0.93,0.19,0.01,0.91,22.6,96.0,22.0,1001.4,4.0,-1.0815799573111138,-1.800051331474436
2018-11-13 04:00:00,0.17,0.16,0.02,0.01,22.4,97.0,21.9,1001.3,5.4,-1.1109406435904308,-2.8940993221413254
2018-11-13 05:00:00,0.12,0.11,0.01,0.89,22.5,97.0,22.0,1001.8,7.6,-2.180852323535913,-3.233246532964663
2018-11-13 06:00:00,0.08,0.04,0.01,0.04,23.0,94.0,22.0,1002.2,9.7,0.3278554265973905,-4.688551036221174
2018-11-13 07:00:00,0.01,0.0,0.01,0.0,24.4,89.0,22.5,1003.0,13.3,0.3557580160950407,-5.087576656325103
2018-11-13 08:00:00,0.57,0.0,0.0,0.57,26.1,82.0,22.8,1003.4,15.1,-0.3278554265973889,-4.688551036221174
2018-11-13 09:00:00,0.98,0.07,0.0,0.98,27.8,75.0,23.0,1003.4,15.5,-0.6945927106677213,-3.939231012048832
2018-11-13 10:00:00,0.99,0.15,0.05,0.98,29.2,67.0,22.4,1002.6,15.1,0.7423384793347556,-3.215421213791276
2018-11-13 11:00:00,0.95,0.1,0.15,0.95,30.0,62.0,22.0,1001.7,16.6,1.7918397477265038,-4.667902132486008
2018-11-13 12:00:00,0.84,0.07,0.13,0.83,30.2,62.0,22.2,1000.4,16.6,2.88014773623312,-3.9641832724372423
2018-11-13 13:00:00,0.57,0.05,0.05,0.55,30.6,61.0,22.4,999.1,16.2,4.4087284769304716e-16,-1.8
2018-11-13 14:00:00,0.48,0.07,0.13,0.41,31.0,58.0,21.7,998.4,11.9,-1.7669289302057951,0.34345619167778063
2018-11-13 15:00:00,0.34,0.08,0.21,0.19,30.9,57.0,21.2,998.2,12.2,-2.5242120488351993,3.2308440897875594
2018-11-13 16:00:00,0.26,0.1,0.23,0.03,30.5,58.0,21.3,998.5,12.2,-1.0886485301985047,4.366330768241984
2018-11-13 17:00:00,0.19,0.04,0.11,0.0,28.9,70.0,22.9,998.5,10.8,-3.5996106142446207,4.289848881466276
2018-11-13 18:00:00,0.16,0.06,0.14,0.0,27.1,79.0,23.1,999.3,22.0,-7.866504888122967,9.714324518212136
2018-11-13 19:00:00,0.06,0.03,0.06,0.0,26.1,84.0,23.1,1000.5,22.0,-4.995869326627527,8.314522816810488
2018-11-13 20:00:00,0.02,0.01,0.01,0.0,25.5,87.0,23.2,1001.1,16.9,-4.633975678270771,6.149493427364156
2018-11-13 21:00:00,0.02,0.0,0.01,0.01,25.0,90.0,23.4,1001.6,13.3,-3.9402334420842138,5.043268823083021
2018-11-13 22:00:00,0.64,0.0,0.03,0.63,24.5,94.0,23.5,1001.7,10.8,-2.1631599146222285,3.6001026629488715
2018-11-13 23:00:00,0.47,0.0,0.02,0.46,24.0,97.0,23.4,1001.3,6.5,-3.195522749552795,2.8772616073430903
2018-11-14 00:00:00,0.88,0.0,0.01,0.88,23.6,98.0,23.3,1000.7,6.1,-3.616017032810471,1.4609657143220571
2018-11-14 01:00:00,0.94,0.01,0.01,0.94,23.4,99.0,23.2,999.9,6.1,-1.7998053071223097,-2.1449244407331385
2018-11-14 02:00:00,0.99,0.94,0.01,0.9,23.4,100.0,23.3,999.6,5.8,0.7423384793347556,-3.215421213791276
2018-11-14 03:00:00,1.0,1.0,0.0,0.92,23.1,100.0,23.0,1000.0,9.7,-2.1727182418122895,-5.377666356487367
2018-11-14 04:00:00,0.88,0.5,0.02,0.82,23.0,100.0,23.0,1000.2,10.8,-2.149021206691006,-5.062776693988422
2018-11-14 05:00:00,0.33,0.9,0.0,0.3,23.6,99.0,23.5,1000.3,9.0,-0.3401837155791349,-6.49109197590473
2018-11-14 06:00:00,0.13,0.12,0.0,0.01,24.0,96.0,23.4,1001.1,12.2,-1.7613968679372003,-5.421022142882375
2018-11-14 07:00:00,0.27,0.27,0.01,0.0,25.5,88.0,23.4,1002.1,16.2,-3.5875911898228945,-6.472185832831529
2018-11-14 08:00:00,0.14,0.14,0.01,0.0,27.1,81.0,23.5,1002.7,17.3,-2.8999999999999995,-5.022947341949744
2018-11-14 09:00:00,0.19,0.16,0.1,0.0,28.6,71.0,22.9,1002.9,16.6,-3.963444403430551,-3.2095339943541705
2018-11-14 10:00:00,0.46,0.22,0.15,0.33,29.6,65.0,22.5,1002.6,16.6,-3.197409101749103,-1.4235782507653008
2018-11-14 11:00:00,0.88,0.22,0.22,0.86,30.4,62.0,22.2,1002.0,15.1,-2.8940993221413254,-1.1109406435904312
2018-11-14 12:00:00,0.63,0.24,0.46,0.3,30.6,61.0,22.1,1001.0,14.8,-2.5079526825623373,-1.8221342821066668
2018-11-14 13:00:00,0.33,0.2,0.29,0.0,30.5,60.0,21.9,999.9,14.8,-2.1449244407331385,-1.7998053071223101
2018-11-14 14:00:00,0.31,0.18,0.29,0.01,30.9,59.0,21.8,998.9,13.0,-2.475670171853926,-0.34793275240016364
2018-11-14 15:00:00,0.26,0.21,0.22,0.0,30.7,58.0,21.5,998.4,12.2,-1.0777488443215544,0.7269507745119708
2018-11-14 16:00:00,0.2,0.13,0.17,0.0,30.5,59.0,21.6,998.6,9.0,-1.0606601717798214,1.0606601717798212
2018-11-14 17:00:00,0.33,0.1,0.2,0.94,28.8,71.0,23.1,998.9,7.2,-4.667902132486009,1.7918397477265013
2018-11-14 18:00:00,0.88,0.16,0.31,0.82,27.5,78.0,23.4,999.7,16.9,-3.2231247291258502,9.360633898433237
2018-11-14 19:00:00,0.84,0.17,0.27,0.77,26.5,83.0,23.5,1000.5,17.3,-0.4134540543192561,7.889173324561134
2018-11-14 20:00:00,0.94,0.21,0.21,0.92,26.1,86.0,23.5,1001.7,14.0,-9.307315673519883e-16,7.6
2018-11-14 21:00:00,0.77,0.21,0.12,0.71,25.6,88.0,23.6,1002.2,13.3,-6.613092715395707e-16,5.4
2018-11-14 22:00:00,0.14,0.12,0.06,0.0,25.2,91.0,23.6,1002.3,9.4,1.460965714322057,3.616017032810471
2018-11-14 23:00:00,0.19,0.15,0.06,0.02,25.0,93.0,23.7,1002.0,8.3,1.8364363038995857,4.32637281122647
2018-11-15 00:00:00,0.22,0.14,0.04,0.17,24.5,96.0,23.8,1001.6,8.3,2.5242120488351985,3.23084408978756
2018-11-15 01:00:00,0.17,0.16,0.03,0.0,24.1,97.0,23.6,1000.9,6.5,2.5000000000000004,4.330127018922193
2018-11-15 02:00:00,0.14,0.14,0.02,0.0,24.2,96.0,23.6,1000.3,5.8,3.5802788233257843,0.3763024677635521
2018-11-15 03:00:00,0.1,0.1,0.02,0.0,23.2,99.0,23.1,999.8,5.0,2.545584412271572,-2.5455844122715705
2018-11-15 04:00:00,1.0,1.0,0.01,0.0,23.0,100.0,23.0,999.9,5.4,2.8678964048465345,-2.4930243101639267
2018-11-15 05:00:00,1.0,0.04,0.0,0.0,23.0,100.0,23.0,1000.2,6.5,1.460965714322058,-3.6160170328104706
2018-11-15 06:00:00,0.08,0.08,0.0,0.0,23.8,98.0,23.4,1001.0,8.3,-1.4493866525741161,-5.4091846272187825
2018-11-15 07:00:00,0.08,0.07,0.0,0.0,25.2,93.0,23.9,1001.9,13.0,-2.1791543987498248,-4.276831316104166
2018-11-15 08:00:00,0.25,0.25,0.0,0.0,27.1,83.0,23.9,1002.6,14.4,-1.0506577808748212,-3.233592155403522
2018-11-15 09:00:00,0.21,0.2,0.01,0.0,28.6,73.0,23.4,1002.7,13.3,-0.34415582308850795,-2.1729143493093033
2018-11-15 10:00:00,0.18,0.17,0.01,0.01,29.9,66.0,22.8,1002.5,14.0,7.102951435054649e-16,-2.9
2018-11-15 11:00:00,0.2,0.19,0.01,0.0,30.8,61.0,22.5,1001.6,16.2,2.87726160734309,-3.195522749552796
2018-11-15 12:00:00,0.16,0.15,0.0,0.0,31.5,58.0,22.2,1000.4,17.3,3.606244584051393,-3.606244584051391
2018-11-15 13:00:00,0.83,0.1,0.0,0.81,32.0,55.0,22.0,999.5,17.3,1.8469087739586105,-5.074340152243906
2018-11-15 14:00:00,0.54,0.01,0.0,0.54,32.3,53.0,21.6,998.9,18.7,-1.1419715947936853,-7.210124886344506
2018-11-15 15:00:00,0.06,0.05,0.04,0.03,32.1,54.0,21.6,998.0,18.4,-1.8469087739586112,-5.074340152243906
2018-11-15 16:00:00,0.94,0.05,0.27,0.93,31.7,55.0,21.6,998.4,14.0,-1.761649323676896,0.7117525274902329
2018-11-15 17:00:00,0.93,0.0,0.14,0.58,29.1,75.0,24.3,998.3,6.5,0.37476969381492914,4.283637201794505
2018-11-15 18:00:00,0.82,0.0,0.11,0.8,27.5,76.0,23.0,998.9,8.6,1.125773072721614,5.791600382341218
2018-11-15 19:00:00,0.87,0.0,0.02,0.87,27.2,77.0,22.9,999.7,16.6,-1.0557374790033027,10.04467114321956
2018-11-15 20:00:00,0.89,0.0,0.1,0.88,26.5,78.0,22.4,1000.9,19.1,1.0243789400230043,9.746314574609078
2018-11-15 21:00:00,0.65,0.0,0.06,0.64,26.0,81.0,22.5,1001.4,17.6,-0.30013567164150984,8.594761112364223
2018-11-15 22:00:00,0.75,0.0,0.11,0.72,25.5,86.0,23.0,1001.2,15.1,-1.4273391840380396,5.7247447850283795
2018-11-15 23:00:00,0.8,0.07,0.6,0.62,25.2,89.0,23.3,1001.4,10.4,-4.667902132486009,1.7918397477265013
2018-11-16 00:00:00,0.94,0.0,0.51,0.9,25.1,91.0,23.5,1000.5,9.7,-2.8512208774027776,1.4527695991665497
2018-11-16 01:00:00,0.79,0.02,0.56,0.62,25.1,90.0,23.5,999.5,9.0,4.669166652447252,3.2693856872009643
2018-11-16 02:00:00,0.77,0.08,0.29,0.71,24.7,92.0,23.4,998.5,17.6,10.044671143219562,-1.0557374790032952
2018-11-16 03:00:00,1.0,0.07,0.78,1.0,24.5,92.0,23.2,998.0,18.0,5.388744221607772,3.6347538725598527
2018-11-16 04:00:00,1.0,0.0,1.0,1.0,24.4,93.0,23.2,997.7,16.9,1.4692292643993945,7.558529312547013
2018-11-16 05:00:00,1.0,0.02,1.0,1.0,24.5,92.0,23.1,999.3,24.8,5.777694242791446,5.387787044493739
2018-11-16 06:00:00,1.0,0.01,1.0,1.0,24.3,93.0,23.0,999.7,23.4,3.241753401035545,13.001962732098352
2018-11-16 07:00:00,1.0,0.0,0.97,1.0,24.4,92.0,23.0,1000.6,30.6,10.46257749080602,14.400502499874065
2018-11-16 08:00:00,1.0,0.0,0.98,1.0,24.5,91.0,22.9,1000.5,41.8,10.891740256632668,20.484384154327103
2018-11-16 09:00:00,1.0,0.11,0.98,1.0,25.0,89.0,23.1,1000.9,45.7,9.885497550778622,23.28877279234674
2018-11-16 10:00:00,1.0,0.09,1.0,1.0,24.8,89.0,23.0,1001.1,46.8,6.804374428154576,19.761338230025718
2018-11-16 11:00:00,1.0,0.11,1.0,1.0,24.3,91.0,22.8,1001.2,38.2,-1.850153799837471,17.60303754801844
2018-11-16 12:00:00,1.0,0.0,0.99,1.0,24.4,91.0,22.8,1000.5,32.8,-0.7745721523955684,14.779717114367694
2018-11-16 13:00:00,1.0,0.0,1.0,1.0,24.6,92.0,23.3,1000.3,26.3,-5.1300926470568795,10.068373723328557
2018-11-16 14:00:00,1.0,0.0,0.99,1.0,24.6,93.0,23.4,1000.0,20.9,-4.993539088537273,9.008582983535776
2018-11-16 15:00:00,1.0,0.01,0.9,1.0,24.6,92.0,23.2,999.8,18.7,-0.30013567164150984,8.594761112364223
2018-11-16 16:00:00,1.0,0.0,0.86,1.0,24.6,90.0,23.0,1000.1,15.8,-0.3977532674463729,7.589584464134761
2018-11-16 17:00:00,1.0,0.03,0.66,1.0,24.6,94.0,23.6,1000.1,13.7,-3.2447398719333425,5.400153994423307
2018-11-16 18:00:00,1.0,0.11,0.83,1.0,24.2,97.0,23.7,1001.0,11.2,-0.7257656867990032,2.9108871788279895
2018-11-16 19:00:00,0.99,0.05,0.97,0.94,24.0,96.0,23.4,1001.9,10.4,5.702441754805555,-2.9055391983330985
2018-11-16 20:00:00,0.91,0.0,0.63,0.87,23.8,96.0,23.0,1002.9,14.0,4.664264528860344,-2.9145559532826257
2018-11-16 21:00:00,0.91,0.0,0.31,0.88,23.4,98.0,23.0,1003.5,9.0,1.4527695991665504,-2.851220877402777
2018-11-16 22:00:00,0.9,0.0,0.02,0.9,22.9,98.0,22.5,1003.6,7.9,-0.3278554265973889,-4.688551036221174
2018-11-16 23:00:00,0.94,0.0,0.09,0.93,22.2,99.0,22.0,1003.5,7.6,-2.1816432911085166,-3.935788682127281
2018-11-17 00:00:00,0.98,0.01,0.14,0.97,22.0,99.0,22.0,1003.2,5.8,-2.4999999999999996,-4.330127018922194
2018-11-17 01:00:00,1.0,0.97,0.15,0.97,22.0,100.0,21.9,1002.6,5.4,0.7257656867990037,-2.9108871788279895
2018-11-17 02:00:00,0.97,0.03,0.17,0.96,21.9,99.0,21.7,1002.3,7.2,1.7489675652259407,-3.9282454678631837
2018-11-17 03:00:00,0.96,0.52,0.13,0.91,21.9,99.0,21.8,1001.7,8.3,0.3557580160950407,-5.087576656325103
2018-11-17 04:00:00,0.71,0.21,0.04,0.63,21.9,99.0,21.7,1001.7,9.0,1.4333142502483947,-4.998560818879258
2018-11-17 05:00:00,0.62,0.02,0.07,0.86,22.2,99.0,22.0,1002.7,10.8,1.0797650608505536,-4.6769763109691285
2018-11-17 06:00:00,0.91,0.03,0.01,0.91,22.6,97.0,22.1,1003.2,10.1,0.31924933308196063,-6.0916401620029
2018-11-17 07:00:00,0.53,0.02,0.0,0.53,23.9,93.0,22.7,1004.2,13.7,0.4045875477159287,-5.78587149150698
2018-11-17 08:00:00,0.77,0.03,0.0,0.76,25.7,85.0,22.9,1004.9,15.8,-0.37668495821827663,-5.386845871403051
2018-11-17 09:00:00,0.73,0.36,0.0,0.67,27.5,74.0,22.5,1005.4,16.2,-0.37630246776355253,-3.580278823325784
2018-11-17 10:00:00,0.72,0.2,0.05,0.69,28.5,68.0,22.1,1004.9,14.4,0.3479327524001647,-2.475670171853926
2018-11-17 11:00:00,0.46,0.05,0.09,0.42,29.5,63.0,21.8,1003.9,13.7,-0.34345619167778063,-1.7669289302057951
2018-11-17 12:00:00,0.28,0.09,0.07,0.21,30.1,60.0,21.5,1002.6,13.3,-1.0815799573111138,-1.800051331474436
2018-11-17 13:00:00,0.15,0.09,0.14,0.0,30.5,59.0,21.5,1001.3,13.3,-1.046162167924669,0.3399186938124421
2018-11-17 14:00:00,0.58,0.01,0.12,0.52,30.5,59.0,21.6,1000.4,13.3,-2.1649947956686737,2.4905416147351476
2018-11-17 15:00:00,0.62,0.05,0.11,0.57,30.4,60.0,21.8,1000.0,14.4,-3.2118269105225203,3.567095162291491
2018-11-17 16:00:00,0.33,0.07,0.15,0.21,29.8,63.0,22.0,1000.4,13.7,-2.8948737988292517,3.5748714227020657
2018-11-17 17:00:00,0.38,0.0,0.06,0.64,28.3,77.0,23.8,1000.4,10.8,-3.96029588778518,1.0611580849203355
2018-11-17 18:00:00,0.82,0.01,0.04,0.82,27.0,75.0,22.1,1001.3,10.1,-5.766727053863697,3.6034509967857926
2018-11-17 19:00:00,0.97,0.03,0.05,0.97,26.1,78.0,22.0,1002.6,19.8,-7.919595949289333,7.919595949289331
2018-11-17 20:00:00,0.97,0.03,0.07,0.97,25.1,82.0,21.9,1003.6,20.2,-6.817795543758905,5.7208097262102005
2018-11-17 21:00:00,0.94,0.06,0.06,0.94,24.9,86.0,22.4,1004.1,15.5,-4.289848881466277,3.5996106142446203
2018-11-17 22:00:00,0.87,0.08,0.01,0.86,24.0,93.0,22.7,1004.2,9.7,1.4364846019678084,3.9467090073008158
2018-11-17 23:00:00,0.83,0.07,0.05,0.81,23.6,94.0,22.6,1003.9,5.4,2.875087836170254,2.166534083347374
2018-11-18 00:00:00,0.83,0.15,0.06,0.8,23.2,96.0,22.5,1003.6,4.3,2.187429987478853,-0.7107390870623785
2018-11-18 01:00:00,0.84,0.29,0.11,0.81,23.3,96.0,22.6,1002.9,10.4,6.105808068675691,-1.0766187015349657
2018-11-18 02:00:00,0.86,0.21,0.26,0.82,23.2,96.0,22.6,1002.4,11.9,4.3458286986186065,-0.688311646177015
2018-11-18 03:00:00,0.77,0.23,0.32,0.69,22.9,98.0,22.5,1002.1,6.8,2.192031021678298,-2.192031021678297
2018-11-18 04:00:00,0.43,0.24,0.16,0.32,23.0,97.0,22.5,1001.9,8.3,4.330127018922193,-2.5000000000000004
2018-11-18 05:00:00,0.74,1.0,0.02,0.41,24.0,92.0,22.7,1002.3,8.6,1.4235782507653005,-3.197409101749103
2018-11-18 06:00:00,0.6,0.42,0.07,0.33,24.5,90.0,22.8,1003.0,9.4,0.7352419856890863,-4.6421352007971475
2018-11-18 07:00:00,0.56,0.43,0.27,0.4,25.4,87.0,23.1,1004.2,11.2,-1.421478174124758,-4.3748599749577055
2018-11-18 08:00:00,0.5,0.26,0.35,0.27,26.5,82.0,23.1,1005.1,13.0,-2.523736319944603,-3.604268994871564
2018-11-18 09:00:00,0.47,0.24,0.4,0.15,27.6,76.0,23.0,1005.6,14.4,-4.276831316104166,-2.1791543987498248
2018-11-18 10:00:00,0.5,0.28,0.36,0.33,28.5,71.0,22.8,1005.4,16.9,-5.8,-3.5514757175273243e-16
2018-11-18 11:00:00,0.74,0.25,0.35,0.66,28.9,72.0,23.2,1004.6,20.5,-6.518743047927909,-1.032467469265524
2018-11-18 12:00:00,0.59,0.31,0.21,0.49,29.2,71.0,23.5,1003.4,20.5,-1.453901549023942,-2.1554976886431088
2018-11-18 13:00:00,1.0,0.64,0.99,1.0,29.2,69.0,23.0,1001.9,21.2,-6.1458707413955596,2.116193003971518
2018-11-18 14:00:00,1.0,0.04,0.36,1.0,25.4,89.0,23.5,1001.0,26.3,-9.008582983535778,4.993539088537272
2018-11-18 15:00:00,0.98,0.03,0.12,0.98,26.8,84.0,23.8,1000.7,21.2,-3.9858260519352027,2.4906205418960625
2018-11-18 16:00:00,0.95,0.01,0.25,0.94,27.1,83.0,24.0,1001.0,13.7,-1.8,-1.1021821192326179e-16
2018-11-18 17:00:00,0.96,0.02,0.13,0.87,27.7,82.0,24.3,1001.7,7.9,-1.453901549023942,-2.1554976886431088
2018-11-18 18:00:00,0.94,0.1,0.32,0.92,26.5,86.0,24.0,1002.7,8.6,-4.998560818879258,-1.4333142502483958
2018-11-18 19:00:00,0.92,0.08,0.35,0.9,25.6,91.0,24.0,1003.5,9.0,-1.0549740469210394,-2.485363104321589
2018-11-18 20:00:00,0.72,0.02,0.18,0.67,25.2,92.0,23.9,1004.6,8.3,3.5670951622914937,-3.2118269105225172
2018-11-18 21:00:00,0.95,0.11,0.34,0.94,24.5,94.0,23.5,1005.1,8.3,2.87726160734309,-3.195522749552796
2018-11-18 22:00:00,1.0,0.14,0.6,1.0,24.4,93.0,23.2,1005.0,9.0,2.542346798541463,-4.989636535454859
2018-11-18 23:00:00,0.99,0.19,0.32,0.99,24.2,94.0,23.1,1004.7,10.1,1.8221342821066675,-2.507952682562337
2018-11-19 00:00:00,0.97,0.24,0.17,0.96,24.0,94.0,23.1,1003.9,5.0,2.164994795668674,-2.490541614735147
2018-11-19 01:00:00,0.97,0.16,0.14,0.97,24.1,94.0,23.1,1002.9,5.8,0.7059932828932153,-3.632020578756357
2018-11-19 02:00:00,0.95,0.19,0.02,0.95,23.9,96.0,23.1,1002.3,8.3,0.688311646177017,-4.345828698618606
2018-11-19 03:00:00,0.95,0.39,0.18,0.94,23.7,96.0,23.1,1002.2,9.0,-2.4881992827652213,-4.679622242152313
2018-11-19 04:00:00,0.97,0.44,0.13,0.96,23.5,96.0,23.0,1002.3,9.0,-1.8017254983928965,-2.883363526931848
2018-11-19 05:00:00,0.97,0.15,0.18,0.9,23.7,96.0,23.0,1003.1,9.7,-2.490620541896063,-3.9858260519352022
2018-11-19 06:00:00,0.91,0.11,0.24,0.9,24.0,95.0,23.1,1003.7,10.4,-1.8469087739586112,-5.074340152243906
2018-11-19 07:00:00,0.95,0.23,0.17,0.93,24.9,92.0,23.5,1004.7,15.1,-1.7918397477265013,-4.667902132486009
2018-11-19 08:00:00,0.93,0.32,0.18,0.9,25.9,90.0,24.0,1005.7,16.6,-1.4364846019678086,-3.9467090073008158
2018-11-19 09:00:00,0.95,0.9,0.28,0.72,27.3,82.0,24.0,1006.2,22.0,-4.015035054457322,-5.7340643100229425
2018-11-19 10:00:00,0.95,0.82,0.9,0.8,27.8,78.0,23.6,1006.1,23.0,-5.750880114781585,-4.656970893768797
2018-11-19 11:00:00,0.86,0.01,0.13,0.84,28.3,78.0,24.1,1005.2,24.1,-2.873804179836756,-6.162892951849219
2018-11-19 12:00:00,0.95,0.27,0.4,0.91,29.0,77.0,24.7,1004.1,30.6,-9.00025665737218,-5.407899786555569
2018-11-19 13:00:00,0.91,0.24,0.34,0.87,28.5,78.0,24.3,1002.9,29.9,-9.355568503977864,4.766900247265241
2018-11-19 14:00:00,0.78,0.01,0.19,0.74,27.6,80.0,23.9,1002.1,30.2,-7.608452130361228,-2.4721359549995796
2018-11-19 15:00:00,0.8,0.25,0.21,0.75,28.4,78.0,24.2,1001.8,25.6,-3.935788682127281,-2.181643291108517
2018-11-19 16:00:00,0.63,0.14,0.21,0.58,28.2,79.0,24.2,1002.2,22.3,1.4235782507653005,-3.197409101749103
2018-11-19 17:00:00,1.0,0.16,0.13,0.44,27.9,82.0,24.5,1001.9,22.0,-4.688551036221174,-0.3278554265973886
2018-11-19 18:00:00,0.52,0.22,0.15,0.43,26.8,85.0,24.0,1003.2,17.6,-8.314254606237348,1.7672493719509543
2018-11-19 19:00:00,0.75,0.22,0.3,0.69,25.2,93.0,23.9,1004.5,18.0,-7.608452130361229,2.4721359549995787
2018-11-19 20:00:00,0.99,0.04,0.25,0.99,24.6,94.0,23.6,1005.6,15.8,-5.788198644282651,2.2218812871808615
2018-11-19 21:00:00,0.91,0.13,0.16,0.89,24.2,95.0,23.4,1006.3,14.0,-4.98963653545486,-2.542346798541462
2018-11-19 22:00:00,0.96,0.38,0.18,0.94,23.8,97.0,23.2,1006.0,14.0,4.666904755831214,-4.6669047558312124
2018-11-19 23:00:00,1.0,1.0,0.17,0.96,23.5,98.0,23.1,1005.8,17.3,5.3584380195816825,-4.6580191058326
2018-11-20 00:00:00,1.0,1.0,0.25,0.97,23.4,97.0,22.9,1005.2,15.8,2.9145559532826275,-4.664264528860342
2018-11-20 01:00:00,0.96,0.04,0.26,0.95,23.4,95.0,22.5,1004.1,14.8,5.046787864462488,-5.4120173919818635
2018-11-20 02:00:00,0.98,0.2,0.24,0.97,23.3,94.0,22.4,1003.3,12.6,1.4553818357243191,-6.847033205136639
2018-11-20 03:00:00,0.97,0.27,0.22,0.96,23.4,94.0,22.4,1002.9,12.6,1.0793978087775948,-6.81504955010645
2018-11-20 04:00:00,0.98,0.16,0.18,0.98,23.2,95.0,22.3,1003.2,11.5,1.4493866525741157,-5.4091846272187825
2018-11-20 05:00:00,0.99,0.22,0.13,0.98,23.5,94.0,22.5,1003.8,9.4,1.3226185430791415e-15,-5.4
2018-11-20 06:00:00,0.98,0.18,0.12,0.98,23.8,93.0,22.5,1004.3,11.5,0.6794350112397471,-6.4643923198937765
2018-11-20 07:00:00,0.97,0.1,0.21,0.97,24.5,91.0,22.9,1005.4,11.2,-1.1110124779463997,-3.6339580726595346
2018-11-20 08:00:00,0.98,0.13,0.19,0.97,25.9,86.0,23.3,1006.1,13.3,1.1511679911985121e-15,-4.7
2018-11-20 09:00:00,0.97,0.23,0.14,0.97,27.0,81.0,23.6,1006.2,28.4,-0.34862297099063266,-3.984778792366982
2018-11-20 10:00:00,0.98,0.41,0.47,0.97,27.1,81.0,23.5,1005.8,28.8,1.801725498392897,-2.8833635269318476
2018-11-20 11:00:00,0.98,0.32,0.53,0.97,28.1,76.0,23.5,1004.8,28.8,2.907803098047882,-4.3109953772862175
2018-11-20 12:00:00,1.0,0.21,0.7,1.0,27.8,77.0,23.5,1003.7,28.8,-2.883363526931848,-1.8017254983928965
2018-11-20 13:00:00,1.0,0.69,0.32,1.0,26.7,81.0,23.2,1002.8,30.2,-6.47213595499958,-4.702282018339785
2018-11-20 14:00:00,1.0,0.0,0.45,1.0,26.5,83.0,23.4,1001.8,32.4,-1.4235782507653008,-3.197409101749103
2018-11-20 15:00:00,0.99,0.0,0.88,0.99,26.8,83.0,23.6,1001.5,14.4,1.4940690949597709e-15,-6.1
2018-11-20 16:00:00,0.99,0.0,0.67,0.98,27.0,82.0,23.6,1001.9,14.0,2.542346798541463,-4.989636535454859
2018-11-20 17:00:00,1.0,0.04,0.18,0.99,26.4,85.0,23.7,1002.1,11.9,-2.181643291108517,3.935788682127281
2018-11-20 18:00:00,1.0,0.0,0.68,1.0,25.5,91.0,23.9,1002.4,9.0,-1.4474368994146258,1.7874357113510329
2018-11-20 19:00:00,0.66,0.0,0.06,0.65,25.3,91.0,23.6,1003.2,5.8,-1.1109406435904308,2.8940993221413254
2018-11-20 20:00:00,0.98,0.02,0.03,0.98,25.0,92.0,23.5,1004.4,6.1,-0.716657125124198,2.499280409439629
2018-11-20 21:00:00,0.97,0.04,0.01,0.96,24.5,94.0,23.4,1005.1,4.7,-0.35342109587492787,2.8783838397598336
2018-11-20 22:00:00,0.92,0.05,0.01,0.92,24.1,94.0,23.1,1005.0,4.7,-1.4235782507653014,3.197409101749103
2018-11-20 23:00:00,0.92,0.12,0.04,0.9,24.3,93.0,23.0,1004.7,4.0,-2.8833635269318485,1.8017254983928963
2018-11-21 00:00:00,0.97,0.09,0.0,0.97,24.9,88.0,22.9,1003.7,4.0,2.475670171853926,0.3479327524001646
2018-11-21 01:00:00,0.98,0.0,0.0,0.98,23.4,96.0,22.8,1002.8,5.8,4.6421352007971475,-0.7352419856890842
2018-11-21 02:00:00,0.94,0.0,0.0,0.94,23.2,97.0,22.8,1002.1,5.8,3.1974091017491033,1.4235782507653003
2018-11-21 03:00:00,0.92,0.0,0.0,0.92,22.8,98.0,22.4,1001.7,7.2,3.252691193458118,3.2526911934581193
2018-11-21 04:00:00,0.91,0.0,0.0,0.91,22.9,97.0,22.4,1001.9,7.9,1.8364363038995857,4.32637281122647
2018-11-21 05:00:00,0.82,0.0,0.09,0.17,22.4,97.0,21.9,1003.1,7.9,1.460965714322057,3.616017032810471
2018-11-21 06:00:00,0.81,0.0,0.05,0.81,23.0,95.0,22.1,1003.8,9.4,1.0797650608505518,4.676976310969129
2018-11-21 07:00:00,0.78,0.04,0.02,0.77,24.3,91.0,22.6,1004.5,10.1,2.1554976886431088,1.453901549023941
2018-11-21 08:00:00,0.65,0.01,0.01,0.65,25.9,85.0,23.1,1004.9,11.2,1.8000513314744355,1.0815799573111142
2018-11-21 09:00:00,0.25,0.01,0.01,0.25,27.8,76.0,23.2,1004.8,14.0,3.281922254715302,0.3449439287832561
2018-11-21 10:00:00,0.16,0.04,0.03,0.13,29.2,71.0,23.4,1004.2,18.4,4.989636535454859,2.542346798541463
2018-11-21 11:00:00,0.19,0.12,0.16,0.01,30.2,65.0,22.9,1003.1,19.8,5.377666356487366,2.1727182418122912
2018-11-21 12:00:00,0.4,0.09,0.24,0.2,30.8,61.0,22.5,1001.9,18.4,5.087576656325104,-0.3557580160950386
2018-11-21 13:00:00,0.28,0.12,0.21,0.16,31.1,60.0,22.4,1000.4,17.3,5.756767679519668,0.7068421917498535
2018-11-21 14:00:00,0.3,0.14,0.28,0.02,31.2,59.0,22.1,999.8,17.6,4.276831316104166,2.179154398749825
2018-11-21 15:00:00,0.94,0.17,0.3,0.93,29.9,67.0,23.0,999.9,15.1,1.4273391840380383,5.7247447850283795
2018-11-21 16:00:00,0.95,0.29,0.34,0.93,29.1,72.0,23.5,1000.4,17.6,2.1223161698406705,7.92059177557036
2018-11-21 17:00:00,0.78,0.15,0.24,0.06,28.4,76.0,23.8,1000.7,16.9,-1.8159619989581874,3.564026096753471
2018-11-21 18:00:00,0.43,0.11,0.35,0.11,27.0,79.0,23.1,1001.7,12.2,-5.374011537017761,5.37401153701776
2018-11-21 19:00:00,0.18,0.0,0.12,0.12,26.3,83.0,23.1,1002.4,16.2,-3.5165801564034638,8.284543681071963
2018-11-21 20:00:00,0.1,0.02,0.06,0.05,25.7,85.0,22.9,1003.3,16.2,-0.4134540543192561,7.889173324561134
2018-11-21 21:00:00,0.21,0.09,0.13,0.14,25.2,87.0,23.0,1003.8,13.3,1.4493866525741164,5.4091846272187825
2018-11-21 22:00:00,0.42,0.05,0.08,0.37,24.8,92.0,23.4,1003.8,9.0,3.96344440343055,3.2095339943541727
2018-11-21 23:00:00,0.78,0.17,0.13,0.73,25.2,88.0,23.1,1003.9,6.8,-0.7071067811865475,-0.7071067811865476
2018-11-22 00:00:00,0.79,0.05,0.09,0.77,24.2,95.0,23.4,1003.1,4.0,-3.236092916415765,1.793795594911447
2018-11-22 01:00:00,0.14,0.02,0.07,0.1,23.7,96.0,23.1,1002.4,6.5,-0.7097828148963331,5.050367150582009
2018-11-22 02:00:00,0.29,0.03,0.24,0.1,24.1,94.0,23.0,1001.6,6.5,1.4235782507653008,3.197409101749103
2018-11-22 03:00:00,0.52,0.13,0.46,0.08,23.6,96.0,23.0,1001.3,4.0,3.236092916415764,-1.7937955949114481
2018-11-22 04:00:00,0.42,0.28,0.34,0.08,23.5,96.0,23.0,1001.4,6.8,2.8940993221413254,-1.1109406435904312
2018-11-22 05:00:00,0.38,0.14,0.09,0.0,24.3,96.0,23.7,1002.0,5.0,-0.710739087062379,-2.1874299874788528
2018-11-22 06:00:00,0.18,0.17,0.07,0.0,24.6,96.0,23.9,1002.8,4.0,-1.0777488443215544,0.7269507745119708
2018-11-22 07:00:00,0.37,0.36,0.15,0.01,25.8,91.0,24.1,1003.7,8.3,-1.7669289302057951,-0.34345619167778085
2018-11-22 08:00:00,0.12,0.04,0.08,0.04,27.1,84.0,24.2,1004.3,14.8,-3.236092916415765,1.793795594911447
2018-11-22 09:00:00,0.24,0.21,0.14,0.04,28.5,78.0,24.2,1004.7,22.0,-5.3623071340531006,4.342310698243877
2018-11-22 10:00:00,0.46,0.43,0.18,0.08,29.2,77.0,24.9,1004.6,22.0,-4.685893304218874,1.4326213531414098
2018-11-22 11:00:00,0.78,0.75,0.63,0.17,30.0,71.0,24.1,1003.4,19.8,-3.236092916415765,1.793795594911447
2018-11-22 12:00:00,0.71,0.18,0.61,0.26,28.5,73.0,23.3,1002.5,21.2,-6.490566881680927,7.208504807130722
2018-11-22 13:00:00,0.84,0.03,0.39,0.76,28.8,76.0,24.1,1001.5,23.4,-2.5114736709748717,-1.4500000000000002
2018-11-22 14:00:00,0.96,0.68,0.27,0.93,27.9,77.0,23.6,1001.3,21.2,-4.716281451675525,7.547628055792192
2018-11-22 15:00:00,0.98,0.46,0.17,0.97,27.6,79.0,23.7,1001.0,20.9,-3.914289369316413,6.514471485336053
2018-11-22 16:00:00,1.0,0.23,0.15,1.0,27.0,82.0,23.6,1001.3,18.0,-6.518743047927909,1.0324674692655234
2018-11-22 17:00:00,0.99,0.09,0.08,0.9,27.2,85.0,24.4,1001.3,14.8,-2.8783838397598336,-0.3534210958749277
2018-11-22 18:00:00,0.95,0.37,0.09,0.93,26.4,88.0,24.3,1002.1,5.0,0.34494392878325625,-3.2819222547153015
2018-11-22 19:00:00,0.97,0.54,0.41,0.95,25.5,89.0,23.5,1003.3,10.8,0.37476969381493075,-4.283637201794505
2018-11-22 20:00:00,0.98,0.46,0.32,0.97,24.6,95.0,23.9,1004.7,11.2,1.766928930205795,-0.3434561916777812
2018-11-22 21:00:00,1.0,1.0,0.44,0.96,23.9,98.0,23.5,1005.8,13.3,1.8221342821066675,-2.507952682562337
2018-11-22 22:00:00,0.98,0.43,0.35,0.98,23.3,99.0,23.1,1005.8,18.4,5.37968403772216,-6.188618557826729
2018-11-22 23:00:00,0.97,0.44,0.35,0.96,22.9,99.0,22.8,1005.6,18.4,6.069785404556236,-6.50904794441062
2018-11-23 00:00:00,1.0,1.0,0.32,0.95,22.8,99.0,22.6,1005.3,17.6,5.374011537017762,-5.3740115370177595
2018-11-23 01:00:00,1.0,1.0,0.32,0.97,22.9,98.0,22.5,1004.7,18.0,5.7287862245249865,-6.143371093601034
2018-11-23 02:00:00,0.99,0.75,0.33,0.98,22.9,97.0,22.4,1004.2,16.2,5.821436275322065,-6.4653599816533305
2018-11-23 03:00:00,0.93,0.77,0.36,0.86,22.9,96.0,22.3,1003.8,15.1,3.9758649556096968,-6.122295146001595
2018-11-23 04:00:00,0.84,0.74,0.28,0.45,23.1,97.0,22.6,1003.9,13.7,2.4967470462773806,-6.859756131737131
2018-11-23 05:00:00,0.93,0.94,0.29,0.97,23.3,95.0,22.4,1004.4,13.7,-0.662383644882202,-7.571079705497266
2018-11-23 06:00:00,1.0,0.98,0.28,0.97,23.4,94.0,22.4,1005.4,22.0,-2.2246550917500247,-10.46617932785172
2018-11-23 07:00:00,0.96,0.79,0.33,0.94,23.7,92.0,22.4,1006.2,23.4,-1.4195656297926673,-10.100734301164017
2018-11-23 08:00:00,0.98,0.92,0.4,0.96,24.5,88.0,22.5,1007.0,25.6,-1.3766232923540318,-8.691657397237213
2018-11-23 09:00:00,1.0,1.0,0.24,0.87,24.7,92.0,23.4,1008.1,26.3,2.1927877854205287,-7.172285669722765
2018-11-23 10:00:00,1.0,1.0,0.26,0.97,25.2,89.0,23.3,1007.7,27.4,2.921931428644116,-7.232034065620941
2018-11-23 11:00:00,1.0,1.0,0.25,0.96,25.8,86.0,23.2,1006.8,32.8,0.4134540543192605,-7.889173324561134
2018-11-23 12:00:00,1.0,1.0,0.72,0.96,25.5,88.0,23.5,1005.6,33.1,-0.721246396546809,-6.862201078041086
2018-11-23 13:00:00,1.0,1.0,1.0,0.95,25.6,89.0,23.6,1004.5,25.6,-2.472403516545019,-6.1194134401407965
2018-11-23 14:00:00,1.0,1.0,0.83,0.95,25.4,90.0,23.5,1003.6,17.3,-0.7166571251241979,-2.499280409439629
2018-11-23 15:00:00,1.0,1.0,0.47,0.96,25.7,89.0,23.8,1003.1,10.8,-1.4499999999999997,-2.511473670974872
2018-11-23 16:00:00,0.99,0.05,0.17,0.99,25.8,91.0,24.1,1003.7,14.4,-3.5640260967534716,-1.8159619989581874
2018-11-23 17:00:00,0.99,0.56,0.41,0.98,25.2,90.0,23.5,1004.0,11.2,-2.8940993221413254,-1.1109406435904312
2018-11-23 18:00:00,0.95,0.01,0.25,0.94,24.9,92.0,23.5,1004.2,7.9,-1.7489675652259409,-3.9282454678631837
2018-11-23 19:00:00,0.95,0.06,0.3,0.94,24.4,94.0,23.4,1005.1,7.2,0.7059932828932153,-3.632020578756357
2018-11-23 20:00:00,0.96,0.1,0.19,0.95,24.1,95.0,23.3,1006.2,9.4,-1.4273391840380396,-5.7247447850283795
2018-11-23 21:00:00,0.97,0.68,0.16,0.93,24.0,96.0,23.4,1006.9,10.8,-2.8948737988292517,-3.5748714227020657
2018-11-23 22:00:00,1.0,1.0,0.3,0.96,24.1,96.0,23.4,1007.0,7.9,-0.710739087062379,-2.1874299874788528
2018-11-23 23:00:00,0.98,0.76,0.39,0.95,24.1,96.0,23.4,1006.8,5.0,1.7998053071223108,-2.1449244407331376
2018-11-24 00:00:00,1.0,1.0,0.35,0.96,24.0,96.0,23.3,1006.4,7.6,-2.4999999999999996,-4.330127018922194
2018-11-24 01:00:00,1.0,1.0,0.34,0.96,23.7,98.0,23.3,1006.0,11.5,-2.472403516545019,-6.1194134401407965
2018-11-24 02:00:00,1.0,1.0,0.26,0.92,23.4,99.0,23.1,1005.4,10.4,-4.023790324368742,-4.314986839553106
2018-11-24 03:00:00,1.0,1.0,0.28,0.98,23.0,99.0,23.0,1005.4,13.7,-4.971631089293716,-6.139453095510071
2018-11-24 04:00:00,0.98,0.24,0.25,0.98,23.1,97.0,22.7,1005.5,18.0,-3.2755801403744425,-10.081199072728626
2018-11-24 05:00:00,1.0,0.3,0.18,0.98,23.0,96.0,22.4,1005.4,20.2,-1.469229264399395,-7.558529312547013
2018-11-24 06:00:00,1.0,0.44,0.25,1.0,23.2,96.0,22.5,1006.4,15.8,2.0329136865846065e-15,-8.3
2018-11-24 07:00:00,0.96,0.73,0.23,0.94,24.0,92.0,22.6,1007.4,14.8,-1.8376152202278973,-6.858073366652385
2018-11-24 08:00:00,0.98,0.75,0.32,0.96,25.4,86.0,22.8,1008.2,33.1,-6.550583056980841,-14.047770699068074
2018-11-24 09:00:00,1.0,0.14,0.75,0.99,25.8,87.0,23.4,1008.7,30.6,-4.645121758357309,-11.497079796628164
2018-11-24 10:00:00,1.0,0.31,0.63,1.0,26.0,85.0,23.2,1008.3,25.9,-4.2335328229367795,-13.029474273243602
2018-11-24 11:00:00,0.98,0.32,0.07,0.97,26.8,80.0,23.0,1007.2,28.8,-6.901231972952594,-12.979329615026225
2018-11-24 12:00:00,1.0,0.24,0.2,1.0,28.3,77.0,23.8,1006.6,33.8,-6.87782742364597,-8.196675541373065
2018-11-24 13:00:00,1.0,0.55,0.45,0.99,28.8,73.0,23.5,1005.2,31.3,-6.817795543758905,-5.7208097262102005
2018-11-24 14:00:00,1.0,0.44,0.67,0.99,27.3,81.0,23.7,1005.0,27.7,-7.165878439167947,-1.3929056662487778
2018-11-24 15:00:00,1.0,1.0,0.73,0.99,24.9,91.0,23.4,1004.9,24.1,-8.95274548489749,-3.9860191021428424
2018-11-24 16:00:00,0.99,0.11,0.43,0.99,25.2,90.0,23.4,1005.3,21.2,-3.2360929164157644,-1.7937955949114475
2018-11-24 17:00:00,0.98,0.04,0.14,0.09,26.7,85.0,23.9,1004.4,9.4,-0.34862297099063266,-3.984778792366982
2018-11-24 18:00:00,0.48,0.04,0.19,0.37,25.1,91.0,23.5,1005.3,7.9,-3.603450996785793,-5.766727053863696
2018-11-24 19:00:00,0.78,0.06,0.15,0.74,24.5,93.0,23.4,1006.3,7.6,-1.4171916423663495,-6.1385314081469815
2018-11-24 20:00:00,0.88,0.07,0.19,0.86,24.3,94.0,23.4,1007.5,7.2,-0.31924933308195735,-6.0916401620029
2018-11-24 21:00:00,0.92,0.12,0.29,0.9,23.9,96.0,23.2,1008.1,7.2,1.4940690949597709e-15,-6.1
2018-11-24 22:00:00,0.84,0.32,0.43,0.76,23.9,94.0,22.9,1008.5,15.1,1.4940690949597709e-15,-6.1
2018-11-24 23:00:00,0.59,0.09,0.38,0.44,23.1,97.0,22.6,1007.9,19.8,-4.033014550459512,-8.268905225952336
2018-11-25 00:00:00,0.6,0.45,0.33,0.39,23.0,97.0,22.5,1007.2,16.2,-0.3558845024520181,-6.790680836331102
2018-11-25 01:00:00,0.56,0.18,0.27,0.46,23.0,97.0,22.5,1006.3,11.9,1.4493866525741157,-5.4091846272187825
2018-11-25 02:00:00,0.51,0.29,0.34,0.25,22.9,97.0,22.4,1005.5,11.5,2.101315561749644,-6.467184310807044
2018-11-25 03:00:00,0.93,0.92,0.13,0.07,23.0,97.0,22.4,1005.2,12.2,1.8376152202278968,-6.858073366652385
2018-11-25 04:00:00,0.94,0.94,0.22,0.01,23.3,95.0,22.5,1005.2,13.7,0.28966582263075685,-8.294943864258496
2018-11-25 05:00:00,0.41,0.33,0.26,0.0,23.5,96.0,22.8,1006.0,14.8,-1.079397808777593,-6.815049550106451
2018-11-25 06:00:00,0.22,0.11,0.16,0.0,23.8,94.0,22.6,1006.4,14.8,-3.6728726077991736,-8.65274562245294
2018-11-25 07:00:00,0.16,0.03,0.15,0.0,24.8,89.0,22.8,1006.8,18.4,-3.6336839561343464,-8.993683389297837
2018-11-25 08:00:00,0.3,0.19,0.21,0.0,26.0,81.0,22.5,1007.6,23.8,-4.645121758357309,-11.497079796628164
2018-11-25 09:00:00,0.38,0.28,0.24,0.0,27.2,74.0,22.2,1007.9,28.1,-6.049999999999999,-10.478907385791707
2018-11-25 10:00:00,0.57,0.49,0.26,0.0,28.2,68.0,21.9,1007.8,25.9,-5.82763767466079,-8.973775077016036
2018-11-25 11:00:00,0.37,0.32,0.11,0.0,29.0,65.0,21.7,1007.0,24.5,-6.095202647831141,-9.036509540849956
2018-11-25 12:00:00,0.37,0.35,0.05,0.0,29.8,61.0,21.4,1005.6,25.9,-6.818308926592688,-9.38459713474939
2018-11-25 13:00:00,0.44,0.42,0.04,0.0,30.2,57.0,20.9,1004.5,26.3,-7.281961780139784,-9.663489671572243
2018-11-25 14:00:00,0.32,0.32,0.01,0.0,30.1,57.0,20.6,1003.4,26.3,-7.23718449707313,-8.937178556755166
2018-11-25 15:00:00,0.03,0.03,0.01,0.0,30.3,56.0,20.5,1002.7,23.8,-6.156001578501495,-6.836932394392027
2018-11-25 16:00:00,0.3,0.26,0.19,0.0,29.6,61.0,21.4,1003.0,18.7,-6.509047944410617,-6.069785404556237
2018-11-25 17:00:00,0.29,0.0,0.06,0.0,27.9,72.0,22.4,1003.1,16.6,-5.788198644282651,-2.2218812871808624
2018-11-25 18:00:00,0.13,0.0,0.13,0.0,26.5,75.0,21.6,1003.7,16.2,-8.314254606237347,-1.7672493719509554
2018-11-25 19:00:00,0.07,0.05,0.04,0.0,25.3,81.0,21.9,1004.7,15.1,-5.78587149150698,-0.40458754771592637
2018-11-25 20:00:00,0.12,0.11,0.01,0.0,24.8,87.0,22.4,1005.7,9.7,-5.386845871403051,-0.3766849582182763
2018-11-25 21:00:00,0.15,0.15,0.01,0.0,24.2,91.0,22.8,1005.8,9.0,-4.7128004925905795,-2.197614961051637
2018-11-25 22:00:00,0.21,0.21,0.0,0.0,24.1,91.0,22.6,1006.0,7.2,-2.1816432911085166,-3.935788682127281
2018-11-25 23:00:00,0.31,0.31,0.0,0.0,23.8,92.0,22.5,1005.8,7.6,-1.0886485301985047,-4.366330768241984
2018-11-26 00:00:00,0.29,0.29,0.01,0.0,23.6,93.0,22.4,1005.2,7.2,-0.3747696938149301,-4.283637201794505
2018-11-26 01:00:00,0.3,0.3,0.05,0.0,23.5,93.0,22.4,1004.8,7.2,0.37476969381493075,-4.283637201794505
2018-11-26 02:00:00,0.32,0.32,0.1,0.0,23.4,93.0,22.2,1004.4,7.2,0.688311646177017,-4.345828698618606
2018-11-26 03:00:00,0.34,0.34,0.13,0.0,23.0,94.0,22.0,1004.0,8.3,0.709782814896336,-5.050367150582008
2018-11-26 04:00:00,0.34,0.34,0.17,0.0,22.8,94.0,21.8,1004.1,12.2,1.7634913907721887e-15,-7.2
2018-11-26 05:00:00,0.44,0.92,0.32,0.02,23.1,90.0,21.5,1004.4,14.0,-2.12231616984067,-7.92059177557036
2018-11-26 06:00:00,0.98,0.98,0.67,0.0,23.9,85.0,21.2,1005.1,16.6,-3.296985135816762,-8.588939923774255
2018-11-26 07:00:00,0.96,0.96,0.61,0.0,24.4,83.0,21.2,1005.8,16.9,-3.296985135816762,-8.588939923774255
2018-11-26 08:00:00,0.47,0.1,0.45,0.0,25.5,78.0,21.4,1006.5,22.7,-5.799999999999999,-10.045894683899489
2018-11-26 09:00:00,0.5,0.48,0.06,0.03,26.9,71.0,21.2,1006.8,32.4,-9.628601983062513,-11.890333210291656
2018-11-26 10:00:00,0.44,0.44,0.03,0.0,28.0,66.0,21.1,1006.4,32.0,-8.98865753975461,-11.50495700265814
2018-11-26 11:00:00,0.86,0.86,0.0,0.02,28.8,62.0,20.9,1005.4,31.0,-8.346550582553117,-11.488041320124253
2018-11-26 12:00:00,0.7,0.69,0.0,0.02,28.5,64.0,21.1,1004.6,29.9,-8.276054971367055,-12.269756073814618
2018-11-26 13:00:00,0.59,0.58,0.09,0.01,29.2,61.0,21.0,1003.4,29.9,-6.5356684201803255,-10.064046815345089
2018-11-26 14:00:00,0.77,0.72,0.14,0.15,29.5,60.0,21.0,1002.4,25.2,-7.199221228489239,-8.579697762932554
2018-11-26 15:00:00,0.5,0.32,0.11,0.27,29.3,62.0,21.1,1001.6,25.2,-10.403230962470195,-7.284420741658284
2018-11-26 16:00:00,0.43,0.21,0.09,0.29,28.6,66.0,21.6,1001.8,25.2,-10.423721839997087,-3.186851581477831
2018-11-26 17:00:00,0.24,1.0,0.28,0.0,27.3,69.0,21.2,1001.9,20.2,-11.510108895365454,-5.367251924106883
2018-11-26 18:00:00,0.81,0.81,0.23,0.0,26.5,72.0,21.0,1002.7,25.6,-13.005744681097282,-3.97625518422922
2018-11-26 19:00:00,0.57,0.56,0.26,0.0,25.6,80.0,21.8,1003.8,24.1,-9.743700647852352,-2.249510543438649
2018-11-26 20:00:00,0.57,0.56,0.35,0.0,24.9,84.0,22.0,1004.5,17.3,-5.791600382341218,-1.125773072721615
2018-11-26 21:00:00,0.99,0.99,0.35,0.0,24.6,85.0,21.9,1005.2,10.1,-3.9467090073008153,-1.436484601967809
2018-11-26 22:00:00,0.98,0.98,0.37,0.0,25.0,82.0,21.8,1005.4,7.9,-2.8772616073430903,-3.195522749552795
2018-11-26 23:00:00,0.84,0.83,0.35,0.0,24.9,80.0,21.3,1005.5,11.5,-5.046340541172277,-4.70578868443124
2018-11-27 00:00:00,0.78,0.78,0.11,0.0,24.5,78.0,20.4,1005.2,15.1,-5.356254835333226,-6.85569355637848
2018-11-27 01:00:00,0.93,0.93,0.12,0.0,24.0,75.0,19.1,1004.3,15.5,-4.349999999999999,-7.534421012924616
2018-11-27 02:00:00,0.66,0.66,0.13,0.0,23.4,75.0,18.8,1003.9,15.5,-2.1775351109542935,-7.59396739791272
2018-11-27 03:00:00,0.15,0.15,0.04,0.0,22.8,78.0,18.8,1003.4,13.7,-0.662383644882202,-7.571079705497266
2018-11-27 04:00:00,0.08,0.08,0.01,0.0,21.5,84.0,18.8,1003.8,13.3,1.8614631347039767e-15,-7.6
2018-11-27 05:00:00,0.05,0.02,0.0,0.0,21.1,87.0,18.8,1004.1,13.3,-0.6972459419812653,-7.969557584733964
2018-11-27 06:00:00,0.02,0.02,0.0,0.0,21.4,84.0,18.6,1004.8,14.8,-0.662383644882202,-7.571079705497266
2018-11-27 07:00:00,0.03,0.03,0.0,0.0,22.9,79.0,19.1,1006.0,16.6,2.1063924945334474e-15,-8.6
2018-11-27 08:00:00,0.02,0.02,0.0,0.0,24.5,73.0,19.4,1006.8,23.4,-1.3771235804781665,-11.215771513546938
2018-11-27 09:00:00,0.0,0.0,0.0,0.0,26.1,67.0,19.5,1007.0,28.1,-3.1449846427956807,-12.613844441587954
2018-11-27 10:00:00,0.0,0.0,0.0,0.0,27.3,62.0,19.4,1006.4,28.1,-4.309453805903425,-11.840127021902445
2018-11-27 11:00:00,0.04,0.04,0.0,0.0,28.2,57.0,18.8,1005.6,28.8,-6.10313031621658,-11.47831870716605
2018-11-27 12:00:00,0.1,0.1,0.0,0.0,29.0,53.0,18.4,1004.7,29.2,-6.941942361454984,-11.10943005964918
2018-11-27 13:00:00,0.15,0.15,0.0,0.0,29.3,52.0,18.4,1003.6,28.8,-6.489479743866682,-10.800307988846615
2018-11-27 14:00:00,0.25,0.25,0.0,0.0,29.2,53.0,18.7,1002.6,27.4,-6.807987937687838,-10.4833820993178
2018-11-27 15:00:00,0.04,0.04,0.0,0.0,29.0,54.0,18.8,1002.4,26.3,-6.5356684201803255,-10.064046815345089
2018-11-27 16:00:00,0.1,0.1,0.0,0.0,28.6,58.0,19.6,1002.6,24.1,-4.014873486536644,-8.609923976848174
2018-11-27 17:00:00,0.11,0.64,0.0,0.0,27.2,69.0,21.1,1002.7,17.3,-1.4333142502483958,-4.998560818879258
2018-11-27 18:00:00,0.4,0.4,0.03,0.0,26.2,69.0,20.2,1003.1,9.7,1.3226185430791415e-15,-5.4
2018-11-27 19:00:00,0.89,0.89,0.03,0.0,25.5,73.0,20.4,1004.3,10.4,-6.84703320513664,1.4553818357243153
2018-11-27 20:00:00,0.41,0.4,0.13,0.0,25.3,77.0,21.0,1005.4,17.3,-8.65135526344487,2.4807362023529915
2018-11-27 21:00:00,0.34,0.31,0.16,0.0,24.9,77.0,20.6,1005.9,15.5,-7.889173324561134,-0.41345405431925736
2018-11-27 22:00:00,0.21,0.15,0.19,0.0,24.4,79.0,20.5,1006.0,13.3,-5.420413862312148,-3.93816119035957
2018-11-27 23:00:00,0.36,0.19,0.34,0.0,24.0,80.0,20.3,1005.7,14.4,-2.8649997592229792,-8.320563465273988
2018-11-28 00:00:00,0.42,0.19,0.39,0.03,23.5,81.0,20.0,1005.2,15.5,-1.7672493719509543,-8.314254606237348
2018-11-28 01:00:00,0.68,0.18,0.68,0.0,23.3,80.0,19.8,1004.5,14.8,-0.37681888494919563,-7.190132650232932
2018-11-28 02:00:00,0.96,0.47,0.96,0.0,23.1,80.0,19.5,1003.9,12.2,0.3977532674463772,-7.589584464134761
2018-11-28 03:00:00,1.0,1.0,0.7,0.0,23.3,78.0,19.1,1003.7,14.8,0.30013567164150706,-8.594761112364223
2018-11-28 04:00:00,1.0,1.0,0.72,0.0,23.1,77.0,18.9,1003.9,15.5,0.7844016847289249,-8.96575228282571
2018-11-28 05:00:00,0.91,1.0,0.99,0.0,23.5,75.0,18.9,1004.0,16.9,2.204364238465236e-15,-9.0
2018-11-28 06:00:00,0.4,0.38,0.33,0.0,23.8,74.0,18.9,1004.7,16.9,-1.109011024986842,-9.032169979936029
2018-11-28 07:00:00,0.18,0.06,0.17,0.0,24.1,76.0,19.7,1005.6,16.9,-1.755442757464212,-9.030970087718508
2018-11-28 08:00:00,0.59,0.23,0.47,0.21,25.4,73.0,20.1,1006.4,24.5,-2.5988961352219917,-12.226845009172571
2018-11-28 09:00:00,0.61,0.02,0.4,0.39,26.4,71.0,20.6,1006.6,30.2,-3.856403772027559,-14.392294811707119
2018-11-28 10:00:00,0.17,0.07,0.15,0.0,27.7,65.0,20.5,1006.5,34.2,-5.780140422203801,-15.88080529128185
2018-11-28 11:00:00,0.81,0.01,0.81,0.0,28.5,61.0,20.4,1005.6,34.6,-6.548459953520384,-14.708081868045875
2018-11-28 12:00:00,0.99,0.61,0.99,0.0,28.9,59.0,20.0,1004.7,33.8,-7.516018683207374,-11.573653837646852
2018-11-28 13:00:00,0.98,0.97,0.58,0.27,28.8,60.0,20.3,1003.6,29.2,-5.8199302464836125,-9.68599049793387
2018-11-28 14:00:00,0.65,0.63,0.1,0.01,29.0,61.0,20.8,1002.3,25.9,-8.741911491736934,-10.4182044264181
2018-11-28 15:00:00,0.21,0.0,0.21,0.0,29.0,62.0,21.0,1002.1,28.4,-10.114258385171508,-6.822153422343111
2018-11-28 16:00:00,0.55,0.09,0.53,0.04,28.4,66.0,21.5,1002.5,25.2,-12.229903587113343,-4.694620139043435
2018-11-28 17:00:00,0.87,0.0,1.0,0.05,27.4,71.0,21.8,1002.7,24.5,-9.735430472951268,-3.9333692308670756
2018-11-28 18:00:00,0.96,0.0,0.96,0.66,26.0,79.0,22.2,1003.5,19.4,-10.093247807352348,-2.8941922360784913
2018-11-28 19:00:00,0.74,0.01,0.72,0.08,25.8,81.0,22.2,1004.3,17.6,-8.683011669463312,-6.079910225321088
2018-11-28 20:00:00,0.78,0.0,0.78,0.01,25.0,83.0,22.0,1005.2,20.2,-7.199221228489239,-8.579697762932554
2018-11-28 21:00:00,0.92,0.66,0.91,0.01,24.1,90.0,22.5,1005.8,19.1,-4.313351365237939,-4.31335136523794
2018-11-28 22:00:00,0.93,0.0,0.52,0.9,24.5,89.0,22.5,1005.8,10.4,-2.8999999999999995,-5.022947341949744
2018-11-28 23:00:00,0.95,0.08,0.82,0.87,24.1,93.0,23.0,1005.9,11.9,-2.5624408513775414,-5.755336383148386
2018-11-29 00:00:00,0.96,0.0,0.67,0.94,24.0,92.0,22.6,1005.3,14.8,-3.5499933986218752,-7.61298541110786
2018-11-29 01:00:00,0.98,0.39,0.44,0.97,24.0,92.0,22.5,1004.6,17.6,-4.976398565530443,-9.359244484304625
2018-11-29 02:00:00,0.98,0.45,0.29,0.97,23.8,92.0,22.4,1004.3,18.0,-4.352968095929205,-9.334970206477495
2018-11-29 03:00:00,0.99,0.95,0.38,0.97,23.3,94.0,22.2,1004.0,18.4,-2.5159877142365445,-10.091075553270363
2018-11-29 04:00:00,1.0,1.0,0.36,0.97,23.2,95.0,22.4,1004.4,20.9,-3.557009490586955,-9.772803256173448
2018-11-29 05:00:00,0.99,0.95,0.47,0.92,24.0,88.0,21.8,1004.6,18.0,-2.5648410533120636,-7.893769085249775
2018-11-29 06:00:00,0.96,0.94,0.31,0.89,24.0,89.0,22.0,1005.5,18.4,-6.156614753256583,-7.880107536067219
2018-11-29 07:00:00,0.95,0.5,0.53,0.91,24.0,92.0,22.6,1006.3,16.9,-4.363286582217033,-7.871577364254562
2018-11-29 08:00:00,0.99,0.96,0.58,0.92,24.8,88.0,22.7,1007.4,21.2,-6.772276228582241,-8.668118289673941
2018-11-29 09:00:00,0.99,0.92,0.32,0.98,25.0,88.0,22.9,1007.2,25.6,-6.399486987251649,-11.544980134240022
2018-11-29 10:00:00,0.98,0.67,0.17,0.97,26.2,82.0,23.0,1006.6,33.8,-8.555651423102429,-12.68427486009214
2018-11-29 11:00:00,1.0,0.99,0.52,0.92,27.3,79.0,23.4,1006.2,30.6,-2.5644420195200612,-11.107818738551682
2018-11-29 12:00:00,0.98,0.39,0.3,0.97,27.0,83.0,24.0,1005.2,27.7,-2.5988961352219917,-12.226845009172571
2018-11-29 13:00:00,1.0,0.38,0.41,1.0,26.8,86.0,24.1,1004.0,26.6,-10.423721839997087,-3.186851581477831
2018-11-29 14:00:00,1.0,0.22,0.14,1.0,26.5,84.0,23.6,1003.6,24.1,-7.5442419102508795,-5.088655421583796
2018-11-29 15:00:00,1.0,0.67,0.45,0.99,25.8,84.0,22.8,1003.6,24.1,-11.193177262613872,0.39087436306801066
2018-11-29 16:00:00,1.0,0.37,0.34,1.0,24.9,92.0,23.5,1004.2,22.7,-6.1,-3.735172737399427e-16
2018-11-29 17:00:00,1.0,0.01,0.36,1.0,24.8,90.0,23.0,1004.6,12.6,-0.7526049355271051,-7.160557646651568
2018-11-29 18:00:00,0.99,0.09,0.24,0.99,24.3,92.0,22.9,1004.9,12.6,0.6972459419812665,-7.969557584733964
2018-11-29 19:00:00,1.0,0.14,0.09,0.99,24.2,92.0,22.9,1006.1,13.0,-1.1419715947936853,-7.210124886344506
2018-11-29 20:00:00,0.99,0.18,0.06,0.98,24.0,94.0,23.0,1006.7,13.7,-1.3891854213354426,-7.878462024097664
2018-11-29 21:00:00,0.96,0.29,0.06,0.95,23.8,95.0,22.9,1007.0,13.3,-1.0577155672964973,-7.5260373224359345
2018-11-29 22:00:00,0.95,0.5,0.16,0.93,23.6,95.0,22.8,1006.9,13.0,-0.6972459419812653,-7.969557584733964
2018-11-29 23:00:00,0.98,0.91,0.29,0.96,23.5,94.0,22.5,1006.7,15.1,-1.8296228791962823,-8.607698886457491
2018-11-30 00:00:00,1.0,1.0,0.32,0.95,23.5,96.0,22.7,1006.2,16.2,-4.403707847473604,-8.642763284627168
2018-11-30 01:00:00,0.99,0.84,0.47,0.95,23.5,94.0,22.5,1005.6,18.0,-3.5836794954530027,-9.335804264972017
2018-11-30 02:00:00,0.98,0.95,0.47,0.95,23.1,94.0,22.1,1005.1,17.6,-3.1894747509531727,-8.308865795825096
2018-11-30 03:00:00,0.96,0.71,0.5,0.93,23.1,95.0,22.4,1004.9,15.8,-2.2258437878816784,-8.306962106085987
2018-11-30 04:00:00,0.98,0.38,0.46,0.96,23.1,95.0,22.2,1004.9,16.2,-3.6728726077991736,-8.65274562245294
2018-11-30 05:00:00,0.96,0.2,0.26,0.84,23.1,93.0,21.9,1005.5,16.2,-2.8652427062828205,-9.371786608437748
2018-11-30 06:00:00,0.92,0.4,0.44,0.86,23.5,92.0,22.0,1006.3,18.4,-2.9047597471245057,-8.939931253174443
2018-11-30 07:00:00,0.95,0.2,0.59,0.92,24.4,89.0,22.4,1007.3,16.6,-2.872969203935617,-7.8934180146016315
2018-11-30 08:00:00,0.92,0.34,0.49,0.86,25.2,84.0,22.4,1008.0,25.9,-5.094649670456404,-12.60970042210831
2018-11-30 09:00:00,0.89,0.19,0.2,0.86,26.2,80.0,22.4,1008.3,31.0,-6.838589889909608,-14.021187122267005
2018-11-30 10:00:00,0.94,0.24,0.24,0.92,27.5,77.0,23.1,1007.5,32.0,-7.24369916569986,-11.154318553674141
2018-11-30 11:00:00,0.95,0.44,0.22,0.92,28.4,76.0,23.6,1006.9,29.9,-6.419067988708341,-7.926888806861102
2018-11-30 12:00:00,0.96,0.95,0.17,0.81,28.9,74.0,23.8,1005.6,29.9,-6.836932394392027,-6.156001578501495
2018-11-30 13:00:00,0.99,0.99,0.99,0.03,29.5,66.0,22.6,1004.0,29.5,-8.274112912870581,-6.464445490919412
2018-11-30 14:00:00,0.62,0.54,0.41,0.22,27.5,77.0,23.1,1003.6,28.4,-10.064046815345089,-6.5356684201803255
2018-11-30 15:00:00,0.58,0.44,0.49,0.13,28.2,72.0,22.8,1003.3,23.8,-6.46168817957512,-5.048424097670398
2018-11-30 16:00:00,0.79,0.73,0.26,0.36,26.1,84.0,23.2,1003.8,26.3,-9.699739598893988,-6.542556970607737
2018-11-30 17:00:00,0.53,0.05,0.21,0.06,26.7,81.0,23.2,1003.7,21.2,-4.998560818879258,-1.4333142502483958
2018-11-30 18:00:00,0.41,0.3,0.28,0.04,25.7,84.0,22.7,1004.4,10.4,-6.535062985480412,-2.5085756468171025
2018-11-30 19:00:00,0.36,0.27,0.29,0.0,25.2,86.0,22.6,1005.4,14.0,-6.509047944410617,-6.069785404556237
2018-11-30 20:00:00,0.73,0.68,0.6,0.0,24.5,88.0,22.4,1005.9,16.6,-5.047472639889206,-7.208537989743128
2018-11-30 21:00:00,0.49,0.0,0.49,0.0,24.4,89.0,22.5,1006.7,14.4,-2.1727182418122895,-5.377666356487367
2018-11-30 22:00:00,0.63,0.26,0.47,0.31,24.0,91.0,22.5,1006.9,9.4,9.797174393178826e-16,-4.0
2018-11-30 23:00:00,0.4,0.13,0.37,0.0,23.8,94.0,22.6,1006.5,7.2,9.797174393178826e-16,-4.0
2018-12-01 00:00:00,0.26,0.18,0.21,0.0,23.5,95.0,22.6,1005.8,8.6,-0.37668495821827663,-5.386845871403051
2018-12-01 01:00:00,0.23,0.16,0.17,0.02,23.3,96.0,22.6,1005.2,11.9,-1.392905666248777,-7.165878439167947
2018-12-01 02:00:00,0.22,0.18,0.17,0.02,23.1,95.0,22.2,1004.6,13.7,-1.8221035401853065,-7.892397524760405
2018-12-01 03:00:00,0.32,0.22,0.21,0.1,22.8,96.0,22.0,1004.1,13.7,1.8614631347039767e-15,-7.6
2018-12-01 04:00:00,0.43,0.19,0.18,0.27,22.6,96.0,22.0,1004.1,13.0,-0.3977532674463731,-7.589584464134761
2018-12-01 05:00:00,0.38,0.16,0.11,0.02,22.8,95.0,22.0,1004.2,12.6,-1.4553818357243153,-6.84703320513664
2018-12-01 06:00:00,0.2,0.17,0.1,0.02,23.2,92.0,22.0,1004.8,13.7,-1.8221035401853065,-7.892397524760405
2018-12-01 07:00:00,0.31,0.18,0.05,0.18,24.4,88.0,22.2,1005.7,18.4,-2.8652427062828205,-9.371786608437748
2018-12-01 08:00:00,0.45,0.45,0.02,0.0,25.6,80.0,22.0,1006.2,32.4,-7.887122254802966,-14.833519560029973
2018-12-01 09:00:00,0.74,0.53,0.01,0.51,26.6,74.0,21.7,1006.5,32.8,-9.40456403667957,-12.94427190999916
2018-12-01 10:00:00,0.72,0.66,0.0,0.19,27.5,69.0,21.4,1006.2,32.0,-8.666136333389495,-11.500351344681016
2018-12-01 11:00:00,0.95,0.94,0.0,0.22,28.5,64.0,21.1,1005.1,29.9,-8.680826802091781,-11.110951625854778
2018-12-01 12:00:00,0.81,0.79,0.0,0.12,28.9,62.0,20.9,1003.8,29.5,-7.159029241249753,-11.914625479759362
2018-12-01 13:00:00,0.83,0.83,0.01,0.01,29.0,62.0,20.9,1002.4,29.9,-7.175182379645789,-12.944371665663057
2018-12-01 14:00:00,0.71,0.71,0.01,0.0,29.6,58.0,20.6,1001.5,31.0,-7.996458519631681,-11.855237287537097
2018-12-01 15:00:00,0.3,0.25,0.03,0.07,29.2,59.0,20.5,1000.9,29.2,-7.582429754572904,-10.436319227436822
2018-12-01 16:00:00,0.97,0.5,0.0,0.95,28.8,63.0,21.0,1001.1,24.5,-7.224447052773572,-7.4811339235219725
2018-12-01 17:00:00,0.98,0.4,0.08,1.0,27.6,70.0,21.6,1000.7,19.1,-3.634753872559855,-5.388744221607771
2018-12-01 18:00:00,1.0,0.29,0.09,1.0,26.5,74.0,21.5,1001.6,11.2,-6.862201078041086,-0.7212463965468089
2018-12-01 19:00:00,0.99,0.17,0.07,0.99,25.9,78.0,21.8,1002.4,19.8,-11.193177262613872,0.39087436306801066
2018-12-01 20:00:00,0.98,0.1,0.04,0.98,25.2,80.0,21.6,1003.3,19.8,-10.793921949283117,-1.5169868004647136
2018-12-01 21:00:00,0.9,0.13,0.03,0.89,24.5,84.0,21.6,1003.9,19.1,-9.371786608437748,-2.8652427062828205
2018-12-01 22:00:00,0.89,0.08,0.02,0.88,24.0,86.0,21.6,1004.2,17.3,-6.798696465013737,-3.61493103345136
2018-12-01 23:00:00,0.91,0.03,0.01,0.91,23.6,88.0,21.5,1003.9,13.0,-3.93816119035957,-5.420413862312148
2018-12-02 00:00:00,0.81,0.03,0.0,0.8,23.0,90.0,21.2,1003.6,11.9,-1.8467702839738944,-6.440453362786736
2018-12-02 01:00:00,0.83,0.0,0.0,0.83,22.5,89.0,20.6,1002.9,12.6,1.7634913907721887e-15,-7.2
2018-12-02 02:00:00,0.26,0.0,0.0,0.26,22.0,89.0,20.0,1002.4,13.3,0.6623836448822031,-7.571079705497266
2018-12-02 03:00:00,0.01,0.0,0.0,0.0,21.6,90.0,19.9,1002.4,13.3,0.7212463965468086,-6.862201078041086
2018-12-02 04:00:00,0.0,0.0,0.0,0.0,21.4,90.0,19.8,1002.4,12.2,-0.7526049355271051,-7.160557646651568
2018-12-02 05:00:00,0.0,0.01,0.0,0.0,21.6,89.0,19.8,1002.0,12.2,0.3558845024520217,-6.790680836331102
2018-12-02 06:00:00,0.02,0.02,0.0,0.0,22.0,87.0,19.7,1002.6,13.0,1.4846769586695112,-6.430842427582552
2018-12-02 07:00:00,0.02,0.02,0.0,0.0,23.5,82.0,20.2,1003.6,14.8,1.8614631347039767e-15,-7.6
2018-12-02 08:00:00,0.03,0.03,0.0,0.0,25.0,78.0,20.8,1004.3,21.6,-1.4195656297926673,-10.100734301164017
2018-12-02 09:00:00,0.4,0.4,0.0,0.0,26.5,71.0,20.9,1004.5,28.8,-7.206901993571586,-11.533454107727392
2018-12-02 10:00:00,0.35,0.35,0.0,0.0,27.5,66.0,20.6,1004.1,29.2,-7.549104196855083,-11.192007229493063
2018-12-02 11:00:00,0.47,0.47,0.0,0.0,28.4,62.0,20.2,1003.0,30.6,-7.249999999999999,-12.557368354874361
2018-12-02 12:00:00,0.73,0.73,0.0,0.0,29.1,58.0,20.0,1001.7,30.6,-6.582862246223429,-12.919594600731335
2018-12-02 13:00:00,0.65,0.65,0.0,0.0,29.1,58.0,20.1,1000.8,30.2,-6.7873346834487185,-12.24467589995154
2018-12-02 14:00:00,0.7,0.7,0.0,0.01,29.2,58.0,20.0,1000.0,28.4,-8.698697882665158,-9.660882731206126
2018-12-02 15:00:00,0.83,0.55,0.0,0.65,28.8,60.0,20.4,999.6,26.3,-8.579697762932554,-7.1992212284892405
2018-12-02 16:00:00,0.93,0.48,0.01,0.87,28.9,61.0,20.5,999.9,22.3,-6.466493065929326,-4.361704647071825
2018-12-02 17:00:00,0.48,0.07,0.0,0.0,27.1,80.0,23.4,999.7,14.0,-4.998560818879258,-1.4333142502483958
2018-12-02 18:00:00,0.08,0.08,0.0,0.0,24.8,81.0,21.2,1000.4,9.4,-6.847606917325106,2.224922359499621
2018-12-02 19:00:00,0.62,0.07,0.0,0.6,25.0,77.0,20.6,1001.6,13.3,-8.994517443171862,0.3140954703225086
2018-12-02 20:00:00,0.66,0.06,0.01,0.64,24.3,84.0,21.5,1002.8,19.4,-9.032169979936029,-1.1090110249868421
2018-12-02 21:00:00,0.77,0.08,0.01,0.75,23.4,90.0,21.6,1003.5,15.8,-5.3989495089621515,-1.049449474570997
2018-12-02 22:00:00,0.72,0.07,0.0,0.7,22.6,93.0,21.5,1003.3,9.0,-1.4171916423663495,-6.1385314081469815
2018-12-02 23:00:00,0.9,0.07,0.0,0.89,22.5,94.0,21.4,1003.3,7.6,0.3278554265973905,-4.688551036221174
2018-12-03 00:00:00,0.94,0.06,0.0,0.94,22.4,94.0,21.4,1003.1,8.3,1.3226185430791415e-15,-5.4
2018-12-03 01:00:00,0.76,0.04,0.0,0.75,22.1,95.0,21.3,1002.5,9.4,-0.7068421917498553,-5.756767679519667
2018-12-03 02:00:00,0.21,0.05,0.0,0.18,22.0,96.0,21.3,1002.1,10.4,-0.31924933308195735,-6.0916401620029
2018-12-03 03:00:00,0.02,0.01,0.01,0.0,22.0,96.0,21.2,1001.7,10.8,1.7640790772287933,-6.1520748540052415
2018-12-03 04:00:00,0.0,0.0,0.0,0.0,21.9,96.0,21.1,1001.8,11.9,2.101315561749644,-6.467184310807044
2018-12-03 05:00:00,0.11,0.06,0.02,0.49,22.1,94.0,21.2,1001.8,11.9,-1.0324674692655236,-6.518743047927909
2018-12-03 06:00:00,0.38,0.07,0.03,0.34,22.7,90.0,21.0,1002.6,13.0,-0.662383644882202,-7.571079705497266
2018-12-03 07:00:00,0.31,0.01,0.0,0.3,24.0,85.0,21.4,1003.2,18.4,-0.6766377953180154,-9.676371287520293
2018-12-03 08:00:00,0.37,0.0,0.0,0.37,25.5,79.0,21.5,1003.9,25.9,-3.1449846427956807,-12.613844441587954
2018-12-03 09:00:00,0.64,0.55,0.0,0.21,27.0,71.0,21.2,1004.5,36.7,-10.456907294902967,-15.50300260677928
2018-12-03 10:00:00,0.9,0.83,0.0,0.42,27.8,66.0,20.9,1004.4,39.2,-11.414171083385815,-16.301125681350936
2018-12-03 11:00:00,1.0,1.0,0.0,0.28,28.8,62.0,20.8,1003.5,38.9,-9.273587124081086,-14.840841682737453
2018-12-03 12:00:00,0.9,0.8,0.0,0.53,29.3,60.0,20.8,1002.4,34.9,-9.267951356541543,-12.29898685472831
2018-12-03 13:00:00,0.21,0.0,0.0,0.21,29.6,59.0,20.8,1001.1,31.3,-1.7051356689385164,-10.765802912487002
2018-12-03 14:00:00,0.91,0.87,0.0,0.27,30.6,55.0,20.4,999.9,25.2,-1.1393602496174229,-10.84028865951418
2018-12-03 15:00:00,0.91,0.91,0.0,0.0,30.2,56.0,20.6,999.7,23.8,-1.755442757464212,-9.030970087718508
2018-12-03 16:00:00,0.91,0.91,0.0,0.0,29.5,64.0,22.0,1000.1,18.7,-1.0577155672964973,-7.5260373224359345
2018-12-03 17:00:00,0.94,1.0,0.29,0.41,27.8,73.0,22.5,1000.7,13.3,-5.062776693988422,-2.1490212066910055
2018-12-03 18:00:00,0.15,0.05,0.1,0.09,26.9,74.0,21.8,1001.5,21.6,-12.6,-7.715274834628325e-16
2018-12-03 19:00:00,0.87,0.15,0.2,0.86,25.3,84.0,22.4,1002.5,22.7,-5.421022142882375,-1.7613968679372005
2018-12-03 20:00:00,0.98,0.83,0.71,0.96,24.8,88.0,22.6,1003.4,9.7,-3.5748714227020657,-2.8948737988292517
2018-12-03 21:00:00,0.99,0.63,0.93,0.96,25.1,87.0,22.7,1003.9,9.7,-4.276831316104166,-2.1791543987498248
2018-12-03 22:00:00,1.0,0.72,0.5,0.99,25.1,87.0,22.8,1004.1,13.7,-6.46168817957512,-5.048424097670398
2018-12-03 23:00:00,0.99,0.25,0.26,0.99,24.7,90.0,22.9,1004.0,14.4,-6.149493427364155,-4.6339756782707715
2018-12-04 00:00:00,0.95,0.16,0.21,0.94,24.7,89.0,22.8,1003.5,16.9,-4.383711467890775,-8.98794046299167
2018-12-04 01:00:00,0.97,0.49,0.32,0.96,24.1,90.0,22.4,1002.9,22.0,-5.040431557511631,-11.874512609536481
2018-12-04 02:00:00,0.99,0.57,0.73,0.97,23.5,92.0,22.1,1002.6,24.1,-7.549104196855083,-11.192007229493063
2018-12-04 03:00:00,0.98,0.41,0.34,0.97,23.2,93.0,22.1,1002.4,23.4,-4.962187045524762,-11.14525458323973
2018-12-04 04:00:00,0.96,0.84,0.26,0.93,23.1,94.0,22.0,1002.4,21.6,-2.8788705576360463,-11.546519142684359
2018-12-04 05:00:00,0.97,0.47,0.37,0.97,23.1,93.0,22.0,1002.6,20.5,-3.6336839561343464,-8.993683389297837
2018-12-04 06:00:00,0.98,0.5,0.79,0.96,23.2,94.0,22.2,1003.4,20.2,-2.872969203935617,-7.8934180146016315
2018-12-04 07:00:00,0.98,0.97,0.4,0.96,23.8,92.0,22.4,1004.3,19.1,-0.2896658226307581,-8.294943864258496
2018-12-04 08:00:00,0.96,0.64,0.18,0.94,24.8,87.0,22.5,1004.9,24.5,-5.040431557511631,-11.874512609536481
2018-12-04 09:00:00,0.96,0.75,0.37,0.94,26.0,83.0,22.9,1005.2,28.8,-6.478707566445293,-12.184676781453193
2018-12-04 10:00:00,0.96,0.88,0.34,0.93,26.6,81.0,23.1,1005.0,38.2,-4.766900247265242,-9.355568503977864
2018-12-04 11:00:00,0.97,0.85,0.23,0.95,27.1,81.0,23.6,1004.3,32.0,0.4134540543192605,-7.889173324561134
2018-12-04 12:00:00,0.96,0.42,0.39,0.95,26.8,82.0,23.4,1003.3,32.8,-10.436319227436822,-7.582429754572904
2018-12-04 13:00:00,0.97,0.32,0.57,0.95,27.2,82.0,24.0,1002.4,26.6,-3.211898789229316,-6.887939181478539
2018-12-04 14:00:00,0.97,0.32,0.22,0.96,26.9,82.0,23.5,1001.9,33.1,-10.426010937070336,-5.085105302753298
2018-12-04 15:00:00,0.99,0.89,0.33,0.99,27.0,82.0,23.6,1001.7,24.8,-5.356254835333226,-6.85569355637848
2018-12-04 16:00:00,1.0,0.01,0.1,1.0,26.0,85.0,23.4,1001.8,24.1,-4.98963653545486,-2.542346798541462
2018-12-04 17:00:00,1.0,0.13,0.07,1.0,26.2,85.0,23.5,1001.4,11.9,-1.079765060850552,-4.676976310969129
2018-12-04 18:00:00,0.99,0.07,0.04,0.99,25.1,90.0,23.4,1002.0,8.3,1.1511679911985121e-15,-4.7
2018-12-04 19:00:00,0.99,0.13,0.03,0.99,24.8,92.0,23.4,1002.8,7.6,9.797174393178826e-16,-4.0
2018-12-04 20:00:00,0.97,0.13,0.06,0.97,24.6,93.0,23.4,1003.8,7.9,-0.7097828148963337,-5.050367150582009
2018-12-04 21:00:00,0.99,0.31,0.25,0.99,24.2,94.0,23.2,1004.7,12.2,-0.7068421917498553,-5.756767679519667
2018-12-04 22:00:00,0.99,0.4,0.39,0.99,24.1,94.0,23.2,1005.0,15.5,-0.6794350112397476,-6.4643923198937765
2018-12-04 23:00:00,1.0,1.0,0.4,0.89,24.0,96.0,23.4,1004.7,15.8,-0.3401837155791349,-6.49109197590473
2018-12-05 00:00:00,0.95,0.66,0.25,0.93,24.1,96.0,23.5,1003.9,15.5,-0.721246396546809,-6.862201078041086
2018-12-05 01:00:00,0.99,0.98,0.41,0.95,23.8,97.0,23.2,1003.2,15.8,-2.921931428644114,-7.232034065620942
2018-12-05 02:00:00,0.93,0.9,0.23,0.53,23.9,96.0,23.2,1002.6,15.5,-0.7844016847289235,-8.96575228282571
2018-12-05 03:00:00,0.69,0.65,0.11,0.53,23.8,96.0,23.1,1002.4,15.5,-1.109011024986842,-9.032169979936029
2018-12-05 04:00:00,1.0,1.0,0.32,0.86,23.4,97.0,22.9,1002.5,15.5,-1.8221035401853065,-7.892397524760405
2018-12-05 05:00:00,1.0,1.0,0.25,0.94,23.7,96.0,23.0,1002.7,16.9,-3.221616703376843,-7.973781149274371
2018-12-05 06:00:00,0.94,0.73,0.12,0.91,24.1,94.0,23.1,1003.1,15.8,-1.060263287624783,-8.6351515192795
2018-12-05 07:00:00,0.99,0.99,0.2,0.9,24.7,93.0,23.5,1004.1,18.0,-3.296985135816762,-8.588939923774255
2018-12-05 08:00:00,0.99,0.99,0.19,0.93,25.6,90.0,23.9,1005.4,18.7,-4.29234604028896,-6.86918957886705
2018-12-05 09:00:00,1.0,0.93,0.2,0.99,26.8,83.0,23.6,1005.9,22.0,-4.981241083792126,-7.9716521038704045
2018-12-05 10:00:00,1.0,0.86,0.2,0.99,27.0,84.0,24.0,1005.4,24.1,-4.040515447681967,-7.929958065276475
2018-12-05 11:00:00,0.99,0.78,0.82,0.99,28.0,77.0,23.6,1004.7,25.6,-7.580077219869421,-6.825132184860354
2018-12-05 12:00:00,0.98,0.01,0.56,0.97,26.1,84.0,23.3,1003.3,29.5,-3.9858260519352022,-2.490620541896063
2018-12-05 13:00:00,0.98,0.35,0.28,0.97,27.0,80.0,23.4,1001.8,22.3,-8.621990754572435,-5.815606196095767
2018-12-05 14:00:00,0.97,0.28,0.2,0.96,27.8,76.0,23.2,1001.0,23.4,-6.149493427364155,-4.6339756782707715
2018-12-05 15:00:00,0.97,0.33,0.46,0.96,28.2,77.0,23.9,1000.6,25.6,-4.666904755831213,-4.666904755831213
2018-12-05 16:00:00,0.99,0.3,0.32,0.98,27.7,81.0,24.1,1000.9,25.2,-2.891410350820626,-6.811735915548059
2018-12-05 17:00:00,0.94,0.23,0.24,0.9,27.4,79.0,23.3,1001.3,22.0,-2.149021206691006,-5.062776693988422
2018-12-05 18:00:00,0.94,0.28,0.32,0.92,26.0,87.0,23.6,1002.0,9.4,-1.8159619989581872,-3.5640260967534716
2018-12-05 19:00:00,0.99,0.11,0.26,0.99,25.9,86.0,23.5,1002.9,6.1,-3.2819222547153015,-0.3449439287832564
2018-12-05 20:00:00,0.99,0.12,0.25,0.99,25.1,89.0,23.2,1003.4,7.9,-4.998560818879258,-1.4333142502483958
2018-12-05 21:00:00,0.98,0.32,0.19,0.97,24.9,91.0,23.2,1004.0,9.0,-2.1816432911085166,-3.935788682127281
2018-12-05 22:00:00,0.9,0.15,0.03,0.89,24.5,94.0,23.4,1003.9,8.6,1.0611580849203348,-3.96029588778518
2018-12-05 23:00:00,0.94,0.16,0.06,0.93,24.0,96.0,23.4,1003.8,6.5,0.7257656867990037,-2.9108871788279895
2018-12-06 00:00:00,0.99,0.32,0.06,0.99,23.8,97.0,23.2,1003.1,8.3,0.3278554265973905,-4.688551036221174
2018-12-06 01:00:00,0.96,0.33,0.13,0.96,23.6,97.0,23.1,1002.4,8.3,1.1511679911985121e-15,-4.7
2018-12-06 02:00:00,0.88,0.2,0.05,0.87,23.5,98.0,23.1,1001.6,9.4,-0.40458754771592675,-5.78587149150698
2018-12-06 03:00:00,0.95,0.08,0.02,0.95,23.5,97.0,23.0,1001.4,10.8,-1.484676958669509,-6.430842427582553
2018-12-06 04:00:00,0.98,0.21,0.03,0.98,23.5,96.0,22.9,1001.5,13.0,-2.1775351109542935,-7.59396739791272
2018-12-06 05:00:00,0.96,0.36,0.09,0.73,23.5,94.0,22.5,1001.9,13.7,-4.333068166694748,-5.750175672340508
2018-12-06 06:00:00,0.91,0.34,0.11,0.88,23.8,94.0,22.8,1002.6,13.7,-3.6324027044213842,-4.64926344627966
2018-12-06 07:00:00,0.96,0.34,0.15,0.94,24.5,91.0,23.0,1003.6,15.1,-4.6339756782707715,-6.149493427364155
2018-12-06 08:00:00,0.97,0.31,0.09,0.96,25.4,89.0,23.5,1004.2,20.2,-4.995869326627525,-8.31452281681049
2018-12-06 09:00:00,0.98,0.4,0.14,0.97,26.4,87.0,24.0,1004.5,23.0,-3.2231247291258516,-9.360633898433237
2018-12-06 10:00:00,0.93,0.89,0.35,0.8,28.0,79.0,24.0,1004.2,30.6,-2.232465245905574,-11.485038046337667
2018-12-06 11:00:00,0.96,0.87,0.73,0.8,28.4,75.0,23.5,1003.1,30.6,-3.93323164824519,-10.806465139037947
2018-12-06 12:00:00,0.4,0.05,0.2,0.29,28.8,74.0,23.8,1001.8,29.2,-8.31452281681049,-4.995869326627525
2018-12-06 13:00:00,0.29,0.19,0.24,0.02,29.3,74.0,24.1,1000.4,29.5,-8.939931253174443,-2.904759747124506
2018-12-06 14:00:00,0.29,0.15,0.22,0.11,29.5,73.0,24.2,999.2,30.6,-7.947845481490627,-3.5386087947594613
2018-12-06 15:00:00,0.25,0.16,0.2,0.03,29.5,71.0,23.8,999.1,29.2,-5.772490067120011,-3.199743493625825
2018-12-06 16:00:00,0.33,0.18,0.28,0.06,29.2,70.0,23.2,999.4,25.6,-5.385980316439453,-2.863776532993934
2018-12-06 17:00:00,0.55,0.07,0.12,0.77,28.4,74.0,23.4,999.8,20.9,-5.086367523815789,-1.0811407922523493
2018-12-06 18:00:00,0.9,0.12,0.26,0.85,27.0,80.0,23.1,1001.0,9.0,-5.0,-3.061616997868383e-16
2018-12-06 19:00:00,0.9,0.32,0.28,0.87,26.2,83.0,23.1,1002.1,11.5,-5.750175672340507,4.333068166694749
2018-12-06 20:00:00,0.89,0.21,0.05,0.86,25.5,86.0,23.0,1002.9,13.3,-6.869189578867051,4.292346040288959
2018-12-06 21:00:00,0.86,0.18,0.1,0.84,25.0,87.0,22.7,1003.6,15.5,-7.969557584733964,-0.6972459419812651
2018-12-06 22:00:00,0.81,0.15,0.08,0.78,24.2,91.0,22.7,1003.6,13.3,-0.3278554265973889,-4.688551036221174
2018-12-06 23:00:00,0.73,0.14,0.03,0.69,23.9,94.0,22.9,1003.6,9.0,1.7918397477265038,-4.667902132486008
2018-12-07 00:00:00,0.74,0.09,0.02,0.73,23.5,96.0,22.9,1003.0,7.9,0.688311646177017,-4.345828698618606
2018-12-07 01:00:00,0.54,0.03,0.01,0.52,23.2,97.0,22.6,1002.4,7.2,-0.3278554265973889,-4.688551036221174
2018-12-07 02:00:00,0.5,0.08,0.01,0.46,23.0,97.0,22.5,1001.9,7.9,-0.35575801609503904,-5.087576656325103
2018-12-07 03:00:00,0.6,0.06,0.01,0.57,22.9,96.0,22.2,1001.5,11.5,-0.7526049355271051,-7.160557646651568
2018-12-07 04:00:00,0.63,0.03,0.0,0.63,22.8,96.0,22.0,1001.7,14.4,-0.7582549619046259,-8.666893873398186
2018-12-07 05:00:00,0.71,0.13,0.01,0.03,23.1,94.0,22.0,1001.9,16.2,-2.092044805397945,-9.06164160250269
2018-12-07 06:00:00,0.37,0.35,0.0,0.04,23.6,91.0,22.0,1002.6,16.9,-1.458644692402215,-8.272385125302547
2018-12-07 07:00:00,0.35,0.29,0.0,0.08,25.0,87.0,22.5,1003.3,18.0,-1.1455718280083864,-9.329933825428427
2018-12-07 08:00:00,0.59,0.57,0.0,0.03,26.4,79.0,22.4,1003.9,32.0,-8.299999999999999,-14.376021702821683
2018-12-07 09:00:00,0.65,0.65,0.0,0.0,27.7,71.0,22.0,1004.1,32.4,-10.132058295902382,-12.512049979457233
2018-12-07 10:00:00,0.52,0.43,0.13,0.16,28.5,68.0,22.0,1003.8,32.0,-9.29648827741744,-11.8989623794615
2018-12-07 11:00:00,0.77,0.26,0.15,0.69,29.0,65.0,21.9,1003.3,31.3,-8.666136333389495,-11.500351344681016
2018-12-07 12:00:00,0.53,0.42,0.44,0.09,29.1,66.0,22.1,1002.6,31.0,-10.414992207074254,-9.053614600069
2018-12-07 13:00:00,0.37,0.09,0.36,0.0,29.0,69.0,22.8,1001.4,31.3,-8.323222045346816,-7.494262791219212
2018-12-07 14:00:00,0.56,0.17,0.23,0.49,29.4,70.0,23.2,1000.6,31.7,-4.738350289172498,-7.8859391664594325
2018-12-07 15:00:00,0.77,0.04,0.48,0.57,27.6,76.0,23.0,1000.4,32.4,-8.625263508510763,-6.4996022500421216
2018-12-07 16:00:00,0.69,0.1,0.24,0.6,27.9,76.0,23.2,1000.6,23.0,-6.440453362786736,-1.8467702839738944
2018-12-07 17:00:00,0.66,0.1,0.27,0.74,27.2,79.0,23.2,1000.6,22.0,-7.217009115376547,-3.2132194802988217
2018-12-07 18:00:00,0.74,0.05,0.23,0.67,26.4,82.0,23.0,1001.5,15.1,-6.162892951849219,-2.873804179836756
2018-12-07 19:00:00,0.52,0.11,0.18,0.41,25.4,87.0,23.1,1002.6,11.2,-4.32637281122647,-1.8364363038995866
2018-12-07 20:00:00,0.45,0.09,0.17,0.35,24.9,92.0,23.4,1003.7,7.6,-4.36478950439999,-4.6806636903626915
2018-12-07 21:00:00,0.91,0.11,0.24,0.89,24.4,94.0,23.3,1004.5,7.6,1.4940690949597709e-15,-6.1
2018-12-07 22:00:00,0.98,0.2,0.33,0.97,23.9,92.0,22.5,1004.6,12.6,3.9634444034305507,-3.209533994354171
2018-12-07 23:00:00,0.99,0.84,0.39,0.97,23.5,96.0,22.8,1004.9,11.9,1.8159619989581879,-3.564026096753471
2018-12-08 00:00:00,1.0,1.0,0.39,0.92,23.4,96.0,22.8,1004.4,9.4,1.8364363038995872,-4.326372811226469
2018-12-08 01:00:00,0.5,0.01,0.37,0.23,23.4,96.0,22.7,1003.7,11.9,3.2393537832226467,-6.092338390726597
2018-12-08 02:00:00,0.26,0.02,0.23,0.03,23.1,96.0,22.4,1003.0,11.9,1.4333142502483947,-4.998560818879258
2018-12-08 03:00:00,0.53,0.11,0.07,0.46,22.9,96.0,22.2,1002.6,8.6,0.7515347451843558,-5.34744757120448
2018-12-08 04:00:00,0.19,0.16,0.04,0.04,22.9,96.0,22.2,1002.6,9.7,1.1257730727216135,-5.791600382341218
2018-12-08 05:00:00,0.22,0.32,0.03,0.45,23.5,92.0,22.1,1002.6,12.6,-1.1455718280083864,-9.329933825428427
2018-12-08 06:00:00,0.58,0.19,0.05,0.47,23.9,90.0,22.2,1003.6,19.1,-0.7533699164365533,-10.773691742806102
2018-12-08 07:00:00,0.51,0.21,0.03,0.38,24.8,88.0,22.7,1004.3,20.9,-0.7812725059342034,-11.17271736291003
2018-12-08 08:00:00,0.55,0.26,0.01,0.4,26.2,81.0,22.7,1005.1,33.1,-5.17497917359244,-16.926594180545727
2018-12-08 09:00:00,0.57,0.24,0.01,0.5,27.4,75.0,22.5,1005.5,35.3,-7.199238582441663,-16.169754600274036
2018-12-08 10:00:00,0.6,0.33,0.11,0.5,28.3,70.0,22.2,1005.1,34.9,-8.299999999999999,-14.376021702821683
2018-12-08 11:00:00,0.64,0.23,0.27,0.48,29.2,65.0,21.9,1004.5,33.8,-8.240609198560866,-13.714676811233797
2018-12-08 12:00:00,0.52,0.11,0.29,0.31,29.9,61.0,21.6,1003.3,32.8,-8.319732448461316,-13.314355109655887
2018-12-08 13:00:00,0.51,0.16,0.31,0.29,30.0,60.0,21.4,1002.3,32.4,-9.789017457677968,-12.529370982346878
2018-12-08 14:00:00,0.57,0.16,0.3,0.37,30.0,60.0,21.4,1001.5,31.7,-9.29648827741744,-11.8989623794615
2018-12-08 15:00:00,0.49,0.15,0.26,0.31,29.6,63.0,21.7,1001.0,30.2,-9.377888001196464,-9.711087304571791
2018-12-08 16:00:00,0.72,0.06,0.16,0.67,29.1,67.0,22.2,1001.0,26.3,-8.323222045346816,-7.494262791219212
2018-12-08 17:00:00,0.77,0.06,0.13,0.92,27.9,70.0,22.0,1001.7,20.5,-4.015035054457322,-5.7340643100229425
2018-12-08 18:00:00,0.97,0.05,0.1,0.96,25.9,78.0,21.8,1002.2,12.2,-3.6442685642133337,-5.0159053651246746
2018-12-08 19:00:00,0.93,0.06,0.12,0.91,25.6,79.0,21.6,1003.2,9.0,-4.314986839553106,-4.023790324368742
2018-12-08 20:00:00,0.94,0.11,0.08,0.93,25.0,82.0,21.7,1004.2,9.4,-5.0229473419497435,-2.9000000000000004
2018-12-08 21:00:00,0.88,0.01,0.04,0.87,24.3,86.0,21.9,1004.7,9.4,-4.3109953772862175,-2.9078030980478835
2018-12-08 22:00:00,0.85,0.0,0.01,0.85,24.0,88.0,21.9,1004.8,9.0,-4.023790324368742,-4.314986839553106
2018-12-08 23:00:00,0.83,0.0,0.0,0.82,23.8,89.0,21.8,1004.8,14.0,-5.821436275322066,-6.46535998165333
2018-12-09 00:00:00,0.79,0.0,0.0,0.79,23.4,89.0,21.5,1004.5,14.8,-6.143371093601032,-5.728786224524987
2018-12-09 01:00:00,0.82,0.0,0.0,0.82,22.9,91.0,21.4,1003.7,15.1,-4.716281451675524,-7.547628055792192
2018-12-09 02:00:00,0.88,0.06,0.0,0.87,22.5,92.0,21.2,1003.1,16.2,-2.159530121701104,-9.353952621938259
2018-12-09 03:00:00,0.92,0.03,0.0,0.92,22.4,94.0,21.3,1002.8,16.9,-0.6766377953180154,-9.676371287520293
2018-12-09 04:00:00,0.94,0.02,0.0,0.94,22.2,94.0,21.2,1002.8,18.7,0.7533699164365569,-10.773691742806102
2018-12-09 05:00:00,0.73,0.27,0.0,0.81,22.5,95.0,21.5,1002.5,19.8,2.645237086158283e-15,-10.8
2018-12-09 06:00:00,1.0,0.98,0.0,0.85,22.9,92.0,21.5,1003.5,19.8,-0.3385251180142594,-9.694091022085228
2018-12-09 07:00:00,0.88,0.74,0.0,0.54,24.2,86.0,21.7,1004.5,18.4,0.6766377953180186,-9.676371287520293
2018-12-09 08:00:00,0.72,0.49,0.0,0.47,25.5,81.0,21.9,1005.1,25.2,-1.4006814077865566,-13.326593397934863
2018-12-09 09:00:00,0.3,0.2,0.0,0.12,26.9,73.0,21.6,1005.5,35.6,-6.092255142270105,-15.870867250452429
2018-12-09 10:00:00,0.52,0.36,0.06,0.26,28.1,65.0,21.0,1005.3,35.3,-8.035631845389979,-15.77081547813411
2018-12-09 11:00:00,0.6,0.31,0.38,0.32,28.8,63.0,21.1,1004.7,35.6,-8.027963723638733,-15.098403837887652
2018-12-09 12:00:00,0.4,0.16,0.37,0.0,29.0,64.0,21.4,1003.7,35.6,-9.273587124081086,-14.840841682737453
2018-12-09 13:00:00,0.37,0.11,0.28,0.11,29.5,61.0,21.2,1002.6,34.6,-9.003005745879026,-13.347504918136172
2018-12-09 14:00:00,0.19,0.08,0.17,0.0,30.0,58.0,20.9,1001.9,32.0,-8.60364654526569,-12.287280664334878
2018-12-09 15:00:00,0.85,0.3,0.16,0.78,30.0,57.0,20.5,1001.2,29.9,-7.87632238071914,-10.840827724624296
2018-12-09 16:00:00,0.91,0.03,0.53,0.82,28.8,65.0,21.5,1001.4,25.9,-9.02104915954472,-3.2833933759264204
2018-12-09 17:00:00,0.94,0.25,0.17,0.82,27.5,71.0,21.7,1001.4,17.6,-10.46617932785172,2.2246550917500247
2018-12-09 18:00:00,0.98,0.39,0.26,0.96,26.4,74.0,21.5,1002.2,19.8,-8.666893873398186,0.7582549619046266
2018-12-09 19:00:00,0.99,0.02,0.02,0.99,25.4,79.0,21.5,1003.1,15.1,-5.050367150582009,-0.7097828148963339
2018-12-09 20:00:00,0.97,0.01,0.02,0.97,24.1,86.0,21.7,1004.0,9.4,-7.6,-4.653657836759942e-16
2018-12-09 21:00:00,1.0,0.07,0.02,1.0,23.6,89.0,21.7,1004.8,9.0,-7.185941174554808,2.4743179738743906
2018-12-09 22:00:00,0.94,0.01,0.01,0.94,24.0,86.0,21.5,1005.2,8.6,-5.388744221607771,-3.634753872559854
2018-12-09 23:00:00,0.97,0.04,0.0,0.96,23.4,89.0,21.4,1005.2,7.9,-2.9055391983331,-5.702441754805555
2018-12-10 00:00:00,1.0,0.04,0.0,1.0,22.4,93.0,21.2,1004.8,8.3,0.7068421917498539,-5.756767679519668
2018-12-10 01:00:00,0.99,0.03,0.0,0.99,22.2,94.0,21.2,1003.9,8.6,0.7515347451843558,-5.34744757120448
2018-12-10 02:00:00,0.97,0.01,0.0,0.97,22.1,95.0,21.2,1003.2,10.1,1.4940690949597709e-15,-6.1
2018-12-10 03:00:00,0.97,0.0,0.0,0.97,21.6,96.0,20.9,1002.9,10.1,0.37668495821827847,-5.386845871403051
2018-12-10 04:00:00,0.95,0.0,0.0,0.95,20.9,97.0,20.4,1002.9,9.0,0.3977532674463772,-7.589584464134761
2018-12-10 05:00:00,0.98,0.0,0.0,0.98,21.8,95.0,20.9,1002.8,9.4,1.1257730727216135,-5.791600382341218
2018-12-10 06:00:00,0.99,0.0,0.0,1.0,22.2,92.0,20.9,1003.6,11.5,-0.721246396546809,-6.862201078041086
2018-12-10 07:00:00,1.0,0.0,0.0,1.0,23.5,87.0,21.3,1004.7,14.8,-3.6149310334513594,-6.798696465013738
2018-12-10 08:00:00,0.99,0.0,0.0,0.99,25.4,79.0,21.4,1005.5,20.9,-4.995869326627525,-8.31452281681049
2018-12-10 09:00:00,1.0,0.08,0.0,1.0,26.6,72.0,21.1,1005.6,26.3,-5.435802220184561,-11.145046174109671
2018-12-10 10:00:00,1.0,0.18,0.0,1.0,27.5,68.0,21.1,1005.5,27.0,-5.357087896926653,-10.513876985422742
2018-12-10 11:00:00,0.94,0.23,0.0,0.93,28.2,65.0,21.1,1004.5,26.3,-4.605691392340202,-8.30888721782426
2018-12-10 12:00:00,0.7,0.16,0.0,0.65,29.0,62.0,21.0,1003.4,23.0,-4.014873486536644,-8.609923976848174
2018-12-10 13:00:00,0.48,0.05,0.0,0.46,29.8,59.0,21.0,1002.2,24.1,-3.9860191021428424,-8.95274548489749
2018-12-10 14:00:00,0.5,0.09,0.0,0.45,30.1,58.0,21.0,1001.4,23.4,-4.363286582217033,-7.871577364254562
2018-12-10 15:00:00,0.08,0.08,0.0,0.0,30.0,58.0,20.8,1000.8,21.2,-5.717242719944458,-7.587037345449282
2018-12-10 16:00:00,0.02,0.01,0.0,0.01,29.6,60.0,20.9,1000.9,20.5,-5.811263767715345,-5.051654523226906
2018-12-10 17:00:00,0.02,0.0,0.01,0.88,27.8,76.0,23.2,1001.1,14.4,-3.2360929164157644,-1.7937955949114475
2018-12-10 18:00:00,0.53,0.0,0.01,0.53,27.0,70.0,21.1,1001.6,6.8,-3.2360929164157644,-1.7937955949114475
2018-12-10 19:00:00,0.44,0.0,0.01,0.43,25.1,82.0,21.8,1002.5,5.4,-4.685893304218874,1.4326213531414098
2018-12-10 20:00:00,0.93,0.0,0.0,0.93,24.3,86.0,21.8,1003.4,6.5,-5.4091846272187825,1.4493866525741166
2018-12-10 21:00:00,0.93,0.0,0.0,0.93,23.4,90.0,21.5,1004.2,8.6,-5.421022142882376,1.7613968679371999
2018-12-10 22:00:00,0.73,0.0,0.0,0.73,22.6,93.0,21.5,1004.3,8.6,-4.676976310969129,1.079765060850552
2018-12-10 23:00:00,0.87,0.0,0.0,0.87,22.8,92.0,21.4,1004.2,7.9,-2.1631599146222276,-3.600102662948872
2018-12-11 00:00:00,0.94,0.0,0.0,0.94,21.5,97.0,21.0,1003.9,7.2,-1.484676958669509,-6.430842427582553
2018-12-11 01:00:00,0.87,0.0,0.0,0.87,21.4,97.0,20.9,1003.3,8.3,-2.1727182418122895,-5.377666356487367
2018-12-11 02:00:00,0.45,0.0,0.0,0.45,21.5,97.0,20.9,1002.6,8.6,-1.4493866525741161,-5.4091846272187825
2018-12-11 03:00:00,0.04,0.0,0.0,0.04,21.3,97.0,20.8,1002.5,10.1,-2.2218812871808615,-5.788198644282651
2018-12-11 04:00:00,0.04,0.0,0.0,0.04,21.0,97.0,20.5,1002.8,11.5,-1.484676958669509,-6.430842427582553
2018-12-11 05:00:00,0.11,0.0,0.0,0.04,20.5,97.0,20.0,1003.0,11.2,-2.5357095704441965,-5.437846722219899
2018-12-11 06:00:00,0.66,0.0,0.0,0.66,20.5,97.0,20.0,1003.9,8.3,-4.329989591337347,-4.981083229470295
2018-12-11 07:00:00,0.81,0.01,0.0,0.81,22.4,88.0,20.4,1004.9,10.1,-2.524212048835199,-3.2308440897875594
2018-12-11 08:00:00,0.97,0.16,0.0,0.96,24.2,82.0,20.9,1006.0,17.6,-4.361704647071826,-6.466493065929326
2018-12-11 09:00:00,1.0,0.65,0.0,1.0,26.5,71.0,20.8,1006.1,25.9,-5.357087896926653,-10.513876985422742
2018-12-11 10:00:00,1.0,0.84,0.0,1.0,27.6,66.0,20.6,1005.9,26.6,-7.288537128426667,-10.031810730249349
2018-12-11 11:00:00,1.0,0.65,0.0,0.99,28.5,61.0,20.2,1005.2,28.1,-8.227681403987702,-9.80536887192292
2018-12-11 12:00:00,1.0,0.95,0.0,0.99,28.9,59.0,20.1,1004.1,28.1,-8.683229630737465,-8.99174750423314
2018-12-11 13:00:00,0.65,0.65,0.0,0.01,29.1,58.0,20.0,1003.0,27.7,-7.57177623800307,-7.8408038236912985
2018-12-11 14:00:00,0.45,0.45,0.0,0.0,29.8,54.0,19.4,1001.9,23.8,-5.46640284632,-7.523858047687012
2018-12-11 15:00:00,0.51,0.0,0.0,0.51,29.9,54.0,19.6,1001.1,21.2,-4.971631089293716,-6.139453095510071
2018-12-11 16:00:00,0.0,0.0,0.0,0.0,29.5,56.0,19.8,1001.3,17.6,-5.420413862312148,-3.93816119035957
2018-12-11 17:00:00,0.01,0.0,0.01,0.01,27.6,81.0,24.0,1001.6,13.0,-5.062776693988422,2.149021206691006
2018-12-11 18:00:00,0.32,0.0,0.01,0.31,24.9,81.0,21.4,1002.1,8.3,-5.750175672340507,4.333068166694749
2018-12-11 19:00:00,0.69,0.0,0.01,0.69,24.0,84.0,21.1,1003.0,8.6,-2.9055391983331003,5.702441754805554
2018-12-11 20:00:00,0.74,0.0,0.04,0.73,23.5,85.0,20.9,1004.0,7.9,-1.0611580849203361,3.9602958877851795
2018-12-11 21:00:00,0.45,0.0,0.02,0.44,22.6,91.0,21.0,1004.8,6.8,-1.8159619989581874,3.564026096753471
2018-12-11 22:00:00,0.57,0.0,0.01,0.56,22.0,94.0,21.0,1005.1,7.2,-2.490620541896064,3.9858260519352022
2018-12-11 23:00:00,0.44,0.0,0.0,0.44,22.6,90.0,20.9,1005.2,7.6,-0.3449439287832573,3.2819222547153015
2018-12-12 00:00:00,0.0,0.0,0.0,0.0,21.1,97.0,20.5,1004.7,4.0,2.166534083347374,-2.875087836170254
2018-12-12 01:00:00,0.0,0.0,0.0,0.0,20.6,98.0,20.4,1004.2,5.4,1.0886485301985054,-4.366330768241984
2018-12-12 02:00:00,0.0,0.0,0.0,0.0,21.0,99.0,20.8,1003.8,5.4,0.7166571251241973,-2.499280409439629
2018-12-12 03:00:00,1.0,1.0,0.0,0.0,20.2,100.0,20.2,1003.6,3.2,2.5,4.592425496802574e-16
2018-12-12 04:00:00,1.0,1.0,0.0,0.0,20.2,100.0,20.2,1003.6,9.0,4.310995377286217,-2.9078030980478844
2018-12-12 05:00:00,1.0,0.0,0.0,0.0,20.9,98.0,20.5,1003.8,10.1,1.4333142502483947,-4.998560818879258
2018-12-12 06:00:00,0.08,0.0,0.0,0.08,21.3,97.0,20.8,1004.4,10.8,0.688311646177017,-4.345828698618606
2018-12-12 07:00:00,0.28,0.0,0.0,0.28,23.1,90.0,21.4,1005.2,9.7,0.34494392878325625,-3.2819222547153015
2018-12-12 08:00:00,0.89,0.0,0.0,0.89,25.1,82.0,21.8,1006.1,14.4,-0.35575801609503904,-5.087576656325103
2018-12-12 09:00:00,0.79,0.0,0.0,0.78,26.6,76.0,22.0,1006.1,18.7,-2.4967470462773815,-6.859756131737131
2018-12-12 10:00:00,0.15,0.05,0.0,0.13,27.9,71.0,22.1,1006.0,21.6,-3.5386087947594613,-7.947845481490627
2018-12-12 11:00:00,0.16,0.14,0.1,0.0,29.2,64.0,21.8,1005.3,24.8,-4.585304047369423,-8.999165894302516
2018-12-12 12:00:00,0.82,0.07,0.08,0.81,30.0,59.0,21.1,1004.3,24.8,-4.716281451675524,-7.547628055792192
2018-12-12 13:00:00,0.92,0.11,0.14,0.9,30.8,54.0,20.5,1003.3,22.3,-5.412017391981862,-5.046787864462489
2018-12-12 14:00:00,0.91,0.04,0.23,0.89,31.0,53.0,20.2,1002.7,19.8,-6.887939181478539,-3.211898789229316
2018-12-12 15:00:00,0.93,0.01,0.19,0.92,30.6,55.0,20.6,1002.2,19.1,-7.6000865053248345,-1.7546182238821464
2018-12-12 16:00:00,0.98,0.03,0.16,0.98,30.0,58.0,20.9,1002.5,18.0,-7.6,-4.653657836759942e-16
2018-12-12 17:00:00,0.98,0.01,0.1,0.94,28.8,80.0,25.1,1002.5,15.1,-2.499280409439629,0.7166571251241975
2018-12-12 18:00:00,0.99,0.03,0.09,0.98,27.5,73.0,22.2,1003.1,4.3,-3.580278823325784,0.3763024677635528
2018-12-12 19:00:00,0.98,0.06,0.08,0.97,25.5,85.0,22.9,1004.0,6.8,-5.385980316439453,2.8637765329939344
2018-12-12 20:00:00,0.98,0.02,0.02,0.98,25.2,85.0,22.5,1005.1,7.6,-1.7489675652259418,3.9282454678631833
2018-12-12 21:00:00,0.99,0.0,0.03,0.99,24.2,91.0,22.6,1005.6,9.0,-1.433314250248396,4.998560818879258
2018-12-12 22:00:00,0.99,0.05,0.11,0.99,23.6,94.0,22.6,1006.0,13.0,-2.891410350820626,6.811735915548059
2018-12-12 23:00:00,0.99,0.07,0.09,0.99,23.2,96.0,22.5,1005.7,13.3,-6.613092715395707e-16,5.4
2018-12-13 00:00:00,0.98,0.04,0.04,0.97,22.9,97.0,22.4,1005.2,9.4,0.6945927106677219,3.939231012048832
2018-12-13 01:00:00,0.97,0.12,0.06,0.96,22.5,98.0,22.1,1004.9,6.5,1.4493866525741164,5.4091846272187825
2018-12-13 02:00:00,0.97,0.2,0.09,0.97,23.1,96.0,22.4,1004.6,7.2,-0.3449439287832573,3.2819222547153015
2018-12-13 03:00:00,0.97,0.16,0.06,0.96,22.8,98.0,22.4,1004.4,4.0,-0.33991869381244216,-1.0461621679246689
2018-12-13 04:00:00,0.98,0.03,0.12,0.98,22.2,99.0,22.1,1004.5,6.1,-2.166534083347374,-2.875087836170254
2018-12-13 05:00:00,1.0,1.0,0.15,0.99,22.0,100.0,22.0,1004.6,7.2,-2.8678964048465336,-2.4930243101639276
2018-12-13 06:00:00,1.0,1.0,0.27,0.99,22.4,100.0,22.4,1005.3,8.3,-1.0549740469210394,-2.485363104321589
2018-12-13 07:00:00,1.0,0.5,0.47,1.0,24.4,90.0,22.7,1006.1,13.0,-1.4273391840380396,-5.7247447850283795
2018-12-13 08:00:00,0.99,0.21,0.46,0.98,25.4,86.0,22.8,1006.8,16.9,-2.5085756468171017,-6.535062985480412
2018-12-13 09:00:00,0.98,0.1,0.4,0.96,26.4,79.0,22.5,1007.0,18.0,-2.2249223594996215,-6.8476069173251055
2018-12-13 10:00:00,0.96,0.06,0.0,0.96,27.6,72.0,22.0,1006.6,19.1,-2.891410350820626,-6.811735915548059
2018-12-13 11:00:00,0.95,0.09,0.01,0.95,29.0,64.0,21.6,1005.5,20.5,-2.891410350820626,-6.811735915548059
2018-12-13 12:00:00,0.96,0.04,0.07,0.95,30.0,59.0,21.1,1004.2,20.9,-3.9142893693164114,-6.5144714853360535
2018-12-13 13:00:00,0.93,0.03,0.13,0.91,30.5,56.0,20.7,1003.2,23.4,-7.54709580222772,-6.560590289905073
2018-12-13 14:00:00,0.95,0.02,0.25,0.94,30.5,56.0,20.7,1002.5,24.8,-9.393110360988748,-6.099957192168303
2018-12-13 15:00:00,0.98,0.0,0.19,0.97,30.4,57.0,20.9,1002.0,24.5,-7.9716521038704045,-4.981241083792126
2018-12-13 16:00:00,0.84,0.01,0.11,0.82,29.7,60.0,21.1,1002.0,20.2,-8.320563465273988,-2.8649997592229797
2018-12-13 17:00:00,0.87,0.05,0.18,1.0,28.3,69.0,22.0,1002.6,16.9,-4.998560818879258,-1.4333142502483958
2018-12-13 18:00:00,0.98,0.04,0.21,0.97,26.6,76.0,22.1,1003.5,8.6,-4.366330768241984,1.088648530198505
2018-12-13 19:00:00,0.92,0.01,0.1,0.91,25.9,80.0,22.0,1004.1,7.2,-4.326372811226469,1.8364363038995868
2018-12-13 20:00:00,0.68,0.03,0.06,0.65,25.3,80.0,21.6,1005.1,11.5,-6.858073366652385,1.837615220227898
2018-12-13 21:00:00,0.96,0.0,0.04,0.95,24.7,84.0,21.9,1005.6,12.2,-5.791600382341218,1.1257730727216144
2018-12-13 22:00:00,0.94,0.0,0.03,0.94,23.4,93.0,22.2,1005.5,10.1,-6.5,-3.9801020972288977e-16
2018-12-13 23:00:00,0.79,0.0,0.02,0.79,23.6,91.0,22.0,1005.3,7.6,-1.421478174124758,-4.3748599749577055
2018-12-14 00:00:00,0.99,0.13,0.01,0.99,22.7,95.0,21.9,1004.9,5.8,-1.4326213531414103,-4.685893304218874
2018-12-14 01:00:00,0.99,0.1,0.02,0.99,22.4,97.0,21.9,1004.4,6.5,1.3226185430791415e-15,-5.4
2018-12-14 02:00:00,0.99,0.09,0.1,0.99,22.6,95.0,21.9,1004.0,6.5,2.5237363199446046,-3.604268994871563
2018-12-14 03:00:00,0.99,0.11,0.14,0.99,21.7,98.0,21.4,1004.2,5.8,-5.3989495089621515,-1.049449474570997
2018-12-14 04:00:00,0.85,0.18,0.1,0.83,21.6,99.0,21.5,1004.5,6.8,-5.437846722219899,-2.5357095704441965
2018-12-14 05:00:00,0.49,0.05,0.01,0.22,22.2,97.0,21.6,1004.3,7.6,-5.062776693988422,-2.1490212066910055
2018-12-14 06:00:00,0.1,0.09,0.02,0.01,22.5,93.0,21.4,1004.7,11.2,-3.9641832724372428,-2.8801477362331185
2018-12-14 07:00:00,0.15,0.13,0.02,0.01,23.9,86.0,21.3,1005.7,14.4,-2.4967470462773815,-6.859756131737131
2018-12-14 08:00:00,0.07,0.05,0.02,0.01,25.6,77.0,21.4,1006.3,21.2,-1.7191169589026103,-9.74959675482086
2018-12-14 09:00:00,0.02,0.0,0.02,0.0,27.0,69.0,21.0,1006.2,22.3,-2.153104870837043,-8.635631963856369
2018-12-14 10:00:00,0.07,0.07,0.02,0.0,28.1,64.0,20.6,1005.6,22.7,-2.153104870837043,-8.635631963856369
2018-12-14 11:00:00,0.05,0.04,0.01,0.0,29.0,62.0,21.0,1004.8,23.0,2.1063924945334474e-15,-8.6
2018-12-14 12:00:00,0.08,0.08,0.0,0.0,30.0,59.0,21.2,1004.0,22.7,-1.4553818357243153,-6.84703320513664
2018-12-14 13:00:00,0.05,0.05,0.0,0.0,30.8,55.0,20.5,1003.0,20.2,-3.5875911898228945,-6.472185832831529
2018-12-14 14:00:00,0.29,0.02,0.04,0.26,30.9,52.0,20.0,1002.0,21.2,-5.356254835333226,-6.85569355637848
2018-12-14 15:00:00,0.72,0.0,0.04,0.71,30.9,50.0,19.4,1001.4,20.9,-3.2039952536120446,-7.54813979831001
2018-12-14 16:00:00,1.0,0.0,0.0,1.0,30.4,51.0,19.2,1001.4,18.4,-3.5499999999999994,-6.148780366869515
2018-12-14 17:00:00,0.79,0.0,0.01,0.78,28.1,62.0,20.1,1001.5,13.3,-6.145870741395559,-2.116193003971519
2018-12-14 18:00:00,0.86,0.0,0.01,0.86,25.6,69.0,19.5,1002.3,10.8,-6.430842427582553,-1.4846769586695083
2018-12-14 19:00:00,0.98,0.0,0.01,0.98,24.7,73.0,19.6,1003.6,10.1,-7.165878439167947,1.392905666248777
2018-12-14 20:00:00,0.98,0.0,0.01,0.98,24.1,78.0,20.0,1004.6,9.7,-4.31335136523794,4.313351365237939
2018-12-14 21:00:00,0.98,0.0,0.0,0.98,23.5,84.0,20.7,1005.3,8.6,-0.6883116461770163,4.345828698618606
2018-12-14 22:00:00,0.98,0.0,0.0,0.98,22.6,93.0,21.5,1005.3,7.6,3.2360929164157652,1.7937955949114464
2018-12-14 23:00:00,0.94,0.0,0.0,0.94,22.3,93.0,21.1,1005.3,5.0,1.460965714322058,-3.6160170328104706
2018-12-15 00:00:00,0.92,0.04,0.0,0.92,22.0,92.0,20.6,1004.8,6.1,2.1976149610516362,-4.71280049259058
2018-12-15 01:00:00,0.95,0.03,0.0,0.95,21.7,91.0,20.1,1003.9,7.2,4.012982057577931,-3.6133052743378324
2018-12-15 02:00:00,0.9,0.0,0.0,0.9,21.9,88.0,19.8,1003.1,8.3,4.667902132486009,-1.791839747726502
2018-12-15 03:00:00,0.94,0.0,0.0,0.94,22.6,83.0,19.5,1002.9,8.6,2.907803098047882,-4.3109953772862175
2018-12-15 04:00:00,0.96,0.0,0.0,0.96,21.2,91.0,19.8,1002.8,9.4,-3.2095339943541705,-3.963444403430551
2018-12-15 05:00:00,0.89,0.02,0.0,0.73,21.9,91.0,20.4,1003.1,10.1,-1.0237024846032388,-8.337387673787106
2018-12-15 06:00:00,0.65,0.0,0.0,0.65,21.9,90.0,20.2,1003.4,15.5,-0.7352419856890852,-4.6421352007971475
2018-12-15 07:00:00,0.78,0.0,0.0,0.78,23.3,84.0,20.4,1004.8,14.0,-3.93816119035957,-5.420413862312148
2018-12-15 08:00:00,0.92,0.0,0.0,0.92,25.1,77.0,20.8,1005.6,17.3,1.6655196468404002e-15,-6.8
2018-12-15 09:00:00,0.99,0.01,0.0,0.99,27.0,69.0,20.9,1005.7,25.6,-0.41530401075976153,-11.89275084152724
2018-12-15 10:00:00,1.0,0.54,0.0,0.99,28.5,61.0,20.3,1005.2,37.4,-5.264673496104685,-18.360098392421893
2018-12-15 11:00:00,0.99,0.25,0.0,0.99,29.6,56.0,19.8,1004.1,38.5,-4.437761428653687,-15.476313304606936
2018-12-15 12:00:00,1.0,0.48,0.06,1.0,30.9,51.0,19.5,1003.2,33.8,-5.078863209531645,-14.750089779349343
2018-12-15 13:00:00,1.0,0.51,0.0,1.0,31.1,49.0,19.2,1001.6,32.8,-5.078863209531645,-14.750089779349343
2018-12-15 14:00:00,1.0,0.15,0.23,1.0,31.3,48.0,19.0,1000.8,32.0,-4.719877977894228,-12.967758166845536
2018-12-15 15:00:00,1.0,0.05,0.12,1.0,31.0,47.0,18.4,1000.6,27.7,-4.691062705321763,-10.060016436106814
2018-12-15 16:00:00,1.0,0.01,0.04,1.0,30.0,55.0,19.9,1001.1,21.6,-7.481133923521972,-7.224447052773572
2018-12-15 17:00:00,1.0,0.0,0.01,1.0,28.1,61.0,19.9,1001.7,23.8,-8.274112912870581,-6.464445490919412
2018-12-15 18:00:00,1.0,0.0,0.0,1.0,26.1,69.0,20.1,1002.4,18.7,-4.314986839553106,-4.023790324368742
2018-12-15 19:00:00,1.0,0.0,0.0,1.0,24.8,77.0,20.4,1003.4,9.0,-4.36478950439999,-4.6806636903626915
2018-12-15 20:00:00,1.0,0.0,0.02,1.0,24.1,83.0,21.0,1004.1,8.6,-5.046787864462489,-5.412017391981862
2018-12-15 21:00:00,1.0,0.0,0.02,1.0,24.1,83.0,21.0,1004.7,8.6,-4.36478950439999,-4.6806636903626915
2018-12-15 22:00:00,0.98,0.02,0.02,0.98,23.9,85.0,21.1,1004.9,7.2,-5.043268823083022,-3.9402334420842133
2018-12-15 23:00:00,1.0,0.03,0.02,1.0,23.6,84.0,20.8,1005.3,8.3,-4.664264528860342,-2.914555953282627
2018-12-16 00:00:00,1.0,0.03,0.01,1.0,23.5,84.0,20.6,1004.7,7.9,-4.330127018922193,-2.5000000000000004
2018-12-16 01:00:00,1.0,0.01,0.0,1.0,22.6,87.0,20.3,1003.8,9.0,-4.6728711030257655,-3.92100441908789
2018-12-16 02:00:00,1.0,0.0,0.0,1.0,22.8,81.0,19.3,1003.2,11.2,-3.9402334420842133,-5.043268823083021
2018-12-16 03:00:00,1.0,0.0,0.0,1.0,21.8,84.0,18.9,1002.6,10.4,-2.1775351109542935,-7.59396739791272
2018-12-16 04:00:00,1.0,0.0,0.0,1.0,22.0,81.0,18.5,1002.3,9.0,0.37668495821827847,-5.386845871403051
2018-12-16 05:00:00,1.0,0.0,0.0,1.0,21.0,85.0,18.5,1002.8,7.2,0.37681888494919946,-7.190132650232932
2018-12-16 06:00:00,1.0,0.0,0.0,1.0,21.5,83.0,18.5,1003.5,8.3,-0.3747696938149301,-4.283637201794505
2018-12-16 07:00:00,1.0,0.0,0.0,1.0,22.8,79.0,19.0,1004.5,10.8,-0.7097828148963337,-5.050367150582009
2018-12-16 08:00:00,1.0,0.0,0.0,1.0,24.6,75.0,20.0,1005.0,12.2,1.4364846019678081,-3.9467090073008158
2018-12-16 09:00:00,1.0,0.0,0.0,1.0,26.3,69.0,20.2,1005.1,12.6,2.4905416147351485,-2.1649947956686733
2018-12-16 10:00:00,1.0,0.0,0.0,1.0,27.5,64.0,20.1,1004.7,14.4,3.5748714227020653,-2.894873798829252
2018-12-16 11:00:00,1.0,0.0,0.0,1.0,28.6,58.0,19.5,1003.4,16.9,4.664264528860344,-2.9145559532826257
2018-12-16 12:00:00,1.0,0.0,0.0,1.0,29.6,54.0,19.2,1002.5,17.3,2.166534083347374,-2.875087836170254
2018-12-16 13:00:00,1.0,0.0,0.0,1.0,30.1,52.0,19.3,1002.0,14.8,-1.1109406435904308,-2.8940993221413254
2018-12-16 14:00:00,1.0,0.01,0.05,1.0,30.4,53.0,19.6,1001.4,13.3,-1.761649323676896,-0.7117525274902327
2018-12-16 15:00:00,1.0,0.03,0.06,1.0,30.1,54.0,19.9,1001.3,11.9,-1.8017254983928965,-2.883363526931848
2018-12-16 16:00:00,1.0,0.0,0.02,1.0,29.9,56.0,20.2,1001.0,10.8,0.3441558230885085,-2.172914349309303
2018-12-16 17:00:00,1.0,0.02,0.02,1.0,28.4,77.0,23.9,1001.1,6.8,-1.4499999999999997,-2.511473670974872
2018-12-16 18:00:00,1.0,0.0,0.0,1.0,25.9,76.0,21.5,1001.5,7.2,-3.9597979746446654,-3.9597979746446663
2018-12-16 19:00:00,1.0,0.0,0.0,1.0,25.3,79.0,21.3,1002.4,7.9,-4.669166652447253,-3.2693856872009626
2018-12-16 20:00:00,1.0,0.02,0.0,1.0,24.7,80.0,21.0,1003.2,6.5,-2.1649947956686737,2.4905416147351476
2018-12-16 21:00:00,1.0,0.05,0.0,1.0,24.1,80.0,20.5,1004.2,10.1,-1.4171916423663506,6.1385314081469815
2018-12-16 22:00:00,1.0,0.09,0.0,1.0,23.1,83.0,20.0,1004.4,11.5,0.7515347451843538,5.34744757120448
2018-12-16 23:00:00,1.0,0.1,0.0,1.0,23.0,84.0,20.1,1004.7,14.0,2.8729692039356167,7.8934180146016315
2018-12-17 00:00:00,1.0,0.11,0.0,1.0,23.0,85.0,20.4,1004.1,15.1,3.5875911898228936,6.47218583283153
2018-12-17 01:00:00,1.0,0.07,0.01,1.0,22.5,88.0,20.5,1003.6,12.6,3.6347538725598536,5.388744221607772
2018-12-17 02:00:00,1.0,0.03,0.01,1.0,21.6,93.0,20.5,1002.9,11.2,2.880147736233118,3.9641832724372428
2018-12-17 03:00:00,1.0,0.03,0.01,1.0,21.5,93.0,20.3,1002.6,9.0,4.023790324368741,4.314986839553106
2018-12-17 04:00:00,1.0,0.03,0.01,1.0,21.3,93.0,20.2,1002.8,6.8,-0.3631923997916375,-0.7128052193506944
2018-12-17 05:00:00,0.99,0.01,0.01,0.99,21.7,91.0,20.2,1003.0,4.0,-1.083267041673687,-1.437543918085127
2018-12-17 06:00:00,0.99,0.01,0.0,0.99,21.6,94.0,20.5,1003.5,4.3,-0.710739087062379,-2.1874299874788528
2018-12-17 07:00:00,0.99,0.0,0.0,0.99,23.0,87.0,20.9,1004.2,6.8,-0.726950774511971,1.0777488443215542
2018-12-17 08:00:00,0.98,0.0,0.0,0.98,25.1,81.0,21.6,1005.0,10.4,-1.0606601717798214,1.0606601717798212
2018-12-17 09:00:00,0.99,0.0,0.0,0.99,27.1,72.0,21.6,1005.1,11.9,-0.7071067811865476,0.7071067811865475
2018-12-17 10:00:00,0.99,0.0,0.0,0.99,28.8,62.0,20.8,1004.6,11.9,-0.3631923997916375,-0.7128052193506944
2018-12-17 11:00:00,0.98,0.0,0.0,0.98,30.0,56.0,20.4,1003.8,13.3,-1.4256104387013888,-0.7263847995832751
2018-12-17 12:00:00,0.99,0.02,0.0,0.99,30.8,54.0,20.5,1002.6,15.1,-2.878383839759834,0.35342109587492737
2018-12-17 13:00:00,0.98,0.04,0.13,0.98,31.2,54.0,20.7,1001.7,18.4,-4.669166652447252,3.269385687200963
2018-12-17 14:00:00,0.97,0.11,0.26,0.96,31.0,54.0,20.8,1000.9,20.2,-4.0150350544573215,5.734064310022943
2018-12-17 15:00:00,0.97,0.08,0.19,0.96,30.4,57.0,21.0,1000.8,20.9,-5.39192644664877,8.302838622659698
2018-12-17 16:00:00,0.96,0.05,0.09,0.95,28.8,70.0,22.9,1001.1,29.2,-10.111626970967631,10.11162697096763
2018-12-17 17:00:00,0.95,0.05,0.02,0.89,28.2,71.0,22.5,1001.5,28.8,-7.8804668841684276,10.086537646166041
2018-12-17 18:00:00,0.91,0.12,0.05,0.9,26.6,77.0,22.3,1002.6,23.8,-6.941942361454985,11.10943005964918
2018-12-17 19:00:00,0.92,0.16,0.05,0.9,25.8,80.0,22.0,1003.7,23.8,-6.077449283938642,10.114574148284925
2018-12-17 20:00:00,0.56,0.02,0.01,0.55,25.0,82.0,21.8,1004.6,21.2,-1.764079077228795,6.1520748540052415
2018-12-17 21:00:00,0.51,0.04,0.0,0.5,24.4,87.0,22.0,1005.0,11.2,-0.35575801609504015,5.087576656325103
2018-12-17 22:00:00,0.31,0.12,0.0,0.22,23.6,92.0,22.3,1005.2,8.6,-2.2218812871808615,5.788198644282651
2018-12-17 23:00:00,0.46,0.14,0.0,0.38,24.5,88.0,22.2,1005.1,7.6,-1.4364846019678092,3.9467090073008153
2018-12-18 00:00:00,0.46,0.1,0.0,0.4,23.4,94.0,22.2,1004.7,5.0,2.9108871788279895,-0.7257656867990023
2018-12-18 01:00:00,0.83,0.02,0.01,0.83,22.9,96.0,22.1,1003.8,7.2,2.493024310163928,-2.867896404846533
2018-12-18 02:00:00,0.79,0.02,0.02,0.78,22.5,97.0,22.0,1003.2,8.3,1.4214781741247593,-4.3748599749577055
2018-12-18 03:00:00,0.32,0.02,0.01,0.3,21.9,98.0,21.6,1003.0,7.9,0.6945927106677215,-3.939231012048832
2018-12-18 04:00:00,0.02,0.02,0.01,0.0,21.6,98.0,21.4,1003.1,6.1,1.0886485301985054,-4.366330768241984
2018-12-18 05:00:00,0.03,0.02,0.0,0.0,22.2,98.0,21.9,1003.7,8.3,0.7068421917498539,-5.756767679519668
2018-12-18 06:00:00,0.41,0.03,0.01,0.39,22.8,96.0,22.1,1004.0,11.9,0.3557580160950407,-5.087576656325103
2018-12-18 07:00:00,0.31,0.04,0.01,0.29,24.2,91.0,22.5,1004.9,11.9,1.1511679911985121e-15,-4.7
2018-12-18 08:00:00,0.44,0.05,0.01,0.41,26.4,82.0,23.0,1005.6,14.8,-1.421478174124758,-4.3748599749577055
2018-12-18 09:00:00,0.55,0.05,0.01,0.52,28.2,73.0,22.9,1005.7,15.1,-1.45276959916655,-2.8512208774027776
2018-12-18 10:00:00,0.44,0.2,0.01,0.31,29.7,64.0,22.2,1005.3,14.4,-1.453901549023942,-2.1554976886431088
2018-12-18 11:00:00,0.32,0.32,0.01,0.0,30.9,59.0,22.0,1004.3,14.8,-2.1554976886431088,-1.4539015490239418
2018-12-18 12:00:00,0.52,0.44,0.01,0.13,31.7,55.0,21.5,1003.0,15.1,-2.5114736709748717,-1.4500000000000002
2018-12-18 13:00:00,0.36,0.35,0.13,0.0,32.2,51.0,20.8,1001.9,14.8,-2.485363104321589,-1.0549740469210391
2018-12-18 14:00:00,0.58,0.57,0.07,0.0,32.2,48.0,19.8,1001.1,14.0,-2.1554976886431088,-1.4539015490239418
2018-12-18 15:00:00,0.72,0.36,0.06,0.57,32.0,49.0,20.0,1000.5,13.7,-4.366330768241984,-1.0886485301985045
2018-12-18 16:00:00,0.82,0.81,0.19,0.0,31.4,51.0,20.0,1000.7,16.2,-7.6000865053248345,1.7546182238821473
2018-12-18 17:00:00,0.19,0.04,0.06,0.93,29.6,61.0,21.3,1001.2,20.5,-7.929958065276475,4.040515447681966
2018-12-18 18:00:00,0.97,0.05,0.03,0.96,27.3,72.0,21.9,1002.2,24.1,-10.4182044264181,8.741911491736936
2018-12-18 19:00:00,0.97,0.01,0.07,0.97,26.2,79.0,22.4,1003.4,24.5,-10.785062665736136,5.029157314714322
2018-12-18 20:00:00,1.0,0.08,0.24,1.0,25.7,85.0,22.9,1004.7,21.2,-8.650090580795545,5.405176495178688
2018-12-18 21:00:00,0.99,0.11,0.18,0.98,25.4,87.0,23.0,1005.4,18.4,-3.938161190359571,5.420413862312147
2018-12-18 22:00:00,0.96,0.14,0.13,0.96,25.1,89.0,23.2,1005.5,12.2,-3.9282454678631837,1.748967565225941
2018-12-18 23:00:00,0.64,0.32,0.53,0.21,24.8,89.0,22.9,1005.1,12.6,-5.811263767715345,-5.051654523226906
2018-12-19 00:00:00,0.56,0.21,0.53,0.03,24.4,91.0,22.9,1004.7,14.4,-2.5624408513775414,-5.755336383148386
2018-12-19 01:00:00,0.36,0.17,0.34,0.02,24.2,92.0,22.9,1003.9,10.4,-0.7068421917498553,-5.756767679519667
2018-12-19 02:00:00,0.46,0.15,0.2,0.32,23.8,93.0,22.6,1003.3,9.7,-1.079765060850552,-4.676976310969129
2018-12-19 03:00:00,0.57,0.24,0.2,0.43,23.5,94.0,22.5,1003.3,9.4,-0.7515347451843534,-5.34744757120448
2018-12-19 04:00:00,0.8,0.17,0.22,0.74,23.2,96.0,22.5,1003.5,9.4,-1.7613968679372003,-5.421022142882375
2018-12-19 05:00:00,0.63,0.56,0.57,0.95,23.5,95.0,22.5,1004.2,10.4,-2.474317973874391,-7.185941174554808
2018-12-19 06:00:00,0.89,0.18,0.5,0.81,23.5,94.0,22.4,1004.8,17.6,-5.82763767466079,-8.973775077016036
2018-12-19 07:00:00,0.5,0.26,0.47,0.0,24.2,88.0,22.2,1006.0,19.8,-6.772276228582241,-8.668118289673941
2018-12-19 08:00:00,0.86,0.43,0.27,0.75,25.2,81.0,21.8,1006.6,27.7,-11.184248869537079,-9.384699101423475
2018-12-19 09:00:00,0.3,0.3,0.18,0.0,26.6,72.0,21.2,1006.6,30.2,-11.101033589657371,-8.36522882181347
2018-12-19 10:00:00,0.9,0.27,0.15,0.87,28.0,65.0,20.9,1006.4,29.2,-9.338333304894507,-6.538771374401925
2018-12-19 11:00:00,0.98,0.54,0.11,0.97,29.2,58.0,20.1,1005.6,26.6,-9.706975700031004,-4.734408385322037
2018-12-19 12:00:00,0.98,0.77,0.13,0.93,29.3,56.0,19.5,1004.4,26.3,-7.893769085249775,-2.564841053312064
2018-12-19 13:00:00,1.0,1.0,0.49,0.58,29.6,55.0,19.6,1003.2,20.9,-6.143640332167439,-4.301823272632845
2018-12-19 14:00:00,1.0,1.0,0.62,0.06,29.2,58.0,20.1,1002.3,19.4,-7.171881598543044,-3.975438886019964
2018-12-19 15:00:00,0.84,0.78,0.82,0.0,29.4,58.0,20.2,1001.8,19.4,-8.65135526344487,-2.4807362023529924
2018-12-19 16:00:00,0.81,0.8,0.41,0.0,28.1,66.0,21.1,1002.4,28.4,-13.977245501931794,-6.223070639059744
2018-12-19 17:00:00,0.33,0.85,0.18,0.0,27.8,65.0,20.6,1002.7,30.2,-13.302807369979755,-2.8275989951215283
2018-12-19 18:00:00,0.99,0.99,0.23,0.0,26.8,70.0,20.8,1003.7,26.3,-14.082750868074575,-2.483168940637105
2018-12-19 19:00:00,0.72,0.72,0.17,0.0,26.2,74.0,21.2,1004.6,27.0,-14.718924051450445,-1.5470212563612713
2018-12-19 20:00:00,0.29,0.29,0.05,0.0,25.5,78.0,21.3,1005.9,27.4,-13.33379259803436,-2.1118652780431173
2018-12-19 21:00:00,0.18,0.18,0.05,0.0,24.7,82.0,21.5,1006.3,24.5,-11.19054989130337,-2.175222547292612
2018-12-19 22:00:00,0.08,0.07,0.04,0.0,24.2,84.0,21.4,1006.2,20.2,-9.369480515003962,-2.510544737494451
2018-12-19 23:00:00,0.2,0.19,0.03,0.0,23.8,86.0,21.3,1006.3,17.3,-6.122295146001595,-3.9758649556096977
2018-12-20 00:00:00,0.3,0.3,0.04,0.0,23.3,88.0,21.2,1005.7,12.6,-2.542346798541462,-4.98963653545486
2018-12-20 01:00:00,0.34,0.33,0.04,0.01,23.0,89.0,21.1,1005.0,11.2,-0.6794350112397476,-6.4643923198937765
2018-12-20 02:00:00,0.91,0.36,0.03,0.86,22.6,91.0,21.0,1004.4,11.5,-0.3558845024520181,-6.790680836331102
2018-12-20 03:00:00,1.0,1.0,0.02,0.99,22.8,89.0,20.8,1004.3,13.3,-1.0577155672964973,-7.5260373224359345
2018-12-20 04:00:00,1.0,0.99,0.02,0.87,23.1,85.0,20.5,1004.5,16.9,-0.3385251180142594,-9.694091022085228
2018-12-20 05:00:00,0.89,0.31,0.0,0.01,22.5,84.0,19.8,1005.1,17.6,0.3140954703225074,-8.994517443171862
2018-12-20 06:00:00,0.28,0.28,0.01,0.0,22.5,82.0,19.4,1005.5,18.0,-0.3524849166952598,-10.093847352892867
2018-12-20 07:00:00,0.18,0.18,0.0,0.0,23.1,80.0,19.5,1006.4,20.9,-0.3769145643870105,-10.793420931806235
2018-12-20 08:00:00,0.12,0.12,0.0,0.0,24.6,75.0,19.9,1007.3,27.0,-4.583069920563961,-12.591881118531173
2018-12-20 09:00:00,0.45,0.45,0.0,0.0,26.5,66.0,19.6,1007.7,32.8,-8.346550582553117,-11.488041320124253
2018-12-20 10:00:00,0.67,0.67,0.0,0.0,27.6,60.0,19.1,1007.3,31.0,-6.941942361454984,-11.10943005964918
2018-12-20 11:00:00,0.84,0.84,0.0,0.0,28.6,56.0,19.0,1006.4,29.5,-5.72028029671829,-11.226682204773436
2018-12-20 12:00:00,0.63,0.63,0.0,0.0,29.1,53.0,18.5,1005.3,29.2,-4.691062705321763,-10.060016436106814
2018-12-20 13:00:00,0.71,0.71,0.0,0.0,30.3,48.0,18.1,1004.1,26.6,-5.391926446648768,-8.302838622659698
2018-12-20 14:00:00,0.29,0.29,0.02,0.0,30.1,46.0,17.4,1002.9,24.1,-3.5499933986218752,-7.61298541110786
2018-12-20 15:00:00,0.02,0.02,0.0,0.0,30.5,45.0,17.4,1002.0,21.6,-2.192787785420526,-7.172285669722766
2018-12-20 16:00:00,0.71,0.0,0.0,0.71,30.1,46.0,17.4,1002.0,19.1,-3.5499999999999994,-6.148780366869515
2018-12-20 17:00:00,0.4,0.0,0.0,0.53,28.6,56.0,18.9,1002.2,15.5,-4.289848881466277,-3.5996106142446203
2018-12-20 18:00:00,0.95,0.01,0.0,0.95,25.8,71.0,20.1,1003.0,9.4,-7.172285669722766,-2.192787785420526
2018-12-20 19:00:00,0.39,0.0,0.0,0.39,25.0,75.0,20.2,1004.0,9.0,-6.153786140176197,0.7555899291119137
2018-12-20 20:00:00,0.02,0.0,0.0,0.02,24.2,76.0,19.7,1004.7,9.0,-5.34744757120448,0.7515347451843529
2018-12-20 21:00:00,0.29,0.0,0.0,0.29,23.9,79.0,20.0,1005.3,14.0,-7.878462024097664,1.3891854213354424
2018-12-20 22:00:00,0.87,0.0,0.0,0.87,23.0,87.0,20.8,1005.3,14.0,-5.050367150582009,-0.7097828148963339
2018-12-20 23:00:00,0.91,0.0,0.0,0.91,22.6,91.0,21.0,1005.0,8.3,-5.437846722219899,-2.5357095704441965
2018-12-21 00:00:00,0.96,0.0,0.0,0.96,23.0,89.0,21.0,1004.5,6.8,-3.252691193458118,-3.2526911934581184
2018-12-21 01:00:00,0.75,0.0,0.0,0.75,21.5,96.0,20.8,1003.9,7.6,1.4205902870109297e-15,-5.8
2018-12-21 02:00:00,0.85,0.0,0.0,0.85,21.4,96.0,20.8,1003.7,7.2,-0.3278554265973889,-4.688551036221174
2018-12-21 03:00:00,0.5,0.0,0.0,0.5,21.2,96.0,20.6,1003.6,8.3,0.709782814896336,-5.050367150582008
2018-12-21 04:00:00,0.99,0.0,0.0,0.99,21.0,95.0,20.1,1003.7,9.7,0.4045875477159287,-5.78587149150698
2018-12-21 05:00:00,1.0,0.0,0.0,0.99,21.8,86.0,19.3,1003.7,10.1,-2.1727182418122895,-5.377666356487367
2018-12-21 06:00:00,0.89,0.06,0.0,0.88,22.1,82.0,19.0,1004.5,11.9,-2.891410350820626,-6.811735915548059
2018-12-21 07:00:00,0.99,0.26,0.0,0.98,23.5,78.0,19.3,1005.5,17.6,-3.296985135816762,-8.588939923774255
2018-12-21 08:00:00,0.83,0.31,0.0,0.76,25.2,72.0,19.9,1006.3,27.0,-5.705346533499442,-12.235155124994774
2018-12-21 09:00:00,0.9,0.66,0.0,0.73,27.0,65.0,20.0,1006.8,33.1,-6.426438960597643,-14.434018230753095
2018-12-21 10:00:00,0.99,0.85,0.0,0.94,28.5,58.0,19.5,1006.5,33.5,-4.720738239628772,-13.710019346190094
2018-12-21 11:00:00,0.98,0.6,0.0,0.95,29.5,52.0,18.6,1005.4,32.0,-3.7211043035294886,-12.977032895167305
2018-12-21 12:00:00,0.97,0.72,0.0,0.93,30.4,48.0,18.2,1004.1,30.6,-4.694620139043433,-12.229903587113343
2018-12-21 13:00:00,0.98,0.0,0.0,0.98,30.6,49.0,18.6,1002.8,29.9,-3.6336839561343464,-8.993683389297837
2018-12-21 14:00:00,0.95,0.02,0.0,0.95,31.1,48.0,18.6,1001.7,24.1,-2.5357095704441965,-5.437846722219899
2018-12-21 15:00:00,0.94,0.0,0.0,0.94,31.3,47.0,18.6,1001.0,18.0,-2.907803098047884,-4.3109953772862175
2018-12-21 16:00:00,0.97,0.0,0.0,0.97,30.9,48.0,18.5,1001.1,15.5,-1.7937955949114472,-3.2360929164157644
2018-12-21 17:00:00,0.98,0.0,0.0,0.96,28.9,57.0,19.6,1001.5,9.4,-6.1,-3.735172737399427e-16
2018-12-21 18:00:00,0.99,0.0,0.0,0.99,27.0,65.0,19.9,1002.2,10.8,-3.5670951622914924,3.2118269105225195
2018-12-21 19:00:00,1.0,0.01,0.01,1.0,26.1,72.0,20.7,1003.3,21.2,-11.88820645368942,3.862712429686842
2018-12-21 20:00:00,0.98,0.0,0.04,0.98,25.3,83.0,22.2,1004.4,22.3,-8.993683389297837,3.633683956134347
2018-12-21 21:00:00,0.96,0.0,0.18,0.95,25.0,85.0,22.4,1004.7,16.6,-5.7247447850283795,1.42733918403804
2018-12-21 22:00:00,0.98,0.0,0.32,0.98,24.6,87.0,22.4,1004.9,10.1,-3.2819222547153015,-0.3449439287832564
2018-12-21 23:00:00,1.0,0.01,0.67,1.0,24.0,91.0,22.5,1004.6,5.8,0.7059932828932153,-3.632020578756357
2018-12-22 00:00:00,1.0,0.04,0.92,1.0,24.1,91.0,22.5,1004.0,4.7,1.0895771993749126,-2.138415658052083
2018-12-22 01:00:00,1.0,0.01,0.54,1.0,24.2,89.0,22.3,1003.3,7.9,0.7352419856890863,-4.6421352007971475
2018-12-22 02:00:00,1.0,0.0,0.71,1.0,23.9,90.0,22.2,1002.5,8.6,1.0886485301985054,-4.366330768241984
2018-12-22 03:00:00,1.0,0.04,0.14,1.0,23.9,90.0,22.1,1002.1,8.3,1.2246467991473533e-15,-5.0
2018-12-22 04:00:00,1.0,0.02,0.27,1.0,23.8,89.0,21.9,1002.4,11.5,-2.2249223594996215,-6.8476069173251055
2018-12-22 05:00:00,1.0,0.06,0.24,0.78,23.5,87.0,21.2,1002.6,19.1,-6.5356684201803255,-10.064046815345089
2018-12-22 06:00:00,0.97,0.01,0.93,0.92,23.8,85.0,21.1,1003.2,22.0,-2.12231616984067,-7.92059177557036
2018-12-22 07:00:00,1.0,0.07,0.92,1.0,24.5,83.0,21.4,1004.8,14.8,-4.326319829244455,-7.200205325897744
2018-12-22 08:00:00,1.0,0.0,1.0,1.0,24.8,83.0,21.6,1005.8,17.3,-4.366085533908785,-8.211412613588022
2018-12-22 09:00:00,1.0,0.0,0.97,1.0,24.6,88.0,22.6,1006.0,18.7,-2.5436338310878095,-8.319851376878407
2018-12-22 10:00:00,1.0,0.08,1.0,1.0,24.4,91.0,22.8,1005.7,16.6,-1.4235536318661008,-8.987963899415753
2018-12-22 11:00:00,1.0,0.01,0.97,1.0,25.0,90.0,23.2,1005.1,16.2,0.655710853194781,-9.377102072442348
2018-12-22 12:00:00,1.0,0.1,1.0,1.0,25.5,86.0,23.0,1004.1,17.3,-0.7233926648055629,-8.268415994161488
2018-12-22 13:00:00,1.0,0.22,1.0,1.0,26.7,77.0,22.3,1003.1,22.0,-3.9719314843773117,-11.535326622311665
2018-12-22 14:00:00,0.97,0.0,0.89,0.94,27.4,71.0,21.6,1002.3,31.0,-4.418943019561748,-13.600108183020696
2018-12-22 15:00:00,0.99,0.09,0.98,0.95,28.1,66.0,21.3,1001.9,31.3,-2.2213694035712783,-14.025174436450955
2018-12-22 16:00:00,0.98,0.02,0.93,0.84,27.4,69.0,21.2,1002.3,29.5,-1.3771235804781665,-11.215771513546938
2018-12-22 17:00:00,1.0,0.0,0.6,0.93,26.1,76.0,21.5,1002.4,22.3,-2.7957356604375785,-15.855404823496551
2018-12-22 18:00:00,0.98,0.17,0.86,0.91,25.3,79.0,21.3,1003.0,30.2,-4.981314498679674,-12.976767928311105
2018-12-22 19:00:00,0.98,0.94,0.62,0.95,24.8,82.0,21.5,1003.9,25.2,-3.2755801403744425,-10.081199072728626
2018-12-22 20:00:00,0.9,0.1,0.27,0.88,24.6,82.0,21.4,1004.5,18.7,-2.2246550917500247,-10.46617932785172
2018-12-22 21:00:00,0.43,0.08,0.25,0.35,24.0,85.0,21.2,1004.9,18.4,-1.4235536318661008,-8.987963899415753
2018-12-22 22:00:00,0.63,0.15,0.2,0.57,23.7,86.0,21.2,1004.9,15.8,-2.092044805397945,-9.06164160250269
2018-12-22 23:00:00,0.53,0.22,0.23,0.37,23.5,87.0,21.3,1004.7,16.9,-3.2231247291258516,-9.360633898433237
2018-12-23 00:00:00,0.67,0.21,0.17,0.6,23.6,87.0,21.3,1004.5,20.2,-3.615498834186884,-11.127361240653295
2018-12-23 01:00:00,0.88,0.59,0.33,0.71,23.1,90.0,21.4,1003.8,22.7,-3.1449846427956807,-12.613844441587954
2018-12-23 02:00:00,0.93,0.77,0.27,0.74,23.0,92.0,21.5,1003.3,23.0,-1.037153338697132,-11.854716907291772
2018-12-23 03:00:00,1.0,1.0,0.33,0.84,22.6,95.0,21.8,1003.1,20.9,-0.3280552690035091,-9.394273773979501
2018-12-23 04:00:00,0.97,0.94,0.42,0.74,22.5,96.0,21.8,1003.0,16.2,-0.3977532674463731,-7.589584464134761
2018-12-23 05:00:00,0.74,1.0,0.4,0.77,22.7,94.0,21.6,1003.4,14.0,-2.5644420195200612,-11.107818738551682
2018-12-23 06:00:00,0.91,0.89,0.45,0.65,22.9,94.0,21.9,1003.8,20.2,-2.5159877142365445,-10.091075553270363
2018-12-23 07:00:00,0.99,0.99,0.46,0.58,23.2,94.0,22.2,1004.8,20.5,-4.383711467890775,-8.98794046299167
2018-12-23 08:00:00,0.59,0.5,0.37,0.39,24.0,90.0,22.4,1005.8,20.2,-4.014873486536644,-8.609923976848174
2018-12-23 09:00:00,1.0,1.0,0.87,0.27,24.4,93.0,23.2,1006.3,20.9,-4.981241083792126,-7.9716521038704045
2018-12-23 10:00:00,0.87,0.83,0.24,0.14,25.0,87.0,22.7,1005.9,24.5,-5.351975815759156,-10.065602558591769
2018-12-23 11:00:00,0.8,0.78,0.15,0.04,26.8,80.0,23.1,1004.8,29.9,-8.030070108914645,-11.468128620045885
2018-12-23 12:00:00,0.46,0.41,0.11,0.05,28.0,71.0,22.4,1003.8,39.2,-12.47007962791886,-14.861262196508171
2018-12-23 13:00:00,0.74,0.71,0.29,0.13,28.1,73.0,22.8,1003.1,41.4,-15.154346248410933,-12.271747625471829
2018-12-23 14:00:00,0.98,0.95,0.36,0.58,27.2,76.0,22.7,1002.6,39.2,-14.14405649851687,-11.45363111710704
2018-12-23 15:00:00,0.68,0.56,0.37,0.44,26.8,80.0,23.1,1002.3,36.0,-11.11095162585478,-8.680826802091781
2018-12-23 16:00:00,0.93,0.92,0.36,0.2,27.0,80.0,23.2,1002.7,29.2,-8.31452281681049,-4.995869326627525
2018-12-23 17:00:00,0.65,0.28,0.18,0.13,26.8,80.0,23.0,1002.8,25.6,-3.9402334420842133,-5.043268823083021
2018-12-23 18:00:00,0.52,0.38,0.33,0.23,25.7,86.0,23.2,1003.4,15.5,-4.981241083792126,-7.9716521038704045
2018-12-23 19:00:00,0.42,0.28,0.16,0.25,25.0,88.0,23.0,1004.4,15.1,-2.472135954999579,-7.608452130361228
2018-12-23 20:00:00,0.43,0.39,0.02,0.12,24.8,88.0,22.5,1005.0,13.0,-1.3891854213354426,-7.878462024097664
2018-12-23 21:00:00,0.2,0.16,0.01,0.12,24.5,89.0,22.6,1005.4,14.0,-2.8649997592229792,-8.320563465273988
2018-12-23 22:00:00,0.31,0.21,0.09,0.21,24.1,91.0,22.6,1005.7,15.8,-3.296985135816762,-8.588939923774255
2018-12-23 23:00:00,0.24,0.17,0.08,0.09,23.9,92.0,22.5,1005.5,15.8,-4.366085533908785,-8.211412613588022
2018-12-24 00:00:00,0.3,0.24,0.23,0.0,23.5,94.0,22.4,1005.3,15.5,-4.040515447681967,-7.929958065276475
2018-12-24 01:00:00,0.53,0.46,0.27,0.0,23.3,94.0,22.4,1004.8,15.5,-4.033014550459512,-8.268905225952336
2018-12-24 02:00:00,1.0,1.0,0.27,0.02,23.4,94.0,22.4,1004.1,18.4,-3.8703738550892433,-10.08266860616978
2018-12-24 03:00:00,1.0,1.0,0.25,0.02,23.4,95.0,22.5,1003.7,20.5,-3.615498834186884,-11.127361240653295
2018-12-24 04:00:00,1.0,1.0,0.19,0.02,23.6,93.0,22.5,1003.7,20.2,-3.2755801403744425,-10.081199072728626
2018-12-24 05:00:00,0.64,0.72,0.1,0.3,24.1,88.0,22.0,1004.0,20.2,-5.727553065987867,-10.771960632878908
2018-12-24 06:00:00,0.43,0.33,0.11,0.31,24.3,87.0,22.0,1004.6,22.0,-4.976398565530443,-9.359244484304625
2018-12-24 07:00:00,0.43,0.34,0.18,0.28,24.6,86.0,22.1,1005.5,19.4,-6.099957192168303,-9.393110360988748
2018-12-24 08:00:00,0.48,0.35,0.15,0.3,25.5,84.0,22.5,1006.3,29.2,-9.267951356541543,-12.29898685472831
2018-12-24 09:00:00,0.4,0.21,0.31,0.28,26.6,79.0,22.7,1006.7,34.6,-10.890579881242422,-12.528179031698016
2018-12-24 10:00:00,0.46,0.21,0.29,0.26,28.0,73.0,22.6,1006.4,33.8,-9.709673629059509,-11.169701787297026
2018-12-24 11:00:00,0.68,0.51,0.29,0.28,28.5,72.0,23.0,1005.7,34.2,-8.725585085573748,-10.037637416962868
2018-12-24 12:00:00,0.95,0.91,0.57,0.33,28.8,71.0,23.0,1004.6,33.5,-5.727553065987867,-10.771960632878908
2018-12-24 13:00:00,0.78,0.68,0.63,0.49,28.4,71.0,22.6,1003.5,32.0,-7.481133923521972,-7.224447052773572
2018-12-24 14:00:00,0.89,0.22,0.38,0.85,26.5,79.0,22.7,1002.7,27.0,-3.2693856872009626,-4.669166652447253
2018-12-24 15:00:00,0.89,0.43,0.1,0.84,27.6,75.0,22.9,1002.6,19.1,-4.023790324368742,-4.314986839553106
2018-12-24 16:00:00,0.99,0.46,0.16,0.99,26.0,83.0,22.9,1003.0,24.5,-6.415246974156249,-3.2687315981247376
2018-12-24 17:00:00,0.99,0.16,0.17,0.89,26.1,84.0,23.2,1003.0,19.8,-5.34744757120448,0.7515347451843529
2018-12-24 18:00:00,0.71,0.1,0.31,0.59,25.1,88.0,23.0,1003.9,11.5,-6.1,-3.735172737399427e-16
2018-12-24 19:00:00,0.79,0.25,0.31,0.72,24.5,91.0,22.9,1005.0,11.2,-5.385980316439453,-2.863776532993934
2018-12-24 20:00:00,0.98,0.21,0.55,0.96,24.1,92.0,22.7,1005.7,10.1,-2.907803098047884,-4.3109953772862175
2018-12-24 21:00:00,0.96,0.51,0.46,0.92,23.8,93.0,22.5,1006.2,8.3,-0.7097828148963337,-5.050367150582009
2018-12-24 22:00:00,0.76,0.16,0.38,0.67,23.9,93.0,22.6,1006.1,9.0,2.1490212066910064,-5.062776693988422
2018-12-24 23:00:00,0.61,0.12,0.46,0.34,23.5,95.0,22.6,1005.8,8.3,1.4214781741247593,-4.3748599749577055
2018-12-25 00:00:00,0.89,0.28,0.87,0.08,23.3,96.0,22.6,1005.4,8.3,1.4333142502483947,-4.998560818879258
2018-12-25 01:00:00,0.86,0.21,0.83,0.05,23.3,96.0,22.6,1004.6,10.1,1.4171916423663515,-6.1385314081469815
2018-12-25 02:00:00,0.97,0.16,0.96,0.03,23.3,96.0,22.6,1004.2,10.1,-0.31924933308195735,-6.0916401620029
2018-12-25 03:00:00,0.87,0.11,0.87,0.06,23.3,96.0,22.6,1004.1,9.7,-1.4326213531414103,-4.685893304218874
2018-12-25 04:00:00,0.9,0.07,0.88,0.15,23.1,96.0,22.5,1004.3,8.6,-0.37668495821827663,-5.386845871403051
2018-12-25 05:00:00,0.62,0.07,0.22,0.24,23.3,96.0,22.5,1004.5,11.9,-1.8467702839738944,-6.440453362786736
2018-12-25 06:00:00,0.42,0.08,0.08,0.38,23.2,94.0,22.2,1005.2,14.8,-3.1894747509531727,-8.308865795825096
2018-12-25 07:00:00,0.13,0.09,0.07,0.07,24.0,90.0,22.2,1006.2,18.7,-3.5836794954530027,-9.335804264972017
2018-12-25 08:00:00,0.57,0.39,0.09,0.33,25.3,81.0,21.9,1007.2,29.5,-7.089020598066951,-13.332508652169798
2018-12-25 09:00:00,0.65,0.53,0.11,0.4,26.5,74.0,21.5,1007.6,31.7,-9.313941787537594,-11.50176022956317
2018-12-25 10:00:00,0.69,0.6,0.08,0.36,27.5,69.0,21.2,1007.0,31.0,-9.702393792203445,-10.775599969422217
2018-12-25 11:00:00,0.63,0.62,0.04,0.0,28.3,64.0,21.0,1006.2,30.2,-9.381644114564255,-10.792346997185641
2018-12-25 12:00:00,0.5,0.5,0.04,0.0,29.1,60.0,20.7,1004.8,30.6,-8.684621396487756,-10.7246142681062
2018-12-25 13:00:00,0.69,0.66,0.03,0.1,29.6,58.0,20.5,1003.2,29.9,-8.184684314867857,-10.861442936643183
2018-12-25 14:00:00,0.61,0.6,0.03,0.0,30.1,55.0,20.2,1002.1,29.5,-8.684621396487756,-10.7246142681062
2018-12-25 15:00:00,1.0,1.0,0.02,0.0,29.6,57.0,20.1,1001.7,28.8,-6.518006950068421,-10.43099158272404
2018-12-25 16:00:00,0.65,0.65,0.01,0.0,29.6,57.0,20.1,1002.0,24.1,-3.296985135816762,-8.588939923774255
2018-12-25 17:00:00,0.06,0.06,0.0,0.0,28.5,64.0,21.1,1002.3,17.6,-4.015035054457322,-5.7340643100229425
2018-12-25 18:00:00,0.01,0.01,0.0,0.0,26.4,73.0,21.2,1002.7,12.2,-6.10580806867569,-1.0766187015349686
2018-12-25 19:00:00,0.01,0.01,0.0,0.0,25.8,78.0,21.5,1003.9,16.2,-8.987963899415753,1.4235536318661004
2018-12-25 20:00:00,0.01,0.01,0.0,0.0,25.2,80.0,21.5,1004.6,16.2,-8.666893873398186,-0.7582549619046257
2018-12-25 21:00:00,0.01,0.0,0.01,0.0,24.5,85.0,21.8,1005.2,15.1,-7.571079705497266,-0.6623836448822018
2018-12-25 22:00:00,0.02,0.01,0.02,0.0,24.0,89.0,22.1,1005.4,13.0,-5.421022142882375,-1.7613968679372005
2018-12-25 23:00:00,0.03,0.02,0.01,0.01,23.1,95.0,22.2,1005.2,9.4,-4.658019105832602,-5.358438019581681
2018-12-26 00:00:00,0.0,0.0,0.0,0.0,22.8,96.0,22.0,1004.9,7.9,0.3557580160950407,-5.087576656325103
2018-12-26 01:00:00,0.05,0.0,0.0,0.05,22.0,97.0,21.5,1004.3,7.9,-0.6794350112397476,-6.4643923198937765
2018-12-26 02:00:00,0.03,0.0,0.0,0.03,21.7,98.0,21.5,1003.5,8.6,-0.6883116461770159,-4.3458286986186065
2018-12-26 03:00:00,0.02,0.0,0.0,0.02,21.4,99.0,21.2,1003.3,7.2,-0.6883116461770159,-4.3458286986186065
2018-12-26 04:00:00,0.28,0.0,0.0,0.28,21.2,98.0,20.9,1003.5,9.7,-1.1257730727216144,-5.791600382341218
2018-12-26 05:00:00,0.72,0.0,0.0,0.69,21.1,96.0,20.5,1004.0,12.2,-1.4493866525741161,-5.4091846272187825
2018-12-26 06:00:00,0.1,0.0,0.0,0.1,21.4,89.0,19.4,1004.7,11.9,-2.873804179836756,-6.162892951849219
2018-12-26 07:00:00,0.76,0.03,0.0,0.75,22.7,82.0,19.4,1005.9,15.8,-3.990508283680072,-7.505054539300879
2018-12-26 08:00:00,0.9,0.07,0.01,0.89,24.8,78.0,20.5,1006.7,20.5,-3.2833933759264196,-9.02104915954472
2018-12-26 09:00:00,0.78,0.32,0.01,0.75,26.5,75.0,21.9,1007.0,24.5,-4.734408385322037,-9.706975700031006
2018-12-26 10:00:00,0.34,0.29,0.1,0.19,28.1,68.0,21.6,1006.8,26.3,-7.159697488039782,-7.951649632608118
2018-12-26 11:00:00,0.65,0.27,0.15,0.59,29.0,63.0,21.3,1005.9,25.2,-5.821436275322066,-6.46535998165333
2018-12-26 12:00:00,0.96,0.31,0.27,0.95,29.4,61.0,21.0,1004.9,22.3,-6.855693556378481,-5.356254835333226
2018-12-26 13:00:00,0.79,0.33,0.3,0.68,29.3,61.0,21.1,1003.8,23.0,-8.31452281681049,-4.995869326627525
2018-12-26 14:00:00,0.63,0.23,0.26,0.5,29.5,61.0,21.2,1002.8,23.4,-7.187719590425635,-5.416335208368435
2018-12-26 15:00:00,0.55,0.08,0.18,0.48,29.6,60.0,21.1,1002.5,22.7,-5.750880114781585,-4.656970893768797
2018-12-26 16:00:00,0.56,0.06,0.12,0.5,29.6,60.0,21.0,1002.6,18.4,-6.467184310807044,-2.1013155617496424
2018-12-26 17:00:00,0.63,0.13,0.05,0.82,28.5,67.0,21.8,1003.3,15.1,-4.676976310969129,-1.0797650608505516
2018-12-26 18:00:00,0.76,0.08,0.06,0.74,26.5,76.0,22.0,1003.7,8.3,-4.366330768241984,1.088648530198505
2018-12-26 19:00:00,0.05,0.04,0.03,0.0,26.0,80.0,22.1,1004.5,11.9,-6.092338390726596,3.2393537832226476
2018-12-26 20:00:00,0.05,0.03,0.02,0.0,25.3,83.0,22.2,1005.2,11.9,-6.1194134401407965,2.4724035165450196
2018-12-26 21:00:00,0.04,0.03,0.02,0.0,24.7,87.0,22.3,1005.4,11.5,-5.755336383148386,2.5624408513775414
2018-12-26 22:00:00,0.04,0.04,0.01,0.0,24.0,91.0,22.5,1005.6,10.8,-4.676976310969129,1.079765060850552
2018-12-26 23:00:00,0.06,0.06,0.0,0.0,23.2,97.0,22.6,1005.2,7.6,-5.050367150582009,-0.7097828148963339
2018-12-27 00:00:00,0.17,0.13,0.0,0.05,23.2,96.0,22.6,1004.9,6.8,-3.96029588778518,-1.061158084920335
2018-12-27 01:00:00,0.37,0.14,0.0,0.27,23.0,98.0,22.6,1004.3,4.7,-1.1109406435904308,-2.8940993221413254
2018-12-27 02:00:00,0.64,0.62,0.0,0.05,22.1,100.0,22.1,1003.8,5.4,1.0886485301985054,-4.366330768241984
2018-12-27 03:00:00,1.0,1.0,0.0,0.0,22.3,100.0,22.2,1003.4,5.4,0.7257656867990037,-2.9108871788279895
2018-12-27 04:00:00,1.0,1.0,0.0,0.05,23.1,96.0,22.5,1003.5,10.1,-2.197614961051637,-4.7128004925905795
2018-12-27 05:00:00,0.86,1.0,0.0,0.38,23.6,95.0,22.8,1003.9,10.1,-4.669166652447253,-3.2693856872009626
2018-12-27 06:00:00,0.99,0.99,0.0,0.48,23.9,92.0,22.5,1004.9,12.6,-3.921004419087889,-4.6728711030257655
2018-12-27 07:00:00,0.87,0.85,0.0,0.11,24.0,91.0,22.4,1005.6,14.8,-3.9758649556096977,-6.122295146001595
2018-12-27 08:00:00,0.44,0.44,0.0,0.0,24.9,86.0,22.3,1006.4,17.6,-3.268731598124737,-6.415246974156249
2018-12-27 09:00:00,0.35,0.35,0.0,0.0,26.4,77.0,21.9,1006.9,18.7,-4.015035054457322,-5.7340643100229425
2018-12-27 10:00:00,0.6,0.6,0.0,0.0,27.8,68.0,21.5,1006.5,20.2,-3.9758649556096977,-6.122295146001595
2018-12-27 11:00:00,0.18,0.18,0.0,0.0,28.6,63.0,20.9,1005.5,20.2,-4.329989591337347,-4.981083229470295
2018-12-27 12:00:00,0.53,0.29,0.0,0.35,29.6,58.0,20.6,1004.0,19.8,-3.9597979746446654,-3.9597979746446663
2018-12-27 13:00:00,0.03,0.03,0.0,0.0,30.1,56.0,20.4,1002.7,18.7,-4.312631754255381,-3.2498011250210608
2018-12-27 14:00:00,0.12,0.09,0.1,0.0,30.5,53.0,19.9,1001.9,18.4,-5.0159053651246746,-3.6442685642133337
2018-12-27 15:00:00,0.14,0.13,0.09,0.0,30.5,53.0,19.9,1001.8,18.4,-5.772490067120011,-3.199743493625825
2018-12-27 16:00:00,0.05,0.01,0.05,0.0,30.0,55.0,20.1,1002.1,17.3,-6.518743047927909,-1.032467469265524
2018-12-27 17:00:00,0.04,0.0,0.02,0.0,28.9,66.0,21.8,1001.9,15.1,-3.6042689948715636,2.5237363199446032
2018-12-27 18:00:00,0.0,0.0,0.0,0.0,26.4,74.0,21.5,1002.2,8.3,-4.679622242152313,2.4881992827652217
2018-12-27 19:00:00,0.01,0.01,0.01,0.0,25.4,79.0,21.5,1003.0,8.3,-5.377666356487367,2.17271824181229
2018-12-27 20:00:00,0.02,0.01,0.02,0.0,24.6,85.0,22.0,1003.6,7.6,-3.6042689948715636,2.5237363199446032
2018-12-27 21:00:00,0.03,0.0,0.03,0.0,23.7,95.0,22.9,1003.7,7.9,-3.9282454678631837,1.748967565225941
2018-12-27 22:00:00,0.02,0.0,0.02,0.0,23.2,98.0,23.0,1003.6,7.6,-4.366330768241984,1.088648530198505
2018-12-27 23:00:00,0.0,0.0,0.0,0.0,22.7,99.0,22.5,1003.2,7.6,-5.08636752381579,1.0811407922523486
2018-12-28 00:00:00,0.0,0.0,0.0,0.0,23.0,98.0,22.8,1003.2,7.9,0.7117525274902328,1.761649323676896
2018-12-28 01:00:00,1.0,1.0,0.0,0.0,22.0,100.0,22.0,1002.7,2.9,2.1729143493093033,-0.3441558230885075
2018-12-28 02:00:00,1.0,1.0,0.0,0.0,21.7,100.0,21.7,1002.6,5.0,-2.1816432911085166,-3.935788682127281
2018-12-28 03:00:00,1.0,1.0,0.01,0.0,21.8,100.0,21.7,1002.5,10.1,-3.2095339943541705,-3.963444403430551
2018-12-28 04:00:00,1.0,1.0,0.02,0.0,21.6,98.0,21.2,1002.9,10.8,-4.679622242152313,-2.4881992827652213
2018-12-28 05:00:00,0.43,1.0,0.07,0.0,21.3,99.0,21.1,1003.3,10.8,-5.385980316439453,-2.863776532993934
2018-12-28 06:00:00,0.81,0.8,0.03,0.0,21.5,99.0,21.2,1004.3,11.5,-3.2678342100901627,-5.032023407672544
2018-12-28 07:00:00,1.0,1.0,0.04,0.0,23.1,93.0,21.9,1005.2,12.2,-3.2693856872009626,-4.669166652447253
2018-12-28 08:00:00,0.49,0.49,0.03,0.0,24.6,83.0,21.6,1005.8,17.6,-6.139453095510071,-4.971631089293716
2018-12-28 09:00:00,0.25,0.24,0.03,0.0,26.2,73.0,21.0,1006.0,19.8,-5.020458146424486,-5.020458146424487
2018-12-28 10:00:00,0.19,0.18,0.02,0.0,27.5,65.0,20.5,1005.6,20.2,-4.015035054457322,-5.7340643100229425
2018-12-28 11:00:00,0.24,0.23,0.02,0.0,28.6,59.0,19.8,1004.3,20.2,-3.6442685642133337,-5.0159053651246746
2018-12-28 12:00:00,0.22,0.22,0.02,0.0,29.4,54.0,19.1,1002.9,19.4,-3.9597979746446654,-3.9597979746446663
2018-12-28 13:00:00,0.13,0.12,0.03,0.0,29.9,52.0,18.9,1001.5,18.4,-4.330127018922193,-2.5000000000000004
2018-12-28 14:00:00,0.17,0.16,0.06,0.0,30.4,50.0,18.9,1000.9,18.0,-5.386845871403051,0.3766849582182768
2018-12-28 15:00:00,0.95,0.95,0.06,0.0,30.5,49.0,18.8,1000.6,18.7,-6.847606917325106,2.224922359499621
2018-12-28 16:00:00,0.44,0.42,0.21,0.0,29.9,53.0,19.4,1000.9,18.7,-8.306962106085987,2.2258437878816792
2018-12-28 17:00:00,0.38,0.13,0.05,0.0,28.1,64.0,20.7,1001.7,19.1,-6.874724795220204,6.410784584587485
2018-12-28 18:00:00,0.06,0.02,0.05,0.0,26.4,74.0,21.5,1002.3,16.9,-5.727564927611035,5.727564927611034
2018-12-28 19:00:00,0.06,0.01,0.06,0.0,25.4,82.0,22.1,1003.2,14.8,-5.043268823083022,3.9402334420842133
2018-12-28 20:00:00,0.08,0.01,0.07,0.0,24.9,86.0,22.4,1003.9,11.9,-6.092338390726596,3.2393537832226476
2018-12-28 21:00:00,0.1,0.04,0.09,0.0,24.5,85.0,21.8,1004.2,12.2,-6.858073366652385,1.837615220227898
2018-12-28 22:00:00,0.17,0.16,0.06,0.0,24.1,83.0,21.0,1004.6,12.2,-6.0916401620029,0.3192493330819574
2018-12-28 23:00:00,0.37,0.1,0.35,0.0,23.3,89.0,21.4,1004.7,10.4,-5.043268823083022,-3.9402334420842133
2018-12-29 00:00:00,0.34,0.28,0.32,0.0,23.4,87.0,21.1,1004.7,7.2,1.050657780874822,-3.233592155403522
2018-12-29 01:00:00,0.42,0.34,0.29,0.0,23.0,89.0,21.1,1004.3,7.9,2.181643291108516,-3.9357886821272814
2018-12-29 02:00:00,0.43,0.37,0.28,0.0,22.8,90.0,21.0,1003.9,7.9,1.8364363038995872,-4.326372811226469
2018-12-29 03:00:00,0.45,0.3,0.39,0.0,22.6,90.0,21.0,1003.4,7.9,1.0886485301985054,-4.366330768241984
2018-12-29 04:00:00,0.46,0.13,0.45,0.0,22.7,90.0,21.0,1003.6,8.6,1.0811407922523513,-5.086367523815789
2018-12-29 05:00:00,0.44,0.26,0.22,0.0,22.6,93.0,21.4,1004.3,10.1,0.688311646177017,-4.345828698618606
2018-12-29 06:00:00,0.39,0.26,0.35,0.0,22.6,94.0,21.6,1005.3,11.2,1.8364363038995872,-4.326372811226469
2018-12-29 07:00:00,0.22,0.12,0.18,0.0,23.5,90.0,21.9,1006.3,12.2,2.4881992827652213,-4.679622242152313
2018-12-29 08:00:00,0.39,0.34,0.19,0.0,24.9,84.0,22.0,1007.1,16.6,-0.6794350112397476,-6.4643923198937765
2018-12-29 09:00:00,0.32,0.29,0.19,0.0,26.1,80.0,22.5,1007.4,20.9,-0.7233926648055629,-8.268415994161488
2018-12-29 10:00:00,0.64,0.62,0.22,0.0,27.4,76.0,22.8,1006.9,21.6,-1.7902220274375413,-7.180188374442374
2018-12-29 11:00:00,0.97,0.83,0.95,0.0,28.5,68.0,22.0,1005.9,27.4,-2.872969203935617,-7.8934180146016315
2018-12-29 12:00:00,0.57,0.53,0.23,0.0,28.6,65.0,21.4,1004.7,25.9,-7.951649632608118,-7.159697488039782
2018-12-29 13:00:00,0.36,0.21,0.35,0.0,28.4,64.0,21.0,1003.7,28.8,-8.625263508510763,-6.4996022500421216
2018-12-29 14:00:00,0.48,0.43,0.39,0.0,28.7,60.0,20.2,1002.9,28.4,-13.292636107886192,-4.063966695646041
2018-12-29 15:00:00,0.36,0.22,0.35,0.0,27.3,70.0,21.3,1002.7,32.0,-13.34900895442939,1.1678869528186204
2018-12-29 16:00:00,0.42,0.2,0.4,0.0,27.7,64.0,20.1,1003.2,27.7,-14.034420760699456,-4.024305394928188
2018-12-29 17:00:00,0.43,0.03,0.77,0.0,25.4,81.0,21.8,1003.8,28.8,-7.523858047687012,-5.46640284632
2018-12-29 18:00:00,0.3,0.19,0.27,0.0,25.1,81.0,21.7,1004.5,17.3,-5.7340643100229425,-4.015035054457322
2018-12-29 19:00:00,0.51,0.28,0.5,0.0,24.5,84.0,21.7,1005.2,11.2,-2.8772616073430903,-3.195522749552795
2018-12-29 20:00:00,0.91,0.2,0.91,0.0,24.5,84.0,21.6,1006.0,9.0,-3.5996106142446194,-4.289848881466277
2018-12-29 21:00:00,1.0,0.17,1.0,0.0,24.4,83.0,21.3,1006.7,11.2,-4.981083229470295,-4.329989591337347
2018-12-29 22:00:00,1.0,0.2,1.0,0.0,24.2,83.0,21.1,1006.6,13.3,-5.777694242791447,-5.387787044493738
2018-12-29 23:00:00,1.0,0.18,1.0,0.0,24.0,85.0,21.2,1006.8,13.3,-4.702282018339785,-6.47213595499958
2018-12-30 00:00:00,0.98,0.13,0.98,0.0,23.8,85.0,21.1,1006.3,15.8,-4.033014550459512,-8.268905225952336
2018-12-30 01:00:00,1.0,0.08,1.0,0.0,23.8,86.0,21.2,1005.9,16.6,-2.9047597471245057,-8.939931253174443
2018-12-30 02:00:00,1.0,0.19,1.0,0.0,23.6,85.0,20.9,1005.3,16.6,-3.2833933759264196,-9.02104915954472
2018-12-30 03:00:00,1.0,0.19,1.0,0.0,23.5,84.0,20.6,1005.6,19.1,-4.691062705321763,-10.060016436106814
2018-12-30 04:00:00,1.0,0.27,1.0,0.0,23.2,85.0,20.6,1005.9,19.4,-4.734408385322037,-9.706975700031006
2018-12-30 05:00:00,0.97,0.35,0.47,0.0,22.9,88.0,20.9,1006.3,19.8,-2.2246550917500247,-10.46617932785172
2018-12-30 06:00:00,0.5,0.4,0.42,0.0,22.8,88.0,20.6,1007.2,20.5,-2.5159877142365445,-10.091075553270363
2018-12-30 07:00:00,0.42,0.32,0.35,0.0,23.1,86.0,20.8,1008.1,21.6,-2.5634274090980926,-8.939733772226367
2018-12-30 08:00:00,0.16,0.12,0.1,0.0,24.4,83.0,21.2,1009.0,27.0,-1.4136843834997106,-11.513535359039334
2018-12-30 09:00:00,0.25,0.23,0.15,0.0,25.9,77.0,21.5,1009.0,33.1,-3.1449846427956807,-12.613844441587954
2018-12-30 10:00:00,0.2,0.15,0.18,0.0,26.9,74.0,21.8,1008.5,37.8,-4.981314498679674,-12.976767928311105
2018-12-30 11:00:00,0.78,0.76,0.22,0.0,27.8,71.0,22.1,1007.9,40.7,-5.124881702755083,-11.510672766296771
2018-12-30 12:00:00,1.0,0.97,1.0,0.0,28.4,65.0,21.1,1006.6,41.4,-6.54492987332555,-11.807366046381842
2018-12-30 13:00:00,0.43,0.13,0.42,0.0,27.5,71.0,21.6,1005.6,36.4,-7.224447052773572,-7.4811339235219725
2018-12-30 14:00:00,0.58,0.19,0.57,0.0,28.4,66.0,21.5,1004.6,38.2,-8.66137917279373,-9.288192010563463
2018-12-30 15:00:00,0.33,0.08,0.31,0.0,28.2,66.0,21.4,1004.7,37.8,-7.9062875991444335,-9.42234665036343
2018-12-30 16:00:00,0.38,0.17,0.34,0.0,27.8,67.0,21.1,1005.0,27.0,-9.063305296580204,-10.80122664797759
2018-12-30 17:00:00,0.41,0.02,0.17,0.0,27.5,61.0,19.4,1004.9,27.4,-10.081199072728626,-3.275580140374443
2018-12-30 18:00:00,0.13,0.07,0.13,0.0,25.7,68.0,19.5,1005.4,19.1,-7.969557584733964,0.6972459419812659
2018-12-30 19:00:00,0.19,0.1,0.18,0.0,25.1,71.0,19.5,1006.4,16.9,-10.04467114321956,1.055737479003301
2018-12-30 20:00:00,0.11,0.04,0.1,0.0,24.6,73.0,19.4,1007.5,17.6,-8.691657397237213,-1.3766232923540322
2018-12-30 21:00:00,0.14,0.13,0.05,0.0,23.6,78.0,19.5,1007.8,15.1,-5.421022142882375,-1.7613968679372005
2018-12-30 22:00:00,0.12,0.07,0.12,0.0,23.4,80.0,19.6,1008.3,11.9,-6.8476069173251055,-2.224922359499622
2018-12-30 23:00:00,0.18,0.06,0.17,0.0,23.0,82.0,19.8,1008.2,15.8,-7.8859391664594325,-4.738350289172498
2018-12-31 00:00:00,0.21,0.04,0.21,0.0,22.6,84.0,19.8,1008.0,16.6,-6.042203531053469,-7.200817765318393
2018-12-31 01:00:00,0.19,0.02,0.19,0.0,22.2,85.0,19.7,1007.6,16.6,-2.510544737494451,-9.369480515003962
2018-12-31 02:00:00,0.22,0.08,0.2,0.0,21.9,87.0,19.6,1007.0,16.9,-0.6557108531947778,-9.377102072442348
2018-12-31 03:00:00,0.11,0.1,0.08,0.0,21.5,89.0,19.6,1006.6,16.6,1.4861274178821957,-9.383039235653808
2018-12-31 04:00:00,0.17,0.16,0.02,0.0,21.1,91.0,19.6,1007.1,16.2,1.1090110249868397,-9.03216997993603
2018-12-31 05:00:00,0.25,0.11,0.03,0.0,21.2,91.0,19.6,1007.3,17.3,-0.7233926648055629,-8.268415994161488
2018-12-31 06:00:00,0.25,0.24,0.03,0.0,21.7,88.0,19.6,1008.2,16.2,-0.7844016847289235,-8.96575228282571
2018-12-31 07:00:00,0.87,0.87,0.02,0.0,22.9,82.0,19.6,1008.8,18.7,-0.6766377953180154,-9.676371287520293
2018-12-31 08:00:00,0.57,0.57,0.01,0.0,24.2,76.0,19.8,1009.6,25.9,-1.3588700224794952,-12.928784639787553
2018-12-31 09:00:00,1.0,1.0,0.01,0.0,26.0,66.0,19.2,1009.8,41.0,-10.132521063148443,-18.27955187921337
2018-12-31 10:00:00,0.77,0.77,0.01,0.0,26.8,62.0,18.9,1009.7,41.4,-10.511533375790023,-16.186341961346685
2018-12-31 11:00:00,0.61,0.61,0.01,0.0,27.8,58.0,18.6,1008.8,38.5,-10.177310843167593,-15.088483820501759
2018-12-31 12:00:00,0.6,0.6,0.17,0.0,28.5,54.0,18.4,1007.9,37.1,-9.2826021976144,-13.762023704413695
2018-12-31 13:00:00,0.61,0.6,0.29,0.0,28.9,52.0,18.0,1006.7,34.9,-8.640443208699354,-11.892549817311727
2018-12-31 14:00:00,0.69,0.59,0.67,0.0,29.0,52.0,18.0,1005.8,31.3,-8.680826802091781,-11.110951625854778
2018-12-31 15:00:00,0.79,0.78,0.54,0.0,28.7,53.0,18.2,1005.8,29.9,-7.516018683207374,-11.573653837646852
2018-12-31 16:00:00,0.83,0.55,0.82,0.0,28.6,53.0,18.0,1006.1,28.8,-9.00237835282498,-9.65386886137305
2018-12-31 17:00:00,0.27,0.61,0.0,0.0,27.6,57.0,18.2,1006.1,26.3,-5.412017391981862,-5.046787864462489
2018-12-31 18:00:00,0.1,0.1,0.0,0.0,25.9,65.0,18.9,1006.7,15.1,-9.694091022085228,-0.33852511801426044
2018-12-31 19:00:00,0.01,0.01,0.01,0.0,24.5,75.0,19.8,1007.6,24.5,-13.691654330161612,-0.4781231048242648
2018-12-31 20:00:00,0.25,0.24,0.1,0.0,23.8,79.0,19.9,1008.3,24.5,-12.605539238556263,-2.2226966741367096
2018-12-31 21:00:00,0.23,0.23,0.05,0.0,23.5,79.0,19.6,1008.9,22.7,-11.1506356728845,-3.19739332747719
2018-12-31 22:00:00,0.22,0.21,0.09,0.0,23.0,81.0,19.5,1009.1,20.5,-7.212566884330647,-4.683895701129233
2018-12-31 23:00:00,0.17,0.12,0.16,0.0,22.5,82.0,19.3,1009.1,14.8,-4.015035054457322,-5.7340643100229425
